date,symbol,shares,close,market_value,entry_date,bars_held
2016-04-17,HRHO,11787.0,4.51,53159.369999999995,2016-04-17,0
2016-04-18,HRHO,11787.0,4.57,53866.590000000004,2016-04-17,1
2016-04-18,EGCH,16157.0,3.23,52187.11,2016-04-18,0
2016-04-18,PHDC,19948.0,2.63,52463.24,2016-04-18,0
2016-04-19,HRHO,11787.0,4.7,55398.9,2016-04-17,2
2016-04-19,EGCH,16157.0,3.33,53802.81,2016-04-18,1
2016-04-19,PHDC,19948.0,2.66,53061.68,2016-04-18,1
2016-04-20,HRHO,11787.0,4.58,53984.46,2016-04-17,3
2016-04-20,EGCH,16157.0,3.28,52994.96,2016-04-18,2
2016-04-20,PHDC,19948.0,2.59,51665.32,2016-04-18,2
2016-04-21,HRHO,11787.0,4.48,52805.76,2016-04-17,4
2016-04-21,EGCH,16157.0,3.25,52510.25,2016-04-18,3
2016-04-21,PHDC,19948.0,2.54,50667.92,2016-04-18,3
2016-04-26,HRHO,11787.0,4.54,53512.98,2016-04-17,5
2016-04-26,EGCH,16157.0,3.23,52187.11,2016-04-18,4
2016-04-26,PHDC,19948.0,2.53,50468.439999999995,2016-04-18,4
2016-04-27,HRHO,11787.0,4.57,53866.590000000004,2016-04-17,6
2016-04-27,EGCH,16157.0,3.2,51702.4,2016-04-18,5
2016-04-27,PHDC,19948.0,2.49,49670.520000000004,2016-04-18,5
2016-04-28,HRHO,11787.0,4.48,52805.76,2016-04-17,7
2016-04-28,EGCH,16157.0,3.12,50409.840000000004,2016-04-18,6
2016-04-28,PHDC,19948.0,2.46,49072.08,2016-04-18,6
2016-05-03,HRHO,11787.0,4.32,50919.840000000004,2016-04-17,8
2016-05-03,EGCH,16157.0,3.04,49117.28,2016-04-18,7
2016-05-03,PHDC,19948.0,2.34,46678.32,2016-04-18,7
2016-05-05,HRHO,11787.0,4.48,52805.76,2016-04-17,9
2016-05-05,EGCH,16157.0,3.08,49763.56,2016-04-18,8
2016-05-09,HRHO,11787.0,4.54,53512.98,2016-04-17,10
2016-05-09,EGCH,16157.0,3.12,50409.840000000004,2016-04-18,9
2016-05-10,HRHO,11787.0,4.45,52452.15,2016-04-17,11
2016-05-10,EGCH,16157.0,3.08,49763.56,2016-04-18,10
2016-05-10,ETEL,6565.0,8.02,52651.299999999996,2016-05-10,0
2016-05-12,HRHO,11787.0,4.46,52570.02,2016-04-17,12
2016-05-12,EGCH,16157.0,3.05,49278.85,2016-04-18,11
2016-05-12,ETEL,6565.0,7.93,52060.45,2016-05-10,1
2016-05-17,HRHO,11787.0,4.66,54927.42,2016-04-17,13
2016-05-17,ETEL,6565.0,7.97,52323.049999999996,2016-05-10,2
2016-05-19,HRHO,11787.0,4.66,54927.42,2016-04-17,14
2016-05-19,ETEL,6565.0,7.94,52126.100000000006,2016-05-10,3
2016-05-26,HRHO,11787.0,4.91,57874.17,2016-04-17,15
2016-05-26,ETEL,6565.0,8.33,54686.45,2016-05-10,4
2016-05-29,HRHO,11787.0,4.89,57638.42999999999,2016-04-17,16
2016-05-29,ETEL,6565.0,8.39,55080.350000000006,2016-05-10,5
2016-06-01,HRHO,11787.0,5.12,60349.44,2016-04-17,17
2016-06-01,ETEL,6565.0,9.07,59544.55,2016-05-10,6
2016-06-02,ETEL,6565.0,9.15,60069.75,2016-05-10,7
2016-06-02,COMI,3270.0,17.16,56113.2,2016-06-02,0
2016-06-05,ETEL,6565.0,9.06,59478.9,2016-05-10,8
2016-06-05,COMI,3270.0,17.06,55786.2,2016-06-02,1
2016-06-06,ETEL,6565.0,9.04,59347.59999999999,2016-05-10,9
2016-06-06,COMI,3270.0,17.42,56963.40000000001,2016-06-02,2
2016-06-07,ETEL,6565.0,9.06,59478.9,2016-05-10,10
2016-06-07,COMI,3270.0,17.55,57388.5,2016-06-02,3
2016-06-08,ETEL,6565.0,9.32,61185.8,2016-05-10,11
2016-06-08,COMI,3270.0,17.57,57453.9,2016-06-02,4
2016-06-08,HELI,13579.0,4.2,57031.8,2016-06-08,0
2016-06-13,ETEL,6565.0,9.56,62761.4,2016-05-10,12
2016-06-13,COMI,3270.0,17.32,56636.4,2016-06-02,5
2016-06-13,HELI,13579.0,4.08,55402.32,2016-06-08,1
2016-06-13,EGCH,18616.0,3.0,55848.0,2016-06-13,0
2016-07-10,COMI,3270.0,17.02,55655.4,2016-06-02,6
2016-07-10,HELI,13579.0,4.19,56896.01,2016-06-08,2
2016-07-10,EGCH,18616.0,2.85,53055.6,2016-06-13,1
2016-07-17,HELI,13579.0,4.23,57439.170000000006,2016-06-08,3
2016-07-17,HRHO,10692.0,5.31,56774.52,2016-07-17,0
2016-07-17,ETEL,6247.0,9.38,58596.86000000001,2016-07-17,0
2016-07-17,COMI,3351.0,17.02,57034.02,2016-07-17,0
2016-07-18,HELI,13579.0,4.2,57031.8,2016-06-08,4
2016-07-18,HRHO,10692.0,5.31,56774.52,2016-07-17,1
2016-07-18,ETEL,6247.0,9.47,59159.090000000004,2016-07-17,1
2016-07-18,COMI,3351.0,17.19,57603.69,2016-07-17,1
2016-07-19,HELI,13579.0,4.16,56488.64,2016-06-08,5
2016-07-19,HRHO,10692.0,5.26,56239.92,2016-07-17,2
2016-07-19,ETEL,6247.0,9.45,59034.149999999994,2016-07-17,2
2016-07-19,COMI,3351.0,17.16,57503.16,2016-07-17,2
2016-07-24,HELI,13579.0,4.29,58253.91,2016-06-08,6
2016-07-24,HRHO,10692.0,5.18,55384.56,2016-07-17,3
2016-07-24,ETEL,6247.0,9.01,56285.47,2016-07-17,3
2016-07-24,COMI,3351.0,16.92,56698.920000000006,2016-07-17,3
2016-07-26,HELI,13579.0,4.31,58525.49,2016-06-08,7
2016-07-26,HRHO,10692.0,5.28,56453.76,2016-07-17,4
2016-07-26,ETEL,6247.0,8.87,55410.88999999999,2016-07-17,4
2016-07-26,COMI,3351.0,17.18,57570.18,2016-07-17,4
2016-07-27,HELI,13579.0,4.47,60698.13,2016-06-08,8
2016-07-27,HRHO,10692.0,5.75,61479.0,2016-07-17,5
2016-07-27,ETEL,6247.0,9.07,56660.29,2016-07-17,5
2016-07-27,COMI,3351.0,18.16,60854.16,2016-07-17,5
2016-07-28,HELI,13579.0,4.49,60969.71000000001,2016-06-08,9
2016-07-28,HRHO,10692.0,5.74,61372.08,2016-07-17,6
2016-07-28,ETEL,6247.0,9.13,57035.11000000001,2016-07-17,6
2016-07-28,COMI,3351.0,18.96,63534.96000000001,2016-07-17,6
2016-08-02,HELI,13579.0,4.58,62191.82,2016-06-08,10
2016-08-02,HRHO,10692.0,5.78,61799.76,2016-07-17,7
2016-08-02,ETEL,6247.0,9.16,57222.520000000004,2016-07-17,7
2016-08-03,HRHO,10692.0,5.83,62334.36,2016-07-17,8
2016-08-03,ETEL,6247.0,9.22,57597.340000000004,2016-07-17,8
2016-08-04,HRHO,10692.0,5.99,64045.08,2016-07-17,9
2016-08-04,ETEL,6247.0,9.26,57847.22,2016-07-17,9
2016-08-07,HRHO,10692.0,5.97,63831.24,2016-07-17,10
2016-08-07,ETEL,6247.0,9.18,57347.46,2016-07-17,10
2016-08-08,HRHO,10692.0,6.03,64472.76,2016-07-17,11
2016-08-08,ETEL,6247.0,9.28,57972.159999999996,2016-07-17,11
2016-08-10,HRHO,10692.0,5.9,63082.8,2016-07-17,12
2016-08-10,ETEL,6247.0,9.53,59533.909999999996,2016-07-17,12
2016-08-11,HRHO,10692.0,5.82,62227.44,2016-07-17,13
2016-08-11,ETEL,6247.0,9.55,59658.850000000006,2016-07-17,13
2016-08-14,HRHO,10692.0,5.82,62227.44,2016-07-17,14
2016-08-14,ETEL,6247.0,9.5,59346.5,2016-07-17,14
2016-08-15,HRHO,10692.0,5.83,62334.36,2016-07-17,15
2016-08-15,ETEL,6247.0,9.53,59533.909999999996,2016-07-17,15
2016-08-16,HRHO,10692.0,5.74,61372.08,2016-07-17,16
2016-08-16,ETEL,6247.0,9.48,59221.560000000005,2016-07-17,16
2016-08-18,HRHO,10692.0,5.62,60089.04,2016-07-17,17
2016-08-18,ETEL,6247.0,9.56,59721.32,2016-07-17,17
2016-08-21,ETEL,6247.0,9.86,61595.42,2016-07-17,18
2016-08-25,ETEL,6247.0,9.83,61408.01,2016-07-17,19
2016-09-01,ETEL,6247.0,10.02,62594.939999999995,2016-07-17,20
2016-09-04,HRHO,11493.0,5.76,66199.68,2016-09-04,0
2016-09-05,HRHO,11493.0,5.78,66429.54000000001,2016-09-04,1
2016-09-05,COMI,3291.0,19.75,64997.25,2016-09-05,0
2016-09-05,HELI,13977.0,4.67,65272.59,2016-09-05,0
2016-09-07,HRHO,11493.0,5.54,63671.22,2016-09-04,2
2016-09-07,COMI,3291.0,19.65,64668.149999999994,2016-09-05,1
2016-09-07,HELI,13977.0,4.55,63595.35,2016-09-05,1
2016-09-08,HRHO,11493.0,5.49,63096.57,2016-09-04,3
2016-09-08,COMI,3291.0,19.8,65161.8,2016-09-05,2
2016-09-08,HELI,13977.0,4.51,63036.27,2016-09-05,2
2016-09-18,HRHO,11493.0,5.44,62521.920000000006,2016-09-04,4
2016-09-18,COMI,3291.0,19.12,62923.920000000006,2016-09-05,3
2016-09-18,HELI,13977.0,4.31,60240.869999999995,2016-09-05,3
2016-09-20,HRHO,11493.0,5.54,63671.22,2016-09-04,5
2016-09-20,COMI,3291.0,19.44,63977.04,2016-09-05,4
2016-09-25,HRHO,11493.0,5.46,62751.78,2016-09-04,6
2016-09-25,COMI,3291.0,19.24,63318.84,2016-09-05,5
2016-10-03,COMI,3291.0,19.75,64997.25,2016-09-05,6
2016-10-04,COMI,3291.0,20.05,65984.55,2016-09-05,7
2016-10-04,HRHO,11361.0,5.95,67597.95,2016-10-04,0
2016-10-05,COMI,3291.0,20.71,68156.61,2016-09-05,8
2016-10-05,HRHO,11361.0,6.11,69415.71,2016-10-04,1
2016-10-09,COMI,3291.0,21.11,69473.01,2016-09-05,9
2016-10-09,HRHO,11361.0,6.18,70210.98,2016-10-04,2
2016-10-11,COMI,3291.0,20.83,68551.53,2016-09-05,10
2016-10-11,HRHO,11361.0,5.98,67938.78,2016-10-04,3
2016-10-12,COMI,3291.0,20.45,67300.95,2016-09-05,11
2016-10-12,HRHO,11361.0,6.02,68393.22,2016-10-04,4
2016-10-13,COMI,3291.0,21.24,69900.84,2016-09-05,12
2016-10-13,HRHO,11361.0,6.32,71801.52,2016-10-04,5
2016-10-16,COMI,3291.0,20.97,69012.26999999999,2016-09-05,13
2016-10-17,COMI,3291.0,20.59,67761.69,2016-09-05,14
2016-10-17,HELI,15183.0,4.37,66349.71,2016-10-17,0
2016-10-18,COMI,3291.0,20.75,68288.25,2016-09-05,15
2016-10-18,HELI,15183.0,4.38,66501.54,2016-10-17,1
2016-10-23,COMI,3291.0,20.75,68288.25,2016-09-05,16
2016-10-23,HELI,15183.0,4.78,72574.74,2016-10-17,2
2016-10-24,COMI,3291.0,20.67,68024.97,2016-09-05,17
2016-10-24,HELI,15183.0,4.77,72422.90999999999,2016-10-17,3
2016-10-26,COMI,3291.0,20.54,67597.14,2016-09-05,18
2016-10-26,HELI,15183.0,4.76,72271.08,2016-10-17,4
2016-10-27,COMI,3291.0,20.69,68090.79000000001,2016-09-05,19
2016-10-27,HELI,15183.0,4.84,73485.72,2016-10-17,5
2016-11-02,COMI,3291.0,20.81,68485.70999999999,2016-09-05,20
2016-11-02,HELI,15183.0,4.84,73485.72,2016-10-17,6
2016-11-03,HELI,15183.0,4.92,74700.36,2016-10-17,7
2016-11-08,EAST,20032.0,3.95,79126.40000000001,2016-11-08,0
2016-11-09,EAST,18591.0,4.31,80127.20999999999,2016-11-09,0
2016-11-10,EAST,18591.0,4.74,88121.34000000001,2016-11-09,1
2016-11-13,EAST,16093.0,4.71,75798.03,2016-11-13,0
2016-11-14,EAST,16093.0,4.64,74671.51999999999,2016-11-13,1
2016-11-14,RAYA,693508.0,0.11,76285.88,2016-11-14,0
2016-11-15,EAST,16093.0,4.54,73062.22,2016-11-13,2
2016-11-15,RAYA,693508.0,0.11,76285.88,2016-11-14,1
2016-11-16,EAST,16093.0,4.54,73062.22,2016-11-13,3
2016-11-16,RAYA,693508.0,0.12,83220.95999999999,2016-11-14,2
2016-11-17,EAST,16093.0,4.62,74349.66,2016-11-13,4
2016-11-17,RAYA,693508.0,0.12,83220.95999999999,2016-11-14,3
2016-11-20,EAST,16093.0,4.62,74349.66,2016-11-13,5
2016-11-20,RAYA,693508.0,0.12,83220.95999999999,2016-11-14,4
2016-11-21,EAST,16093.0,4.69,75476.17000000001,2016-11-13,6
2016-11-21,RAYA,693508.0,0.12,83220.95999999999,2016-11-14,5
2016-11-22,EAST,16093.0,4.72,75958.95999999999,2016-11-13,7
2016-11-22,RAYA,693508.0,0.12,83220.95999999999,2016-11-14,6
2016-11-23,EAST,16093.0,4.76,76602.68,2016-11-13,8
2016-11-23,RAYA,693508.0,0.12,83220.95999999999,2016-11-14,7
2016-11-28,EAST,16093.0,4.76,76602.68,2016-11-13,9
2016-11-28,RAYA,693508.0,0.12,83220.95999999999,2016-11-14,8
2016-11-29,EAST,16093.0,4.76,76602.68,2016-11-13,10
2016-12-01,EAST,16093.0,4.76,76602.68,2016-11-13,11
2016-12-05,EAST,16093.0,4.65,74832.45000000001,2016-11-13,12
2016-12-06,EAST,16093.0,4.71,75798.03,2016-11-13,13
2016-12-07,EAST,16093.0,4.65,74832.45000000001,2016-11-13,14
2016-12-13,EAST,16093.0,4.6,74027.79999999999,2016-11-13,15
2016-12-15,EAST,16093.0,4.62,74349.66,2016-11-13,16
2016-12-19,HRHO,8940.0,9.51,85019.4,2016-12-19,0
2016-12-20,HRHO,8940.0,9.78,87433.2,2016-12-19,1
2016-12-20,COMI,2874.0,28.32,81391.68000000001,2016-12-20,0
2016-12-21,HRHO,8940.0,10.38,92797.20000000001,2016-12-19,2
2016-12-21,COMI,2874.0,28.66,82368.84,2016-12-20,1
2016-12-22,COMI,2874.0,28.66,82368.84,2016-12-20,2
2016-12-22,HRHO,7941.0,10.82,85921.62,2016-12-22,0
2016-12-28,COMI,2874.0,28.59,82167.66,2016-12-20,3
2016-12-28,HRHO,7941.0,10.85,86159.84999999999,2016-12-22,1
2016-12-29,COMI,2874.0,29.14,83748.36,2016-12-20,4
2016-12-29,HRHO,7941.0,11.34,90050.94,2016-12-22,2
2017-01-02,COMI,2874.0,28.7,82483.8,2016-12-20,5
2017-01-02,HRHO,7941.0,11.54,91639.14,2016-12-22,3
2017-01-03,COMI,2874.0,28.99,83317.26,2016-12-20,6
2017-01-03,HRHO,7941.0,11.46,91003.86,2016-12-22,4
2017-01-04,COMI,2874.0,29.24,84035.76,2016-12-20,7
2017-01-04,HRHO,7941.0,11.74,93227.34,2016-12-22,5
2017-01-05,COMI,2874.0,29.44,84610.56,2016-12-20,8
2017-01-05,HRHO,7941.0,12.5,99262.5,2016-12-22,6
2017-01-08,COMI,2874.0,29.6,85070.40000000001,2016-12-20,9
2017-01-09,COMI,2874.0,29.45,84639.3,2016-12-20,10
2017-01-10,COMI,2874.0,30.28,87024.72,2016-12-20,11
2017-01-29,JUFO,13981.0,6.25,87381.25,2017-01-29,0
2017-01-31,JUFO,13981.0,6.01,84025.81,2017-01-29,1
2017-02-07,JUFO,13981.0,7.17,100243.77,2017-01-29,2
2017-02-09,JUFO,13981.0,8.03,112267.43,2017-01-29,3
2017-02-21,ADIB,16986.0,5.43,92233.98,2017-02-21,0
2017-02-23,ADIB,16986.0,5.1,86628.59999999999,2017-02-21,1
2017-02-23,VLMR,92596.0,1.0,92596.0,2017-02-23,0
2017-03-01,ADIB,16986.0,4.77,81023.21999999999,2017-02-21,2
2017-03-01,VLMR,92596.0,0.98,90744.08,2017-02-23,1
2017-03-06,VLMR,92596.0,1.0,92596.0,2017-02-23,2
2017-03-07,VLMR,92596.0,1.0,92596.0,2017-02-23,3
2017-03-07,ORWE,8067.0,12.04,97126.68,2017-03-07,0
2017-03-07,HELI,9969.0,9.61,95802.09,2017-03-07,0
2017-03-07,HRHO,8657.0,11.19,96871.83,2017-03-07,0
2017-03-07,JUFO,12511.0,7.36,92080.96,2017-03-07,0
2017-03-09,VLMR,92596.0,0.98,90744.08,2017-02-23,4
2017-03-09,ORWE,8067.0,12.35,99627.45,2017-03-07,1
2017-03-09,HELI,9969.0,9.58,95503.02,2017-03-07,1
2017-03-09,HRHO,8657.0,11.43,98949.51,2017-03-07,1
2017-03-09,JUFO,12511.0,7.52,94082.72,2017-03-07,1
2017-03-12,VLMR,92596.0,0.98,90744.08,2017-02-23,5
2017-03-12,ORWE,8067.0,12.01,96884.67,2017-03-07,2
2017-03-12,HELI,9969.0,9.59,95602.70999999999,2017-03-07,2
2017-03-12,HRHO,8657.0,11.42,98862.94,2017-03-07,2
2017-03-12,JUFO,12511.0,7.04,88077.44,2017-03-07,2
2017-03-19,VLMR,92596.0,1.05,97225.8,2017-02-23,6
2017-03-19,ORWE,8067.0,12.62,101805.54,2017-03-07,3
2017-03-19,HELI,9969.0,10.35,103179.15,2017-03-07,3
2017-03-19,HRHO,8657.0,11.58,100248.06,2017-03-07,3
2017-03-19,JUFO,12511.0,7.47,93457.17,2017-03-07,3
2017-03-20,VLMR,92596.0,1.02,94447.92,2017-02-23,7
2017-03-20,ORWE,8067.0,12.14,97933.38,2017-03-07,4
2017-03-20,HELI,9969.0,10.13,100985.97,2017-03-07,4
2017-03-20,HRHO,8657.0,11.61,100507.76999999999,2017-03-07,4
2017-03-20,JUFO,12511.0,7.3,91330.3,2017-03-07,4
2017-03-21,VLMR,92596.0,1.03,95373.88,2017-02-23,8
2017-03-21,ORWE,8067.0,12.58,101482.86,2017-03-07,5
2017-03-21,HELI,9969.0,10.04,100088.76,2017-03-07,5
2017-03-21,HRHO,8657.0,11.39,98603.23000000001,2017-03-07,5
2017-03-21,JUFO,12511.0,7.83,97961.13,2017-03-07,5
2017-03-22,VLMR,92596.0,1.03,95373.88,2017-02-23,9
2017-03-22,ORWE,8067.0,12.45,100434.15,2017-03-07,6
2017-03-22,HELI,9969.0,9.99,99590.31,2017-03-07,6
2017-03-22,HRHO,8657.0,11.34,98170.38,2017-03-07,6
2017-03-22,JUFO,12511.0,8.08,101088.88,2017-03-07,6
2017-03-23,VLMR,92596.0,1.02,94447.92,2017-02-23,10
2017-03-23,ORWE,8067.0,12.65,102047.55,2017-03-07,7
2017-03-23,HELI,9969.0,9.97,99390.93000000001,2017-03-07,7
2017-03-23,HRHO,8657.0,11.74,101633.18000000001,2017-03-07,7
2017-03-23,JUFO,12511.0,8.11,101464.20999999999,2017-03-07,7
2017-03-26,VLMR,92596.0,1.03,95373.88,2017-02-23,11
2017-03-26,ORWE,8067.0,12.83,103499.61,2017-03-07,8
2017-03-26,HELI,9969.0,10.05,100188.45000000001,2017-03-07,8
2017-03-26,HRHO,8657.0,11.84,102498.88,2017-03-07,8
2017-03-26,JUFO,12511.0,8.09,101213.99,2017-03-07,8
2017-03-28,VLMR,92596.0,1.03,95373.88,2017-02-23,12
2017-03-28,ORWE,8067.0,12.19,98336.73,2017-03-07,9
2017-03-28,HELI,9969.0,9.83,97995.27,2017-03-07,9
2017-03-28,HRHO,8657.0,11.78,101979.45999999999,2017-03-07,9
2017-03-28,JUFO,12511.0,8.15,101964.65000000001,2017-03-07,9
2017-04-05,VLMR,92596.0,1.03,95373.88,2017-02-23,13
2017-04-05,ORWE,8067.0,12.95,104467.65,2017-03-07,10
2017-04-05,HELI,9969.0,9.72,96898.68000000001,2017-03-07,10
2017-04-05,HRHO,8657.0,11.55,99988.35,2017-03-07,10
2017-04-05,JUFO,12511.0,8.78,109846.57999999999,2017-03-07,10
2017-04-06,VLMR,92596.0,1.03,95373.88,2017-02-23,14
2017-04-06,ORWE,8067.0,12.85,103660.95,2017-03-07,11
2017-04-06,HELI,9969.0,9.55,95203.95000000001,2017-03-07,11
2017-04-06,HRHO,8657.0,11.23,97218.11,2017-03-07,11
2017-04-06,JUFO,12511.0,8.62,107844.81999999999,2017-03-07,11
2017-04-09,VLMR,92596.0,1.02,94447.92,2017-02-23,15
2017-04-09,ORWE,8067.0,12.87,103822.29,2017-03-07,12
2017-04-09,HELI,9969.0,9.31,92811.39,2017-03-07,12
2017-04-09,HRHO,8657.0,11.02,95400.14,2017-03-07,12
2017-04-09,JUFO,12511.0,8.58,107344.38,2017-03-07,12
2017-04-10,VLMR,92596.0,1.03,95373.88,2017-02-23,16
2017-04-10,ORWE,8067.0,12.76,102934.92,2017-03-07,13
2017-04-10,JUFO,12511.0,8.53,106718.82999999999,2017-03-07,13
2017-04-12,VLMR,92596.0,0.98,90744.08,2017-02-23,17
2017-04-12,ORWE,8067.0,13.17,106242.39,2017-03-07,14
2017-04-12,JUFO,12511.0,8.53,106718.82999999999,2017-03-07,14
2017-04-13,ORWE,8067.0,13.16,106161.72,2017-03-07,15
2017-04-13,JUFO,12511.0,8.67,108470.37,2017-03-07,15
2017-05-02,ORWE,8067.0,12.3,99224.1,2017-03-07,16
2017-05-02,JUFO,12511.0,9.05,113224.55,2017-03-07,16
2017-05-07,ORWE,8067.0,12.66,102128.22,2017-03-07,17
2017-05-07,JUFO,12511.0,9.19,114976.09,2017-03-07,17
2017-05-07,EGAL,8600.0,12.65,108790.0,2017-05-07,0
2017-05-08,ORWE,8067.0,12.69,102370.23,2017-03-07,18
2017-05-08,JUFO,12511.0,9.24,115601.64,2017-03-07,18
2017-05-08,EGAL,8600.0,12.53,107758.0,2017-05-07,1
2017-05-09,ORWE,8067.0,12.65,102047.55,2017-03-07,19
2017-05-09,JUFO,12511.0,9.2,115101.2,2017-03-07,19
2017-05-09,EGAL,8600.0,12.37,106382.0,2017-05-07,2
2017-05-11,ORWE,8067.0,12.66,102128.22,2017-03-07,20
2017-05-11,JUFO,12511.0,8.99,112473.89,2017-03-07,20
2017-05-11,EGAL,8600.0,11.73,100878.0,2017-05-07,3
2017-05-16,EGAL,8600.0,11.56,99416.0,2017-05-07,4
2017-05-16,RAYA,333106.0,0.3,99931.8,2017-05-16,0
2017-05-24,EGAL,8600.0,11.76,101136.0,2017-05-07,5
2017-05-24,RAYA,333106.0,0.27,89938.62000000001,2017-05-16,1
2017-05-31,EGAL,8600.0,11.51,98986.0,2017-05-07,6
2017-05-31,ORWE,7812.0,12.53,97884.36,2017-05-31,0
2017-06-01,EGAL,8600.0,11.6,99760.0,2017-05-07,7
2017-06-01,ORWE,7812.0,12.53,97884.36,2017-05-31,1
2017-06-05,EGAL,8600.0,11.87,102082.0,2017-05-07,8
2017-06-05,ORWE,7812.0,12.51,97728.12,2017-05-31,2
2017-06-06,EGAL,8600.0,11.71,100706.00000000001,2017-05-07,9
2017-06-06,ORWE,7812.0,12.51,97728.12,2017-05-31,3
2017-06-08,EGAL,8600.0,11.69,100534.0,2017-05-07,10
2017-06-08,ORWE,7812.0,12.65,98821.8,2017-05-31,4
2017-06-21,EGAL,8600.0,12.13,104318.0,2017-05-07,11
2017-06-21,ORWE,7812.0,12.26,95775.12,2017-05-31,5
2017-06-21,ADIB,14250.0,7.02,100035.0,2017-06-21,0
2017-06-22,EGAL,8600.0,12.15,104490.0,2017-05-07,12
2017-06-22,ADIB,14250.0,6.94,98895.0,2017-06-21,1
2017-07-09,EGAL,8600.0,20.11,172946.0,2017-05-07,13
2017-07-10,COMI,3564.0,33.27,118574.28000000001,2017-07-10,0
2017-07-17,COMI,3564.0,35.24,125595.36,2017-07-10,1
2017-07-19,RAYA,379789.0,0.32,121532.48,2017-07-19,0
2017-07-19,ORAS,980.0,119.99,117590.2,2017-07-19,0
2017-07-30,RAYA,379789.0,0.31,117734.59,2017-07-19,1
2017-07-30,ORAS,980.0,119.92,117521.6,2017-07-19,1
2017-08-14,RAYA,379789.0,0.33,125330.37000000001,2017-07-19,2
2017-08-14,ORAS,980.0,110.07,107868.59999999999,2017-07-19,2
2017-08-14,ABUK,8491.0,14.06,119383.46,2017-08-14,0
2017-08-15,RAYA,379789.0,0.32,121532.48,2017-07-19,3
2017-08-21,RAYA,379789.0,0.27,102543.03000000001,2017-07-19,4
2017-08-30,EGAL,3608.0,32.87,118594.95999999999,2017-08-30,0
2017-09-07,EGAL,3608.0,31.95,115275.59999999999,2017-08-30,1
2017-09-07,COMI,3545.0,33.04,117126.8,2017-09-07,0
2017-09-12,EGAL,3608.0,35.65,128625.2,2017-08-30,2
2017-09-12,COMI,3545.0,32.71,115956.95,2017-09-07,1
2017-09-18,EGAL,3608.0,38.59,139232.72,2017-08-30,3
2017-09-18,COMI,3545.0,32.51,115247.95,2017-09-07,2
2017-09-19,EGAL,3608.0,40.15,144861.19999999998,2017-08-30,4
2017-09-19,COMI,3545.0,32.61,115602.45,2017-09-07,3
2017-09-26,COMI,3545.0,32.52,115283.40000000001,2017-09-07,4
2017-09-27,COMI,3545.0,32.4,114858.0,2017-09-07,5
2017-09-28,EAST,12982.0,9.89,128391.98000000001,2017-09-28,0
2017-10-02,EAST,12982.0,10.63,137998.66,2017-09-28,1
2017-10-09,COMI,4094.0,31.39,128510.66,2017-10-09,0
2017-11-09,JUFO,12988.0,10.08,130919.04000000001,2017-11-09,0
2017-11-14,ORHD,34478.0,3.81,131361.18,2017-11-14,0
2017-11-14,TMGH,13962.0,9.44,131801.28,2017-11-14,0
2017-11-22,ORHD,34478.0,3.95,136188.1,2017-11-14,1
2017-11-22,TMGH,13962.0,9.37,130823.93999999999,2017-11-14,1
2017-11-22,GBCO,42115.0,3.1,130556.5,2017-11-22,0
2017-11-22,ADIB,13454.0,9.87,132790.97999999998,2017-11-22,0
2017-11-22,VLMR,105122.0,1.28,134556.16,2017-11-22,0
2017-11-23,ORHD,34478.0,3.95,136188.1,2017-11-14,2
2017-11-23,TMGH,13962.0,9.51,132778.62,2017-11-14,2
2017-11-23,GBCO,42115.0,3.32,139821.8,2017-11-22,1
2017-11-23,ADIB,13454.0,10.15,136558.1,2017-11-22,1
2017-11-23,VLMR,105122.0,1.32,138761.04,2017-11-22,1
2017-11-28,ORHD,34478.0,3.78,130326.84,2017-11-14,3
2017-11-28,TMGH,13962.0,9.93,138642.66,2017-11-14,3
2017-11-28,GBCO,42115.0,4.02,169302.3,2017-11-22,2
2017-11-28,ADIB,13454.0,10.16,136692.64,2017-11-22,2
2017-11-28,VLMR,105122.0,1.31,137709.82,2017-11-22,2
2017-12-03,ORHD,34478.0,3.8,131016.4,2017-11-14,4
2017-12-03,TMGH,13962.0,10.15,141714.30000000002,2017-11-14,4
2017-12-03,ADIB,13454.0,10.04,135078.15999999997,2017-11-22,3
2017-12-03,VLMR,105122.0,1.29,135607.38,2017-11-22,3
2017-12-03,GBCO,44440.0,3.93,174649.2,2017-12-03,0
2017-12-06,ORHD,34478.0,3.88,133774.63999999998,2017-11-14,5
2017-12-06,TMGH,13962.0,9.99,139480.38,2017-11-14,5
2017-12-06,ADIB,13454.0,10.02,134809.08,2017-11-22,4
2017-12-06,VLMR,105122.0,1.26,132453.72,2017-11-22,4
2017-12-06,GBCO,44440.0,3.93,174649.2,2017-12-03,1
2017-12-11,ORHD,34478.0,4.28,147565.84,2017-11-14,6
2017-12-11,TMGH,13962.0,10.14,141574.68000000002,2017-11-14,6
2017-12-11,ADIB,13454.0,10.81,145437.74000000002,2017-11-22,5
2017-12-11,VLMR,105122.0,1.26,132453.72,2017-11-22,5
2017-12-11,GBCO,44440.0,4.13,183537.19999999998,2017-12-03,2
2017-12-12,ORHD,34478.0,4.29,147910.62,2017-11-14,7
2017-12-12,TMGH,13962.0,10.15,141714.30000000002,2017-11-14,7
2017-12-12,ADIB,13454.0,10.78,145034.12,2017-11-22,6
2017-12-12,VLMR,105122.0,1.31,137709.82,2017-11-22,6
2017-12-12,GBCO,44440.0,4.22,187536.8,2017-12-03,3
2017-12-13,ORHD,34478.0,4.43,152737.53999999998,2017-11-14,8
2017-12-13,TMGH,13962.0,10.07,140597.34,2017-11-14,8
2017-12-13,ADIB,13454.0,11.02,148263.08,2017-11-22,7
2017-12-13,VLMR,105122.0,1.31,137709.82,2017-11-22,7
2017-12-13,GBCO,44440.0,4.2,186648.0,2017-12-03,4
2017-12-14,ORHD,34478.0,4.49,154806.22,2017-11-14,9
2017-12-14,TMGH,13962.0,9.99,139480.38,2017-11-14,9
2017-12-14,ADIB,13454.0,10.82,145572.28,2017-11-22,8
2017-12-14,VLMR,105122.0,1.31,137709.82,2017-11-22,8
2017-12-14,GBCO,44440.0,4.05,179982.0,2017-12-03,5
2017-12-17,ORHD,34478.0,4.54,156530.12,2017-11-14,10
2017-12-17,TMGH,13962.0,10.0,139620.0,2017-11-14,10
2017-12-17,ADIB,13454.0,10.86,146110.44,2017-11-22,9
2017-12-17,VLMR,105122.0,1.31,137709.82,2017-11-22,9
2017-12-17,GBCO,44440.0,4.01,178204.4,2017-12-03,6
2017-12-24,ORHD,34478.0,4.21,145152.38,2017-11-14,11
2017-12-24,TMGH,13962.0,9.68,135152.16,2017-11-14,11
2017-12-24,ADIB,13454.0,10.65,143285.1,2017-11-22,10
2017-12-24,VLMR,105122.0,1.29,135607.38,2017-11-22,10
2017-12-24,GBCO,44440.0,4.0,177760.0,2017-12-03,7
2017-12-25,ORHD,34478.0,4.38,151013.63999999998,2017-11-14,12
2017-12-25,TMGH,13962.0,9.73,135850.26,2017-11-14,12
2017-12-25,ADIB,13454.0,10.53,141670.62,2017-11-22,11
2017-12-25,VLMR,105122.0,1.29,135607.38,2017-11-22,11
2017-12-25,GBCO,44440.0,4.09,181759.6,2017-12-03,8
2017-12-26,ORHD,34478.0,4.55,156874.9,2017-11-14,13
2017-12-26,TMGH,13962.0,9.57,133616.34,2017-11-14,13
2017-12-26,ADIB,13454.0,10.51,141401.54,2017-11-22,12
2017-12-26,VLMR,105122.0,1.29,135607.38,2017-11-22,12
2017-12-26,GBCO,44440.0,4.19,186203.6,2017-12-03,9
2018-01-02,ORHD,34478.0,4.74,163425.72,2017-11-14,14
2018-01-02,TMGH,13962.0,9.99,139480.38,2017-11-14,14
2018-01-02,ADIB,13454.0,10.77,144899.58,2017-11-22,13
2018-01-02,VLMR,105122.0,1.35,141914.7,2017-11-22,13
2018-01-02,GBCO,44440.0,4.82,214200.80000000002,2017-12-03,10
2018-01-04,TMGH,13962.0,10.06,140457.72,2017-11-14,15
2018-01-04,ADIB,13454.0,10.47,140863.38,2017-11-22,14
2018-01-08,TMGH,13962.0,10.22,142691.64,2017-11-14,16
2018-01-08,ADIB,13454.0,10.84,145841.36,2017-11-22,15
2018-01-08,JUFO,16389.0,10.97,179787.33000000002,2018-01-08,0
2018-01-09,TMGH,13962.0,10.03,140038.86,2017-11-14,17
2018-01-09,ADIB,13454.0,11.11,149473.94,2017-11-22,16
2018-01-09,JUFO,16389.0,11.25,184376.25,2018-01-08,1
2018-01-14,TMGH,13962.0,10.12,141295.44,2017-11-14,18
2018-01-14,ADIB,13454.0,11.54,155259.15999999997,2017-11-22,17
2018-01-14,JUFO,16389.0,12.0,196668.0,2018-01-08,2
2018-01-14,PHDC,44832.0,3.9,174844.8,2018-01-14,0
2018-01-14,ORAS,1206.0,145.04,174918.24,2018-01-14,0
2018-01-15,TMGH,13962.0,9.94,138782.28,2017-11-14,19
2018-01-15,JUFO,16389.0,12.0,196668.0,2018-01-08,3
2018-01-15,PHDC,44832.0,3.85,172603.2,2018-01-14,1
2018-01-15,ORAS,1206.0,142.05,171312.30000000002,2018-01-14,1
2018-01-15,EGCH,23032.0,6.59,151780.88,2018-01-15,0
2018-01-17,TMGH,13962.0,10.04,140178.47999999998,2017-11-14,20
2018-01-17,JUFO,16389.0,12.0,196668.0,2018-01-08,4
2018-01-17,PHDC,44832.0,3.92,175741.44,2018-01-14,2
2018-01-17,ORAS,1206.0,142.22,171517.32,2018-01-14,2
2018-01-17,EGCH,23032.0,6.67,153623.44,2018-01-15,1
2018-01-21,JUFO,16389.0,12.0,196668.0,2018-01-08,5
2018-01-21,PHDC,44832.0,3.86,173051.52,2018-01-14,3
2018-01-21,ORAS,1206.0,145.82,175858.91999999998,2018-01-14,3
2018-01-21,EGCH,23032.0,6.91,159151.12,2018-01-15,2
2018-01-22,JUFO,16389.0,11.9,195029.1,2018-01-08,6
2018-01-22,PHDC,44832.0,3.88,173948.16,2018-01-14,4
2018-01-22,ORAS,1206.0,144.91,174761.46,2018-01-14,4
2018-01-22,EGCH,23032.0,6.77,155926.63999999998,2018-01-15,3
2018-01-23,JUFO,16389.0,11.31,185359.59,2018-01-08,7
2018-01-23,PHDC,44832.0,3.88,173948.16,2018-01-14,5
2018-01-23,ORAS,1206.0,144.63,174423.78,2018-01-14,5
2018-01-23,EGCH,23032.0,6.83,157308.56,2018-01-15,4
2018-01-28,JUFO,16389.0,11.0,180279.0,2018-01-08,8
2018-01-28,PHDC,44832.0,3.76,168568.31999999998,2018-01-14,6
2018-01-28,ORAS,1206.0,146.64,176847.84,2018-01-14,6
2018-01-28,EGCH,23032.0,6.84,157538.88,2018-01-15,5
2018-02-06,PHDC,44832.0,3.52,157808.64,2018-01-14,7
2018-02-06,ORAS,1206.0,151.63,182865.78,2018-01-14,7
2018-02-06,EGCH,23032.0,6.24,143719.68,2018-01-15,6
2018-02-15,ORAS,1206.0,148.32,178873.91999999998,2018-01-14,8
2018-02-18,ORAS,1206.0,148.91,179585.46,2018-01-14,9
2018-02-18,JUFO,14104.0,11.25,158670.0,2018-02-18,0
2018-02-18,TMGH,15678.0,10.26,160856.28,2018-02-18,0
2018-02-18,PHDC,40478.0,4.04,163531.12,2018-02-18,0
2018-02-21,ORAS,1206.0,144.98,174845.87999999998,2018-01-14,10
2018-02-21,JUFO,14104.0,11.38,160503.52000000002,2018-02-18,1
2018-02-21,TMGH,15678.0,10.08,158034.24,2018-02-18,1
2018-02-21,PHDC,40478.0,4.03,163126.34,2018-02-18,1
2018-02-21,HELI,12673.0,12.37,156765.00999999998,2018-02-21,0
2018-02-22,ORAS,1206.0,146.74,176968.44,2018-01-14,11
2018-02-22,JUFO,14104.0,11.56,163042.24000000002,2018-02-18,2
2018-02-22,TMGH,15678.0,10.05,157563.90000000002,2018-02-18,2
2018-02-22,PHDC,40478.0,3.96,160292.88,2018-02-18,2
2018-02-22,HELI,12673.0,12.28,155624.44,2018-02-21,1
2018-02-26,ORAS,1206.0,146.29,176425.74,2018-01-14,12
2018-02-26,JUFO,14104.0,11.53,162619.12,2018-02-18,3
2018-02-26,TMGH,15678.0,10.03,157250.34,2018-02-18,3
2018-02-26,PHDC,40478.0,4.03,163126.34,2018-02-18,3
2018-02-26,HELI,12673.0,12.47,158032.31,2018-02-21,2
2018-03-04,ORAS,1206.0,146.45,176618.69999999998,2018-01-14,13
2018-03-04,JUFO,14104.0,11.36,160221.44,2018-02-18,4
2018-03-04,PHDC,40478.0,4.07,164745.46000000002,2018-02-18,4
2018-03-04,HELI,12673.0,12.33,156258.09,2018-02-21,3
2018-03-04,ADIB,13650.0,12.02,164073.0,2018-03-04,0
2018-03-05,ORAS,1206.0,145.77,175798.62000000002,2018-01-14,14
2018-03-05,JUFO,14104.0,11.48,161913.92,2018-02-18,5
2018-03-05,PHDC,40478.0,4.11,166364.58000000002,2018-02-18,5
2018-03-05,HELI,12673.0,12.86,162974.78,2018-02-21,4
2018-03-05,ADIB,13650.0,12.12,165438.0,2018-03-04,1
2018-03-06,ORAS,1206.0,147.75,178186.5,2018-01-14,15
2018-03-06,JUFO,14104.0,11.05,155849.2,2018-02-18,6
2018-03-06,PHDC,40478.0,4.15,167983.7,2018-02-18,6
2018-03-06,HELI,12673.0,13.17,166903.41,2018-02-21,5
2018-03-06,ADIB,13650.0,12.24,167076.0,2018-03-04,2
2018-03-07,ORAS,1206.0,153.88,185579.28,2018-01-14,16
2018-03-07,JUFO,14104.0,10.89,153592.56,2018-02-18,7
2018-03-07,PHDC,40478.0,4.1,165959.8,2018-02-18,7
2018-03-07,HELI,12673.0,12.94,163988.62,2018-02-21,6
2018-03-07,ADIB,13650.0,12.24,167076.0,2018-03-04,3
2018-03-08,ORAS,1206.0,152.05,183372.30000000002,2018-01-14,17
2018-03-08,JUFO,14104.0,11.26,158811.04,2018-02-18,8
2018-03-08,PHDC,40478.0,4.02,162721.55999999997,2018-02-18,8
2018-03-08,HELI,12673.0,12.75,161580.75,2018-02-21,7
2018-03-08,ADIB,13650.0,11.99,163663.5,2018-03-04,4
2018-03-12,ORAS,1206.0,160.18,193177.08000000002,2018-01-14,18
2018-03-12,JUFO,14104.0,11.98,168965.92,2018-02-18,9
2018-03-12,PHDC,40478.0,4.3,174055.4,2018-02-18,9
2018-03-12,HELI,12673.0,12.85,162848.05,2018-02-21,8
2018-03-12,ADIB,13650.0,12.22,166803.0,2018-03-04,5
2018-03-13,JUFO,14104.0,12.11,170799.44,2018-02-18,10
2018-03-13,PHDC,40478.0,4.3,174055.4,2018-02-18,10
2018-03-13,HELI,12673.0,12.76,161707.48,2018-02-21,9
2018-03-13,ADIB,13650.0,12.31,168031.5,2018-03-04,6
2018-03-13,AMOC,20535.0,9.42,193439.7,2018-03-13,0
2018-03-15,JUFO,14104.0,12.19,171927.75999999998,2018-02-18,11
2018-03-15,PHDC,40478.0,4.25,172031.5,2018-02-18,11
2018-03-15,HELI,12673.0,12.16,154103.68,2018-02-21,10
2018-03-15,ADIB,13650.0,12.46,170079.0,2018-03-04,7
2018-03-15,AMOC,20535.0,9.33,191591.55,2018-03-13,1
2018-03-27,JUFO,14104.0,11.88,167555.52000000002,2018-02-18,12
2018-03-27,PHDC,40478.0,4.36,176484.08000000002,2018-02-18,12
2018-03-27,ADIB,13650.0,11.51,157111.5,2018-03-04,8
2018-03-27,AMOC,20535.0,10.03,205966.05,2018-03-13,2
2018-04-11,JUFO,14104.0,12.45,175594.8,2018-02-18,13
2018-04-11,ADIB,13650.0,10.69,145918.5,2018-03-04,9
2018-04-11,AMOC,20535.0,10.89,223626.15000000002,2018-03-13,3
2018-04-11,EMFD,37971.0,4.98,189095.58000000002,2018-04-11,0
2018-04-11,GBCO,30502.0,5.95,181486.9,2018-04-11,0
2018-04-26,JUFO,14104.0,13.64,192378.56,2018-02-18,14
2018-04-26,EMFD,37971.0,4.66,176944.86000000002,2018-04-11,1
2018-04-26,GBCO,30502.0,6.06,184842.12,2018-04-11,1
2018-04-26,ORHD,29606.0,6.53,193327.18,2018-04-26,0
2018-04-26,EAST,9784.0,19.82,193918.88,2018-04-26,0
2018-04-29,EMFD,37971.0,4.62,175426.02,2018-04-11,2
2018-04-29,GBCO,30502.0,6.21,189417.42,2018-04-11,2
2018-04-29,ORHD,29606.0,6.63,196287.78,2018-04-26,1
2018-04-29,EAST,9784.0,19.85,194212.40000000002,2018-04-26,1
2018-04-29,ABUK,5907.0,32.09,189555.63000000003,2018-04-29,0
2018-05-02,EMFD,37971.0,4.49,170489.79,2018-04-11,3
2018-05-02,GBCO,30502.0,6.18,188502.36,2018-04-11,3
2018-05-02,ORHD,29606.0,7.45,220564.7,2018-04-26,2
2018-05-02,EAST,9784.0,20.32,198810.88,2018-04-26,2
2018-05-02,ABUK,5907.0,31.34,185125.38,2018-04-29,1
2018-05-06,ORHD,29606.0,7.42,219676.52,2018-04-26,3
2018-05-13,ORHD,29606.0,6.5,192439.0,2018-04-26,4
2018-05-16,GBCO,30695.0,5.91,181407.45,2018-05-16,0
2018-05-31,GBCO,30695.0,5.72,175575.4,2018-05-16,1
2018-06-27,CCAP,57089.0,3.32,189535.47999999998,2018-06-27,0
2018-06-28,CCAP,57089.0,3.33,190106.37,2018-06-27,1
2018-07-09,CCAP,57089.0,3.55,202665.94999999998,2018-06-27,2
2018-07-09,VLMR,104996.0,1.78,186892.88,2018-07-09,0
2018-08-07,CCAP,57089.0,3.52,200953.28,2018-06-27,3
2018-08-07,VLMR,104996.0,1.79,187942.84,2018-07-09,1
2018-08-29,CCAP,57089.0,3.5,199811.5,2018-06-27,4
2018-08-29,VLMR,104996.0,1.81,190042.76,2018-07-09,2
2018-08-29,RAYA,655930.0,0.29,190219.69999999998,2018-08-29,0
2018-08-29,GBCO,31183.0,6.09,189904.47,2018-08-29,0
2018-09-04,CCAP,57089.0,3.3,188393.69999999998,2018-06-27,5
2018-09-04,VLMR,104996.0,1.81,190042.76,2018-07-09,3
2018-09-04,GBCO,31183.0,5.85,182420.55,2018-08-29,1
2018-09-04,ADIB,16080.0,11.69,187975.19999999998,2018-09-04,0
2018-09-23,CCAP,57089.0,2.74,156423.86000000002,2018-06-27,6
2018-09-23,VLMR,104996.0,1.74,182693.04,2018-07-09,4
2018-09-23,GBCO,31183.0,5.68,177119.44,2018-08-29,2
2019-02-28,ISPH,22098.0,8.25,182308.5,2019-02-28,0
2019-04-17,ISPH,22098.0,8.06,178109.88,2019-02-28,1
2019-04-17,ETEL,12931.0,14.25,184266.75,2019-04-17,0
2019-05-21,ISPH,22098.0,7.6,167944.8,2019-02-28,2
2019-05-21,ETEL,12931.0,12.82,165775.42,2019-04-17,1
2019-05-21,EFID,9446.0,20.0,188920.0,2019-05-21,0
2019-07-09,EFID,9446.0,20.0,188920.0,2019-05-21,1
2019-07-11,EFID,9446.0,19.43,183535.78,2019-05-21,1
2021-03-08,FWRY,20421.0,10.8,220546.80000000002,2021-03-08,0
2021-03-15,FWRY,20421.0,10.85,221567.85,2021-03-08,1
2021-03-17,FWRY,20421.0,10.43,212991.03,2021-03-08,2
2021-03-22,FWRY,20421.0,9.41,192161.61000000002,2021-03-08,3
2021-07-26,EGAL,11037.0,20.89,230562.93,2021-07-26,0
2021-07-28,EGAL,11037.0,21.08,232659.96,2021-07-26,1
2021-07-28,ORWE,27018.0,8.31,224519.58000000002,2021-07-28,0
2021-07-29,EGAL,11037.0,22.01,242924.37000000002,2021-07-26,2
2021-07-29,ORWE,27018.0,8.25,222898.5,2021-07-28,1
2021-08-01,EGAL,11037.0,22.66,250098.42,2021-07-26,3
2021-08-01,ORWE,27018.0,8.22,222087.96000000002,2021-07-28,2
2021-08-02,EGAL,11037.0,23.41,258376.17,2021-07-26,4
2021-08-02,ORWE,27018.0,8.28,223709.03999999998,2021-07-28,3
2021-08-03,EGAL,11037.0,21.72,239723.63999999998,2021-07-26,5
2021-08-03,ORWE,27018.0,8.22,222087.96000000002,2021-07-28,4
2021-08-05,EGAL,11037.0,21.96,242372.52000000002,2021-07-26,6
2021-08-05,ORWE,27018.0,8.2,221547.59999999998,2021-07-28,5
2021-08-08,EGAL,11037.0,21.6,238399.2,2021-07-26,7
2021-08-08,ORWE,27018.0,8.29,223979.21999999997,2021-07-28,6
2021-08-08,ARCC,41852.0,5.73,239811.96000000002,2021-08-08,0
2021-08-09,EGAL,11037.0,20.79,229459.22999999998,2021-07-26,8
2021-08-09,ORWE,27018.0,8.29,223979.21999999997,2021-07-28,7
2021-08-09,ARCC,41852.0,5.85,244834.19999999998,2021-08-08,1
2021-08-10,EGAL,11037.0,21.3,235088.1,2021-07-26,9
2021-08-10,ORWE,27018.0,8.38,226410.84000000003,2021-07-28,8
2021-08-10,ARCC,41852.0,5.91,247345.32,2021-08-08,2
2021-08-15,EGAL,11037.0,22.48,248111.76,2021-07-26,10
2021-08-15,ORWE,27018.0,8.22,222087.96000000002,2021-07-28,9
2021-08-15,ARCC,41852.0,5.86,245252.72,2021-08-08,3
2021-08-16,EGAL,11037.0,21.96,242372.52000000002,2021-07-26,11
2021-08-16,ORWE,27018.0,8.29,223979.21999999997,2021-07-28,10
2021-08-16,ARCC,41852.0,5.79,242323.08,2021-08-08,4
2021-08-17,EGAL,11037.0,21.42,236412.54,2021-07-26,12
2021-08-17,ORWE,27018.0,8.29,223979.21999999997,2021-07-28,11
2021-08-17,ARCC,41852.0,5.8,242741.6,2021-08-08,5
2021-08-18,EGAL,11037.0,21.09,232770.33,2021-07-26,13
2021-08-18,ORWE,27018.0,8.3,224249.40000000002,2021-07-28,12
2021-08-18,ARCC,41852.0,5.74,240230.48,2021-08-08,6
2021-08-19,EGAL,11037.0,20.23,223278.51,2021-07-26,14
2021-08-19,ORWE,27018.0,8.34,225330.12,2021-07-28,13
2021-08-19,ARCC,41852.0,5.44,227674.88,2021-08-08,7
2021-08-23,ORWE,27018.0,8.31,224519.58000000002,2021-07-28,14
2021-08-23,ARCC,41852.0,5.57,233115.64,2021-08-08,8
2021-08-24,ORWE,27018.0,8.4,226951.2,2021-07-28,15
2021-08-24,ARCC,41852.0,5.4,226000.80000000002,2021-08-08,9
2021-08-24,EGAL,10743.0,20.91,224636.13,2021-08-24,0
2021-08-25,ORWE,27018.0,8.52,230193.36,2021-07-28,16
2021-08-25,ARCC,41852.0,5.39,225582.28,2021-08-08,10
2021-08-25,EGAL,10743.0,20.97,225280.71,2021-08-24,1
2021-08-26,ORWE,27018.0,8.49,229382.82,2021-07-28,17
2021-08-26,ARCC,41852.0,5.21,218048.92,2021-08-08,11
2021-08-26,EGAL,10743.0,20.63,221628.09,2021-08-24,2
2021-08-26,AMOC,62876.0,3.73,234527.48,2021-08-26,0
2021-08-26,PHDC,123389.0,1.86,229503.54,2021-08-26,0
2021-08-29,ORWE,27018.0,8.54,230733.71999999997,2021-07-28,18
2021-08-29,ARCC,41852.0,5.18,216793.36,2021-08-08,12
2021-08-29,EGAL,10743.0,21.94,235701.42,2021-08-24,3
2021-08-29,AMOC,62876.0,3.77,237042.52,2021-08-26,1
2021-08-29,PHDC,123389.0,1.92,236906.88,2021-08-26,1
2021-08-30,ORWE,27018.0,8.58,231814.44,2021-07-28,19
2021-08-30,ARCC,41852.0,5.13,214700.76,2021-08-08,13
2021-08-30,EGAL,10743.0,24.06,258476.58,2021-08-24,4
2021-08-30,AMOC,62876.0,3.73,234527.48,2021-08-26,2
2021-08-30,PHDC,123389.0,1.97,243076.33,2021-08-26,2
2021-08-31,ORWE,27018.0,8.53,230463.53999999998,2021-07-28,20
2021-08-31,ARCC,41852.0,4.97,208004.44,2021-08-08,14
2021-08-31,EGAL,10743.0,25.23,271045.89,2021-08-24,5
2021-08-31,AMOC,62876.0,3.68,231383.68000000002,2021-08-26,3
2021-08-31,PHDC,123389.0,1.95,240608.55,2021-08-26,3
2021-09-01,EGAL,10743.0,27.13,291457.58999999997,2021-08-24,6
2021-09-01,AMOC,62876.0,3.69,232012.44,2021-08-26,4
2021-09-01,PHDC,123389.0,2.0,246778.0,2021-08-26,4
2021-09-01,TMGH,30860.0,7.43,229289.8,2021-09-01,0
2021-09-02,AMOC,62876.0,3.75,235785.0,2021-08-26,5
2021-09-02,PHDC,123389.0,2.02,249245.78,2021-08-26,5
2021-09-02,TMGH,30860.0,7.5,231450.0,2021-09-01,1
2021-09-02,EGAL,9456.0,28.03,265051.68,2021-09-02,0
2021-09-02,ADIB,22565.0,11.14,251374.1,2021-09-02,0
2021-09-05,AMOC,62876.0,3.6,226353.6,2021-08-26,6
2021-09-05,PHDC,123389.0,1.96,241842.44,2021-08-26,6
2021-09-05,TMGH,30860.0,7.3,225278.0,2021-09-01,2
2021-09-05,EGAL,9456.0,25.8,243964.80000000002,2021-09-02,1
2021-09-05,ADIB,22565.0,10.43,235352.94999999998,2021-09-02,1
2021-09-06,AMOC,62876.0,3.55,223209.8,2021-08-26,7
2021-09-06,PHDC,123389.0,1.96,241842.44,2021-08-26,7
2021-09-06,TMGH,30860.0,7.39,228055.4,2021-09-01,3
2021-09-06,EGAL,9456.0,25.01,236494.56000000003,2021-09-02,2
2021-09-06,ADIB,22565.0,9.85,222265.25,2021-09-02,2
2021-09-07,AMOC,62876.0,3.56,223838.56,2021-08-26,8
2021-09-07,PHDC,123389.0,1.95,240608.55,2021-08-26,8
2021-09-07,TMGH,30860.0,7.33,226203.8,2021-09-01,4
2021-09-09,AMOC,62876.0,3.55,223209.8,2021-08-26,9
2021-09-09,PHDC,123389.0,1.92,236906.88,2021-08-26,9
2021-09-09,TMGH,30860.0,7.37,227438.2,2021-09-01,5
2021-09-12,AMOC,62876.0,3.55,223209.8,2021-08-26,10
2021-09-12,PHDC,123389.0,1.95,240608.55,2021-08-26,10
2021-09-12,TMGH,30860.0,7.48,230832.80000000002,2021-09-01,6
2021-09-14,AMOC,62876.0,3.64,228868.64,2021-08-26,11
2021-09-14,PHDC,123389.0,2.08,256649.12,2021-08-26,11
2021-09-14,TMGH,30860.0,7.8,240708.0,2021-09-01,7
2021-09-14,MCQE,16232.0,14.18,230169.76,2021-09-14,0
2021-09-15,AMOC,62876.0,3.65,229497.4,2021-08-26,12
2021-09-15,TMGH,30860.0,7.78,240090.80000000002,2021-09-01,8
2021-09-15,MCQE,16232.0,13.94,226274.08,2021-09-14,1
2021-09-15,ETEL,16561.0,14.53,240631.33,2021-09-15,0
2021-09-15,GBCO,59705.0,4.08,243596.4,2021-09-15,0
2021-09-16,AMOC,62876.0,3.5,220066.0,2021-08-26,13
2021-09-16,TMGH,30860.0,7.45,229907.0,2021-09-01,9
2021-09-16,MCQE,16232.0,14.06,228221.92,2021-09-14,2
2021-09-16,ETEL,16561.0,14.75,244274.75,2021-09-15,1
2021-09-16,GBCO,59705.0,4.1,244790.49999999997,2021-09-15,1
2021-09-19,AMOC,62876.0,3.56,223838.56,2021-08-26,14
2021-09-19,TMGH,30860.0,7.5,231450.0,2021-09-01,10
2021-09-19,MCQE,16232.0,13.03,211502.96,2021-09-14,3
2021-09-19,ETEL,16561.0,14.66,242784.26,2021-09-15,2
2021-09-19,GBCO,59705.0,4.08,243596.4,2021-09-15,2
2021-09-20,AMOC,62876.0,3.46,217550.96,2021-08-26,15
2021-09-20,TMGH,30860.0,7.33,226203.8,2021-09-01,11
2021-09-20,MCQE,16232.0,12.68,205821.76,2021-09-14,4
2021-09-20,ETEL,16561.0,14.49,239968.89,2021-09-15,3
2021-09-20,GBCO,59705.0,4.0,238820.0,2021-09-15,3
2021-09-21,AMOC,62876.0,3.2,201203.2,2021-08-26,16
2021-09-21,TMGH,30860.0,7.08,218488.8,2021-09-01,12
2021-09-21,ETEL,16561.0,14.0,231854.0,2021-09-15,4
2021-09-21,GBCO,59705.0,4.05,241805.25,2021-09-15,4
2021-09-22,GBCO,59705.0,4.15,247775.75000000003,2021-09-15,5
2021-09-23,GBCO,59705.0,4.16,248372.80000000002,2021-09-15,6
2021-09-26,GBCO,59705.0,4.15,247775.75000000003,2021-09-15,7
2021-09-26,EGAL,8152.0,25.58,208528.15999999997,2021-09-26,0
2021-09-27,GBCO,59705.0,4.19,250163.95,2021-09-15,8
2021-09-27,EGAL,8152.0,23.96,195321.92,2021-09-26,1
2021-09-27,ADIB,18973.0,10.65,202062.45,2021-09-27,0
2021-09-27,TMGH,28781.0,7.36,211828.16,2021-09-27,0
2021-09-28,GBCO,59705.0,4.29,256134.45,2021-09-15,9
2021-09-28,EGAL,8152.0,23.86,194506.72,2021-09-26,2
2021-09-28,ADIB,18973.0,10.65,202062.45,2021-09-27,1
2021-09-28,TMGH,28781.0,7.22,207798.82,2021-09-27,1
2021-10-03,GBCO,59705.0,4.2,250761.0,2021-09-15,10
2021-10-03,EGAL,8152.0,24.32,198256.64,2021-09-26,3
2021-10-03,ADIB,18973.0,10.21,193714.33000000002,2021-09-27,2
2021-10-03,TMGH,28781.0,7.26,208950.06,2021-09-27,2
2021-10-04,GBCO,59705.0,4.12,245984.6,2021-09-15,11
2021-10-04,EGAL,8152.0,24.03,195892.56,2021-09-26,4
2021-10-04,ADIB,18973.0,10.15,192575.95,2021-09-27,3
2021-10-04,TMGH,28781.0,7.28,209525.68,2021-09-27,3
2021-10-05,GBCO,59705.0,4.03,240611.15000000002,2021-09-15,12
2021-10-05,EGAL,8152.0,23.82,194180.64,2021-09-26,5
2021-10-05,ADIB,18973.0,10.12,192006.75999999998,2021-09-27,4
2021-10-05,TMGH,28781.0,7.3,210101.3,2021-09-27,4
2021-10-06,GBCO,59705.0,4.09,244193.44999999998,2021-09-15,13
2021-10-06,EGAL,8152.0,23.82,194180.64,2021-09-26,6
2021-10-06,ADIB,18973.0,10.12,192006.75999999998,2021-09-27,5
2021-10-06,TMGH,28781.0,7.34,211252.54,2021-09-27,5
2021-10-10,GBCO,59705.0,4.01,239417.05,2021-09-15,14
2021-10-10,EGAL,8152.0,23.77,193773.04,2021-09-26,7
2021-10-10,ADIB,18973.0,10.19,193334.87,2021-09-27,6
2021-10-10,TMGH,28781.0,7.29,209813.49,2021-09-27,6
2021-10-11,GBCO,59705.0,4.05,241805.25,2021-09-15,15
2021-10-11,EGAL,8152.0,25.49,207794.47999999998,2021-09-26,8
2021-10-11,ADIB,18973.0,10.93,207374.88999999998,2021-09-27,7
2021-10-11,TMGH,28781.0,7.18,206647.58,2021-09-27,7
2021-10-12,GBCO,59705.0,4.09,244193.44999999998,2021-09-15,16
2021-10-12,EGAL,8152.0,25.83,210566.15999999997,2021-09-26,9
2021-10-12,ADIB,18973.0,10.74,203770.02,2021-09-27,8
2021-10-12,TMGH,28781.0,7.19,206935.39,2021-09-27,8
2021-10-13,GBCO,59705.0,4.0,238820.0,2021-09-15,17
2021-10-13,EGAL,8152.0,28.41,231598.32,2021-09-26,10
2021-10-13,ADIB,18973.0,10.78,204528.94,2021-09-27,9
2021-10-13,TMGH,28781.0,7.14,205496.34,2021-09-27,9
2021-10-17,GBCO,59705.0,4.1,244790.49999999997,2021-09-15,18
2021-10-17,EGAL,8152.0,28.09,228989.68,2021-09-26,11
2021-10-17,ADIB,18973.0,11.21,212687.33000000002,2021-09-27,10
2021-10-17,TMGH,28781.0,7.21,207511.01,2021-09-27,10
2021-10-18,GBCO,59705.0,4.42,263896.1,2021-09-15,19
2021-10-18,EGAL,8152.0,28.8,234777.6,2021-09-26,12
2021-10-18,ADIB,18973.0,11.33,214964.09,2021-09-27,11
2021-10-18,TMGH,28781.0,7.37,212115.97,2021-09-27,11
2021-10-19,GBCO,59705.0,4.35,259716.74999999997,2021-09-15,20
2021-10-19,EGAL,8152.0,30.07,245130.64,2021-09-26,13
2021-10-19,ADIB,18973.0,10.42,197698.66,2021-09-27,12
2021-10-19,TMGH,28781.0,7.35,211540.34999999998,2021-09-27,12
2021-10-19,PHDC,112184.0,1.98,222124.32,2021-10-19,0
2021-10-20,EGAL,8152.0,29.3,238853.6,2021-09-26,14
2021-10-20,TMGH,28781.0,7.26,208950.06,2021-09-27,13
2021-10-20,PHDC,112184.0,1.96,219880.63999999998,2021-10-19,1
2021-10-20,GBCO,52312.0,4.23,221279.76,2021-10-20,0
2021-10-24,EGAL,8152.0,27.79,226544.08,2021-09-26,15
2021-10-24,TMGH,28781.0,7.25,208662.25,2021-09-27,14
2021-10-24,PHDC,112184.0,1.95,218758.8,2021-10-19,2
2021-10-24,GBCO,52312.0,4.21,220233.52,2021-10-20,1
2021-10-25,EGAL,8152.0,26.69,217576.88,2021-09-26,16
2021-10-25,TMGH,28781.0,7.26,208950.06,2021-09-27,15
2021-10-25,PHDC,112184.0,1.95,218758.8,2021-10-19,3
2021-10-25,GBCO,52312.0,4.26,222849.12,2021-10-20,2
2021-10-26,EGAL,8152.0,26.62,217006.24000000002,2021-09-26,17
2021-10-26,TMGH,28781.0,7.37,212115.97,2021-09-27,16
2021-10-26,PHDC,112184.0,1.95,218758.8,2021-10-19,4
2021-10-26,GBCO,52312.0,4.29,224418.48,2021-10-20,3
2021-10-27,EGAL,8152.0,25.26,205919.52000000002,2021-09-26,18
2021-10-27,TMGH,28781.0,7.29,209813.49,2021-09-27,17
2021-10-27,PHDC,112184.0,1.95,218758.8,2021-10-19,5
2021-10-27,GBCO,52312.0,4.19,219187.28000000003,2021-10-20,4
2021-10-28,TMGH,28781.0,7.4,212979.40000000002,2021-09-27,18
2021-10-28,PHDC,112184.0,1.92,215393.28,2021-10-19,6
2021-10-28,GBCO,52312.0,4.2,219710.40000000002,2021-10-20,5
2021-10-31,TMGH,28781.0,7.56,217584.36,2021-09-27,19
2021-10-31,PHDC,112184.0,1.9,213149.59999999998,2021-10-19,7
2021-10-31,GBCO,52312.0,4.16,217617.92,2021-10-20,6
2021-11-01,TMGH,28781.0,7.55,217296.55,2021-09-27,20
2021-11-01,PHDC,112184.0,1.9,213149.59999999998,2021-10-19,8
2021-11-01,GBCO,52312.0,4.14,216571.68,2021-10-20,7
2021-11-02,PHDC,112184.0,1.97,221002.48,2021-10-19,9
2021-11-02,GBCO,52312.0,4.47,233834.63999999998,2021-10-20,8
2021-11-03,PHDC,112184.0,1.92,215393.28,2021-10-19,10
2021-11-03,GBCO,52312.0,4.58,239588.96,2021-10-20,9
2021-11-03,ETEL,15748.0,13.9,218897.2,2021-11-03,0
2021-11-04,PHDC,112184.0,1.91,214271.44,2021-10-19,11
2021-11-04,GBCO,52312.0,4.39,229649.68,2021-10-20,10
2021-11-04,ETEL,15748.0,13.84,217952.32,2021-11-03,1
2021-11-07,PHDC,112184.0,1.88,210905.91999999998,2021-10-19,12
2021-11-07,GBCO,52312.0,4.19,219187.28000000003,2021-10-20,11
2021-11-07,ETEL,15748.0,13.84,217952.32,2021-11-03,2
2021-11-08,PHDC,112184.0,1.88,210905.91999999998,2021-10-19,13
2021-11-08,GBCO,52312.0,4.1,214479.19999999998,2021-10-20,12
2021-11-08,ETEL,15748.0,13.86,218267.28,2021-11-03,3
2021-11-09,ETEL,15748.0,13.75,216535.0,2021-11-03,4
2021-11-10,ETEL,15748.0,13.83,217794.84,2021-11-03,5
2021-11-11,ETEL,15748.0,14.41,226928.68,2021-11-03,6
2021-11-14,ETEL,15748.0,14.6,229920.8,2021-11-03,7
2021-11-15,ETEL,15748.0,14.29,225038.91999999998,2021-11-03,8
2021-11-15,ORWE,25452.0,8.53,217105.56,2021-11-15,0
2021-11-16,ETEL,15748.0,14.21,223779.08000000002,2021-11-03,9
2021-11-16,ORWE,25452.0,8.6,218887.19999999998,2021-11-15,1
2021-11-17,ETEL,15748.0,14.45,227558.59999999998,2021-11-03,10
2021-11-17,ORWE,25452.0,8.68,220923.36,2021-11-15,2
2021-11-18,ETEL,15748.0,14.5,228346.0,2021-11-03,11
2021-11-18,ORWE,25452.0,8.55,217614.6,2021-11-15,3
2021-11-21,ETEL,15748.0,14.35,225983.8,2021-11-03,12
2021-11-21,ORWE,25452.0,8.5,216342.0,2021-11-15,4
2021-11-22,ETEL,15748.0,14.34,225826.32,2021-11-03,13
2021-11-22,ORWE,25452.0,8.45,215069.4,2021-11-15,5
2021-11-23,ETEL,15748.0,14.52,228660.96,2021-11-03,14
2021-11-23,ORWE,25452.0,8.44,214814.87999999998,2021-11-15,6
2021-11-25,ETEL,15748.0,14.6,229920.8,2021-11-03,15
2021-11-25,ORWE,25452.0,8.49,216087.48,2021-11-15,7
2021-11-28,ETEL,15748.0,14.38,226456.24000000002,2021-11-03,16
2021-11-28,ORWE,25452.0,8.38,213287.76,2021-11-15,8
2021-11-29,ETEL,15748.0,14.56,229290.88,2021-11-03,17
2021-11-30,ETEL,15748.0,14.36,226141.28,2021-11-03,18
2021-12-01,ETEL,15748.0,14.79,232912.91999999998,2021-11-03,19
2021-12-02,ETEL,15748.0,14.85,233857.8,2021-11-03,20
2021-12-13,ORHD,37856.0,5.8,219564.8,2021-12-13,0
2021-12-14,ORHD,37856.0,5.9,223350.40000000002,2021-12-13,1
2021-12-15,ORHD,37856.0,5.9,223350.40000000002,2021-12-13,2
2021-12-16,ORHD,37856.0,6.01,227514.56,2021-12-13,3
2021-12-21,ORHD,37856.0,5.67,214643.52,2021-12-13,4
2021-12-23,ORHD,37856.0,5.8,219564.8,2021-12-13,5
2021-12-26,ORHD,37856.0,6.0,227136.0,2021-12-13,6
2021-12-27,ORHD,37856.0,5.95,225243.2,2021-12-13,7
2021-12-28,ORHD,37856.0,5.81,219943.36,2021-12-13,8
2021-12-29,ORHD,37856.0,5.93,224486.08,2021-12-13,9
2022-01-02,ORHD,37856.0,5.84,221079.04,2021-12-13,10
2022-01-03,ORHD,37856.0,5.76,218050.56,2021-12-13,11
2022-01-04,ORHD,37856.0,5.71,216157.76,2021-12-13,12
2022-01-05,ORHD,37856.0,5.86,221836.16,2021-12-13,13
2022-01-05,RMDA,130304.0,1.72,224122.88,2022-01-05,0
2022-01-09,ORHD,37856.0,5.75,217672.0,2021-12-13,14
2022-01-09,RMDA,130304.0,1.68,218910.72,2022-01-05,1
2022-01-10,ORHD,37856.0,5.75,217672.0,2021-12-13,15
2022-01-10,RMDA,130304.0,1.65,215001.59999999998,2022-01-05,2
2022-01-11,ORHD,37856.0,5.73,216914.88,2021-12-13,16
2022-01-11,RMDA,130304.0,1.65,215001.59999999998,2022-01-05,3
2022-01-12,ORHD,37856.0,5.76,218050.56,2021-12-13,17
2022-01-12,RMDA,130304.0,1.69,220213.75999999998,2022-01-05,4
2022-01-13,ORHD,37856.0,5.61,212372.16,2021-12-13,18
2022-01-13,RMDA,130304.0,1.64,213698.56,2022-01-05,5
2022-01-16,ORHD,37856.0,5.6,211993.59999999998,2021-12-13,19
2022-01-16,RMDA,130304.0,1.56,203274.24000000002,2022-01-05,6
2022-01-18,ORHD,37856.0,5.53,209343.68000000002,2021-12-13,20
2022-01-18,RMDA,130304.0,1.63,212395.52,2022-01-05,7
2022-01-19,RMDA,130304.0,1.58,205880.32,2022-01-05,8
2022-01-20,RMDA,130304.0,1.57,204577.28,2022-01-05,9
2022-01-20,TMGH,24192.0,8.99,217486.08000000002,2022-01-20,0
2022-01-23,RMDA,130304.0,1.53,199365.12,2022-01-05,10
2022-01-23,TMGH,24192.0,8.87,214583.03999999998,2022-01-20,1
2022-01-24,TMGH,24192.0,8.85,214099.19999999998,2022-01-20,2
2022-01-25,TMGH,24192.0,8.8,212889.6,2022-01-20,3
2022-01-26,TMGH,24192.0,8.8,212889.6,2022-01-20,4
2022-01-30,TMGH,24192.0,8.52,206115.84,2022-01-20,5
2022-02-01,ETEL,12696.0,16.9,214562.4,2022-02-01,0
2022-02-01,TMGH,23156.0,9.07,210024.92,2022-02-01,0
2022-02-02,ETEL,12696.0,16.99,215705.03999999998,2022-02-01,1
2022-02-02,TMGH,23156.0,9.04,209330.24,2022-02-01,1
2022-02-02,GBCO,43186.0,5.39,232772.53999999998,2022-02-02,0
2022-02-02,HRHO,21549.0,10.09,217429.41,2022-02-02,0
2022-02-03,ETEL,12696.0,16.88,214308.47999999998,2022-02-01,2
2022-02-03,TMGH,23156.0,9.0,208404.0,2022-02-01,2
2022-02-03,GBCO,43186.0,5.5,237523.0,2022-02-02,1
2022-02-03,HRHO,21549.0,10.11,217860.38999999998,2022-02-02,1
2022-02-06,ETEL,12696.0,16.85,213927.6,2022-02-01,3
2022-02-06,TMGH,23156.0,9.04,209330.24,2022-02-01,3
2022-02-06,HRHO,21549.0,10.22,220230.78000000003,2022-02-02,2
2022-02-06,GBCO,40958.0,5.46,223630.68,2022-02-06,0
2022-02-07,ETEL,12696.0,16.99,215705.03999999998,2022-02-01,4
2022-02-07,TMGH,23156.0,9.0,208404.0,2022-02-01,4
2022-02-07,HRHO,21549.0,10.26,221092.74,2022-02-02,3
2022-02-07,GBCO,40958.0,5.43,222401.94,2022-02-06,1
2022-02-07,HELI,33672.0,6.48,218194.56000000003,2022-02-07,0
2022-02-08,ETEL,12696.0,17.15,217736.4,2022-02-01,5
2022-02-08,TMGH,23156.0,9.0,208404.0,2022-02-01,5
2022-02-08,HRHO,21549.0,10.5,226264.5,2022-02-02,4
2022-02-08,GBCO,40958.0,5.55,227316.9,2022-02-06,2
2022-02-08,HELI,33672.0,6.38,214827.36,2022-02-07,1
2022-02-09,ETEL,12696.0,17.64,223957.44,2022-02-01,6
2022-02-09,TMGH,23156.0,9.45,218824.19999999998,2022-02-01,6
2022-02-09,HRHO,21549.0,11.46,246951.54,2022-02-02,5
2022-02-09,GBCO,40958.0,5.83,238785.14,2022-02-06,3
2022-02-09,HELI,33672.0,6.51,219204.72,2022-02-07,2
2022-02-10,ETEL,12696.0,17.52,222433.91999999998,2022-02-01,7
2022-02-10,TMGH,23156.0,9.55,221139.80000000002,2022-02-01,7
2022-02-10,GBCO,40958.0,5.6,229364.8,2022-02-06,4
2022-02-10,HELI,33672.0,6.28,211460.16,2022-02-07,3
2022-02-13,ETEL,12696.0,17.22,218625.12,2022-02-01,8
2022-02-13,TMGH,23156.0,9.81,227160.36000000002,2022-02-01,8
2022-02-13,GBCO,40958.0,5.74,235098.92,2022-02-06,5
2022-02-14,ETEL,12696.0,17.25,219006.0,2022-02-01,9
2022-02-14,TMGH,23156.0,9.58,221834.48,2022-02-01,9
2022-02-14,GBCO,40958.0,5.64,231003.12,2022-02-06,6
2022-02-15,ETEL,12696.0,17.55,222814.80000000002,2022-02-01,10
2022-02-15,TMGH,23156.0,9.68,224150.08,2022-02-01,10
2022-02-15,GBCO,40958.0,5.75,235508.5,2022-02-06,7
2022-02-16,ETEL,12696.0,17.8,225988.80000000002,2022-02-01,11
2022-02-16,TMGH,23156.0,9.74,225539.44,2022-02-01,11
2022-02-16,GBCO,40958.0,5.69,233051.02000000002,2022-02-06,8
2022-02-17,ETEL,12696.0,17.88,227004.47999999998,2022-02-01,12
2022-02-17,TMGH,23156.0,9.6,222297.6,2022-02-01,12
2022-02-17,GBCO,40958.0,5.75,235508.5,2022-02-06,9
2022-02-20,ETEL,12696.0,17.76,225480.96000000002,2022-02-01,13
2022-02-20,TMGH,23156.0,9.34,216277.04,2022-02-01,13
2022-02-20,GBCO,40958.0,5.59,228955.22,2022-02-06,10
2022-02-20,ABUK,10706.0,20.71,221721.26,2022-02-20,0
2022-02-21,ETEL,12696.0,17.8,225988.80000000002,2022-02-01,14
2022-02-21,TMGH,23156.0,9.52,220445.12,2022-02-01,14
2022-02-21,GBCO,40958.0,5.51,225678.58,2022-02-06,11
2022-02-21,ABUK,10706.0,20.97,224504.81999999998,2022-02-20,1
2022-02-22,ETEL,12696.0,17.65,224084.4,2022-02-01,15
2022-02-22,TMGH,23156.0,9.5,219982.0,2022-02-01,15
2022-02-22,GBCO,40958.0,5.38,220354.04,2022-02-06,12
2022-02-22,ABUK,10706.0,20.65,221078.9,2022-02-20,2
2022-02-23,ETEL,12696.0,17.61,223576.56,2022-02-01,16
2022-02-23,TMGH,23156.0,9.39,217434.84000000003,2022-02-01,16
2022-02-23,GBCO,40958.0,5.67,232231.86,2022-02-06,13
2022-02-23,ABUK,10706.0,20.79,222577.74,2022-02-20,3
2022-02-24,ETEL,12696.0,17.36,220402.56,2022-02-01,17
2022-02-24,TMGH,23156.0,9.2,213035.19999999998,2022-02-01,17
2022-02-24,GBCO,40958.0,5.37,219944.46,2022-02-06,14
2022-02-24,ABUK,10706.0,20.8,222684.80000000002,2022-02-20,4
2022-03-22,HRHO,18221.0,12.06,219745.26,2022-03-22,0
2022-03-22,TMGH,23864.0,9.06,216207.84000000003,2022-03-22,0
2022-03-22,HELI,39846.0,5.58,222340.68,2022-03-22,0
2022-03-22,EGAL,8605.0,25.76,221664.80000000002,2022-03-22,0
2022-03-23,HRHO,18221.0,12.26,223389.46,2022-03-22,1
2022-03-23,TMGH,23864.0,8.9,212389.6,2022-03-22,1
2022-03-23,HELI,39846.0,5.98,238279.08000000002,2022-03-22,1
2022-03-23,EGAL,8605.0,26.32,226483.6,2022-03-22,1
2022-03-24,HRHO,18221.0,12.18,221931.78,2022-03-22,2
2022-03-24,TMGH,23864.0,8.73,208332.72,2022-03-22,2
2022-03-24,HELI,39846.0,5.96,237482.16,2022-03-22,2
2022-03-24,EGAL,8605.0,25.84,222353.2,2022-03-22,2
2022-03-27,HRHO,18221.0,12.1,220474.1,2022-03-22,3
2022-03-27,TMGH,23864.0,8.78,209525.91999999998,2022-03-22,3
2022-03-27,HELI,39846.0,6.07,241865.22,2022-03-22,3
2022-03-27,EGAL,8605.0,25.11,216071.55,2022-03-22,3
2022-03-28,HRHO,18221.0,11.74,213914.54,2022-03-22,4
2022-03-28,TMGH,23864.0,8.34,199025.76,2022-03-22,4
2022-03-28,HELI,39846.0,5.75,229114.5,2022-03-22,4
2022-03-28,EGAL,8605.0,23.75,204368.75,2022-03-22,4
2022-03-29,HRHO,18221.0,11.88,216465.48,2022-03-22,5
2022-03-29,HELI,39846.0,5.88,234294.47999999998,2022-03-22,5
2022-03-30,HRHO,18221.0,11.7,213185.69999999998,2022-03-22,6
2022-03-30,HELI,39846.0,5.8,231106.8,2022-03-22,6
2022-03-31,HELI,39846.0,5.83,232302.18,2022-03-22,7
2022-04-03,HELI,39846.0,5.94,236685.24000000002,2022-03-22,8
2022-04-04,HELI,39846.0,6.15,245052.90000000002,2022-03-22,9
2022-04-05,HELI,39846.0,6.16,245451.36000000002,2022-03-22,10
2022-04-05,TMGH,23536.0,8.84,208058.24,2022-04-05,0
2022-04-06,HELI,39846.0,6.08,242263.68,2022-03-22,11
2022-04-06,TMGH,23536.0,8.8,207116.80000000002,2022-04-05,1
2022-04-07,HELI,39846.0,5.97,237880.62,2022-03-22,12
2022-04-07,TMGH,23536.0,8.8,207116.80000000002,2022-04-05,2
2022-04-10,HELI,39846.0,5.8,231106.8,2022-03-22,13
2022-04-10,TMGH,23536.0,8.6,202409.6,2022-04-05,3
2022-04-11,HELI,39846.0,5.49,218754.54,2022-03-22,14
2022-09-07,MCQE,20693.0,10.65,220380.45,2022-09-07,0
2022-09-07,EGCH,71856.0,3.02,217005.12,2022-09-07,0
2022-09-08,MCQE,20693.0,10.73,222035.89,2022-09-07,1
2022-09-08,EGCH,71856.0,3.07,220597.91999999998,2022-09-07,1
2022-09-11,MCQE,20693.0,10.82,223898.26,2022-09-07,2
2022-09-11,EGCH,71856.0,3.18,228502.08000000002,2022-09-07,2
2022-09-12,MCQE,20693.0,10.61,219552.72999999998,2022-09-07,3
2022-09-12,EGCH,71856.0,3.16,227064.96000000002,2022-09-07,3
2022-09-12,RMDA,118602.0,1.77,209925.54,2022-09-12,0
2022-09-13,MCQE,20693.0,10.52,217690.36,2022-09-07,4
2022-09-13,EGCH,71856.0,3.11,223472.16,2022-09-07,4
2022-09-13,RMDA,118602.0,1.77,209925.54,2022-09-12,1
2022-09-14,MCQE,20693.0,10.64,220173.52000000002,2022-09-07,5
2022-09-14,EGCH,71856.0,3.0,215568.0,2022-09-07,5
2022-09-15,MCQE,20693.0,10.69,221208.16999999998,2022-09-07,6
2022-09-15,EGCH,71856.0,2.93,210538.08000000002,2022-09-07,6
2022-09-18,MCQE,20693.0,10.49,217069.57,2022-09-07,7
2022-09-18,RMDA,117424.0,1.78,209014.72,2022-09-18,0
2022-09-19,MCQE,20693.0,10.62,219759.65999999997,2022-09-07,8
2022-09-19,RMDA,117424.0,1.87,219582.88,2022-09-18,1
2022-09-20,MCQE,20693.0,10.67,220794.31,2022-09-07,9
2022-09-20,RMDA,117424.0,1.89,221931.36,2022-09-18,2
2022-09-21,MCQE,20693.0,10.88,225139.84000000003,2022-09-07,10
2022-09-21,RMDA,117424.0,1.84,216060.16,2022-09-18,3
2022-09-22,MCQE,20693.0,10.88,225139.84000000003,2022-09-07,11
2022-09-22,RMDA,117424.0,1.82,213711.68,2022-09-18,4
2022-09-25,MCQE,20693.0,11.12,230106.15999999997,2022-09-07,12
2022-09-25,RMDA,117424.0,1.8,211363.2,2022-09-18,5
2022-09-26,MCQE,20693.0,11.0,227623.0,2022-09-07,13
2022-09-26,RMDA,117424.0,1.79,210188.96,2022-09-18,6
2022-09-27,MCQE,20693.0,10.97,227002.21000000002,2022-09-07,14
2022-09-27,RMDA,117424.0,1.8,211363.2,2022-09-18,7
2022-09-28,MCQE,20693.0,10.88,225139.84000000003,2022-09-07,15
2022-09-28,RMDA,117424.0,1.78,209014.72,2022-09-18,8
2022-09-29,MCQE,20693.0,10.88,225139.84000000003,2022-09-07,16
2022-09-29,RMDA,117424.0,1.79,210188.96,2022-09-18,9
2022-10-02,MCQE,20693.0,10.73,222035.89,2022-09-07,17
2022-10-02,RMDA,117424.0,1.73,203143.52,2022-09-18,10
2022-10-03,MCQE,20693.0,10.66,220587.38,2022-09-07,18
2022-10-03,RMDA,117424.0,1.76,206666.24,2022-09-18,11
2022-10-04,MCQE,20693.0,10.89,225346.77000000002,2022-09-07,19
2022-10-04,RMDA,117424.0,1.77,207840.48,2022-09-18,12
2022-10-05,MCQE,20693.0,10.88,225139.84000000003,2022-09-07,20
2022-10-05,RMDA,117424.0,1.77,207840.48,2022-09-18,13
2022-10-09,RMDA,117424.0,1.82,213711.68,2022-09-18,14
2022-10-09,AMOC,52176.0,4.27,222791.52,2022-10-09,0
2022-10-09,MCQE,20189.0,10.79,217839.30999999997,2022-10-09,0
2022-10-10,RMDA,117424.0,1.82,213711.68,2022-09-18,15
2022-10-10,AMOC,52176.0,4.24,221226.24000000002,2022-10-09,1
2022-10-10,MCQE,20189.0,10.68,215618.52,2022-10-09,1
2022-10-11,RMDA,117424.0,1.82,213711.68,2022-09-18,16
2022-10-11,AMOC,52176.0,4.22,220182.72,2022-10-09,2
2022-10-11,MCQE,20189.0,10.71,216224.19000000003,2022-10-09,2
2022-10-12,RMDA,117424.0,1.77,207840.48,2022-09-18,17
2022-10-12,AMOC,52176.0,4.16,217052.16,2022-10-09,3
2022-10-12,MCQE,20189.0,10.63,214609.07,2022-10-09,3
2022-10-13,RMDA,117424.0,1.75,205492.0,2022-09-18,18
2022-10-13,AMOC,52176.0,4.22,220182.72,2022-10-09,4
2022-10-13,MCQE,20189.0,10.61,214205.28999999998,2022-10-09,4
2022-10-16,RMDA,117424.0,1.75,205492.0,2022-09-18,19
2022-10-16,AMOC,52176.0,4.28,223313.28,2022-10-09,5
2022-10-16,MCQE,20189.0,10.72,216426.08000000002,2022-10-09,5
2022-10-17,RMDA,117424.0,1.75,205492.0,2022-09-18,20
2022-10-17,AMOC,52176.0,4.27,222791.52,2022-10-09,6
2022-10-17,MCQE,20189.0,10.97,221473.33000000002,2022-10-09,6
2022-10-18,AMOC,52176.0,3.8,198268.8,2022-10-09,7
2022-10-18,MCQE,20189.0,11.06,223290.34,2022-10-09,7
2022-10-18,HRHO,21632.0,9.9,214156.80000000002,2022-10-18,0
2022-10-19,MCQE,20189.0,11.09,223896.01,2022-10-09,8
2022-10-19,HRHO,21632.0,9.76,211128.32,2022-10-18,1
2022-10-20,MCQE,20189.0,11.1,224097.9,2022-10-09,9
2022-10-20,HRHO,21632.0,9.9,214156.80000000002,2022-10-18,2
2022-10-23,MCQE,20189.0,10.73,216627.97,2022-10-09,10
2022-10-23,HRHO,21632.0,9.82,212426.24000000002,2022-10-18,3
2022-10-24,MCQE,20189.0,10.61,214205.28999999998,2022-10-09,11
2022-10-24,HRHO,21632.0,9.78,211560.96,2022-10-18,4
2022-10-25,MCQE,20189.0,10.62,214407.18,2022-10-09,12
2022-10-25,HRHO,21632.0,9.86,213291.52,2022-10-18,5
2022-10-26,MCQE,20189.0,10.99,221877.11000000002,2022-10-09,13
2022-10-26,HRHO,21632.0,10.02,216752.63999999998,2022-10-18,6
2022-10-27,MCQE,20189.0,11.5,232173.5,2022-10-09,14
2022-10-27,HRHO,21632.0,10.4,224972.80000000002,2022-10-18,7
2022-10-30,HRHO,21632.0,10.27,222160.63999999998,2022-10-18,8
2022-10-30,RMDA,119093.0,1.8,214367.4,2022-10-30,0
2022-10-30,MCQE,18640.0,11.34,211377.6,2022-10-30,0
2022-10-31,HRHO,21632.0,10.72,231895.04,2022-10-18,9
2022-10-31,RMDA,119093.0,1.76,209603.68,2022-10-30,1
2022-10-31,MCQE,18640.0,11.65,217156.0,2022-10-30,1
2022-11-01,HRHO,21632.0,10.66,230597.12,2022-10-18,10
2022-11-01,RMDA,119093.0,1.76,209603.68,2022-10-30,2
2022-11-01,MCQE,18640.0,11.63,216783.2,2022-10-30,2
2022-11-02,HRHO,21632.0,10.4,224972.80000000002,2022-10-18,11
2022-11-02,RMDA,119093.0,1.76,209603.68,2022-10-30,3
2022-11-02,MCQE,18640.0,11.57,215664.80000000002,2022-10-30,3
2022-11-03,HRHO,21632.0,10.46,226270.72000000003,2022-10-18,12
2022-11-03,RMDA,119093.0,1.76,209603.68,2022-10-30,4
2022-11-03,MCQE,18640.0,11.45,213428.0,2022-10-30,4
2022-11-06,HRHO,21632.0,10.43,225621.75999999998,2022-10-18,13
2022-11-06,RMDA,119093.0,1.78,211985.54,2022-10-30,5
2022-11-06,MCQE,18640.0,11.36,211750.4,2022-10-30,5
2022-11-07,HRHO,21632.0,10.56,228433.92,2022-10-18,14
2022-11-07,RMDA,119093.0,1.79,213176.47,2022-10-30,6
2022-11-07,MCQE,18640.0,11.49,214173.6,2022-10-30,6
2022-11-08,HRHO,21632.0,10.64,230164.48,2022-10-18,15
2022-11-08,RMDA,119093.0,1.76,209603.68,2022-10-30,7
2022-11-08,MCQE,18640.0,11.35,211564.0,2022-10-30,7
2022-11-09,HRHO,21632.0,10.8,233625.6,2022-10-18,16
2022-11-09,RMDA,119093.0,1.74,207221.82,2022-10-30,8
2022-11-09,MCQE,18640.0,11.54,215105.59999999998,2022-10-30,8
2022-11-10,HRHO,21632.0,10.81,233841.92,2022-10-18,17
2022-11-10,RMDA,119093.0,1.82,216749.26,2022-10-30,9
2022-11-10,MCQE,18640.0,11.71,218274.40000000002,2022-10-30,9
2022-11-13,HRHO,21632.0,10.93,236437.75999999998,2022-10-18,18
2022-11-13,RMDA,119093.0,1.79,213176.47,2022-10-30,10
2022-11-13,MCQE,18640.0,11.96,222934.40000000002,2022-10-30,10
2022-11-14,HRHO,21632.0,10.77,232976.63999999998,2022-10-18,19
2022-11-14,RMDA,119093.0,1.84,219131.12,2022-10-30,11
2022-11-14,MCQE,18640.0,11.87,221256.8,2022-10-30,11
2022-11-14,CCAP,164931.0,1.32,217708.92,2022-11-14,0
2022-11-14,HELI,37306.0,5.87,218986.22,2022-11-14,0
2022-11-15,HRHO,21632.0,10.6,229299.19999999998,2022-10-18,20
2022-11-15,RMDA,119093.0,1.9,226276.69999999998,2022-10-30,12
2022-11-15,MCQE,18640.0,11.76,219206.4,2022-10-30,12
2022-11-15,CCAP,164931.0,1.31,216059.61000000002,2022-11-14,1
2022-11-15,HELI,37306.0,5.81,216747.86,2022-11-14,1
2022-11-16,RMDA,119093.0,2.02,240567.86000000002,2022-10-30,13
2022-11-16,MCQE,18640.0,12.11,225730.4,2022-10-30,13
2022-11-16,CCAP,164931.0,1.36,224306.16,2022-11-14,2
2022-11-16,HELI,37306.0,5.86,218613.16,2022-11-14,2
2022-11-16,PHDC,151090.0,1.55,234189.5,2022-11-16,0
2022-11-17,RMDA,119093.0,2.02,240567.86000000002,2022-10-30,14
2022-11-17,MCQE,18640.0,12.5,233000.0,2022-10-30,14
2022-11-17,CCAP,164931.0,1.36,224306.16,2022-11-14,3
2022-11-17,HELI,37306.0,5.88,219359.28,2022-11-14,3
2022-11-17,PHDC,151090.0,1.63,246276.69999999998,2022-11-16,1
2022-11-20,RMDA,119093.0,2.03,241758.78999999998,2022-10-30,15
2022-11-20,MCQE,18640.0,12.78,238219.19999999998,2022-10-30,15
2022-11-20,CCAP,164931.0,1.36,224306.16,2022-11-14,4
2022-11-20,HELI,37306.0,5.84,217867.04,2022-11-14,4
2022-11-20,PHDC,151090.0,1.63,246276.69999999998,2022-11-16,2
2022-11-21,RMDA,119093.0,1.96,233422.28,2022-10-30,16
2022-11-21,MCQE,18640.0,12.57,234304.80000000002,2022-10-30,16
2022-11-21,CCAP,164931.0,1.34,221007.54,2022-11-14,5
2022-11-21,HELI,37306.0,5.81,216747.86,2022-11-14,5
2022-11-21,PHDC,151090.0,1.65,249298.5,2022-11-16,3
2022-11-22,RMDA,119093.0,1.92,228658.56,2022-10-30,17
2022-11-22,MCQE,18640.0,12.38,230763.2,2022-10-30,17
2022-11-22,CCAP,164931.0,1.35,222656.85,2022-11-14,6
2022-11-22,HELI,37306.0,6.14,229058.84,2022-11-14,6
2022-11-22,PHDC,151090.0,1.69,255342.1,2022-11-16,4
2022-11-23,RMDA,119093.0,1.89,225085.77,2022-10-30,18
2022-11-23,MCQE,18640.0,12.38,230763.2,2022-10-30,18
2022-11-23,CCAP,164931.0,1.38,227604.77999999997,2022-11-14,7
2022-11-23,HELI,37306.0,6.05,225701.3,2022-11-14,7
2022-11-23,PHDC,151090.0,1.69,255342.1,2022-11-16,5
2022-11-24,RMDA,119093.0,1.89,225085.77,2022-10-30,19
2022-11-24,MCQE,18640.0,12.61,235050.4,2022-10-30,19
2022-11-24,CCAP,164931.0,1.37,225955.47000000003,2022-11-14,8
2022-11-24,HELI,37306.0,6.19,230924.14,2022-11-14,8
2022-11-27,RMDA,119093.0,1.88,223894.84,2022-10-30,20
2022-11-27,MCQE,18640.0,13.12,244556.8,2022-10-30,20
2022-11-27,CCAP,164931.0,1.42,234202.02,2022-11-14,9
2022-11-27,HELI,37306.0,6.19,230924.14,2022-11-14,9
2022-11-28,CCAP,164931.0,1.45,239149.94999999998,2022-11-14,10
2022-11-28,HELI,37306.0,6.03,224955.18000000002,2022-11-14,10
2022-11-29,CCAP,164931.0,1.45,239149.94999999998,2022-11-14,11
2022-11-29,HELI,37306.0,6.09,227193.54,2022-11-14,11
2022-11-29,EGAL,8411.0,29.16,245264.76,2022-11-29,0
2022-11-30,CCAP,164931.0,1.44,237500.63999999998,2022-11-14,12
2022-11-30,HELI,37306.0,6.24,232789.44,2022-11-14,12
2022-11-30,EGAL,8411.0,28.58,240386.37999999998,2022-11-29,1
2022-12-01,CCAP,164931.0,1.5,247396.5,2022-11-14,13
2022-12-01,HELI,37306.0,6.52,243235.12,2022-11-14,13
2022-12-01,EGAL,8411.0,29.07,244507.77,2022-11-29,2
2022-12-04,HELI,37306.0,7.05,263007.3,2022-11-14,14
2022-12-04,EGAL,8411.0,30.1,253171.1,2022-11-29,3
2022-12-05,EGAL,8411.0,29.52,248292.72,2022-11-29,4
2022-12-05,EAST,24676.0,10.03,247500.27999999997,2022-12-05,0
2022-12-06,EGAL,8411.0,28.96,243582.56,2022-11-29,5
2022-12-06,EAST,24676.0,9.86,243305.36,2022-12-05,1
2022-12-07,EGAL,8411.0,29.21,245685.31,2022-11-29,6
2022-12-07,EAST,24676.0,10.32,254656.32,2022-12-05,2
2022-12-08,EGAL,8411.0,29.33,246694.62999999998,2022-11-29,7
2022-12-08,EAST,24676.0,10.4,256630.40000000002,2022-12-05,3
2022-12-11,EGAL,8411.0,29.61,249049.71,2022-11-29,8
2022-12-11,EAST,24676.0,10.03,247500.27999999997,2022-12-05,4
2022-12-12,EGAL,8411.0,28.69,241311.59,2022-11-29,9
2022-12-12,EAST,24676.0,10.16,250708.16,2022-12-05,5
2022-12-13,EGAL,8411.0,29.53,248376.83000000002,2022-11-29,10
2022-12-13,EAST,24676.0,11.0,271436.0,2022-12-05,6
2022-12-13,ETEL,10589.0,23.22,245876.58,2022-12-13,0
2022-12-14,EGAL,8411.0,31.3,263264.3,2022-11-29,11
2022-12-14,EAST,24676.0,10.56,260578.56000000003,2022-12-05,7
2022-12-15,EGAL,8411.0,29.66,249470.26,2022-11-29,12
2022-12-15,EAST,24676.0,11.15,275137.4,2022-12-05,8
2022-12-18,EGAL,8411.0,29.41,247367.51,2022-11-29,13
2022-12-18,EAST,24676.0,11.09,273656.83999999997,2022-12-05,9
2022-12-18,ETEL,10480.0,24.2,253616.0,2022-12-18,0
2022-12-19,EGAL,8411.0,28.92,243246.12000000002,2022-11-29,14
2022-12-19,EAST,24676.0,10.93,269708.68,2022-12-05,10
2022-12-19,ETEL,10480.0,25.25,264620.0,2022-12-18,1
2022-12-20,EGAL,8411.0,28.69,241311.59,2022-11-29,15
2022-12-20,EAST,24676.0,11.19,276124.44,2022-12-05,11
2022-12-20,ETEL,10480.0,26.48,277510.4,2022-12-18,2
2022-12-21,EGAL,8411.0,28.41,238956.51,2022-11-29,16
2022-12-21,EAST,24676.0,11.16,275384.16000000003,2022-12-05,12
2022-12-21,ETEL,10480.0,26.49,277615.2,2022-12-18,3
2022-12-22,EGAL,8411.0,28.58,240386.37999999998,2022-11-29,17
2022-12-22,EAST,24676.0,10.78,266007.27999999997,2022-12-05,13
2022-12-22,ETEL,10480.0,26.07,273213.6,2022-12-18,4
2022-12-25,EGAL,8411.0,28.22,237358.41999999998,2022-11-29,18
2022-12-25,EAST,24676.0,10.56,260578.56000000003,2022-12-05,14
2022-12-25,ETEL,10480.0,24.9,260951.99999999997,2022-12-18,5
2022-12-26,EAST,24676.0,10.56,260578.56000000003,2022-12-05,15
2022-12-26,ETEL,10480.0,25.28,264934.4,2022-12-18,6
2022-12-27,EAST,24676.0,10.56,260578.56000000003,2022-12-05,16
2022-12-27,ETEL,10480.0,25.0,262000.0,2022-12-18,7
2022-12-28,EAST,24676.0,10.56,260578.56000000003,2022-12-05,17
2022-12-28,ETEL,10480.0,25.51,267344.8,2022-12-18,8
2022-12-28,EFIH,16050.0,15.28,245244.0,2022-12-28,0
2022-12-29,EAST,24676.0,10.64,262552.64,2022-12-05,18
2022-12-29,ETEL,10480.0,25.1,263048.0,2022-12-18,9
2022-12-29,EFIH,16050.0,15.21,244120.5,2022-12-28,1
2023-01-02,EAST,24676.0,10.71,264279.96,2022-12-05,19
2023-01-02,ETEL,10480.0,24.73,259170.4,2022-12-18,10
2023-01-02,EFIH,16050.0,15.4,247170.0,2022-12-28,2
2023-01-03,EAST,24676.0,10.54,260085.03999999998,2022-12-05,20
2023-01-03,ETEL,10480.0,25.3,265144.0,2022-12-18,11
2023-01-03,EFIH,16050.0,15.69,251824.5,2022-12-28,3
2023-01-03,COMI,5823.0,42.75,248933.25,2023-01-03,0
2023-01-03,EGCH,51983.0,4.87,253157.21,2023-01-03,0
2023-01-04,ETEL,10480.0,25.62,268497.60000000003,2022-12-18,12
2023-01-04,EFIH,16050.0,16.29,261454.5,2022-12-28,4
2023-01-04,COMI,5823.0,44.51,259181.72999999998,2023-01-03,1
2023-01-04,EGCH,51983.0,5.05,262514.14999999997,2023-01-03,1
2023-01-05,ETEL,10480.0,25.97,272165.6,2022-12-18,13
2023-01-05,EFIH,16050.0,16.67,267553.5,2022-12-28,5
2023-01-05,COMI,5823.0,45.6,265528.8,2023-01-03,2
2023-01-05,EGCH,51983.0,5.2,270311.60000000003,2023-01-03,2
2023-01-09,ETEL,10480.0,25.79,270279.2,2022-12-18,14
2023-01-09,EFIH,16050.0,16.49,264664.5,2022-12-28,6
2023-01-09,COMI,5823.0,46.6,271351.8,2023-01-03,3
2023-01-09,EGCH,51983.0,5.48,284866.84,2023-01-03,3
2023-01-10,ETEL,10480.0,24.35,255188.00000000003,2022-12-18,15
2023-01-10,EFIH,16050.0,16.41,263380.5,2022-12-28,7
2023-01-10,COMI,5823.0,43.7,254465.1,2023-01-03,4
2023-01-10,EGCH,51983.0,5.4,280708.2,2023-01-03,4
2023-01-11,ETEL,10480.0,24.5,256760.0,2022-12-18,16
2023-01-11,EFIH,16050.0,17.6,282480.0,2022-12-28,8
2023-01-11,COMI,5823.0,42.0,244566.0,2023-01-03,5
2023-01-11,EGCH,51983.0,5.46,283827.18,2023-01-03,5
2023-01-12,ETEL,10480.0,24.2,253616.0,2022-12-18,17
2023-01-12,COMI,5823.0,41.7,242819.1,2023-01-03,6
2023-01-15,ETEL,10480.0,24.4,255711.99999999997,2022-12-18,18
2023-01-15,COMI,5823.0,41.75,243110.25,2023-01-03,7
2023-01-16,ETEL,10480.0,25.37,265877.60000000003,2022-12-18,19
2023-01-16,MCQE,16026.0,16.62,266352.12,2023-01-16,0
2023-01-17,ETEL,10480.0,25.34,265563.2,2022-12-18,20
2023-01-17,MCQE,16026.0,16.94,271480.44,2023-01-16,1
2023-01-18,MCQE,16026.0,18.02,288788.52,2023-01-16,2
2023-01-18,COMI,6162.0,44.48,274085.76,2023-01-18,0
2023-01-18,GBCO,46349.0,5.49,254456.01,2023-01-18,0
2023-01-18,ETEL,10480.0,24.42,255921.6,2023-01-18,0
2023-01-18,PHDC,128933.0,1.98,255287.34,2023-01-18,0
2023-01-19,MCQE,16026.0,17.73,284140.98,2023-01-16,3
2023-01-19,COMI,6162.0,45.65,281295.3,2023-01-18,1
2023-01-19,GBCO,46349.0,5.47,253529.03,2023-01-18,1
2023-01-19,ETEL,10480.0,24.15,253091.99999999997,2023-01-18,1
2023-01-19,PHDC,128933.0,2.17,279784.61,2023-01-18,1
2023-01-22,MCQE,16026.0,17.49,280294.74,2023-01-16,4
2023-01-22,COMI,6162.0,45.35,279446.7,2023-01-18,2
2023-01-22,GBCO,46349.0,5.49,254456.01,2023-01-18,2
2023-01-22,ETEL,10480.0,24.28,254454.40000000002,2023-01-18,2
2023-01-22,PHDC,128933.0,2.28,293967.24,2023-01-18,2
2023-01-23,MCQE,16026.0,17.32,277570.32,2023-01-16,5
2023-01-23,COMI,6162.0,46.43,286101.66,2023-01-18,3
2023-01-23,GBCO,46349.0,5.4,250284.6,2023-01-18,3
2023-01-23,ETEL,10480.0,24.5,256760.0,2023-01-18,3
2023-01-23,PHDC,128933.0,2.24,288809.92000000004,2023-01-18,3
2023-01-24,MCQE,16026.0,17.33,277730.57999999996,2023-01-16,6
2023-01-24,COMI,6162.0,48.7,300089.4,2023-01-18,4
2023-01-24,GBCO,46349.0,5.4,250284.6,2023-01-18,4
2023-01-24,ETEL,10480.0,24.28,254454.40000000002,2023-01-18,4
2023-01-24,PHDC,128933.0,2.23,287520.59,2023-01-18,4
2023-01-25,MCQE,16026.0,17.25,276448.5,2023-01-16,7
2023-01-25,COMI,6162.0,50.9,313645.8,2023-01-18,5
2023-01-25,GBCO,46349.0,5.5,254919.5,2023-01-18,5
2023-01-25,ETEL,10480.0,24.41,255816.8,2023-01-18,5
2023-01-25,PHDC,128933.0,2.26,291388.57999999996,2023-01-18,5
2023-01-29,MCQE,16026.0,17.09,273884.34,2023-01-16,8
2023-01-29,GBCO,46349.0,5.51,255382.99,2023-01-18,6
2023-01-29,ETEL,10480.0,27.99,293335.2,2023-01-18,6
2023-01-29,PHDC,128933.0,2.3,296545.89999999997,2023-01-18,6
2023-01-30,MCQE,16026.0,16.8,269236.8,2023-01-16,9
2023-01-30,GBCO,46349.0,5.31,246113.18999999997,2023-01-18,7
2023-01-30,PHDC,128933.0,2.22,286231.26,2023-01-18,7
2023-01-30,ETEL,10788.0,26.0,280488.0,2023-01-30,0
2023-01-31,MCQE,16026.0,16.32,261544.32,2023-01-16,10
2023-01-31,GBCO,46349.0,5.12,237306.88,2023-01-18,8
2023-01-31,PHDC,128933.0,2.13,274627.29,2023-01-18,8
2023-01-31,ETEL,11174.0,27.4,306167.6,2023-01-31,0
2023-02-01,PHDC,128933.0,2.11,272048.63,2023-01-18,9
2023-02-01,ETEL,11174.0,26.5,296111.0,2023-01-31,1
2023-02-02,PHDC,128933.0,2.03,261733.98999999996,2023-01-18,10
2023-02-02,ETEL,11174.0,26.11,291753.14,2023-01-31,2
2023-02-05,PHDC,128933.0,2.24,288809.92000000004,2023-01-18,11
2023-02-05,ETEL,11174.0,25.66,286724.84,2023-01-31,3
2023-02-06,PHDC,128933.0,2.27,292677.91,2023-01-18,12
2023-02-06,ETEL,11174.0,27.25,304491.5,2023-01-31,4
2023-02-07,PHDC,128933.0,2.23,287520.59,2023-01-18,13
2023-02-07,ETEL,11174.0,27.4,306167.6,2023-01-31,5
2023-02-08,PHDC,128933.0,2.15,277205.95,2023-01-18,14
2023-02-08,ETEL,11174.0,27.33,305385.42,2023-01-31,6
2023-02-09,PHDC,128933.0,2.21,284941.93,2023-01-18,15
2023-02-09,ETEL,11174.0,27.72,309743.27999999997,2023-01-31,7
2023-02-12,PHDC,128933.0,2.14,275916.62,2023-01-18,16
2023-02-12,ETEL,11174.0,27.03,302033.22000000003,2023-01-31,8
2023-02-13,PHDC,128933.0,2.11,272048.63,2023-01-18,17
2023-02-13,ETEL,11174.0,26.98,301474.52,2023-01-31,9
2023-02-13,HELI,26695.0,9.74,260009.30000000002,2023-02-13,0
2023-02-14,PHDC,128933.0,2.19,282363.27,2023-01-18,18
2023-02-14,ETEL,11174.0,26.76,299016.24,2023-01-31,10
2023-02-14,HELI,26695.0,10.52,280831.39999999997,2023-02-13,1
2023-02-14,EGCH,48382.0,5.48,265133.36000000004,2023-02-14,0
2023-02-15,PHDC,128933.0,2.18,281073.94,2023-01-18,19
2023-02-15,ETEL,11174.0,26.77,299127.98,2023-01-31,11
2023-02-15,HELI,26695.0,10.6,282967.0,2023-02-13,2
2023-02-15,EGCH,48382.0,5.61,271423.02,2023-02-14,1
2023-02-15,MCQE,15239.0,17.22,262415.57999999996,2023-02-15,0
2023-02-16,PHDC,128933.0,2.16,278495.28,2023-01-18,20
2023-02-16,ETEL,11174.0,26.31,293987.94,2023-01-31,12
2023-02-16,HELI,26695.0,10.53,281098.35,2023-02-13,3
2023-02-16,EGCH,48382.0,5.65,273358.3,2023-02-14,2
2023-02-16,MCQE,15239.0,17.11,260739.28999999998,2023-02-15,1
2023-02-19,ETEL,11174.0,25.89,289294.86,2023-01-31,13
2023-02-19,HELI,26695.0,10.23,273089.85000000003,2023-02-13,4
2023-02-19,EGCH,48382.0,5.54,268036.28,2023-02-14,3
2023-02-19,MCQE,15239.0,17.14,261196.46000000002,2023-02-15,2
2023-02-19,CCAP,126530.0,2.17,274570.1,2023-02-19,0
2023-02-20,ETEL,11174.0,24.46,273316.04000000004,2023-01-31,14
2023-02-20,HELI,26695.0,9.71,259208.45,2023-02-13,5
2023-02-20,EGCH,48382.0,5.28,255456.96000000002,2023-02-14,4
2023-02-20,MCQE,15239.0,16.9,257539.09999999998,2023-02-15,3
2023-02-20,CCAP,126530.0,2.1,265713.0,2023-02-19,1
2023-02-21,HELI,26695.0,10.13,270420.35000000003,2023-02-13,6
2023-02-21,EGCH,48382.0,5.35,258843.69999999998,2023-02-14,5
2023-02-21,MCQE,15239.0,16.5,251443.5,2023-02-15,4
2023-02-21,CCAP,126530.0,2.14,270774.2,2023-02-19,2
2023-02-22,HELI,26695.0,9.65,257606.75,2023-02-13,7
2023-02-22,EGCH,48382.0,5.25,254005.5,2023-02-14,6
2023-02-22,MCQE,15239.0,16.1,245347.90000000002,2023-02-15,5
2023-02-22,CCAP,126530.0,2.07,261917.09999999998,2023-02-19,3
2023-02-23,HELI,26695.0,9.75,260276.25,2023-02-13,8
2023-02-23,EGCH,48382.0,5.35,258843.69999999998,2023-02-14,7
2023-02-23,MCQE,15239.0,16.35,249157.65000000002,2023-02-15,6
2023-02-23,CCAP,126530.0,2.08,263182.4,2023-02-19,4
2023-02-26,HELI,26695.0,9.81,261877.95,2023-02-13,9
2023-02-26,EGCH,48382.0,5.37,259811.34,2023-02-14,8
2023-02-26,CCAP,126530.0,2.13,269508.89999999997,2023-02-19,5
2023-02-27,HELI,26695.0,9.9,264280.5,2023-02-13,10
2023-02-27,EGCH,48382.0,5.39,260778.97999999998,2023-02-14,9
2023-02-27,CCAP,126530.0,2.15,272039.5,2023-02-19,6
2023-02-27,MCQE,15490.0,16.96,262710.4,2023-02-27,0
2023-02-28,HELI,26695.0,9.75,260276.25,2023-02-13,11
2023-02-28,EGCH,48382.0,5.35,258843.69999999998,2023-02-14,10
2023-02-28,CCAP,126530.0,2.22,280896.60000000003,2023-02-19,7
2023-02-28,MCQE,15490.0,17.13,265343.7,2023-02-27,1
2023-03-01,HELI,26695.0,9.6,256272.0,2023-02-13,12
2023-03-01,EGCH,48382.0,5.36,259327.52000000002,2023-02-14,11
2023-03-01,CCAP,126530.0,2.3,291019.0,2023-02-19,8
2023-03-01,MCQE,15490.0,17.41,269680.9,2023-02-27,2
2023-03-02,HELI,26695.0,9.36,249865.19999999998,2023-02-13,13
2023-03-02,EGCH,48382.0,5.4,261262.80000000002,2023-02-14,12
2023-03-02,CCAP,126530.0,2.26,285957.8,2023-02-19,9
2023-03-02,MCQE,15490.0,17.4,269526.0,2023-02-27,3
2023-03-05,HELI,26695.0,9.2,245593.99999999997,2023-02-13,14
2023-03-05,EGCH,48382.0,5.32,257392.24000000002,2023-02-14,13
2023-03-05,CCAP,126530.0,2.21,279631.3,2023-02-19,10
2023-03-05,MCQE,15490.0,17.51,271229.9,2023-02-27,4
2023-03-06,EGCH,48382.0,5.27,254973.13999999998,2023-02-14,14
2023-03-06,CCAP,126530.0,2.2,278366.0,2023-02-19,11
2023-03-06,MCQE,15490.0,17.28,267667.2,2023-02-27,5
2023-03-07,EGCH,48382.0,5.12,247715.84,2023-02-14,15
2023-03-07,CCAP,126530.0,2.1,265713.0,2023-02-19,12
2023-03-07,MCQE,15490.0,17.33,268441.69999999995,2023-02-27,6
2023-03-07,ORWE,23081.0,11.1,256199.1,2023-03-07,0
2023-03-08,CCAP,126530.0,2.07,261917.09999999998,2023-02-19,13
2023-03-08,MCQE,15490.0,17.03,263794.7,2023-02-27,7
2023-03-08,ORWE,23081.0,10.96,252967.76,2023-03-07,1
2023-03-09,MCQE,15490.0,17.24,267047.6,2023-02-27,8
2023-03-09,ORWE,23081.0,11.49,265200.69,2023-03-07,2
2023-03-12,MCQE,15490.0,16.78,259922.2,2023-02-27,9
2023-03-12,ORWE,23081.0,11.29,260584.49,2023-03-07,3
2023-03-12,AMOC,30004.0,8.31,249333.24000000002,2023-03-12,0
2023-03-13,MCQE,15490.0,16.47,255120.3,2023-02-27,10
2023-03-13,ORWE,23081.0,10.81,249505.61000000002,2023-03-07,4
2023-03-13,AMOC,30004.0,8.15,244532.6,2023-03-12,1
2023-03-14,MCQE,15490.0,16.47,255120.3,2023-02-27,11
2023-03-14,ORWE,23081.0,10.86,250659.65999999997,2023-03-07,5
2023-03-15,MCQE,15490.0,14.81,229406.9,2023-02-27,12
2023-03-15,ORWE,23081.0,10.0,230810.0,2023-03-07,6
2023-03-26,ORWE,21952.0,11.38,249813.76,2023-03-26,0
2023-03-27,ORWE,21952.0,11.83,259692.16,2023-03-26,1
2023-03-27,AMOC,29893.0,8.36,249905.47999999998,2023-03-27,0
2023-03-28,ORWE,21952.0,12.26,269131.52,2023-03-26,2
2023-03-28,AMOC,29893.0,8.74,261264.82,2023-03-27,1
2023-03-28,JUFO,23739.0,10.46,248309.94000000003,2023-03-28,0
2023-03-29,ORWE,21952.0,13.29,291742.07999999996,2023-03-26,3
2023-03-29,AMOC,29893.0,9.38,280396.34,2023-03-27,2
2023-03-29,JUFO,23739.0,11.0,261129.0,2023-03-28,1
2023-03-30,AMOC,29893.0,9.05,270531.65,2023-03-27,3
2023-03-30,JUFO,23739.0,10.96,260179.44000000003,2023-03-28,2
2023-03-30,ABUK,5980.0,43.81,261983.80000000002,2023-03-30,0
2023-04-02,AMOC,29893.0,9.34,279200.62,2023-03-27,4
2023-04-02,JUFO,23739.0,11.19,265639.41,2023-03-28,3
2023-04-02,ABUK,5980.0,44.5,266110.0,2023-03-30,1
2023-04-02,EAST,20229.0,12.86,260144.94,2023-04-02,0
2023-04-03,AMOC,29893.0,9.62,287570.66,2023-03-27,5
2023-04-03,JUFO,23739.0,11.15,264689.85000000003,2023-03-28,4
2023-04-03,ABUK,5980.0,47.52,284169.60000000003,2023-03-30,2
2023-04-03,EAST,20229.0,12.99,262774.71,2023-04-02,1
2023-04-04,AMOC,29893.0,9.38,280396.34,2023-03-27,6
2023-04-04,JUFO,23739.0,11.28,267775.92,2023-03-28,5
2023-04-04,EAST,20229.0,12.64,255694.56,2023-04-02,2
2023-04-04,COMI,5199.0,52.5,272947.5,2023-04-04,0
2023-04-05,AMOC,29893.0,9.19,274716.67,2023-03-27,7
2023-04-05,JUFO,23739.0,11.69,277508.91,2023-03-28,6
2023-04-05,EAST,20229.0,12.6,254885.4,2023-04-02,3
2023-04-05,COMI,5199.0,53.29,277054.71,2023-04-04,1
2023-04-06,AMOC,29893.0,9.19,274716.67,2023-03-27,8
2023-04-06,JUFO,23739.0,12.01,285105.39,2023-03-28,7
2023-04-06,EAST,20229.0,12.29,248614.40999999997,2023-04-02,4
2023-04-06,COMI,5199.0,51.6,268268.4,2023-04-04,2
2023-04-09,AMOC,29893.0,9.07,271129.51,2023-03-27,9
2023-04-09,JUFO,23739.0,12.16,288666.24,2023-03-28,8
2023-04-09,EAST,20229.0,12.23,247400.67,2023-04-02,5
2023-04-09,COMI,5199.0,51.7,268788.3,2023-04-04,3
2023-04-10,AMOC,29893.0,9.16,273819.88,2023-03-27,10
2023-04-10,JUFO,23739.0,12.23,290327.97000000003,2023-03-28,9
2023-04-10,EAST,20229.0,12.24,247602.96,2023-04-02,6
2023-04-10,COMI,5199.0,51.5,267748.5,2023-04-04,4
2023-04-11,AMOC,29893.0,9.51,284282.43,2023-03-27,11
2023-04-11,JUFO,23739.0,12.82,304333.98,2023-03-28,10
2023-04-11,EAST,20229.0,13.0,262977.0,2023-04-02,7
2023-04-11,COMI,5199.0,51.69,268736.31,2023-04-04,5
2023-04-12,AMOC,29893.0,9.39,280695.27,2023-03-27,12
2023-04-12,EAST,20229.0,12.55,253873.95,2023-04-02,8
2023-04-12,COMI,5199.0,51.1,265668.9,2023-04-04,6
2023-04-13,AMOC,29893.0,9.6,286972.8,2023-03-27,13
2023-04-13,EAST,20229.0,12.62,255289.97999999998,2023-04-02,9
2023-04-13,COMI,5199.0,58.5,304141.5,2023-04-04,7
2023-04-18,AMOC,29893.0,9.99,298631.07,2023-03-27,14
2023-04-18,EAST,20229.0,12.64,255694.56,2023-04-02,10
2023-04-19,AMOC,29893.0,10.13,302816.09,2023-03-27,15
2023-04-19,EAST,20229.0,12.64,255694.56,2023-04-02,11
2023-04-19,VLMRA,6391.0,45.73,292260.43,2023-04-19,0
2023-04-19,EFID,19088.0,16.0,305408.0,2023-04-19,0
2023-04-26,EAST,20229.0,12.9,260954.1,2023-04-02,12
2023-04-26,VLMRA,6391.0,45.22,289001.02,2023-04-19,1
2023-04-26,EFID,19088.0,16.08,306935.04,2023-04-19,1
2023-04-27,EAST,20229.0,12.93,261560.97,2023-04-02,13
2023-04-27,VLMRA,6391.0,45.71,292132.61,2023-04-19,2
2023-04-27,EFID,19088.0,16.6,316860.80000000005,2023-04-19,2
2023-04-30,EAST,20229.0,12.73,257515.17,2023-04-02,14
2023-04-30,VLMRA,6391.0,44.57,284846.87,2023-04-19,3
2023-04-30,EFID,19088.0,15.97,304835.36,2023-04-19,3
2023-05-01,EAST,20229.0,12.92,261358.68,2023-04-02,15
2023-05-01,VLMRA,6391.0,42.6,272256.60000000003,2023-04-19,4
2023-05-01,EFID,19088.0,15.59,297581.92,2023-04-19,4
2023-05-02,EAST,20229.0,12.93,261560.97,2023-04-02,16
2023-05-02,VLMRA,6391.0,43.49,277944.59,2023-04-19,5
2023-05-02,EFID,19088.0,15.59,297581.92,2023-04-19,5
2023-05-03,EAST,20229.0,12.67,256301.43,2023-04-02,17
2023-05-03,VLMRA,6391.0,43.85,280245.35000000003,2023-04-19,6
2023-05-03,EFID,19088.0,15.5,295864.0,2023-04-19,6
2023-05-07,EAST,20229.0,12.44,251648.75999999998,2023-04-02,18
2023-05-07,VLMRA,6391.0,43.46,277752.86,2023-04-19,7
2023-05-07,EFID,19088.0,15.64,298536.32,2023-04-19,7
2023-05-08,EAST,20229.0,12.56,254076.24000000002,2023-04-02,19
2023-05-08,VLMRA,6391.0,45.05,287914.55,2023-04-19,8
2023-05-08,EFID,19088.0,15.69,299490.72,2023-04-19,8
2023-05-09,EAST,20229.0,12.56,254076.24000000002,2023-04-02,20
2023-05-09,VLMRA,6391.0,44.05,281523.55,2023-04-19,9
2023-05-09,EFID,19088.0,15.52,296245.76,2023-04-19,9
2023-05-09,AMOC,30979.0,9.41,291512.39,2023-05-09,0
2023-05-10,VLMRA,6391.0,44.1,281843.10000000003,2023-04-19,10
2023-05-10,EFID,19088.0,15.5,295864.0,2023-04-19,10
2023-05-10,AMOC,30979.0,9.6,297398.39999999997,2023-05-09,1
2023-05-11,VLMRA,6391.0,43.65,278967.14999999997,2023-04-19,11
2023-05-11,EFID,19088.0,15.42,294336.96,2023-04-19,11
2023-05-11,AMOC,30979.0,9.32,288724.28,2023-05-09,2
2023-05-14,VLMRA,6391.0,42.36,270722.76,2023-04-19,12
2023-05-14,EFID,19088.0,15.69,299490.72,2023-04-19,12
2023-05-14,AMOC,30979.0,9.19,284697.01,2023-05-09,3
2023-05-15,EFID,19088.0,15.39,293764.32,2023-04-19,13
2023-05-15,AMOC,30979.0,8.93,276642.47,2023-05-09,4
2023-05-16,EFID,19088.0,15.3,292046.4,2023-04-19,14
2023-05-16,AMOC,30979.0,8.7,269517.3,2023-05-09,5
2023-05-17,EFID,19088.0,15.3,292046.4,2023-04-19,15
2023-05-18,EFID,19088.0,15.23,290710.24,2023-04-19,16
2023-05-21,EFID,19088.0,15.55,296818.4,2023-04-19,17
2023-05-22,EFID,19088.0,15.84,302353.92,2023-04-19,18
2023-05-23,EFID,19088.0,15.85,302544.8,2023-04-19,19
2023-05-24,EFID,19088.0,15.98,305026.24,2023-04-19,20
2023-05-25,ORWE,17635.0,15.49,273166.15,2023-05-25,0
2023-05-25,COMI,5317.0,52.3,278079.1,2023-05-25,0
2023-05-25,EFID,17471.0,16.6,290018.60000000003,2023-05-25,0
2023-05-28,ORWE,17635.0,15.37,271049.95,2023-05-25,1
2023-05-28,COMI,5317.0,52.03,276643.51,2023-05-25,1
2023-05-28,EFID,17471.0,18.48,322864.08,2023-05-25,1
2023-05-29,ORWE,17635.0,15.14,266993.9,2023-05-25,2
2023-05-29,COMI,5317.0,51.72,274995.24,2023-05-25,2
2023-05-30,ORWE,17635.0,15.6,275106.0,2023-05-25,3
2023-05-30,COMI,5317.0,52.5,279142.5,2023-05-25,3
2023-05-31,ORWE,17635.0,15.35,270697.25,2023-05-25,4
2023-05-31,COMI,5317.0,52.3,278079.1,2023-05-25,4
2023-05-31,EGAL,6672.0,43.64,291166.08,2023-05-31,0
2023-06-01,ORWE,17635.0,15.72,277222.2,2023-05-25,5
2023-06-01,COMI,5317.0,52.6,279674.2,2023-05-25,5
2023-06-01,EGAL,6672.0,43.5,290232.0,2023-05-31,1
2023-06-04,ORWE,17635.0,15.7,276869.5,2023-05-25,6
2023-06-04,COMI,5317.0,52.24,277760.08,2023-05-25,6
2023-06-04,EGAL,6672.0,43.1,287563.2,2023-05-31,2
2023-06-05,ORWE,17635.0,15.7,276869.5,2023-05-25,7
2023-06-05,COMI,5317.0,52.05,276749.85,2023-05-25,7
2023-06-05,EGAL,6672.0,42.5,283560.0,2023-05-31,3
2023-06-06,ORWE,17635.0,15.48,272989.8,2023-05-25,8
2023-06-06,COMI,5317.0,52.4,278610.8,2023-05-25,8
2023-06-06,EGAL,6672.0,42.47,283359.83999999997,2023-05-31,4
2023-06-07,ORWE,17635.0,15.0,264525.0,2023-05-25,9
2023-06-07,COMI,5317.0,52.5,279142.5,2023-05-25,9
2023-06-07,EGAL,6672.0,41.47,276687.83999999997,2023-05-31,5
2023-06-08,ORWE,17635.0,15.07,265759.45,2023-05-25,10
2023-06-08,COMI,5317.0,53.0,281801.0,2023-05-25,10
2023-06-08,EGAL,6672.0,42.0,280224.0,2023-05-31,6
2023-06-11,ORWE,17635.0,15.59,274929.65,2023-05-25,11
2023-06-11,COMI,5317.0,53.23,283023.91,2023-05-25,11
2023-06-12,ORWE,17635.0,15.51,273518.85,2023-05-25,12
2023-06-12,COMI,5317.0,52.15,277281.55,2023-05-25,12
2023-06-12,EGAL,6719.0,43.8,294292.19999999995,2023-06-12,0
2023-06-13,ORWE,17635.0,15.38,271226.3,2023-05-25,13
2023-06-13,COMI,5317.0,52.11,277068.87,2023-05-25,13
2023-06-13,EGAL,6719.0,43.3,290932.69999999995,2023-06-12,1
2023-06-14,ORWE,17635.0,15.07,265759.45,2023-05-25,14
2023-06-14,COMI,5317.0,52.71,280259.07,2023-05-25,14
2023-06-14,EGAL,6719.0,43.41,291671.79,2023-06-12,2
2023-06-15,ORWE,17635.0,14.88,262408.8,2023-05-25,15
2023-06-15,COMI,5317.0,53.0,281801.0,2023-05-25,15
2023-06-15,EGAL,6719.0,43.0,288917.0,2023-06-12,3
2023-06-18,ORWE,17635.0,15.5,273342.5,2023-05-25,16
2023-06-18,COMI,5317.0,52.9,281269.3,2023-05-25,16
2023-06-18,EGAL,6719.0,43.1,289588.9,2023-06-12,4
2023-06-19,ORWE,17635.0,15.39,271402.65,2023-05-25,17
2023-06-19,COMI,5317.0,52.31,278132.27,2023-05-25,17
2023-06-19,EGAL,6719.0,43.6,292948.4,2023-06-12,5
2023-06-20,ORWE,17635.0,15.18,267699.3,2023-05-25,18
2023-06-20,COMI,5317.0,51.96,276271.32,2023-05-25,18
2023-06-20,EGAL,6719.0,44.14,296576.66000000003,2023-06-12,6
2023-06-21,ORWE,17635.0,14.91,262937.85,2023-05-25,19
2023-06-21,COMI,5317.0,51.6,274357.2,2023-05-25,19
2023-06-21,EGAL,6719.0,42.98,288782.62,2023-06-12,7
2023-06-22,ORWE,17635.0,15.0,264525.0,2023-05-25,20
2023-06-22,COMI,5317.0,51.31,272815.27,2023-05-25,20
2023-06-22,EGAL,6719.0,43.0,288917.0,2023-06-12,8
2023-06-25,EGAL,6719.0,42.57,286027.83,2023-06-12,9
2023-06-25,ARCC,34942.0,7.95,277788.9,2023-06-25,0
2023-06-26,EGAL,6719.0,42.77,287371.63,2023-06-12,10
2023-06-26,ARCC,34942.0,8.5,297007.0,2023-06-25,1
2023-06-26,ORAS,2262.0,123.0,278226.0,2023-06-26,0
2023-07-04,EGAL,6719.0,42.1,282869.9,2023-06-12,11
2023-07-04,ARCC,34942.0,8.3,290018.60000000003,2023-06-25,2
2023-07-04,ORAS,2262.0,123.01,278248.62,2023-06-26,1
2023-07-04,ADIB,14689.0,19.39,284819.71,2023-07-04,0
2023-07-05,EGAL,6719.0,42.07,282668.33,2023-06-12,12
2023-07-05,ARCC,34942.0,8.3,290018.60000000003,2023-06-25,3
2023-07-05,ORAS,2262.0,126.99,287251.38,2023-06-26,2
2023-07-05,ADIB,14689.0,19.7,289373.3,2023-07-04,1
2023-07-06,EGAL,6719.0,41.7,280182.30000000005,2023-06-12,13
2023-07-06,ARCC,34942.0,7.88,275342.96,2023-06-25,4
2023-07-06,ORAS,2262.0,125.65,284220.3,2023-06-26,3
2023-07-06,ADIB,14689.0,19.82,291135.98,2023-07-04,2
2023-07-09,EGAL,6719.0,39.0,262041.0,2023-06-12,14
2023-07-09,ARCC,34942.0,7.88,275342.96,2023-06-25,5
2023-07-09,ORAS,2262.0,118.95,269064.9,2023-06-26,4
2023-07-09,ADIB,14689.0,18.69,274537.41000000003,2023-07-04,3
2023-07-10,ARCC,34942.0,7.88,275342.96,2023-06-25,6
2023-07-10,ORAS,2262.0,118.93,269019.66000000003,2023-06-26,5
2023-07-10,ADIB,14689.0,19.17,281588.13,2023-07-04,4
2023-07-11,ARCC,34942.0,7.88,275342.96,2023-06-25,7
2023-07-11,ORAS,2262.0,117.09,264857.58,2023-06-26,6
2023-07-11,ADIB,14689.0,19.07,280119.23,2023-07-04,5
2023-07-12,ARCC,34942.0,7.88,275342.96,2023-06-25,8
2023-07-12,ORAS,2262.0,116.94,264518.27999999997,2023-06-26,7
2023-07-12,ADIB,14689.0,19.02,279384.77999999997,2023-07-04,6
2023-07-12,EGCH,39685.0,6.8,269858.0,2023-07-12,0
2023-07-13,ARCC,34942.0,7.95,277788.9,2023-06-25,9
2023-07-13,ORAS,2262.0,117.99,266893.38,2023-06-26,8
2023-07-13,ADIB,14689.0,19.08,280266.12,2023-07-04,7
2023-07-13,EGCH,39685.0,6.96,276207.6,2023-07-12,1
2023-07-16,ARCC,34942.0,8.03,280584.25999999995,2023-06-25,10
2023-07-16,ORAS,2262.0,117.69,266214.77999999997,2023-06-26,9
2023-07-16,ADIB,14689.0,18.89,277475.21,2023-07-04,8
2023-07-16,EGCH,39685.0,6.96,276207.6,2023-07-12,2
2023-07-16,GBCO,43138.0,6.26,270043.88,2023-07-16,0
2023-07-17,ARCC,34942.0,7.88,275342.96,2023-06-25,11
2023-07-17,ORAS,2262.0,117.71,266260.01999999996,2023-06-26,10
2023-07-17,ADIB,14689.0,18.76,275565.64,2023-07-04,9
2023-07-17,EGCH,39685.0,6.88,273032.8,2023-07-12,3
2023-07-17,GBCO,43138.0,6.43,277377.33999999997,2023-07-16,1
2023-07-18,ARCC,34942.0,7.71,269402.82,2023-06-25,12
2023-07-18,ORAS,2262.0,120.92,273521.04,2023-06-26,11
2023-07-18,ADIB,14689.0,18.99,278944.11,2023-07-04,10
2023-07-18,EGCH,39685.0,7.18,284938.3,2023-07-12,4
2023-07-18,GBCO,43138.0,6.54,282122.52,2023-07-16,2
2023-07-19,ARCC,34942.0,7.67,268005.14,2023-06-25,13
2023-07-19,ORAS,2262.0,123.7,279809.4,2023-06-26,12
2023-07-19,ADIB,14689.0,18.82,276446.98,2023-07-04,11
2023-07-19,EGCH,39685.0,7.01,278191.85,2023-07-12,5
2023-07-19,GBCO,43138.0,6.5,280397.0,2023-07-16,3
2023-07-24,ARCC,34942.0,7.67,268005.14,2023-06-25,14
2023-07-24,ORAS,2262.0,121.98,275918.76,2023-06-26,13
2023-07-24,ADIB,14689.0,18.77,275712.52999999997,2023-07-04,12
2023-07-24,EGCH,39685.0,7.01,278191.85,2023-07-12,6
2023-07-24,GBCO,43138.0,6.49,279965.62,2023-07-16,4
2023-07-25,ORAS,2262.0,120.72,273068.64,2023-06-26,14
2023-07-25,ADIB,14689.0,18.66,274096.74,2023-07-04,13
2023-07-25,EGCH,39685.0,6.91,274223.35,2023-07-12,7
2023-07-25,GBCO,43138.0,6.43,277377.33999999997,2023-07-16,5
2023-07-26,ORAS,2262.0,119.55,270422.1,2023-06-26,15
2023-07-26,ADIB,14689.0,19.25,282763.25,2023-07-04,14
2023-07-26,EGCH,39685.0,6.89,273429.64999999997,2023-07-12,8
2023-07-26,GBCO,43138.0,6.43,277377.33999999997,2023-07-16,6
2023-07-27,ORAS,2262.0,118.16,267277.92,2023-06-26,16
2023-07-27,ADIB,14689.0,19.52,286729.27999999997,2023-07-04,15
2023-07-27,EGCH,39685.0,6.84,271445.4,2023-07-12,9
2023-07-27,GBCO,43138.0,6.36,274357.68,2023-07-16,7
2023-07-30,ORAS,2262.0,119.71,270784.01999999996,2023-06-26,17
2023-07-30,ADIB,14689.0,20.41,299802.49,2023-07-04,16
2023-07-30,EGCH,39685.0,6.92,274620.2,2023-07-12,10
2023-07-30,GBCO,43138.0,6.49,279965.62,2023-07-16,8
2023-07-31,ORAS,2262.0,119.98,271394.76,2023-06-26,18
2023-07-31,ADIB,14689.0,20.33,298627.37,2023-07-04,17
2023-07-31,EGCH,39685.0,6.87,272635.95,2023-07-12,11
2023-07-31,GBCO,43138.0,6.7,289024.60000000003,2023-07-16,9
2023-08-01,ORAS,2262.0,121.0,273702.0,2023-06-26,19
2023-08-01,ADIB,14689.0,19.72,289667.07999999996,2023-07-04,18
2023-08-01,EGCH,39685.0,6.69,265492.65,2023-07-12,12
2023-08-01,GBCO,43138.0,6.79,292907.02,2023-07-16,10
2023-08-01,ORHD,25402.0,10.69,271547.38,2023-08-01,0
2023-08-02,ORAS,2262.0,118.57,268205.33999999997,2023-06-26,20
2023-08-02,ADIB,14689.0,20.02,294073.77999999997,2023-07-04,19
2023-08-02,EGCH,39685.0,6.48,257158.80000000002,2023-07-12,13
2023-08-02,GBCO,43138.0,6.39,275651.82,2023-07-16,11
2023-08-02,ORHD,25402.0,10.56,268245.12,2023-08-01,1
2023-08-03,ADIB,14689.0,20.01,293926.89,2023-07-04,20
2023-08-03,GBCO,43138.0,6.37,274789.06,2023-07-16,12
2023-08-03,ORHD,25402.0,10.49,266466.98,2023-08-01,2
2023-08-06,GBCO,43138.0,6.6,284710.8,2023-07-16,13
2023-08-06,ORHD,25402.0,10.91,277135.82,2023-08-01,3
2023-08-07,GBCO,43138.0,6.59,284279.42,2023-07-16,14
2023-08-07,ORHD,25402.0,10.92,277389.84,2023-08-01,4
2023-08-08,GBCO,43138.0,6.75,291181.5,2023-07-16,15
2023-08-08,ORHD,25402.0,10.93,277643.86,2023-08-01,5
2023-08-08,BFTH,68792.0,3.85,264849.2,2023-08-08,0
2023-08-09,GBCO,43138.0,6.8,293338.39999999997,2023-07-16,16
2023-08-09,ORHD,25402.0,10.93,277643.86,2023-08-01,6
2023-08-09,BFTH,68792.0,3.67,252466.63999999998,2023-08-08,1
2023-08-10,GBCO,43138.0,6.72,289887.36,2023-07-16,17
2023-08-10,ORHD,25402.0,10.83,275103.66,2023-08-01,7
2023-08-10,BFTH,68792.0,3.64,250402.88,2023-08-08,2
2023-08-13,GBCO,43138.0,6.75,291181.5,2023-07-16,18
2023-08-13,ORHD,25402.0,10.71,272055.42000000004,2023-08-01,8
2023-08-13,BFTH,68792.0,3.78,260033.75999999998,2023-08-08,3
2023-08-14,GBCO,43138.0,6.6,284710.8,2023-07-16,19
2023-08-14,ORHD,25402.0,10.7,271801.39999999997,2023-08-01,9
2023-08-14,BFTH,68792.0,3.7,254530.40000000002,2023-08-08,4
2023-08-15,GBCO,43138.0,6.5,280397.0,2023-07-16,20
2023-08-15,ORHD,25402.0,11.01,279676.02,2023-08-01,10
2023-08-15,BFTH,68792.0,3.64,250402.88,2023-08-08,5
2023-08-16,ORHD,25402.0,10.86,275865.72,2023-08-01,11
2023-08-16,BFTH,68792.0,3.41,234580.72,2023-08-08,6
2023-08-17,ORHD,25402.0,10.8,274341.60000000003,2023-08-01,12
2023-08-17,BFTH,68792.0,3.44,236644.48,2023-08-08,7
2023-08-20,ORHD,25402.0,10.72,272309.44,2023-08-01,13
2023-08-20,BFTH,68792.0,3.52,242147.84,2023-08-08,8
2023-08-21,ORHD,25402.0,10.69,271547.38,2023-08-01,14
2023-08-21,BFTH,68792.0,3.37,231829.04,2023-08-08,9
2023-08-22,ORHD,25402.0,10.74,272817.48,2023-08-01,15
2023-08-22,BFTH,68792.0,3.42,235268.63999999998,2023-08-08,10
2023-08-23,ORHD,25402.0,10.57,268499.14,2023-08-01,16
2023-08-23,BFTH,68792.0,3.28,225637.75999999998,2023-08-08,11
2023-08-23,EAST,18624.0,14.72,274145.28,2023-08-23,0
2023-08-24,ORHD,25402.0,10.51,266975.02,2023-08-01,17
2023-08-24,BFTH,68792.0,3.2,220134.40000000002,2023-08-08,12
2023-08-24,EAST,18624.0,14.39,267999.36,2023-08-23,1
2023-08-27,ORHD,25402.0,10.69,271547.38,2023-08-01,18
2023-08-27,EAST,18624.0,14.58,271537.92,2023-08-23,2
2023-08-28,ORHD,25402.0,10.5,266721.0,2023-08-01,19
2023-08-28,EAST,18624.0,14.71,273959.04000000004,2023-08-23,3
2023-08-28,ORAS,2079.0,122.83,255363.57,2023-08-28,0
2023-08-29,ORHD,25402.0,10.34,262656.68,2023-08-01,20
2023-08-29,EAST,18624.0,14.9,277497.60000000003,2023-08-23,4
2023-08-29,ORAS,2079.0,123.22,256174.38,2023-08-28,1
2023-08-29,HRHO,16068.0,16.06,258052.08,2023-08-29,0
2023-08-30,EAST,18624.0,15.19,282898.56,2023-08-23,5
2023-08-30,ORAS,2079.0,119.0,247401.0,2023-08-28,2
2023-08-30,HRHO,16068.0,16.01,257248.68000000002,2023-08-29,1
2023-08-31,EAST,18624.0,15.09,281036.16,2023-08-23,6
2023-08-31,HRHO,16068.0,15.94,256123.91999999998,2023-08-29,2
2023-09-03,EAST,18624.0,15.98,297611.52,2023-08-23,7
2023-09-03,HRHO,16068.0,15.75,253071.0,2023-08-29,3
2023-09-04,EAST,18624.0,16.13,300405.12,2023-08-23,8
2023-09-04,HRHO,16068.0,16.05,257891.40000000002,2023-08-29,4
2023-09-05,HRHO,16068.0,15.9,255481.2,2023-08-29,5
2023-09-05,ETEL,9964.0,26.52,264245.27999999997,2023-09-05,0
2023-09-06,HRHO,16068.0,16.0,257088.0,2023-08-29,6
2023-09-06,ETEL,9964.0,27.29,271917.56,2023-09-05,1
2023-09-07,HRHO,16068.0,15.9,255481.2,2023-08-29,7
2023-09-07,ETEL,9964.0,28.39,282877.96,2023-09-05,2
2023-09-10,HRHO,16068.0,15.9,255481.2,2023-08-29,8
2023-09-10,ETEL,9964.0,29.6,294934.4,2023-09-05,3
2023-09-11,HELI,22070.0,12.38,273226.60000000003,2023-09-11,0
2023-09-11,ORAS,2271.0,117.6,267069.6,2023-09-11,0
2023-09-11,ETEL,9134.0,28.8,263059.2,2023-09-11,0
2023-09-12,HELI,22070.0,12.13,267709.10000000003,2023-09-11,1
2023-09-12,ORAS,2271.0,117.63,267137.73,2023-09-11,1
2023-09-12,ETEL,9134.0,28.1,256665.40000000002,2023-09-11,1
2023-09-13,HELI,22070.0,12.24,270136.8,2023-09-11,2
2023-09-13,ORAS,2271.0,119.0,270249.0,2023-09-11,2
2023-09-14,HELI,22070.0,12.32,271902.4,2023-09-11,3
2023-09-14,ORAS,2271.0,120.0,272520.0,2023-09-11,3
2023-09-17,HELI,22070.0,12.15,268150.5,2023-09-11,4
2023-09-17,ORAS,2271.0,120.95,274677.45,2023-09-11,4
2023-09-17,ORHD,25013.0,10.62,265638.06,2023-09-17,0
2023-09-18,HELI,22070.0,12.07,266384.9,2023-09-11,5
2023-09-18,ORAS,2271.0,121.99,277039.29,2023-09-11,5
2023-09-18,ORHD,25013.0,10.89,272391.57,2023-09-17,1
2023-09-19,HELI,22070.0,12.18,268812.6,2023-09-11,6
2023-09-19,ORAS,2271.0,122.73,278719.83,2023-09-11,6
2023-09-19,ORHD,25013.0,10.6,265137.8,2023-09-17,2
2023-09-19,EGCH,40210.0,6.54,262973.4,2023-09-19,0
2023-09-20,HELI,22070.0,11.96,263957.2,2023-09-11,7
2023-09-20,ORAS,2271.0,122.17,277448.07,2023-09-11,7
2023-09-20,ORHD,25013.0,10.38,259634.94000000003,2023-09-17,3
2023-09-20,EGCH,40210.0,6.52,262169.2,2023-09-19,1
2023-09-21,HELI,22070.0,11.96,263957.2,2023-09-11,8
2023-09-21,ORAS,2271.0,126.0,286146.0,2023-09-11,8
2023-09-21,ORHD,25013.0,10.6,265137.8,2023-09-17,4
2023-09-21,EGCH,40210.0,6.61,265788.10000000003,2023-09-19,2
2023-09-24,HELI,22070.0,11.75,259322.5,2023-09-11,9
2023-09-24,ORAS,2271.0,128.02,290733.42000000004,2023-09-11,9
2023-09-24,ORHD,25013.0,10.47,261886.11000000002,2023-09-17,5
2023-09-24,EGCH,40210.0,7.47,300368.7,2023-09-19,3
2023-09-25,HELI,22070.0,11.76,259543.19999999998,2023-09-11,10
2023-09-25,ORAS,2271.0,131.98,299726.57999999996,2023-09-11,10
2023-09-25,ORHD,25013.0,10.86,271641.18,2023-09-17,6
2023-09-26,HELI,22070.0,11.42,252039.4,2023-09-11,11
2023-09-26,ORHD,25013.0,10.7,267639.1,2023-09-17,7
2023-09-27,HELI,22070.0,11.25,248287.5,2023-09-11,12
2023-09-27,ORHD,25013.0,10.51,262886.63,2023-09-17,8
2023-10-01,ORHD,25013.0,10.79,269890.26999999996,2023-09-17,9
2023-10-02,ORHD,25013.0,10.56,264137.28,2023-09-17,10
2023-10-03,ORHD,25013.0,10.0,250130.0,2023-09-17,11
2023-10-11,TMGH,20732.0,13.11,271796.51999999996,2023-10-11,0
2023-10-11,EAST,15086.0,17.85,269285.10000000003,2023-10-11,0
2023-10-12,TMGH,20732.0,13.15,272625.8,2023-10-11,1
2023-10-12,EAST,15086.0,18.25,275319.5,2023-10-11,1
2023-10-12,EFID,13259.0,21.98,291432.82,2023-10-12,0
2023-10-15,TMGH,20732.0,13.07,270967.24,2023-10-11,2
2023-10-15,EAST,15086.0,18.17,274112.62000000005,2023-10-11,2
2023-10-15,EFID,12698.0,23.0,292054.0,2023-10-15,0
2023-10-16,TMGH,20732.0,13.5,279882.0,2023-10-11,3
2023-10-16,EAST,15086.0,18.51,279241.86000000004,2023-10-11,3
2023-10-16,EFID,12301.0,23.5,289073.5,2023-10-16,0
2023-10-16,ORWE,17795.0,16.2,288279.0,2023-10-16,0
2023-10-17,TMGH,20732.0,15.56,322589.92,2023-10-11,4
2023-10-17,EAST,15086.0,20.0,301720.0,2023-10-11,4
2023-10-17,EFID,12301.0,23.97,294854.97,2023-10-16,1
2023-10-17,ORWE,17795.0,18.52,329563.39999999997,2023-10-16,1
2023-10-17,EGAL,6154.0,46.0,283084.0,2023-10-17,0
2023-10-18,EAST,15086.0,20.29,306094.94,2023-10-11,5
2023-10-18,EFID,12301.0,24.0,295224.0,2023-10-16,2
2023-10-18,EGAL,6154.0,44.96,276683.84,2023-10-17,1
2023-10-18,ORWE,17518.0,17.6,308316.80000000005,2023-10-18,0
2023-10-18,ETEL,10547.0,31.5,332230.5,2023-10-18,0
2023-10-19,EFID,12301.0,23.75,292148.75,2023-10-16,3
2023-10-19,EGAL,6154.0,43.26,266222.04,2023-10-17,2
2023-10-19,ORWE,17518.0,16.94,296754.92000000004,2023-10-18,1
2023-10-19,ETEL,10547.0,30.83,325164.01,2023-10-18,1
2023-10-19,HRHO,19229.0,15.6,299972.39999999997,2023-10-19,0
2023-10-22,EFID,12301.0,23.96,294731.96,2023-10-16,4
2023-10-22,ETEL,10547.0,30.88,325691.36,2023-10-18,2
2023-10-22,HRHO,19229.0,15.7,301895.3,2023-10-19,1
2023-10-22,ORWE,16533.0,17.86,295279.38,2023-10-22,0
2023-10-23,EFID,12301.0,25.81,317488.81,2023-10-16,5
2023-10-23,ETEL,10547.0,30.81,324953.07,2023-10-18,3
2023-10-23,HRHO,19229.0,15.47,297472.63,2023-10-19,2
2023-10-23,ORWE,16533.0,17.51,289492.83,2023-10-22,1
2023-10-23,EGAL,6084.0,53.99,328475.16000000003,2023-10-23,0
2023-10-24,ETEL,10547.0,31.07,327695.29,2023-10-18,4
2023-10-24,HRHO,19229.0,15.66,301126.14,2023-10-19,3
2023-10-24,ORWE,16533.0,17.55,290154.15,2023-10-22,2
2023-10-24,EGAL,5952.0,63.25,376464.0,2023-10-24,0
2023-10-25,ETEL,10547.0,32.19,339507.93,2023-10-18,5
2023-10-25,HRHO,19229.0,16.47,316701.63,2023-10-19,4
2023-10-25,ORWE,16533.0,19.98,330329.34,2023-10-22,3
2023-10-25,EGAL,5501.0,67.8,372967.8,2023-10-25,0
2023-10-26,ETEL,10547.0,32.25,340140.75,2023-10-18,6
2023-10-26,HRHO,19229.0,16.91,325162.39,2023-10-19,5
2023-10-26,EGAL,5501.0,67.1,369117.1,2023-10-25,1
2023-10-29,ETEL,10547.0,33.04,348472.88,2023-10-18,7
2023-10-29,HRHO,19229.0,17.31,332853.99,2023-10-19,6
2023-10-29,EGAL,5501.0,67.1,369117.1,2023-10-25,2
2023-10-29,HELI,28481.0,12.65,360284.65,2023-10-29,0
2023-10-30,ETEL,10547.0,32.7,344886.9,2023-10-18,8
2023-10-30,HRHO,19229.0,17.0,326893.0,2023-10-19,7
2023-10-30,EGAL,5501.0,71.56,393651.56,2023-10-25,2
2023-10-30,HELI,28481.0,12.13,345474.53,2023-10-29,1
2023-10-30,COMI,5662.0,60.9,344815.8,2023-10-30,0
2023-10-31,ETEL,10547.0,34.0,358598.0,2023-10-18,9
2023-10-31,HRHO,19229.0,16.7,321124.3,2023-10-19,8
2023-10-31,EGAL,5501.0,67.0,368567.0,2023-10-25,3
2023-10-31,HELI,28481.0,11.75,334651.75,2023-10-29,2
2023-10-31,COMI,5662.0,60.35,341701.7,2023-10-30,1
2023-11-01,ETEL,10547.0,32.95,347523.65,2023-10-18,10
2023-11-01,HRHO,19229.0,16.55,318239.95,2023-10-19,9
2023-11-01,EGAL,5501.0,65.82,362075.81999999995,2023-10-25,4
2023-11-01,HELI,28481.0,11.64,331518.84,2023-10-29,3
2023-11-01,COMI,5662.0,61.1,345948.2,2023-10-30,2
2023-11-02,ETEL,10547.0,33.45,352797.15,2023-10-18,11
2023-11-02,HRHO,19229.0,17.0,326893.0,2023-10-19,10
2023-11-02,EGAL,5501.0,67.46,371097.45999999996,2023-10-25,5
2023-11-02,COMI,5662.0,61.69,349288.77999999997,2023-10-30,3
2023-11-05,ETEL,10547.0,34.3,361762.1,2023-10-18,12
2023-11-05,HRHO,19229.0,17.83,342853.06999999995,2023-10-19,11
2023-11-05,EGAL,5501.0,68.5,376818.5,2023-10-25,6
2023-11-05,COMI,5662.0,62.99,356649.38,2023-10-30,4
2023-11-06,ETEL,10547.0,33.81,356594.07,2023-10-18,13
2023-11-06,HRHO,19229.0,17.9,344199.1,2023-10-19,12
2023-11-06,EGAL,5501.0,69.05,379844.05,2023-10-25,7
2023-11-06,COMI,5662.0,63.4,358970.8,2023-10-30,5
2023-11-07,ETEL,10547.0,33.8,356488.6,2023-10-18,14
2023-11-07,EGAL,5501.0,72.6,399372.6,2023-10-25,8
2023-11-07,COMI,5662.0,65.6,371427.19999999995,2023-10-30,6
2023-11-07,ORAS,1924.0,178.0,342472.0,2023-11-07,0
2023-11-08,ETEL,10547.0,33.85,357015.95,2023-10-18,15
2023-11-08,COMI,5662.0,70.1,396906.19999999995,2023-10-30,7
2023-11-08,ORAS,1924.0,172.76,332390.24,2023-11-07,1
2023-11-09,ETEL,10547.0,35.12,370410.63999999996,2023-10-18,16
2023-11-09,ORAS,1924.0,171.69,330331.56,2023-11-07,2
2023-11-12,ORAS,1924.0,168.02,323270.48000000004,2023-11-07,3
2023-11-12,ABUK,4567.0,81.64,372849.88,2023-11-12,0
2023-11-13,ORAS,1924.0,168.99,325136.76,2023-11-07,4
2023-11-13,ABUK,4567.0,79.0,360793.0,2023-11-12,1
2023-11-14,ORAS,1924.0,165.08,317613.92000000004,2023-11-07,5
2023-11-14,ABUK,4567.0,81.25,371068.75,2023-11-12,2
2023-11-15,ORAS,1924.0,165.55,318518.2,2023-11-07,6
2023-11-15,ABUK,4567.0,82.0,374494.0,2023-11-12,3
2023-11-16,ORAS,1924.0,171.7,330350.8,2023-11-07,7
2023-11-16,ABUK,4567.0,83.55,381572.85,2023-11-12,4
2023-11-19,ORAS,1924.0,175.09,336873.16000000003,2023-11-07,8
2023-11-19,ABUK,4567.0,85.35,389793.44999999995,2023-11-12,5
2023-11-19,ORWE,20510.0,18.33,375948.3,2023-11-19,0
2023-11-20,ORAS,1924.0,171.27,329523.48000000004,2023-11-07,9
2023-11-20,ABUK,4567.0,84.99,388149.32999999996,2023-11-12,6
2023-11-20,ORWE,20510.0,17.9,367128.99999999994,2023-11-19,1
2023-11-20,VLMRA,7624.0,47.66,363359.83999999997,2023-11-20,0
2023-11-21,ORAS,1924.0,175.0,336700.0,2023-11-07,10
2023-11-21,ABUK,4567.0,85.43,390158.81000000006,2023-11-12,7
2023-11-21,ORWE,20510.0,17.9,367128.99999999994,2023-11-19,2
2023-11-21,VLMRA,7624.0,48.2,367476.80000000005,2023-11-20,1
2023-11-22,ORAS,1924.0,183.0,352092.0,2023-11-07,11
2023-11-22,ABUK,4567.0,84.33,385135.11,2023-11-12,8
2023-11-22,ORWE,20510.0,17.84,365898.4,2023-11-19,3
2023-11-22,VLMRA,7624.0,48.14,367019.36,2023-11-20,2
2023-11-23,ORAS,1924.0,185.07,356074.68,2023-11-07,12
2023-11-23,ABUK,4567.0,84.25,384769.75,2023-11-12,9
2023-11-23,ORWE,20510.0,18.2,373282.0,2023-11-19,4
2023-11-23,VLMRA,7624.0,48.04,366256.96,2023-11-20,3
2023-11-26,ORAS,1924.0,186.28,358402.72000000003,2023-11-07,13
2023-11-26,ABUK,4567.0,84.0,383628.0,2023-11-12,10
2023-11-26,ORWE,20510.0,18.67,382921.7,2023-11-19,5
2023-11-26,VLMRA,7624.0,48.58,370373.92,2023-11-20,4
2023-11-27,ORAS,1924.0,192.0,369408.0,2023-11-07,14
2023-11-27,ABUK,4567.0,82.0,374494.0,2023-11-12,11
2023-11-27,ORWE,20510.0,19.07,391125.7,2023-11-19,6
2023-11-27,VLMRA,7624.0,47.8,364427.19999999995,2023-11-20,5
2023-11-28,ORAS,1924.0,198.01,380971.24,2023-11-07,15
2023-11-28,ABUK,4567.0,79.25,361934.75,2023-11-12,12
2023-11-28,ORWE,20510.0,18.47,378819.69999999995,2023-11-19,7
2023-11-28,VLMRA,7624.0,47.09,359014.16000000003,2023-11-20,6
2023-11-29,ORAS,1924.0,188.06,361827.44,2023-11-07,16
2023-11-29,ABUK,4567.0,80.0,365360.0,2023-11-12,13
2023-11-29,ORWE,20510.0,18.0,369180.0,2023-11-19,8
2023-11-29,VLMRA,7624.0,45.56,347349.44,2023-11-20,7
2023-11-30,ORAS,1924.0,187.01,359807.24,2023-11-07,17
2023-11-30,ABUK,4567.0,79.35,362391.44999999995,2023-11-12,14
2023-11-30,ORWE,20510.0,18.23,373897.3,2023-11-19,9
2023-12-03,ORAS,1924.0,182.37,350879.88,2023-11-07,18
2023-12-03,ABUK,4567.0,77.21,352618.06999999995,2023-11-12,15
2023-12-03,ORWE,20510.0,18.01,369385.10000000003,2023-11-19,10
2023-12-04,ORAS,1924.0,187.62,360980.88,2023-11-07,19
2023-12-04,ABUK,4567.0,78.05,356454.35,2023-11-12,16
2023-12-04,ORWE,20510.0,18.3,375333.0,2023-11-19,11
2023-12-05,ORAS,1924.0,187.03,359845.72000000003,2023-11-07,20
2023-12-05,ABUK,4567.0,77.81,355358.27,2023-11-12,17
2023-12-05,ORWE,20510.0,18.9,387638.99999999994,2023-11-19,12
2023-12-05,TMGH,15044.0,23.69,356392.36000000004,2023-12-05,0
2023-12-05,EAST,18297.0,19.92,364476.24000000005,2023-12-05,0
2023-12-06,ABUK,4567.0,73.5,335674.5,2023-11-12,18
2023-12-06,ORWE,20510.0,18.14,372051.4,2023-11-19,13
2023-12-06,TMGH,15044.0,23.22,349321.68,2023-12-05,1
2023-12-06,EAST,18297.0,19.92,364476.24000000005,2023-12-05,1
2023-12-07,ORWE,20510.0,18.09,371025.9,2023-11-19,14
2023-12-07,TMGH,15044.0,23.18,348719.92,2023-12-05,2
2023-12-07,EAST,18297.0,20.0,365940.0,2023-12-05,2
2023-12-07,EFID,11809.0,30.0,354270.0,2023-12-07,0
2023-12-10,ORWE,20510.0,17.75,364052.5,2023-11-19,15
2023-12-10,EAST,18297.0,20.05,366854.85000000003,2023-12-05,3
2023-12-10,EFID,11809.0,29.52,348601.68,2023-12-07,1
2023-12-11,ORWE,20510.0,17.1,350721.00000000006,2023-11-19,16
2023-12-11,EAST,18297.0,19.94,364842.18000000005,2023-12-05,4
2023-12-11,EFID,11809.0,29.66,350254.94,2023-12-07,2
2023-12-12,EAST,18297.0,20.07,367220.79,2023-12-05,5
2023-12-12,EFID,11809.0,31.02,366315.18,2023-12-07,3
2023-12-13,EAST,18297.0,21.22,388262.33999999997,2023-12-05,6
2023-12-13,EFID,11809.0,31.4,370802.6,2023-12-07,4
2023-12-14,EAST,18297.0,20.81,380760.56999999995,2023-12-05,7
2023-12-14,EFID,11809.0,33.05,390287.44999999995,2023-12-07,5
2023-12-17,EAST,18297.0,20.64,377650.08,2023-12-05,8
2023-12-17,EFID,11809.0,34.43,406583.87,2023-12-07,6
2023-12-18,EAST,18297.0,21.1,386066.7,2023-12-05,9
2023-12-19,EAST,18297.0,20.59,376735.23,2023-12-05,10
2023-12-19,TMGH,15375.0,25.0,384375.0,2023-12-19,0
2023-12-19,ORAS,2003.0,180.16,360860.48,2023-12-19,0
2023-12-20,EAST,18297.0,20.15,368684.55,2023-12-05,11
2023-12-20,TMGH,15375.0,25.27,388526.25,2023-12-19,1
2023-12-20,ORAS,2003.0,176.61,353749.83,2023-12-19,1
2023-12-20,EGCH,34705.0,10.06,349132.3,2023-12-20,0
2023-12-21,EAST,18297.0,19.59,358438.23,2023-12-05,12
2023-12-21,TMGH,15375.0,24.3,373612.5,2023-12-19,2
2023-12-21,ORAS,2003.0,176.66,353849.98,2023-12-19,2
2023-12-21,EGCH,34705.0,10.21,354338.05000000005,2023-12-20,1
2023-12-24,EAST,18297.0,19.43,355510.71,2023-12-05,13
2023-12-24,TMGH,15375.0,23.66,363772.5,2023-12-19,3
2023-12-24,ORAS,2003.0,171.87,344255.61,2023-12-19,3
2023-12-24,EGCH,34705.0,10.12,351214.6,2023-12-20,2
2023-12-25,EAST,18297.0,19.66,359719.02,2023-12-05,14
2023-12-25,TMGH,15375.0,25.2,387450.0,2023-12-19,4
2023-12-25,ORAS,2003.0,179.9,360339.7,2023-12-19,4
2023-12-25,EGCH,34705.0,10.04,348438.19999999995,2023-12-20,3
2023-12-26,EAST,18297.0,19.18,350936.46,2023-12-05,15
2023-12-26,TMGH,15375.0,24.5,376687.5,2023-12-19,5
2023-12-26,ORAS,2003.0,178.0,356534.0,2023-12-19,5
2023-12-26,EGCH,34705.0,10.05,348785.25,2023-12-20,4
2023-12-27,TMGH,15375.0,24.16,371460.0,2023-12-19,6
2023-12-27,ORAS,2003.0,181.0,362543.0,2023-12-19,6
2023-12-27,EGCH,34705.0,10.7,371343.5,2023-12-20,5
2023-12-28,TMGH,15375.0,23.85,366693.75,2023-12-19,7
2023-12-28,ORAS,2003.0,181.71,363965.13,2023-12-19,7
2023-12-28,EGCH,34705.0,10.49,364055.45,2023-12-20,6
2023-12-31,TMGH,15375.0,24.15,371306.25,2023-12-19,8
2023-12-31,ORAS,2003.0,180.17,360880.50999999995,2023-12-19,8
2023-12-31,EGCH,34705.0,10.68,370649.39999999997,2023-12-20,7
2023-12-31,EAST,17029.0,21.11,359482.19,2023-12-31,0
2024-01-02,TMGH,15375.0,24.33,374073.75,2023-12-19,9
2024-01-02,ORAS,2003.0,181.86,364265.58,2023-12-19,9
2024-01-02,EGCH,34705.0,10.71,371690.55000000005,2023-12-20,8
2024-01-02,EAST,17029.0,23.04,392348.16,2023-12-31,1
2024-01-02,ETEL,9705.0,38.5,373642.5,2024-01-02,0
2024-01-03,TMGH,15375.0,24.24,372690.0,2023-12-19,10
2024-01-03,ORAS,2003.0,183.0,366549.0,2023-12-19,10
2024-01-03,EGCH,34705.0,10.61,368220.05,2023-12-20,9
2024-01-03,EAST,17029.0,23.06,392688.74,2023-12-31,2
2024-01-03,ETEL,9705.0,38.31,371798.55000000005,2024-01-02,1
2024-01-04,TMGH,15375.0,23.99,368846.25,2023-12-19,11
2024-01-04,ORAS,2003.0,183.0,366549.0,2023-12-19,11
2024-01-04,EGCH,34705.0,10.46,363014.30000000005,2023-12-20,10
2024-01-04,EAST,17029.0,22.52,383493.08,2023-12-31,3
2024-01-04,ETEL,9705.0,38.24,371119.2,2024-01-02,2
2024-01-08,TMGH,15375.0,23.65,363618.75,2023-12-19,12
2024-01-08,ORAS,2003.0,180.86,362262.58,2023-12-19,12
2024-01-08,EGCH,34705.0,10.45,362667.25,2023-12-20,11
2024-01-08,EAST,17029.0,22.37,380938.73000000004,2023-12-31,4
2024-01-08,ETEL,9705.0,37.96,368401.8,2024-01-02,3
2024-01-09,TMGH,15375.0,23.88,367155.0,2023-12-19,13
2024-01-09,ORAS,2003.0,181.11,362763.33,2023-12-19,13
2024-01-09,EGCH,34705.0,10.52,365096.6,2023-12-20,12
2024-01-09,EAST,17029.0,22.99,391496.70999999996,2023-12-31,5
2024-01-09,ETEL,9705.0,38.33,371992.64999999997,2024-01-02,4
2024-01-10,TMGH,15375.0,23.91,367616.25,2023-12-19,14
2024-01-10,ORAS,2003.0,181.44,363424.32,2023-12-19,14
2024-01-10,EGCH,34705.0,10.57,366831.85000000003,2023-12-20,13
2024-01-10,EAST,17029.0,22.49,382982.20999999996,2023-12-31,6
2024-01-10,ETEL,9705.0,38.08,369566.39999999997,2024-01-02,5
2024-01-11,TMGH,15375.0,23.6,362850.0,2023-12-19,15
2024-01-11,ORAS,2003.0,184.35,369253.05,2023-12-19,15
2024-01-11,EGCH,34705.0,10.61,368220.05,2023-12-20,14
2024-01-11,EAST,17029.0,22.43,381960.47,2023-12-31,7
2024-01-11,ETEL,9705.0,38.3,371701.5,2024-01-02,6
2024-01-14,TMGH,15375.0,25.01,384528.75,2023-12-19,16
2024-01-14,ORAS,2003.0,186.0,372558.0,2023-12-19,16
2024-01-14,EGCH,34705.0,10.8,374814.0,2023-12-20,15
2024-01-14,EAST,17029.0,23.04,392348.16,2023-12-31,8
2024-01-14,ETEL,9705.0,38.31,371798.55000000005,2024-01-02,7
2024-01-15,TMGH,15375.0,25.32,389295.0,2023-12-19,17
2024-01-15,ORAS,2003.0,186.0,372558.0,2023-12-19,17
2024-01-15,EGCH,34705.0,10.72,372037.60000000003,2023-12-20,16
2024-01-15,EAST,17029.0,24.16,411420.64,2023-12-31,9
2024-01-15,ETEL,9705.0,38.6,374613.0,2024-01-02,8
2024-01-16,TMGH,15375.0,28.3,435112.5,2023-12-19,18
2024-01-16,ORAS,2003.0,186.6,373759.8,2023-12-19,18
2024-01-16,EGCH,34705.0,10.72,372037.60000000003,2023-12-20,17
2024-01-16,EAST,17029.0,25.6,435942.4,2023-12-31,10
2024-01-16,ETEL,9705.0,39.5,383347.5,2024-01-02,9
2024-01-17,ORAS,2003.0,192.0,384576.0,2023-12-19,19
2024-01-17,EGCH,34705.0,10.57,366831.85000000003,2023-12-20,18
2024-01-17,ETEL,9705.0,39.82,386453.1,2024-01-02,10
2024-01-17,TMGH,15312.0,28.0,428736.0,2024-01-17,0
2024-01-18,ORAS,2003.0,190.51,381591.52999999997,2023-12-19,20
2024-01-18,EGCH,34705.0,10.51,364749.55,2023-12-20,19
2024-01-18,ETEL,9705.0,38.9,377524.5,2024-01-02,11
2024-01-18,TMGH,15312.0,28.1,430267.2,2024-01-17,1
2024-01-21,EGCH,34705.0,12.61,437630.05,2023-12-20,20
2024-01-21,ETEL,9705.0,39.46,382959.3,2024-01-02,12
2024-01-21,TMGH,15312.0,31.48,482021.76,2024-01-17,2
2024-01-22,ETEL,9705.0,39.05,378980.25,2024-01-02,13
2024-01-22,TMGH,15312.0,32.85,502999.2,2024-01-17,3
2024-01-23,ETEL,9705.0,37.82,367043.1,2024-01-02,14
2024-01-23,TMGH,15312.0,32.05,490749.6,2024-01-17,4
2024-01-24,ETEL,9705.0,38.5,373642.5,2024-01-02,15
2024-01-24,TMGH,15312.0,34.75,532092.0,2024-01-17,5
2024-01-28,ETEL,9705.0,39.0,378495.0,2024-01-02,16
2024-01-29,ETEL,9705.0,39.07,379174.35,2024-01-02,17
2024-01-30,ETEL,9705.0,39.32,381600.6,2024-01-02,18
2024-01-31,ETEL,9705.0,36.56,354814.80000000005,2024-01-02,19
2024-02-05,PHDC,123752.0,3.61,446744.72,2024-02-05,0
2024-02-06,PHDC,123752.0,3.65,451694.8,2024-02-05,1
2024-02-06,EFID,13178.0,33.01,435005.77999999997,2024-02-06,0
2024-02-07,PHDC,123752.0,3.55,439319.6,2024-02-05,2
2024-02-07,EFID,13178.0,33.3,438827.39999999997,2024-02-06,1
2024-02-08,PHDC,123752.0,3.56,440557.12,2024-02-05,3
2024-02-08,EFID,13178.0,33.5,441463.0,2024-02-06,2
2024-02-11,PHDC,123752.0,3.54,438082.08,2024-02-05,4
2024-02-11,EFID,13178.0,33.31,438959.18000000005,2024-02-06,3
2024-02-11,COMI,5319.0,79.55,423126.45,2024-02-11,0
2024-02-12,PHDC,123752.0,3.65,451694.8,2024-02-05,5
2024-02-12,EFID,13178.0,32.21,424463.38,2024-02-06,4
2024-02-12,COMI,5319.0,83.12,442115.28,2024-02-11,1
2024-02-13,PHDC,123752.0,3.65,451694.8,2024-02-05,6
2024-02-13,EFID,13178.0,35.5,467819.0,2024-02-06,5
2024-02-13,COMI,5319.0,81.06,431158.14,2024-02-11,2
2024-02-14,PHDC,123752.0,3.69,456644.88,2024-02-05,7
2024-02-14,EFID,13178.0,35.4,466501.19999999995,2024-02-06,6
2024-02-14,COMI,5319.0,81.99,436104.81,2024-02-11,3
2024-02-14,CCAP,145656.0,3.38,492317.27999999997,2024-02-14,0
2024-02-15,PHDC,123752.0,3.76,465307.51999999996,2024-02-05,8
2024-02-15,EFID,13178.0,35.06,462020.68000000005,2024-02-06,7
2024-02-15,COMI,5319.0,81.0,430839.0,2024-02-11,4
2024-02-15,CCAP,135811.0,3.51,476696.61,2024-02-15,0
2024-02-18,PHDC,123752.0,3.71,459119.92,2024-02-05,9
2024-02-18,EFID,13178.0,36.07,475330.46,2024-02-06,8
2024-02-18,COMI,5319.0,81.33,432594.27,2024-02-11,5
2024-02-18,CCAP,135811.0,3.48,472622.27999999997,2024-02-15,1
2024-02-19,PHDC,123752.0,3.85,476445.2,2024-02-05,10
2024-02-19,EFID,13178.0,35.69,470322.81999999995,2024-02-06,9
2024-02-19,COMI,5319.0,82.5,438817.5,2024-02-11,6
2024-02-19,CCAP,135811.0,3.44,467189.83999999997,2024-02-15,2
2024-02-19,MCQE,20511.0,22.29,457190.19,2024-02-19,0
2024-02-20,PHDC,123752.0,4.24,524708.48,2024-02-05,11
2024-02-20,EFID,13178.0,36.03,474803.34,2024-02-06,10
2024-02-20,COMI,5319.0,81.0,430839.0,2024-02-11,7
2024-02-20,CCAP,135811.0,3.52,478054.72000000003,2024-02-15,3
2024-02-20,MCQE,20511.0,22.15,454318.64999999997,2024-02-19,1
2024-02-21,EFID,13178.0,36.23,477438.93999999994,2024-02-06,11
2024-02-21,COMI,5319.0,80.52,428285.88,2024-02-11,8
2024-02-21,CCAP,135811.0,3.46,469906.06,2024-02-15,4
2024-02-21,MCQE,20511.0,22.54,462317.94,2024-02-19,2
2024-02-22,EFID,13178.0,35.88,472826.64,2024-02-06,12
2024-02-22,COMI,5319.0,80.95,430573.05,2024-02-11,9
2024-02-22,CCAP,135811.0,3.38,459041.18,2024-02-15,5
2024-02-22,MCQE,20511.0,25.95,532260.45,2024-02-19,3
2024-02-25,EFID,13178.0,43.05,567312.8999999999,2024-02-06,13
2024-02-25,COMI,5319.0,73.0,388287.0,2024-02-11,10
2024-02-25,CCAP,135811.0,3.2,434595.2,2024-02-15,6
2024-03-11,ARCC,33629.0,14.2,477531.8,2024-03-11,0
2024-03-11,ORHD,32598.0,15.05,490599.9,2024-03-11,0
2024-03-12,ARCC,33629.0,13.32,447938.28,2024-03-11,1
2024-03-12,ORHD,32598.0,14.62,476582.75999999995,2024-03-11,1
2024-03-13,ARCC,33629.0,12.8,430451.2,2024-03-11,2
2024-03-13,ORHD,32598.0,14.0,456372.0,2024-03-11,2
2024-03-13,JUFO,21260.0,22.7,482602.0,2024-03-13,0
2024-03-13,EFID,13039.0,34.88,454800.32,2024-03-13,0
2024-03-14,ARCC,33629.0,13.22,444575.38,2024-03-11,3
2024-03-14,ORHD,32598.0,14.23,463869.54000000004,2024-03-11,3
2024-03-14,EFID,13039.0,36.63,477618.57,2024-03-13,1
2024-03-14,JUFO,21347.0,22.23,474543.81,2024-03-14,0
2024-03-17,ARCC,33629.0,12.96,435831.84,2024-03-11,4
2024-03-17,JUFO,21347.0,22.03,470274.41000000003,2024-03-14,1
2024-03-18,ARCC,33629.0,11.77,395813.32999999996,2024-03-11,5
2024-03-18,JUFO,21347.0,20.99,448073.52999999997,2024-03-14,2
2024-04-03,ORAS,1641.0,280.0,459480.0,2024-04-03,0
2024-04-04,ORAS,1641.0,284.6,467028.60000000003,2024-04-03,1
2024-04-07,ORAS,1641.0,285.01,467701.41,2024-04-03,2
2024-04-07,TMGH,6679.0,63.5,424116.5,2024-04-07,0
2024-04-08,ORAS,1641.0,291.0,477531.0,2024-04-03,3
2024-04-08,TMGH,6679.0,65.09,434736.11000000004,2024-04-07,1
2024-04-15,ORAS,1641.0,288.89,474068.49,2024-04-03,4
2024-04-15,TMGH,6679.0,68.62,458312.98000000004,2024-04-07,2
2024-04-16,ORAS,1641.0,284.55,466946.55000000005,2024-04-03,5
2024-04-16,TMGH,6679.0,66.87,446624.73000000004,2024-04-07,3
2024-04-16,GBCO,37696.0,11.75,442928.0,2024-04-16,0
2024-04-16,FWRY,58462.0,7.71,450742.02,2024-04-16,0
2024-04-16,ARCC,32703.0,13.27,433968.81,2024-04-16,0
2024-04-17,ORAS,1641.0,286.7,470474.69999999995,2024-04-03,6
2024-04-17,TMGH,6679.0,68.57,457979.02999999997,2024-04-07,4
2024-04-17,GBCO,37696.0,11.7,441043.19999999995,2024-04-16,1
2024-04-17,FWRY,58462.0,7.75,453080.5,2024-04-16,1
2024-04-17,ARCC,32703.0,13.14,429717.42000000004,2024-04-16,1
2024-04-18,ORAS,1641.0,270.0,443070.0,2024-04-03,7
2024-04-18,TMGH,6679.0,65.05,434468.94999999995,2024-04-07,5
2024-04-18,GBCO,37696.0,10.97,413525.12,2024-04-16,2
2024-04-18,FWRY,58462.0,7.1,415080.19999999995,2024-04-16,2
2024-04-18,ARCC,32703.0,12.92,422522.76,2024-04-16,2
2024-04-21,ORAS,1641.0,274.0,449634.0,2024-04-03,8
2024-04-21,TMGH,6679.0,64.16,428524.63999999996,2024-04-07,6
2024-04-21,GBCO,37696.0,11.0,414656.0,2024-04-16,3
2024-04-22,ORAS,1641.0,266.25,436916.25,2024-04-03,9
2024-04-22,TMGH,6679.0,62.5,417437.5,2024-04-07,7
2024-04-22,GBCO,37696.0,10.71,403724.16000000003,2024-04-16,4
2024-04-23,ORAS,1641.0,249.0,408609.0,2024-04-03,10
2024-04-23,TMGH,6679.0,58.5,390721.5,2024-04-07,8
2024-04-23,GBCO,37696.0,10.16,382991.36,2024-04-16,5
2024-07-21,GBCO,27676.0,14.53,402132.27999999997,2024-07-21,0
2024-07-21,ORAS,1516.0,269.7,408865.2,2024-07-21,0
2024-07-22,GBCO,27676.0,13.93,385526.68,2024-07-21,1
2024-07-22,ORAS,1516.0,268.51,407061.16,2024-07-21,1
2024-07-23,GBCO,27676.0,14.05,388847.80000000005,2024-07-21,2
2024-07-23,ORAS,1516.0,265.1,401891.60000000003,2024-07-21,2
2024-07-23,AMOC,44834.0,9.08,407092.72000000003,2024-07-23,0
2024-07-24,GBCO,27676.0,13.63,377223.88,2024-07-21,3
2024-07-24,ORAS,1516.0,262.0,397192.0,2024-07-21,3
2024-07-24,AMOC,44834.0,8.93,400367.62,2024-07-23,1
2024-07-28,GBCO,27676.0,13.75,380545.0,2024-07-21,4
2024-07-28,ORAS,1516.0,260.0,394160.0,2024-07-21,4
2024-07-28,AMOC,44834.0,8.91,399470.94,2024-07-23,2
2024-07-29,GBCO,27676.0,13.66,378054.16000000003,2024-07-21,5
2024-07-29,ORAS,1516.0,259.08,392765.27999999997,2024-07-21,5
2024-07-29,AMOC,44834.0,8.9,399022.60000000003,2024-07-23,3
2024-07-30,GBCO,27676.0,13.7,379161.19999999995,2024-07-21,6
2024-07-30,ORAS,1516.0,263.61,399632.76,2024-07-21,6
2024-07-30,AMOC,44834.0,9.07,406644.38,2024-07-23,4
2024-07-31,GBCO,27676.0,13.94,385803.44,2024-07-21,7
2024-07-31,ORAS,1516.0,264.13,400421.08,2024-07-21,7
2024-07-31,AMOC,44834.0,9.24,414266.16000000003,2024-07-23,5
2024-08-01,GBCO,27676.0,13.94,385803.44,2024-07-21,8
2024-08-01,ORAS,1516.0,268.0,406288.0,2024-07-21,8
2024-08-01,AMOC,44834.0,9.14,409782.76,2024-07-23,6
2024-08-01,JUFO,19379.0,21.31,412966.49,2024-08-01,0
2024-08-04,GBCO,27676.0,13.42,371411.92,2024-07-21,9
2024-08-04,ORAS,1516.0,260.4,394766.39999999997,2024-07-21,9
2024-08-04,AMOC,44834.0,8.8,394539.2,2024-07-23,7
2024-08-04,JUFO,19379.0,20.57,398626.03,2024-08-01,1
2024-08-05,GBCO,27676.0,13.05,361171.80000000005,2024-07-21,10
2024-08-05,ORAS,1516.0,254.0,385064.0,2024-07-21,10
2024-08-05,AMOC,44834.0,8.29,371673.86,2024-07-23,8
2024-08-05,JUFO,19679.0,20.0,393580.0,2024-08-05,0
2024-08-06,JUFO,19679.0,21.64,425853.56,2024-08-05,1
2024-08-07,JUFO,19679.0,22.03,433528.37,2024-08-05,2
2024-08-08,JUFO,19679.0,21.44,421917.76,2024-08-05,3
2024-08-11,JUFO,19679.0,21.7,427034.3,2024-08-05,4
2024-08-12,JUFO,19679.0,21.3,419162.7,2024-08-05,5
2024-08-12,GBCO,26785.0,13.95,373650.75,2024-08-12,0
2024-08-12,EFIH,15705.0,24.6,386343.0,2024-08-12,0
2024-08-13,JUFO,19679.0,21.19,416998.01,2024-08-05,6
2024-08-13,GBCO,26785.0,13.64,365347.4,2024-08-12,1
2024-08-13,EFIH,15705.0,24.7,387913.5,2024-08-12,1
2024-08-13,AMOC,41911.0,8.92,373846.12,2024-08-13,0
2024-08-14,JUFO,19679.0,25.31,498075.49,2024-08-05,7
2024-08-14,GBCO,26785.0,13.62,364811.69999999995,2024-08-12,2
2024-08-14,EFIH,15705.0,24.97,392153.85,2024-08-12,2
2024-08-14,AMOC,41911.0,9.2,385581.19999999995,2024-08-13,1
2024-08-15,GBCO,26785.0,13.5,361597.5,2024-08-12,3
2024-08-15,EFIH,15705.0,23.41,367654.05,2024-08-12,3
2024-08-15,AMOC,41911.0,9.36,392286.95999999996,2024-08-13,2
2024-08-15,ORAS,1629.0,256.99,418636.71,2024-08-15,0
2024-08-18,GBCO,26785.0,13.51,361865.35,2024-08-12,4
2024-08-18,EFIH,15705.0,23.1,362785.5,2024-08-12,4
2024-08-18,AMOC,41911.0,9.28,388934.07999999996,2024-08-13,3
2024-08-18,PHDC,91437.0,4.74,433411.38,2024-08-18,0
2024-08-19,GBCO,26785.0,13.66,365883.1,2024-08-12,5
2024-08-19,EFIH,15705.0,23.04,361843.2,2024-08-12,5
2024-08-19,AMOC,41911.0,9.51,398573.61,2024-08-13,4
2024-08-19,PHDC,91437.0,5.04,460842.48,2024-08-18,1
2024-08-20,GBCO,26785.0,14.16,379275.6,2024-08-12,6
2024-08-20,EFIH,15705.0,23.3,365926.5,2024-08-12,6
2024-08-20,AMOC,41911.0,9.54,399830.93999999994,2024-08-13,5
2024-08-20,PHDC,91437.0,5.02,459013.73999999993,2024-08-18,2
2024-08-20,EMFD,62247.0,6.89,428881.82999999996,2024-08-20,0
2024-08-21,GBCO,26785.0,14.69,393471.64999999997,2024-08-12,7
2024-08-21,EFIH,15705.0,23.3,365926.5,2024-08-12,7
2024-08-21,AMOC,41911.0,9.47,396897.17000000004,2024-08-13,6
2024-08-21,PHDC,91437.0,5.2,475472.4,2024-08-18,3
2024-08-21,EMFD,62247.0,6.99,435106.53,2024-08-20,1
2024-08-22,GBCO,26785.0,14.62,391596.69999999995,2024-08-12,8
2024-08-22,EFIH,15705.0,22.21,348808.05,2024-08-12,8
2024-08-22,AMOC,41911.0,9.44,395639.83999999997,2024-08-13,7
2024-08-22,PHDC,91437.0,5.36,490102.32,2024-08-18,4
2024-08-22,EMFD,62247.0,7.02,436973.94,2024-08-20,2
2024-08-25,GBCO,26785.0,14.2,380347.0,2024-08-12,9
2024-08-25,EFIH,15705.0,22.8,358074.0,2024-08-12,9
2024-08-25,AMOC,41911.0,9.45,396058.94999999995,2024-08-13,8
2024-08-25,PHDC,91437.0,5.99,547707.63,2024-08-18,5
2024-08-25,EMFD,62247.0,7.06,439463.81999999995,2024-08-20,3
2024-08-26,GBCO,26785.0,13.95,373650.75,2024-08-12,10
2024-08-26,EFIH,15705.0,22.48,353048.4,2024-08-12,10
2024-08-26,AMOC,41911.0,9.36,392286.95999999996,2024-08-13,9
2024-08-26,EMFD,62247.0,7.21,448800.87,2024-08-20,4
2024-08-26,HRHO,24254.0,23.19,562450.26,2024-08-26,0
2024-08-27,GBCO,26785.0,14.68,393203.8,2024-08-12,11
2024-08-27,EFIH,15705.0,22.59,354775.95,2024-08-12,11
2024-08-27,AMOC,41911.0,9.4,393963.4,2024-08-13,10
2024-08-27,EMFD,62247.0,7.37,458760.39,2024-08-20,5
2024-08-27,HRHO,24254.0,24.0,582096.0,2024-08-26,1
2024-08-28,GBCO,26785.0,14.99,401507.15,2024-08-12,12
2024-08-28,EFIH,15705.0,22.77,357602.85,2024-08-12,12
2024-08-28,AMOC,41911.0,9.4,393963.4,2024-08-13,11
2024-08-28,EMFD,62247.0,7.38,459382.86,2024-08-20,6
2024-08-29,GBCO,26785.0,14.75,395078.75,2024-08-12,13
2024-08-29,EFIH,15705.0,23.3,365926.5,2024-08-12,13
2024-08-29,AMOC,41911.0,9.35,391867.85,2024-08-13,12
2024-08-29,EMFD,62247.0,7.75,482414.25,2024-08-20,7
2024-09-01,GBCO,26785.0,14.75,395078.75,2024-08-12,14
2024-09-01,EFIH,15705.0,23.2,364356.0,2024-08-12,14
2024-09-01,AMOC,41911.0,9.39,393544.29000000004,2024-08-13,13
2024-09-01,EMFD,62247.0,7.98,496731.06,2024-08-20,8
2024-09-01,EGAL,5063.0,109.32,553487.1599999999,2024-09-01,0
2024-09-02,GBCO,26785.0,14.91,399364.35,2024-08-12,15
2024-09-02,EFIH,15705.0,22.86,359016.3,2024-08-12,15
2024-09-02,AMOC,41911.0,9.62,403183.81999999995,2024-08-13,14
2024-09-02,EGAL,5063.0,110.01,556980.63,2024-09-01,1
2024-09-03,GBCO,26785.0,15.07,403649.95,2024-08-12,16
2024-09-03,EFIH,15705.0,23.11,362942.55,2024-08-12,16
2024-09-03,AMOC,41911.0,9.71,406955.81000000006,2024-08-13,15
2024-09-03,EGAL,5063.0,113.5,574650.5,2024-09-01,2
2024-09-04,GBCO,26785.0,14.9,399096.5,2024-08-12,17
2024-09-04,EFIH,15705.0,23.1,362785.5,2024-08-12,17
2024-09-04,AMOC,41911.0,9.67,405279.37,2024-08-13,16
2024-09-04,EGAL,5063.0,114.98,582143.74,2024-09-01,3
2024-09-05,GBCO,26785.0,14.62,391596.69999999995,2024-08-12,18
2024-09-05,EFIH,15705.0,22.75,357288.75,2024-08-12,18
2024-09-05,AMOC,41911.0,9.77,409470.47,2024-08-13,17
2024-09-05,EGAL,5063.0,117.22,593484.86,2024-09-01,4
2024-09-08,GBCO,26785.0,13.97,374186.45,2024-08-12,19
2024-09-08,EFIH,15705.0,22.07,346609.35,2024-08-12,19
2024-09-08,AMOC,41911.0,9.59,401926.49,2024-08-13,18
2024-09-08,EGAL,5063.0,114.23,578346.49,2024-09-01,5
2024-09-09,GBCO,26785.0,14.2,380347.0,2024-08-12,20
2024-09-09,AMOC,41911.0,9.48,397316.28,2024-08-13,19
2024-09-09,EGAL,5063.0,113.94,576878.22,2024-09-01,6
2024-09-10,AMOC,41911.0,9.22,386419.42000000004,2024-08-13,20
2024-09-10,EGAL,5063.0,112.21,568119.23,2024-09-01,7
2024-09-11,EGAL,5063.0,110.83,561132.29,2024-09-01,8
2024-09-11,ORWE,16958.0,25.25,428189.5,2024-09-11,0
2024-09-12,EGAL,5063.0,111.99,567005.37,2024-09-01,9
2024-09-12,ORWE,16958.0,25.5,432429.0,2024-09-11,1
2024-09-12,JUFO,16799.0,24.8,416615.2,2024-09-12,0
2024-09-16,EGAL,5063.0,110.84,561182.92,2024-09-01,10
2024-09-16,ORWE,16958.0,25.6,434124.80000000005,2024-09-11,2
2024-09-16,JUFO,16799.0,25.21,423502.79000000004,2024-09-12,1
2024-09-17,EGAL,5063.0,111.0,561993.0,2024-09-01,11
2024-09-17,ORWE,16958.0,24.9,422254.19999999995,2024-09-11,3
2024-09-17,JUFO,16799.0,24.86,417623.14,2024-09-12,2
2024-09-18,EGAL,5063.0,111.8,566043.4,2024-09-01,12
2024-09-18,ORWE,16958.0,25.2,427341.6,2024-09-11,4
2024-09-18,JUFO,16799.0,24.68,414599.32,2024-09-12,3
2024-09-19,EGAL,5063.0,116.1,587814.2999999999,2024-09-01,13
2024-09-19,ORWE,16958.0,25.3,429037.4,2024-09-11,5
2024-09-19,JUFO,16799.0,25.0,419975.0,2024-09-12,4
2024-09-22,EGAL,5063.0,115.41,584320.83,2024-09-01,14
2024-09-22,ORWE,16958.0,24.89,422084.62,2024-09-11,6
2024-09-22,JUFO,16799.0,25.25,424174.75,2024-09-12,5
2024-09-22,GBCO,28480.0,14.52,413529.6,2024-09-22,0
2024-09-22,COMI,4747.0,85.46,405678.62,2024-09-22,0
2024-09-23,EGAL,5063.0,116.25,588573.75,2024-09-01,15
2024-09-23,ORWE,16958.0,24.67,418353.86000000004,2024-09-11,7
2024-09-23,JUFO,16799.0,25.07,421150.93,2024-09-12,6
2024-09-23,GBCO,28480.0,14.04,399859.19999999995,2024-09-22,1
2024-09-23,COMI,4747.0,85.55,406105.85,2024-09-22,1
2024-09-24,EGAL,5063.0,116.06,587611.78,2024-09-01,16
2024-09-24,ORWE,16958.0,24.46,414792.68,2024-09-11,8
2024-09-24,JUFO,16799.0,24.98,419639.02,2024-09-12,7
2024-09-24,GBCO,28480.0,14.3,407264.0,2024-09-22,2
2024-09-24,COMI,4747.0,85.0,403495.0,2024-09-22,2
2024-09-25,EGAL,5063.0,116.2,588320.6,2024-09-01,17
2024-09-25,ORWE,16958.0,24.54,416149.32,2024-09-11,9
2024-09-25,JUFO,16799.0,25.0,419975.0,2024-09-12,8
2024-09-25,GBCO,28480.0,14.8,421504.0,2024-09-22,3
2024-09-25,COMI,4747.0,85.36,405203.92,2024-09-22,3
2024-09-26,EGAL,5063.0,117.25,593636.75,2024-09-01,18
2024-09-26,ORWE,16958.0,24.2,410383.6,2024-09-11,10
2024-09-26,JUFO,16799.0,25.6,430054.4,2024-09-12,9
2024-09-26,GBCO,28480.0,14.72,419225.60000000003,2024-09-22,4
2024-09-26,COMI,4747.0,85.4,405393.80000000005,2024-09-22,4
2024-09-29,EGAL,5063.0,124.99,632824.37,2024-09-01,19
2024-09-29,ORWE,16958.0,24.2,410383.6,2024-09-11,11
2024-09-29,JUFO,16799.0,25.84,434086.16,2024-09-12,10
2024-09-29,GBCO,28480.0,14.95,425776.0,2024-09-22,5
2024-09-29,COMI,4747.0,85.0,403495.0,2024-09-22,5
2024-09-30,EGAL,5063.0,122.0,617686.0,2024-09-01,20
2024-09-30,ORWE,16958.0,24.0,406992.0,2024-09-11,12
2024-09-30,JUFO,16799.0,25.41,426862.59,2024-09-12,11
2024-09-30,GBCO,28480.0,14.75,420080.0,2024-09-22,6
2024-09-30,COMI,4747.0,84.5,401121.5,2024-09-22,6
2024-10-01,ORWE,16958.0,23.96,406313.68,2024-09-11,13
2024-10-01,JUFO,16799.0,26.72,448869.27999999997,2024-09-12,12
2024-10-01,GBCO,28480.0,15.26,434604.8,2024-09-22,7
2024-10-01,COMI,4747.0,86.35,409903.44999999995,2024-09-22,7
2024-10-01,MCQE,26012.0,22.1,574865.2000000001,2024-10-01,0
2024-10-02,ORWE,16958.0,23.08,391390.63999999996,2024-09-11,14
2024-10-02,JUFO,16799.0,25.9,435094.1,2024-09-12,13
2024-10-02,GBCO,28480.0,14.56,414668.8,2024-09-22,8
2024-10-02,MCQE,26012.0,21.21,551714.52,2024-10-01,1
2024-10-03,JUFO,16799.0,26.69,448365.31,2024-09-12,14
2024-10-03,GBCO,28480.0,14.97,426345.60000000003,2024-09-22,9
2024-10-03,MCQE,26012.0,21.62,562379.4400000001,2024-10-01,2
2024-10-07,JUFO,16799.0,29.97,503466.02999999997,2024-09-12,15
2024-10-07,GBCO,28480.0,14.9,424352.0,2024-09-22,10
2024-10-07,MCQE,26012.0,22.65,589171.7999999999,2024-10-01,3
2024-10-08,GBCO,28480.0,14.06,400428.8,2024-09-22,11
2024-10-08,MCQE,26012.0,23.26,605039.12,2024-10-01,4
2024-10-09,GBCO,28480.0,14.49,412675.2,2024-09-22,12
2024-10-09,MCQE,26012.0,23.4,608680.7999999999,2024-10-01,5
2024-10-10,GBCO,28480.0,14.3,407264.0,2024-09-22,13
2024-10-10,MCQE,26012.0,22.88,595154.5599999999,2024-10-01,6
2024-10-13,GBCO,28480.0,14.01,399004.8,2024-09-22,14
2024-10-13,MCQE,26012.0,23.4,608680.7999999999,2024-10-01,7
2024-10-14,GBCO,28480.0,14.09,401283.2,2024-09-22,15
2024-10-14,MCQE,26012.0,25.66,667467.92,2024-10-01,8
2024-10-14,ORWE,18696.0,25.05,468334.8,2024-10-14,0
2024-10-15,MCQE,26012.0,28.3,736139.6,2024-10-01,9
2024-10-15,ORWE,18696.0,24.67,461230.32,2024-10-14,1
2024-10-16,ORWE,18696.0,27.4,512270.39999999997,2024-10-14,2
2024-10-17,ORWE,18570.0,28.0,519960.0,2024-10-17,0
2024-10-20,ORWE,18570.0,29.27,543543.9,2024-10-17,1
2024-10-20,EGAL,4360.0,120.0,523200.0,2024-10-20,0
2024-10-21,ORWE,18570.0,34.75,645307.5,2024-10-17,2
2024-10-21,EGAL,4360.0,120.1,523636.0,2024-10-20,1
2024-10-22,EGAL,4360.0,113.0,492680.0,2024-10-20,2
2024-10-22,EMFD,68626.0,8.11,556556.86,2024-10-22,0
2024-10-23,EGAL,4360.0,112.01,488363.60000000003,2024-10-20,3
2024-10-23,EMFD,68626.0,8.07,553811.8200000001,2024-10-22,1
2024-10-24,EGAL,4360.0,110.66,482477.6,2024-10-20,4
2024-10-24,EMFD,68626.0,8.1,555870.6,2024-10-22,2
2024-10-27,EGAL,4360.0,112.01,488363.60000000003,2024-10-20,5
2024-10-27,EMFD,68626.0,8.04,551753.0399999999,2024-10-22,3
2024-10-28,EGAL,4360.0,111.32,485355.19999999995,2024-10-20,6
2024-10-28,EMFD,68626.0,8.04,551753.0399999999,2024-10-22,4
2024-10-29,EGAL,4360.0,111.4,485704.0,2024-10-20,7
2024-10-29,EMFD,68626.0,8.2,562733.2,2024-10-22,5
2024-10-30,EMFD,68626.0,8.11,556556.86,2024-10-22,6
2024-10-31,EMFD,68626.0,8.5,583321.0,2024-10-22,7
2024-11-03,EMFD,68626.0,8.41,577144.66,2024-10-22,8
2024-11-04,EMFD,68626.0,8.36,573713.36,2024-10-22,9
2024-11-05,EMFD,68626.0,8.22,564105.7200000001,2024-10-22,10
2024-11-06,EMFD,68626.0,8.6,590183.6,2024-10-22,11
2024-11-06,EAST,18939.0,28.0,530292.0,2024-11-06,0
2024-11-07,EMFD,68626.0,8.5,583321.0,2024-10-22,12
2024-11-07,EAST,18939.0,28.2,534079.7999999999,2024-11-06,1
2024-11-07,FWRY,64941.0,8.18,531217.38,2024-11-07,0
2024-11-07,GBCO,36172.0,14.97,541494.84,2024-11-07,0
2024-11-10,EMFD,68626.0,8.47,581262.2200000001,2024-10-22,13
2024-11-10,EAST,18939.0,27.68,524231.52,2024-11-06,2
2024-11-10,FWRY,64941.0,8.27,537062.07,2024-11-07,1
2024-11-10,GBCO,36172.0,14.75,533537.0,2024-11-07,1
2024-11-11,EMFD,68626.0,8.57,588124.8200000001,2024-10-22,14
2024-11-11,EAST,18939.0,27.37,518360.43,2024-11-06,3
2024-11-11,FWRY,64941.0,8.41,546153.81,2024-11-07,2
2024-11-11,GBCO,36172.0,14.78,534622.16,2024-11-07,2
2024-11-12,EMFD,68626.0,8.6,590183.6,2024-10-22,15
2024-11-12,EAST,18939.0,27.0,511353.0,2024-11-06,4
2024-11-12,FWRY,64941.0,8.44,548102.0399999999,2024-11-07,3
2024-11-12,GBCO,36172.0,14.62,528834.64,2024-11-07,3
2024-11-13,EMFD,68626.0,8.4,576458.4,2024-10-22,16
2024-11-13,EAST,18939.0,27.0,511353.0,2024-11-06,5
2024-11-13,FWRY,64941.0,8.44,548102.0399999999,2024-11-07,4
2024-11-13,GBCO,36172.0,14.35,519068.2,2024-11-07,4
2024-11-14,EMFD,68626.0,8.49,582634.74,2024-10-22,17
2024-11-14,EAST,18939.0,27.4,518928.6,2024-11-06,6
2024-11-14,FWRY,64941.0,8.4,545504.4,2024-11-07,5
2024-11-14,GBCO,36172.0,14.37,519791.63999999996,2024-11-07,5
2024-11-17,EMFD,68626.0,8.29,568909.5399999999,2024-10-22,18
2024-11-17,EAST,18939.0,27.45,519875.55,2024-11-06,7
2024-11-17,FWRY,64941.0,8.46,549400.8600000001,2024-11-07,6
2024-11-17,GBCO,36172.0,14.63,529196.36,2024-11-07,6
2024-11-17,EGAL,4610.0,113.6,523696.0,2024-11-17,0
2024-11-18,EMFD,68626.0,8.02,550380.52,2024-10-22,19
2024-11-18,EAST,18939.0,27.7,524610.2999999999,2024-11-06,8
2024-11-18,FWRY,64941.0,8.35,542257.35,2024-11-07,7
2024-11-18,GBCO,36172.0,14.29,516897.87999999995,2024-11-07,7
2024-11-18,EGAL,4610.0,113.0,520930.0,2024-11-17,1
2024-11-19,EMFD,68626.0,8.0,549008.0,2024-10-22,20
2024-11-19,EAST,18939.0,27.46,520064.94,2024-11-06,9
2024-11-19,FWRY,64941.0,8.32,540309.12,2024-11-07,8
2024-11-19,GBCO,36172.0,14.25,515451.0,2024-11-07,8
2024-11-19,EGAL,4610.0,106.89,492762.9,2024-11-17,2
2024-11-20,EAST,18939.0,27.01,511542.39,2024-11-06,10
2024-11-20,FWRY,64941.0,8.24,535113.84,2024-11-07,9
2024-11-20,GBCO,36172.0,14.15,511833.8,2024-11-07,9
2024-11-21,EAST,18939.0,27.5,520822.5,2024-11-06,11
2024-11-21,FWRY,64941.0,8.38,544205.5800000001,2024-11-07,10
2024-11-21,GBCO,36172.0,14.35,519068.2,2024-11-07,10
2024-11-24,EAST,18939.0,27.17,514572.63,2024-11-06,12
2024-11-24,FWRY,64941.0,8.24,535113.84,2024-11-07,11
2024-11-24,GBCO,36172.0,14.31,517621.32,2024-11-07,11
2024-11-25,EAST,18939.0,27.0,511353.0,2024-11-06,13
2024-11-25,FWRY,64941.0,8.23,534464.43,2024-11-07,12
2024-11-25,GBCO,36172.0,14.16,512195.52,2024-11-07,12
2024-11-26,EAST,18939.0,27.44,519686.16000000003,2024-11-06,14
2024-11-26,FWRY,64941.0,8.16,529918.56,2024-11-07,13
2024-11-26,GBCO,36172.0,14.17,512557.24,2024-11-07,13
2024-11-27,EAST,18939.0,27.23,515708.97000000003,2024-11-06,15
2024-11-27,FWRY,64941.0,8.09,525372.69,2024-11-07,14
2024-11-27,GBCO,36172.0,14.2,513642.39999999997,2024-11-07,14
2024-11-28,EAST,18939.0,27.13,513815.07,2024-11-06,16
2024-11-28,FWRY,64941.0,8.31,539659.7100000001,2024-11-07,15
2024-11-28,GBCO,36172.0,14.22,514365.84,2024-11-07,15
2024-12-01,EAST,18939.0,27.92,528776.88,2024-11-06,17
2024-12-01,FWRY,64941.0,8.5,551998.5,2024-11-07,16
2024-12-01,GBCO,36172.0,14.6,528111.2,2024-11-07,16
2024-12-02,EAST,18939.0,29.49,558511.11,2024-11-06,18
2024-12-02,FWRY,64941.0,8.4,545504.4,2024-11-07,17
2024-12-02,GBCO,36172.0,14.5,524494.0,2024-11-07,17
2024-12-02,JUFO,15629.0,33.29,520289.41,2024-12-02,0
2024-12-02,ARCC,34885.0,15.02,523972.7,2024-12-02,0
2024-12-03,EAST,18939.0,30.0,568170.0,2024-11-06,19
2024-12-03,FWRY,64941.0,8.41,546153.81,2024-11-07,18
2024-12-03,GBCO,36172.0,14.38,520153.36000000004,2024-11-07,18
2024-12-03,JUFO,15629.0,32.5,507942.5,2024-12-02,1
2024-12-03,ARCC,34885.0,14.87,518739.94999999995,2024-12-02,1
2024-12-04,EAST,18939.0,29.5,558700.5,2024-11-06,20
2024-12-04,FWRY,64941.0,8.87,576026.6699999999,2024-11-07,19
2024-12-04,GBCO,36172.0,14.36,519429.92,2024-11-07,19
2024-12-04,JUFO,15629.0,32.54,508567.66,2024-12-02,2
2024-12-04,ARCC,34885.0,15.36,535833.6,2024-12-02,2
2024-12-05,FWRY,64941.0,8.75,568233.75,2024-11-07,20
2024-12-05,GBCO,36172.0,14.6,528111.2,2024-11-07,20
2024-12-05,JUFO,15629.0,33.0,515757.0,2024-12-02,3
2024-12-05,ARCC,34885.0,15.74,549089.9,2024-12-02,3
2024-12-08,JUFO,15629.0,32.59,509349.11000000004,2024-12-02,4
2024-12-08,ARCC,34885.0,15.63,545252.55,2024-12-02,4
2024-12-09,JUFO,15629.0,31.65,494657.85,2024-12-02,5
2024-12-09,ARCC,34885.0,15.27,532693.95,2024-12-02,5
2024-12-10,JUFO,15629.0,31.47,491844.63,2024-12-02,6
2024-12-10,ARCC,34885.0,15.47,539670.9500000001,2024-12-02,6
2024-12-10,VLMR,686154.0,0.8,548923.2000000001,2024-12-10,0
2024-12-11,JUFO,15629.0,30.64,478872.56,2024-12-02,7
2024-12-11,ARCC,34885.0,15.63,545252.55,2024-12-02,7
2024-12-11,VLMR,686154.0,0.8,548923.2000000001,2024-12-10,1
2024-12-12,ARCC,34885.0,16.36,570718.6,2024-12-02,8
2024-12-12,VLMR,686154.0,0.8,548923.2000000001,2024-12-10,2
2024-12-15,ARCC,34885.0,17.01,593393.8500000001,2024-12-02,9
2024-12-15,VLMR,686154.0,0.79,542061.66,2024-12-10,3
2024-12-16,ARCC,34885.0,16.83,587114.5499999999,2024-12-02,10
2024-12-16,VLMR,686154.0,0.79,542061.66,2024-12-10,4
2024-12-17,VLMR,686154.0,0.79,542061.66,2024-12-10,5
2024-12-18,VLMR,686154.0,0.79,542061.66,2024-12-10,6
2024-12-19,VLMR,686154.0,0.79,542061.66,2024-12-10,7
2024-12-22,VLMR,686154.0,0.79,542061.66,2024-12-10,8
2024-12-23,VLMR,686154.0,0.78,535200.12,2024-12-10,9
2025-02-17,ORHD,30021.0,18.28,548783.88,2025-02-17,0
2025-02-17,RMDA,154913.0,3.5,542195.5,2025-02-17,0
2025-02-18,ORHD,30021.0,18.2,546382.2,2025-02-17,1
2025-02-18,RMDA,154913.0,3.61,559235.9299999999,2025-02-17,1
2025-02-18,GBCO,32235.0,16.6,535101.0,2025-02-18,0
2025-02-19,ORHD,30021.0,19.2,576403.2,2025-02-17,2
2025-02-19,RMDA,154913.0,3.67,568530.71,2025-02-17,2
2025-02-19,GBCO,32235.0,16.7,538324.5,2025-02-18,1
2025-02-20,ORHD,30021.0,20.1,603422.1000000001,2025-02-17,3
2025-02-20,RMDA,154913.0,3.77,584022.01,2025-02-17,3
2025-02-20,GBCO,32235.0,16.71,538646.85,2025-02-18,2
2025-02-23,RMDA,154913.0,3.82,591767.66,2025-02-17,4
2025-02-23,GBCO,32235.0,17.37,559921.9500000001,2025-02-18,3
2025-02-23,ORHD,27940.0,20.06,560476.3999999999,2025-02-23,0
2025-02-23,PHDC,84451.0,6.54,552309.54,2025-02-23,0
2025-02-24,RMDA,154913.0,3.75,580923.75,2025-02-17,5
2025-02-24,GBCO,32235.0,17.29,557343.15,2025-02-18,4
2025-02-24,ORHD,27940.0,21.19,592048.6000000001,2025-02-23,1
2025-02-24,PHDC,84451.0,6.47,546397.97,2025-02-23,1
2025-02-24,EGAL,3694.0,150.72,556759.68,2025-02-24,0
2025-02-25,RMDA,154913.0,4.12,638241.56,2025-02-17,6
2025-02-25,GBCO,32235.0,17.2,554442.0,2025-02-18,5
2025-02-25,ORHD,27940.0,20.76,580034.4,2025-02-23,2
2025-02-25,PHDC,84451.0,6.37,537952.87,2025-02-23,2
2025-02-25,EGAL,3694.0,152.0,561488.0,2025-02-24,1
2025-02-26,RMDA,154913.0,4.06,628946.7799999999,2025-02-17,7
2025-02-26,GBCO,32235.0,16.88,544126.7999999999,2025-02-18,6
2025-02-26,ORHD,27940.0,20.9,583946.0,2025-02-23,3
2025-02-26,PHDC,84451.0,6.28,530352.28,2025-02-23,3
2025-02-26,EGAL,3694.0,156.4,577741.6,2025-02-24,2
2025-02-27,GBCO,32235.0,16.95,546383.25,2025-02-18,7
2025-02-27,ORHD,27940.0,22.01,614959.4,2025-02-23,4
2025-02-27,PHDC,84451.0,6.25,527818.75,2025-02-23,4
2025-02-27,EGAL,3694.0,157.98,583578.12,2025-02-24,3
2025-03-02,GBCO,32235.0,17.19,554119.65,2025-02-18,8
2025-03-02,ORHD,27940.0,22.72,634796.7999999999,2025-02-23,5
2025-03-02,EGAL,3694.0,158.32,584834.08,2025-02-24,4
2025-03-03,GBCO,32235.0,17.51,564434.8500000001,2025-02-18,9
2025-03-03,EGAL,3694.0,157.11,580364.3400000001,2025-02-24,5
2025-03-04,GBCO,32235.0,17.25,556053.75,2025-02-18,10
2025-03-04,EGAL,3694.0,159.0,587346.0,2025-02-24,6
2025-03-05,GBCO,32235.0,17.0,547995.0,2025-02-18,11
2025-03-05,EGAL,3694.0,161.0,594734.0,2025-02-24,7
2025-03-06,GBCO,32235.0,17.11,551540.85,2025-02-18,12
2025-03-06,EGAL,3694.0,161.0,594734.0,2025-02-24,8
2025-03-06,PHDC,91933.0,6.54,601241.82,2025-03-06,0
2025-03-09,GBCO,32235.0,17.03,548962.05,2025-02-18,13
2025-03-09,EGAL,3694.0,160.1,591409.4,2025-02-24,9
2025-03-09,PHDC,91933.0,6.76,621467.08,2025-03-06,1
2025-03-10,GBCO,32235.0,17.01,548317.3500000001,2025-02-18,14
2025-03-10,EGAL,3694.0,159.34,588601.96,2025-02-24,10
2025-03-10,PHDC,91933.0,6.68,614112.44,2025-03-06,2
2025-03-11,GBCO,32235.0,17.0,547995.0,2025-02-18,15
2025-03-11,EGAL,3694.0,158.5,585499.0,2025-02-24,11
2025-03-11,PHDC,91933.0,6.84,628821.72,2025-03-06,3
2025-03-12,GBCO,32235.0,18.5,596347.5,2025-02-18,16
2025-03-12,EGAL,3694.0,163.77,604966.38,2025-02-24,12
2025-03-12,PHDC,91933.0,6.94,638015.02,2025-03-06,4
2025-03-13,GBCO,32235.0,18.5,596347.5,2025-02-18,17
2025-03-13,EGAL,3694.0,174.0,642756.0,2025-02-24,13
2025-03-13,PHDC,91933.0,6.81,626063.73,2025-03-06,5
2025-03-16,GBCO,32235.0,18.47,595380.45,2025-02-18,18
2025-03-16,EGAL,3694.0,173.09,639394.46,2025-02-24,14
2025-03-16,PHDC,91933.0,6.85,629741.0499999999,2025-03-06,6
2025-03-16,CCAP,203253.0,3.08,626019.24,2025-03-16,0
2025-03-16,EAST,19208.0,30.25,581042.0,2025-03-16,0
2025-03-17,GBCO,32235.0,18.4,593124.0,2025-02-18,19
2025-03-17,PHDC,91933.0,6.73,618709.0900000001,2025-03-06,7
2025-03-17,CCAP,203253.0,3.0,609759.0,2025-03-16,1
2025-03-17,EAST,19208.0,30.88,593143.04,2025-03-16,1
2025-03-18,GBCO,32235.0,18.36,591834.6,2025-02-18,20
2025-03-18,PHDC,91933.0,7.2,661917.6,2025-03-06,8
2025-03-18,CCAP,203253.0,3.01,611791.5299999999,2025-03-16,2
2025-03-18,EAST,19208.0,31.25,600250.0,2025-03-16,2
2025-03-19,PHDC,91933.0,7.35,675707.5499999999,2025-03-06,9
2025-03-19,CCAP,203253.0,2.93,595531.29,2025-03-16,3
2025-03-19,EAST,19208.0,31.0,595448.0,2025-03-16,3
2025-03-20,CCAP,203253.0,3.01,611791.5299999999,2025-03-16,4
2025-03-20,EAST,19208.0,33.0,633864.0,2025-03-16,4
2025-03-20,ARCC,27016.0,22.64,611642.24,2025-03-20,0
2025-03-23,CCAP,203253.0,3.04,617889.12,2025-03-16,5
2025-03-23,EAST,19208.0,32.27,619842.16,2025-03-16,5
2025-03-23,ARCC,27016.0,22.49,607589.84,2025-03-20,1
2025-03-24,CCAP,203253.0,3.0,609759.0,2025-03-16,6
2025-03-24,EAST,19208.0,32.35,621378.8,2025-03-16,6
2025-03-24,ARCC,27016.0,22.51,608130.16,2025-03-20,2
2025-03-25,CCAP,203253.0,2.96,601628.88,2025-03-16,7
2025-03-25,EAST,19208.0,32.75,629062.0,2025-03-16,7
2025-03-26,CCAP,203253.0,2.92,593498.76,2025-03-16,8
2025-03-26,EAST,19208.0,32.53,624836.24,2025-03-16,8
2025-03-27,CCAP,203253.0,2.97,603661.41,2025-03-16,9
2025-03-27,EAST,19208.0,33.25,638666.0,2025-03-16,9
2025-04-03,CCAP,203253.0,2.99,607726.4700000001,2025-03-16,10
2025-04-03,EAST,19208.0,32.82,630406.56,2025-03-16,10
2025-04-06,CCAP,203253.0,2.8,569108.3999999999,2025-03-16,11
2025-04-06,EAST,19208.0,32.13,617153.04,2025-03-16,11
2025-04-07,EAST,19208.0,31.77,610238.16,2025-03-16,12
2025-04-08,EAST,19208.0,34.01,653264.08,2025-03-16,13
2025-04-09,EAST,19208.0,33.6,645388.8,2025-03-16,14
2025-04-09,RMDA,138993.0,4.34,603229.62,2025-04-09,0
2025-04-10,RMDA,138993.0,4.47,621298.71,2025-04-09,1
2025-04-13,RMDA,138993.0,4.55,632418.15,2025-04-09,2
2025-04-14,RMDA,138993.0,4.51,626858.4299999999,2025-04-09,3
2025-04-14,HRHO,22146.0,28.62,633818.52,2025-04-14,0
2025-04-14,EMFD,72423.0,8.46,612698.5800000001,2025-04-14,0
2025-04-15,RMDA,138993.0,4.43,615738.99,2025-04-09,4
2025-04-15,HRHO,22146.0,28.64,634261.4400000001,2025-04-14,1
2025-04-15,EMFD,72423.0,8.35,604732.0499999999,2025-04-14,1
2025-04-15,ARCC,27326.0,22.61,617840.86,2025-04-15,0
2025-04-16,RMDA,138993.0,4.32,600449.76,2025-04-09,5
2025-04-16,HRHO,22146.0,28.06,621416.76,2025-04-14,2
2025-04-16,EMFD,72423.0,8.16,590971.68,2025-04-14,2
2025-04-16,ARCC,27326.0,22.11,604177.86,2025-04-15,1
2025-04-17,RMDA,138993.0,4.3,597669.9,2025-04-09,6
2025-04-17,HRHO,22146.0,28.2,624517.2,2025-04-14,3
2025-04-17,EMFD,72423.0,8.2,593868.6,2025-04-14,3
2025-04-17,ARCC,27326.0,21.88,597892.88,2025-04-15,2
2025-04-22,RMDA,138993.0,4.28,594890.04,2025-04-09,7
2025-04-22,HRHO,22146.0,27.76,614772.9600000001,2025-04-14,4
2025-04-22,EMFD,72423.0,8.4,608353.2000000001,2025-04-14,4
2025-04-22,ARCC,27326.0,22.05,602538.3,2025-04-15,3
2025-04-23,RMDA,138993.0,4.36,606009.4800000001,2025-04-09,8
2025-04-23,HRHO,22146.0,28.45,630053.7,2025-04-14,5
2025-04-23,ARCC,27326.0,22.98,627951.48,2025-04-15,4
2025-04-27,RMDA,138993.0,4.44,617128.92,2025-04-09,9
2025-04-27,HRHO,22146.0,28.57,632711.22,2025-04-14,6
2025-04-27,ARCC,27326.0,23.08,630684.08,2025-04-15,5
2025-04-27,EGAL,3666.0,170.63,625529.58,2025-04-27,0
2025-04-28,RMDA,138993.0,4.65,646317.4500000001,2025-04-09,10
2025-04-28,HRHO,22146.0,29.19,646441.74,2025-04-14,7
2025-04-28,ARCC,27326.0,24.0,655824.0,2025-04-15,6
2025-04-28,EGAL,3666.0,169.05,619737.3,2025-04-27,1
2025-04-28,EMFD,71367.0,8.92,636593.64,2025-04-28,0
2025-04-29,RMDA,138993.0,4.55,632418.15,2025-04-09,11
2025-04-29,HRHO,22146.0,28.85,638912.1,2025-04-14,8
2025-04-29,ARCC,27326.0,24.1,658556.6000000001,2025-04-15,7
2025-04-29,EGAL,3666.0,174.97,641440.02,2025-04-27,2
2025-04-29,EMFD,71367.0,8.9,635166.3,2025-04-28,1
2025-04-30,RMDA,138993.0,4.73,657436.89,2025-04-09,12
2025-04-30,HRHO,22146.0,28.51,631382.4600000001,2025-04-14,9
2025-04-30,ARCC,27326.0,23.94,654184.4400000001,2025-04-15,8
2025-04-30,EGAL,3666.0,171.1,627252.6,2025-04-27,3
2025-04-30,EMFD,71367.0,8.92,636593.64,2025-04-28,2
2025-05-04,RMDA,138993.0,4.7,653267.1,2025-04-09,13
2025-05-04,HRHO,22146.0,28.7,635590.2,2025-04-14,10
2025-05-04,ARCC,27326.0,24.04,656917.0399999999,2025-04-15,9
2025-05-04,EGAL,3666.0,174.21,638653.86,2025-04-27,4
2025-05-04,EMFD,71367.0,8.93,637307.3099999999,2025-04-28,3
2025-05-05,RMDA,138993.0,4.65,646317.4500000001,2025-04-09,14
2025-05-05,HRHO,22146.0,28.5,631161.0,2025-04-14,11
2025-05-05,ARCC,27326.0,24.5,669487.0,2025-04-15,10
2025-05-05,EGAL,3666.0,168.26,616841.1599999999,2025-04-27,5
2025-05-05,EMFD,71367.0,8.78,626602.26,2025-04-28,4
2025-05-06,RMDA,138993.0,4.67,649097.3099999999,2025-04-09,15
2025-05-06,HRHO,22146.0,28.25,625624.5,2025-04-14,12
2025-05-06,ARCC,27326.0,24.45,668120.7,2025-04-15,11
2025-05-06,EGAL,3666.0,167.6,614421.6,2025-04-27,6
2025-05-06,EMFD,71367.0,8.9,635166.3,2025-04-28,5
2025-05-07,RMDA,138993.0,4.57,635198.01,2025-04-09,16
2025-05-07,HRHO,22146.0,28.0,620088.0,2025-04-14,13
2025-05-07,ARCC,27326.0,25.0,683150.0,2025-04-15,12
2025-05-07,EGAL,3666.0,164.37,602580.42,2025-04-27,7
2025-05-07,EMFD,71367.0,8.71,621606.5700000001,2025-04-28,6
2025-05-08,RMDA,138993.0,4.55,632418.15,2025-04-09,17
2025-05-08,HRHO,22146.0,27.8,615658.8,2025-04-14,14
2025-05-08,ARCC,27326.0,26.78,731790.28,2025-04-15,13
2025-05-08,EGAL,3666.0,161.0,590226.0,2025-04-27,8
2025-05-08,EMFD,71367.0,8.8,628029.6000000001,2025-04-28,7
2025-05-11,RMDA,138993.0,4.56,633808.08,2025-04-09,18
2025-05-11,HRHO,22146.0,27.7,613444.2,2025-04-14,15
2025-05-11,ARCC,27326.0,26.4,721406.3999999999,2025-04-15,14
2025-05-11,EMFD,71367.0,8.7,620892.8999999999,2025-04-28,8
2025-05-12,RMDA,138993.0,4.6,639367.7999999999,2025-04-09,19
2025-05-12,HRHO,22146.0,27.93,618537.78,2025-04-14,16
2025-05-12,ARCC,27326.0,25.53,697632.78,2025-04-15,15
2025-05-12,EMFD,71367.0,8.62,615183.5399999999,2025-04-28,9
2025-05-13,RMDA,138993.0,4.67,649097.3099999999,2025-04-09,20
2025-05-13,HRHO,22146.0,28.0,620088.0,2025-04-14,17
2025-05-13,ARCC,27326.0,25.79,704737.5399999999,2025-04-15,16
2025-05-13,EMFD,71367.0,8.8,628029.6000000001,2025-04-28,10
2025-05-14,HRHO,22146.0,28.0,620088.0,2025-04-14,18
2025-05-14,ARCC,27326.0,26.09,712935.34,2025-04-15,17
2025-05-14,EMFD,71367.0,8.84,630884.28,2025-04-28,11
2025-05-15,HRHO,22146.0,28.75,636697.5,2025-04-14,19
2025-05-15,ARCC,27326.0,25.86,706650.36,2025-04-15,18
2025-05-15,EMFD,71367.0,8.94,638020.98,2025-04-28,12
2025-05-18,HRHO,22146.0,28.75,636697.5,2025-04-14,20
2025-05-18,ARCC,27326.0,25.86,706650.36,2025-04-15,19
2025-05-18,EMFD,71367.0,8.94,638020.98,2025-04-28,13
2025-05-19,HRHO,22146.0,29.7,657736.2,2025-04-14,20
2025-05-19,ARCC,27326.0,25.82,705557.3200000001,2025-04-15,19
2025-05-19,EMFD,71367.0,9.11,650153.37,2025-04-28,13
2025-05-20,ARCC,27326.0,26.27,717854.02,2025-04-15,20
2025-05-20,EMFD,71367.0,9.17,654435.39,2025-04-28,14
2025-05-20,HRHO,21296.0,30.3,645268.8,2025-05-20,0
2025-05-21,EMFD,71367.0,9.45,674418.1499999999,2025-04-28,15
2025-05-21,HRHO,21296.0,30.81,656129.76,2025-05-20,1
2025-05-21,FWRY,61834.0,11.2,692540.7999999999,2025-05-21,0
2025-05-22,EMFD,71367.0,9.5,677986.5,2025-04-28,16
2025-05-22,HRHO,21296.0,31.75,676148.0,2025-05-20,2
2025-05-22,FWRY,61834.0,11.5,711091.0,2025-05-21,1
2025-05-22,GBCO,30195.0,21.4,646173.0,2025-05-22,0
2025-05-25,EMFD,71367.0,9.7,692259.8999999999,2025-04-28,17
2025-05-25,HRHO,21296.0,31.11,662518.5599999999,2025-05-20,3
2025-05-25,FWRY,61834.0,11.65,720366.1,2025-05-21,2
2025-05-25,GBCO,30195.0,21.0,634095.0,2025-05-22,1
2025-05-26,EMFD,71367.0,9.71,692973.5700000001,2025-04-28,18
2025-05-26,HRHO,21296.0,30.31,645481.76,2025-05-20,4
2025-05-26,FWRY,61834.0,11.21,693159.14,2025-05-21,3
2025-05-26,GBCO,30195.0,21.6,652212.0,2025-05-22,2
2025-05-27,EMFD,71367.0,9.85,702964.95,2025-04-28,19
2025-05-27,HRHO,21296.0,30.35,646333.6,2025-05-20,5
2025-05-27,FWRY,61834.0,11.31,699342.54,2025-05-21,4
2025-05-27,GBCO,30195.0,22.96,693277.2000000001,2025-05-22,3
2025-05-28,EMFD,71367.0,9.9,706533.3,2025-04-28,20
2025-05-28,HRHO,21296.0,30.82,656342.72,2025-05-20,6
2025-05-28,FWRY,61834.0,11.54,713564.36,2025-05-21,5
2025-05-28,GBCO,30195.0,22.5,679387.5,2025-05-22,4
2025-05-28,ORHD,28100.0,23.76,667656.0,2025-05-28,0
2025-05-29,EMFD,71367.0,9.9,706533.3,2025-04-28,21
2025-05-29,HRHO,21296.0,30.82,656342.72,2025-05-20,7
2025-05-29,FWRY,61834.0,11.54,713564.36,2025-05-21,6
2025-05-29,GBCO,30195.0,22.5,679387.5,2025-05-22,5
2025-05-29,ORHD,28100.0,23.76,667656.0,2025-05-28,1
2025-06-01,EMFD,71367.0,9.65,688691.55,2025-04-28,21
2025-06-01,HRHO,21296.0,30.35,646333.6,2025-05-20,7
2025-06-01,FWRY,61834.0,11.4,704907.6,2025-05-21,6
2025-06-01,GBCO,30195.0,23.71,715923.4500000001,2025-05-22,5
2025-06-01,ORHD,28100.0,23.55,661755.0,2025-05-28,1
2025-06-02,HRHO,21296.0,29.87,636111.52,2025-05-20,8
2025-06-02,FWRY,61834.0,11.19,691922.46,2025-05-21,7
2025-06-02,GBCO,30195.0,23.02,695088.9,2025-05-22,6
2025-06-02,ORHD,28100.0,22.8,640680.0,2025-05-28,2
2025-06-03,FWRY,61834.0,10.93,675845.62,2025-05-21,8
2025-06-03,GBCO,30195.0,22.37,675462.15,2025-05-22,7
2025-06-03,ORHD,28100.0,22.66,636746.0,2025-05-28,3
2025-06-03,EGAL,4099.0,163.21,668997.79,2025-06-03,0
2025-06-04,FWRY,61834.0,11.06,683884.04,2025-05-21,9
2025-06-04,GBCO,30195.0,24.0,724680.0,2025-05-22,8
2025-06-04,ORHD,28100.0,22.78,640118.0,2025-05-28,4
2025-06-04,EGAL,4099.0,159.11,652191.89,2025-06-03,1
2025-06-10,FWRY,61834.0,11.45,707999.2999999999,2025-05-21,10
2025-06-10,GBCO,30195.0,23.54,710790.2999999999,2025-05-22,9
2025-06-10,ORHD,28100.0,22.95,644895.0,2025-05-28,5
2025-06-10,EGAL,4099.0,162.94,667891.0599999999,2025-06-03,2
2025-06-11,FWRY,61834.0,11.2,692540.7999999999,2025-05-21,11
2025-06-11,GBCO,30195.0,24.49,739475.5499999999,2025-05-22,10
2025-06-11,ORHD,28100.0,23.3,654730.0,2025-05-28,6
2025-06-11,EGAL,4099.0,166.0,680434.0,2025-06-03,3
2025-06-11,ISPH,70276.0,9.33,655675.08,2025-06-11,0
2025-06-12,FWRY,61834.0,11.1,686357.4,2025-05-21,12
2025-06-12,GBCO,30195.0,24.09,727397.55,2025-05-22,11
2025-06-12,ORHD,28100.0,22.71,638151.0,2025-05-28,7
2025-06-12,EGAL,4099.0,167.55,686787.4500000001,2025-06-03,4
2025-06-12,ISPH,70276.0,9.23,648647.48,2025-06-11,1
2025-06-15,FWRY,61834.0,11.0,680174.0,2025-05-21,13
2025-06-15,GBCO,30195.0,21.82,658854.9,2025-05-22,12
2025-06-15,ORHD,28100.0,20.2,567620.0,2025-05-28,8
2025-06-15,EGAL,4099.0,157.05,643747.9500000001,2025-06-03,5
2025-06-15,ISPH,70276.0,8.89,624753.64,2025-06-11,2
2025-06-24,FWRY,52610.0,12.35,649733.5,2025-06-24,0
2025-06-25,FWRY,52610.0,12.65,665516.5,2025-06-24,1
2025-06-25,ISPH,68234.0,9.47,646175.9800000001,2025-06-25,0
2025-06-25,GBCO,27713.0,23.69,656520.9700000001,2025-06-25,0
2025-06-25,EGAL,3946.0,157.0,619522.0,2025-06-25,0
2025-06-25,EMFD,68168.0,9.5,647596.0,2025-06-25,0
2025-06-29,FWRY,52610.0,12.47,656046.7000000001,2025-06-24,2
2025-06-29,ISPH,68234.0,9.4,641399.6,2025-06-25,1
2025-06-29,GBCO,27713.0,23.49,650978.37,2025-06-25,1
2025-06-29,EGAL,3946.0,159.0,627414.0,2025-06-25,1
2025-06-29,EMFD,68168.0,9.47,645550.9600000001,2025-06-25,1
2025-06-30,FWRY,52610.0,12.05,633950.5,2025-06-24,3
2025-06-30,ISPH,68234.0,9.14,623658.76,2025-06-25,2
2025-06-30,GBCO,27713.0,22.9,634627.7,2025-06-25,2
2025-06-30,EGAL,3946.0,158.34,624809.64,2025-06-25,2
2025-06-30,EMFD,68168.0,9.32,635325.76,2025-06-25,2
2025-07-01,FWRY,52610.0,12.05,633950.5,2025-06-24,4
2025-07-01,ISPH,68234.0,9.09,620247.0599999999,2025-06-25,3
2025-07-01,GBCO,27713.0,21.55,597215.15,2025-06-25,3
2025-07-01,EGAL,3946.0,158.02,623546.92,2025-06-25,3
2025-07-01,EMFD,68168.0,9.27,631917.36,2025-06-25,3
2025-07-02,FWRY,52610.0,12.2,641842.0,2025-06-24,5
2025-07-02,ISPH,68234.0,9.19,627070.46,2025-06-25,4
2025-07-02,GBCO,27713.0,21.9,606914.7,2025-06-25,4
2025-07-02,EGAL,3946.0,158.1,623862.6,2025-06-25,4
2025-07-02,EMFD,68168.0,9.17,625100.5599999999,2025-06-25,4
2025-07-06,FWRY,52610.0,12.56,660781.6,2025-06-24,6
2025-07-06,ISPH,68234.0,9.62,656411.08,2025-06-25,5
2025-07-06,GBCO,27713.0,22.2,615228.6,2025-06-25,5
2025-07-06,EGAL,3946.0,163.0,643198.0,2025-06-25,5
2025-07-06,EMFD,68168.0,9.3,633962.4,2025-06-25,5
2025-07-07,FWRY,52610.0,12.86,676564.6,2025-06-24,7
2025-07-07,ISPH,68234.0,9.5,648223.0,2025-06-25,6
2025-07-07,GBCO,27713.0,21.94,608023.2200000001,2025-06-25,6
2025-07-07,EGAL,3946.0,166.98,658903.08,2025-06-25,6
2025-07-07,EMFD,68168.0,9.12,621692.1599999999,2025-06-25,6
2025-07-09,FWRY,52610.0,13.01,684456.1,2025-06-24,8
2025-07-09,ISPH,68234.0,9.5,648223.0,2025-06-25,7
2025-07-09,GBCO,27713.0,23.0,637399.0,2025-06-25,7
2025-07-09,EGAL,3946.0,172.0,678712.0,2025-06-25,7
2025-07-09,EMFD,68168.0,9.3,633962.4,2025-06-25,7
2025-07-10,FWRY,52610.0,13.02,684982.2,2025-06-24,9
2025-07-10,ISPH,68234.0,9.47,646175.9800000001,2025-06-25,8
2025-07-10,GBCO,27713.0,23.56,652918.2799999999,2025-06-25,8
2025-07-10,EGAL,3946.0,171.0,674766.0,2025-06-25,8
2025-07-10,EMFD,68168.0,9.18,625782.24,2025-06-25,8
2025-07-13,FWRY,52610.0,13.25,697082.5,2025-06-24,10
2025-07-13,ISPH,68234.0,9.5,648223.0,2025-06-25,9
2025-07-13,GBCO,27713.0,23.75,658183.75,2025-06-25,9
2025-07-13,EGAL,3946.0,170.0,670820.0,2025-06-25,9
2025-07-13,EMFD,68168.0,9.05,616920.4,2025-06-25,9
2025-07-14,FWRY,52610.0,13.13,690769.3,2025-06-24,11
2025-07-14,ISPH,68234.0,9.5,648223.0,2025-06-25,10
2025-07-14,GBCO,27713.0,23.5,651255.5,2025-06-25,10
2025-07-14,EGAL,3946.0,166.7,657798.2,2025-06-25,10
2025-07-14,EMFD,68168.0,9.2,627145.6,2025-06-25,10
2025-07-15,FWRY,52610.0,12.65,665516.5,2025-06-24,12
2025-07-15,ISPH,68234.0,9.53,650270.0199999999,2025-06-25,11
2025-07-15,GBCO,27713.0,24.0,665112.0,2025-06-25,11
2025-07-15,EGAL,3946.0,173.69,685380.74,2025-06-25,11
2025-07-15,EMFD,68168.0,9.06,617602.0800000001,2025-06-25,11
2025-07-16,FWRY,52610.0,12.29,646576.8999999999,2025-06-24,13
2025-07-16,ISPH,68234.0,9.6,655046.4,2025-06-25,12
2025-07-16,GBCO,27713.0,24.13,668714.69,2025-06-25,12
2025-07-16,EGAL,3946.0,175.85,693904.1,2025-06-25,12
2025-07-16,EMFD,68168.0,9.09,619647.12,2025-06-25,12
2025-07-17,FWRY,52610.0,12.45,654994.5,2025-06-24,14
2025-07-17,ISPH,68234.0,9.67,659822.78,2025-06-25,13
2025-07-17,GBCO,27713.0,24.81,687559.5299999999,2025-06-25,13
2025-07-17,EGAL,3946.0,177.0,698442.0,2025-06-25,13
2025-07-17,EMFD,68168.0,9.1,620328.7999999999,2025-06-25,13
2025-07-20,FWRY,52610.0,12.69,667620.9,2025-06-24,15
2025-07-20,ISPH,68234.0,10.0,682340.0,2025-06-25,14
2025-07-20,GBCO,27713.0,24.88,689499.44,2025-06-25,14
2025-07-20,EGAL,3946.0,178.0,702388.0,2025-06-25,14
2025-07-20,EMFD,68168.0,9.0,613512.0,2025-06-25,14
2025-07-21,FWRY,52610.0,12.53,659203.2999999999,2025-06-24,16
2025-07-21,ISPH,68234.0,10.33,704857.22,2025-06-25,15
2025-07-21,GBCO,27713.0,24.01,665389.13,2025-06-25,15
2025-07-21,EGAL,3946.0,175.26,691575.96,2025-06-25,15
2025-07-21,EMFD,68168.0,8.88,605331.8400000001,2025-06-25,15
2025-07-22,FWRY,52610.0,12.5,657625.0,2025-06-24,17
2025-07-22,ISPH,68234.0,10.23,698033.8200000001,2025-06-25,16
2025-07-22,GBCO,27713.0,23.41,648761.33,2025-06-25,16
2025-07-22,EGAL,3946.0,175.0,690550.0,2025-06-25,16
2025-07-22,EMFD,68168.0,8.81,600560.0800000001,2025-06-25,16
2025-07-23,FWRY,52610.0,12.39,651837.9,2025-06-24,18
2025-07-23,ISPH,68234.0,10.35,706221.9,2025-06-25,17
2025-07-23,GBCO,27713.0,23.43,649315.59,2025-06-25,17
2025-07-23,EGAL,3946.0,173.02,682736.92,2025-06-25,17
2025-07-23,EMFD,68168.0,8.57,584199.76,2025-06-25,17
2025-07-27,FWRY,52610.0,13.01,684456.1,2025-06-24,19
2025-07-27,ISPH,68234.0,10.34,705539.5599999999,2025-06-25,18
2025-07-27,GBCO,27713.0,23.6,654026.8,2025-06-25,18
2025-07-27,EGAL,3946.0,175.0,690550.0,2025-06-25,18
2025-07-27,ARCC,16014.0,36.98,592197.72,2025-07-27,0
2025-07-28,FWRY,52610.0,13.05,686560.5,2025-06-24,20
2025-07-28,ISPH,68234.0,10.27,700763.1799999999,2025-06-25,19
2025-07-28,GBCO,27713.0,24.1,667883.3,2025-06-25,19
2025-07-28,EGAL,3946.0,170.0,670820.0,2025-06-25,19
2025-07-28,ARCC,16014.0,36.5,584511.0,2025-07-27,1
2025-07-29,ISPH,68234.0,10.3,702810.2000000001,2025-06-25,20
2025-07-29,GBCO,27713.0,24.5,678968.5,2025-06-25,20
2025-07-29,EGAL,3946.0,168.61,665335.06,2025-06-25,20
2025-07-29,ARCC,16014.0,36.5,584511.0,2025-07-27,2
2025-07-30,ARCC,16014.0,38.0,608532.0,2025-07-27,3
2025-07-31,ARCC,16014.0,39.03,625026.42,2025-07-27,4
2025-08-03,ARCC,16014.0,39.0,624546.0,2025-07-27,5
2025-08-04,ARCC,16014.0,38.61,618300.54,2025-07-27,6
2025-08-05,ARCC,16014.0,39.0,624546.0,2025-07-27,7
2025-08-05,TMGH,12422.0,55.28,686688.16,2025-08-05,0
2025-08-06,ARCC,16014.0,39.0,624546.0,2025-07-27,8
2025-08-06,TMGH,12422.0,55.26,686439.72,2025-08-05,1
2025-08-07,ARCC,16014.0,38.5,616539.0,2025-07-27,9
2025-08-07,TMGH,12422.0,55.93,694762.46,2025-08-05,2
2025-08-10,ARCC,16014.0,38.95,623745.3,2025-07-27,10
2025-08-10,TMGH,12422.0,56.79,705445.38,2025-08-05,3
2025-08-11,ARCC,16014.0,38.99,624385.86,2025-07-27,11
2025-08-11,TMGH,12422.0,56.45,701221.9,2025-08-05,4
2025-08-12,ARCC,16014.0,39.0,624546.0,2025-07-27,12
2025-08-12,TMGH,12422.0,56.3,699358.6,2025-08-05,5
2025-08-13,ARCC,16014.0,39.08,625827.12,2025-07-27,13
2025-08-13,TMGH,12422.0,56.0,695632.0,2025-08-05,6
2025-08-14,ARCC,16014.0,40.91,655132.74,2025-07-27,14
2025-08-14,TMGH,12422.0,55.5,689421.0,2025-08-05,7
2025-08-17,ARCC,16014.0,41.47,664100.58,2025-07-27,15
2025-08-17,TMGH,12422.0,55.85,693768.7000000001,2025-08-05,8
2025-08-18,ARCC,16014.0,43.8,701413.2,2025-07-27,16
2025-08-18,TMGH,12422.0,55.11,684576.42,2025-08-05,9
2025-08-19,ARCC,16014.0,45.73,732320.22,2025-07-27,17
2025-08-19,TMGH,12422.0,55.21,685818.62,2025-08-05,10
2025-08-20,TMGH,12422.0,55.05,683831.1,2025-08-05,11
2025-08-21,TMGH,12422.0,55.01,683334.22,2025-08-05,12
2025-08-24,TMGH,12422.0,55.26,686439.72,2025-08-05,13
2025-08-25,TMGH,12422.0,54.77,680352.9400000001,2025-08-05,14
2025-08-26,TMGH,12422.0,53.9,669545.7999999999,2025-08-05,15
2025-08-28,ORAS,1774.0,389.99,691842.26,2025-08-28,0
2025-08-31,ORAS,1774.0,400.0,709600.0,2025-08-28,1
2025-08-31,TMGH,12414.0,54.72,679294.08,2025-08-31,0
2025-09-01,ORAS,1774.0,405.0,718470.0,2025-08-28,2
2025-09-01,TMGH,12414.0,55.0,682770.0,2025-08-31,1
2025-09-02,ORAS,1774.0,396.6,703568.4,2025-08-28,3
2025-09-02,TMGH,12414.0,54.5,676563.0,2025-08-31,2
2025-09-03,ORAS,1774.0,393.7,698423.7999999999,2025-08-28,4
2025-09-03,TMGH,12414.0,53.2,660424.8,2025-08-31,3
2025-09-07,ORAS,1774.0,393.38,697856.12,2025-08-28,5
2025-09-08,ORAS,1774.0,392.0,695408.0,2025-08-28,6
2025-09-09,ORAS,1774.0,392.0,695408.0,2025-08-28,7
2025-09-10,ORAS,1774.0,394.45,699754.2999999999,2025-08-28,8
2025-09-11,ORAS,1774.0,400.0,709600.0,2025-08-28,9
2025-09-14,ORAS,1774.0,418.99,743288.26,2025-08-28,10
2025-09-14,FWRY,50049.0,13.7,685671.2999999999,2025-09-14,0
2025-09-14,ETEL,14845.0,46.96,697121.2000000001,2025-09-14,0
2025-09-15,ORAS,1774.0,423.95,752087.2999999999,2025-08-28,11
2025-09-15,FWRY,50049.0,13.41,671157.09,2025-09-14,1
2025-09-15,ETEL,14845.0,47.71,708254.9500000001,2025-09-14,1
2025-09-15,ISPH,64329.0,10.41,669664.89,2025-09-15,0
2025-09-16,FWRY,50049.0,13.46,673659.54,2025-09-14,2
2025-09-16,ETEL,14845.0,46.9,696230.5,2025-09-14,2
2025-09-16,ISPH,64329.0,10.25,659372.25,2025-09-15,1
2025-09-16,ARCC,17826.0,38.9,693431.4,2025-09-16,0
2025-09-16,COMI,7308.0,97.01,708949.0800000001,2025-09-16,0
2025-09-17,FWRY,50049.0,13.3,665651.7000000001,2025-09-14,3
2025-09-17,ETEL,14845.0,46.5,690292.5,2025-09-14,3
2025-09-17,ISPH,64329.0,10.3,662588.7000000001,2025-09-15,2
2025-09-17,ARCC,17826.0,38.35,683627.1,2025-09-16,1
2025-09-17,COMI,7308.0,98.4,719107.2000000001,2025-09-16,1
2025-09-18,FWRY,50049.0,13.11,656142.39,2025-09-14,4
2025-09-18,ETEL,14845.0,47.25,701426.25,2025-09-14,4
2025-09-18,ISPH,64329.0,10.28,661302.12,2025-09-15,3
2025-09-18,ARCC,17826.0,37.25,664018.5,2025-09-16,2
2025-09-18,COMI,7308.0,98.98,723345.8400000001,2025-09-16,2
2025-09-21,FWRY,50049.0,13.5,675661.5,2025-09-14,5
2025-09-21,ETEL,14845.0,46.83,695191.35,2025-09-14,5
2025-09-21,ISPH,64329.0,10.62,683173.98,2025-09-15,4
2025-09-21,ARCC,17826.0,37.5,668475.0,2025-09-16,3
2025-09-21,COMI,7308.0,97.0,708876.0,2025-09-16,3
2025-09-22,FWRY,50049.0,13.47,674160.03,2025-09-14,6
2025-09-22,ETEL,14845.0,46.5,690292.5,2025-09-14,6
2025-09-22,ISPH,64329.0,10.9,701186.1,2025-09-15,5
2025-09-22,ARCC,17826.0,37.52,668831.52,2025-09-16,4
2025-09-22,COMI,7308.0,96.0,701568.0,2025-09-16,4
2025-09-23,FWRY,50049.0,13.83,692177.67,2025-09-14,7
2025-09-23,ETEL,14845.0,46.69,693113.0499999999,2025-09-14,7
2025-09-23,ISPH,64329.0,10.65,685103.85,2025-09-15,6
2025-09-23,ARCC,17826.0,37.0,659562.0,2025-09-16,5
2025-09-23,COMI,7308.0,95.71,699448.6799999999,2025-09-16,5
2025-09-24,FWRY,50049.0,13.75,688173.75,2025-09-14,8
2025-09-24,ETEL,14845.0,46.94,696824.2999999999,2025-09-14,8
2025-09-24,ISPH,64329.0,10.97,705689.13,2025-09-15,7
2025-09-24,COMI,7308.0,98.75,721665.0,2025-09-16,6
2025-09-25,FWRY,50049.0,13.8,690676.2000000001,2025-09-14,9
2025-09-25,ETEL,14845.0,47.0,697715.0,2025-09-14,9
2025-09-25,ISPH,64329.0,10.8,694753.2000000001,2025-09-15,8
2025-09-25,COMI,7308.0,97.5,712530.0,2025-09-16,7
2025-09-25,BFTH,207038.0,3.17,656310.46,2025-09-25,0
2025-09-28,FWRY,50049.0,13.9,695681.1,2025-09-14,10
2025-09-28,ETEL,14845.0,48.5,719982.5,2025-09-14,10
2025-09-28,ISPH,64329.0,10.91,701829.39,2025-09-15,9
2025-09-28,COMI,7308.0,99.4,726415.2000000001,2025-09-16,8
2025-09-28,BFTH,207038.0,3.12,645958.56,2025-09-25,1
2025-09-29,FWRY,50049.0,14.27,714199.23,2025-09-14,11
2025-09-29,ETEL,14845.0,49.99,742101.55,2025-09-14,11
2025-09-29,ISPH,64329.0,10.96,705045.8400000001,2025-09-15,10
2025-09-29,COMI,7308.0,99.75,728973.0,2025-09-16,9
2025-09-29,BFTH,207038.0,3.13,648028.94,2025-09-25,2
2025-09-30,FWRY,50049.0,14.2,710695.7999999999,2025-09-14,12
2025-09-30,ETEL,14845.0,51.0,757095.0,2025-09-14,12
2025-09-30,ISPH,64329.0,11.06,711478.74,2025-09-15,11
2025-09-30,COMI,7308.0,101.0,738108.0,2025-09-16,10
2025-09-30,BFTH,207038.0,3.15,652169.7,2025-09-25,3
2025-10-01,FWRY,50049.0,14.2,710695.7999999999,2025-09-14,13
2025-10-01,ISPH,64329.0,11.37,731420.73,2025-09-15,12
2025-10-01,COMI,7308.0,102.01,745489.0800000001,2025-09-16,11
2025-10-01,BFTH,207038.0,3.13,648028.94,2025-09-25,4
2025-10-01,EGCH,62258.0,11.85,737757.2999999999,2025-10-01,0
2025-10-02,FWRY,50049.0,14.51,726210.99,2025-09-14,14
2025-10-02,ISPH,64329.0,11.5,739783.5,2025-09-15,13
2025-10-02,COMI,7308.0,103.29,754843.3200000001,2025-09-16,12
2025-10-02,BFTH,207038.0,3.09,639747.4199999999,2025-09-25,5
2025-10-02,EGCH,62258.0,11.87,739002.46,2025-10-01,1
2025-10-05,FWRY,50049.0,14.61,731215.89,2025-09-14,15
2025-10-05,ISPH,64329.0,11.35,730134.15,2025-09-15,14
2025-10-05,COMI,7308.0,105.05,767705.4,2025-09-16,13
2025-10-05,BFTH,207038.0,3.11,643888.1799999999,2025-09-25,6
2025-10-05,EGCH,62258.0,12.17,757679.86,2025-10-01,2
2025-10-06,FWRY,50049.0,14.78,739724.22,2025-09-14,16
2025-10-06,ISPH,64329.0,11.4,733350.6,2025-09-15,15
2025-10-06,BFTH,207038.0,3.06,633536.28,2025-09-25,7
2025-10-06,EGCH,62258.0,12.05,750208.9,2025-10-01,3
2025-10-07,FWRY,50049.0,14.6,730715.4,2025-09-14,17
2025-10-07,ISPH,64329.0,11.6,746216.4,2025-09-15,16
2025-10-07,BFTH,207038.0,3.03,627325.14,2025-09-25,8
2025-10-07,EGCH,62258.0,11.95,743983.1,2025-10-01,4
2025-10-08,FWRY,50049.0,14.72,736721.28,2025-09-14,18
2025-10-08,ISPH,64329.0,11.67,750719.43,2025-09-15,17
2025-10-08,EGCH,62258.0,11.91,741492.78,2025-10-01,5
2025-10-08,EGAL,4183.0,165.29,691408.07,2025-10-08,0
2025-10-09,FWRY,50049.0,14.72,736721.28,2025-09-14,19
2025-10-09,ISPH,64329.0,11.67,750719.43,2025-09-15,18
2025-10-09,EGCH,62258.0,11.91,741492.78,2025-10-01,6
2025-10-09,EGAL,4183.0,165.29,691408.07,2025-10-08,1
2025-10-12,FWRY,50049.0,14.69,735219.8099999999,2025-09-14,19
2025-10-12,ISPH,64329.0,11.77,757152.33,2025-09-15,18
2025-10-12,EGCH,62258.0,11.6,722192.7999999999,2025-10-01,6
2025-10-12,EGAL,4183.0,165.19,690989.77,2025-10-08,1
2025-10-13,FWRY,50049.0,14.6,730715.4,2025-09-14,20
2025-10-13,ISPH,64329.0,11.9,765515.1,2025-09-15,19
2025-10-13,EGAL,4183.0,175.2,732861.6,2025-10-08,2
2025-10-13,MCQE,8028.0,82.05,658697.4,2025-10-13,0
2025-10-14,EGAL,4183.0,174.0,727842.0,2025-10-08,3
2025-10-14,MCQE,8028.0,81.82,656850.96,2025-10-13,1
2025-10-15,EGAL,4183.0,171.0,715293.0,2025-10-08,4
2025-10-15,MCQE,8028.0,84.0,674352.0,2025-10-13,2
2025-10-16,EGAL,4183.0,171.0,715293.0,2025-10-08,5
2025-10-16,MCQE,8028.0,84.0,674352.0,2025-10-13,3
2025-10-19,EGAL,4183.0,171.0,715293.0,2025-10-08,5
2025-10-19,MCQE,8028.0,84.0,674352.0,2025-10-13,3
2025-10-20,EGAL,4183.0,184.6,772181.7999999999,2025-10-08,5
2025-10-20,MCQE,8028.0,84.1,675154.7999999999,2025-10-13,3
2025-10-21,MCQE,8028.0,84.08,674994.24,2025-10-13,4
2025-10-22,MCQE,8028.0,86.0,690408.0,2025-10-13,5
2025-10-23,MCQE,8028.0,86.0,690408.0,2025-10-13,6
2025-10-26,MCQE,8028.0,94.5,758646.0,2025-10-13,6
2025-10-27,MCQE,8028.0,92.52,742750.5599999999,2025-10-13,7
2025-10-28,MCQE,8028.0,93.16,747888.48,2025-10-13,8
2025-10-28,ISPH,64759.0,11.35,735014.65,2025-10-28,0
2025-10-29,MCQE,8028.0,93.57,751179.96,2025-10-13,9
2025-10-29,ISPH,64759.0,11.38,736957.42,2025-10-28,1
2025-10-30,MCQE,8028.0,93.51,750698.28,2025-10-13,10
2025-10-30,ISPH,64759.0,11.22,726595.9800000001,2025-10-28,2
2025-11-02,MCQE,8028.0,91.04,730869.12,2025-10-13,11
2025-11-02,ISPH,64759.0,11.25,728538.75,2025-10-28,3
2025-11-03,MCQE,8028.0,93.5,750618.0,2025-10-13,12
2025-11-03,ISPH,64759.0,11.3,731776.7000000001,2025-10-28,4
2025-11-04,MCQE,8028.0,95.6,767476.7999999999,2025-10-13,13
2025-11-04,ISPH,64759.0,11.16,722710.4400000001,2025-10-28,5
2025-11-05,MCQE,8028.0,96.55,775103.4,2025-10-13,14
2025-11-05,ISPH,64759.0,11.15,722062.85,2025-10-28,6
2025-11-06,MCQE,8028.0,94.13,755675.64,2025-10-13,15
2025-11-06,ISPH,64759.0,11.3,731776.7000000001,2025-10-28,7
2025-11-09,MCQE,8028.0,96.1,771490.7999999999,2025-10-13,16
2025-11-09,ISPH,64759.0,11.15,722062.85,2025-10-28,8
2025-11-10,MCQE,8028.0,96.0,770688.0,2025-10-13,17
2025-11-10,ISPH,64759.0,11.05,715586.9500000001,2025-10-28,9
2025-11-11,MCQE,8028.0,101.59,815564.52,2025-10-13,18
2025-11-11,ISPH,64759.0,10.64,689035.76,2025-10-28,10
2025-11-12,MCQE,8028.0,119.3,957740.4,2025-10-13,19
2025-11-24,ISPH,67794.0,11.19,758614.86,2025-11-24,0
2025-11-25,ISPH,67794.0,11.19,758614.86,2025-11-24,1
2025-11-26,ISPH,67794.0,10.7,725395.7999999999,2025-11-24,1
2025-11-30,ARCC,14975.0,51.8,775705.0,2025-11-30,0
2025-12-01,ARCC,14975.0,51.2,766720.0,2025-11-30,1
2025-12-01,EGAL,3850.0,200.11,770423.5,2025-12-01,0
2025-12-01,EFIH,47299.0,16.2,766243.7999999999,2025-12-01,0
2025-12-02,ARCC,14975.0,51.2,766720.0,2025-11-30,2
2025-12-02,EGAL,3850.0,200.11,770423.5,2025-12-01,1
2025-12-02,EFIH,47299.0,16.2,766243.7999999999,2025-12-01,1
2025-12-03,ARCC,14975.0,51.68,773908.0,2025-11-30,2
2025-12-03,EGAL,3850.0,206.95,796757.5,2025-12-01,1
2025-12-03,EFIH,47299.0,16.0,756784.0,2025-12-01,1
2025-12-04,ARCC,14975.0,51.68,773908.0,2025-11-30,3
2025-12-04,EGAL,3850.0,206.95,796757.5,2025-12-01,2
2025-12-04,EFIH,47299.0,16.0,756784.0,2025-12-01,2
2025-12-07,ARCC,14975.0,50.82,761029.5,2025-11-30,3
2025-12-07,EGAL,3850.0,205.22,790097.0,2025-12-01,2
2025-12-07,EFIH,47299.0,17.08,807866.9199999999,2025-12-01,2
2025-12-08,ARCC,14975.0,50.82,761029.5,2025-11-30,4
2025-12-08,EGAL,3850.0,205.22,790097.0,2025-12-01,3
2025-12-08,EFIH,47299.0,17.08,807866.9199999999,2025-12-01,3
2025-12-09,ARCC,14975.0,51.86,776603.5,2025-11-30,4
2025-12-09,EGAL,3850.0,203.1,781935.0,2025-12-01,3
2025-12-09,EFIH,47299.0,17.65,834827.35,2025-12-01,3
2025-12-10,ARCC,14975.0,52.09,780047.75,2025-11-30,5
2025-12-10,EGAL,3850.0,204.98,789173.0,2025-12-01,4
2025-12-10,EFIH,47299.0,18.0,851382.0,2025-12-01,4
2025-12-10,EMFD,77398.0,10.0,773980.0,2025-12-10,0
2025-12-11,ARCC,14975.0,51.54,771811.5,2025-11-30,6
2025-12-11,EGAL,3850.0,208.0,800800.0,2025-12-01,5
2025-12-11,EFIH,47299.0,18.0,851382.0,2025-12-01,5
2025-12-11,EMFD,77398.0,9.85,762370.2999999999,2025-12-10,1
2025-12-14,ARCC,14975.0,51.38,769415.5,2025-11-30,7
2025-12-14,EGAL,3850.0,206.0,793100.0,2025-12-01,6
2025-12-14,EFIH,47299.0,18.6,879761.4,2025-12-01,6
2025-12-14,EMFD,77398.0,9.8,758500.4,2025-12-10,2
2025-12-15,ARCC,14975.0,51.14,765821.5,2025-11-30,8
2025-12-15,EGAL,3850.0,208.15,801377.5,2025-12-01,7
2025-12-15,EFIH,47299.0,18.6,879761.4,2025-12-01,7
2025-12-15,EMFD,77398.0,10.03,776301.94,2025-12-10,3
2025-12-16,ARCC,14975.0,50.9,762227.5,2025-11-30,9
2025-12-16,EGAL,3850.0,204.23,786285.5,2025-12-01,8
2025-12-16,EMFD,77398.0,9.75,754630.5,2025-12-10,4
2025-12-17,ARCC,14975.0,50.6,757735.0,2025-11-30,10
2025-12-17,EGAL,3850.0,206.51,795063.5,2025-12-01,9
2025-12-17,EMFD,77398.0,9.7,750760.6,2025-12-10,5
2025-12-18,ARCC,14975.0,50.35,753991.25,2025-11-30,11
2025-12-18,EGAL,3850.0,213.11,820473.5,2025-12-01,10
2025-12-18,EMFD,77398.0,9.4,727541.2000000001,2025-12-10,6
2025-12-18,MCQE,6171.0,129.81,801057.51,2025-12-18,0
2025-12-21,ARCC,14975.0,50.59,757585.25,2025-11-30,12
2025-12-21,EGAL,3850.0,225.0,866250.0,2025-12-01,11
2025-12-21,EMFD,77398.0,9.65,746890.7000000001,2025-12-10,7
2025-12-21,MCQE,6171.0,129.31,797972.01,2025-12-18,1
2025-12-22,ARCC,14975.0,48.8,730780.0,2025-11-30,13
2025-12-22,EGAL,3850.0,225.0,866250.0,2025-12-01,12
2025-12-22,EMFD,77398.0,9.8,758500.4,2025-12-10,8
2025-12-22,MCQE,6171.0,135.26,834689.46,2025-12-18,2
2025-12-23,ARCC,14975.0,49.08,734973.0,2025-11-30,14
2025-12-23,EGAL,3850.0,227.92,877492.0,2025-12-01,13
2025-12-23,EMFD,77398.0,9.6,743020.7999999999,2025-12-10,9
2025-12-23,MCQE,6171.0,141.77,874862.67,2025-12-18,3
2025-12-24,ARCC,14975.0,49.07,734823.25,2025-11-30,15
2025-12-24,EGAL,3850.0,224.61,864748.5,2025-12-01,14
2025-12-24,EMFD,77398.0,9.6,743020.7999999999,2025-12-10,10
2025-12-24,MCQE,6171.0,143.85,887698.35,2025-12-18,4
2025-12-25,ARCC,14975.0,48.73,729731.75,2025-11-30,16
2025-12-25,EGAL,3850.0,222.46,856471.0,2025-12-01,15
2025-12-25,EMFD,77398.0,9.7,750760.6,2025-12-10,11
2025-12-25,MCQE,6171.0,143.0,882453.0,2025-12-18,5
2025-12-28,ARCC,14975.0,48.97,733325.75,2025-11-30,17
2025-12-28,EGAL,3850.0,226.0,870100.0,2025-12-01,16
2025-12-28,EMFD,77398.0,9.75,754630.5,2025-12-10,12
2025-12-28,MCQE,6171.0,156.06,963046.26,2025-12-18,6
2025-12-29,ARCC,14975.0,50.49,756087.75,2025-11-30,18
2025-12-29,EGAL,3850.0,226.46,871871.0,2025-12-01,17
2025-12-29,EMFD,77398.0,9.73,753082.54,2025-12-10,13
2025-12-29,MCQE,6171.0,161.32,995505.72,2025-12-18,7
2025-12-30,ARCC,14975.0,50.91,762377.25,2025-11-30,19
2025-12-30,EGAL,3850.0,226.95,873757.5,2025-12-01,18
2025-12-30,EMFD,77398.0,9.56,739924.88,2025-12-10,14
2025-12-30,CCAP,242165.0,3.75,908118.75,2025-12-30,0
2025-12-31,ARCC,14975.0,50.8,760730.0,2025-11-30,20
2025-12-31,EGAL,3850.0,235.5,906675.0,2025-12-01,19
2025-12-31,EMFD,77398.0,9.7,750760.6,2025-12-10,15
2025-12-31,CCAP,242165.0,3.76,910540.3999999999,2025-12-30,1
2026-01-04,EMFD,77398.0,9.46,732185.0800000001,2025-12-10,16
2026-01-04,CCAP,242165.0,3.7,896010.5,2025-12-30,2
2026-01-04,ARCC,16894.0,50.16,847403.0399999999,2026-01-04,0
2026-01-04,GBCO,31787.0,26.0,826462.0,2026-01-04,0
2026-01-05,EMFD,77398.0,9.46,732185.0800000001,2025-12-10,17
2026-01-05,CCAP,242165.0,3.7,896010.5,2025-12-30,3
2026-01-05,ARCC,16894.0,50.16,847403.0399999999,2026-01-04,1
2026-01-05,GBCO,31787.0,26.0,826462.0,2026-01-04,1
2026-01-06,EMFD,77398.0,9.41,728315.18,2025-12-10,17
2026-01-06,CCAP,242165.0,3.71,898432.15,2025-12-30,3
2026-01-06,ARCC,16894.0,50.0,844700.0,2026-01-04,1
2026-01-06,GBCO,31787.0,26.6,845534.2000000001,2026-01-04,1
2026-01-08,CCAP,242165.0,3.62,876637.3,2025-12-30,4
2026-01-08,ARCC,16894.0,49.07,828988.58,2026-01-04,2
2026-01-08,GBCO,31787.0,26.2,832819.4,2026-01-04,2
2026-01-11,CCAP,242165.0,3.61,874215.65,2025-12-30,5
2026-01-11,ARCC,16894.0,49.09,829326.4600000001,2026-01-04,3
2026-01-11,GBCO,31787.0,26.07,828687.09,2026-01-04,3
2026-01-12,CCAP,242165.0,3.57,864529.0499999999,2025-12-30,6
2026-01-12,ARCC,16894.0,48.75,823582.5,2026-01-04,4
2026-01-12,GBCO,31787.0,27.11,861745.57,2026-01-04,4
2026-01-13,CCAP,242165.0,3.36,813674.4,2025-12-30,7
2026-01-13,ARCC,16894.0,47.53,802971.8200000001,2026-01-04,5
2026-01-13,GBCO,31787.0,28.0,890036.0,2026-01-04,5
2026-01-14,GBCO,31787.0,27.32,868420.84,2026-01-04,6
2026-01-15,GBCO,31787.0,26.0,826462.0,2026-01-04,7
2026-01-18,GBCO,31787.0,26.89,854752.43,2026-01-04,8
2026-01-19,GBCO,31787.0,28.0,890036.0,2026-01-04,9
2026-01-20,GBCO,31787.0,29.31,931676.97,2026-01-04,10
2026-01-20,TMGH,9727.0,83.75,814636.25,2026-01-20,0
2026-01-20,FWRY,49436.0,16.24,802840.6399999999,2026-01-20,0
2026-01-21,GBCO,31787.0,28.91,918962.17,2026-01-04,11
2026-01-21,TMGH,9727.0,82.95,806854.65,2026-01-20,1
2026-01-21,FWRY,49436.0,16.58,819648.8799999999,2026-01-20,1
2026-01-22,GBCO,31787.0,29.36,933266.32,2026-01-04,12
2026-01-22,TMGH,9727.0,83.5,812204.5,2026-01-20,2
2026-01-22,FWRY,49436.0,16.75,828053.0,2026-01-20,2
2026-01-25,GBCO,31787.0,30.0,953610.0,2026-01-04,13
2026-01-25,TMGH,9727.0,86.44,840801.88,2026-01-20,3
2026-01-25,FWRY,49436.0,16.43,812233.48,2026-01-20,3
2026-01-26,GBCO,31787.0,31.6,1004469.2000000001,2026-01-04,14
2026-01-26,TMGH,9727.0,86.47,841093.69,2026-01-20,4
2026-01-26,FWRY,49436.0,17.6,870073.6000000001,2026-01-20,4
2026-01-27,TMGH,9727.0,87.21,848291.6699999999,2026-01-20,5
2026-01-27,FWRY,49436.0,17.32,856231.52,2026-01-20,5
2026-01-28,TMGH,9727.0,86.49,841288.23,2026-01-20,6
2026-01-28,FWRY,49436.0,17.14,847333.04,2026-01-20,6
2026-02-01,TMGH,9727.0,86.0,836522.0,2026-01-20,7
2026-02-01,FWRY,49436.0,17.1,845355.6000000001,2026-01-20,7
2026-02-02,TMGH,9727.0,86.78,844109.06,2026-01-20,8
2026-02-02,FWRY,49436.0,17.36,858208.96,2026-01-20,8
2026-02-03,TMGH,9727.0,88.44,860255.88,2026-01-20,9
2026-02-03,FWRY,49436.0,18.75,926925.0,2026-01-20,9
2026-02-04,TMGH,9727.0,90.2,877375.4,2026-01-20,10
2026-02-05,TMGH,9727.0,88.02,856170.5399999999,2026-01-20,11
2026-02-08,TMGH,9727.0,88.6,861812.2,2026-01-20,12
2026-02-09,TMGH,9727.0,89.97,875138.19,2026-01-20,13
2026-02-09,ARCC,18186.0,47.94,871836.84,2026-02-09,0
2026-02-10,TMGH,9727.0,88.97,865411.19,2026-01-20,14
2026-02-10,ARCC,18186.0,47.79,869108.94,2026-02-09,1
2026-02-10,MCQE,5019.0,175.8,882340.2000000001,2026-02-10,0
2026-02-11,TMGH,9727.0,87.21,848291.6699999999,2026-01-20,15
2026-02-11,ARCC,18186.0,47.52,864198.7200000001,2026-02-09,2
2026-02-11,MCQE,5019.0,171.02,858349.38,2026-02-10,1
2026-02-12,TMGH,9727.0,88.32,859088.6399999999,2026-01-20,16
2026-02-12,ARCC,18186.0,47.9,871109.4,2026-02-09,3
2026-02-12,MCQE,5019.0,172.74,866982.06,2026-02-10,2
2026-02-15,TMGH,9727.0,91.6,890993.2,2026-01-20,17
2026-02-15,ARCC,18186.0,49.15,893841.9,2026-02-09,4
2026-02-15,MCQE,5019.0,174.59,876267.21,2026-02-10,3
2026-02-16,ARCC,18186.0,51.02,927849.7200000001,2026-02-09,5
2026-02-16,MCQE,5019.0,176.4,885351.6,2026-02-10,4
2026-02-17,ARCC,18186.0,51.8,942034.7999999999,2026-02-09,6
2026-02-17,MCQE,5019.0,180.88,907836.72,2026-02-10,5
2026-02-18,ARCC,18186.0,51.9,943853.4,2026-02-09,7
2026-02-18,MCQE,5019.0,192.5,966157.5,2026-02-10,6
2026-02-19,ARCC,18186.0,49.9,907481.4,2026-02-09,8
2026-02-19,MCQE,5019.0,190.07,953961.33,2026-02-10,7
2026-02-19,CCAP,252418.0,3.41,860745.38,2026-02-19,0
2026-02-22,ARCC,18186.0,48.39,880020.54,2026-02-09,9
2026-02-22,MCQE,5019.0,194.0,973686.0,2026-02-10,8
2026-02-22,CCAP,252418.0,3.37,850648.66,2026-02-19,1
2026-02-23,ARCC,18186.0,49.78,905299.0800000001,2026-02-09,10
2026-02-23,MCQE,5019.0,197.01,988793.19,2026-02-10,9
2026-02-23,CCAP,252418.0,3.43,865793.74,2026-02-19,2
2026-02-24,ARCC,18186.0,50.11,911300.46,2026-02-09,11
2026-02-24,MCQE,5019.0,202.98,1018756.62,2026-02-10,10
2026-02-24,CCAP,252418.0,3.37,850648.66,2026-02-19,3
2026-02-25,ARCC,18186.0,49.4,898388.4,2026-02-09,12
2026-02-25,MCQE,5019.0,192.85,967914.15,2026-02-10,11
2026-02-25,CCAP,252418.0,3.26,822882.6799999999,2026-02-19,4
2026-02-26,ARCC,18186.0,50.64,920939.04,2026-02-09,13
2026-02-26,MCQE,5019.0,193.61,971728.5900000001,2026-02-10,12
2026-03-01,ARCC,18186.0,49.85,906572.1,2026-02-09,14
2026-03-01,MCQE,5019.0,185.75,932279.25,2026-02-10,13
2026-03-04,EGAL,3512.0,271.03,951857.3599999999,2026-03-04,0
2026-03-05,EGAL,3512.0,267.5,939460.0,2026-03-04,1
2026-03-08,EGAL,3512.0,302.85,1063609.2000000002,2026-03-04,2
2026-03-08,CCAP,247228.0,3.72,919688.16,2026-03-08,0
2026-03-09,CCAP,247228.0,3.72,919688.16,2026-03-08,1
2026-03-09,EGAL,3065.0,285.0,873525.0,2026-03-09,0
2026-03-10,CCAP,247228.0,3.61,892493.08,2026-03-08,2
2026-03-10,EGAL,3065.0,277.0,849005.0,2026-03-09,1
2026-03-11,CCAP,247228.0,3.65,902382.2,2026-03-08,3
2026-03-12,CCAP,247228.0,3.69,912271.32,2026-03-08,4
2026-03-15,CCAP,247228.0,3.7,914743.6000000001,2026-03-08,5
2026-03-16,CCAP,247228.0,3.61,892493.08,2026-03-08,6
2026-03-17,CCAP,247228.0,3.62,894965.36,2026-03-08,7
2026-03-18,CCAP,247228.0,3.61,892493.08,2026-03-08,8
2026-03-24,CCAP,247228.0,3.73,922160.44,2026-03-08,9
2026-03-25,CCAP,247228.0,3.65,902382.2,2026-03-08,10
2026-03-26,CCAP,247228.0,3.62,894965.36,2026-03-08,11
2026-03-29,CCAP,247228.0,3.86,954300.08,2026-03-08,12
2026-03-30,CCAP,247228.0,3.86,954300.08,2026-03-08,13
2026-03-31,CCAP,247228.0,3.93,971606.04,2026-03-08,14
2026-04-01,CCAP,247228.0,3.85,951827.8,2026-03-08,15
2026-04-02,CCAP,247228.0,3.98,983967.44,2026-03-08,16
2026-04-05,CCAP,247228.0,3.98,983967.44,2026-03-08,17
