date,strategy_equity,etf_dca_equity,etf_regime_ok,index_regime_ok,breadth,breadth_regime_ok,market_regime_ok
2015-01-15,110000.0,107655.38877940002,False,False,0.0,False,False
2015-01-18,110000.0,105792.20877940001,False,False,0.0,False,False
2015-01-19,110000.0,105585.1887794,False,False,0.0,False,False
2015-01-20,110000.0,108793.9987794,False,False,0.0,False,False
2015-01-21,110000.0,109518.56877940001,False,False,0.0,False,False
2015-01-22,110000.0,110243.13877940002,False,False,0.0,False,False
2015-01-26,110000.0,109104.5287794,False,False,0.0,False,False
2015-01-27,110000.0,110553.6687794,False,False,0.0,False,False
2015-01-28,110000.0,109415.05877940002,False,False,0.0,False,False
2015-01-29,110000.0,108793.9987794,False,False,0.0,False,False
2015-02-01,120000.0,118279.42443465002,False,False,0.0,False,False
2015-02-02,120000.0,118618.30443465001,False,False,0.0,False,False
2015-02-03,120000.0,119296.06443465002,False,False,0.0,False,False
2015-02-04,120000.0,120651.58443465001,False,False,0.0,False,False
2015-02-05,120000.0,119973.82443465,False,False,0.0,False,False
2015-02-08,120000.0,119860.86443465001,False,False,0.0,False,False
2015-02-09,120000.0,120651.58443465001,False,False,0.0,False,False
2015-02-10,120000.0,120199.74443465001,False,False,0.0,False,False
2015-02-11,120000.0,117714.62443465,False,False,0.0,False,False
2015-02-12,120000.0,117827.58443465001,False,False,0.0,False,False
2015-02-15,120000.0,117827.58443465001,False,False,0.0,False,False
2015-02-16,120000.0,115794.30443465001,False,False,0.0,False,False
2015-02-17,120000.0,115003.58443465001,False,False,0.0,False,False
2015-02-18,120000.0,115455.42443465002,False,False,0.0,False,False
2015-02-19,120000.0,114438.78443465002,False,False,0.0,False,False
2015-02-22,120000.0,113196.22443465001,False,False,0.0,False,False
2015-02-23,120000.0,116359.10443465001,False,False,0.0,False,False
2015-02-24,120000.0,115229.50443465,False,False,0.0,False,False
2015-02-25,120000.0,115342.46443465001,False,False,0.0,False,False
2015-02-26,120000.0,113422.14443465,False,False,0.0,False,False
2015-03-01,130000.0,122723.70745585002,False,False,0.0,False,False
2015-03-02,130000.0,124320.62745585,False,False,0.0,False,False
2015-03-03,130000.0,124443.46745585003,False,False,0.0,False,False
2015-03-04,130000.0,124934.82745585001,False,False,0.0,False,False
2015-03-05,130000.0,125671.86745585002,False,False,0.0,False,False
2015-03-08,130000.0,125794.70745585002,False,False,0.0,False,False
2015-03-09,130000.0,127268.78745585,False,False,0.0,False,False
2015-03-10,130000.0,127268.78745585,False,True,0.0,False,False
2015-03-11,130000.0,124689.14745585002,False,True,0.0,False,False
2015-03-12,130000.0,126900.26745585001,False,False,0.0,False,False
2015-03-15,130000.0,128005.82745585001,False,False,0.0,False,False
2015-03-16,130000.0,125426.18745585003,True,True,0.0,False,True
2015-03-17,130000.0,125671.86745585002,False,False,0.0,False,False
2015-03-18,130000.0,124566.30745585002,False,False,0.0,False,False
2015-03-19,130000.0,125057.66745585001,False,False,0.0,False,False
2015-03-22,130000.0,122846.54745585001,False,False,0.0,False,False
2015-03-23,130000.0,122846.54745585001,False,False,0.0,False,False
2015-03-24,130000.0,123337.90745585,False,False,0.0,False,False
2015-03-25,130000.0,121863.82745585001,False,False,0.0,False,False
2015-03-26,130000.0,119652.70745585002,False,False,0.0,False,False
2015-03-30,130000.0,120389.74745585003,False,False,0.08333333333333333,False,False
2015-03-31,130000.0,120635.42745585002,False,False,0.125,False,False
2015-04-01,140000.0,130119.11848025,False,False,0.125,False,False
2015-04-02,140000.0,129586.95848025002,False,False,0.125,False,False
2015-04-05,140000.0,126127.91848025002,False,False,0.08,False,False
2015-04-06,140000.0,126127.91848025002,False,False,0.0,False,False
2015-04-07,140000.0,125462.71848025001,False,False,0.0,False,False
2015-04-08,140000.0,125462.71848025001,False,False,0.0,False,False
2015-04-09,140000.0,127458.31848025002,False,False,0.0,False,False
2015-04-14,140000.0,127857.43848025,False,False,0.08,False,False
2015-04-15,140000.0,126793.11848025,False,False,0.04,False,False
2015-04-16,140000.0,126127.91848025002,False,False,0.04,False,False
2015-04-19,140000.0,124664.47848025,False,False,0.04,False,False
2015-04-20,140000.0,122934.95848025002,False,False,0.04,False,False
2015-04-22,140000.0,122934.95848025002,False,False,0.04,False,False
2015-04-23,140000.0,125063.59848025002,False,False,0.04,False,False
2015-04-26,140000.0,123201.03848025,False,False,0.04,False,False
2015-04-27,140000.0,123067.99848025001,False,False,0.04,False,False
2015-04-28,140000.0,119875.03848025,False,False,0.04,False,False
2015-04-29,140000.0,121870.63848025001,False,False,0.08,False,False
2015-04-30,140000.0,125196.63848025001,False,False,0.12,False,False
2015-05-03,150000.0,135366.26442762002,False,False,0.16,False,False
2015-05-04,150000.0,132345.41442762,False,False,0.16,False,False
2015-05-05,150000.0,135941.66442762,False,False,0.2,False,False
2015-05-07,150000.0,135078.56442762,False,False,0.16,False,False
2015-05-11,150000.0,135222.41442762,False,False,0.2,False,False
2015-05-12,150000.0,133927.76442762002,False,False,0.16,False,False
2015-05-13,150000.0,133352.36442762,False,False,0.2,False,False
2015-05-14,150000.0,133352.36442762,False,False,0.2,False,False
2015-05-17,150000.0,128317.61442762,False,False,0.16,False,False
2015-05-18,150000.0,138243.26442762002,False,False,0.12,False,False
2015-05-19,150000.0,139825.61442762002,False,False,0.2,False,False
2015-05-20,150000.0,136229.36442762002,False,False,0.16,False,False
2015-05-21,150000.0,136229.36442762002,False,False,0.12,False,False
2015-05-24,150000.0,143421.86442762002,False,False,0.16,False,False
2015-05-25,150000.0,140976.41442762,True,False,0.16,False,False
2015-05-27,150000.0,140832.56442762,False,False,0.16,False,False
2015-05-28,150000.0,140832.56442762,False,False,0.12,False,False
2015-06-01,160000.0,151005.02845322,False,False,0.12,False,False
2015-06-02,160000.0,148074.46845322,False,False,0.12,False,False
2015-06-03,160000.0,147611.74845322,False,False,0.12,False,False
2015-06-04,160000.0,147611.74845322,False,False,0.12,False,False
2015-06-08,160000.0,144372.70845322,False,False,0.12,False,False
2015-06-09,160000.0,145452.38845322002,False,False,0.12,False,False
2015-06-11,160000.0,145452.38845322002,False,False,0.12,False,False
2015-06-15,160000.0,142213.34845322,False,False,0.08,False,False
2015-06-16,160000.0,142213.34845322,False,False,0.12,False,False
2015-06-17,160000.0,142676.06845322,False,False,0.16,False,False
2015-06-21,160000.0,142676.06845322,False,False,0.16,False,False
2015-06-23,160000.0,140979.42845322003,False,False,0.16,False,False
2015-06-24,160000.0,140979.42845322003,False,False,0.16,False,False
2015-06-25,160000.0,141133.66845322002,False,False,0.16,False,False
2015-06-29,160000.0,141133.66845322002,False,False,0.16,False,False
2015-07-02,170000.0,148629.80848122,False,False,0.16,False,False
2015-07-05,170000.0,147472.56848122002,False,False,0.16,False,False
2015-07-06,170000.0,142347.64848122,False,False,0.11538461538461539,False,False
2015-07-07,170000.0,137057.40848122002,False,False,0.11538461538461539,False,False
2015-07-08,170000.0,136230.80848122,False,False,0.11538461538461539,False,False
2015-07-09,170000.0,136726.76848122,False,False,0.11538461538461539,False,False
2015-07-12,170000.0,136726.76848122,False,False,0.11538461538461539,False,False
2015-07-14,170000.0,137222.72848122002,False,False,0.11538461538461539,False,False
2015-07-15,170000.0,140033.16848122003,False,False,0.11538461538461539,False,False
2015-07-16,170000.0,140033.16848122003,False,False,0.15384615384615385,False,False
2015-07-22,170000.0,140033.16848122003,False,False,0.19230769230769232,False,False
2015-07-28,170000.0,141190.40848122002,False,False,0.19230769230769232,False,False
2015-07-30,170000.0,144662.12848122002,False,False,0.15384615384615385,False,False
2015-08-03,180000.0,152322.69102723,False,False,0.2692307692307692,False,False
2015-08-04,180000.0,154445.61102723,False,False,0.23076923076923078,False,False
2015-08-05,180000.0,152145.78102723003,False,False,0.19230769230769232,False,False
2015-08-10,180000.0,152145.78102723003,False,False,0.3076923076923077,False,False
2015-08-12,180000.0,148607.58102723002,False,False,0.19230769230769232,False,False
2015-08-17,180000.0,141000.45102723,False,False,0.19230769230769232,False,False
2015-08-19,180000.0,140115.90102723002,False,False,0.15384615384615385,False,False
2015-08-20,180000.0,140115.90102723002,False,False,0.11538461538461539,False,False
2015-08-24,180000.0,126316.92102723001,False,False,0.07692307692307693,False,False
2015-08-25,180000.0,127024.56102723001,False,False,0.07692307692307693,False,False
2015-08-27,180000.0,131978.04102723,False,False,0.07692307692307693,False,False
2015-08-30,180000.0,133570.23102723,False,False,0.07692307692307693,False,False
2015-08-31,180000.0,133570.23102723,False,False,0.11538461538461539,False,False
2015-09-01,190000.0,143325.64545299002,False,False,0.11538461538461539,False,False
2015-09-03,190000.0,147122.24545299003,False,False,0.11538461538461539,False,False
2015-09-09,190000.0,147122.24545299003,False,False,0.11538461538461539,False,False
2015-09-10,190000.0,147122.24545299003,False,False,0.11538461538461539,False,False
2015-09-14,190000.0,147122.24545299003,False,False,0.11538461538461539,False,False
2015-09-17,190000.0,146362.92545299002,False,False,0.11538461538461539,False,False
2015-09-21,190000.0,146552.75545299004,False,False,0.19230769230769232,False,False
2015-09-29,190000.0,146552.75545299004,False,False,0.11538461538461539,False,False
2015-09-30,190000.0,149969.69545299004,False,False,0.11538461538461539,False,False
2015-10-04,200000.0,160033.92692757002,False,False,0.11538461538461539,False,False
2015-10-08,200000.0,160033.92692757002,False,False,0.11538461538461539,False,False
2015-10-12,200000.0,164490.46692757,False,False,0.19230769230769232,False,False
2015-10-18,200000.0,164490.46692757,False,False,0.2692307692307692,False,False
2015-10-19,200000.0,164490.46692757,False,False,0.2692307692307692,False,False
2015-10-20,200000.0,165098.17692757002,False,False,0.2692307692307692,False,False
2015-10-29,200000.0,165098.17692757002,False,False,0.3076923076923077,False,False
2015-11-01,210000.0,175260.27695157003,False,False,0.3076923076923077,False,False
2015-11-08,210000.0,166443.63695157002,False,False,0.23076923076923078,False,False
2015-11-09,210000.0,166443.63695157002,False,False,0.2692307692307692,False,False
2015-11-10,210000.0,166443.63695157002,False,False,0.15384615384615385,False,False
2015-11-11,210000.0,166443.63695157002,False,False,0.11538461538461539,False,False
2015-11-16,210000.0,166443.63695157002,False,False,0.11538461538461539,False,False
2015-11-17,210000.0,149885.55695157003,False,False,0.11538461538461539,False,False
2015-11-18,210000.0,149885.55695157003,False,False,0.11538461538461539,False,False
2015-11-22,210000.0,149455.47695157005,False,False,0.11538461538461539,False,False
2015-11-23,210000.0,149455.47695157005,False,False,0.11538461538461539,False,False
2015-11-29,210000.0,149455.47695157005,False,False,0.11538461538461539,False,False
2015-12-02,220000.0,161365.88777589,False,False,0.07692307692307693,False,False
2015-12-03,220000.0,164574.82777589,False,False,0.07692307692307693,False,False
2015-12-07,220000.0,168242.18777589,False,False,0.23076923076923078,False,False
2015-12-09,220000.0,162741.14777589001,False,False,0.23076923076923078,False,False
2015-12-10,220000.0,160907.46777589,False,False,0.19230769230769232,False,False
2015-12-17,220000.0,161824.30777589,False,False,0.23076923076923078,False,False
2015-12-20,220000.0,161595.09777589,False,False,0.23076923076923078,False,False
2015-12-21,220000.0,164116.40777589002,False,False,0.23076923076923078,False,False
2015-12-24,220000.0,168012.97777589,False,False,0.19230769230769232,False,False
2015-12-30,220000.0,168012.97777589,False,False,0.2692307692307692,False,False
2015-12-31,220000.0,172826.38777589,False,False,0.2692307692307692,False,False
2016-01-03,230000.0,182788.23392734,False,False,0.3076923076923077,False,False
2016-01-05,230000.0,178909.51392734,False,False,0.34615384615384615,False,False
2016-01-06,230000.0,178182.25392734,False,False,0.3076923076923077,False,False
2016-01-10,230000.0,174061.11392734002,False,False,0.23076923076923078,False,False
2016-01-11,230000.0,174061.11392734002,False,False,0.19230769230769232,False,False
2016-01-12,230000.0,167273.35392734004,False,False,0.19230769230769232,False,False
2016-01-13,230000.0,161697.69392734,False,False,0.19230769230769232,False,False
2016-01-17,230000.0,161697.69392734,False,False,0.07692307692307693,False,False
2016-01-19,230000.0,161697.69392734,False,False,0.0,False,False
2016-01-21,230000.0,161697.69392734,False,False,0.07692307692307693,False,False
2016-01-26,230000.0,151516.05392734002,False,False,0.038461538461538464,False,False
2016-01-28,230000.0,151516.05392734002,False,False,0.11538461538461539,False,False
2016-01-31,230000.0,157091.71392734002,False,False,0.15384615384615385,False,False
2016-02-01,240000.0,162703.21170444,False,False,0.15384615384615385,False,False
2016-02-02,240000.0,163736.21170444,False,False,0.11538461538461539,False,False
2016-02-04,240000.0,169934.21170444,False,False,0.15384615384615385,False,False
2016-02-09,240000.0,169934.21170444,False,False,0.15384615384615385,False,False
2016-02-11,240000.0,169934.21170444,False,False,0.07692307692307693,False,False
2016-02-15,240000.0,161928.46170444,False,False,0.038461538461538464,False,False
2016-02-16,240000.0,165285.71170444,False,False,0.11538461538461539,False,False
2016-02-21,240000.0,169159.46170444,False,False,0.11538461538461539,False,False
2016-02-22,240000.0,169159.46170444,False,False,0.15384615384615385,False,False
2016-02-23,240000.0,170192.46170444,False,False,0.15384615384615385,False,False
2016-02-24,240000.0,170192.46170444,False,False,0.11538461538461539,False,False
2016-02-28,240000.0,170192.46170444,False,False,0.11538461538461539,False,False
2016-03-02,250000.0,180425.75372524,False,False,0.19230769230769232,False,False
2016-03-03,250000.0,180425.75372524,False,False,0.19230769230769232,False,False
2016-03-06,250000.0,180699.12372524003,False,False,0.19230769230769232,False,False
2016-03-10,250000.0,192180.66372524004,False,False,0.19230769230769232,False,False
2016-03-13,250000.0,193820.88372524,False,False,0.3076923076923077,False,False
2016-03-14,250000.0,212683.41372524004,False,False,0.3076923076923077,False,False
2016-03-15,250000.0,209949.71372524003,True,False,0.46153846153846156,True,True
2016-03-16,250000.0,215690.48372524002,True,True,0.5384615384615384,True,True
2016-03-17,250000.0,219791.03372524,True,True,0.5384615384615384,True,True
2016-03-20,250000.0,221157.88372524,True,True,0.5769230769230769,True,True
2016-03-21,250000.0,218697.55372524002,True,True,0.5769230769230769,True,True
2016-03-22,250000.0,216510.59372524003,True,True,0.5769230769230769,True,True
2016-03-23,250000.0,223618.21372524003,True,True,0.5384615384615384,True,True
2016-03-27,250000.0,223618.21372524003,True,True,0.6153846153846154,True,True
2016-03-28,250000.0,223618.21372524003,True,True,0.6538461538461539,True,True
2016-03-29,250000.0,226625.28372524,True,True,0.6538461538461539,True,True
2016-03-30,250000.0,222798.10372524004,True,True,0.6153846153846154,True,True
2016-04-04,260000.0,232810.00535388003,True,True,0.5769230769230769,True,True
2016-04-05,260000.0,235095.20535388004,True,True,0.6153846153846154,True,True
2016-04-06,260000.0,235095.20535388004,True,True,0.6923076923076923,True,True
2016-04-12,260000.0,235095.20535388004,True,True,0.5769230769230769,True,True
2016-04-14,260000.0,235095.20535388004,True,True,0.6153846153846154,True,True
2016-04-17,260000.0,235095.20535388004,True,True,0.6153846153846154,True,True
2016-04-18,260652.15434623,237094.75535388006,True,True,0.6153846153846154,True,True
2016-04-19,262866.29434623,242236.45535388004,True,True,0.6923076923076923,True,True
2016-04-20,260662.08434623,240236.90535388002,True,True,0.7692307692307693,True,True
2016-04-21,259179.97434622998,240236.90535388002,True,True,0.7692307692307693,True,True
2016-04-26,258657.35434623,242236.45535388004,True,True,0.6923076923076923,True,True
2016-04-27,257374.72434623,243093.40535388002,True,True,0.6923076923076923,True,True
2016-04-28,255483.72434623,237094.75535388006,True,True,0.6923076923076923,True,True
2016-05-03,261797.40434623,241356.79737468,True,True,0.6923076923076923,True,True
2016-05-05,262123.05372507,241356.79737468,True,True,0.5384615384615384,True,True
2016-05-09,262866.20127327,244336.49737467998,True,True,0.6538461538461539,True,True
2016-05-10,260376.04202275,244336.49737467998,True,True,0.6153846153846154,True,True
2016-05-12,259421.59202275,244336.49737467998,True,True,0.6923076923076923,True,True
2016-05-17,261091.45299375002,244336.49737467998,True,True,0.6153846153846154,True,True
2016-05-19,260895.82299375004,241058.82737468,True,True,0.5769230769230769,True,True
2016-05-26,266367.76299375005,241058.82737468,True,True,0.5769230769230769,True,True
2016-05-29,266524.72299375,239866.94737468005,True,True,0.6153846153846154,True,True
2016-06-01,283653.45299375005,249904.34739868002,True,True,0.5769230769230769,True,True
2016-06-02,285109.37184517004,253319.18739868002,True,True,0.6153846153846154,True,True
2016-06-05,284321.43184517004,253319.18739868002,True,True,0.6923076923076923,True,True
2016-06-06,286976.63184517005,256113.14739868,True,True,0.7307692307692307,True,True
2016-06-07,287358.5008797201,257665.34739868002,True,True,0.6923076923076923,True,True
2016-06-08,289800.04710314004,259838.42739867998,True,True,0.6923076923076923,True,True
2016-06-13,288379.90812448005,256113.14739868,True,True,0.7307692307692307,True,True
2016-07-10,289370.48750403005,266210.51880623004,True,True,0.6538461538461539,True,True
2016-07-17,288482.65843048005,267501.19880623004,True,True,0.46153846153846156,True,True
2016-07-18,289200.28843048005,271050.56880623003,True,True,0.4230769230769231,False,True
2016-07-19,287885.50843048,271050.56880623003,True,True,0.4230769230769231,False,True
2016-07-24,285272.5784304801,261047.79880623,True,True,0.38461538461538464,False,True
2016-07-26,286616.39843048004,262661.14880623005,True,True,0.34615384615384615,False,True
2016-07-27,298400.51843048004,274277.26880623004,True,True,0.38461538461538464,False,True
2016-07-28,301628.85843048006,282344.01880623004,True,True,0.4230769230769231,False,True
2016-08-02,312691.2849350601,277798.91732963006,True,True,0.4230769230769231,False,True
2016-08-03,313438.24020432006,290517.13732963003,True,True,0.4230769230769231,False,True
2016-08-04,315401.0402043201,297880.3173296301,True,True,0.4230769230769231,False,True
2016-08-07,314686.6402043201,297880.3173296301,True,True,0.4230769230769231,False,True
2016-08-08,315954.2802043201,297880.3173296301,True,True,0.5,True,True
2016-08-10,316126.2602043201,299553.76732963003,True,True,0.5384615384615384,True,True
2016-08-11,315395.0202043201,299553.76732963003,True,True,0.5769230769230769,True,True
2016-08-14,315082.3202043201,301227.21732963005,True,True,0.6538461538461539,True,True
2016-08-15,315376.98020432005,301227.21732963005,True,True,0.6153846153846154,True,True
2016-08-16,314100.9202043201,302900.66732963006,True,True,0.6538461538461539,True,True
2016-08-18,313316.7602043201,305578.1873296301,True,True,0.6538461538461539,True,True
2016-08-21,315037.6291608001,306916.94732963,True,True,0.6923076923076923,True,True
2016-08-25,314850.0091608001,306916.94732963,True,True,0.7307692307692307,True,True
2016-09-01,326038.2691608001,302835.01985463,True,True,0.5384615384615384,True,True
2016-09-04,327210.07417190005,302142.83985463,True,True,0.4230769230769231,False,True
2016-09-05,327965.0296911101,313563.80985463003,True,True,0.5,True,True
2016-09-07,323178.4696911101,301104.56985463,True,True,0.5,True,True
2016-09-08,322535.42969111004,309410.72985462996,True,True,0.5,True,True
2016-09-18,316901.8496911101,298681.93985463004,True,True,0.5,True,True
2016-09-20,318958.1384328201,297989.75985463,True,True,0.46153846153846156,True,True
2016-09-25,317373.25843282003,297989.75985463,True,True,0.46153846153846156,True,True
2016-10-03,329818.15029766003,307861.57262573,True,True,0.38461538461538464,False,True
2016-10-04,332579.86539208004,316085.45262573,True,True,0.46153846153846156,True,True
2016-10-05,336587.5853920801,322163.97262573004,True,True,0.4230769230769231,False,True
2016-10-09,338708.75539208006,322163.97262573004,True,True,0.4230769230769231,False,True
2016-10-11,335500.87539208005,322163.97262573004,True,True,0.4230769230769231,False,True
2016-10-12,334701.03539208,322163.97262573004,True,True,0.34615384615384615,False,True
2016-10-13,340736.07539208,330030.29262573004,True,True,0.3076923076923077,False,True
2016-10-16,339658.23370960006,327527.37262573006,True,True,0.38461538461538464,False,True
2016-10-17,337465.87380460004,321806.41262573004,True,True,0.38461538461538464,False,True
2016-10-18,338147.33380460006,315370.33262573,True,True,0.34615384615384615,False,True
2016-10-23,344247.33380460006,322163.97262573004,True,True,0.38461538461538464,False,True
2016-10-24,343830.3538046001,318945.93262573006,True,True,0.38461538461538464,False,True
2016-10-26,343248.07380460005,320018.61262573,True,True,0.38461538461538464,False,True
2016-10-27,344963.9738046001,323951.7726257301,True,True,0.38461538461538464,False,True
2016-11-02,355360.69380460004,334221.41665533005,True,True,0.4230769230769231,False,True
2016-11-03,363263.0636289401,359305.93665533,True,True,0.46153846153846156,True,True
2016-11-06,363070.5636589401,367790.40665533004,True,True,0.46153846153846156,True,True
2016-11-07,363070.5636589401,386603.79665533005,True,True,0.6153846153846154,True,True
2016-11-08,363070.5636589401,400990.50665533,True,True,0.7307692307692307,True,True
2016-11-09,363070.5636589401,405786.07665533,True,True,0.7692307692307693,True,True
2016-11-10,363070.5636589401,413901.65665533004,True,True,0.8076923076923077,True,True
2016-11-13,363070.5636589401,430132.81665533,True,True,0.8461538461538461,True,True
2016-11-14,362884.4213309801,414639.43665533,True,True,0.9230769230769231,True,True
2016-11-15,362884.4213309801,426812.80665533006,True,True,0.9230769230769231,True,True
2016-11-16,369468.78133098007,436035.05665533006,True,True,0.8846153846153846,True,True
2016-11-17,369468.78133098007,436035.05665533006,True,True,0.9615384615384616,True,True
2016-11-20,369468.78133098007,435666.16665533005,True,True,0.9615384615384616,True,True
2016-11-21,369468.78133098007,452635.10665533,True,True,0.9615384615384616,True,True
2016-11-22,369468.78133098007,449683.98665533,True,True,0.9230769230769231,True,True
2016-11-23,369468.78133098007,453372.88665532996,True,True,0.9230769230769231,True,True
2016-11-28,369468.78133098007,439355.06665533,True,True,0.9615384615384616,True,True
2016-11-29,369266.3295433001,439355.06665533,True,True,0.9230769230769231,True,True
2016-12-01,379266.3295433001,460027.91767573,True,True,0.9230769230769231,True,True
2016-12-05,379266.3295433001,460027.91767573,True,True,0.9230769230769231,True,True
2016-12-06,379266.3295433001,458519.63767573005,True,True,0.9230769230769231,True,True
2016-12-07,379266.3295433001,464552.75767573004,True,True,0.8846153846153846,True,True
2016-12-13,379266.3295433001,456257.21767573006,True,True,0.8846153846153846,True,True
2016-12-15,379266.3295433001,452486.51767573005,True,True,0.9230769230769231,True,True
2016-12-18,379266.3295433001,455880.14767573006,True,True,0.8846153846153846,True,True
2016-12-19,384714.4472596501,476618.9976757301,True,True,0.8846153846153846,True,True
2016-12-20,389027.67040717014,489439.3776757301,True,True,0.9230769230769231,True,True
2016-12-21,395091.73040717014,489439.3776757301,True,True,0.8846153846153846,True,True
2016-12-22,398003.77543045016,489439.3776757301,True,True,0.9615384615384616,True,True
2016-12-28,398039.1354304502,504522.1776757301,True,True,0.9615384615384616,True,True
2016-12-29,403271.6554304501,499243.19767573004,True,True,0.9615384615384616,True,True
2017-01-02,413580.69543045014,509363.42220553005,True,True,0.9230769230769231,True,True
2017-01-03,413770.46543045016,500130.38220553,True,True,0.8846153846153846,True,True
2017-01-04,416583.7554304502,511671.68220553006,True,True,0.8846153846153846,True,True
2017-01-05,422904.2354304502,530907.1822055301,True,True,0.9230769230769231,True,True
2017-01-08,426055.7588792202,530907.1822055301,True,True,0.9615384615384616,True,True
2017-01-09,425643.40887922014,525136.5322055301,True,True,0.9230769230769231,True,True
2017-01-10,427925.0788792202,548219.1322055301,True,True,0.9615384615384616,True,True
2017-01-15,428041.11844882014,548219.1322055301,True,True,0.9230769230769231,True,True
2017-01-18,428041.11844882014,548219.1322055301,True,True,0.9230769230769231,True,True
2017-01-26,428041.11844882014,539370.80220553,True,True,0.9615384615384616,True,True
2017-01-29,428041.11844882014,538601.3822055301,True,True,0.9230769230769231,True,True
2017-01-31,428041.11844882014,520904.72220553,True,True,0.9230769230769231,True,True
2017-02-07,438041.11844882014,545869.16660628,True,True,0.8846153846153846,True,True
2017-02-09,438041.11844882014,542734.28660628,True,True,0.9230769230769231,True,True
2017-02-21,435774.49866786017,542734.28660628,True,True,0.8846153846153846,True,True
2017-02-23,428651.22768242017,508250.6066062801,True,True,0.8846153846153846,True,True
2017-03-01,431751.5076824202,507645.42112407996,True,True,0.8461538461538461,True,True
2017-03-06,437818.85980538017,534826.38112408,True,True,0.7307692307692307,True,True
2017-03-07,442412.2080280401,534826.38112408,True,True,0.8846153846153846,True,True
2017-03-09,444666.44802804023,543620.22112408,True,True,0.8846153846153846,True,True
2017-03-12,442135.74802804017,546817.98112408,True,True,0.8461538461538461,True,True
2017-03-19,459213.46078327025,555611.8211240801,True,True,0.8076923076923077,True,True
2017-03-20,451260.73078327026,555611.8211240801,True,True,0.8076923076923077,True,True
2017-03-21,452810.4007832702,547617.4211240801,True,True,0.8076923076923077,True,True
2017-03-22,451627.08078327024,542021.3411240801,True,True,0.8076923076923077,True,True
2017-03-23,455292.10078327014,541221.9011240801,True,True,0.7307692307692307,True,True
2017-03-26,458906.6907832702,551614.62112408,True,True,0.8076923076923077,True,True
2017-03-28,453040.44078327017,551614.62112408,True,True,0.8076923076923077,True,True
2017-04-05,470037.2207832702,557592.47715048,True,True,0.7692307692307693,True,True
2017-04-06,465149.37078327016,569802.47715048,True,True,0.7692307692307693,True,True
2017-04-09,460538.24078327016,546196.47715048,True,True,0.7692307692307693,True,True
2017-04-10,460126.1706181402,541719.47715048,True,True,0.7307692307692307,True,True
2017-04-12,459300.4306181402,546196.47715048,True,True,0.7307692307692307,True,True
2017-04-13,461098.6681767002,547417.47715048,True,True,0.8076923076923077,True,True
2017-05-02,464424.65746793017,557981.2934309801,True,True,0.7692307692307693,True,True
2017-05-07,475900.3280553102,543876.39343098,True,True,0.5384615384615384,True,True
2017-05-08,475158.2180553102,562129.7934309801,True,True,0.5384615384615384,True,True
2017-05-09,473570.4180553102,562129.7934309801,True,True,0.6153846153846154,True,True
2017-05-11,468490.6480553102,552588.2434309801,True,True,0.6538461538461539,True,True
2017-05-16,464522.5835578902,555907.0434309801,True,True,0.5769230769230769,True,True
2017-05-24,457091.8635578902,561300.09343098,True,True,0.6538461538461539,True,True
2017-05-31,450645.21386617026,578723.7934309801,True,True,0.6153846153846154,True,True
2017-06-01,461370.07386617025,591376.68719848,True,True,0.5769230769230769,True,True
2017-06-05,463403.2938661702,601929.43719848,True,True,0.6153846153846154,True,True
2017-06-06,462114.65386617027,608683.19719848,True,True,0.6153846153846154,True,True
2017-06-08,462943.09386617027,610793.7471984801,True,True,0.6153846153846154,True,True
2017-06-21,461423.1018285103,582512.3771984801,True,True,0.6923076923076923,True,True
2017-06-22,460327.6742821903,603617.8771984801,True,True,0.5384615384615384,True,True
2017-07-09,536401.9410892603,613991.6953547301,True,True,0.5384615384615384,True,True
2017-07-10,537583.1705589002,613991.6953547301,True,True,0.5,True,True
2017-07-17,544023.1005589003,622578.8953547301,True,True,0.5384615384615384,True,True
2017-07-19,544313.1843727801,609698.09535473,True,True,0.6153846153846154,True,True
2017-07-30,540766.1343727801,601110.8953547301,True,True,0.6153846153846154,True,True
2017-08-14,547033.9221664402,604645.55538273,True,True,0.5769230769230769,True,True
2017-08-15,543018.1422389102,589365.95538273,True,True,0.46153846153846156,True,True
2017-08-21,525597.5422389102,604645.55538273,True,True,0.5,True,True
2017-08-23,525357.4582101502,598097.15538273,True,True,0.46153846153846156,True,True
2017-08-30,529267.2855480002,609884.2753827301,True,True,0.4230769230769231,False,True
2017-09-07,536217.4855480003,620206.65415623,True,True,0.38461538461538464,False,True
2017-09-12,548482.9855480003,621538.50415623,True,True,0.46153846153846156,True,True
2017-09-18,558229.0855480003,637076.75415623,True,True,0.5769230769230769,True,True
2017-09-19,563400.4855480003,642404.15415623,True,True,0.6538461538461539,True,True
2017-09-26,579331.9173300503,625978.00415623,True,True,0.6923076923076923,True,True
2017-09-27,579331.9173300503,630417.50415623,True,True,0.7692307692307693,True,True
2017-09-28,582034.8909657302,649951.3041562301,True,True,0.7692307692307693,True,True
2017-10-02,600906.0109657303,653711.05418023,True,True,0.7692307692307693,True,True
2017-10-09,600261.9855996203,653260.22418023,True,True,0.8076923076923077,True,True
2017-10-11,597581.4855262203,653260.22418023,True,True,0.8461538461538461,True,True
2017-10-22,597581.4855262203,653260.22418023,True,True,0.7692307692307693,True,True
2017-10-23,597581.4855262203,653260.22418023,True,True,0.7307692307692307,True,True
2017-11-09,607273.3595243003,694004.7667052301,True,True,0.7307692307692307,True,True
2017-11-14,601619.7634310502,694004.7667052301,True,True,0.8076923076923077,True,True
2017-11-22,614449.1380155203,694004.7667052301,True,True,0.7692307692307693,True,True
2017-11-23,631712.5499241604,665641.0067052301,True,True,0.7307692307692307,True,True
2017-11-28,655640.9499241604,697664.6067052301,True,True,0.7307692307692307,True,True
2017-12-03,659278.6039648604,718480.89923023,True,True,0.7692307692307693,True,True
2017-12-06,649988.0239648604,686920.05923023,True,True,0.8076923076923077,True,True
2017-12-11,677740.1939648604,696202.65923023,True,True,0.7692307692307693,True,True
2017-12-12,683852.8139648604,696202.65923023,True,True,0.7692307692307693,True,True
2017-12-13,693041.2339648604,707805.90923023,True,True,0.7777777777777778,True,True
2017-12-14,703055.9339648605,707805.90923023,True,True,0.7407407407407407,True,True
2017-12-17,714004.6439648605,714767.8592302301,True,True,0.6666666666666666,True,True
2017-12-24,684455.5134928004,714767.8592302301,True,True,0.6666666666666666,True,True
2017-12-25,690457.5034928004,714767.8592302301,True,True,0.6666666666666666,True,True
2017-12-26,692906.6334928004,731012.40923023,True,True,0.6666666666666666,True,True
2018-01-02,718630.8634928004,741486.2117552301,True,True,0.6666666666666666,True,True
2018-01-04,706688.7568596504,741486.2117552301,True,True,0.6666666666666666,True,True
2018-01-08,713228.2859424404,737249.1917552301,True,True,0.6666666666666666,True,True
2018-01-09,723206.0159424404,737249.1917552301,True,True,0.7037037037037037,True,True
2018-01-14,743513.4926088403,737249.1917552301,True,True,0.7407407407407407,True,True
2018-01-15,732446.1376320005,728304.3717552301,True,True,0.7777777777777778,True,True
2018-01-17,741297.6376320004,739132.3117552301,True,True,0.7777777777777778,True,True
2018-01-21,747814.0576320003,741956.9917552301,True,True,0.7777777777777778,True,True
2018-01-22,740403.3376320004,740073.8717552301,True,True,0.7777777777777778,True,True
2018-01-23,734948.0976320005,736778.4117552302,True,True,0.7407407407407407,True,True
2018-01-28,732046.9176320004,741486.2117552301,True,True,0.7777777777777778,True,True
2018-02-06,712596.9104714404,727922.2680317301,True,True,0.7777777777777778,True,True
2018-02-15,707420.1213032005,735082.0680317301,True,True,0.5555555555555556,True,True
2018-02-18,707237.9998630704,740809.9080317301,True,True,0.6296296296296297,True,True
2018-02-21,700164.4698630705,740809.9080317301,True,True,0.5555555555555556,True,True
2018-02-22,700924.9681778705,749401.6680317301,True,True,0.6296296296296297,True,True
2018-02-26,709494.3636058705,749401.6680317301,True,True,0.6666666666666666,True,True
2018-03-04,715914.4936058704,759220.48618798,True,True,0.7037037037037037,True,True
2018-03-05,721456.7536058705,777112.57618798,True,True,0.6296296296296297,True,True
2018-03-06,720070.0036058705,785816.83618798,True,True,0.7037037037037037,True,True
2018-03-07,721317.5436058705,817248.88618798,True,True,0.7037037037037037,True,True
2018-03-08,716872.6436058704,817248.88618798,True,True,0.7407407407407407,True,True
2018-03-12,749273.2936058705,837558.82618798,True,True,0.7407407407407407,True,True
2018-03-13,754117.2565379505,841910.95618798,True,True,0.8148148148148148,True,True
2018-03-15,752352.8104124304,872859.43618798,True,True,0.7777777777777778,True,True
2018-03-27,748994.4604124305,880112.98618798,True,True,0.7037037037037037,True,True
2018-04-11,799013.4502982505,906529.4199134599,True,True,0.7777777777777778,True,True
2018-04-26,818479.6192652306,940266.96991346,True,True,0.8888888888888888,True,True
2018-04-29,817562.7709234306,940266.96991346,True,True,0.9259259259259259,True,True
2018-05-02,841836.1009234305,929217.15293066,True,True,0.8888888888888888,True,True
2018-05-06,826162.4591392205,919826.21293066,True,True,0.8888888888888888,True,True
2018-05-13,804409.9791392206,919826.21293066,True,True,0.8148148148148148,True,True
2018-05-16,795656.9325095806,855078.15293066,True,True,0.6666666666666666,True,True
2018-05-31,790653.0925095805,863480.57293066,True,True,0.7037037037037037,True,True
2018-06-14,794492.1973575806,862581.9167101601,True,True,0.5185185185185185,True,True
2018-06-27,798507.0986114807,862581.9167101601,True,True,0.4074074074074074,False,True
2018-06-28,798997.7986114806,870082.5167101601,True,True,0.4074074074074074,False,True
2018-07-09,819385.5618211606,859055.8661259201,True,True,0.4444444444444444,False,True
2018-08-07,828817.9018211607,869447.07715032,True,True,0.25925925925925924,False,True
2018-08-29,828960.0582554606,869447.07715032,True,True,0.2962962962962963,False,True
2018-09-04,816381.1644576606,851259.93465231,True,True,0.2962962962962963,False,True
2018-09-23,752058.7253004607,767326.11465231,True,True,0.2962962962962963,False,True
2018-09-24,750932.1038269807,754373.36465231,False,False,0.037037037037037035,False,False
2018-09-25,750932.1038269807,753337.14465231,False,False,0.037037037037037035,False,False
2018-09-27,750932.1038269807,766289.89465231,False,False,0.037037037037037035,False,False
2018-09-30,750932.1038269807,779242.64465231,False,False,0.037037037037037035,False,False
2018-10-03,760932.1038269807,777274.27667311,False,False,0.1111111111111111,False,False
2018-10-14,760932.1038269807,735287.87667311,False,False,0.07407407407407407,False,False
2018-10-15,760932.1038269807,748933.45667311,False,False,0.037037037037037035,False,False
2018-10-16,760932.1038269807,747883.79667311,False,False,0.037037037037037035,False,False
2018-10-17,760932.1038269807,747883.79667311,False,False,0.037037037037037035,False,False
2018-10-24,760932.1038269807,750507.94667311,False,False,0.07407407407407407,False,False
2018-10-31,760932.1038269807,731089.2366731099,False,False,0.037037037037037035,False,False
2018-11-01,770932.1038269807,746333.96670511,False,False,0.037037037037037035,False,False
2018-11-22,770932.1038269807,772931.46670511,False,False,0.037037037037037035,False,False
2018-12-03,780932.1038269807,741414.40047261,False,False,0.2222222222222222,False,False
2018-12-18,780932.1038269807,753277.02047261,False,False,0.14814814814814814,False,False
2018-12-23,780932.1038269807,720385.21047261,False,False,0.2962962962962963,False,False
2018-12-25,780932.1038269807,729012.57047261,False,False,0.25925925925925924,False,False
2018-12-26,780932.1038269807,719846.00047261,False,False,0.18518518518518517,False,False
2018-12-31,780932.1038269807,737639.93047261,False,False,0.25925925925925924,False,False
2019-01-06,790932.1038269807,766143.88862886,False,False,0.3333333333333333,False,False
2019-01-08,790932.1038269807,770515.56862886,False,False,0.3333333333333333,False,False
2019-02-05,800932.1038269807,846265.3211538601,False,False,0.4444444444444444,True,False
2019-02-14,800932.1038269807,868389.72115386,False,False,0.7777777777777778,True,False
2019-02-19,800932.1038269807,863411.73115386,True,True,0.8518518518518519,True,True
2019-02-21,800932.1038269807,883323.6911538601,True,True,0.8518518518518519,True,True
2019-02-28,799756.5303955207,857880.63115386,True,True,0.8888888888888888,True,True
2019-04-17,806094.4703955208,880024.10913104,True,True,0.8518518518518519,True,True
2019-05-21,806729.0197831808,803625.70115184,True,True,0.5185185185185185,True,True
2019-07-09,819626.3520921607,854036.66317264,False,False,0.1111111111111111,False,False
2019-07-11,814932.9720921607,851747.0231726401,False,False,0.2222222222222222,False,False
2019-08-21,826663.6555696208,883961.9837088401,False,False,0.2222222222222222,False,False
2019-08-22,826663.6555696208,879909.8237088401,False,False,0.39285714285714285,True,False
2019-08-28,826663.6555696208,868332.2237088401,False,False,0.39285714285714285,True,False
2019-09-02,836663.6555696208,925149.6762338401,False,False,0.32142857142857145,False,False
2019-09-04,836663.6555696208,929248.38623384,True,True,0.42857142857142855,True,True
2019-09-09,836663.6555696208,924564.14623384,True,False,0.42857142857142855,True,True
2019-09-17,836663.6555696208,926906.26623384,True,False,0.42857142857142855,True,True
2019-09-23,836663.6555696208,864254.5562338401,True,False,0.35714285714285715,True,True
2019-10-24,846663.6555696208,884203.69875084,False,False,0.21428571428571427,False,False
2019-10-27,846663.6555696208,889533.76875084,False,False,0.25,False,False
2019-10-28,846663.6555696208,891310.45875084,False,False,0.32142857142857145,False,False
2019-10-30,846663.6555696208,905523.97875084,False,False,0.32142857142857145,False,False
2019-10-31,846663.6555696208,906116.20875084,False,False,0.39285714285714285,False,False
2019-11-03,856663.6555696208,921592.68210517,False,False,0.42857142857142855,False,False
2019-11-04,856663.6555696208,925784.4221051701,False,False,0.5714285714285714,True,False
2019-11-20,856663.6555696208,909017.46210517,False,False,0.5714285714285714,True,False
2019-11-21,856663.6555696208,904226.90210517,False,False,0.2857142857142857,False,False
2019-11-27,856663.6555696208,875483.54210517,False,False,0.21428571428571427,False,False
2019-12-03,866663.6555696208,869255.79412597,False,False,0.10714285714285714,False,False
2019-12-25,866663.6555696208,885611.04412597,False,False,0.10714285714285714,False,False
2019-12-30,866663.6555696208,886216.79412597,False,False,0.13793103448275862,False,False
2019-12-31,866663.6555696208,894091.54412597,False,False,0.10344827586206896,False,False
2020-01-02,876663.6555696208,905131.79665097,False,False,0.2413793103448276,False,False
2020-01-12,876663.6555696208,889821.79665097,False,False,0.13793103448275862,False,False
2020-01-28,876663.6555696208,883697.79665097,False,False,0.10344827586206896,False,False
2020-01-30,876663.6555696208,909418.59665097,False,False,0.20689655172413793,False,False
2020-02-05,886663.6555696208,910106.83867177,False,False,0.27586206896551724,False,False
2020-02-11,886663.6555696208,913821.55867177,False,False,0.3448275862068966,False,False
2020-02-12,886663.6555696208,889056.75867177,False,False,0.4482758620689655,True,False
2020-02-16,886663.6555696208,884103.79867177,False,False,0.41379310344827586,True,False
2020-02-18,886663.6555696208,874816.9986717701,False,False,0.2413793103448276,False,False
2020-02-23,886663.6555696208,910725.9586717701,False,False,0.1724137931034483,False,False
2020-02-24,886663.6555696208,894628.83867177,False,False,0.20689655172413793,False,False
2020-03-03,896663.6555696208,812240.78870377,False,False,0.1724137931034483,False,False
2020-03-08,896663.6555696208,815371.98870377,False,False,0.06896551724137931,False,False
2020-03-10,896663.6555696208,740849.42870377,False,False,0.034482758620689655,False,False
2020-03-17,896663.6555696208,623742.54870377,False,False,0.0,False,False
2020-03-19,896663.6555696208,579905.74870377,False,False,0.0,False,False
2020-04-02,906663.6555696208,633579.2717249701,False,False,0.0,False,False
2020-04-05,906663.6555696208,635487.6317249701,False,False,0.034482758620689655,False,False
2020-04-06,906663.6555696208,622765.23172497,False,False,0.034482758620689655,False,False
2020-04-09,906663.6555696208,685104.99172497,False,False,0.034482758620689655,False,False
2020-04-22,906663.6555696208,669838.11172497,False,False,0.034482758620689655,False,False
2020-04-23,906663.6555696208,664749.15172497,False,False,0.034482758620689655,False,False
2020-04-29,906663.6555696208,713094.2717249701,False,False,0.034482758620689655,False,False
2020-05-07,916663.6555696208,714918.19312452,False,False,0.10344827586206896,False,False
2020-05-13,916663.6555696208,735565.5531245201,False,False,0.06896551724137931,False,False
2020-06-04,926663.6555696208,733666.6623482001,False,False,0.06896551724137931,False,False
2020-06-07,926663.6555696208,747398.3523482,False,False,0.13793103448275862,False,False
2020-06-09,926663.6555696208,783362.3023482,False,False,0.1724137931034483,False,False
2020-06-17,926663.6555696208,768322.8323482,False,False,0.2413793103448276,False,False
2020-06-18,926663.6555696208,766361.1623482001,False,False,0.3448275862068966,False,False
2020-06-21,926663.6555696208,763091.7123482,False,False,0.3793103448275862,True,False
2020-06-22,926663.6555696208,760476.1523482001,False,False,0.41379310344827586,True,False
2020-06-23,926663.6555696208,755245.0323482001,False,False,0.3448275862068966,False,False
2020-06-29,926663.6555696208,761783.9323482,False,False,0.41379310344827586,True,False
2020-07-06,936663.6555696208,779133.0232555501,False,False,0.4482758620689655,True,False
2020-07-08,936663.6555696208,785758.22325555,False,False,0.6896551724137931,True,False
2020-07-13,936663.6555696208,787083.2632555501,False,False,0.7241379310344828,True,False
2020-07-16,936663.6555696208,755282.3032555501,False,False,0.7586206896551724,True,False
2020-07-19,936663.6555696208,742694.4232555501,False,False,0.5172413793103449,True,False
2020-07-21,936663.6555696208,754619.7832555501,False,False,0.4827586206896552,True,False
2020-09-03,946663.6555696208,804885.4054054001,False,False,0.4827586206896552,True,False
2020-09-08,946663.6555696208,799519.5654054001,False,False,0.8148148148148148,True,False
2020-10-04,956663.6555696208,802695.36173192,False,False,0.7407407407407407,True,False
2020-10-20,956663.6555696208,810165.35173192,False,False,0.7777777777777778,True,False
2020-10-22,956663.6555696208,805411.72173192,False,False,0.7037037037037037,True,False
2020-10-27,956663.6555696208,762629.0517319201,False,False,0.4444444444444444,True,False
2020-11-16,966663.6555696208,809500.3738277501,False,False,0.4444444444444444,True,False
2020-11-17,966663.6555696208,812939.1738277501,False,False,0.5925925925925926,True,False
2020-11-18,966663.6555696208,833571.9738277501,False,False,0.7037037037037037,True,False
2020-11-19,966663.6555696208,812251.4138277501,False,False,0.6296296296296297,True,False
2020-11-22,966663.6555696208,805373.8138277502,False,False,0.5185185185185185,True,False
2020-11-23,966663.6555696208,802622.7738277501,False,False,0.5185185185185185,True,False
2020-11-24,966663.6555696208,804686.05382775,False,False,0.5925925925925926,True,False
2020-11-25,966663.6555696208,825318.8538277501,False,False,0.7037037037037037,True,False
2020-11-26,966663.6555696208,818441.2538277501,False,False,0.7037037037037037,True,False
2020-12-16,976663.6555696208,826435.3662026899,False,False,0.7407407407407407,True,False
2020-12-20,976663.6555696208,811105.3262026901,False,False,0.5925925925925926,True,False
2020-12-21,976663.6555696208,814589.42620269,False,False,0.6296296296296297,True,False
2020-12-27,976663.6555696208,799259.3862026901,False,False,0.4074074074074074,False,False
2020-12-30,976663.6555696208,803440.30620269,False,False,0.4074074074074074,False,False
2021-01-04,986663.6555696208,820725.21168287,False,False,0.5185185185185185,True,False
2021-01-05,986663.6555696208,818609.9716828701,False,False,0.4444444444444444,False,False
2021-01-06,986663.6555696208,819315.05168287,False,False,0.5185185185185185,True,False
2021-01-10,986663.6555696208,828481.09168287,False,False,0.6296296296296297,True,False
2021-01-11,986663.6555696208,848223.33168287,False,False,0.6666666666666666,True,False
2021-01-17,986663.6555696208,865850.33168287,False,False,0.6666666666666666,True,False
2021-01-20,986663.6555696208,846108.09168287,False,False,0.7777777777777778,True,False
2021-01-21,986663.6555696208,877131.6116828701,False,False,0.7777777777777778,True,False
2021-01-27,986663.6555696208,871490.9716828701,False,False,0.7777777777777778,True,False
2021-01-31,986663.6555696208,875016.3716828701,False,False,0.8148148148148148,True,False
2021-02-02,996663.6555696208,855792.2344959901,False,False,0.7777777777777778,True,False
2021-02-03,996663.6555696208,882179.15449599,False,False,0.8148148148148148,True,False
2021-02-07,996663.6555696208,879326.5144959901,False,False,0.8148148148148148,True,False
2021-02-08,996663.6555696208,879326.5144959901,False,False,0.7407407407407407,True,False
2021-02-09,996663.6555696208,911418.7144959901,False,False,0.7407407407407407,True,False
2021-02-10,996663.6555696208,867202.7944959902,False,False,0.7407407407407407,True,False
2021-02-11,996663.6555696208,875047.55449599,False,False,0.7407407407407407,True,False
2021-02-14,996663.6555696208,874334.3944959901,False,False,0.7777777777777778,True,False
2021-02-15,996663.6555696208,865776.4744959901,False,False,0.7777777777777778,True,False
2021-02-16,996663.6555696208,872908.0744959901,False,False,0.7037037037037037,True,False
2021-02-18,996663.6555696208,864350.15449599,False,False,0.7037037037037037,True,False
2021-02-21,996663.6555696208,862210.67449599,False,False,0.5925925925925926,True,False
2021-02-22,996663.6555696208,865776.4744959901,False,False,0.6666666666666666,True,False
2021-02-23,996663.6555696208,875047.55449599,False,False,0.6666666666666666,True,False
2021-02-24,996663.6555696208,850086.9544959901,False,False,0.5555555555555556,True,False
2021-02-25,996663.6555696208,865776.4744959901,False,False,0.5925925925925926,True,False
2021-02-28,996663.6555696208,880039.67449599,False,False,0.5925925925925926,True,False
2021-03-01,1006663.6555696208,882754.5005263902,False,False,0.6296296296296297,True,False
2021-03-02,1006663.6555696208,882754.5005263902,False,False,0.6296296296296297,True,False
2021-03-03,1006663.6555696208,878427.3005263901,False,False,0.5555555555555556,True,False
2021-03-04,1006663.6555696208,872657.7005263901,False,False,0.48148148148148145,True,False
2021-03-07,1006663.6555696208,868330.50052639,False,False,0.4444444444444444,False,False
2021-03-08,1002864.1942454207,865445.7005263901,False,True,0.5555555555555556,True,True
2021-03-15,1003778.6942454207,864724.5005263902,False,False,0.48148148148148145,True,False
2021-03-17,996096.8942454207,856791.3005263902,False,False,0.5185185185185185,True,False
2021-03-22,977441.0942454208,827222.1005263901,False,False,0.4444444444444444,False,False
2021-03-23,977005.9941043208,807028.50052639,False,False,0.25925925925925924,False,False
2021-03-24,977005.9941043208,801980.10052639,False,False,0.25925925925925924,False,False
2021-03-25,977005.9941043208,819288.9005263901,False,False,0.3333333333333333,False,False
2021-03-28,977005.9941043208,832270.50052639,False,False,0.3333333333333333,False,False
2021-03-30,977005.9941043208,822894.9005263901,False,False,0.3333333333333333,False,False
2021-03-31,977005.9941043208,822894.9005263901,False,False,0.37037037037037035,False,False
2021-04-01,987005.9941043208,818924.4043058901,False,False,0.3333333333333333,False,False
2021-04-04,987005.9941043208,818924.4043058901,False,False,0.2962962962962963,False,False
2021-04-05,987005.9941043208,807246.4843058902,False,False,0.2962962962962963,False,False
2021-04-06,987005.9941043208,794838.6943058901,False,False,0.2962962962962963,False,False
2021-04-07,987005.9941043208,795568.5643058901,False,False,0.2962962962962963,False,False
2021-04-08,987005.9941043208,792649.08430589,False,False,0.25925925925925924,False,False
2021-04-11,987005.9941043208,798488.04430589,False,False,0.2962962962962963,False,False
2021-04-13,987005.9941043208,810165.96430589,False,False,0.3333333333333333,False,False
2021-04-14,987005.9941043208,798488.04430589,False,False,0.3333333333333333,False,False
2021-04-15,987005.9941043208,786810.12430589,False,False,0.2222222222222222,False,False
2021-04-18,987005.9941043208,786080.2543058901,False,False,0.2222222222222222,False,False
2021-04-19,987005.9941043208,802137.3943058901,False,False,0.2962962962962963,False,False
2021-04-21,987005.9941043208,820384.1443058901,False,False,0.2962962962962963,False,False
2021-04-25,987005.9941043208,820384.1443058901,False,False,0.3333333333333333,False,False
2021-04-26,987005.9941043208,820384.1443058901,False,False,0.3333333333333333,False,False
2021-05-05,997005.9941043208,823640.40372165,False,False,0.25925925925925924,False,False
2021-05-06,997005.9941043208,827333.85372165,False,False,0.25925925925925924,False,False
2021-05-10,997005.9941043208,837675.51372165,False,False,0.25925925925925924,False,False
2021-05-17,997005.9941043208,848017.17372165,False,False,0.3333333333333333,False,False
2021-05-19,997005.9941043208,848755.8637216501,False,False,0.3333333333333333,False,False
2021-05-20,997005.9941043208,850233.24372165,False,False,0.4074074074074074,True,False
2021-05-23,997005.9941043208,846539.7937216501,False,False,0.4074074074074074,True,False
2021-05-24,997005.9941043208,852449.3137216499,False,False,0.4074074074074074,True,False
2021-05-25,997005.9941043208,848755.8637216501,False,False,0.3333333333333333,False,False
2021-05-26,997005.9941043208,830288.6137216501,False,False,0.25925925925925924,False,False
2021-05-27,997005.9941043208,817730.8837216501,False,False,0.25925925925925924,False,False
2021-05-30,997005.9941043208,807389.22372165,False,False,0.25925925925925924,False,False
2021-05-31,997005.9941043208,811821.3637216501,False,False,0.3333333333333333,False,False
2021-06-01,1007005.9941043208,822270.52725505,False,False,0.4074074074074074,True,False
2021-06-02,1007005.9941043208,816290.4472550501,False,False,0.37037037037037035,True,False
2021-06-03,1007005.9941043208,806572.81725505,False,False,0.37037037037037035,True,False
2021-06-07,1007005.9941043208,807320.3272550501,False,False,0.3333333333333333,False,False
2021-06-08,1007005.9941043208,806572.81725505,False,False,0.37037037037037035,True,False
2021-06-10,1007005.9941043208,800592.7372550501,False,False,0.37037037037037035,True,False
2021-06-13,1007005.9941043208,796107.67725505,False,False,0.4444444444444444,True,False
2021-06-14,1007005.9941043208,788632.5772550501,False,False,0.4074074074074074,True,False
2021-06-16,1007005.9941043208,788632.5772550501,False,False,0.4074074074074074,True,False
2021-06-17,1007005.9941043208,787885.06725505,False,False,0.2962962962962963,False,False
2021-06-20,1007005.9941043208,787137.5572550499,False,False,0.3333333333333333,False,False
2021-06-21,1007005.9941043208,781904.9872550501,False,False,0.3333333333333333,False,False
2021-06-22,1007005.9941043208,802835.26725505,False,False,0.4444444444444444,True,False
2021-06-23,1007005.9941043208,814047.91725505,False,False,0.5185185185185185,True,False
2021-06-24,1007005.9941043208,819280.4872550501,False,False,0.5185185185185185,True,False
2021-06-27,1007005.9941043208,820027.9972550501,False,False,0.48148148148148145,True,False
2021-06-28,1007005.9941043208,821523.01725505,False,False,0.48148148148148145,True,False
2021-06-29,1007005.9941043208,819280.4872550501,False,False,0.4444444444444444,True,False
2021-06-30,1007005.9941043208,807320.3272550501,False,False,0.4444444444444444,True,False
2021-07-04,1017005.9941043208,827572.5591508,False,False,0.48148148148148145,True,False
2021-07-05,1017005.9941043208,835137.1591508,False,False,0.48148148148148145,True,False
2021-07-07,1017005.9941043208,819251.4991508,False,False,0.4444444444444444,True,False
2021-07-08,1017005.9941043208,829085.4791508,False,False,0.4074074074074074,True,False
2021-07-11,1017005.9941043208,822277.3391507999,False,False,0.37037037037037035,True,False
2021-07-12,1017005.9941043208,819251.4991508,False,False,0.37037037037037035,False,False
2021-07-13,1017005.9941043208,826059.6391508,False,False,0.37037037037037035,False,False
2021-07-14,1017005.9941043208,841945.2991508001,False,False,0.4074074074074074,False,False
2021-07-15,1017005.9941043208,855561.5791508,False,False,0.4074074074074074,False,False
2021-07-18,1017005.9941043208,832111.3191508,False,False,0.4444444444444444,True,False
2021-07-25,1017005.9941043208,859343.8791507999,False,False,0.48148148148148145,True,False
2021-07-26,1020960.2726168808,866908.4791508,False,True,0.5555555555555556,True,True
2021-07-28,1021361.8689785808,868421.3991508001,True,False,0.5555555555555556,True,True
2021-07-29,1031012.4522680509,868421.3991508001,True,True,0.6296296296296297,True,True
2021-08-01,1057967.0022680508,876259.5144228999,True,True,0.5925925925925926,True,True
2021-08-02,1089571.5322680508,880851.2544229,True,True,0.68,True,True
2021-08-03,1070735.929052021,881616.5444229,True,True,0.68,True,True
2021-08-05,1072632.209052021,873198.3544229,True,True,0.64,True,True
2021-08-08,1081053.7928076908,873963.6444229,True,True,0.64,True,True
2021-08-09,1077794.412807691,874728.9344229,True,True,0.76,True,True
2021-08-10,1087433.8328076908,880085.9644229,True,True,0.72,True,True
2021-08-15,1093266.882807691,886208.2844229,True,True,0.68,True,True
2021-08-16,1087017.492807691,898452.9244229,True,True,0.72,True,True
2021-08-17,1082055.8428076908,899218.2144229,True,True,0.76,True,True
2021-08-18,1076632.902807691,890800.0244229,True,True,0.76,True,True
2021-08-19,1057116.762807691,832637.9844229,True,True,0.72,True,True
2021-08-23,1068684.006253691,870137.1944229,False,True,0.68,True,True
2021-08-24,1059039.852642011,885442.9944229,True,True,0.72,True,True
2021-08-25,1062159.502642011,891565.3144229,True,True,0.76,True,True
2021-08-26,1054463.641413051,900748.7944229,True,True,0.72,True,True
2021-08-29,1076899.471413051,905340.5344229,True,True,0.76,True,True
2021-08-30,1100574.041413051,904575.2444229,True,True,0.76,True,True
2021-08-31,1099486.641413051,908401.6944229,True,True,0.76,True,True
2021-09-01,1139080.6325275712,916879.9453552599,True,True,0.8,True,True
2021-09-02,1148112.057142381,928485.89535526,True,True,0.76,True,True
2021-09-05,1092132.667142381,930033.35535526,True,True,0.76,True,True
2021-09-06,1072634.427142381,913011.29535526,True,True,0.72,True,True
2021-09-07,1069277.626580391,909916.37535526,True,True,0.64,True,True
2021-09-09,1066374.9065803909,915332.48535526,True,True,0.64,True,True
2021-09-12,1072976.436580391,909142.64535526,True,True,0.68,True,True
2021-09-14,1103669.893125971,916106.21535526,True,True,0.68,True,True
2021-09-15,1098907.234328101,919974.8653552601,True,True,0.68,True,True
2021-09-16,1086990.2043281011,916879.9453552599,True,True,0.68,True,True
2021-09-19,1073879.7543281012,904500.26535526,True,True,0.68,True,True
2021-09-20,1050780.184328101,895989.23535526,True,True,0.6153846153846154,True,True
2021-09-21,1023095.1939848611,880514.6353552601,True,True,0.6153846153846154,True,True
2021-09-22,1027132.3960066611,862718.8453552601,True,False,0.5,True,True
2021-09-23,1027689.1860066612,871229.87535526,False,True,0.5384615384615384,True,True
2021-09-26,1022229.9023045811,875098.52535526,True,True,0.5769230769230769,True,True
2021-09-27,999401.9878986311,875098.52535526,True,True,0.6153846153846154,True,True
2021-09-28,1000460.3478986311,862718.8453552601,True,False,0.5769230769230769,True,True
2021-10-03,1002240.5178986312,873300.6137536102,False,False,0.5384615384615384,True,False
2021-10-04,995061.8378986311,860780.2937536101,False,False,0.5,True,False
2021-10-05,988463.237898631,866257.9337536101,False,False,0.5,True,False
2021-10-06,992875.6178986311,867040.4537536101,False,False,0.5,True,False
2021-10-10,987938.6178986311,874865.6537536101,False,False,0.5,True,False
2021-10-11,1013339.267898631,885038.4137536101,False,True,0.5,True,True
2021-10-12,1015058.6678986312,889733.5337536101,True,True,0.5,True,True
2021-10-13,1028991.487898631,895211.1737536101,True,True,0.5,True,True
2021-10-17,1041600.8278986311,912426.6137536102,True,True,0.5,True,True
2021-10-18,1071211.4678986312,925729.4537536101,True,True,0.5384615384615384,True,True
2021-10-19,1058769.168748371,938249.7737536101,True,True,0.5384615384615384,True,True
2021-10-20,1040959.8728888911,931989.6137536102,True,True,0.5,True,True
2021-10-24,1027211.4428888912,926511.97375361,True,True,0.48148148148148145,True,True
2021-10-25,1021569.8028888911,930424.5737536101,True,True,0.5555555555555556,True,True
2021-10-26,1025448.0028888913,930424.5737536101,True,True,0.4444444444444444,False,True
2021-10-27,1008110.5428888913,936684.7337536102,True,True,0.4444444444444444,False,True
2021-10-28,1007917.7923617712,945292.4537536101,True,True,0.4074074074074074,False,True
2021-10-31,1008159.0723617713,957030.2537536102,True,True,0.4444444444444444,False,True
2021-11-01,1016916.2623617712,960223.9620559202,True,True,0.4444444444444444,False,True
2021-11-02,1039825.8145088211,972879.1620559201,True,True,0.48148148148148145,True,True
2021-11-03,1038844.9870056811,981579.6120559201,True,True,0.5555555555555556,True,True
2021-11-04,1027654.8370056812,982370.5620559201,True,True,0.4074074074074074,False,True
2021-11-07,1014762.6170056813,976042.9620559202,True,True,0.4074074074074074,False,True
2021-11-08,1010669.1870056812,971297.2620559201,True,True,0.4444444444444444,False,True
2021-11-09,1008052.5997853013,966551.5620559201,True,True,0.4444444444444444,False,True
2021-11-10,1009227.0797853012,973670.1120559202,True,True,0.4074074074074074,False,True
2021-11-11,1017742.0597853012,964969.6620559201,True,True,0.37037037037037035,False,True
2021-11-14,1020531.4497853012,972879.1620559201,True,True,0.4444444444444444,False,True
2021-11-15,1016896.6501248511,979997.7120559202,True,True,0.4444444444444444,False,True
2021-11-16,1017383.6201248512,965760.6120559202,True,True,0.4444444444444444,False,True
2021-11-17,1022805.8601248512,959433.0120559202,True,True,0.37037037037037035,False,True
2021-11-18,1020454.3601248512,962596.8120559201,True,True,0.4074074074074074,False,True
2021-11-21,1017065.4601248512,952314.46205592,True,True,0.3333333333333333,False,True
2021-11-22,1015731.9001248511,946777.8120559201,True,True,0.2962962962962963,False,True
2021-11-23,1018137.1301248512,952314.46205592,True,True,0.2962962962962963,False,True
2021-11-25,1020498.3601248512,951523.5120559201,True,True,0.3333333333333333,False,True
2021-11-28,1014657.6901248512,957851.1120559201,True,True,0.3333333333333333,False,True
2021-11-29,1016798.2207741513,945195.9120559201,True,True,0.2962962962962963,False,True
2021-11-30,1013862.0207741513,946777.8120559201,True,True,0.2962962962962963,False,True
2021-12-01,1030174.8507741513,972129.0027051701,True,True,0.4074074074074074,False,True
2021-12-02,1031055.7107741513,974527.32270517,True,True,0.48148148148148145,True,True
2021-12-05,1030505.8966620013,965733.48270517,True,True,0.48148148148148145,True,True
2021-12-06,1030505.8966620013,972928.44270517,True,True,0.48148148148148145,True,True
2021-12-08,1030505.8966620013,984120.60270517,True,True,0.5185185185185185,True,True
2021-12-12,1030505.8966620013,984120.60270517,True,True,0.4444444444444444,False,True
2021-12-13,1029280.2814321413,998510.5227051701,True,True,0.6296296296296297,True,True
2021-12-14,1032812.5814321414,997711.08270517,True,True,0.5925925925925926,True,True
2021-12-15,1032812.5814321414,991315.56270517,True,True,0.5555555555555556,True,True
2021-12-16,1036698.1114321413,991315.56270517,True,True,0.5185185185185185,True,True
2021-12-21,1024688.2914321413,979323.96270517,True,True,0.5925925925925926,True,True
2021-12-23,1029280.2814321413,992115.0027051701,True,True,0.5925925925925926,True,True
2021-12-26,1036344.8814321413,1002507.7227051699,True,True,0.5925925925925926,True,True
2021-12-27,1034578.7314321413,1010502.1227051701,True,True,0.5555555555555556,True,True
2021-12-28,1029633.5114321413,1010502.1227051701,True,True,0.6296296296296297,True,True
2021-12-29,1033872.2714321413,1015298.76270517,True,True,0.6296296296296297,True,True
2022-01-02,1040693.2014321412,1028704.13047027,True,True,0.6666666666666666,True,True
2022-01-03,1037867.3614321413,1024666.83047027,True,True,0.7037037037037037,True,True
2022-01-04,1036101.2114321413,1023859.37047027,True,True,0.7407407407407407,True,True
2022-01-05,1042091.0828059213,1031126.51047027,True,True,0.8148148148148148,True,True
2022-01-09,1033338.2728059213,1035971.2704702701,True,True,0.8518518518518519,True,True
2022-01-10,1029687.8128059213,1030319.05047027,True,True,0.8518518518518519,True,True
2022-01-11,1028981.3528059212,1033548.8904702701,True,True,0.8518518518518519,True,True
2022-01-12,1034908.3228059212,1031933.97047027,True,True,0.7777777777777778,True,True
2022-01-13,1023525.7728059213,1036778.73047027,True,True,0.7777777777777778,True,True
2022-01-16,1013437.9828059212,1032741.43047027,True,True,0.7407407407407407,True,True
2022-01-18,1019483.1128059212,1019822.0704702701,True,True,0.7037037037037037,True,True
2022-01-19,1010480.0510223113,1021436.99047027,True,True,0.7407407407407407,True,True
2022-01-20,1004683.6408340913,1007710.1704702701,True,True,0.7407407407407407,True,True
2022-01-23,996600.4858381914,1008517.63047027,True,True,0.7037037037037037,True,True
2022-01-24,995678.4983616514,1002057.95047027,True,True,0.5555555555555556,True,True
2022-01-25,994549.1483616515,998828.1104702699,True,True,0.5185185185185185,True,True
2022-01-26,994549.1483616515,992368.43047027,True,True,0.5185185185185185,True,True
2022-01-30,988224.7883616515,989138.59047027,True,True,0.5185185185185185,True,True
2022-01-31,987738.8777028915,985101.29047027,True,True,0.48148148148148145,True,True
2022-02-01,993213.9952291314,997817.9348710201,True,True,0.6666666666666666,True,True
2022-02-02,1012884.7114808714,1005970.0348710201,True,True,0.6923076923076923,True,True
2022-02-03,1015541.1214808715,1013306.9248710201,True,True,0.7692307692307693,True,True
2022-02-06,1015643.1366213715,1009230.8748710202,True,True,0.7692307692307693,True,True
2022-02-07,1008993.9020412716,1013306.9248710201,True,True,0.7692307692307693,True,True
2022-02-08,1017125.7820412714,1001078.7748710201,True,True,0.7692307692307693,True,True
2022-02-09,1066538.4020412713,999448.3548710201,True,True,0.7692307692307693,True,True
2022-02-10,1050745.4552777717,1005154.8248710202,True,True,0.8076923076923077,True,True
2022-02-13,1057633.0787789717,1003524.4048710201,True,True,0.6923076923076923,True,True
2022-02-14,1049231.8787789717,991296.2548710201,True,True,0.5384615384615384,True,True
2022-02-15,1059109.6787789715,988850.6248710202,True,True,0.4230769230769231,False,True
2022-02-16,1061066.6587789715,1001893.9848710201,True,True,0.5384615384615384,True,True
2022-02-17,1061281.5787789717,1001893.9848710201,True,True,0.4230769230769231,False,True
2022-02-20,1048181.5387789716,999448.3548710201,True,True,0.46153846153846156,True,True
2022-02-21,1049481.8987789718,984774.5748710202,True,False,0.4230769230769231,False,False
2022-02-22,1042334.0387789716,996187.5148710201,False,True,0.4230769230769231,False,False
2022-02-23,1050532.5387789716,979068.1048710201,True,False,0.38461538461538464,False,False
2022-02-24,1032076.6187789717,979068.1048710201,False,False,0.4230769230769231,False,False
2022-02-27,1030544.3232400517,944014.0748710202,False,False,0.38461538461538464,False,False
2022-02-28,1030544.3232400517,968470.3748710202,False,False,0.38461538461538464,False,False
2022-03-01,1040544.3232400517,974372.96498205,False,False,0.38461538461538464,False,False
2022-03-03,1040544.3232400517,978487.6649820501,False,False,0.4230769230769231,False,False
2022-03-06,1040544.3232400517,988362.94498205,False,False,0.5384615384615384,True,False
2022-03-07,1040544.3232400517,970258.2649820499,False,False,0.46153846153846156,True,False
2022-03-08,1040544.3232400517,935694.78498205,False,False,0.46153846153846156,True,False
2022-03-09,1040544.3232400517,909360.7049820501,False,False,0.3076923076923077,False,False
2022-03-10,1040544.3232400517,911006.5849820501,False,False,0.34615384615384615,False,False
2022-03-13,1040544.3232400517,914298.34498205,False,False,0.38461538461538464,False,False
2022-03-14,1040544.3232400517,915944.2249820501,False,False,0.4230769230769231,False,False
2022-03-15,1040544.3232400517,911006.5849820501,False,False,0.34615384615384615,False,False
2022-03-16,1040544.3232400517,911006.5849820501,False,False,0.23076923076923078,False,False
2022-03-17,1040544.3232400517,935694.78498205,False,False,0.38461538461538464,False,False
2022-03-20,1040544.3232400517,937340.6649820501,False,False,0.4230769230769231,False,False
2022-03-21,1040544.3232400517,958737.10498205,False,False,0.46153846153846156,True,False
2022-03-22,1034729.2848988817,1011405.2649820499,False,True,0.5384615384615384,True,True
2022-03-23,1060252.924898882,1018811.7249820501,True,True,0.6538461538461539,True,True
2022-03-24,1054876.3248988818,1025395.2449820501,True,True,0.6923076923076923,True,True
2022-03-27,1055047.6548988814,1022103.48498205,True,True,0.6153846153846154,True,True
2022-03-28,1015905.3948988818,1008113.50498205,True,True,0.6153846153846154,True,True
2022-03-29,1023751.2508364317,981779.42498205,True,False,0.5,True,True
2022-03-30,1017702.0708364317,994946.46498205,False,False,0.5384615384615384,True,False
2022-03-31,1020511.8624895316,981779.42498205,False,False,0.5,True,False
2022-04-03,1040255.7824895317,991541.51597344,False,False,0.5,True,False
2022-04-04,1048082.0624895317,1019799.9359734401,False,True,0.5769230769230769,True,True
2022-04-05,1033640.3763929316,1016475.41597344,True,True,0.5769230769230769,True,True
2022-04-06,1033241.5163929317,1011488.63597344,True,False,0.5384615384615384,True,True
2022-04-07,1029142.0363929317,1008995.2459734401,False,False,0.5,True,False
2022-04-10,1020667.5363929316,989048.1259734401,False,False,0.4230769230769231,True,False
2022-04-11,1009584.4777549317,971594.39597344,False,False,0.38461538461538464,False,False
2022-04-12,1010636.0790562518,956634.0559734401,False,False,0.34615384615384615,False,False
2022-04-13,1011576.8190562518,971594.39597344,False,False,0.4230769230769231,True,False
2022-04-14,1010008.9190562518,966607.6159734401,False,False,0.34615384615384615,False,False
2022-04-17,1012203.9790562517,952478.4059734402,False,False,0.19230769230769232,False,False
2022-04-18,1012203.9790562517,954971.79597344,False,False,0.19230769230769232,False,False
2022-04-19,1012203.9790562517,957465.1859734401,False,False,0.15384615384615385,False,False
2022-04-20,1011619.0881054518,955802.92597344,False,False,0.15384615384615385,False,False
2022-04-27,1011619.0881054518,961620.8359734401,False,False,0.15384615384615385,False,False
2022-04-28,1011619.0881054518,964945.35597344,False,False,0.2692307692307692,False,False
2022-05-08,1021619.0881054518,1004060.2455012401,False,False,0.34615384615384615,False,False
2022-05-09,1021619.0881054518,1009097.3055012401,False,False,0.4230769230769231,False,False
2022-05-10,1021619.0881054518,989788.57550124,False,False,0.3076923076923077,False,False
2022-05-11,1021619.0881054518,983072.4955012401,False,False,0.3076923076923077,False,False
2022-05-15,1021619.0881054518,972158.86550124,False,False,0.3076923076923077,False,False
2022-05-16,1021619.0881054518,959566.21550124,False,False,0.23076923076923078,False,False
2022-05-17,1021619.0881054518,952850.13550124,False,False,0.2692307692307692,False,False
2022-05-18,1021619.0881054518,951171.11550124,False,False,0.23076923076923078,False,False
2022-05-23,1021619.0881054518,952850.13550124,False,False,0.23076923076923078,False,False
2022-05-24,1021619.0881054518,957887.1955012401,False,False,0.19230769230769232,False,False
2022-05-26,1021619.0881054518,934380.9155012402,False,False,0.19230769230769232,False,False
2022-05-29,1021619.0881054518,931022.87550124,False,False,0.11538461538461539,False,False
2022-05-30,1021619.0881054518,920948.7555012401,False,False,0.11538461538461539,False,False
2022-05-31,1021619.0881054518,922627.77550124,False,False,0.11538461538461539,False,False
2022-06-01,1031619.0881054518,935603.34632556,False,False,0.11538461538461539,False,False
2022-06-05,1031619.0881054518,922879.8963255602,False,False,0.11538461538461539,False,False
2022-06-06,1031619.0881054518,920335.20632556,False,False,0.11538461538461539,False,False
2022-06-07,1031619.0881054518,921183.43632556,False,False,0.11538461538461539,False,False
2022-06-08,1031619.0881054518,926272.8163255601,False,False,0.11538461538461539,False,False
2022-06-09,1031619.0881054518,943237.41632556,False,False,0.19230769230769232,False,False
2022-06-12,1031619.0881054518,943237.41632556,False,False,0.19230769230769232,False,False
2022-06-13,1031619.0881054518,930513.9663255601,False,False,0.11538461538461539,False,False
2022-06-14,1031619.0881054518,923728.1263255602,False,False,0.19230769230769232,False,False
2022-06-15,1031619.0881054518,920335.20632556,False,False,0.19230769230769232,False,False
2022-06-16,1031619.0881054518,919486.97632556,False,False,0.11538461538461539,False,False
2022-06-19,1031619.0881054518,910156.4463255601,False,False,0.07692307692307693,False,False
2022-06-20,1031619.0881054518,897432.99632556,False,False,0.07692307692307693,False,False
2022-06-21,1031619.0881054518,893191.84632556,False,False,0.038461538461538464,False,False
2022-06-22,1031619.0881054518,894888.3063255601,False,False,0.038461538461538464,False,False
2022-06-23,1031619.0881054518,887254.2363255601,False,False,0.07692307692307693,False,False
2022-06-26,1031619.0881054518,871137.86632556,False,False,0.07692307692307693,False,False
2022-06-29,1031619.0881054518,848235.6563255601,False,False,0.11538461538461539,False,False
2022-07-03,1041619.0881054518,862024.35885056,False,False,0.07692307692307693,False,False
2022-07-04,1041619.0881054518,841438.83885056,False,False,0.038461538461538464,False,False
2022-07-05,1041619.0881054518,812276.0188505601,False,False,0.0,False,False
2022-07-06,1041619.0881054518,810560.55885056,False,False,0.038461538461538464,False,False
2022-07-07,1041619.0881054518,811418.2888505601,False,False,0.038461538461538464,False,False
2022-07-17,1041619.0881054518,819995.58885056,False,False,0.038461538461538464,False,False
2022-07-18,1041619.0881054518,819995.58885056,False,False,0.038461538461538464,False,False
2022-07-19,1041619.0881054518,829430.61885056,False,False,0.07692307692307693,False,False
2022-07-20,1041619.0881054518,844012.02885056,False,False,0.11538461538461539,False,False
2022-07-21,1041619.0881054518,850873.86885056,False,False,0.15384615384615385,False,False
2022-07-24,1041619.0881054518,867170.7388505599,False,False,0.15384615384615385,False,False
2022-07-26,1041619.0881054518,862024.35885056,False,False,0.15384615384615385,False,False
2022-07-27,1041619.0881054518,872317.11885056,False,False,0.19230769230769232,False,False
2022-07-28,1041619.0881054518,866313.0088505599,False,False,0.19230769230769232,False,False
2022-07-31,1041619.0881054518,873174.84885056,False,False,0.23076923076923078,False,False
2022-08-01,1051619.0881054518,891527.4888995701,False,False,0.2692307692307692,False,False
2022-08-02,1051619.0881054518,885456.8088995701,False,False,0.20833333333333334,False,False
2022-08-03,1051619.0881054518,886324.0488995701,False,False,0.25,False,False
2022-08-04,1051619.0881054518,895863.6888995701,False,False,0.2916666666666667,False,False
2022-08-07,1051619.0881054518,934889.4888995701,False,False,0.4166666666666667,True,False
2022-08-08,1051619.0881054518,950499.8088995701,False,False,0.4583333333333333,True,False
2022-08-09,1051619.0881054518,942694.64889957,False,False,0.375,True,False
2022-08-10,1051619.0881054518,935756.7288995701,False,False,0.2916666666666667,False,False
2022-08-11,1051619.0881054518,934889.4888995701,False,False,0.2916666666666667,False,False
2022-08-14,1051619.0881054518,937491.2088995702,False,False,0.2916666666666667,False,False
2022-08-15,1051619.0881054518,936623.9688995702,False,False,0.25,False,False
2022-08-16,1051619.0881054518,930553.2888995701,False,False,0.2916666666666667,False,False
2022-08-17,1051619.0881054518,923615.3688995701,False,False,0.25,False,False
2022-08-18,1051619.0881054518,943561.8888995702,False,False,0.3333333333333333,False,False
2022-08-21,1051619.0881054518,947898.08889957,False,False,0.4166666666666667,True,False
2022-08-22,1051619.0881054518,970446.32889957,False,True,0.5,True,True
2022-08-23,1051619.0881054518,961773.9288995701,True,False,0.5,True,True
2022-08-24,1051619.0881054518,951367.0488995701,True,False,0.375,True,True
2022-08-25,1051619.0881054518,947898.08889957,False,False,0.375,True,False
2022-08-28,1051619.0881054518,965242.8888995702,False,True,0.5,True,True
2022-08-29,1051619.0881054518,954836.0088995701,True,False,0.5,True,True
2022-08-30,1051619.0881054518,949632.56889957,False,False,0.5,True,False
2022-08-31,1051619.0881054518,950499.8088995701,False,False,0.5833333333333334,True,False
2022-09-01,1061619.0881054518,947994.9109203701,False,False,0.5833333333333334,True,False
2022-09-04,1061619.0881054518,941861.8609203701,False,False,0.5416666666666666,True,False
2022-09-05,1061619.0881054518,947994.9109203701,False,False,0.5416666666666666,True,False
2022-09-06,1061619.0881054518,964641.7609203701,False,False,0.5416666666666666,True,False
2022-09-07,1061619.0881054518,979536.31092037,False,True,0.7083333333333334,True,True
2022-09-08,1061619.0881054518,969898.6609203701,True,True,0.5833333333333334,True,True
2022-09-11,1061619.0881054518,973403.26092037,True,True,0.7083333333333334,True,True
2022-09-12,1050836.5540665518,981288.61092037,True,True,0.6666666666666666,True,True
2022-09-13,1050836.5540665518,989173.9609203701,True,True,0.75,True,True
2022-09-14,1050327.902982602,984793.2109203701,True,True,0.7083333333333334,True,True
2022-09-15,1050327.902982602,966394.06092037,True,True,0.6666666666666666,True,True
2022-09-18,1044073.8559476018,955004.1109203701,True,False,0.625,True,True
2022-09-19,1054378.8559476018,925215.0109203701,False,False,0.4166666666666667,False,False
2022-09-20,1056668.8559476018,933976.5109203701,False,False,0.4166666666666667,False,False
2022-09-21,1050943.8559476018,947994.9109203701,False,False,0.5416666666666666,True,False
2022-09-22,1048653.8559476018,943614.16092037,False,False,0.5416666666666666,True,False
2022-09-25,1046363.8559476018,940985.7109203701,False,False,0.5416666666666666,True,False
2022-09-26,1045218.8559476018,937481.11092037,False,False,0.4583333333333333,True,False
2022-09-27,1046363.8559476018,931348.0609203702,False,False,0.4583333333333333,True,False
2022-09-28,1044073.8559476018,930471.91092037,False,False,0.5833333333333334,True,False
2022-09-29,1045218.8559476018,919958.1109203701,False,False,0.5416666666666666,True,False
2022-10-02,1048348.8559476018,940707.1249499702,False,False,0.5833333333333334,True,False
2022-10-03,1051783.8559476018,927432.8749499702,False,False,0.5416666666666666,True,False
2022-10-04,1052928.8559476018,927432.8749499702,False,False,0.5,True,False
2022-10-05,1052928.8559476018,949556.6249499702,False,False,0.625,True,False
2022-10-09,1061140.353344372,957521.1749499701,False,True,0.6666666666666666,True,True
2022-10-10,1059629.4633443719,951326.5249499701,True,True,0.6666666666666666,True,True
2022-10-11,1058622.2033443719,951326.5249499701,False,True,0.625,True,True
2022-10-12,1049875.4233443718,944246.9249499701,False,False,0.6666666666666666,True,False
2022-10-13,1050607.2033443719,937167.32494997,False,False,0.5833333333333334,True,False
2022-10-16,1053628.983344372,942477.0249499701,False,False,0.625,True,False
2022-10-17,1053125.353344372,961060.97494997,False,True,0.75,True,True
2022-10-18,1028000.5781636919,970795.4249499701,True,True,0.7916666666666666,True,True
2022-10-19,1024569.761043092,980529.87494997,True,True,0.75,True,True
2022-10-20,1027517.321043092,979644.9249499701,True,True,0.75,True,True
2022-10-23,1025833.001043092,990264.32494997,True,True,0.75,True,True
2022-10-24,1024990.841043092,988494.4249499701,True,True,0.75,True,True
2022-10-25,1026675.1610430919,995574.0249499701,True,True,0.75,True,True
2022-10-26,1030043.8010430919,1009733.2249499701,True,True,0.7916666666666666,True,True
2022-10-27,1038044.321043092,1017697.7749499701,True,True,0.7916666666666666,True,True
2022-10-30,1034791.463789892,1075219.52494997,True,True,0.9583333333333334,True,True
2022-10-31,1040272.014039692,1069909.82494997,True,True,0.9583333333333334,True,True
2022-11-01,1041918.5855556921,1105613.30672467,True,True,0.9583333333333334,True,True
2022-11-02,1036422.7366175721,1111864.72672467,True,True,0.9583333333333334,True,True
2022-11-03,1032973.2766175722,1093110.46672467,True,True,0.9583333333333334,True,True
2022-11-06,1028499.7366175721,1095789.64672467,True,True,0.9166666666666666,True,True
2022-11-07,1040363.796617572,1086859.04672467,True,True,0.875,True,True
2022-11-08,1031246.9966175721,1112757.78672467,True,True,0.9166666666666666,True,True
2022-11-09,1039633.556617572,1095789.64672467,True,True,0.7916666666666666,True,True
2022-11-10,1057787.7166175721,1144907.94672467,True,True,0.7916666666666666,True,True
2022-11-13,1066282.4766175721,1142228.76672467,True,True,0.9166666666666666,True,True
2022-11-14,1067718.9866855121,1164555.26672467,True,True,0.9166666666666666,True,True
2022-11-15,1064318.666685512,1178844.22672467,True,True,0.9166666666666666,True,True
2022-11-16,1096973.9003613319,1178844.22672467,True,True,0.9583333333333334,True,True
2022-11-17,1109119.4203613321,1245823.72672467,True,True,0.9166666666666666,True,True
2022-11-20,1113672.760361332,1215459.68672467,True,True,0.9166666666666666,True,True
2022-11-21,1102143.422638832,1216352.74672467,True,True,0.9166666666666666,True,True
2022-11-22,1107761.1626388321,1217245.80672467,True,True,0.9166666666666666,True,True
2022-11-23,1100438.7426388322,1233320.8867246702,True,True,0.9166666666666666,True,True
2022-11-24,1113748.7026388322,1246716.78672467,True,True,0.9166666666666666,True,True
2022-11-27,1140916.762638832,1250289.02672467,True,True,0.9166666666666666,True,True
2022-11-28,1134235.461602552,1201170.72672467,True,True,0.9166666666666666,True,True
2022-11-29,1143892.141602552,1246716.78672467,True,True,0.9166666666666666,True,True
2022-11-30,1149011.241140152,1250289.02672467,True,True,0.9166666666666666,True,True
2022-12-01,1169712.281140152,1307864.1573739199,True,True,0.9583333333333334,True,True
2022-12-04,1201651.385495532,1345668.77737392,True,True,0.9583333333333334,True,True
2022-12-05,1186800.746885072,1388874.05737392,True,True,0.9583333333333334,True,True
2022-12-06,1181834.726885072,1412276.9173739199,True,True,0.9583333333333334,True,True
2022-12-07,1183065.4868850722,1429379.0073739202,True,True,0.9583333333333334,True,True
2022-12-08,1189462.746885072,1457282.41737392,True,True,0.9583333333333334,True,True
2022-12-11,1176358.905010282,1461782.96737392,True,True,1.0,True,True
2022-12-12,1169257.9011299321,1445580.98737392,True,True,0.9583333333333334,True,True
2022-12-13,1199034.0420660921,1450081.53737392,True,True,0.9166666666666666,True,True
2022-12-14,1201865.7378741722,1491486.59737392,True,True,0.9166666666666666,True,True
2022-12-15,1200707.6978741721,1513089.23737392,True,True,0.9583333333333334,True,True
2022-12-18,1202211.9043606222,1489686.37737392,True,True,1.0,True,True
2022-12-19,1202680.6143606221,1460882.85737392,True,True,1.0,True,True
2022-12-20,1221785.9443606222,1450081.53737392,True,True,0.9583333333333334,True,True
2022-12-21,1214247.1743606222,1429379.0073739202,True,True,0.9583333333333334,True,True
2022-12-22,1203444.4943606223,1431179.2273739201,True,True,0.9583333333333334,True,True
2022-12-25,1181241.1843606222,1424878.4573739201,True,True,0.9583333333333334,True,True
2022-12-26,1183940.3579214422,1414977.2473739202,True,True,1.0,True,True
2022-12-27,1181132.7979214422,1432079.33737392,True,True,1.0,True,True
2022-12-28,1186246.5679214422,1424878.4573739201,True,True,0.9583333333333334,True,True
2022-12-29,1184053.5779214422,1433879.55737392,True,True,1.0,True,True
2023-01-02,1192021.9079214423,1445416.94890652,True,True,0.9583333333333334,True,True
2023-01-03,1196325.0107263722,1478946.71890652,True,True,0.9583333333333334,True,True
2023-01-04,1216891.7758334123,1491633.65890652,True,True,0.9583333333333334,True,True
2023-01-05,1233383.4758334123,1543287.62890652,True,True,1.0,True,True
2023-01-09,1250281.8558334121,1575004.97890652,True,True,1.0,True,True
2023-01-10,1216525.8358334124,1593129.17890652,True,True,1.0,True,True
2023-01-11,1211805.8658334122,1481665.34890652,True,True,0.9583333333333334,True,True
2023-01-12,1206538.3121190923,1542381.41890652,True,True,0.9583333333333334,True,True
2023-01-15,1208810.9621190922,1538756.57890652,True,True,0.9166666666666666,True,True
2023-01-16,1217658.0381128425,1539662.7889065198,True,True,0.9166666666666666,True,True
2023-01-17,1225365.8450317224,1566849.0889065198,True,True,0.9583333333333334,True,True
2023-01-18,1223902.6407100824,1580442.2389065202,True,True,0.9583333333333334,True,True
2023-01-19,1218402.7007100824,1581348.44890652,True,True,0.9166666666666666,True,True
2023-01-22,1218487.4307100824,1588598.12890652,True,True,0.9166666666666666,True,True
2023-01-23,1224749.1007100823,1568661.5089065197,True,True,0.9166666666666666,True,True
2023-01-24,1247096.8107100825,1599472.6489065199,True,True,0.9583333333333334,True,True
2023-01-25,1263772.1807100824,1599472.6489065199,True,True,0.9166666666666666,True,True
2023-01-29,1309133.7874148823,1657470.0889065198,True,True,1.0,True,True
2023-01-30,1267462.6489187125,1717279.94890652,True,True,1.0,True,True
2023-01-31,1256521.9846887125,1681031.54890652,True,True,0.9166666666666666,True,True
2023-02-01,1250145.3689808724,1634319.99733788,True,True,0.9166666666666666,True,True
2023-02-02,1240990.0789808724,1627939.56733788,True,True,0.9230769230769231,True,True
2023-02-05,1235755.1224098126,1613355.72733788,True,True,0.9230769230769231,True,True
2023-02-06,1252108.2724098125,1614267.21733788,True,True,0.8846153846153846,True,True
2023-02-07,1253651.0224098125,1646169.36733788,True,True,0.9230769230769231,True,True
2023-02-08,1252931.0724098126,1676248.53733788,True,True,0.9230769230769231,True,True
2023-02-09,1256942.2224098125,1681717.47733788,True,True,0.9230769230769231,True,True
2023-02-12,1249845.5724098126,1747344.75733788,True,True,0.9230769230769231,True,True
2023-02-13,1249331.3224098126,1714531.11733788,True,True,0.9230769230769231,True,True
2023-02-14,1246016.0873897425,1707239.19733788,True,True,0.9230769230769231,True,True
2023-02-15,1248326.5782430226,1729114.9573378798,True,True,0.9230769230769231,True,True
2023-02-16,1243831.7582430225,1737318.36733788,True,True,0.9230769230769231,True,True
2023-02-19,1232249.0659660525,1734583.8973378802,True,True,0.9230769230769231,True,True
2023-02-20,1194980.9659660526,1718177.0773378802,True,True,0.9230769230769231,True,True
2023-02-21,1196302.2197871525,1668045.12733788,True,True,0.9230769230769231,True,True
2023-02-22,1178579.9097871527,1689920.88733788,True,True,0.9230769230769231,True,True
2023-02-23,1187576.8397871526,1664399.1673378802,True,True,0.9230769230769231,True,True
2023-02-26,1193419.7511175526,1686274.92733788,True,True,0.9230769230769231,True,True
2023-02-27,1198889.0035942327,1706327.7073378798,True,True,0.9230769230769231,True,True
2023-02-28,1206469.5735942328,1695389.8273378802,True,True,0.9230769230769231,True,True
2023-03-01,1231049.4635942327,1695050.2849609198,True,True,0.9230769230769231,True,True
2023-03-02,1224475.9235942326,1706967.77496092,True,True,0.9230769230769231,True,True
2023-03-05,1235280.0735942328,1679465.87496092,True,True,0.9230769230769231,True,True
2023-03-06,1219119.3235942328,1677632.41496092,True,True,0.9230769230769231,True,True
2023-03-07,1191019.5735942328,1675798.9549609201,True,True,0.8846153846153846,True,True
2023-03-08,1194064.0792063926,1638213.02496092,True,True,0.8076923076923077,True,True
2023-03-09,1192991.1172538027,1627212.26496092,True,True,0.8076923076923077,True,True
2023-03-12,1172225.0613000728,1641879.94496092,True,True,0.8076923076923077,True,True
2023-03-13,1161547.2513000728,1588709.6049609198,True,True,0.7307692307692307,True,True
2023-03-14,1155187.7446776228,1539206.18496092,True,True,0.5769230769230769,True,True
2023-03-15,1130913.8788085228,1531872.34496092,True,True,0.5384615384615384,True,True
2023-03-16,1130380.4103055128,1470451.43496092,True,False,0.3076923076923077,False,False
2023-03-19,1130380.4103055128,1466784.51496092,False,False,0.3076923076923077,False,False
2023-03-20,1130380.4103055128,1464034.32496092,False,False,0.34615384615384615,False,False
2023-03-21,1130380.4103055128,1487869.30496092,False,True,0.4230769230769231,False,False
2023-03-22,1130380.4103055128,1528205.4249609201,False,True,0.4230769230769231,False,False
2023-03-23,1130380.4103055128,1520871.58496092,True,True,0.38461538461538464,False,True
2023-03-26,1130380.4103055128,1557540.7849609198,True,True,0.46153846153846156,True,True
2023-03-27,1137049.8248015128,1593293.25496092,True,True,0.5769230769230769,True,True
2023-03-28,1152808.1252999129,1589626.33496092,True,True,0.5384615384615384,True,True
2023-03-29,1195789.8243517329,1585042.68496092,True,True,0.5384615384615384,True,True
2023-03-30,1188492.1065998229,1635462.83496092,True,True,0.6153846153846154,True,True
2023-04-02,1212495.4665998227,1645245.70919961,True,True,0.5769230769230769,True,True
2023-04-03,1237570.896599823,1671990.0891996098,True,True,0.6153846153846154,True,True
2023-04-04,1226092.207409283,1708878.88919961,True,True,0.7692307692307693,True,True
2023-04-05,1232761.217409283,1707956.66919961,True,True,0.7307692307692307,True,True
2023-04-06,1226368.3974092829,1709801.1091996098,True,True,0.6923076923076923,True,True
2023-04-09,1225699.717409283,1678445.6291996099,True,True,0.6538461538461539,True,True
2023-04-10,1229017.807409283,1674756.74919961,True,True,0.6538461538461539,True,True
2023-04-11,1266657.257409283,1684901.16919961,True,True,0.6923076923076923,True,True
2023-04-12,1251615.279433843,1708878.88919961,True,True,0.7692307692307693,True,True
2023-04-13,1292752.189433843,1693201.1491996099,True,True,0.6538461538461539,True,True
2023-04-18,1303300.8994913432,1785423.1491996099,True,True,0.7307692307692307,True,True
2023-04-19,1317873.804584803,1774356.5091996097,True,True,0.6923076923076923,True,True
2023-04-26,1323320.698604003,1771589.84919961,True,True,0.7307692307692307,True,True
2023-04-27,1332806.6086040032,1765134.30919961,True,True,0.7307692307692307,True,True
2023-04-30,1318303.978604003,1799256.4491996102,True,True,0.8461538461538461,True,True
2023-05-01,1325269.868604003,1796108.74382545,True,True,0.8076923076923077,True,True
2023-05-02,1325453.7986040032,1760872.8638254497,True,True,0.7307692307692307,True,True
2023-05-03,1319125.3286040032,1759945.60382545,True,True,0.6538461538461539,True,True
2023-05-07,1317300.2786040031,1759018.34382545,True,True,0.7307692307692307,True,True
2023-05-08,1317582.535112923,1752527.5238254499,True,True,0.6923076923076923,True,True
2023-05-09,1298430.197313873,1793326.96382545,True,True,0.7692307692307693,True,True
2023-05-10,1303469.387313873,1761800.12382545,True,True,0.7307692307692307,True,True
2023-05-11,1291979.3373138732,1782199.84382545,True,True,0.7307692307692307,True,True
2023-05-14,1285650.3973138733,1759018.34382545,True,True,0.7307692307692307,True,True
2023-05-15,1271264.6673138733,1769218.2038254498,True,True,0.7307692307692307,True,True
2023-05-16,1263321.4173138733,1748818.4838254498,True,True,0.6153846153846154,True,True
2023-05-17,1262120.8169196032,1738618.62382545,True,True,0.6153846153846154,True,True
2023-05-18,1260918.1469196032,1721000.6838254498,True,True,0.6153846153846154,True,True
2023-05-21,1266416.0669196032,1711728.08382545,True,True,0.6153846153846154,True,True
2023-05-22,1263207.8818702532,1722855.2038254498,True,True,0.6538461538461539,True,True
2023-05-23,1265318.7918702532,1713582.60382545,True,True,0.6153846153846154,True,True
2023-05-24,1283452.941870253,1715437.12382545,True,True,0.6153846153846154,True,True
2023-05-25,1279432.1348175833,1746036.7038254498,True,True,0.6538461538461539,True,True
2023-05-28,1311054.8848175833,1741400.40382545,True,True,0.6538461538461539,True,True
2023-05-29,1312078.7421247032,1749745.74382545,True,True,0.6538461538461539,True,True
2023-05-30,1332398.9721247035,1759945.60382545,True,True,0.6923076923076923,True,True
2023-05-31,1324250.2044694035,1791472.44382545,True,True,0.8076923076923077,True,True
2023-06-01,1339635.2144694035,1794900.03785505,True,True,0.7692307692307693,True,True
2023-06-04,1326145.3344694034,1798629.67785505,True,True,0.7692307692307693,True,True
2023-06-05,1318178.4644694033,1790237.98785505,True,True,0.8076923076923077,True,True
2023-06-06,1328361.8244694034,1779049.0678550499,True,True,0.7307692307692307,True,True
2023-06-07,1309823.0844694034,1793967.62785505,True,True,0.8076923076923077,True,True
2023-06-08,1319406.1444694034,1779981.47785505,True,True,0.7307692307692307,True,True
2023-06-11,1327082.9417594033,1797697.2678550503,True,True,0.7692307692307693,True,True
2023-06-12,1325734.275081803,1819142.6978550502,True,True,0.8461538461538461,True,True
2023-06-13,1319916.3250818034,1815413.0578550498,True,True,0.8461538461538461,True,True
2023-06-14,1322597.7250818033,1832196.43785505,True,True,0.8461538461538461,True,True
2023-06-15,1329228.295081803,1832196.43785505,True,True,0.7307692307692307,True,True
2023-06-18,1354684.2050818033,1833128.8478550501,True,True,0.7692307692307693,True,True
2023-06-19,1352419.6410948634,1848047.4078550502,True,True,0.7307692307692307,True,True
2023-06-20,1350724.4310948635,1844317.7678550503,True,True,0.7692307692307693,True,True
2023-06-21,1337337.3610948634,1836858.48785505,True,True,0.7307692307692307,True,True
2023-06-22,1337504.4510948635,1815413.0578550498,True,True,0.6538461538461539,True,True
2023-06-25,1331234.8723964635,1816345.46785505,True,True,0.6923076923076923,True,True
2023-06-26,1350770.1223964635,1773454.6078550501,True,True,0.5769230769230769,True,True
2023-07-04,1349515.2025422035,1820788.0926269502,True,True,0.6923076923076923,True,True
2023-07-05,1353635.1825422035,1800161.33262695,True,True,0.6923076923076923,True,True
2023-07-06,1339020.6425422034,1791723.11262695,True,True,0.6538461538461539,True,True
2023-07-09,1306359.9025422037,1763595.7126269501,True,True,0.6153846153846154,True,True
2023-07-10,1312413.8874622034,1707340.9126269503,True,False,0.5384615384615384,True,True
2023-07-11,1311024.0874622036,1748594.43262695,False,True,0.6538461538461539,True,True
2023-07-12,1307015.8098594435,1768283.61262695,True,True,0.6538461538461539,True,True
2023-07-13,1316247.8198594435,1767346.0326269502,True,True,0.6538461538461539,True,True
2023-07-16,1306169.3114406436,1787035.2126269501,True,True,0.6923076923076923,True,True
2023-07-17,1303654.5114406436,1787035.2126269501,True,True,0.6538461538461539,True,True
2023-07-18,1319826.3514406437,1803911.65262695,True,True,0.7307692307692307,True,True
2023-07-19,1305930.5714406436,1813287.45262695,True,True,0.7692307692307693,True,True
2023-07-24,1301819.5614406434,1810474.7126269501,True,True,0.7307692307692307,True,True
2023-07-25,1292743.3915304937,1807661.9726269501,True,True,0.7307692307692307,True,True
2023-07-26,1300184.2515304936,1800161.33262695,True,True,0.6538461538461539,True,True
2023-07-27,1299151.7415304936,1791723.11262695,True,True,0.6538461538461539,True,True
2023-07-30,1319919.4315304935,1786097.6326269503,True,True,0.6153846153846154,True,True
2023-07-31,1325572.9015304937,1807661.9726269501,True,True,0.7692307692307693,True,True
2023-08-01,1311225.2841894135,1821555.3451519501,True,True,0.7307692307692307,True,True
2023-08-02,1285997.1941894137,1811184.2151519503,True,True,0.68,True,True
2023-08-03,1286704.1624924538,1804584.4051519502,True,True,0.64,True,True
2023-08-06,1333955.7931414337,1804584.4051519502,True,True,0.64,True,True
2023-08-07,1333071.8034617938,1829097.98515195,True,True,0.72,True,True
2023-08-08,1332474.3376522937,1844183.26515195,True,True,0.76,True,True
2023-08-09,1322367.0876522937,1833812.13515195,True,True,0.68,True,True
2023-08-10,1314675.8076522937,1835697.7951519499,True,True,0.68,True,True
2023-08-13,1322543.257652294,1830040.81515195,True,True,0.64,True,True
2023-08-14,1310710.5176522937,1845126.0951519501,True,True,0.64,True,True
2023-08-15,1309853.8076522937,1848897.41515195,True,True,0.68,True,True
2023-08-16,1290084.0970337938,1855497.22515195,True,True,0.68,True,True
2023-08-17,1290694.6570337936,1865868.35515195,True,True,0.6,True,True
2023-08-20,1294213.1370337938,1855497.22515195,True,True,0.64,True,True
2023-08-21,1283362.7670337937,1862097.03515195,True,True,0.68,True,True
2023-08-22,1287924.7170337937,1851725.9051519502,True,True,0.68,True,True
2023-08-23,1273769.7152718739,1881896.4651519503,True,True,0.68,True,True
2023-08-24,1260958.295271874,1873410.9951519503,True,True,0.64,True,True
2023-08-27,1268111.6916238738,1880953.63515195,True,True,0.72,True,True
2023-08-28,1265005.2869338738,1912067.0251519503,True,True,0.72,True,True
2023-08-29,1265462.1869338737,1918666.8351519501,True,True,0.76,True,True
2023-08-30,1261539.4616077337,1923380.98515195,True,True,0.76,True,True
2023-08-31,1259117.178177734,1943180.41515195,True,True,0.76,True,True
2023-09-03,1285258.218177734,1958944.4761763504,True,True,0.64,True,True
2023-09-04,1287978.6181777338,1943780.9561763504,True,True,0.64,True,True
2023-09-05,1282967.8712240139,1962735.3561763503,True,True,0.68,True,True
2023-09-06,1290318.2912240138,1976003.4361763503,True,True,0.68,True,True
2023-09-07,1300818.8912240139,1994957.8361763502,True,True,0.76,True,True
2023-09-10,1312369.5512240138,2010121.3561763503,True,True,0.72,True,True
2023-09-11,1302285.319623534,2030971.1961763501,True,True,0.92,True,True
2023-09-12,1290822.059623534,1999696.4361763503,True,True,0.76,True,True
2023-09-13,1295557.307805634,1986428.3561763503,True,True,0.72,True,True
2023-09-14,1299464.267805634,2031918.9161763503,True,True,0.76,True,True
2023-09-17,1297515.517223144,2027180.3161763502,True,True,0.84,True,True
2023-09-18,1304628.907223144,2039500.67617635,True,True,0.88,True,True
2023-09-19,1298602.1533643443,2048030.15617635,True,True,0.84,True,True
2023-09-20,1286567.2933643442,2068879.99617635,True,True,0.8,True,True
2023-09-21,1303814.233364344,2052768.7561763502,True,True,0.52,True,True
2023-09-24,1334090.483364344,2082148.07617635,True,True,0.68,True,True
2023-09-25,1351718.190431804,2096363.8761763503,True,True,0.64,True,True
2023-09-26,1339851.730423844,2106788.79617635,True,True,0.68,True,True
2023-09-27,1331620.480423844,2110579.67617635,True,True,0.68,True,True
2023-10-01,1347793.434496344,2100523.28595825,True,True,0.6,True,True
2023-10-02,1342225.3644963442,2088144.94595825,True,True,0.6,True,True
2023-10-03,1328668.3244963442,2071957.8859582501,True,True,0.64,True,True
2023-10-04,1328058.3415863442,2051962.1059582501,True,True,0.56,True,True
2023-10-08,1328058.3415863442,2069101.34595825,True,True,0.56,True,True
2023-10-09,1328058.3415863442,2015779.26595825,True,True,0.44,False,True
2023-10-10,1328058.3415863442,2020540.16595825,True,True,0.4,False,True
2023-10-11,1323155.2899016442,2053866.46595825,True,True,0.4,False,True
2023-10-12,1345529.9273666043,2046249.0259582498,True,True,0.4,False,True
2023-10-15,1355451.6590705444,2081479.68595825,True,True,0.4,False,True
2023-10-16,1369371.4383750446,2114805.9859582502,True,True,0.52,True,True
2023-10-17,1435755.0221252046,2188123.84595825,True,True,0.6,True,True
2023-10-18,1418099.0755937244,2371894.58595825,True,True,0.72,True,True
2023-10-19,1393906.7433041749,2355707.52595825,True,True,0.72,True,True
2023-10-22,1409429.9102044147,2249063.36595825,True,True,0.68,True,True
2023-10-23,1472803.3111196947,2302385.4459582497,True,True,0.72,True,True
2023-10-24,1521791.2634180747,2348090.08595825,True,True,0.68,True,True
2023-10-25,1582052.9881240746,2359516.24595825,True,True,0.72,True,True
2023-10-26,1577826.5336966747,2438547.18595825,True,True,0.76,True,True
2023-10-29,1597268.9026090747,2475682.20595825,True,True,0.76,True,True
2023-10-30,1610465.083742355,2433786.28595825,True,True,0.84,True,True
2023-10-31,1556034.6629428747,2469969.12595825,True,True,0.88,True,True
2023-11-01,1549613.7629428746,2386305.4344736505,True,True,0.76,True,True
2023-11-02,1559191.7554009147,2373876.78447365,True,True,0.8,True,True
2023-11-05,1571037.8754009148,2395865.93447365,True,True,0.84,True,True
2023-11-06,1575853.5454009147,2442712.3844736503,True,True,0.88,True,True
2023-11-07,1605123.5150646649,2441756.33447365,True,True,0.92,True,True
2023-11-08,1618801.0336184648,2478086.2344736503,True,True,0.88,True,True
2023-11-09,1616056.8941806648,2539273.43447365,True,True,0.84,True,True
2023-11-12,1606681.256839725,2573691.2344736503,True,True,0.84,True,True
2023-11-13,1597738.1468397249,2530668.9844736503,True,True,0.8,True,True
2023-11-14,1600103.096839725,2536405.28447365,True,True,0.76,True,True
2023-11-15,1603914.946839725,2529712.9344736505,True,True,0.8,True,True
2023-11-16,1620622.3968397249,2554570.2344736503,True,True,0.8,True,True
2023-11-19,1633627.5468397248,2580383.58447365,True,True,0.8,True,True
2023-11-20,1625669.4068397249,2655911.53447365,True,True,0.8,True,True
2023-11-21,1633795.216839725,2658779.68447365,True,True,0.8,True,True
2023-11-22,1643019.8168397248,2617669.53447365,True,True,0.8,True,True
2023-11-23,1646228.0468397248,2647307.0844736504,True,True,0.88,True,True
2023-11-26,1647287.596839725,2749604.4344736505,True,True,0.88,True,True
2023-11-27,1649012.196839725,2675032.53447365,True,True,0.84,True,True
2023-11-28,1648220.746839725,2753428.6344736503,True,True,0.88,True,True
2023-11-29,1634266.496839725,2655911.53447365,True,True,0.84,True,True
2023-11-30,1629867.1468397249,2618625.5844736504,True,True,0.84,True,True
2023-12-03,1630053.0212398148,2625575.02352125,True,True,0.84,True,True
2023-12-04,1638613.191239815,2608301.68352125,True,True,0.88,True,True
2023-12-05,1622107.1801667148,2681233.56352125,True,True,0.92,True,True
2023-12-06,1586269.433677865,2666839.11352125,True,True,0.92,True,True
2023-12-07,1591705.083245565,2621736.50352125,True,True,0.92,True,True
2023-12-10,1576656.2910556248,2619817.24352125,True,True,0.92,True,True
2023-12-11,1577376.904905635,2567997.2235212503,True,True,0.92,True,True
2023-12-12,1591984.664905635,2567037.59352125,True,True,0.84,True,True
2023-12-13,1596066.2449056348,2555522.03352125,True,True,0.88,True,True
2023-12-14,1613788.894905635,2683152.82352125,True,True,0.88,True,True
2023-12-17,1628611.4749056348,2699466.53352125,True,True,0.88,True,True
2023-12-18,1627682.313143265,2631332.80352125,True,True,0.88,True,True
2023-12-19,1645797.983715225,2687950.9735212503,True,True,0.96,True,True
2023-12-20,1631105.7446655051,2661081.33352125,True,True,0.84,True,True
2023-12-21,1622478.724665505,2636130.95352125,True,True,0.84,True,True
2023-12-24,1602225.524665505,2655323.55352125,True,True,0.84,True,True
2023-12-25,1635431.424665505,2528652.39352125,True,True,0.72,True,True
2023-12-26,1622662.684665505,2570876.11352125,True,True,0.72,True,True
2023-12-27,1643620.544665505,2546885.36352125,True,True,0.68,True,True
2023-12-28,1634072.404665505,2583351.30352125,True,True,0.76,True,True
2023-12-31,1641366.824665505,2617897.98352125,True,True,0.84,True,True
2024-01-02,1664440.128176805,2647920.80152045,True,True,0.76,True,True
2024-01-03,1660466.688176805,2711493.9815204497,True,True,0.84,True,True
2024-01-04,1658775.4682787452,2701861.68152045,True,True,0.88,True,True
2024-01-08,1647094.668278745,2726905.66152045,True,True,0.84,True,True
2024-01-09,1655766.4882787452,2694155.84152045,True,True,0.84,True,True
2024-01-10,1655017.388278745,2698008.76152045,True,True,0.88,True,True
2024-01-11,1662144.228278745,2724015.97152045,True,True,0.88,True,True
2024-01-14,1692837.348278745,2727868.89152045,True,True,0.88,True,True
2024-01-15,1697538.888278745,2730758.5815204503,True,True,0.92,True,True
2024-01-16,1757020.268278745,2789515.61152045,True,True,0.88,True,True
2024-01-17,1761778.482981445,2885838.61152045,True,True,0.92,True,True
2024-01-18,1745669.0229814448,2842493.26152045,True,True,0.92,True,True
2024-01-21,1874722.0630684253,2924367.81152045,True,True,0.92,True,True
2024-01-22,1883336.757921685,2993720.37152045,True,True,0.96,True,True
2024-01-23,1843568.097921685,2981198.38152045,True,True,0.96,True,True
2024-01-24,1880236.057921685,2928220.7315204497,True,True,0.92,True,True
2024-01-28,1873288.3534074351,3005279.13152045,True,True,0.92,True,True
2024-01-29,1873092.0599775552,3034176.03152045,True,True,0.88,True,True
2024-01-30,1875281.5599775552,3100638.9015204497,True,True,0.92,True,True
2024-01-31,1851109.479977555,3023580.50152045,True,True,0.92,True,True
2024-02-01,1860304.3189700353,3035488.41499482,True,True,0.8,True,True
2024-02-04,1860304.3189700353,2976538.01499482,True,True,0.8,True,True
2024-02-05,1860436.9477094254,2969773.2149948203,True,True,0.76,True,True
2024-02-06,1867639.6734011553,2963974.8149948204,True,True,0.88,True,True
2024-02-07,1846135.8034011552,2896326.81499482,True,True,0.88,True,True
2024-02-08,1861869.6734011553,3039354.01499482,True,True,0.84,True,True
2024-02-11,1847527.3950922554,3016160.41499482,True,True,0.88,True,True
2024-02-12,1859029.5950922552,2993933.2149948203,True,True,0.84,True,True
2024-02-13,1933574.7050922555,3024858.01499482,True,True,0.8,True,True
2024-02-14,1963288.1550922552,3036454.8149948204,True,True,0.88,True,True
2024-02-15,1968822.7150922553,3064480.41499482,True,True,0.96,True,True
2024-02-18,1978231.8350922554,3117632.41499482,True,True,0.92,True,True
2024-02-19,1990661.6406378956,3091539.6149948197,True,True,0.92,True,True
2024-02-20,2013649.2630929353,3126330.01499482,True,True,0.92,True,True
2024-02-21,2015937.3006838155,3112800.41499482,True,True,0.92,True,True
2024-02-22,2071923.4606838154,3108934.8149948204,True,True,0.88,True,True
2024-02-25,2127052.1458570156,3045152.4149948205,True,True,0.88,True,True
2024-02-26,2123997.4148609657,3094438.8149948204,True,True,0.76,True,True
2024-02-27,2123997.4148609657,3070278.81499482,True,True,0.8,True,True
2024-02-28,2123997.4148609657,3090573.2149948203,True,True,0.8,True,True
2024-02-29,2123997.4148609657,3065446.81499482,True,True,0.8,True,True
2024-03-03,2133997.4148609657,3084147.77550302,True,True,0.76,True,True
2024-03-04,2133997.4148609657,3158803.12550302,True,True,0.72,True,True
2024-03-05,2133997.4148609657,3137473.02550302,True,True,0.88,True,True
2024-03-06,2133997.4148609657,3366286.82550302,True,True,0.8,True,True
2024-03-07,2133997.4148609657,3276118.6755030197,True,True,0.8,True,True
2024-03-10,2133997.4148609657,3400221.07550302,True,True,0.84,True,True
2024-03-11,2122972.837494306,3632913.07550302,True,True,0.84,True,True
2024-03-12,2075371.634291306,3459363.62550302,True,True,0.84,True,True
2024-03-13,2025616.414073806,3484571.9255030197,True,True,0.8,True,True
2024-03-14,2055444.7843486057,3254788.57550302,True,True,0.64,True,True
2024-03-17,2036425.689233996,3340108.9755030205,True,True,0.72,True,True
2024-03-18,1969483.1492339957,3152985.82550302,True,True,0.64,True,True
2024-03-19,1965248.959042966,3007553.32550302,True,True,0.44,False,True
2024-03-20,1964257.968596966,3088025.97550302,True,True,0.48,True,True
2024-03-21,1964257.968596966,3052152.62550302,True,True,0.4,False,True
2024-03-24,1964257.968596966,3043426.67550302,True,True,0.56,True,True
2024-03-25,1964257.968596966,3101599.6755030197,True,True,0.52,True,True
2024-03-26,1964257.968596966,3133594.82550302,True,True,0.64,True,True
2024-03-27,1964257.968596966,3102569.22550302,True,True,0.64,True,True
2024-03-28,1964257.968596966,3011431.52550302,True,True,0.52,True,True
2024-03-31,1964257.968596966,2942593.47550302,True,True,0.36,False,True
2024-04-01,1974257.968596966,2880579.15854822,True,False,0.28,False,False
2024-04-02,1974257.968596966,3030394.97854822,False,True,0.44,False,False
2024-04-03,1977921.317835176,2991481.77854822,True,True,0.4,False,True
2024-04-04,1984467.117835176,2996345.92854822,True,True,0.44,False,True
2024-04-07,1957996.513979176,3055688.55854822,True,True,0.44,False,True
2024-04-08,1975729.563979176,3018721.0185482204,True,True,0.4,False,True
2024-04-15,1993172.793979176,3055688.55854822,True,True,0.44,False,True
2024-04-16,1943460.933940826,3166591.17854822,True,True,0.52,True,True
2024-04-17,1953073.6539408262,3151025.8985482203,True,True,0.56,True,True
2024-04-18,1845870.3439408261,3141297.59854822,True,True,0.6,True,True
2024-04-21,1845563.018353586,3036231.9585482203,True,True,0.48,True,True
2024-04-22,1815440.8183535861,3067362.5185482204,True,True,0.48,True,True
2024-04-23,1749748.218353586,2994400.2685482204,True,True,0.48,True,True
2024-04-24,1747171.0963125061,2750219.9385482203,True,False,0.44,True,True
2024-04-28,1747171.0963125061,2791078.79854822,False,False,0.36,False,False
2024-04-29,1747171.0963125061,2668502.21854822,False,False,0.12,False,False
2024-04-30,1747171.0963125061,2813453.8885482205,False,False,0.28,False,False
2024-05-01,1757171.0963125061,2657148.96430452,False,False,0.16,False,False
2024-05-02,1757171.0963125061,2745036.66430452,False,False,0.16,False,False
2024-05-07,1757171.0963125061,2835853.95430452,False,False,0.2,False,False
2024-05-08,1757171.0963125061,2868079.44430452,False,False,0.24,False,False
2024-05-09,1757171.0963125061,2821206.00430452,False,False,0.16,False,False
2024-05-12,1757171.0963125061,2822182.5343045196,False,False,0.16,False,False
2024-05-13,1757171.0963125061,2732341.77430452,False,False,0.16,False,False
2024-05-14,1757171.0963125061,2755778.4943045196,False,False,0.12,False,False
2024-05-15,1757171.0963125061,2750895.84430452,False,False,0.16,False,False
2024-05-16,1757171.0963125061,2748942.7843045196,False,False,0.16,False,False
2024-05-19,1757171.0963125061,2891516.16430452,False,False,0.16,False,False
2024-05-20,1757171.0963125061,2982333.45430452,False,False,0.16,False,False
2024-05-21,1757171.0963125061,2978427.33430452,False,False,0.2,False,False
2024-05-22,1757171.0963125061,2934483.48430452,False,False,0.16,False,False
2024-05-23,1757171.0963125061,2952061.02430452,False,False,0.2,False,False
2024-05-26,1757171.0963125061,2950107.96430452,False,False,0.16,False,False
2024-05-27,1757171.0963125061,2985263.04430452,False,False,0.24,False,False
2024-05-28,1757171.0963125061,2962802.85430452,False,False,0.24,False,False
2024-05-29,1757171.0963125061,2957920.20430452,False,False,0.24,False,False
2024-05-30,1757171.0963125061,2943272.25430452,False,False,0.24,False,False
2024-06-02,1767171.0963125061,2935623.4565914203,False,False,0.24,False,False
2024-06-03,1767171.0963125061,2930724.25659142,False,False,0.24,False,False
2024-06-04,1767171.0963125061,2925825.05659142,False,False,0.32,False,False
2024-06-05,1767171.0963125061,2941502.4965914204,False,False,0.28,False,False
2024-06-06,1767171.0963125061,2897409.69659142,False,False,0.28,False,False
2024-06-09,1767171.0963125061,2897409.69659142,False,False,0.28,False,False
2024-06-10,1767171.0963125061,2800405.53659142,False,False,0.16,False,False
2024-06-11,1767171.0963125061,2825881.3765914203,False,False,0.28,False,False
2024-06-12,1767171.0963125061,2848417.69659142,False,False,0.24,False,False
2024-06-13,1767171.0963125061,2854296.73659142,False,False,0.24,False,False
2024-06-23,1767171.0963125061,2902308.8965914203,False,False,0.24,False,False
2024-06-24,1767171.0963125061,2954240.4165914203,False,False,0.32,False,False
2024-06-25,1767171.0963125061,2945421.8565914202,False,False,0.32,False,False
2024-06-26,1767171.0963125061,2975796.8965914203,False,False,0.36,True,False
2024-06-27,1767171.0963125061,3000292.8965914203,False,False,0.32,False,False
2024-07-01,1777171.0963125061,3038702.6980960197,False,False,0.32,False,False
2024-07-02,1777171.0963125061,3061313.53809602,True,True,0.36,True,True
2024-07-03,1777171.0963125061,3081958.21809602,True,True,0.4,True,True
2024-07-04,1777171.0963125061,3103585.97809602,True,True,0.4,True,True
2024-07-07,1777171.0963125061,3136027.6180960196,True,True,0.44,True,True
2024-07-08,1777171.0963125061,3093755.1780960197,True,True,0.52,True,True
2024-07-09,1777171.0963125061,3108501.37809602,True,True,0.52,True,True
2024-07-10,1777171.0963125061,3106535.21809602,True,True,0.52,True,True
2024-07-14,1777171.0963125061,3094738.2580960197,True,True,0.52,True,True
2024-07-15,1777171.0963125061,3068195.09809602,True,True,0.36,True,True
2024-07-16,1777171.0963125061,3058364.29809602,True,False,0.36,True,True
2024-07-17,1777171.0963125061,3044601.1780960197,True,False,0.44,True,True
2024-07-18,1777171.0963125061,3100636.7380960197,True,True,0.44,True,True
2024-07-21,1771259.149179286,3134061.45809602,True,True,0.52,True,True
2024-07-22,1755258.9291792861,3147824.57809602,True,True,0.52,True,True
2024-07-23,1753650.909179286,3170435.41809602,True,True,0.6,True,True
2024-07-24,1739462.849179286,3192063.1780960197,True,True,0.56,True,True
2024-07-28,1739713.2091792861,3180266.21809602,True,True,0.56,True,True
2024-07-29,1736335.879179286,3177316.97809602,True,True,0.56,True,True
2024-07-30,1743268.5391792862,3153723.0580960196,True,True,0.56,True,True
2024-07-31,1749726.619179286,3204843.21809602,True,True,0.56,True,True
2024-08-01,1763927.2742454563,3221690.68437252,True,True,0.56,True,True
2024-08-04,1728976.0942454562,3218732.29437252,True,True,0.5833333333333334,True,True
2024-08-05,1700099.0721067062,3128008.33437252,True,True,0.5416666666666666,True,True
2024-08-06,1726623.5816453563,3051090.1943725203,True,False,0.4166666666666667,False,False
2024-08-07,1733319.1016453563,3090535.39437252,True,True,0.5416666666666666,True,True
2024-08-08,1725783.2667565362,3157592.2343725204,True,True,0.5416666666666666,True,True
2024-08-11,1737164.406756536,3224649.07437252,True,True,0.5416666666666666,True,True
2024-08-12,1728486.3267088765,3254232.97437252,True,True,0.5833333333333334,True,True
2024-08-13,1716721.2867088765,3254232.97437252,True,True,0.5416666666666666,True,True
2024-08-14,1794414.866708876,3234510.37437252,True,True,0.5416666666666666,True,True
2024-08-15,1755095.6785019566,3237468.76437252,True,True,0.625,True,True
2024-08-18,1761305.7893235865,3246343.93437252,True,True,0.5833333333333334,True,True
2024-08-19,1786306.5293235867,3218732.29437252,True,True,0.5833333333333334,True,True
2024-08-20,1797151.2361407066,3212815.51437252,True,True,0.5833333333333334,True,True
2024-08-21,1825895.1361407065,3277900.09437252,True,True,0.625,True,True
2024-08-22,1814438.8961407063,3260149.7543725204,True,True,0.6666666666666666,True,True
2024-08-25,1856340.6661407063,3299594.95437252,True,True,0.6666666666666666,True,True
2024-08-26,1880932.1289968165,3294664.3043725197,True,True,0.6666666666666666,True,True
2024-08-27,1940617.4589968163,3333123.37437252,True,True,0.6666666666666666,True,True
2024-08-28,1950177.4083008165,3335095.6343725203,True,True,0.7083333333333334,True,True
2024-08-29,1970656.3883008165,3372568.57437252,True,True,0.75,True,True
2024-09-01,1988450.6283008165,3389437.9069255204,True,True,0.75,True,True
2024-09-02,1988553.6260686566,3423064.92692552,True,True,0.7916666666666666,True,True
2024-09-03,2006696.6660686564,3384492.7569255196,True,True,0.8333333333333334,True,True
2024-09-04,2007090.4660686566,3416141.71692552,True,True,0.8333333333333334,True,True
2024-09-05,2002458.5660686565,3414163.6569255204,True,True,0.875,True,True
2024-09-08,1976516.0685850966,3338997.3769255197,True,True,0.8333333333333334,True,True
2024-09-09,1981228.4384826764,3354821.85692552,True,True,0.75,True,True
2024-09-10,1980376.5343798765,3317238.71692552,True,True,0.875,True,True
2024-09-11,1994828.5658104764,3345920.5869255196,True,True,0.7916666666666666,True,True
2024-09-12,2002248.5902802965,3351854.76692552,True,True,0.8333333333333334,True,True
2024-09-16,2010477.8502802965,3352843.7969255196,True,True,0.8333333333333334,True,True
2024-09-17,1993460.1502802963,3326139.98692552,True,True,0.75,True,True
2024-09-18,1995438.4702802964,3316249.68692552,True,True,0.75,True,True
2024-09-19,2002218.1902802964,3337019.31692552,True,True,0.7916666666666666,True,True
2024-09-22,1992859.6771540865,3400317.23692552,True,True,0.9166666666666666,True,True
2024-09-23,1966568.1938698366,3424053.9569255197,True,True,0.9166666666666666,True,True
2024-09-24,1965074.9038698366,3410207.5369255194,True,True,0.9166666666666666,True,True
2024-09-25,1990564.6238698368,3393394.02692552,True,True,0.875,True,True
2024-09-26,1995761.5538698365,3453724.85692552,True,True,0.9166666666666666,True,True
2024-09-29,2003473.633869836,3436911.34692552,True,True,0.9166666666666666,True,True
2024-09-30,1994137.4538698364,3480428.6669255197,True,True,0.9166666666666666,True,True
2024-10-01,2041416.0238698362,3479518.61817202,True,True,0.9166666666666666,True,True
2024-10-02,1987674.5927412866,3469599.81817202,True,True,0.9583333333333334,True,True
2024-10-03,2019926.8413759267,3451745.97817202,True,True,0.9583333333333334,True,True
2024-10-07,2070539.4813759266,3509275.0181720206,True,True,0.9583333333333334,True,True
2024-10-08,2043370.5920227468,3505307.4981720205,True,True,0.9583333333333334,True,True
2024-10-09,2060101.6420227466,3431908.3781720204,True,True,0.7916666666666666,True,True
2024-10-10,2034451.4920227467,3424965.2181720203,True,True,0.875,True,True
2024-10-13,2012687.8020227463,3328752.8581720204,True,True,0.7916666666666666,True,True
2024-10-14,2069091.115865877,3302963.97817202,True,True,0.7083333333333334,True,True
2024-10-15,2109719.5723901466,3372395.57817202,True,True,0.7083333333333334,True,True
2024-10-16,2153730.2878653468,3372395.57817202,True,True,0.7916666666666666,True,True
2024-10-17,2160913.360600747,3367436.1781720202,True,True,0.7916666666666666,True,True
2024-10-20,2191918.623181547,3343631.05817202,True,True,0.7916666666666666,True,True
2024-10-21,2278169.183181547,3339663.53817202,True,True,0.625,True,True
2024-10-22,2261688.664731347,3376363.09817202,True,True,0.75,True,True
2024-10-23,2255728.744731347,3388265.6581720198,True,True,0.7083333333333334,True,True
2024-10-24,2252498.284731347,3386281.89817202,True,True,0.75,True,True
2024-10-27,2253991.204731347,3399176.3381720204,True,True,0.75,True,True
2024-10-28,2251452.004731347,3429924.61817202,True,True,0.75,True,True
2024-10-29,2261013.284731347,3425957.09817202,True,True,0.75,True,True
2024-10-30,2254771.194683347,3403143.8581720204,True,True,0.75,True,True
2024-10-31,2277359.2146833474,3382314.3781720204,True,True,0.7916666666666666,True,True
2024-11-03,2282146.5946833473,3424087.8331640004,True,True,0.7916666666666666,True,True
2024-11-04,2279250.694683347,3439009.6831640005,True,True,0.7916666666666666,True,True
2024-11-05,2271142.1746833473,3423093.043164,True,True,0.7916666666666666,True,True
2024-11-06,2293151.014683347,3439009.6831640005,True,True,0.7916666666666666,True,True
2024-11-07,2295984.899744477,3466863.8031640006,True,True,0.7916666666666666,True,True
2024-11-10,2292462.3897444773,3491733.5531640006,True,True,0.7916666666666666,True,True
2024-11-11,2306850.819744477,3522572.043164,True,True,0.8333333333333334,True,True
2024-11-12,2305345.2697444772,3530530.3631640007,True,True,0.8333333333333334,True,True
2024-11-13,2285511.819744477,3507650.193164,True,True,0.7916666666666666,True,True
2024-11-14,2289141.2597444775,3522572.043164,True,True,0.8333333333333334,True,True
2024-11-17,2282411.9938791767,3458905.483164001,True,True,0.8333333333333334,True,True
2024-11-18,2248014.7638791767,3419113.8831639998,True,True,0.7916666666666666,True,True
2024-11-19,2220196.153879177,3405186.8231639997,True,True,0.625,True,True
2024-11-20,2210544.039302837,3433040.943164,True,True,0.5416666666666666,True,True
2024-11-21,2224335.019302837,3416129.5131640006,True,True,0.5833333333333334,True,True
2024-11-24,2215432.839302837,3420108.6731640007,True,True,0.5416666666666666,True,True
2024-11-25,2210301.019302837,3393249.343164,True,True,0.5,True,True
2024-11-26,2206766.579302837,3379322.283164,True,True,0.4166666666666667,False,True
2024-11-27,2203843.2393028373,3376337.913164,True,True,0.4166666666666667,False,True
2024-11-28,2216522.879302837,3337541.103164,True,False,0.4166666666666667,False,False
2024-12-01,2248556.6093028374,3406327.13557696,False,True,0.375,False,False
2024-12-02,2259720.2011086773,3419297.8855769606,True,True,0.4583333333333333,True,True
2024-12-03,2249791.9311086773,3423288.88557696,True,True,0.4583333333333333,True,True
2024-12-04,2281503.1211086772,3433266.3855769597,True,True,0.4583333333333333,True,True
2024-12-05,2298434.4005126776,3457212.38557696,True,True,0.4583333333333333,True,True
2024-12-08,2287411.6922394275,3494129.1355769606,True,True,0.4583333333333333,True,True
2024-12-09,2264275.9922394273,3497122.3855769597,True,True,0.5,True,True
2024-12-10,2267811.372239427,3475171.88557696,True,True,0.5416666666666666,True,True
2024-12-11,2261537.142239427,3431270.88557696,True,True,0.5416666666666666,True,True
2024-12-12,2282138.0134015875,3445239.38557696,True,True,0.5,True,True
2024-12-15,2301390.3634015876,3444241.6355769606,True,True,0.5833333333333334,True,True
2024-12-16,2296058.943401587,3448232.63557696,True,True,0.5833333333333334,True,True
2024-12-17,2294808.2224643575,3443243.88557696,True,True,0.5,True,True
2024-12-18,2294808.2224643575,3428277.63557696,True,True,0.5,True,True
2024-12-19,2294808.2224643575,3418300.13557696,True,True,0.5416666666666666,True,True
2024-12-22,2294808.2224643575,3377392.38557696,True,True,0.5,True,True
2024-12-23,2294808.2224643575,3402336.13557696,False,False,0.5,True,False
2024-12-24,2294808.2224643575,3374399.13557696,True,False,0.3333333333333333,False,False
2024-12-25,2294808.2224643575,3357437.38557696,False,False,0.375,False,False
2024-12-26,2294808.2224643575,3362426.1355769606,False,False,0.375,False,False
2024-12-29,2294808.2224643575,3337482.3855769606,False,False,0.3333333333333333,False,False
2024-12-30,2294808.2224643575,3315531.8855769597,False,False,0.3333333333333333,False,False
2024-12-31,2294808.2224643575,3305554.3855769606,False,False,0.3333333333333333,False,False
2025-01-02,2304808.2224643575,3342492.6389142796,False,False,0.375,False,False
2025-01-05,2304808.2224643575,3377518.53891428,False,False,0.4166666666666667,False,False
2025-01-06,2304808.2224643575,3391528.89891428,False,False,0.4583333333333333,True,False
2025-01-08,2304808.2224643575,3337488.9389142804,False,False,0.4166666666666667,False,False
2025-01-09,2304808.2224643575,3346495.5989142796,False,False,0.4166666666666667,False,False
2025-01-12,2304808.2224643575,3309468.21891428,False,False,0.375,False,False
2025-01-13,2304808.2224643575,3291454.89891428,False,False,0.4166666666666667,False,False
2025-01-14,2304808.2224643575,3209394.21891428,False,False,0.375,False,False
2025-01-15,2304808.2224643575,3256428.99891428,False,False,0.3333333333333333,False,False
2025-01-16,2304808.2224643575,3303463.77891428,False,False,0.4583333333333333,True,False
2025-01-19,2304808.2224643575,3327481.53891428,False,False,0.4166666666666667,False,False
2025-01-20,2304808.2224643575,3341491.89891428,False,False,0.4166666666666667,False,False
2025-01-21,2304808.2224643575,3328482.27891428,False,False,0.375,False,False
2025-01-22,2304808.2224643575,3332485.2389142797,False,False,0.4166666666666667,False,False
2025-01-23,2304808.2224643575,3326480.7989142803,False,False,0.4583333333333333,True,False
2025-01-26,2304808.2224643575,3340491.15891428,False,False,0.4583333333333333,True,False
2025-01-27,2304808.2224643575,3352500.03891428,False,False,0.5,True,False
2025-01-28,2304808.2224643575,3345494.85891428,False,False,0.3333333333333333,False,False
2025-01-29,2304808.2224643575,3317474.1389142796,False,False,0.4166666666666667,True,False
2025-01-30,2304808.2224643575,3325480.0589142796,False,False,0.4166666666666667,True,False
2025-02-02,2314808.2224643575,3389489.1888212305,False,False,0.4583333333333333,True,False
2025-02-03,2314808.2224643575,3375437.5288212304,False,False,0.5555555555555556,True,False
2025-02-04,2314808.2224643575,3356367.41882123,False,False,0.4444444444444444,False,False
2025-02-05,2314808.2224643575,3346330.5188212306,False,False,0.48148148148148145,True,False
2025-02-06,2314808.2224643575,3354360.03882123,False,False,0.48148148148148145,True,False
2025-02-09,2314808.2224643575,3385474.42882123,False,False,0.48148148148148145,True,False
2025-02-10,2314808.2224643575,3384470.73882123,False,False,0.5925925925925926,True,False
2025-02-11,2314808.2224643575,3372426.4588212306,False,False,0.5925925925925926,True,False
2025-02-12,2314808.2224643575,3335289.92882123,False,False,0.4074074074074074,True,False
2025-02-13,2314808.2224643575,3349341.58882123,False,False,0.48148148148148145,True,False
2025-02-16,2314808.2224643575,3458743.7988212304,False,False,0.4444444444444444,True,False
2025-02-17,2318113.7121196575,3431644.16882123,True,True,0.5185185185185185,True,True
2025-02-18,2323381.7975765574,3422610.9588212306,True,True,0.5185185185185185,True,True
2025-02-19,2359613.8775765575,3458743.7988212304,True,True,0.5555555555555556,True,True
2025-02-20,2396095.7275765575,3478817.5988212298,True,True,0.5925925925925926,True,True
2025-02-23,2408256.9002477075,3489858.1888212305,True,True,0.5555555555555556,True,True
2025-02-24,2413452.0920557077,3493872.9488212303,True,True,0.5555555555555556,True,True
2025-02-25,2446401.122055708,3483836.0488212304,True,True,0.5555555555555556,True,True
2025-02-26,2440399.1320557077,3452721.65882123,True,True,0.6296296296296297,True,True
2025-02-27,2470204.7162942877,3450714.2788212304,True,True,0.5555555555555556,True,True
2025-03-02,2503630.953988038,3457649.2225807304,True,True,0.5925925925925926,True,True
2025-03-03,2515126.6883389778,3483820.56258073,True,True,0.6296296296296297,True,True
2025-03-04,2509053.208338978,3498919.41258073,True,True,0.6296296296296297,True,True
2025-03-05,2497498.9383389778,3473754.66258073,True,True,0.6296296296296297,True,True
2025-03-06,2501102.363805338,3486840.3325807303,True,True,0.5555555555555556,True,True
2025-03-09,2513213.8838053383,3493886.46258073,True,True,0.5555555555555556,True,True
2025-03-10,2504041.3438053383,3522070.98258073,True,True,0.5925925925925926,True,True
2025-03-11,2513589.113805338,3509991.9025807297,True,True,0.6296296296296297,True,True
2025-03-12,2579141.6338053383,3491873.28258073,True,True,0.6296296296296297,True,True
2025-03-13,2601197.433805338,3504958.95258073,True,True,0.6296296296296297,True,True
2025-03-16,2608200.0213084477,3503952.36258073,True,True,0.6296296296296297,True,True
2025-03-17,2592038.712999588,3508985.31258073,True,True,0.6666666666666666,True,True
2025-03-18,2635301.252999588,3549248.91258073,True,True,0.6666666666666666,True,True
2025-03-19,2627873.782573388,3566360.94258073,True,True,0.6296296296296297,True,True
2025-03-20,2653735.3440031977,3538176.4225807297,True,True,0.5185185185185185,True,True
2025-03-23,2643575.0740031977,3574413.66258073,True,True,0.5555555555555556,True,True
2025-03-24,2638446.894003198,3609644.31258073,True,True,0.6666666666666666,True,True
2025-03-25,2636770.910560388,3617697.03258073,True,True,0.6296296296296297,True,True
2025-03-26,2626300.250560388,3584479.56258073,True,True,0.6296296296296297,True,True
2025-03-27,2646631.840560388,3582466.3825807306,True,True,0.6296296296296297,True,True
2025-04-03,2653077.590560388,3623645.71210053,True,True,0.6666666666666666,True,True
2025-04-06,2609120.290560388,3478296.4321005302,True,True,0.6666666666666666,True,True
2025-04-07,2602050.351840788,3466183.992100531,True,True,0.48148148148148145,True,True
2025-04-08,2638510.831840788,3445996.5921005304,True,True,0.48148148148148145,True,True
2025-04-09,2623442.026914788,3495455.7221005303,True,True,0.48148148148148145,True,True
2025-04-10,2637431.755821988,3432874.78210053,True,False,0.4074074074074074,False,False
2025-04-13,2646884.955821988,3513624.3821005304,False,True,0.4444444444444444,False,False
2025-04-14,2646396.5864260183,3553999.1821005302,True,True,0.48148148148148145,True,True
2025-04-15,2628071.4506420977,3553999.1821005302,True,True,0.48148148148148145,True,True
2025-04-16,2580867.7306420985,3564092.8821005304,True,True,0.5185185185185185,True,True
2025-04-17,2578260.1106420984,3546933.5921005304,True,True,0.5185185185185185,True,True
2025-04-22,2583869.3706420986,3549961.7021005303,True,True,0.48148148148148145,True,True
2025-04-23,2626593.6284016985,3531793.0421005306,True,True,0.4444444444444444,False,True
2025-04-27,2650623.673363698,3620617.60210053,True,True,0.5555555555555556,True,True
2025-04-28,2722841.9827855183,3649889.3321005297,True,True,0.6296296296296297,True,True
2025-04-29,2724173.062785519,3673104.8421005304,True,True,0.6296296296296297,True,True
2025-04-30,2724494.0027855183,3676132.9521005303,True,True,0.6666666666666666,True,True
2025-05-04,2747135.282785518,3735673.6172305695,True,True,0.6296296296296297,True,True
2025-05-05,2720520.7027855185,3745794.6172305695,True,True,0.7407407407407407,True,True
2025-05-06,2722239.6827855185,3711383.21723057,True,True,0.7407407407407407,True,True
2025-05-07,2696910.5727855186,3719480.01723057,True,True,0.7037037037037037,True,True
2025-05-08,2727063.9427855182,3668875.01723057,True,True,0.7037037037037037,True,True
2025-05-11,2710223.849139518,3660778.21723057,True,True,0.6666666666666666,True,True
2025-05-12,2694233.0891395183,3621306.31723057,True,True,0.5555555555555556,True,True
2025-05-13,2720768.3791395184,3682032.31723057,True,True,0.5925925925925926,True,True
2025-05-14,2728772.7945950683,3650657.21723057,True,True,0.6296296296296297,True,True
2025-05-15,2743605.134595068,3665838.7172305696,True,True,0.6666666666666666,True,True
2025-05-18,2743605.134595068,3677983.91723057,True,True,0.6296296296296297,True,True
2025-05-19,2770853.6245950684,3650657.21723057,True,True,0.6296296296296297,True,True
2025-05-20,2793051.8983850684,3648633.0172305694,True,True,0.4444444444444444,False,True
2025-05-21,2844185.7778207585,3640536.2172305696,True,True,0.5925925925925926,True,True
2025-05-22,2867052.8278281083,3561592.4172305698,True,True,0.5925925925925926,True,True
2025-05-25,2865202.4978281083,3677983.91723057,True,True,0.5925925925925926,True,True
2025-05-26,2843591.9078281084,3682032.31723057,True,True,0.5925925925925926,True,True
2025-05-27,2892969.667828109,3670899.21723057,True,True,0.6296296296296297,True,True
2025-05-28,2910076.2000613483,3729601.01723057,True,True,0.6666666666666666,True,True
2025-05-29,2910076.2000613483,3741746.2172305696,True,True,0.6666666666666666,True,True
2025-06-01,2915092.4300613487,3774134.36526177,True,True,0.6666666666666666,True,True
2025-06-02,2858266.2634289986,3750793.5052617704,True,True,0.6666666666666666,True,True
2025-06-03,2826015.6357784383,3731511.9252617704,True,True,0.6296296296296297,True,True
2025-06-04,2863255.1957784384,3735571.2052617706,True,True,0.6666666666666666,True,True
2025-06-10,2889367.6357784383,3771089.90526177,True,True,0.6666666666666666,True,True
2025-06-11,2911048.5966138886,3795445.58526177,True,True,0.6666666666666666,True,True
2025-06-12,2880855.666613889,3798490.04526177,True,True,0.6296296296296297,True,True
2025-06-15,2700411.706613889,3604659.4252617704,True,True,0.6296296296296297,True,True
2025-06-16,2693638.3788001793,3582333.38526177,True,False,0.4444444444444444,False,False
2025-06-17,2693638.3788001793,3553918.4252617704,True,False,0.5555555555555556,True,True
2025-06-18,2693638.3788001793,3547829.5052617704,False,False,0.48148148148148145,True,False
2025-06-19,2693638.3788001793,3511295.9852617704,False,False,0.48148148148148145,True,False
2025-06-22,2693638.3788001793,3536666.4852617704,False,False,0.4074074074074074,False,False
2025-06-23,2693638.3788001793,3576244.4652617704,False,False,0.48148148148148145,True,False
2025-06-24,2707502.3628247394,3632059.56526177,True,True,0.5185185185185185,True,True
2025-06-25,2751590.07280854,3761956.5252617705,True,True,0.5925925925925926,True,True
2025-06-29,2739732.83280854,3739630.4852617704,True,True,0.5925925925925926,True,True
2025-06-30,2681034.9628085406,3828934.64526177,True,True,0.5925925925925926,True,True
2025-07-01,2652342.49280854,3801271.21902127,True,True,0.5555555555555556,True,True
2025-07-02,2667577.32280854,3786009.1690212702,True,True,0.5555555555555556,True,True
2025-07-06,2739690.90280854,3798218.80902127,True,True,0.5555555555555556,True,True
2025-07-07,2742943.52280854,3808393.50902127,True,True,0.6296296296296297,True,True
2025-07-09,2801921.06280854,3823655.55902127,True,True,0.6666666666666666,True,True
2025-07-10,2803513.06280854,3836882.6690212702,True,True,0.6666666666666666,True,True
2025-07-13,2809130.37280854,3851127.2490212703,True,True,0.6296296296296297,True,True
2025-07-14,2795490.44280854,3825690.4990212703,True,True,0.6666666666666666,True,True
2025-07-15,2802880.58280854,3900983.2790212706,True,True,0.6666666666666666,True,True
2025-07-16,2802887.1928085396,3924385.08902127,True,True,0.7037037037037037,True,True
2025-07-17,2834574.55280854,3872494.1190212704,True,True,0.7037037037037037,True,True
2025-07-20,2863671.90280854,3912175.4490212705,True,True,0.7037037037037037,True,True
2025-07-21,2839005.8328085397,3994590.51902127,True,True,0.7407407407407407,True,True
2025-07-22,2812788.03280854,3945751.9590212703,True,True,0.7037037037037037,True,True
2025-07-23,2794742.2928085397,3911157.97902127,True,True,0.6296296296296297,True,True
2025-07-27,2830861.5015356597,3944734.4890212705,True,True,0.6666666666666666,True,True
2025-07-28,2817036.7215356603,3937612.1990212705,True,True,0.7037037037037037,True,True
2025-07-29,2822076.2524448605,3942699.54902127,True,True,0.5185185185185185,True,True
2025-07-30,2838200.4303201204,3939647.13902127,True,True,0.5555555555555556,True,True
2025-07-31,2852270.23032012,3915227.8590212697,True,True,0.5185185185185185,True,True
2025-08-03,2862978.498624771,3961798.5482449504,True,True,0.5925925925925926,True,True
2025-08-04,2853787.5486247707,3967918.7282449496,True,True,0.5925925925925926,True,True
2025-08-05,2865554.1986247706,4060741.45824495,True,True,0.5925925925925926,True,True
2025-08-06,2856539.248624771,4079101.99824495,True,True,0.5925925925925926,True,True
2025-08-07,2856148.498624771,4105622.77824495,True,True,0.5925925925925926,True,True
2025-08-10,2862295.498624771,4148464.03824495,True,True,0.6296296296296297,True,True
2025-08-11,2856097.859803511,4180084.9682449494,True,True,0.7037037037037037,True,True
2025-08-12,2845626.7098035105,4156624.27824495,True,True,0.6666666666666666,True,True
2025-08-13,2818421.0298035108,4166824.57824495,True,True,0.7037037037037037,True,True
2025-08-14,2835585.6455995105,4115823.07824495,True,True,0.5925925925925926,True,True
2025-08-17,2841836.705613561,4117863.1382449497,True,True,0.5555555555555556,True,True
2025-08-18,2873664.505613561,4162744.45824495,True,True,0.5925925925925926,True,True
2025-08-19,2900028.3056135606,4145403.94824495,True,True,0.5925925925925926,True,True
2025-08-20,2898462.250785361,4177024.87824495,True,True,0.6296296296296297,True,True
2025-08-21,2898462.250785361,4135203.64824495,True,True,0.5925925925925926,True,True
2025-08-24,2898462.250785361,4121943.2582449494,True,True,0.6296296296296297,True,True
2025-08-25,2898462.250785361,4184165.0882449504,True,True,0.6296296296296297,True,True
2025-08-26,2898462.250785361,4143363.8882449497,True,True,0.6296296296296297,True,True
2025-08-27,2898462.250785361,4136223.67824495,True,True,0.6296296296296297,True,True
2025-08-28,2898462.250785361,4128063.4382449496,True,True,0.5925925925925926,True,True
2025-08-31,2898462.250785361,4125003.3482449497,True,True,0.5925925925925926,True,True
2025-09-01,2914256.670785361,4094113.03304085,True,True,0.5185185185185185,True,True
2025-09-02,2902076.670785361,4076730.5330408495,True,True,0.5925925925925926,True,True
2025-09-03,2897871.670785361,4076730.5330408495,True,True,0.5555555555555556,True,True
2025-09-07,2897407.670785361,4013335.53304085,True,True,0.48148148148148145,True,True
2025-09-08,2895406.670785361,3994930.53304085,True,True,0.48148148148148145,True,True
2025-09-09,2895406.670785361,4011290.5330408495,True,True,0.48148148148148145,True,True
2025-09-10,2898959.170785361,3986750.53304085,True,True,0.48148148148148145,True,True
2025-09-11,2907006.670785361,4019470.53304085,True,True,0.48148148148148145,True,True
2025-09-14,2945607.682780381,4050145.53304085,True,True,0.48148148148148145,True,True
2025-09-15,2936996.5708217206,4069573.0330408495,True,True,0.5185185185185185,True,True
2025-09-16,2884910.950658771,4075708.03304085,True,True,0.48148148148148145,True,True
2025-09-17,2868341.4306587707,4037875.53304085,True,True,0.4444444444444444,False,True
2025-09-18,2876596.740658771,4053213.03304085,True,True,0.4444444444444444,False,True
2025-09-21,2933417.510658771,4102293.0330408495,True,True,0.48148148148148145,True,True
2025-09-22,2941949.177358771,4084910.5330408504,True,True,0.48148148148148145,True,True
2025-09-23,2938472.897358771,4080820.5330408495,True,True,0.48148148148148145,True,True
2025-09-24,2954368.579619771,4156485.53304085,True,True,0.4444444444444444,False,True
2025-09-25,2947961.409619771,4165688.03304085,True,True,0.5555555555555556,True,True
2025-09-28,2977136.839619771,4133990.53304085,True,True,0.5555555555555556,True,True
2025-09-29,3014385.8396197706,4137058.03304085,True,True,0.5925925925925926,True,True
2025-09-30,3029609.389619771,4215790.53304085,True,True,0.6296296296296297,True,True
2025-10-01,3037619.2187909707,4255454.247645681,True,True,0.6296296296296297,True,True
2025-10-02,3066604.848790971,4267753.167645681,True,True,0.6296296296296297,True,True
2025-10-05,3088150.838790971,4259553.88764568,True,True,0.5555555555555556,True,True
2025-10-06,3089142.4287909707,4314899.027645681,True,True,0.6666666666666666,True,True
2025-10-07,3090166.668790971,4321048.48764568,True,True,0.6296296296296297,True,True
2025-10-08,3098729.3904740014,4313874.117645681,True,True,0.7037037037037037,True,True
2025-10-09,3098729.3904740014,4313874.117645681,True,True,0.7037037037037037,True,True
2025-10-12,3076021.930474001,4324123.2176456805,True,True,0.7037037037037037,True,True
2025-10-13,3074869.8088562414,4304649.9276456805,True,True,0.7407407407407407,True,True
2025-10-14,3068436.162533141,4344621.417645681,True,True,0.7407407407407407,True,True
2025-10-15,3080366.122533141,4352820.69764568,True,True,0.7777777777777778,True,True
2025-10-16,3080366.122533141,4374343.80764568,True,True,0.7777777777777778,True,True
2025-10-19,3080366.122533141,4396891.82764568,True,True,0.7777777777777778,True,True
2025-10-20,3126731.9625331415,4404066.19764568,True,True,0.7777777777777778,True,True
2025-10-21,3117435.318961341,4411240.56764568,True,True,0.8888888888888888,True,True
2025-10-22,3130480.518961341,4379468.35764568,True,True,0.8888888888888888,True,True
2025-10-23,3130480.518961341,4378443.44764568,True,True,0.8148148148148148,True,True
2025-10-26,3190892.6789613413,4416365.117645681,True,True,0.8148148148148148,True,True
2025-10-27,3176553.1589613413,4438913.13764568,True,True,0.8518518518518519,True,True
2025-10-28,3177872.9737216616,4443012.777645681,True,True,0.8888888888888888,True,True
2025-10-29,3177176.8937216615,4376393.627645681,True,True,0.8518518518518519,True,True
2025-10-30,3173352.9737216616,4452236.9676456805,True,True,0.8518518518518519,True,True
2025-11-02,3159986.7337216614,4467243.52443038,True,True,0.8148148148148148,True,True
2025-11-03,3190817.6137216613,4445672.74443038,True,True,0.7777777777777778,True,True
2025-11-04,3202670.9737216616,4508330.72443038,True,True,0.8148148148148148,True,True
2025-11-05,3193047.268567892,4602831.28443038,True,True,0.8518518518518519,True,True
2025-11-06,3233776.908567892,4603858.46443038,True,True,0.8148148148148148,True,True
2025-11-09,3261320.708564192,4742527.76443038,True,True,0.7777777777777778,True,True
2025-11-10,3233609.3085641917,4709658.00443038,True,True,0.7777777777777778,True,True
2025-11-11,3231868.7685641916,4747663.66443038,True,True,0.7777777777777778,True,True
2025-11-12,3346546.254226272,4697331.84443038,True,True,0.7407407407407407,True,True
2025-11-13,3346741.1271078717,4692195.94443038,True,True,0.7407407407407407,True,True
2025-11-16,3367297.607107872,4738419.04443038,True,True,0.7407407407407407,True,True
2025-11-17,3378432.367107872,4848327.30443038,True,True,0.7407407407407407,True,True
2025-11-18,3359160.6671078717,4788750.86443038,True,True,0.7037037037037037,True,True
2025-11-19,3360873.707107872,4732255.96443038,True,True,0.7037037037037037,True,True
2025-11-20,3350167.207107872,4724038.52443038,True,True,0.6666666666666666,True,True
2025-11-23,3353165.027107872,4777451.88443038,True,True,0.6296296296296297,True,True
2025-11-24,3322098.5846637124,4729174.42443038,True,True,0.6666666666666666,True,True
2025-11-25,3322098.5846637124,4714793.90443038,True,True,0.6296296296296297,True,True
2025-11-26,3277845.704663712,4714793.90443038,True,True,0.6296296296296297,True,True
2025-11-27,3274695.345709952,4678842.604430379,True,True,0.5925925925925926,True,True
2025-11-30,3283303.744950952,4742527.76443038,True,True,0.6666666666666666,True,True
2025-12-01,3283870.0309099522,4761760.38645118,True,True,0.7777777777777778,True,True
2025-12-02,3283870.0309099522,4751466.98645118,True,True,0.7407407407407407,True,True
2025-12-03,3302401.2709099525,4811168.70645118,True,True,0.7407407407407407,True,True
2025-12-04,3302401.2709099525,4856459.66645118,True,True,0.7037037037037037,True,True
2025-12-07,3306841.180909952,4893515.906451181,True,True,0.7037037037037037,True,True
2025-12-08,3306841.180909952,4860577.02645118,True,True,0.7037037037037037,True,True
2025-12-09,3320793.3009099523,4884251.846451181,True,True,0.7037037037037037,True,True
2025-12-10,3348030.0465745525,4888369.20645118,True,True,0.7407407407407407,True,True
2025-12-11,3340999.0965745524,4918220.066451181,True,True,0.7407407407407407,True,True
2025-12-14,3334255.598757752,4952188.28645118,True,True,0.7037037037037037,True,True
2025-12-15,3369061.9487577523,4967628.38645118,True,True,0.7407407407407407,True,True
2025-12-16,3336577.148757752,4948070.92645118,True,True,0.7407407407407407,True,True
2025-12-17,3328675.3887577527,4889398.54645118,True,True,0.7777777777777778,True,True
2025-12-18,3327497.5387577526,4882193.16645118,True,True,0.7407407407407407,True,True
2025-12-21,3386680.8287577527,4787493.88645118,True,True,0.6296296296296297,True,True
2025-12-22,3365158.3387577524,4855430.3264511805,True,True,0.6666666666666666,True,True
2025-12-23,3374796.978757752,4832784.846451181,True,True,0.6296296296296297,True,True
2025-12-24,3362583.3187577524,4851312.96645118,True,True,0.7037037037037037,True,True
2025-12-25,3354044.0487577524,4854400.98645118,True,True,0.7037037037037037,True,True
2025-12-28,3380293.208757752,4853371.64645118,True,True,0.7407407407407407,True,True
2025-12-29,3398351.4287577528,4874987.78645118,True,True,0.7777777777777778,True,True
2025-12-30,3380943.4587577526,4879105.14645118,True,True,0.7037037037037037,True,True
2025-12-31,3424621.078757752,4906897.3264511805,True,True,0.6666666666666666,True,True
2026-01-04,3340404.6198567324,4862138.45646718,True,True,0.6666666666666666,True,True
2026-01-05,3340404.6198567324,4803347.51646718,True,True,0.6296296296296297,True,True
2026-01-06,3359742.9698567325,4845635.736467179,True,True,0.6296296296296297,True,True
2026-01-08,3316346.844379992,4879672.59646718,True,True,0.5925925925925926,True,True
2026-01-11,3311485.5943799927,4940526.3764671795,True,True,0.6296296296296297,True,True
2026-01-12,3325031.354379993,5011694.35646718,True,True,0.7777777777777778,True,True
2026-01-13,3290138.6243799925,5121024.8764671795,True,True,0.7407407407407407,True,True
2026-01-14,3269904.7693030126,5026134.236467179,True,True,0.5925925925925926,True,True
2026-01-15,3235059.890262733,5093176.53646718,True,True,0.48148148148148145,True,True
2026-01-18,3256299.7402627333,5171564.45646718,True,True,0.4444444444444444,False,True
2026-01-19,3282789.890262733,5237575.3364671795,True,True,0.5555555555555556,True,True
2026-01-20,3316457.009671293,5401571.11646718,True,True,0.5555555555555556,True,True
2026-01-21,3320645.6496712933,5332465.97646718,True,True,0.6296296296296297,True,True
2026-01-22,3338252.219671293,5476864.77646718,True,True,0.5925925925925926,True,True
2026-01-25,3340599.099671293,5534624.296467179,True,True,0.6296296296296297,True,True
2026-01-26,3426046.4196712933,5571755.4164671805,True,True,0.6296296296296297,True,True
2026-01-27,3412845.958805293,5760505.27646718,True,True,0.6666666666666666,True,True
2026-01-28,3405574.678805293,5583101.03646718,True,True,0.7037037037037037,True,True
2026-02-01,3413958.838805293,5579437.29051678,True,True,0.5925925925925926,True,True
2026-02-02,3424461.798805293,5544307.810516779,True,True,0.6666666666666666,True,True
2026-02-03,3480612.238805293,5767483.33051678,True,True,0.6296296296296297,True,True
2026-02-04,3478714.433730293,5818111.11051678,True,True,0.7407407407407407,True,True
2026-02-05,3533482.2328105234,5813978.23051678,True,True,0.8518518518518519,True,True
2026-02-08,3523203.560011524,5893536.17051678,True,True,0.7777777777777778,True,True
2026-02-09,3511787.857475314,5935898.19051678,True,True,0.8888888888888888,True,True
2026-02-10,3494427.660418314,5956562.59051678,True,True,0.8888888888888888,True,True
2026-02-11,3486809.5504183136,5875971.430516779,True,True,0.8888888888888888,True,True
2026-02-12,3507516.620418314,5925565.99051678,True,True,0.8888888888888888,True,True
2026-02-15,3515966.080418314,6020622.23051678,True,True,0.9629629629629629,True,True
2026-02-16,3552603.7704183133,6117744.91051678,True,True,0.9629629629629629,True,True
2026-02-17,3582453.780418313,5997891.390516779,True,True,0.9259259259259259,True,True
2026-02-18,3626634.750418314,6127043.890516779,True,True,0.9259259259259259,True,True
2026-02-19,3530924.248347314,5952429.71051678,True,True,0.9629629629629629,True,True
2026-02-22,3515060.7917483337,5843941.61051678,True,True,0.9629629629629629,True,True
2026-02-23,3559404.5617483333,5889403.29051678,True,True,0.8518518518518519,True,True
2026-02-24,3576060.4717483334,5927632.430516779,True,True,0.9259259259259259,True,True
2026-02-25,3502979.9217483336,5657962.0105167795,True,True,0.8518518518518519,True,True
2026-02-26,3522398.4941058937,5743719.27051678,True,True,0.8148148148148148,True,True
2026-03-01,3489401.9841058934,5630777.94854398,True,True,0.7407407407407407,True,True
2026-03-02,3485720.632859044,5602831.328543981,True,True,0.6296296296296297,True,True
2026-03-03,3485720.632859044,5503465.568543981,True,True,0.6666666666666666,True,True
2026-03-04,3536480.537591044,5483799.42854398,True,True,0.6666666666666666,True,True
2026-03-05,3526741.267591044,5595585.908543981,True,True,0.6666666666666666,True,True
2026-03-08,3649723.339908144,5504500.62854398,True,True,0.6666666666666666,True,True
2026-03-09,3602818.5813334943,5466203.408543981,True,True,0.6666666666666666,True,True
2026-03-10,3562186.531333494,5604901.44854398,True,True,0.6666666666666666,True,True
2026-03-11,3568284.858349494,5599726.148543981,True,True,0.7407407407407407,True,True
2026-03-12,3576055.058349494,5543832.908543981,True,True,0.7037037037037037,True,True
2026-03-15,3577997.608349494,5438256.788543981,True,True,0.6666666666666666,True,True
2026-03-16,3560514.658349494,5302663.92854398,True,True,0.6296296296296297,True,True
2026-03-17,3562457.2083494943,5399959.568543981,True,True,0.48148148148148145,True,True
2026-03-18,3560514.658349494,5522096.648543981,True,True,0.5555555555555556,True,True
2026-03-24,3583825.258349494,5526236.88854398,True,True,0.6296296296296297,True,True
2026-03-25,3568284.858349494,5568674.34854398,True,True,0.6296296296296297,True,True
2026-03-26,3562457.2083494943,5533482.30854398,True,True,0.6666666666666666,True,True
2026-03-29,3609078.408349494,5426871.12854398,True,True,0.7037037037037037,True,True
2026-03-30,3609078.408349494,5329575.488543981,True,True,0.48148148148148145,True,True
2026-03-31,3622676.258349494,5346136.44854398,True,True,0.48148148148148145,True,True
2026-04-01,3621275.118412624,5441125.34918123,True,True,0.48148148148148145,True,True
2026-04-02,3664372.268412624,5470161.06918123,True,True,0.5185185185185185,True,True
2026-04-05,3708387.468412624,5536528.42918123,True,True,0.48148148148148145,True,True
