symbol,period_end,filing_date,fiscal_period,currency,source_url,revenue,net_income,equity,assets,operating_cf,capex,debt,cash,shares_outstanding
ABUK,2021-12-31,2022-03-31,FY 2021,EGP,http://data.feedgfm.com/mix2/DCMServiceProvider?ROLE=A&RT=87&ID=03A6EEBD-973D-457C-A34F-EE5C6A611A93.pdf,,3516007181.0,8360606168.0,10847844464.0,2577507815.0,,2487238296.0,,1261875720.0
ABUK,2022-03-31,2022-05-30,Q1 2022,EGP,http://data.feedgfm.com/mix2/DCMServiceProvider?ROLE=A&RT=87&ID=EC0AE36E-AB44-488B-90BA-3D6471A7EAD9.pdf,,1289617385.0,8644500186.0,13632551737.0,1495422837.0,,4988051551.0,,1261875720.0
ABUK,2022-06-30,2022-08-29,Q2 2022,EGP,http://data.feedgfm.com/mix2/DCMServiceProvider?ROLE=A&RT=87&ID=65188C3F-FD62-4E6B-84ED-BF6C55CBE793.pdf,,1913427557.0,11149039932.0,13966426839.0,994245256.0,,2817386907.0,,1261875720.0
ABUK,2022-09-30,2022-10-24,Q1 2023,EGP,https://english.mubasher.info/news/4028548/Abu-Qir-Fertilizers-profits-soar-114-in-Q1-FY22-23/,,2777482585.0,15483373273.0,24743561325.0,2114013261.0,,9260188052.0,,1261875720.0
ABUK,2022-09-30,2022-11-29,Q3 2022,EGP,http://data.feedgfm.com/mix2/DCMServiceProvider?ROLE=A&RT=87&ID=3B5612B7-0DD0-459D-8D2E-2F5D3FC54C9C.pdf,,3761481549.0,15561821967.0,19360542041.0,4485764469.0,,3798720074.0,,1261875720.0
ABUK,2022-12-31,2023-01-29,Q2 2023,EGP,https://english.mubasher.info/news/4067678/Abu-Qir-Fertilizers-profits-hike-to-EGP-7-23bn-in-H1-22-23-unaudited-financials/,,4456809384.0,21091082178.0,25472524112.0,1659623480.0,,4381441934.0,,1261875720.0
ABUK,2022-12-31,2023-03-01,Q4 2022,EGP,https://english.mubasher.info/markets/EGX/stocks/ABUK/financial-statements,,2089612837.0,17806394611.0,22372473862.0,2279649708.0,,4566079251.0,,1261875720.0
ABUK,2022-12-31,2023-03-31,FY 2022,EGP,http://data.feedgfm.com/mix2/DCMServiceProvider?ROLE=A&RT=87&ID=5222C27B-0945-46BB-9CCA-57CB0154365C.pdf,,9054139328.0,17806394611.0,22372473862.0,9255082270.0,,4566079251.0,,1261875720.0
ABUK,2023-03-31,2023-04-19,Q3 2023,EGP,https://english.mubasher.info/news/4111555/Abu-Qir-Fertilizers-registers-86-higher-profits-in-9M-22-23/,,5724430042.0,28167480800.0,34333132383.0,3857778935.0,,6165651583.0,,1261875720.0
ABUK,2023-06-30,2023-08-01,FY 2023,EGP,https://english.mubasher.info/news/4162014/Abu-Qir-Fertilizers-posts-higher-profits-at-EGP-14-64bn-in-FY22-23/,,14640225272.0,29375406447.0,35425014547.0,8833174927.0,,6049608100.0,,1261875720.0
ABUK,2023-09-30,2023-11-01,Q1 2024,EGP,https://english.mubasher.info/news/4206048/Abu-Qir-Fertilizers-generates-27-5-lower-profits-in-Q1-23-24/,,2017349040.0,20162587283.0,37882765692.0,1940679819.0,,17720178409.0,,1261875720.0
ABUK,2023-12-31,2024-02-04,Q2 2024,EGP,https://english.mubasher.info/news/4242729/Abu-Qir-Fertilizers-logs-over-EGP-4bn-profits-in-H1-23-24/,,2002963078.0,21779757925.0,30483044071.0,-4046416093.0,,8703286146.0,,1261875720.0
ABUK,2023-12-31,2024-02-29,Q4 2023,EGP,https://english.mubasher.info/markets/EGX/stocks/ABUK/financial-statements,,1681503261.0,29375406447.0,35425014547.0,1201759251.0,,6049608100.0,,1261875720.0
ABUK,2024-03-31,2024-05-01,Q3 2024,EGP,https://english.mubasher.info/news/4283422/Abu-Qir-Fertilizers-net-profit-dips-3-YoY-in-9M-23-24/,,8122181729.0,33345112857.0,42736412488.0,2474617442.0,,9391299631.0,,1261875720.0
ABUK,2024-06-30,2024-08-04,FY 2024,EGP,https://english.mubasher.info/news/4322791/Abu-Qir-Fertilizers-registers-EGP-9-1bn-net-profits-in-FY23-24/,,13598909448.0,33121608804.0,42309348051.0,1006937819.0,,9187739247.0,,1261875720.0
ABUK,2024-09-30,2024-11-13,Q1 2025,EGP,https://english.mubasher.info/news/4367835/Abu-Qir-Fertilizers-profits-fall-in-Q1-24-25-due-to-lower-sales-value/,,1284321886.0,23052921843.0,43387396187.0,-639851657.0,,20334474344.0,,1261875720.0
ABUK,2024-12-31,2025-02-06,Q2 2025,EGP,https://english.mubasher.info/news/4400621/Abu-Qir-Fertilizers-posts-EGP-4-4bn-standalone-profits-in-H1-24-25/,,3161198854.0,27607944895.0,40131738490.0,,,,,1261875720.0
ABUK,2024-12-31,2025-03-01,Q4 2024,EGP,https://english.mubasher.info/markets/EGX/stocks/ABUK/financial-statements,,1456415601.0,33121608804.0,42309348051.0,638056651.0,,9187739247.0,,1261875720.0
ABUK,2025-03-31,2025-05-05,Q3 2025,EGP,https://english.mubasher.info/news/4443309/Abu-Qir-Fertilizers-standalone-profits-shrink-35-5-in-9M-24-25/,,3333257603.0,30890192901.0,41073954156.0,,,,,1261875720.0
ABUK,2025-06-30,2025-07-31,FY 2025,EGP,https://english.mubasher.info/news/4475132/Abu-Qir-Fertilizers-achieves-EGP-9-3bn-profits-in-FY24-25/,,,32135051655.0,42219047998.0,3532538754.0,,10083996343.0,,1261875720.0
ABUK,2025-09-30,2025-11-02,Q1 2026,EGP,https://english.mubasher.info/news/4516724/Abu-Qir-Fertilizers-sees-2-higher-profits-in-Q1-25-26/,,1308093872.0,23891872453.0,44017819297.0,618791959.0,,20125946844.0,,1261875720.0
ABUK,2025-12-31,2026-03-01,Q4 2025,EGP,https://english.mubasher.info/markets/EGX/stocks/ABUK/financial-statements,,1573984905.0,32135051655.0,42219047998.0,,,,,1261875720.0
ADIB,2021-03-31,2021-05-30,Q1 2021,EGP,https://english.mubasher.info/markets/EGX/stocks/ADIB/financial-statements,,328222000.0,5692992000.0,77958438000.0,3028046000.0,,72265446000.0,,1200000000.0
ADIB,2021-06-30,2021-08-29,Q2 2021,EGP,http://data.feedgfm.com/mix2/DCMServiceProvider?ROLE=A&RT=87&ID=C7CE40D2-030E-4BE8-B917-F6C5B8BA129C.pdf,,349335000.0,6062024000.0,77604353000.0,-3174069000.0,,71542329000.0,,1200000000.0
ADIB,2021-09-30,2021-11-29,Q3 2021,EGP,https://english.mubasher.info/markets/EGX/stocks/ADIB/financial-statements,,391560000.0,6514405000.0,86413000000.0,6887362000.0,,79898595000.0,,1200000000.0
ADIB,2021-12-31,2022-03-01,Q4 2021,EGP,https://english.mubasher.info/markets/EGX/stocks/ADIB/financial-statements,,384015000.0,6879608000.0,90554612000.0,3789136000.0,,83675004000.0,,1200000000.0
ADIB,2021-12-31,2022-03-31,FY 2021,EGP,https://english.mubasher.info/markets/EGX/stocks/ADIB/financial-statements,,1453132000.0,6879608000.0,90554612000.0,10530475000.0,,83675004000.0,,1200000000.0
ADIB,2022-03-31,2022-05-30,Q1 2022,EGP,https://english.mubasher.info/markets/EGX/stocks/ADIB/financial-statements,,446287000.0,7179982000.0,95148523000.0,-2691103000.0,,87968541000.0,,1200000000.0
ADIB,2022-06-30,2022-08-29,Q2 2022,EGP,https://english.mubasher.info/markets/EGX/stocks/ADIB/financial-statements,,577630000.0,,,7811702000.0,,,,1200000000.0
ADIB,2022-09-30,2022-11-29,Q3 2022,EGP,https://english.mubasher.info/markets/EGX/stocks/ADIB/financial-statements,,562939.0,,,-5546045.0,,,,1200000000.0
ADIB,2022-12-31,2023-02-13,FY 2022,EGP,https://english.mubasher.info/news/4073956/ADIB-Egypt-sees-51-higher-consolidated-profits-in-2022/,,2196374000.0,8903799000.0,116827151000.0,8753306000.0,,107923352000.0,,1200000000.0
ADIB,2022-12-31,2023-03-01,Q4 2022,EGP,https://english.mubasher.info/markets/EGX/stocks/ADIB/financial-statements,,609518000.0,,,9178752000.0,,,,1200000000.0
ADIB,2023-03-31,2023-05-14,Q1 2023,EGP,https://english.mubasher.info/news/4124335/ADIB-Egypt-records-over-126-5-jump-in-Q1-23-consolidated-net-profit/,,1005916000.0,10640121000.0,125700631000.0,-12069711000.0,,115060510000.0,,1200000000.0
ADIB,2023-06-30,2023-08-14,Q2 2023,EGP,https://english.mubasher.info/news/4169743/ADIB-Egypt-registers-EGP-2-16bn-consolidated-profits-in-H1-23/,,1159401000.0,,,28655411000.0,,,,1200000000.0
ADIB,2023-09-30,2023-11-12,Q3 2023,EGP,https://english.mubasher.info/news/4211703/ADIB-Egypt-posts-jump-in-9M-23-results-consolidated-profits-hit-EGP-3-55bn/,,1386767.0,,,6446085.0,,,,1200000000.0
ADIB,2023-12-31,2024-02-29,Q4 2023,EGP,https://english.mubasher.info/markets/EGX/stocks/ADIB/financial-statements,,1118570000.0,,,13594674000.0,,,,1200000000.0
ADIB,2023-12-31,2024-03-30,FY 2023,EGP,http://data.feedgfm.com/mix2/DCMServiceProvider?ROLE=A&RT=87&ID=72B35519-06C5-40A0-8283-51EAB63729FD.pdf,,4670654000.0,14364448000.0,162254679000.0,36626459000.0,,147890231000.0,,1200000000.0
ADIB,2024-03-31,2024-05-13,Q1 2024,EGP,https://english.mubasher.info/news/4289152/ADIB-Egypt-s-consolidated-profits-hike-to-EGP-2-1bn-in-Q1-24/,,2115860000.0,16051919000.0,191043934000.0,7619358000.0,,174992015000.0,,1200000000.0
ADIB,2024-06-30,2024-08-12,Q2 2024,EGP,https://english.mubasher.info/news/4326944/ADIB-Egypt-records-higher-profits-in-H1-24-assets-hit-EGP-210-5bn/,,2458153000.0,,,7641633000.0,,,,1200000000.0
ADIB,2024-09-30,2024-11-11,Q3 2024,EGP,https://english.mubasher.info/news/4366477/ADIB-Egypt-s-consolidated-profits-surpass-EGP-6-8bn-in-9M-24/,,2227509.0,,,20437489.0,,,,1200000000.0
ADIB,2024-12-31,2025-03-01,Q4 2024,EGP,https://english.mubasher.info/markets/EGX/stocks/ADIB/financial-statements,,2207006000.0,,,2672807000.0,,,,1200000000.0
ADIB,2024-12-31,2025-03-31,FY 2024,EGP,https://english.mubasher.info/markets/EGX/stocks/ADIB/financial-statements,,9008528000.0,22986707000.0,260467106000.0,38371287000.0,,237480399000.0,,1200000000.0
ADIB,2025-03-31,2025-05-12,Q1 2025,EGP,https://english.mubasher.info/news/4447488/ADIB-Egypt-s-consolidated-profits-jump-in-Q1-25-assets-hit-EGP-283-9bn/,,3032890000.0,24995316000.0,283997817000.0,11949315000.0,,259002501000.0,,1200000000.0
ADIB,2025-06-30,2025-08-29,Q2 2025,EGP,http://data.feedgfm.com/mix2/DCMServiceProvider?ROLE=A&RT=87&ID=6575791E-9CD1-4B01-B1C8-457E6E28456E.pdf,,3192534000.0,28138164000.0,,,,,,1200000000.0
ADIB,2025-09-30,2025-11-10,Q3 2025,EGP,https://english.mubasher.info/news/4521125/ADIB-Egypt-generates-higher-consolidated-net-profits-at-EGP-9-4bn-in-9M-25/,,,31341976000.0,,,,,,1200000000.0
ADIB,2025-12-31,2026-03-31,FY 2025,EGP,http://data.feedgfm.com/mix2/DCMServiceProvider?ROLE=A&RT=87&ID=47596C85-95AE-45A1-B5B4-8E36E0F746EA.pdf,,12588572000.0,34634856000.0,346711205000.0,20536069000.0,,312076349000.0,,1200000000.0
AMOC,2021-06-30,2021-09-28,FY 2020,EGP,https://english.mubasher.info/markets/EGX/stocks/AMOC/financial-statements,,-488281200.0,1882088673.0,2828909120.0,-2023547392.0,,946820447.0,,1291500000.0
AMOC,2022-06-30,2022-07-31,FY 2022,EGP,https://english.mubasher.info/news/3988947/AMOC-logs-EGP-1-23bn-in-net-earnings-during-FY21-22/,,1194122765.0,3253409667.0,4921191346.0,540301409.0,,1667781679.0,,1291500000.0
AMOC,2022-06-30,2022-09-28,FY 2021,EGP,https://english.mubasher.info/markets/EGX/stocks/AMOC/financial-statements,,485667884.0,2370717672.0,3807070584.0,583282905.0,,1436352912.0,,1291500000.0
AMOC,2022-09-30,2022-10-27,Q1 2023,EGP,https://english.mubasher.info/news/4030491/AMOC-logs-74-higher-earnings-in-Q1-FY22-23/,,391527653.0,2835324926.0,5138502957.0,-80405453.0,,2303178031.0,,1291500000.0
AMOC,2022-09-30,2022-11-29,Q1 2022,EGP,https://english.mubasher.info/markets/EGX/stocks/AMOC/financial-statements,,224910955.0,2263805761.0,3612650459.0,-282034354.0,,1348844698.0,,1291500000.0
AMOC,2022-12-31,2023-01-24,Q2 2023,EGP,https://english.mubasher.info/news/4066220/AMOC-s-profits-surge-in-H1-FY22-23-unaudited-financials/,,591955367.0,3284021636.0,5064927145.0,470513592.0,,1780905509.0,,1291500000.0
AMOC,2022-12-31,2023-03-01,Q2 2022,EGP,https://english.mubasher.info/markets/EGX/stocks/AMOC/financial-statements,,174231954.0,2443330572.0,3463959317.0,270003889.0,,1020628745.0,,1291500000.0
AMOC,2023-03-31,2023-05-01,Q3 2023,EGP,https://english.mubasher.info/news/4115837/AMOC-posts-EGP-1-41bn-consolidated-profits-in-9M-22-23/,,407705831.0,3699587137.0,5526092193.0,979423104.0,,1826505056.0,,1291500000.0
AMOC,2023-03-31,2023-05-30,Q3 2022,EGP,https://english.mubasher.info/markets/EGX/stocks/AMOC/financial-statements,,346150951.0,2797808618.0,4152624113.0,170799780.0,,1354815495.0,,1291500000.0
AMOC,2023-06-30,2023-08-02,FY 2023,EGP,https://english.mubasher.info/news/4162761/AMOC-records-higher-net-profits-in-FY22-23/,,1330499928.0,3983263696.0,6686408414.0,2328563295.0,,2703144718.0,,1291500000.0
AMOC,2023-06-30,2023-08-29,Q4 2022,EGP,https://english.mubasher.info/markets/EGX/stocks/AMOC/financial-statements,,448828905.0,3253409667.0,4921191346.0,381532094.0,,1667781679.0,,1291500000.0
AMOC,2023-09-30,2023-11-01,Q1 2024,EGP,https://english.mubasher.info/news/4205972/AMOC-s-consolidated-profits-up-6-in-Q1-23-24/,,411891512.0,4099671618.0,8001841053.0,102821034.0,,3902169435.0,,1291500000.0
AMOC,2023-12-31,2024-01-28,Q2 2024,EGP,https://english.mubasher.info/news/4240139/AMOC-s-consolidated-profits-hit-EGP-918-5m-in-H1-23-24/,,488102290.0,3648021042.0,7163180719.0,487782718.0,,3515159677.0,,1291500000.0
AMOC,2024-03-31,2024-04-30,Q3 2024,EGP,https://english.mubasher.info/news/4282688/AMOC-sees-higher-consolidated-profits-at-EGP-1-3bn-in-9M-23-24/,,367191205.0,4500165894.0,7641846972.0,-44321902.0,,3141681078.0,,1291500000.0
AMOC,2024-06-30,2024-08-29,Q4 2023,EGP,https://english.mubasher.info/markets/EGX/stocks/AMOC/financial-statements,,-60688923.0,3983263696.0,6686408414.0,959032052.0,,2703144718.0,,1291500000.0
AMOC,2024-09-30,2024-10-29,Q1 2025,EGP,https://english.mubasher.info/news/4359784/AMOC-sees-14-higher-consolidated-profits-in-Q1-24-25/,,461931833.0,3898340624.0,10398445924.0,707486881.0,,6500105300.0,,1291500000.0
AMOC,2024-12-31,2025-01-26,Q2 2025,EGP,https://english.mubasher.info/news/4396163/AMOC-s-consolidated-profits-exceed-EGP-641-5m-H1-24-25/,,147793607.0,4467126947.0,,-1168418955.0,,,,1291500000.0
AMOC,2025-03-31,2025-05-11,Q3 2025,EGP,https://english.mubasher.info/news/4446321/AMOC-registers-annual-growth-of-5-in-profits-during-9M-24-25/,,446956772.0,4930282645.0,,817205171.0,,,,1291500000.0
AMOC,2025-06-30,2025-08-29,Q4 2024,EGP,https://english.mubasher.info/markets/EGX/stocks/AMOC/financial-statements,,431969488.0,4991505137.0,8386961675.0,101796470.0,,3395456538.0,,1291500000.0
AMOC,2025-06-30,2025-09-28,FY 2024,EGP,https://english.mubasher.info/markets/EGX/stocks/AMOC/financial-statements,,1699154495.0,4991505137.0,8386961675.0,648078320.0,,3395456538.0,,1291500000.0
AMOC,2025-12-31,2026-01-29,Q2 2026,EGP,https://english.mubasher.info/news/4553751/AMOC-logs-2-growth-in-H1-25-26-consolidated-profits-sales-cross-EGP-20bn/,,,4824774948.0,8136418030.0,,,3311643082.0,,1291500000.0
ARCC,2020-12-31,2021-03-31,FY 2020,EGP,https://english.mubasher.info/markets/EGX/stocks/ARCC/financial-statements,,-122788178.0,1033893001.0,2863181727.0,-198184886.0,,1829288726.0,,378739700.0
ARCC,2021-03-31,2021-05-30,Q1 2021,EGP,https://english.mubasher.info/markets/EGX/stocks/ARCC/financial-statements,,-6334265.0,1020451963.0,2782602592.0,7861577.0,,1762150629.0,,378739700.0
ARCC,2021-06-30,2021-08-29,Q2 2021,EGP,https://english.mubasher.info/markets/EGX/stocks/ARCC/financial-statements,,-16952110.0,1003501445.0,2929611111.0,107250855.0,,1926109666.0,,378739700.0
ARCC,2021-09-30,2021-11-29,Q3 2021,EGP,https://english.mubasher.info/markets/EGX/stocks/ARCC/financial-statements,,65370.00000000001,1003568680.0,2940142712.0,16123082.0,,1936574032.0,,378739700.0
ARCC,2021-12-31,2022-03-01,Q4 2021,EGP,https://english.mubasher.info/markets/EGX/stocks/ARCC/financial-statements,,57402815.0,1060974342.0,2972915821.0,162007147.0,,1911941479.0,,378739700.0
ARCC,2021-12-31,2022-03-31,FY 2021,EGP,https://english.mubasher.info/markets/EGX/stocks/ARCC/financial-statements,,34181810.0,1060974342.0,2972915821.0,293242661.0,,1911941479.0,,378739700.0
ARCC,2022-03-31,2022-05-22,Q1 2022,EGP,https://english.mubasher.info/news/3960264/Arabian-Cement-turns-to-profitability-in-Q1-22/,,58850721.0,1112900524.0,3115872971.0,367917386.0,,2002972447.0,,378739700.0
ARCC,2022-06-30,2022-08-14,Q2 2022,EGP,https://english.mubasher.info/news/3996463/Arabian-Cement-moves-to-profits-in-H1-22/,,60643742.0,1173549049.0,3541371211.0,-35452344.0,,2367822162.0,,378739700.0
ARCC,2022-09-30,2022-11-23,Q3 2022,EGP,https://english.mubasher.info/news/4042506/Arabian-Cement-swings-to-consolidated-profits-in-9M-22/,,142750602.0,1316311979.0,3785415372.0,-205810473.0,,2469103393.0,,378739700.0
ARCC,2022-12-31,2023-02-23,FY 2022,EGP,https://english.mubasher.info/news/4079637/Arabian-Cement-s-2022-consolidated-profits-to-owners-hit-EGP-359m/,,358986481.0,1163064621.0,3807765863.0,715940576.0,,2644701242.0,,378739700.0
ARCC,2022-12-31,2023-03-01,Q4 2022,EGP,https://english.mubasher.info/markets/EGX/stocks/ARCC/financial-statements,,96741416.0,1163064621.0,3807765863.0,589286007.0,,2644701242.0,,378739700.0
ARCC,2023-03-31,2023-05-31,Q1 2023,EGP,https://english.mubasher.info/news/4135755/Arabian-Cement-registers-hike-in-Q1-23-net-profits/,,241772500.0,1397776114.0,3652632329.0,53447238.0,,2254856215.0,,378739700.0
ARCC,2023-06-30,2023-08-29,Q2 2023,EGP,https://english.mubasher.info/markets/EGX/stocks/ARCC/financial-statements,,95318816.0,1493093829.0,3764730385.0,159694328.0,,2271636556.0,,378739700.0
ARCC,2023-09-30,2023-11-19,Q3 2023,EGP,https://english.mubasher.info/news/4217127/Arabian-Cement-s-consolidated-profits-cross-EGP-500m-in-9M-23/,,163150240.0,1656252751.0,3376028876.0,133330603.99999999,,1719776125.0,,378739700.0
ARCC,2023-12-31,2024-02-29,Q4 2023,EGP,https://english.mubasher.info/markets/EGX/stocks/ARCC/financial-statements,,197247185.0,1754269669.0,3887527427.0,295011945.0,,2133257758.0,,378739700.0
ARCC,2023-12-31,2024-03-30,FY 2023,EGP,https://english.mubasher.info/markets/EGX/stocks/ARCC/financial-statements,,697488741.0,1754269669.0,3887527427.0,641484115.0,,2133257758.0,,378739700.0
ARCC,2024-03-31,2024-05-29,Q1 2024,EGP,https://english.mubasher.info/news/4297126/Arabian-Cement-posts-lower-consolidated-profits-in-Q1-24/,,152639268.0,1896340584.0,4472225098.0,227552696.0,,2575884514.0,,378739700.0
ARCC,2024-06-30,2024-08-15,Q2 2024,EGP,https://english.mubasher.info/news/4329079/Arabian-Cement-s-consolidated-sales-exceed-EGP-3-1bn-in-H1-24/,,193925456.0,2090269272.0,4142836109.0,-218195781.0,,2052566837.0,,378739700.0
ARCC,2024-09-30,2024-11-13,Q3 2024,EGP,https://english.mubasher.info/news/4368011/Arabian-Cement-records-higher-net-profits-in-9M-24-revenues-hit-EGP-6-3bn/,,318144937.0,2408421155.0,4435899542.0,323525333.0,,2027478387.0,,378739700.0
ARCC,2024-12-31,2025-03-01,Q4 2024,EGP,https://english.mubasher.info/markets/EGX/stocks/ARCC/financial-statements,,495419750.0,2303526020.0,5848616103.0,1079260300.0,,3545090083.0,,378739700.0
ARCC,2024-12-31,2025-03-31,FY 2024,EGP,https://english.mubasher.info/markets/EGX/stocks/ARCC/financial-statements,,1160129411.0,2303526020.0,5848616103.0,1412142548.0,,3545090083.0,,378739700.0
ARCC,2025-03-31,2025-06-01,Q1 2025,EGP,https://english.mubasher.info/news/4457028/Arabian-Cement-records-higher-profits-in-Q1-25-consolidated-sales-hit-EGP-2-5bn/,,590347133.0,2893905568.0,5498346930.0,628747326.0,,2604441362.0,,378739700.0
ARCC,2025-06-30,2025-08-29,Q2 2025,EGP,https://english.mubasher.info/markets/EGX/stocks/ARCC/financial-statements,,815122394.0,,,,,,,378739700.0
ARCC,2025-09-30,2025-11-20,Q3 2025,EGP,https://english.mubasher.info/news/4526966/Arabian-Cement-s-consolidated-net-profits-soar-to-EGP-2-5bn-in-9M-25/,,1120196.44,,,,,,,378739700.0
BTFH,2020-12-31,2021-03-31,FY 2020,EGP,https://english.mubasher.info/markets/EGX/stocks/BTFH/financial-statements,,-132423570.0,540056508.0,1413897896.0,-369886129.0,,873841388.0,,10718106944.0
BTFH,2021-03-31,2021-05-30,Q1 2021,EGP,https://english.mubasher.info/markets/EGX/stocks/BTFH/financial-statements,,3803748.0,543312709.0,1644477737.0,-110002853.0,,1101165028.0,,10718106944.0
BTFH,2021-06-30,2021-08-29,Q2 2021,EGP,https://english.mubasher.info/markets/EGX/stocks/BTFH/financial-statements,,4741923.0,547264174.0,2117779353.0,57388081.0,,1570515179.0,,10718106944.0
BTFH,2021-09-30,2021-11-29,Q3 2021,EGP,https://english.mubasher.info/markets/EGX/stocks/BTFH/financial-statements,,1913027.0,549344198.0,2300705125.0,-68196657.0,,1751360927.0,,10718106944.0
BTFH,2021-12-31,2022-03-01,Q4 2021,EGP,https://english.mubasher.info/markets/EGX/stocks/BTFH/financial-statements,,-180221005000.0,370746265000.0,1972836728000.0,165801470000.0,,1602090463000.0,,10718106944.0
BTFH,2021-12-31,2022-03-31,FY 2021,EGP,https://english.mubasher.info/markets/EGX/stocks/BTFH/financial-statements,,-169762307000.0,370746265000.0,1972836728000.0,44990041000.0,,1602090463000.0,,10718106944.0
BTFH,2022-03-31,2022-05-30,Q1 2022,EGP,https://english.mubasher.info/markets/EGX/stocks/BTFH/financial-statements,,3835412000.0,376787982000.0,1939574611000.0,-116324831000.0,,1562786629000.0,,10718106944.0
BTFH,2022-06-30,2022-08-29,Q2 2022,EGP,https://english.mubasher.info/markets/EGX/stocks/BTFH/financial-statements,,-109424996000.0,260797481000.0,1924083662000.0,-41704531000.0,,1663286181000.0,,10718106944.0
BTFH,2022-09-30,2022-11-29,Q3 2022,EGP,https://english.mubasher.info/markets/EGX/stocks/BTFH/financial-statements,,-34297613000.0,257102527000.0,4262760650000.0,2310392247000.0,,4005658123000.0,,10718106944.0
BTFH,2022-12-31,2023-03-01,Q4 2022,EGP,https://english.mubasher.info/markets/EGX/stocks/BTFH/financial-statements,,-129090162000.0,125121323000.0,3375700634000.0,-2134176183000.0002,,3250579311000.0,,10718106944.0
BTFH,2022-12-31,2023-03-31,FY 2022,EGP,https://english.mubasher.info/markets/EGX/stocks/BTFH/financial-statements,,-268977359000.0,125121323000.0,3375700634000.0,18186702000.0,,3250579311000.0,,10718106944.0
BTFH,2023-03-31,2023-05-30,Q1 2023,EGP,https://english.mubasher.info/markets/EGX/stocks/BTFH/financial-statements,,-52032748000.0,80791272000.0,3252085944000.0,-673579976000.0,,3171294672000.0,,10718106944.0
BTFH,2023-06-30,2023-08-29,Q2 2023,EGP,https://english.mubasher.info/markets/EGX/stocks/BTFH/financial-statements,,-93859702.0,-9673540.0,4093761523.0,-266723423.0,,4103435063.0,,10718106944.0
BTFH,2023-09-30,2023-11-29,Q3 2023,EGP,https://english.mubasher.info/markets/EGX/stocks/BTFH/financial-statements,,231670293.0,10067213565.0,14599928697.0,-3916495794.0,,4532715132.0,,10718106944.0
BTFH,2023-12-31,2024-02-29,Q4 2023,EGP,https://english.mubasher.info/markets/EGX/stocks/BTFH/financial-statements,,283444061.0,10437438117.0,18241575078.0,-6250721021.0,,7804136961.0,,10718106944.0
BTFH,2023-12-31,2024-03-30,FY 2023,EGP,https://english.mubasher.info/markets/EGX/stocks/BTFH/financial-statements,,369221904.0,10437438117.0,18241575078.0,-11107520214.0,,7804136961.0,,10718106944.0
BTFH,2024-03-31,2024-05-30,Q1 2024,EGP,https://english.mubasher.info/markets/EGX/stocks/BTFH/financial-statements,,513605340.0,10972273174.0,21315916549.0,-680587669.0,,10343643375.0,,10718106944.0
BTFH,2024-06-30,2024-08-29,Q2 2024,EGP,https://english.mubasher.info/markets/EGX/stocks/BTFH/financial-statements,,303104574.0,11247535111.0,25374047403.0,-1740221335.0,,14126512292.0,,10718106944.0
BTFH,2024-09-30,2024-11-29,Q3 2024,EGP,https://english.mubasher.info/markets/EGX/stocks/BTFH/financial-statements,,313971083.0,11578385858.0,29573486321.0,-4468866832.0,,17995100463.0,,10718106944.0
BTFH,2024-12-31,2025-03-01,Q4 2024,EGP,https://english.mubasher.info/markets/EGX/stocks/BTFH/financial-statements,,571557642.0,12473240097.0,33747246489.0,-3524800281.0,,21274006392.0,,10718106944.0
BTFH,2024-12-31,2025-03-31,FY 2024,EGP,https://english.mubasher.info/markets/EGX/stocks/BTFH/financial-statements,,1702238639.0,12473240097.0,33747246489.0,-10414476117.0,,21274006392.0,,10718106944.0
BTFH,2025-03-31,2025-05-15,Q1 2025,EGP,https://english.mubasher.info/news/4449358/Beltone-records-EGP-2-8bn-consolidated-revenues-in-Q1-25/,,702653990.0,23083945000.0,49437211255.0,-2295112569.0,,26353266255.0,,10718106944.0
BTFH,2025-06-30,2025-08-12,Q2 2025,EGP,https://english.mubasher.info/news/4479437/Beltone-generates-EGP-6-3bn-operating-revenue-60-net-profit-growth-in-H1-25/,,-701349784.0,,,,,,,10718106944.0
BTFH,2025-09-30,2025-12-04,Q3 2025,EGP,https://english.mubasher.info/news/4532447/Beltone-s-consolidated-net-profits-cross-EGP-1-5bn-in-9M-25/,,185974.0,,,,,,,10718106944.0
BTFH,2025-12-31,2026-03-01,Q4 2025,EGP,https://english.mubasher.info/markets/EGX/stocks/BTFH/financial-statements,,1345559.82,,,,,,,10718106944.0
CCAP,2020-12-31,2021-03-31,FY 2020,EGP,https://english.mubasher.info/markets/EGX/stocks/CCAP/financial-statements,,-2553121000.0,2341782000.0,81987522000.0,3020108000.0,,79645740000.0,,3216472781.0
CCAP,2021-03-31,2021-05-30,Q1 2021,EGP,https://english.mubasher.info/markets/EGX/stocks/CCAP/financial-statements,,-478568000000.0,141764000000.0,81835685000000.0,278143000000.0,,81693921000000.0,,3216472781.0
CCAP,2021-06-30,2021-08-29,Q2 2021,EGP,https://english.mubasher.info/markets/EGX/stocks/CCAP/financial-statements,,-401517000.0,-741377000.0,83148617000.0,436094000.0,,83889994000.0,,3216472781.0
CCAP,2021-09-30,2021-11-29,Q3 2021,EGP,https://english.mubasher.info/markets/EGX/stocks/CCAP/financial-statements,,-440724000.0,-1330692000.0,84982274000.0,217240000.0,,86312966000.0,,3216472781.0
CCAP,2021-12-31,2022-03-01,Q4 2021,EGP,https://english.mubasher.info/markets/EGX/stocks/CCAP/financial-statements,,-957565000.0,-2374282000.0,84268448000.0,1814067000.0,,86642730000.0,,3216472781.0
CCAP,2021-12-31,2022-03-31,FY 2021,EGP,https://english.mubasher.info/markets/EGX/stocks/CCAP/financial-statements,,-2278374000.0,-2374282000.0,84268448000.0,2745544000.0,,86642730000.0,,3216472781.0
CCAP,2022-03-31,2022-05-30,Q1 2022,EGP,https://english.mubasher.info/markets/EGX/stocks/CCAP/financial-statements,,-584120000.0,-100472000.0,99672526000.0,1375236000.0,,99772998000.0,,3216472781.0
CCAP,2022-06-30,2022-09-29,Q2 2022,EGP,https://english.mubasher.info/news/4017877/Qalaa-Holdings-turns-profitable-in-H1-22/,,361565000.0,7426839000.0,106264469000.0,1621653000.0,,98837630000.0,,3216472781.0
CCAP,2022-09-30,2022-12-18,Q3 2022,EGP,https://english.mubasher.info/news/4052825/Qalaa-Holdings-swings-to-profits-in-9M-22/,,16677000.0,13258851000.0,115623184000.0,6157963000.0,,102364333000.0,,3216472781.0
CCAP,2022-12-31,2023-03-01,Q4 2022,EGP,https://english.mubasher.info/markets/EGX/stocks/CCAP/financial-statements,,-2081663000.0,22370796000.0,144882667000.0,3092037000.0,,122511871000.0,,3216472781.0
CCAP,2022-12-31,2023-03-31,FY 2022,EGP,https://english.mubasher.info/markets/EGX/stocks/CCAP/financial-statements,,-2287541000.0,22370796000.0,144882667000.0,12246889000.0,,122511871000.0,,3216472781.0
CCAP,2023-03-31,2023-05-30,Q1 2023,EGP,https://english.mubasher.info/markets/EGX/stocks/CCAP/financial-statements,,73046000.0,34329100000.0,184227553000.0,7469597000.0,,149898453000.0,,3216472781.0
CCAP,2023-06-30,2023-08-29,Q2 2023,EGP,https://english.mubasher.info/markets/EGX/stocks/CCAP/financial-statements,,-381159000.0,36021596000.0,181049360000.0,4882954000.0,,145027764000.0,,3216472781.0
CCAP,2023-09-30,2023-12-25,Q3 2023,EGP,https://english.mubasher.info/news/4229081/Qalaa-Holdings-unveils-lower-consolidated-profits-in-9M-23-reports-standalone-losses/,,2044225000.0,39627629000.0,184690964000.0,2063862000.0,,145063335000.0,,3216472781.0
CCAP,2023-12-31,2024-02-29,Q4 2023,EGP,https://english.mubasher.info/markets/EGX/stocks/CCAP/financial-statements,,4787008000.0,39944358000.0,160623188000.0,-3181301000.0,,120678830000.0,,3216472781.0
CCAP,2023-12-31,2024-03-30,FY 2023,EGP,https://english.mubasher.info/markets/EGX/stocks/CCAP/financial-statements,,6523120000.0,39944358000.0,160623188000.0,11235112000.0,,120678830000.0,,3216472781.0
CCAP,2024-03-31,2024-09-19,Q1 2024,EGP,https://english.mubasher.info/news/4344438/Qalaa-Holdings-registers-45-higher-revenues-in-Q1-24/,,7217407000.0,65202114000.0,235708959000.0,3844551000.0,,170506845000.0,,3216472781.0
CCAP,2024-06-30,2024-08-29,Q2 2024,EGP,https://english.mubasher.info/markets/EGX/stocks/CCAP/financial-statements,,-1354837000.0,63484313000.0,226510524000.0,1177732000.0,,163026211000.0,,3216472781.0
CCAP,2024-09-30,2024-11-29,Q3 2024,EGP,https://english.mubasher.info/markets/EGX/stocks/CCAP/financial-statements,,114546000.0,62943296000.0,232783080000.0,15443647000.0,,169839784000.0,,3216472781.0
CCAP,2024-12-31,2025-03-01,Q4 2024,EGP,https://english.mubasher.info/markets/EGX/stocks/CCAP/financial-statements,,414068000.0,66999382000.0,228452486000.0,-1026204000.0,,161453104000.0,,3216472781.0
CCAP,2024-12-31,2025-03-31,FY 2024,EGP,https://english.mubasher.info/markets/EGX/stocks/CCAP/financial-statements,,6391184000.0,66999382000.0,228452486000.0,19439726000.0,,161453104000.0,,3216472781.0
COMI,2020-12-31,2021-03-31,FY 2020,EGP,https://english.mubasher.info/markets/EGX/stocks/COMI/financial-statements,,10238157000.0,59958811000.0,427842167000.0,29185956000.0,,367883356000.0,,3070851000.0
COMI,2021-03-31,2021-05-30,Q1 2021,EGP,http://data.feedgfm.com/mix2/DCMServiceProvider?ROLE=A&RT=87&ID=339F946E-31CA-4147-A3EA-794675B12B9E.pdf,,2873044000.0,59953817000.0,447676101000.0,8619236000.0,,387722284000.0,,3070851000.0
COMI,2021-06-30,2021-08-29,Q2 2021,EGP,https://english.mubasher.info/markets/EGX/stocks/COMI/financial-statements,,3216826000.0,63331521000.0,469149320000.0,15564792000.0,,405817799000.0,,3070851000.0
COMI,2021-09-30,2021-11-29,Q3 2021,EGP,http://data.feedgfm.com/mix2/DCMServiceProvider?ROLE=A&RT=87&ID=56AEE82A-DB2C-4C88-8B5E-8C0E873E2E92.pdf,,3787425000.0,66461464000.0,493032251000.0,24435128000.0,,426570787000.0,,3070851000.0
COMI,2021-12-31,2022-03-01,Q4 2021,EGP,https://english.mubasher.info/markets/EGX/stocks/COMI/financial-statements,,3394914000.0,69302737000.0,498235838000.0,-17153363000.0,,428933101000.0,,3070851000.0
COMI,2021-12-31,2022-03-31,FY 2021,EGP,https://english.mubasher.info/markets/EGX/stocks/COMI/financial-statements,,13272209000.0,69302737000.0,498235838000.0,31465793000.0,,428933101000.0,,3070851000.0
COMI,2022-03-31,2022-05-30,Q1 2022,EGP,https://english.mubasher.info/markets/EGX/stocks/COMI/financial-statements,,4244231000.0,65686552000.0,524816099000.0,46800407000.0,,459129547000.0,,3070851000.0
COMI,2022-06-30,2022-08-29,Q2 2022,EGP,https://english.mubasher.info/markets/EGX/stocks/COMI/financial-statements,,3520566000.0,66047055000.0,523463209000.0,-24839612000.0,,457416154000.0,,3070851000.0
COMI,2022-09-30,2022-11-29,Q3 2022,EGP,https://english.mubasher.info/markets/EGX/stocks/COMI/financial-statements,,4408460000.0,65009970000.0,592368377000.0,52066943000.0,,527358407000.0,,3070851000.0
COMI,2022-12-31,2023-03-01,Q4 2022,EGP,https://english.mubasher.info/markets/EGX/stocks/COMI/financial-statements,,3941131000.0,68338168000.0,635831917000.0,-9125191000.0,,567493749000.0,,3070851000.0
COMI,2022-12-31,2023-03-31,FY 2022,EGP,https://english.mubasher.info/markets/EGX/stocks/COMI/financial-statements,,16114388000.0,68338168000.0,635831917000.0,64902547000.0,,567493749000.0,,3070851000.0
COMI,2023-03-31,2023-05-30,Q1 2023,EGP,https://english.mubasher.info/markets/EGX/stocks/COMI/financial-statements,,6064947000.0,61670727000.0,686287113000.0,48916763000.0,,624616386000.0,,3070851000.0
COMI,2023-06-30,2023-08-29,Q2 2023,EGP,https://english.mubasher.info/markets/EGX/stocks/COMI/financial-statements,,7987642000.0,68635637000.0,796291160000.0,119932409000.0,,727655523000.0,,3070851000.0
COMI,2023-09-30,2023-11-29,Q3 2023,EGP,https://english.mubasher.info/markets/EGX/stocks/COMI/financial-statements,,8353174000.0,77435671000.0,811068986000.0,-11713439000.0,,733633315000.0,,3070851000.0
COMI,2023-12-31,2024-02-29,Q4 2023,EGP,https://english.mubasher.info/markets/EGX/stocks/COMI/financial-statements,,7228779000.0,90641466000.0,834866099000.0,17169276000.0,,744224633000.0,,3070851000.0
COMI,2023-12-31,2024-03-30,FY 2023,EGP,https://english.mubasher.info/markets/EGX/stocks/COMI/financial-statements,,29634542000.0,90641466000.0,834866099000.0,174305009000.0,,744224633000.0,,3070851000.0
COMI,2024-03-31,2024-05-30,Q1 2024,EGP,https://english.mubasher.info/markets/EGX/stocks/COMI/financial-statements,,11924434000.0,100991657000.0,977147652000.0,117624443000.0,,876155995000.0,,3070851000.0
COMI,2024-06-30,2024-07-22,Q2 2024,EGP,https://english.mubasher.info/news/4317042/CIB-s-H1-24-net-profits-skyrocket-total-assets-cross-EGP-1trn/,,3698102000.0,119378481000.0,1057167927000.0,41721604000.0,,937789446000.0,,3070851000.0
COMI,2024-09-30,2024-11-05,Q3 2024,EGP,https://english.mubasher.info/news/4363511/CIB-generates-89-higher-consolidated-profits-in-9M-24-operating-income-cross-EGP-22-4bn/,,26725407000.0,138406296000.0,1119958017000.0,-8709711000.0,,981551721000.0,,3070851000.0
COMI,2024-12-31,2025-03-01,Q4 2024,EGP,https://english.mubasher.info/markets/EGX/stocks/COMI/financial-statements,,12848451000.0,152819321000.0,1214973261000.0,-60872046000.0,,1062153940000.0,,3070851000.0
COMI,2024-12-31,2025-03-31,FY 2024,EGP,https://english.mubasher.info/markets/EGX/stocks/COMI/financial-statements,,55196394000.0,152819321000.0,1214973261000.0,89764290000.0,,1062153940000.0,,3070851000.0
COMI,2025-03-31,2025-05-14,Q1 2025,EGP,https://english.mubasher.info/news/4448826/CIB-delivers-higher-net-profits-in-Q1-25-capita-hike-approved/,,16631775000.0,158217542000.0,1262885452000.0,161853146000.0,,1104667910000.0,,3070851000.0
COMI,2025-06-30,2025-07-22,Q2 2025,EGP,https://english.mubasher.info/news/4471904/CIB-s-consolidated-profits-exceed-EGP-33-3bn-in-H1-25/,,16713915000.0,,,,,,,3070851000.0
EAST,2021-06-30,2021-09-28,FY 2020,EGP,https://english.mubasher.info/markets/EGX/stocks/EAST/financial-statements,,3794249000.0,11090432000.0,20280020000.0,4600233000.0,,9189588000.0,,3000000000.0
EAST,2021-09-30,2021-11-29,Q1 2021,EGP,http://data.feedgfm.com/mix2/DCMServiceProvider?ROLE=A&RT=87&ID=4102A3CB-F62F-4C3A-9A02-0A7EF9941EA2.pdf,,1163392000.0,8574493000.0,23879745000.0,4221089000.0,,15305252000.0,,3000000000.0
EAST,2021-12-31,2022-03-01,Q2 2021,EGP,https://english.mubasher.info/markets/EGX/stocks/EAST/financial-statements,,1375060000.0,9916762000.0,19672492000.0,-1798956000.0,,9755730000.0,,3000000000.0
EAST,2022-03-31,2022-05-08,Q3 2022,EGP,https://english.mubasher.info/news/3949538/Eastern-Company-s-unaudited-profits-exceed-EGP-4bn-in-9M/,,1331182000.0,12424666000.0,23141963000.0,2900234000.0,,10717297000.0,,3000000000.0
EAST,2022-03-31,2022-05-30,Q3 2021,EGP,http://data.feedgfm.com/mix2/DCMServiceProvider?ROLE=A&RT=87&ID=DA849391-D7C8-48CC-B636-FDAF8FB03EC8.pdf,,1350758000.0,11407648000.0,19970189000.0,2496728000.0,,8562541000.0,,3000000000.0
EAST,2022-06-30,2022-08-29,Q4 2021,EGP,https://english.mubasher.info/markets/EGX/stocks/EAST/financial-statements,,390974000.0,12299017000.0,21834856000.0,1994588000.0,,9535839000.0,,3000000000.0
EAST,2022-06-30,2022-09-21,FY 2022,EGP,https://english.mubasher.info/news/4013213/Eastern-Company-s-annual-profits-drop-to-EGP-4-03bn/,,4029941000.0,12432556000.0,26743664000.0,8076854000.0,,14311108000.0,,3000000000.0
EAST,2022-06-30,2022-09-28,FY 2021,EGP,https://english.mubasher.info/markets/EGX/stocks/EAST/financial-statements,,4280184000.0,12299017000.0,21834856000.0,6913449000.0,,9535839000.0,,3000000000.0
EAST,2022-09-30,2022-11-14,Q1 2023,EGP,https://english.mubasher.info/news/4039287/Eastern-Company-s-profits-slump-12-in-Q1-FY22-23/,,1404626000.0,13773383000.0,29450117000.0,3460377000.0,,15676734000.0,,3000000000.0
EAST,2022-09-30,2022-11-29,Q1 2022,EGP,https://english.mubasher.info/markets/EGX/stocks/EAST/financial-statements,,1598139000.0,10163015000.0,23618582000.0,2031821000.0,,13455567000.0,,3000000000.0
EAST,2022-12-31,2023-02-16,Q2 2023,EGP,https://english.mubasher.info/news/4076329/Eastern-Company-s-profits-up-to-EGP-3-48bn-in-H1-22-23/,,2084572000.0,11858166000.0,27514513000.0,2012264000.0,,15656347000.0,,3000000000.0
EAST,2022-12-31,2023-03-01,Q2 2022,EGP,https://english.mubasher.info/markets/EGX/stocks/EAST/financial-statements,,1322636000.0,11279877000.0,21913518000.0,1246266000.0,,10633641000.0,,3000000000.0
EAST,2023-03-31,2023-05-31,Q3 2023,EGP,https://english.mubasher.info/news/4134954/Eastern-Company-sees-24-higher-net-profits-in-9M-22-23/,,1801094000.0,13589901000.0,28364440000.0,-131037000.0,,14774539000.0,,3000000000.0
EAST,2023-06-30,2023-08-29,Q4 2022,EGP,https://english.mubasher.info/markets/EGX/stocks/EAST/financial-statements,,-222016000.0,12432556000.0,26743664000.0,1898533000.0,,14311108000.0,,3000000000.0
EAST,2023-09-30,2023-11-15,Q1 2024,EGP,https://english.mubasher.info/news/4214904/Eastern-Company-s-profits-shrink-20-in-Q1-23-24/,,1123648000.0,7944047000.0,28427666000.0,1146973000.0,,20483619000.0,,3000000000.0
EAST,2023-12-31,2024-02-04,Q2 2024,EGP,https://english.mubasher.info/news/4242858/Eastern-Company-unveils-EGP-2-8bn-profits-in-H1-23-24-capital-raise/,,1772639000.0,9790246000.0,19971363000.0,114474000.0,,10181117000.0,,3000000000.0
EAST,2024-03-31,2024-05-30,Q3 2024,EGP,https://english.mubasher.info/news/4297752/Eastern-Company-s-profit-shrinks-2-YoY-in-9M-23-24/,,2275752000.0,12106085000.0,22495900000.0,2967293000.0,,10389815000.0,,3000000000.0
EAST,2024-06-30,2024-08-29,Q4 2023,EGP,https://english.mubasher.info/markets/EGX/stocks/EAST/financial-statements,,2366695000.0,16116399000.0,26300761000.0,-1533822000.0,,10184362000.0,,3000000000.0
EAST,2024-06-30,2024-09-28,FY 2023,EGP,https://english.mubasher.info/markets/EGX/stocks/EAST/financial-statements,,7656987000.0,16116399000.0,26300761000.0,3807782000.0,,10184362000.0,,3000000000.0
EAST,2024-09-30,2024-11-14,Q1 2025,EGP,https://english.mubasher.info/news/4368428/Eastern-Company-records-162-higher-net-revenues-in-Q1-24-25/,,1824805000.0,8933955000.0,34582884000.0,-3349916000.0,,25648929000.0,,3000000000.0
EAST,2025-03-31,2025-05-21,Q3 2025,EGP,https://english.mubasher.info/news/4452749/Eastern-Company-logs-EGP-7bn-profits-in-9M-2024-25/,,1626782000.0,,,,,,,3000000000.0
EAST,2025-06-30,2025-08-29,Q4 2024,EGP,https://english.mubasher.info/markets/EGX/stocks/EAST/financial-statements,,4009442000.0,16169116000.0,32864916000.0,6652238000.0,,16695800000.0,,3000000000.0
EAST,2025-06-30,2025-09-28,FY 2024,EGP,https://english.mubasher.info/markets/EGX/stocks/EAST/financial-statements,,9181481000.0,16169116000.0,32864916000.0,10880978000.0,,16695800000.0,,3000000000.0
EAST,2025-12-31,2026-03-01,Q2 2025,EGP,https://english.mubasher.info/markets/EGX/stocks/EAST/financial-statements,,5382337000.0,12492399000.0,32547247000.0,1261447000.0,,20054848000.0,,3000000000.0
EFID,2020-12-31,2021-03-31,FY 2020,EGP,https://english.mubasher.info/markets/EGX/stocks/EFID/financial-statements,,347720060.0,1815992063.0,3779143306.0,400439978.0,,1963151243.0,,1400027312.0
EFID,2021-03-31,2021-05-30,Q1 2021,EGP,https://english.mubasher.info/markets/EGX/stocks/EFID/financial-statements,,103476518.0,1722625463.0,3837252701.0,147652787.0,,2114627238.0,,1400027312.0
EFID,2021-06-30,2021-08-29,Q2 2021,EGP,https://english.mubasher.info/markets/EGX/stocks/EFID/financial-statements,,94073549.0,1786524906.0,3806348115.0,41567694.0,,2019823209.0,,1400027312.0
EFID,2021-09-30,2021-11-29,Q3 2021,EGP,https://english.mubasher.info/markets/EGX/stocks/EFID/financial-statements,,124881280.0,1914806793.0,4106720170.0,106380865.0,,2191913377.0,,1400027312.0
EFID,2021-12-31,2022-03-01,Q4 2021,EGP,https://english.mubasher.info/markets/EGX/stocks/EFID/financial-statements,,206308642.0,2111668776.0,4223477013.0,87216694.0,,2111808237.0,,1400027312.0
EFID,2021-12-31,2022-03-31,FY 2021,EGP,https://english.mubasher.info/markets/EGX/stocks/EFID/financial-statements,,528739988.99999994,2111668776.0,4223477013.0000005,382818040.0,,2111808237.0000002,,1400027312.0
EFID,2022-03-31,2022-05-30,Q1 2022,EGP,https://english.mubasher.info/markets/EGX/stocks/EFID/financial-statements,,162319150.0,2261611389.0,4340685612.0,296668559.0,,2079074223.0,,1400027312.0
EFID,2022-06-30,2022-08-29,Q2 2022,EGP,https://english.mubasher.info/markets/EGX/stocks/EFID/financial-statements,,213204881.0,2229671638.0,4721779149.0,-44447408.0,,2492107511.0,,1400027312.0
EFID,2022-09-30,2022-11-29,Q3 2022,EGP,https://english.mubasher.info/markets/EGX/stocks/EFID/financial-statements,,299755048.0,2473780866.0,5246807311.0,466133750.0,,2773026445.0,,1400027312.0
EFID,2022-12-31,2023-03-01,Q4 2022,EGP,https://english.mubasher.info/markets/EGX/stocks/EFID/financial-statements,,350417752.0,2716978436.0,5789886100.0,145701188.0,,3072907664.0,,1400027312.0
EFID,2022-12-31,2023-03-31,FY 2022,EGP,https://english.mubasher.info/markets/EGX/stocks/EFID/financial-statements,,1025696831.0,2716978436.0,5789886100.0,864056089.0,,3072907664.0,,1400027312.0
EFID,2023-03-31,2023-05-30,Q1 2023,EGP,https://english.mubasher.info/markets/EGX/stocks/EFID/financial-statements,,398659968.0,2629300986.0,6381920265.0,347961587.0,,3752619279.0,,1400027312.0
EFID,2023-06-30,2023-08-29,Q2 2023,EGP,https://english.mubasher.info/markets/EGX/stocks/EFID/financial-statements,,413583835.0,2935864824.0,6775361795.0,160638179.0,,3839496971.0,,1400027312.0
EFID,2023-09-30,2023-11-29,Q3 2023,EGP,http://data.feedgfm.com/mix2/DCMServiceProvider?ROLE=A&RT=87&ID=2FEE7EBB-27EA-4132-8174-06BCFACD7100.pdf,,465798272.0,3388911491.0,7116921078.0,276234046.0,,3728009587.0,,1400027312.0
EFID,2023-12-31,2024-02-29,Q4 2023,EGP,https://english.mubasher.info/markets/EGX/stocks/EFID/financial-statements,,353752429.0,3447946669.0,7743342651.0,283435303.0,,4295395982.0,,1400027312.0
EFID,2023-12-31,2024-03-30,FY 2023,EGP,https://english.mubasher.info/markets/EGX/stocks/EFID/financial-statements,,1631794504.0,3447946669.0,7743342651.0,1068269115.0,,4295395982.0,,1400027312.0
EFID,2024-03-31,2024-05-21,Q1 2024,EGP,https://english.mubasher.info/news/4293776/Edita-sees-26-higher-consolidated-profits-in-Q1-24/,,506253569.0,3528651709.0,9171632759.0,115567248.0,,5642981050.0,,1400027312.0
EFID,2024-06-30,2024-08-29,Q2 2024,EGP,https://english.mubasher.info/markets/EGX/stocks/EFID/financial-statements,,358436082.0,3865083712.0,8940154433.0,230455807.0,,5075070721.0,,1400027312.0
EFID,2024-09-30,2024-11-29,Q3 2024,EGP,https://english.mubasher.info/markets/EGX/stocks/EFID/financial-statements,,401981959.0,4271740077.0,10230637066.0,189623954.0,,5958896989.0,,1400027312.0
EFID,2024-12-31,2025-03-01,Q4 2024,EGP,https://english.mubasher.info/markets/EGX/stocks/EFID/financial-statements,,367057773.0,4157569146.0,10241537800.0,431603532.0,,6083968654.0,,1400027312.0
EFID,2024-12-31,2025-03-31,FY 2024,EGP,https://english.mubasher.info/markets/EGX/stocks/EFID/financial-statements,,1633729383.0,4157569146.0,10241537800.0,967250541.0,,6083968654.0,,1400027312.0
EFID,2025-03-31,2025-05-28,Q1 2025,EGP,https://english.mubasher.info/news/4455479/Edita-s-profits-drop-in-Q1-25-consolidated-sales-exceed-EGP-4-2bn/,,433286781.0,4604207943.0,10845675336.0,1469619906.0,,6241467393.0,,1400027312.0
EFID,2025-06-30,2025-08-14,Q2 2025,EGP,https://english.mubasher.info/news/4486312/Edita-logs-higher-consolidated-net-profits-at-EGP-1bn-in-H1-25/,,593144654.0,4295974963.0,11556113969.0,850616450.0,,7260139006.0,,1400027312.0
EFIH,2021-06-30,2021-08-29,Q2 2021,EGP,https://english.mubasher.info/markets/EGX/stocks/EFIH/financial-statements,,,1332200190.0,2315240232.0,,,983040042.0,,3466666667.0
EFIH,2021-09-30,2021-11-29,Q3 2021,EGP,https://english.mubasher.info/markets/EGX/stocks/EFIH/financial-statements,,101554380.0,1436998907.0,2312899034.0,90786629.0,,875900127.0,,3466666667.0
EFIH,2021-12-31,2022-03-01,Q4 2021,EGP,https://english.mubasher.info/markets/EGX/stocks/EFIH/financial-statements,,139348855.0,3943538564.0,5043925892.0,4651928.0,,1100387328.0,,3466666667.0
EFIH,2021-12-31,2022-03-31,FY 2021,EGP,https://english.mubasher.info/markets/EGX/stocks/EFIH/financial-statements,,519738601.0,3943538564.0,5043925892.0,248767498.0,,1100387328.0,,3466666667.0
EFIH,2022-03-31,2022-05-30,Q1 2022,EGP,https://english.mubasher.info/markets/EGX/stocks/EFIH/financial-statements,,200326144.0,3876938554.0,5358763349.0,142137732.0,,1481824795.0,,3466666667.0
EFIH,2022-06-30,2022-08-29,Q2 2022,EGP,https://english.mubasher.info/markets/EGX/stocks/EFIH/financial-statements,,279348390.0,4165912368.0,5317219633.0,101829990.0,,1151307265.0,,3466666667.0
EFIH,2022-09-30,2022-11-29,Q3 2022,EGP,https://english.mubasher.info/markets/EGX/stocks/EFIH/financial-statements,,202780562.0,4319173499.0,5450558369.0,-38013737.0,,1131384870.0,,3466666667.0
EFIH,2022-12-31,2023-03-01,Q4 2022,EGP,https://english.mubasher.info/markets/EGX/stocks/EFIH/financial-statements,,121469311.0,4630815516.0,5934787305.0,386700500.0,,1303971789.0,,3466666667.0
EFIH,2022-12-31,2023-03-31,FY 2022,EGP,https://english.mubasher.info/markets/EGX/stocks/EFIH/financial-statements,,803924407.0,4630815516.0,5934787305.0,592654485.0,,1303971789.0,,3466666667.0
EFIH,2023-03-31,2023-05-18,Q1 2023,EGP,https://english.mubasher.info/news/4127632/e-finance-unveils-Q1-23-financial-results-expansion-plans-in-Saudi-Arabia/,,281943242.0,4350869472.0,6124624274.0,113641324.0,,1773754802.0,,3466666667.0
EFIH,2023-06-30,2023-09-18,Q2 2023,EGP,https://english.mubasher.info/news/4184848/e-finance-s-standalone-profits-exceed-EGP-390m-in-H1-23/,,436426116.0,4783520236.0,6070250353.0,-19688659.0,,1286730117.0,,3466666667.0
EFIH,2023-09-30,2023-11-16,Q3 2023,EGP,https://english.mubasher.info/news/4216235/e-finance-s-9M-23-profits-cross-EGP-1bn-for-1st-time/,,428993906.0,5085308606.0,6574519198.0,99927664.0,,1489210592.0,,3466666667.0
EFIH,2023-12-31,2024-02-29,Q4 2023,EGP,https://english.mubasher.info/markets/EGX/stocks/EFIH/financial-statements,,110342838.0,5600061362.0,7635049207.0,101773609.0,,2034987845.0,,3466666667.0
EFIH,2023-12-31,2024-03-30,FY 2023,EGP,https://english.mubasher.info/markets/EGX/stocks/EFIH/financial-statements,,1257706102.0,5600061362.0,7635049207.0,295653938.0,,2034987845.0,,3466666667.0
EFIH,2024-03-31,2024-05-16,Q1 2024,EGP,https://english.mubasher.info/news/4291814/e-finance-s-consolidated-profit-jumps-64-YoY-in-Q1-24/,,462526687.0,5661281694.0,8256818446.0,-168551983.0,,2595536752.0,,3466666667.0
EFIH,2024-06-30,2024-08-18,Q2 2024,EGP,https://english.mubasher.info/news/4330060/e-finance-posts-higher-consolidated-profits-in-H1-24-revenues-jump-32-/,,300099692.0,6195918606.0,8566805676.0,24004859.0,,2370887070.0,,3466666667.0
EFIH,2024-09-30,2024-11-12,Q3 2024,EGP,https://english.mubasher.info/news/4367114/e-finance-s-profits-exceed-EGP-1-3bn-in-9M-24-revenues-hike-24-5-/,,657239668.0,6685528620.0,8839580173.0,807653980.0,,2154051553.0,,3466666667.0
EFIH,2024-12-31,2025-03-01,Q4 2024,EGP,https://english.mubasher.info/markets/EGX/stocks/EFIH/financial-statements,,356123284.0,6836725566.0,9058028544.0,-91922162.0,,2221302978.0,,3466666667.0
EFIH,2024-12-31,2025-03-31,FY 2024,EGP,https://english.mubasher.info/markets/EGX/stocks/EFIH/financial-statements,,1775989331.0,6836725566.0,9058028544.0,571184694.0,,2221302978.0,,3466666667.0
EFIH,2025-03-31,2025-05-18,Q1 2025,EGP,https://english.mubasher.info/news/4450576/e-finance-sees-higher-consolidated-profits-in-Q1-25-revenues-surpass-EGP-1-6bn/,,602259291.0,6685151868.0,9700285718.0,-150283911.0,,3015133850.0,,3466666667.0
EFIH,2025-06-30,2025-08-17,Q2 2025,EGP,https://english.mubasher.info/news/4487165/e-finance-records-EGP-1-2bn-consolidated-profits-in-H1-25/,,495884522.0,,,,,,,3466666667.0
EFIH,2025-09-30,2025-11-18,Q3 2025,EGP,https://english.mubasher.info/news/4525563/e-finance-s-net-profit-soar-31-in-9M-25-revenues-hit-EGP-4-9bn/,,731589918.0,,,,,,,3466666667.0
EFIH,2025-12-31,2026-03-31,FY 2025,EGP,http://data.feedgfm.com/mix2/DCMServiceProvider?ROLE=A&RT=87&ID=4941C0C8-F8E5-4A93-9304-DD96E713BB02.pdf,,2405402468.0,8782864776.0,11903520928.0,1685457760.0,,3120656152.0,,3466666667.0
EGAL,2022-06-30,2022-08-10,FY 2022,EGP,https://english.mubasher.info/news/3994494/Egypt-Aluminum-s-profit-surpasses-EGP-2bn-in-FY21-22/,,2501439386.0,7751936506.0,12985638550.0,-1195147458.0,,5233702044.0,,412500000.0
EGAL,2022-06-30,2022-09-28,FY 2021,EGP,https://english.mubasher.info/markets/EGX/stocks/EGAL/financial-statements,,25402674.0,5252769045.0,9817751177.0,2010533621.0,,4564982132.0,,412500000.0
EGAL,2022-09-30,2022-10-31,Q1 2023,EGP,https://english.mubasher.info/news/4031836/Egypt-Aluminum-sees-higher-profits-in-Q1-FY22-23-unadjusted-results/,,642635456.0,8394571962.0,14628744037.0,-821205585.0,,6234172075.0,,412500000.0
EGAL,2022-09-30,2022-11-29,Q1 2022,EGP,https://english.mubasher.info/markets/EGX/stocks/EGAL/financial-statements,,273749317.0,5557486831.0,10429319221.0,307076541.0,,4871832390.0,,412500000.0
EGAL,2022-12-31,2023-01-31,Q2 2023,EGP,https://english.mubasher.info/news/4068883/Egypt-Aluminum-s-profits-leap-to-EGP-1-7bn-in-H1-22-23/,,1067060698.0000001,6562990976.0,16641019918.0,-140934893.0,,10078028942.0,,412500000.0
EGAL,2022-12-31,2023-03-01,Q2 2022,EGP,https://english.mubasher.info/markets/EGX/stocks/EGAL/financial-statements,,457663778.0,6063920420.0,10602780889.0,14629881.0,,4538860469.0,,412500000.0
EGAL,2023-03-31,2023-05-04,Q3 2023,EGP,https://english.mubasher.info/news/4118159/Egypt-Aluminum-generates-higher-profits-at-EGP-3-91bn-in-9M-22-23/,,2207013876.0,7478299743.0,17910335334.0,14391581.0,,10432035591.0,,412500000.0
EGAL,2023-03-31,2023-05-30,Q3 2022,EGP,https://english.mubasher.info/markets/EGX/stocks/EGAL/financial-statements,,957225655.0,6938403426.0,11465918886.0,-305479397.0,,4527515460.0,,412500000.0
EGAL,2023-06-30,2023-08-28,FY 2023,EGP,https://english.mubasher.info/news/4176044/Egypt-Aluminum-records-leap-in-FY22-23-financial-results/,,3691336550.0,9314548741.0,17816439452.0,1496935051.0,,8501890710.999999,,412500000.0
EGAL,2023-06-30,2023-08-29,Q4 2022,EGP,https://english.mubasher.info/markets/EGX/stocks/EGAL/financial-statements,,812800636.0,7751936506.0,12985638550.0,-1211374483.0,,5233702044.0,,412500000.0
EGAL,2023-09-30,2023-11-09,Q1 2024,EGP,https://english.mubasher.info/news/4210637/Egypt-Aluminum-logs-higher-profits-in-Q1-23-24-at-EGP-1-63bn/,,1630169793.0,10944718534.0,18569778680.0,979267219.0,,7625060146.0,,412500000.0
EGAL,2023-12-31,2024-01-31,Q2 2024,EGP,https://english.mubasher.info/news/4241429/Egypt-Aluminum-s-net-profits-leap-101-in-H1-23-24/,,1808279016.0,9678829040.0,19228464053.0,1717170502.0,,9549635013.0,,412500000.0
EGAL,2024-03-31,2024-04-30,Q3 2024,EGP,https://english.mubasher.info/news/4282547/Egypt-Aluminum-s-net-profit-soars-33-YoY-in-9M-23-24/,,1789086459.0,11467955499.0,19127195046.0,4793987216.0,,7659239547.0,,412500000.0
EGAL,2024-06-30,2024-08-29,Q4 2023,EGP,https://english.mubasher.info/markets/EGX/stocks/EGAL/financial-statements,,-225373480.0,9314548741.0,17816439452.0,2444683948.0,,8501890711.0,,412500000.0
EGAL,2024-06-30,2024-09-30,FY 2024,EGP,https://english.mubasher.info/news/4347936/Egypt-Aluminum-logs-EGP-9-3bn-net-profits-in-FY23-24/,,9324234387.0,15566403860.0,20492508818.0,11176487209.0,,4926104958.0,,412500000.0
EGAL,2024-09-30,2024-11-14,Q1 2025,EGP,https://english.mubasher.info/news/4368932/Egypt-Aluminum-s-profits-leap-160-in-Q1-24-25/,,4232074429.0,19798478289.0,26389090577.0,2417530716.0,,6590612288.0,,412500000.0
EGAL,2025-06-30,2025-08-24,FY 2025,EGP,https://english.mubasher.info/news/4490021/Egypt-Aluminum-s-net-profits-cross-EGP-10-1bn-in-FY24-25/,,10185590052.0,22373758710.0,29337064428.0,4661412352.0,,6963305718.0,,412500000.0
EGAL,2025-06-30,2025-08-29,Q4 2024,EGP,https://english.mubasher.info/markets/EGX/stocks/EGAL/financial-statements,,4096699119.0,15566403860.0,20492508818.0,3686062272.0,,4926104958.0,,412500000.0
EGAL,2025-09-30,2025-10-27,Q1 2026,EGP,https://english.mubasher.info/news/4514010/Egypt-Aluminum-posts-43-lower-net-profits-in-Q1-25-26/,,2415725216.0,20816951560.0,32610372965.0,2397850365.0,,11793421405.0,,412500000.0
EGAL,2025-12-31,2026-03-01,Q2 2025,EGP,https://english.mubasher.info/markets/EGX/stocks/EGAL/financial-statements,,3122469752.0,19542712839.0,26622762177.0,29853863.0,,,,412500000.0
EGCH,2021-06-30,2021-09-28,FY 2020,EGP,https://english.mubasher.info/markets/EGX/stocks/EGCH/financial-statements,,-1350099511.0,3922130273.0,13205983418.0,794361297.0,,9283853145.0,,1986578999.0
EGCH,2021-09-30,2021-11-29,Q1 2021,EGP,https://english.mubasher.info/markets/EGX/stocks/EGCH/financial-statements,,-414841939.0,3673594105.0,13095813026.0,-38255081.0,,9422218921.0,,1986578999.0
EGCH,2021-09-30,2021-12-02,Q1 2022,EGP,https://english.mubasher.info/news/3884140/Kima-turns-to-profitability-in-Q1-21-22/,,122043854.0,4358960807.0,13199173274.0,362347374.0,,8840212467.0,,1986578999.0
EGCH,2021-12-31,2022-01-12,Q2 2022,EGP,https://english.mubasher.info/news/3898036/Kima-records-EGP-350m-net-profits-in-initial-Q2-FY21-22/,,209186146.0,4563316333.0,13245633691.0,517868728.0,,8682317358.0,,1986578999.0
EGCH,2021-12-31,2022-03-01,Q2 2021,EGP,https://english.mubasher.info/markets/EGX/stocks/EGCH/financial-statements,,-216409046.0,3502441988.0,12964761809.0,-35587375.0,,9462319821.0,,1986578999.0
EGCH,2022-03-31,2022-05-30,Q3 2021,EGP,https://english.mubasher.info/markets/EGX/stocks/EGCH/financial-statements,,-387893014.0,3120247935.0,12837687142.0,28753267.0,,9717439207.0,,1986578999.0
EGCH,2022-03-31,2022-06-26,Q3 2022,EGP,https://english.mubasher.info/news/3976200/Kima-turns-profitable-at-EGP-482m-in-9M-21-22/,,150718000.0,4843295000.0,14393638000.0,245716927.0,,9550343000.0,,1986578999.0
EGCH,2022-06-30,2022-08-23,FY 2022,EGP,https://english.mubasher.info/news/4001693/Kima-shifts-to-profits-in-FY21-22/,,651486000.0,4891229000.0,13801769000.0,1184727510.0,,8910540000.0,,1986578999.0
EGCH,2022-06-30,2022-08-29,Q4 2021,EGP,https://english.mubasher.info/markets/EGX/stocks/EGCH/financial-statements,,-405271490.0,2670295099.0,12648295675.0,242289284.0,,9978000576.0,,1986578999.0
EGCH,2022-06-30,2022-09-28,FY 2021,EGP,https://english.mubasher.info/markets/EGX/stocks/EGCH/financial-statements,,-1424415489.0,2670295099.0,12648295675.0,197200095.0,,9978000576.0,,1986578999.0
EGCH,2022-09-30,2022-11-15,Q1 2023,EGP,https://english.mubasher.info/news/4040131/Kima-s-profits-jump-386-in-Q1-FY22-23/,,471220000.0,5462760000.0,14579644000.0,339154481.0,,9116884000.0,,1986578999.0
EGCH,2022-12-31,2023-02-14,Q2 2023,EGP,https://english.mubasher.info/news/4074737/Kima-sees-higher-profits-at-nearly-EGP-604-5m-in-H1-22-23/,,133226000.0,6364873000.0,16811819000.0,889118683.0,,10446946000.0,,1986578999.0
EGCH,2023-03-31,2023-05-17,Q3 2023,EGP,https://english.mubasher.info/news/4126980/Kima-s-net-profits-exceed-EGP-1bn-in-9M-22-23/,,500605000.0,7093209000.0,19289281000.0,1402364733.0,,12196072000.0,,1986578999.0
EGCH,2023-06-30,2023-08-21,FY 2023,EGP,https://english.mubasher.info/news/4173490/Kima-records-83-leap-in-FY22-23-net-profits/,,1150767000.0,7249636000.0,18727840000.0,2749700020.0,,11478204000.0,,1986578999.0
EGCH,2023-06-30,2023-08-29,Q4 2022,EGP,https://english.mubasher.info/markets/EGX/stocks/EGCH/financial-statements,,169538000.0,4891229000.0,13801769000.0,58794481.0,,8910540000.0,,1986578999.0
EGCH,2023-09-30,2023-11-23,Q1 2024,EGP,https://english.mubasher.info/news/4218821/Kima-sees-lower-profits-at-EGP-350-5m-in-Q1-23-24/,,350468000.0,8502495000.0,19989725000.0,198401222.0,,11487230000.0,,1986578999.0
EGCH,2023-12-31,2024-02-22,Q2 2024,EGP,https://english.mubasher.info/news/4250878/Kima-s-profits-fall-15-in-H1-23-24/,,163148000.0,9268384000.0,21585698000.0,1091344444.0,,12317314000.0,,1986578999.0
EGCH,2024-03-31,2024-06-13,Q3 2024,EGP,https://english.mubasher.info/news/4303901/Kima-sees-plunge-in-9M-23-24-net-profits/,,-411336000.0,8383047000.0,25852368000.0,1003741584.0,,17469321000.0,,1986578999.0
EGCH,2024-06-30,2024-08-29,Q4 2023,EGP,https://english.mubasher.info/markets/EGX/stocks/EGCH/financial-statements,,45716000.0,7249636000.0,18727840000.0,119062123.0,,11478204000.0,,1986578999.0
EGCH,2024-06-30,2024-10-17,FY 2024,EGP,https://english.mubasher.info/news/4354860/Kima-s-net-profits-hit-EGP-2-5bn-in-FY23-24/,,2537934000.0,14560104000.0,29161022000.0,2292474821.0,,14600918000.0,,1986578999.0
EGCH,2025-03-31,2025-06-03,Q3 2025,EGP,https://english.mubasher.info/news/4458083/Kima-registers-over-EGP-811-5m-profits-in-9M-24-25/,,1518000.0,15203959000.0,30867432000.0,,,15663473000.0,,1986578999.0
EGCH,2025-06-30,2025-08-29,Q4 2024,EGP,https://english.mubasher.info/markets/EGX/stocks/EGCH/financial-statements,,2435654000.0,14560104000.0,29161022000.0,-1012429.0,,14600918000.0,,1986578999.0
EGCH,2025-09-30,2025-11-29,Q1 2025,EGP,https://english.mubasher.info/markets/EGX/stocks/EGCH/financial-statements,,38171000.0,14786800000.0,30465483000.0,568208616.0,,15678683000.0,,1986578999.0
EGCH,2025-12-31,2026-03-01,Q2 2025,EGP,https://english.mubasher.info/markets/EGX/stocks/EGCH/financial-statements,,771966000.0,14885803000.0,30348082000.0,,,15462279000.0,,1986578999.0
EMFD,2021-03-31,2021-05-30,Q1 2021,EGP,https://english.mubasher.info/markets/EGX/stocks/EMFD/financial-statements,,529120460.0,18748283617.0,56013658601.0,143974964.0,,37265374984.0,,5446929384.0
EMFD,2021-06-30,2021-08-29,Q2 2021,EGP,https://english.mubasher.info/markets/EGX/stocks/EMFD/financial-statements,,801067166.0,19549350783.0,57289924207.0,-510691292.0,,37740573424.0,,5446929384.0
EMFD,2021-09-30,2021-11-02,Q3 2021,EGP,https://english.mubasher.info/news/3870853/Emaar-Misr-for-Development-s-9M-profit-surges-138-/,,1483949496.0,21033300279.0,60262606801.0,249739704.0,,39229306522.0,,5446929384.0
EMFD,2021-12-31,2022-03-01,Q4 2021,EGP,https://english.mubasher.info/markets/EGX/stocks/EMFD/financial-statements,,1305382996.0,22338683275.0,62786351674.0,1010389135.0,,40447668399.0,,5446929384.0
EMFD,2021-12-31,2022-03-31,FY 2021,EGP,https://english.mubasher.info/markets/EGX/stocks/EMFD/financial-statements,,4119520118.0,22338683275.0,62786351674.0,893412511.0,,40447668399.0,,5446929384.0
EMFD,2022-03-31,2022-05-29,Q1 2022,EGP,https://english.mubasher.info/news/3964203/Emaar-Misr-for-Development-records-surge-in-Q1-22/,,1581608024.0,23920291299.0,66039247082.0,-59757258.0,,42118955783.0,,5446929384.0
EMFD,2022-06-30,2022-08-15,Q2 2022,EGP,https://english.mubasher.info/news/3997465/Emaar-Misr-s-profits-skyrocket-to-EGP-3-08bn-in-H1-22/,,1498478346.0,25418769645.0,67977194247.0,-736964397.0,,42558424602.0,,5446929384.0
EMFD,2022-09-30,2022-11-17,Q3 2022,EGP,https://english.mubasher.info/news/4041375/Emaar-Misr-s-profits-hike-to-EGP-4-89bn-in-9M-22/,,1818725589.0,27237495234.0,72215071939.0,213473655.0,,44977576705.0,,5446929384.0
EMFD,2022-12-31,2023-03-01,Q4 2022,EGP,https://english.mubasher.info/markets/EGX/stocks/EMFD/financial-statements,,1664504681.0,28901992415.0,74378392704.0,2635431180.0,,45476400289.0,,5446929384.0
EMFD,2022-12-31,2023-03-31,FY 2022,EGP,https://english.mubasher.info/markets/EGX/stocks/EMFD/financial-statements,,6563316640.0,28901992415.0,74378392704.0,2052183180.0,,45476400289.0,,5446929384.0
EMFD,2023-03-31,2023-06-01,Q1 2023,EGP,https://english.mubasher.info/news/4136682/Emaar-Misr-s-net-profits-hike-to-EGP-2-22bn-in-Q1-23/,,2226439819.0,31128432234.0,77966672028.0,505710894.0,,46838239794.0,,5446929384.0
EMFD,2023-06-30,2023-08-29,Q2 2023,EGP,https://english.mubasher.info/markets/EGX/stocks/EMFD/financial-statements,,1262512192.0,32390944426.0,79873219144.0,-1173228955.0,,47482274718.0,,5446929384.0
EMFD,2023-09-30,2023-11-16,Q3 2023,EGP,https://english.mubasher.info/news/4216496/Emaar-Misr-achieves-EGP-4-98bn-consolidated-profits-in-9M-23/,,1499068027.0,33890012953.0,82869576318.0,402601016.0,,48979563365.0,,5446929384.0
EMFD,2023-12-31,2024-02-29,Q4 2023,EGP,https://english.mubasher.info/markets/EGX/stocks/EMFD/financial-statements,,1823766748.0,35713779701.0,87265234405.0,-454546132.0,,51551454704.0,,5446929384.0
EMFD,2023-12-31,2024-03-30,FY 2023,EGP,https://english.mubasher.info/markets/EGX/stocks/EMFD/financial-statements,,6811786786.0,35713779701.0,87265234405.0,-719463177.0,,51551454704.0,,5446929384.0
EMFD,2024-03-31,2024-05-14,Q1 2024,EGP,https://english.mubasher.info/news/4290192/Emaar-Misr-s-consolidated-profit-leaps-to-EGP-5-7bn-in-Q1-24/,,5732446482.0,41446226183.0,95895717660.0,287870553.0,,54449491477.0,,5446929384.0
EMFD,2024-06-30,2024-08-18,Q2 2024,EGP,https://english.mubasher.info/news/4330033/Emaar-Misr-records-higher-net-profits-in-H1-24-assets-hit-EGP-98-6bn/,,1913915056.0,43360141989.0,98796371366.0,595034825.0,,55436229377.0,,5446929384.0
EMFD,2024-09-30,2024-11-18,Q3 2024,EGP,https://english.mubasher.info/news/4370262/Emaar-Misr-s-consolidated-profits-leap-to-EGP-10-3bn-in-9M-24/,,2698181293.0,46058323282.0,102524478450.0,819138.0,,56466155168.0,,5446929384.0
EMFD,2024-12-31,2025-03-01,Q4 2024,EGP,https://english.mubasher.info/markets/EGX/stocks/EMFD/financial-statements,,5060263568.0,60733631186.0,148521400975.0,11393450634.0,,87787769789.0,,5446929384.0
EMFD,2024-12-31,2025-03-02,FY 2024,EGP,https://english.mubasher.info/news/4408502/Emaar-Misr-records-EGP-15-4bn-consolidated-profits-in-2024/,,15404806399.0,60733631186.0,148521400975.0,12277175150.0,,87787769789.0,,5446929384.0
EMFD,2025-03-31,2025-05-18,Q1 2025,EGP,https://english.mubasher.info/news/4450933/Emaar-Misr-s-consolidated-net-profits-retreat-to-EGP-3-3bn-in-Q1-25/,,3327111689.0,64060742877.0,157877050862.0,2142506566.0,,93816307985.0,,5446929384.0
EMFD,2025-06-30,2025-08-18,Q2 2025,EGP,https://english.mubasher.info/news/4487800/Emaar-Misr-posts-49-lower-consolidated-profits-in-H1-25-sales-surpass-EGP-9-2bn/,,587524957.0,64648267832.0,,,,,,5446929384.0
EMFD,2025-09-30,2025-11-17,Q3 2025,EGP,https://english.mubasher.info/news/4525192/Emaar-Misr-s-consolidated-net-profits-drop-to-EGP-4-2bn-in-9M-25/,,378120200.0,65026388032.0,,,,,,5446929384.0
EMFD,2025-12-31,2026-03-01,Q4 2025,EGP,https://english.mubasher.info/markets/EGX/stocks/EMFD/financial-statements,,1252136398.0,66278524430.0,,,,,,5446929384.0
EMFD,2025-12-31,2026-03-31,FY 2025,EGP,http://data.feedgfm.com/mix2/DCMServiceProvider?ROLE=A&RT=87&ID=EDC45C2B-427A-40E2-8A81-3C8EF5651FF8.pdf,,5544893244.0,66278524430.0,192020198539.0,9343446570.0,,125741674109.0,,5446929384.0
ETEL,2021-03-31,2021-05-30,Q1 2021,EGP,https://english.mubasher.info/markets/EGX/stocks/ETEL/financial-statements,,2124245000.0,38551265000.0,87787366000.0,3407992000.0,,49236101000.0,,1707071600.0
ETEL,2021-06-30,2021-08-29,Q2 2021,EGP,https://english.mubasher.info/markets/EGX/stocks/ETEL/financial-statements,,1747414000.0,40012278000.0,86534130000.0,4918104000.0,,46521852000.0,,1707071600.0
ETEL,2021-09-30,2021-11-29,Q3 2021,EGP,https://english.mubasher.info/markets/EGX/stocks/ETEL/financial-statements,,2226699000.0,42233757000.0,84506025000.0,3908675000.0,,42272268000.0,,1707071600.0
ETEL,2021-12-31,2022-03-01,Q4 2021,EGP,https://english.mubasher.info/markets/EGX/stocks/ETEL/financial-statements,,2318709000.0,44329560000.0,90684342000.0,3780716000.0,,46354782000.0,,1707071600.0
ETEL,2021-12-31,2022-03-31,FY 2021,EGP,https://english.mubasher.info/markets/EGX/stocks/ETEL/financial-statements,,8417067000.0,44329560000.0,90684342000.0,16015487000.0,,46354782000.0,,1707071600.0
ETEL,2022-03-31,2022-05-30,Q1 2022,EGP,https://english.mubasher.info/markets/EGX/stocks/ETEL/financial-statements,,1366353000.0,41669553000.0,99539149000.0,2622254000.0,,57869596000.0,,1707071600.0
ETEL,2022-06-30,2022-08-29,Q2 2022,EGP,https://english.mubasher.info/markets/EGX/stocks/ETEL/financial-statements,,2415340000.0,43952599000.0,96126969000.0,5675117000.0,,52174370000.0,,1707071600.0
ETEL,2022-09-30,2022-11-29,Q3 2022,EGP,https://english.mubasher.info/markets/EGX/stocks/ETEL/financial-statements,,2388793000.0,46390780000.0,99816597000.0,1472444000.0,,53425817000.0,,1707071600.0
ETEL,2022-12-31,2023-03-01,Q4 2022,EGP,https://english.mubasher.info/markets/EGX/stocks/ETEL/financial-statements,,3011698000.0,46267850000.0,119893950000.0,4818612000.0,,73626100000.0,,1707071600.0
ETEL,2022-12-31,2023-03-31,FY 2022,EGP,https://english.mubasher.info/markets/EGX/stocks/ETEL/financial-statements,,9182184000.0,46267850000.0,119893950000.0,14588427000.0,,73626100000.0,,1707071600.0
ETEL,2023-03-31,2023-05-30,Q1 2023,EGP,https://english.mubasher.info/markets/EGX/stocks/ETEL/financial-statements,,3813370000.0,43383345000.0,132802053000.0,5786900000.0,,89418708000.0,,1707071600.0
ETEL,2023-06-30,2023-08-29,Q2 2023,EGP,https://english.mubasher.info/markets/EGX/stocks/ETEL/financial-statements,,2882163000.0,45967297000.0,148366149000.0,4748510000.0,,88665502000.0,,1707071600.0
ETEL,2023-09-30,2023-11-29,Q3 2023,EGP,https://english.mubasher.info/markets/EGX/stocks/ETEL/financial-statements,,2452605000.0,48690003000.0,137959992000.0,832734000.0,,89269989000.0,,1707071600.0
ETEL,2023-12-31,2024-02-29,Q4 2023,EGP,https://english.mubasher.info/markets/EGX/stocks/ETEL/financial-statements,,2317379000.0,50884932000.0,150640094000.0,5574798000.0,,99755162000.0,,1707071600.0
ETEL,2023-12-31,2024-03-04,FY 2023,EGP,https://english.mubasher.info/news/4255576/Telecom-Egypt-s-consolidated-profits-leap-to-EGP-11-4bn-in-2023/,,11465517000.0,50884932000.0,150640094000.0,16942942000.0,,99755162000.0,,1707071600.0
ETEL,2024-03-31,2024-05-30,Q1 2024,EGP,https://english.mubasher.info/news/4297570/Telecom-Egypt-s-consolidated-net-profit-rises-2-YoY-in-Q1-24/,,3882064000.0,40779193000.0,176802358000.0,8618404000.0,,136023165000.0,,1707071600.0
ETEL,2024-06-30,2024-08-15,Q2 2024,EGP,https://english.mubasher.info/news/4329269/Telecom-Egypt-s-consolidated-profits-hit-EGP-6-5bn-in-H1-24/,,2629353000.0,43462764000.0,184869267000.0,4285715000.0,,141406503000.0,,1707071600.0
ETEL,2024-09-30,2024-11-17,Q3 2024,EGP,https://english.mubasher.info/news/4369545/Telecom-Egypt-s-consolidated-revenues-exceed-EGP-58-4bn-in-9M-24/,,2125680000.0,45373059000.0,190690428000.0,2114893000.0,,145317369000.0,,1707071600.0
ETEL,2024-12-31,2025-02-27,FY 2024,EGP,https://english.mubasher.info/news/4408173/Telecom-Egypt-records-14-drop-in-consolidated-profits-during-2024/,,10098140000.0,45937991000.0,197952788000.0,21520220000.0,,152014797000.0,,1707071600.0
ETEL,2024-12-31,2025-03-01,Q4 2024,EGP,https://english.mubasher.info/markets/EGX/stocks/ETEL/financial-statements,,1461043000.0,45937991000.0,197952788000.0,6501208000.0,,152014797000.0,,1707071600.0
ETEL,2025-03-31,2025-05-13,Q1 2025,EGP,https://english.mubasher.info/news/4448261/Telecom-Egypt-records-EGP-4-6bn-consolidated-profits-in-Q1-25/,,4645741000.0,46092422000.0,204933350000.0,7693954000.0,,158840928000.0,,1707071600.0
ETEL,2025-06-30,2025-08-17,Q2 2025,EGP,https://english.mubasher.info/news/4487237/Telecom-Egypt-s-consolidated-profits-jump-to-EGP-10-5bn-in-H1-25/,,5861703000.0,51743693000.0,,,,,,1707071600.0
ETEL,2025-09-30,2025-11-17,Q3 2025,EGP,https://english.mubasher.info/news/4524965/Telecom-Egypt-records-higher-net-profits-in-9M-25-consolidated-revenues-hit-EGP-78bn/,,6463538000.0,58121318000.0,,,,,,1707071600.0
ETEL,2025-12-31,2026-03-01,Q4 2025,EGP,https://english.mubasher.info/markets/EGX/stocks/ETEL/financial-statements,,5583650000.0,63687826000.0,,,,,,1707071600.0
ETEL,2025-12-31,2026-03-31,FY 2025,EGP,http://data.feedgfm.com/mix2/DCMServiceProvider?ROLE=A&RT=87&ID=F70B9BE9-D0F2-4C10-AD85-CFC1FA7379AF.pdf,,22554632000.0,63687826000.0,225882527000.0,37623546000.0,,162194701000.0,,1707071600.0
FWRY,2020-12-31,2021-03-31,FY 2020,EGP,https://english.mubasher.info/markets/EGX/stocks/FWRY/financial-statements,,186234037.0,796904214.0,2431520322.0,545784276.0,,1634616108.0,,3406523244.0
FWRY,2021-03-31,2021-05-30,Q1 2021,EGP,https://english.mubasher.info/markets/EGX/stocks/FWRY/financial-statements,,76145827.0,894658960.0,2598922478.0,256808555.0,,1704263518.0,,3406523244.0
FWRY,2021-06-30,2021-08-29,Q2 2021,EGP,https://english.mubasher.info/markets/EGX/stocks/FWRY/financial-statements,,37154945.0,1321041974.0,3615679503.0,61687590.0,,2294637529.0,,3406523244.0
FWRY,2021-09-30,2021-11-29,Q3 2021,EGP,https://english.mubasher.info/markets/EGX/stocks/FWRY/financial-statements,,36089447.0,1397917177.0,3798751652.0,477951099.0,,2400834475.0,,3406523244.0
FWRY,2021-12-31,2022-03-01,Q4 2021,EGP,https://english.mubasher.info/markets/EGX/stocks/FWRY/financial-statements,,27787323.0,1458019334.0,4124074928.0,-155870815.0,,2666055594.0,,3406523244.0
FWRY,2021-12-31,2022-03-31,FY 2021,EGP,https://english.mubasher.info/markets/EGX/stocks/FWRY/financial-statements,,177177542.0,1458019334.0,4124074928.0,640576429.0,,2666055594.0,,3406523244.0
FWRY,2022-03-31,2022-05-30,Q1 2022,EGP,https://english.mubasher.info/markets/EGX/stocks/FWRY/financial-statements,,28155979.0,1469796812.0,4525386212.0,143019901.0,,3055589400.0,,3406523244.0
FWRY,2022-06-30,2022-08-29,Q2 2022,EGP,https://english.mubasher.info/markets/EGX/stocks/FWRY/financial-statements,,24144632.0,2317654636.0,5947187811.0,729624068.0,,3629533175.0,,3406523244.0
FWRY,2022-09-30,2022-11-29,Q3 2022,EGP,https://english.mubasher.info/markets/EGX/stocks/FWRY/financial-statements,,71766064.0,2447685304.0,6003795172.0,-796076.0,,3556109868.0,,3406523244.0
FWRY,2022-12-31,2023-03-01,Q4 2022,EGP,https://english.mubasher.info/markets/EGX/stocks/FWRY/financial-statements,,115987645.0,2595244934.0,6423757906.0,439524048.0,,3828512972.0,,3406523244.0
FWRY,2022-12-31,2023-03-31,FY 2022,EGP,https://english.mubasher.info/markets/EGX/stocks/FWRY/financial-statements,,240054320.0,2595244934.0,6423757906.0,1311371941.0,,3828512972.0,,3406523244.0
FWRY,2023-03-31,2023-05-30,Q1 2023,EGP,https://english.mubasher.info/markets/EGX/stocks/FWRY/financial-statements,,123282266.0,2700486112.0,6798149000.0,260392242.0,,4097662888.0,,3406523244.0
FWRY,2023-06-30,2023-08-29,Q2 2023,EGP,https://english.mubasher.info/markets/EGX/stocks/FWRY/financial-statements,,159774271.0,2882286633.0,8469302418.0,1507109288.0,,5587015785.0,,3406523244.0
FWRY,2023-09-30,2023-11-29,Q3 2023,EGP,https://english.mubasher.info/markets/EGX/stocks/FWRY/financial-statements,,203484968.0,3174049433.0,9339090004.0,596585177.0,,6165040571.0,,3406523244.0
FWRY,2023-12-31,2024-02-29,Q4 2023,EGP,https://english.mubasher.info/markets/EGX/stocks/FWRY/financial-statements,,228797186.0,3469848632.0,8971583645.0,-365989757.0,,5501735013.0,,3406523244.0
FWRY,2023-12-31,2024-03-30,FY 2023,EGP,https://english.mubasher.info/markets/EGX/stocks/FWRY/financial-statements,,715338691.0,3469848632.0,8971583645.0,1998096950.0,,5501735013.0,,3406523244.0
FWRY,2024-03-31,2024-05-14,Q1 2024,EGP,https://english.mubasher.info/news/4289940/Fawry-s-consolidated-profit-jumps-to-EGP-334m-in-Q1-24/,,307089863.0,3763027717.0,8978338544.0,-342022165.0,,5215310827.0,,3406523244.0
FWRY,2024-06-30,2024-08-15,Q2 2024,EGP,https://english.mubasher.info/news/4329333/Fawry-sees-111-higher-consolidated-net-profits-in-H1-24/,,321681770.0,4023583298.0,13140675517.0,3964773267.0,,9117092219.0,,3406523244.0
FWRY,2024-09-30,2024-11-18,Q3 2024,EGP,https://english.mubasher.info/news/4370250/Fawry-records-EGP-1-1bn-profits-in-9M-24-revenues-jump-66-/,,477772182.0,4592597948.0,11438929775.0,-2720049035.0,,6846331827.0,,3406523244.0
FWRY,2024-12-31,2025-03-01,Q4 2024,EGP,https://english.mubasher.info/markets/EGX/stocks/FWRY/financial-statements,,500107877.0,5162996252.0,13256776370.0,968694597.0,,8093780118.0,,3406523244.0
FWRY,2024-12-31,2025-03-31,FY 2024,EGP,https://english.mubasher.info/markets/EGX/stocks/FWRY/financial-statements,,1606651692.0,5162996252.0,13256776370.0,1871396664.0,,8093780118.0,,3406523244.0
FWRY,2025-03-31,2025-05-18,Q1 2025,EGP,https://english.mubasher.info/news/4450577/Fawry-delivers-strong-financial-growth-in-Q1-25-via-97-higher-profits/,,605378111.0,5518215079.0,20304064269.0,6042350122.0,,14785849190.0,,3406523244.0
FWRY,2025-06-30,2025-08-17,Q2 2025,EGP,https://english.mubasher.info/news/4487193/Fawry-s-consolidated-profits-skyrocket-by-nearly-100-in-H1-25/,,403901398.0,5383350305.0,12855655363.0,-4670536370.0,,7472305058.0,,3406523244.0
FWRY,2025-09-30,2025-11-18,Q3 2025,EGP,https://english.mubasher.info/news/4525572/Fawry-records-EGP-2bn-profits-in-9M-25-total-transactions-jump-7-/,,1026302.547,,,,,,,3406523244.0
GBCO,2020-12-31,2021-03-31,FY 2020,EGP,https://english.mubasher.info/markets/EGX/stocks/GBCO/financial-statements,,916955000.0,6116748000.0,24592330000.0,2097366000.0,,18475582000.0,,1085500000.0
GBCO,2021-03-31,2021-05-30,Q1 2021,EGP,https://english.mubasher.info/markets/EGX/stocks/GBCO/financial-statements,,298850000.0,6203865000.0,27789371000.0,113714000.0,,21585506000.0,,1085500000.0
GBCO,2021-06-30,2021-08-29,Q2 2021,EGP,https://english.mubasher.info/markets/EGX/stocks/GBCO/financial-statements,,374249000.0,6466417000.0,29668051000.0,512075000.0,,23201634000.0,,1085500000.0
GBCO,2021-09-30,2021-11-29,Q3 2021,EGP,https://english.mubasher.info/markets/EGX/stocks/GBCO/financial-statements,,332392000.0,7136841000.0,32649883000.0,415512000.0,,25513042000.0,,1085500000.0
GBCO,2021-12-31,2022-03-01,Q4 2021,EGP,https://english.mubasher.info/markets/EGX/stocks/GBCO/financial-statements,,472462000.0,7565028000.0,32108061000.0,-70938000.0,,24543033000.0,,1085500000.0
GBCO,2021-12-31,2022-03-31,FY 2021,EGP,https://english.mubasher.info/markets/EGX/stocks/GBCO/financial-statements,,1477953000.0,7565028000.0,32108061000.0,970363000.0,,24543033000.0,,1085500000.0
GBCO,2022-03-31,2022-05-30,Q1 2022,EGP,https://english.mubasher.info/markets/EGX/stocks/GBCO/financial-statements,,229394000.0,8310699000.0,35626583000.0,1207623000.0,,27315884000.0,,1085500000.0
GBCO,2022-06-30,2022-08-29,Q2 2022,EGP,https://english.mubasher.info/markets/EGX/stocks/GBCO/financial-statements,,490470000.0,8619456000.0,33671343000.0,319595000.0,,25051887000.0,,1085500000.0
GBCO,2022-09-30,2022-11-29,Q3 2022,EGP,https://english.mubasher.info/markets/EGX/stocks/GBCO/financial-statements,,550662000.0,9407261000.0,35429298000.0,1988906000.0,,26022037000.0,,1085500000.0
GBCO,2022-12-31,2023-02-27,FY 2022,EGP,https://english.mubasher.info/news/4081307/GB-Auto-records-EGP-10-53bn-consolidated-profits-in-2022/,,9984958000.0,17460749000.0,34617566000.0,6938200000.0,,17156817000.0,,1085500000.0
GBCO,2022-12-31,2023-03-01,Q4 2022,EGP,https://english.mubasher.info/markets/EGX/stocks/GBCO/financial-statements,,8714432000.0,17460749000.0,34617566000.0,3422076000.0,,17156817000.0,,1085500000.0
GBCO,2023-03-31,2023-05-28,Q1 2023,EGP,https://english.mubasher.info/news/4132366/GB-Corp-s-net-profits-shrink-in-Q1-23/,,107693000.0,19658690000.0,37470291000.0,-783239000.0,,17811601000.0,,1085500000.0
GBCO,2023-06-30,2023-08-17,Q2 2023,EGP,https://english.mubasher.info/news/4172199/GB-Corp-witnesses-40-lower-consolidated-profits-in-H1-23-reports-standalone-losses/,,500559000.0,20196248000.0,40418908000.0,-49250000.0,,20222660000.0,,1085500000.0
GBCO,2023-09-30,2023-11-19,Q3 2023,EGP,https://english.mubasher.info/news/4217153/GB-Corp-s-consolidated-profits-down-to-EGP-1-35bn-in-9M-23/,,662457000.0,20877993000.0,44198957000.0,3667459000.0,,23320964000.0,,1085500000.0
GBCO,2023-12-31,2024-02-29,Q4 2023,EGP,https://english.mubasher.info/markets/EGX/stocks/GBCO/financial-statements,,620018000.0,21201614000.0,42585218000.0,-2010339000.0,,21383604000.0,,1085500000.0
GBCO,2023-12-31,2024-03-30,FY 2023,EGP,https://english.mubasher.info/markets/EGX/stocks/GBCO/financial-statements,,1890727000.0,21201614000.0,42585218000.0,824631000.0,,21383604000.0,,1085500000.0
GBCO,2024-03-31,2024-05-30,Q1 2024,EGP,https://english.mubasher.info/news/4297389/GB-Corp-s-profits-skyrocket-in-Q1-24-revenues-hit-EGP-9bn/,,626333000.0,24307015000.0,53297321000.0,2178309000.0,,28990306000.0,,1085500000.0
GBCO,2024-06-30,2024-08-18,Q2 2024,EGP,https://english.mubasher.info/news/4330177/GB-Corp-registers-EGP-1-1bn-consolidated-profits-in-H1-24/,,421852000.0,25067054000.0,59708772000.0,-2045197000.0,,34641718000.0,,1085500000.0
GBCO,2024-09-30,2024-11-18,Q3 2024,EGP,https://english.mubasher.info/news/4370221/GB-Corp-sees-41-higher-net-profits-in-9M-24-sales-reach-EGP-35-4bn/,,746014000.0,25919929000.0,65832226000.0,1383563000.0,,39912297000.0,,1085500000.0
GBCO,2024-12-31,2025-03-01,Q4 2024,EGP,https://english.mubasher.info/markets/EGX/stocks/GBCO/financial-statements,,1133922000.0,27416919000.0,72725003000.0,49409000.0,,45308084000.0,,1085500000.0
GBCO,2024-12-31,2025-03-31,FY 2024,EGP,https://english.mubasher.info/markets/EGX/stocks/GBCO/financial-statements,,2928121000.0,27416919000.0,72725003000.0,1566084000.0,,45308084000.0,,1085500000.0
GBCO,2025-03-31,2025-05-30,Q1 2025,EGP,https://english.mubasher.info/markets/EGX/stocks/GBCO/financial-statements,,626522000.0,27495730000.0,76520469000.0,356050000.0,,49024739000.0,,1085500000.0
GBCO,2025-06-30,2025-08-17,Q2 2025,EGP,https://english.mubasher.info/news/4487197/GB-Corp-s-net-sales-leap-87-in-H1-25-profits-exceed-EGP-1-6bn/,,1046099000.0,28264768000.0,83595804000.0,-2423194000.0,,55331036000.0,,1085500000.0
GBCO,2025-09-30,2025-11-17,Q3 2025,EGP,https://english.mubasher.info/news/4525306/GB-Corp-logs-EGP-2-4bn-net-profits-in-9M-25/,,750497000.0,28981200000.0,86089809000.0,1280667000.0,,57108609000.0,,1085500000.0
HELI,2020-12-31,2021-03-31,FY 2020,EGP,https://english.mubasher.info/markets/EGX/stocks/HELI/financial-statements,,365556657.0,1056263044.9999999,5124879030.0,-67826715.0,,4068615985.0,,1335085200.0
HELI,2021-03-31,2021-04-28,Q3 2021,EGP,https://english.mubasher.info/news/3799671/Heliopolis-Housing-s-profit-sinks-96-in-nine-months/,,100831610.0,755616986.0,4996386425.0,153397789.0,,4240769439.0,,1335085200.0
HELI,2021-03-31,2021-05-30,Q1 2021,EGP,https://english.mubasher.info/markets/EGX/stocks/HELI/financial-statements,,-41236240.0,1015026805.0,4990826319.0,100638780.0,,3975799514.0,,1335085200.0
HELI,2021-06-30,2021-08-29,Q2 2021,EGP,https://english.mubasher.info/markets/EGX/stocks/HELI/financial-statements,,-43342714.0,654490600.0,4907887860.0,-27831926.0,,4253397260.0,,1335085200.0
HELI,2021-06-30,2021-08-30,FY 2021,EGP,https://english.mubasher.info/news/3847705/Heliopolis-Housing-s-profit-falls-48-in-FY20-21-unaudited-financials/,,180150806.0,902870578.0,4375664206.0,491956431.0,,3472793628.0,,1335085200.0
HELI,2021-12-31,2022-03-01,Q4 2021,EGP,https://english.mubasher.info/markets/EGX/stocks/HELI/financial-statements,,163898150.0,902870578.0,4375664206.0,265751788.0,,3472793628.0,,1335085200.0
HELI,2022-03-31,2022-05-30,Q1 2022,EGP,https://english.mubasher.info/markets/EGX/stocks/HELI/financial-statements,,-75197864.0,826074337.0,4129984988.0,104745179.0,,3303910651.0,,1335085200.0
HELI,2022-06-30,2022-08-29,Q2 2022,EGP,https://english.mubasher.info/markets/EGX/stocks/HELI/financial-statements,,91262783.0,763696620.0,4200140514.0,63359627.0,,3436443894.0,,1335085200.0
HELI,2022-09-30,2022-11-29,Q3 2022,EGP,https://english.mubasher.info/markets/EGX/stocks/HELI/financial-statements,,3170267.0,764588166.0,4098879110.0,-103994818.0,,3334290944.0,,1335085200.0
HELI,2022-12-31,2023-03-01,Q4 2022,EGP,https://english.mubasher.info/markets/EGX/stocks/HELI/financial-statements,,619434709.0,1157804633.0,4941090215.0,546048807.0,,3783285582.0,,1335085200.0
HELI,2022-12-31,2023-03-31,FY 2022,EGP,http://data.feedgfm.com/mix2/DCMServiceProvider?ROLE=A&RT=87&ID=2EA95028-4313-4B00-9243-38D7442C260C.pdf,,638669895.0,1157804633.0,4941090215.0,610158795.0,,3783285582.0,,1335085200.0
HELI,2023-03-31,2023-05-30,Q1 2023,EGP,https://english.mubasher.info/markets/EGX/stocks/HELI/financial-statements,,671061292.0,1397760518.0,5163392548.0,768083754.0,,3765632030.0,,1335085200.0
HELI,2023-06-30,2023-08-29,Q2 2023,EGP,https://english.mubasher.info/markets/EGX/stocks/HELI/financial-statements,,-67821311.0,784076126.0,4853970174.0,-146957169.0,,4069894048.0,,1335085200.0
HELI,2023-09-30,2023-11-29,Q3 2023,EGP,https://english.mubasher.info/markets/EGX/stocks/HELI/financial-statements,,-595161877.0,783807049.0,4537454849.0,-458344460.0,,3753647800.0,,1335085200.0
HELI,2023-12-31,2024-02-29,Q4 2023,EGP,https://english.mubasher.info/markets/EGX/stocks/HELI/financial-statements,,7800732904.0,8762097994.0,15814549378.0,10338237181.0,,7052451384.0,,1335085200.0
HELI,2023-12-31,2024-03-30,FY 2023,EGP,https://english.mubasher.info/markets/EGX/stocks/HELI/financial-statements,,7808811008.0,8762097994.0,15814549378.0,10501019306.0,,7052451384.0,,1335085200.0
HELI,2024-03-31,2024-05-30,Q1 2024,EGP,https://english.mubasher.info/markets/EGX/stocks/HELI/financial-statements,,748465574.0,9512270437.0,15601825589.0,33661702.0,,6089555152.0,,1335085200.0
HELI,2024-06-30,2024-08-29,Q2 2024,EGP,https://english.mubasher.info/markets/EGX/stocks/HELI/financial-statements,,650085870.0,8160190939.0,11932431261.0,-2596155817.0,,3772240322.0,,1335085200.0
HELI,2024-09-30,2024-11-29,Q3 2024,EGP,https://english.mubasher.info/markets/EGX/stocks/HELI/financial-statements,,347289005.0,8511729796.0,13361479500.0,609541932.0,,4849749704.0,,1335085200.0
HELI,2024-12-31,2025-03-01,Q4 2024,EGP,https://english.mubasher.info/markets/EGX/stocks/HELI/financial-statements,,813992118.0,9402789204.0,14379220551.0,-3471808293.0,,4976431347.0,,1335085200.0
HELI,2024-12-31,2025-03-31,FY 2024,EGP,https://english.mubasher.info/markets/EGX/stocks/HELI/financial-statements,,2559832567.0,9402789204.0,14379220551.0,-5424760476.0,,4976431347.0,,1335085200.0
HELI,2025-03-31,2025-05-30,Q1 2025,EGP,http://data.feedgfm.com/mix2/DCMServiceProvider?ROLE=A&RT=87&ID=416438C6-EF51-4323-8D27-BE0BE1CCBD92.pdf,,478056306.0,9843542922.0,14366271841.0,-622504153.0,,4522728919.0,,1335085200.0
HELI,2025-06-30,2025-08-29,Q2 2025,EGP,https://english.mubasher.info/markets/EGX/stocks/HELI/financial-statements,,162235090.0,,,,,,,1335085200.0
HELI,2025-09-30,2025-11-29,Q3 2025,EGP,http://data.feedgfm.com/mix2/DCMServiceProvider?ROLE=A&RT=87&ID=34135FAE-167E-436F-AD3D-6C5C3780AE92.pdf,,424784550.0,,,,,,,1335085200.0
HELI,2025-12-31,2026-03-01,Q4 2025,EGP,https://english.mubasher.info/markets/EGX/stocks/HELI/financial-statements,,1640248.135,,,,,,,1335085200.0
HRHO,2020-12-31,2021-03-31,FY 2020,EGP,https://english.mubasher.info/markets/EGX/stocks/HRHO/financial-statements,,1305403129.0,13937943185.0,38741009651.0,-2158464669.0,,24803066466.0,,1459681418.0
HRHO,2021-03-31,2021-05-30,Q1 2021,EGP,https://english.mubasher.info/markets/EGX/stocks/HRHO/financial-statements,,291709329.0,14195654847.0,41287874121.0,-86989432.0,,27092219274.0,,1459681418.0
HRHO,2021-06-30,2021-08-29,Q2 2021,EGP,https://english.mubasher.info/markets/EGX/stocks/HRHO/financial-statements,,406347373.0,14493944041.0,45429871196.0,-768981787.0,,30935927155.0,,1459681418.0
HRHO,2021-09-30,2021-11-29,Q3 2021,EGP,https://english.mubasher.info/markets/EGX/stocks/HRHO/financial-statements,,355984984.0,14820410904.0,49568001174.0,2441133715.0,,34747590270.0,,1459681418.0
HRHO,2021-12-31,2022-03-01,Q4 2021,EGP,https://english.mubasher.info/markets/EGX/stocks/HRHO/financial-statements,,402436156.0,17306289975.0,96594728844.0,-8622831831.0,,79288438869.0,,1459681418.0
HRHO,2021-12-31,2022-03-31,FY 2021,EGP,https://english.mubasher.info/markets/EGX/stocks/HRHO/financial-statements,,1456477842.0,17306289975.0,96594728844.0,-7037669335.0,,79288438869.0,,1459681418.0
HRHO,2022-03-31,2022-05-30,Q1 2022,EGP,https://english.mubasher.info/markets/EGX/stocks/HRHO/financial-statements,,345278279.0,18502372919.0,100033992748.0,421651890.0,,81531619829.0,,1459681418.0
HRHO,2022-06-30,2022-08-29,Q2 2022,EGP,https://english.mubasher.info/markets/EGX/stocks/HRHO/financial-statements,,343819675.0,19062935032.0,99176801786.0,3060014627.0,,80113866754.0,,1459681418.0
HRHO,2022-09-30,2022-11-29,Q3 2022,EGP,https://english.mubasher.info/markets/EGX/stocks/HRHO/financial-statements,,337258295.0,19447008378.0,97151042890.0,4508887643.0,,77704034512.0,,1459681418.0
HRHO,2022-12-31,2023-03-01,Q4 2022,EGP,https://english.mubasher.info/markets/EGX/stocks/HRHO/financial-statements,,813359407.0,22376101967.0,105509539526.0,3750631181.0,,83133437559.0,,1459681418.0
HRHO,2022-12-31,2023-03-31,FY 2022,EGP,https://english.mubasher.info/markets/EGX/stocks/HRHO/financial-statements,,1839715656.0,22376101967.0,105509539526.0,11741185341.0,,83133437559.0,,1459681418.0
HRHO,2023-03-31,2023-05-30,Q1 2023,EGP,https://english.mubasher.info/markets/EGX/stocks/HRHO/financial-statements,,884566907.0,25076371543.0,115123217399.0,790998337.0,,90046845856.0,,1459681418.0
HRHO,2023-06-30,2023-08-29,Q2 2023,EGP,http://data.feedgfm.com/mix2/DCMServiceProvider?ROLE=A&RT=87&ID=33874FD3-A248-495D-BA9E-8C3E0A24989E.pdf,,404650633.0,25285568030.0,114217628009.0,-6236741851.0,,88932059979.0,,1459681418.0
HRHO,2023-09-30,2023-11-29,Q3 2023,EGP,https://english.mubasher.info/markets/EGX/stocks/HRHO/financial-statements,,-1287532843000.0,26419898000.0,122571658000.0,5448927880000.0,,96151760000.0,,1459681418.0
HRHO,2023-12-31,2024-02-29,Q4 2023,EGP,https://english.mubasher.info/markets/EGX/stocks/HRHO/financial-statements,,2496786303.0,27395929000.0,121907974000.0,-8607602366.0,,94512045000.0,,1459681418.0
HRHO,2023-12-31,2024-03-30,FY 2023,EGP,https://english.mubasher.info/markets/EGX/stocks/HRHO/financial-statements,,2498471000.0,27395929000.0,121907974000.0,-8604418000.0,,94512045000.0,,1459681418.0
HRHO,2024-03-31,2024-05-30,Q1 2024,EGP,https://english.mubasher.info/markets/EGX/stocks/HRHO/financial-statements,,1821399000.0,35125111000.0,170027789000.0,2571294000.0,,134902678000.0,,1459681418.0
HRHO,2024-06-30,2024-08-29,Q2 2024,EGP,https://english.mubasher.info/markets/EGX/stocks/HRHO/financial-statements,,790696000.0,36028010000.0,197157761000.0,-7556426000.0,,161129751000.0,,1459681418.0
HRHO,2024-09-30,2024-11-29,Q3 2024,EGP,https://english.mubasher.info/markets/EGX/stocks/HRHO/financial-statements,,697255000.0,37184204000.0,188710380000.0,5347015000.0,,151526176000.0,,1459681418.0
HRHO,2024-12-31,2025-03-01,Q4 2024,EGP,https://english.mubasher.info/markets/EGX/stocks/HRHO/financial-statements,,944620000.0,39367965000.0,186878411000.0,-13611913000.0,,147510446000.0,,1459681418.0
HRHO,2024-12-31,2025-03-31,FY 2024,EGP,https://english.mubasher.info/markets/EGX/stocks/HRHO/financial-statements,,4253970000.0,39367965000.0,186878411000.0,-13250030000.0,,147510446000.0,,1459681418.0
HRHO,2025-03-31,2025-05-30,Q1 2025,EGP,https://english.mubasher.info/markets/EGX/stocks/HRHO/financial-statements,,1204652000.0,40044950000.0,207150167000.0,-3501319000.0,,167105217000.0,,1459681418.0
ISPH,2021-03-31,2021-05-31,Q1 2021,EGP,https://english.mubasher.info/news/3813828/Ibnsina-Pharma-s-profit-inches-up-in-Q1-21/,,50373065.0,1392765052.0,9563017417.0,-345355774.0,,8170252365.0,,1008000000.0
ISPH,2021-06-30,2021-08-15,Q2 2021,EGP,https://english.mubasher.info/news/3842809/Ibnsina-Pharma-s-profit-up-18-in-H1-21/,,54620198.0,1420044578.0,9816063412.0,324898120.0,,8396018834.0,,1008000000.0
ISPH,2021-09-30,2021-11-14,Q3 2021,EGP,https://english.mubasher.info/news/3877218/Ibnsina-Pharma-s-profit-up-21-in-nine-months/,,137195871.0,1557241194.0,10668469514.0,-191016325.0,,9111228320.0,,1008000000.0
ISPH,2021-12-31,2022-03-01,Q4 2021,EGP,https://english.mubasher.info/markets/EGX/stocks/ISPH/financial-statements,,72538694.0,1453493939.0,11284461516.0,-128957641.0,,9830967577.0,,1008000000.0
ISPH,2021-12-31,2022-03-31,FY 2021,EGP,https://english.mubasher.info/markets/EGX/stocks/ISPH/financial-statements,,314727828.0,1453493939.0,11284461516.0,-340431620.0,,9830967577.0,,1008000000.0
ISPH,2022-03-31,2022-05-30,Q1 2022,EGP,https://english.mubasher.info/markets/EGX/stocks/ISPH/financial-statements,,59383535.0,1509407844.0,12420195179.0,-851852952.0,,10910787335.0,,1008000000.0
ISPH,2022-06-30,2022-08-29,Q2 2022,EGP,https://english.mubasher.info/markets/EGX/stocks/ISPH/financial-statements,,29225747.0,1376167927.0,11891445261.0,-410559866.0,,10515277334.0,,1008000000.0
ISPH,2022-09-30,2022-11-29,Q3 2022,EGP,https://english.mubasher.info/markets/EGX/stocks/ISPH/financial-statements,,30988034.0,1246359783.0,12354795986.0,1010584969.0,,11108436203.0,,1008000000.0
ISPH,2022-12-31,2023-03-01,Q4 2022,EGP,https://english.mubasher.info/markets/EGX/stocks/ISPH/financial-statements,,52987550.0,1259876659.0,12863793230.0,613765979.0,,11603916571.0,,1008000000.0
ISPH,2022-12-31,2023-03-31,FY 2022,EGP,https://english.mubasher.info/markets/EGX/stocks/ISPH/financial-statements,,172584866.0,1259876659.0,12863793230.0,361938130.0,,11603916571.0,,1008000000.0
ISPH,2023-03-31,2023-05-30,Q1 2023,EGP,https://english.mubasher.info/markets/EGX/stocks/ISPH/financial-statements,,72554850.0,1332043251.0,15323150007.0,-542088088.0,,13991106756.0,,1008000000.0
ISPH,2023-06-30,2023-08-29,Q2 2023,EGP,https://english.mubasher.info/markets/EGX/stocks/ISPH/financial-statements,,59448497.0,1367893686.0,16353989747.0,441712267.0,,14986096061.0,,1008000000.0
ISPH,2023-09-30,2023-11-29,Q3 2023,EGP,https://english.mubasher.info/markets/EGX/stocks/ISPH/financial-statements,,42033862.0,1409927544.0,18679822294.0,-309667772.0,,17269894750.0,,1008000000.0
ISPH,2023-12-31,2024-02-29,Q4 2023,EGP,https://english.mubasher.info/markets/EGX/stocks/ISPH/financial-statements,,39623425.0,1449119799.0,18549810926.0,535857060.00000006,,17100691127.0,,1008000000.0
ISPH,2023-12-31,2024-03-30,FY 2023,EGP,https://english.mubasher.info/markets/EGX/stocks/ISPH/financial-statements,,213660634.0,1449119799.0,18549810926.0,125813467.0,,17100691127.0,,1008000000.0
ISPH,2024-03-31,2024-05-30,Q1 2024,EGP,https://english.mubasher.info/markets/EGX/stocks/ISPH/financial-statements,,98143427.0,1547130338.0,20655086581.0,-395693128.0,,19107956243.0,,1008000000.0
ISPH,2024-06-30,2024-08-29,Q2 2024,EGP,https://english.mubasher.info/markets/EGX/stocks/ISPH/financial-statements,,123453192.0,1637843117.0,22066583108.0,216863821.0,,20428739991.0,,1008000000.0
ISPH,2024-09-30,2024-11-29,Q3 2024,EGP,https://english.mubasher.info/markets/EGX/stocks/ISPH/financial-statements,,184916770.0,1822760007.0,26160534249.0,353063379.0,,24337774242.0,,1008000000.0
ISPH,2024-12-31,2025-03-01,Q4 2024,EGP,https://english.mubasher.info/markets/EGX/stocks/ISPH/financial-statements,,208048962.0,2031218546.0,28641557747.0,-1100810090.0,,26610339201.0,,1008000000.0
ISPH,2024-12-31,2025-03-31,FY 2024,EGP,https://english.mubasher.info/markets/EGX/stocks/ISPH/financial-statements,,614562351.0,2031218546.0,28641557747.0,-926576018.0,,26610339201.0,,1008000000.0
ISPH,2025-03-31,2025-05-30,Q1 2025,EGP,https://english.mubasher.info/markets/EGX/stocks/ISPH/financial-statements,,181880820.0,2177297787.0,32691247531.0,-1511809322.0,,30513949744.0,,1008000000.0
ISPH,2025-06-30,2025-08-29,Q2 2025,EGP,https://english.mubasher.info/markets/EGX/stocks/ISPH/financial-statements,,206926538.0,,,,,,,1008000000.0
ISPH,2025-09-30,2025-11-29,Q3 2025,EGP,http://data.feedgfm.com/mix2/DCMServiceProvider?ROLE=A&RT=87&ID=4C1D330D-E8AA-4AB7-9F62-F1A3842DA2B7.pdf,,271036528.0,,,,,,,1008000000.0
ISPH,2025-12-31,2026-03-01,Q4 2025,EGP,https://english.mubasher.info/markets/EGX/stocks/ISPH/financial-statements,,292139.464,,,,,,,1008000000.0
ISPH,2025-12-31,2026-03-31,FY 2025,EGP,http://data.feedgfm.com/mix2/DCMServiceProvider?ROLE=A&RT=87&ID=61540E34-6EB5-4885-ACE6-04135BB16955.pdf,,951983350.0,2784020299.0,36213703819.0,-71055245.0,,33429683520.0,,1008000000.0
JUFO,2020-12-31,2021-03-31,FY 2020,EGP,https://english.mubasher.info/markets/EGX/stocks/JUFO/financial-statements,,428376245.0,2903273852.0,5135732585.0,982617875.0,,2232458733.0,,941405082.0
JUFO,2021-03-31,2021-05-30,Q1 2021,EGP,https://english.mubasher.info/markets/EGX/stocks/JUFO/financial-statements,,123106033.0,3026419506.0,5309456085.0,69778843.0,,2283036579.0,,941405082.0
JUFO,2021-06-30,2021-08-29,Q2 2021,EGP,https://english.mubasher.info/markets/EGX/stocks/JUFO/financial-statements,,193001984.0,2213655377.0,5336119048.0,132126120.0,,3122463671.0,,941405082.0
JUFO,2021-09-30,2021-11-29,Q3 2021,EGP,https://english.mubasher.info/markets/EGX/stocks/JUFO/financial-statements,,173919463.0,3393465520.0,5469932387.0,432426165.0,,2076466867.0,,941405082.0
JUFO,2021-12-31,2022-03-01,Q4 2021,EGP,https://english.mubasher.info/markets/EGX/stocks/JUFO/financial-statements,,36169154.0,3165316284.0,5459749920.0,133765521.0,,2294433636.0,,941405082.0
JUFO,2021-12-31,2022-03-31,FY 2021,EGP,https://english.mubasher.info/markets/EGX/stocks/JUFO/financial-statements,,526196633.99999994,3165316284.0,5459749920.0,768096649.0,,2294433636.0,,941405082.0
JUFO,2022-03-31,2022-05-30,Q1 2022,EGP,https://english.mubasher.info/markets/EGX/stocks/JUFO/financial-statements,,144380793.0,3312735989.0,5630814081.0,188331294.0,,2318078092.0,,941405082.0
JUFO,2022-06-30,2022-08-16,Q2 2022,EGP,https://english.mubasher.info/news/3998583/Juhayna-reports-1-higher-profit-in-H1-22/,,174467901.0,3091800139.0,6010774641.0,-238415139.0,,2918974502.0,,941405082.0
JUFO,2022-09-30,2022-11-17,Q3 2022,EGP,https://english.mubasher.info/news/4041156/Juhayna-reports-EGP-474m-profits-in-9M-22/,,155013049.0,3546167569.0,6601516483.0,51233291.0,,3055348914.0,,941405082.0
JUFO,2022-12-31,2023-03-01,Q4 2022,EGP,https://english.mubasher.info/markets/EGX/stocks/JUFO/financial-statements,,163859592.0,3410732172.0,6369286871.0,438758831.0,,2958554699.0,,941405082.0
JUFO,2022-12-31,2023-04-02,FY 2022,EGP,https://english.mubasher.info/news/4100703/Juhayna-s-consolidated-profits-rise-21-in-2022-revenues-hit-EGP-11-36bn/,,637721335.0,3410732172.0,6369286871.0,439908277.0,,2958554699.0,,941405082.0
JUFO,2023-03-31,2023-06-01,Q1 2023,EGP,https://english.mubasher.info/news/4136706/Juhayna-sees-135-higher-consolidated-profits-in-Q1-23-results/,,339217994.0,3750146269.0,7348089919.0,52306202.0,,3597943650.0,,941405082.0
JUFO,2023-06-30,2023-08-10,Q2 2023,EGP,https://english.mubasher.info/news/4167469/Juhayna-logs-higher-consolidated-profits-in-H1-23-sales-hit-EGP-7-15bn/,,216902115.0,3784738651.0,7869487106.0,36751389.0,,4084748455.0,,941405082.0
JUFO,2023-09-30,2023-11-05,Q3 2023,EGP,https://english.mubasher.info/news/4207745/Juhayna-posts-EGP-879m-consolidated-profits-in-9M-23-reports-standalone-losses/,,322502998.0,4107244673.0,7724319655.0,990196101.0,,3617074982.0,,941405082.0
JUFO,2023-12-31,2024-02-29,Q4 2023,EGP,https://english.mubasher.info/markets/EGX/stocks/JUFO/financial-statements,,142286781.0,4249768585.0,8580367133.0,520241418.0,,4330598548.0,,941405082.0
JUFO,2023-12-31,2024-03-30,FY 2023,EGP,https://english.mubasher.info/markets/EGX/stocks/JUFO/financial-statements,,1020909888.0,4249768585.0,8580367132.999999,1599495110.0,,4330598548.0,,941405082.0
JUFO,2024-03-31,2024-06-02,Q1 2024,EGP,https://english.mubasher.info/news/4298531/Juhayna-s-consolidated-profit-jumps-to-EGP-479m-in-Q1-24/,,478333270.0,4369170260.0,10077161048.0,198924506.0,,5707990788.0,,941405082.0
JUFO,2024-06-30,2024-08-13,Q2 2024,EGP,https://english.mubasher.info/news/4327573/Juhayna-s-consolidated-profits-leap-166-in-H1-24/,,1000935391.0,5090042561.0,11653182630.0,-143379093.0,,6563140069.0,,941405082.0
JUFO,2024-09-30,2024-11-18,Q3 2024,EGP,https://english.mubasher.info/news/4370304/Juhayna-s-sales-exceed-EGP-18-3bn-in-9M-24-profits-leap-197-in-Q3/,,958455298.0,6042085800.0,12915994491.0,891340943.0,,6873908691.0,,941405082.0
JUFO,2024-12-31,2025-03-01,Q4 2024,EGP,https://english.mubasher.info/markets/EGX/stocks/JUFO/financial-statements,,297570210.0,6339324470.0,13590462624.0,1327958346.0,,7251138154.0,,941405082.0
JUFO,2024-12-31,2025-03-31,FY 2024,EGP,https://english.mubasher.info/markets/EGX/stocks/JUFO/financial-statements,,2735294169.0,6339324470.0,13590462624.0,2274844702.0,,7251138154.0,,941405082.0
JUFO,2025-03-31,2025-05-30,Q1 2025,EGP,https://english.mubasher.info/markets/EGX/stocks/JUFO/financial-statements,,299615119.0,6969991313.0,15900232204.0,-140641976.0,,8930240891.0,,941405082.0
JUFO,2025-06-30,2025-08-18,Q2 2025,EGP,https://english.mubasher.info/news/4487806/Juhayna-s-consolidated-net-profits-near-EGP-781m-in-H1-25/,,481116061.0,,,,,,,941405082.0
MCQE,2020-12-31,2021-03-31,FY 2020,EGP,https://english.mubasher.info/markets/EGX/stocks/MCQE/financial-statements,,33849273.0,1779183586.0,3952326276.0,144455952.0,,2173142690.0,,96000000.0
MCQE,2021-03-31,2021-05-17,Q1 2021,EGP,https://english.mubasher.info/news/3808125/Misr-Cement-Qena-posts-EGP-31m-profit-in-Q1/,,28947921.0,1784604186.0,3912254539.0,159551240.0,,2127650353.0,,96000000.0
MCQE,2021-06-30,2021-08-29,Q2 2021,EGP,https://english.mubasher.info/markets/EGX/stocks/MCQE/financial-statements,,32467694.0,1822786881.0,4037049330.0,110389101.0,,2214262449.0,,96000000.0
MCQE,2021-09-30,2021-11-16,Q3 2021,EGP,https://english.mubasher.info/news/3878788/Misr-Cement-logs-211-jump-in-9M-profits-unveils-new-identity/,,45993568.0,1875748746.0,4091908492.0,-45279545.0,,2216159746.0,,96000000.0
MCQE,2021-12-31,2022-03-01,Q4 2021,EGP,https://english.mubasher.info/markets/EGX/stocks/MCQE/financial-statements,,38651378.0,1904477155.0,3736485250.0,175676440.0,,1832008095.0,,96000000.0
MCQE,2021-12-31,2022-03-31,FY 2021,EGP,https://english.mubasher.info/markets/EGX/stocks/MCQE/financial-statements,,146060561.0,1904477155.0,3736485250.0,400337236.0,,1832008095.0,,96000000.0
MCQE,2022-03-31,2022-05-16,Q1 2022,EGP,https://english.mubasher.info/news/3957197/Misr-Cement-posts-161-higher-profits-in-Q1-22/,,59631205.0,1920451777.0,4020397429.0,308799955.0,,2099945652.0,,96000000.0
MCQE,2022-06-30,2022-08-16,Q2 2022,EGP,https://english.mubasher.info/news/3998871/Misr-Cement-s-consolidated-profits-hit-EGP-86m-in-H1-22/,,-5974343.0,1925288858.0,4036705735.0,-185505929.0,,2111416876.9999998,,96000000.0
MCQE,2022-09-30,2022-11-14,Q3 2022,EGP,https://english.mubasher.info/news/4039261/Misr-Cement-sees-20-lower-consolidated-profits-in-9M-22/,,9436677.0,1914033195.0,4094426406.0,150864462.0,,2180393211.0,,96000000.0
MCQE,2022-12-31,2023-03-01,Q4 2022,EGP,https://english.mubasher.info/markets/EGX/stocks/MCQE/financial-statements,,33950514.0,1948745045.0,4430473749.0,-128113432.0,,2481728704.0,,96000000.0
MCQE,2022-12-31,2023-03-31,FY 2022,EGP,https://english.mubasher.info/markets/EGX/stocks/MCQE/financial-statements,,97044053.0,1948745045.0,4430473749.0,146045056.0,,2481728704.0,,96000000.0
MCQE,2023-03-31,2023-05-30,Q1 2023,EGP,https://english.mubasher.info/markets/EGX/stocks/MCQE/financial-statements,,65672816.0,1948711972.0,5372512114.0,111440470.0,,3423800142.0,,96000000.0
MCQE,2023-06-30,2023-08-17,Q2 2023,EGP,https://english.mubasher.info/news/4172268/Misr-Cement-posts-plunge-in-H1-23-profits-turns-to-losses-in-Q2/,,-21925005.0,1926924292.0,5054484310.0,-133643022.0,,3127560018.0,,96000000.0
MCQE,2023-09-30,2023-11-15,Q3 2023,EGP,https://english.mubasher.info/news/4215531/Misr-Cement-s-consolidated-profits-exceed-EGP-41m-in-9M-23/,,-29672384.0,1884991821.0,4912123103.0,64979031.0,,3027131282.0,,96000000.0
MCQE,2023-12-31,2024-02-29,Q4 2023,EGP,https://english.mubasher.info/markets/EGX/stocks/MCQE/financial-statements,,80706793.0,1971368260.0,4897540246.0,256218253.0,,2926171986.0,,96000000.0
MCQE,2023-12-31,2024-03-30,FY 2023,EGP,https://english.mubasher.info/markets/EGX/stocks/MCQE/financial-statements,,94782220.0,1971368260.0,4897540246.0,298994732.0,,2926171986.0,,96000000.0
MCQE,2024-03-31,2024-05-28,Q1 2024,EGP,https://english.mubasher.info/news/4296384/Misr-Cement-logs-EGP-32m-consolidated-profit-in-Q1-24/,,31500534.0,1935856205.0,4710681236.0,457766343.0,,2774825031.0,,96000000.0
MCQE,2024-06-30,2024-08-19,Q2 2024,EGP,https://english.mubasher.info/news/4330417/Misr-Cement-s-H1-24-consolidated-profits-fall-to-EGP-17m/,,-1056107.0,1920338019.0,5058479708.0,-183513034.0,,3138141689.0,,96000000.0
MCQE,2024-09-30,2024-11-19,Q3 2024,EGP,https://english.mubasher.info/news/4370864/Misr-Cement-delivers-solid-financial-performance-in-9M-24-sales-hit-EGP-4-1bn/,,21713463.0,1954444974.0,5309948857.0,573219751.0,,3355503883.0,,96000000.0
MCQE,2024-12-31,2025-03-01,Q4 2024,EGP,https://english.mubasher.info/markets/EGX/stocks/MCQE/financial-statements,,185520855.0,2179136825.0,5268350761.0,69034938.0,,3089213936.0,,96000000.0
MCQE,2024-12-31,2025-03-31,FY 2024,EGP,https://english.mubasher.info/markets/EGX/stocks/MCQE/financial-statements,,237678745.0,2179136825.0,5268350761.0,916507998.0,,3089213936.0,,96000000.0
MCQE,2025-03-31,2025-05-30,Q1 2025,EGP,https://english.mubasher.info/markets/EGX/stocks/MCQE/financial-statements,,238466973.0,2329098356.0,5546693109.0,624635309.0,,3217594753.0,,96000000.0
MCQE,2025-06-30,2025-08-10,Q2 2025,EGP,https://english.mubasher.info/news/4478432/Misr-Cement-sees-higher-consolidated-net-profits-at-EGP-784m-in-H1-25/,,361492296.0,2802521595.0,,,,,,96000000.0
OIH,2020-12-31,2021-03-31,FY 2020,EGP,https://english.mubasher.info/markets/EGX/stocks/OIH/financial-statements,,-103220000.0,1557894000.0,3638479000.0,-49488000.0,,2080585000.0,,5245690620.0
OIH,2021-03-31,2021-05-30,Q1 2021,EGP,https://english.mubasher.info/markets/EGX/stocks/OIH/financial-statements,,-31033000.0,1506544000.0,3652429000.0,24133000.0,,2145885000.0,,5245690620.0
OIH,2021-06-30,2021-08-29,Q2 2021,EGP,https://english.mubasher.info/markets/EGX/stocks/OIH/financial-statements,,-35523000.0,1528190000.0,3608061000.0,9065000.0,,2079871000.0,,5245690620.0
OIH,2021-09-30,2021-11-29,Q3 2021,EGP,https://english.mubasher.info/markets/EGX/stocks/OIH/financial-statements,,20485000.0,1438083000.0,3541520000.0,100133000.0,,2103437000.0,,5245690620.0
OIH,2021-12-31,2022-03-01,Q4 2021,EGP,https://english.mubasher.info/markets/EGX/stocks/OIH/financial-statements,,610038000.0,1940227000.0,4012133000.0,-375063000.0,,2071906000.0,,5245690620.0
OIH,2021-12-31,2022-03-31,FY 2021,EGP,https://english.mubasher.info/markets/EGX/stocks/OIH/financial-statements,,563967000.0,1940227000.0,4012133000.0,-241732000.0,,2071906000.0,,5245690620.0
OIH,2022-03-31,2022-06-16,Q1 2022,EGP,https://english.mubasher.info/news/3972611/Orascom-Investment-Holding-turns-to-profitability-in-Q1-22/,,86549000.0,1860407000.0,3159612000.0,-37689000.0,,1299205000.0,,5245690620.0
OIH,2022-06-30,2022-08-25,Q2 2022,EGP,https://english.mubasher.info/news/4002667/Orascom-Investment-Holding-turns-profitable-in-H1-22/,,18771000.0,1943722000.0,3242747000.0,2649000.0,,1299025000.0,,5245690620.0
OIH,2022-09-30,2022-11-16,Q3 2022,EGP,https://english.mubasher.info/news/4040996/Orascom-Investment-Holding-swings-to-over-EGP-624-5m-standalone-profits-in-9M-22/,,160044000.0,2161610000.0,4855255000.0,-59161000.0,,2693645000.0,,5245690620.0
OIH,2022-12-31,2023-03-01,Q4 2022,EGP,https://english.mubasher.info/markets/EGX/stocks/OIH/financial-statements,,162685000.0,2579992000.0,4025797000.0,80877000.0,,1445805000.0,,5245690620.0
OIH,2022-12-31,2023-03-31,FY 2022,EGP,https://english.mubasher.info/markets/EGX/stocks/OIH/financial-statements,,428049000.0,2579992000.0,4025797000.0,-13324000.0,,1445805000.0,,5245690620.0
OIH,2023-03-31,2023-06-15,Q1 2023,EGP,https://english.mubasher.info/news/4142943/Orascom-Investment-Holding-records-higher-consolidated-net-profits-in-Q1-23/,,108948000.0,2953789000.0,4769531000.0,-66588000.0,,1815742000.0,,5245690620.0
OIH,2023-06-30,2023-09-03,Q2 2023,EGP,https://english.mubasher.info/news/4178630/Orascom-Investment-Holding-s-consolidated-profits-exceed-EGP-86m-in-H1-23/,,-22815000.0,3105007000.0,4655512000.0,-52789000.0,,1550505000.0,,5245690620.0
OIH,2023-09-30,2023-11-19,Q3 2023,EGP,https://english.mubasher.info/news/4217007/Orascom-Investment-Holding-posts-lower-profits-in-9M-23/,,336107000.0,3284764000.0,4889169000.0,11353000.0,,1604405000.0,,5245690620.0
OIH,2023-12-31,2024-02-29,Q4 2023,EGP,https://english.mubasher.info/markets/EGX/stocks/OIH/financial-statements,,-450460000.0,3068102000.0,4841556000.0,-120033000.0,,1773454000.0,,5245690620.0
OIH,2023-12-31,2024-03-30,FY 2023,EGP,http://data.feedgfm.com/mix2/DCMServiceProvider?ROLE=A&RT=87&ID=84894AC4-33CD-4CFC-BFB8-A3D95EBBC804.pdf,,-28220000.0,3068102000.0,4841556000.0,-228057000.0,,1773454000.0,,5245690620.0
OIH,2024-03-31,2024-06-11,Q1 2024,EGP,https://english.mubasher.info/news/4302738/Orascom-Investment-Holding-s-standalone-profit-soars-784-YoY-in-Q1-24/,,351365000.0,4379885000.0,6222088000.0,-94565000.0,,1842203000.0,,5245690620.0
OIH,2024-06-30,2024-08-20,Q2 2024,EGP,https://english.mubasher.info/news/4330853/Orascom-Investment-Holding-records-hike-in-H1-24-net-profits/,,-55207000.0,4247617000.0,6173324000.0,-164038000.0,,1925707000.0,,5245690620.0
OIH,2024-09-30,2024-11-19,Q3 2024,EGP,https://english.mubasher.info/news/4370969/Orascom-Investment-Holding-registers-EGP-527-5m-standalone-profits-in-9M-24/,,-131826000.0,4154629000.0,6091303000.0,-49656000.0,,1936674000.0,,5245690620.0
OIH,2024-12-31,2025-03-01,Q4 2024,EGP,https://english.mubasher.info/markets/EGX/stocks/OIH/financial-statements,,-1073275000.0,3250821000.0,9508425000.0,-341306000.0,,6257604000.0,,5245690620.0
OIH,2024-12-31,2025-03-31,FY 2024,EGP,https://english.mubasher.info/markets/EGX/stocks/OIH/financial-statements,,-908943000.0,3250821000.0,9508425000.0,-649565000.0,,6257604000.0,,5245690620.0
ORAS,2020-12-31,2021-03-31,FY 2020,USD,https://english.mubasher.info/markets/EGX/stocks/ORAS/financial-statements,,90900000.0,641900000.0,3788500000.0,138200000.0,,3146600000.0,,110243935.0
ORAS,2021-03-31,2021-05-30,Q1 2021,USD,https://english.mubasher.info/markets/EGX/stocks/ORAS/financial-statements,,23900000.0,657800000.0,3826600000.0,-188600000.0,,3168800000.0,,110243935.0
ORAS,2021-06-30,2021-08-29,Q2 2021,USD,https://english.mubasher.info/markets/EGX/stocks/ORAS/financial-statements,,23800000.0,656000000.0,3987600000.0,31800000.0,,3331600000.0,,110243935.0
ORAS,2021-09-30,2021-11-29,Q3 2021,USD,https://english.mubasher.info/markets/EGX/stocks/ORAS/financial-statements,,28400000.0,680000000.0,3776300000.0,42800000.0,,3096300000.0,,110243935.0
ORAS,2021-12-31,2022-03-01,Q4 2021,USD,https://english.mubasher.info/markets/EGX/stocks/ORAS/financial-statements,,37300000.0,688600000.0,4102400000.0,315200000.0,,3413800000.0,,110243935.0
ORAS,2021-12-31,2022-03-31,FY 2021,USD,https://english.mubasher.info/markets/EGX/stocks/ORAS/financial-statements,,113400000.0,688600000.0,4102400000.0,201200000.0,,3413800000.0,,110243935.0
ORAS,2022-03-31,2022-05-30,Q1 2022,USD,https://english.mubasher.info/markets/EGX/stocks/ORAS/financial-statements,,13100000.0,662600000.0,4001500000.0,-260700000.0,,3338900000.0,,110243935.0
ORAS,2022-06-30,2022-08-29,Q2 2022,USD,https://english.mubasher.info/markets/EGX/stocks/ORAS/financial-statements,,34600000.0,669400000.0,3875900000.0,88900000.0,,3206500000.0,,110243935.0
ORAS,2022-09-30,2022-11-29,Q3 2022,USD,https://english.mubasher.info/markets/EGX/stocks/ORAS/financial-statements,,28400000.0,661200000.0,3913200000.0,61100000.0,,3252000000.0,,110243935.0
ORAS,2022-12-31,2023-03-01,Q4 2022,USD,https://english.mubasher.info/markets/EGX/stocks/ORAS/financial-statements,,37400000.0,691300000.0,3531400000.0,304600000.0,,2840100000.0,,110243935.0
ORAS,2022-12-31,2023-03-31,FY 2022,USD,https://english.mubasher.info/markets/EGX/stocks/ORAS/financial-statements,,113500000.0,691300000.0,3531400000.0,193900000.0,,2840100000.0,,110243935.0
ORAS,2023-03-31,2023-05-30,Q1 2023,USD,https://english.mubasher.info/markets/EGX/stocks/ORAS/financial-statements,,36100000.0,655100000.0,3194800000.0,-65900000.0,,2539700000.0,,110243935.0
ORAS,2023-06-30,2023-08-29,Q2 2023,USD,https://english.mubasher.info/markets/EGX/stocks/ORAS/financial-statements,,62600000.0,681800000.0,3403900000.0,-53400000.0,,2722100000.0,,110243935.0
ORAS,2023-09-30,2023-11-29,Q3 2023,USD,https://english.mubasher.info/markets/EGX/stocks/ORAS/financial-statements,,16100000.0,700400000.0,3556800000.0,28600000.0,,2856400000.0,,110243935.0
ORAS,2023-12-31,2024-02-29,Q4 2023,USD,https://english.mubasher.info/markets/EGX/stocks/ORAS/financial-statements,,43800000.0,711400000.0,3666000000.0,302300000.0,,2954600000.0,,110243935.0
ORAS,2023-12-31,2024-03-30,FY 2023,USD,https://english.mubasher.info/markets/EGX/stocks/ORAS/financial-statements,,158600000.0,711400000.0,3666000000.0,211600000.0,,2954600000.0,,110243935.0
ORAS,2024-03-31,2024-05-21,Q1 2024,USD,https://english.mubasher.info/news/4293766/Orascom-Construction-logs-50m-consolidated-profits-in-Q1-24/,,46100000.0,689200000.0,3256900000.0,302100000.0,,2567700000.0,,110243935.0
ORAS,2024-06-30,2024-08-29,Q2 2024,USD,https://english.mubasher.info/news/4334512/Orascom-Construction-sees-47-lower-consolidated-profits-in-H1-24-backlog-hits-7-7bn/,,19300000.0,674100000.0,3335600000.0,-54200000.0,,2661500000.0,,110243935.0
ORAS,2024-12-31,2025-03-01,Q4 2024,USD,https://english.mubasher.info/markets/EGX/stocks/ORAS/financial-statements,,118000000.0,647500000.0,3971300000.0,645200000.0,,3323800000.0,,110243935.0
ORAS,2024-12-31,2025-03-31,FY 2024,USD,https://english.mubasher.info/markets/EGX/stocks/ORAS/financial-statements,,118000000.0,647500000.0,3971300000.0,645200000.0,,3323800000.0,,110243935.0
ORAS,2025-03-31,2025-05-28,Q1 2025,USD,https://english.mubasher.info/news/4455731/Orascom-Construction-s-consolidated-profits-exceed-27m-in-Q1-25/,,25100000.0,681800000.0,4198100000.0,14100000.0,,3516300000.0,,110243935.0
ORAS,2025-06-30,2025-08-27,Q2 2025,USD,https://english.mubasher.info/news/4491467/Orascom-Construction-s-consolidated-backlog-hits-9-6bn-in-H1-25-backed-by-regional-operations/,,57600000.0,754400000.0,,12100000.0,,,,110243935.0
ORAS,2025-09-30,2025-11-17,Q3 2025,USD,https://english.mubasher.info/news/4524985/Orascom-Construction-logs-53-higher-profits-to-owners-in-9M-25/,,4300000.0,782200000.0,,184900000.0,,,,110243935.0
ORHD,2020-12-31,2021-03-31,FY 2020,EGP,https://english.mubasher.info/markets/EGX/stocks/ORHD/financial-statements,,532181194.99999994,3670287973.0,18894948381.0,748349639.0,,15224660408.0,,1130473523.0
ORHD,2021-03-31,2021-05-30,Q1 2021,EGP,https://english.mubasher.info/markets/EGX/stocks/ORHD/financial-statements,,408915835.0,4112676085.0,19803383812.0,324002438.0,,15690707727.0,,1130473523.0
ORHD,2021-06-30,2021-08-29,Q2 2021,EGP,https://english.mubasher.info/markets/EGX/stocks/ORHD/financial-statements,,277309365.0,4422312464.0,20644053843.0,261045351.0,,16221741379.0,,1130473523.0
ORHD,2021-09-30,2021-11-29,Q3 2021,EGP,https://english.mubasher.info/markets/EGX/stocks/ORHD/financial-statements,,434728672.0,4892745353.0,21650176345.0,284063367.0,,16757430992.0,,1130473523.0
ORHD,2021-12-31,2022-03-01,Q4 2021,EGP,https://english.mubasher.info/markets/EGX/stocks/ORHD/financial-statements,,87854733.0,4994531299.0,22640932789.0,393810358.0,,17646401490.0,,1130473523.0
ORHD,2021-12-31,2022-03-31,FY 2021,EGP,https://english.mubasher.info/markets/EGX/stocks/ORHD/financial-statements,,1208808605.0,4994531299.0,22640932789.0,1262921514.0,,17646401490.0,,1130473523.0
ORHD,2022-03-31,2022-05-30,Q1 2022,EGP,https://english.mubasher.info/markets/EGX/stocks/ORHD/financial-statements,,420108732.0,5436825385.0,23716955227.0,152002287.0,,18280129842.0,,1130473523.0
ORHD,2022-06-30,2022-08-15,Q2 2022,EGP,https://english.mubasher.info/news/3997403/Orascom-Development-Egypt-s-profit-soars-to-EGP-858-3m-in-H1/,,365897316.0,5832101051.0,24530900128.0,-116530192.0,,18698799077.0,,1130473523.0
ORHD,2022-09-30,2022-11-14,Q3 2022,EGP,https://english.mubasher.info/news/4038859/Orascom-Development-Egypt-s-9M-22-profits-top-EGP-1-5bn/,,596834848.0,6504549766.0,26146290126.0,327282427.0,,19641740360.0,,1130473523.0
ORHD,2022-12-31,2023-01-30,Q4 2022,EGP,https://english.mubasher.info/news/4068219/Orascom-Development-Egypt-witnesses-highest-sales-in-2022-unaudited-results/,,289208023.0,6812358069.0,28268585096.0,682799731.0,,21456227027.0,,1130473523.0
ORHD,2022-12-31,2023-03-31,FY 2022,EGP,https://english.mubasher.info/markets/EGX/stocks/ORHD/financial-statements,,1672048919.0,6812358069.0,28268585096.0,1045554253.0,,21456227027.0,,1130473523.0
ORHD,2023-03-31,2023-05-30,Q1 2023,EGP,https://english.mubasher.info/markets/EGX/stocks/ORHD/financial-statements,,291488599.0,7195528860.0,33267605646.0,-1103961982.0,,26072076786.0,,1130473523.0
ORHD,2023-06-30,2023-08-29,Q2 2023,EGP,https://english.mubasher.info/markets/EGX/stocks/ORHD/financial-statements,,582019182.0,7817225623.0,35326759900.0,-197681292.0,,27509534277.0,,1130473523.0
ORHD,2023-09-30,2023-11-14,Q3 2023,EGP,https://english.mubasher.info/news/4213674/Orascom-Development-Egypt-s-9M-23-profits-jump-33-new-sales-cross-EGP-13bn/,,928878822.0,8950907581.0,37277203795.0,1012474305.0,,28326296214.0,,1130473523.0
ORHD,2023-12-31,2024-02-29,Q4 2023,EGP,https://english.mubasher.info/markets/EGX/stocks/ORHD/financial-statements,,1026335460.0,9965752676.0,39235978120.0,1573247141.0,,29270225444.0,,1130473523.0
ORHD,2023-12-31,2024-03-30,FY 2023,EGP,https://english.mubasher.info/markets/EGX/stocks/ORHD/financial-statements,,2828722063.0,9965752676.0,39235978120.0,1284078172.0,,29270225444.0,,1130473523.0
ORHD,2024-03-31,2024-05-15,Q1 2024,EGP,https://english.mubasher.info/news/4290945/Devaluation-leads-Orascom-Development-Egypt-to-EGP-984m-loss-in-Q1-24/,,-1181600388.0,8974200355.0,44887482205.0,1942432025.0,,35913281850.0,,1130473523.0
ORHD,2024-06-30,2024-08-13,Q2 2024,EGP,https://english.mubasher.info/news/4327901/Orascom-Development-Egypt-s-consolidated-revenues-skyrocket-65-in-H1-24/,,1849523652.0,10904634207.0,47042812533.0,216157870.0,,36138178326.0,,1130473523.0
ORHD,2024-09-30,2024-11-29,Q3 2024,EGP,https://english.mubasher.info/markets/EGX/stocks/ORHD/financial-statements,,1167854068.0,12196392662.0,49028595985.0,707666387.0,,36832203323.0,,1130473523.0
ORHD,2024-12-31,2025-03-01,Q4 2024,EGP,https://english.mubasher.info/markets/EGX/stocks/ORHD/financial-statements,,1272710411.0,13135492005.0,50700395736.0,1696016053.0,,37564903731.0,,1130473523.0
ORHD,2024-12-31,2025-03-31,FY 2024,EGP,https://english.mubasher.info/markets/EGX/stocks/ORHD/financial-statements,,3108487743.0,13135492005.0,50700395736.0,4562272335.0,,37564903731.0,,1130473523.0
ORHD,2025-03-31,2025-05-18,Q1 2025,EGP,https://english.mubasher.info/news/4450579/Orascom-Development-Egypt-kicks-in-2025-with-robust-profits-revenues-leap-54-/,,2044759027.0,15116195638.0,54045543194.0,1580778113.0,,38929347556.0,,1130473523.0
ORHD,2025-06-30,2025-08-13,Q2 2025,EGP,https://english.mubasher.info/news/4481344/Orascom-Development-records-222-leap-in-H1-25-consolidated-net-profits/,,,15645708527.0,,809691848.0,,,,1130473523.0
ORHD,2025-09-30,2025-11-29,Q3 2025,EGP,http://data.feedgfm.com/mix2/DCMServiceProvider?ROLE=A&RT=87&ID=0CFA7CAA-8185-490A-8CF5-275286DCF53F.pdf,,,16266620707.0,,368112236.0,,,,1130473523.0
ORWE,2021-03-31,2021-05-30,Q1 2021,EGP,https://english.mubasher.info/markets/EGX/stocks/ORWE/financial-statements,,299722174.0,7382671012.0,13657314014.0,288314526.0,,6274643002.0,,665107268.0
ORWE,2021-06-30,2021-08-29,Q2 2021,EGP,https://english.mubasher.info/markets/EGX/stocks/ORWE/financial-statements,,299287234.0,7708936209.0,13186659718.0,-51735477.0,,5477723509.0,,665107268.0
ORWE,2021-09-30,2021-11-29,Q3 2021,EGP,https://english.mubasher.info/markets/EGX/stocks/ORWE/financial-statements,,259728301.0,8009914274.0,13728437244.0,58662139.0,,5718522970.0,,665107268.0
ORWE,2021-12-31,2022-03-01,Q4 2021,EGP,https://english.mubasher.info/markets/EGX/stocks/ORWE/financial-statements,,226669719.0,8256982777.0,14166535936.0,274464332.0,,5909553159.0,,665107268.0
ORWE,2021-12-31,2022-03-31,FY 2021,EGP,https://english.mubasher.info/markets/EGX/stocks/ORWE/financial-statements,,1085407428.0,8256982777.0,14166535936.0,569705520.0,,5909553159.0,,665107268.0
ORWE,2022-03-31,2022-05-29,Q1 2022,EGP,https://english.mubasher.info/news/3964064/Oriental-Weavers-Carpet-s-profits-down-24-in-Q1-22/,,236264357.0,8471639901.0,16700751114.0,189350167.0,,8229111213.0,,665107268.0
ORWE,2022-06-30,2022-08-29,Q2 2022,EGP,https://english.mubasher.info/markets/EGX/stocks/ORWE/financial-statements,,211100191.0,8858823027.0,16500725407.0,-385305262.0,,7641902380.0,,665107268.0
ORWE,2022-09-30,2022-11-14,Q3 2022,EGP,https://english.mubasher.info/news/4038959/Oriental-Weavers-Carpet-s-profits-drop-to-EGP-584m-in-9M-22/,,79354055.0,9188928656.0,17233994783.0,19892472.0,,8045066127.0,,665107268.0
ORWE,2022-12-31,2023-03-01,Q4 2022,EGP,https://english.mubasher.info/markets/EGX/stocks/ORWE/financial-statements,,316166558.0,11255252449.0,19175133527.0,1408379617.0,,7919881078.0,,665107268.0
ORWE,2022-12-31,2023-03-31,FY 2022,EGP,https://english.mubasher.info/markets/EGX/stocks/ORWE/financial-statements,,842885161.0,11255252449.0,19175133527.0,1232316994.0,,7919881078.0,,665107268.0
ORWE,2023-03-31,2023-05-16,Q1 2023,EGP,https://english.mubasher.info/news/4126611/Oriental-Weavers-consolidated-profit-increases-standalone-income-declines/,,410613828.0,13508521486.0,22150831281.0,1005691130.0,,8642309795.0,,665107268.0
ORWE,2023-06-30,2023-08-16,Q2 2023,EGP,https://english.mubasher.info/news/4171722/Oriental-Weavers-logs-higher-profits-in-H1-23-sales-hit-EGP-8-39bn/,,289831689.0,13041540932.0,21890747346.0,68569247.0,,8849206414.0,,665107268.0
ORWE,2023-09-30,2023-11-19,Q3 2023,EGP,https://english.mubasher.info/news/4216874/Oriental-Weavers-posts-EGP-1-38bn-consolidated-profits-in-9M-23/,,596069570.0,13688395171.0,22455258656.0,912670159.0,,8766863485.0,,665107268.0
ORWE,2023-12-31,2024-02-29,Q4 2023,EGP,https://english.mubasher.info/markets/EGX/stocks/ORWE/financial-statements,,443688511.0,14170890031.0,23107991958.0,1147369424.0,,8937101927.0,,665107268.0
ORWE,2023-12-31,2024-03-30,FY 2023,EGP,https://english.mubasher.info/markets/EGX/stocks/ORWE/financial-statements,,1740203598.0,14170890031.0,23107991958.0,3134299960.0,,8937101927.0,,665107268.0
ORWE,2024-03-31,2024-05-29,Q1 2024,EGP,https://english.mubasher.info/news/4297223/Oriental-Weavers-consolidated-profit-surpasses-EGP-557m-in-Q1-24/,,427417987.0,19236794871.0,31047250918.0,1176063321.0,,11810456047.0,,665107268.0
ORWE,2024-06-30,2024-08-19,Q2 2024,EGP,https://english.mubasher.info/news/4330587/Oriental-Weavers-registers-EGP-1-4bn-consolidated-profits-in-H1-24/,,820763587.0,19163771447.0,31689768358.0,168635566.0,,12525996911.0,,665107268.0
ORWE,2024-09-30,2024-11-29,Q3 2024,EGP,https://english.mubasher.info/markets/EGX/stocks/ORWE/financial-statements,,614751276.0,19927595674.0,32895580575.0,642435062.0,,12967984901.0,,665107268.0
ORWE,2024-12-31,2025-03-01,Q4 2024,EGP,https://english.mubasher.info/markets/EGX/stocks/ORWE/financial-statements,,329350455.0,21041330591.0,34904566586.0,-77024591.0,,13863235995.0,,665107268.0
ORWE,2024-12-31,2025-03-31,FY 2024,EGP,https://english.mubasher.info/markets/EGX/stocks/ORWE/financial-statements,,2192283305.0,21041330591.0,34904566586.0,1910109358.0,,13863235995.0,,665107268.0
ORWE,2025-03-31,2025-05-30,Q1 2025,EGP,https://english.mubasher.info/markets/EGX/stocks/ORWE/financial-statements,,513255999.0,21103462702.0,35011111252.0,474716796.0,,13907648550.0,,665107268.0
ORWE,2025-06-30,2025-08-17,Q2 2025,EGP,https://english.mubasher.info/news/4487417/Oriental-Weavers-generates-EGP-12-5bn-consolidated-sales-in-H1-25/,,530635737.0,20211956409.0,,474878066.0,,,,665107268.0
ORWE,2025-09-30,2025-11-29,Q3 2025,EGP,http://data.feedgfm.com/mix2/DCMServiceProvider?ROLE=A&RT=87&ID=D15BD062-A397-427D-B835-BD543384B5B1.pdf,,614280079.0,,,1284224173.0,,,,665107268.0
ORWE,2025-12-31,2026-03-01,Q4 2025,EGP,https://english.mubasher.info/markets/EGX/stocks/ORWE/financial-statements,,531171.743,,,957346.698,,,,665107268.0
ORWE,2025-12-31,2026-03-31,FY 2025,EGP,https://english.mubasher.info/markets/EGX/stocks/ORWE/financial-statements,,2189343.558,,,,,,,665107268.0
PHDC,2020-12-31,2021-03-31,FY 2020,EGP,https://english.mubasher.info/markets/EGX/stocks/PHDC/financial-statements,,717767741.0,9456895048.0,38303348179.0,1903218071.0,,28846453131.0,,2859914173.0
PHDC,2021-03-31,2021-05-30,Q1 2021,EGP,https://english.mubasher.info/markets/EGX/stocks/PHDC/financial-statements,,204629758.0,9427769699.0,40242552573.0,-190504089.0,,30814782874.0,,2859914173.0
PHDC,2021-06-30,2021-08-29,Q2 2021,EGP,https://english.mubasher.info/markets/EGX/stocks/PHDC/financial-statements,,256798768.0,9322688174.0,40907997642.0,516057595.0,,31585309468.0,,2859914173.0
PHDC,2021-09-30,2021-11-29,Q3 2021,EGP,https://english.mubasher.info/markets/EGX/stocks/PHDC/financial-statements,,174062196.0,9206824460.0,41459129847.0,492229559.0,,32252305387.0,,2859914173.0
PHDC,2021-12-31,2022-03-01,Q4 2021,EGP,https://english.mubasher.info/markets/EGX/stocks/PHDC/financial-statements,,188869615.0,9591623261.0,40900057745.0,-289543747.0,,31308434484.0,,2859914173.0
PHDC,2021-12-31,2022-03-31,FY 2021,EGP,https://english.mubasher.info/markets/EGX/stocks/PHDC/financial-statements,,824360337.0,9591623261.0,40900057745.0,528239318.0,,31308434484.0,,2859914173.0
PHDC,2022-03-31,2022-05-30,Q1 2022,EGP,https://english.mubasher.info/markets/EGX/stocks/PHDC/financial-statements,,294966075.0,9525678483.0,43386318008.0,608843769.0,,33860639525.0,,2859914173.0
PHDC,2022-06-30,2022-08-29,Q2 2022,EGP,http://data.feedgfm.com/mix2/DCMServiceProvider?ROLE=A&RT=87&ID=7208D702-2D09-4F2D-8657-480EE4805E34.pdf,,263522282.0,9579203264.0,42771058971.0,-660771901.0,,33191855707.0,,2859914173.0
PHDC,2022-09-30,2022-11-29,Q3 2022,EGP,https://english.mubasher.info/markets/EGX/stocks/PHDC/financial-statements,,352372167.0,9869641879.0,45757855345.0,-631512165.0,,35888213466.0,,2859914173.0
PHDC,2022-12-31,2023-03-01,Q4 2022,EGP,https://english.mubasher.info/markets/EGX/stocks/PHDC/financial-statements,,344987786.0,10171586728.0,49505997212.0,-223126719.0,,39334410484.0,,2859914173.0
PHDC,2022-12-31,2023-03-31,FY 2022,EGP,http://data.feedgfm.com/mix2/DCMServiceProvider?ROLE=A&RT=87&ID=AD97CD16-DC15-4CB7-8A34-B291E5566A18.pdf,,1255848310.0,10171586728.0,49505997212.0,-906567016.0,,39334410484.0,,2859914173.0
PHDC,2023-03-31,2023-05-30,Q1 2023,EGP,https://english.mubasher.info/markets/EGX/stocks/PHDC/financial-statements,,252670217.0,10398053759.0,51352687780.0,-277761122.0,,40954634021.0,,2859914173.0
PHDC,2023-06-30,2023-08-29,Q2 2023,EGP,https://english.mubasher.info/markets/EGX/stocks/PHDC/financial-statements,,355377586.0,10644019516.0,55928984289.0,-727529323.0,,45284964773.0,,2859914173.0
PHDC,2023-09-30,2023-11-19,Q3 2023,EGP,https://english.mubasher.info/news/4217055/Palm-Hills-logs-higher-consolidated-profits-at-EGP-1-12bn-in-9M-23/,,441289317.0,11139118371.0,61207263644.0,916648036.0,,50068145273.0,,2859914173.0
PHDC,2023-12-31,2024-02-29,Q4 2023,EGP,https://english.mubasher.info/markets/EGX/stocks/PHDC/financial-statements,,532174569.0,11721847899.0,74298460597.0,841866421.0,,62576612698.0,,2859914173.0
PHDC,2023-12-31,2024-03-30,FY 2023,EGP,https://english.mubasher.info/markets/EGX/stocks/PHDC/financial-statements,,1581511689.0,11721847899.0,74298460597.0,753224012.0,,62576612698.0,,2859914173.0
PHDC,2024-03-31,2024-05-29,Q1 2024,EGP,https://english.mubasher.info/news/4296919/Palm-Hills-registers-298-higher-consolidated-profits-in-Q1-24/,,1002035164.0,12617695743.0,86033159639.0,629138302.0,,73415463896.0,,2859914173.0
PHDC,2024-06-30,2024-08-26,Q2 2024,EGP,https://english.mubasher.info/news/4332917/Palm-Hills-logs-EGP-1-7bn-consolidated-profits-in-H1-24/,,701670754.0,13310706831.0,95027391226.0,-2077188263.0,,81716684395.0,,2859914173.0
PHDC,2024-09-30,2024-11-18,Q3 2024,EGP,https://english.mubasher.info/news/4370319/Palm-Hills-reports-EGP-130bn-sales-in-9M-24-profits-hike-124-/,,648905265.0,13722464346.0,104101963083.0,2585546253.0,,90379498737.0,,2859914173.0
PHDC,2024-12-31,2025-03-01,Q4 2024,EGP,https://english.mubasher.info/markets/EGX/stocks/PHDC/financial-statements,,902334260.0,14624682125.0,123437324201.0,1946882196.0,,108812642076.0,,2859914173.0
PHDC,2024-12-31,2025-03-31,FY 2024,EGP,https://english.mubasher.info/markets/EGX/stocks/PHDC/financial-statements,,3254945443.0,14624682125.0,123437324201.0,3084378488.0,,108812642076.0,,2859914173.0
PHDC,2025-06-30,2025-08-17,Q2 2025,EGP,https://english.mubasher.info/news/4487298/Palm-Hills-achieves-highest-ever-H1-results-expects-EGP-300bn-sales-from-Abu-Dhabi-project/,,903720707.0,16661364034.0,,233789666.0,,,,2859914173.0
PHDC,2025-09-30,2025-11-17,Q3 2025,EGP,https://english.mubasher.info/news/4525313/Palm-Hills-consolidated-net-profits-reach-EGP-3-5bn-in-9M-25/,,1098726667.0,18175839236.0,,253923664.0,,,,2859914173.0
PHDC,2025-12-31,2026-03-01,Q4 2025,EGP,https://english.mubasher.info/markets/EGX/stocks/PHDC/financial-statements,,674550.046,,,675848.457,,,,2859914173.0
RAYA,2020-12-31,2021-03-31,FY 2020,EGP,https://english.mubasher.info/markets/EGX/stocks/RAYA/financial-statements,,-61677719.0,979327964.0,10063632042.0,-254422555.0,,9084304078.0,,4281297768.0
RAYA,2021-03-31,2021-05-30,Q1 2021,EGP,https://english.mubasher.info/markets/EGX/stocks/RAYA/financial-statements,,27782023.0,1401127876.0,13275693720.0,-210633463.0,,11874565844.0,,4281297768.0
RAYA,2021-06-30,2021-08-29,Q2 2021,EGP,https://english.mubasher.info/markets/EGX/stocks/RAYA/financial-statements,,98244176.0,1392687293.0,12820685766.0,-328422749.0,,11427998473.0,,4281297768.0
RAYA,2021-09-30,2021-11-29,Q3 2021,EGP,https://english.mubasher.info/markets/EGX/stocks/RAYA/financial-statements,,314659307.0,1708628877.0,14069186014.0,-204615625.0,,12360557137.0,,4281297768.0
RAYA,2021-12-31,2022-03-01,Q4 2021,EGP,https://english.mubasher.info/markets/EGX/stocks/RAYA/financial-statements,,46649695.0,1753636159.0,14411843825.0,-279459366.0,,12658207666.0,,4281297768.0
RAYA,2021-12-31,2022-03-31,FY 2021,EGP,https://english.mubasher.info/markets/EGX/stocks/RAYA/financial-statements,,487335201.0,1753636159.0,14411843825.0,-1023131203.0,,12658207666.0,,4281297768.0
RAYA,2022-03-31,2022-05-30,Q1 2022,EGP,https://english.mubasher.info/markets/EGX/stocks/RAYA/financial-statements,,45149311.0,1803834178.0,16221801797.0,-822144206.0,,14417967619.0,,4281297768.0
RAYA,2022-06-30,2022-08-29,Q2 2022,EGP,https://english.mubasher.info/markets/EGX/stocks/RAYA/financial-statements,,98509102.0,1912568712.0,18189502365.0,-194126093.0,,16276933653.0,,4281297768.0
RAYA,2022-09-30,2022-11-29,Q3 2022,EGP,https://english.mubasher.info/markets/EGX/stocks/RAYA/financial-statements,,97300154.0,2025209757.0,19418514006.0,102310483.0,,17393304249.0,,4281297768.0
RAYA,2022-12-31,2023-03-01,Q4 2022,EGP,https://english.mubasher.info/markets/EGX/stocks/RAYA/financial-statements,,106354520.0,2257322564.0,20770171955.0,1021308993.0,,18512849391.0,,4281297768.0
RAYA,2022-12-31,2023-03-31,FY 2022,EGP,https://english.mubasher.info/markets/EGX/stocks/RAYA/financial-statements,,347313087.0,2257322564.0,20770171955.0,107349177.0,,18512849391.0,,4281297768.0
RAYA,2023-03-31,2023-05-30,Q1 2023,EGP,https://english.mubasher.info/markets/EGX/stocks/RAYA/financial-statements,,142977907.0,2270441372.0,24010040698.0,-16736466.0,,21739599326.0,,4281297768.0
RAYA,2023-06-30,2023-08-29,Q2 2023,EGP,https://english.mubasher.info/markets/EGX/stocks/RAYA/financial-statements,,144304756.0,2502404990.0,26166519159.0,903289463.0,,23664114169.0,,4281297768.0
RAYA,2023-09-30,2023-11-29,Q3 2023,EGP,https://english.mubasher.info/markets/EGX/stocks/RAYA/financial-statements,,105663824.0,2746659883.0,27069599201.0,234509169.0,,24322939318.0,,4281297768.0
RAYA,2023-12-31,2024-02-29,Q4 2023,EGP,https://english.mubasher.info/markets/EGX/stocks/RAYA/financial-statements,,48410258.0,2923400201.0,27148953582.0,1593887855.0,,24225553381.0,,4281297768.0
RAYA,2023-12-31,2024-03-30,FY 2023,EGP,https://english.mubasher.info/markets/EGX/stocks/RAYA/financial-statements,,441356745.0,2923400201.0,27148953582.0,2714950021.0,,24225553381.0,,4281297768.0
RAYA,2024-03-31,2024-05-30,Q1 2024,EGP,https://english.mubasher.info/markets/EGX/stocks/RAYA/financial-statements,,330954771.0,3515177849.0,32275315193.0,211723964.0,,28760137344.0,,4281297768.0
RAYA,2024-06-30,2024-08-29,Q2 2024,EGP,https://english.mubasher.info/markets/EGX/stocks/RAYA/financial-statements,,323478955.0,3783341069.0,35258373625.0,822489421.0,,31475032556.0,,4281297768.0
RAYA,2024-09-30,2024-11-18,Q3 2024,EGP,https://english.mubasher.info/news/4370402/Raya-Holding-records-EGP-1-2bn-net-profits-in-9M-24/,,455845860.0,4254249003.0,36736382798.0,885602851.0,,32482133795.0,,4281297768.0
RAYA,2024-12-31,2025-03-01,Q4 2024,EGP,https://english.mubasher.info/markets/EGX/stocks/RAYA/financial-statements,,578264230.0,4751966065.0,39112323637.0,1199263060.0,,34360357572.0,,4281297768.0
RAYA,2024-12-31,2025-03-31,FY 2024,EGP,https://english.mubasher.info/markets/EGX/stocks/RAYA/financial-statements,,1688543816.0,4751966065.0,39112323637.0,3119079296.0,,34360357572.0,,4281297768.0
RAYA,2025-03-31,2025-05-30,Q1 2025,EGP,https://english.mubasher.info/markets/EGX/stocks/RAYA/financial-statements,,370221744.0,5095473008.0,42632404430.0,-3429651025.0,,37536931422.0,,4281297768.0
RAYA,2025-06-30,2025-08-19,Q2 2025,EGP,https://english.mubasher.info/news/4488287/Raya-Holding-posts-27-5-hike-in-H1-25-consolidated-net-profits/,,521822186.0,5659745313.0,,-719263788.0,,,,4281297768.0
RAYA,2025-09-30,2025-11-19,Q3 2025,EGP,https://english.mubasher.info/news/4525982/Raya-Holding-generates-EGP-45-5bn-revenues-in-9M-25-profits-leap-62-5-in-Q3/,,740075343.0,,,665720657.0,,,,4281297768.0
RAYA,2025-12-31,2026-03-01,Q4 2025,EGP,https://english.mubasher.info/markets/EGX/stocks/RAYA/financial-statements,,956238.121,,,,,,,4281297768.0
RMDA,2020-12-31,2021-03-31,FY 2020,EGP,https://english.mubasher.info/markets/EGX/stocks/RMDA/financial-statements,,112180469.0,1183570044.0,2249315168.0,-164324316.0,,1065745124.0000001,,1510996292.0
RMDA,2021-03-31,2021-05-30,Q1 2021,EGP,https://english.mubasher.info/markets/EGX/stocks/RMDA/financial-statements,,30161707.0,1212769343.0,2224791066.0,40839806.0,,1012021723.0,,1510996292.0
RMDA,2021-06-30,2021-08-09,Q2 2021,EGP,https://english.mubasher.info/news/3839393/Rameda-records-EGP-61-5m-profits-in-H1-21/,,31603387.0,1229532990.0,2179005296.0,94595358.0,,949472306.0,,1510996292.0
RMDA,2021-09-30,2021-11-29,Q3 2021,EGP,https://english.mubasher.info/markets/EGX/stocks/RMDA/financial-statements,,45310841.0,1274679559.0,2346770783.0,80186647.0,,1072091223.9999999,,1510996292.0
RMDA,2021-12-31,2022-03-01,Q4 2021,EGP,https://english.mubasher.info/markets/EGX/stocks/RMDA/financial-statements,,74012818.0,1345488743.0,2420300530.0,25728456.0,,1074811787.0,,1510996292.0
RMDA,2021-12-31,2022-03-31,FY 2021,EGP,https://english.mubasher.info/markets/EGX/stocks/RMDA/financial-statements,,181088753.0,1345488743.0,2420300530.0,241350267.0,,1074811787.0,,1510996292.0
RMDA,2022-03-31,2022-05-30,Q1 2022,EGP,https://english.mubasher.info/markets/EGX/stocks/RMDA/financial-statements,,71799153.0,1355406738.0,2415653535.0,94008113.0,,1060246797.0,,1510996292.0
RMDA,2022-06-30,2022-08-29,Q2 2022,EGP,https://english.mubasher.info/markets/EGX/stocks/RMDA/financial-statements,,52405052.0,1414366335.0,2556461642.0,33679121.0,,1142095307.0,,1510996292.0
RMDA,2022-09-30,2022-11-29,Q3 2022,EGP,https://english.mubasher.info/markets/EGX/stocks/RMDA/financial-statements,,70691390.0,1475594279.0,2657999235.0,6415178.0,,1182404956.0,,1510996292.0
RMDA,2022-12-31,2023-03-01,Q4 2022,EGP,https://english.mubasher.info/markets/EGX/stocks/RMDA/financial-statements,,50780492.0,1523176693.0,2773031357.0,-104754433.0,,1249854664.0,,1510996292.0
RMDA,2022-12-31,2023-03-31,FY 2022,EGP,https://english.mubasher.info/markets/EGX/stocks/RMDA/financial-statements,,245676087.0,1523176693.0,2773031357.0,29347979.0,,1249854664.0,,1510996292.0
RMDA,2023-03-31,2023-05-30,Q1 2023,EGP,https://english.mubasher.info/markets/EGX/stocks/RMDA/financial-statements,,66513869.0,1597505912.0,2879228762.0,22783716.0,,1281722850.0,,1510996292.0
RMDA,2023-06-30,2023-08-29,Q2 2023,EGP,https://english.mubasher.info/markets/EGX/stocks/RMDA/financial-statements,,49161009.0,1632487891.0,3154671429.0,-25068849.0,,1522183538.0,,1510996292.0
RMDA,2023-09-30,2023-11-29,Q3 2023,EGP,https://english.mubasher.info/markets/EGX/stocks/RMDA/financial-statements,,76288972.0,1715450605.0,3269905050.0,-91538640.0,,1554454445.0,,1510996292.0
RMDA,2023-12-31,2024-02-29,Q4 2023,EGP,https://english.mubasher.info/markets/EGX/stocks/RMDA/financial-statements,,52895598.0,1775499260.0,3218272019.0,49328304.0,,1442772759.0,,1510996292.0
RMDA,2023-12-31,2024-03-30,FY 2023,EGP,https://english.mubasher.info/markets/EGX/stocks/RMDA/financial-statements,,244859448.0,1775499260.0,3218272019.0,-44495469.0,,1442772759.0,,1510996292.0
RMDA,2024-03-31,2024-05-30,Q1 2024,EGP,https://english.mubasher.info/markets/EGX/stocks/RMDA/financial-statements,,57008967.0,1835641673.0,3361484562.0,-65699811.0,,1525842889.0,,1510996292.0
RMDA,2024-06-30,2024-08-29,Q2 2024,EGP,https://english.mubasher.info/markets/EGX/stocks/RMDA/financial-statements,,61835804.0,1780417933.0,3244371587.0,61906719.0,,1463953654.0,,1510996292.0
RMDA,2024-09-30,2024-11-29,Q3 2024,EGP,https://english.mubasher.info/markets/EGX/stocks/RMDA/financial-statements,,115678403.0,1909218314.0,3591971543.0,20108999.0,,1682753229.0,,1510996292.0
RMDA,2024-12-31,2025-03-01,Q4 2024,EGP,https://english.mubasher.info/markets/EGX/stocks/RMDA/financial-statements,,152843698.0,2071644370.0,4311315751.0,-323235534.0,,2239671381.0,,1510996292.0
RMDA,2024-12-31,2025-03-31,FY 2024,EGP,https://english.mubasher.info/markets/EGX/stocks/RMDA/financial-statements,,387366872.0,2071644370.0,4311315751.0,-306919627.0,,2239671381.0,,1510996292.0
RMDA,2025-06-30,2025-08-29,Q2 2025,EGP,https://english.mubasher.info/markets/EGX/stocks/RMDA/financial-statements,,88444767.0,2069195519.0,,-295550658.0,,,,1510996292.0
RMDA,2025-09-30,2025-11-29,Q3 2025,EGP,http://data.feedgfm.com/mix2/DCMServiceProvider?ROLE=A&RT=87&ID=8B935B83-97C6-4EFD-8761-E3F8951F0032.pdf,,97603479.0,2164722523.0,,,,,,1510996292.0
TMGH,2020-12-31,2021-03-31,FY 2020,EGP,https://english.mubasher.info/markets/EGX/stocks/TMGH/financial-statements,,1671973444.0,33616283570.0,117895485655.0,979112524.0,,84279202085.0,,2060653786.0
TMGH,2021-03-31,2021-05-30,Q1 2021,EGP,https://english.mubasher.info/markets/EGX/stocks/TMGH/financial-statements,,447080717.0,33720862845.0,120603203617.0,807740623.0,,86882340772.0,,2060653786.0
TMGH,2021-06-30,2021-08-29,Q2 2021,EGP,https://english.mubasher.info/markets/EGX/stocks/TMGH/financial-statements,,422300492.0,34136777845.0,125397864074.0,1432857584.0,,91261086229.0,,2060653786.0
TMGH,2021-09-30,2021-11-29,Q3 2021,EGP,https://english.mubasher.info/markets/EGX/stocks/TMGH/financial-statements,,829400760.0,34978400256.0,131382200099.0,-145293890.0,,96403799843.0,,2060653786.0
TMGH,2021-12-31,2022-03-01,Q4 2021,EGP,https://english.mubasher.info/markets/EGX/stocks/TMGH/financial-statements,,62869082.0,35043495375.0,138717841483.0,21024786.0,,103674346108.0,,2060653786.0
TMGH,2021-12-31,2022-03-31,FY 2021,EGP,https://english.mubasher.info/markets/EGX/stocks/TMGH/financial-statements,,1761651051.0,35043495375.0,138717841483.0,2116329103.0,,103674346108.0,,2060653786.0
TMGH,2022-03-31,2022-05-30,Q1 2022,EGP,https://english.mubasher.info/markets/EGX/stocks/TMGH/financial-statements,,565685320.0,35216286042.0,145513515163.0,452561604.0,,110297229121.0,,2060653786.0
TMGH,2022-06-30,2022-08-29,Q2 2022,EGP,https://english.mubasher.info/markets/EGX/stocks/TMGH/financial-statements,,546604236.0,35739911782.0,148613409402.0,3625882850.0,,112873497620.0,,2060653786.0
TMGH,2022-09-30,2022-11-29,Q3 2022,EGP,https://english.mubasher.info/markets/EGX/stocks/TMGH/financial-statements,,887418749.0,36616266160.0,149862001583.0,-393317479.0,,113245735423.0,,2060653786.0
TMGH,2022-12-31,2023-03-01,Q4 2022,EGP,https://english.mubasher.info/markets/EGX/stocks/TMGH/financial-statements,,304798349.0,36928331767.0,162718070268.0,1806210831.0,,125789738501.0,,2060653786.0
TMGH,2022-12-31,2023-03-31,FY 2022,EGP,https://english.mubasher.info/markets/EGX/stocks/TMGH/financial-statements,,2304506654.0,36928331767.0,162718070268.0,5491337806.0,,125789738501.0,,2060653786.0
TMGH,2023-03-31,2023-05-30,Q1 2023,EGP,https://english.mubasher.info/markets/EGX/stocks/TMGH/financial-statements,,747459626.0,37285982547.0,177133974529.0,195738940.0,,139847991982.0,,2060653786.0
TMGH,2023-06-30,2023-08-29,Q2 2023,EGP,https://english.mubasher.info/markets/EGX/stocks/TMGH/financial-statements,,812735737.0,38139479541.0,187376206045.0,3439291318.0,,149236726504.0,,2060653786.0
TMGH,2023-09-30,2023-11-29,Q3 2023,EGP,https://english.mubasher.info/markets/EGX/stocks/TMGH/financial-statements,,1123830344.0,39322129087.0,197723537182.0,2280808505.0,,158401408095.0,,2060653786.0
TMGH,2023-12-31,2024-02-29,Q4 2023,EGP,https://english.mubasher.info/markets/EGX/stocks/TMGH/financial-statements,,629315004.0,39015774786.0,202034498021.0,1720235442.0,,163018723235.0,,2060653786.0
TMGH,2023-12-31,2024-03-30,FY 2023,EGP,https://english.mubasher.info/markets/EGX/stocks/TMGH/financial-statements,,3313340711.0,39015774786.0,202034498021.0,7636074205.0,,163018723235.0,,2060653786.0
TMGH,2024-03-31,2024-05-30,Q1 2024,EGP,https://english.mubasher.info/markets/EGX/stocks/TMGH/financial-statements,,2390087949.0,116427359044.0,297510510389.0,654063219.0,,181083151345.0,,2060653786.0
TMGH,2024-06-30,2024-08-14,Q2 2024,EGP,https://english.mubasher.info/news/4328763/TMG-Holding-s-consolidated-profits-skyrocket-308-in-H1-24/,,1499041015.0,119223057504.0,312031319290.0,19699175452.0,,192808261786.0,,2060653786.0
TMGH,2024-09-30,2024-11-18,Q3 2024,EGP,https://english.mubasher.info/news/4370132/TMG-Holding-s-consolidated-profits-surpass-EGP-9bn-in-9M-24/,,2459892475.0,122007216777.0,323448431801.0,-3320149972.0,,201441215024.0,,2060653786.0
TMGH,2024-12-31,2025-03-01,Q4 2024,EGP,https://english.mubasher.info/markets/EGX/stocks/TMGH/financial-statements,,4374053032.0,131482227012.0,356781348798.0,-11674706634.0,,225299121786.0,,2060653786.0
TMGH,2024-12-31,2025-03-31,FY 2024,EGP,https://english.mubasher.info/markets/EGX/stocks/TMGH/financial-statements,,10723074471.0,131482227012.0,356781348798.0,5358382065.0,,225299121786.0,,2060653786.0
TMGH,2025-03-31,2025-05-30,Q1 2025,EGP,https://english.mubasher.info/markets/EGX/stocks/TMGH/financial-statements,,3693603495.0,134345446441.0,374604360156.0,-1604986444.0,,240258913715.0,,2060653786.0
TMGH,2025-06-30,2025-08-12,Q2 2025,EGP,https://english.mubasher.info/news/4479337/TMG-Holding-s-consolidated-net-profits-jump-69-in-H1-25/,,2711829081.0,133774158741.0,,,,,,2060653786.0
TMGH,2025-09-30,2025-11-13,Q3 2025,EGP,https://english.mubasher.info/news/4522911/TMG-Holding-s-consolidated-revenues-exceed-EGP-21-4bn-in-9M-25/,,4066210092.0,148553429929.0,,,,,,2060653786.0
TMGH,2025-12-31,2026-03-01,Q4 2025,EGP,https://english.mubasher.info/markets/EGX/stocks/TMGH/financial-statements,,3912247638.0,157708140765.0,,,,,,2060653786.0
VLMR,2021-03-31,2021-05-17,Q1 2021,USD,https://english.mubasher.info/news/3808005/Egypt-Kuwait-Holding-s-Q1-profit-grows-30-/,,42742942.0,750894961.0,1687833826.0,41599535.0,,936938865.0,,830840311.0
VLMR,2021-06-30,2021-08-10,Q2 2021,USD,https://english.mubasher.info/news/3840213/Egypt-Kuwait-Holding-s-profit-rises-36-in-H1-21/,,2433188.0,814525831.0,1778779987.0,-2484393.0,,964254156.0,,830840311.0
VLMR,2021-09-30,2021-11-29,Q3 2021,USD,https://english.mubasher.info/markets/EGX/stocks/VLMR/financial-statements,,1640709.0,897288327.0,2069308161.0,80844260.0,,1172019834.0,,830840311.0
VLMR,2021-12-31,2022-03-01,Q4 2021,USD,https://english.mubasher.info/markets/EGX/stocks/VLMR/financial-statements,,124042829.0,913442974.0,2165677106.0,76674779.0,,1252234132.0,,830840311.0
VLMR,2021-12-31,2022-03-31,FY 2021,USD,https://english.mubasher.info/markets/EGX/stocks/VLMR/financial-statements,,170859668.0,913442974.0,2165677106.0,196634181.0,,1252234132.0,,830840311.0
VLMR,2022-03-31,2022-05-30,Q1 2022,USD,https://english.mubasher.info/markets/EGX/stocks/VLMR/financial-statements,,71056444.0,807140510.0,2144722187.0,259983281.0,,1337581677.0,,830840311.0
VLMR,2022-06-30,2022-08-29,Q2 2022,USD,https://english.mubasher.info/markets/EGX/stocks/VLMR/financial-statements,,72386361.0,880745661.0,2016508609.0,107611759.0,,1135762948.0,,830840311.0
VLMR,2022-09-30,2022-11-14,Q3 2022,USD,https://english.mubasher.info/news/4039027/Egypt-Kuwait-Holding-registers-312m-in-9M-22-profits/,,-79800965.0,939004069.0,2143435258.0,67528784.0,,1204431189.0,,830840311.0
VLMR,2022-12-31,2023-03-01,Q4 2022,USD,https://english.mubasher.info/markets/EGX/stocks/VLMR/financial-statements,,177420892.0,843063795.0,1960281096.0,-130906165.0,,1117217301.0,,830840311.0
VLMR,2022-12-31,2023-03-31,FY 2022,USD,https://english.mubasher.info/markets/EGX/stocks/VLMR/financial-statements,,241062732.0,843063795.0,1960281096.0,304217659.0,,1117217301.0,,830840311.0
VLMR,2023-03-31,2023-05-30,Q1 2023,USD,https://english.mubasher.info/markets/EGX/stocks/VLMR/financial-statements,,60023603.0,562627635.0,1878318459.0,83010784.0,,1315690824.0,,830840311.0
VLMR,2023-06-30,2023-08-29,Q2 2023,USD,https://english.mubasher.info/markets/EGX/stocks/VLMR/financial-statements,,40445111.0,605455199.0,1913592989.0,31715157.0,,1308137790.0,,830840311.0
VLMR,2023-09-30,2023-11-29,Q3 2023,USD,https://english.mubasher.info/markets/EGX/stocks/VLMR/financial-statements,,36083342.0,636105907.0,1922900307.0,-36529562.0,,1286794400.0,,830840311.0
VLMR,2023-12-31,2024-02-29,Q4 2023,USD,https://english.mubasher.info/markets/EGX/stocks/VLMR/financial-statements,,42624815.0,640047644.0,1745727760.0,249543763.0,,1105680116.0,,830840311.0
VLMR,2023-12-31,2024-03-30,FY 2023,USD,https://english.mubasher.info/markets/EGX/stocks/VLMR/financial-statements,,179176871.0,640047644.0,1745727760.0,327740142.0,,1105680116.0,,830840311.0
VLMR,2024-03-31,2024-05-30,Q1 2024,USD,https://english.mubasher.info/markets/EGX/stocks/VLMR/financial-statements,,62614092.0,424716794.0,1504187787.0,110651615.0,,1079470993.0,,830840311.0
VLMR,2024-06-30,2024-08-29,Q2 2024,USD,https://english.mubasher.info/markets/EGX/stocks/VLMR/financial-statements,,-22169491.0,447213355.0,1439591658.0,-131472824.0,,992378303.0,,830840311.0
VLMR,2024-09-30,2024-11-29,Q3 2024,USD,https://english.mubasher.info/markets/EGX/stocks/VLMR/financial-statements,,-4361259.0,483005187.0,1465246098.0,8470329.0,,982240911.0,,830840311.0
VLMR,2024-12-31,2025-03-01,Q4 2024,USD,https://english.mubasher.info/markets/EGX/stocks/VLMR/financial-statements,,126945188.0,493164177.0,1449224726.0,74561065.0,,956060549.0,,830840311.0
VLMR,2024-12-31,2025-03-31,FY 2024,USD,https://english.mubasher.info/markets/EGX/stocks/VLMR/financial-statements,,163028530.0,493164177.0,1449224726.0,62210185.0,,956060549.0,,830840311.0
VLMR,2025-03-31,2025-05-30,Q1 2025,USD,https://english.mubasher.info/markets/EGX/stocks/VLMR/financial-statements,,34067670.0,503691010.0,1520565853.0,48261460.0,,1016874843.0,,830840311.0
VLMR,2025-06-30,2025-08-19,Q2 2025,USD,https://english.mubasher.info/news/4488264/Egypt-Kuwait-Holding-s-consolidated-net-profits-up-to-101m-in-H1-25/,,56296725.0,525741290.0,,,,,,830840311.0
VLMR,2025-09-30,2025-11-29,Q3 2025,USD,https://english.mubasher.info/markets/EGX/stocks/VLMR/financial-statements,,,557909946.0,,,,,,830840311.0
VLMR,2025-12-31,2026-03-31,FY 2025,USD,http://data.feedgfm.com/mix2/DCMServiceProvider?ROLE=A&RT=87&ID=05219A38-AD84-4215-9EE8-FD1778904C0D.pdf,,161182.385,,,,,,,830840311.0
VLMRA,2021-03-31,2021-05-17,Q1 2021,USD,https://english.mubasher.info/news/3808005/Egypt-Kuwait-Holding-s-Q1-profit-grows-30-/,,42742942.0,750894961.0,1687833826.0,41599535.0,,936938865.0,,352389240.0
VLMRA,2021-06-30,2021-08-10,Q2 2021,USD,https://english.mubasher.info/news/3840213/Egypt-Kuwait-Holding-s-profit-rises-36-in-H1-21/,,2433188.0,814525831.0,1778779987.0,-2484393.0,,964254156.0,,352389240.0
VLMRA,2021-09-30,2021-11-29,Q3 2021,USD,https://english.mubasher.info/markets/EGX/stocks/VLMRA/financial-statements,,1640709.0,897288327.0,2069308161.0,80844260.0,,1172019834.0,,352389240.0
VLMRA,2021-12-31,2022-03-01,Q4 2021,USD,https://english.mubasher.info/markets/EGX/stocks/VLMRA/financial-statements,,124042829.0,913442974.0,2165677106.0,76674779.0,,1252234132.0,,352389240.0
VLMRA,2021-12-31,2022-03-31,FY 2021,USD,https://english.mubasher.info/markets/EGX/stocks/VLMRA/financial-statements,,170859668.0,913442974.0,2165677106.0,196634181.0,,1252234132.0,,352389240.0
VLMRA,2022-03-31,2022-05-30,Q1 2022,USD,https://english.mubasher.info/markets/EGX/stocks/VLMRA/financial-statements,,71056444.0,807140510.0,2144722187.0,259983281.0,,1337581677.0,,352389240.0
VLMRA,2022-06-30,2022-08-29,Q2 2022,USD,https://english.mubasher.info/markets/EGX/stocks/VLMRA/financial-statements,,72386361.0,880745661.0,2016508609.0,107611759.0,,1135762948.0,,352389240.0
VLMRA,2022-09-30,2022-11-14,Q3 2022,USD,https://english.mubasher.info/news/4039027/Egypt-Kuwait-Holding-registers-312m-in-9M-22-profits/,,-79800965.0,939004069.0,2143435258.0,67528784.0,,1204431189.0,,352389240.0
VLMRA,2022-12-31,2023-03-01,Q4 2022,USD,https://english.mubasher.info/markets/EGX/stocks/VLMRA/financial-statements,,177420892.0,843063795.0,1960281096.0,-130906165.0,,1117217301.0,,352389240.0
VLMRA,2022-12-31,2023-03-31,FY 2022,USD,https://english.mubasher.info/markets/EGX/stocks/VLMRA/financial-statements,,241062732.0,843063795.0,1960281096.0,304217659.0,,1117217301.0,,352389240.0
VLMRA,2023-03-31,2023-05-30,Q1 2023,USD,https://english.mubasher.info/markets/EGX/stocks/VLMRA/financial-statements,,60023603.0,562627635.0,1878318459.0,83010784.0,,1315690824.0,,352389240.0
VLMRA,2023-06-30,2023-08-29,Q2 2023,USD,https://english.mubasher.info/markets/EGX/stocks/VLMRA/financial-statements,,40445111.0,605455199.0,1913592989.0,31715157.0,,1308137790.0,,352389240.0
VLMRA,2023-09-30,2023-11-29,Q3 2023,USD,https://english.mubasher.info/markets/EGX/stocks/VLMRA/financial-statements,,36083342.0,636105907.0,1922900307.0,-36529562.0,,1286794400.0,,352389240.0
VLMRA,2023-12-31,2024-02-29,Q4 2023,USD,https://english.mubasher.info/markets/EGX/stocks/VLMRA/financial-statements,,42624815.0,640047644.0,1745727760.0,249543763.0,,1105680116.0,,352389240.0
VLMRA,2023-12-31,2024-03-30,FY 2023,USD,https://english.mubasher.info/markets/EGX/stocks/VLMRA/financial-statements,,179176871.0,640047644.0,1745727760.0,327740142.0,,1105680116.0,,352389240.0
VLMRA,2024-03-31,2024-05-30,Q1 2024,USD,https://english.mubasher.info/markets/EGX/stocks/VLMRA/financial-statements,,62614092.0,424716794.0,1504187787.0,110651615.0,,1079470993.0,,352389240.0
VLMRA,2024-06-30,2024-08-29,Q2 2024,USD,https://english.mubasher.info/markets/EGX/stocks/VLMRA/financial-statements,,-22169491.0,447213355.0,1439591658.0,-131472824.0,,992378303.0,,352389240.0
VLMRA,2024-09-30,2024-11-29,Q3 2024,USD,https://english.mubasher.info/markets/EGX/stocks/VLMRA/financial-statements,,-4361259.0,483005187.0,1465246098.0,8470329.0,,982240911.0,,352389240.0
VLMRA,2024-12-31,2025-03-01,Q4 2024,USD,https://english.mubasher.info/markets/EGX/stocks/VLMRA/financial-statements,,126945188.0,493164177.0,1449224726.0,74561065.0,,956060549.0,,352389240.0
VLMRA,2024-12-31,2025-03-31,FY 2024,USD,https://english.mubasher.info/markets/EGX/stocks/VLMRA/financial-statements,,163028530.0,493164177.0,1449224726.0,62210185.0,,956060549.0,,352389240.0
VLMRA,2025-03-31,2025-05-30,Q1 2025,USD,https://english.mubasher.info/markets/EGX/stocks/VLMRA/financial-statements,,34067670.0,503691010.0,1520565853.0,48261460.0,,1016874843.0,,352389240.0
VLMRA,2025-06-30,2025-08-19,Q2 2025,USD,https://english.mubasher.info/news/4488264/Egypt-Kuwait-Holding-s-consolidated-net-profits-up-to-101m-in-H1-25/,,56296725.0,525741290.0,,,,,,352389240.0
VLMRA,2025-09-30,2025-11-29,Q3 2025,USD,https://english.mubasher.info/markets/EGX/stocks/VLMRA/financial-statements,,,557909946.0,,,,,,352389240.0
VLMRA,2025-12-31,2026-03-31,FY 2025,USD,http://data.feedgfm.com/mix2/DCMServiceProvider?ROLE=A&RT=87&ID=05219A38-AD84-4215-9EE8-FD1778904C0D.pdf,,161182.385,,,,,,,352389240.0
