date,symbol,shares,close,market_value,entry_date,bars_held
2015-10-12,COMI,3809.0,17.57,66924.13,2015-10-12,0
2015-10-18,COMI,3809.0,17.24,65667.15999999999,2015-10-12,1
2015-12-09,GBCO,21920.0,3.46,75843.2,2015-12-09,0
2015-12-10,GBCO,21920.0,3.42,74966.4,2015-12-09,1
2015-12-17,GBCO,21920.0,3.62,79350.40000000001,2015-12-09,2
2015-12-20,GBCO,21920.0,3.56,78035.2,2015-12-09,3
2015-12-21,GBCO,21920.0,3.57,78254.4,2015-12-09,4
2015-12-24,GBCO,21920.0,3.52,77158.4,2015-12-09,5
2015-12-30,GBCO,21920.0,3.59,78692.8,2015-12-09,6
2015-12-31,GBCO,21920.0,3.54,77596.8,2015-12-09,7
2016-01-03,GBCO,21920.0,3.52,77158.4,2015-12-09,8
2016-01-05,GBCO,21920.0,3.41,74747.2,2015-12-09,9
2016-01-06,GBCO,21920.0,3.33,72993.6,2015-12-09,10
2016-01-10,GBCO,21920.0,3.21,70363.2,2015-12-09,11
2016-01-11,GBCO,21920.0,3.28,71897.59999999999,2015-12-09,12
2016-01-12,GBCO,21920.0,3.12,68390.40000000001,2015-12-09,13
2016-03-15,EGCH,27519.0,3.04,83657.76,2016-03-15,0
2016-03-15,ETEL,10789.0,7.82,84369.98,2016-03-15,0
2016-03-15,HELI,21048.0,3.94,82929.12,2016-03-15,0
2016-03-16,EGCH,27519.0,3.11,85584.09,2016-03-15,1
2016-03-16,ETEL,10789.0,7.91,85340.99,2016-03-15,1
2016-03-16,HELI,21048.0,4.02,84612.95999999999,2016-03-15,1
2016-03-17,EGCH,27519.0,3.11,85584.09,2016-03-15,2
2016-03-17,ETEL,10789.0,7.85,84693.65,2016-03-15,2
2016-03-17,HELI,21048.0,4.21,88612.08,2016-03-15,2
2016-03-20,EGCH,27519.0,3.05,83932.95,2016-03-15,3
2016-03-20,ETEL,10789.0,7.63,82320.06999999999,2016-03-15,3
2016-03-20,HELI,21048.0,4.36,91769.28000000001,2016-03-15,3
2016-03-21,EGCH,27519.0,3.05,83932.95,2016-03-15,4
2016-03-21,ETEL,10789.0,7.53,81241.17,2016-03-15,4
2016-03-21,HELI,21048.0,4.38,92190.23999999999,2016-03-15,4
2016-03-22,EGCH,27519.0,3.04,83657.76,2016-03-15,5
2016-03-22,ETEL,10789.0,7.46,80485.94,2016-03-15,5
2016-03-22,HELI,21048.0,4.29,90295.92,2016-03-15,5
2016-03-23,EGCH,27519.0,3.12,85859.28,2016-03-15,6
2016-03-23,ETEL,10789.0,7.52,81133.28,2016-03-15,6
2016-03-23,HELI,21048.0,4.34,91348.31999999999,2016-03-15,6
2016-03-27,EGCH,27519.0,3.18,87510.42,2016-03-15,7
2016-03-27,ETEL,10789.0,7.87,84909.43000000001,2016-03-15,7
2016-03-27,HELI,21048.0,4.33,91137.84,2016-03-15,7
2016-03-28,EGCH,27519.0,3.17,87235.23,2016-03-15,8
2016-03-28,ETEL,10789.0,7.83,84477.87,2016-03-15,8
2016-03-28,HELI,21048.0,4.3,90506.4,2016-03-15,8
2016-03-29,EGCH,27519.0,3.18,87510.42,2016-03-15,9
2016-03-29,ETEL,10789.0,7.84,84585.76,2016-03-15,9
2016-03-29,HELI,21048.0,4.34,91348.31999999999,2016-03-15,9
2016-03-30,EGCH,27519.0,3.25,89436.75,2016-03-15,10
2016-03-30,ETEL,10789.0,8.26,89117.14,2016-03-15,10
2016-03-30,HELI,21048.0,4.26,89664.48,2016-03-15,10
2016-04-04,EGCH,27519.0,3.37,92739.03,2016-03-15,11
2016-04-04,ETEL,10789.0,8.42,90843.38,2016-03-15,11
2016-04-04,HELI,21048.0,4.46,93874.08,2016-03-15,11
2016-04-05,EGCH,27519.0,3.31,91087.89,2016-03-15,12
2016-04-05,ETEL,10789.0,8.6,92785.4,2016-03-15,12
2016-04-06,EGCH,27519.0,3.19,87785.61,2016-03-15,13
2016-04-06,ETEL,10789.0,8.34,89980.26,2016-03-15,13
2016-04-12,EGCH,27519.0,3.15,86684.84999999999,2016-03-15,14
2016-04-12,ETEL,10789.0,8.23,88793.47,2016-03-15,14
2016-04-14,EGCH,27519.0,3.16,86960.04000000001,2016-03-15,15
2016-04-14,ETEL,10789.0,8.38,90411.82,2016-03-15,15
2016-04-17,EGCH,27519.0,3.21,88335.99,2016-03-15,16
2016-04-17,ETEL,10789.0,8.5,91706.5,2016-03-15,16
2016-04-18,EGCH,27519.0,3.23,88886.37,2016-03-15,17
2016-04-18,ETEL,10789.0,8.68,93648.52,2016-03-15,17
2016-04-19,EGCH,27519.0,3.33,91638.27,2016-03-15,18
2016-04-19,ETEL,10789.0,8.91,96129.99,2016-03-15,18
2016-04-20,EGCH,27519.0,3.28,90262.31999999999,2016-03-15,19
2016-04-21,EGCH,27519.0,3.25,89436.75,2016-03-15,20
2016-04-26,EGCH,27519.0,3.23,88886.37,2016-03-15,21
2016-04-27,EGCH,27519.0,3.2,88060.8,2016-03-15,22
2016-04-28,EGCH,27519.0,3.12,85859.28,2016-03-15,23
2016-06-02,ETEL,11239.0,9.15,102836.85,2016-06-02,0
2016-06-05,ETEL,11239.0,9.06,101825.34000000001,2016-06-02,1
2016-06-06,ETEL,11239.0,9.04,101600.56,2016-06-02,2
2016-06-07,ETEL,11239.0,9.06,101825.34000000001,2016-06-02,3
2016-06-08,ETEL,11239.0,9.32,104747.48,2016-06-02,4
2016-06-13,ETEL,11239.0,9.56,107444.84000000001,2016-06-02,5
2016-07-10,ETEL,11239.0,8.78,98678.42,2016-06-02,6
2016-07-17,ETEL,11239.0,9.38,105421.82,2016-06-02,7
2016-07-18,ETEL,11239.0,9.47,106433.33,2016-06-02,8
2016-07-18,AMOC,46499.0,2.29,106482.71,2016-07-18,0
2016-07-19,ETEL,11239.0,9.45,106208.54999999999,2016-06-02,9
2016-07-19,AMOC,46499.0,2.29,106482.71,2016-07-18,1
2016-07-24,ETEL,11239.0,9.01,101263.39,2016-06-02,10
2016-07-24,AMOC,46499.0,2.28,106017.71999999999,2016-07-18,2
2016-07-26,ETEL,11239.0,8.87,99689.93,2016-06-02,11
2016-07-26,AMOC,46499.0,2.33,108342.67,2016-07-18,3
2016-07-27,ETEL,11239.0,9.07,101937.73,2016-06-02,12
2016-07-27,AMOC,46499.0,2.36,109737.64,2016-07-18,4
2016-07-28,ETEL,11239.0,9.13,102612.07,2016-06-02,13
2016-07-28,AMOC,46499.0,2.33,108342.67,2016-07-18,5
2016-08-02,ETEL,11239.0,9.16,102949.24,2016-06-02,14
2016-08-02,AMOC,46499.0,2.39,111132.61,2016-07-18,6
2016-08-03,ETEL,11239.0,9.22,103623.58,2016-06-02,15
2016-08-03,AMOC,46499.0,2.39,111132.61,2016-07-18,7
2016-08-03,HELI,25535.0,4.64,118482.4,2016-08-03,0
2016-08-04,ETEL,11239.0,9.26,104073.14,2016-06-02,16
2016-08-04,AMOC,46499.0,2.38,110667.62,2016-07-18,8
2016-08-04,HELI,25535.0,4.65,118737.75000000001,2016-08-03,1
2016-08-07,ETEL,11239.0,9.18,103174.02,2016-06-02,17
2016-08-07,AMOC,46499.0,2.43,112992.57,2016-07-18,9
2016-08-07,HELI,25535.0,4.59,117205.65,2016-08-03,2
2016-08-08,ETEL,11239.0,9.28,104297.92,2016-06-02,18
2016-08-08,AMOC,46499.0,2.51,116712.48999999999,2016-07-18,10
2016-08-08,HELI,25535.0,4.61,117716.35,2016-08-03,3
2016-08-10,ETEL,11239.0,9.53,107107.67,2016-06-02,19
2016-08-10,AMOC,46499.0,2.53,117642.46999999999,2016-07-18,11
2016-08-10,HELI,25535.0,4.63,118227.05,2016-08-03,4
2016-08-11,ETEL,11239.0,9.55,107332.45000000001,2016-06-02,20
2016-08-11,AMOC,46499.0,2.53,117642.46999999999,2016-07-18,12
2016-08-11,HELI,25535.0,4.69,119759.15000000001,2016-08-03,5
2016-08-14,ETEL,11239.0,9.5,106770.5,2016-06-02,21
2016-08-14,AMOC,46499.0,2.53,117642.46999999999,2016-07-18,13
2016-08-14,HELI,25535.0,4.62,117971.7,2016-08-03,6
2016-08-15,ETEL,11239.0,9.53,107107.67,2016-06-02,22
2016-08-15,AMOC,46499.0,2.52,117177.48,2016-07-18,14
2016-08-15,HELI,25535.0,4.59,117205.65,2016-08-03,7
2016-08-16,ETEL,11239.0,9.48,106545.72,2016-06-02,23
2016-08-16,AMOC,46499.0,2.52,117177.48,2016-07-18,15
2016-08-16,HELI,25535.0,4.59,117205.65,2016-08-03,8
2016-08-18,AMOC,46499.0,2.46,114387.54,2016-07-18,16
2016-08-18,HELI,25535.0,4.78,122057.3,2016-08-03,9
2016-08-21,AMOC,46499.0,2.47,114852.53000000001,2016-07-18,17
2016-08-21,HELI,25535.0,4.81,122823.34999999999,2016-08-03,10
2016-08-25,AMOC,46499.0,2.55,118572.45,2016-07-18,18
2016-08-25,HELI,25535.0,4.57,116694.95000000001,2016-08-03,11
2016-08-25,ETEL,10647.0,9.83,104660.01,2016-08-25,0
2016-09-01,AMOC,46499.0,2.55,118572.45,2016-07-18,19
2016-09-01,HELI,25535.0,4.56,116439.59999999999,2016-08-03,12
2016-09-01,ETEL,10647.0,10.02,106682.94,2016-08-25,1
2016-09-04,AMOC,46499.0,2.56,119037.44,2016-07-18,20
2016-09-04,HELI,25535.0,4.63,118227.05,2016-08-03,13
2016-09-04,ETEL,10647.0,9.99,106363.53,2016-08-25,2
2016-09-05,AMOC,46499.0,2.59,120432.40999999999,2016-07-18,21
2016-09-05,HELI,25535.0,4.67,119248.45,2016-08-03,14
2016-09-05,ETEL,10647.0,10.07,107215.29000000001,2016-08-25,3
2016-09-07,HELI,25535.0,4.55,116184.25,2016-08-03,15
2016-09-07,ETEL,10647.0,9.86,104979.42,2016-08-25,4
2016-09-08,HELI,25535.0,4.51,115162.84999999999,2016-08-03,16
2016-09-08,ETEL,10647.0,9.7,103275.9,2016-08-25,5
2016-09-18,HELI,25535.0,4.31,110055.84999999999,2016-08-03,17
2016-09-18,ETEL,10647.0,9.31,99123.57,2016-08-25,6
2016-09-20,HELI,25535.0,4.35,111077.24999999999,2016-08-03,18
2016-09-25,HELI,25535.0,4.2,107247.0,2016-08-03,19
2016-10-09,ORWE,19524.0,6.07,118510.68000000001,2016-10-09,0
2016-10-09,HRHO,19013.0,6.18,117500.34,2016-10-09,0
2016-10-11,ORWE,19524.0,5.91,115386.84,2016-10-09,1
2016-10-11,HRHO,19013.0,5.98,113697.74,2016-10-09,1
2016-10-12,ORWE,19524.0,5.97,116558.28,2016-10-09,2
2016-10-12,HRHO,19013.0,6.02,114458.26,2016-10-09,2
2016-10-13,ORWE,19524.0,6.18,120658.31999999999,2016-10-09,3
2016-10-13,HRHO,19013.0,6.32,120162.16,2016-10-09,3
2016-10-16,ORWE,19524.0,6.09,118901.16,2016-10-09,4
2016-10-16,HRHO,19013.0,6.25,118831.25,2016-10-09,4
2016-10-17,ORWE,19524.0,5.87,114605.88,2016-10-09,5
2016-10-17,HRHO,19013.0,6.11,116169.43000000001,2016-10-09,5
2016-10-18,ORWE,19524.0,5.69,111091.56000000001,2016-10-09,6
2016-10-18,HRHO,19013.0,6.14,116739.81999999999,2016-10-09,6
2016-10-23,ORWE,19524.0,5.78,112848.72,2016-10-09,7
2016-10-23,HRHO,19013.0,6.54,124345.02,2016-10-09,7
2016-10-24,ORWE,19524.0,5.63,109920.12,2016-10-09,8
2016-10-24,HRHO,19013.0,6.58,125105.54000000001,2016-10-09,8
2016-10-26,ORWE,19524.0,5.58,108943.92,2016-10-09,9
2016-10-26,HRHO,19013.0,6.83,129858.79000000001,2016-10-09,9
2016-10-27,ORWE,19524.0,5.69,111091.56000000001,2016-10-09,10
2016-11-02,ORWE,19524.0,6.09,118901.16,2016-10-09,11
2016-11-03,ORWE,19524.0,6.13,119682.12,2016-10-09,12
2016-11-06,ORWE,19524.0,6.33,123586.92,2016-10-09,13
2016-11-06,TMGH,20515.0,6.58,134988.7,2016-11-06,0
2016-11-07,ORWE,19524.0,6.69,130615.56000000001,2016-10-09,14
2016-11-07,TMGH,20515.0,6.82,139912.30000000002,2016-11-06,1
2016-11-07,COMI,5016.0,25.45,127657.2,2016-11-07,0
2016-11-08,ORWE,19524.0,6.55,127882.2,2016-10-09,15
2016-11-08,TMGH,20515.0,6.8,139502.0,2016-11-06,2
2016-11-08,COMI,5016.0,26.05,130666.8,2016-11-07,1
2016-11-09,ORWE,19524.0,6.53,127491.72,2016-10-09,16
2016-11-09,TMGH,20515.0,7.0,143605.0,2016-11-06,3
2016-11-09,COMI,5016.0,25.96,130215.36,2016-11-07,2
2016-11-10,ORWE,19524.0,6.66,130029.84,2016-10-09,17
2016-11-10,TMGH,20515.0,7.47,153247.05,2016-11-06,4
2016-11-10,COMI,5016.0,26.81,134478.96,2016-11-07,3
2016-11-13,ORWE,19524.0,6.56,128077.43999999999,2016-10-09,18
2016-11-13,COMI,5016.0,27.65,138692.4,2016-11-07,4
2016-11-13,HRHO,18642.0,8.14,151745.88,2016-11-13,0
2016-11-14,ORWE,19524.0,6.45,125929.8,2016-10-09,19
2016-11-14,COMI,5016.0,26.89,134880.24,2016-11-07,5
2016-11-14,HRHO,18642.0,7.98,148763.16,2016-11-13,1
2016-11-15,ORWE,19524.0,6.51,127101.23999999999,2016-10-09,20
2016-11-15,COMI,5016.0,26.41,132472.56,2016-11-07,6
2016-11-15,HRHO,18642.0,8.3,154728.6,2016-11-13,2
2016-11-16,ORWE,19524.0,6.83,133348.92,2016-10-09,21
2016-11-16,COMI,5016.0,26.93,135080.88,2016-11-07,7
2016-11-16,HRHO,18642.0,8.72,162558.24000000002,2016-11-13,3
2016-11-17,ORWE,19524.0,6.79,132567.96,2016-10-09,22
2016-11-17,COMI,5016.0,27.45,137689.19999999998,2016-11-07,8
2016-11-17,HRHO,18642.0,9.02,168150.84,2016-11-13,4
2016-11-20,ORWE,19524.0,6.87,134129.88,2016-10-09,23
2016-11-20,COMI,5016.0,27.63,138592.08,2016-11-07,9
2016-11-20,HRHO,18642.0,9.02,168150.84,2016-11-13,5
2016-11-21,COMI,5016.0,27.94,140147.04,2016-11-07,10
2016-11-21,HRHO,18642.0,9.31,173557.02000000002,2016-11-13,6
2016-11-22,COMI,5016.0,27.61,138491.76,2016-11-07,11
2016-11-22,HRHO,18642.0,9.28,172997.75999999998,2016-11-13,7
2016-11-22,ORWE,19660.0,7.27,142928.19999999998,2016-11-22,0
2016-11-23,COMI,5016.0,27.49,137889.84,2016-11-07,12
2016-11-23,HRHO,18642.0,9.34,174116.28,2016-11-13,8
2016-11-23,ORWE,19660.0,7.53,148039.80000000002,2016-11-22,1
2016-11-28,COMI,5016.0,26.83,134579.28,2016-11-07,13
2016-11-28,HRHO,18642.0,8.88,165540.96000000002,2016-11-13,9
2016-11-28,ORWE,19660.0,8.21,161408.6,2016-11-22,2
2016-11-29,COMI,5016.0,26.47,132773.52,2016-11-07,14
2016-11-29,HRHO,18642.0,8.78,163676.75999999998,2016-11-13,10
2016-11-29,ORWE,19660.0,9.02,177333.19999999998,2016-11-22,3
2016-12-01,COMI,5016.0,27.73,139093.68,2016-11-07,15
2016-12-01,HRHO,18642.0,9.1,169642.19999999998,2016-11-13,11
2016-12-01,ORWE,20748.0,9.78,202915.43999999997,2016-12-01,0
2016-12-05,COMI,5016.0,27.39,137388.24,2016-11-07,16
2016-12-05,HRHO,18642.0,9.1,169642.19999999998,2016-11-13,12
2016-12-05,ORWE,20748.0,9.41,195238.68,2016-12-01,1
2016-12-06,COMI,5016.0,27.8,139444.80000000002,2016-11-07,17
2016-12-06,HRHO,18642.0,9.02,168150.84,2016-11-13,13
2016-12-06,ORWE,20748.0,9.75,202293.0,2016-12-01,2
2016-12-07,COMI,5016.0,27.37,137287.92,2016-11-07,18
2016-12-07,HRHO,18642.0,8.82,164422.44,2016-11-13,14
2016-12-07,ORWE,20748.0,9.7,201255.59999999998,2016-12-01,3
2016-12-13,COMI,5016.0,26.91,134980.56,2016-11-07,19
2016-12-13,HRHO,18642.0,8.82,164422.44,2016-11-13,15
2016-12-13,ORWE,20748.0,9.49,196898.52000000002,2016-12-01,4
2016-12-15,COMI,5016.0,26.75,134178.0,2016-11-07,20
2016-12-15,HRHO,18642.0,8.78,163676.75999999998,2016-11-13,16
2016-12-15,ORWE,20748.0,10.59,219721.32,2016-12-01,5
2016-12-18,COMI,5016.0,26.73,134077.68,2016-11-07,21
2016-12-18,HRHO,18642.0,8.85,164981.69999999998,2016-11-13,17
2016-12-18,ORWE,20748.0,10.87,225530.75999999998,2016-12-01,6
2016-12-19,COMI,5016.0,27.52,138040.32,2016-11-07,22
2016-12-19,HRHO,18642.0,9.51,177285.41999999998,2016-11-13,18
2016-12-19,ORWE,20748.0,10.81,224285.88,2016-12-01,7
2016-12-20,COMI,5016.0,28.32,142053.12,2016-11-07,23
2016-12-20,HRHO,18642.0,9.78,182318.75999999998,2016-11-13,19
2016-12-20,ORWE,20748.0,10.98,227813.04,2016-12-01,8
2016-12-22,TMGH,19394.0,9.52,184630.88,2016-12-22,0
2016-12-28,TMGH,19394.0,9.23,179006.62,2016-12-22,1
2016-12-29,TMGH,19394.0,9.13,177067.22,2016-12-22,2
2017-01-02,TMGH,19394.0,9.04,175321.75999999998,2016-12-22,3
2017-01-03,TMGH,19394.0,9.13,177067.22,2016-12-22,4
2017-01-03,ADIB,36925.0,5.42,200133.5,2017-01-03,0
2017-01-04,TMGH,19394.0,9.19,178230.86,2016-12-22,5
2017-01-04,ADIB,36925.0,5.43,200502.75,2017-01-03,1
2017-01-05,TMGH,19394.0,9.41,182497.54,2016-12-22,6
2017-01-05,ADIB,36925.0,5.27,194594.74999999997,2017-01-03,2
2017-01-08,TMGH,19394.0,9.38,181915.72,2016-12-22,7
2017-01-08,ADIB,36925.0,5.17,190902.25,2017-01-03,3
2017-01-08,HELI,21410.0,8.89,190334.90000000002,2017-01-08,0
2017-01-09,TMGH,19394.0,9.24,179200.56,2016-12-22,8
2017-01-09,ADIB,36925.0,5.34,197179.5,2017-01-03,4
2017-01-09,HELI,21410.0,9.05,193760.50000000003,2017-01-08,1
2017-01-10,TMGH,19394.0,9.29,180170.25999999998,2016-12-22,9
2017-01-10,ADIB,36925.0,5.46,201610.5,2017-01-03,5
2017-01-10,HELI,21410.0,9.66,206820.6,2017-01-08,2
2017-01-15,TMGH,19394.0,9.71,188315.74000000002,2016-12-22,10
2017-01-15,ADIB,36925.0,6.18,228196.5,2017-01-03,6
2017-01-15,HELI,21410.0,9.73,208319.30000000002,2017-01-08,3
2017-01-18,TMGH,19394.0,9.85,191030.9,2016-12-22,11
2017-01-18,ADIB,36925.0,6.15,227088.75,2017-01-03,7
2017-01-18,HELI,21410.0,9.9,211959.0,2017-01-08,4
2017-01-26,TMGH,19394.0,9.28,179976.31999999998,2016-12-22,12
2017-01-26,HELI,21410.0,10.17,217739.7,2017-01-08,5
2017-01-29,TMGH,19394.0,9.21,178618.74000000002,2016-12-22,13
2017-01-29,HELI,21410.0,10.24,219238.4,2017-01-08,6
2017-01-31,TMGH,19394.0,8.51,165042.94,2016-12-22,14
2017-01-31,HELI,21410.0,9.76,208961.6,2017-01-08,7
2017-02-07,HELI,21410.0,9.63,206178.30000000002,2017-01-08,8
2017-02-09,HELI,21410.0,9.47,202752.7,2017-01-08,9
2017-02-21,HELI,21410.0,9.14,195687.40000000002,2017-01-08,10
2017-02-23,HELI,21410.0,9.0,192690.0,2017-01-08,11
2017-03-01,HELI,21410.0,8.6,184126.0,2017-01-08,12
2017-03-06,HELI,21410.0,9.5,203395.0,2017-01-08,13
2017-03-07,HELI,21410.0,9.61,205750.09999999998,2017-01-08,14
2017-03-07,RAYA,1015906.0,0.18,182863.08,2017-03-07,0
2017-03-09,HELI,21410.0,9.58,205107.8,2017-01-08,15
2017-03-09,RAYA,1015906.0,0.18,182863.08,2017-03-07,1
2017-03-12,HELI,21410.0,9.59,205321.9,2017-01-08,16
2017-03-12,RAYA,1015906.0,0.19,193022.14,2017-03-07,2
2017-03-19,HELI,21410.0,10.35,221593.5,2017-01-08,17
2017-03-19,RAYA,1015906.0,0.21,213340.25999999998,2017-03-07,3
2017-03-20,HELI,21410.0,10.13,216883.30000000002,2017-01-08,18
2017-03-20,RAYA,1015906.0,0.22,223499.32,2017-03-07,4
2017-03-21,HELI,21410.0,10.04,214956.4,2017-01-08,19
2017-03-21,RAYA,1015906.0,0.22,223499.32,2017-03-07,5
2017-03-22,HELI,21410.0,9.99,213885.9,2017-01-08,20
2017-03-22,RAYA,1015906.0,0.22,223499.32,2017-03-07,6
2017-03-23,HELI,21410.0,9.97,213457.7,2017-01-08,21
2017-03-23,RAYA,1015906.0,0.22,223499.32,2017-03-07,7
2017-03-26,HELI,21410.0,10.05,215170.50000000003,2017-01-08,22
2017-03-26,RAYA,1015906.0,0.22,223499.32,2017-03-07,8
2017-03-26,ADIB,32605.0,6.18,201498.9,2017-03-26,0
2017-03-28,HELI,21410.0,9.83,210460.3,2017-01-08,23
2017-03-28,RAYA,1015906.0,0.23,233658.38,2017-03-07,9
2017-03-28,ADIB,32605.0,6.25,203781.25,2017-03-26,1
2017-04-05,RAYA,1015906.0,0.33,335248.98000000004,2017-03-07,10
2017-04-05,ADIB,32605.0,7.61,248124.05000000002,2017-03-26,2
2017-04-05,EGAL,19234.0,11.96,230038.64,2017-04-05,0
2017-04-06,EGAL,19234.0,12.43,239078.62,2017-04-05,1
2017-04-09,EGAL,19234.0,12.25,235616.5,2017-04-05,2
2017-04-09,RAYA,810227.0,0.37,299783.99,2017-04-09,0
2017-04-09,ABUK,24165.0,11.63,281038.95,2017-04-09,0
2017-04-10,EGAL,19234.0,12.15,233693.1,2017-04-05,3
2017-04-10,RAYA,810227.0,0.36,291681.72,2017-04-09,1
2017-04-10,ABUK,24165.0,11.43,276205.95,2017-04-09,1
2017-04-12,EGAL,19234.0,11.79,226768.86,2017-04-05,4
2017-04-12,RAYA,810227.0,0.33,267374.91000000003,2017-04-09,2
2017-04-12,ABUK,24165.0,11.21,270889.65,2017-04-09,2
2017-04-13,EGAL,19234.0,11.87,228307.58,2017-04-05,5
2017-04-13,RAYA,810227.0,0.34,275477.18,2017-04-09,3
2017-04-13,ABUK,24165.0,10.94,264365.1,2017-04-09,3
2017-05-02,EGAL,19234.0,11.41,219459.94,2017-04-05,6
2017-05-02,RAYA,810227.0,0.27,218761.29,2017-04-09,4
2017-05-07,EGAL,19234.0,12.65,243310.1,2017-04-05,7
2017-05-07,ABUK,21776.0,11.92,259569.92,2017-05-07,0
2017-05-08,EGAL,19234.0,12.53,241002.02,2017-04-05,8
2017-05-08,ABUK,21776.0,12.01,261529.76,2017-05-07,1
2017-05-09,EGAL,19234.0,12.37,237924.58,2017-04-05,9
2017-05-09,ABUK,21776.0,11.91,259352.16,2017-05-07,2
2017-05-11,EGAL,19234.0,11.73,225614.82,2017-04-05,10
2017-05-11,ABUK,21776.0,12.17,265013.92,2017-05-07,3
2017-05-16,EGAL,19234.0,11.56,222345.04,2017-04-05,11
2017-05-16,ABUK,21776.0,12.67,275901.92,2017-05-07,4
2017-05-24,EGAL,19234.0,11.76,226191.84,2017-04-05,12
2017-05-24,ABUK,21776.0,14.99,326422.24,2017-05-07,5
2017-05-24,EAST,31336.0,8.36,261968.96,2017-05-24,0
2017-05-31,EGAL,19234.0,11.51,221383.34,2017-04-05,13
2017-05-31,EAST,31336.0,8.45,264789.19999999995,2017-05-24,1
2017-05-31,ABUK,21775.0,15.61,339907.75,2017-05-31,0
2017-06-01,EGAL,19234.0,11.6,223114.4,2017-04-05,14
2017-06-01,EAST,31336.0,8.53,267296.07999999996,2017-05-24,2
2017-06-01,ABUK,21775.0,16.03,349053.25,2017-05-31,1
2017-06-05,EGAL,19234.0,11.87,228307.58,2017-04-05,15
2017-06-05,EAST,31336.0,8.75,274190.0,2017-05-24,3
2017-06-05,ABUK,21775.0,15.76,343174.0,2017-05-31,2
2017-06-06,EGAL,19234.0,11.71,225230.14,2017-04-05,16
2017-06-06,EAST,31336.0,8.76,274503.36,2017-05-24,4
2017-06-06,ABUK,21775.0,15.58,339254.5,2017-05-31,3
2017-06-08,EGAL,19234.0,11.69,224845.46,2017-04-05,17
2017-06-08,EAST,31336.0,8.76,274503.36,2017-05-24,5
2017-06-08,ABUK,21775.0,15.37,334681.75,2017-05-31,4
2017-06-21,EGAL,19234.0,12.13,233308.42,2017-04-05,18
2017-06-21,EAST,31336.0,9.7,303959.19999999995,2017-05-24,6
2017-06-21,ABUK,21775.0,16.36,356239.0,2017-05-31,5
2017-06-22,EGAL,19234.0,12.15,233693.1,2017-04-05,19
2017-06-22,ABUK,21775.0,16.42,357545.50000000006,2017-05-31,6
2017-07-09,EGAL,19234.0,20.11,386795.74,2017-04-05,20
2017-07-09,ABUK,21775.0,16.25,353843.75,2017-05-31,7
2017-07-10,ABUK,21775.0,15.98,347964.5,2017-05-31,8
2017-07-10,EGAL,17671.0,21.98,388408.58,2017-07-10,0
2017-07-17,ABUK,21775.0,15.36,334464.0,2017-05-31,9
2017-07-17,EGAL,17671.0,19.74,348825.54,2017-07-10,1
2017-07-19,ABUK,21775.0,15.64,340561.0,2017-05-31,10
2017-07-19,EGAL,17671.0,20.49,362078.79,2017-07-10,2
2017-07-30,ABUK,21775.0,17.18,374094.5,2017-05-31,11
2017-07-30,EGAL,17671.0,23.9,422336.89999999997,2017-07-10,3
2017-08-14,ABUK,21775.0,14.06,306156.5,2017-05-31,12
2017-09-12,CCAP,292458.0,1.44,421139.51999999996,2017-09-12,0
2017-09-18,CCAP,292458.0,1.47,429913.26,2017-09-12,1
2017-09-19,CCAP,292458.0,1.43,418214.94,2017-09-12,2
2017-09-19,GBCO,167119.0,2.63,439522.97,2017-09-19,0
2017-09-26,CCAP,292458.0,1.36,397742.88,2017-09-12,3
2017-09-26,GBCO,167119.0,2.88,481302.72,2017-09-19,1
2017-09-26,EGAL,9344.0,46.12,430945.27999999997,2017-09-26,0
2017-09-27,EGAL,9344.0,43.41,405623.04,2017-09-26,1
2017-09-27,AMOC,55146.0,7.93,437307.77999999997,2017-09-27,0
2017-09-28,EGAL,9344.0,41.68,389457.92,2017-09-26,2
2017-09-28,AMOC,55146.0,7.93,437307.77999999997,2017-09-27,1
2017-09-28,GBCO,143165.0,3.1,443811.5,2017-09-28,0
2017-10-02,EGAL,9344.0,45.34,423656.96,2017-09-26,3
2017-10-02,AMOC,55146.0,8.32,458814.72000000003,2017-09-27,2
2017-10-02,GBCO,143165.0,3.12,446674.8,2017-09-28,1
2017-10-09,EGAL,9344.0,50.54,472245.76,2017-09-26,4
2017-10-09,AMOC,55146.0,9.4,518372.4,2017-09-27,3
2017-10-09,GBCO,143165.0,3.02,432358.3,2017-09-28,2
2017-10-11,EGAL,9344.0,49.87,465985.27999999997,2017-09-26,5
2017-10-11,GBCO,143165.0,3.15,450969.75,2017-09-28,3
2017-10-22,EGAL,9344.0,43.6,407398.4,2017-09-26,6
2017-10-22,GBCO,143165.0,3.27,468149.55,2017-09-28,4
2017-10-23,EGAL,9344.0,45.04,420853.76,2017-09-26,7
2017-10-23,GBCO,143165.0,3.21,459559.65,2017-09-28,5
2017-11-09,EGAL,9344.0,39.45,368620.80000000005,2017-09-26,8
2017-11-09,GBCO,143165.0,3.13,448106.45,2017-09-28,6
2017-11-09,EMFD,142075.0,3.7,525677.5,2017-11-09,0
2017-11-14,GBCO,143165.0,3.22,460991.30000000005,2017-09-28,7
2017-11-14,EMFD,142075.0,3.58,508628.5,2017-11-09,1
2017-11-22,GBCO,143165.0,3.1,443811.5,2017-09-28,8
2017-11-22,EMFD,142075.0,3.59,510049.25,2017-11-09,2
2017-11-23,GBCO,143165.0,3.32,475307.8,2017-09-28,9
2017-11-23,EMFD,142075.0,3.67,521415.25,2017-11-09,3
2017-11-28,GBCO,143165.0,4.02,575523.2999999999,2017-09-28,10
2017-11-28,EMFD,142075.0,3.73,529939.75,2017-11-09,4
2017-11-28,VLMR,274157.0,1.31,359145.67000000004,2017-11-28,0
2017-12-03,EMFD,142075.0,3.86,548409.5,2017-11-09,5
2017-12-03,VLMR,274157.0,1.29,353662.53,2017-11-28,1
2017-12-03,TMGH,57435.0,10.15,582965.25,2017-12-03,0
2017-12-06,EMFD,142075.0,3.65,518573.75,2017-11-09,6
2017-12-06,VLMR,274157.0,1.26,345437.82,2017-11-28,2
2017-12-06,TMGH,57435.0,9.99,573775.65,2017-12-03,1
2017-12-11,EMFD,142075.0,3.71,527098.25,2017-11-09,7
2017-12-11,VLMR,274157.0,1.26,345437.82,2017-11-28,3
2017-12-11,TMGH,57435.0,10.14,582390.9,2017-12-03,2
2017-12-12,EMFD,142075.0,3.75,532781.25,2017-11-09,8
2017-12-12,VLMR,274157.0,1.31,359145.67000000004,2017-11-28,4
2017-12-12,TMGH,57435.0,10.15,582965.25,2017-12-03,3
2017-12-13,EMFD,142075.0,3.69,524256.75,2017-11-09,9
2017-12-13,VLMR,274157.0,1.31,359145.67000000004,2017-11-28,5
2017-12-13,TMGH,57435.0,10.07,578370.4500000001,2017-12-03,4
2017-12-14,EMFD,142075.0,3.69,524256.75,2017-11-09,10
2017-12-14,VLMR,274157.0,1.31,359145.67000000004,2017-11-28,6
2017-12-14,TMGH,57435.0,9.99,573775.65,2017-12-03,5
2017-12-17,EMFD,142075.0,3.69,524256.75,2017-11-09,11
2017-12-17,VLMR,274157.0,1.31,359145.67000000004,2017-11-28,7
2017-12-17,TMGH,57435.0,10.0,574350.0,2017-12-03,6
2017-12-24,EMFD,142075.0,3.5,497262.5,2017-11-09,12
2017-12-24,VLMR,274157.0,1.29,353662.53,2017-11-28,8
2017-12-24,TMGH,57435.0,9.68,555970.7999999999,2017-12-03,7
2017-12-25,EMFD,142075.0,3.54,502945.5,2017-11-09,13
2017-12-25,VLMR,274157.0,1.29,353662.53,2017-11-28,9
2017-12-25,TMGH,57435.0,9.73,558842.55,2017-12-03,8
2017-12-26,EMFD,142075.0,3.55,504366.25,2017-11-09,14
2017-12-26,VLMR,274157.0,1.29,353662.53,2017-11-28,10
2017-12-26,TMGH,57435.0,9.57,549652.9500000001,2017-12-03,9
2018-01-02,EMFD,142075.0,3.57,507207.75,2017-11-09,15
2018-01-02,VLMR,274157.0,1.35,370111.95,2017-11-28,11
2018-01-02,TMGH,57435.0,9.99,573775.65,2017-12-03,10
2018-01-04,EMFD,142075.0,3.52,500104.0,2017-11-09,16
2018-01-04,VLMR,274157.0,1.34,367370.38,2017-11-28,12
2018-01-04,TMGH,57435.0,10.06,577796.1,2017-12-03,11
2018-01-08,EMFD,142075.0,3.58,508628.5,2017-11-09,17
2018-01-08,VLMR,274157.0,1.35,370111.95,2017-11-28,13
2018-01-08,TMGH,57435.0,10.22,586985.7000000001,2017-12-03,12
2018-01-09,EMFD,142075.0,3.71,527098.25,2017-11-09,18
2018-01-09,VLMR,274157.0,1.35,370111.95,2017-11-28,14
2018-01-09,TMGH,57435.0,10.03,576073.0499999999,2017-12-03,13
2018-01-14,EMFD,142075.0,3.89,552671.75,2017-11-09,19
2018-01-14,VLMR,274157.0,1.34,367370.38,2017-11-28,15
2018-01-14,TMGH,57435.0,10.12,581242.2,2017-12-03,14
2018-01-15,EMFD,142075.0,3.82,542726.5,2017-11-09,20
2018-01-15,VLMR,274157.0,1.35,370111.95,2017-11-28,16
2018-01-15,TMGH,57435.0,9.94,570903.9,2017-12-03,15
2018-01-17,EMFD,142075.0,3.89,552671.75,2017-11-09,21
2018-01-17,VLMR,274157.0,1.43,392044.51,2017-11-28,17
2018-01-17,TMGH,57435.0,10.04,576647.3999999999,2017-12-03,16
2018-01-21,EMFD,142075.0,3.83,544147.25,2017-11-09,22
2018-01-21,TMGH,57435.0,10.35,594452.25,2017-12-03,17
2018-01-22,EMFD,142075.0,3.8,539885.0,2017-11-09,23
2018-01-22,TMGH,57435.0,10.39,596749.65,2017-12-03,18
2018-01-23,TMGH,57435.0,10.32,592729.2000000001,2017-12-03,19
2018-01-28,TMGH,57435.0,10.18,584688.2999999999,2017-12-03,20
2018-02-06,TMGH,57435.0,9.33,535868.55,2017-12-03,21
2018-02-21,ORHD,80399.0,6.24,501689.76,2018-02-21,0
2018-02-22,ORHD,80399.0,6.71,539477.29,2018-02-21,1
2018-02-26,ORHD,80399.0,6.68,537065.32,2018-02-21,2
2018-03-04,ORHD,80399.0,6.56,527417.44,2018-02-21,3
2018-03-04,ABUK,14614.0,34.72,507398.07999999996,2018-03-04,0
2018-03-05,ORHD,80399.0,6.51,523397.49,2018-02-21,4
2018-03-05,ABUK,14614.0,34.96,510905.44,2018-03-04,1
2018-03-06,ORHD,80399.0,6.92,556361.08,2018-02-21,5
2018-03-06,ABUK,14614.0,34.62,505936.67999999993,2018-03-04,2
2018-03-07,ORHD,80399.0,6.88,553145.12,2018-02-21,6
2018-03-07,ABUK,14614.0,34.2,499798.80000000005,2018-03-04,3
2018-03-08,ORHD,80399.0,6.72,540281.28,2018-02-21,7
2018-03-08,ABUK,14614.0,33.03,482700.42000000004,2018-03-04,4
2018-03-08,EAST,25112.0,21.16,531369.92,2018-03-08,0
2018-03-12,ORHD,80399.0,6.7,538673.3,2018-02-21,8
2018-03-12,ABUK,14614.0,32.46,474370.44,2018-03-04,5
2018-03-12,EAST,25112.0,19.44,488177.28,2018-03-08,1
2018-03-13,ORHD,80399.0,6.55,526613.45,2018-02-21,9
2018-03-13,ABUK,14614.0,33.59,490884.26000000007,2018-03-04,6
2018-03-13,EAST,25112.0,19.98,501737.76,2018-03-08,2
2018-03-15,ORHD,80399.0,6.41,515357.59,2018-02-21,10
2018-03-15,ABUK,14614.0,32.82,479631.48,2018-03-04,7
2018-03-15,EAST,25112.0,20.05,503495.60000000003,2018-03-08,3
2018-03-27,ORHD,80399.0,6.5,522593.5,2018-02-21,11
2018-03-27,ABUK,14614.0,32.38,473201.32000000007,2018-03-04,8
2018-03-27,EAST,25112.0,19.82,497719.84,2018-03-08,4
2018-04-11,ORHD,80399.0,6.9,554753.1,2018-02-21,12
2018-04-11,ABUK,14614.0,32.02,467940.28,2018-03-04,9
2018-04-11,EAST,25112.0,19.82,497719.84,2018-03-08,5
2018-04-26,ORHD,80399.0,6.53,525005.47,2018-02-21,13
2018-04-26,EAST,25112.0,19.82,497719.84,2018-03-08,6
2018-04-26,PHDC,92922.0,5.21,484123.62,2018-04-26,0
2018-04-29,ORHD,80399.0,6.63,533045.37,2018-02-21,14
2018-04-29,EAST,25112.0,19.85,498473.2,2018-03-08,7
2018-04-29,PHDC,92922.0,5.24,486911.28,2018-04-26,1
2018-05-02,ORHD,80399.0,7.45,598972.55,2018-02-21,15
2018-05-02,EAST,25112.0,20.32,510275.84,2018-03-08,8
2018-05-02,PHDC,92922.0,5.01,465539.22,2018-04-26,2
2018-05-06,ORHD,70483.0,7.42,522983.86,2018-05-06,0
2018-05-13,ORHD,70483.0,6.5,458139.5,2018-05-06,1
2018-11-01,CCAP,137564.0,3.77,518616.28,2018-11-01,0
2018-11-22,CCAP,137564.0,3.95,543377.8,2018-11-01,1
2018-12-03,CCAP,137564.0,3.77,518616.28,2018-11-01,2
2018-12-03,EGCH,91946.0,5.51,506622.45999999996,2018-12-03,0
2018-12-18,CCAP,137564.0,3.53,485600.92,2018-11-01,3
2018-12-18,EGCH,91946.0,5.64,518575.43999999994,2018-12-03,1
2018-12-23,CCAP,137564.0,3.5,481474.0,2018-11-01,4
2018-12-23,EGCH,91946.0,5.3,487313.8,2018-12-03,2
2018-12-25,CCAP,137564.0,3.43,471844.52,2018-11-01,5
2019-02-14,TMGH,43785.0,11.43,500462.55,2019-02-14,0
2019-02-14,HELI,69469.0,7.17,498092.73,2019-02-14,0
2019-02-19,TMGH,43785.0,11.6,507906.0,2019-02-14,1
2019-02-19,HELI,69469.0,7.25,503650.25,2019-02-14,1
2019-02-21,TMGH,43785.0,11.4,499149.0,2019-02-14,2
2019-02-21,HELI,69469.0,7.13,495313.97,2019-02-14,2
2019-02-21,ETEL,32531.0,14.84,482760.04,2019-02-21,0
2019-02-28,TMGH,43785.0,11.26,493019.1,2019-02-14,3
2019-02-28,HELI,69469.0,6.89,478641.41,2019-02-14,3
2019-02-28,ETEL,32531.0,14.89,484386.59,2019-02-21,1
2019-04-17,TMGH,43785.0,11.7,512284.49999999994,2019-02-14,4
2019-04-17,HELI,69469.0,8.75,607853.75,2019-02-14,4
2019-04-17,ETEL,32531.0,14.25,463566.75,2019-02-21,2
2019-05-21,TMGH,43785.0,10.5,459742.5,2019-02-14,5
2019-08-22,OIH,166917.0,2.78,464029.25999999995,2019-08-22,0
2019-08-28,OIH,166917.0,2.77,462360.09,2019-08-22,1
2019-09-02,OIH,166917.0,2.72,454014.24000000005,2019-08-22,2
2019-09-02,HRHO,41208.0,11.2,461529.6,2019-09-02,0
2019-09-02,ADIB,48062.0,9.43,453224.66,2019-09-02,0
2019-09-04,OIH,166917.0,2.69,449006.73,2019-08-22,3
2019-09-04,HRHO,41208.0,10.9,449167.2,2019-09-02,1
2019-09-04,ADIB,48062.0,9.42,452744.04,2019-09-02,1
2019-09-09,OIH,166917.0,2.71,452345.07,2019-08-22,4
2019-09-09,HRHO,41208.0,10.93,450403.44,2019-09-02,2
2019-09-09,ADIB,48062.0,9.39,451302.18000000005,2019-09-02,2
2019-09-17,OIH,166917.0,2.52,420630.84,2019-08-22,5
2019-09-17,HRHO,41208.0,10.77,443810.16,2019-09-02,3
2019-09-17,ADIB,48062.0,9.15,439767.3,2019-09-02,3
2019-09-23,HRHO,41208.0,10.14,417849.12,2019-09-02,4
2019-11-04,AMOC,84949.0,4.55,386517.95,2019-11-04,0
2019-11-20,AMOC,84949.0,4.2,356785.8,2019-11-04,1
2020-02-05,ETEL,28547.0,13.81,394234.07,2020-02-05,0
2020-02-11,ETEL,28547.0,13.15,375393.05,2020-02-05,1
2020-02-12,ETEL,28547.0,12.93,369112.71,2020-02-05,2
2020-02-23,FWRY,186607.0,2.08,388142.56,2020-02-23,0
2020-02-24,FWRY,186607.0,2.05,382544.35,2020-02-23,1
2020-03-03,FWRY,186607.0,1.93,360151.51,2020-02-23,2
2020-06-09,VLMR,222808.0,1.76,392142.08,2020-06-09,0
2020-06-17,VLMR,222808.0,1.67,372089.36,2020-06-09,1
2020-06-18,FWRY,134774.0,2.91,392192.34,2020-06-18,0
2020-06-21,FWRY,134774.0,2.98,401626.52,2020-06-18,1
2020-06-22,FWRY,134774.0,3.13,421842.62,2020-06-18,2
2020-06-23,FWRY,134774.0,3.37,454188.38,2020-06-18,3
2020-07-08,EGAL,36545.0,12.18,445118.1,2020-07-08,0
2020-07-13,EGAL,36545.0,12.75,465948.75,2020-07-08,1
2020-07-16,EGAL,36545.0,10.58,386646.1,2020-07-08,2
2020-07-19,EGAL,36545.0,10.76,393224.2,2020-07-08,3
2020-07-21,EGAL,36545.0,11.12,406380.39999999997,2020-07-08,4
2020-09-03,EGAL,36545.0,12.32,450234.4,2020-07-08,5
2020-09-08,EGAL,36545.0,11.21,409669.45,2020-07-08,6
2020-10-04,EGAL,36545.0,12.98,474354.10000000003,2020-07-08,7
2020-10-20,EGAL,36545.0,11.65,425749.25,2020-07-08,8
2020-10-22,EGAL,36545.0,10.79,394320.55,2020-07-08,9
2020-10-27,EGAL,36545.0,11.03,403091.35,2020-07-08,10
2020-11-16,EGAL,36545.0,11.4,416613.0,2020-07-08,11
2020-11-17,EGAL,36545.0,11.58,423191.1,2020-07-08,12
2020-11-18,EGAL,36545.0,11.6,423922.0,2020-07-08,13
2020-11-19,EGAL,36545.0,11.71,427941.95,2020-07-08,14
2020-11-22,EGAL,36545.0,11.7,427576.5,2020-07-08,15
2020-11-23,EGAL,36545.0,11.78,430500.1,2020-07-08,16
2020-11-24,EGAL,36545.0,11.66,426114.7,2020-07-08,17
2020-11-25,EGAL,36545.0,11.57,422825.65,2020-07-08,18
2020-11-26,EGAL,36545.0,11.5,420267.5,2020-07-08,19
2020-12-16,EGAL,36545.0,11.92,435616.4,2020-07-08,20
2020-12-20,EGAL,36545.0,12.13,443290.85000000003,2020-07-08,21
2020-12-21,EGAL,36545.0,11.12,406380.39999999997,2020-07-08,22
2021-01-10,HRHO,50275.0,8.68,436387.0,2021-01-10,0
2021-01-11,HRHO,50275.0,8.62,433370.49999999994,2021-01-10,1
2021-01-11,AMOC,124741.0,3.37,420377.17000000004,2021-01-11,0
2021-01-17,HRHO,50275.0,8.68,436387.0,2021-01-10,2
2021-01-17,AMOC,124741.0,3.31,412892.71,2021-01-11,1
2021-01-20,HRHO,50275.0,8.86,445436.5,2021-01-10,3
2021-01-20,AMOC,124741.0,3.29,410397.89,2021-01-11,2
2021-01-21,HRHO,50275.0,8.86,445436.5,2021-01-10,4
2021-01-21,AMOC,124741.0,3.28,409150.48,2021-01-11,3
2021-01-27,HRHO,50275.0,8.78,441414.49999999994,2021-01-10,5
2021-01-27,AMOC,124741.0,3.25,405408.25,2021-01-11,4
2021-01-31,HRHO,50275.0,8.72,438398.00000000006,2021-01-10,6
2021-01-31,AMOC,124741.0,3.23,402913.43,2021-01-11,5
2021-02-02,HRHO,50275.0,8.79,441917.24999999994,2021-01-10,7
2021-02-02,AMOC,124741.0,3.36,419129.76,2021-01-11,6
2021-02-02,RAYA,393176.0,1.23,483606.48,2021-02-02,0
2021-02-03,HRHO,50275.0,8.7,437392.49999999994,2021-01-10,8
2021-02-03,AMOC,124741.0,3.31,412892.71,2021-01-11,7
2021-02-03,RAYA,393176.0,1.36,534719.36,2021-02-02,1
2021-02-07,HRHO,50275.0,8.56,430354.0,2021-01-10,9
2021-02-07,AMOC,124741.0,3.3,411645.3,2021-01-11,8
2021-02-07,RAYA,393169.0,1.64,644797.1599999999,2021-02-07,0
2021-02-08,HRHO,50275.0,8.72,438398.00000000006,2021-01-10,10
2021-02-08,AMOC,124741.0,3.35,417882.35000000003,2021-01-11,9
2021-02-08,RAYA,393169.0,1.62,636933.78,2021-02-07,1
2021-02-09,HRHO,50275.0,8.75,439906.25,2021-01-10,11
2021-02-09,AMOC,124741.0,3.28,409150.48,2021-01-11,10
2021-02-09,RAYA,393169.0,1.44,566163.36,2021-02-07,2
2021-02-10,HRHO,50275.0,8.79,441917.24999999994,2021-01-10,12
2021-02-10,AMOC,124741.0,3.3,411645.3,2021-01-11,11
2021-02-11,HRHO,50275.0,8.78,441414.49999999994,2021-01-10,13
2021-02-11,AMOC,124741.0,3.31,412892.71,2021-01-11,12
2021-02-11,FWRY,50280.0,11.21,563638.8,2021-02-11,0
2021-02-14,HRHO,50275.0,8.82,443425.5,2021-01-10,14
2021-02-14,AMOC,124741.0,3.27,407903.07,2021-01-11,13
2021-02-14,FWRY,50280.0,11.48,577214.4,2021-02-11,1
2021-02-15,HRHO,50275.0,8.77,440911.75,2021-01-10,15
2021-02-15,AMOC,124741.0,3.24,404160.84,2021-01-11,14
2021-02-15,FWRY,50280.0,11.75,590790.0,2021-02-11,2
2021-02-16,HRHO,50275.0,8.74,439403.5,2021-01-10,16
2021-02-16,AMOC,124741.0,3.27,407903.07,2021-01-11,15
2021-02-16,FWRY,50280.0,11.3,568164.0,2021-02-11,3
2021-02-18,HRHO,50275.0,8.65,434878.75,2021-01-10,17
2021-02-18,AMOC,124741.0,3.21,400418.61,2021-01-11,16
2021-02-18,FWRY,50280.0,11.24,565147.2,2021-02-11,4
2021-02-21,HRHO,50275.0,8.58,431359.5,2021-01-10,18
2021-02-21,AMOC,124741.0,3.22,401666.02,2021-01-11,17
2021-02-21,FWRY,50280.0,11.27,566655.6,2021-02-11,5
2021-02-22,HRHO,50275.0,8.62,433370.49999999994,2021-01-10,19
2021-02-22,AMOC,124741.0,3.18,396676.38,2021-01-11,18
2021-02-22,FWRY,50280.0,11.55,580734.0,2021-02-11,6
2021-02-23,HRHO,50275.0,8.59,431862.25,2021-01-10,20
2021-02-23,AMOC,124741.0,3.12,389191.92000000004,2021-01-11,19
2021-02-23,FWRY,50280.0,11.12,559113.6,2021-02-11,7
2021-02-24,HRHO,50275.0,8.54,429348.49999999994,2021-01-10,21
2021-02-24,FWRY,50280.0,10.69,537493.2,2021-02-11,8
2021-02-25,HRHO,50275.0,8.66,435381.5,2021-01-10,22
2021-02-28,HRHO,50275.0,8.57,430856.75,2021-01-10,23
2021-05-19,FWRY,37268.0,12.77,475912.36,2021-05-19,0
2021-05-20,FWRY,37268.0,12.41,462495.88,2021-05-19,1
2021-05-23,FWRY,37268.0,12.33,459514.44,2021-05-19,2
2021-05-24,FWRY,37268.0,12.17,453551.56,2021-05-19,3
2021-05-25,FWRY,37268.0,11.86,441998.48,2021-05-19,4
2021-05-26,FWRY,37268.0,11.58,431563.44,2021-05-19,5
2021-05-27,FWRY,37268.0,11.82,440507.76,2021-05-19,6
2021-05-30,FWRY,37268.0,11.67,434917.56,2021-05-19,7
2021-05-31,FWRY,37268.0,11.89,443116.52,2021-05-19,8
2021-06-01,FWRY,37268.0,11.82,440507.76,2021-05-19,9
2021-06-02,FWRY,37268.0,11.68,435290.24,2021-05-19,10
2021-06-03,FWRY,37268.0,11.44,426345.92,2021-05-19,11
2021-06-07,FWRY,37268.0,10.75,400631.0,2021-05-19,12
2021-06-08,ORWE,56142.0,7.97,447451.74,2021-06-08,0
2021-06-10,ORWE,56142.0,7.81,438469.01999999996,2021-06-08,1
2021-06-13,ORWE,56142.0,7.77,436223.33999999997,2021-06-08,2
2021-06-14,ORWE,56142.0,7.82,439030.44,2021-06-08,3
2021-06-16,ORWE,56142.0,7.63,428363.46,2021-06-08,4
2021-06-17,ORWE,56142.0,7.61,427240.62,2021-06-08,5
2021-06-20,ORWE,56142.0,7.72,433416.24,2021-06-08,6
2021-06-21,ORWE,56142.0,7.89,442960.38,2021-06-08,7
2021-06-22,ORWE,56142.0,7.81,438469.01999999996,2021-06-08,8
2021-06-23,ORWE,56142.0,7.9,443521.80000000005,2021-06-08,9
2021-06-24,ORWE,56142.0,8.63,484505.46,2021-06-08,10
2021-06-24,EGAL,24761.0,17.46,432327.06,2021-06-24,0
2021-06-27,ORWE,56142.0,8.68,487312.56,2021-06-08,11
2021-06-27,EGAL,24761.0,17.64,436784.04000000004,2021-06-24,1
2021-06-28,ORWE,56142.0,8.58,481698.36,2021-06-08,12
2021-06-28,EGAL,24761.0,17.35,429603.35000000003,2021-06-24,2
2021-06-29,ORWE,56142.0,8.37,469908.54,2021-06-08,13
2021-06-29,EGAL,24761.0,17.23,426632.03,2021-06-24,3
2021-06-30,ORWE,56142.0,8.34,468224.27999999997,2021-06-08,14
2021-06-30,EGAL,24761.0,17.46,432327.06,2021-06-24,4
2021-07-04,ORWE,56142.0,8.49,476645.58,2021-06-08,15
2021-07-04,EGAL,24761.0,17.29,428117.69,2021-06-24,5
2021-07-04,ARCC,86381.0,5.38,464729.77999999997,2021-07-04,0
2021-07-05,ORWE,56142.0,8.56,480575.52,2021-06-08,16
2021-07-05,EGAL,24761.0,17.72,438764.92,2021-06-24,6
2021-07-05,ARCC,86381.0,5.21,450045.01,2021-07-04,1
2021-07-07,ORWE,56142.0,8.29,465417.17999999993,2021-06-08,17
2021-07-07,EGAL,24761.0,16.93,419203.73,2021-06-24,7
2021-07-07,ARCC,86381.0,5.3,457819.3,2021-07-04,2
2021-07-08,ORWE,56142.0,8.15,457557.30000000005,2021-06-08,18
2021-07-08,EGAL,24761.0,16.62,411527.82,2021-06-24,8
2021-07-08,ARCC,86381.0,5.06,437087.86,2021-07-04,3
2021-07-11,ORWE,56142.0,7.9,443521.80000000005,2021-06-08,19
2021-07-11,EGAL,24761.0,16.17,400385.37000000005,2021-06-24,9
2021-07-11,ARCC,86381.0,5.07,437951.67000000004,2021-07-04,4
2021-07-12,ORWE,56142.0,8.01,449697.42,2021-06-08,20
2021-07-12,ARCC,86381.0,5.02,433632.61999999994,2021-07-04,5
2021-07-13,ORWE,56142.0,8.11,455311.62,2021-06-08,21
2021-07-13,ARCC,86381.0,4.99,431041.19,2021-07-04,6
2021-07-14,ORWE,56142.0,7.97,447451.74,2021-06-08,22
2021-07-14,ARCC,86381.0,4.98,430177.38000000006,2021-07-04,7
2021-07-15,ORWE,56142.0,7.85,440714.69999999995,2021-06-08,23
2021-07-15,ARCC,86381.0,5.21,450045.01,2021-07-04,8
2021-07-18,ARCC,86381.0,5.29,456955.49,2021-07-04,9
2021-07-18,MCQE,41028.0,11.27,462385.56,2021-07-18,0
2021-07-25,ARCC,86381.0,5.37,463865.97000000003,2021-07-04,10
2021-07-25,MCQE,41028.0,12.37,507516.36,2021-07-18,1
2021-07-25,EGAL,22239.0,20.44,454565.16000000003,2021-07-25,0
2021-07-26,ARCC,86381.0,5.24,452636.44,2021-07-04,11
2021-07-26,MCQE,41028.0,12.25,502593.0,2021-07-18,2
2021-07-26,EGAL,22239.0,20.89,464572.71,2021-07-25,1
2021-07-28,ARCC,86381.0,5.23,451772.63000000006,2021-07-04,12
2021-07-28,EGAL,22239.0,21.08,468798.11999999994,2021-07-25,2
2021-07-29,ARCC,86381.0,5.28,456091.68,2021-07-04,13
2021-07-29,EGAL,22239.0,22.01,489480.39,2021-07-25,3
2021-07-29,MCQE,36446.0,14.72,536485.12,2021-07-29,0
2021-08-01,ARCC,86381.0,5.47,472504.07,2021-07-04,14
2021-08-01,EGAL,22239.0,22.66,503935.74,2021-07-25,4
2021-08-01,MCQE,36446.0,15.1,550334.6,2021-07-29,1
2021-08-02,ARCC,86381.0,5.16,445725.96,2021-07-04,15
2021-08-02,MCQE,36446.0,14.78,538671.88,2021-07-29,2
2021-08-02,ADIB,54966.0,10.01,550209.66,2021-08-02,0
2021-08-03,ARCC,86381.0,5.09,439679.29,2021-07-04,16
2021-08-03,MCQE,36446.0,13.94,508057.24,2021-07-29,3
2021-08-03,ADIB,54966.0,10.12,556255.9199999999,2021-08-02,1
2021-08-05,ARCC,86381.0,5.47,472504.07,2021-07-04,17
2021-08-05,MCQE,36446.0,13.75,501132.5,2021-07-29,4
2021-08-05,ADIB,54966.0,10.52,578242.32,2021-08-02,2
2021-08-08,ARCC,86381.0,5.73,494963.13000000006,2021-07-04,18
2021-08-08,MCQE,36446.0,13.32,485460.72000000003,2021-07-29,5
2021-08-08,ADIB,54966.0,11.36,624413.76,2021-08-02,3
2021-08-09,ARCC,86381.0,5.85,505328.85,2021-07-04,19
2021-08-09,ADIB,48849.0,11.86,579349.14,2021-08-09,0
2021-08-10,ARCC,86381.0,5.91,510511.71,2021-07-04,20
2021-08-10,ADIB,48849.0,12.44,607681.5599999999,2021-08-09,1
2021-08-15,ARCC,86381.0,5.86,506192.66000000003,2021-07-04,21
2021-08-15,ADIB,48849.0,12.2,595957.7999999999,2021-08-09,2
2021-08-16,ARCC,86381.0,5.79,500145.99,2021-07-04,22
2021-08-16,ADIB,48849.0,12.37,604262.13,2021-08-09,3
2021-08-17,ARCC,86381.0,5.8,501009.8,2021-07-04,23
2021-08-17,ADIB,48849.0,12.73,621847.77,2021-08-09,4
2021-08-18,ADIB,48849.0,12.1,591072.9,2021-08-09,5
2021-08-19,ADIB,48849.0,11.41,557367.09,2021-08-09,6
2021-08-23,ADIB,48849.0,11.55,564205.9500000001,2021-08-09,7
2021-08-24,ADIB,48849.0,11.61,567136.89,2021-08-09,8
2021-08-25,ADIB,48849.0,11.69,571044.8099999999,2021-08-09,9
2021-08-26,ADIB,48849.0,11.42,557855.58,2021-08-09,10
2021-08-29,ADIB,48849.0,11.12,543200.88,2021-08-09,11
2021-08-30,ADIB,48849.0,10.91,532942.59,2021-08-09,12
2021-08-31,ADIB,48849.0,10.67,521218.83,2021-08-09,13
2021-09-01,ADIB,48849.0,11.37,555413.13,2021-08-09,14
2021-09-02,ADIB,48849.0,11.14,544177.86,2021-08-09,15
2021-09-05,ADIB,48849.0,10.43,509495.07,2021-08-09,16
2021-09-06,ADIB,48849.0,9.85,481162.64999999997,2021-08-09,17
2021-09-12,VLMR,261773.0,1.97,515692.81,2021-09-12,0
2021-09-14,VLMR,261773.0,1.95,510457.35,2021-09-12,1
2021-09-15,VLMR,261773.0,1.98,518310.54,2021-09-12,2
2021-09-16,VLMR,261773.0,1.98,518310.54,2021-09-12,3
2021-09-19,VLMR,261773.0,1.16,303656.68,2021-09-12,4
2021-10-06,AMOC,115255.0,3.89,448341.95,2021-10-06,0
2021-10-10,AMOC,115255.0,4.0,461020.0,2021-10-06,1
2021-10-11,AMOC,115255.0,4.06,467935.29999999993,2021-10-06,2
2021-10-12,AMOC,115255.0,3.9,449494.5,2021-10-06,3
2021-10-13,AMOC,115255.0,4.1,472545.49999999994,2021-10-06,4
2021-10-17,AMOC,115255.0,4.1,472545.49999999994,2021-10-06,5
2021-10-18,AMOC,115255.0,4.0,461020.0,2021-10-06,6
2021-10-19,AMOC,115255.0,4.05,466782.75,2021-10-06,7
2021-10-20,AMOC,115255.0,4.07,469087.85000000003,2021-10-06,8
2021-10-24,AMOC,115255.0,4.1,472545.49999999994,2021-10-06,9
2021-10-25,AMOC,115255.0,3.99,459867.45,2021-10-06,10
2021-10-25,ABUK,20594.0,21.99,452862.05999999994,2021-10-25,0
2021-10-26,AMOC,115255.0,4.18,481765.89999999997,2021-10-06,11
2021-10-26,ABUK,20594.0,22.27,458628.38,2021-10-25,1
2021-10-27,AMOC,115255.0,4.09,471392.95,2021-10-06,12
2021-10-27,ABUK,20594.0,21.64,445654.16000000003,2021-10-25,2
2021-10-28,AMOC,115255.0,4.2,484071.0,2021-10-06,13
2021-10-28,ABUK,20594.0,21.5,442771.0,2021-10-25,3
2021-10-31,AMOC,115255.0,4.15,478308.25000000006,2021-10-06,14
2021-10-31,ABUK,20594.0,20.2,415998.8,2021-10-25,4
2021-11-01,AMOC,115255.0,4.25,489833.75,2021-10-06,15
2021-11-02,AMOC,115255.0,4.37,503664.35000000003,2021-10-06,16
2021-11-02,COMI,12555.0,35.46,445200.3,2021-11-02,0
2021-11-03,AMOC,115255.0,4.31,496749.04999999993,2021-10-06,17
2021-11-03,COMI,12555.0,35.89,450598.95,2021-11-02,1
2021-11-03,HRHO,50251.0,8.7,437183.69999999995,2021-11-03,0
2021-11-04,AMOC,115255.0,4.3,495596.5,2021-10-06,18
2021-11-04,COMI,12555.0,35.56,446455.80000000005,2021-11-02,2
2021-11-04,HRHO,50251.0,8.63,433666.13000000006,2021-11-03,1
2021-11-07,AMOC,115255.0,4.35,501359.24999999994,2021-10-06,19
2021-11-07,COMI,12555.0,35.09,440554.95000000007,2021-11-02,3
2021-11-07,HRHO,50251.0,8.73,438691.23000000004,2021-11-03,2
2021-11-08,AMOC,115255.0,4.07,469087.85000000003,2021-10-06,20
2021-11-08,COMI,12555.0,34.8,436913.99999999994,2021-11-02,4
2021-11-08,HRHO,50251.0,8.57,430651.07,2021-11-03,3
2021-11-09,AMOC,115255.0,3.93,452952.15,2021-10-06,21
2021-11-09,COMI,12555.0,35.73,448590.14999999997,2021-11-02,5
2021-11-09,HRHO,50251.0,8.57,430651.07,2021-11-03,4
2021-11-10,AMOC,115255.0,3.8,437969.0,2021-10-06,22
2021-11-10,COMI,12555.0,35.23,442312.64999999997,2021-11-02,6
2021-11-10,HRHO,50251.0,8.45,424620.94999999995,2021-11-03,5
2021-11-11,AMOC,115255.0,3.96,456409.8,2021-10-06,23
2021-11-11,COMI,12555.0,35.15,441308.25,2021-11-02,7
2021-11-11,HRHO,50251.0,8.52,428138.51999999996,2021-11-03,6
2021-11-14,COMI,12555.0,35.55,446330.24999999994,2021-11-02,8
2021-11-14,HRHO,50251.0,8.66,435173.66000000003,2021-11-03,7
2021-11-15,COMI,12555.0,35.06,440178.30000000005,2021-11-02,9
2021-11-15,HRHO,50251.0,8.61,432661.11,2021-11-03,8
2021-11-16,COMI,12555.0,35.23,442312.64999999997,2021-11-02,10
2021-11-16,HRHO,50251.0,8.61,432661.11,2021-11-03,9
2021-11-17,COMI,12555.0,35.23,442312.64999999997,2021-11-02,11
2021-11-17,HRHO,50251.0,8.5,427133.5,2021-11-03,10
2021-11-18,COMI,12555.0,34.55,433775.24999999994,2021-11-02,12
2021-11-18,HRHO,50251.0,8.42,423113.42,2021-11-03,11
2021-11-21,COMI,12555.0,34.57,434026.35,2021-11-02,13
2021-11-21,HRHO,50251.0,8.5,427133.5,2021-11-03,12
2021-11-22,COMI,12555.0,34.92,438420.60000000003,2021-11-02,14
2021-11-22,HRHO,50251.0,8.54,429143.54,2021-11-03,13
2021-11-23,COMI,12555.0,34.7,435658.50000000006,2021-11-02,15
2021-11-25,COMI,12555.0,34.24,429883.2,2021-11-02,16
2021-11-28,COMI,12555.0,33.98,426618.89999999997,2021-11-02,17
2021-11-28,HRHO,47405.0,9.2,436125.99999999994,2021-11-28,0
2021-11-28,TMGH,54328.0,7.99,434080.72000000003,2021-11-28,0
2021-11-29,COMI,12555.0,33.83,424735.64999999997,2021-11-02,18
2021-11-29,HRHO,47405.0,9.13,432807.65,2021-11-28,1
2021-11-29,TMGH,54328.0,8.09,439513.52,2021-11-28,1
2021-11-30,COMI,12555.0,34.17,429004.35000000003,2021-11-02,19
2021-11-30,HRHO,47405.0,9.6,455088.0,2021-11-28,2
2021-11-30,TMGH,54328.0,8.19,444946.31999999995,2021-11-28,2
2021-12-01,COMI,12555.0,34.24,429883.2,2021-11-02,20
2021-12-01,HRHO,47405.0,9.48,449399.4,2021-11-28,3
2021-12-01,TMGH,54328.0,8.13,441686.64,2021-11-28,3
2021-12-02,COMI,12555.0,33.86,425112.3,2021-11-02,21
2021-12-02,HRHO,47405.0,9.4,445607.0,2021-11-28,4
2021-12-02,TMGH,54328.0,8.09,439513.52,2021-11-28,4
2021-12-05,COMI,12555.0,34.03,427246.65,2021-11-02,22
2021-12-05,HRHO,47405.0,9.55,452717.75000000006,2021-11-28,5
2021-12-05,TMGH,54328.0,8.28,449835.83999999997,2021-11-28,5
2021-12-06,COMI,12555.0,34.08,427874.39999999997,2021-11-02,23
2021-12-06,HRHO,47405.0,9.65,457458.25,2021-11-28,6
2021-12-06,TMGH,54328.0,8.6,467220.8,2021-11-28,6
2021-12-08,HRHO,47405.0,9.74,461724.7,2021-11-28,7
2021-12-08,TMGH,54328.0,8.69,472110.31999999995,2021-11-28,7
2021-12-08,ETEL,29173.0,15.57,454223.61,2021-12-08,0
2021-12-12,HRHO,47405.0,9.9,469309.5,2021-11-28,8
2021-12-12,TMGH,54328.0,8.89,482975.92000000004,2021-11-28,8
2021-12-12,ETEL,29173.0,15.99,466476.27,2021-12-08,1
2021-12-13,HRHO,47405.0,9.9,469309.5,2021-11-28,9
2021-12-13,ETEL,29173.0,15.91,464142.43,2021-12-08,2
2021-12-14,HRHO,47405.0,9.84,466465.2,2021-11-28,10
2021-12-14,ETEL,29173.0,15.85,462392.05,2021-12-08,3
2021-12-15,HRHO,47405.0,9.82,465517.10000000003,2021-11-28,11
2021-12-15,ETEL,29173.0,15.98,466184.54000000004,2021-12-08,4
2021-12-16,HRHO,47405.0,9.99,473575.95,2021-11-28,12
2021-12-16,ETEL,29173.0,16.25,474061.25,2021-12-08,5
2021-12-21,HRHO,47405.0,9.86,467413.3,2021-11-28,13
2021-12-21,ETEL,29173.0,16.0,466768.0,2021-12-08,6
2021-12-23,HRHO,47405.0,9.98,473101.9,2021-11-28,14
2021-12-23,ETEL,29173.0,16.87,492148.51,2021-12-08,7
2021-12-23,RMDA,271331.0,1.76,477542.56,2021-12-23,0
2021-12-26,HRHO,47405.0,10.02,474998.1,2021-11-28,15
2021-12-26,ETEL,29173.0,16.69,486897.37000000005,2021-12-08,8
2021-12-26,RMDA,271331.0,1.75,474829.25,2021-12-23,1
2021-12-27,HRHO,47405.0,9.89,468835.45,2021-11-28,16
2021-12-27,ETEL,29173.0,16.52,481937.95999999996,2021-12-08,9
2021-12-27,RMDA,271331.0,1.69,458549.39,2021-12-23,2
2021-12-28,HRHO,47405.0,9.8,464569.00000000006,2021-11-28,17
2021-12-28,ETEL,29173.0,16.76,488939.48000000004,2021-12-08,10
2021-12-28,RMDA,271331.0,1.62,439556.22000000003,2021-12-23,3
2021-12-29,HRHO,47405.0,9.81,465043.05000000005,2021-11-28,18
2021-12-29,ETEL,29173.0,16.76,488939.48000000004,2021-12-08,11
2021-12-29,RMDA,271331.0,1.61,436842.91000000003,2021-12-23,4
2022-01-02,HRHO,47405.0,9.86,467413.3,2021-11-28,19
2022-01-02,ETEL,29173.0,16.78,489522.94000000006,2021-12-08,12
2022-01-02,RMDA,271331.0,1.62,439556.22000000003,2021-12-23,5
2022-01-03,HRHO,47405.0,9.94,471205.69999999995,2021-11-28,20
2022-01-03,ETEL,29173.0,16.75,488647.75,2021-12-08,13
2022-01-03,RMDA,271331.0,1.66,450409.45999999996,2021-12-23,6
2022-01-04,HRHO,47405.0,9.9,469309.5,2021-11-28,21
2022-01-04,ETEL,29173.0,16.91,493315.43,2021-12-08,14
2022-01-04,RMDA,271331.0,1.71,463976.01,2021-12-23,7
2022-01-05,HRHO,47405.0,9.88,468361.4,2021-11-28,22
2022-01-05,ETEL,29173.0,17.1,498858.30000000005,2021-12-08,15
2022-01-05,RMDA,271331.0,1.72,466689.32,2021-12-23,8
2022-01-09,HRHO,47405.0,9.86,467413.3,2021-11-28,23
2022-01-09,RMDA,271331.0,1.68,455836.07999999996,2021-12-23,9
2022-01-10,RMDA,271331.0,1.65,447696.14999999997,2021-12-23,10
2022-01-11,RMDA,271331.0,1.65,447696.14999999997,2021-12-23,11
2022-01-12,RMDA,271331.0,1.69,458549.39,2021-12-23,12
2022-01-13,RMDA,271331.0,1.64,444982.83999999997,2021-12-23,13
2022-01-16,RMDA,271331.0,1.56,423276.36,2021-12-23,14
2022-02-10,TMGH,50579.0,9.55,483029.45,2022-02-10,0
2022-02-10,HRHO,41708.0,11.8,492154.4,2022-02-10,0
2022-02-13,TMGH,50579.0,9.81,496179.99000000005,2022-02-10,1
2022-02-13,HRHO,41708.0,11.86,494656.88,2022-02-10,1
2022-02-14,TMGH,50579.0,9.58,484546.82,2022-02-10,2
2022-02-14,HRHO,41708.0,12.16,507169.28,2022-02-10,2
2022-02-15,TMGH,50579.0,9.68,489604.72,2022-02-10,3
2022-02-15,HRHO,41708.0,12.14,506335.12,2022-02-10,3
2022-02-16,TMGH,50579.0,9.74,492639.46,2022-02-10,4
2022-02-16,HRHO,41708.0,12.11,505083.88,2022-02-10,4
2022-02-17,TMGH,50579.0,9.6,485558.39999999997,2022-02-10,5
2022-02-17,HRHO,41708.0,12.06,502998.48000000004,2022-02-10,5
2022-02-20,TMGH,50579.0,9.34,472407.86,2022-02-10,6
2022-02-20,HRHO,41708.0,11.9,496325.2,2022-02-10,6
2022-02-21,TMGH,50579.0,9.52,481512.07999999996,2022-02-10,7
2022-02-21,HRHO,41708.0,11.94,497993.51999999996,2022-02-10,7
2022-02-22,TMGH,50579.0,9.5,480500.5,2022-02-10,8
2022-02-22,HRHO,41708.0,11.98,499661.84,2022-02-10,8
2022-02-23,TMGH,50579.0,9.39,474936.81000000006,2022-02-10,9
2022-02-23,HRHO,41708.0,11.9,496325.2,2022-02-10,9
2022-02-24,TMGH,50579.0,9.2,465326.8,2022-02-10,10
2022-02-24,HRHO,41708.0,11.7,487983.6,2022-02-10,10
2022-02-27,HRHO,41708.0,11.82,492988.56,2022-02-10,11
2022-02-28,HRHO,41708.0,11.57,482561.56,2022-02-10,12
2022-03-01,HRHO,41708.0,11.78,491320.24,2022-02-10,13
2022-03-03,HRHO,41708.0,11.7,487983.6,2022-02-10,14
2022-03-06,HRHO,41708.0,11.54,481310.31999999995,2022-02-10,15
2022-03-07,HRHO,41708.0,11.34,472968.72,2022-02-10,16
2022-03-08,HRHO,41708.0,11.46,477973.68000000005,2022-02-10,17
2022-03-08,EGAL,17504.0,26.01,455279.04000000004,2022-03-08,0
2022-03-09,HRHO,41708.0,11.55,481727.4,2022-02-10,18
2022-03-09,EGAL,17504.0,25.92,453703.68000000005,2022-03-08,1
2022-03-10,HRHO,41708.0,11.78,491320.24,2022-02-10,19
2022-03-10,EGAL,17504.0,25.29,442676.16,2022-03-08,2
2022-03-13,HRHO,41708.0,11.54,481310.31999999995,2022-02-10,20
2022-03-13,EGAL,17504.0,25.51,446527.04000000004,2022-03-08,3
2022-03-14,HRHO,41708.0,11.45,477556.6,2022-02-10,21
2022-03-14,EGAL,17504.0,26.71,467531.84,2022-03-08,4
2022-03-15,HRHO,41708.0,11.34,472968.72,2022-02-10,22
2022-03-15,EGAL,17504.0,25.19,440925.76,2022-03-08,5
2022-03-16,HRHO,41708.0,11.56,482144.48000000004,2022-02-10,23
2022-03-16,EGAL,17504.0,25.47,445826.88,2022-03-08,6
2022-03-16,ABUK,19861.0,24.6,488580.60000000003,2022-03-16,0
2022-03-17,EGAL,17504.0,24.21,423771.84,2022-03-08,7
2022-03-17,ABUK,19861.0,24.59,488381.99,2022-03-16,1
2022-03-20,ABUK,19861.0,25.0,496525.0,2022-03-16,2
2022-03-21,ABUK,19861.0,26.0,516386.0,2022-03-16,3
2022-03-22,ABUK,18234.0,25.55,465878.7,2022-03-22,0
2022-03-23,ABUK,18234.0,26.0,474084.0,2022-03-22,1
2022-03-24,ABUK,18234.0,26.14,476636.76,2022-03-22,2
2022-03-27,ABUK,18234.0,25.92,472625.28,2022-03-22,3
2022-03-28,ABUK,18234.0,24.96,455120.64,2022-03-22,4
2022-03-29,ABUK,18234.0,25.4,463143.6,2022-03-22,5
2022-03-30,ABUK,18234.0,25.37,462596.58,2022-03-22,6
2022-03-31,ABUK,18234.0,24.87,453479.58,2022-03-22,7
2022-04-04,HRHO,36590.0,12.54,458838.6,2022-04-04,0
2022-04-04,JUFO,63162.0,7.45,470556.9,2022-04-04,0
2022-04-05,HRHO,36590.0,13.06,477865.4,2022-04-04,1
2022-04-05,JUFO,63162.0,7.09,447818.58,2022-04-04,1
2022-04-06,HRHO,36590.0,13.13,480426.7,2022-04-04,2
2022-04-06,JUFO,63162.0,7.2,454766.4,2022-04-04,2
2022-04-07,HRHO,36590.0,12.66,463229.4,2022-04-04,3
2022-04-07,JUFO,63162.0,7.2,454766.4,2022-04-04,3
2022-04-10,HRHO,36590.0,12.46,455911.4,2022-04-04,4
2022-04-10,JUFO,63162.0,7.27,459187.74,2022-04-04,4
2022-04-11,HRHO,36590.0,12.61,461399.89999999997,2022-04-04,5
2022-04-11,JUFO,63162.0,7.3,461082.6,2022-04-04,5
2022-04-12,HRHO,36590.0,12.72,465424.80000000005,2022-04-04,6
2022-04-12,JUFO,63162.0,7.35,464240.69999999995,2022-04-04,6
2022-04-13,HRHO,36590.0,12.88,471279.2,2022-04-04,7
2022-04-13,JUFO,63162.0,7.38,466135.56,2022-04-04,7
2022-04-14,HRHO,36590.0,10.3,376877.0,2022-04-04,8
2022-04-14,JUFO,63162.0,7.33,462977.46,2022-04-04,8
2022-04-17,JUFO,63162.0,7.4,467398.80000000005,2022-04-04,9
2022-04-18,JUFO,63162.0,7.4,467398.80000000005,2022-04-04,10
2022-04-19,JUFO,63162.0,7.4,467398.80000000005,2022-04-04,11
2022-04-20,JUFO,63162.0,7.45,470556.9,2022-04-04,12
2022-04-27,JUFO,63162.0,7.6,480031.19999999995,2022-04-04,13
2022-04-28,JUFO,63162.0,7.64,482557.68,2022-04-04,14
2022-05-08,JUFO,63162.0,7.78,491400.36000000004,2022-04-04,15
2022-05-09,JUFO,63162.0,7.8,492663.6,2022-04-04,16
2022-05-10,JUFO,63162.0,7.82,493926.84,2022-04-04,17
2022-05-11,JUFO,63162.0,8.21,518560.0200000001,2022-04-04,18
2022-05-15,JUFO,63162.0,8.29,523612.9799999999,2022-04-04,19
2022-05-16,JUFO,63162.0,8.3,524244.60000000003,2022-04-04,20
2022-05-17,JUFO,63162.0,8.36,528034.32,2022-04-04,21
2022-05-18,JUFO,63162.0,8.41,531192.42,2022-04-04,22
2022-05-23,JUFO,63162.0,8.7,549509.3999999999,2022-04-04,23
2022-07-31,ADIB,49753.0,9.38,466683.14,2022-07-31,0
2022-08-01,ADIB,49753.0,9.37,466185.61,2022-07-31,1
2022-08-02,ADIB,49753.0,9.35,465190.55,2022-07-31,2
2022-08-03,ADIB,49753.0,9.17,456235.01,2022-07-31,3
2022-08-04,ADIB,49753.0,9.39,467180.67000000004,2022-07-31,4
2022-08-07,ADIB,49753.0,9.27,461210.31,2022-07-31,5
2022-08-08,ADIB,49753.0,9.52,473648.56,2022-07-31,6
2022-08-09,ADIB,49753.0,9.81,488076.93000000005,2022-07-31,7
2022-08-10,ADIB,49753.0,9.97,496037.41000000003,2022-07-31,8
2022-08-11,ADIB,49753.0,9.82,488574.46,2022-07-31,9
2022-08-14,ADIB,49753.0,10.26,510465.77999999997,2022-07-31,10
2022-08-15,ADIB,49753.0,10.07,501012.71,2022-07-31,11
2022-08-16,ADIB,49753.0,10.03,499022.58999999997,2022-07-31,12
2022-08-17,ADIB,49753.0,10.33,513948.49,2022-07-31,13
2022-08-17,MCQE,44217.0,11.25,497441.25,2022-08-17,0
2022-08-18,ADIB,49753.0,10.82,538327.46,2022-07-31,14
2022-08-18,MCQE,44217.0,11.19,494788.23,2022-08-17,1
2022-08-21,ADIB,49753.0,11.4,567184.2000000001,2022-07-31,15
2022-08-21,MCQE,44217.0,10.96,484618.32000000007,2022-08-17,2
2022-08-22,MCQE,44217.0,11.0,486387.0,2022-08-17,3
2022-08-22,CCAP,390980.0,1.32,516093.60000000003,2022-08-22,0
2022-08-23,MCQE,44217.0,11.05,488597.85000000003,2022-08-17,4
2022-08-23,CCAP,390980.0,1.29,504364.2,2022-08-22,1
2022-08-24,MCQE,44217.0,10.89,481523.13,2022-08-17,5
2022-08-24,CCAP,390980.0,1.27,496544.60000000003,2022-08-22,2
2022-08-25,MCQE,44217.0,10.88,481080.96,2022-08-17,6
2022-08-25,CCAP,390980.0,1.3,508274.0,2022-08-22,3
2022-08-28,MCQE,44217.0,10.74,474890.58,2022-08-17,7
2022-08-28,CCAP,390980.0,1.29,504364.2,2022-08-22,4
2022-08-29,MCQE,44217.0,10.66,471353.22000000003,2022-08-17,8
2022-08-29,CCAP,390980.0,1.34,523913.2,2022-08-22,5
2022-08-30,MCQE,44217.0,10.43,461183.31,2022-08-17,9
2022-08-30,CCAP,390980.0,1.36,531732.8,2022-08-22,6
2022-08-31,MCQE,44217.0,10.42,460741.14,2022-08-17,10
2022-08-31,CCAP,390980.0,1.35,527823.0,2022-08-22,7
2022-09-01,MCQE,44217.0,10.65,470911.05,2022-08-17,11
2022-09-01,CCAP,390980.0,1.31,512183.80000000005,2022-08-22,8
2022-09-01,PHDC,348964.0,1.47,512977.08,2022-09-01,0
2022-09-04,MCQE,44217.0,10.49,463836.33,2022-08-17,12
2022-09-04,CCAP,390980.0,1.31,512183.80000000005,2022-08-22,9
2022-09-04,PHDC,348964.0,1.47,512977.08,2022-09-01,1
2022-09-05,MCQE,44217.0,10.65,470911.05,2022-08-17,13
2022-09-05,CCAP,390980.0,1.4,547372.0,2022-08-22,10
2022-09-05,PHDC,348964.0,1.53,533914.92,2022-09-01,2
2022-09-06,MCQE,44217.0,10.66,471353.22000000003,2022-08-17,14
2022-09-06,CCAP,390980.0,1.39,543462.2,2022-08-22,11
2022-09-06,PHDC,348964.0,1.52,530425.28,2022-09-01,3
2022-09-07,MCQE,44217.0,10.65,470911.05,2022-08-17,15
2022-09-07,CCAP,390980.0,1.41,551281.7999999999,2022-08-22,12
2022-09-07,PHDC,348964.0,1.48,516466.72,2022-09-01,4
2022-09-08,MCQE,44217.0,10.73,474448.41000000003,2022-08-17,16
2022-09-08,CCAP,390980.0,1.4,547372.0,2022-08-22,13
2022-09-08,PHDC,348964.0,1.48,516466.72,2022-09-01,5
2022-09-11,MCQE,44217.0,10.82,478427.94,2022-08-17,17
2022-09-11,CCAP,390980.0,1.39,543462.2,2022-08-22,14
2022-09-11,PHDC,348964.0,1.47,512977.08,2022-09-01,6
2022-09-12,MCQE,44217.0,10.61,469142.37,2022-08-17,18
2022-09-12,CCAP,390980.0,1.39,543462.2,2022-08-22,15
2022-09-12,PHDC,348964.0,1.47,512977.08,2022-09-01,7
2022-09-13,MCQE,44217.0,10.52,465162.83999999997,2022-08-17,19
2022-09-13,CCAP,390980.0,1.36,531732.8,2022-08-22,16
2022-09-13,PHDC,348964.0,1.47,512977.08,2022-09-01,8
2022-09-14,MCQE,44217.0,10.64,470468.88,2022-08-17,20
2022-09-14,CCAP,390980.0,1.32,516093.60000000003,2022-08-22,17
2022-09-14,PHDC,348964.0,1.43,499018.51999999996,2022-09-01,9
2022-09-15,MCQE,44217.0,10.69,472679.73,2022-08-17,21
2022-09-15,CCAP,390980.0,1.29,504364.2,2022-08-22,18
2022-09-15,PHDC,348964.0,1.36,474591.04000000004,2022-09-01,10
2022-09-18,MCQE,44217.0,10.49,463836.33,2022-08-17,22
2022-09-18,CCAP,390980.0,1.19,465266.19999999995,2022-08-22,19
2022-09-19,MCQE,44217.0,10.62,469584.54,2022-08-17,23
2022-10-18,ETEL,26329.0,18.0,473922.0,2022-10-18,0
2022-10-19,ETEL,26329.0,18.8,494985.2,2022-10-18,1
2022-10-20,ETEL,26329.0,18.51,487349.79000000004,2022-10-18,2
2022-10-20,EGAL,18554.0,25.0,463850.0,2022-10-20,0
2022-10-23,ETEL,26329.0,18.15,477871.35,2022-10-18,3
2022-10-23,EGAL,18554.0,24.06,446409.24,2022-10-20,1
2022-10-24,ETEL,26329.0,17.63,464180.26999999996,2022-10-18,4
2022-10-24,EGAL,18554.0,23.5,436019.0,2022-10-20,2
2022-10-25,ETEL,26329.0,17.67,465233.43000000005,2022-10-18,5
2022-10-25,EGAL,18554.0,24.4,452717.6,2022-10-20,3
2022-10-26,ETEL,26329.0,18.01,474185.29000000004,2022-10-18,6
2022-10-26,EGAL,18554.0,24.05,446223.7,2022-10-20,4
2022-10-27,ETEL,26329.0,18.35,483137.15,2022-10-18,7
2022-10-27,EGAL,18554.0,25.15,466633.1,2022-10-20,5
2022-10-30,ETEL,26329.0,18.05,475238.45,2022-10-18,8
2022-10-30,EGAL,18554.0,25.04,464592.16,2022-10-20,6
2022-10-31,ETEL,26329.0,18.34,482873.86,2022-10-18,9
2022-10-31,EGAL,18554.0,25.37,470714.98000000004,2022-10-20,7
2022-11-01,ETEL,26329.0,18.39,484190.31,2022-10-18,10
2022-11-01,EGAL,18554.0,25.52,473498.08,2022-10-20,8
2022-11-01,EGCH,136099.0,3.62,492678.38,2022-11-01,0
2022-11-02,ETEL,26329.0,18.61,489982.69,2022-10-18,11
2022-11-02,EGAL,18554.0,26.9,499102.6,2022-10-20,9
2022-11-02,EGCH,136099.0,3.56,484512.44,2022-11-01,1
2022-11-03,ETEL,26329.0,19.4,510782.6,2022-10-18,12
2022-11-03,EGAL,18554.0,27.58,511719.31999999995,2022-10-20,10
2022-11-03,EGCH,136099.0,3.67,499483.33,2022-11-01,2
2022-11-06,ETEL,26329.0,19.05,501567.45,2022-10-18,13
2022-11-06,EGAL,18554.0,29.36,544745.44,2022-10-20,11
2022-11-06,EGCH,136099.0,3.62,492678.38,2022-11-01,3
2022-11-07,ETEL,26329.0,20.01,526843.29,2022-10-18,14
2022-11-07,EGAL,18554.0,28.8,534355.2000000001,2022-10-20,12
2022-11-07,EGCH,136099.0,3.58,487234.42,2022-11-01,4
2022-11-08,ETEL,26329.0,19.84,522367.36,2022-10-18,15
2022-11-08,EGAL,18554.0,28.13,521924.01999999996,2022-10-20,13
2022-11-08,EGCH,136099.0,3.47,472263.53,2022-11-01,5
2022-11-09,EGAL,18554.0,28.37,526376.98,2022-10-20,14
2022-11-09,EGCH,136099.0,3.4,462736.6,2022-11-01,6
2022-11-10,EGAL,18554.0,28.85,535282.9,2022-10-20,15
2022-11-10,EGCH,136099.0,3.55,483151.44999999995,2022-11-01,7
2022-11-10,ETEL,25344.0,21.5,544896.0,2022-11-10,0
2022-11-13,EGAL,18554.0,29.75,551981.5,2022-10-20,16
2022-11-13,EGCH,136099.0,3.57,485873.43,2022-11-01,8
2022-11-13,ETEL,25344.0,21.2,537292.7999999999,2022-11-10,1
2022-11-14,EGAL,18554.0,29.75,551981.5,2022-10-20,17
2022-11-14,EGCH,136099.0,3.56,484512.44,2022-11-01,9
2022-11-14,ETEL,25344.0,21.5,544896.0,2022-11-10,2
2022-11-15,EGAL,18554.0,29.57,548641.78,2022-10-20,18
2022-11-15,EGCH,136099.0,3.56,484512.44,2022-11-01,10
2022-11-15,ETEL,25344.0,21.54,545909.76,2022-11-10,3
2022-11-16,EGAL,18554.0,30.51,566082.54,2022-10-20,19
2022-11-16,EGCH,136099.0,3.63,494039.37,2022-11-01,11
2022-11-16,ETEL,25344.0,22.23,563397.12,2022-11-10,4
2022-11-17,EGAL,18554.0,31.22,579255.88,2022-10-20,20
2022-11-17,EGCH,136099.0,3.59,488595.41,2022-11-01,12
2022-11-17,ETEL,25344.0,22.09,559848.96,2022-11-10,5
2022-11-20,EGCH,136099.0,3.63,494039.37,2022-11-01,13
2022-11-20,ETEL,25344.0,21.54,545909.76,2022-11-10,6
2022-11-20,EGAL,18554.0,31.1,577029.4,2022-11-20,0
2022-11-21,EGCH,136099.0,3.54,481790.46,2022-11-01,14
2022-11-21,ETEL,25344.0,22.0,557568.0,2022-11-10,7
2022-11-21,EGAL,18554.0,31.23,579441.42,2022-11-20,1
2022-11-22,EGCH,136099.0,3.71,504927.29,2022-11-01,15
2022-11-22,ETEL,25344.0,22.36,566691.84,2022-11-10,8
2022-11-22,EGAL,18554.0,27.47,509678.38,2022-11-20,2
2022-11-23,EGCH,136099.0,4.08,555283.92,2022-11-01,16
2022-11-23,ETEL,25344.0,22.68,574801.92,2022-11-10,9
2022-11-23,COMI,13394.0,37.11,497051.33999999997,2022-11-23,0
2022-11-24,EGCH,136099.0,4.38,596113.62,2022-11-01,17
2022-11-24,ETEL,25344.0,23.38,592542.72,2022-11-10,10
2022-11-24,COMI,13394.0,37.85,506962.9,2022-11-23,1
2022-11-27,COMI,13394.0,38.6,517008.4,2022-11-23,2
2022-11-27,GBCO,124078.0,4.75,589370.5,2022-11-27,0
2022-11-27,ETEL,25420.0,23.25,591015.0,2022-11-27,0
2022-11-28,COMI,13394.0,38.31,513124.14,2022-11-23,3
2022-11-28,GBCO,124078.0,4.67,579444.26,2022-11-27,1
2022-11-28,ETEL,25420.0,22.77,578813.4,2022-11-27,1
2022-11-29,COMI,13394.0,39.84,533616.9600000001,2022-11-23,4
2022-11-29,GBCO,124078.0,4.72,585648.1599999999,2022-11-27,2
2022-11-29,ETEL,25420.0,22.82,580084.4,2022-11-27,2
2022-11-30,COMI,13394.0,40.05,536429.7,2022-11-23,5
2022-11-30,GBCO,124078.0,4.64,575721.9199999999,2022-11-27,3
2022-11-30,ETEL,25420.0,23.0,584660.0,2022-11-27,3
2022-12-01,COMI,13394.0,41.4,554511.6,2022-11-23,6
2022-12-01,GBCO,124078.0,4.75,589370.5,2022-11-27,4
2022-12-01,ETEL,25420.0,24.31,617960.2,2022-11-27,4
2022-12-04,COMI,13394.0,42.35,567235.9,2022-11-23,7
2022-12-04,GBCO,124078.0,4.81,596815.1799999999,2022-11-27,5
2022-12-04,ETEL,25420.0,24.77,629653.4,2022-11-27,5
2022-12-05,COMI,13394.0,44.0,589336.0,2022-11-23,8
2022-12-05,GBCO,124078.0,5.04,625353.12,2022-11-27,6
2022-12-05,ETEL,25420.0,25.0,635500.0,2022-11-27,6
2022-12-06,GBCO,124078.0,5.01,621630.78,2022-11-27,7
2022-12-06,ETEL,25420.0,24.36,619231.2,2022-11-27,7
2022-12-06,COMI,13621.0,44.91,611719.11,2022-12-06,0
2022-12-07,GBCO,124078.0,5.0,620390.0,2022-11-27,8
2022-12-07,ETEL,25420.0,24.59,625077.8,2022-11-27,8
2022-12-07,COMI,13621.0,45.89,625067.6900000001,2022-12-06,1
2022-12-08,GBCO,124078.0,4.96,615426.88,2022-11-27,9
2022-12-08,ETEL,25420.0,24.45,621519.0,2022-11-27,9
2022-12-08,COMI,13621.0,45.8,623841.7999999999,2022-12-06,2
2022-12-11,GBCO,124078.0,5.08,630316.24,2022-11-27,10
2022-12-11,ETEL,25420.0,22.8,579576.0,2022-11-27,10
2022-12-11,COMI,13621.0,44.6,607496.6,2022-12-06,3
2022-12-12,GBCO,124078.0,4.96,615426.88,2022-11-27,11
2022-12-12,ETEL,25420.0,23.56,598895.2,2022-11-27,11
2022-12-12,COMI,13621.0,45.42,618665.8200000001,2022-12-06,4
2022-12-13,GBCO,124078.0,5.12,635279.36,2022-11-27,12
2022-12-13,ETEL,25420.0,23.22,590252.4,2022-11-27,12
2022-12-13,COMI,13621.0,45.15,614988.15,2022-12-06,5
2022-12-14,GBCO,124078.0,5.61,696077.5800000001,2022-11-27,13
2022-12-14,COMI,13621.0,47.15,642230.15,2022-12-06,6
2022-12-14,ORAS,6336.0,92.1,583545.6,2022-12-14,0
2022-12-15,GBCO,124078.0,5.43,673743.5399999999,2022-11-27,14
2022-12-15,COMI,13621.0,45.5,619755.5,2022-12-06,7
2022-12-15,ORAS,6336.0,91.97,582721.92,2022-12-14,1
2022-12-18,COMI,13621.0,44.22,602320.62,2022-12-06,8
2022-12-18,ORAS,6336.0,88.7,562003.2000000001,2022-12-14,2
2022-12-19,COMI,13621.0,42.6,580254.6,2022-12-06,9
2022-12-19,ORAS,6336.0,94.6,599385.6,2022-12-14,3
2022-12-20,COMI,13621.0,41.0,558461.0,2022-12-06,10
2022-12-20,ORAS,6336.0,93.48,592289.28,2022-12-14,4
2022-12-21,ORAS,6336.0,91.94,582531.84,2022-12-14,5
2022-12-21,ETEL,23266.0,26.49,616316.34,2022-12-21,0
2022-12-22,ORAS,6336.0,91.37,578920.3200000001,2022-12-14,6
2022-12-22,ETEL,23266.0,26.07,606544.62,2022-12-21,1
2022-12-25,ORAS,6336.0,88.99,563840.64,2022-12-14,7
2022-12-25,ETEL,23266.0,24.9,579323.4,2022-12-21,2
2022-12-26,ORAS,6336.0,92.88,588487.6799999999,2022-12-14,8
2022-12-26,ETEL,23266.0,25.28,588164.48,2022-12-21,3
2022-12-27,ORAS,6336.0,93.75,594000.0,2022-12-14,9
2022-12-27,ETEL,23266.0,25.0,581650.0,2022-12-21,4
2022-12-28,ORAS,6336.0,95.5,605088.0,2022-12-14,10
2022-12-28,ETEL,23266.0,25.51,593515.66,2022-12-21,5
2022-12-29,ORAS,6336.0,95.95,607939.2000000001,2022-12-14,11
2022-12-29,ETEL,23266.0,25.1,583976.6,2022-12-21,6
2023-01-02,ORAS,6336.0,95.79,606925.4400000001,2022-12-14,12
2023-01-02,ETEL,23266.0,24.73,575368.18,2022-12-21,7
2023-01-02,JUFO,63953.0,9.59,613309.27,2023-01-02,0
2023-01-03,ORAS,6336.0,94.12,596344.3200000001,2022-12-14,13
2023-01-03,ETEL,23266.0,25.3,588629.8,2022-12-21,8
2023-01-03,JUFO,63953.0,9.4,601158.2000000001,2023-01-02,1
2023-01-04,ORAS,6336.0,98.0,620928.0,2022-12-14,14
2023-01-04,ETEL,23266.0,25.62,596074.92,2022-12-21,9
2023-01-04,JUFO,63953.0,9.09,581332.77,2023-01-02,2
2023-01-05,ORAS,6336.0,96.4,610790.4,2022-12-14,15
2023-01-05,ETEL,23266.0,25.97,604218.02,2022-12-21,10
2023-01-05,AMOC,84128.0,7.2,605721.6,2023-01-05,0
2023-01-09,ORAS,6336.0,96.79,613261.4400000001,2022-12-14,16
2023-01-09,ETEL,23266.0,25.79,600030.14,2022-12-21,11
2023-01-09,AMOC,84128.0,7.26,610769.28,2023-01-05,1
2023-01-10,ORAS,6336.0,96.0,608256.0,2022-12-14,17
2023-01-10,ETEL,23266.0,24.35,566527.1,2022-12-21,12
2023-01-10,AMOC,84128.0,7.01,589737.28,2023-01-05,2
2023-01-11,ORAS,6336.0,103.9,658310.4,2022-12-14,18
2023-01-11,ETEL,23266.0,24.5,570017.0,2022-12-21,13
2023-01-11,AMOC,84128.0,7.5,630960.0,2023-01-05,3
2023-01-12,ORAS,6336.0,102.49,649376.64,2022-12-14,19
2023-01-12,ETEL,23266.0,24.2,563037.2,2022-12-21,14
2023-01-12,AMOC,84128.0,7.84,659563.52,2023-01-05,4
2023-01-15,ORAS,6336.0,101.49,643040.64,2022-12-14,20
2023-01-15,AMOC,84128.0,7.7,647785.6,2023-01-05,5
2023-01-16,ORAS,6336.0,100.06,633980.16,2022-12-14,21
2023-01-16,AMOC,84128.0,7.93,667135.0399999999,2023-01-05,6
2023-01-16,EGCH,92299.0,6.1,563023.9,2023-01-16,0
2023-01-17,ORAS,6336.0,99.61,631128.96,2022-12-14,22
2023-01-17,AMOC,84128.0,7.85,660404.7999999999,2023-01-05,7
2023-01-17,EGCH,92299.0,6.02,555639.98,2023-01-16,1
2023-01-18,ORAS,6336.0,101.8,645004.7999999999,2022-12-14,23
2023-01-18,AMOC,84128.0,7.36,619182.0800000001,2023-01-05,8
2023-01-18,EGCH,92299.0,5.77,532565.23,2023-01-16,2
2023-01-19,AMOC,84128.0,7.49,630118.72,2023-01-05,9
2023-01-19,EGCH,92299.0,5.77,532565.23,2023-01-16,3
2023-01-22,AMOC,84128.0,7.45,626753.6,2023-01-05,10
2023-01-22,EGCH,92299.0,5.86,540872.14,2023-01-16,4
2023-01-23,AMOC,84128.0,7.44,625912.3200000001,2023-01-05,11
2023-01-23,EGCH,92299.0,5.84,539026.16,2023-01-16,5
2023-01-24,AMOC,84128.0,7.52,632642.5599999999,2023-01-05,12
2023-01-24,EGCH,92299.0,5.82,537180.18,2023-01-16,6
2023-01-25,AMOC,84128.0,7.63,641896.64,2023-01-05,13
2023-01-25,EGCH,92299.0,5.87,541795.13,2023-01-16,7
2023-01-29,AMOC,84128.0,7.72,649468.16,2023-01-05,14
2023-01-29,EGCH,92299.0,5.86,540872.14,2023-01-16,8
2023-01-30,AMOC,84128.0,7.4,622547.2000000001,2023-01-05,15
2023-01-30,EGCH,92299.0,5.58,515028.42,2023-01-16,9
2023-01-30,JUFO,60336.0,10.24,617840.64,2023-01-30,0
2023-01-31,AMOC,84128.0,7.47,628436.16,2023-01-05,16
2023-01-31,EGCH,92299.0,5.4,498414.60000000003,2023-01-16,10
2023-01-31,JUFO,60336.0,10.08,608186.88,2023-01-30,1
2023-02-01,AMOC,84128.0,7.54,634325.12,2023-01-05,17
2023-02-01,JUFO,60336.0,10.22,616633.92,2023-01-30,2
2023-02-02,AMOC,84128.0,7.4,622547.2000000001,2023-01-05,18
2023-02-02,JUFO,60336.0,10.5,633528.0,2023-01-30,3
2023-02-05,AMOC,84128.0,7.42,624229.76,2023-01-05,19
2023-02-05,JUFO,60336.0,10.32,622667.52,2023-01-30,4
2023-02-06,AMOC,84128.0,7.67,645261.76,2023-01-05,20
2023-02-06,JUFO,60336.0,10.77,649818.72,2023-01-30,5
2023-02-07,AMOC,84128.0,7.73,650309.4400000001,2023-01-05,21
2023-02-07,JUFO,60336.0,10.89,657059.04,2023-01-30,6
2023-02-08,AMOC,84128.0,7.63,641896.64,2023-01-05,22
2023-02-08,JUFO,60336.0,10.33,623270.88,2023-01-30,7
2023-02-08,EAST,37884.0,13.39,507266.76,2023-02-08,0
2023-02-09,AMOC,84128.0,7.99,672182.72,2023-01-05,23
2023-02-09,JUFO,60336.0,10.6,639561.6,2023-01-30,8
2023-02-09,EAST,37884.0,13.51,511812.83999999997,2023-02-08,1
2023-02-12,JUFO,60336.0,10.54,635941.44,2023-01-30,9
2023-02-12,EAST,37884.0,13.38,506887.92000000004,2023-02-08,2
2023-02-13,JUFO,60336.0,10.39,626891.04,2023-01-30,10
2023-02-13,EAST,37884.0,13.38,506887.92000000004,2023-02-08,3
2023-02-14,JUFO,60336.0,11.19,675159.84,2023-01-30,11
2023-02-14,EAST,37884.0,13.42,508403.27999999997,2023-02-08,4
2023-02-15,JUFO,60336.0,11.76,709551.36,2023-01-30,12
2023-02-15,EAST,37884.0,13.38,506887.92000000004,2023-02-08,5
2023-02-16,JUFO,60336.0,11.55,696880.8,2023-01-30,13
2023-02-16,EAST,37884.0,13.48,510676.32,2023-02-08,6
2023-02-19,JUFO,60336.0,11.15,672746.4,2023-01-30,14
2023-02-19,EAST,37884.0,13.48,510676.32,2023-02-08,7
2023-02-20,JUFO,60336.0,11.16,673349.76,2023-01-30,15
2023-02-20,EAST,37884.0,13.37,506509.07999999996,2023-02-08,8
2023-02-21,JUFO,60336.0,11.0,663696.0,2023-01-30,16
2023-02-21,EAST,37884.0,13.37,506509.07999999996,2023-02-08,9
2023-02-22,JUFO,60336.0,10.55,636544.8,2023-01-30,17
2023-02-22,EAST,37884.0,13.38,506887.92000000004,2023-02-08,10
2023-02-23,JUFO,60336.0,10.61,640164.96,2023-01-30,18
2023-02-23,EAST,37884.0,13.38,506887.92000000004,2023-02-08,11
2023-02-26,JUFO,60336.0,10.93,659472.48,2023-01-30,19
2023-02-26,EAST,37884.0,13.38,506887.92000000004,2023-02-08,12
2023-02-27,JUFO,60336.0,10.98,662489.28,2023-01-30,20
2023-02-27,EAST,37884.0,13.49,511055.16000000003,2023-02-08,13
2023-02-28,JUFO,60336.0,10.67,643785.12,2023-01-30,21
2023-02-28,EAST,37884.0,13.77,521662.68,2023-02-08,14
2023-03-01,JUFO,60336.0,10.56,637148.16,2023-01-30,22
2023-03-01,EAST,37884.0,14.04,531891.36,2023-02-08,15
2023-03-02,JUFO,60336.0,10.5,633528.0,2023-01-30,23
2023-03-02,EAST,37884.0,13.38,506887.92000000004,2023-02-08,16
2023-03-05,EAST,37884.0,13.34,505372.56,2023-02-08,17
2023-03-06,EAST,37884.0,13.08,495522.72000000003,2023-02-08,18
2023-03-07,EAST,37884.0,12.64,478853.76,2023-02-08,19
2023-04-02,ABUK,13730.0,44.5,610985.0,2023-04-02,0
2023-04-03,ABUK,13730.0,47.52,652449.6000000001,2023-04-02,1
2023-04-04,EGAL,15781.0,39.23,619088.63,2023-04-04,0
2023-04-04,ABUK,13015.0,46.87,610013.0499999999,2023-04-04,0
2023-04-05,EGAL,15781.0,38.49,607410.6900000001,2023-04-04,1
2023-04-05,ABUK,13015.0,46.18,601032.7,2023-04-04,1
2023-04-06,EGAL,15781.0,38.99,615301.1900000001,2023-04-04,2
2023-04-06,ABUK,13015.0,44.81,583202.15,2023-04-04,2
2023-04-09,EGAL,15781.0,39.05,616248.0499999999,2023-04-04,3
2023-04-09,ABUK,13015.0,43.68,568495.2,2023-04-04,3
2023-04-10,EGAL,15781.0,38.94,614512.14,2023-04-04,4
2023-04-10,ABUK,13015.0,44.09,573831.3500000001,2023-04-04,4
2023-04-11,EGAL,15781.0,38.91,614038.71,2023-04-04,5
2023-04-11,ABUK,13015.0,45.43,591271.45,2023-04-04,5
2023-04-12,EGAL,15781.0,38.67,610251.27,2023-04-04,6
2023-04-12,ABUK,13015.0,44.8,583072.0,2023-04-04,6
2023-04-13,EGAL,15781.0,39.1,617037.1,2023-04-04,7
2023-04-13,ABUK,13015.0,45.88,597128.2000000001,2023-04-04,7
2023-04-18,EGAL,15781.0,41.5,654911.5,2023-04-04,8
2023-04-18,ABUK,13015.0,48.72,634090.7999999999,2023-04-04,8
2023-04-19,EGAL,15781.0,41.25,650966.25,2023-04-04,9
2023-04-19,ABUK,13015.0,48.43,630316.45,2023-04-04,9
2023-04-26,EGAL,15781.0,40.82,644180.42,2023-04-04,10
2023-04-26,ABUK,13015.0,49.99,650619.85,2023-04-04,10
2023-04-27,EGAL,15781.0,42.21,666116.01,2023-04-04,11
2023-04-27,ABUK,13015.0,50.39,655825.85,2023-04-04,11
2023-04-30,EGAL,15781.0,43.95,693574.9500000001,2023-04-04,12
2023-04-30,ABUK,13015.0,49.71,646975.65,2023-04-04,12
2023-05-01,EGAL,15781.0,43.95,693574.9500000001,2023-04-04,13
2023-05-01,ABUK,13015.0,47.37,616520.5499999999,2023-04-04,13
2023-05-01,GBCO,102535.0,5.92,607007.2,2023-05-01,0
2023-05-02,EGAL,15781.0,41.57,656016.17,2023-04-04,13
2023-05-02,ABUK,13015.0,48.41,630056.1499999999,2023-04-04,14
2023-05-02,GBCO,102535.0,5.84,598804.4,2023-05-01,1
2023-05-03,EGAL,15781.0,43.17,681265.77,2023-04-04,14
2023-05-03,ABUK,13015.0,48.27,628234.05,2023-04-04,15
2023-05-03,GBCO,102535.0,5.81,595728.35,2023-05-01,2
2023-05-07,EGAL,15781.0,43.68,689314.08,2023-04-04,15
2023-05-07,ABUK,13015.0,48.0,624720.0,2023-04-04,16
2023-05-07,GBCO,102535.0,5.77,591626.95,2023-05-01,3
2023-05-08,EGAL,15781.0,46.0,725926.0,2023-04-04,16
2023-05-08,ABUK,13015.0,52.5,683287.5,2023-04-04,17
2023-05-08,GBCO,102535.0,5.95,610083.25,2023-05-01,4
2023-05-09,EGAL,15781.0,45.19,713143.39,2023-04-04,17
2023-05-09,ABUK,13015.0,50.02,651010.3,2023-04-04,18
2023-05-09,GBCO,102535.0,5.85,599829.75,2023-05-01,5
2023-05-10,EGAL,15781.0,46.34,731291.54,2023-04-04,18
2023-05-10,ABUK,13015.0,52.1,678081.5,2023-04-04,19
2023-05-10,GBCO,102535.0,5.99,614184.65,2023-05-01,6
2023-05-11,EGAL,15781.0,45.55,718824.5499999999,2023-04-04,19
2023-05-11,ABUK,13015.0,52.1,678081.5,2023-04-04,20
2023-05-11,GBCO,102535.0,5.86,600855.1,2023-05-01,7
2023-05-14,EGAL,15781.0,47.5,749597.5,2023-04-04,20
2023-05-14,ABUK,13015.0,52.15,678732.25,2023-04-04,21
2023-05-14,GBCO,102535.0,5.89,603931.15,2023-05-01,8
2023-05-15,EGAL,15781.0,46.42,732554.02,2023-04-04,21
2023-05-15,ABUK,13015.0,50.93,662853.95,2023-04-04,22
2023-05-15,GBCO,102535.0,5.72,586500.2,2023-05-01,9
2023-05-16,ABUK,13015.0,49.65,646194.75,2023-04-04,23
2023-05-16,GBCO,102535.0,5.56,570094.6,2023-05-01,10
2023-06-05,ISPH,259102.0,2.42,627026.84,2023-06-05,0
2023-06-06,ISPH,259102.0,2.57,665892.14,2023-06-05,1
2023-06-07,ISPH,259102.0,2.54,658119.08,2023-06-05,2
2023-06-07,EGCH,95458.0,6.58,628113.64,2023-06-07,0
2023-06-08,ISPH,259102.0,2.65,686620.2999999999,2023-06-05,3
2023-06-08,EGCH,95458.0,6.67,636704.86,2023-06-07,1
2023-06-11,ISPH,259102.0,2.58,668483.16,2023-06-05,4
2023-06-11,EGCH,95458.0,6.83,651978.14,2023-06-07,2
2023-06-12,ISPH,259102.0,2.54,658119.08,2023-06-05,5
2023-06-12,EGCH,95458.0,6.88,656751.04,2023-06-07,3
2023-06-13,ISPH,259102.0,2.57,665892.14,2023-06-05,6
2023-06-13,EGCH,95458.0,6.91,659614.78,2023-06-07,4
2023-06-14,ISPH,259102.0,2.59,671074.1799999999,2023-06-05,7
2023-06-14,EGCH,95458.0,6.81,650068.98,2023-06-07,5
2023-06-15,ISPH,259102.0,2.55,660710.1,2023-06-05,8
2023-06-15,EGCH,95458.0,6.72,641477.76,2023-06-07,6
2023-06-18,ISPH,259102.0,2.57,665892.14,2023-06-05,9
2023-06-18,EGCH,95458.0,6.98,666296.8400000001,2023-06-07,7
2023-06-19,ISPH,259102.0,2.51,650346.0199999999,2023-06-05,10
2023-06-19,EGCH,95458.0,6.79,648159.82,2023-06-07,8
2023-06-20,ISPH,259102.0,2.51,650346.0199999999,2023-06-05,11
2023-06-20,EGCH,95458.0,6.76,645296.08,2023-06-07,9
2023-06-21,ISPH,259102.0,2.41,624435.8200000001,2023-06-05,12
2023-06-21,EGCH,95458.0,6.63,632886.54,2023-06-07,10
2023-06-22,ISPH,259102.0,2.5,647755.0,2023-06-05,13
2023-06-22,EGCH,95458.0,6.69,638614.02,2023-06-07,11
2023-06-25,ISPH,259102.0,2.51,650346.0199999999,2023-06-05,14
2023-06-25,EGCH,95458.0,6.9,658660.2000000001,2023-06-07,12
2023-06-26,ISPH,259102.0,2.59,671074.1799999999,2023-06-05,15
2023-06-26,EGCH,95458.0,7.12,679660.96,2023-06-07,13
2023-07-04,ISPH,259102.0,2.57,665892.14,2023-06-05,16
2023-07-04,EGCH,95458.0,7.21,688252.18,2023-06-07,14
2023-07-05,ISPH,259102.0,2.5,647755.0,2023-06-05,17
2023-07-05,EGCH,95458.0,7.14,681570.12,2023-06-07,15
2023-07-06,ISPH,259102.0,2.4,621844.7999999999,2023-06-05,18
2023-07-06,EGCH,95458.0,6.96,664387.68,2023-06-07,16
2023-07-09,ISPH,259102.0,2.1,544114.2000000001,2023-06-05,19
2023-07-09,EGCH,95458.0,6.58,628113.64,2023-06-07,17
2023-07-10,EGCH,95458.0,6.79,648159.82,2023-06-07,18
2023-07-11,EGCH,95458.0,6.87,655796.46,2023-06-07,19
2023-07-12,EGCH,95458.0,6.8,649114.4,2023-06-07,20
2023-07-13,EGCH,95458.0,6.96,664387.68,2023-06-07,21
2023-07-16,EGCH,95458.0,6.96,664387.68,2023-06-07,22
2023-07-17,EGCH,95458.0,6.88,656751.04,2023-06-07,23
2023-08-01,JUFO,44016.0,14.39,633390.24,2023-08-01,0
2023-08-02,JUFO,44016.0,14.13,621946.0800000001,2023-08-01,1
2023-08-03,JUFO,44016.0,13.99,615783.84,2023-08-01,2
2023-08-06,JUFO,44016.0,14.04,617984.64,2023-08-01,3
2023-08-07,JUFO,44016.0,14.1,620625.6,2023-08-01,4
2023-08-08,JUFO,44016.0,13.96,614463.36,2023-08-01,5
2023-08-09,JUFO,44016.0,14.1,620625.6,2023-08-01,6
2023-08-10,JUFO,44016.0,14.1,620625.6,2023-08-01,7
2023-08-13,JUFO,44016.0,14.04,617984.64,2023-08-01,8
2023-08-14,JUFO,44016.0,14.13,621946.0800000001,2023-08-01,9
2023-08-15,JUFO,44016.0,14.2,625027.2,2023-08-01,10
2023-08-16,JUFO,44016.0,17.04,750032.64,2023-08-01,11
2023-09-03,COMI,11749.0,56.25,660881.25,2023-09-03,0
2023-09-04,COMI,11749.0,56.2,660293.8,2023-09-03,1
2023-09-04,EAST,41912.0,16.13,676040.5599999999,2023-09-04,0
2023-09-05,COMI,11749.0,57.05,670280.45,2023-09-03,2
2023-09-05,EAST,41912.0,17.31,725496.72,2023-09-04,1
2023-09-05,TMGH,59272.0,11.44,678071.6799999999,2023-09-05,0
2023-09-06,COMI,11749.0,59.0,693191.0,2023-09-03,3
2023-09-06,EAST,41912.0,16.96,710827.52,2023-09-04,2
2023-09-06,TMGH,59272.0,11.22,665031.8400000001,2023-09-05,1
2023-09-07,COMI,11749.0,59.12,694600.88,2023-09-03,4
2023-09-07,EAST,41912.0,17.4,729268.7999999999,2023-09-04,3
2023-09-07,TMGH,59272.0,11.36,673329.9199999999,2023-09-05,2
2023-09-10,COMI,11749.0,58.8,690841.2,2023-09-03,5
2023-09-10,EAST,41912.0,18.21,763217.52,2023-09-04,4
2023-09-10,TMGH,59272.0,11.4,675700.8,2023-09-05,3
2023-09-11,COMI,11749.0,57.89,680149.61,2023-09-03,6
2023-09-11,EAST,41912.0,17.77,744776.24,2023-09-04,5
2023-09-11,TMGH,59272.0,11.57,685777.04,2023-09-05,4
2023-09-12,COMI,11749.0,57.22,672277.78,2023-09-03,7
2023-09-12,EAST,41912.0,18.03,755673.3600000001,2023-09-04,6
2023-09-12,TMGH,59272.0,11.43,677478.96,2023-09-05,5
2023-09-13,COMI,11749.0,57.9,680267.1,2023-09-03,8
2023-09-13,EAST,41912.0,18.12,759445.4400000001,2023-09-04,7
2023-09-13,TMGH,59272.0,11.83,701187.76,2023-09-05,6
2023-09-14,COMI,11749.0,58.75,690253.75,2023-09-03,9
2023-09-14,EAST,41912.0,18.21,763217.52,2023-09-04,8
2023-09-14,TMGH,59272.0,13.21,782983.12,2023-09-05,7
2023-09-17,COMI,11749.0,58.7,689666.3,2023-09-03,10
2023-09-17,EAST,41912.0,18.34,768666.08,2023-09-04,9
2023-09-17,TMGH,59271.0,13.6,806085.6,2023-09-17,0
2023-09-18,COMI,11749.0,59.02,693425.98,2023-09-03,11
2023-09-18,EAST,41912.0,18.4,771180.7999999999,2023-09-04,10
2023-09-18,TMGH,59271.0,13.35,791267.85,2023-09-17,1
2023-09-19,COMI,11749.0,59.63,700592.87,2023-09-03,12
2023-09-19,EAST,41912.0,18.71,784173.52,2023-09-04,11
2023-09-19,TMGH,59271.0,13.0,770523.0,2023-09-17,2
2023-09-20,COMI,11749.0,59.01,693308.49,2023-09-03,13
2023-09-20,EAST,41912.0,18.35,769085.2000000001,2023-09-04,12
2023-09-20,TMGH,59271.0,12.89,764003.1900000001,2023-09-17,3
2023-09-21,COMI,11749.0,59.85,703177.65,2023-09-03,14
2023-09-21,EAST,41912.0,18.47,774114.6399999999,2023-09-04,13
2023-09-21,TMGH,59271.0,13.68,810827.28,2023-09-17,4
2023-09-24,COMI,11749.0,60.11,706232.39,2023-09-03,15
2023-09-24,EAST,41912.0,18.21,763217.52,2023-09-04,14
2023-09-24,TMGH,59271.0,14.0,829794.0,2023-09-17,5
2023-09-25,COMI,11749.0,60.0,704940.0,2023-09-03,16
2023-09-25,EAST,41912.0,18.21,763217.52,2023-09-04,15
2023-09-25,TMGH,59271.0,13.96,827423.16,2023-09-17,6
2023-09-26,COMI,11749.0,60.4,709639.6,2023-09-03,17
2023-09-26,EAST,41912.0,18.03,755673.3600000001,2023-09-04,16
2023-09-26,TMGH,59271.0,13.63,807863.7300000001,2023-09-17,7
2023-09-27,COMI,11749.0,60.0,704940.0,2023-09-03,18
2023-09-27,EAST,41912.0,17.9,750224.7999999999,2023-09-04,17
2023-09-27,TMGH,59271.0,13.75,814976.25,2023-09-17,8
2023-10-01,COMI,11749.0,60.49,710697.01,2023-09-03,19
2023-10-01,EAST,41912.0,18.54,777048.48,2023-09-04,18
2023-10-01,TMGH,59271.0,13.32,789489.72,2023-09-17,9
2023-10-02,COMI,11749.0,61.05,717276.45,2023-09-03,20
2023-10-02,EAST,41912.0,18.06,756930.72,2023-09-04,19
2023-10-02,TMGH,59271.0,13.0,770523.0,2023-09-17,10
2023-10-03,COMI,11749.0,61.51,722680.99,2023-09-03,21
2023-10-03,EAST,41912.0,17.91,750643.92,2023-09-04,20
2023-10-03,TMGH,59271.0,12.99,769930.29,2023-09-17,11
2023-10-04,COMI,11749.0,61.66,724443.34,2023-09-03,22
2023-10-04,EAST,41912.0,17.51,733879.1200000001,2023-09-04,21
2023-10-04,TMGH,59271.0,12.9,764595.9,2023-09-17,12
2023-10-08,EAST,41912.0,17.47,732202.6399999999,2023-09-04,22
2023-10-08,TMGH,59271.0,12.51,741480.21,2023-09-17,13
2023-10-08,COMI,11911.0,60.0,714660.0,2023-10-08,0
2023-10-09,EAST,41912.0,17.21,721305.52,2023-09-04,23
2023-10-15,VLMRA,16157.0,47.5,767457.5,2023-10-15,0
2023-10-16,VLMRA,16157.0,50.19,810919.83,2023-10-15,1
2023-10-16,ORAS,3869.0,188.1,727758.9,2023-10-16,0
2023-10-17,ORAS,3869.0,182.65,706672.85,2023-10-16,1
2023-10-17,EGCH,83609.0,9.54,797629.86,2023-10-17,0
2023-10-17,VLMRA,15309.0,53.36,816888.24,2023-10-17,0
2023-10-18,ORAS,3869.0,179.0,692551.0,2023-10-16,2
2023-10-18,EGCH,83609.0,10.38,867861.42,2023-10-17,1
2023-10-18,VLMRA,15309.0,49.24,753815.16,2023-10-17,1
2023-10-19,ORAS,3869.0,176.0,680944.0,2023-10-16,3
2023-10-19,EGCH,83609.0,10.64,889599.76,2023-10-17,2
2023-10-19,VLMRA,15309.0,48.38,740649.42,2023-10-17,2
2023-10-22,ORAS,3869.0,186.11,720059.5900000001,2023-10-16,4
2023-10-22,VLMRA,15309.0,50.14,767593.26,2023-10-17,3
2023-10-23,ORAS,3869.0,184.11,712321.5900000001,2023-10-16,5
2023-10-23,VLMRA,15309.0,49.87,763459.83,2023-10-17,4
2023-10-23,TMGH,52298.0,16.95,886451.1,2023-10-23,0
2023-10-24,ORAS,3869.0,182.6,706479.4,2023-10-16,6
2023-10-24,VLMRA,15309.0,49.66,760244.94,2023-10-17,5
2023-10-24,TMGH,52298.0,19.25,1006736.5,2023-10-23,1
2023-10-25,ORAS,3869.0,179.01,692589.69,2023-10-16,7
2023-10-25,VLMRA,15309.0,54.9,840464.1,2023-10-17,6
2023-10-25,TMGH,52298.0,23.1,1208083.8,2023-10-23,2
2023-10-26,ORAS,3869.0,178.01,688720.69,2023-10-16,8
2023-10-26,VLMRA,15309.0,53.76,823011.84,2023-10-17,7
2023-10-26,TMGH,52298.0,25.25,1320524.5,2023-10-26,0
2023-10-29,ORAS,3869.0,175.3,678235.7000000001,2023-10-16,9
2023-10-29,VLMRA,15309.0,53.83,824083.47,2023-10-17,8
2023-10-29,TMGH,52298.0,23.85,1247307.3,2023-10-26,1
2023-10-30,ORAS,3869.0,170.55,659857.9500000001,2023-10-16,10
2023-10-30,VLMRA,15309.0,52.22,799435.98,2023-10-17,9
2023-10-30,TMGH,52298.0,25.02,1308495.96,2023-10-26,2
2023-10-31,ORAS,3869.0,167.95,649798.5499999999,2023-10-16,11
2023-10-31,VLMRA,15309.0,49.04,750753.36,2023-10-17,10
2023-10-31,TMGH,52298.0,22.51,1177227.98,2023-10-26,3
2023-11-01,VLMRA,15309.0,48.3,739424.7,2023-10-17,11
2023-11-01,TMGH,52298.0,22.4,1171475.2,2023-10-26,4
2023-11-01,ETEL,19405.0,32.95,639394.75,2023-11-01,0
2023-11-02,VLMRA,15309.0,48.77,746619.93,2023-10-17,12
2023-11-02,TMGH,52298.0,22.45,1174090.0999999999,2023-10-26,5
2023-11-02,ETEL,19405.0,33.45,649097.25,2023-11-01,1
2023-11-05,VLMRA,15309.0,49.44,756876.96,2023-10-17,13
2023-11-05,TMGH,52298.0,22.94,1199716.12,2023-10-26,6
2023-11-05,ETEL,19405.0,34.3,665591.5,2023-11-01,2
2023-11-06,VLMRA,15309.0,49.64,759938.76,2023-10-17,14
2023-11-06,TMGH,52298.0,22.55,1179319.9000000001,2023-10-26,7
2023-11-06,ETEL,19405.0,33.81,656083.05,2023-11-01,3
2023-11-07,VLMRA,15309.0,48.63,744476.67,2023-10-17,15
2023-11-07,TMGH,52298.0,22.0,1150556.0,2023-10-26,8
2023-11-07,ETEL,19405.0,33.8,655889.0,2023-11-01,4
2023-11-08,VLMRA,15309.0,48.3,739424.7,2023-10-17,16
2023-11-08,TMGH,52298.0,22.6,1181934.8,2023-10-26,9
2023-11-08,ETEL,19405.0,33.85,656859.25,2023-11-01,5
2023-11-09,VLMRA,15309.0,48.85,747844.65,2023-10-17,17
2023-11-09,TMGH,52298.0,23.0,1202854.0,2023-10-26,10
2023-11-09,ETEL,19405.0,35.12,681503.6,2023-11-01,6
2023-11-12,VLMRA,15309.0,49.05,750906.45,2023-10-17,18
2023-11-12,TMGH,52298.0,22.88,1196578.24,2023-10-26,11
2023-11-12,ETEL,19405.0,34.0,659770.0,2023-11-01,7
2023-11-13,VLMRA,15309.0,47.89,733148.01,2023-10-17,19
2023-11-13,TMGH,52298.0,22.96,1200762.08,2023-10-26,12
2023-11-13,ETEL,19405.0,38.2,741271.0,2023-11-01,8
2023-11-14,VLMRA,15309.0,48.09,736209.81,2023-10-17,20
2023-11-14,TMGH,52298.0,24.12,1261427.76,2023-10-26,13
2023-11-14,ETEL,19405.0,36.7,712163.5,2023-11-01,9
2023-11-15,VLMRA,15309.0,47.91,733454.19,2023-10-17,21
2023-11-15,TMGH,52298.0,24.51,1281823.98,2023-10-26,14
2023-11-15,ETEL,19405.0,35.65,691788.25,2023-11-01,10
2023-11-16,VLMRA,15309.0,48.63,744476.67,2023-10-17,22
2023-11-16,TMGH,52298.0,24.42,1277117.1600000001,2023-10-26,15
2023-11-16,ETEL,19405.0,36.36,705565.8,2023-11-01,11
2023-11-19,VLMRA,15309.0,49.26,754121.34,2023-10-17,23
2023-11-19,TMGH,52298.0,24.86,1300128.28,2023-10-26,16
2023-11-19,ETEL,19405.0,36.3,704401.5,2023-11-01,12
2023-11-20,TMGH,52298.0,24.03,1256720.94,2023-10-26,17
2023-11-20,ETEL,19405.0,35.68,692370.4,2023-11-01,13
2023-11-21,TMGH,52298.0,24.0,1255152.0,2023-10-26,18
2023-11-21,ETEL,19405.0,37.3,723806.5,2023-11-01,14
2023-11-22,TMGH,52298.0,25.0,1307450.0,2023-10-26,19
2023-11-22,ETEL,19405.0,37.01,718179.0499999999,2023-11-01,15
2023-11-23,TMGH,52298.0,24.51,1281823.98,2023-10-26,20
2023-11-23,ETEL,19405.0,36.77,713521.8500000001,2023-11-01,16
2023-11-26,TMGH,52298.0,24.38,1275025.24,2023-10-26,21
2023-11-26,ETEL,19405.0,36.8,714104.0,2023-11-01,17
2023-11-27,TMGH,52298.0,24.52,1282346.96,2023-10-26,22
2023-11-27,ETEL,19405.0,36.46,707506.3,2023-11-01,18
2023-11-28,TMGH,52298.0,23.66,1237370.68,2023-10-26,23
2023-11-28,ETEL,19405.0,36.2,702461.0,2023-11-01,19
2023-11-29,ETEL,19405.0,35.8,694699.0,2023-11-01,20
2023-11-30,ETEL,19405.0,35.99,698385.9500000001,2023-11-01,21
2023-12-03,ETEL,19405.0,36.0,698580.0,2023-11-01,22
2023-12-03,GBCO,125880.0,8.53,1073756.4,2023-12-03,0
2023-12-04,ETEL,19405.0,37.52,728075.6000000001,2023-11-01,23
2023-12-04,GBCO,125880.0,8.99,1131661.2,2023-12-03,1
2023-12-05,GBCO,125880.0,8.65,1088862.0,2023-12-03,2
2023-12-06,GBCO,125880.0,8.7,1095156.0,2023-12-03,3
2023-12-07,GBCO,125880.0,8.58,1080050.4,2023-12-03,4
2023-12-10,GBCO,125880.0,8.6,1082568.0,2023-12-03,5
2023-12-11,GBCO,125880.0,8.69,1093897.2,2023-12-03,6
2023-12-12,GBCO,125880.0,8.58,1080050.4,2023-12-03,7
2023-12-13,GBCO,125880.0,8.81,1109002.8,2023-12-03,8
2023-12-14,GBCO,125880.0,8.91,1121590.8,2023-12-03,9
2023-12-17,GBCO,125880.0,9.24,1163131.2,2023-12-03,10
2023-12-18,GBCO,125880.0,9.6,1208448.0,2023-12-03,11
2023-12-18,EFID,25106.0,34.86,875195.16,2023-12-18,0
2023-12-19,EFID,25106.0,34.56,867663.3600000001,2023-12-18,1
2023-12-19,GBCO,107961.0,9.28,1001878.08,2023-12-19,0
2023-12-19,MCQE,45697.0,21.92,1001678.2400000001,2023-12-19,0
2023-12-20,EFID,25106.0,33.45,839795.7000000001,2023-12-18,2
2023-12-20,GBCO,107961.0,9.21,994320.81,2023-12-19,1
2023-12-20,MCQE,45697.0,21.83,997565.5099999999,2023-12-19,1
2023-12-21,EFID,25106.0,32.0,803392.0,2023-12-18,3
2023-12-21,GBCO,107961.0,8.77,946817.97,2023-12-19,2
2023-12-21,MCQE,45697.0,22.8,1041891.6,2023-12-19,2
2023-12-24,GBCO,107961.0,8.26,891757.86,2023-12-19,3
2023-12-24,MCQE,45697.0,23.3,1064740.1,2023-12-19,3
2023-12-25,MCQE,45697.0,22.95,1048746.15,2023-12-19,4
2023-12-26,MCQE,45697.0,21.9,1000764.2999999999,2023-12-19,5
2023-12-27,MCQE,45697.0,22.1,1009903.7000000001,2023-12-19,6
2023-12-28,MCQE,45697.0,22.05,1007618.85,2023-12-19,7
2023-12-31,MCQE,45697.0,21.72,992538.84,2023-12-19,8
2024-01-02,MCQE,45697.0,22.13,1011274.61,2023-12-19,9
2024-01-03,MCQE,45697.0,22.5,1028182.5,2023-12-19,10
2024-01-04,MCQE,45697.0,22.27,1017672.19,2023-12-19,11
2024-01-08,MCQE,45697.0,21.93,1002135.21,2023-12-19,12
2024-01-09,MCQE,45697.0,21.66,989797.02,2023-12-19,13
2024-01-10,MCQE,45697.0,22.08,1008989.7599999999,2023-12-19,14
2024-01-11,MCQE,45697.0,22.4,1023612.7999999999,2023-12-19,15
2024-01-14,MCQE,45697.0,22.48,1027268.56,2023-12-19,16
2024-01-15,MCQE,45697.0,22.25,1016758.25,2023-12-19,17
2024-01-16,MCQE,45697.0,22.6,1032752.2000000001,2023-12-19,18
2024-01-17,MCQE,45697.0,22.11,1010360.6699999999,2023-12-19,19
2024-01-17,TMGH,30126.0,28.0,843528.0,2024-01-17,0
2024-01-18,MCQE,45697.0,22.2,1014473.4,2023-12-19,20
2024-01-18,TMGH,30126.0,28.1,846540.6000000001,2024-01-17,1
2024-01-21,MCQE,45697.0,22.79,1041434.63,2023-12-19,21
2024-01-21,TMGH,30126.0,31.48,948366.48,2024-01-17,2
2024-01-22,MCQE,45697.0,22.61,1033209.1699999999,2023-12-19,22
2024-01-22,TMGH,30126.0,32.85,989639.1000000001,2024-01-17,3
2024-01-23,MCQE,45697.0,22.26,1017215.2200000001,2023-12-19,23
2024-01-23,TMGH,30126.0,32.05,965538.2999999999,2024-01-17,4
2024-01-24,TMGH,30126.0,34.75,1046878.5,2024-01-17,5
2024-02-05,EGAL,7521.0,123.99,932528.7899999999,2024-02-05,0
2024-02-06,EGAL,7521.0,122.01,917637.2100000001,2024-02-05,1
2024-02-07,EGAL,7521.0,118.05,887854.0499999999,2024-02-05,2
2024-02-07,TMGH,21874.0,46.0,1006204.0,2024-02-07,0
2024-02-08,EGAL,7521.0,115.8,870931.7999999999,2024-02-05,3
2024-02-08,TMGH,21874.0,43.0,940582.0,2024-02-07,1
2024-02-11,EGAL,7521.0,123.7,930347.7000000001,2024-02-05,4
2024-02-11,TMGH,21874.0,43.25,946050.5,2024-02-07,2
2024-02-12,EGAL,7521.0,121.12,910943.52,2024-02-05,5
2024-02-12,TMGH,21874.0,45.2,988704.8,2024-02-07,3
2024-02-13,EGAL,7521.0,118.42,890636.8200000001,2024-02-05,6
2024-02-13,TMGH,21874.0,45.55,996360.7,2024-02-07,4
2024-02-14,EGAL,7521.0,120.5,906280.5,2024-02-05,7
2024-02-14,TMGH,21874.0,44.42,971643.0800000001,2024-02-07,5
2024-02-15,EGAL,7521.0,122.7,922826.7000000001,2024-02-05,8
2024-02-15,TMGH,21874.0,45.26,990017.24,2024-02-07,6
2024-02-18,EGAL,7521.0,119.92,901918.3200000001,2024-02-05,9
2024-02-18,TMGH,21874.0,45.25,989798.5,2024-02-07,7
2024-02-19,EGAL,7521.0,119.06,895450.26,2024-02-05,10
2024-02-19,TMGH,21874.0,48.31,1056732.94,2024-02-07,8
2024-02-20,EGAL,7521.0,117.98,887327.5800000001,2024-02-05,11
2024-02-20,TMGH,21874.0,48.0,1049952.0,2024-02-07,9
2024-02-20,PHDC,253403.0,4.24,1074428.72,2024-02-20,0
2024-02-21,EGAL,7521.0,118.69,892667.49,2024-02-05,12
2024-02-21,TMGH,21874.0,48.06,1051264.44,2024-02-07,10
2024-02-21,PHDC,253403.0,4.24,1074428.72,2024-02-20,1
2024-02-22,EGAL,7521.0,123.55,929219.5499999999,2024-02-05,13
2024-02-22,TMGH,21874.0,47.1,1030265.4,2024-02-07,11
2024-02-22,PHDC,253403.0,4.48,1135245.4400000002,2024-02-20,2
2024-02-25,EGAL,7521.0,104.11,783011.3099999999,2024-02-05,14
2024-02-25,TMGH,21874.0,56.52,1236318.48,2024-02-07,12
2024-02-25,PHDC,253403.0,4.94,1251810.82,2024-02-20,3
2024-02-26,TMGH,21874.0,62.26,1361875.24,2024-02-07,13
2024-02-26,PHDC,205951.0,5.06,1042112.0599999999,2024-02-26,0
2024-02-27,PHDC,205951.0,5.1,1050350.0999999999,2024-02-26,1
2024-02-27,TMGH,19107.0,64.5,1232401.5,2024-02-27,0
2024-02-27,GBCO,116065.0,10.35,1201272.75,2024-02-27,0
2024-02-28,PHDC,205951.0,4.83,994743.33,2024-02-26,2
2024-02-28,TMGH,19107.0,66.0,1261062.0,2024-02-27,1
2024-02-28,GBCO,116065.0,10.03,1164131.95,2024-02-27,1
2024-02-29,PHDC,205951.0,4.77,982386.2699999999,2024-02-26,3
2024-02-29,TMGH,19107.0,66.9,1278258.3,2024-02-27,2
2024-02-29,GBCO,116065.0,9.89,1147882.85,2024-02-27,2
2024-03-03,PHDC,205951.0,4.84,996802.84,2024-02-26,4
2024-03-03,TMGH,19107.0,72.8,1390989.5999999999,2024-02-27,3
2024-03-03,GBCO,116065.0,9.84,1142079.6,2024-02-27,3
2024-03-04,PHDC,205951.0,4.98,1025635.9800000001,2024-02-26,5
2024-03-04,TMGH,19107.0,84.03,1605561.21,2024-02-27,4
2024-03-04,GBCO,116065.0,11.51,1335908.15,2024-02-27,4
2024-03-05,PHDC,205951.0,4.86,1000921.8600000001,2024-02-26,6
2024-03-05,GBCO,116065.0,11.32,1313855.8,2024-02-27,5
2024-03-05,TMGH,19225.0,79.99,1537807.75,2024-03-05,0
2024-03-06,PHDC,205951.0,4.3,885589.2999999999,2024-02-26,7
2024-03-06,GBCO,116065.0,11.4,1323141.0,2024-02-27,6
2024-03-06,TMGH,19225.0,71.51,1374779.75,2024-03-05,1
2024-03-07,GBCO,116065.0,11.5,1334747.5,2024-02-27,7
2024-03-10,GBCO,116065.0,11.12,1290642.7999999998,2024-02-27,8
2024-03-11,GBCO,116065.0,11.42,1325462.3,2024-02-27,9
2024-03-11,FWRY,134549.0,8.6,1157121.4,2024-03-11,0
2024-03-12,GBCO,116065.0,11.2,1299928.0,2024-02-27,10
2024-03-12,FWRY,134549.0,8.35,1123484.15,2024-03-11,1
2024-03-13,GBCO,116065.0,11.5,1334747.5,2024-02-27,11
2024-03-13,FWRY,134549.0,7.8,1049482.2,2024-03-11,2
2024-03-14,GBCO,116065.0,12.65,1468222.25,2024-02-27,12
2024-03-14,FWRY,134549.0,8.06,1084464.9400000002,2024-03-11,3
2024-03-17,FWRY,134549.0,8.55,1150393.9500000002,2024-03-11,4
2024-03-18,FWRY,134549.0,8.0,1076392.0,2024-03-11,5
2024-03-19,FWRY,134549.0,7.78,1046791.2200000001,2024-03-11,6
2024-03-20,FWRY,134549.0,7.64,1027954.36,2024-03-11,7
2024-03-21,FWRY,134549.0,8.24,1108683.76,2024-03-11,8
2024-06-03,AMOC,129490.0,9.35,1210731.5,2024-06-03,0
2024-06-04,AMOC,129490.0,9.3,1204257.0,2024-06-03,1
2024-06-05,AMOC,129490.0,9.1,1178359.0,2024-06-03,2
2024-06-06,AMOC,129490.0,8.82,1142101.8,2024-06-03,3
2024-07-01,HRHO,61649.0,19.38,1194757.6199999999,2024-07-01,0
2024-07-02,HRHO,61649.0,19.4,1195990.5999999999,2024-07-01,1
2024-07-02,PHDC,274155.0,4.37,1198057.35,2024-07-02,0
2024-07-03,HRHO,61649.0,20.04,1235445.96,2024-07-01,2
2024-07-03,PHDC,274155.0,4.38,1200798.9,2024-07-02,1
2024-07-04,HRHO,61649.0,20.09,1238528.41,2024-07-01,3
2024-07-04,PHDC,274155.0,4.3,1178866.5,2024-07-02,2
2024-07-07,HRHO,61649.0,21.72,1339016.28,2024-07-01,4
2024-07-07,PHDC,274155.0,4.48,1228214.4000000001,2024-07-02,3
2024-07-08,HRHO,61649.0,21.66,1335317.34,2024-07-01,5
2024-07-08,PHDC,274155.0,4.56,1250146.7999999998,2024-07-02,4
2024-07-09,HRHO,61649.0,22.8,1405597.2,2024-07-01,6
2024-07-09,PHDC,274155.0,4.6,1261113.0,2024-07-02,5
2024-07-10,HRHO,61649.0,22.4,1380937.5999999999,2024-07-01,7
2024-07-10,PHDC,274155.0,4.57,1252888.35,2024-07-02,6
2024-07-14,PHDC,274155.0,4.53,1241922.1500000001,2024-07-02,7
2024-07-15,PHDC,274155.0,4.57,1252888.35,2024-07-02,8
2024-07-16,PHDC,274155.0,4.77,1307719.3499999999,2024-07-02,9
2024-07-17,PHDC,274155.0,4.9,1343359.5,2024-07-02,10
2024-07-18,PHDC,274155.0,4.75,1302236.25,2024-07-02,11
2024-07-21,PHDC,274155.0,4.8,1315944.0,2024-07-02,12
2024-07-22,PHDC,274155.0,4.7,1288528.5,2024-07-02,13
2024-07-23,PHDC,274155.0,4.72,1294011.5999999999,2024-07-02,14
2024-07-24,PHDC,274155.0,4.65,1274820.75,2024-07-02,15
2024-07-28,PHDC,274155.0,4.61,1263854.55,2024-07-02,16
2024-07-29,PHDC,274155.0,4.65,1274820.75,2024-07-02,17
2024-07-30,PHDC,274155.0,4.72,1294011.5999999999,2024-07-02,18
2024-07-31,PHDC,274155.0,4.63,1269337.65,2024-07-02,19
2024-08-01,PHDC,274155.0,4.42,1211765.1,2024-07-02,20
2024-08-01,MCQE,62872.0,20.52,1290133.44,2024-08-01,0
2024-08-04,PHDC,274155.0,4.27,1170641.8499999999,2024-07-02,21
2024-08-04,MCQE,62872.0,18.98,1193310.56,2024-08-01,1
2024-08-04,EAST,56738.0,22.3,1265257.4000000001,2024-08-04,0
2024-08-05,PHDC,274155.0,4.03,1104844.6500000001,2024-07-02,22
2024-08-12,EAST,50760.0,23.35,1185246.0,2024-08-12,0
2024-08-13,EAST,50760.0,22.79,1156820.4,2024-08-12,1
2024-08-14,EAST,50760.0,22.13,1123318.8,2024-08-12,2
2024-08-15,EAST,50760.0,22.1,1121796.0,2024-08-12,3
2024-08-18,EAST,50760.0,22.24,1128902.4,2024-08-12,4
2024-08-18,MCQE,53991.0,21.34,1152167.94,2024-08-18,0
2024-08-19,EAST,50760.0,21.97,1115197.2,2024-08-12,5
2024-08-19,MCQE,53991.0,21.3,1150008.3,2024-08-18,1
2024-08-20,EAST,50760.0,22.0,1116720.0,2024-08-12,6
2024-08-20,MCQE,53991.0,21.79,1176463.89,2024-08-18,2
2024-08-21,EAST,50760.0,22.69,1151744.4000000001,2024-08-12,7
2024-08-21,MCQE,53991.0,22.65,1222896.15,2024-08-18,3
2024-08-22,EAST,50760.0,23.5,1192860.0,2024-08-12,8
2024-08-22,MCQE,53991.0,22.42,1210478.2200000002,2024-08-18,4
2024-08-25,EAST,50760.0,22.8,1157328.0,2024-08-12,9
2024-08-25,MCQE,53991.0,21.88,1181323.0799999998,2024-08-18,5
2024-08-26,EAST,50760.0,23.0,1167480.0,2024-08-12,10
2024-08-26,MCQE,53991.0,21.9,1182402.9,2024-08-18,6
2024-08-27,EAST,50760.0,23.0,1167480.0,2024-08-12,11
2024-08-27,MCQE,53991.0,22.49,1214257.5899999999,2024-08-18,7
2024-08-28,EAST,50760.0,24.65,1251234.0,2024-08-12,12
2024-08-28,MCQE,53991.0,22.23,1200219.93,2024-08-18,8
2024-08-28,HRHO,49492.0,24.32,1203645.44,2024-08-28,0
2024-08-29,EAST,50760.0,25.45,1291842.0,2024-08-12,13
2024-08-29,MCQE,53991.0,21.99,1187262.0899999999,2024-08-18,9
2024-08-29,HRHO,49492.0,23.9,1182858.7999999998,2024-08-28,1
2024-09-01,EAST,50760.0,25.32,1285243.2,2024-08-12,14
2024-09-01,MCQE,53991.0,21.84,1179163.44,2024-08-18,10
2024-09-01,HRHO,49492.0,24.3,1202655.6,2024-08-28,2
2024-09-02,EAST,50760.0,25.0,1269000.0,2024-08-12,15
2024-09-02,MCQE,53991.0,21.51,1161346.4100000001,2024-08-18,11
2024-09-02,HRHO,49492.0,23.42,1159102.6400000001,2024-08-28,3
2024-09-03,EAST,50760.0,24.6,1248696.0,2024-08-12,16
2024-09-03,MCQE,53991.0,21.73,1173224.43,2024-08-18,12
2024-09-03,HRHO,49492.0,23.81,1178404.52,2024-08-28,4
2024-09-04,EAST,50760.0,24.5,1243620.0,2024-08-12,17
2024-09-04,MCQE,53991.0,21.81,1177543.71,2024-08-18,13
2024-09-04,HRHO,49492.0,23.57,1166526.44,2024-08-28,5
2024-09-05,EAST,50760.0,24.5,1243620.0,2024-08-12,18
2024-09-05,MCQE,53991.0,22.63,1221816.3299999998,2024-08-18,14
2024-09-05,HRHO,49492.0,23.45,1160587.4,2024-08-28,6
2024-09-08,EAST,50760.0,23.99,1217732.4,2024-08-12,19
2024-09-08,MCQE,53991.0,22.28,1202919.48,2024-08-18,15
2024-09-08,HRHO,49492.0,23.46,1161082.32,2024-08-28,7
2024-09-09,EAST,50760.0,24.0,1218240.0,2024-08-12,20
2024-09-09,MCQE,53991.0,22.21,1199140.11,2024-08-18,16
2024-09-09,HRHO,49492.0,23.36,1156133.1199999999,2024-08-28,8
2024-09-10,EAST,50760.0,24.0,1218240.0,2024-08-12,21
2024-09-10,MCQE,53991.0,22.06,1191041.46,2024-08-18,17
2024-09-10,HRHO,49492.0,22.81,1128912.52,2024-08-28,9
2024-09-11,EAST,50760.0,24.3,1233468.0,2024-08-12,22
2024-09-11,MCQE,53991.0,22.0,1187802.0,2024-08-18,18
2024-09-11,HRHO,49492.0,23.49,1162567.0799999998,2024-08-28,10
2024-09-12,EAST,50760.0,25.39,1288796.4000000001,2024-08-12,23
2024-09-12,HRHO,49492.0,23.15,1145739.7999999998,2024-08-28,11
2024-09-16,HRHO,49492.0,22.82,1129407.44,2024-08-28,12
2024-09-17,HRHO,49492.0,22.91,1133861.72,2024-08-28,13
2024-09-18,HRHO,49492.0,23.65,1170485.7999999998,2024-08-28,14
2024-09-19,HRHO,49492.0,23.0,1138316.0,2024-08-28,15
2024-09-22,HRHO,49492.0,23.79,1177414.68,2024-08-28,16
2024-09-23,HRHO,49492.0,24.35,1205130.2000000002,2024-08-28,17
2024-09-24,HRHO,49492.0,23.67,1171475.6400000001,2024-08-28,18
2024-09-25,HRHO,49492.0,23.8,1177909.6,2024-08-28,19
2024-09-26,HRHO,49492.0,23.95,1185333.4,2024-08-28,20
2024-09-29,HRHO,49492.0,24.59,1217008.28,2024-08-28,21
2024-09-30,HRHO,49492.0,24.45,1210079.4,2024-08-28,22
2024-10-01,HRHO,49492.0,24.93,1233835.56,2024-08-28,23
2024-10-07,EAST,46502.0,27.6,1283455.2,2024-10-07,0
2024-10-08,EAST,46502.0,27.0,1255554.0,2024-10-07,1
2024-10-09,EAST,46502.0,27.25,1267179.5,2024-10-07,2
2024-10-10,EAST,46502.0,27.5,1278805.0,2024-10-07,3
2024-10-13,EAST,46502.0,26.51,1232768.02,2024-10-07,4
2024-10-14,EAST,46502.0,27.15,1262529.3,2024-10-07,5
2024-10-15,EAST,46502.0,28.2,1311356.4,2024-10-07,6
2024-10-15,MCQE,48459.0,28.3,1371389.7,2024-10-15,0
2024-10-16,EAST,46502.0,28.81,1339722.6199999999,2024-10-07,7
2024-10-16,MCQE,48459.0,26.51,1284648.09,2024-10-15,1
2024-10-17,EAST,46502.0,27.0,1255554.0,2024-10-07,8
2024-10-17,MCQE,48459.0,27.0,1308393.0,2024-10-15,2
2024-10-20,EAST,46502.0,27.54,1280665.08,2024-10-07,9
2024-10-20,MCQE,48459.0,29.8,1444078.2,2024-10-15,3
2024-10-21,EAST,46502.0,27.97,1300660.94,2024-10-07,10
2024-10-21,MCQE,48459.0,29.08,1409187.72,2024-10-15,4
2024-10-22,MCQE,48459.0,30.7,1487691.3,2024-10-15,5
2024-10-23,MCQE,48459.0,29.0,1405311.0,2024-10-15,6
2024-10-24,MCQE,48459.0,28.48,1380112.32,2024-10-15,7
2024-10-27,MCQE,48459.0,29.56,1432448.04,2024-10-15,8
2024-10-28,MCQE,48459.0,29.21,1415487.3900000001,2024-10-15,9
2024-10-29,MCQE,48459.0,28.65,1388350.3499999999,2024-10-15,10
2024-10-30,MCQE,48459.0,28.16,1364605.44,2024-10-15,11
2024-10-31,MCQE,48459.0,30.66,1485752.94,2024-10-15,12
2025-01-05,GBCO,76027.0,17.69,1344917.6300000001,2025-01-05,0
2025-01-06,GBCO,76027.0,17.41,1323630.07,2025-01-05,1
2025-01-08,GBCO,76027.0,17.3,1315267.1,2025-01-05,2
2025-01-09,GBCO,76027.0,16.86,1281815.22,2025-01-05,3
2025-01-12,GBCO,76027.0,17.05,1296260.35,2025-01-05,4
2025-01-13,GBCO,76027.0,16.5,1254445.5,2025-01-05,5
2025-01-14,GBCO,76027.0,16.3,1239240.1,2025-01-05,6
2025-01-26,JUFO,37795.0,35.71,1349659.45,2025-01-26,0
2025-01-27,JUFO,37795.0,35.44,1339454.7999999998,2025-01-26,1
2025-01-27,ARCC,68149.0,19.36,1319364.64,2025-01-27,0
2025-01-28,JUFO,37795.0,35.05,1324714.75,2025-01-26,2
2025-01-28,ARCC,68149.0,18.85,1284608.6500000001,2025-01-27,1
2025-01-29,JUFO,37795.0,35.0,1322825.0,2025-01-26,3
2025-01-29,ARCC,68149.0,18.2,1240311.8,2025-01-27,2
2025-01-30,JUFO,37795.0,35.03,1323958.85,2025-01-26,4
2025-01-30,ARCC,68149.0,20.07,1367750.43,2025-01-27,3
2025-02-02,JUFO,37795.0,35.58,1344746.0999999999,2025-01-26,5
2025-02-02,ARCC,68149.0,20.05,1366387.45,2025-01-27,4
2025-02-02,CCAP,485456.0,2.7,1310731.2000000002,2025-02-02,0
2025-02-03,JUFO,37795.0,35.0,1322825.0,2025-01-26,6
2025-02-03,ARCC,68149.0,19.75,1345942.75,2025-01-27,5
2025-02-03,CCAP,485456.0,2.65,1286458.4,2025-02-02,1
2025-02-04,JUFO,37795.0,34.52,1304683.4000000001,2025-01-26,7
2025-02-04,ARCC,68149.0,19.45,1325498.05,2025-01-27,6
2025-02-04,CCAP,485456.0,2.66,1291312.96,2025-02-02,2
2025-02-05,JUFO,37795.0,35.0,1322825.0,2025-01-26,8
2025-02-05,ARCC,68149.0,18.63,1269615.8699999999,2025-01-27,7
2025-02-05,CCAP,485456.0,2.69,1305876.64,2025-02-02,3
2025-02-06,JUFO,37795.0,35.49,1341344.55,2025-01-26,9
2025-02-06,ARCC,68149.0,18.82,1282564.18,2025-01-27,8
2025-02-06,CCAP,485456.0,2.65,1286458.4,2025-02-02,4
2025-02-09,JUFO,37795.0,37.52,1418068.4000000001,2025-01-26,10
2025-02-09,ARCC,68149.0,19.44,1324816.56,2025-01-27,9
2025-02-09,CCAP,485456.0,2.68,1301022.08,2025-02-02,5
2025-02-10,JUFO,37795.0,37.5,1417312.5,2025-01-26,11
2025-02-10,ARCC,68149.0,20.4,1390239.5999999999,2025-01-27,10
2025-02-10,CCAP,485456.0,2.77,1344713.12,2025-02-02,6
2025-02-11,JUFO,37795.0,36.11,1364777.45,2025-01-26,12
2025-02-11,ARCC,68149.0,19.83,1351394.67,2025-01-27,11
2025-02-11,CCAP,485456.0,2.65,1286458.4,2025-02-02,7
2025-02-12,JUFO,37795.0,35.52,1342478.4000000001,2025-01-26,13
2025-02-12,ARCC,68149.0,20.5,1397054.5,2025-01-27,12
2025-02-12,CCAP,485456.0,2.66,1291312.96,2025-02-02,8
2025-02-13,JUFO,37795.0,37.8,1428651.0,2025-01-26,14
2025-02-13,ARCC,68149.0,20.09,1369113.41,2025-01-27,13
2025-02-13,CCAP,485456.0,2.64,1281603.84,2025-02-02,9
2025-02-16,JUFO,37795.0,36.3,1371958.5,2025-01-26,15
2025-02-16,ARCC,68149.0,20.59,1403187.91,2025-01-27,14
2025-02-16,CCAP,485456.0,2.74,1330149.4400000002,2025-02-02,10
2025-02-17,JUFO,37795.0,36.8,1390856.0,2025-01-26,16
2025-02-17,ARCC,68149.0,21.53,1467247.97,2025-01-27,15
2025-02-17,CCAP,485456.0,2.78,1349567.68,2025-02-02,11
2025-02-18,JUFO,37795.0,37.53,1418446.35,2025-01-26,17
2025-02-18,ARCC,68149.0,21.75,1482240.75,2025-01-27,16
2025-02-18,CCAP,485456.0,2.88,1398113.28,2025-02-02,12
2025-02-19,JUFO,37795.0,36.54,1381029.3,2025-01-26,18
2025-02-19,ARCC,68149.0,21.46,1462477.54,2025-01-27,17
2025-02-19,CCAP,485456.0,2.87,1393258.72,2025-02-02,13
2025-02-20,JUFO,37795.0,36.35,1373848.25,2025-01-26,19
2025-02-20,ARCC,68149.0,23.0,1567427.0,2025-01-27,18
2025-02-20,CCAP,485456.0,2.93,1422386.08,2025-02-02,14
2025-02-23,JUFO,37795.0,38.5,1455107.5,2025-01-26,20
2025-02-23,ARCC,68149.0,22.99,1566745.51,2025-01-27,19
2025-02-23,CCAP,485456.0,2.9,1407822.4,2025-02-02,15
2025-02-24,JUFO,37795.0,37.54,1418824.3,2025-01-26,21
2025-02-24,ARCC,68149.0,23.56,1605590.44,2025-01-27,20
2025-02-24,CCAP,485456.0,2.88,1398113.28,2025-02-02,16
2025-02-25,JUFO,37795.0,36.85,1392745.75,2025-01-26,22
2025-02-25,ARCC,68149.0,22.97,1565382.53,2025-01-27,21
2025-02-25,CCAP,485456.0,2.87,1393258.72,2025-02-02,17
2025-02-26,JUFO,37795.0,36.5,1379517.5,2025-01-26,23
2025-02-26,ARCC,68149.0,22.93,1562656.57,2025-01-27,22
2025-02-26,CCAP,485456.0,2.85,1383549.6,2025-02-02,18
2025-02-27,ARCC,68149.0,23.0,1567427.0,2025-01-27,23
2025-02-27,CCAP,485456.0,2.91,1412676.96,2025-02-02,19
2025-03-02,CCAP,485456.0,2.94,1427240.64,2025-02-02,20
2025-03-03,CCAP,485456.0,2.89,1402967.84,2025-02-02,21
2025-03-04,CCAP,485456.0,2.87,1393258.72,2025-02-02,22
2025-03-05,CCAP,485456.0,2.86,1388404.16,2025-02-02,23
2025-03-09,HRHO,53645.0,27.8,1491331.0,2025-03-09,0
2025-03-10,HRHO,53645.0,27.55,1477919.75,2025-03-09,1
2025-03-11,HRHO,53645.0,27.8,1491331.0,2025-03-09,2
2025-03-12,HRHO,53645.0,27.85,1494013.25,2025-03-09,3
2025-03-13,HRHO,53645.0,27.35,1467190.75,2025-03-09,4
2025-03-13,ORHD,58618.0,25.3,1483035.4000000001,2025-03-13,0
2025-03-16,HRHO,53645.0,27.8,1491331.0,2025-03-09,5
2025-03-16,ORHD,58618.0,25.0,1465450.0,2025-03-13,1
2025-03-16,EGAL,8324.0,173.09,1440801.16,2025-03-16,0
2025-03-17,HRHO,53645.0,28.2,1512789.0,2025-03-09,6
2025-03-17,ORHD,58618.0,25.51,1495345.1800000002,2025-03-13,2
2025-03-17,EGAL,8324.0,176.0,1465024.0,2025-03-16,1
2025-03-18,HRHO,53645.0,28.3,1518153.5,2025-03-09,7
2025-03-18,ORHD,58618.0,25.64,1502965.52,2025-03-13,3
2025-03-18,EGAL,8324.0,189.01,1573319.24,2025-03-16,2
2025-03-19,HRHO,53645.0,28.0,1502060.0,2025-03-09,8
2025-03-19,ORHD,58618.0,24.78,1452554.04,2025-03-13,4
2025-03-19,EGAL,8324.0,186.0,1548264.0,2025-03-16,3
2025-03-20,HRHO,53645.0,28.46,1526736.7,2025-03-09,9
2025-03-20,ORHD,58618.0,24.98,1464277.6400000001,2025-03-13,5
2025-03-20,EGAL,8324.0,178.65,1487082.6,2025-03-16,4
2025-03-23,HRHO,53645.0,28.1,1507424.5,2025-03-09,10
2025-03-23,ORHD,58618.0,24.8,1453726.4000000001,2025-03-13,6
2025-03-23,EGAL,8324.0,183.45,1527037.7999999998,2025-03-16,5
2025-03-24,HRHO,53645.0,28.0,1502060.0,2025-03-09,11
2025-03-24,ORHD,58618.0,24.3,1424417.4000000001,2025-03-13,7
2025-03-24,EGAL,8324.0,181.99,1514884.76,2025-03-16,6
2025-03-25,HRHO,53645.0,27.8,1491331.0,2025-03-09,12
2025-03-25,ORHD,58618.0,23.9,1400970.2,2025-03-13,8
2025-03-25,EGAL,8324.0,174.0,1448376.0,2025-03-16,7
2025-03-26,HRHO,53645.0,27.32,1465581.4,2025-03-09,13
2025-03-26,ORHD,58618.0,23.9,1400970.2,2025-03-13,9
2025-03-26,EGAL,8324.0,171.21,1425152.04,2025-03-16,8
2025-03-27,HRHO,53645.0,27.5,1475237.5,2025-03-09,14
2025-03-27,ORHD,58618.0,23.5,1377523.0,2025-03-13,10
2025-03-27,EGAL,8324.0,174.5,1452538.0,2025-03-16,9
2025-04-03,HRHO,53645.0,27.5,1475237.5,2025-03-09,15
2025-04-03,ORHD,58618.0,24.5,1436141.0,2025-03-13,11
2025-04-03,EGAL,8324.0,171.5,1427566.0,2025-03-16,10
2025-04-06,HRHO,53645.0,26.15,1402816.75,2025-03-09,16
2025-04-06,ORHD,58618.0,23.0,1348214.0,2025-03-13,12
2025-04-06,EGAL,8324.0,162.7,1354314.7999999998,2025-03-16,11
2025-04-07,HRHO,53645.0,26.7,1432321.5,2025-03-09,17
2025-04-07,ORHD,58618.0,23.09,1353489.6199999999,2025-03-13,13
2025-04-07,EGAL,8324.0,160.05,1332256.2000000002,2025-03-16,12
2025-04-08,HRHO,53645.0,27.23,1460753.35,2025-03-09,18
2025-04-09,HRHO,53645.0,26.11,1400670.95,2025-03-09,19
2025-04-10,HRHO,53645.0,26.53,1423201.85,2025-03-09,20
2025-04-13,HRHO,53645.0,27.96,1499914.2,2025-03-09,21
2025-04-13,ISPH,142786.0,9.58,1367889.8800000001,2025-04-13,0
2025-04-14,HRHO,53645.0,28.62,1535319.9000000001,2025-03-09,22
2025-04-14,ISPH,142786.0,9.51,1357894.8599999999,2025-04-13,1
2025-04-15,HRHO,53645.0,28.64,1536392.8,2025-03-09,23
2025-04-15,ISPH,142786.0,9.4,1342188.4000000001,2025-04-13,2
2025-04-15,GBCO,58937.0,23.0,1355551.0,2025-04-15,0
2025-04-16,ISPH,142786.0,9.08,1296496.8800000001,2025-04-13,3
2025-04-16,GBCO,58937.0,22.35,1317241.9500000002,2025-04-15,1
2025-04-17,ISPH,142786.0,8.8,1256516.8,2025-04-13,4
2025-04-17,GBCO,58937.0,22.99,1354961.63,2025-04-15,2
2025-04-22,ISPH,142786.0,8.89,1269367.54,2025-04-13,5
2025-04-22,GBCO,58937.0,22.69,1337280.53,2025-04-15,3
2025-04-23,ISPH,142786.0,8.88,1267939.6800000002,2025-04-13,6
2025-04-23,GBCO,58937.0,22.76,1341406.12,2025-04-15,4
2025-04-27,ISPH,142786.0,9.0,1285074.0,2025-04-13,7
2025-04-27,GBCO,58937.0,23.04,1357908.48,2025-04-15,5
2025-04-28,ISPH,142786.0,8.93,1275078.98,2025-04-13,8
2025-04-28,GBCO,58937.0,22.86,1347299.82,2025-04-15,6
2025-04-29,ISPH,142786.0,8.85,1263656.0999999999,2025-04-13,9
2025-04-29,GBCO,58937.0,22.49,1325493.13,2025-04-15,7
2025-04-30,ISPH,142786.0,8.81,1257944.6600000001,2025-04-13,10
2025-04-30,GBCO,58937.0,22.36,1317831.32,2025-04-15,8
2025-05-04,ISPH,142786.0,8.84,1262228.24,2025-04-13,11
2025-05-04,GBCO,58937.0,22.65,1334923.0499999998,2025-04-15,9
2025-05-05,ISPH,142786.0,9.2,1313631.2,2025-04-13,12
2025-05-05,GBCO,58937.0,22.26,1311937.62,2025-04-15,10
2025-05-06,ISPH,142786.0,9.2,1313631.2,2025-04-13,13
2025-05-06,GBCO,58937.0,21.96,1294256.52,2025-04-15,11
2025-05-07,ISPH,142786.0,9.14,1305064.04,2025-04-13,14
2025-05-07,GBCO,58937.0,21.6,1273039.2000000002,2025-04-15,12
2025-05-08,ISPH,142786.0,9.0,1285074.0,2025-04-13,15
2025-05-08,GBCO,58937.0,21.5,1267145.5,2025-04-15,13
2025-05-11,ISPH,142786.0,9.16,1307919.76,2025-04-13,16
2025-05-11,GBCO,58937.0,21.01,1238266.37,2025-04-15,14
2025-05-12,ISPH,142786.0,9.24,1319342.6400000001,2025-04-13,17
2025-05-12,GBCO,58937.0,21.22,1250643.14,2025-04-15,15
2025-05-13,ISPH,142786.0,9.5,1356467.0,2025-04-13,18
2025-05-13,GBCO,58937.0,21.56,1270681.72,2025-04-15,16
2025-05-14,ISPH,142786.0,9.7,1385024.2,2025-04-13,19
2025-05-14,GBCO,58937.0,21.73,1280701.01,2025-04-15,17
2025-05-15,ISPH,142786.0,9.5,1356467.0,2025-04-13,20
2025-05-15,GBCO,58937.0,20.99,1237087.63,2025-04-15,18
2025-05-18,ISPH,142786.0,9.5,1356467.0,2025-04-13,21
2025-05-18,GBCO,58937.0,20.99,1237087.63,2025-04-15,19
2025-05-19,ISPH,142786.0,9.41,1343616.26,2025-04-13,21
2025-05-19,GBCO,58937.0,20.31,1197010.47,2025-04-15,19
2025-05-20,ISPH,142786.0,10.0,1427860.0,2025-04-13,22
2025-05-21,ISPH,142786.0,9.9,1413581.4000000001,2025-04-13,23
2025-06-02,MCQE,32743.0,44.44,1455098.92,2025-06-02,0
2025-06-03,MCQE,32743.0,46.12,1510107.16,2025-06-02,1
2025-06-04,MCQE,32743.0,44.3,1450514.9,2025-06-02,2
2025-06-10,MCQE,32743.0,42.64,1396161.52,2025-06-02,3
2025-06-11,MCQE,32743.0,42.0,1375206.0,2025-06-02,4
2025-06-12,MCQE,32743.0,42.02,1375860.86,2025-06-02,5
2025-06-15,MCQE,32743.0,40.07,1312012.01,2025-06-02,6
2025-06-16,MCQE,32743.0,42.54,1392887.22,2025-06-02,7
2025-06-17,MCQE,32743.0,45.72,1497009.96,2025-06-02,8
2025-06-18,MCQE,32743.0,47.75,1563478.25,2025-06-02,9
2025-06-19,MCQE,32743.0,49.47,1619796.21,2025-06-02,10
2025-06-22,MCQE,29632.0,48.8,1446041.5999999999,2025-06-22,0
2025-06-23,MCQE,29632.0,49.05,1453449.5999999999,2025-06-22,1
2025-06-24,MCQE,29632.0,51.39,1522788.48,2025-06-22,2
2025-06-24,FWRY,122060.0,12.35,1507441.0,2025-06-24,0
2025-06-25,MCQE,29632.0,57.68,1709173.76,2025-06-22,3
2025-06-25,FWRY,122060.0,12.65,1544059.0,2025-06-24,1
2025-06-29,MCQE,29632.0,55.13,1633612.1600000001,2025-06-22,4
2025-06-29,FWRY,122060.0,12.47,1522088.2000000002,2025-06-24,2
2025-06-30,MCQE,29632.0,52.73,1562495.3599999999,2025-06-22,5
2025-06-30,FWRY,122060.0,12.05,1470823.0,2025-06-24,3
2025-07-01,MCQE,29632.0,53.7,1591238.4000000001,2025-06-22,6
2025-07-01,FWRY,122060.0,12.05,1470823.0,2025-06-24,4
2025-07-02,MCQE,29632.0,54.4,1611980.8,2025-06-22,7
2025-07-02,FWRY,122060.0,12.2,1489132.0,2025-06-24,5
2025-07-02,ORAS,4341.0,355.0,1541055.0,2025-07-02,0
2025-07-06,MCQE,29632.0,55.0,1629760.0,2025-06-22,8
2025-07-06,FWRY,122060.0,12.56,1533073.6,2025-06-24,6
2025-07-06,ORAS,4341.0,358.97,1558288.77,2025-07-02,1
2025-07-07,MCQE,29632.0,53.31,1579681.9200000002,2025-06-22,9
2025-07-07,FWRY,122060.0,12.86,1569691.5999999999,2025-06-24,7
2025-07-07,ORAS,4341.0,358.98,1558332.1800000002,2025-07-02,2
2025-07-09,MCQE,29632.0,52.76,1563384.3199999998,2025-06-22,10
2025-07-09,FWRY,122060.0,13.01,1588000.5999999999,2025-06-24,8
2025-07-09,ORAS,4341.0,354.99,1541011.59,2025-07-02,3
2025-07-10,MCQE,29632.0,51.1,1514195.2,2025-06-22,11
2025-07-10,FWRY,122060.0,13.02,1589221.2,2025-06-24,9
2025-07-10,ORAS,4341.0,360.02,1562846.8199999998,2025-07-02,4
2025-07-13,MCQE,29632.0,52.26,1548568.3199999998,2025-06-22,12
2025-07-13,FWRY,122060.0,13.25,1617295.0,2025-06-24,10
2025-07-13,ORAS,4341.0,359.97,1562629.77,2025-07-02,5
2025-07-14,MCQE,29632.0,53.06,1572273.9200000002,2025-06-22,13
2025-07-14,FWRY,122060.0,13.13,1602647.8,2025-06-24,11
2025-07-14,ORAS,4341.0,372.02,1614938.8199999998,2025-07-02,6
2025-07-15,MCQE,29632.0,53.0,1570496.0,2025-06-22,14
2025-07-15,FWRY,122060.0,12.65,1544059.0,2025-06-24,12
2025-07-15,ORAS,4341.0,378.0,1640898.0,2025-07-02,7
2025-07-16,MCQE,29632.0,52.3,1549753.5999999999,2025-06-22,15
2025-07-16,FWRY,122060.0,12.29,1500117.4,2025-06-24,13
2025-07-16,ORAS,4341.0,374.44,1625444.04,2025-07-02,8
2025-07-17,MCQE,29632.0,53.8,1594201.5999999999,2025-06-22,16
2025-07-17,FWRY,122060.0,12.45,1519647.0,2025-06-24,14
2025-07-17,ORAS,4341.0,374.99,1627831.59,2025-07-02,9
2025-07-20,MCQE,29632.0,61.0,1807552.0,2025-06-22,17
2025-07-20,FWRY,122060.0,12.69,1548941.4,2025-06-24,15
2025-07-20,ORAS,4341.0,385.0,1671285.0,2025-07-02,10
2025-07-21,FWRY,122060.0,12.53,1529411.7999999998,2025-06-24,16
2025-07-21,ORAS,4341.0,378.27,1642070.0699999998,2025-07-02,11
2025-07-22,FWRY,122060.0,12.5,1525750.0,2025-06-24,17
2025-07-22,ORAS,4341.0,380.1,1650014.1,2025-07-02,12
2025-07-23,FWRY,122060.0,12.39,1512323.4000000001,2025-06-24,18
2025-07-23,ORAS,4341.0,393.8,1709485.8,2025-07-02,13
2025-07-27,FWRY,122060.0,13.01,1588000.5999999999,2025-06-24,19
2025-07-27,ORAS,4465.0,393.98,1759120.7000000002,2025-07-27,0
2025-07-28,FWRY,122060.0,13.05,1592883.0,2025-06-24,20
2025-07-28,ORAS,4465.0,386.01,1723534.65,2025-07-27,1
2025-07-29,FWRY,122060.0,13.04,1591662.4,2025-06-24,21
2025-07-29,ORAS,4465.0,383.25,1711211.25,2025-07-27,2
2025-07-30,FWRY,122060.0,12.5,1525750.0,2025-06-24,22
2025-07-30,ORAS,4465.0,395.0,1763675.0,2025-07-27,3
2025-07-31,FWRY,122060.0,12.85,1568471.0,2025-06-24,23
2025-07-31,ORAS,4465.0,393.99,1759165.35,2025-07-27,4
2025-08-03,ORAS,4465.0,393.99,1759165.35,2025-07-27,5
2025-08-04,ORAS,4465.0,389.0,1736885.0,2025-07-27,6
2025-08-05,ORAS,4465.0,390.0,1741350.0,2025-07-27,7
2025-08-06,ORAS,4465.0,394.25,1760326.25,2025-07-27,8
2025-08-06,EGCH,153363.0,10.91,1673190.33,2025-08-06,0
2025-08-06,COMI,17043.0,99.5,1695778.5,2025-08-06,0
2025-08-07,ORAS,4465.0,386.0,1723490.0,2025-07-27,9
2025-08-07,EGCH,153363.0,10.9,1671656.7,2025-08-06,1
2025-08-07,COMI,17043.0,100.1,1706004.2999999998,2025-08-06,1
2025-08-10,ORAS,4465.0,387.19,1728803.35,2025-07-27,10
2025-08-10,EGCH,153363.0,10.9,1671656.7,2025-08-06,2
2025-08-10,COMI,17043.0,100.01,1704470.4300000002,2025-08-06,2
2025-08-11,ORAS,4465.0,393.0,1754745.0,2025-07-27,11
2025-08-11,EGCH,153363.0,11.4,1748338.2,2025-08-06,3
2025-08-11,COMI,17043.0,99.0,1687257.0,2025-08-06,3
2025-08-12,ORAS,4465.0,392.98,1754655.7000000002,2025-07-27,12
2025-08-12,EGCH,153363.0,11.59,1777477.17,2025-08-06,4
2025-08-12,COMI,17043.0,99.5,1695778.5,2025-08-06,4
2025-08-13,ORAS,4465.0,389.5,1739117.5,2025-07-27,13
2025-08-13,EGCH,153363.0,11.41,1749871.83,2025-08-06,5
2025-08-13,COMI,17043.0,99.85,1701743.5499999998,2025-08-06,5
2025-08-14,ORAS,4465.0,394.0,1759210.0,2025-07-27,14
2025-08-14,EGCH,153363.0,11.51,1765208.13,2025-08-06,6
2025-08-14,COMI,17043.0,98.3,1675326.9,2025-08-06,6
2025-08-17,ORAS,4465.0,395.0,1763675.0,2025-07-27,15
2025-08-17,EGCH,153363.0,11.41,1749871.83,2025-08-06,7
2025-08-17,COMI,17043.0,100.0,1704300.0,2025-08-06,7
2025-08-18,ORAS,4465.0,393.0,1754745.0,2025-07-27,16
2025-08-18,EGCH,153363.0,12.03,1844956.89,2025-08-06,8
2025-08-18,COMI,17043.0,99.6,1697482.7999999998,2025-08-06,8
2025-08-19,ORAS,4465.0,385.1,1719471.5,2025-07-27,17
2025-08-19,EGCH,153363.0,12.1,1855692.3,2025-08-06,9
2025-08-19,COMI,17043.0,100.98,1721002.1400000001,2025-08-06,9
2025-08-20,ORAS,4465.0,380.5,1698932.5,2025-07-27,18
2025-08-20,EGCH,153363.0,11.66,1788212.58,2025-08-06,10
2025-08-20,COMI,17043.0,99.51,1695948.9300000002,2025-08-06,10
2025-08-21,ORAS,4465.0,382.0,1705630.0,2025-07-27,19
2025-08-21,EGCH,153363.0,11.75,1802015.25,2025-08-06,11
2025-08-21,COMI,17043.0,99.0,1687257.0,2025-08-06,11
2025-08-24,ORAS,4465.0,386.0,1723490.0,2025-07-27,20
2025-08-24,EGCH,153363.0,11.6,1779010.8,2025-08-06,12
2025-08-24,COMI,17043.0,98.51,1678905.9300000002,2025-08-06,12
2025-08-25,ORAS,4465.0,385.54,1721436.1,2025-07-27,21
2025-08-25,EGCH,153363.0,11.06,1696194.78,2025-08-06,13
2025-08-25,COMI,17043.0,99.02,1687597.8599999999,2025-08-06,13
2025-08-26,ORAS,4465.0,380.0,1696700.0,2025-07-27,22
2025-08-26,EGCH,153363.0,11.0,1686993.0,2025-08-06,14
2025-08-26,COMI,17043.0,97.0,1653171.0,2025-08-06,14
2025-08-27,ORAS,4465.0,388.0,1732420.0,2025-07-27,23
2025-08-27,EGCH,153363.0,10.87,1667055.8099999998,2025-08-06,15
2025-08-27,COMI,17043.0,97.99,1670043.5699999998,2025-08-06,15
2025-08-28,EGCH,153363.0,11.2,1717665.5999999999,2025-08-06,16
2025-08-28,COMI,17043.0,97.13,1655386.5899999999,2025-08-06,16
2025-08-31,EGCH,153363.0,11.01,1688526.63,2025-08-06,17
2025-08-31,COMI,17043.0,96.51,1644819.9300000002,2025-08-06,17
2025-09-01,EGCH,153363.0,11.05,1694661.1500000001,2025-08-06,18
2025-09-01,COMI,17043.0,95.01,1619255.4300000002,2025-08-06,18
2025-09-02,EGCH,153363.0,11.06,1696194.78,2025-08-06,19
2025-09-02,COMI,17043.0,96.0,1636128.0,2025-08-06,19
2025-09-03,EGCH,153363.0,11.0,1686993.0,2025-08-06,20
2025-09-03,COMI,17043.0,96.0,1636128.0,2025-08-06,20
2025-09-07,EGCH,153363.0,11.24,1723800.12,2025-08-06,21
2025-09-07,COMI,17043.0,94.1,1603746.2999999998,2025-08-06,21
2025-09-08,EGCH,153363.0,11.21,1719199.2300000002,2025-08-06,22
2025-09-08,COMI,17043.0,95.88,1634082.8399999999,2025-08-06,22
2025-09-09,EGCH,153363.0,11.2,1717665.5999999999,2025-08-06,23
2025-09-09,COMI,17043.0,94.0,1602042.0,2025-08-06,23
2025-10-13,EFID,72315.0,22.76,1645889.4000000001,2025-10-13,0
2025-10-14,EFID,72315.0,22.2,1605393.0,2025-10-13,1
2025-10-15,EFID,72315.0,22.0,1590930.0,2025-10-13,2
2025-10-16,EFID,72315.0,22.0,1590930.0,2025-10-13,3
2025-10-19,EFID,72315.0,22.0,1590930.0,2025-10-13,3
2025-10-20,EFID,72315.0,23.3,1684939.5,2025-10-13,3
2025-10-21,EFID,72315.0,23.4,1692171.0,2025-10-13,4
2025-10-22,EFID,72315.0,23.53,1701571.9500000002,2025-10-13,5
2025-10-23,EFID,72315.0,23.53,1701571.9500000002,2025-10-13,6
2025-10-26,EFID,72315.0,23.91,1729051.65,2025-10-13,6
2025-10-27,EFID,72315.0,24.39,1763762.85,2025-10-13,7
2025-10-28,EFID,72315.0,23.59,1705910.85,2025-10-13,8
2025-10-29,EFID,72315.0,24.0,1735560.0,2025-10-13,9
2025-10-30,EFID,72315.0,23.69,1713142.35,2025-10-13,10
2025-11-02,EFID,72315.0,23.46,1696509.9000000001,2025-10-13,11
2025-11-03,EFID,72315.0,23.0,1663245.0,2025-10-13,12
2025-11-03,EFIH,116145.0,14.76,1714300.2,2025-11-03,0
2025-11-04,EFID,72315.0,23.15,1674092.25,2025-10-13,13
2025-11-04,EFIH,116145.0,14.81,1720107.45,2025-11-03,1
2025-11-05,EFID,72315.0,22.95,1659629.25,2025-10-13,14
2025-11-05,EFIH,116145.0,14.5,1684102.5,2025-11-03,2
2025-11-05,ETEL,31696.0,53.8,1705244.7999999998,2025-11-05,0
2025-11-06,EFID,72315.0,23.04,1666137.5999999999,2025-10-13,15
2025-11-06,EFIH,116145.0,14.75,1713138.75,2025-11-03,3
2025-11-06,ETEL,31696.0,52.86,1675450.56,2025-11-05,1
2025-11-09,EFID,72315.0,23.0,1663245.0,2025-10-13,16
2025-11-09,EFIH,116145.0,15.4,1788633.0,2025-11-03,4
2025-11-09,ETEL,31696.0,52.48,1663406.0799999998,2025-11-05,2
2025-11-10,EFID,72315.0,22.79,1648058.8499999999,2025-10-13,17
2025-11-10,EFIH,116145.0,15.5,1800247.5,2025-11-03,5
2025-11-10,ETEL,31696.0,52.49,1663723.04,2025-11-05,3
2025-11-11,EFID,72315.0,23.0,1663245.0,2025-10-13,18
2025-11-11,EFIH,116145.0,15.42,1790955.9,2025-11-03,6
2025-11-11,ETEL,31696.0,53.43,1693517.28,2025-11-05,4
2025-11-12,EFID,72315.0,23.99,1734836.8499999999,2025-10-13,19
2025-11-12,EFIH,116145.0,15.58,1809539.1,2025-11-03,7
2025-11-12,ETEL,31696.0,52.64,1668477.44,2025-11-05,5
2025-11-13,EFID,72315.0,23.95,1731944.25,2025-10-13,20
2025-11-13,EFIH,116145.0,16.11,1871095.95,2025-11-03,8
2025-11-13,ETEL,31696.0,56.0,1774976.0,2025-11-05,6
2025-11-16,EFID,72315.0,24.0,1735560.0,2025-10-13,21
2025-11-16,EFIH,116145.0,16.59,1926845.55,2025-11-03,9
2025-11-16,ETEL,31696.0,62.68,1986705.28,2025-11-05,7
2025-11-17,EFID,72315.0,23.5,1699402.5,2025-10-13,22
2025-11-17,EFIH,117948.0,16.26,1917834.4800000002,2025-11-17,0
2025-11-17,ETEL,31218.0,61.1,1907419.8,2025-11-17,0
2025-11-18,EFIH,117948.0,16.3,1922552.4000000001,2025-11-17,1
2025-11-18,ETEL,31218.0,60.66,1893683.88,2025-11-17,1
2025-11-19,EFIH,117948.0,16.68,1967372.64,2025-11-17,2
2025-11-19,ETEL,31218.0,60.0,1873080.0,2025-11-17,2
2025-11-20,EFIH,117948.0,16.29,1921372.92,2025-11-17,3
2025-11-20,ETEL,31218.0,62.9,1963612.2,2025-11-17,3
2025-11-23,EFIH,117948.0,16.05,1893065.4000000001,2025-11-17,4
2025-11-23,ETEL,31218.0,65.27,2037598.8599999999,2025-11-17,4
2025-11-23,MCQE,11719.0,148.27,1737576.1300000001,2025-11-23,0
2025-11-24,EFIH,117948.0,15.8,1863578.4000000001,2025-11-17,5
2025-11-24,ETEL,31218.0,65.8,2054144.4,2025-11-17,5
2025-11-24,MCQE,11719.0,148.0,1734412.0,2025-11-23,1
2025-11-25,EFIH,117948.0,15.8,1863578.4000000001,2025-11-17,6
2025-11-25,ETEL,31218.0,65.8,2054144.4,2025-11-17,6
2025-11-25,MCQE,11719.0,148.0,1734412.0,2025-11-23,2
2025-11-26,EFIH,117948.0,15.1,1781014.8,2025-11-17,6
2025-11-26,ETEL,31218.0,63.99,1997639.82,2025-11-17,6
2025-11-26,MCQE,11719.0,135.26,1585111.94,2025-11-23,2
2025-11-27,ETEL,31218.0,63.5,1982343.0,2025-11-17,7
2025-11-27,MCQE,11719.0,140.59,1647574.21,2025-11-23,3
2025-11-30,ETEL,31218.0,65.0,2029170.0,2025-11-17,8
2025-11-30,MCQE,11719.0,137.8,1614878.2000000002,2025-11-23,4
2025-12-01,ETEL,31218.0,63.62,1986089.16,2025-11-17,9
2025-12-01,MCQE,11719.0,136.21,1596244.99,2025-11-23,5
2025-12-01,CCAP,485381.0,4.08,1980354.48,2025-12-01,0
2025-12-02,ETEL,31218.0,63.62,1986089.16,2025-11-17,10
2025-12-02,MCQE,11719.0,136.21,1596244.99,2025-11-23,6
2025-12-02,CCAP,485381.0,4.08,1980354.48,2025-12-01,1
2025-12-03,ETEL,31218.0,61.95,1933955.1,2025-11-17,10
2025-12-03,MCQE,11719.0,137.15,1607260.85,2025-11-23,6
2025-12-03,CCAP,485381.0,3.85,1868716.85,2025-12-01,1
2025-12-04,ETEL,31218.0,61.95,1933955.1,2025-11-17,11
2025-12-04,MCQE,11719.0,137.15,1607260.85,2025-11-23,7
2025-12-04,CCAP,485381.0,3.85,1868716.85,2025-12-01,2
2025-12-07,ETEL,31218.0,62.01,1935828.18,2025-11-17,11
2025-12-07,MCQE,11719.0,132.24,1549720.56,2025-11-23,7
2025-12-07,CCAP,485381.0,3.9,1892985.9,2025-12-01,2
2025-12-08,ETEL,31218.0,62.01,1935828.18,2025-11-17,12
2025-12-08,MCQE,11719.0,132.24,1549720.56,2025-11-23,8
2025-12-08,CCAP,485381.0,3.9,1892985.9,2025-12-01,3
2025-12-09,ETEL,31218.0,64.01,1998264.1800000002,2025-11-17,12
2025-12-09,MCQE,11719.0,134.5,1576205.5,2025-11-23,8
2025-12-09,CCAP,485381.0,3.91,1897839.71,2025-12-01,3
2025-12-10,ETEL,31218.0,63.65,1987025.7,2025-11-17,13
2025-12-10,MCQE,11719.0,132.32,1550658.0799999998,2025-11-23,9
2025-12-10,CCAP,485381.0,3.98,1931816.38,2025-12-01,4
2025-12-11,ETEL,31218.0,64.65,2018243.7000000002,2025-11-17,14
2025-12-11,MCQE,11719.0,131.68,1543157.9200000002,2025-11-23,10
2025-12-11,CCAP,485381.0,3.95,1917254.9500000002,2025-12-01,5
2025-12-14,ETEL,31218.0,66.0,2060388.0,2025-11-17,15
2025-12-14,MCQE,11719.0,130.79,1532728.01,2025-11-23,11
2025-12-14,CCAP,485381.0,3.87,1878424.47,2025-12-01,6
2025-12-15,ETEL,31218.0,66.15,2065070.7000000002,2025-11-17,16
2025-12-15,MCQE,11719.0,126.9,1487141.1,2025-11-23,12
2025-12-15,CCAP,485381.0,3.92,1902693.52,2025-12-01,7
2025-12-16,ETEL,31218.0,64.01,1998264.1800000002,2025-11-17,17
2025-12-16,CCAP,485381.0,3.88,1883278.28,2025-12-01,8
2025-12-17,ETEL,31218.0,63.0,1966734.0,2025-11-17,18
2025-12-17,CCAP,485381.0,3.85,1868716.85,2025-12-01,9
2025-12-18,ETEL,31218.0,63.13,1970792.34,2025-11-17,19
2025-12-18,CCAP,485381.0,3.88,1883278.28,2025-12-01,10
2025-12-21,ETEL,31218.0,64.0,1997952.0,2025-11-17,20
2025-12-21,CCAP,485381.0,3.87,1878424.47,2025-12-01,11
2025-12-22,ETEL,31218.0,62.8,1960490.4,2025-11-17,21
2025-12-22,CCAP,485381.0,3.85,1868716.85,2025-12-01,12
2025-12-22,EGAL,6609.0,225.0,1487025.0,2025-12-22,0
2025-12-23,ETEL,31218.0,63.0,1966734.0,2025-11-17,22
2025-12-23,CCAP,485381.0,3.74,1815324.9400000002,2025-12-01,13
2025-12-23,EGAL,6609.0,227.92,1506323.28,2025-12-22,1
2025-12-24,ETEL,31218.0,63.0,1966734.0,2025-11-17,23
2025-12-24,CCAP,485381.0,3.69,1791055.89,2025-12-01,14
2025-12-24,EGAL,6609.0,224.61,1484447.49,2025-12-22,2
2025-12-25,CCAP,485381.0,3.61,1752225.41,2025-12-01,15
2025-12-25,EGAL,6609.0,222.46,1470238.1400000001,2025-12-22,3
2025-12-28,CCAP,485381.0,3.74,1815324.9400000002,2025-12-01,16
2025-12-28,EGAL,6609.0,226.0,1493634.0,2025-12-22,4
2025-12-29,CCAP,485381.0,3.74,1815324.9400000002,2025-12-01,17
2025-12-29,EGAL,6609.0,226.46,1496674.1400000001,2025-12-22,5
2025-12-30,CCAP,485381.0,3.75,1820178.75,2025-12-01,18
2025-12-30,EGAL,6609.0,226.95,1499912.5499999998,2025-12-22,6
2025-12-31,CCAP,485381.0,3.76,1825032.5599999998,2025-12-01,19
2025-12-31,EGAL,6609.0,235.5,1556419.5,2025-12-22,7
2025-12-31,EFID,72496.0,27.5,1993640.0,2025-12-31,0
2026-01-04,CCAP,485381.0,3.7,1795909.7000000002,2025-12-01,20
2026-01-04,EGAL,6609.0,253.0,1672077.0,2025-12-22,8
2026-01-04,EFID,72496.0,27.77,2013213.92,2025-12-31,1
2026-01-05,CCAP,485381.0,3.7,1795909.7000000002,2025-12-01,21
2026-01-05,EGAL,6609.0,253.0,1672077.0,2025-12-22,9
2026-01-05,EFID,72496.0,27.77,2013213.92,2025-12-31,2
2026-01-06,CCAP,485381.0,3.71,1800763.51,2025-12-01,21
2026-01-06,EGAL,6609.0,271.01,1791105.0899999999,2025-12-22,9
2026-01-06,EFID,72496.0,28.6,2073385.6,2025-12-31,2
2026-01-08,CCAP,485381.0,3.62,1757079.22,2025-12-01,22
2026-01-08,EFID,72496.0,28.5,2066136.0,2025-12-31,3
2026-01-11,CCAP,485381.0,3.61,1752225.41,2025-12-01,23
2026-01-11,EFID,72496.0,28.22,2045837.1199999999,2025-12-31,4
2026-01-11,ETEL,26209.0,71.0,1860839.0,2026-01-11,0
2026-01-12,EFID,72496.0,27.52,1995089.92,2025-12-31,5
2026-01-12,ETEL,26209.0,69.15,1812352.35,2026-01-11,1
2026-01-13,EFID,72496.0,27.16,1968991.36,2025-12-31,6
2026-01-13,ETEL,26209.0,69.01,1808683.09,2026-01-11,2
2026-01-14,EFID,72496.0,27.49,1992915.0399999998,2025-12-31,7
2026-01-14,ETEL,26209.0,68.5,1795316.5,2026-01-11,3
2026-01-15,ETEL,26209.0,68.25,1788764.25,2026-01-11,4
2026-01-18,ETEL,26209.0,67.95,1780901.55,2026-01-11,5
2026-01-19,ETEL,26209.0,73.88,1936320.92,2026-01-11,6
2026-01-20,ETEL,26209.0,80.11,2099602.9899999998,2026-01-11,7
2026-01-21,ETEL,24319.0,80.11,1948195.09,2026-01-21,0
2026-01-22,ETEL,24319.0,78.51,1909284.6900000002,2026-01-21,1
2026-01-25,ETEL,24319.0,77.99,1896638.8099999998,2026-01-21,2
2026-01-26,ETEL,24319.0,81.23,1975432.37,2026-01-21,3
2026-01-27,ETEL,24319.0,79.66,1937251.5399999998,2026-01-21,4
2026-01-28,ETEL,24319.0,78.5,1909041.5,2026-01-21,5
2026-02-01,ETEL,24319.0,79.28,1928010.32,2026-01-21,6
2026-02-01,COMI,14576.0,131.5,1916744.0,2026-02-01,0
2026-02-01,ABUK,30445.0,65.45,1992625.25,2026-02-01,0
2026-02-02,ETEL,24319.0,78.4,1906609.6,2026-01-21,7
2026-02-02,COMI,14576.0,129.3,1884676.8000000003,2026-02-01,1
2026-02-02,ABUK,30445.0,66.49,2024288.0499999998,2026-02-01,1
2026-02-03,ETEL,24319.0,83.25,2024556.75,2026-01-21,8
2026-02-03,COMI,14576.0,133.0,1938608.0,2026-02-01,2
2026-02-03,ABUK,30445.0,67.1,2042859.4999999998,2026-02-01,2
2026-02-04,ETEL,24319.0,83.3,2025772.7,2026-01-21,9
2026-02-04,COMI,14576.0,136.5,1989624.0,2026-02-01,3
2026-02-04,ABUK,30445.0,65.97,2008456.65,2026-02-01,3
2026-02-05,ETEL,24319.0,84.89,2064439.91,2026-01-21,10
2026-02-05,COMI,14576.0,137.25,2000556.0,2026-02-01,4
2026-02-05,ABUK,30445.0,65.66,1999018.7,2026-02-01,4
2026-02-08,ETEL,24319.0,88.75,2158311.25,2026-01-21,11
2026-02-08,COMI,14576.0,136.0,1982336.0,2026-02-01,5
2026-02-08,ABUK,30445.0,69.45,2114405.25,2026-02-01,5
2026-02-09,ETEL,24319.0,90.89,2210353.91,2026-01-21,12
2026-02-09,COMI,14576.0,136.0,1982336.0,2026-02-01,6
2026-02-09,ABUK,30445.0,68.8,2094616.0,2026-02-01,6
2026-02-10,ETEL,24319.0,92.89,2258991.91,2026-01-21,13
2026-02-10,COMI,14576.0,136.6,1991081.5999999999,2026-02-01,7
2026-02-10,ABUK,30445.0,69.3,2109838.5,2026-02-01,7
2026-02-11,ETEL,24319.0,93.15,2265314.85,2026-01-21,14
2026-02-11,COMI,14576.0,134.0,1953184.0,2026-02-01,8
2026-02-11,ABUK,30445.0,69.55,2117449.75,2026-02-01,8
2026-02-12,COMI,14576.0,136.25,1985980.0,2026-02-01,9
2026-02-12,ABUK,30445.0,70.29,2139979.0500000003,2026-02-01,9
2026-02-12,ETEL,24319.0,93.0,2261667.0,2026-02-12,0
2026-02-15,COMI,14576.0,142.99,2084222.2400000002,2026-02-01,10
2026-02-15,ABUK,30445.0,71.87,2188082.15,2026-02-01,10
2026-02-15,ETEL,24319.0,112.98,2747560.62,2026-02-12,1
2026-02-16,COMI,14576.0,140.55,2048656.8000000003,2026-02-01,11
2026-02-16,ABUK,30445.0,70.3,2140283.5,2026-02-01,11
2026-02-16,ETEL,24318.0,99.01,2407725.18,2026-02-16,0
2026-02-17,COMI,14576.0,141.69,2065273.44,2026-02-01,12
2026-02-17,ABUK,30445.0,68.99,2100400.55,2026-02-01,12
2026-02-18,COMI,14576.0,140.74,2051426.2400000002,2026-02-01,13
2026-02-18,ABUK,30445.0,68.7,2091571.5,2026-02-01,13
2026-02-18,TMGH,25160.0,96.37,2424669.2,2026-02-18,0
2026-02-19,COMI,14576.0,138.0,2011488.0,2026-02-01,14
2026-02-19,ABUK,30445.0,67.65,2059604.2500000002,2026-02-01,14
2026-02-19,TMGH,25160.0,91.55,2303398.0,2026-02-18,1
2026-02-22,COMI,14576.0,135.0,1967760.0,2026-02-01,15
2026-02-22,ABUK,30445.0,67.0,2039815.0,2026-02-01,15
2026-02-22,TMGH,25160.0,90.49,2276728.4,2026-02-18,2
2026-02-23,COMI,14576.0,139.39,2031748.64,2026-02-01,16
2026-02-23,ABUK,30445.0,70.1,2134194.5,2026-02-01,16
2026-02-24,COMI,14576.0,137.55,2004928.8000000003,2026-02-01,17
2026-02-24,ABUK,30445.0,69.02,2101313.9,2026-02-01,17
2026-02-25,COMI,14576.0,132.05,1924760.8000000003,2026-02-01,18
2026-02-25,ABUK,30445.0,68.3,2079393.5,2026-02-01,18
2026-02-26,COMI,14576.0,133.5,1945896.0,2026-02-01,19
2026-02-26,ABUK,30445.0,69.7,2122016.5,2026-02-01,19
2026-03-01,COMI,14576.0,130.0,1894880.0,2026-02-01,20
2026-03-01,ABUK,30445.0,68.8,2094616.0,2026-02-01,20
2026-03-02,COMI,14576.0,128.25,1869372.0,2026-02-01,21
2026-03-02,ABUK,30445.0,67.8,2064171.0,2026-02-01,21
2026-03-03,COMI,14576.0,123.9,1805966.4000000001,2026-02-01,22
2026-03-03,ABUK,30445.0,77.89,2371361.05,2026-02-01,22
2026-03-04,ABUK,27663.0,78.64,2175418.32,2026-03-04,0
2026-03-05,ABUK,27663.0,77.93,2155777.5900000003,2026-03-04,1
2026-03-08,ABUK,27663.0,87.0,2406681.0,2026-03-04,2
2026-03-09,ABUK,27663.0,84.1,2326458.3,2026-03-04,3
2026-03-09,VLMRA,70645.0,30.99,2189288.55,2026-03-09,0
2026-03-10,ABUK,27663.0,79.9,2210273.7,2026-03-04,4
2026-03-10,VLMRA,70645.0,30.01,2120056.45,2026-03-09,1
2026-03-11,ABUK,27663.0,85.0,2351355.0,2026-03-04,5
2026-03-11,VLMRA,70645.0,30.5,2154672.5,2026-03-09,2
2026-03-12,ABUK,27663.0,88.06,2436003.7800000003,2026-03-04,6
2026-03-12,VLMRA,70645.0,31.7,2239446.5,2026-03-09,3
2026-03-15,ABUK,27663.0,86.0,2379018.0,2026-03-04,7
2026-03-15,VLMRA,70645.0,33.8,2387801.0,2026-03-09,4
2026-03-16,ABUK,27663.0,86.67,2397552.21,2026-03-04,8
2026-03-16,VLMRA,70645.0,32.67,2307972.15,2026-03-09,5
2026-03-17,ABUK,27663.0,87.55,2421895.65,2026-03-04,9
2026-03-17,VLMRA,70645.0,32.03,2262759.35,2026-03-09,6
2026-03-18,ABUK,27663.0,87.0,2406681.0,2026-03-04,10
2026-03-18,VLMRA,70645.0,32.5,2295962.5,2026-03-09,7
2026-03-24,ABUK,27663.0,94.0,2600322.0,2026-03-04,11
2026-03-24,VLMRA,70645.0,33.86,2392039.7,2026-03-09,8
2026-03-25,ABUK,27663.0,92.5,2558827.5,2026-03-04,12
2026-03-25,VLMRA,70645.0,32.5,2295962.5,2026-03-09,9
2026-03-26,VLMRA,70645.0,31.7,2239446.5,2026-03-09,10
2026-03-29,VLMRA,70645.0,32.13,2269823.85,2026-03-09,11
2026-03-30,VLMRA,70645.0,31.55,2228849.75,2026-03-09,12
2026-03-31,VLMRA,70645.0,32.4,2288898.0,2026-03-09,13
2026-04-01,VLMRA,70645.0,32.17,2272649.65,2026-03-09,14
2026-04-02,VLMRA,70645.0,32.77,2315036.6500000004,2026-03-09,15
2026-04-05,VLMRA,70645.0,32.5,2295962.5,2026-03-09,16
