date,core_satellite_equity,adaptive_balanced_equity,adaptive_aggressive_equity,static_top10_dca_equity,annual_top10_dca_equity,etf_dca_equity,etf_buy_hold_norm
2019-02-05,111622.45034800001,111530.25076517003,111483.54469973998,111390.02872432998,111390.02872432998,111920.07777500001,1.0
2019-02-14,114233.68034800002,114018.68076517002,113908.74469974,113690.80872432998,113690.80872432998,114846.07777500001,1.026143790849673
2019-02-19,114177.97034800002,114204.09076517003,114215.37469974002,114238.62872432999,114238.62872432999,114187.727775,1.0202614379084967
2019-02-21,115509.93034800002,115014.80076517002,114765.16469974001,114265.82872432999,114265.82872432999,116821.12777500002,1.0437908496732027
2019-02-28,113589.69034800002,113673.20076517001,113711.50469974,113792.02872432998,113792.02872432998,113456.227775,1.0137254901960784
2019-04-17,121744.38308003,120480.85398039002,119839.97750280003,118573.03630733,118573.03630733,125040.58575218002,1.0281045751633986
2019-05-21,119173.80454055002,118087.51763880001,117531.26400334001,116435.35131429999,116435.35131429999,122077.29628838,0.9281045751633986
2019-07-09,133983.11964853003,132503.91178840003,131755.42765274,130271.60943450998,130271.60943450998,137930.41830918004,0.9751633986928104
2019-07-11,132581.38964853002,130684.72178840001,129727.15765273999,127823.17943450996,127823.17943450996,137560.65830918003,0.9725490196078431
2019-08-21,143454.01130113003,140531.98378314002,139061.9994514,136132.85689645997,136132.85689645997,151056.62032998,0.9980392156862744
2019-08-22,143020.39130113,140201.16378314001,138782.8594514,135957.02689645995,135957.02689645995,150364.18032998,0.9934640522875816
2019-08-28,142395.05130113,140116.00378314,138968.6494514,136686.05689645995,136686.05689645995,148385.78032998,0.9803921568627451
2019-09-02,157948.69280367,154554.49897916004,152848.76837892,149453.54643423995,149453.54643423995,166806.43285498003,1.0326797385620916
2019-09-04,157383.81280367,153463.31897916005,151495.73837892,147570.53643423997,147570.53643423997,167545.42285498002,1.0372549019607842
2019-09-09,157344.06280367,153748.38897916002,151942.60837892,148342.62643424,148342.62643424,166700.86285498002,1.0320261437908496
2019-09-17,156300.65280367003,152113.45897916,150010.99837892002,145815.81643424,145815.81643424,167123.14285498002,1.0346405228758169
2019-09-23,144127.89280367,139557.43897916004,137270.33837892,132676.40643423997,132676.40643423997,155827.15285498003,0.9647058823529411
2019-10-24,157093.97355991002,153029.97465037002,150993.10281163,146909.83250864,146909.83250864,167616.98263688,0.9758169934640523
2019-10-27,157878.89355991,153724.86465037,151643.65281163,147471.93250864,147471.93250864,168627.32263688,0.9816993464052287
2019-10-28,158385.83355991004,154302.21465037004,152255.22281163,148154.89250863998,148154.89250863998,168964.10263688004,0.9836601307189542
2019-10-30,161074.59355991002,156996.11465037003,154951.34281163,150860.36250863998,150860.36250863998,171658.34263688,0.9993464052287581
2019-10-31,161975.83355991,158217.50465037004,156331.74281163,152563.24250864,152563.24250864,171770.60263688004,1.0
2019-11-03,172775.55567170004,168902.13449825003,166956.26068372,163072.37394718,163072.37394718,182927.56815108002,1.0058823529411764
2019-11-04,173476.2656717,169550.82449825003,167579.77068372,163645.99394718,163645.99394718,183759.58815108,1.0104575163398692
2019-11-20,169953.34567170002,165941.95449825,163923.07068372,159892.45394718,159892.45394718,180431.50815108002,0.992156862745098
2019-11-21,169001.0756717,164985.81449825005,162966.49068372,158930.89394718,158930.89394718,179480.62815108002,0.9869281045751633
2019-11-27,163824.49567170002,160010.04449825003,158092.67068372003,154248.05394718,154248.05394718,173775.34815108,0.9555555555555555
2019-12-03,170367.37266044004,166475.27533453002,164521.43810163002,160635.01591492997,160635.01591492997,180506.60618628,0.937908496732026
2019-12-25,173113.89266044,168969.93533453002,166892.50810163,162748.60591492997,162748.60591492997,183902.66618628,0.9555555555555555
2019-12-30,174814.83266044004,171192.85533453003,169388.61810163,166050.52591492998,166050.52591492998,184028.44618628002,0.9562091503267974
2019-12-31,284975.99266044004,324790.51533453004,344741.72810163005,385748.69591492997,385748.69591492997,185663.58618628,0.9647058823529411
2020-01-02,184524.41110195004,179978.96997066005,177448.45587243998,175397.62680325,174797.39225019,195743.89871128,0.9660130718954247
2020-01-12,180821.34110195003,176589.07997066004,174276.78587244,171965.64680324998,170186.70225019,192433.14871128,0.949673202614379
2020-01-28,179061.31110195004,175009.61997066002,172897.69587244,170409.43680324996,167271.12225018998,191108.84871128,0.9431372549019608
2020-01-30,184325.37110195,180061.91997066003,177909.47587244,177704.04680325,171932.68225018997,196670.90871128,0.9705882352941175
2020-02-05,191920.01026260003,187934.79991159006,185879.09370852998,182780.06992545997,179337.35694204998,204558.70073208,0.9607843137254901
2020-02-11,192871.37026260002,188794.21991159004,186683.23370853,182619.19992545995,180512.97694204998,205393.60073208,0.9647058823529411
2020-02-12,188212.90026260001,184205.52991159004,181885.33370853,180612.87992545997,178162.44694204995,199827.60073208,0.9385620915032679
2020-02-16,186933.2102626,182987.33991159004,180777.50370853,177037.78992546,176244.86694204996,198714.40073208,0.9333333333333332
2020-02-18,184896.84026260002,181054.96991159004,178874.04370853,174629.60992545998,174344.06694204995,196627.15073208002,0.9235294117647059
2020-02-23,190816.83026260004,186985.3899115901,185474.08370853003,174537.38992546,174261.70694204993,204697.85073208003,0.961437908496732
2020-02-24,186917.80026260004,183263.51991159006,181990.70370853,170073.66992545998,169168.61694204996,201079.95073208,0.9444444444444443
2020-03-03,177600.06029460003,174324.88011664004,172868.85869748003,162396.65496544002,164082.28269531997,189726.39575008003,0.8477124183006536
2020-03-08,177114.12029460003,173607.11011664005,172850.18869747999,157821.61496544,157963.76364169997,190457.79575008003,0.8509803921568627
2020-03-10,161782.2602946,158577.42011664005,157470.79869748,149132.12496544002,147555.85364169997,173050.47575008002,0.7732026143790849
2020-03-17,135107.52029460005,132537.99011664005,132110.81869748002,124807.03496543998,119468.3936417,145696.11575008003,0.6509803921568628
2020-03-19,126554.93029460002,124399.38011664004,123409.85869748,122096.41496543998,116758.11364169998,135456.51575008003,0.6052287581699346
2020-04-02,146925.30857590004,143996.19298875006,142727.14486190001,143860.07771351,137288.18195099998,155533.00403138006,0.6509803921568628
2020-04-05,146993.12857590005,143977.11298875004,142934.5648619,140828.58771351,135495.97195099998,156001.45403138,0.6529411764705882
2020-04-06,144810.9285759,141952.80298875005,140497.1248619,142851.19771351,136953.46195099998,152878.45403138,0.6398692810457516
2020-04-09,157742.5585759,154991.65298875002,153975.1148619,150184.01771351,145041.731951,168181.15403138002,0.7039215686274509
2020-04-22,154559.41857590002,151609.84298875002,150582.1248619,149245.43771350998,142136.16195100002,164433.55403138,0.688235294117647
2020-04-23,154344.35857590003,151571.59298875002,149986.0248619,153565.61771350997,146478.541951,163184.35403138003,0.6830065359477123
2020-04-29,165091.76857590003,161999.78298875006,160594.8848619,161936.05771350997,154276.061951,175051.75403138006,0.7326797385620916
2020-05-07,171590.96736140002,168553.88550171003,167994.94171460002,158002.80399599002,154624.28798439,183115.28543093,0.7241830065359477
2020-05-13,175285.82736140004,172104.41550171006,172198.44171460002,156204.05399599,152684.27798438998,188403.60543093,0.7450980392156863
2020-06-04,184157.61539660007,181334.96575977007,180274.76155650002,173032.11918602997,171036.64665582997,195144.17465461005,0.7333333333333334
2020-06-07,188428.55539660004,185799.52575977004,184172.1615565,179665.71918602998,179512.46665583,198796.49465461003,0.7470588235294117
2020-06-09,196070.73539660004,192876.84575977008,192114.06155650003,178388.49918602998,179051.39665582994,208362.09465461003,0.7830065359477124
2020-06-17,192509.65539660005,189531.70575977003,188602.6015565,177679.33918602997,177362.88665583,204361.93465461003,0.7679738562091503
2020-06-18,192009.52539660007,188998.58575977007,188097.17155650002,176454.22918602996,176661.84665582996,203840.17465461005,0.7660130718954249
2020-06-21,191273.38539660003,188226.54575977006,187311.43155650003,176802.70918602997,176068.41665582996,202970.57465461,0.7627450980392156
2020-06-22,190528.92539660007,187434.89575977006,186598.19155650004,176447.98918602997,174738.80665582998,202274.89465461005,0.7601307189542483
2020-06-23,189367.45539660004,186339.84575977005,185410.96155650003,176692.88918603,174485.26665583,200883.53465461003,0.7549019607843137
2020-06-29,190505.18539660005,187239.89575977004,186664.86155650002,178315.49918602998,172497.26665582994,202622.73465461005,0.761437908496732
2020-07-06,203154.20630395002,199996.61864788004,198972.58041501002,199005.31744328997,188521.28543231997,214692.33667541,0.7686274509803921
2020-07-08,204867.73630395002,201648.34864788005,200639.88041501,200441.32744328998,189896.57543231995,216517.93667541002,0.7751633986928104
2020-07-13,205580.05630395006,202315.49864788004,201137.82041501004,202053.74744329,191816.94543231998,216883.05667541004,0.7764705882352941
2020-07-16,196848.57630395005,193592.87864788005,192747.49041501002,189892.61744329,181315.83543231996,208120.17667541,0.7450980392156863
2020-07-19,193721.42630395005,190485.96864788004,189595.46041501002,188885.87744329,178854.43543231997,204651.53667541003,0.7326797385620916
2020-07-21,196789.72630395004,193659.55864788004,192694.45041501,190153.32744328995,182327.87543231994,207937.61667541,0.7444444444444445
2020-09-03,219937.80884095002,216851.81973127002,214298.09126131,227337.57926498,216714.4919609,228925.67882526002,0.7843137254901961
2020-09-08,217346.41884095,214079.40973127005,212219.14126131,218909.18926498,208727.48378262998,227399.51882526002,0.7790849673202614
2020-10-04,225997.82516747003,222943.83023143004,220684.29097416002,236378.26125875,220815.3830213,235374.91515178003,0.7725490196078432
2020-10-20,226992.61516747,223506.99023143004,221998.05097416,235360.32125875,215417.1130213,237565.34515178003,0.7797385620915032
2020-10-22,224818.73516747,221181.89023143004,220198.81097416,227430.63125874999,209145.28521817998,236171.43515178002,0.7751633986928104
2020-10-27,214493.39516747004,211140.06023143005,209345.92097416002,227553.04125875,206331.08521817997,223626.24515178005,0.7339869281045751
2020-11-16,235089.21604981003,231598.30331162005,229636.8269225,251394.16133373996,227215.03097645997,244579.49603412,0.7692810457516339
2020-11-17,236600.27604981005,233283.03331162006,230954.8169225,253526.94133374,231653.79097645998,245618.44603412002,0.7725490196078432
2020-11-18,241510.09604981003,237628.02331162005,236039.7369225,250942.35133374,229785.21097646,251852.14603412,0.792156862745098
2020-11-19,235855.91604981004,232283.94331162007,230366.40692250003,249460.13133374002,227488.04097645998,245410.65603412004,0.7718954248366013
2020-11-22,233809.83604981005,230283.32331162007,228401.0969225,248586.77133373995,225378.48097646,243332.75603412004,0.7653594771241831
2020-11-23,233343.59604981003,229932.79331162004,227834.6969225,250846.92133373997,226760.26097645998,242501.59603412,0.7627450980392156
2020-11-24,234153.94604981004,230883.66331162007,228596.3969225,253467.16133374002,229132.54097645998,243124.96603412,0.7647058823529411
2020-11-25,239388.27604981005,235803.79331162007,233963.1069225,253816.21133373998,230119.76097646,249358.66603412002,0.7843137254901961
2020-11-26,237736.13604981007,234226.32331162007,232203.82692250004,254812.91133374002,230100.32097645997,247280.76603412002,0.7777777777777778
2020-12-16,249203.10596076003,245822.81943402003,242951.82184543,258343.60800736997,248269.31885957997,257194.75840906,0.7751633986928104
2020-12-20,245794.67596076004,242833.0694340201,239215.90184543002,261688.11800736998,251374.60133156995,252424.05840906006,0.7607843137254902
2020-12-21,245186.14596076,241531.96943402005,239094.72184543,249023.52800736998,240860.49133157,253508.30840906003,0.7640522875816993
2020-12-27,240829.90596076005,237285.5094340201,234745.11184543002,249188.40800737,237757.85133156998,248737.60840906005,0.7496732026143791
2020-12-30,243188.34596076002,240003.65943402005,236696.01184543,258705.96800737001,246314.78133157,250038.70840906003,0.7535947712418299
2021-01-04,253723.53265790007,250784.83748015008,248009.85758648,275975.51606155996,252851.00712887003,262043.48370217005,0.7607843137254902
2021-01-05,252992.61265790003,249821.77748015005,247213.66758647998,280583.45606155996,250635.12712887002,261368.12370217,0.7588235294117647
2021-01-06,253435.82265790002,250671.42748015004,247740.86758648,286503.37606156,253984.43712887008,261593.24370217,0.7594771241830065
2021-01-10,256388.17265790002,254004.22748015006,250774.17758648001,288446.88606155996,259435.06712887003,264519.80370217003,0.7679738562091503
2021-01-11,262397.25265790004,259494.66748015006,256471.30758648,288899.01606156,262839.10712887003,270823.16370217,0.7862745098039214
2021-01-17,267499.1026579,263737.81748015,261231.99758648,301793.64606155996,262623.79712887004,276451.16370217,0.8026143790849672
2021-01-20,261788.01265790002,259205.99748015005,256009.52758648,319302.82606155996,263953.84712886997,270147.80370217003,0.7843137254901961
2021-01-21,270817.27265790006,266529.65748015005,264316.34758647997,322270.89606155996,262862.18712887,280053.08370217,0.8130718954248365
2021-01-27,269135.6126579,264852.28748015006,262634.75758648,334584.15606156,261353.01712887004,278252.12370217004,0.8078431372549019
2021-01-31,270079.27265790006,265611.22748015006,263542.44758648,338957.33606155997,260866.99712887002,279377.72370217,0.8111111111111111
2021-02-02,271500.80638338,268911.9607904401,265694.84102582,376389.75922978995,273827.30084033,279832.33742765005,0.7843137254901961
2021-02-03,279462.61638338,275556.63079044,273071.30102581996,385774.30922979,274127.2283853501,288460.36742765,0.8084967320261437
2021-02-07,278945.9963833801,275059.3507904401,272383.30102582,404772.16922979,275181.90423369,287527.6074276501,0.8058823529411764
2021-02-08,278882.78638338007,274621.86079044006,272166.91102582,400051.62922979,273017.98423368996,287527.6074276501,0.8058823529411764
2021-02-09,288383.51638338005,282181.70079044,280880.31102582,383657.30922979006,270808.98423368996,298021.15742765006,0.8352941176470587
2021-02-10,275275.90638338006,271712.67079044005,268849.18102582,397572.76922978996,273587.38423369004,283563.37742765003,0.7947712418300653
2021-02-11,277858.91638338007,274134.60079044005,271263.40102582,397949.22922979004,275884.92423369,286128.46742765006,0.8019607843137254
2021-02-14,277398.9963833801,273494.97079044004,270836.23102582,383052.51922978996,273602.40423369,285895.27742765006,0.8013071895424836
2021-02-15,274946.52638338006,271563.99079044006,268554.78102582,377451.48922979,274611.30423369,283096.9974276501,0.7934640522875817
2021-02-16,277250.21638338006,273689.0707904401,270711.42102582,380992.62922979,276321.54423369,285428.89742765005,0.7999999999999999
2021-02-18,274272.83638338,270489.10079044005,267801.99102581997,367686.32922979,271055.22423368995,282630.61742765,0.792156862745098
2021-02-21,273772.49638338,270302.6907904401,267378.21102582,375006.02922979,272773.04423369,281931.0474276501,0.7901960784313725
2021-02-22,274902.93638338003,271526.60079044005,268536.49102582,376236.69922978996,274426.82423369004,283096.9974276501,0.7934640522875817
2021-02-23,277652.00638338004,273534.1307904401,270966.44102582,373316.19922978996,272916.06423369003,286128.46742765006,0.8019607843137254
2021-02-24,270074.14638338005,267542.55079044006,264133.94102582,375848.84922979,274081.54423369,277966.81742765004,0.7790849673202614
2021-02-25,274966.14638338005,272225.40079044004,268882.14102582,384256.08922978997,277882.52423369,283096.9974276501,0.7934640522875817
2021-02-28,279391.3663833801,275675.65079044004,272799.51102582,374744.19922979,277346.88423369004,287760.7974276501,0.8065359477124182
2021-03-01,286942.35241378006,283345.78005412006,280453.97773246,379976.79950086,285309.04642855003,295275.32345805,0.7999999999999999
2021-03-02,286796.70241378003,282872.0000541201,280219.62773246004,375387.55950085993,282964.62642855005,295275.32345805,0.7999999999999999
2021-03-03,285297.06241378,281347.1200541201,278778.11773246,363084.41950086,280892.26642855007,293827.94345805,0.796078431372549
2021-03-04,283549.73241378,279703.1200541201,277048.80773246003,369895.95950085996,280053.86642855004,291898.10345805,0.7908496732026143
2021-03-07,282284.09241378,279413.57005412003,276217.04773246,379511.00950086,284096.39642855007,290450.72345805,0.7869281045751633
2021-03-08,281319.93241378,278211.1900541201,275164.33773246,376721.07950085995,281795.01642855007,289485.80345805,0.7843137254901961
2021-03-15,281089.48241378006,277361.60005412006,274630.66773246,362335.3295008599,278501.38642855006,289244.57345805,0.7836601307189542
2021-03-17,278691.27241378,275217.22005412006,272310.01773246005,371304.0995008599,277923.81642855005,286591.04345805,0.7764705882352941
2021-03-22,269105.4524137801,265850.5000541201,262979.97773246,345388.09950086,268973.87642855005,276700.61345805,0.7496732026143791
2021-03-23,262572.27241378004,260105.45005412007,256929.98773246,336619.46950085997,266087.6064285501,269946.17345805,0.7313725490196078
2021-03-24,260929.75241378002,259462.77005412005,255809.07773246002,346391.75950086,269294.44642855,268257.56345805,0.7267973856209149
2021-03-25,266335.84241378005,264225.39005412004,260914.42773246003,344242.86950086,270969.0864285501,274047.08345805,0.7424836601307189
2021-03-28,270422.50241378,267905.0500541201,264797.17773246,347177.40950085997,272756.64642855007,278389.22345805,0.7542483660130718
2021-03-30,267568.91241378005,265484.1900541201,262110.72773246004,357322.48950086,272634.70642855,275253.23345805,0.7457516339869281
2021-03-31,267687.08241378004,265312.6400541201,262026.67773246003,361928.42950086,271784.20642855,275253.23345805,0.7457516339869281
2021-04-01,273291.12619328004,271805.822319,267970.02496532,377075.20528314,282901.29572625004,280401.85847605,0.7333333333333334
2021-04-04,273182.76619328005,271221.1823190001,267681.76496532,383505.69528314,279999.83127447,280401.85847605,0.7333333333333334
2021-04-05,269177.5961932801,266941.4123190001,263663.10496532003,374544.47528314,273959.76127447,276403.29847605,0.722875816993464
2021-04-06,265185.36619328003,263693.3723190001,260034.14496532,380781.6552831401,273978.43127447,272154.82847605,0.711764705882353
2021-04-07,265270.58619328006,263670.49231900007,260141.07496532003,380373.71528314,272919.15127447003,272404.73847605,0.7124183006535948
2021-04-08,264435.06619328004,263501.4323190001,259581.21496532,383633.45528314007,275871.35127447004,271405.09847605,0.7098039215686274
2021-04-11,266197.18619328004,264767.77231900004,261159.19496532,386583.11528314,274564.69127447,273404.37847605,0.715032679738562
2021-04-13,269948.73619328,267353.1223190001,264342.34496531996,373444.58528314,272210.11127447,277402.93847605,0.7254901960784313
2021-04-14,265742.17619328003,262915.83231900004,260244.27496532,358629.80528314,265392.59127447003,273404.37847605,0.715032679738562
2021-04-15,262199.09619328,260427.57231900006,257109.61496532,358992.95528314,268226.99127447,269405.81847605,0.7045751633986927
2021-04-18,262149.99619328004,261547.33231900007,257543.10496532,360292.14528314007,274721.39127447,269155.90847605,0.7039215686274509
2021-04-19,267428.06619328004,266432.39231900004,262575.91496532003,369617.88528314,278074.10127447004,274653.92847605003,0.7183006535947712
2021-04-21,273110.56619328004,271824.8923190001,268215.27496532,376462.38528314,281100.47127447004,280901.67847605003,0.7346405228758169
2021-04-25,273020.26619328005,271585.77231900004,268097.44496532,378223.02528314,279915.72127447,280901.67847605003,0.7346405228758169
2021-04-26,273001.81619328004,270681.23231900006,267650.94496532,384342.47528314,275435.14127447,280901.67847605003,0.7346405228758169
2021-05-05,280723.4139203601,278397.1108933901,275352.29088166,394038.53142755997,283419.69588229,288477.77620313,0.7287581699346405
2021-05-06,282061.55392036005,279877.13089339004,276700.97088166,391800.20142755995,285837.09747893,289771.37620313,0.7320261437908496
2021-05-10,285418.57392036007,282792.2908933901,279870.00088166003,391103.09142755996,286526.96747893,293393.45620313,0.7411764705882352
2021-05-17,289119.51392036007,285969.6208933901,283170.27088166,398578.83142755996,288508.28747893,297015.53620313003,0.7503267973856209
2021-05-19,289741.96392036,287548.59089339006,284074.58088166,427034.36142756,295350.53747892997,297274.25620313006,0.7509803921568627
2021-05-20,290096.4639203601,287596.7608933901,284345.48088166,422093.36142756,293622.42747893,297791.69620313,0.7522875816993464
2021-05-23,288839.5939203601,286798.2908933901,283332.69088166003,432412.32142755995,294583.15747893,296498.09620313003,0.7490196078431373
2021-05-24,290626.65392036,288067.36089339,284947.39088166,427492.9114275599,293010.65747893,298567.85620313004,0.7542483660130718
2021-05-25,289260.64392036,286105.6608933901,283361.00088166003,409509.96142755996,288198.85747893003,297274.25620313006,0.7509803921568627
2021-05-26,283103.49392036005,280304.90089339006,277407.71088166,411814.47142755997,284016.93747893,290806.25620313006,0.7346405228758169
2021-05-27,279060.82392036007,276542.7908933901,273450.19088166003,409583.6314275599,282075.09747893,286408.01620313,0.7235294117647059
2021-05-30,276191.42392036004,274936.82089339005,270927.43088166,403835.55142756,287879.77747893,282785.93620313006,0.7143790849673202
2021-05-31,278150.4539203601,277420.6208933901,272896.28088166,399893.18142756,294292.70747893,284338.25620313006,0.7183006535947712
2021-06-01,287829.70745376,286657.55753502005,282486.50989924,411665.89403356996,300751.51646350004,294307.12147523003,0.7189542483660131
2021-06-02,285546.5074537601,284177.9575350201,280238.18989924004,413333.18403357,296593.04801012005,292166.72147523,0.7137254901960783
2021-06-03,282314.89745376003,281677.6475350201,277339.22989923996,408386.12403356994,297428.77378343005,288688.57147523,0.7052287581699346
2021-06-07,282674.0974537601,282414.6675350201,277831.76989924,418671.48403357,300063.33378343,288956.12147523003,0.7058823529411765
2021-06-08,282406.36745376006,283488.80753502005,278233.28989924,411842.72403357,306412.34378343,288688.57147523,0.7052287581699346
2021-06-10,280493.39745376003,281321.0375350201,276139.27989924,417047.27403356996,303806.06378342997,286548.1714752301,0.7000000000000001
2021-06-13,278996.93745376007,279675.9175350201,274558.83989924,415164.09403356997,301756.96378343,284942.87147523003,0.696078431372549
2021-06-14,276395.7774537601,277622.3575350201,272264.22989924,412327.12403357,301760.35378343,282267.37147523003,0.6895424836601307
2021-06-16,276186.91745376005,277131.6075350201,272021.54989924,407645.42403357,299325.41378343,282267.37147523003,0.6895424836601307
2021-06-17,276074.64745376003,277163.35753502004,271909.93989924,410075.27403356996,300499.15378343005,281999.82147523,0.6888888888888888
2021-06-20,275825.36745376,277061.97753502004,271731.81989924,409630.09403356997,301014.91378343,281732.27147523,0.688235294117647
2021-06-21,274188.7674537601,276466.4775350201,270540.82989924005,414905.40403356997,305198.92378343,279859.4214752301,0.6836601307189543
2021-06-22,281250.6574537601,282955.42753502005,277329.52989924,416374.75403356995,308863.73378343,287350.82147523004,0.7019607843137254
2021-06-23,285088.7974537601,286330.63753502007,280916.27989924,419231.54403357,310326.68378342997,291364.07147523004,0.711764705882353
2021-06-24,286860.4574537601,287930.3675350201,282602.13989924005,421102.06403357,311131.86378343,293236.9214752301,0.7163398692810458
2021-06-27,287055.1674537601,288344.1475350201,282934.02989924,422326.75403357,312167.80378342996,293504.47147523006,0.7169934640522876
2021-06-28,287670.7274537601,289139.0775350201,283582.45989924,422762.26403357,314073.81378343,294039.57147523004,0.7183006535947712
2021-06-29,286823.55745376006,287603.4075350201,282440.75989924005,415973.91403357,309507.58378343005,293236.9214752301,0.7163398692810458
2021-06-30,282726.3274537601,284605.1475350201,278911.02989924,417395.31403357,310940.48378343,288956.12147523003,0.7058823529411765
2021-07-04,295904.24723566003,297203.35595535004,291868.5013598,428224.24443369004,320489.13939165004,302489.15125713,0.715032679738562
2021-07-05,298485.6672356601,299391.91595535004,294274.22135979997,423728.31443369004,320801.97098829004,305254.05125713,0.7215686274509803
2021-07-07,293009.64723566006,294938.68595535005,289291.8213598,414244.76443369006,320848.87683663,299447.76125713,0.7078431372549019
2021-07-08,296175.70723566005,297042.4159553501,292053.2813598,410163.12443369,317577.16683663003,303042.13125713007,0.7163398692810458
2021-07-11,293770.06723566,294822.5859553501,289764.16135979997,407621.21443369,316051.89683663,300553.72125713003,0.7104575163398692
2021-07-12,292773.69723566005,294639.57595535007,289143.4013598,405947.68443369,319366.9768366301,299447.76125713,0.7078431372549019
2021-07-13,295288.86723566003,297712.13595535007,291853.5213598,411482.88443369,325131.38683663,301936.17125713004,0.7137254901960783
2021-07-14,300583.8972356601,302361.4559553501,296931.8613598,414957.47443369,326062.2768366301,307742.46125713,0.7274509803921568
2021-07-15,305277.00723566004,306185.2459553501,301205.9013598,416957.71443368995,326053.25683663005,312719.28125713003,0.7392156862745098
2021-07-18,297190.52723566006,299745.9759553501,293916.8313598,424972.07443368994,326799.09683663,304148.09125713,0.7189542483660131
2021-07-25,306649.76723566005,307725.05595535005,302628.7813598,435175.1644336901,328427.55683663004,314101.73125713,0.7424836601307189
2021-07-26,309132.24723566003,309431.8959553501,304797.0313598,435220.31443369,326348.01683663,316866.63125713007,0.7490196078431373
2021-07-28,310236.02723566006,311357.8959553501,306013.62135980005,438786.5944336901,333800.02683663,317419.61125713005,0.7503267973856209
2021-07-29,310362.83723566006,311829.0859553501,306246.3513598,440347.13443369005,336140.93683663005,317419.61125713005,0.7503267973856209
2021-08-01,320119.96076906,322357.75441871,316153.64261127,457689.79551409,351593.38145746005,326697.63652923,0.7483660130718953
2021-08-02,322507.03076906,325129.68441871007,318344.76261127,463775.35551409,358820.34145746,328409.55652923003,0.7522875816993464
2021-08-03,322873.40076906007,325684.17441871006,318755.55261127005,455314.52551408997,360484.41145745997,328694.87652923004,0.7529411764705882
2021-08-05,320297.16076906,324762.67441871006,316793.18261127005,459312.80551408994,367910.08145746007,325556.35652923,0.7457516339869281
2021-08-08,321322.72076906,326643.3344187101,317859.17261127004,462631.07551408996,376165.11145746004,325841.67652923,0.74640522875817
2021-08-09,322077.77076906,328898.23441871005,319109.03261127,460889.49551409,386284.10145746,326126.99652923003,0.7470588235294117
2021-08-10,324580.32076906005,332327.12441871007,321761.24261127005,462848.2255140899,395688.53145746,328124.23652923,0.7516339869281046
2021-08-15,326865.02076906007,334970.1444187101,324162.76261127007,461588.81551409,400097.77145746,330406.79652923,0.7568627450980392
2021-08-16,331218.15076906007,338725.64441871,328208.75261127006,461231.03551409,401303.55145746004,334971.91652923,0.7673202614379084
2021-08-17,331737.25076906005,339179.7544187101,328570.56261127006,459707.50551409007,402462.43145746004,335257.23652923,0.7679738562091503
2021-08-18,328340.45076906006,335902.3944187101,325445.23261127004,459855.74551408994,398179.68145746004,332118.71652923006,0.7607843137254902
2021-08-19,307531.87076906004,317781.5044187101,306086.0226112701,452077.24551409,391058.32145746006,310434.39652923006,0.7111111111111111
2021-08-23,321035.33076906,329441.4444187101,318557.48261127004,456101.57551408996,395532.2814574601,324415.07652923,0.7431372549019607
2021-08-24,326576.3507690601,334649.2544187101,323869.28261127,453275.10551409,399587.71145746,330121.47652923,0.7562091503267974
2021-08-25,328711.89076906006,336548.3444187101,325902.43261127005,454884.46551408997,400299.29145745997,332404.03652923,0.761437908496732
2021-08-26,331672.56076906004,338692.7144187101,328605.14261127,456713.86551409,397860.68145746004,335827.87652923004,0.7692810457516339
2021-08-29,333040.41076906,339478.9644187101,329815.56261127006,463577.85551409,395217.88145746005,337539.79652923,0.7732026143790849
2021-08-30,332583.74076906004,339109.67441871006,329495.7726112701,468068.54551409004,394476.51145746006,337254.47652923,0.7725490196078432
2021-08-31,333665.71076906,339455.51441871,330351.59261127,465697.09551409,390736.68145746004,338681.07652923,0.7758169934640522
2021-09-01,343736.05170142004,350792.58428562,340731.34562944,482485.98536399,409616.50032599,348119.27792478004,0.7745098039215685
2021-09-02,347624.05170142004,353730.01428562007,344300.60562944,485767.14536399,407342.17032599,352525.82792478,0.7843137254901961
2021-09-05,347570.39170142,352106.6442856201,343782.91562944,468994.65536399,397013.58032599,353113.36792478,0.7856209150326797
2021-09-06,340949.5817014201,345565.8342856201,337445.63562944,455542.97536398994,389250.07032599003,346650.42792478006,0.7712418300653595
2021-09-07,340210.03170142,345684.20428562,336939.27562944,464079.39536399,394338.16032599006,345475.34792478004,0.7686274509803921
2021-09-09,341742.63170142006,345805.6642856201,337990.00562944,453006.65536398994,387054.12032599,347531.73792478,0.7732026143790849
2021-09-12,339918.05170142004,344841.18428562005,336383.62562944,462390.04536398995,391259.76032599004,345181.57792478,0.7679738562091503
2021-09-14,342884.21170142,348299.42428562004,339361.83562944003,468497.32536399,398327.50032599,347825.50792478,0.7738562091503267
2021-09-15,344055.0917014201,348728.9542856201,340281.43562944006,464355.76536399004,394829.45032599,349294.35792478005,0.777124183006536
2021-09-16,342718.39170142,347241.93428562,338982.81562944,462598.21536398993,391929.57032599,348119.27792478004,0.7745098039215685
2021-09-19,335018.90170142,334162.87428562,330252.12562944,443695.3353639899,344957.41032599,343418.95792478,0.7640522875816993
2021-09-20,331599.1617014201,330364.4042856201,326822.72562944,434210.40536399,338449.02032599,340187.48792478,0.7568627450980392
2021-09-21,325764.0917014201,324167.69428562006,320938.68562944,420946.79536398995,330140.03032599,334312.08792478003,0.7437908496732026
2021-09-22,319464.17170142004,319517.93428562005,315393.15562944004,430499.27536399,332905.47032599,327555.37792478,0.7287581699346405
2021-09-23,324057.03170142,325508.80428562005,319904.97562944,443115.85536399,350311.28032599005,330786.84792478004,0.7359477124183006
2021-09-26,325931.47170142,327657.4142856201,321672.59562944,445975.48536399,355363.13032599003,332255.69792478,0.7392156862745098
2021-09-27,325435.21170142,326138.46428562,320923.28562944,437649.72536399,347809.50032599,332255.69792478,0.7392156862745098
2021-09-28,321064.04170142004,322958.2942856201,317092.68562944,438092.74536399,350001.77032599004,327555.37792478,0.7287581699346405
2021-10-03,330713.9484861201,330748.3618106001,326037.79266222,453324.26847420004,348714.94866030006,337657.18632313004,0.7294117647058823
2021-10-04,326148.11848612,327377.4418106001,322041.49266222003,452102.4284742,350521.87003185006,332816.22632313,0.7189542483660131
2021-10-05,328147.35848612,328761.74181060004,323745.66266222,459616.3784742,349271.7371306901,334934.14632313,0.7235294117647059
2021-10-06,328431.61848612,328721.0518106001,323870.53266222,460054.4384742,347915.23713069,335236.70632313,0.7241830065359477
2021-10-10,331592.99848612,332172.08181060007,327031.67266222,459757.9284742,353477.40713069006,338262.30632313003,0.730718954248366
2021-10-11,335956.59848612,337224.5718106001,331419.18266222003,463409.47847420006,363526.64713069,342195.58632313,0.7392156862745098
2021-10-12,337563.60848612,338765.9418106001,333054.34266222,461980.77847419993,364231.85713069,344010.94632313,0.7431372549019607
2021-10-13,339662.56848612,340954.12181060005,335154.33266222,463494.0484742,366994.84713069006,346128.86632313003,0.7477124183006535
2021-10-17,346450.6184861201,348165.86181060004,341918.81266222004,472648.38847420004,377345.82713069004,352785.18632313004,0.7620915032679738
2021-10-18,351391.39848612004,352859.8218106001,346712.19266222004,479052.60847420007,380969.9971306901,357928.70632313,0.7732026143790849
2021-10-19,355263.86848612,355074.5918106001,350138.53266222,468510.79847420007,373407.18713069,362769.66632313,0.7836601307189542
2021-10-20,353152.71848612005,353573.83181060007,348232.25266222004,466788.22847420006,375226.1271306901,360349.18632313004,0.7784313725490196
2021-10-24,351073.37848612,352055.34181060013,346462.60266222,468293.34847420006,375800.54713069,358231.26632313,0.7738562091503267
2021-10-25,352485.25848612003,353306.2818106001,347807.60266222,462359.14847420005,376227.77713069,359744.06632313004,0.777124183006536
2021-10-26,352159.39848612004,352734.98181060003,347525.05266222,463084.55847419996,373389.09713069006,359744.06632313004,0.777124183006536
2021-10-27,354434.2584861201,354890.39181060006,349753.69266222004,457829.90847420006,374836.26713069004,362164.54632313,0.7823529411764706
2021-10-28,357669.47848612006,358058.5318106001,352919.45266222,463739.8184742,377836.03713069,365492.70632313,0.7895424836601307
2021-10-31,361779.47848612006,361026.8518106001,356570.39266222005,468923.1584742,375190.30713069,370031.10632313,0.7993464052287581
2021-11-01,369430.4367884301,369904.66699264006,364812.56360557006,488533.8770776,389212.26009286003,377544.45462544006,0.7934640522875817
2021-11-02,373878.69678843004,373943.16699264,369204.7136055701,494055.2570776,390205.14009286003,382520.29462544003,0.803921568627451
2021-11-03,376953.80678843,376441.44699264003,372087.13360557007,486486.2270776,389500.90009286004,385941.18462544004,0.8111111111111111
2021-11-04,376975.20678843,375724.92699264,371883.93360557,483743.6970776,384734.56009286,386252.17462544004,0.8117647058823529
2021-11-07,374642.71678843006,373542.97699264006,369607.76360557,484074.11707760004,383427.29009286006,383764.25462544,0.8065359477124182
2021-11-08,373239.13678843004,372819.96699264,368351.47360557003,485894.93707760004,386993.24009286,381898.31462544,0.8026143790849672
2021-11-09,371574.46678843,372073.6769926401,367082.2136055701,480075.12707759993,390462.24009286007,380032.37462544005,0.7986928104575164
2021-11-10,373991.56678843003,373510.6269926401,369142.08360557,474496.8470776001,386851.92009286006,382831.28462544,0.8045751633986928
2021-11-11,370998.11678843,372239.1169926401,366864.47360557,481238.9070776,393672.45009286003,379410.39462544,0.7973856209150326
2021-11-14,374080.08678843005,375635.91699264,370040.9836055701,478600.63707759994,398634.68009286,382520.29462544003,0.803921568627451
2021-11-15,376732.3567884301,377088.2769926401,372108.7736055701,469669.6770776001,395096.48009286006,385319.20462544006,0.8098039215686275
2021-11-16,371274.3067884301,372301.14699264005,367045.82360557007,462176.6770776,392783.8700928601,379721.38462544006,0.7980392156862746
2021-11-17,369023.8667884301,371003.74699264,365205.7036055701,459833.79707760003,395888.29009286006,377233.46462544,0.7928104575163398
2021-11-18,370149.47678843,371522.20699264004,366062.69360557,462761.37707759993,393677.70009286003,378477.42462544004,0.7954248366013071
2021-11-21,366227.11678842996,367913.49699264,362331.63360557,449451.35707759997,391251.59009286,374434.55462544,0.7869281045751633
2021-11-22,364177.11678843,366344.7569926401,360506.2236055701,455971.6270776,391816.21009286004,372257.62462544005,0.7823529411764706
2021-11-23,366297.79678842996,368301.96699264005,362522.29360557004,462580.8970776,393190.41009286005,374434.55462544,0.7869281045751633
2021-11-25,366266.19678843004,368468.19699264,362454.60360557004,473294.07707759994,395206.14009286,374123.56462544,0.7862745098039214
2021-11-28,368425.16678843,369341.23699264,364085.14360557,463145.6270776,389986.94009286,376611.48462544,0.7915032679738562
2021-11-29,363769.99678843,365794.56699264003,359935.15360557,459979.7970776,391453.97009286005,371635.64462544,0.7810457516339868
2021-11-30,364734.63678843004,367083.1269926401,360870.5936055701,466179.60707759997,395480.07009286,372257.62462544005,0.7823529411764706
2021-12-01,380627.92682443006,382621.72929453006,376607.30983904004,479301.93952155,409139.71099419,388489.57527469,0.7947712418300653
2021-12-02,381331.99682443,382678.90929453005,377098.65983904,477894.77952155005,405725.9771886701,389448.01527469,0.7967320261437908
2021-12-05,378217.78682443,380593.9392945301,374372.04983904003,480882.87952154997,408865.94038595003,385933.73527469,0.7895424836601307
2021-12-06,380937.34682443005,383155.17929453,377024.64983904,484050.96952155005,410552.4469845901,388809.05527469,0.7954248366013071
2021-12-08,385650.3768244301,388826.92929453007,381983.03983904,475826.57952155,421595.04698459007,393281.77527469,0.8045751633986928
2021-12-12,385541.6268244301,389574.16929453006,382350.55983904004,488884.16952155,425332.16698459006,393281.77527469,0.8045751633986928
2021-12-13,390935.59682443005,393795.21929453,387211.24983904004,486492.90952155,424219.1469845901,399032.41527469,0.8163398692810457
2021-12-14,390471.8868244301,392941.17929453007,386635.83983904,484421.20952155,421191.80698459,398712.93527469004,0.8156862745098039
2021-12-15,388197.97682443,391287.11929453,384585.54983904003,488958.49952155,422786.3769845901,396157.09527469,0.8104575163398693
2021-12-16,388252.54682443,391522.97929453006,384702.88983904,496205.46952155005,423953.5669845901,396157.09527469,0.8104575163398693
2021-12-21,383191.63682443,385729.0592945301,379529.11983904,490675.33952155,413535.57698459004,391364.89527469,0.8006535947712418
2021-12-23,388706.83682443004,393213.09929453005,385690.48983904003,500812.28952155,431151.38698459003,396476.57527469,0.8111111111111111
2021-12-26,392557.66682443005,396278.52929453005,389207.78983904,502337.06952155003,430443.08698459005,400629.81527469,0.8196078431372548
2021-12-27,395416.24682443,398247.35929453006,391722.49983904004,499721.84952155006,427953.21698459005,403824.61527469003,0.8261437908496732
2021-12-28,395478.67682443006,398764.7092945301,391977.18983904005,502916.3195215501,430534.35698459,403824.61527469003,0.8261437908496732
2021-12-29,397267.24682443,400154.33929453004,393588.64983904,502625.96952155,430077.29698459007,405741.49527469,0.8300653594771241
2022-01-02,408832.4375033501,411290.40464749,404860.77574814,516458.12193548,439304.4853161401,417226.76417724,0.8326797385620914
2022-01-03,407122.50750335003,409679.62464749004,403272.98574814,515819.3619354801,437591.1153161401,415589.31417724,0.8294117647058823
2022-01-04,406818.44750335003,409780.26464749,403162.69574814,525273.65193548,439548.01531614014,415261.82417724,0.8287581699346405
2022-01-05,409708.49750335,412731.27464749006,406044.73574813997,532242.9519354799,442887.5953161401,418209.23417724,0.8346405228758169
2022-01-09,411514.79750335007,413375.7346474901,407317.35574813996,534588.31193548,437919.9453161401,420174.17417724,0.838562091503268
2022-01-10,409368.31750335003,411925.4346474901,405490.14574814,541041.64193548,439914.4353161402,417881.74417724,0.8339869281045751
2022-01-11,410440.07750335004,412299.6146474901,406311.61574814003,535453.53193548,436307.5953161401,419191.70417724,0.8366013071895425
2022-01-12,409741.65750335,412040.0346474901,405865.21574814,534647.4819354799,437703.9753161401,418536.72417724,0.8352941176470587
2022-01-13,411511.83750335005,412936.4946474901,407261.63574814,527322.2519354799,434111.6153161401,420501.66417724,0.8392156862745097
2022-01-16,409819.96750335005,410391.64464749,405216.50574814,515954.75193548005,427331.75531614013,418864.21417724,0.8359477124183006
2022-01-18,405117.54750335007,407009.7546474901,401006.94574814005,526901.3419354799,431526.1853161402,413624.37417724007,0.8254901960784314
2022-01-19,405653.4275033501,406919.7646474901,401281.32574814,522448.65193548,428211.1053161401,414279.35417724005,0.826797385620915
2022-01-20,400213.50750335003,402549.0446474901,396426.52574814006,519518.17193548003,428416.4453161401,408712.02417724003,0.8156862745098039
2022-01-23,400355.0275033501,402017.63464749005,396325.12574814,511498.23193548,424105.3753161401,409039.51417724,0.8163398692810457
2022-01-24,397615.52750335005,399785.33464749006,393954.48574814,505402.8619354799,423252.15531614004,406419.59417724004,0.8111111111111111
2022-01-25,396543.76750335,398717.58464749006,392793.08574814,505950.29193547997,423090.91531614005,405109.63417723996,0.8084967320261437
2022-01-26,393975.83750335005,396397.22464749,390379.67574813997,503743.2219354799,421769.01531614014,402489.71417724,0.8032679738562091
2022-01-30,391052.9275033501,393290.25464749004,388216.29574814,494052.49193548,410491.8353161402,401179.75417724,0.8006535947712418
2022-01-31,389785.46750335005,394011.74464749004,387772.11574814003,507073.02193548,421467.15531614004,399542.30417724,0.7973856209150326
2022-02-01,400768.44190410007,405636.7752126601,398920.33616624004,522002.87740463,437108.1500009701,410339.06857799005,0.7999999999999999
2022-02-02,404166.47190410004,409291.5552126601,402346.77616624004,526804.40740463,442550.0200009701,413691.46857799,0.8065359477124182
2022-02-03,407117.2419041,411705.0952126601,405000.82616624003,527083.4774046299,442673.45000097016,416708.62857799005,0.8124183006535947
2022-02-06,405558.19190410007,410421.4952126601,403554.8761662401,529872.60740463,442924.24000097014,415032.4285779901,0.8091503267973856
2022-02-07,407225.60190410004,411491.2952126601,404897.31616624,525523.14740463,441526.2300009701,416708.62857799005,0.8124183006535947
2022-02-08,402431.0619041,407975.4152126601,400721.11616624007,526181.6074046299,444063.24000097014,411680.02857799,0.8026143790849672
2022-02-09,401789.3819041,409205.10521266004,400997.22616624006,529934.0374046299,453661.1600009702,411009.54857799003,0.8013071895424836
2022-02-10,404233.92190410005,411175.0252126601,403106.45616624004,527231.75740463,454255.39000097016,413356.22857799,0.8058823529411764
2022-02-13,403510.97190410004,410177.9052126601,402290.16616624006,517810.89740463,451718.04000097007,412685.74857799005,0.8045751633986928
2022-02-14,398788.67190410005,404995.6152126601,397301.5661662401,511017.9874046301,445246.99000097014,407657.14857799007,0.7947712418300653
2022-02-15,397790.0319041001,405196.82521266013,396908.58616624004,516918.29740463,450663.7600009701,406651.4285779901,0.7928104575163398
2022-02-16,402977.6519041,409701.94521266007,401732.12616624,517887.06740463,452047.05000097014,412015.26857799,0.8032679738562091
2022-02-17,402941.53190410003,409490.19521266,401628.46616624005,518016.32740463,450894.5800009701,412015.26857799,0.8032679738562091
2022-02-20,401879.6819041,407346.9552126601,400087.52616624004,504355.9474046301,443565.18000097014,411009.54857799003,0.8013071895424836
2022-02-21,396131.6519041,402552.70521266013,394796.54616624006,504296.63740463,443513.4700009701,404975.22857799,0.7895424836601307
2022-02-22,400551.17190410005,406366.4352126601,398949.60616624006,507077.47740463,443961.9100009702,409668.5885779901,0.7986928104575164
2022-02-23,393894.8019041,401636.2752126601,393197.67616624,510799.21740463,448569.68000097014,402628.54857799003,0.7849673202614379
2022-02-24,393488.4519041,398410.79521266004,391618.74616624,482764.69740463,431042.24000097014,402628.54857799003,0.7849673202614379
2022-02-27,379890.99190410005,389347.8152126601,380145.7461662401,500423.79740462994,443864.0500009702,388213.22857799,0.7568627450980392
2022-02-28,389597.4619041001,396859.9152126601,388732.11616624007,499767.91740463,441377.1800009701,398270.4285779901,0.7764705882352941
2022-03-01,397477.53201513004,406174.7761739901,397292.13756874,517356.54209446994,457294.40930566017,406091.81645113,0.7738562091503267
2022-03-03,399120.38201513013,407324.7361739901,398692.13756874006,520386.24209446996,456145.1893056601,407806.71645113005,0.777124183006536
2022-03-06,403063.2220151301,409308.16617399006,401673.56756874005,515866.91209447,449186.30930566014,411922.47645113,0.7849673202614379
2022-03-07,395834.68201513006,401814.18617399,394317.69756874,509636.0520944699,440928.3993056601,404376.91645113,0.7705882352941176
2022-03-08,382043.77201513,388737.51617399004,380882.45756874,497517.59209447,431938.1093056601,389971.75645113,0.7431372549019607
2022-03-09,371619.8320151301,379831.8361739901,371161.29756874003,497639.82209447,430817.8593056601,378996.39645113004,0.7222222222222222
2022-03-10,372295.03201513,380792.1261739901,371968.07756874006,496201.14209447004,433099.56930566014,379682.35645113,0.7235294117647059
2022-03-13,373573.19201513,381215.35617399006,372843.85756874003,495516.36209446995,429481.7093056601,381054.27645113,0.7261437908496732
2022-03-14,374266.45201513,381791.2761739901,373458.70756874,496367.60209447,429630.0593056601,381740.23645113007,0.7274509803921568
2022-03-15,372258.91201513,379091.4961739901,371134.57756874006,490456.46209447,423853.58930566016,379682.35645113,0.7235294117647059
2022-03-16,372295.03201513,381098.30617399013,372116.76756874006,503120.46209447,434760.90930566005,379682.35645113,0.7235294117647059
2022-03-17,382116.01201512996,388741.60617399006,380887.01756874,502309.97209447,432001.6493056601,389971.75645113,0.7431372549019607
2022-03-20,382764.1220151301,390780.7861739901,382219.11756874004,514601.95209447,440127.1293056602,390657.71645113005,0.7444444444444445
2022-03-21,391604.93201513006,402009.8461739901,392069.79756874003,536325.52209447,462731.4193056602,399575.19645113003,0.761437908496732
2022-03-22,413021.70201513,419389.83617399004,411300.55756874,533088.1120944701,462631.1893056601,421525.91645113,0.8032679738562091
2022-03-23,415897.56201513007,422739.9061739901,414447.74756874004,546169.00209447,467533.3993056601,424612.73645113007,0.8091503267973856
2022-03-24,418372.6120151301,424328.49617399013,416566.7775687401,542578.05209447,464357.0793056601,427356.57645113004,0.8143790849673203
2022-03-27,416968.0320151301,421022.9361739901,414279.91756874,528018.7320944701,452309.8493056602,425984.65645113,0.8117647058823529
2022-03-28,411210.77201513003,414271.60617399006,408128.88756874,507931.43209447,440755.3993056601,420153.99645113,0.8006535947712418
2022-03-29,400786.83201513,405142.6461739901,398299.18756874,511610.61209446995,438427.9993056601,409178.63645113003,0.7797385620915032
2022-03-30,406043.95201513,408602.0461739901,402676.30756874,509140.00209447,433611.73930566007,414666.31645113,0.7901960784313725
2022-03-31,400669.44201513,404688.79617399006,398079.88756874,512073.96209446987,435986.4993056601,409178.63645113003,0.7797385620915032
2022-04-03,410720.78349371004,417385.43111191003,409252.92113612004,532873.5500766201,461890.5005291301,418941.01792971004,0.7797385620915032
2022-04-04,422170.28349371004,426910.28111191,419754.02113611996,536500.59007662,462211.1805291301,430880.45792971004,0.8019607843137254
2022-04-05,420696.86349371006,424882.83111191005,418075.90113612,529387.87007662,457258.64052913006,429475.81792971,0.7993464052287581
2022-04-06,418531.88349371,423061.2411119101,416154.39113612,530935.07007662,456439.8805291301,427368.85792971,0.7954248366013071
2022-04-07,417521.63349371,420756.89111191005,414513.1411361201,529682.82007662,448471.7105291301,426315.3779297101,0.7934640522875817
2022-04-10,409313.21349371003,412602.7511119101,406402.96113612,516854.14007662,440493.84052913013,417887.53792971006,0.7777777777777778
2022-04-11,402069.89349371,405753.20111191,399444.69113612,510723.41007662,435046.15052913013,410513.17792971,0.7640522875816993
2022-04-12,395656.22349371004,401369.02111191006,394206.24113612,512212.3200766199,438440.5205291302,404192.29792971,0.7522875816993464
2022-04-13,401817.05349371006,406456.86111191,399788.68113612,513132.3900766199,438864.4505291301,410513.17792971,0.7640522875816993
2022-04-14,399399.23349371005,400404.70111191005,395794.71113612,494550.03007661994,415050.13052913005,408406.21792971005,0.7601307189542483
2022-04-17,393674.48349371005,395865.08111191005,390655.66113612003,488316.84007662005,416128.7205291301,402436.4979297101,0.7490196078431373
2022-04-18,394684.73349371005,396866.88111191004,391659.83113612,492195.37007662,417021.2005291301,403489.97792971006,0.7509803921568627
2022-04-19,395649.83349371003,397127.48111191,392302.91113612,492784.6500766201,413884.21052913007,404543.45792971004,0.7529411764705882
2022-04-20,395003.42349371006,395943.80111191,391379.67113612,495796.55007661995,410470.16052913014,403841.13792971004,0.7516339869281046
2022-04-27,397387.76349371,399920.93111191003,394527.98113612,504303.65007662005,421486.5105291301,406299.25792971003,0.7562091503267974
2022-04-28,398870.21349371003,403809.91111191,397114.90113611997,521652.03007662,436529.85052913014,407703.89792971,0.7588235294117647
2022-05-08,420808.22302151006,422835.0639910101,417530.88541978004,528562.91851897,442749.34855431004,430019.83745751006,0.7816993464052288
2022-05-09,422879.00302151,423127.67399101006,418733.65541978,524405.12851897,435075.28855431016,432177.07745751,0.7856209150326797
2022-05-10,414931.98302151,415770.59399101004,411085.91541978,515608.6285189699,430740.23855431005,423907.65745751,0.7705882352941176
2022-05-11,412170.9430215101,414425.09399101004,409018.85541978,525302.91851897,435810.4885543101,421031.33745751006,0.7653594771241831
2022-05-15,407648.13302151003,408282.7239910101,403725.65541978,513875.89851896995,422590.1485543101,416357.31745751004,0.7568627450980392
2022-05-16,402417.00302151,403919.3839910101,398950.98541978,512407.10851896997,422123.26855431014,410964.21745751,0.7470588235294117
2022-05-17,399655.96302151005,401536.26399101,396377.08541978,511318.22851896985,421565.3985543101,408087.89745751,0.741830065359477
2022-05-18,398974.73302151,401006.0239910101,395765.54541978,510516.92851897,421785.08855431015,407368.81745751004,0.7405228758169934
2022-05-23,399628.87302151,400962.21399101004,396097.61541978,502960.17851897003,418473.62855431007,408087.89745751,0.741830065359477
2022-05-24,401609.35302151006,401862.98399101006,397594.69541978,497232.3585189699,414085.6085543101,410245.13745751005,0.7457516339869281
2022-05-26,391593.54302151,390616.0739910101,387164.67541978,475246.9085189699,396395.2285543101,400178.01745751005,0.7274509803921568
2022-05-29,390213.02302151,388651.04399101005,385497.31541978003,476629.1885189699,391895.90855431015,398739.85745751,0.7248366013071895
2022-05-30,386071.46302151005,385240.67399101006,381716.94541978004,477379.71851896995,391961.3185543101,394425.37745751004,0.7169934640522876
2022-05-31,386815.90302151005,385196.92399101006,382046.5554197801,479861.00851897,388627.4385543101,395144.45745751006,0.7183006535947712
2022-06-01,397868.57245727,395314.9414299301,392590.43655218,485363.37356295,394966.3038063701,406200.14828183,0.7209150326797384
2022-06-05,392570.00245727005,390752.5014299301,387652.02655218,482729.83356295,393967.08088020014,400676.24828183005,0.7111111111111111
2022-06-06,391445.27245727,389700.2614299301,386596.56655218004,481233.04356295004,393016.47088020016,399571.46828183,0.7091503267973855
2022-06-07,391799.11245727004,391003.7914299301,387414.15655218,488047.88356295,398493.9008802001,399939.72828183003,0.7098039215686274
2022-06-08,394211.11245727,394484.6514299301,390198.15655218,499807.12356295,407859.9508802001,402149.28828183,0.7137254901960783
2022-06-09,401179.55245727,400145.1214299301,396577.13655218,500906.57356295,406879.59088020015,409514.48828183004,0.7267973856209149
2022-06-12,401179.55245727,399110.3714299301,396071.76655218,492627.43356295,401268.9208802001,409514.48828183004,0.7267973856209149
2022-06-13,395935.1624572701,393876.1214299301,390804.36655218,487715.9535629501,396646.4708802001,403990.5882818301,0.7169934640522876
2022-06-14,393167.65245727,391172.4014299301,388038.08655218,486456.19356295,394655.5708802001,401044.50828183006,0.711764705882353
2022-06-15,391634.90245727,389039.14142993005,386272.25655218004,485877.49356295,389418.7808802001,399571.46828183,0.7091503267973855
2022-06-16,391217.85245727,388371.82142993005,385765.97655218,483836.00356295,387384.4408802002,399203.20828183,0.7084967320261437
2022-06-19,387614.57245727006,384358.6614299301,381818.77655218,476192.8535629501,383047.78088020015,395152.3482818301,0.7013071895424836
2022-06-20,382306.9724572701,379748.89142993005,376856.74655218003,474484.71356295,381810.65088020015,389628.44828183006,0.6915032679738562
2022-06-21,380221.72245726996,377640.0414299301,374923.12655218,473087.45356295013,378298.08088020014,387787.14828183,0.688235294117647
2022-06-22,381019.70245727006,378152.99142993015,375535.76655218005,471581.18356295006,377912.5508802001,388523.6682818301,0.6895424836601307
2022-06-23,378033.80245727004,374748.7414299301,372248.02655218,467805.62356294994,373714.2008802001,385209.32828183006,0.6836601307189543
2022-06-26,371825.55245727004,369151.71142993006,366080.90655218,465047.00356295,373458.0608802002,378212.38828183,0.6712418300653594
2022-06-29,361666.86245727004,360648.6514299301,357046.03655218,461628.07356295,370094.0608802001,368269.36828183004,0.6535947712418301
2022-07-03,372830.10498227004,369737.9149883001,367251.07512055006,459657.78613493993,369445.0104189901,379658.2208068301,0.6568627450980392
2022-07-04,363956.43498227006,360627.1249883001,358352.02512055007,446997.98613494,359065.52041899005,370591.98080683005,0.6411764705882353
2022-07-05,351440.3349822701,350256.7049883001,346978.1851205501,447027.2761349399,358079.8004189901,357748.1408068301,0.6189542483660131
2022-07-06,350794.92498227,350445.6249883,346699.90512055,450482.20613494003,362352.59041899006,356992.62080683,0.6176470588235293
2022-07-07,351275.65498227003,351433.5849883001,347367.5351205501,452484.04613494,366079.21041899006,357370.3808068301,0.6183006535947713
2022-07-17,354737.48498227005,354272.99498830014,350609.7851205501,447673.83613494004,365232.4904189901,361147.98080683005,0.6248366013071895
2022-07-18,354656.2149822701,355148.42498830013,351037.6051205501,453546.38613494,369972.9504189901,361147.98080683005,0.6248366013071895
2022-07-19,358671.01498227,359921.8749883,355408.4251205501,461647.88613494,377967.0904189901,365303.34080683003,0.6320261437908496
2022-07-20,364911.00498227,364918.6049883001,361003.14512055,459934.61613494,377434.2904189901,371725.26080683,0.6431372549019607
2022-07-21,367953.17498227,369159.4849883001,364557.62512055004,472158.19613493996,387419.79041899013,374747.34080683003,0.6483660130718953
2022-07-24,374983.05498227,375373.0049883001,371116.96512055,474572.42613494,390224.0404189901,381924.78080683004,0.6607843137254902
2022-07-26,373398.99498227006,374570.1949883001,369610.5951205501,474491.89613494003,395619.07041899004,379658.2208068301,0.6568627450980392
2022-07-27,377831.31498227,377459.47498830006,373248.9151205501,471216.85613494,391794.83041899017,384191.34080683003,0.6647058823529411
2022-07-28,375640.10498227,375610.6149883001,371046.0451205501,474377.63613494,393138.9304189901,381547.02080683,0.6601307189542484
2022-07-31,378384.28498227004,378387.8149883001,373886.05512055004,478576.16613494,395199.66041899007,384569.10080683004,0.665359477124183
2022-08-01,391784.23126677,390802.4948622,386782.71848684,485803.0612629601,403245.3220586201,398122.04085584,0.6718954248366013
2022-08-02,389156.29126677004,388811.7248622001,384478.8784868401,489443.74126296,404108.0120586201,395411.15085584007,0.6673202614379086
2022-08-03,389366.5912667701,389535.4648622001,385021.57848684007,491675.72126296005,406361.4920586201,395798.42085584,0.6679738562091503
2022-08-04,393666.49126677006,395780.5548622001,390163.8384868401,503689.48126296,421852.2420586201,400058.39085584,0.6751633986928104
2022-08-07,410335.93126677,410006.41486220004,405676.71848684,507564.70126296004,424002.7520586201,417485.54085584,0.7045751633986927
2022-08-08,417272.80126677005,415621.9848622001,411847.1584868401,510199.1512629601,424465.4020586202,424456.40085584007,0.7163398692810458
2022-08-09,414179.11126677,412655.94486220006,408685.76848684,504583.76126296,423376.66205862013,420970.97085584,0.7104575163398692
2022-08-10,411340.87126677,410181.2648622,405952.50848684,505483.97126296,423285.73205862014,417872.81085584,0.7052287581699346
2022-08-11,410832.58126677,410297.25486220006,405818.80848684005,514910.19126296,425575.2820586201,417485.54085584,0.7045751633986927
2022-08-14,412348.4212667701,411777.54486220004,407110.43848684005,539909.7612629599,428585.9820586201,418647.35085584,0.7065359477124183
2022-08-15,411804.0112667701,411004.02486220014,406542.9984868401,551410.6812629601,426068.5820586202,418260.08085584006,0.7058823529411765
2022-08-16,409158.0112667701,408611.08486220014,404043.12848684005,546672.37126296,424764.79205862014,415549.19085584005,0.7013071895424836
2022-08-17,406446.19126677007,407416.4048622001,401934.26848684007,552509.14126296,431602.5820586201,412451.03085584,0.696078431372549
2022-08-18,415463.9812667701,415156.12486220006,410093.2984868401,552369.7912629601,435245.46205862006,421358.24085584003,0.7111111111111111
2022-08-21,417851.92126677005,418812.0248622,412828.52848684,568982.79126296,446721.3720586201,423294.59085584,0.7143790849673202
2022-08-22,427148.44126677,426470.25486220006,421521.30848684005,562482.4212629601,444926.4920586201,433363.61085584003,0.7313725490196078
2022-08-23,423429.07126677,422368.72486220003,417614.40848684,556065.15126296,439363.54205862014,429490.91085584,0.7248366013071895
2022-08-24,418973.05126677005,418452.6748622001,413417.25848684006,546822.6812629601,438130.6420586201,424843.67085584,0.7169934640522876
2022-08-25,417418.48126677005,418742.8348622001,412796.83848684,558563.62126296,446339.68205862003,423294.59085584,0.7143790849673202
2022-08-28,424938.49126677006,424555.50486220006,419444.8184868401,565450.6112629601,444537.0120586201,431039.99085584003,0.7274509803921568
2022-08-29,420175.45126677,420689.9848622001,415271.70848684,556378.64126296,443566.62205862015,426392.75085584004,0.7196078431372549
2022-08-30,417920.35126677004,419281.1448622,413441.15848684,567007.64126296,445903.94205862004,424069.13085584,0.7156862745098038
2022-08-31,418112.59126677003,419150.5948622001,413570.09848684014,557216.5212629599,443530.0020586201,424456.40085584007,0.7163398692810458
2022-09-01,422367.16129877005,423534.1589958001,417951.81746838003,559420.83647401,448222.2155609901,428671.08287664,0.7071895424836602
2022-09-04,419676.92129877006,421635.76899580006,415659.82746838004,564790.64647401,449849.15556099004,425897.82287664,0.7026143790849673
2022-09-05,422412.3112987701,426138.5589958001,419219.32746838,571105.39647401,462302.87556099007,428671.08287664,0.7071895424836602
2022-09-06,429963.36129877006,433629.7489958001,426576.60746838,582931.4164740099,470489.77556099015,436198.50287664,0.7196078431372549
2022-09-07,436443.91129877005,438769.15899580007,432397.06746838003,581988.54647401,469356.5155609901,442933.56287664,0.730718954248366
2022-09-08,432235.74129877007,435358.04899580014,428587.44746838,581961.6164740098,469617.4155609901,438575.58287664,0.7235294117647059
2022-09-11,433744.64129877003,436777.6089958001,430057.71746838,586725.7364740099,470489.70556099,440160.30287664,0.7261437908496732
2022-09-12,437478.29129877005,440467.1189958001,433614.08746838,585120.20647401,475154.8455609901,443725.92287664,0.7320261437908496
2022-09-13,440913.95129877,442944.70899580006,436579.50746838003,584224.16647401,473255.7355609901,447291.54287664,0.7379084967320261
2022-09-14,438671.1412987701,439339.7989958001,433846.77746838005,575854.81647401,462270.5355609901,445310.64287664,0.7346405228758169
2022-09-15,430681.69129877,431849.32899580005,426092.30746838,572532.03647401,457453.7955609901,436990.86287664,0.7209150326797384
2022-09-18,425339.8112987701,424871.7989958001,420155.86746838,538876.12647401,441844.9555609901,431840.52287664,0.7124183006535948
2022-09-19,412721.85129877005,415054.78899580013,408732.60746838,548039.44647401,446555.4655609901,418370.40287664003,0.6901960784313725
2022-09-20,416755.9712987701,419497.0289958001,412849.75746838003,552965.4964740099,453576.7955609901,422332.20287664,0.6967320261437908
2022-09-21,422755.45129877,424178.88899580017,418254.51746838004,548325.26647401,451695.4355609901,428671.08287664,0.7071895424836602
2022-09-22,420846.75129877,422170.2189958001,416300.71746838,564559.01647401,449343.4455609901,426690.18287664,0.7039215686274509
2022-09-25,419647.35129877005,420559.9989958001,414931.73746838,568945.78647401,445743.9855609901,425501.64287664,0.7019607843137254
2022-09-26,418057.18129877007,419339.86899580003,413554.76746838,578769.3264740099,445928.24556099006,423916.92287664,0.6993464052287581
2022-09-27,415385.00129877013,417409.5789958001,411248.09746838006,582257.98647401,447385.6255609901,421143.66287664004,0.6947712418300653
2022-09-28,415003.26129877,416421.1189958001,410572.29746837995,570197.1564740099,443742.0755609901,420747.48287664,0.6941176470588234
2022-09-29,410250.8112987701,412779.4489958001,406451.89746838005,572443.08647401,444449.9155609901,415993.32287664,0.6862745098039216
2022-10-02,424572.4953283701,425020.1621750201,419731.30013439007,570951.88432711,447475.5871455901,430502.7269062401,0.6947712418300653
2022-10-03,418542.8253283701,420157.21217502013,414365.9501343901,576234.70432711,447251.3571455901,424428.0269062401,0.6849673202614379
2022-10-04,418642.1553283701,421526.52217502013,415031.59013439005,587001.70432711,454650.46714559005,424428.0269062401,0.6849673202614379
2022-10-05,428405.6553283701,429966.8321750201,424137.84013439005,589016.1843271102,456841.9371455901,434552.5269062401,0.7013071895424836
2022-10-09,431893.42532837007,432229.4021750201,427039.32013439003,582124.82432711,453439.48714559013,438197.34690624004,0.7071895424836602
2022-10-10,429024.19532837,429705.75217502005,424411.64013439004,598085.57432711,451959.3071455901,435362.48690624005,0.7026143790849673
2022-10-11,428861.65532837005,428501.87217502005,423826.75013439,589474.52432711,445464.2871455901,435362.48690624005,0.7026143790849673
2022-10-12,425583.82532837003,425167.9421750201,420605.85013439006,588199.4243271099,441361.7171455901,432122.64690624,0.6973856209150326
2022-10-13,422296.96532837005,423016.48217502004,417955.56013439,586155.0743271101,443619.88714559004,428882.80690624006,0.692156862745098
2022-10-16,424694.3853283701,426377.9221750201,420789.85013439006,592174.0443271099,451365.89714559005,431312.68690624007,0.696078431372549
2022-10-17,432958.93532837,435606.3121750201,429476.02013439,598172.74432711,464723.6371455901,439817.26690624,0.7098039215686274
2022-10-18,437408.38532837003,441570.2021750201,434565.3501343901,606395.23432711,477781.38714559004,444272.04690624005,0.7169934640522876
2022-10-19,441713.35532837006,445667.4021750201,438752.3101343901,606801.4543271101,480802.9271455901,448726.8269062401,0.7241830065359477
2022-10-20,441331.84532837005,445654.38217502006,438548.67013439006,609682.3043271098,482475.6171455901,448321.84690624004,0.7235294117647059
2022-10-23,446253.10532837006,448995.23217502004,442577.98013439006,610904.62432711,479696.6571455901,453181.60690624005,0.7313725490196078
2022-10-24,445390.75532837,447616.9821750201,441507.24013439,602014.73432711,475736.22714559006,452371.64690624,0.7300653594771241
2022-10-25,448515.07532837003,451706.9721750201,445092.6201343901,604930.3243271101,483939.7771455901,455611.48690624005,0.7352941176470588
2022-10-26,454700.5053283701,457319.90217502014,451025.5701343901,610399.25432711,486481.9271455901,462091.16690624005,0.7457516339869281
2022-10-27,458477.23532837006,463920.4421750201,456031.32013439003,623393.19432711,506523.3771455901,465735.98690624005,0.7516339869281046
2022-10-30,483726.8853283701,484807.74217502004,479196.57013439003,616998.14432711,506493.13714559015,492059.68690624007,0.7941176470588235
2022-10-31,481320.43532837,485351.24217502004,478261.80013439,630651.73432711,519848.05714559014,489629.80690624006,0.7901960784313725
2022-11-01,502387.98786537006,504076.7395519201,498299.5329454501,642082.57457818,526675.7521185402,511414.15868094005,0.8091503267973856
2022-11-02,505024.95786537003,505550.2795519201,500440.66294545005,638622.20457818,522219.03846708004,514305.78868094005,0.8137254901960783
2022-11-03,496707.69786537,499021.90955192014,492972.08294545003,636601.76457818,524152.2484670801,505630.89868094004,0.7999999999999999
2022-11-06,497849.43786537,500785.0395519201,494436.49294545007,638545.08457818,528326.2484670802,506870.16868094006,0.8019607843137254
2022-11-07,493826.91786537005,499264.4995519201,491654.19294545,646274.9045781799,537839.0584670802,502739.26868094003,0.7954248366013071
2022-11-08,505134.63786537014,507259.8895519201,501467.9829454501,631726.77457818,529675.1084670802,514718.87868094,0.8143790849673203
2022-11-09,497614.65786537004,502718.5095519201,495367.1229454501,632471.68457818,538839.2084670801,506870.16868094006,0.8019607843137254
2022-11-10,519756.5778653701,522267.32955192006,516111.8829454501,643001.19457818,546990.1584670802,529590.11868094,0.8379084967320262
2022-11-13,518777.37786537,522947.4095519201,515827.52294545004,657166.25457818,555957.1584670801,528350.84868094,0.8359477124183006
2022-11-14,528978.15786537,531205.3795519201,524946.15294545,659116.65457818,556288.3584670802,538678.09868094,0.8522875816993463
2022-11-15,535302.21786537,536084.0095519201,530586.5729454501,657853.60457818,554303.4484670801,545287.5386809399,0.8627450980392156
2022-11-16,535789.83786537,538320.2795519201,531672.38294545,673264.5545781801,566370.5084670802,545287.5386809399,0.8627450980392156
2022-11-17,565570.44786537,563480.19955192,559219.53294545,677807.43457818,569424.9984670802,576269.2886809399,0.9117647058823528
2022-11-20,551998.62786537,551737.7495519201,546565.33294545,673748.60457818,566216.1684670802,562224.22868094,0.8895424836601307
2022-11-21,552198.60786537,552146.16955192,546966.83294545,667546.48457818,566652.4884670802,562637.31868094,0.8901960784313725
2022-11-22,552317.3178653701,551469.6195519201,546854.40294545,665404.9745781799,561276.0784670801,563050.40868094,0.8908496732026144
2022-11-23,559908.21786537,557720.06955192,553577.76294545,671926.0745781801,563156.8884670802,570486.02868094,0.9026143790849673
2022-11-24,565978.1178653701,564148.0995519201,559769.3429454501,677581.6945781801,571316.4684670802,576682.37868094,0.9124183006535947
2022-11-27,567933.87786537,568202.2795519201,562550.5629454501,694438.49457818,586100.9484670801,578334.73868094,0.9150326797385621
2022-11-28,546342.7878653699,549400.5995519201,542173.53294545,691865.66457818,581949.8984670802,555614.7886809399,0.8790849673202613
2022-11-29,567305.5278653702,568033.2495519201,561645.3729454501,706908.1145781799,592267.5884670803,576682.37868094,0.9124183006535947
2022-11-30,568972.3278653701,569453.1595519201,563153.88294545,698091.54457818,592879.48846708,578334.73868094,0.9150326797385621
2022-12-01,600297.70390377,599108.42487598,593630.32378973,718441.87316756,614360.4289542302,610471.45933019,0.949673202614379
2022-12-04,617462.68390377,616115.88487598,610626.35378973,736133.6329634801,630542.1484710402,628117.33933019,0.9771241830065358
2022-12-05,636781.8139037701,633284.16487598,628950.35378973,734937.2629634799,636809.1741193,648284.0593301901,1.0084967320261438
2022-12-06,647510.09390377,642948.84487598,639054.71378973,740994.80296348,642172.2897175401,659207.6993301901,1.0254901960784313
2022-12-07,655570.18390377,652490.8048759801,647642.58378973,758187.73296348,659471.7052157399,667190.3593301901,1.0379084967320262
2022-12-08,667875.3639037701,661607.8148759801,658517.14378973,758193.3029634801,652875.49521574,680214.6993301901,1.058169934640523
2022-12-11,670210.78390377,662436.8548759801,659962.98378973,761784.21296348,648318.6252157401,682315.39933019,1.0614379084967318
2022-12-12,664127.59390377,657543.07487598,653843.3937897299,773125.3429634799,654342.5452157401,674752.87933019,1.049673202614379
2022-12-13,665839.9439037701,663243.62487598,657659.1637897299,804777.41296348,676065.40521574,676853.57933019,1.052941176470588
2022-12-14,685675.12390377,683871.68487598,677246.2637897299,843707.37296348,704564.4652157401,696180.01933019,1.0830065359477123
2022-12-15,695492.71390377,691545.48487598,685977.82378973,827154.7629634801,702783.70521574,706263.37933019,1.0986928104575162
2022-12-18,684267.78390377,681042.22487598,675468.9237897301,814202.3829634801,692910.9152157401,695339.7393301901,1.0816993464052287
2022-12-19,671656.25390377,670817.3848759801,663852.2137897301,812190.32296348,695318.4552157401,681895.25933019,1.0607843137254902
2022-12-20,667068.02390377,668073.30487598,660033.37378973,824811.42296348,702064.8952157401,676853.57933019,1.052941176470588
2022-12-21,657638.0539037702,660549.43487598,651594.0637897301,825437.8629634801,702877.4152157401,667190.3593301901,1.0379084967320262
2022-12-22,658142.3939037701,659786.9348759801,651635.3237897301,818063.8929634801,695176.01521574,668030.63933019,1.0392156862745099
2022-12-25,655609.6539037701,655117.2748759801,647906.83378973,802440.3229634801,682608.21521574,665089.65933019,1.0346405228758169
2022-12-26,651318.7439037701,654358.2448759801,645254.16378973,822313.5629634801,698275.7652157401,660468.1193301901,1.0274509803921568
2022-12-27,659306.5939037701,659899.1348759801,651898.61378973,816684.73296348,693979.29521574,668450.77933019,1.0398692810457515
2022-12-28,655645.7739037701,657640.93487598,649137.88378973,819991.0629634801,696195.9152157401,665089.65933019,1.0346405228758169
2022-12-29,659847.05390377,661644.84487598,653165.6737897301,819426.8929634801,699813.74521574,669291.0593301901,1.0411764705882351
2023-01-02,670005.04684976,676125.5791944301,665665.957224,847256.5243640002,730042.2633952401,679868.5108627899,1.0424836601307188
2023-01-03,685547.2668497601,690082.6591944301,680253.167224,850930.404364,738043.06339524,695639.39086279,1.0666666666666667
2023-01-04,691428.10684976,698675.8791944301,687410.3872240002,857653.1243640002,758206.8033952401,701606.75086279,1.0758169934640522
2023-01-05,715371.5268497601,719121.4391944301,709360.9572240001,866083.1743640001,765076.6433952401,725902.4308627901,1.1130718954248366
2023-01-09,730073.62684976,733565.93919443,723775.047224,869060.374364,779068.6433952401,740820.83086279,1.1359477124183006
2023-01-10,738474.82684976,733280.2391944301,727786.407224,843507.9243639999,742893.8233952401,749345.6308627899,1.1490196078431372
2023-01-11,686807.4468497601,690088.7491944301,680877.3372240001,844607.224364,732870.98339524,696918.11086279,1.0686274509803921
2023-01-12,714951.46684976,713043.96919443,706146.377224,837440.0943640001,735368.0133952401,725476.19086279,1.1124183006535946
2023-01-15,713271.22684976,715135.0291944302,706350.057224,853413.3943640002,753113.87339524,723771.23086279,1.1098039215686275
2023-01-16,713691.28684976,716403.5391944301,707184.6072239999,880272.9143639999,757939.58339524,724197.4708627899,1.110457516339869
2023-01-17,726293.08684976,727129.0191944301,718720.7272239999,888366.9743639999,761374.1633952401,736984.67086279,1.1300653594771242
2023-01-18,732593.98684976,731453.4691944302,723975.5872240001,867408.0643640001,757725.1933952401,743378.27086279,1.1398692810457516
2023-01-19,733014.04684976,731795.7891944301,724353.317224,868271.8043640001,757766.62339524,743804.5108627899,1.1405228758169934
2023-01-22,736374.5268497601,734258.1391944302,727232.7072240001,873231.384364,756623.07339524,747214.4308627901,1.145751633986928
2023-01-23,727133.20684976,727093.83919443,719120.717224,874396.8043640001,757736.9333952401,737837.15086279,1.1313725490196076
2023-01-24,741415.24684976,738881.0091944301,732012.937224,872391.2143639999,759729.72339524,752329.31086279,1.15359477124183
2023-01-25,741415.24684976,740524.6991944301,732826.807224,898896.434364,768238.35339524,752329.31086279,1.15359477124183
2023-01-29,768299.08684976,767565.8991944301,759492.4572239999,921264.7643640002,797081.62339524,779608.67086279,1.1954248366013072
2023-01-30,796023.04684976,786157.4391944301,782395.3972240001,895024.6043640001,778748.0833952401,807740.5108627899,1.2385620915032678
2023-01-31,779220.6468497601,769743.7591944301,765967.337224,865258.2143640001,763236.2133952401,790690.9108627901,1.2124183006535947
2023-02-01,762650.3952811201,757041.3066533501,751584.17370753,868168.0099952101,765673.82902245,773736.50207527,1.1718954248366011
2023-02-02,759673.0152811201,753241.47665335,748233.69370753,860839.5884656002,758311.2192355401,770715.79207527,1.1673202614379083
2023-02-05,752867.57528112,745174.84665335,740880.17370753,852909.3184656,744690.5597487501,763811.31207527,1.156862745098039
2023-02-06,753292.9152811201,747969.08665335,742472.6037075301,860742.3984656001,757395.5697487501,764242.84207527,1.1575163398692812
2023-02-07,768179.81528112,763025.10665335,757280.8937075299,879903.5984655999,773790.8797487501,779346.39207527,1.180392156862745
2023-02-08,782216.0352811201,775220.8466533502,770254.28370753,867549.8284655999,778909.8697487501,793586.88207527,1.2019607843137254
2023-02-09,784768.07528112,781759.3166533501,774750.40370753,890666.6284655998,802204.28974875,796176.06207527,1.2058823529411764
2023-02-12,815392.5552811201,803603.0566533501,800698.93370753,881053.9584656,788693.5497487499,827246.2220752701,1.2529411764705882
2023-02-13,800080.31528112,791897.72665335,787337.1537075299,879494.7184656,791384.9897487501,811711.14207527,1.2294117647058822
2023-02-14,796677.5952811202,790724.7766533501,785073.51370753,904762.9684656,799366.5597487501,808258.9020752701,1.2241830065359476
2023-02-15,806885.7552811201,799176.66665335,794301.9137075299,916970.8684656001,800921.3897487501,818615.6220752699,1.2398692810457514
2023-02-16,810713.81528112,801534.2366533501,797360.86370753,916035.3984656,797301.78974875,822499.39207527,1.245751633986928
2023-02-19,809437.7952811201,799513.43665335,795731.0137075301,901131.5484656,792120.1797487501,821204.8020752701,1.2437908496732026
2023-02-20,801781.6752811201,789029.45665335,786760.6037075301,878476.1284656001,769503.7397487501,813437.2620752701,1.2320261437908497
2023-02-21,778387.9752811202,771570.06665335,766556.1937075299,890364.5884656,775818.9297487501,789703.11207527,1.196078431372549
2023-02-22,788596.1352811201,777931.69665335,774751.4237075299,869475.3784656,766563.1897487501,800059.83207527,1.2117647058823529
2023-02-23,776686.6152811202,770382.96665335,765128.8937075301,875787.1784656001,776708.9697487501,787976.99207527,1.1934640522875817
2023-02-26,786894.7752811201,785241.7666533501,777524.57370753,891705.7484656001,811403.1497487501,798333.71207527,1.2091503267973855
2023-02-27,796252.2552811201,791869.2766533501,785429.4637075299,891173.0784656,807030.2097487502,807827.3720752699,1.2235294117647058
2023-02-28,791148.1752811201,787503.46665335,780745.17370753,891483.3684656002,805520.6097487501,802649.0120752701,1.215686274509804
2023-03-01,796156.8805232,794164.9470274501,786608.45195578,909987.7305253899,818995.95077012,807589.0296983101,1.2084967320261437
2023-03-02,801754.2905232002,797734.6570274502,791142.43195578,900262.26052539,814323.4371816899,813267.0396983101,1.2169934640522877
2023-03-05,788837.1905232001,789004.6270274501,780432.78195578,893932.7805253901,822517.6136762901,800163.9396983101,1.1973856209150326
2023-03-06,787976.0505232001,785925.4470274502,778485.78195578,892919.8205253899,810151.4636762901,799290.3996983101,1.196078431372549
2023-03-07,787114.9105232002,782249.2670274501,776243.0819557802,875379.17052539,794682.5636762901,798416.8596983101,1.1947712418300653
2023-03-08,769461.5405232002,768627.4470274502,760773.54195578,863739.06052539,797147.4336762901,780509.2896983101,1.1679738562091504
2023-03-09,764294.7005232001,766369.3270274501,757099.64195578,872864.25052539,806806.12367629,775268.0496983101,1.1601307189542482
2023-03-12,771183.8205232001,768048.5970274501,761340.19195578,833109.72052539,787033.9136762902,782256.36969831,1.1705882352941177
2023-03-13,746210.7605232,742282.3270274501,736244.00195578,786339.58052539,756899.3136762901,756923.70969831,1.1326797385620913
2023-03-14,722959.9805232,722929.02702745,715170.18195578,800051.35052539,752821.6236762902,733338.12969831,1.0973856209150326
2023-03-15,719515.4205232002,712785.8670274501,708453.16195578,744104.0605253901,714598.10367629,729843.9696983101,1.092156862745098
2023-03-16,690667.2305232,688596.0570274501,682220.34195578,746522.73052539,708619.43339718,700580.37969831,1.0483660130718953
2023-03-19,688944.9505232001,684692.3470274501,679439.1019557801,748351.4205253901,695539.6533971801,698833.2996983101,1.0457516339869282
2023-03-20,687653.2405232001,688552.0470274502,680707.3719557801,773617.60052539,720828.09339718,697522.9896983101,1.0437908496732027
2023-03-21,698848.0605232001,701316.5370274502,692556.6819557801,796943.5305253898,740617.83339718,708879.00969831,1.0607843137254902
2023-03-22,717793.1405232002,714241.0570274502,708322.55195578,787262.3405253899,729227.40339718,728096.8896983102,1.0895424836601308
2023-03-23,714348.5805232001,714787.8570274501,706887.83195578,798447.8805253902,746282.7833971801,724602.7296983101,1.084313725490196
2023-03-26,731571.3805232,733266.1470274501,724544.02195578,825356.31052539,770722.6033971802,742073.5296983101,1.110457516339869
2023-03-27,748363.6105232,746787.62702745,739537.8519557801,823118.72052539,771306.33339718,759107.5596983101,1.1359477124183006
2023-03-28,746641.3305232001,745166.7870274502,737883.66195578,822297.89052539,770022.6333971801,757360.4796983101,1.1333333333333333
2023-03-29,744488.4805232,747522.8170274501,737980.34195578,849973.6805253901,791119.31339718,755176.62969831,1.1300653594771242
2023-03-30,768169.8305232001,766002.7570274501,758834.6019557801,838594.15052539,788910.99339718,779198.9796983101,1.1660130718954247
2023-04-02,777953.10025508,776839.5343003101,769123.2730131501,863463.76918382,804267.8252238801,788982.2494301901,1.1660130718954247
2023-04-03,790598.55025508,791177.73430031,782466.23301315,898833.9091838201,826218.23189355,801807.4994301901,1.1849673202614377
2023-04-04,808040.5502550801,803974.0543003101,797427.2730131501,905245.0791838202,820365.23189355,819497.4994301901,1.211111111111111
2023-04-05,807604.50025508,802790.5443003101,796627.8530131499,900950.79918382,816044.29189355,819055.2494301901,1.2104575163398692
2023-04-06,808476.60025508,800232.74430031,795796.96301315,890316.90918382,799196.96189355,819939.7494301901,1.2117647058823529
2023-04-09,793650.9002550801,786728.31430031,781785.16301315,885638.6991838202,790576.88189355,804903.2494301901,1.1895424836601307
2023-04-10,791906.7002550801,785985.6943003101,780553.43301315,890787.1491838201,793944.69189355,803134.2494301901,1.1869281045751634
2023-04-11,796703.25025508,792579.19430031,786184.98301315,909393.67918382,808243.5218935501,807998.9994301901,1.1941176470588235
2023-04-12,808040.5502550801,801568.0243003101,796241.0730131501,898575.7891838201,807904.91189355,819497.4994301901,1.211111111111111
2023-04-13,800627.70025508,802693.8243003101,793130.53301315,904823.1991838202,844394.6918935501,811979.2494301901,1.2
2023-04-18,844232.70025508,837215.48430031,831773.40301315,935890.5491838201,842841.76189355,856204.2494301901,1.265359477124183
2023-04-19,839000.10025508,832958.51430031,827078.37301315,943007.0091838201,842422.07189355,850897.24943019,1.2575163398692808
2023-04-26,837691.9502550801,833370.2743003101,826630.4430131501,951831.2491838199,849947.9218935501,849570.4994301901,1.2555555555555555
2023-04-27,834639.6002550801,834338.0343003101,825597.3930131501,974042.80918382,867559.7118935502,846474.7494301901,1.2509803921568627
2023-04-30,850773.4502550801,847585.1643003101,840134.2330131502,975991.8491838198,869441.6918935499,862837.9994301902,1.2751633986928106
2023-05-01,854432.1248809202,848024.5313480801,842258.0477749901,966090.7944358799,856288.23809599,866409.8740560302,1.2660130718954248
2023-05-02,837670.70488092,834455.09134808,827250.43777499,961137.78860855,855330.8058751101,849412.85405603,1.241176470588235
2023-05-03,837229.6148809202,833590.9513480801,826604.8077749901,963898.1286085498,852680.9106190101,848965.5640560301,1.2405228758169935
2023-05-07,836788.5248809201,832217.9513480801,825709.1177749899,965314.2486085499,847399.9106190101,848518.2740560301,1.2398692810457514
2023-05-08,833700.8948809201,833881.26134808,824995.30777499,1003323.6286085501,868790.0606190101,845387.2440560301,1.2352941176470587
2023-05-09,853108.85488092,845977.29134808,840587.8377749901,985287.6286085501,851172.32061901,865068.0040560301,1.2640522875816993
2023-05-10,838111.7948809201,836566.0713480801,828507.20777499,1002725.61860855,864449.6206190101,849860.1440560301,1.2418300653594772
2023-05-11,847815.7748809201,842753.4513480801,836370.66777499,991075.11860855,856374.1906190101,859700.5240560301,1.2562091503267974
2023-05-14,836788.5248809201,835583.9913480801,827366.0077749899,1004317.6386085498,864838.1906190101,848518.2740560301,1.2398692810457514
2023-05-15,841640.5148809201,836882.01134808,830412.95777499,984187.3386085499,851504.34061901,853438.46405603,1.2470588235294116
2023-05-16,831936.5348809201,827973.75134808,821208.3177749901,971254.6086085499,845496.3006190101,843598.08405603,1.2326797385620913
2023-05-17,827084.5448809201,823137.31134808,816416.48777499,948664.9986085499,840520.96061901,838677.8940560301,1.2254901960784312
2023-05-18,818703.83488092,815098.02134808,808295.02777499,951953.26860855,833543.9406190101,830179.3840560301,1.2130718954248365
2023-05-21,814292.9348809201,811781.7313480801,804470.9177749901,958987.4686085501,834618.48061901,825706.4840560302,1.2065359477124182
2023-05-22,819586.0148809201,813242.27134808,807815.46777499,952110.91860855,820310.1806190101,831073.96405603,1.2143790849673202
2023-05-23,815175.1148809202,809784.8313480802,803922.9377749901,950106.9986085499,820640.73061901,826601.0640560301,1.2078431372549019
2023-05-24,816057.2948809201,812422.4613480801,805661.41777499,965327.00860855,830645.94061901,827495.6440560301,1.2091503267973855
2023-05-25,830613.2648809201,825112.8113480799,819140.69777499,956554.5186085501,836159.2006190099,842256.21405603,1.2307189542483659
2023-05-28,828407.8148809201,823898.8313480802,817448.2577749902,969917.5586085499,838981.3906190101,840019.7640560301,1.227450980392157
2023-05-29,832377.6248809202,827519.16134808,821202.9277749901,984841.93860855,841306.18061901,844045.3740560302,1.2333333333333334
2023-05-30,837229.6148809202,832875.1613480801,826251.74777499,1007749.13860855,848976.0606190101,848965.5640560301,1.2405228758169935
2023-05-31,852226.6748809201,843986.69134808,839169.8577749901,999581.9686085499,844506.58061901,864173.4240560301,1.2627450980392156
2023-06-01,859057.4589105201,850699.7442431801,845962.08702364,1017591.5127111599,850708.05202454,870960.8080856301,1.2581699346405228
2023-06-04,860842.41891052,850845.63424318,846919.98702364,1023845.0527111599,844060.2767104201,872770.5680856301,1.2607843137254902
2023-06-05,856826.25891052,846981.39424318,843022.5070236401,1006497.5327111599,840643.17671042,868698.60808563,1.2549019607843137
2023-06-06,851471.37891052,846943.9542431801,840351.7170236399,1022547.25271116,862561.7367104201,863269.32808563,1.2470588235294116
2023-06-07,858611.21891052,851019.86424318,845902.23702364,1000093.20271116,854158.63671042,870508.36808563,1.2575163398692808
2023-06-08,851917.6189105201,847085.9242431801,840641.25702364,1000679.5927111598,861464.4867104201,863721.76808563,1.2477124183006536
2023-06-11,860396.1789105202,855342.0642431801,848919.8570236401,1008365.47271116,869153.66671042,872318.1280856301,1.2601307189542483
2023-06-12,870659.6989105202,862630.3642431801,857605.5370236401,1018731.80271116,864466.6967104201,882724.2480856301,1.2751633986928106
2023-06-13,868874.73891052,862829.88424318,856815.0370236399,1020710.54271116,872900.20671042,880914.48808563,1.272549019607843
2023-06-14,876907.05891052,868586.7842431801,863638.84702364,1021547.10271116,869494.2967104199,889058.40808563,1.284313725490196
2023-06-15,876907.05891052,866388.1942431801,862555.4670236399,1016425.0527111599,858113.2867104199,889058.40808563,1.284313725490196
2023-06-18,877353.29891052,868778.1542431801,863957.20702364,1027611.0427111599,868629.1867104202,889510.8480856301,1.2849673202614378
2023-06-19,884493.1389105201,872881.7942431801,869522.23702364,1028207.3527111601,860364.90671042,896749.88808563,1.2954248366013073
2023-06-20,882708.1789105202,871437.1542431801,867924.9470236402,1030838.8827111599,860256.8267104202,894940.1280856301,1.29281045751634
2023-06-21,879138.25891052,866102.60424318,863523.4870236401,1019036.0327111599,847393.9567104201,891320.60808563,1.287581699346405
2023-06-22,868874.73891052,859306.2242431801,855080.48702364,1027955.66271116,854636.0167104201,880914.48808563,1.272549019607843
2023-06-25,869320.9789105201,859358.5842431801,855327.78702364,1016462.2427111601,853044.4667104201,881366.9280856301,1.2732026143790849
2023-06-26,848793.93891052,847959.25424318,839525.56702364,1029602.58271116,878874.1667104199,860554.6880856301,1.2431372549019608
2023-07-04,876680.5519517201,871432.5008777803,865028.6861432402,1033564.37100943,884804.30606113,888689.3728575301,1.2692810457516341
2023-07-05,866749.7519517201,862451.8708777801,855671.0861432401,1027026.99553224,879361.5572706201,878621.95285753,1.2549019607843137
2023-07-06,862687.1519517201,855355.84087778,850154.1961432401,1013953.2230062301,859425.8772706202,874503.46285753,1.2490196078431373
2023-07-09,849145.15195172,840130.16087778,835924.5761432401,961378.7730062301,836598.77727062,860775.1628575299,1.2294117647058822
2023-07-10,822061.1519517201,821972.2508777801,813529.4461432401,995589.08300623,854565.94727062,833318.5628575301,1.1901960784313725
2023-07-11,841922.75195172,839740.53087778,832147.09614324,996271.5930062302,864451.2472706202,853453.4028575299,1.218954248366013
2023-07-12,851402.1519517201,846718.37087778,840291.6761432401,995699.91300623,861398.80727062,863063.21285753,1.2326797385620913
2023-07-13,850950.7519517202,848629.0708777802,841009.8861432401,1007590.3330062301,873159.6172706202,862605.6028575301,1.2320261437908497
2023-07-16,860430.15195172,856780.14087778,849732.8161432401,1006048.07300623,876176.0272706201,872215.4128575299,1.245751633986928
2023-07-17,860430.15195172,856232.3408777801,849461.9761432401,1009421.7230062302,873349.8772706201,872215.4128575299,1.245751633986928
2023-07-18,868555.3519517201,864279.14087778,857463.4761432401,1028374.78300623,881411.5072706201,880452.3928575299,1.2575163398692808
2023-07-19,873069.3519517201,867176.6208777801,861131.9861432401,1023074.94300623,877747.93727062,885028.49285753,1.2640522875816993
2023-07-24,871715.15195172,865755.12087778,859760.3061432401,1014519.2030062301,875982.96727062,883655.6628575299,1.2620915032679738
2023-07-25,870360.9519517202,862934.9508777801,857696.7661432402,1003510.65300623,866993.9072706201,882282.8328575301,1.2601307189542483
2023-07-26,866749.7519517201,858842.5508777802,853886.0061432401,1003209.80300623,860738.3972706202,878621.95285753,1.2549019607843137
2023-07-27,862687.1519517201,854848.08087778,849900.8261432401,1001351.56300623,856855.3072706201,874503.46285753,1.2490196078431373
2023-07-30,859978.7519517201,853640.9208777801,847960.65614324,1025561.14300623,861805.2672706202,871757.8028575301,1.2450980392156863
2023-07-31,870360.9519517202,862099.9908777801,857282.8361432401,1029348.1830062302,862682.7772706201,882282.8328575301,1.2601307189542483
2023-08-01,882309.6044767201,873418.2061818402,868884.9573346701,1030948.75882051,871582.5605159003,894256.3253825301,1.2627450980392156
2023-08-02,877286.4544767201,866531.4261818402,862995.3373346701,1017296.59256401,856706.9905159002,889164.8653825301,1.2555555555555555
2023-08-03,874089.90447672,863862.3061818401,860092.35733467,1017984.22256401,856106.6805159,885924.8453825301,1.2509803921568627
2023-08-06,874089.90447672,865832.21618184,861063.60733467,1036884.1625640098,866302.7505159002,885924.8453825301,1.2509803921568627
2023-08-07,885962.8044767199,876707.53618184,872318.5573346701,1050308.5925640098,873523.3305159002,897959.20538253,1.2679738562091503
2023-08-08,893269.20447672,881592.68618184,878354.19733467,1044808.2425640101,868610.5605159,905364.96538253,1.2784313725490195
2023-08-09,888246.05447672,878300.2861818401,874235.95733467,1045938.0825640099,872342.8105159001,900273.50538253,1.2712418300653594
2023-08-10,889159.35447672,877925.8361818402,874504.72733467,1039880.18256401,866634.3405159002,901199.22538253,1.272549019607843
2023-08-13,886419.4544767201,877422.1661818401,872895.9073346701,1044477.10256401,875366.0105159002,898422.0653825301,1.268627450980392
2023-08-14,893725.8544767201,883734.3661818402,879635.3373346701,1049965.3525640098,877838.3105159001,905827.8253825301,1.2790849673202613
2023-08-15,895552.4544767201,884702.9561818402,881019.4473346701,1048580.6025640098,875309.2405159002,907679.26538253,1.2816993464052286
2023-08-16,898749.00447672,887381.15618184,883927.62733467,1067164.0025640097,875955.6905159,910919.2853825301,1.2862745098039214
2023-08-17,903772.15447672,890413.7661818401,887916.08733467,1053301.62256401,870895.6905159001,916010.74538253,1.2934640522875815
2023-08-20,898749.00447672,887124.2961818401,883801.13733467,1054116.7525640097,874626.4705159002,910919.2853825301,1.2862745098039214
2023-08-21,901945.55447672,890385.9061818401,886996.63733467,1057945.4425640097,878281.2905159,914159.3053825301,1.2908496732026142
2023-08-22,896922.40447672,888220.4061818401,883435.3473346701,1072153.76256401,887839.0205159002,909067.8453825301,1.2836601307189541
2023-08-23,911535.2044767201,898766.7061818402,895888.3973346701,1067660.95256401,882032.1205159001,923879.3653825301,1.3045751633986928
2023-08-24,907425.3544767201,897653.8261818402,893298.8573346701,1065063.30256401,893268.3305159,919713.6253825302,1.2986928104575164
2023-08-27,911078.55447672,902355.8361818402,897432.10733467,1074064.49256401,902504.2805159,923416.50538253,1.3039215686274508
2023-08-28,926148.0044767201,914101.20618184,910703.9773346701,1071832.0825640098,901021.2805159002,938690.8853825302,1.3254901960784313
2023-08-29,929344.5544767202,916674.0461818401,913558.0373346701,1079618.41256401,901128.6905159001,941930.9053825302,1.3300653594771241
2023-08-30,931627.8044767199,920611.87618184,916633.98733467,1078448.8925640099,912083.1705159001,944245.20538253,1.3333333333333333
2023-08-31,941217.4544767201,928110.3161818401,925090.5373346701,1079276.07256401,911289.0805159,953965.26538253,1.3470588235294116
2023-09-03,954064.2165215202,937990.8410237203,936430.5029278601,1081269.04962879,909018.3815592901,966849.5064069302,1.3509803921568628
2023-09-04,946679.7365215201,934788.9010237202,931184.72292786,1089099.56304716,922971.9015592901,959365.5064069302,1.3405228758169936
2023-09-05,955910.33652152,941818.0310237202,939234.17292786,1095128.79067121,921202.2615592901,968720.50640693,1.3535947712418301
2023-09-06,962371.7565215201,949874.2610237201,946413.89292786,1093441.7306712102,936209.2415592901,975269.0064069302,1.3627450980392157
2023-09-07,971602.3565215201,960076.7910237202,956026.3629278601,1099901.52067121,950878.1015592902,984624.00640693,1.3758169934640523
2023-09-10,978986.83652152,969659.5010237203,964414.3529278601,1117493.02067121,969999.3215592902,992108.00640693,1.3862745098039215
2023-09-11,989140.4965215201,974801.5910237201,971990.51292786,1101423.2506712098,954645.0015592901,1002398.50640693,1.4006535947712417
2023-09-12,973910.0065215201,961162.0510237202,957703.62292786,1102222.09067121,946988.4415592902,986962.7564069302,1.3790849673202614
2023-09-13,967448.58652152,958444.4310237202,953156.6529278602,1112933.4706712097,959624.94155929,980414.25640693,1.3699346405228758
2023-09-14,989602.0265215201,978035.7610237201,973814.4329278601,1132302.85067121,969487.4015592901,1002866.2564069302,1.4013071895424838
2023-09-17,987294.3765215201,976463.6310237201,971891.9029278602,1136161.89067121,970912.04155929,1000527.50640693,1.3980392156862744
2023-09-18,993294.26652152,981272.7510237201,977243.1029278601,1137517.9006712097,971001.7615592901,1006608.25640693,1.4065359477124182
2023-09-19,997448.03652152,986812.7410237201,982033.0329278599,1133788.7506712098,982566.6415592901,1010818.00640693,1.4124183006535946
2023-09-20,1007601.6965215199,992774.5810237201,990014.5929278599,1111134.25067121,971444.5815592902,1021108.5064069299,1.4267973856209148
2023-09-21,999755.68652152,989407.4810237202,984457.97292786,1119500.44067121,986466.0615592903,1013156.75640693,1.4156862745098038
2023-09-24,1014063.11652152,1008513.9610237201,1000982.72292786,1135223.0506712098,1026258.3615592901,1027657.00640693,1.4359477124183004
2023-09-25,1020986.0665215201,1013009.9110237202,1006633.7229278601,1149801.17067121,1020943.6415592901,1034673.25640693,1.445751633986928
2023-09-26,1026062.8965215201,1020148.9810237201,1012675.82292786,1151676.3306712098,1036911.10155929,1039818.50640693,1.4529411764705882
2023-09-27,1027909.01652152,1022586.8910237201,1014799.90292786,1137837.80067121,1041833.90155929,1041689.50640693,1.4555555555555555
2023-10-01,1028062.61630342,1025523.05954607,1016379.08651823,1159248.14480582,1055744.07619709,1041712.48618883,1.4418300653594769
2023-10-02,1022004.74630342,1017998.3695460701,1009675.10651823,1136034.26215076,1041992.72177634,1035573.7561888301,1.4333333333333333
2023-10-03,1014082.9163034202,1009849.3895460701,1001726.6865182301,1124295.4621507602,1032572.2322855499,1027546.1861888302,1.4222222222222223
2023-10-04,1004297.1263034202,1003983.9695460701,993924.46651823,1124367.1721507602,1042146.7022855501,1017629.7761888301,1.4084967320261437
2023-10-08,1012684.9463034201,1003874.1795460702,998141.5765182301,1088345.14215076,1008054.0922855501,1026129.5561888302,1.4202614379084968
2023-10-09,986589.5063034202,984264.1395460701,975433.5365182301,1084280.20215076,1013558.3022855502,999685.7961888302,1.3836601307189542
2023-10-10,988919.45630342,989157.39954607,978970.15651823,1109666.6421507602,1028948.30228555,1002046.8461888301,1.3869281045751634
2023-10-11,1005229.1063034202,1000677.3295460701,992804.4365182301,1105342.1121507601,1021731.0722855501,1018574.1961888301,1.4098039215686273
2023-10-12,1001501.18630342,999965.36954607,990572.48651823,1126280.7421507603,1033187.92228555,1014796.51618883,1.4045751633986927
2023-10-15,1018742.8163034201,1018982.92954607,1008492.1965182301,1139378.71215076,1060241.43228555,1032268.28618883,1.4287581699346403
2023-10-16,1035052.4663034201,1051400.7895460702,1032398.9365182301,1207813.65215076,1159023.66228555,1048795.6361888302,1.4516339869281045
2023-10-17,1070933.69630342,1084096.72954607,1066374.1465182302,1262106.45215076,1180306.50228555,1085155.8061888302,1.5019607843137255
2023-10-18,1160869.76630342,1160120.18954607,1148693.6265182302,1263653.44215076,1203761.7722855501,1176292.3361888302,1.6281045751633987
2023-10-19,1152947.93630342,1151785.83954607,1140663.18651823,1244468.1621507602,1193400.71228555,1168264.7661888301,1.6169934640522874
2023-10-22,1100757.05630342,1112294.3895460702,1095131.04651823,1283736.1621507602,1203230.48228555,1115377.2461888301,1.5437908496732027
2023-10-23,1126852.49630342,1140007.42954607,1121744.97651823,1330899.66215076,1238826.55228555,1141821.0061888301,1.580392156862745
2023-10-24,1149220.01630342,1155917.5395460702,1140763.8465182302,1354583.2521507603,1229346.0422855502,1164487.0861888302,1.6117647058823528
2023-10-25,1154811.89630342,1172820.8995460703,1151725.4065182302,1439502.64215076,1292306.7922855502,1170153.6061888302,1.619607843137255
2023-10-26,1193489.0663034199,1203112.7695460701,1185945.67651823,1433528.20215076,1289942.21228555,1209347.0361888302,1.6738562091503266
2023-10-29,1211662.67630342,1210260.12954607,1198611.92651823,1413798.3997998198,1252959.18228555,1227763.22618883,1.6993464052287581
2023-10-30,1191159.11630342,1196798.60954607,1181725.5265182299,1453744.0197998201,1267329.2722855501,1206985.98618883,1.6705882352941175
2023-10-31,1208866.73630342,1197106.0595460702,1190850.1565182302,1352430.66979982,1197462.62228555,1224929.96618883,1.6954248366013072
2023-11-01,1172850.5693446202,1169323.1627383002,1159189.3828757,1352822.2768115501,1200497.3072625,1188303.33470423,1.6313725490196078
2023-11-02,1166742.51934462,1165516.2227383,1154235.3628757,1371320.65155246,1205555.9602437,1182114.29470423,1.6228758169934638
2023-11-05,1177549.06934462,1179528.5427383,1166436.3428757,1402917.9426699101,1232707.3002437002,1193064.1347042301,1.6379084967320259
2023-11-06,1200571.7193446201,1198299.4827383002,1187202.4528757,1400146.5973677903,1235511.2802437001,1216392.0547042303,1.6699346405228759
2023-11-07,1200101.86934462,1204643.7627383,1189947.1528757,1421468.06736779,1268752.0602437002,1215915.9747042302,1.6692810457516338
2023-11-08,1217956.1693446203,1223862.4327383002,1208270.0028757001,1448371.8373677903,1294312.6602437003,1234007.0147042302,1.6941176470588235
2023-11-09,1248026.56934462,1253712.8227383,1237923.6428757,1452730.2673677898,1324649.7102437,1264476.1347042301,1.7359477124183005
2023-11-12,1264941.1693446203,1263045.6227383001,1251079.2628757,1438535.86736779,1304600.5302437001,1281615.0147042302,1.7594771241830065
2023-11-13,1243797.91934462,1247066.1727383002,1232565.0628757,1437198.8373677898,1307902.9102437,1260191.4147042301,1.730065359477124
2023-11-14,1246617.0193446202,1248263.5027383002,1234602.7328757,1444673.6273677899,1302951.3602437,1263047.8947042301,1.7339869281045752
2023-11-15,1243328.0693446202,1246723.3327383,1232165.8828757,1450493.14736779,1308156.7402437,1259715.33470423,1.7294117647058824
2023-11-16,1255544.16934462,1260141.8127383,1244823.1728756998,1474357.2673677902,1326891.1702437,1272093.4147042301,1.7464052287581697
2023-11-19,1268230.11934462,1274721.0527383,1258279.9428756998,1494148.83736779,1349646.6002437002,1284947.57470423,1.764052287581699
2023-11-20,1305348.2693446202,1301639.2627383,1290194.9428757,1475266.58736779,1337740.6302437,1322557.8947042301,1.815686274509804
2023-11-21,1306757.81934462,1303937.2027383,1292014.7628757,1471488.4973677902,1343687.0102437001,1323986.1347042301,1.8176470588235292
2023-11-22,1286554.2693446202,1289290.3427383,1274622.1028757,1480615.99736779,1349941.8902437002,1303514.6947042302,1.7895424836601306
2023-11-23,1301119.6193446203,1303175.0927383,1288708.1328757,1496106.9873677902,1361734.5102437001,1318273.1747042302,1.8098039215686275
2023-11-26,1351393.5693446202,1340390.4427383002,1332302.6028757,1500452.54736779,1349416.2702437001,1369213.7347042302,1.8797385620915033
2023-11-27,1314745.2693446202,1314000.7927383,1300845.5828757,1522431.3973677899,1361844.0102437001,1332079.4947042302,1.8287581699346405
2023-11-28,1353272.9693446201,1340427.2527383002,1333251.9928757001,1496217.4173677901,1341749.8902437,1371118.0547042303,1.8823529411764706
2023-11-29,1305348.2693446202,1299462.5827383,1289106.0628757002,1488226.29736779,1326299.4602437,1322557.8947042301,1.815686274509804
2023-11-30,1287024.1193446203,1284581.3027383,1272602.5928757,1512900.9573677904,1324291.0002437,1303990.7747042303,1.7901960784313724
2023-12-03,1295432.15839222,1293664.70399474,1281244.83894808,1530384.20018685,1335146.2386740502,1312379.61422403,1.788235294117647
2023-12-04,1286910.41839222,1292257.5839947402,1276091.3089480798,1573916.74496477,1360799.9686740502,1303745.55422403,1.776470588235294
2023-12-05,1322891.0983922202,1318624.8939947402,1307254.01894808,1549213.7721306402,1351569.7886740502,1340200.47422403,1.8261437908496732
2023-12-06,1315789.64839222,1307254.8539947402,1298237.44894808,1513963.96660343,1323166.9586740504,1333005.42422403,1.8163398692810455
2023-12-07,1293538.43839222,1287158.02399474,1277239.51894808,1508296.50660343,1310784.0886740503,1310460.93422403,1.7856209150326796
2023-12-10,1292591.5783922202,1282270.3039947401,1274442.40894808,1481363.06660343,1290146.3386740503,1309501.5942240302,1.784313725490196
2023-12-11,1267026.3583922202,1259569.76399474,1250479.51894808,1451841.68660343,1277662.3586740503,1283599.4142240302,1.7490196078431373
2023-12-12,1266552.92839222,1258424.47399474,1249710.8789480801,1443095.6766034302,1274024.6186740503,1283119.74422403,1.7483660130718954
2023-12-13,1260871.76839222,1262073.00399474,1248448.51894808,1503427.7866034303,1314005.6586740501,1277363.70422403,1.7405228758169933
2023-12-14,1323837.95839222,1310545.50399474,1304033.10894808,1506650.5966034299,1308862.54867405,1341159.8142240301,1.8274509803921568
2023-12-17,1331886.26839222,1321532.76399474,1313303.44894808,1545488.63660343,1330953.6786740504,1349314.20422403,1.8385620915032679
2023-12-18,1298272.73839222,1302399.3739947402,1286727.69894808,1580000.7866034303,1366268.6886740502,1315257.6342240302,1.7921568627450981
2023-12-19,1326205.1083922202,1324949.1839947402,1311919.53894808,1569872.5866034299,1369513.9286740501,1343558.1642240302,1.830718954248366
2023-12-20,1312949.0683922202,1312213.63399474,1299022.25894808,1551725.4066034302,1358030.08867405,1330127.40422403,1.8124183006535948
2023-12-21,1300639.88839222,1301838.49399474,1287728.22894808,1522102.7466034302,1354485.5086740502,1317655.98422403,1.795424836601307
2023-12-24,1310108.48839222,1306579.3839947402,1294895.06894808,1483383.1166034304,1341138.6686740501,1327249.3842240302,1.8084967320261438
2023-12-25,1247615.72839222,1258419.1339947402,1239698.7189480802,1503227.8566034301,1345971.6986740502,1263932.94422403,1.7222222222222223
2023-12-26,1268446.64839222,1272244.03399474,1257112.0389480798,1478293.7166034302,1334055.9486740502,1285038.42422403,1.7509803921568625
2023-12-27,1256610.89839222,1269884.47399474,1249815.4889480798,1507370.8066034296,1368141.1986740502,1273046.67422403,1.7346405228758168
2023-12-28,1274601.23839222,1285368.5139947403,1266444.92894808,1518579.02660343,1374616.6886740502,1291274.1342240302,1.7594771241830065
2023-12-31,1291644.71839222,1302077.24399474,1283162.6589480801,1530534.6366034301,1390788.81867405,1308542.25422403,1.7830065359477123
2024-01-02,1311456.25795808,1321223.8985755001,1304179.17024726,1571750.2292734399,1425666.5385857502,1328486.27170101,1.7967320261437907
2024-01-03,1342942.21795808,1344708.1285755,1331941.16024726,1578989.9698076597,1422079.0185857501,1360381.4317010099,1.8398692810457515
2024-01-04,1338171.61795808,1337841.1285755,1326279.15024726,1568777.7722296303,1407136.4485857503,1355548.83170101,1.8333333333333333
2024-01-08,1350575.1779580798,1346017.3985755001,1336790.81024726,1596653.4302538398,1401176.2685857501,1368113.5917010098,1.8503267973856208
2024-01-09,1334355.1379580798,1337039.0385755,1323716.0202472599,1624082.9402538398,1416064.3985857505,1351682.75170101,1.8281045751633986
2024-01-10,1336263.37795808,1339233.0085755,1325239.39024726,1623066.74025384,1414164.6685857503,1353615.79170101,1.830718954248366
2024-01-11,1349143.9979580801,1349720.1685755001,1337805.5002472599,1632268.08025384,1425594.3385857504,1366663.81170101,1.8483660130718955
2024-01-14,1351052.23795808,1360227.5385755,1342264.58024726,1696161.8902538398,1454954.5885857502,1368596.85170101,1.8509803921568626
2024-01-15,1352483.41795808,1363122.3985755001,1345703.38024726,1712047.32025384,1477965.0285857504,1370046.63170101,1.8529411764705883
2024-01-16,1381584.07795808,1401568.7285755002,1378882.86024726,1808386.4902538396,1554781.4885857503,1399525.49170101,1.8928104575163398
2024-01-17,1429290.07795808,1436413.7885755,1420342.17024726,1773581.57025384,1542926.6285857505,1447851.49170101,1.9581699346405228
2024-01-18,1407822.37795808,1418866.3485755003,1403352.2502472599,1816124.64025384,1566093.5785857502,1426104.79170101,1.9287581699346406
2024-01-21,1448372.47795808,1481682.9685755,1450583.7702472599,1934239.8502538395,1683696.8085857502,1467181.8917010098,1.984313725490196
2024-01-22,1482720.79795808,1515497.1685755001,1480757.29024726,1924674.7202538399,1678584.7485857503,1501976.6117010098,2.0313725490196077
2024-01-23,1476519.01795808,1501564.0885754998,1472801.68024726,1895908.49025384,1652862.20858575,1495694.23170101,2.022875816993464
2024-01-24,1450280.71795808,1495096.3285755,1451610.2202472598,1936384.18025384,1676556.2685857501,1469114.9317010099,1.9869281045751632
2024-01-28,1488445.51795808,1535546.2785755,1494078.87024726,2014003.68025384,1766202.3085857504,1507775.73170101,2.0392156862745097
2024-01-29,1502757.31795808,1545563.3885755,1507280.68024726,2040327.04025384,1770848.5485857504,1522273.53170101,2.0588235294117645
2024-01-30,1535674.4579580799,1592404.5585755,1540288.2502472599,2096841.23025384,1809475.7085857503,1555618.47170101,2.1039215686274506
2024-01-31,1497509.65795808,1515098.7585755002,1488533.21024726,1874051.58025384,1620892.6885857503,1516957.67170101,2.0516339869281044
2024-02-01,1508445.23143245,1534973.0271167601,1505039.3923389702,1963971.74404627,1691844.7717208904,1527905.6451753802,2.052941176470588
2024-02-04,1479151.2014324502,1505074.0471167604,1480245.0823389702,1988463.73550287,1706272.9948741703,1498233.4151753802,2.0130718954248366
2024-02-05,1475789.59143245,1520864.8071167604,1478882.3323389702,2040932.9934860698,1723699.84766329,1494828.4051753802,2.0084967320261438
2024-02-06,1472908.2114324502,1548429.9971167604,1478850.1423389702,2046534.81948447,1750824.9001773004,1491909.82517538,2.004575163398693
2024-02-07,1439292.1114324501,1532101.4171167603,1450468.5823389702,2029239.6455328902,1768094.4333665802,1457859.72517538,1.9588235294117646
2024-02-08,1510366.15143245,1577467.62711676,1513762.50233897,2030208.1535821098,1766572.8367559405,1529851.36517538,2.0555555555555554
2024-02-11,1498840.6314324501,1568363.69711676,1504606.0923389702,2052232.4616063198,1778602.7667559402,1518177.04517538,2.0398692810457515
2024-02-12,1487795.34143245,1567215.3771167602,1493822.3923389702,2059235.00160632,1768706.7967559402,1506989.1551753802,2.0248366013071895
2024-02-13,1503162.7014324502,1582851.3171167604,1509343.4423389703,2094200.3416063199,1788009.16675594,1522554.9151753802,2.045751633986928
2024-02-14,1508925.4614324502,1584475.3871167605,1515079.9423389703,2128719.29160632,1794330.8567559402,1528392.07517538,2.05359477124183
2024-02-15,1522852.1314324501,1599912.2871167602,1528902.5223389703,2164432.17160632,1809216.5167559402,1542498.54517538,2.072549019607843
2024-02-18,1549264.78143245,1621125.0871167602,1552005.8223389701,2160704.99160632,1804173.2667559402,1569252.19517538,2.1084967320261434
2024-02-19,1536298.57143245,1624933.2871167602,1542426.65233897,2184982.7516063205,1825478.2467559404,1556118.5851753799,2.090849673202614
2024-02-20,1553586.85143245,1637082.8071167604,1558088.9523389703,2170938.19160632,1827988.0567559402,1573630.06517538,2.1143790849673203
2024-02-21,1546863.6314324501,1631541.7971167602,1552253.3523389702,2159715.7916063205,1829702.46675594,1566820.04517538,2.1052287581699347
2024-02-22,1544942.7114324502,1626936.4971167604,1551851.5923389702,2167469.9016063204,1843634.3067559402,1564874.32517538,2.1026143790849674
2024-02-25,1513247.53143245,1632625.4071167603,1525760.2623389703,2125401.1716063204,1867785.1267559403,1532769.9451753802,2.0594771241830063
2024-02-26,1537739.2614324503,1678414.4071167603,1554017.3223389704,2193491.361606321,1936251.2167559403,1557577.8751753801,2.09281045751634
2024-02-27,1525733.51143245,1677132.93711676,1545564.78233897,2225216.5316063203,1960879.4267559403,1545417.12517538,2.076470588235294
2024-02-28,1535818.34143245,1686949.3471167604,1554231.9123389702,2172868.5116063203,1957400.21675594,1555632.1551753802,2.0901960784313727
2024-02-29,1523332.3614324501,1680197.3271167602,1544564.68233897,2187536.10160632,1973013.0730964802,1542984.97517538,2.0732026143790847
2024-03-03,1537657.7812723701,1718619.3048167299,1563469.5991445598,2225906.1937671197,2037735.4942938501,1557366.2056835801,2.079084967320261
2024-03-04,1574877.2712723701,1807452.49481673,1604626.99914456,2359261.56957845,2122261.1102902703,1595063.86568358,2.1294117647058823
2024-03-05,1564243.1312723702,1778868.51481673,1591396.74914456,2327816.49606905,2082360.1217708706,1584293.10568358,2.115032679738562
2024-03-06,1678318.45127237,1826217.83481673,1686523.73914456,2258865.67161727,2010876.9140017703,1699833.9856835802,2.269281045751634
2024-03-07,1633365.0412723701,1808790.29481673,1649796.86914456,2296188.42939138,2047343.2954823703,1654303.0456835802,2.2084967320261435
2024-03-10,1695236.4012723702,1868516.45481673,1706909.2091445602,2344415.60939138,2067454.3618479203,1716969.2856835802,2.292156862745098
2024-03-11,1811245.20127237,1940838.9148167297,1805542.7891445598,2284968.61939138,2014737.8079383604,1834468.4856835802,2.449019607843137
2024-03-12,1724721.97127237,1888858.8848167302,1727453.97914456,2252384.41939138,2005539.1046540504,1746833.66568358,2.3320261437908494
2024-03-13,1737289.59127237,1889069.2048167302,1731549.8191445598,2176918.3793913797,1929319.2518949506,1759562.74568358,2.349019607843137
2024-03-14,1622730.9012723702,1798316.00481673,1629712.52914456,2202139.91939138,1933703.2809865905,1643532.2856835802,2.1941176470588233
2024-03-17,1665267.4612723703,1822915.58481673,1664057.9191445601,2150906.0393913803,1895085.4409865902,1686615.3256835802,2.2516339869281046
2024-03-18,1571977.0512723704,1706289.4548167302,1566348.7091445602,1989011.86939138,1740470.8409865904,1592126.3856835803,2.1254901960784314
2024-03-19,1499471.5512723702,1631935.67481673,1499360.7791445598,1959962.24939138,1716228.6926292505,1518689.38568358,2.0274509803921568
2024-03-20,1539591.2612723701,1664381.52481673,1537837.79914456,1986571.13939138,1744923.0726292504,1559324.5256835802,2.081699346405229
2024-03-21,1521706.5712723702,1642201.69481673,1522647.4491445601,2036164.72939138,1753338.3426292506,1541210.0656835802,2.057516339869281
2024-03-24,1517356.24127237,1627589.06481673,1517712.25914456,2023891.24939138,1741974.4026292504,1536803.8456835803,2.0516339869281044
2024-03-25,1546358.44127237,1657228.79481673,1546042.5791445598,2063075.0193913798,1768076.0826292506,1566178.64568358,2.090849673202614
2024-03-26,1562309.6512723702,1666534.84481673,1560327.40914456,2063630.78939138,1768515.0526292503,1582334.7856835802,2.112418300653595
2024-03-27,1546841.8112723702,1643570.79481673,1544393.99914456,2002426.2093913802,1745872.7826292503,1566668.2256835802,2.0915032679738563
2024-03-28,1501405.0312723701,1602864.52481673,1501612.47914456,1959053.8293913798,1722138.5426292506,1520647.7056835801,2.030065359477124
2024-03-31,1467085.7612723701,1584568.25481673,1468924.6891445601,1894386.26939138,1700233.3526292504,1485887.5256835802,1.9836601307189543
2024-04-01,1441048.76431757,1590615.4629769002,1453053.9067224301,2002976.6328647,1777954.0802941902,1459390.17282343,1.9352941176470586
2024-04-02,1515992.86431757,1643364.0429769002,1519382.39672243,1964973.55280769,1771930.4129212906,1535292.1528234298,2.0359477124183005
2024-04-03,1496526.86431757,1629399.1829769001,1501734.00672243,1965057.7536250197,1769100.2765067306,1515577.35282343,2.0098039215686274
2024-04-04,1498960.11431757,1651811.9529769002,1508559.22672243,2012135.3513741202,1818886.0613426701,1518041.70282343,2.0130718954248366
2024-04-07,1528645.76431757,1659807.7829769002,1537417.6767224302,2038065.9513741203,1844130.2125351503,1548106.77282343,2.052941176470588
2024-04-08,1510153.06431757,1658692.2429769002,1524188.9767224302,2059106.36137412,1879250.7121770103,1529377.71282343,2.0281045751633986
2024-04-15,1528645.76431757,1694120.2529769002,1545680.3967224301,2150203.85137412,1932480.9108935005,1548106.77282343,2.052941176470588
2024-04-16,1584123.8643175699,1725219.4629769002,1591901.07672243,2116249.9813741203,1897128.9397850605,1604293.9528234298,2.1274509803921564
2024-04-17,1576337.4643175702,1730123.2429769002,1587282.82672243,2145045.1113741198,1922046.6889767405,1596408.03282343,2.1169934640522876
2024-04-18,1571470.96431757,1701923.0429769002,1574445.87672243,2036919.5013741197,1830980.7089767405,1591479.33282343,2.1104575163398693
2024-04-21,1518912.7643175703,1656013.9029769003,1528188.00672243,2055564.74137412,1838076.7189767405,1538249.37282343,2.0398692810457515
2024-04-22,1534485.56431757,1654567.5829769003,1537125.9667224302,2002476.60137412,1784933.0789767404,1554021.21282343,2.06078431372549
2024-04-23,1497986.81431757,1597075.9629769002,1495489.1167224303,1883804.67137412,1687816.4589767405,1517055.96282343,2.011764705882353
2024-04-24,1375837.6643175702,1490059.0429769002,1381616.9467224302,1828427.3913741203,1635852.8389767406,1393345.59282343,1.8477124183006535
2024-04-28,1396276.9643175702,1474002.8929769,1390961.9567224302,1717685.98137412,1540572.4689767405,1414046.13282343,1.8751633986928105
2024-04-29,1334959.06431757,1465605.7829769002,1346521.9967224302,1816300.44137412,1651148.9789767405,1351944.51282343,1.7928104575163397
2024-04-30,1407469.9143175702,1481612.0929769003,1400580.9767224302,1669325.56137412,1537160.4989767405,1425382.14282343,1.8901960784313725
2024-05-01,1334301.63762588,1450936.3211689503,1342274.6524475804,1761059.1407488298,1610917.6788046204,1351150.24613174,1.7784313725490195
2024-05-02,1378432.23762588,1512100.9711689502,1389390.9024475801,1833707.6287230202,1693614.4237906202,1395840.64613174,1.8372549019607842
2024-05-07,1424033.8576258798,1540218.3311689503,1428559.16244758,1845094.2866722,1677225.0862085903,1442020.72613174,1.8980392156862744
2024-05-08,1440215.07762588,1571559.2611689502,1443646.81244758,1824992.4566721995,1684144.9383014303,1458407.20613174,1.919607843137255
2024-05-09,1416678.75762588,1550279.8211689503,1422162.7024475802,1824513.0366721998,1678884.6804943103,1434572.3261317401,1.888235294117647
2024-05-12,1417169.0976258798,1527703.34116895,1416453.02244758,1746300.9466722,1612805.2225621406,1435068.88613174,1.8888888888888886
2024-05-13,1372057.81762588,1499577.0511689503,1376511.2224475802,1754254.2166722,1616528.6925621405,1389385.3661317402,1.8287581699346405
2024-05-14,1383825.97762588,1507531.83116895,1385788.22244758,1744369.9666722002,1603410.4425621405,1401302.8061317399,1.8444444444444443
2024-05-15,1381374.27762588,1502009.2311689504,1382511.9324475802,1751113.3666722,1591567.7925621404,1398820.00613174,1.8411764705882354
2024-05-16,1380393.5976258798,1512055.9211689502,1386664.9324475802,1819422.9266722,1645504.8725621402,1397826.88613174,1.8398692810457515
2024-05-19,1451983.23762588,1579916.6611689501,1455887.1824475802,1915927.7366721998,1702731.4825621406,1470324.64613174,1.9352941176470586
2024-05-20,1497584.8576258798,1622966.0311689503,1499747.85244758,1955126.2366722,1736816.4625621403,1516504.72613174,1.9960784313725488
2024-05-21,1495623.49762588,1614457.54116895,1496188.4124475801,1912582.9866721998,1717394.9425621403,1514518.48613174,1.9934640522875815
2024-05-22,1473558.19762588,1595382.7511689502,1477240.5024475802,1910535.7966722,1725310.1825621403,1492173.28613174,1.9640522875816993
2024-05-23,1482384.31762588,1596321.4511689502,1484754.5724475803,1909452.6866722,1721287.3025621404,1501111.3661317402,1.9758169934640522
2024-05-26,1481403.63762588,1597497.4311689502,1485174.8124475803,1926724.6466722002,1735310.8925621405,1500118.24613174,1.9745098039215685
2024-05-27,1499055.87762588,1604482.06116895,1499500.55244758,1905943.7166722,1719945.5625621404,1517994.40613174,1.9980392156862745
2024-05-28,1487778.05762588,1588468.7111689502,1487972.65244758,1889024.1066722001,1704221.7225621403,1506573.52613174,1.9830065359477123
2024-05-29,1485326.3576258798,1582914.1411689501,1484621.69244758,1878016.0266721998,1691780.6325621402,1504090.72613174,1.9797385620915031
2024-05-30,1477971.25762588,1560359.6711689502,1475838.6624475801,1847726.5166722,1667947.2425621403,1496642.3261317401,1.9699346405228757
2024-06-02,1479073.8799127801,1556553.26317864,1475617.3217621702,1833621.18086483,1653987.5819718004,1497632.98841864,1.9581699346405228
2024-06-03,1476605.62991278,1559277.1031786401,1473820.4317621703,1847686.416284,1658222.1254512204,1495133.63841864,1.9549019607843137
2024-06-04,1474137.37991278,1556882.4831786403,1472365.1717621703,1853340.86438324,1666214.4476661202,1492634.2884186401,1.9516339869281045
2024-06-05,1482035.77991278,1556344.1231786401,1476723.36176217,1807858.40438324,1637305.6082083404,1500632.20841864,1.9620915032679738
2024-06-06,1459821.52991278,1531646.8831786402,1455885.3517621702,1792490.20438324,1626373.6694258305,1478138.0584186402,1.9326797385620915
2024-06-09,1459821.52991278,1515851.6331786402,1449726.8517621702,1713315.32438324,1560229.6611685304,1478138.0584186402,1.9326797385620915
2024-06-10,1410950.17991278,1480421.97317864,1408049.45176217,1747326.3843832402,1581279.8833614101,1428650.92841864,1.8679738562091501
2024-06-11,1423785.07991278,1500153.95317864,1420801.2817621701,1779865.85438324,1595176.0154042304,1441647.5484186402,1.8849673202614379
2024-06-12,1435139.02991278,1513844.7431786403,1431842.0217621704,1798662.8743832402,1605126.6254042303,1453144.5584186402,1.9
2024-06-13,1438100.92991278,1525761.95317864,1436805.7617621701,1837770.18438324,1630093.8254042303,1456143.7784186401,1.9039215686274509
2024-06-23,1462289.77991278,1554171.53317864,1462453.9317621703,1886286.46438324,1673741.9654042302,1480637.40841864,1.9359477124183007
2024-06-24,1488453.22991278,1569455.59317864,1484685.85176217,1913724.2243832403,1661525.6554042303,1507130.51841864,1.9705882352941175
2024-06-25,1484010.37991278,1578922.0931786401,1482975.2917621701,1969857.0043832401,1685673.1654042306,1502631.68841864,1.964705882352941
2024-06-26,1499313.52991278,1588143.4031786402,1496657.4817621703,1984473.2343832399,1685843.4154042306,1518127.65841864,1.984967320261438
2024-06-27,1511654.77991278,1598113.4131786402,1507800.3017621702,1982894.7543832401,1687158.2454042304,1530624.40841864,2.0013071895424837
2024-07-01,1535965.0885732302,1620863.9522481402,1531226.9596922402,2028842.95727632,1704565.95089031,1555115.07992324,2.0202614379084967
2024-07-02,1547393.3285732302,1637649.56224814,1541747.81969224,2030303.2424884199,1707974.0489065605,1566686.60992324,2.0352941176470587
2024-07-03,1557827.8085732302,1652265.2122481402,1551745.88969224,2036887.03353084,1715214.9479241804,1577251.91992324,2.049019607843137
2024-07-04,1568759.16857323,1661345.4722481403,1562087.29969224,2043054.1800754599,1721435.5692417107,1588320.33992324,2.0633986928104573
2024-07-07,1585156.20857323,1677604.6522481402,1579113.32969224,2070168.7000754601,1746886.99038417,1604922.96992324,2.0849673202614376
2024-07-08,1563790.36857323,1656117.0922481401,1558496.12969224,2054564.87007546,1730081.7715266303,1583289.23992324,2.056862745098039
2024-07-09,1571243.5685732302,1667561.40224814,1564912.46969224,2060398.84007546,1727401.2328691704,1590835.88992324,2.0666666666666664
2024-07-10,1570249.8085732302,1660741.8422481404,1564044.81969224,2049473.3500754598,1727687.0628691702,1589829.66992324,2.065359477124183
2024-07-14,1564287.24857323,1643805.46224814,1556400.72969224,2020905.63007546,1702710.7528691704,1583792.34992324,2.057516339869281
2024-07-15,1550871.48857323,1635310.1722481402,1544242.6896922402,2003855.03007546,1700746.2728691704,1570208.37992324,2.0398692810457515
2024-07-16,1545902.68857323,1627485.9522481402,1539043.19969224,1995569.42007546,1692618.6528691703,1565177.27992324,2.033333333333333
2024-07-17,1538946.36857323,1632738.2522481403,1537399.27969224,2066337.19007546,1741604.93286917,1558133.73992324,2.0241830065359476
2024-07-18,1567268.5285732301,1659396.99224814,1564849.5896922399,2092625.26007546,1764925.0728691705,1586811.00992324,2.061437908496732
2024-07-21,1584162.44857323,1672250.1522481402,1580737.47969224,2101765.53007546,1773636.8828691703,1603916.74992324,2.083660130718954
2024-07-22,1591118.7685732304,1677573.3722481402,1586751.9796922402,2075900.04007546,1771471.6728691706,1610960.2899232402,2.09281045751634
2024-07-23,1602547.0085732301,1682353.46224814,1596219.6296922402,2096079.72007546,1763464.8528691703,1622531.81992324,2.107843137254902
2024-07-24,1613478.36857323,1691378.8422481401,1606336.09969224,2083389.4700754602,1767161.6828691703,1633600.23992324,2.1222222222222222
2024-07-28,1607515.8085732302,1682861.3322481401,1600845.81969224,2088852.7100754601,1765347.4028691703,1627562.91992324,2.1143790849673203
2024-07-29,1606025.16857323,1675243.1722481404,1598399.87969224,2094212.1600754599,1753425.4928691704,1626053.58992324,2.112418300653595
2024-07-30,1594100.04857323,1672089.8922481402,1590000.2296922398,2134354.5900754607,1777612.6428691705,1613978.9499232399,2.0967320261437905
2024-07-31,1619937.8085732302,1695785.2622481403,1615806.73969224,2165716.1100754603,1806984.0528691702,1640140.66992324,2.130718954248366
2024-08-01,1633381.8748497302,1702897.3633744405,1628040.17012529,2158614.32324264,1808384.7583602602,1653628.34619974,2.135294117647059
2024-08-04,1631882.0848497301,1686528.4933744401,1621260.9401252898,2075472.6949993598,1749822.4629321205,1652109.86619974,2.1333333333333333
2024-08-05,1585888.52484973,1640655.8933744403,1575489.33012529,2001034.43248636,1699180.6216656205,1605543.14619974,2.0732026143790847
2024-08-06,1546893.9848497303,1621893.2533744404,1543500.85012529,2064063.99705519,1729445.5630001607,1566062.66619974,2.022222222222222
2024-08-07,1566891.18484973,1648416.90337444,1564992.20012529,2111800.1552044502,1768527.0328921205,1586309.06619974,2.0483660130718953
2024-08-08,1600886.4248497302,1675841.1433744403,1596208.43012529,2120968.2533537103,1777697.9426340205,1620727.94619974,2.09281045751634
2024-08-11,1634881.6648497302,1717022.8433744404,1631156.4801252899,2187160.3133537103,1827130.9820007703,1655146.8261997402,2.1372549019607843
2024-08-12,1649879.56484973,1730129.1633744403,1644442.70012529,2167339.38335371,1825977.6507422705,1670331.62619974,2.156862745098039
2024-08-13,1649879.56484973,1726002.6233744402,1642995.4601252899,2140484.64335371,1810480.2107422703,1670331.62619974,2.156862745098039
2024-08-14,1639880.96484973,1717534.96337444,1634307.9701252899,2182342.05335371,1813279.5307422702,1660208.4261997398,2.1437908496732025
2024-08-15,1641380.75484973,1714714.15337444,1633600.30012529,2188108.40335371,1790988.8107422702,1661726.90619974,2.145751633986928
2024-08-18,1645880.1248497302,1712561.2033744403,1637107.83012529,2185788.69335371,1785408.6507422705,1666282.34619974,2.1516339869281045
2024-08-19,1631882.0848497301,1695943.0933744402,1622857.27012529,2182473.59335371,1766539.6407422705,1652109.86619974,2.1333333333333333
2024-08-20,1628882.50484973,1699093.2533744401,1620966.27012529,2204807.77335371,1775055.8907422705,1649072.90619974,2.1294117647058823
2024-08-21,1661877.8848497302,1718118.9533744403,1649242.3101252902,2217154.40335371,1762245.9907422704,1682479.46619974,2.172549019607843
2024-08-22,1652879.1448497302,1714898.0733744404,1641362.12012529,2210753.72335371,1763837.4107422705,1673368.5861997402,2.16078431372549
2024-08-25,1672876.3448497301,1725052.2233744403,1657169.36012529,2205411.13335371,1741839.3107422704,1693614.98619974,2.186928104575163
2024-08-26,1670376.69484973,1724447.2633744401,1655979.4501252898,2203724.2033537105,1753346.0807422705,1691084.1861997398,2.183660130718954
2024-08-27,1689873.96484973,1747252.71337444,1676152.52012529,2248179.32335371,1783107.3107422704,1710824.4261997398,2.2091503267973853
2024-08-28,1690873.8248497301,1747031.3133744402,1678983.44012529,2268594.4333537105,1804020.1807422705,1711836.74619974,2.210457516339869
2024-08-29,1709871.1648497302,1772782.6833744403,1697616.77012529,2296004.87335371,1821655.6707422703,1731070.8261997402,2.235294117647059
2024-09-01,1723337.0974027303,1796084.8918276601,1713126.3574501104,2339736.94133182,1858233.6778860001,1744580.36875274,2.2398692810457517
2024-09-02,1740433.31740273,1808613.6218276601,1728291.95745011,2344029.52839866,1857205.8143646403,1761888.40875274,2.262091503267974
2024-09-03,1720822.9474027301,1802552.47182766,1712805.83745011,2386298.8701873804,1878843.0992466002,1742035.0687527398,2.236601307189542
2024-09-04,1736913.5074027302,1814616.7018276602,1728075.97745011,2376363.4505045097,1888502.6842286002,1758324.98875274,2.257516339869281
2024-09-05,1735907.8474027303,1814044.1818276602,1726820.4374501102,2371340.4287288003,1884443.8021947904,1757306.86875274,2.2562091503267974
2024-09-08,1697692.76740273,1770147.20182766,1688313.74745011,2323401.73692808,1837281.9503110405,1718618.3087527398,2.206535947712418
2024-09-09,1705738.0474027302,1777439.2018276602,1695194.4574501102,2319017.19692808,1833901.0888774705,1726763.26875274,2.2169934640522877
2024-09-10,1686630.5074027302,1759109.6918276602,1677630.4474501102,2294900.72692808,1828509.4476439804,1707418.98875274,2.192156862745098
2024-09-11,1701212.57740273,1773181.2218276602,1691463.00745011,2310995.14692808,1837147.9864104907,1722181.72875274,2.211111111111111
2024-09-12,1704229.5574027302,1771721.51182766,1694034.4574501102,2298925.6269280803,1835674.1764104906,1725236.08875274,2.215032679738562
2024-09-16,1704732.38740273,1763715.98182766,1692575.22745011,2268437.99692808,1814993.57641049,1725745.14875274,2.2156862745098036
2024-09-17,1691155.9774027301,1757564.2018276602,1680805.1774501102,2251502.58692808,1818707.4864104902,1712000.52875274,2.1980392156862747
2024-09-18,1686127.67740273,1753664.4318276602,1676598.03745011,2286165.1469280804,1821689.0664104903,1706909.9287527401,2.191503267973856
2024-09-19,1696687.1074027303,1777466.55182766,1690956.0874501101,2341697.44692808,1874894.3364104903,1717600.1887527402,2.205228758169935
2024-09-22,1728868.2274027301,1803434.3818276604,1719608.3774501102,2376798.4669280797,1873926.5464104903,1750180.02875274,2.2470588235294118
2024-09-23,1740936.14740273,1808216.8418276599,1729590.8474501101,2356013.2469280805,1865488.4664104902,1762397.46875274,2.262745098039215
2024-09-24,1733896.52740273,1801046.9918276598,1722735.72745011,2350468.15692808,1859289.1264104904,1755270.6287527399,2.2535947712418296
2024-09-25,1725348.4174027303,1802268.6418276601,1716215.7474501103,2394966.2969280803,1871202.8764104904,1746616.60875274,2.242483660130719
2024-09-26,1756021.0474027302,1827748.2418276602,1744701.1174501101,2399155.20692808,1883077.7164104902,1777669.26875274,2.2823529411764705
2024-09-29,1747472.93740273,1828762.82182766,1740402.50745011,2425584.5569280796,1918974.3664104904,1769015.24875274,2.2712418300653594
2024-09-30,1769597.45740273,1852487.19182766,1760614.91745011,2428842.65692808,1923900.0864104903,1791413.8887527399,2.3
2024-10-01,1774035.71643433,1856159.17796198,1765745.60439069,2439735.95567552,1935362.7073707303,1795783.50999924,2.2928104575163397
2024-10-02,1768979.01643433,1837842.58796198,1757745.0343906898,2377608.5865638796,1897766.3036372906,1790664.40999924,2.2862745098039214
2024-10-03,1759876.95643433,1837112.8079619799,1751845.70439069,2402330.86458409,1921703.3898617902,1781450.0299992398,2.2745098039215685
2024-10-07,1789205.8164343303,1853057.94796198,1780751.33439069,2421257.33248325,1952209.2871947305,1811140.80999924,2.312418300653595
2024-10-08,1787183.1364343304,1836633.0979619802,1775521.1743906904,2341847.3604074204,1915301.3350278703,1809093.1699992402,2.3098039215686277
2024-10-09,1749763.5564343303,1818554.79796198,1744268.1343906901,2369840.99040742,1938453.2944196307,1771211.82999924,2.261437908496732
2024-10-10,1746223.8664343301,1809087.2479619803,1740013.10439069,2391776.86040742,1926943.1539364406,1767628.45999924,2.256862745098039
2024-10-13,1697173.8764343301,1762860.05796198,1691909.6743906902,2360265.7704074197,1880451.7737783801,1717973.1899992402,2.193464052287582
2024-10-14,1684026.45643433,1757448.0579619799,1681232.98439069,2329697.3304074197,1891911.0835953103,1704663.5299992398,2.176470588235294
2024-10-15,1719423.35643433,1799180.8979619802,1718055.1843906902,2373633.82040742,1948317.79338723,1740497.22999924,2.2222222222222223
2024-10-16,1719423.35643433,1792788.41796198,1717230.10439069,2420912.8904074198,1939144.2833872305,1740497.22999924,2.2222222222222223
2024-10-17,1716895.0064343303,1788620.3779619802,1713171.2643906903,2437458.67040742,1919756.0833872303,1737937.6799992402,2.218954248366013
2024-10-20,1704758.9264343302,1762819.4579619803,1700158.06439069,2385766.4604074205,1896307.0833872303,1725651.8399992401,2.2032679738562093
2024-10-21,1702736.2464343302,1780007.75796198,1703425.58439069,2454200.9504074203,1950793.2132541803,1723604.19999924,2.200653594771242
2024-10-22,1721446.03643433,1787105.90796198,1716775.3943906901,2441615.7804074204,1914866.8432541804,1742544.86999924,2.224836601307189
2024-10-23,1727514.0764343299,1791772.0679619801,1722818.8143906898,2479152.3104074206,1922098.2532541805,1748687.7899992398,2.232679738562091
2024-10-24,1726502.7364343302,1796311.26796198,1722626.9143906902,2466448.7404074203,1929705.8632541804,1747663.96999924,2.231372549019608
2024-10-27,1733076.4464343302,1802930.3879619802,1729674.2543906902,2476041.67040742,1942641.0232541803,1754318.79999924,2.2398692810457517
2024-10-28,1748752.21643433,1816069.36796198,1743137.02439069,2498342.50040742,1936829.9932541803,1770188.00999924,2.2601307189542483
2024-10-29,1746729.53643433,1812795.09796198,1740484.30439069,2458909.00040742,1927390.3332541804,1768140.36999924,2.257516339869281
2024-10-30,1735099.1264343301,1796307.53796198,1728220.85439069,2418578.3604074204,1907044.5232541803,1756366.4399992402,2.242483660130719
2024-10-31,1724480.0564343303,1793050.94796198,1719627.4143906902,2451969.58040742,1916634.1932541805,1745616.32999924,2.2287581699346406
2024-11-03,1750694.79142631,1815702.2225776,1744186.6158881802,2474025.99128366,1927805.4242845203,1772030.7449912203,2.249673202614379
2024-11-04,1758323.49142631,1817785.0325776,1749775.1058881802,2464563.9821460405,1914571.9323177405,1779753.04499122,2.2594771241830065
2024-11-05,1750186.2114263098,1812964.2425775998,1744458.92588818,2469942.3178323195,1935832.5206010605,1771515.92499122,2.249019607843137
2024-11-06,1758323.49142631,1822321.5825776001,1752976.9858881803,2505890.9856984704,1949484.5698927802,1779753.04499122,2.2594771241830065
2024-11-07,1772563.73142631,1840286.4925776003,1766938.5358881801,2530363.40372268,1962922.1890094301,1794168.0049912203,2.2777777777777777
2024-11-10,1785278.23142631,1852563.0425776,1778714.75588818,2538795.0617468897,1967402.4781510904,1807038.5049912203,2.2941176470588234
2024-11-11,1801044.2114263098,1869937.3825776,1793538.42588818,2537969.45174689,1975413.1373177604,1822997.92499122,2.31437908496732
2024-11-12,1805112.8514263101,1874795.7425776003,1796879.0158881804,2524586.20174689,1972308.0064844303,1827116.4849912203,2.319607843137255
2024-11-13,1793415.5114263098,1860632.6125776,1785246.56588818,2498443.86174689,1959318.3664844304,1815275.62499122,2.3045751633986926
2024-11-14,1801044.2114263098,1862506.8125776,1791987.24588818,2503923.1917468905,1958512.2264844305,1822997.92499122,2.31437908496732
2024-11-17,1768495.0914263101,1834010.1725776002,1761421.7858881804,2504685.97174689,1942374.2364844303,1790049.4449912203,2.272549019607843
2024-11-18,1748151.89142631,1807224.2925776,1740677.0258881801,2475698.61174689,1914491.31648443,1769456.64499122,2.2464052287581695
2024-11-19,1741031.7714263098,1801333.5325776,1732656.39588818,2449585.62174689,1896511.8264844303,1762249.16499122,2.237254901960784
2024-11-20,1755272.0114263098,1814452.5725776,1745198.13588818,2436821.0117468894,1894571.8764844302,1776664.12499122,2.2555555555555555
2024-11-21,1746626.1514263102,1802930.0225776003,1737055.1958881803,2443027.30174689,1890096.3964844304,1767912.1849912202,2.2444444444444445
2024-11-24,1748660.47142631,1797040.4025776002,1736851.0258881801,2419143.3517468893,1868307.02648443,1769971.4649912203,2.2470588235294118
2024-11-25,1734928.8114263099,1792213.7425776,1725395.0158881801,2410763.41174689,1876987.8964844304,1756071.3249912201,2.2294117647058824
2024-11-26,1727808.69142631,1787014.9925776,1720221.49588818,2423830.18174689,1889633.6864844305,1748863.8449912202,2.2202614379084964
2024-11-27,1726282.9514263098,1776453.4125775998,1717347.7258881798,2399992.8017468895,1873499.1164844304,1747319.38499122,2.218300653594771
2024-11-28,1706448.33142631,1766369.7025775998,1700233.99588818,2409918.7517468897,1879875.6664844304,1727241.40499122,2.1928104575163396
2024-12-01,1746547.65822301,1799776.4331306901,1738100.94074202,2472290.96855151,1900823.2882700805,1767709.20740418,2.231372549019608
2024-12-02,1753197.54822301,1800804.07313069,1744065.42074202,2472990.86587346,1900755.9382040603,1774440.34740418,2.2398692810457517
2024-12-03,1755243.6682230101,1804432.7131306902,1746876.5707420202,2469142.7254783097,1911160.8182881004,1776511.4674041802,2.242483660130719
2024-12-04,1760358.9682230097,1811283.24313069,1752879.4507420198,2524345.3548160503,1926859.1284801802,1781689.2674041798,2.249019607843137
2024-12-05,1772635.68822301,1818995.20313069,1763317.66074202,2530634.7733614706,1921187.3086722603,1794115.98740418,2.264705882352941
2024-12-08,1791562.29822301,1837953.12313069,1782424.21074202,2560298.2814357,1945061.2086142404,1813273.84740418,2.288888888888889
2024-12-09,1793096.8882230099,1834659.26313069,1781995.73074202,2531120.9295099303,1925516.5884061605,1814827.18740418,2.2908496732026142
2024-12-10,1781843.22822301,1820671.84313069,1770682.21074202,2502519.26950993,1911893.1584061603,1803436.02740418,2.276470588235294
2024-12-11,1759335.90822301,1803687.16313069,1750916.49074202,2514369.4295099303,1915325.7584061604,1780653.70740418,2.2477124183006536
2024-12-12,1766497.32822301,1809534.4631306902,1757491.1607420202,2526357.0095099304,1917271.1684061605,1787902.6274041801,2.256862745098039
2024-12-15,1765985.79822301,1803501.2931306902,1756507.18074202,2528200.16950993,1911568.7184061604,1787384.84740418,2.2562091503267974
2024-12-16,1768031.9182230101,1810880.66313069,1758871.3607420202,2541020.2695099306,1917191.4684061604,1789455.9674041802,2.2588235294117647
2024-12-17,1765474.2682230098,1809668.33313069,1755739.1707420198,2558862.4595099306,1908238.7184061604,1786867.0674041798,2.2555555555555555
2024-12-18,1757801.31822301,1795188.97313069,1746636.26074202,2501123.0895099305,1883868.0984061607,1779100.36740418,2.245751633986928
2024-12-19,1752686.0182230098,1790240.45313069,1742230.05074202,2509211.799509931,1885647.8084061604,1773922.5674041798,2.2392156862745094
2024-12-22,1731713.28822301,1772317.1931306901,1722905.1207420202,2474549.62950993,1879201.7184061604,1752693.58740418,2.212418300653595
2024-12-23,1744501.53822301,1783390.40313069,1734636.8807420202,2448617.7995099304,1882597.1484061605,1765638.08740418,2.2287581699346406
2024-12-24,1730178.69822301,1772739.98313069,1720853.86074202,2439839.57950993,1871745.7701488605,1751140.24740418,2.210457516339869
2024-12-25,1721482.68822301,1767001.52313069,1713268.94074202,2428352.4295099303,1873695.8901488604,1742337.98740418,2.199346405228758
2024-12-26,1724040.33822301,1766177.9931306902,1715288.6507420202,2429375.489509931,1870814.0601488603,1744926.8874041801,2.2026143790849675
2024-12-29,1711252.08822301,1751575.1831306901,1702016.1407420202,2421590.88950993,1850899.6101488604,1731982.3874041801,2.186274509803922
2024-12-30,1699998.42822301,1731668.60313069,1689980.75074202,2396213.5695099304,1829659.9901488605,1720591.22740418,2.171895424836601
2024-12-31,1694883.12822301,1742031.3831306903,1688840.9807420203,2448839.3795099305,1866601.1101488606,1715413.4274041802,2.165359477124183
2025-01-02,1718693.4248937299,1766613.8606088802,1713642.6444785302,2504462.0576270707,1904212.0198799705,1739392.4907415,2.183006535947712
2025-01-05,1736703.37489373,1785320.4006088802,1731027.1644785302,2506875.4006973202,1917873.3198799705,1757619.4407415001,2.205882352941176
2025-01-06,1743907.35489373,1790346.0106088803,1735835.6844785302,2476931.4214366307,1899822.3998799706,1764910.2207415001,2.215032679738562
2025-01-08,1716120.5748937302,1756793.3206088801,1709139.17447853,2469903.01005308,1880070.6198799706,1736788.6407415003,2.179738562091503
2025-01-09,1720751.7048937299,1755211.78060888,1711183.5644785299,2460425.8580272696,1856947.8598799703,1741475.5707415,2.1856209150326795
2025-01-12,1701712.61489373,1734489.11060888,1691586.92447853,2458065.49600146,1829102.9498799704,1722207.0807415002,2.161437908496732
2025-01-13,1692450.35489373,1714790.8306088801,1678618.6944785302,2383657.8260014607,1777852.8698799706,1712833.2207415001,2.149673202614379
2025-01-14,1650255.61489373,1679685.47060888,1640109.88447853,2414676.9860014603,1770140.2398799707,1670130.0807415002,2.096078431372549
2025-01-15,1674440.40489373,1711001.21060888,1667831.98447853,2503645.8560014605,1836366.4498799706,1694606.2707415,2.126797385620915
2025-01-16,1698625.1948937299,1733346.78060888,1692017.10447853,2540211.54600146,1863933.6798799704,1719082.4607415,2.157516339869281
2025-01-19,1710974.87489373,1753527.8906088802,1706145.00447853,2561912.22600146,1897504.8298799705,1731580.9407415001,2.173202614379085
2025-01-20,1718178.85489373,1752209.9206088802,1709930.06447853,2518531.12600146,1868243.0998799703,1738871.7207415001,2.1823529411764704
2025-01-21,1711489.4448937299,1758559.8206088801,1708719.95447853,2552633.55600146,1920625.0298799707,1732101.7107415,2.1738562091503266
2025-01-22,1713547.72489373,1762648.95060888,1711504.3744785297,2577607.84600146,1930931.8798799706,1734184.7907415,2.176470588235294
2025-01-23,1710460.3048937302,1772935.5006088803,1709642.32447853,2569115.57600146,1940913.8698799706,1731060.1707415003,2.172549019607843
2025-01-26,1717664.2848937302,1776987.3206088804,1717636.83447853,2591065.20600146,1957745.9398799706,1738350.9507415004,2.181699346405229
2025-01-27,1723839.12489373,1779698.9706088803,1722145.56447853,2546984.9260014603,1946561.3498799705,1744600.1907415001,2.1895424836601305
2025-01-28,1720237.13489373,1772445.7906088803,1719391.94447853,2538713.4260014603,1951794.1198799706,1740954.8007415,2.1849673202614377
2025-01-29,1705829.1748937299,1760969.46060888,1706212.26447853,2563338.37600146,1948848.6198799706,1726373.2407415,2.1666666666666665
2025-01-30,1709945.73489373,1776077.2406088803,1710340.7444785298,2562308.93600146,1953726.5398799705,1730539.4007414998,2.171895424836601
2025-02-02,1747701.6848006803,1803579.6324014403,1746625.6941262505,2591428.62878351,1979729.6606191604,1768630.1506484502,2.2071895424836603
2025-02-03,1740456.4048006802,1790873.5424014402,1737859.3041262503,2566668.7982423003,1954742.1259973203,1761298.0706484502,2.1980392156862747
2025-02-04,1730623.5248006799,1780681.9824014402,1728106.74412625,2554187.13735895,1944390.2030591506,1751347.39064845,2.1856209150326795
2025-02-05,1725448.3248006802,1772946.4824014402,1722628.0041262503,2553214.4534573904,1935156.1630591503,1746110.1906484503,2.1790849673202617
2025-02-06,1729588.48480068,1784691.2224014401,1727608.1841262502,2562034.3615066097,1949097.0330591502,1750299.95064845,2.184313725490196
2025-02-09,1745631.6048006797,1804874.9524014401,1743864.83412625,2580535.60150661,1969761.5230591504,1766535.27064845,2.2045751633986925
2025-02-10,1745114.08480068,1808986.52240144,1743452.72412625,2551518.31150661,1970393.1630591506,1766011.55064845,2.2039215686274507
2025-02-11,1738903.8448006802,1790035.7324014402,1732647.25412625,2492040.20150661,1912836.8430591503,1759726.9106484503,2.196078431372549
2025-02-12,1719755.6048006797,1779754.3024014402,1716141.64412625,2494062.8415066097,1920022.4030591503,1740349.27064845,2.171895424836601
2025-02-13,1727000.8848006797,1792638.9224014399,1724814.0041262498,2517687.25150661,1943983.0330591507,1747681.35064845,2.1810457516339867
2025-02-16,1783410.5648006801,1842657.10240144,1779026.3841262502,2565427.46150661,1984193.3130591505,1804766.8306484502,2.2522875816993464
2025-02-17,1769437.5248006799,1831454.94240144,1767100.2141262502,2573094.18150661,1990755.1930591504,1790626.39064845,2.2346405228758166
2025-02-18,1764779.8448006802,1829443.5124014402,1763364.9241262502,2573939.88150661,1995603.1530591503,1785912.9106484503,2.2287581699346406
2025-02-19,1783410.5648006801,1842728.70240144,1780216.9541262502,2582328.2615066096,1997330.533059151,1804766.8306484502,2.2522875816993464
2025-02-20,1793760.9648006798,1865893.6924014399,1793098.38412625,2620605.8415066097,2036910.9330591506,1815241.2306484499,2.2653594771241825
2025-02-23,1799453.6848006803,1871976.60240144,1800275.0841262504,2647635.1815066095,2059706.6930591501,1821002.1506484502,2.272549019607843
2025-02-24,1801523.76480068,1873971.40240144,1800982.4141262502,2644979.76150661,2047124.6430591505,1823097.0306484501,2.2751633986928104
2025-02-25,1796348.5648006801,1862773.04240144,1795352.8341262501,2643891.6615066095,2036198.4030591506,1817859.8306484502,2.268627450980392
2025-02-26,1780305.4448006798,1848037.09240144,1781258.5841262501,2656537.9615066093,2039276.3030591505,1801624.5106484499,2.2483660130718954
2025-02-27,1779270.4048006802,1844422.2224014401,1780021.8741262504,2673149.0515066097,2035876.6830591508,1800577.0706484502,2.2470588235294118
2025-03-02,1787664.0447196302,1861389.2056686203,1790091.69392504,2695727.86647249,2062971.7247507803,1808951.9244079501,2.2450980392156863
2025-03-03,1801194.70471963,1873003.2656686204,1803445.51392504,2698614.3501179703,2076467.8287443803,1822644.04440795,2.262091503267974
2025-03-04,1809000.85471963,1880798.28566862,1811006.16392504,2699300.83788909,2082706.6625879207,1830543.3444079498,2.2718954248366012
2025-03-05,1795990.60471963,1867484.2056686198,1798154.39392504,2699315.12487989,2069564.0125879203,1817377.8444079498,2.2555555555555555
2025-03-06,1802755.93471963,1870422.32566862,1805466.22392504,2707155.3331502,2083274.2225879207,1824223.90440795,2.2640522875816993
2025-03-09,1806398.8047196302,1876051.5956686204,1809589.3039250402,2712659.17124944,2092689.3225879208,1827910.24440795,2.268627450980392
2025-03-10,1820970.2847196301,1894237.2456686203,1823842.3739250402,2714427.15934868,2105837.4525879207,1842655.60440795,2.2869281045751633
2025-03-11,1814725.36471963,1890930.8556686202,1818737.63392504,2695969.50934868,2111234.592587921,1836336.16440795,2.2790849673202613
2025-03-12,1805357.9847196299,1882167.1656686203,1812096.78392504,2750758.75934868,2130500.4925879203,1826857.0044079497,2.2673202614379084
2025-03-13,1812123.3147196302,1891698.9956686203,1820124.10392504,2805819.3393486794,2152099.8525879206,1833703.06440795,2.275816993464052
2025-03-16,1811602.9047196303,1892233.99566862,1821187.14392504,2809540.4893486807,2168888.7025879202,1833176.4444079502,2.2751633986928104
2025-03-17,1814204.95471963,1892433.2756686201,1822727.16392504,2797535.98934868,2160230.2025879202,1835809.54440795,2.2784313725490195
2025-03-18,1835021.35471963,1915969.63566862,1843280.83392504,2833871.60934868,2181106.7725879205,1856874.3444079498,2.3045751633986926
2025-03-19,1843868.32471963,1928321.88566862,1850105.0539250402,2791400.9993486796,2169000.4725879207,1865826.8844079499,2.3156862745098037
2025-03-20,1829296.84471963,1914502.65566862,1837152.17392504,2803980.46934868,2170134.9925879203,1851081.5244079498,2.2973856209150325
2025-03-23,1848031.60471963,1931210.19566862,1855001.6939250398,2803803.25934868,2181818.3825879204,1870039.8444079498,2.3209150326797383
2025-03-24,1866245.95471963,1940701.1756686203,1869637.27392504,2776944.32934868,2163316.2425879207,1888471.54440795,2.3437908496732023
2025-03-25,1870409.2347196299,1941512.2656686204,1871933.74392504,2751252.5893486803,2147566.0425879206,1892684.5044079497,2.349019607843137
2025-03-26,1853235.70471963,1927341.7156686203,1856105.14392504,2752010.41934868,2142716.2725879205,1875306.04440795,2.3274509803921566
2025-03-27,1852194.8847196302,1937758.9656686203,1858826.1939250403,2781038.97934868,2182911.4625879205,1874252.80440795,2.3261437908496734
2025-04-03,1878302.72402533,1961150.2434115,1884339.1079825202,2802335.5688093705,2205275.4165833406,1900553.06392775,2.3464052287581696
2025-04-06,1802964.80402533,1876520.0534115,1807690.7979825202,2686898.9140634895,2104712.8029980203,1824319.4639277502,2.2522875816993464
2025-04-07,1796686.6440253302,1864308.2334115,1801079.3079825204,2657357.0043476103,2093866.4860662504,1817966.6639277502,2.2444444444444445
2025-04-08,1786223.04402533,1870919.9234115002,1794873.8479825205,2678420.82271396,2128685.6594346007,1807378.6639277502,2.231372549019608
2025-04-09,1811858.8640253302,1867971.7834115,1811802.4879825204,2614002.4091125196,2062168.0594346002,1833319.2639277503,2.2633986928104575
2025-04-10,1779421.70402533,1855008.6634115002,1786683.87798252,2670099.8855110803,2105607.2994346004,1800496.46392775,2.2228758169934637
2025-04-13,1821276.1040253302,1900545.2034115002,1827842.5079825204,2714095.54371036,2145736.8494346007,1842848.4639277502,2.2751633986928104
2025-04-14,1842203.30402533,1925282.8634115001,1850987.0079825204,2752685.4837103602,2194037.0094346004,1864024.4639277502,2.3013071895424835
2025-04-15,1842203.30402533,1926623.8734115,1850996.2179825203,2778816.09371036,2194158.5794346007,1864024.4639277502,2.3013071895424835
2025-04-16,1847435.1040253302,1924306.8234115,1852815.0479825202,2741721.9737103605,2162597.199434601,1869318.4639277502,2.307843137254902
2025-04-17,1838541.04402533,1913110.5334115003,1845134.4979825204,2763237.11371036,2165794.6394346002,1860318.6639277502,2.2967320261437907
2025-04-22,1840110.5840253301,1913619.6434115004,1846322.9879825204,2751962.51371036,2163385.2294346006,1861906.8639277501,2.298692810457516
2025-04-23,1830693.3440253302,1925618.0634115,1842001.2879825204,2808365.433710361,2208668.1394346007,1852377.6639277502,2.2869281045751633
2025-04-27,1876733.18402533,1966536.4134115,1885200.67798252,2848010.6637103604,2230027.489434601,1898964.86392775,2.344444444444444
2025-04-28,1891905.40402533,1987645.9534115,1900670.88798252,2864144.21371036,2250656.089434601,1914317.46392775,2.363398692810457
2025-04-29,1903938.54402533,1999317.2034115002,1912030.0279825204,2877285.95371036,2257022.4194346005,1926493.6639277502,2.3784313725490196
2025-04-30,1905508.0840253301,1998347.2334115002,1912835.0379825204,2865874.16371036,2250390.9694346003,1928081.8639277501,2.380392156862745
2025-05-04,1941225.43915537,2034754.0032113001,1947598.9237396698,2901404.7088233097,2279764.54631825,1964103.9990577898,2.4124183006535946
2025-05-05,1946484.53915537,2036716.5932113002,1950806.56373967,2862915.9370456203,2263119.5798256705,1969425.2990577898,2.418954248366013
2025-05-06,1928603.5991553704,2024304.4832113003,1934619.3537396702,2848228.05392838,2261323.8959421306,1951332.8790577902,2.3967320261437908
2025-05-07,1932810.8791553702,2020297.6932113003,1935446.0237396702,2794249.61079413,2228889.7592154504,1955589.91905779,2.4019607843137254
2025-05-08,1906515.3791553702,2009473.4632113003,1913236.31373967,2780683.11729273,2243766.8816834404,1928983.41905779,2.369281045751634
2025-05-11,1902308.0991553704,1993594.1932113003,1905883.5137396702,2738519.6555420305,2204301.7844265406,1924726.3790577902,2.3640522875816994
2025-05-12,1881797.6091553702,1975604.5032113004,1887427.8037396702,2755130.08379133,2203457.2844265406,1903973.30905779,2.338562091503268
2025-05-13,1913352.2091553702,1999484.2332113003,1917301.4437396703,2766917.52379133,2221054.8144265404,1935901.1090577901,2.3777777777777778
2025-05-14,1897048.9991553703,1992799.5932113002,1903154.7237396701,2753595.09379133,2226136.094426541,1919405.0790577899,2.357516339869281
2025-05-15,1904937.6491553702,2001961.3132113004,1911156.84373967,2752073.88379133,2236397.164426541,1927387.0290577898,2.3673202614379085
2025-05-18,1911248.5691553704,2006620.4332113005,1916812.4437396703,2752073.88379133,2236397.164426541,1933772.58905779,2.3751633986928105
2025-05-19,1897048.9991553703,1983862.6132113002,1900775.4937396701,2696812.9937913297,2199882.0344265406,1919405.0790577899,2.357516339869281
2025-05-20,1895997.17915537,1993334.8132113,1902947.9337396699,2706870.0737913297,2234143.8644265407,1918340.8190577899,2.356209150326797
2025-05-21,1891789.8991553702,1997700.9032113,1903441.85373967,2712525.00379133,2281047.1144265407,1914083.7790577898,2.3509803921568624
2025-05-22,1850768.91915537,1975065.9432113003,1869840.61373967,2703821.3237913307,2315813.63442654,1872577.63905779,2.3
2025-05-25,1911248.5691553704,2025919.5332113004,1924885.6037396702,2705826.04379133,2325078.8344265404,1933772.58905779,2.3751633986928105
2025-05-26,1913352.2091553702,2024051.8232113002,1928313.1237396703,2735105.2737913295,2342109.704426541,1935901.1090577901,2.3777777777777778
2025-05-27,1907567.1991553702,2027581.6232113005,1925987.9937396701,2798812.6537913303,2373585.7544265403,1930047.6790577902,2.3705882352941177
2025-05-28,1938069.9791553703,2051149.7232113006,1952961.5037396702,2787596.9137913296,2369569.6944265408,1960911.21905779,2.4084967320261437
2025-05-29,1944380.8991553702,2055808.8432113002,1958617.10373967,2787596.9137913296,2369569.6944265408,1967296.7790577898,2.4163398692810456
2025-06-01,1966072.86718657,2105849.0552119403,1986583.25253002,2832934.6648576297,2462799.5436311504,1989125.58708899,2.430718954248366
2025-06-02,1953914.37718657,2112868.0152119403,1978712.05253002,2825878.48583205,2495122.1110021104,1976824.0370889902,2.4156862745098038
2025-06-03,1943870.4071865703,2102437.41521194,1970366.9725300202,2836547.96758877,2501787.2677098005,1966661.8870889903,2.403267973856209
2025-06-04,1945984.9271865701,2098647.8652119404,1971460.16253002,2864704.63162839,2492974.4676017608,1968801.2870889902,2.4058823529411764
2025-06-10,1964486.97718657,2119624.3052119403,1989562.6225300198,2767576.6875727703,2509764.837601761,1987521.03708899,2.4287581699346403
2025-06-11,1977174.09718657,2117326.1552119404,1999645.3825300199,2787735.61412139,2496506.9076017607,2000357.4370889901,2.444444444444444
2025-06-12,1978759.9871865702,2114057.37521194,2000076.47253002,2743072.3123957007,2486118.857601761,2001961.9870889902,2.4464052287581697
2025-06-15,1877791.6571865703,2021693.4952119403,1897766.64253002,2567149.9606950204,2355848.317601761,1899805.6370889903,2.3215686274509806
2025-06-16,1866161.79718657,2015891.4252119402,1890143.98253002,2577699.8206950203,2385610.3476017606,1888038.93708899,2.30718954248366
2025-06-17,1851360.1571865703,1998781.1852119404,1876742.9425300201,2533268.8706950205,2383787.1976017607,1873063.1370889903,2.288888888888889
2025-06-18,1848188.37718657,2001940.1952119402,1876376.14253002,2549494.36069502,2410203.747601761,1869854.0370889902,2.284967320261438
2025-06-19,1829157.6971865701,1986445.1152119404,1858522.7625300202,2497576.98069502,2401219.4976017606,1850599.4370889901,2.261437908496732
2025-06-22,1842373.4471865701,2015923.1852119402,1875805.6825300201,2566139.0306950207,2459727.2076017605,1863970.6870889901,2.2777777777777777
2025-06-23,1862990.0171865702,2040687.9852119405,1898335.5425300202,2585080.3206950203,2503741.9676017608,1884829.8370889903,2.303267973856209
2025-06-24,1892064.6671865701,2091739.6752119404,1932558.0425300198,2654693.01069502,2592218.7876017606,1914246.58708899,2.3392156862745095
2025-06-25,1959729.30718657,2167474.54521194,2001652.26253002,2686283.5406950205,2685529.5876017604,1982707.38708899,2.422875816993464
2025-06-29,1948099.4471865701,2155925.0352119403,1989389.0825300203,2706166.56069502,2665458.4576017605,1970940.6870889901,2.4084967320261437
2025-06-30,1994618.8871865699,2182246.4452119404,2026826.4625300197,2704655.06069502,2621687.5876017604,2018007.48708899,2.4660130718954245
2025-07-01,1984944.92523377,2172367.05006966,2017561.6277278601,2689675.3074816195,2614104.8748445204,2008102.95084849,2.441830065359477
2025-07-02,1976975.87523377,2176322.2800696604,2013428.54772786,2703580.7811651197,2645023.09504367,2000040.45084849,2.4320261437908495
2025-07-06,1983351.1152337699,2189744.67006966,2021746.57772786,2736612.2514122296,2672652.5691753305,2006490.45084849,2.4398692810457514
2025-07-07,1988663.8152337698,2188375.27006966,2024011.02772786,2774873.7342763804,2646644.7091753306,2011865.45084849,2.4464052287581697
2025-07-09,1996632.8652337699,2196621.56006966,2032557.6077278599,2822548.237473659,2661377.97917533,2019927.95084849,2.456209150326797
2025-07-10,2003539.37523377,2199143.6300696605,2038013.4577278602,2826792.2823716197,2654037.5091753304,2026915.45084849,2.4647058823529413
2025-07-13,2010977.1552337701,2210164.1100696605,2045994.8477278603,2805676.9389202404,2668558.0991753307,2034440.45084849,2.473856209150327
2025-07-14,1997695.4052337701,2207278.50006966,2036613.6877278602,2837330.16719455,2693829.97917533,2021002.95084849,2.457516339869281
2025-07-15,2037009.3852337701,2224684.2800696604,2070941.4877278602,2864484.7054938697,2687445.3591753305,2060777.9508484902,2.5058823529411764
2025-07-16,2049228.59523377,2219036.4400696605,2079271.9777278602,2873847.35549387,2661005.60917533,2073140.45084849,2.5209150326797385
2025-07-17,2022133.82523377,2196819.0500696604,2056542.7677278602,2887300.83549387,2675245.0491753304,2045727.9508484902,2.4875816993464053
2025-07-20,2042853.35523377,2220806.7400696604,2081636.1977278604,2906575.15549387,2745689.4791753306,2066690.4508484902,2.5130718954248366
2025-07-21,2085886.2252337697,2248811.23006966,2115734.91772786,2862563.4554938697,2702077.4591753306,2110227.95084849,2.5660130718954246
2025-07-22,2060385.26523377,2236923.3700696602,2094209.58772786,2820529.10549387,2714806.5791753307,2084427.95084849,2.534640522875817
2025-07-23,2042322.0852337698,2233519.31006966,2078895.62772786,2829752.1654938697,2722748.2977667702,2066152.9508484898,2.5124183006535947
2025-07-27,2059853.9952337702,2253678.0900696605,2096199.2277278602,2836396.03549387,2740729.52776677,2083890.4508484902,2.533986928104575
2025-07-28,2056135.10523377,2240451.4500696603,2090530.1277278604,2782187.02549387,2716251.577766771,2080127.9508484902,2.5294117647058822
2025-07-29,2058791.45523377,2242131.1100696605,2093766.57772786,2808309.4154938697,2725605.497766771,2082815.45084849,2.5326797385620914
2025-07-30,2057197.64523377,2250385.6600696603,2101566.23772786,2789382.2054938697,2823457.427766771,2081202.95084849,2.530718954248366
2025-07-31,2044447.1652337697,2254629.81006966,2096600.19772786,2839767.7054938697,2890253.6077667708,2068302.9508484898,2.5150326797385616
2025-08-03,2073514.88192142,2280844.9447413203,2126244.67843687,2845424.02949038,2928794.5177376405,2097594.7200721703,2.5385620915032683
2025-08-04,2076717.8019214198,2282781.55474132,2127958.0284368703,2869049.9412931195,2916961.2475125906,2100835.08007217,2.542483660130719
2025-08-05,2125295.42192142,2330811.3247413207,2170917.2284368705,2899222.2338321405,2915073.7843583403,2149980.5400721706,2.6019607843137256
2025-08-06,2134904.18192142,2342354.51474132,2174654.82843687,2894456.45712946,2864858.52259164,2159701.62007217,2.6137254901960785
2025-08-07,2148783.50192142,2351536.5947413202,2189424.2584368703,2915466.47217748,2890208.8306248607,2173743.18007217,2.630718954248366
2025-08-10,2171203.94192142,2372287.0047413204,2213385.1084368704,2952169.4572255,2932592.2980828504,2196425.7000721702,2.6581699346405228
2025-08-11,2187752.36192142,2385183.6147413203,2226617.89843687,2924952.3155498304,2917977.0380828506,2213167.56007217,2.6784313725490194
2025-08-12,2175474.50192142,2376333.57474132,2215898.59843687,2937667.95384915,2919475.7580828504,2200746.18007217,2.6633986928104574
2025-08-13,2180812.70192142,2375079.1747413203,2220683.34843687,2891712.8838491505,2920725.95808285,2206146.7800721703,2.6699346405228757
2025-08-14,2154121.70192142,2365102.44474132,2198694.9884368703,2891942.6838491503,2938106.68808285,2179143.7800721703,2.6372549019607843
2025-08-17,2155189.34192142,2372752.6947413203,2200345.36843687,2899267.51384915,2945031.61808285,2180223.90007217,2.6385620915032675
2025-08-18,2178677.42192142,2397760.3847413203,2228901.17843687,2908720.77384915,3026638.0280828495,2203986.5400721706,2.6673202614379083
2025-08-19,2169602.48192142,2406869.89474132,2221679.00843687,2915974.80384915,3034653.57808285,2194805.52007217,2.6562091503267973
2025-08-20,2186150.9019214204,2396430.7847413206,2233037.2684368705,2859691.25384915,3001240.41808285,2211547.3800721704,2.6764705882352944
2025-08-21,2164264.28192142,2371819.95474132,2210661.18843687,2860095.7138491496,2970038.7880828497,2189404.92007217,2.649673202614379
2025-08-24,2157324.6219214196,2369797.0047413204,2210391.2784368703,2857506.60384915,3031190.9680828503,2182384.14007217,2.641176470588235
2025-08-25,2189887.64192142,2394898.1347413203,2238309.3584368704,2839293.57384915,3021621.4680828503,2215327.8000721703,2.681045751633987
2025-08-26,2168534.84192142,2364075.39474132,2212419.25843687,2820995.8738491503,2949376.73808285,2193725.40007217,2.6549019607843136
2025-08-27,2164798.1019214196,2365538.33474132,2209177.09843687,2832174.2238491504,2949928.1280828505,2189944.98007217,2.650326797385621
2025-08-28,2160527.54192142,2375278.18474132,2206981.79843687,2856843.2438491504,2965411.9080828503,2185624.50007217,2.645098039215686
2025-08-31,2158926.08192142,2347413.6747413203,2196840.35843687,2791687.56384915,2876257.1580828503,2184004.32007217,2.6431372549019607
2025-09-01,2147484.16671732,2348141.2180164205,2189760.88346566,2818966.14015757,2905261.1625865507,2172312.80486807,2.6169934640522876
2025-09-02,2138367.23671732,2337336.4680164205,2180581.22346566,2811070.2220023302,2894200.309041151,2163089.7948680697,2.605882352941176
2025-09-03,2138367.23671732,2321918.43801642,2175380.73346566,2766908.58503355,2841554.88887509,2163089.7948680697,2.605882352941176
2025-09-07,2105117.25671732,2286326.3680164204,2143223.4034656603,2766126.2601235905,2813082.769109191,2129452.93486807,2.5653594771241828
2025-09-08,2095464.03671732,2279279.8480164204,2132422.26346566,2764121.5381437996,2789519.1890181606,2119687.39486807,2.55359477124183
2025-09-09,2104044.67671732,2295589.40801642,2143751.48346566,2749753.02459238,2828336.3990181605,2128367.87486807,2.564052287581699
2025-09-10,2091173.7167173203,2286708.8880164204,2133029.1334656603,2766119.25281667,2834659.499018161,2115347.15486807,2.5483660130718953
2025-09-11,2108334.9967173203,2305869.2480164203,2150645.5034656604,2782065.5528166704,2859247.4390181606,2132708.11486807,2.569281045751634
2025-09-14,2124423.69671732,2323035.44801642,2165871.95346566,2779992.592816671,2870146.3490181603,2148984.01486807,2.5888888888888886
2025-09-15,2134613.20671732,2331333.26801642,2173368.52346566,2741397.4628166705,2856254.1690181606,2159292.0848680697,2.6013071895424833
2025-09-16,2137830.94671732,2323512.5780164204,2171367.07346566,2711090.30281667,2807054.3790181605,2162547.26486807,2.6052287581699343
2025-09-17,2117988.21671732,2304668.2580164205,2154093.6934656603,2725871.5128166704,2809218.6490181605,2142473.65486807,2.581045751633987
2025-09-18,2126032.56671732,2314742.33801642,2163257.8134656604,2742798.3928166702,2828812.99901816,2150611.6048680698,2.5908496732026145
2025-09-21,2151774.48671732,2338436.94801642,2186581.50346566,2724605.5928166704,2835466.2690181606,2176653.0448680697,2.622222222222222
2025-09-22,2142657.5567173203,2336798.0480164206,2179023.2134656603,2741305.00281667,2839525.1790181603,2167430.03486807,2.611111111111111
2025-09-23,2140512.3967173197,2341199.00801642,2176176.60346566,2727719.15281667,2829067.3290181602,2165259.91486807,2.6084967320261434
2025-09-24,2180197.85671732,2373870.8880164204,2212398.4034656603,2750819.4328166703,2840377.6290181605,2205407.1348680696,2.656862745098039
2025-09-25,2185024.46671732,2384608.7180164205,2217899.6334656603,2741674.822816671,2853275.3090181607,2210289.90486807,2.6627450980392156
2025-09-28,2168399.4767173203,2374631.6980164205,2204291.62346566,2757226.3228166704,2864035.649018161,2193471.47486807,2.642483660130719
2025-09-29,2170008.34671732,2385882.16801642,2209979.72346566,2796272.472816671,2906479.4190181606,2195099.0648680697,2.6444444444444444
2025-09-30,2211302.67671732,2410990.13801642,2245888.53346566,2812133.9328166707,2900569.759018161,2236873.87486807,2.694771241830065
2025-10-01,2236866.3013221505,2428919.64715485,2268556.9092227705,2823515.1834738804,2900733.5810907604,2262618.4594729003,2.7137254901960786
2025-10-02,2243330.70132215,2440232.7171548503,2274701.63922277,2825656.4007648,2905313.30251047,2269157.7394729,2.7215686274509805
2025-10-05,2239021.1013221503,2445231.49715485,2275980.69922277,2862232.59716336,2955418.1425695,2264798.2194729,2.716339869281046
2025-10-06,2268110.90132215,2466452.4871548503,2302202.54922277,2846647.3735619206,2961715.2223034003,2294224.9794729,2.7516339869281046
2025-10-07,2271343.10132215,2469047.43715485,2306392.33922277,2873092.0017612,2974097.68198728,2297494.6194729,2.755555555555555
2025-10-08,2267572.2013221504,2470854.9371548505,2305558.62922277,2881568.2517612004,2999095.9434798807,2293680.0394729,2.7509803921568627
2025-10-09,2267572.2013221504,2470854.9371548505,2305558.62922277,2881568.2517612004,2999095.9434798807,2293680.0394729,2.7509803921568627
2025-10-12,2272959.20132215,2527434.7371548503,2328641.04922277,2905951.6217612,3185645.95347988,2299129.4394729,2.7575163398692806
2025-10-13,2262723.90132215,2531087.76715485,2319857.08922277,2932320.3317611995,3185484.873479881,2288775.5794729,2.7450980392156863
2025-10-14,2283733.20132215,2533549.81715485,2336241.19922277,2926744.9717612,3163930.1634798804,2310028.2394729,2.7705882352941176
2025-10-15,2288042.80132215,2542877.99715485,2342994.15922277,2913923.6817611996,3193676.41347988,2314387.7594729,2.775816993464052
2025-10-16,2299355.50132215,2551111.67715485,2352944.79922277,2913923.6817611996,3193676.41347988,2325831.4994729,2.7895424836601306
2025-10-19,2311206.90132215,2559737.43715485,2363369.27922277,2913923.6817611996,3193676.41347988,2337820.1794729,2.803921568627451
2025-10-20,2314977.80132215,2567576.0471548503,2370860.02922277,2995908.1117612,3233751.453479881,2341634.7594729,2.8084967320261436
2025-10-21,2318748.70132215,2564818.6071548504,2372549.95922277,2980170.4917611997,3217843.0734798806,2345449.3394728997,2.8130718954248364
2025-10-22,2302049.0013221498,2553373.0771548497,2360912.24922277,3000051.4017612,3248064.5234798803,2328556.1994728995,2.7928104575163397
2025-10-23,2301510.30132215,2552980.99715485,2360438.40922277,3000051.4017612,3248064.5234798803,2328011.2594729,2.792156862745098
2025-10-26,2321442.2013221504,2585725.67715485,2390209.2492227703,3087584.8617612,3368698.5034798803,2348174.0394729,2.816339869281046
2025-10-27,2333293.6013221503,2590213.1971548502,2396984.4792227703,3072054.1217612005,3332002.9934798805,2360162.7194729,2.830718954248366
2025-10-28,2335448.40132215,2596815.81715485,2399077.7892227704,3078157.5417612,3334241.53347988,2362342.4794729,2.8333333333333335
2025-10-29,2300432.90132215,2572658.80715485,2371537.8092227704,3125027.0717611997,3365741.4934798805,2326921.3794729,2.7908496732026142
2025-10-30,2340296.70132215,2596209.17715485,2405295.2492227703,3119946.5917611998,3353206.603479881,2367246.9394729,2.8392156862745095
2025-11-02,2352872.2081068503,2595787.55423648,2413231.32927461,3115464.7196402396,3320774.628764791,2379853.6462576003,2.842483660130719
2025-11-03,2341511.83810685,2601401.0242364802,2409258.2392746103,3169604.68017648,3378409.91899897,2368362.2362576,2.8287581699346407
2025-11-04,2374511.00810685,2629619.854236481,2440491.05927461,3198242.57572971,3401063.8316980703,2401742.0462576,2.868627450980392
2025-11-05,2424280.2481068503,2655835.97423648,2482931.0492746104,3198743.8989940197,3389590.37946519,2452085.3662576005,2.9287581699346403
2025-11-06,2424821.21810685,2667599.11423648,2483653.33927461,3206893.98786057,3393835.3734467905,2452632.5762576004,2.929411764705882
2025-11-09,2497852.1681068502,2755051.09423648,2559072.2392746103,3283736.93430915,3503003.452738511,2526505.9262576005,3.0176470588235293
2025-11-10,2480541.12810685,2727037.00423648,2541292.22927461,3261145.02253344,3479788.062738511,2508995.2062576003,2.996732026143791
2025-11-11,2500557.01810685,2734102.8242364805,2559084.81927461,3226431.4707827405,3485098.2925554407,2529241.9762576004,3.0209150326797385
2025-11-12,2474049.48810685,2756265.20423648,2553617.28927461,3225834.22078274,3665200.5725554405,2502428.6862576,2.9888888888888885
2025-11-13,2471344.63810685,2742783.36423648,2557924.5292746103,3221302.25078274,3734714.5825554403,2499692.6362576,2.98562091503268
2025-11-16,2495688.2881068503,2775629.3342364803,2580057.33927461,3270591.65078274,3741052.4925554404,2524317.0862576,3.015032679738562
2025-11-17,2553572.0781068504,2822636.65423648,2632324.36927461,3219727.17078274,3757195.70255544,2582868.5562576004,3.084967320261438
2025-11-18,2522195.8181068497,2778919.32423648,2594707.14927461,3173222.38078274,3657873.382555441,2551130.3762576003,3.0470588235294116
2025-11-19,2492442.46810685,2756793.3342364803,2572524.8492746097,3167491.1107827397,3698850.6525554406,2521033.8262576004,3.011111111111111
2025-11-20,2488114.7081068503,2749525.42423648,2572805.39927461,3127750.07078274,3742308.9725554404,2516656.1462576003,3.0058823529411764
2025-11-23,2516245.1481068498,2774161.5442364803,2600697.24927461,3133592.82078274,3775150.812555441,2545111.0662576,3.0398692810457515
2025-11-24,2490819.55810685,2728824.36423648,2572456.5092746103,3093182.22078274,3717930.7325554406,2519392.1962576,3.0091503267973856
2025-11-25,2483245.97810685,2723325.72423648,2565816.4492746103,3093182.22078274,3717930.7325554406,2511731.2562576,2.9999999999999996
2025-11-26,2483245.97810685,2706684.63423648,2551958.64927461,3041452.02078274,3580990.8925554403,2511731.2562576,2.9999999999999996
2025-11-27,2464312.0281068496,2717767.76423648,2544093.42927461,3083032.810782741,3667380.5625554407,2492578.9062576,2.9771241830065356
2025-11-30,2497852.1681068502,2757729.1442364804,2575526.6492746104,3178079.67078274,3684967.8425554405,2526505.9262576005,3.0176470588235293
2025-12-01,2512708.95567385,2763485.09070987,2587063.9431139096,3193785.2206985797,3669172.40175795,2541418.8182784,3.023529411764706
2025-12-02,2507277.75567385,2759551.09070987,2582316.74311391,3193785.2206985797,3669172.40175795,2535925.1182784,3.016993464052287
2025-12-03,2538778.71567385,2781363.7107098703,2611007.17311391,3215477.0177794397,3680050.704221011,2567788.5782784,3.0549019607843135
2025-12-04,2562675.99567385,2798673.3107098704,2631894.8531139097,3215477.0177794397,3680050.704221011,2591960.8582784003,3.083660130718954
2025-12-07,2582228.31567385,2825122.72070987,2649585.2931139097,3230581.0796191907,3682401.7528804904,2611738.1782784,3.1071895424836597
2025-12-08,2564848.47567385,2812533.9207098703,2634394.2531139096,3230581.0796191907,3682401.7528804904,2594158.3382784002,3.0862745098039213
2025-12-09,2577340.2356738504,2816617.20070987,2647109.1431139098,3244296.68120383,3699932.2670121505,2606793.8482784005,3.1013071895424837
2025-12-10,2579512.71567385,2821257.3307098704,2648126.1631139102,3266051.8855225598,3690635.5307436506,2608991.3282784,3.103921568627451
2025-12-11,2595263.19567385,2828353.24070987,2659401.57311391,3271877.088919921,3666384.59074365,2624923.0582784,3.122875816993464
2025-12-14,2613186.15567385,2840180.70070987,2673236.91311391,3319408.8038929105,3648460.4107436505,2643052.2682784,3.1444444444444444
2025-12-15,2621332.95567385,2844964.6107098702,2679079.4731139094,3350347.150441529,3633935.33074365,2651292.8182784,3.154248366013072
2025-12-16,2611013.67567385,2837724.3307098704,2667489.57311391,3326766.72871584,3608996.66074365,2640854.7882784,3.141830065359477
2025-12-17,2580055.83567385,2810323.07070987,2644238.59311391,3321887.5987158404,3649345.7807436506,2609540.6982784,3.104575163398693
2025-12-18,2576253.99567385,2794557.1507098703,2636356.53311391,3325120.10871584,3605683.390743651,2605695.1082784003,3.0999999999999996
2025-12-21,2526286.95567385,2757595.95070987,2594176.6531139095,3366741.3187158396,3619513.4007436507,2555153.0682784,3.0398692810457515
2025-12-22,2562132.87567385,2774059.16070987,2627913.32311391,3370549.89871584,3644225.4407436503,2591411.4882784,3.0830065359477126
2025-12-23,2550184.2356738504,2763580.49070987,2622257.2131139096,3364127.30871584,3692595.740743651,2579325.3482784005,3.0686274509803924
2025-12-24,2559960.39567385,2772818.6007098705,2631654.17311391,3363201.09871584,3701351.620743651,2589214.0082784,3.0803921568627453
2025-12-25,2561589.75567385,2771266.70070987,2633096.07311391,3356076.63871584,3700538.3007436506,2590862.1182784,3.0823529411764703
2025-12-28,2561046.63567385,2778792.9807098703,2644097.3131139097,3386761.40871584,3814813.31074365,2590312.7482784,3.0816993464052285
2025-12-29,2572452.15567385,2797076.3607098702,2658609.93311391,3391610.0787158404,3860894.580743651,2601849.5182784,3.095424836601307
2025-12-30,2574624.63567385,2799025.59070987,2657663.16311391,3391155.66871584,3832846.820743651,2604046.9982784,3.098039215686274
2025-12-31,2589288.87567385,2812085.62070987,2681267.90311391,3453417.7887158403,3940306.7907436513,2618879.9882784,3.115686274509804
2026-01-04,2570295.74549785,2791920.6720328107,2672290.19099407,3453468.6259556497,3968263.151309261,2599559.5282944,3.0810457516339866
2026-01-05,2539217.06549785,2769496.8720328105,2645231.15099407,3453468.6259556497,3968263.151309261,2568126.8782944,3.0437908496732025
2026-01-06,2561571.90549785,2786573.8320328104,2663951.79099407,3544654.8524222504,4011386.641309261,2590736.3282943997,3.0705882352941174
2026-01-08,2579564.82549785,2807783.32203281,2683628.16099407,3491742.1298592305,3972990.931309261,2608934.1782944,3.092156862745098
2026-01-11,2611733.98549785,2847766.74203281,2722233.1609940697,3574165.21292346,4052345.061309261,2641469.7282944,3.130718954248366
2026-01-12,2649355.54549785,2861333.7520328104,2747470.77099407,3535449.1995221004,3995869.151309261,2679519.7782944003,3.1758169934640526
2026-01-13,2707150.98549785,2893087.45203281,2793853.69099407,3503591.1361207403,3968764.611309261,2737973.4782944,3.245098039215686
2026-01-14,2656988.90549785,2838453.4420328103,2740955.92099407,3439088.4144450705,3873669.091309261,2687240.0782943997,3.1849673202614377
2026-01-15,2692429.50549785,2855595.8320328104,2768611.18099407,3401686.8644450703,3827988.331309261,2723084.3282944,3.227450980392157
2026-01-18,2733867.74549785,2901408.5620328104,2814599.92099407,3509647.4944450706,3931748.131309261,2764994.5282944,3.277124183006536
2026-01-19,2768763.10549785,2968442.5820328104,2865179.54099407,3606736.7944450695,4093478.631309261,2800287.3282944,3.318954248366013
2026-01-20,2855456.26549785,3057586.29203281,2956460.9309940697,3632994.5144450697,4140767.6013092613,2887967.8782944,3.422875816993464
2026-01-21,2818925.18549785,3044215.6520328103,2926330.5409940695,3611053.9744450706,4153799.211309261,2851020.7282944,3.3790849673202614
2026-01-22,2895258.78549785,3090504.09203281,2986983.3609940703,3622182.7244450706,4136946.641309261,2928223.7282944,3.4705882352941178
2026-01-25,2925792.2254978498,3104502.4720328096,3008677.35099407,3681740.96444507,4126548.591309261,2959104.9282943998,3.5071895424836597
2026-01-26,2945420.86549785,3145494.7720328104,3037291.73099407,3748035.38444507,4198057.361309262,2978957.1282944004,3.530718954248366
2026-01-27,3045199.78549785,3205236.93203281,3119381.15099407,3753809.22444507,4165845.9013092606,3079872.4782944,3.650326797385621
2026-01-28,2951418.50549785,3122147.49203281,3029350.01099407,3725032.76444507,4091823.241309261,2985023.0782944,3.537908496732026
2026-02-01,2954075.09954745,3132932.2561892406,3036175.1968302103,3781032.6632224503,4130934.3202227214,2987598.942344,3.5294117647058822
2026-02-02,2935475.7395474496,3115785.3961892407,3016653.89683021,3787832.2741638594,4114090.084688521,2968788.442344,3.5071895424836597
2026-02-03,3053636.3795474498,3246966.7561892406,3139044.83683021,3880835.9566038502,4254342.061271161,3088290.442344,3.6483660130718953
2026-02-04,3080441.33954745,3265648.936189241,3162596.01683021,3924631.5514648003,4278196.504377411,3115399.692344,3.680392156862745
2026-02-05,3078253.17954745,3273001.3561892407,3162329.2168302103,3847535.2637327104,4260636.947858811,3113186.692344,3.6777777777777776
2026-02-08,3120375.25954745,3342371.79618924,3215862.1368302098,3853456.41848061,4372808.540339812,3155786.942344,3.7281045751633983
2026-02-09,3142803.8995474502,3372222.6961892406,3247533.7168302103,3884795.403153479,4438104.790339811,3178470.192344,3.7549019607843137
2026-02-10,3153744.69954745,3391939.0761892404,3262826.65683021,3869619.8296020594,4449736.400339811,3189535.192344,3.7679738562091503
2026-02-11,3111075.57954745,3353841.77618924,3221991.45683021,3849005.8178263498,4399288.180339811,3146381.692344,3.7169934640522873
2026-02-12,3137333.49954745,3377590.0561892404,3246481.57683021,3854482.6678263503,4428294.200339811,3172937.692344,3.7483660130718954
2026-02-15,3187661.17954745,3527742.7161892406,3351434.34683021,3938816.4078263505,4685311.110339811,3223836.692344,3.808496732026144
2026-02-16,3239082.93954745,3505486.956189241,3356273.32683021,3878430.657826351,4540716.000339811,3275842.192344,3.869934640522876
2026-02-17,3175626.2995474497,3458900.3761892403,3300620.01683021,3935673.007826351,4588024.560339811,3211665.192344,3.7941176470588234
2026-02-18,3244006.2995474497,3519864.13618924,3370193.42683021,4041836.03782635,4658814.270339811,3280821.442344,3.875816993464052
2026-02-19,3151556.53954745,3408841.67618924,3273298.5968302097,3920952.4278263506,4503180.040339812,3187322.192344,3.765359477124183
2026-02-22,3094117.33954745,3335143.2961892406,3215563.05683021,3834661.7478263495,4416932.160339811,3129230.942344,3.696732026143791
2026-02-23,3118187.09954745,3371667.4561892403,3243526.83683021,3947916.79782635,4505698.800339811,3153573.942344,3.725490196078431
2026-02-24,3138427.57954745,3392632.63618924,3268459.7368302103,3921051.21782635,4511139.540339811,3174044.192344,3.7496732026143786
2026-02-25,2995650.13954745,3254681.6561892405,3122859.91683021,3862361.1378263505,4360607.830339811,3029645.942344,3.579084967320261
2026-02-26,3041054.4595474503,3314763.1161892405,3174787.0568302106,3891861.88782635,4439679.710339812,3075565.692344,3.6333333333333333
2026-03-01,2985968.55757465,3247857.8020664304,3112192.6323152,3821602.99871358,4327499.178981191,3019740.8003712003,3.5555555555555554
2026-03-02,2971148.79757465,3240754.7020664304,3105585.7323152004,3818596.73970901,4383744.220045631,3004753.3703712,3.537908496732026
2026-03-03,2918456.31757465,3183455.3520664303,3049710.7523152,3847883.4264007,4314626.465777931,2951464.7303712005,3.4751633986928105
2026-03-04,2908027.59757465,3187147.81206643,3047934.2923151995,3877217.79101155,4398071.042410592,2940918.0203712,3.4627450980392154
2026-03-05,2967306.6375746503,3234007.5020664306,3099195.1823152,3893631.92555537,4416548.838167901,3000867.7403712003,3.533333333333333
2026-03-08,2919005.19757465,3177959.00206643,3052012.9823152,3984249.61030327,4419759.752649702,2952019.8203712003,3.475816993464052
2026-03-09,2898696.6375746503,3138569.242066431,3017859.0623152,3903804.88680187,4305834.542649701,2931481.4903712003,3.4516339869281047
2026-03-10,2972246.55757465,3209201.242066431,3088295.9923152,3966179.4450511695,4357199.332649701,3005863.5503712003,3.5392156862745097
2026-03-11,2969502.1575746504,3206833.4720664304,3091997.1923152,4023139.1632754602,4405302.622649701,3003088.1003712,3.5359477124183005
2026-03-12,2939862.6375746503,3181515.3620664305,3065924.3523152,4025385.3832754605,4410314.152649702,2973113.2403712003,3.500653594771242
2026-03-15,2883876.87757465,3117957.69206643,3006024.4723151997,3942651.2132754605,4322926.592649701,2916494.0603712,3.433986928104575
2026-03-16,2811973.59757465,3041813.40206643,2934397.6123152,3869924.67327546,4227048.102649702,2843777.2703712,3.348366013071895
2026-03-17,2863568.31757465,3095730.9720664304,2984827.7123152,3954265.26327546,4314106.722649702,2895955.7303712005,3.4098039215686273
2026-03-18,2928336.1575746504,3164238.9320664303,3049108.5823152,3983944.85327546,4373336.102649702,2961456.3503712,3.4869281045751634
2026-03-24,2930531.67757465,3146755.78206643,3041306.4223152,3968498.4332754603,4292460.932649701,2963676.7103712005,3.4895424836601308
2026-03-25,2953035.75757465,3175173.19206643,3062608.0323151997,3924935.8532754607,4301828.762649701,2986435.4003712,3.5163398692810452
2026-03-26,2934373.83757465,3170140.9620664306,3046193.6023152005,3887315.3532754607,4303779.022649702,2967562.3403712003,3.4941176470588236
2026-03-29,2877839.19757465,3121813.6820664303,2994539.5723151998,3903527.9532754603,4307915.862649702,2910388.0703712003,3.426797385620915
2026-03-30,2826244.47757465,3059729.0720664305,2936666.3923152,3846106.9632754596,4215590.212649702,2858209.6103712004,3.365359477124183
2026-03-31,2835026.55757465,3085188.4320664303,2946577.5523152,3848694.3232754604,4267223.152649702,2867091.0503712003,3.375816993464052
2026-04-01,2890148.10763865,3174183.45260239,3017163.96565733,3944400.22728894,4419752.053066791,2922722.41100845,3.429411764705882
2026-04-02,2905570.50763865,3182186.66260239,3031514.3856573305,3913936.84549525,4408269.383631031,2938318.9710084503,3.4477124183006533
2026-04-05,2940821.70763865,3248962.88260239,3082603.8256573305,3995744.7951381197,4569667.089663451,2973968.2510084505,3.4895424836601308
