date,open,high,low,close,volume,selected_count,cash_weight
2015-01-15,100.0,101.8308649423532,97.41737608985524,99.79920151347123,83335399.0,10,0.0
2015-01-18,99.79920151347123,101.20872027773173,97.29581774510156,99.36266233095863,39874807.0,10,0.0
2015-01-19,99.36266233095863,101.87277864339694,97.38528616385645,99.69633254644015,58126875.0,10,0.0
2015-01-20,99.69633254644015,103.45098041105294,98.70246139637977,101.90661011028122,94932301.0,10,0.0
2015-01-21,101.90661011028122,103.11690733159016,99.18459554983782,101.35819083142724,100310978.0,10,0.0
2015-01-22,101.57819083142724,103.30921215777357,99.38287852125193,101.50836599335074,102185909.0,10,0.0
2015-01-26,101.50836599335074,102.94202992795593,99.60553101396566,101.10327250190343,59564010.0,10,0.0
2015-01-27,93.31459010474327,95.91187054147635,92.09202855962643,94.39213180611355,64025822.0,10,0.0
2015-01-28,94.39213180611355,95.82189903928958,92.72968892117571,94.27062607654788,60508194.0,10,0.0
2015-01-29,94.27062607654788,95.15576115587538,92.4433480619092,93.83087003754176,48440074.0,10,0.0
2015-02-01,93.83087003754176,94.37469356259533,91.245740730971,93.08813833934396,40587838.0,10,0.0
2015-02-02,93.08813833934396,94.31878829757882,91.90371426019354,93.3676270958348,53944098.0,10,0.0
2015-02-03,93.5276270958348,95.55894733967565,92.34789776772635,94.23477442994009,96643498.0,10,0.0
2015-02-04,94.23477442994009,96.77095654639285,92.94670088227213,95.37475983794124,65498046.0,10,0.0
2015-02-05,95.37475983794124,96.02148487053655,93.70102760883195,94.59902346645895,57755178.0,10,0.0
2015-02-08,94.59902346645895,96.04046722000007,92.98994191412928,94.19846264567437,35199878.0,10,0.0
2015-02-09,94.19846264567437,94.52552511899282,92.26304657933827,93.55301340276115,46269292.0,10,0.0
2015-02-10,93.55301340276115,94.33785942511874,91.60963394438653,93.24224132555989,81097080.0,10,0.0
2015-02-11,93.24224132555989,93.87619311575367,90.28254605286976,91.39759034734857,51034250.0,10,0.0
2015-02-12,91.39759034734857,92.9805371833076,90.13452276449729,91.88064620381469,50226534.0,10,0.0
2015-02-15,91.88064620381469,93.20597225636324,90.97005143376222,92.44956578004194,25683676.0,10,0.0
2015-02-16,92.44956578004194,92.72505067182549,88.98188527297518,90.6289683329242,51244181.0,10,0.0
2015-02-17,90.6289683329242,91.42463071070694,87.19276066465618,89.15090586124705,84697437.0,10,0.0
2015-02-18,89.15090586124705,91.2721190032422,88.26351942539732,90.34091074331431,54811918.0,10,0.0
2015-02-19,90.34091074331431,91.10464840702335,87.8991152457971,89.6772079160526,51675960.0,10,0.0
2015-02-22,89.6772079160526,90.57909597845638,88.74157481111844,89.7441297130577,23607133.0,10,0.0
2015-02-23,89.7441297130577,92.35015714202639,88.9841165806468,90.78530684043426,82054428.0,10,0.0
2015-02-24,90.78530684043426,91.27637727600012,89.53075457286221,90.50589629204862,41537575.0,10,0.0
2015-02-25,90.50589629204862,90.69437025678559,88.60931869651229,89.52932642568886,42507049.0,10,0.0
2015-02-26,89.52932642568886,89.89132685256178,87.44644740706597,88.4194247386022,56462612.0,10,0.0
2015-03-01,88.4194247386022,89.65821165768976,87.13132914821409,88.26201589754541,34204711.0,10,0.0
2015-03-02,88.26201589754541,90.12689239744563,87.9515070263632,89.26592047738657,37979152.0,10,0.0
2015-03-03,89.26592047738657,90.58035252848327,88.4086455581647,89.76583386594142,42400376.0,10,0.0
2015-03-04,89.76583386594142,90.58532398925857,88.85750760649739,89.7967164591542,31501763.0,10,0.0
2015-03-05,89.7967164591542,91.47307460960917,89.53849084493515,90.76133408922779,37210895.0,10,0.0
2015-03-08,90.76133408922779,92.05036019979813,90.2238739894787,91.15686232184024,39267586.0,10,0.0
2015-03-09,91.15686232184024,92.40926236923328,90.3289680309196,91.48886659538711,48365858.0,10,0.0
2015-03-10,91.48886659538711,92.64545100800937,89.88544980838194,91.20129411503794,51985605.0,10,0.0
2015-03-11,91.20129411503794,91.73926698868934,88.28160978075739,90.26241429457812,43302330.0,10,0.0
2015-03-12,90.26241429457812,91.59023065730946,89.53685458172984,90.60244697204496,40987046.0,10,0.0
2015-03-15,91.01061023735107,92.6629427642364,90.2037129577845,91.36448690859875,59357584.0,10,0.0
2015-03-16,91.36448690859875,91.4143164888271,88.39251853623065,89.65928210224389,43677762.0,10,0.0
2015-03-17,89.65928210224389,90.53227596441212,88.28197826521354,89.36225396502783,48499310.0,10,0.0
2015-03-18,89.36225396502783,89.45692852124084,86.88821929379367,88.17382540695847,41683716.0,10,0.0
2015-03-19,88.17382540695847,89.87548947323093,87.00257363981505,88.63800369237993,66815166.0,10,0.0
2015-03-22,88.63800369237993,88.78864834335877,85.05221571645743,86.68700504519326,33722100.0,10,0.0
2015-03-23,86.68700504519326,87.98477804718846,85.19561048099978,86.77562465728114,38504803.0,10,0.0
2015-03-24,86.77562465728114,88.36732207539967,85.60740203653361,87.01717950868421,44584017.0,10,0.0
2015-03-25,87.01717950868421,87.80665319289473,84.5651493425166,86.2005489204645,61701730.0,10,0.0
2015-03-26,86.2005489204645,86.45066560158249,82.89561167116058,84.85146251644753,54219469.0,10,0.0
2015-03-30,84.82239468097671,86.08354640256827,83.92083457971515,84.91572828070302,43183125.0,10,0.0
2015-03-31,84.91572828070302,86.22149375756642,83.63614400313317,85.01625284658749,41338070.0,10,0.0
2015-04-01,85.01625284658749,85.74163971945552,83.34140703077428,84.54126534326053,33055621.0,10,0.0
2015-04-02,84.54126534326053,85.29823831292882,81.73913043522127,83.67707992557787,51586324.0,10,0.0
2015-04-05,83.67707992557787,83.76360329232101,79.4688670251681,80.61067941881882,58094889.0,10,0.0
2015-04-06,80.61067941881882,81.88287832182685,78.04945086476427,79.94609189818034,77417650.0,10,0.0
2015-04-07,79.94609189818034,82.35875259994788,79.88501839376225,81.28895731515,62445840.0,10,0.0
2015-04-08,81.28895731515,83.23442133683793,78.95785188413194,81.80356203460967,86772743.0,10,0.0
2015-04-09,81.80356203460967,83.74763296392133,81.5149870263121,82.90288665828349,42277397.0,10,0.0
2015-04-14,82.90288665828349,83.97734325650556,81.61555281454099,82.70307414824168,68288306.0,10,0.0
2015-04-15,82.70307414824168,83.33576646202691,80.98785320004514,82.25458408954808,50159082.0,10,0.0
2015-04-16,82.25458408954808,82.69743917269088,81.19578564523293,82.1464598460796,55272010.0,10,0.0
2015-04-19,82.1464598460796,83.22560554270876,79.78005719689729,81.5944630874435,68354281.0,10,0.0
2015-04-20,80.2679324751986,80.39862658665407,77.59469436910119,78.75467227458395,56150072.0,10,0.0
2015-04-22,78.40717210784757,79.64104121208064,77.27007239313306,78.41567084782908,45726981.0,10,0.0
2015-04-23,78.57725733332302,80.01793543987125,77.9297087966131,79.11316693066304,43253453.0,10,0.0
2015-04-26,79.11316693066304,79.81856819165272,77.66245561679678,78.50509681987423,42519164.0,10,0.0
2015-04-27,78.50509681987423,79.24580750963841,75.76291840656363,77.15743559614029,78307638.0,10,0.0
2015-04-28,77.15743559614029,77.53125978218152,74.82641573935405,75.84037505990449,64831462.0,10,0.0
2015-04-29,75.84037505990449,78.90982091538612,75.35708883841907,77.28981933549082,82371826.0,10,0.0
2015-04-30,77.42139828285922,79.86234375688451,76.84851312432205,78.88799079869248,95573935.0,10,0.0
2015-05-03,78.88799079869248,79.14142561107664,77.06914168468867,77.97956585328689,53201312.0,10,0.0
2015-05-04,77.97956585328689,79.50194570504459,76.90882678839122,78.43610183389875,55502560.0,10,0.0
2015-05-05,78.43610183389875,80.78966410695713,78.37797676671447,80.22087710279642,66435181.0,10,0.0
2015-05-07,79.6480428397772,80.76283449488014,77.96466047294756,79.56853462628297,45830577.0,10,0.0
2015-05-11,78.60112764358165,79.42875070373645,77.24086327545109,78.3550066395141,49146881.0,10,0.0
2015-05-12,78.3550066395141,78.62703061102245,77.06764106263392,77.83800862246333,40515688.0,10,0.0
2015-05-13,77.83800862246333,78.56725069815703,75.41451518464461,76.80297418242343,54793894.0,10,0.0
2015-05-14,76.80297418242343,77.4954509083425,72.98083094644687,74.71893273007446,74735227.0,10,0.0
2015-05-17,74.71893273007446,75.76210037076076,72.60629794012716,74.1464326816043,67599888.0,10,0.0
2015-05-18,74.1464326816043,79.21682553623391,74.1464326816043,78.35634452658317,73343036.0,10,0.0
2015-05-19,78.89634452658318,81.68402117286796,77.98929168738458,79.96845541676855,125084534.0,10,0.0
2015-05-20,79.96845541676855,80.2220165170523,78.51861280202634,79.38144632789381,83714517.0,10,0.0
2015-05-21,79.38144632789381,81.89763815189004,79.35186052907724,80.77113066180586,111811152.0,10,0.0
2015-05-24,80.77113066180586,82.80491980735057,80.50224627801384,81.77571998156397,87217141.0,10,0.0
2015-05-25,81.77571998156397,82.97758841895995,80.48676924253154,81.65749907015561,73317439.0,10,0.0
2015-05-27,81.99685612342368,83.08916302307588,80.87824457384112,81.98918941874261,83445007.0,10,0.0
2015-05-28,81.98918941874261,82.41011378374408,80.37918941194138,81.3817251443087,65214459.0,10,0.0
2015-06-01,80.4384425922224,81.43214072893073,79.41747115322235,80.19488274751208,57088338.0,10,0.0
2015-06-02,80.19488274751208,81.41158504033635,79.55757988076645,80.75740276980949,56676275.0,10,0.0
2015-06-03,80.75740276980949,81.7352949985528,79.77148070515273,80.9559736318213,44030110.0,10,0.0
2015-06-04,80.9559736318213,81.22078500528606,79.34299351875949,80.09358243488226,40934743.0,10,0.0
2015-06-08,79.41304552150147,79.91945561692486,77.5705806672164,78.89786113156322,43258944.0,10,0.0
2015-06-09,78.89786113156322,79.52912786172008,77.1922494304078,78.43541154335153,45744238.0,10,0.0
2015-06-11,78.1907487777496,78.73815883965737,76.95989135312729,77.55764333267257,35137411.0,10,0.0
2015-06-15,77.00150284867162,77.54322012922344,76.04904397240183,76.64808938037845,50723952.0,10,0.0
2015-06-16,76.74357230362487,78.50238439815936,76.3659709972839,77.74391192017475,40655009.0,10,0.0
2015-06-17,77.74391192017475,78.35055449915568,76.8848694765345,77.80469763261205,41831116.0,10,0.0
2015-06-21,78.03016816956504,78.27049306504841,77.11093667338378,77.54363910022361,21569619.0,10,0.0
2015-06-23,77.16992472387152,77.37041725367219,75.71557055021982,76.62312098550873,34694630.0,10,0.0
2015-06-24,76.62312098550873,77.7766092657141,75.60601583683328,76.85875013029457,38287736.0,10,0.0
2015-06-25,76.85875013029457,77.9222886823449,74.90879016402074,76.87385216962721,67620117.0,10,0.0
2015-06-29,77.80076388653019,78.25258168536011,75.69616503510258,76.97392687292005,72074751.0,10,0.0
2015-07-02,76.84234792555162,77.46616020849373,75.20381180174806,76.38386152011903,70383565.0,10,0.0
2015-07-05,76.38386152011903,77.42651807935019,74.13164504082982,75.90396219964613,70132756.0,10,0.0
2015-07-06,75.90396219964613,76.07940079613738,71.70682895615562,73.49131266096309,46283163.0,10,0.0
2015-07-07,73.49131266096309,74.19592769374799,70.85494091291626,72.32165619619715,39890900.0,10,0.0
2015-07-08,72.32165619619715,72.78192778535659,69.87296434050448,71.28531396992734,51211310.0,10,0.0
2015-07-09,71.28531396992734,72.52401694761093,69.9370079714733,71.19894563992221,46541705.0,10,0.0
2015-07-12,71.19894563992221,72.44676553863542,70.34395687303373,71.39515124409684,33736933.0,10,0.0
2015-07-14,70.3379646564832,71.81160156971946,70.10150705208711,71.32638678183497,45477178.0,10,0.0
2015-07-15,71.32638678183497,73.57888856848277,71.12762621123704,72.6063024747923,76388433.0,10,0.0
2015-07-16,72.6063024747923,74.96531121495333,71.79187784410571,73.8734001314585,80126140.0,10,0.0
2015-07-22,73.88970226466867,74.46668983419389,72.78018154582095,73.88226721490028,60053990.0,10,0.0
2015-07-28,72.08060006651364,73.42095831271497,70.78371922092333,72.20780682378076,65037507.0,10,0.0
2015-07-30,73.99475682102991,76.06541613250019,73.40063132366078,75.14942846429993,107853427.0,10,0.0
2015-08-03,74.54042117021154,74.92627352277911,72.65029423009874,74.00542245144884,62263539.0,10,0.0
2015-08-04,74.00542245144884,75.43635427492636,73.3834478689098,74.66777816174665,76485734.0,10,0.0
2015-08-05,74.66777816174665,75.36776204464216,73.38572549242805,74.22988617816124,68629368.0,10,0.0
2015-08-10,72.98183147402311,73.95040618336813,71.95309991371361,73.19842882777887,49441011.0,10,0.0
2015-08-12,73.66074402192446,73.67118461495014,71.65265296236234,72.36789510626849,52369985.0,10,0.0
2015-08-17,70.11453681491145,71.00571640047988,68.31334292472403,69.73265923740534,71840633.0,10,0.0
2015-08-19,68.29477408045767,68.86199159251629,66.14596092254484,67.13833642250304,89130724.0,10,0.0
2015-08-20,67.13833642250304,67.66358051589047,65.62996187028472,66.95135733301035,94645706.0,10,0.0
2015-08-24,64.01996435421354,64.61956170500991,61.218682247445635,62.3859280224778,79460035.0,10,0.0
2015-08-25,62.3859280224778,64.68168876525769,61.76409536669729,63.38862174988093,82561273.0,10,0.0
2015-08-27,63.497316584828134,66.18770553997024,63.43314034761786,65.24125277655057,76759299.0,10,0.0
2015-08-30,65.24125277655057,65.86345721417544,63.7058117955456,65.04172139301676,59347546.0,10,0.0
2015-08-31,65.04172139301676,67.65424921476144,63.79196638971379,66.33810995292005,110267777.0,10,0.0
2015-09-01,66.33810995292005,67.24323972503949,65.07703421954338,66.05785419998854,78346113.0,10,0.0
2015-09-03,65.75956659131441,67.12910972039722,65.27248829308053,66.36354067878563,67452153.0,10,0.0
2015-09-09,63.24063937156631,64.69130971826432,63.17589853639214,64.24813445024938,57431365.0,10,0.0
2015-09-10,64.24813445024938,64.6638158230936,63.33485664955485,63.82412360834488,60077298.0,10,0.0
2015-09-14,64.21686187860523,65.24845710369799,63.50275886752249,64.77711015090001,66109236.0,10,0.0
2015-09-17,65.53855083836082,66.08976712015104,63.912662329383785,65.22192366136763,88596765.0,10,0.0
2015-09-21,65.14269144297549,66.54200819989742,64.34823002427324,65.82312992843366,34859297.0,10,0.0
2015-09-29,66.39915536942914,66.50466557351076,65.19910995641847,65.69214325006465,68592023.0,10,0.0
2015-09-30,65.69214325006465,66.53596807786617,64.87980737893591,66.03922695390139,69578740.0,10,0.0
2015-10-04,65.62949882541685,66.01049527544178,64.32805507124336,65.14494000364218,23573234.0,10,0.0
2015-10-08,66.31496859419342,68.2717967795886,65.63588017876289,67.42501957672398,155981267.0,10,0.0
2015-10-12,68.00386859470933,69.42887922415049,67.61894832786976,68.43309573027531,153321327.0,10,0.0
2015-10-18,68.19629495691281,68.47007015469386,67.09138583688443,67.91193791767336,57691636.0,10,0.0
2015-10-19,67.91193791767336,69.24217285312892,67.59087483146172,68.48868437401661,94217455.0,10,0.0
2015-10-20,68.78868437401661,69.66899981687537,68.14666944612729,68.85303337037112,118704815.0,10,0.0
2015-10-29,68.35002433858054,69.2978046468605,68.03126675443505,68.77511998613312,79243160.0,10,0.0
2015-11-01,68.90669893350153,69.24825639557123,67.17261513740692,68.01025033769218,88892499.0,10,0.0
2015-11-08,69.20620260647165,69.26916445234707,66.91144777619152,67.7945865161061,68220696.0,10,0.0
2015-11-09,67.7945865161061,67.9552828326125,65.36516225338494,66.5720999620991,75851601.0,10,0.0
2015-11-10,66.5720999620991,66.65209996209909,63.682729201884825,64.84278120243728,82471631.0,10,0.0
2015-11-11,64.84278120243728,65.63832352967086,63.473037636029495,64.6894177469912,101017986.0,10,0.0
2015-11-16,62.70858503913518,63.33465612199129,60.990235455857764,62.597786603964444,98107446.0,10,0.0
2015-11-17,62.597786603964444,63.47494696818643,59.95393335494753,61.80415040651439,127562132.0,10,0.0
2015-11-18,61.80415040651439,62.9243490645018,60.448504095677,61.904726830809345,92724811.0,10,0.0
2015-11-22,62.99763775474641,63.77675031469481,62.221263128731394,63.168426575400716,93897872.0,10,0.0
2015-11-23,63.168426575400716,63.55770085072564,60.98330797299586,62.19486536311833,157990083.0,10,0.0
2015-11-29,61.13743607536725,61.709492896797634,60.006664584728306,61.17160879065205,60338085.0,10,0.0
2015-12-02,60.74118063679812,63.90890740383766,60.697320987675305,62.41980387228121,93381274.0,10,0.0
2015-12-03,62.41980387228121,64.47818104970817,62.17120338798422,63.57848229800563,97354669.0,10,0.0
2015-12-07,63.96556351100625,64.6572745378551,62.32828688546531,63.505534914702544,73349852.0,10,0.0
2015-12-09,62.56598201007544,63.31284697505384,61.48830652305308,62.60054250905387,54446282.0,10,0.0
2015-12-10,62.60054250905387,63.29570225769202,61.21465885980009,62.54703299693206,39823889.0,10,0.0
2015-12-17,61.98538391676072,63.866151249002066,61.18816230333422,63.11541476898126,171104007.0,10,0.0
2015-12-20,63.11541476898126,64.32510987490701,62.228575334086386,63.81211727161623,73510563.0,10,0.0
2015-12-21,63.81211727161623,65.12380515331809,62.483832942608366,63.848117608858004,145512324.0,10,0.0
2015-12-24,64.0033373449482,65.33175916915317,63.20200225797484,64.27423404136678,123260848.0,10,0.0
2015-12-30,64.31425784595892,66.1894429277816,63.95926606696952,65.60125764951007,146367392.0,10,0.0
2015-12-31,66.31205508930863,67.30136294070081,65.36151944895347,66.357392149785,80977678.0,10,0.0
2016-01-03,63.81535697548692,64.46527161504969,63.25633710954371,63.94508858386705,15443754.0,10,0.0
2016-01-05,63.43577832647869,65.0626787232634,62.911468773956074,63.61164646568273,28318393.0,10,0.0
2016-01-06,63.61164646568273,64.61013592779592,62.43481481012319,63.066933993100854,25718538.0,10,0.0
2016-01-10,62.89219431660373,62.970827171027445,61.70856276695795,62.1290327746312,15445675.0,10,0.0
2016-01-11,62.1290327746312,62.62844533122812,60.10185229851507,61.33305873567558,34044494.0,10,0.0
2016-01-12,61.33305873567558,61.48595036388194,60.18093702644389,60.639837115965435,33874114.0,10,0.0
2016-01-13,60.639837115965435,61.01066898464487,58.39925137110758,59.35080107397822,50757997.0,10,0.0
2016-01-17,56.600066193686004,57.34752130699112,53.65695105182164,55.97353289351741,22723781.0,10,0.0
2016-01-19,56.86777077512359,59.17716828478399,56.82715761433829,58.47074879278917,27347434.0,10,0.0
2016-01-21,56.96393690567118,57.47532378786012,54.82995384108776,56.01817707493632,32000327.0,10,0.0
2016-01-26,57.03482357397027,58.19972989389302,56.487386889654964,57.26083336839643,39374892.0,10,0.0
2016-01-28,57.40036988539654,57.92833609747969,56.58592462031375,57.25405958004627,20855995.0,10,0.0
2016-01-31,57.450641716105544,57.973819521644735,56.39978295017223,57.255341505167934,40213826.0,10,0.0
2016-02-01,57.255341505167934,57.31567578272846,55.864135966145874,56.724515304085664,15895870.0,10,0.0
2016-02-02,56.724515304085664,58.410694746752775,55.82059077279375,56.61625065010378,47369383.0,10,0.0
2016-02-04,56.940512878953335,58.04622412300673,56.556802071439755,57.29798691541051,51748970.0,10,0.0
2016-02-09,57.31959880586947,57.548434669469806,55.64623173032087,56.18031407036591,22322575.0,10,0.0
2016-02-11,56.26663252413341,56.50321441847657,54.59725621447845,55.40230120526597,30290810.0,10,0.0
2016-02-15,55.340497939158965,55.820068827517,54.64767234836612,55.49608171925507,16951377.0,10,0.0
2016-02-16,55.49608171925507,55.97408920793025,55.08646530160729,55.65830147649966,20881052.0,10,0.0
2016-02-21,55.73228096281992,57.717838406690326,55.2067735463835,56.682513713294796,26722272.0,10,0.0
2016-02-22,56.682513713294796,57.73724038526726,56.227016879006534,57.25085890000403,23537189.0,10,0.0
2016-02-23,57.25085890000403,58.103054090487895,55.87983698099997,56.54344546418155,16192850.0,10,0.0
2016-02-24,56.54344546418155,56.78630080609406,55.71222753700207,56.14507993801498,15686587.0,10,0.0
2016-02-28,56.56525409966643,58.51812470684494,55.905406660296094,57.214824635487595,15809786.0,10,0.0
2016-03-02,56.33760348848142,57.20297305441251,55.37119532161864,56.4877662269055,25415900.0,10,0.0
2016-03-03,56.38198929999299,57.02913371744913,55.2955070926619,56.24226697788504,16921555.0,10,0.0
2016-03-06,56.24226697788504,57.60293518739861,55.55474466817145,56.81198881746617,17344438.0,10,0.0
2016-03-10,57.39775840302069,58.86990736394201,56.844937205362555,58.00472243203003,52012325.0,10,0.0
2016-03-13,58.00472243203003,58.63323961896172,57.33298472689327,58.15088234432758,23261207.0,10,0.0
2016-03-14,58.28306838446658,61.72187487141687,57.90712966754056,59.66165927054488,88940450.0,10,0.0
2016-03-15,59.66165927054488,62.664650271946876,58.9384333567427,60.08021866630498,68709395.0,10,0.0
2016-03-16,60.08021866630498,62.701096426895276,59.90871075038722,60.843931602540685,57592903.0,10,0.0
2016-03-17,60.843931602540685,63.31914386413802,59.80901316518394,61.70361849637478,101957186.0,10,0.0
2016-03-20,61.70361849637478,63.12658832064046,60.767992633307976,61.83017573379751,78061900.0,10,0.0
2016-03-21,61.83017573379751,62.67842853969955,60.35836163436154,61.905646309020845,29259742.0,10,0.0
2016-03-22,61.905646309020845,62.669977233454084,60.83121779831581,61.53257613835266,39554534.0,10,0.0
2016-03-23,61.53257613835266,62.85031907662582,61.06808591706901,62.060527484416056,30581669.0,10,0.0
2016-03-27,61.964213582782975,62.67488216937141,60.97057020063037,61.762756000068826,30792002.0,10,0.0
2016-03-28,61.762756000068826,63.07534542325366,60.771718821384184,62.01378679821007,30049842.0,10,0.0
2016-03-29,62.01378679821007,63.550468319026706,61.1308044268019,62.34365171750962,45487912.0,10,0.0
2016-03-30,62.34365171750962,63.19409021038988,60.80206908193475,61.74050074537369,32020462.0,10,0.0
2016-04-04,62.122681276418334,63.182540488892464,61.646626897263104,62.61271565470118,44404715.0,10,0.0
2016-04-05,62.53514590829867,63.5346941424962,61.24219709363421,62.32896581715078,49805344.0,10,0.0
2016-04-06,62.32896581715078,62.94789177986975,60.14078509940871,61.248743307538945,42681223.0,10,0.0
2016-04-12,60.35777005557756,60.9948480964807,59.71885917560393,60.4981649402523,18252886.0,10,0.0
2016-04-14,60.86610792580555,61.94503824555299,60.11277723360715,61.25538827425721,32302786.0,10,0.0
2016-04-17,61.25538827425721,62.26772458772831,61.14755913519059,61.56112921663967,20096976.0,10,0.0
2016-04-18,61.56112921663967,62.74015317998567,61.168004326020956,62.1717522984834,28590623.0,10,0.0
2016-04-19,62.1717522984834,63.568843529778505,61.73491526869589,62.71444178034309,41513159.0,10,0.0
2016-04-20,62.71444178034309,63.06974284491039,61.49473290866284,62.086805215450475,39320497.0,10,0.0
2016-04-21,62.086805215450475,62.52382935959886,61.488144358405464,61.882603088134566,26177570.0,10,0.0
2016-04-26,62.13108431080295,64.00141947070827,61.16376185847369,62.832433154254076,37791004.0,10,0.0
2016-04-27,62.832433154254076,63.42628758141458,60.548452529300434,62.23168964022537,30607629.0,10,0.0
2016-04-28,62.23168964022537,62.83015974135588,60.8602380977148,61.5234271438075,23480777.0,10,0.0
2016-05-03,61.5234271438075,61.69196139716361,59.5952967576079,60.350229824029256,36860498.0,10,0.0
2016-05-05,59.93121871948773,61.164488749875254,59.77556368012538,60.69786228834853,31009105.0,10,0.0
2016-05-09,60.74152430189276,61.49139356789165,60.32407379202394,60.81459903714358,25513227.0,10,0.0
2016-05-10,60.81459903714358,61.356176057013755,59.66299479223167,60.797295199235904,19279461.0,10,0.0
2016-05-12,60.5475282113593,61.30244825707212,60.18380988448304,60.806350822215194,26130604.0,10,0.0
2016-05-17,60.4287254343509,61.46154037849108,59.64282438572145,60.88572546599863,30848146.0,10,0.0
2016-05-19,60.6519948273967,61.07461610333542,59.10104929801456,60.269443490162644,27495506.0,10,0.0
2016-05-26,60.27972294192007,60.62077555641548,59.73471327496783,60.069891499294556,18290789.0,10,0.0
2016-05-29,60.069891499294556,60.36716905256842,59.330554170678,59.99763347718141,6377546.0,10,0.0
2016-06-01,59.18959303072088,60.301103267032424,58.936271648260224,59.68376981011332,21076135.0,10,0.0
2016-06-02,59.68376981011332,60.63041112284406,59.49074086659316,60.02570212738486,18908845.0,10,0.0
2016-06-05,60.02570212738486,60.29077811570903,59.449711224881945,59.980027996590536,13685005.0,10,0.0
2016-06-06,59.980027996590536,60.46578868647546,59.49894159602825,59.88421333607774,24484185.0,10,0.0
2016-06-07,59.88421333607774,60.61387395253441,59.69951593375627,60.247225426084896,27299293.0,10,0.0
2016-06-08,60.247225426084896,61.12913511029913,60.04154237420237,60.80899980437613,25331948.0,10,0.0
2016-06-13,60.12166010258707,60.48139797288931,59.55610086787876,60.04240848825505,25516936.0,10,0.0
2016-07-10,59.459020338456966,61.977052025444,58.701979739985134,61.283293232780814,39435082.0,10,0.0
2016-07-17,60.902279030163506,61.741826297716905,59.80991048725819,60.58905060492213,29078334.0,10,0.0
2016-07-18,61.14907615552136,62.674464514563105,60.25809697713717,60.90834109008778,21017182.0,10,0.0
2016-07-19,60.90834109008778,61.24507435944252,60.155995063926355,60.75068912898729,21845713.0,10,0.0
2016-07-24,59.98422933207723,60.97930293413778,59.760298392483264,60.42380632432851,7444656.0,10,0.0
2016-07-26,60.35739812565531,61.057542795653816,59.84012984071068,60.584497364594874,20219941.0,10,0.0
2016-07-27,61.20738458426287,62.477991391911544,59.8052608935524,61.55243220756357,65664813.0,10,0.0
2016-07-28,61.55243220756357,62.61186174451882,60.58856600849205,61.82837517144412,37613735.0,10,0.0
2016-08-02,61.29840070541209,62.266894461991896,60.573735019008254,61.78874861453171,35241542.0,10,0.0
2016-08-03,61.78874861453171,62.97355149779196,61.24590768317258,62.01132569611637,25327475.0,10,0.0
2016-08-04,62.01132569611637,62.92891148257037,61.70474971208884,62.27913543980205,39959102.0,10,0.0
2016-08-07,62.27913543980205,62.94682491190048,61.79633407664803,62.33280605546892,15268959.0,10,0.0
2016-08-08,62.33280605546892,63.337477034431394,62.13358775414418,62.88494142863546,24544128.0,10,0.0
2016-08-10,62.2814330137084,63.63567149655678,61.762469981673505,62.380367676681665,42833587.0,10,0.0
2016-08-11,62.380367676681665,63.75595090917521,61.87976312078001,62.69708955833673,29367936.0,10,0.0
2016-08-14,62.69708955833673,63.42587543856969,61.87501572859487,62.79307512753146,14574393.0,10,0.0
2016-08-15,62.79307512753146,64.63213095413104,62.26512116982513,63.65565119211198,28607496.0,10,0.0
2016-08-16,63.65565119211198,64.22999954609834,61.96278714846739,62.95796356194673,24584059.0,10,0.0
2016-08-18,63.373005272954956,63.94074026324681,62.728738231860234,63.15460770329281,32594576.0,10,0.0
2016-08-21,63.15460770329281,63.98873408396559,62.71575964875196,63.53887463697022,22173910.0,10,0.0
2016-08-25,63.005598901294825,63.47191047263043,61.0387071060355,62.07544193045254,15937552.0,10,0.0
2016-09-01,62.24909145863944,62.50060642784938,60.825086118105176,61.22568136256557,21038240.0,10,0.0
2016-09-04,61.22568136256557,62.81576096429883,60.951476417394154,62.32405764978136,22919551.0,10,0.0
2016-09-05,62.32405764978136,62.817200196863666,61.606570428048194,62.01005708680033,14107103.0,10,0.0
2016-09-07,61.8483507403383,62.197701211680474,60.6474550229748,61.48415457950891,18451794.0,10,0.0
2016-09-08,61.48415457950891,62.30856226263477,61.057572137696354,61.78054472538963,13249514.0,10,0.0
2016-09-18,61.345184393179565,61.56945828597354,59.94731886666671,60.55616480663721,30555378.0,10,0.0
2016-09-20,60.95832927551818,61.455300034770325,60.08198138042777,60.96688644723931,30315308.0,10,0.0
2016-09-25,60.880349579636686,61.21502798613813,58.541166233664185,60.21468215003089,6783821.0,10,0.0
2016-10-03,60.566234758653394,62.188062284983495,59.127704868003974,61.124574382818615,42500371.0,10,0.0
2016-10-04,61.30826266558619,63.23151279709657,60.00465217391432,61.16970668619936,25785002.0,10,0.0
2016-10-05,61.16970668619936,63.36240679340756,60.413848800965695,62.61768562029653,50040937.0,10,0.0
2016-10-09,62.61768562029653,63.167800691833705,61.05743087005242,61.82624183131696,25326675.0,10,0.0
2016-10-11,60.762780055764125,61.150704717208036,59.7607141976411,60.20933100128444,18473855.0,10,0.0
2016-10-12,60.8729049227823,61.30900400856365,59.57410550260271,60.55401140071004,18703150.0,10,0.0
2016-10-13,60.55401140071004,62.24724029602974,59.75107637800495,60.83944256920473,40166052.0,10,0.0
2016-10-16,60.83944256920473,61.46992086781985,59.792658081302434,60.38288572444015,16348205.0,10,0.0
2016-10-17,60.38288572444015,60.613756303673384,59.08544483587351,59.80146652751271,53018221.0,10,0.0
2016-10-18,59.80146652751271,60.152887789407984,58.923428707573,59.56033924533439,14081874.0,10,0.0
2016-10-23,59.70409912025909,60.23505990890379,58.84229391837836,59.435698849611434,10613774.0,10,0.0
2016-10-24,59.36681574357359,60.19418869321752,58.63031140929988,59.097650385890134,23001189.0,10,0.0
2016-10-26,59.43415734876867,59.91858169283202,58.408153831167866,59.368002501325485,13159615.0,10,0.0
2016-10-27,59.368002501325485,60.511428373933086,58.61766919699998,60.011864493583445,33427603.0,10,0.0
2016-11-02,60.546337565398765,61.51007257056491,59.31542965714853,59.92304051810831,34138050.0,10,0.0
2016-11-03,61.72610493293656,64.25070477976733,59.56005567366844,61.71081214311929,64650545.0,10,0.0
2016-11-06,61.71081214311929,64.47188964045348,60.87403522956965,63.21318850956274,57913631.0,10,0.0
2016-11-07,64.05193895674897,66.50456328924922,63.43096547503623,65.1049816932013,88541233.0,10,0.0
2016-11-08,65.1049816932013,67.98489823279829,64.29340338591749,66.8983209515975,80492803.0,10,0.0
2016-11-09,66.8983209515975,69.10843372205649,65.37318578853487,68.12827773186488,87496359.0,10,0.0
2016-11-10,68.12827773186488,73.46930040641593,67.95641211532335,71.54446838254214,93388736.0,10,0.0
2016-11-13,71.54446838254214,75.17590929044005,71.3326910310495,73.51672140829483,78078557.0,10,0.0
2016-11-14,73.51672140829483,75.66901417720597,71.79017157929121,73.58056508211945,64095224.0,10,0.0
2016-11-15,73.58056508211945,75.22810906700748,72.23233548277837,73.28481076539339,73992458.0,10,0.0
2016-11-16,73.30076206158326,76.78815029868842,73.1775767239966,75.35740461337365,64806504.0,10,0.0
2016-11-17,75.35740461337365,77.67961433272703,73.86227448480095,76.21307989856126,68815069.0,10,0.0
2016-11-20,76.2290311947511,77.74323778304205,73.99603551846171,76.32129252055088,32642906.0,10,0.0
2016-11-21,76.32129252055088,78.5076069278289,75.61194551017499,77.02325401994369,67966204.0,10,0.0
2016-11-22,77.08947896220896,79.6077151321103,75.93848856669409,78.04710544539839,68600412.0,10,0.0
2016-11-23,78.04710544539839,79.70120503017299,77.01212115811899,78.80611720866074,45883277.0,10,0.0
2016-11-28,77.52715491619162,79.78142766080961,76.42977416265983,77.93813068504184,60738043.0,10,0.0
2016-11-29,77.93813068504184,79.69439100333626,76.81294325575948,77.9169736374273,46761095.0,10,0.0
2016-12-01,79.43231103456947,80.17441419720276,78.10297266778348,78.9546957755592,48490184.0,10,0.0
2016-12-05,79.26138511451248,80.42243275489304,77.10523541689173,78.2166341009961,44484461.0,10,0.0
2016-12-06,78.2166341009961,80.81128358046925,77.66750135484344,79.18187838164742,39008382.0,10,0.0
2016-12-07,79.18187838164742,81.17823378281442,77.49702412995666,79.06065939501539,61268603.0,10,0.0
2016-12-13,81.05404876847712,82.34756654479462,79.88772283198175,81.06965265637369,52183350.0,10,0.0
2016-12-15,80.73984281120286,81.25256916408964,78.86388657921745,80.26821071935716,32058393.0,10,0.0
2016-12-18,80.26821071935716,81.5781078263168,79.650528415507,80.59179807651938,32087043.0,10,0.0
2016-12-19,80.59179807651938,83.09885114634348,79.80004191738423,81.6274526005059,76908340.0,10,0.0
2016-12-20,81.6274526005059,84.20699176553632,81.23049889726526,82.76205678110966,82315911.0,10,0.0
2016-12-21,82.76205678110966,84.81201739696331,82.16064354198184,83.44804507937924,67611053.0,10,0.0
2016-12-22,83.44804507937924,85.20982221638553,81.95731241660081,83.34673970527086,78270418.0,10,0.0
2016-12-28,83.26418202235436,85.34504302084257,82.62300537182806,83.90733809129837,30483346.0,10,0.0
2016-12-29,83.90733809129837,84.71290514216909,82.32815453646647,83.54546276098863,44758211.0,10,0.0
2017-01-02,83.54546276098863,86.68475905966092,82.57914540429769,84.82586431051904,21181974.0,10,0.0
2017-01-03,84.82586431051904,87.66756892057467,83.78768691560396,85.83742836965368,30076268.0,10,0.0
2017-01-04,86.15392062919216,88.68952748794419,85.17884890019172,86.86843719753156,31089286.0,10,0.0
2017-01-05,86.86843719753156,89.58126413981688,86.0353472378543,87.72103440192116,41668116.0,10,0.0
2017-01-08,88.00836006750127,89.86262560624485,86.07304543342329,87.76845913593519,28291399.0,10,0.0
2017-01-09,87.76845913593519,89.86691970700127,85.41125012139948,87.96115201228261,32546366.0,10,0.0
2017-01-10,88.76555379002986,91.36969225278834,87.54885814265901,89.52796591872327,43619832.0,10,0.0
2017-01-15,91.55572132318099,94.1239699730084,90.58845869842725,92.20010980401265,19132633.0,10,0.0
2017-01-18,93.58039358238548,95.76882915797687,88.80569350521468,92.6866014151851,44225152.0,10,0.0
2017-01-26,91.67926874950068,95.17451465354978,91.39501771517502,93.79904627658739,35508805.0,10,0.0
2017-01-29,93.79904627658739,95.64784377088681,92.20329242703383,93.87689762691346,18142742.0,10,0.0
2017-01-31,91.58196177593582,92.7610599961552,87.55642062735694,90.28841963552968,27171252.0,10,0.0
2017-02-07,95.52979987810933,98.96642064143428,93.63393854376551,96.49287826770708,46579606.0,10,0.0
2017-02-09,96.29676418940514,98.24076887517548,93.35849758075683,95.65576278552633,29716265.0,10,0.0
2017-02-21,89.2755818432794,92.2782791425691,88.59321218510874,90.63662176433735,33386577.0,10,0.0
2017-02-23,90.7127785832095,91.59397365750748,85.1016979693198,88.60258525689596,26314083.0,10,0.0
2017-03-01,85.20352550676793,87.00055196868058,83.9429520371662,85.69657330618575,20445767.0,10,0.0
2017-03-06,89.55842877927506,91.40742390887355,87.25458551423935,89.80885751961115,34243384.0,10,0.0
2017-03-07,89.80885751961115,93.48577506512044,88.61974472972426,91.36662148072665,55062876.0,10,0.0
2017-03-09,93.2128750837769,94.51685685053323,91.42777539154832,93.1011847456148,31226748.0,10,0.0
2017-03-12,93.1011847456148,94.49453505670034,91.0281023614949,92.63922233575272,22332874.0,10,0.0
2017-03-19,93.55909595969541,96.3035569751331,92.83844703143573,94.71540612894691,30351135.0,10,0.0
2017-03-20,94.71540612894691,96.54633633408757,93.10253344832829,94.7874783486872,29473668.0,10,0.0
2017-03-21,94.7874783486872,96.67182569499602,93.55289191679721,95.01933226837392,30273047.0,10,0.0
2017-03-22,95.01933226837392,95.89717977067487,93.04221030959502,94.6936110060342,22765372.0,10,0.0
2017-03-23,94.6936110060342,97.21760032555532,94.10436524156285,95.8931884283726,29032268.0,10,0.0
2017-03-26,95.8931884283726,98.02112552832789,95.20503794022993,96.76527995034486,14467930.0,10,0.0
2017-03-28,95.83596959339023,97.63540098903822,94.44474531452194,96.00232222518567,30664895.0,10,0.0
2017-04-05,100.10442753399589,101.29556246782599,97.70722685210464,99.61084109077999,30859468.0,10,0.0
2017-04-06,99.61084109077999,100.44398750573974,96.95076271895614,98.92993561783271,27117824.0,10,0.0
2017-04-09,98.92993561783271,99.73287873070751,96.22013537183089,97.8593070486092,26835019.0,10,0.0
2017-04-10,97.8593070486092,98.62678251458225,96.55893194907047,97.49977883503583,11726171.0,10,0.0
2017-04-12,99.04627819683982,100.73729953387009,97.44993983359409,98.78826244536647,30577256.0,10,0.0
2017-04-13,98.78826244536647,100.54348612869023,97.46868705245141,98.46147710279841,12464611.0,10,0.0
2017-05-02,92.84052214256408,94.67053133018833,92.08741451832178,93.23789632341284,13776516.0,10,0.0
2017-05-07,95.97143774198885,97.33060820151145,95.14543758217461,96.30597660338887,10563293.0,10,0.0
2017-05-08,96.30597660338887,98.50487396231645,95.93241336704482,97.3666166311462,17740809.0,10,0.0
2017-05-09,97.3666166311462,98.91354747034083,96.49892704735748,97.72305483217615,30256219.0,10,0.0
2017-05-11,97.46588236278855,98.30895800292659,95.84089965362044,97.05803391336882,18887954.0,10,0.0
2017-05-16,97.26680605139909,98.94765093495329,95.91788883373037,97.57532495753611,48162939.0,10,0.0
2017-05-24,95.67200685458357,98.83536397850646,95.3442916106905,97.30417460590758,28633127.0,10,0.0
2017-05-31,98.62681767040641,100.14607063593395,96.98381390302193,98.73630249113397,117939321.0,10,0.0
2017-06-01,98.73630249113397,100.82499915638093,97.9866289210948,99.41868482860461,35837789.0,10,0.0
2017-06-05,100.22590721934282,102.47867816638824,99.34401756040616,101.34211662045462,46928428.0,10,0.0
2017-06-06,101.34211662045462,102.75557137043474,100.01903980430505,101.80993072688779,26548785.0,10,0.0
2017-06-08,101.75048278169618,103.85167478250493,100.67764656321009,102.29273703794789,27075360.0,10,0.0
2017-06-21,103.37236559724242,104.64736521852414,102.11914942447976,103.54156948487909,20531911.0,10,0.0
2017-06-22,103.54156948487909,105.88822631741208,102.49907372327888,104.28493528614862,16991150.0,10,0.0
2017-07-09,102.13942966388733,104.22119637796193,99.50055329769951,102.03446421602818,18650291.0,10,0.0
2017-07-10,102.03446421602818,103.9248763829647,101.8195798012281,103.00885122694025,17188307.0,10,0.0
2017-07-17,103.77337134948206,107.22678248423928,102.89351676790824,104.62619526375623,21648690.0,10,0.0
2017-07-19,103.12451914561004,105.12771945026326,102.24524653405182,103.84895593244318,14387923.0,10,0.0
2017-07-30,104.4673383456985,105.03138660308927,102.15015284123297,103.44723313503287,8292562.0,10,0.0
2017-08-14,105.1323229956356,106.10416795557717,102.51319898652702,103.67746204368142,14765759.0,10,0.0
2017-08-15,103.88574713089717,105.29061204772164,101.93594736676877,103.52034723880747,19536407.0,10,0.0
2017-08-21,102.70266816544851,104.23950470015811,100.756879124882,102.87218663444558,12937261.0,10,0.0
2017-08-23,102.44688908233638,103.00059270695374,100.49454776815588,101.76200827195001,11332420.0,10,0.0
2017-08-30,101.98352659243989,103.09605880325773,101.39933631617312,102.2728102582565,18221079.0,10,0.0
2017-09-07,102.52159846500325,103.91682942621532,101.76429830856489,103.02597904171846,19980353.0,10,0.0
2017-09-12,103.92959977444457,104.670785368913,102.71840684178666,103.51040101177918,21997417.0,10,0.0
2017-09-18,105.66135965375848,106.67948504495745,104.76764767959459,105.64400263195259,12926458.0,10,0.0
2017-09-19,105.89769456977055,108.44026150824597,103.82213648913536,107.1447323746964,32085165.0,10,0.0
2017-09-26,110.11179084283341,113.41010450611111,109.52999781480082,111.59397602018532,16968457.0,10,0.0
2017-09-27,111.59397602018532,115.08302040854407,110.72665766385899,113.15199862587684,20990889.0,10,0.0
2017-09-28,113.15199862587684,117.61004024851384,112.3582325869629,115.06994223440694,25491541.0,10,0.0
2017-10-02,116.50588438625115,119.57185002688769,112.96977644470789,115.99197087125329,37172465.0,10,0.0
2017-10-09,117.26005631705448,119.59656162886169,115.1980720445037,116.92628675533159,27817698.0,10,0.0
2017-10-11,115.23393868251995,116.91566665389618,113.85063092803746,115.13266250866975,29008527.0,10,0.0
2017-10-22,112.15809310243165,113.53953877045154,110.62944592798341,112.01985906357798,9064051.0,10,0.0
2017-10-23,112.01985906357798,114.79924241894436,111.36934187191913,113.51175622428204,21590963.0,10,0.0
2017-11-09,114.73583785070377,117.4543365458545,113.85134495335458,115.57497000702845,24308697.0,10,0.0
2017-11-14,115.250406014318,117.25655779184561,113.48122438250859,115.42182841365072,17319268.0,10,0.0
2017-11-22,112.13283655730946,115.96704122957873,111.5239449876675,113.67371442717382,15857092.0,10,0.0
2017-11-23,113.67371442717382,118.42134053432677,113.41136732233706,116.80621645693482,20348439.0,10,0.0
2017-11-28,119.18244766380406,122.83460334357854,118.60430705529701,121.22093311295576,27900935.0,10,0.0
2017-12-03,121.02465931123973,122.81794183236528,120.40926528404239,121.76995669730061,10702250.0,10,0.0
2017-12-06,120.46694263560086,121.81412383504654,118.81551041410859,120.04684130739075,22146852.0,10,0.0
2017-12-11,121.94805231319795,125.01751288524775,120.78206631116922,123.22301540837506,13629052.0,10,0.0
2017-12-12,123.22301540837506,126.34543900490013,122.20046236554306,124.36169840371527,21710057.0,10,0.0
2017-12-13,124.36169840371527,126.74323165657077,123.17051783195458,125.22228393412425,14918308.0,10,0.0
2017-12-14,125.22228393412425,126.991577269622,123.59204604307052,125.37075202761565,32679346.0,10,0.0
2017-12-17,125.37075202761565,127.16733141164596,123.7593525622278,125.26441462116516,5887263.0,10,0.0
2017-12-24,126.67971888330113,128.92060547427002,125.86353620725066,127.35331537004669,7027822.0,10,0.0
2017-12-25,127.35331537004669,129.4485113020759,125.94133841726064,127.66465384537175,11303452.0,10,0.0
2017-12-26,127.66465384537175,129.553427345119,126.34831621618487,128.16300626357605,11232690.0,10,0.0
2018-01-02,119.47584840711107,121.76688483839962,117.12207709037874,119.7068891441038,13446189.0,10,0.0
2018-01-04,119.6329452315609,121.79502847102603,117.43014680643937,119.26710749019972,20278001.0,10,0.0
2018-01-08,119.26710749019972,123.28421863787588,118.1117563161558,120.58134110710668,12697218.0,10,0.0
2018-01-09,120.58134110710668,123.00037151999673,119.16600657652828,121.3834442351152,23670516.0,10,0.0
2018-01-14,125.26658375831846,127.78853756657004,123.60828704572467,126.18846707062991,12204814.0,10,0.0
2018-01-15,126.18846707062991,127.20991929219834,123.47203234116571,125.15789972065404,24848370.0,10,0.0
2018-01-17,125.17884581189928,128.2142972004121,124.33046089388365,126.56533555846973,14617798.0,10,0.0
2018-01-21,127.78306570257075,129.2964854281071,124.91777457528022,126.81016464147747,9326104.0,10,0.0
2018-01-22,126.81016464147747,128.3760995013225,124.97922219414875,126.1134466182898,18279981.0,10,0.0
2018-01-23,126.1134466182898,127.65744939010963,124.38080119894076,125.61134005518613,8350092.0,10,0.0
2018-01-28,127.407333258967,130.07472809644284,126.41538515428934,128.73876998904564,23088916.0,10,0.0
2018-02-06,129.46547033292194,131.47883267844892,123.49196740320205,128.52005803239854,19974538.0,10,0.0
2018-02-15,129.58767383892427,132.36248406665288,128.29689606199312,130.70044949582135,14569382.0,10,0.0
2018-02-18,130.70044949582135,133.33772867049726,128.5016858573165,130.8869345684317,17573283.0,10,0.0
2018-02-21,133.1076631437919,134.3374510551333,130.09165286076293,131.91862589062487,21325057.0,10,0.0
2018-02-22,131.91862589062487,138.149445136418,130.25445500566195,135.55028362114058,32657887.0,10,0.0
2018-02-26,137.85381382713666,141.27194304390164,136.33358054866815,138.8891599853268,29470931.0,10,0.0
2018-03-04,139.45679267725134,140.96068938575792,136.44025255384318,138.77864838905512,18177148.0,10,0.0
2018-03-05,138.77864838905512,141.1045421282194,136.11954556923556,139.08990064184925,21596791.0,10,0.0
2018-03-06,139.08990064184925,143.44348927383962,137.14751383513308,140.27596781454477,21696492.0,10,0.0
2018-03-07,140.27596781454477,143.36715932294368,136.9547227937319,140.43782286848835,21926093.0,10,0.0
2018-03-08,140.43782286848835,143.67777952573022,137.1074347460055,140.31652748122886,19042941.0,10,0.0
2018-03-12,139.20541876971228,142.8186656549948,137.49121922957383,140.04330542308062,29827452.0,10,0.0
2018-03-13,140.19571548458322,145.08897706748303,137.9886240621628,141.72478800493607,40778669.0,10,0.0
2018-03-15,139.43480132382422,141.51709032084327,137.2450841861584,139.3355086814919,46721929.0,10,0.0
2018-03-27,138.12976099837618,141.0098399543733,135.24410005554947,138.5158472322664,23265529.0,10,0.0
2018-04-11,142.97362437127086,146.1365238998938,139.88875399310675,143.2603227936796,30955038.0,10,0.0
2018-04-26,147.33808751500277,150.8389411729909,145.73096330211976,148.17954294923055,23879496.0,10,0.0
2018-04-29,148.3801202662829,150.75741311942167,146.39876609316207,148.2645089855643,35213176.0,10,0.0
2018-05-02,149.06417370218182,154.08657705384812,134.9080411358782,150.63713889284213,35267720.0,10,0.0
2018-05-06,148.59337486989813,152.2367106688576,145.6414063488607,148.52387166896335,33228936.0,10,0.0
2018-05-13,140.91827799609123,144.34014408035972,138.1283374528185,140.52258638730476,8474401.0,10,0.0
2018-05-16,139.4900554016126,141.616042867945,137.68135827061238,139.5752294271015,7739707.0,10,0.0
2018-05-31,139.24477607880036,140.99387984785454,134.96100203216454,137.43124630924922,32874094.0,10,0.0
2018-06-14,132.4691288653842,135.30605241792168,130.54002195719139,132.93928702786704,12670138.0,10,0.0
2018-06-27,135.46983470259588,139.0061949012218,134.31106486281942,136.18671513610008,12662620.0,10,0.0
2018-06-28,136.18671513610008,139.0198551218561,134.26068769805227,137.1910842630191,24395635.0,10,0.0
2018-07-09,132.47081044203713,134.27135206617248,127.42291935308687,131.80852474962256,9706263.0,10,0.0
2018-08-07,126.27204295711368,130.89267524971947,125.55542179875708,128.78927642837482,7945983.0,10,0.0
2018-08-29,128.423437654188,132.5278871969663,127.30276082935733,130.42166481847127,10998035.0,10,0.0
2018-09-04,130.42052161585252,132.19747994853114,129.19814900837787,130.46126474777688,6158438.0,10,0.0
2018-09-23,111.61690569707314,115.45211818180907,110.67933707570872,112.71748243118745,3322363.0,10,0.0
2018-09-24,110.75791509895235,112.71316867167778,108.32777569646773,110.79277961941149,7677922.0,10,0.0
2018-09-25,110.79277961941149,112.79318357815932,109.16403462109609,111.82417214306875,6914701.0,10,0.0
2018-09-27,113.06071085573899,115.37486603857388,111.4020443597561,113.3398246850806,10313999.0,10,0.0
2018-09-30,113.3398246850806,116.84774713659826,109.93156633757498,112.11007942028147,5858311.0,10,0.0
2018-10-03,109.29538976735542,112.05347966867666,107.32494189586349,109.2260336644238,5374346.0,10,0.0
2018-10-14,98.69379801671039,103.53537214844357,98.44544097840601,101.23716067118222,4823862.0,10,0.0
2018-10-15,101.23716067118222,102.91790327502738,98.80042067530536,100.82098260456414,7460856.0,10,0.0
2018-10-16,100.82098260456414,105.51758818117834,99.65649156288103,103.63223715750945,8807672.0,10,0.0
2018-10-17,103.63223715750945,106.56019631406892,103.14166821549347,104.85410481315458,5998841.0,10,0.0
2018-10-24,101.21288079180486,102.77769844406221,96.22262129706414,98.8183864527188,14138347.0,10,0.0
2018-10-31,98.46698956155332,102.26758992146256,97.6683490126479,99.43091454919681,18098352.0,10,0.0
2018-11-01,99.43091454919681,103.19432268700369,97.98791001791058,99.88291116215129,12036817.0,10,0.0
2018-11-22,108.60386429278213,112.283121446807,106.9086468627017,109.4217126325247,21471846.0,10,0.0
2018-12-03,107.16110621059045,108.50409989462226,103.92232149996221,105.64485632605998,17328666.0,10,0.0
2018-12-18,109.29341171622039,109.98895294968854,106.17900854644336,108.09827911229628,13910514.0,10,0.0
2018-12-23,106.6811903063385,107.78728078955916,103.28019823178897,105.60099023063778,10103325.0,10,0.0
2018-12-25,104.54535623968485,106.60287501903619,103.23353194982239,105.24079561996835,18288704.0,10,0.0
2018-12-26,105.24079561996835,107.94283359269454,104.93426789326102,106.80921574418569,11245733.0,10,0.0
2018-12-31,107.73396727940397,109.78235337025997,106.0340831138122,108.10072658501825,14785966.0,10,0.0
2019-01-06,108.11034408738345,109.10280556643933,107.04950968881376,108.02962568945317,19791979.0,10,0.0
2019-01-08,108.02000818708795,109.81433144410512,106.26140069421398,108.56685669123355,39101279.0,10,0.0
2019-02-05,113.60133881543099,118.31795892426797,113.04716829399652,115.80437948139064,62953608.0,10,0.0
2019-02-14,117.32562585096545,119.07698011345943,116.01022743607925,117.4019180615823,20541396.0,10,0.0
2019-02-19,118.93232626711404,119.79081072977374,117.19515867936104,118.35566509140723,35699112.0,10,0.0
2019-02-21,120.39797426681154,121.04978939181373,118.34889736123432,119.44820522784164,32662552.0,10,0.0
2019-02-28,118.48873178956826,122.91302293412386,116.65918464138007,120.10278788999844,42018732.0,10,0.0
2019-04-17,118.89500960166914,119.76383948369963,117.70971950931023,118.58273248555729,15581212.0,10,0.0
2019-05-21,109.1691762580586,111.05315193852671,106.60477818676208,109.00333852721205,11854063.0,10,0.0
2019-07-09,110.07705730275721,112.21316461370326,108.74644000198586,110.65917182845413,18153931.0,10,0.0
2019-07-11,110.03353595357144,110.98814947338711,107.23498409789876,109.02186259397729,16970435.0,10,0.0
2019-08-21,106.72380392067947,108.69451968740448,105.562903717544,107.0974638271441,30987681.0,10,0.0
2019-08-22,107.0974638271441,107.71989455070833,105.59305676711041,106.68477577387995,17521743.0,10,0.0
2019-08-28,105.99900681030692,108.38492532532982,105.07904356081201,106.9417179587276,26791412.0,10,0.0
2019-09-02,109.0369576372498,112.19647043938923,107.245642345511,110.16594854314431,33411617.0,10,0.0
2019-09-04,109.75491845619541,110.13099154367954,106.65011448412336,108.16935093521202,24811522.0,10,0.0
2019-09-09,110.07101662238831,110.79419688262176,108.29234568606074,109.14945183843797,28807449.0,10,0.0
2019-09-17,109.20651102365123,109.95351080051343,104.43090144066136,107.24628417485931,25392353.0,10,0.0
2019-09-23,99.10077151987706,100.81804379233762,92.53641417490225,97.34212232701262,35629327.0,10,0.0
2019-10-24,100.71176912318819,103.0183697416964,100.09639482088711,101.42463253750327,31519228.0,10,0.0
2019-10-27,101.42463253750327,102.6276214137806,100.76483316285378,101.59824036663947,8769941.0,10,0.0
2019-10-28,101.59824036663947,104.0546328429701,100.44032131127832,101.94316285270524,22141285.0,10,0.0
2019-10-30,102.91206922830666,104.7870891746278,102.08462308687272,103.04396625914168,39158929.0,10,0.0
2019-10-31,103.04396625914168,106.04029267809308,102.4438660283316,104.27775276672641,22228914.0,10,0.0
2019-11-03,104.27775276672641,105.2395036618452,103.50200746394296,104.44506375873053,8528891.0,10,0.0
2019-11-04,104.44506375873053,105.733335496078,103.25222111533867,104.68911202306006,12851663.0,10,0.0
2019-11-20,104.56656222262986,105.12445679114693,103.12823783537472,104.08895768885397,10263203.0,10,0.0
2019-11-21,104.08895768885397,104.8048286190376,101.99357854050356,103.32987095963689,17418362.0,10,0.0
2019-11-27,100.14508249152286,101.87848833144642,98.88833436819918,100.39362573171188,8383144.0,10,0.0
2019-12-03,97.67542957113666,99.65153450040626,96.29225603789597,97.8668468936864,29803767.0,10,0.0
2019-12-25,97.65706292204275,99.48125377912555,96.43911143778396,98.19764881911425,11609790.0,10,0.0
2019-12-30,99.70665958610707,101.76370503279513,98.85766887412173,100.3025408200359,19211506.0,10,0.0
2019-12-31,304.4406825771661,307.7638371498998,283.70156916258264,289.62321918592136,28028341.0,10,0.0
2020-01-02,240.149886169128,241.30193366621344,234.96204364753646,238.07750090499093,3631366.0,10,0.0
2020-01-12,231.26112158738667,234.0908482938777,230.2940002969082,232.69229587745593,3896854.0,10,0.0
2020-01-28,226.69873098451447,228.3822493115594,222.0204288479295,224.29367996821122,7479162.0,10,0.0
2020-01-30,227.23962582206448,230.6781079601254,224.82203011580447,226.87371362546418,16283672.0,10,0.0
2020-02-05,223.34041285729074,225.5983387095452,221.2007776335243,223.54490659822045,8708236.0,10,0.0
2020-02-11,226.75135441232615,230.83678247515107,224.00004357120872,227.2721238341105,17959349.0,10,0.0
2020-02-12,227.2721238341105,229.44652379878198,222.79648124502216,224.79824109001888,12426341.0,10,0.0
2020-02-16,224.7396582404438,226.5270197266647,221.03468413492254,222.75702337228444,7297182.0,10,0.0
2020-02-18,222.71679403003648,225.4802810515198,217.13417839252585,220.7322286766962,19151755.0,10,0.0
2020-02-23,220.47906893077624,222.6792477647319,217.4416498483172,220.41269468302522,8266712.0,10,0.0
2020-02-24,220.41269468302522,220.99410222796644,211.80541420396833,214.1639766282495,23358008.0,10,0.0
2020-03-03,194.54138331790065,201.28817153145047,192.35421687345203,197.30635931769785,25063263.0,10,0.0
2020-03-08,197.2704842474337,197.63849342047808,187.23572008045664,190.1250495030535,13585421.0,10,0.0
2020-03-10,177.1364519030839,184.07573891847622,173.07694382551017,177.9924079905326,18823086.0,10,0.0
2020-03-17,156.3548842278584,158.6402403180309,145.79072490613038,150.69188888975964,23316228.0,10,0.0
2020-03-19,142.7317763158014,153.98007101401603,129.9992739331175,145.15029391928488,57393926.0,10,0.0
2020-04-02,145.40218242475015,150.18603127752888,144.9893668997729,148.1825790069042,34670984.0,10,0.0
2020-04-05,148.1825790069042,151.60896673988248,145.78875333365093,148.2878757920506,8270607.0,10,0.0
2020-04-06,148.2878757920506,154.5750646806562,147.82789921507327,151.48537586465324,29428664.0,10,0.0
2020-04-09,161.0004519233833,166.20690288085805,157.71592395594615,161.6197461655085,26860344.0,10,0.0
2020-04-22,162.2514789553717,164.49175761030833,158.54541915934533,160.88403759656583,58550482.0,10,0.0
2020-04-23,161.1813048303344,167.42238970676496,160.7708030483013,164.6968830905372,27878344.0,10,0.0
2020-04-29,171.7330490143477,175.21435651668696,169.80794722718147,172.69782990219332,28458737.0,10,0.0
2020-05-07,168.53041768639454,169.19226147581924,160.93413956600384,164.23268967254847,24020076.0,10,0.0
2020-05-13,172.44949112000785,174.74293359238243,167.2380112088586,170.24170654943927,14683729.0,10,0.0
2020-06-04,169.68633740894995,176.74183931808827,169.09921501336913,173.39671158300135,40732921.0,10,0.0
2020-06-07,173.39671158300135,184.48397435489625,172.70244977163483,180.58005937768118,29632640.0,10,0.0
2020-06-09,181.3347341484817,184.41854020096537,177.28330270254332,180.80550857744885,16402484.0,10,0.0
2020-06-17,179.48158721603886,181.9579766588065,176.99558488215098,179.04144821058685,14912583.0,10,0.0
2020-06-18,179.04144821058685,181.23040701949878,175.8436925257939,178.31611147077953,24971656.0,10,0.0
2020-06-21,178.31611147077953,180.73950084968774,174.3718997244695,177.9505732709181,7869094.0,10,0.0
2020-06-22,177.9505732709181,181.21841491984293,174.44425738212718,177.68289430159965,19571079.0,10,0.0
2020-06-23,177.68289430159965,182.68599842443268,175.1487468405868,179.56813297705585,27547102.0,10,0.0
2020-06-29,182.83190908454213,186.13351677629646,180.52169673109833,182.96470686747605,10796803.0,10,0.0
2020-07-06,185.53838954750609,190.81153111801035,184.08095685612838,187.71356485291435,29257256.0,10,0.0
2020-07-08,188.71515348212796,191.31085885429994,184.2369000595746,188.11662000257158,20551147.0,10,0.0
2020-07-13,188.2842852729977,191.07878737521756,182.8052898912153,186.36549647411726,22271543.0,10,0.0
2020-07-16,178.44153194437746,181.34221689747181,173.87788107770805,177.54325357519997,13831796.0,10,0.0
2020-07-19,177.41705609407316,180.31767090028583,171.98244704052016,175.63654990357284,6650589.0,10,0.0
2020-07-21,177.61793965102032,182.2778970924707,175.41254930620042,178.69243197558987,23510749.0,10,0.0
2020-09-03,192.3962076228085,194.1304871666174,188.8961732538819,190.8575019594164,11424718.0,10,0.0
2020-09-08,188.7223266057217,189.28936713204368,180.99505143408717,184.6937849310617,15356114.0,10,0.0
2020-10-04,182.07293193956298,185.8269989871548,179.95281182721558,183.5660259537046,9621301.0,10,0.0
2020-10-20,182.71112435025867,185.25286199665734,180.69823306405203,182.99472922953868,13605294.0,10,0.0
2020-10-22,180.64028583097792,182.7113835316192,176.00644137532197,179.2123086851444,15816809.0,10,0.0
2020-10-27,177.84797216059513,181.287686007904,176.78229158413677,178.6296589566041,24686040.0,10,0.0
2020-11-16,185.1164153838798,187.50879580004712,181.76312124537952,184.75689207403337,25242842.0,10,0.0
2020-11-17,184.75689207403337,189.6331401765625,183.93669266001712,187.36861961855382,35113259.0,10,0.0
2020-11-18,187.36861961855382,189.25101998954906,183.6219513047908,185.74355678045245,27325739.0,10,0.0
2020-11-19,185.74355678045245,188.25142712443233,181.72660993896665,184.83177164288574,26142222.0,10,0.0
2020-11-22,184.83177164288574,186.53257908746238,181.92558121328656,184.0790677989459,10092373.0,10,0.0
2020-11-23,184.0790677989459,188.2438002736365,182.66166865082678,185.3196785921627,22570368.0,10,0.0
2020-11-24,185.3196785921627,189.6013661106851,183.71062169272477,186.76262534320196,16311937.0,10,0.0
2020-11-25,186.76262534320196,189.7777882605052,182.6402387173867,185.42122286914807,40904253.0,10,0.0
2020-11-26,185.42122286914807,187.23976785793084,181.86496449904794,183.88413439844277,21391586.0,10,0.0
2020-12-16,186.62714024060853,187.34051221335727,182.42100423960872,184.83734906592449,17816607.0,10,0.0
2020-12-20,183.66543267241045,188.77607564786595,181.81915172245547,185.56371349351585,32653437.0,10,0.0
2020-12-21,185.56371349351585,185.80967801087115,173.0554024230022,177.7812925529591,39327397.0,10,0.0
2020-12-27,179.02964166391203,180.17660949637033,174.87771559030506,176.62143445665737,7603258.0,10,0.0
2020-12-30,180.4758816458816,186.0103503075423,180.30731430281233,184.2012174629894,18665071.0,10,0.0
2021-01-04,184.56857031832868,189.50679337682718,181.56970986608428,186.39385101177126,57339275.0,10,0.0
2021-01-05,186.39385101177126,192.33958932699784,184.7185270871065,189.87001869299593,56892646.0,10,0.0
2021-01-06,191.66710374141533,194.78193734944952,188.8011600916212,191.8148394387878,45016998.0,10,0.0
2021-01-10,191.8148394387878,196.10911546048115,188.79778063183275,192.13814260333217,53685551.0,10,0.0
2021-01-11,192.13814260333217,196.06426076368453,189.38851954009513,193.0102809651233,38931210.0,10,0.0
2021-01-17,195.44961133665433,201.2711746502425,194.08993845905573,198.20298966188318,28362832.0,10,0.0
2021-01-20,204.60177239154322,214.66040777465824,203.69136903952221,211.53119873886146,139245850.0,10,0.0
2021-01-21,212.87901252517602,217.28164835773006,208.38774289806005,212.35734012205697,91632403.0,10,0.0
2021-01-27,215.3125818587835,222.06734774761415,213.39139396378724,217.63130579662672,50949839.0,10,0.0
2021-01-31,217.91039855035848,226.53095578695795,214.7946648828902,222.3847323516096,46852914.0,10,0.0
2021-02-02,231.65363780020388,239.7728465489626,229.11039284853987,236.67310320531965,53737828.0,10,0.0
2021-02-03,236.67310320531965,245.15521622799986,233.51044875652747,242.00702812724654,47279653.0,10,0.0
2021-02-07,248.04571641210572,260.9723306730138,245.7679362483532,256.5783663287964,209747189.0,10,0.0
2021-02-08,257.7079020962581,268.3658579892446,244.72613015694046,255.98827173723453,368470228.0,10,0.0
2021-02-09,247.85996821259224,253.83303513820672,238.3866879250375,246.26496823444165,166020624.0,10,0.0
2021-02-10,246.26496823444165,258.96599756870955,245.42598659681195,254.96510013197675,188941442.0,10,0.0
2021-02-11,258.1099989667107,264.20148807630454,249.60093417276732,255.07477951448712,28227065.0,10,0.0
2021-02-14,255.07477951448712,257.278823654567,243.9035847882966,247.44476352326188,16500488.0,10,0.0
2021-02-15,247.44476352326188,252.06104154438916,238.10194982560802,244.80744991868002,31359574.0,10,0.0
2021-02-16,244.80744991868002,251.90020004567154,240.65383077436505,245.74760769706123,14411972.0,10,0.0
2021-02-18,219.37416487788443,223.3355906009281,215.2030135325621,219.46331714330722,220741204.0,10,0.0
2021-02-21,219.46331714330722,227.89430170442952,218.6083100639219,223.43297867226536,120159432.0,10,0.0
2021-02-22,224.43306103980436,227.69337946668534,220.72016169394823,223.45860039843606,109341923.0,10,0.0
2021-02-23,223.45860039843606,226.49525426974617,216.14759581852206,220.52231767641845,89701953.0,10,0.0
2021-02-24,220.52231767641845,226.77426380750632,214.41988336603055,221.38289662620295,94939047.0,10,0.0
2021-02-25,221.38289662620295,231.23441555596042,221.05287680901944,225.70610415869578,145968461.0,10,0.0
2021-02-28,225.70610415869578,228.45243976973293,215.90879253815152,220.80720428694994,279236669.0,10,0.0
2021-03-01,220.80720428694994,223.95002649222295,212.72914490219105,218.20478191355448,91977746.0,10,0.0
2021-03-02,218.20478191355448,221.11660430247497,209.05625312036335,214.823794638596,93275216.0,10,0.0
2021-03-03,214.823794638596,215.35878161332224,202.30096553116374,207.8410813354404,130208459.0,10,0.0
2021-03-04,207.8410813354404,216.37450807372633,205.09986944651808,211.32133355882323,60441462.0,10,0.0
2021-03-07,211.32133355882323,222.25963352964965,210.8339767301251,217.7591758562141,107298797.0,10,0.0
2021-03-08,217.7591758562141,221.5431120651242,210.9526266839167,215.8411161855711,58554221.0,10,0.0
2021-03-15,217.28098971708403,219.37696500972746,205.09235298338606,210.3274307982352,86238865.0,10,0.0
2021-03-17,210.61048004166193,217.5993449533252,206.73072796326971,213.9608036771358,53357609.0,10,0.0
2021-03-22,210.51602043792946,211.2765545706507,194.97623252915568,199.77478768868338,64051392.0,10,0.0
2021-03-23,199.77478768868338,206.30143654449685,186.7225654965617,195.52429448526416,111393270.0,10,0.0
2021-03-24,195.52429448526416,208.37658310932628,193.10793590743035,202.36563639307101,56141367.0,10,0.0
2021-03-25,202.36563639307101,206.2156124834647,193.9583756552175,200.9248655533298,43471697.0,10,0.0
2021-03-28,200.9248655533298,209.33564801099308,198.14147004845097,204.43160951498825,56297775.0,10,0.0
2021-03-30,206.68793472908897,214.69610419476768,203.41353687159298,210.73903725283483,95353602.0,10,0.0
2021-03-31,210.73903725283483,217.13594577004045,205.9397813340421,211.61167907062116,68542296.0,10,0.0
2021-04-01,211.61167907062116,220.31395404715227,208.76265121715934,215.6166459069838,45346999.0,10,0.0
2021-04-04,215.6166459069838,223.55206929290858,211.41181665615525,218.59601338854105,42161090.0,10,0.0
2021-04-05,218.59601338854105,222.8386530650216,205.54249434846142,213.57027268954045,66273730.0,10,0.0
2021-04-06,214.17497365595932,223.15339296392742,208.26668969342694,217.58619885259196,52130440.0,10,0.0
2021-04-07,217.58619885259196,225.7984103096324,212.87464038078764,221.08732107433045,34930471.0,10,0.0
2021-04-08,221.08732107433045,229.15841658650538,216.77808816907873,225.36331846957384,53511275.0,10,0.0
2021-04-11,225.36331846957384,234.93582866315373,222.6279985130324,230.42153866752216,82237958.0,10,0.0
2021-04-13,229.75460300323775,231.14869874086116,217.44010176596467,221.44252461327324,75239390.0,10,0.0
2021-04-14,221.6516383579572,223.85250808820012,208.0144016050662,214.75597370499864,75548723.0,10,0.0
2021-04-15,214.75597370499864,220.71566921545272,207.83502189566434,214.00818700394655,62014887.0,10,0.0
2021-04-18,215.91532082111385,223.51630350237366,211.0629802269994,215.60359313643684,25560702.0,10,0.0
2021-04-19,215.60359313643684,224.08379331732402,214.61586991431506,220.9150360502617,31681323.0,10,0.0
2021-04-21,222.9744470211019,230.7655475520271,219.0215339672433,223.84327295046657,49636311.0,10,0.0
2021-04-25,223.2846879664917,227.83802708106404,220.38637901969537,224.00051681493323,28423313.0,10,0.0
2021-04-26,221.3380213412794,227.46673132184895,215.00784113005065,221.45040635703177,30145312.0,10,0.0
2021-05-05,220.4528708228551,222.99653362961578,215.1997898619248,217.8931099614742,55154076.0,10,0.0
2021-05-06,217.8931099614742,221.88709377408492,214.37587177346896,218.3683078817347,36078816.0,10,0.0
2021-05-10,219.0849413009793,223.87909434866626,214.36182362781165,220.2124372811508,22764734.0,10,0.0
2021-05-17,227.93134415055042,239.54483165969776,224.95733801845617,231.91369482359025,50607477.0,10,0.0
2021-05-19,246.52750982392305,256.0031591218954,242.48263470486438,248.29340286113847,48251224.0,10,0.0
2021-05-20,248.29340286113847,249.58575504024463,239.56029695480646,244.45014631386084,46287846.0,10,0.0
2021-05-23,244.45014631386084,256.9192164704091,241.46312408855343,252.10358313695338,27898345.0,10,0.0
2021-05-24,255.24848197168734,257.91064947703376,240.6371063003718,248.62591045999346,50133554.0,10,0.0
2021-05-25,248.62591045999346,249.79972012456003,233.13145036880098,238.2781221523995,39686288.0,10,0.0
2021-05-26,238.2781221523995,245.0300575492344,233.83798521830107,239.35360528306975,48945833.0,10,0.0
2021-05-27,239.35360528306975,246.11629139992903,233.33864921488635,240.04213330153033,180520802.0,10,0.0
2021-05-30,240.06539103100795,244.44713630248702,230.8353484052845,236.79457642346662,56168735.0,10,0.0
2021-05-31,236.79457642346662,243.6762280686715,229.7771585884609,235.91127240287835,71248178.0,10,0.0
2021-06-01,235.91127240287835,243.71459919148845,227.5193406853168,237.2572611490597,40217844.0,10,0.0
2021-06-02,237.2572611490597,244.15583398174553,228.95213911755528,236.183002562911,29870431.0,10,0.0
2021-06-03,236.183002562911,240.15111771666704,226.32353913281395,232.83626075807854,30076431.0,10,0.0
2021-06-07,237.51440119450203,246.8702355535077,232.64898208421312,238.93760182416395,60205822.0,10,0.0
2021-06-08,240.77961399879388,244.82017048565262,229.9963154551795,234.17252646940204,50853123.0,10,0.0
2021-06-10,236.00141800369315,240.2586106350556,231.31304659142742,235.66775291162517,38767607.0,10,0.0
2021-06-13,235.66775291162517,237.75591933935067,226.71327599165883,231.5613033315271,46400510.0,10,0.0
2021-06-14,231.5613033315271,233.47840673414996,225.60028266828039,231.0491973803543,15908294.0,10,0.0
2021-06-16,227.92051203444035,233.956249664541,222.893027945905,228.76094457396584,29521150.0,10,0.0
2021-06-17,228.76094457396584,235.62751695323212,226.4860939262893,230.72673224868296,18208454.0,10,0.0
2021-06-20,230.72673224868296,234.92832338510573,226.86681242916305,230.47386143757646,53190377.0,10,0.0
2021-06-21,230.47386143757646,236.82491362444614,229.5309600778885,233.23572440343753,89457354.0,10,0.0
2021-06-22,233.23572440343753,239.04817953595168,230.05364564027715,234.18217668480844,107072039.0,10,0.0
2021-06-23,234.18217668480844,239.60116706799354,230.2364621996097,235.4428742436138,115662772.0,10,0.0
2021-06-24,235.4428742436138,242.90042257691923,232.76339018555296,239.43794023384257,46461218.0,10,0.0
2021-06-27,239.43794023384257,243.668202343763,236.7933422667996,240.24439552202517,23408644.0,10,0.0
2021-06-28,240.24439552202517,248.25680779169195,236.29012396951487,241.38662507508377,145497695.0,10,0.0
2021-06-29,241.38662507508377,245.28587128255862,232.48673311168946,238.54730812866057,84992944.0,10,0.0
2021-06-30,238.54730812866057,245.93664728149633,236.19576942252772,242.46495979836683,56082460.0,10,0.0
2021-07-04,242.46495979836683,250.3996663373722,241.1057140529968,246.05845503125602,74987906.0,10,0.0
2021-07-05,246.05845503125602,251.19855516294209,238.8096101232227,244.45888653007316,47506208.0,10,0.0
2021-07-07,237.7723681109216,244.2696620197714,235.080846480425,239.811997312149,59060387.0,10,0.0
2021-07-08,239.811997312149,241.86982873704176,230.38946688902038,234.84785861690372,32355325.0,10,0.0
2021-07-11,234.84785861690372,238.55822954552445,227.6983142695415,231.80375083536364,21718003.0,10,0.0
2021-07-12,231.80375083536364,235.99852065950225,224.53190833276187,231.15413274021506,37272127.0,10,0.0
2021-07-13,231.15413274021506,239.83822873182268,229.32152526402263,235.886886307432,29771404.0,10,0.0
2021-07-14,235.886886307432,245.88795486863285,230.93004023237486,239.52683322637623,92834695.0,10,0.0
2021-07-15,239.52683322637623,247.4335690389678,236.12025541874533,242.7549344154241,35889284.0,10,0.0
2021-07-18,242.7549344154241,252.69119826086504,239.79013684287375,248.68707023393392,42428534.0,10,0.0
2021-07-25,248.68707023393392,260.2670393939893,247.25560423178447,255.23459534656462,147918521.0,10,0.0
2021-07-26,256.8480366674083,261.20601956024484,250.21553617053982,254.79968948426517,43333381.0,10,0.0
2021-07-28,259.4295890193348,266.14960705140356,256.0615838002329,262.71835243840206,75161598.0,10,0.0
2021-07-29,263.6326358535468,269.8741387187958,258.62498627796435,263.4423611763265,55905020.0,10,0.0
2021-08-01,263.4423611763265,274.47958517908074,259.888499904626,267.7312220808587,46455659.0,10,0.0
2021-08-02,269.144702799515,275.79236125612744,258.86241230311236,267.27493153561954,62896145.0,10,0.0
2021-08-03,267.27493153561954,271.9899340817339,254.18446327792483,262.36347847669043,43815593.0,10,0.0
2021-08-05,258.4269905755557,269.8196956891153,256.7848096887504,265.13542594408256,86939799.0,10,0.0
2021-08-08,265.13542594408256,272.998107848937,260.60974888467854,267.87988273875004,107689789.0,10,0.0
2021-08-09,267.87988273875004,276.78007935517775,261.9087728847174,269.9573262234007,42114524.0,10,0.0
2021-08-10,269.9573262234007,279.82077550004936,266.0183564258284,273.2228944090012,37977281.0,10,0.0
2021-08-15,272.36845936405746,276.8524666041675,261.6685426116956,269.0069943522628,79626221.0,10,0.0
2021-08-16,269.0069943522628,274.13697492589506,263.0191512093398,268.2962411453838,86390655.0,10,0.0
2021-08-17,268.9693272018868,274.37395480699604,264.48917736598855,269.1711484244743,170057260.0,10,0.0
2021-08-18,269.1711484244743,275.11707370134656,261.0676537000964,269.7438882916582,89344128.0,10,0.0
2021-08-19,269.7438882916582,271.4020896379935,258.69493726556385,262.65551243290565,53264177.0,10,0.0
2021-08-23,260.45818947865996,269.563890634498,258.93648476761985,265.0687441732355,58089259.0,10,0.0
2021-08-24,268.68166050163546,276.6021955107084,260.1539472734118,266.70643566586426,39813613.0,10,0.0
2021-08-25,266.70643566586426,271.8983937132517,261.2333906116885,266.7349112460193,78143869.0,10,0.0
2021-08-26,266.7349112460193,270.1187405923842,256.7742382975568,262.91855246956976,67408629.0,10,0.0
2021-08-29,262.91855246956976,268.1934092311747,257.4158454698036,263.15957246921243,41342039.0,10,0.0
2021-08-30,263.15957246921243,267.1652790271287,254.90469874981983,261.3804232195126,56213814.0,10,0.0
2021-08-31,261.3804232195126,263.69904111245273,252.3044897077762,257.32033319909584,43770354.0,10,0.0
2021-09-01,258.3748346876172,266.20496647559406,256.56357557859934,261.8021615078521,30829269.0,10,0.0
2021-09-02,261.8021615078521,268.9246759848457,259.3070319052118,263.18863488891725,45448877.0,10,0.0
2021-09-05,263.18863488891725,264.9267378301127,248.75617979929174,250.79834836921452,40171541.0,10,0.0
2021-09-06,250.79834836921452,253.2712375137375,234.21431608135242,243.90900647114287,41411253.0,10,0.0
2021-09-07,243.90900647114287,254.72558135498429,241.41124020330426,248.92271676487036,23103585.0,10,0.0
2021-09-09,247.96288716769547,255.15810229122746,237.9785160824024,243.3532211576232,30073685.0,10,0.0
2021-09-12,243.3532211576232,252.98042999740903,242.0008973070425,247.34319856631717,15084987.0,10,0.0
2021-09-14,248.81239606392074,257.8683187283527,248.2465297811806,252.37408002940884,203720892.0,10,0.0
2021-09-15,252.37408002940884,258.82671347388646,245.88038235195108,248.34436897445724,137407772.0,10,0.0
2021-09-16,248.34436897445724,253.61072770592514,245.919846049331,248.88772665860373,86241985.0,10,0.0
2021-09-19,248.88772665860373,252.91700385661275,238.26053353878743,244.0254773707981,70372624.0,10,0.0
2021-09-20,244.0254773707981,248.50262543470186,234.55274884797416,239.71692098044645,65499879.0,10,0.0
2021-09-21,239.71692098044645,240.80407932632843,224.326009471564,230.0494070441959,46544329.0,10,0.0
2021-09-22,230.0494070441959,241.2222016482338,228.96427696523457,236.02752341879653,30033915.0,10,0.0
2021-09-23,236.02752341879653,247.52369921330666,234.43861929941914,242.84777073462956,41252873.0,10,0.0
2021-09-26,242.84777073462956,250.08807243667252,240.55894337247403,244.08481010757356,72166096.0,10,0.0
2021-09-27,244.08481010757356,248.44394262933892,237.17320267051267,239.43288701259164,68529558.0,10,0.0
2021-09-28,239.43288701259164,243.03405044665533,231.90497204914206,238.22037353799507,51724754.0,10,0.0
2021-10-03,242.67077582742397,251.45026228016198,236.73378018148358,239.1749101575357,23506147.0,10,0.0
2021-10-04,239.1749101575357,244.85284953536913,235.4803242396598,239.87536442612245,13725224.0,10,0.0
2021-10-05,239.87536442612245,249.46438549904946,235.37338508691502,242.47519549653686,20088233.0,10,0.0
2021-10-06,242.47519549653686,246.82675137262035,238.3025856331507,241.27034372040984,16490967.0,10,0.0
2021-10-10,241.27034372040984,245.75664916036118,236.31183431184905,238.87438513205342,14422593.0,10,0.0
2021-10-11,238.87438513205342,244.75479913954982,235.40874962253304,240.15871104095712,123357616.0,10,0.0
2021-10-12,240.15871104095712,243.29089576316395,236.54279066859132,238.89607701440943,41345945.0,10,0.0
2021-10-13,238.89607701440943,244.5347169981107,234.2630552481121,237.98557843170542,42676434.0,10,0.0
2021-10-17,237.52692729858424,246.3438838561682,235.19462941764087,241.7387727828792,81726805.0,10,0.0
2021-10-18,241.7387727828792,248.10619159394773,239.53044759918498,243.99950230441652,61528001.0,10,0.0
2021-10-19,243.99950230441652,247.61841847506503,225.5508268735571,231.1499648397102,64451264.0,10,0.0
2021-10-20,231.1499648397102,237.83854438325292,215.4370001379897,230.46130784171936,41418673.0,10,0.0
2021-10-24,230.46130784171936,240.07390020097696,226.9179880724666,231.07994093236084,32074509.0,10,0.0
2021-10-25,231.07994093236084,234.3565808049629,221.31224655250887,226.8098779457305,59388500.0,10,0.0
2021-10-26,226.8098779457305,244.3044749187238,222.68420157243978,228.53431551557244,30255255.0,10,0.0
2021-10-27,228.53431551557244,233.05440885029736,218.74088656909566,227.69068017852783,23986806.0,10,0.0
2021-10-28,227.69068017852783,234.67497803078535,222.97443378806256,230.07011583125905,26270203.0,10,0.0
2021-10-31,230.07011583125905,238.60560667859173,223.2307013478644,233.21119044844122,27092710.0,10,0.0
2021-11-01,233.21119044844122,242.10982750975316,230.16455778094777,237.26634221876364,66779659.0,10,0.0
2021-11-02,237.26634221876364,246.5578187507563,233.75595048633576,238.99007040639137,56245276.0,10,0.0
2021-11-03,238.99007040639137,244.25512737201774,231.83813292830703,237.5208886417155,126573517.0,10,0.0
2021-11-04,237.5208886417155,241.91406173766293,229.8641987812164,235.43155785992292,54852508.0,10,0.0
2021-11-07,235.43155785992292,241.42738784317692,231.39614437556344,236.2122717555512,44133672.0,10,0.0
2021-11-08,236.2122717555512,241.12605675040723,232.22235245812467,238.15599923894843,41214160.0,10,0.0
2021-11-09,238.15599923894843,240.7519803077012,233.4159996032274,235.3037785968239,23915580.0,10,0.0
2021-11-10,235.3037785968239,238.38753887257732,223.47191758385264,230.2558553126181,42821401.0,10,0.0
2021-11-11,230.2558553126181,237.5081615774445,229.14641392188219,234.74652321278015,54730894.0,10,0.0
2021-11-14,234.74652321278015,241.46887320363348,230.49256203547813,237.13131909120736,22942789.0,10,0.0
2021-11-15,237.13131909120736,240.98192492166402,229.75513212308582,233.6091277710164,31228593.0,10,0.0
2021-11-16,233.6091277710164,234.91312392047845,222.80652422709645,228.27684669561387,61086107.0,10,0.0
2021-11-17,228.27684669561387,234.17277271933136,222.0864213356791,227.62508383281124,48292746.0,10,0.0
2021-11-18,227.62508383281124,233.25048302920104,223.10937948950433,228.38533180738352,28992188.0,10,0.0
2021-11-21,228.38533180738352,231.95912222769786,218.64721836051808,221.37640667602008,46317459.0,10,0.0
2021-11-22,221.37640667602008,225.6388726227961,219.59436644170276,221.4451794257831,64791499.0,10,0.0
2021-11-23,221.4451794257831,229.3146762032216,220.21729321215287,224.79546314096487,40695494.0,10,0.0
2021-11-25,225.82543467948113,233.21625496454422,224.7272182295959,227.46750963247172,55412631.0,10,0.0
2021-11-28,227.46750963247172,227.91237744794168,217.37374047798693,225.44499490088174,29095486.0,10,0.0
2021-11-29,225.44499490088174,230.67494677883406,222.3714846688161,226.2755101419478,24893567.0,10,0.0
2021-11-30,226.2755101419478,231.83144075091448,223.84388129371737,228.86482741128958,39960596.0,10,0.0
2021-12-01,228.86482741128958,233.8051404134021,226.02386785358706,229.9465280418966,32615885.0,10,0.0
2021-12-02,229.9465280418966,233.38636108005727,226.5042053219649,228.941666469683,55032091.0,10,0.0
2021-12-05,228.941666469683,233.4971776257636,227.05212334896797,230.84021077285846,57640451.0,10,0.0
2021-12-06,230.84021077285846,236.03167938768146,227.06213943347035,231.24008651438794,68502775.0,10,0.0
2021-12-08,230.65157846107252,233.58357240986618,222.20990084979616,227.4229173826635,47026089.0,10,0.0
2021-12-12,231.8279868025581,237.73537418812947,228.48926862803182,232.60056743970713,32311802.0,10,0.0
2021-12-13,232.60056743970713,239.31983785892504,229.84372170846697,234.24801105721187,36213586.0,10,0.0
2021-12-14,234.24801105721187,236.44745412974694,230.40548142090518,232.15984621886892,26241539.0,10,0.0
2021-12-15,232.15984621886892,235.35633484631649,229.8714754654413,232.88988656119594,57442403.0,10,0.0
2021-12-16,232.88988656119594,241.2819274545445,231.86098731965825,237.07402917510714,61591844.0,10,0.0
2021-12-21,233.81319393619145,239.47236443469058,231.21606545555898,235.82248377163825,29502328.0,10,0.0
2021-12-23,237.77998614217736,244.0149414396993,235.93721522410942,241.41775828666638,42913389.0,10,0.0
2021-12-26,241.41775828666638,246.2642213552861,237.88076035191025,241.1694648504222,61643253.0,10,0.0
2021-12-27,241.1694648504222,244.98300648980077,236.82168141778317,239.8923663326569,44621177.0,10,0.0
2021-12-28,239.8923663326569,244.61569405294057,236.72109123189495,241.82186117396492,40238345.0,10,0.0
2021-12-29,241.82186117396492,246.78367061381635,240.4289695075748,242.57025325976997,36618712.0,10,0.0
2022-01-02,242.57025325976997,247.24720007847475,238.1730892607265,243.87053830850613,5927859.0,10,0.0
2022-01-03,243.87053830850613,250.1758989767149,239.5456131320518,245.36804866874786,10110248.0,10,0.0
2022-01-04,245.36804866874786,251.42122070397375,243.37057291282144,248.4215929261056,18886819.0,10,0.0
2022-01-05,248.4215929261056,253.9742080871016,246.06722563428787,250.95228546196302,15580257.0,10,0.0
2022-01-09,250.95228546196302,255.1575786012226,246.6795096929405,249.2703974833116,9201648.0,10,0.0
2022-01-10,249.2703974833116,254.40789958204363,246.67500773017053,250.75914363686772,16106675.0,10,0.0
2022-01-11,250.75914363686772,253.44841517129163,245.4332583885412,247.96237188716327,17010037.0,10,0.0
2022-01-12,247.96237188716327,251.01927271243736,242.99581830576415,247.0304168011716,11393941.0,10,0.0
2022-01-13,247.0304168011716,248.65886189272192,241.26612002145043,244.01449690124485,10998219.0,10,0.0
2022-01-16,244.01449690124485,245.02417086988254,235.42705032261782,237.60616742036552,8925411.0,10,0.0
2022-01-18,238.9713699655951,244.73628189912193,237.39505229193807,241.82535396945002,10954268.0,10,0.0
2022-01-19,241.82535396945002,244.9571947434375,236.1264287018467,240.73455785634982,18088850.0,10,0.0
2022-01-20,240.73455785634982,243.9511374151984,237.25856722181908,240.12381291445456,8340211.0,10,0.0
2022-01-23,240.12381291445456,242.3572076186313,234.45685423586698,236.6756480160293,10180204.0,10,0.0
2022-01-24,236.6756480160293,238.2277239945766,231.37103725042036,234.73551623147952,4247071.0,10,0.0
2022-01-25,234.73551623147952,237.86758101711212,230.80125385008424,235.33006196293812,23281426.0,10,0.0
2022-01-26,235.33006196293812,237.27038586321078,231.9926926630791,234.7141977948535,10329993.0,10,0.0
2022-01-30,234.7141977948535,237.30515933062864,226.3753346401727,228.65502069572017,12874039.0,10,0.0
2022-01-31,228.65502069572017,236.9787208448448,227.09093499484874,235.4647886517547,16788293.0,10,0.0
2022-02-01,235.4647886517547,240.72328124744075,234.16126115742549,237.42346646267524,12540145.0,10,0.0
2022-02-02,237.42346646267524,244.01515947190205,234.94327086638597,239.8431549249153,19220413.0,10,0.0
2022-02-03,239.8431549249153,245.67313915882858,236.53046258874608,239.5297111715554,11758717.0,10,0.0
2022-02-06,239.5297111715554,244.45444254944988,237.0624056950201,241.15142094821647,5201865.0,10,0.0
2022-02-07,241.15142094821647,244.09506164349455,237.3787413278444,240.2772694574454,7240755.0,10,0.0
2022-02-08,240.2772694574454,245.25332315756776,238.49809559755474,241.75035116664995,7364511.0,10,0.0
2022-02-09,241.75035116664995,250.3094846134538,239.42161882527267,243.93136895681772,28349432.0,10,0.0
2022-02-10,243.93136895681772,247.8980337398059,239.4811535672478,242.6537507886817,15135173.0,10,0.0
2022-02-13,242.6537507886817,246.35927834293662,231.57578778977225,237.53725554107638,16563238.0,10,0.0
2022-02-14,237.53725554107638,240.85214913076905,229.947871931002,233.8089398440632,6414814.0,10,0.0
2022-02-15,233.8089398440632,241.52079675271628,231.92634346790427,237.0278978831066,8521898.0,10,0.0
2022-02-16,237.0278978831066,242.22832408317498,234.8408025387403,238.18488642481248,9212876.0,10,0.0
2022-02-17,238.18488642481248,242.26354695174578,237.0755999769349,237.87344945010528,7340119.0,10,0.0
2022-02-20,237.87344945010528,240.54815729025145,231.4584249945081,234.5071391874461,8930665.0,10,0.0
2022-02-21,234.5071391874461,238.98515409105931,230.74535798539773,234.7398081969505,7262202.0,10,0.0
2022-02-22,234.7398081969505,239.36462018455154,228.99443572215344,235.83652444040524,13238652.0,10,0.0
2022-02-23,235.83652444040524,240.6794067851578,233.46385253043323,238.21404284373796,6952923.0,10,0.0
2022-02-24,238.21404284373796,238.21404284373796,212.92264232581172,225.99000164285397,15850547.0,10,0.0
2022-02-27,225.99000164285397,236.97201906689125,225.93214350254155,233.3213964422708,7404298.0,10,0.0
2022-02-28,233.3213964422708,238.10121333264752,227.90142352464215,232.3504097691742,9783538.0,10,0.0
2022-03-01,232.3504097691742,239.8562950289575,230.81401593444792,236.72282781809787,7829693.0,10,0.0
2022-03-03,235.51302841539137,239.2013226228892,233.22779105024446,236.2488651257065,6369649.0,10,0.0
2022-03-06,236.2488651257065,239.45532817372026,231.02921688430584,233.3643668876584,10629923.0,10,0.0
2022-03-07,233.3643668876584,236.29574952581837,224.11931026359585,229.76019448029513,21813405.0,10,0.0
2022-03-08,229.76019448029513,232.1585270868659,220.89067432270696,225.41128426111567,7429078.0,10,0.0
2022-03-09,225.41128426111567,229.09807980232452,222.0095886864135,225.13109222277637,7150798.0,10,0.0
2022-03-10,225.13109222277637,227.6866126883065,222.21460371175735,225.08169383558698,12013330.0,10,0.0
2022-03-13,225.08169383558698,228.98919860471017,221.49403028952122,223.45587412532112,10026230.0,10,0.0
2022-03-14,223.45587412532112,227.1624441991488,219.0492619304845,222.84156527036916,10918883.0,10,0.0
2022-03-15,222.84156527036916,225.28062998393006,216.43569994814766,218.99172287781218,20991422.0,10,0.0
2022-03-16,218.99172287781218,228.70566634999403,216.14382602510608,226.2125288433801,11962568.0,10,0.0
2022-03-17,226.2125288433801,231.77397879116356,219.99642133351622,225.83985387680073,23712540.0,10,0.0
2022-03-20,226.0436944257585,231.7864722764103,224.33617470530245,228.42441955736592,6027930.0,10,0.0
2022-03-21,228.42441955736592,244.70852414429945,228.06041522543634,237.90258716279328,24341804.0,10,0.0
2022-03-22,237.90258716279328,247.0862360861921,233.8048034027786,237.69085062795418,16988765.0,10,0.0
2022-03-23,237.69085062795418,245.43236143443343,233.50160038300066,242.4564267709375,14533585.0,10,0.0
2022-03-24,242.4564267709375,248.2357732386095,237.85382710360344,240.1068570877189,18606906.0,10,0.0
2022-03-27,240.1068570877189,242.74380966356657,228.34258636264354,233.78907157704307,27927642.0,10,0.0
2022-03-28,233.78907157704307,235.45788381616077,222.84657581671843,227.90183954016658,8010907.0,10,0.0
2022-03-29,227.90183954016658,233.01569854015753,218.738329377723,227.6244753029977,17955828.0,10,0.0
2022-03-30,227.6244753029977,231.7676084176958,219.68611110249014,224.88162247512685,14689050.0,10,0.0
2022-03-31,224.88162247512685,228.98784982928828,220.15724095422843,226.75884873493985,10706833.0,10,0.0
2022-04-03,226.75884873493985,234.8885312473212,225.0148469301428,232.5038094609038,9693553.0,10,0.0
2022-04-04,232.5038094609038,236.95746381345165,227.48215178849057,234.01351786559852,12424299.0,10,0.0
2022-04-05,234.01351786559852,236.00397961322818,227.8513527456067,229.68906588683893,11550594.0,10,0.0
2022-04-06,229.68906588683893,232.27239273199652,226.27822142549385,229.32702557028824,3786173.0,10,0.0
2022-04-07,229.32702557028824,232.13170777348006,224.66680596606935,227.3595271451659,5786452.0,10,0.0
2022-04-10,227.3595271451659,231.27470190219037,218.07795600548977,222.26602675306998,4431196.0,10,0.0
2022-04-11,222.26602675306998,226.92372082172275,217.6401310129747,220.29152680645066,6135142.0,10,0.0
2022-04-12,220.29152680645066,224.23119234012202,217.07843298721178,220.7999991925642,4661497.0,10,0.0
2022-04-13,220.7999991925642,225.38191594615643,215.60871539434183,220.7576325581498,8217603.0,10,0.0
2022-04-14,220.7576325581498,222.7853452403901,206.30546754676465,212.56372420021745,11549551.0,10,0.0
2022-04-17,212.56372420021745,218.88365234865245,202.48739316996705,210.5903805892464,10760281.0,10,0.0
2022-04-18,210.5903805892464,215.52235301237818,204.5127411794996,212.67932709250212,4514485.0,10,0.0
2022-04-19,212.67932709250212,217.47987650217215,208.76177147569456,214.40028249025792,3628495.0,10,0.0
2022-04-20,214.41474702533606,218.48553405527582,208.7486732129204,213.435413389147,6804379.0,10,0.0
2022-04-27,215.77143037824663,220.7723784838339,212.54603744282375,217.13827773701792,20262135.0,10,0.0
2022-04-28,217.13827773701792,227.23857961655798,213.91087415013428,224.58277881560974,17483136.0,10,0.0
2022-05-08,224.58277881560974,229.28139689239723,217.37518512505136,221.72673221560242,11232026.0,10,0.0
2022-05-09,221.72673221560242,226.8567061548798,216.7556111538161,218.8956554884606,10140737.0,10,0.0
2022-05-10,218.8956554884606,221.04045218082126,214.55646167241383,216.78067551274523,4672312.0,10,0.0
2022-05-11,216.78067551274523,222.78266080961848,213.87560986644425,218.9850874823143,16099229.0,10,0.0
2022-05-15,216.99804004098652,220.01159186303298,213.34336990939107,215.83057840067957,8778555.0,10,0.0
2022-05-16,215.83057840067957,217.56979681060525,209.7380128558121,214.82148087969304,11349488.0,10,0.0
2022-05-17,214.5272942439866,218.61625356609738,211.55391619647517,215.33999814065214,8996624.0,10,0.0
2022-05-18,215.33999814065214,217.9870602676293,212.93192807264427,215.52338967161342,5096299.0,10,0.0
2022-05-23,213.8819217297867,216.37995638829813,210.72150199835826,212.7184691221044,9395161.0,10,0.0
2022-05-24,212.7184691221044,214.9091331991038,205.9071653754237,210.2170687962699,19438618.0,10,0.0
2022-05-26,200.4600977668786,202.886083905215,191.04595845217025,196.34009712635415,27597058.0,10,0.0
2022-05-29,196.34009712635415,200.61315821109199,188.90642823887316,196.36259765890242,8989072.0,10,0.0
2022-05-30,196.36259765890242,202.36198486589564,192.49034550839994,196.44910698760447,9517390.0,10,0.0
2022-05-31,196.44910698760447,200.85135469402897,192.16610332689532,195.33196955927164,41806435.0,10,0.0
2022-06-01,195.33196955927164,199.9082307806786,190.0745776254061,194.31649143568552,26339446.0,10,0.0
2022-06-05,193.69630684709279,197.6193523408141,191.71272500939193,194.6532558515887,5226611.0,10,0.0
2022-06-06,194.6532558515887,198.21418649481038,191.32549633426294,194.12917353044978,10626418.0,10,0.0
2022-06-07,194.12917353044978,199.27434843442,192.98666376045477,196.69128287479347,15176547.0,10,0.0
2022-06-08,196.69128287479347,205.31147872981518,195.49070742082213,202.7543679920535,19355394.0,10,0.0
2022-06-09,202.7543679920535,206.3802718770799,200.12349977106103,202.84144527490795,11649553.0,10,0.0
2022-06-12,202.84144527490795,204.61481860506026,197.345185502141,200.21343332367357,7949997.0,10,0.0
2022-06-13,200.21343332367357,202.59216447414926,193.84367803402938,198.18423633314487,13631160.0,10,0.0
2022-06-14,198.18423633314487,199.98806118016978,193.62946085056615,198.21833300034643,5470806.0,10,0.0
2022-06-15,198.21833300034643,200.28626968115444,193.52771650641094,196.25932278882547,17227662.0,10,0.0
2022-06-16,196.25932278882547,198.1453315190315,189.44590143150282,195.33208574963575,11969347.0,10,0.0
2022-06-19,195.39878701084376,198.65517919327542,189.7858225273379,193.84043619587982,4473908.0,10,0.0
2022-06-20,193.84043619587982,195.90015101091436,189.0419005943503,193.20009458495545,6070313.0,10,0.0
2022-06-21,193.20009458495545,196.64308733665433,188.61898279590497,191.71693047768358,34485872.0,10,0.0
2022-06-22,191.71693047768358,195.87411640907862,188.44825512954046,192.08183649240925,7774992.0,10,0.0
2022-06-23,192.08183649240925,192.9541339805444,186.7062272700273,190.6400636847991,5584631.0,10,0.0
2022-06-26,190.6400636847991,196.00724056098437,185.7585541864098,190.5830009144737,10567675.0,10,0.0
2022-06-29,184.16879953239456,189.70006297997932,179.51516778243402,186.05437746454632,9552624.0,10,0.0
2022-07-03,186.05437746454632,187.91381666827294,175.62214261743995,181.50955873466964,14062636.0,10,0.0
2022-07-04,181.50955873466964,184.52870930925792,171.97586325516292,177.55305078336713,8754949.0,10,0.0
2022-07-05,177.55305078336713,182.08788998087556,171.57007349192503,177.34474914775646,9729339.0,10,0.0
2022-07-06,177.34474914775646,181.56294787102095,172.0994403521521,179.06806092116813,9782645.0,10,0.0
2022-07-07,179.06806092116813,184.69109795659128,175.76467890434358,180.87777382815455,9555661.0,10,0.0
2022-07-17,180.87777382815455,183.05023622658317,175.17345912850723,179.66095836579692,2181716.0,10,0.0
2022-07-18,179.66095836579692,184.55206985869376,176.19256267586258,181.6637163449483,16785850.0,10,0.0
2022-07-19,181.6637163449483,186.85801152449935,178.364069807262,184.3196525888004,12862517.0,10,0.0
2022-07-20,184.3196525888004,188.6645174982735,181.5534741845425,183.9292483962,16914996.0,10,0.0
2022-07-21,183.9292483962,191.11335402350363,182.99657566554924,187.8026345123124,26753702.0,10,0.0
2022-07-24,187.8026345123124,192.5889072584002,185.9589565996738,189.38109928687695,10866544.0,10,0.0
2022-07-26,187.94873592572213,192.9595099217053,187.2682357421468,190.6224599580697,18847585.0,10,0.0
2022-07-27,190.6224599580697,195.98729527789814,187.90866998583635,191.51592495209354,17173941.0,10,0.0
2022-07-28,191.51592495209354,195.74132841802412,188.6507518313344,193.55959527517865,11312673.0,10,0.0
2022-07-31,193.55959527517865,197.32062611414995,191.5563381891264,194.46812858176378,12575985.0,10,0.0
2022-08-01,194.46812858176378,197.66105848165236,190.7344985650099,193.7104560961857,27551863.0,10,0.0
2022-08-02,193.7104560961857,197.15563114907076,190.97276735927989,195.1825634499791,12400274.0,10,0.0
2022-08-03,195.1825634499791,197.73901251684222,191.78161363101805,195.65930865193457,12082153.0,10,0.0
2022-08-04,195.65930865193457,203.4139627984577,193.25702866805008,201.34550338060583,43133147.0,10,0.0
2022-08-07,201.34550338060583,207.52169348785375,194.56878520091294,203.6019093092118,29071079.0,10,0.0
2022-08-08,203.6019093092118,211.24385527846678,200.17482813159185,203.89469992161816,18279525.0,10,0.0
2022-08-09,203.89469992161816,209.6977674847809,199.56002347376253,203.2881848823769,30456776.0,10,0.0
2022-08-10,203.2881848823769,209.02353117566264,199.81684992291244,202.99455378982572,10850638.0,10,0.0
2022-08-11,202.99455378982572,210.01953248408654,201.24703914745854,205.39681637191427,20163262.0,10,0.0
2022-08-14,205.60065692087204,216.83447898510394,204.4120707065348,212.16649000999405,25563909.0,10,0.0
2022-08-15,212.16649000999405,222.87961550312482,208.92570736103917,215.30961665100844,34918970.0,10,0.0
2022-08-16,215.30961665100844,221.6025255119078,210.7256337234769,215.2624071854202,17595998.0,10,0.0
2022-08-17,215.2624071854202,224.2158271288425,209.00091679040335,218.1479481226047,47986478.0,10,0.0
2022-08-18,218.1479481226047,224.5340913314329,215.3094842727163,218.0868524855509,38398339.0,10,0.0
2022-08-21,218.0868524855509,225.97382653087342,215.98223232628496,221.66895508285498,31473541.0,10,0.0
2022-08-22,221.66895508285498,226.6838011811474,218.15685410371844,221.43020733113417,42432229.0,10,0.0
2022-08-23,221.43020733113417,224.60151827633658,215.69340087880508,218.44281586387814,29978099.0,10,0.0
2022-08-24,218.44281586387814,222.5864768918786,212.88615410301395,216.30346600976975,24279297.0,10,0.0
2022-08-25,216.30346600976975,222.72895679231928,213.46249004470556,219.0910750857334,46487750.0,10,0.0
2022-08-28,219.0910750857334,228.41956406789822,215.95580637914395,224.24839166858789,32588832.0,10,0.0
2022-08-29,224.24839166858789,228.82048037279625,218.57817443442565,222.38937730690375,41533732.0,10,0.0
2022-08-30,222.38937730690375,229.82526017858302,218.64219781885498,224.936479335079,56131862.0,10,0.0
2022-08-31,224.936479335079,229.13569384253395,220.54318357880913,223.59165896957143,33779567.0,10,0.0
2022-09-01,223.59165896957143,227.21741012621644,218.68276886983713,221.9476904640361,21356796.0,10,0.0
2022-09-04,221.9476904640361,224.84591015081062,217.00216059246293,222.1043651372997,11072641.0,10,0.0
2022-09-05,222.1043651372997,229.77572884930046,220.9186711487874,227.58360299841064,17858514.0,10,0.0
2022-09-06,227.58360299841064,235.32972627631096,224.7314366636866,231.0017333773951,37262995.0,10,0.0
2022-09-07,231.0017333773951,237.93799901601935,226.4982051033405,230.30560911399687,40368328.0,10,0.0
2022-09-08,230.30560911399687,237.10729051147055,228.12804469401635,231.99853325860528,20619254.0,10,0.0
2022-09-11,231.99853325860528,237.67190899805513,228.24398133282247,231.9993289695278,8762119.0,10,0.0
2022-09-12,231.9993289695278,237.48384665721412,228.55368434087592,232.47073409389705,13861184.0,10,0.0
2022-09-13,232.47073409389705,235.4648295167537,227.85679612662238,231.93460087542886,10156042.0,10,0.0
2022-09-14,231.93460087542886,235.10618636658816,223.822419133569,229.94963263919146,21705390.0,10,0.0
2022-09-15,229.94963263919146,235.04276767551488,224.43542906256843,229.50921554787038,50647442.0,10,0.0
2022-09-18,229.50921554787038,232.13048091145023,212.58894789061657,219.95300636066895,25201669.0,10,0.0
2022-09-19,219.95300636066895,225.00175697148086,209.83298857937328,222.07452624321564,15988895.0,10,0.0
2022-09-20,222.07452624321564,227.82359496642448,216.46608445958333,224.74649010012266,14255931.0,10,0.0
2022-09-21,224.74649010012266,228.99011173736258,220.29349066599417,224.42157603282382,19009765.0,10,0.0
2022-09-22,224.42157603282382,230.83648341242807,218.36485501161212,227.84775096640368,19922207.0,10,0.0
2022-09-25,227.84775096640368,233.94858692056889,221.75802773995696,228.1621076273294,27729187.0,10,0.0
2022-09-26,228.1621076273294,232.4466218816002,223.21780376609095,229.49560189480235,25491613.0,10,0.0
2022-09-27,229.49560189480235,235.36878455549305,225.5398422479602,230.62192956176855,27625986.0,10,0.0
2022-09-28,230.62192956176855,233.0674726976127,222.8982537775443,228.17009893271148,29314984.0,10,0.0
2022-09-29,228.17009893271148,233.19148163013878,220.2930003866019,227.90778392471515,20030304.0,10,0.0
2022-10-02,227.90778392471515,230.6461488674719,219.26576771925804,224.02913017038074,15170748.0,10,0.0
2022-10-03,224.02913017038074,229.1246610226337,219.05827840922439,224.62150389091772,12394626.0,10,0.0
2022-10-04,224.62150389091772,231.51128351431353,219.71222846495223,227.4065057195074,17685463.0,10,0.0
2022-10-05,227.4065057195074,230.94447579021212,223.1946444997895,227.93586731171538,20927796.0,10,0.0
2022-10-09,227.93586731171538,229.99568564968567,220.3907373478342,225.37419562596492,8272682.0,10,0.0
2022-10-10,225.37419562596492,231.15439922069086,218.8184281729791,228.25467460702492,23599427.0,10,0.0
2022-10-11,228.25467460702492,230.99744616768842,218.97517555311677,225.0159834320193,26976390.0,10,0.0
2022-10-12,225.0159834320193,228.21099523730408,216.0289545621818,224.2606963292467,31454786.0,10,0.0
2022-10-13,224.2606963292467,228.96865455852446,216.40854750176476,224.11520502139606,25716414.0,10,0.0
2022-10-16,224.11520502139606,229.23993965976234,218.44581872291624,225.1615349032536,20011888.0,10,0.0
2022-10-17,225.1615349032536,234.2977801372094,219.8581398831237,230.52814766363173,24260059.0,10,0.0
2022-10-18,230.52814766363173,237.94635564590322,224.63729658337857,235.68502037608138,19409736.0,10,0.0
2022-10-19,235.68502037608138,241.53806411380853,228.99855063957256,233.60116579105784,15200357.0,10,0.0
2022-10-20,233.60116579105784,237.17937919864826,229.5571056287386,233.97607346451886,13980420.0,10,0.0
2022-10-23,233.97607346451886,238.04106447625978,230.09993712486857,232.24146029770617,14758619.0,10,0.0
2022-10-24,232.24146029770617,235.1887324363469,227.89882434201039,229.24652761694642,22091871.0,10,0.0
2022-10-25,229.24652761694642,234.2753101136649,226.04547318159683,230.70396193464606,14094020.0,10,0.0
2022-10-26,230.70396193464606,235.5124465214494,229.73060082093514,232.65902879710882,16922442.0,10,0.0
2022-10-27,232.65902879710882,249.12277474848483,232.0978426638083,241.56757849970694,40716361.0,10,0.0
2022-10-30,241.56757849970694,247.22407856705823,237.50108664256427,240.65868450972147,19449968.0,10,0.0
2022-10-31,240.65868450972147,247.50387213324828,237.56210565220894,245.33127311735427,25976235.0,10,0.0
2022-11-01,245.33127311735427,249.2262811698827,239.5658526056938,244.55308461686442,33592919.0,10,0.0
2022-11-02,244.55308461686442,251.54125658847764,240.99041387267377,244.135688078792,27551868.0,10,0.0
2022-11-03,244.135688078792,248.83869727266153,239.94784123215734,243.66150025352076,16099116.0,10,0.0
2022-11-06,243.66150025352076,249.9277531748253,240.74675182705076,245.5056087796404,12614256.0,10,0.0
2022-11-07,245.5056087796404,253.99380804248298,243.38025099010625,250.03762549939262,18427451.0,10,0.0
2022-11-08,250.03762549939262,254.30337564041398,243.25692737046876,245.6781648921366,21006069.0,10,0.0
2022-11-09,245.6781648921366,250.3595288037531,240.53771314619846,246.08434960754937,23709247.0,10,0.0
2022-11-10,246.08434960754937,254.64695145773004,243.79099695317913,251.52101665945543,18147791.0,10,0.0
2022-11-13,251.52101665945543,259.4375168765441,250.72588980400744,255.402953737383,16385114.0,10,0.0
2022-11-14,255.402953737383,261.22747493829195,251.89339626198662,256.30977867564695,37882985.0,10,0.0
2022-11-15,256.30977867564695,258.3357913807722,252.91547414742212,255.41945140657353,16541428.0,10,0.0
2022-11-16,255.41945140657353,266.97238196287975,253.86190357168812,261.6624792274198,32076978.0,10,0.0
2022-11-17,261.6624792274198,269.0982052643246,258.9798004015401,264.7189497586527,33904310.0,10,0.0
2022-11-20,264.67555615341837,269.9510334818148,261.1114660050447,264.186027472917,21119052.0,10,0.0
2022-11-21,264.186027472917,268.15810389470494,259.7504757242026,263.82817831606627,29870062.0,10,0.0
2022-11-22,263.82817831606627,268.7163237962769,254.90014235917855,260.4820761334838,56250876.0,10,0.0
2022-11-23,260.4820761334838,267.02663006056184,258.67200014085233,261.77942068335045,40579740.0,10,0.0
2022-11-24,261.77942068335045,270.0243217953512,259.26451652362607,264.3713520582005,36968098.0,10,0.0
2022-11-27,264.3713520582005,274.8339742937395,262.4711602715177,270.39926366199853,26961548.0,10,0.0
2022-11-28,270.39926366199853,275.6559368002437,266.62187063096883,268.74106167711557,34080099.0,10,0.0
2022-11-29,268.74106167711557,276.8777731148128,267.16967092434356,273.7482730662441,37649098.0,10,0.0
2022-11-30,273.7482730662441,278.6448428651238,269.1318139635097,272.2467356435985,34605230.0,10,0.0
2022-12-01,272.2467356435985,280.94285587503225,269.5845518171302,274.9271534673568,23227450.0,10,0.0
2022-12-04,274.9271534673568,284.9467368948928,274.54067588383026,280.6998860921346,48458931.0,10,0.0
2022-12-05,280.6998860921346,289.01190458730235,278.13508642264793,281.7615728453294,37939477.0,10,0.0
2022-12-06,281.7615728453294,288.26083010244486,276.3813131247107,283.04599887601125,46849280.0,10,0.0
2022-12-07,283.04599887601125,296.0544573073598,281.9117825280779,289.16219578646644,102581782.0,10,0.0
2022-12-08,289.16219578646644,295.9238756707942,284.7596138564742,287.987850124607,59896384.0,10,0.0
2022-12-11,287.987850124607,299.141111734525,282.9875687620665,289.68064729060694,40667454.0,10,0.0
2022-12-12,289.68064729060694,299.49324414901247,279.69723967424693,294.49259998479823,50612830.0,10,0.0
2022-12-13,294.49259998479823,306.8184802004728,287.72413089181543,299.61705756255014,70102850.0,10,0.0
2022-12-14,299.61705756255014,320.33798663029654,298.19501186481756,314.5784071988949,132263916.0,10,0.0
2022-12-15,314.5784071988949,326.28198289250963,306.9035885309559,313.31923018211086,124135352.0,10,0.0
2022-12-18,313.31923018211086,320.6375473918449,299.92698421759206,309.534561916163,45637301.0,10,0.0
2022-12-19,309.534561916163,319.5520043096062,300.47771639187187,310.8380518108389,52467379.0,10,0.0
2022-12-20,310.8380518108389,325.33404196068005,306.17965920467515,318.0081182346979,94187061.0,10,0.0
2022-12-21,318.0081182346979,325.9711320869742,310.5348850788083,319.07059810028875,74724067.0,10,0.0
2022-12-22,319.07059810028875,329.6282424237773,312.7769531715605,316.60560521706435,80887461.0,10,0.0
2022-12-25,316.60560521706435,322.7065053733679,303.7136113481606,313.0905277873693,40002576.0,10,0.0
2022-12-26,313.0905277873693,325.2059924237576,310.6437282093901,321.28967008977145,29335904.0,10,0.0
2022-12-27,321.28967008977145,327.7264109363353,315.471074884793,318.23661903108723,31248717.0,10,0.0
2022-12-28,318.23661903108723,323.86598386657084,314.0317980583014,318.917010397228,30411899.0,10,0.0
2022-12-29,318.917010397228,331.5986614884884,315.3446702753812,319.8011975504872,53314188.0,10,0.0
2023-01-02,319.8011975504872,332.1564466258113,317.6613097167967,328.48111236525136,69545005.0,10,0.0
2023-01-03,328.48111236525136,336.9018194014476,326.39192665053497,330.7400093163837,103107747.0,10,0.0
2023-01-04,330.7400093163837,342.6635939307598,311.18698627359464,336.80254582556177,111130348.0,10,0.0
2023-01-05,336.80254582556177,352.0384723982002,333.8995369270244,341.35741024928416,85814092.0,10,0.0
2023-01-09,341.35741024928416,357.23846287532194,336.63442217734234,347.0797811484711,143040309.0,10,0.0
2023-01-10,347.0797811484711,350.91676835959646,329.5447329303256,332.7649165848454,103419004.0,10,0.0
2023-01-11,332.7649165848454,350.435234794158,321.56814133752476,333.44382384605876,141042326.0,10,0.0
2023-01-12,333.44382384605876,344.21681517803967,322.49565750383204,336.6421334947354,71285593.0,10,0.0
2023-01-15,336.6421334947354,351.2652773782061,332.7292310427633,344.06463603911163,65676295.0,10,0.0
2023-01-16,344.06463603911163,357.2327042226429,341.55182850953645,348.13102988689235,76972343.0,10,0.0
2023-01-17,348.13102988689235,358.76474227323035,345.1910190988587,351.24006063558835,60916699.0,10,0.0
2023-01-18,351.24006063558835,359.25641780743894,338.703798595551,344.4890455363851,73647709.0,10,0.0
2023-01-19,344.4890455363851,352.5123109286407,338.89272339249294,345.1501999830058,111418309.0,10,0.0
2023-01-22,345.1501999830058,358.3048398772333,342.0503574589356,347.37412092166653,84760050.0,10,0.0
2023-01-23,347.37412092166653,354.3449182543197,341.7111866754687,345.08737750657525,148240464.0,10,0.0
2023-01-24,345.08737750657525,353.19916070375865,340.3820160614141,346.33705168270444,109071910.0,10,0.0
2023-01-25,346.33705168270444,354.71989581679406,344.4605333533245,349.46347929023244,79203104.0,10,0.0
2023-01-29,349.46347929023244,365.05817077151727,347.7284747872972,360.8606642856289,77166086.0,10,0.0
2023-01-30,360.8606642856289,367.6594493999873,344.2786867683184,350.36833058792257,107791875.0,10,0.0
2023-01-31,350.36833058792257,358.3294500936628,336.87201320649496,343.99824585197644,66556634.0,10,0.0
2023-02-01,343.99824585197644,350.19844341002283,331.59460982240915,340.30404053438986,49209227.0,10,0.0
2023-02-02,340.30404053438986,347.3919694788685,331.02567240926436,335.12114386635994,63056310.0,10,0.0
2023-02-05,335.0192151978179,340.44501721888645,316.35310581859756,328.9271993421374,76026718.0,10,0.0
2023-02-06,328.9271993421374,341.06593975869816,325.87446892395667,333.6727067537488,43407239.0,10,0.0
2023-02-07,333.6727067537488,348.155508707468,332.89499180570846,341.7429700551542,74894371.0,10,0.0
2023-02-08,341.7429700551542,346.83502692504277,333.07426587948106,338.1561977410319,70226409.0,10,0.0
2023-02-09,338.1561977410319,350.2545566837159,336.8061792251538,348.10529294105737,76143273.0,10,0.0
2023-02-12,348.10529294105737,354.86565948841525,342.9409486711448,345.4113173812621,51016645.0,10,0.0
2023-02-13,345.4113173812621,353.08240224396377,339.9881126023665,345.27112405823664,47101684.0,10,0.0
2023-02-14,345.27112405823664,356.9157777021402,343.2279269069203,352.0300467939245,106208587.0,10,0.0
2023-02-15,352.0300467939245,362.98780875818386,350.4637606116587,357.99961658728927,79640417.0,10,0.0
2023-02-16,357.99961658728927,368.73481228400505,354.9833934636569,362.93123514946296,116182887.0,10,0.0
2023-02-19,362.93123514946296,369.43340982856614,354.04635063280074,356.96636616312975,95588090.0,10,0.0
2023-02-20,356.96636616312975,362.3719041616859,343.2093432318839,348.17588759755716,63717966.0,10,0.0
2023-02-21,348.17588759755716,355.1094293786467,341.6046799275573,351.3611596962932,50948768.0,10,0.0
2023-02-22,351.3611596962932,356.9291938887079,340.4360331743353,345.2364401950289,46817541.0,10,0.0
2023-02-23,345.2364401950289,350.5473785540173,338.67514040970013,346.6584043762292,36171668.0,10,0.0
2023-02-26,346.6584043762292,365.0693147248887,344.8046845480988,359.8965513530366,48129979.0,10,0.0
2023-02-27,359.8965513530366,368.6668418203486,356.8713349353249,360.8379029235821,82515763.0,10,0.0
2023-02-28,360.8379029235821,366.34998345926624,352.58966402734336,362.5004021011859,78382597.0,10,0.0
2023-03-01,362.5004021011859,369.7864735763106,357.933553314655,362.86644690225575,93904042.0,10,0.0
2023-03-02,362.86644690225575,368.74119233322506,358.0265045910933,361.87174511731786,41391024.0,10,0.0
2023-03-05,361.87174511731786,368.0499175436857,352.20190975602895,362.1310871953266,37547704.0,10,0.0
2023-03-06,362.1310871953266,370.1793643760259,356.24282735947554,359.19116786235037,42964871.0,10,0.0
2023-03-07,359.19116786235037,365.1657994423798,347.61988839196067,354.52996160322255,40264473.0,10,0.0
2023-03-08,354.52996160322255,358.7958961340512,345.0196520638244,352.9220257824356,43502373.0,10,0.0
2023-03-09,352.9220257824356,361.96249771078925,346.86863895262934,356.6269177550677,33420730.0,10,0.0
2023-03-12,356.6269177550677,358.5555059622115,339.4645529028552,342.93723075694464,46827365.0,10,0.0
2023-03-13,342.93723075694464,349.3988696089717,316.699275075859,327.98122729774906,73452460.0,10,0.0
2023-03-14,327.98122729774906,333.8666824295609,312.95875874058845,330.0327553579713,38460646.0,10,0.0
2023-03-15,330.0327553579713,338.1837606548077,281.9887390156051,302.28105949482307,51588641.0,10,0.0
2023-03-16,302.28105949482307,313.4893823979043,284.49979435101216,303.5727715153896,79155016.0,10,0.0
2023-03-19,303.5727715153896,310.82779827840676,287.5965817385844,299.5583408887371,36836336.0,10,0.0
2023-03-20,299.5583408887371,317.70727549086416,297.37727807274774,311.0352648704693,46124112.0,10,0.0
2023-03-21,311.0352648704693,326.11915449983275,310.11439446662257,321.4053309063544,42579599.0,10,0.0
2023-03-22,321.4053309063544,328.39086841608463,310.11920294766077,316.0279143927577,35035954.0,10,0.0
2023-03-23,315.61389604743346,327.39637318726926,312.3270921004333,321.09189555879334,43445929.0,10,0.0
2023-03-26,321.09189555879334,342.8269961025693,320.89589891065214,336.9452527395183,57855585.0,10,0.0
2023-03-27,336.9452527395183,348.4571808879722,331.49508885352856,339.01216906998263,94405207.0,10,0.0
2023-03-28,339.01216906998263,348.1734155420432,328.98226099027767,342.2299204346886,44071045.0,10,0.0
2023-03-29,342.2299204346886,363.14327697384294,340.089909595174,354.9309752764811,81214203.0,10,0.0
2023-03-30,354.9309752764811,363.6943801909808,344.33737580017487,350.11848195443923,62491008.0,10,0.0
2023-04-02,350.11848195443923,360.0931176909496,346.9693573705961,355.8305417879596,23438041.0,10,0.0
2023-04-03,355.8305417879596,375.49076375274205,354.56076416513497,367.9379272190978,112551328.0,10,0.0
2023-04-04,367.9379272190978,374.0653337765132,360.8022145068356,365.4178039148232,98486018.0,10,0.0
2023-04-05,365.4178039148232,369.6522915361769,356.9832817145558,362.58742680822496,51778975.0,10,0.0
2023-04-06,362.58742680822496,368.40702144518593,356.02698686536434,359.58506895621974,59277523.0,10,0.0
2023-04-09,359.58506895621974,366.64239740163595,354.0596632552603,357.9635653014336,94246392.0,10,0.0
2023-04-10,357.9635653014336,366.8411982558081,356.03280811909167,361.4478256536777,100066230.0,10,0.0
2023-04-11,361.4478256536777,374.0286765193954,360.00767487694844,369.2495264759709,66256415.0,10,0.0
2023-04-12,369.2495264759709,377.69769284156644,363.14337459151454,366.86666740377694,65341959.0,10,0.0
2023-04-13,366.86666740377694,377.2106675492243,365.35650950983035,372.789357306694,60584714.0,10,0.0
2023-04-18,372.789357306694,391.68221904979896,368.6274102768492,384.1315863543179,83406089.0,10,0.0
2023-04-19,384.1315863543179,392.8268742767629,378.82789958139784,384.8883538009354,76275938.0,10,0.0
2023-04-26,384.8883538009354,393.1156469930455,380.1937301599357,387.4487296786947,47751485.0,10,0.0
2023-04-27,387.4487296786947,401.4146504677545,386.0331904042645,397.76765121849274,92854983.0,10,0.0
2023-04-30,397.76765121849274,412.77854107991976,393.00693923240317,399.05831177248876,112126813.0,10,0.0
2023-05-01,399.05831177248876,402.1067718475429,382.00357756154125,385.7173994465604,92571577.0,10,0.0
2023-05-02,384.5089134656139,389.2930795535415,375.9974577617071,382.86092632455967,65307321.0,10,0.0
2023-05-03,382.86092632455967,389.8523309199155,375.1243863245456,384.120665049021,61266315.0,10,0.0
2023-05-07,384.120665049021,387.32845424371664,374.3174252946361,382.4712362232497,53810369.0,10,0.0
2023-05-08,382.4712362232497,399.0545879115631,378.7388945075214,396.50927272804483,93911748.0,10,0.0
2023-05-09,396.50927272804483,403.78645015925423,386.6018946782301,388.9106743385881,111363861.0,10,0.0
2023-05-10,388.9106743385881,398.8985025029847,382.642102405264,396.28463118402226,106726428.0,10,0.0
2023-05-11,396.28463118402226,400.31324543200105,387.6844976637346,390.2039664440638,77158374.0,10,0.0
2023-05-14,390.2039664440638,399.73356144495534,383.8144979887818,393.68704639133347,95252441.0,10,0.0
2023-05-15,393.68704639133347,399.58275977836524,383.4158437307659,385.78650119235425,100670566.0,10,0.0
2023-05-16,385.78650119235425,388.0970308594246,361.15252455260617,380.8922510749809,73784254.0,10,0.0
2023-05-17,380.8922510749809,386.49256601329495,369.7507170459552,373.9025301497778,59655254.0,10,0.0
2023-05-18,373.9025301497778,377.57151222268766,362.6941017116501,372.9132487533806,50603288.0,10,0.0
2023-05-21,372.9132487533806,380.5671223478308,367.1764233923291,373.0789969097725,34002027.0,10,0.0
2023-05-22,373.0789969097725,380.06565762481284,366.3492694525484,368.63570421945707,41764497.0,10,0.0
2023-05-23,368.63570421945707,373.81881773680396,360.18020682869155,369.1053738775932,60134673.0,10,0.0
2023-05-24,369.1053738775932,378.60133482586895,366.27498070766455,373.71209581755056,82974245.0,10,0.0
2023-05-25,373.71209581755056,380.62810369137156,369.3937786094865,373.251736318266,37671247.0,10,0.0
2023-05-28,373.251736318266,379.989952310482,369.3734941081091,374.18224075168064,40692653.0,10,0.0
2023-05-29,374.18224075168064,378.69314255502667,370.1798766796442,375.5671227187352,53009011.0,10,0.0
2023-05-30,375.5671227187352,385.81126859809143,373.7357145273535,380.0733449739442,94161757.0,10,0.0
2023-05-31,380.0733449739442,387.2180364262326,375.39297097844985,378.8735143919383,102545403.0,10,0.0
2023-06-01,378.8735143919383,386.0658152554404,375.93331662578385,380.60928247933924,119970827.0,10,0.0
2023-06-04,380.60928247933924,390.9090676751713,375.8184445503487,382.243611769392,172781064.0,10,0.0
2023-06-05,382.243611769392,389.18561343154755,374.83180845707756,379.73427891610373,94300823.0,10,0.0
2023-06-06,379.73427891610373,393.22767100917565,376.21002292483394,388.1668350807972,149494259.0,10,0.0
2023-06-07,388.1668350807972,393.88266797142177,378.7024621141305,382.25111842133947,139333936.0,10,0.0
2023-06-08,382.25111842133947,390.30640252627836,377.9174920867808,385.54902881917917,70900105.0,10,0.0
2023-06-11,385.54902881917917,396.93413846733483,382.78449077744807,390.45429781152967,94587374.0,10,0.0
2023-06-12,390.45429781152967,395.5115836863481,385.7557075408256,390.9418956914959,35558933.0,10,0.0
2023-06-13,390.9418956914959,401.86834906317347,387.2887493776543,394.7940706583075,119356100.0,10,0.0
2023-06-14,394.7940706583075,402.94292673650943,389.6700096626581,394.5680133718124,98089528.0,10,0.0
2023-06-15,394.5680133718124,396.99295664516103,385.1133186537049,387.7763779086104,99305622.0,10,0.0
2023-06-18,387.7763779086104,396.25748650217014,386.7271310460461,391.96323635484396,67200761.0,10,0.0
2023-06-19,391.96323635484396,397.916783652267,384.4162090799139,388.86225471881744,96498396.0,10,0.0
2023-06-20,388.86225471881744,394.7713710914326,386.17953574869534,389.1173529730294,42146232.0,10,0.0
2023-06-21,389.1173529730294,392.0266871054016,381.21452450718414,383.4088820284088,43430901.0,10,0.0
2023-06-22,383.4088820284088,390.97485326559627,380.18390124945574,388.3727949117632,64036801.0,10,0.0
2023-06-25,388.3727949117632,394.76125332997555,380.39769958871096,385.67760109258717,89847003.0,10,0.0
2023-06-26,385.67760109258717,394.7219738909055,382.69582083996005,392.6487462312081,61586411.0,10,0.0
2023-07-04,392.6487462312081,397.6030706598679,387.144466335927,390.1157238235015,33501439.0,10,0.0
2023-07-05,390.1157238235015,396.46200156361385,385.2904720955708,389.284785105742,43621719.0,10,0.0
2023-07-06,389.284785105742,395.56425483856293,381.47190313423755,384.75515849062526,62836390.0,10,0.0
2023-07-09,384.75515849062526,388.8765601549286,361.27384099917697,367.2892818654161,93961001.0,10,0.0
2023-07-10,367.2892818654161,382.65411839057543,360.9346306626008,379.8250173980059,78773382.0,10,0.0
2023-07-11,379.8250173980059,388.9745561649101,374.09303161750023,382.7695102245077,61457518.0,10,0.0
2023-07-12,382.7695102245077,387.6286683630522,376.4560397409967,379.9612959177714,78121783.0,10,0.0
2023-07-13,379.9612959177714,390.7599412146907,377.4636027506496,386.4735227041162,76292389.0,10,0.0
2023-07-16,386.4735227041162,393.5037271603902,383.6554351060799,385.72696614587164,58453734.0,10,0.0
2023-07-17,385.72696614587164,393.63522835825734,381.6499153150394,386.13568152961096,40806631.0,10,0.0
2023-07-18,386.13568152961096,394.6025089740541,384.3938857430486,391.68442757202064,62418341.0,10,0.0
2023-07-19,391.68442757202064,395.8093651025738,387.2855582687549,390.9505059375693,41000481.0,10,0.0
2023-07-24,390.9505059375693,394.96672125101037,385.89043964410286,388.35540231089095,24994821.0,10,0.0
2023-07-25,388.35540231089095,392.8803456195347,381.2984526932354,383.86973323266847,34363042.0,10,0.0
2023-07-26,383.86973323266847,388.89006830047737,379.3775314218471,384.0113702986498,24455332.0,10,0.0
2023-07-27,384.0113702986498,387.374534036985,380.41309213084236,383.153262013869,31162813.0,10,0.0
2023-07-30,383.153262013869,396.5243153565439,380.7443708121253,389.67515986577723,55170360.0,10,0.0
2023-07-31,389.67515986577723,395.76952957894247,385.27445093420664,390.389691038997,54400197.0,10,0.0
2023-08-01,390.389691038997,397.0686733598734,384.69171693506087,388.43935892292086,60310728.0,10,0.0
2023-08-02,388.43935892292086,391.7980033377689,377.3052448996231,380.3485931818564,50157999.0,10,0.0
2023-08-03,380.3485931818564,385.97187334259905,376.7328750707212,380.779114233629,23647300.0,10,0.0
2023-08-06,380.779114233629,389.24561948411724,379.6321188822911,385.94820877665035,36448688.0,10,0.0
2023-08-07,385.94820877665035,393.1277657817748,384.7509754869758,388.42451676758503,39619051.0,10,0.0
2023-08-08,388.42451676758503,392.27137910842026,383.7825440266587,385.49593922091174,39398728.0,10,0.0
2023-08-09,385.49593922091174,391.0231957166592,382.43809733298,385.20196859401335,33830516.0,10,0.0
2023-08-10,385.20196859401335,389.3271004382183,381.70699251245,383.45578588822195,38498301.0,10,0.0
2023-08-13,383.45578588822195,389.40927463556204,381.6334124113129,386.3708535593161,31153529.0,10,0.0
2023-08-14,386.3708535593161,394.2178982990962,385.23540684954037,387.7183529830439,57284379.0,10,0.0
2023-08-15,387.7183529830439,390.7557859776984,383.76374765214155,386.1085480901424,24558596.0,10,0.0
2023-08-16,386.1085480901424,400.15555101089615,383.0840106295221,394.66479516407804,35040893.0,10,0.0
2023-08-17,394.66479516407804,397.602457671795,385.80307425713323,388.4405485686704,26765749.0,10,0.0
2023-08-20,388.4405485686704,395.60532324008284,386.0015158695069,389.3055682890544,20577515.0,10,0.0
2023-08-21,389.3055682890544,396.33784930971416,386.2089974114996,389.1647130114136,30641694.0,10,0.0
2023-08-22,389.1647130114136,397.7578600405772,388.0096935425423,392.4397650949298,26657449.0,10,0.0
2023-08-23,392.4397650949298,398.8992660913935,389.0508394690442,391.31548422046404,19889266.0,10,0.0
2023-08-24,391.31548422046404,398.0409001962195,387.13757186714156,392.7399366254221,27570827.0,10,0.0
2023-08-27,392.7399366254221,401.87642347902033,390.8071176747536,395.5282326319814,26866497.0,10,0.0
2023-08-28,395.5282326319814,403.2109324190065,392.26531273998285,394.4619007813303,30283093.0,10,0.0
2023-08-29,394.4619007813303,402.60078939722786,393.2917702217601,398.5520068093341,56792038.0,10,0.0
2023-08-30,398.5520068093341,404.696119702773,395.4124677889127,398.248429077404,37084358.0,10,0.0
2023-08-31,398.248429077404,403.71722921451817,394.29226180270643,396.95213933391346,38746964.0,10,0.0
2023-09-03,396.95213933391346,402.0904032401484,391.4623772068132,392.69338478354064,25799325.0,10,0.0
2023-09-04,392.69338478354064,402.75447570862093,390.9435133509992,398.28074601030374,23014973.0,10,0.0
2023-09-05,398.28074601030374,405.9496059088897,394.2749973615727,398.81503588314837,40503078.0,10,0.0
2023-09-06,398.81503588314837,409.00576710561893,394.80808738823055,401.9893174952181,62955571.0,10,0.0
2023-09-07,401.9893174952181,410.5150560823797,398.95750797437853,407.18984255946896,28316702.0,10,0.0
2023-09-10,407.18984255946896,416.8621398084447,400.0945687069566,413.5702543686666,38846113.0,10,0.0
2023-09-11,413.5702543686666,417.5442375882,403.6347850562254,406.00650936200924,25771439.0,10,0.0
2023-09-12,406.00650936200924,410.91552098896494,402.14081202068525,405.717666308845,28021037.0,10,0.0
2023-09-13,405.717666308845,412.23763004151385,402.4234084490631,408.5244204371877,23942673.0,10,0.0
2023-09-14,408.5244204371877,416.83141126515403,406.36526815077434,410.5778830207333,15753614.0,10,0.0
2023-09-17,410.5778830207333,416.44418945902856,408.03493819361813,411.4049411531121,21872787.0,10,0.0
2023-09-18,411.4049411531121,415.57584730684704,407.4441238104915,410.0332208895876,28738703.0,10,0.0
2023-09-19,410.0332208895876,417.0898519969365,405.89570368649254,411.38657435850905,28956307.0,10,0.0
2023-09-20,411.38657435850905,421.7128347080059,400.7916682661709,407.0507063594525,66722171.0,10,0.0
2023-09-21,407.0507063594525,414.74679533251594,401.9015051916285,410.15204453548535,39101497.0,10,0.0
2023-09-24,410.15204453548535,427.8552380263733,406.3110826078369,418.3158453486454,55752099.0,10,0.0
2023-09-25,418.3158453486454,426.73204796002415,413.4637526941793,419.1499331059868,44856549.0,10,0.0
2023-09-26,419.1499331059868,430.4129225106027,414.25479707466866,419.914842717626,68679484.0,10,0.0
2023-09-27,419.914842717626,428.22772892343255,408.75408783936854,418.3633633315238,64908356.0,10,0.0
2023-10-01,418.3633633315238,428.90014785185076,412.52384225952886,418.81709270352377,39883108.0,10,0.0
2023-10-02,418.81709270352377,423.51292624300703,394.99926829393746,411.78405460923835,34187993.0,10,0.0
2023-10-03,411.78405460923835,416.36628880612557,397.77783126450936,404.0214047260634,24499838.0,10,0.0
2023-10-04,404.0214047260634,412.84672285330157,398.8439329819071,409.29116992717525,16711473.0,10,0.0
2023-10-08,409.29116992717525,411.3249809534538,371.54137066454854,394.2515797382074,42875794.0,10,0.0
2023-10-09,394.2515797382074,401.72485683068544,386.60202548076586,395.66128792632475,13402217.0,10,0.0
2023-10-10,395.66128792632475,406.4167453321044,393.3970223769992,402.16453851687817,27982131.0,10,0.0
2023-10-11,402.16453851687817,410.128920742097,397.4640599446416,399.8743596209639,27565175.0,10,0.0
2023-10-12,399.8743596209639,409.3071272335673,394.5784966245439,403.5692709806927,28017765.0,10,0.0
2023-10-15,403.5692709806927,423.1707748511784,401.29431508849405,413.31359241479674,46985709.0,10,0.0
2023-10-16,413.31359241479674,454.316389615647,412.67453347129543,445.81572852719876,75572715.0,10,0.0
2023-10-17,445.81572852719876,467.8536748617456,435.7873716863191,457.6065273854733,89269354.0,10,0.0
2023-10-18,457.6065273854733,480.40280792618375,451.02087056181836,464.52270929143907,107264592.0,10,0.0
2023-10-19,464.52270929143907,479.12638554962047,456.60502590119603,461.74745100777625,91063119.0,10,0.0
2023-10-22,461.74745100777625,475.53268173114265,458.0899941813014,467.88501788624416,35491912.0,10,0.0
2023-10-23,467.88501788624416,497.74981002223024,465.412169962241,490.53012460812045,74499967.0,10,0.0
2023-10-24,490.53012460812045,517.8097569546724,479.67820343048425,501.5953436780451,74913388.0,10,0.0
2023-10-25,501.5953436780451,542.0391199902616,498.2482804153194,526.0868540137773,76209189.0,10,0.0
2023-10-26,526.0868540137773,546.4880249232463,507.5317376416781,524.0698259837623,85881382.0,10,0.0
2023-10-29,524.0698259837623,534.4521382070906,507.90242128901076,514.2938856115129,75454554.0,10,0.0
2023-10-30,518.0312404044402,536.9773204082347,507.12037047883416,524.8371976753131,71937429.0,10,0.0
2023-10-31,524.8371976753131,536.7235334928636,491.23301527115746,495.239188864894,66013579.0,10,0.0
2023-11-01,495.239188864894,509.7051878065989,479.435404047127,492.1864013108885,32821581.0,10,0.0
2023-11-02,492.1864013108885,512.0545242622137,488.2916393663041,499.75394667511597,59159578.0,10,0.0
2023-11-05,499.75394667511597,522.2674838090318,496.82705263129907,510.3893349205082,66105445.0,10,0.0
2023-11-06,510.3893349205082,524.6756133613601,499.32763279777265,505.3338988846998,60864737.0,10,0.0
2023-11-07,505.3338988846998,529.0280716439713,499.01583584470944,516.5672496354218,70412991.0,10,0.0
2023-11-08,516.5672496354218,537.0290253920379,511.80239026998527,523.2683878060096,66907647.0,10,0.0
2023-11-09,523.2683878060096,539.918802193019,515.3266337588117,524.4139877614994,47408086.0,10,0.0
2023-11-12,524.4139877614994,533.0207087775467,512.02499294909,516.4793566196671,30215780.0,10,0.0
2023-11-13,516.4793566196671,531.507607206188,509.89264322198096,518.5355174509889,29358414.0,10,0.0
2023-11-14,518.5355174509889,532.7633963867805,512.3287340370649,519.0300378199647,45035011.0,10,0.0
2023-11-15,519.0300378199647,530.1064546905843,513.4213505905273,518.8572390982812,30902402.0,10,0.0
2023-11-16,518.8572390982812,532.7573374507482,517.1533216789893,524.8839063952512,49677091.0,10,0.0
2023-11-19,524.8839063952512,540.2055018210027,523.3562186849164,532.9754028998619,73266766.0,10,0.0
2023-11-20,532.9754028998619,545.8007468203105,522.8869854078189,529.1138715879299,50810577.0,10,0.0
2023-11-21,529.1138715879299,537.0108377953184,516.2283815476102,524.6856346258041,34444109.0,10,0.0
2023-11-22,524.6856346258041,539.5246042015411,522.680670399263,529.3024484477215,41178491.0,10,0.0
2023-11-23,529.3024484477215,542.8743605426887,525.0791584510416,533.3021714908253,74809522.0,10,0.0
2023-11-26,533.3021714908253,541.7161833204057,527.1870956184135,530.9339058009072,98264574.0,10,0.0
2023-11-27,530.9339058009072,544.6192964343062,524.9865662551229,534.1616234712055,113765058.0,10,0.0
2023-11-28,534.1616234712055,540.911519802042,521.012147721339,527.5973459873355,73308614.0,10,0.0
2023-11-29,527.5973459873355,535.9861008849799,514.7922785189791,520.1329594288196,55673151.0,10,0.0
2023-11-30,520.1329594288196,536.3936574046371,516.5311963222903,526.1640847061458,68482121.0,10,0.0
2023-12-03,526.1640847061458,542.7639355324113,519.8559058084759,530.9194372137376,97034992.0,10,0.0
2023-12-04,530.9194372137376,547.3918660504858,529.5999977413719,539.7677566740842,86727810.0,10,0.0
2023-12-05,539.7677566740842,550.1906542072313,531.2508322097236,535.2780626584436,155041500.0,10,0.0
2023-12-06,535.2780626584436,542.9260391799957,519.7676278533469,522.4183084307674,102817367.0,10,0.0
2023-12-07,522.4183084307674,525.1053321585267,501.4885345244657,513.774717495466,93363145.0,10,0.0
2023-12-10,513.774717495466,526.8238928854967,502.87765308863834,506.84940524056,64878444.0,10,0.0
2023-12-11,506.84940524056,511.32669777441674,487.8499172798231,494.88720053676496,54351517.0,10,0.0
2023-12-12,494.88720053676496,505.5004420588322,485.8645250994764,493.60916954887733,55206663.0,10,0.0
2023-12-13,493.60916954887733,516.5189227149867,489.86442269139064,511.54903325059456,69900717.0,10,0.0
2023-12-14,511.54903325059456,521.7626663024279,507.4590243749658,512.004809860199,70760211.0,10,0.0
2023-12-17,512.004809860199,532.2058632864548,510.6290731848831,523.7882045433753,44497447.0,10,0.0
2023-12-18,523.7882045433753,550.8632533796044,523.1732022403935,536.082421816276,58424085.0,10,0.0
2023-12-19,536.082421816276,551.7265886850313,524.7450945941101,532.0616230392179,74245588.0,10,0.0
2023-12-20,532.0616230392179,542.7242616653319,522.6494693750277,528.7721331428892,32899212.0,10,0.0
2023-12-21,528.7721331428892,542.1384835407063,517.6089341288193,524.3876983399052,52333509.0,10,0.0
2023-12-24,524.3876983399052,537.6155126406686,512.6734074244142,515.8222660302592,37088629.0,10,0.0
2023-12-25,515.8222660302592,524.6898182543681,505.55959848637525,515.040622169848,44002790.0,10,0.0
2023-12-26,515.040622169848,524.8263192595534,505.4776747305297,511.1970304089469,39390997.0,10,0.0
2023-12-27,511.1970304089469,532.5895820477764,510.5592077805575,524.8735924723161,46508537.0,10,0.0
2023-12-28,524.8735924723161,539.476872410683,520.1317647167673,527.0325967073459,40277372.0,10,0.0
2023-12-31,527.0325967073459,539.1583016594022,524.2021072547066,530.7320502923238,31535281.0,10,0.0
2024-01-02,530.7320502923238,553.8916915191384,529.7961708911046,549.2984876971004,104060255.0,10,0.0
2024-01-03,549.2984876971004,565.7310705435415,544.6452378605683,553.3584163691518,186003664.0,10,0.0
2024-01-04,553.3584163691518,557.7408884146786,540.5325116439116,544.4385896489351,92221087.0,10,0.0
2024-01-08,544.4385896489351,550.4825692227313,535.7745493788834,540.9774569008407,58248932.0,10,0.0
2024-01-09,540.9774569008407,551.1484680303969,536.0362706350621,545.4672910700239,80041535.0,10,0.0
2024-01-10,545.4672910700239,555.1214939627396,541.3994132047503,546.2179474817389,76367642.0,10,0.0
2024-01-11,546.2179474817389,555.7486141877374,540.6454991843506,548.2181307504902,70245717.0,10,0.0
2024-01-14,548.2181307504902,566.0751373389832,547.0883122878172,559.6153183284156,50101700.0,10,0.0
2024-01-15,559.6153183284156,575.0444803496964,554.9203784610247,565.6839146100845,75642510.0,10,0.0
2024-01-16,565.6839146100845,601.1489897806197,561.2736771126631,591.2631072242343,157327830.0,10,0.0
2024-01-17,591.2631072242343,606.6208158776376,578.4885285279262,584.6207738616498,124911867.0,10,0.0
2024-01-18,584.6207738616498,604.3552090388188,579.4019419077558,593.5617634950398,113145234.0,10,0.0
2024-01-21,593.5617634950398,643.257046518744,591.5155709974644,630.1009393448059,142011244.0,10,0.0
2024-01-22,630.1009393448059,657.0751572387982,620.0891853008541,633.0349138505699,289902279.0,10,0.0
2024-01-23,633.0349138505699,650.4105822286081,615.6180779679306,624.4297580001326,268871661.0,10,0.0
2024-01-24,624.4297580001326,645.4949649630789,617.9035546888466,631.8114458614688,212902140.0,10,0.0
2024-01-28,631.8114458614688,679.9706293394642,624.1807533518497,658.4042930515162,169650392.0,10,0.0
2024-01-29,658.4042930515162,682.3939490359587,644.9877117471998,658.1330164740801,127015531.0,10,0.0
2024-01-30,658.1330164740801,688.5595726158946,648.0384424970786,671.6574233196121,164350389.0,10,0.0
2024-01-31,671.6574233196121,681.7918318443254,582.0894953160921,604.3454533137765,203290778.0,10,0.0
2024-02-01,604.3454533137765,637.5336637995537,553.4728125483077,626.5361722559376,108475520.0,10,0.0
2024-02-04,626.5361722559376,656.5541385098173,596.2948882364346,635.4296538390103,65063909.0,10,0.0
2024-02-05,635.4296538390103,665.970058939743,621.4651657198339,641.304024763494,116093201.0,10,0.0
2024-02-06,641.304024763494,672.8720635747003,619.7050656097911,646.0344346885976,137007901.0,10,0.0
2024-02-07,646.0344346885976,666.1564453972369,634.0875600333569,646.2977720913626,91193010.0,10,0.0
2024-02-08,646.2977720913626,664.8491292856397,631.9602150930738,646.9747469353974,86769101.0,10,0.0
2024-02-11,646.9747469353974,669.3186717323063,638.4856489915379,650.7473905182866,75715284.0,10,0.0
2024-02-12,650.7473905182866,664.2523611048118,630.7689045062549,648.120768416233,57121627.0,10,0.0
2024-02-13,648.120768416233,684.8533350872842,641.7451225644678,663.4489640886636,71317963.0,10,0.0
2024-02-14,663.4489640886636,685.7753245313204,654.77831402066,669.0574297853075,117374717.0,10,0.0
2024-02-15,669.0574297853075,691.3249171863035,663.7464180715637,675.5782938498992,168022191.0,10,0.0
2024-02-18,675.5782938498992,696.2469502757963,667.7462501549932,678.0058880171622,156284787.0,10,0.0
2024-02-19,678.0058880171622,697.2358666258859,668.6831344548326,681.9940193838353,135718434.0,10,0.0
2024-02-20,681.9940193838353,697.1596286274964,673.0575344343812,678.8678134454411,172190846.0,10,0.0
2024-02-21,678.8678134454411,694.1540838819013,672.0379894941001,677.8613928671161,90472293.0,10,0.0
2024-02-22,677.8613928671161,702.5812082610427,669.0086122502979,686.4610611288045,86155361.0,10,0.0
2024-02-25,686.4610611288045,748.6317576050726,633.2188882363201,705.7354636851549,117547875.0,10,0.0
2024-02-26,705.7354636851549,775.1413504515506,675.2331172932279,724.772243201512,89220609.0,10,0.0
2024-02-27,724.772243201512,795.2797144804845,708.6119442223666,743.4358212842866,123898009.0,10,0.0
2024-02-28,743.4358212842866,793.5967122222396,724.8649649581264,743.4222626148447,76931895.0,10,0.0
2024-02-29,743.4222626148447,770.5274140032906,717.4969981249195,747.0872066811719,56840434.0,10,0.0
2024-03-03,747.0872066811719,787.9959984440362,729.5901588467524,760.7481706170513,60702969.0,10,0.0
2024-03-04,760.7481706170513,813.1575952446553,746.3220742114773,789.7152142412048,110213980.0,10,0.0
2024-03-05,789.7152142412048,828.2173171692984,761.7976932458597,777.2864899389521,96548395.0,10,0.0
2024-03-06,777.2864899389521,818.8331229745238,726.8254867629906,740.6678407990497,94169564.0,10,0.0
2024-03-07,740.6678407990497,771.9503968289131,706.3805997396657,747.3829523991549,55240623.0,10,0.0
2024-03-10,747.3829523991549,792.9741817558402,742.516294148664,767.096074079857,121238490.0,10,0.0
2024-03-11,767.096074079857,792.0336925144628,738.4267886582304,747.484525931903,146980037.0,10,0.0
2024-03-12,747.484525931903,782.7684222306649,710.4403249681882,752.4549496326421,59615131.0,10,0.0
2024-03-13,752.4549496326421,777.2956439289474,698.2796634700246,724.4281516239763,102717677.0,10,0.0
2024-03-14,724.4281516239763,745.334656067777,685.5736391598145,726.9549113208637,64983754.0,10,0.0
2024-03-17,726.9549113208637,745.6235054261322,706.1806565023356,715.1315234038586,124641540.0,10,0.0
2024-03-18,715.1315234038586,720.1581961976204,645.5918082324158,657.4352446635532,91976294.0,10,0.0
2024-03-19,657.4352446635532,665.0108822636918,616.0436484710096,644.2561117130558,61762285.0,10,0.0
2024-03-20,644.2561117130558,681.2267197178844,640.0367920517393,653.0432598570341,64655921.0,10,0.0
2024-03-21,653.0432598570341,683.643821430089,632.267763374207,661.8446924862859,99059326.0,10,0.0
2024-03-24,661.8446924862859,682.6648741559326,642.1450306984605,657.7877458975306,88094974.0,10,0.0
2024-03-25,657.7877458975306,675.4559974789993,649.9859218319057,670.3760726344215,48740079.0,10,0.0
2024-03-26,670.3760726344215,688.5086501171473,656.9622344662704,667.9882006832106,75888601.0,10,0.0
2024-03-27,667.9882006832106,675.7061703686277,640.3840207854305,651.5732139520874,50678807.0,10,0.0
2024-03-28,651.5732139520874,661.7441765360344,624.2920315025088,640.6016709735499,55683286.0,10,0.0
2024-03-31,640.6016709735499,660.0873125056057,607.4588928799712,626.7552459669301,59284303.0,10,0.0
2024-04-01,626.7552459669301,667.3985435701645,620.4780080683387,654.4716213714405,103133642.0,10,0.0
2024-04-02,654.4716213714405,677.9069372752059,645.1522685161596,650.6593880849445,99049531.0,10,0.0
2024-04-03,650.6593880849445,660.0816667923683,635.639369447645,648.564380868132,56658670.0,10,0.0
2024-04-04,648.564380868132,679.9806606709891,646.4600145064663,668.3222207042551,124838951.0,10,0.0
2024-04-07,668.3222207042551,703.0827754013056,649.0522703614729,671.5238300225541,71992727.0,10,0.0
2024-04-08,671.5238300225541,691.8095970086564,662.7308118805049,682.8041258022992,53030010.0,10,0.0
2024-04-15,682.8041258022992,720.7944134014771,677.4421049962812,706.2798383026751,71670437.0,10,0.0
2024-04-16,706.2798383026751,722.2399737851191,689.1236062667274,695.1641123063905,141660431.0,10,0.0
2024-04-17,695.2635003307897,716.7521303533922,689.7995980946654,700.9300437693739,79796772.0,10,0.0
2024-04-18,700.9300437693739,714.6511001156003,638.911522800693,668.8321854051133,95950285.0,10,0.0
2024-04-21,668.8321854051133,692.5440170805845,662.1522481151585,670.8550263889765,54096764.0,10,0.0
2024-04-22,670.8550263889765,681.3277721435727,648.4205488156447,655.184038279378,32387069.0,10,0.0
2024-04-23,655.184038279378,664.7988127821457,612.2218310989955,619.0056569911042,56022217.0,10,0.0
2024-04-24,619.0056569911042,631.3476109308012,573.5989069445637,607.5434902592426,114474052.0,10,0.0
2024-04-28,607.5434902592426,617.7206224010386,562.0531077162298,568.3764841945102,68253803.0,10,0.0
2024-04-29,568.3764841945102,612.2829202671343,561.2075145464323,607.5355674937261,52667787.0,10,0.0
2024-04-30,607.5355674937261,619.0990205871843,557.1094466650347,565.7755646918562,58165756.0,10,0.0
2024-05-01,565.7755646918562,599.0847020848528,549.0068043141232,588.6556749111436,43751917.0,10,0.0
2024-05-02,588.6556749111436,618.4559882789262,581.7141753833729,611.2600448327031,35777123.0,10,0.0
2024-05-07,611.2600448327031,624.336743378994,586.7290273686904,608.585616689944,27303639.0,10,0.0
2024-05-08,608.585616689944,634.0891591037197,595.3623405920675,607.5661545958931,47694093.0,10,0.0
2024-05-09,607.5661545958931,618.3986563700572,596.7727509649355,607.257654015035,29688606.0,10,0.0
2024-05-12,607.257654015035,617.9658240058928,571.0201301935243,581.184683361923,34010870.0,10,0.0
2024-05-13,581.184683361923,593.660102938915,554.1180020372083,583.4036940278833,26145603.0,10,0.0
2024-05-14,583.4036940278833,595.1157123889653,568.5605328450196,579.0317359918482,30785689.0,10,0.0
2024-05-15,579.0317359918482,591.0619111547372,568.8557216120199,576.7351374698488,31897708.0,10,0.0
2024-05-16,576.7351374698488,597.845791040675,572.9056436027159,594.1739957878781,44477554.0,10,0.0
2024-05-19,594.1739957878781,625.8424231832909,591.906626879378,617.5801199836151,49093496.0,10,0.0
2024-05-20,617.5801199836151,646.9197012477117,610.0361554920022,627.2866850259483,44102349.0,10,0.0
2024-05-21,627.2866850259483,645.7786935648718,613.6895713658909,620.3923824667487,41905812.0,10,0.0
2024-05-22,620.3923824667487,639.5167894324878,613.0793917605891,623.4182406998357,59298499.0,10,0.0
2024-05-23,623.4182406998357,639.7005392003468,616.5416586232744,622.9130654237827,36338302.0,10,0.0
2024-05-26,622.9130654237827,637.9511434733884,617.4780074401383,629.6474551981283,71968243.0,10,0.0
2024-05-27,629.6474551981283,645.5229815809516,618.6882224207558,625.7919372955968,74980819.0,10,0.0
2024-05-28,625.7919372955968,628.9267863558373,602.2815627115174,619.3617322892492,38344582.0,10,0.0
2024-05-29,619.3617322892492,628.2781487756235,608.8334996894735,615.3656340419394,70124812.0,10,0.0
2024-05-30,615.3656340419394,632.3093747624977,595.0088567840211,606.2870681931289,167302688.0,10,0.0
2024-06-02,606.2870681931289,618.5652130399959,593.2803197084778,600.226352970545,42750429.0,10,0.0
2024-06-03,600.226352970545,611.7804857280979,594.4906192730202,600.0164726667613,35546626.0,10,0.0
2024-06-04,600.0164726667613,616.0912455394233,597.3302800806906,603.3198023503645,32698713.0,10,0.0
2024-06-05,603.3198023503645,607.7126321634948,575.4694418103165,592.5573965954212,40342292.0,10,0.0
2024-06-06,592.5573965954212,600.662129750431,581.4737481342775,587.9465616905253,16898429.0,10,0.0
2024-06-09,587.9465616905253,593.1235553668299,560.2053651327375,566.9230796339664,24904869.0,10,0.0
2024-06-10,566.9230796339664,583.5598749320935,554.2957917645765,576.0095353614868,24305986.0,10,0.0
2024-06-11,576.0095353614868,599.8832071667211,570.1146348301669,584.0587801097105,39262501.0,10,0.0
2024-06-12,584.0587801097105,597.0380626458121,573.9043682650858,589.0467958663716,39567561.0,10,0.0
2024-06-13,589.0467958663716,604.9069010908133,581.5388743384859,595.5982900400245,40259673.0,10,0.0
2024-06-23,595.5982900400245,614.776149724341,593.2709421393768,609.2992956911385,42144471.0,10,0.0
2024-06-24,609.2992956911385,621.951502533687,602.5401025175248,608.6040674961561,36053762.0,10,0.0
2024-06-25,608.6040674961561,620.9092352833468,598.9389324266226,615.7860626836929,27405959.0,10,0.0
2024-06-26,615.7860626836929,635.0555484442087,610.8297427019259,621.2842113958744,120328867.0,10,0.0
2024-06-27,621.2842113958744,632.8124239924323,611.6070477879582,619.2736361684615,72931791.0,10,0.0
2024-07-01,619.2736361684615,635.8072699903232,615.2996026760228,625.5398282128551,49774874.0,10,0.0
2024-07-02,625.5398282128551,638.6088204369964,615.1469386144182,626.7481357562598,40969607.0,10,0.0
2024-07-03,626.7481357562598,640.401976248917,621.224004987374,627.4894634743565,45132772.0,10,0.0
2024-07-04,627.4894634743565,639.8117340412514,623.9829767705828,632.2042344780173,29274089.0,10,0.0
2024-07-07,632.2042344780173,651.0361448834101,626.4907070363761,640.6293339083923,48246953.0,10,0.0
2024-07-08,640.6293339083923,655.5016155369232,628.4262690296581,637.1578490747488,42148032.0,10,0.0
2024-07-09,637.1578490747488,645.8097467715334,626.6949887254941,633.7043048790642,24305904.0,10,0.0
2024-07-10,633.7043048790642,649.2092741323081,627.2226515641504,635.7732102026305,82167859.0,10,0.0
2024-07-14,635.7732102026305,645.9912107808032,620.8930834589679,625.3207201613957,81655517.0,10,0.0
2024-07-15,625.3207201613957,637.5014200271497,619.2228736497295,623.0245151667506,69017975.0,10,0.0
2024-07-16,623.0245151667506,632.3778049220919,616.0170887445246,620.8081129409347,47232556.0,10,0.0
2024-07-17,620.8081129409347,640.1316539821127,617.428552842496,632.696715829984,38358473.0,10,0.0
2024-07-18,632.696715829984,648.4109920985024,627.1354624559358,637.5679298366208,49729234.0,10,0.0
2024-07-21,637.5679298366208,651.089742043625,633.193093106904,643.1859123494387,53005475.0,10,0.0
2024-07-22,643.1859123494387,655.086264783658,635.2145253497822,641.4584432175815,102191374.0,10,0.0
2024-07-23,641.4584432175815,650.2631328740664,634.8015759437093,640.558489087142,61524950.0,10,0.0
2024-07-24,640.558489087142,652.211474886456,635.2932884440679,642.1361689911064,78220313.0,10,0.0
2024-07-28,642.1361689911064,653.0896700761907,634.4398050132403,641.4309681455486,66672308.0,10,0.0
2024-07-29,641.4309681455486,650.6971360086891,631.4836885255886,634.3992009390165,92084171.0,10,0.0
2024-07-30,634.3992009390165,657.2348465330645,630.5252211659072,649.8727529284187,49995254.0,10,0.0
2024-07-31,649.8727529284187,665.0094809179125,644.2075758053561,657.9015509209102,39287474.0,10,0.0
2024-08-01,657.9015509209102,672.6246475485704,649.3339160145151,654.5004249143235,39899118.0,10,0.0
2024-08-04,654.5004249143235,656.0922823721243,619.56682954167,629.4991242121806,53947305.0,10,0.0
2024-08-05,629.4991242121806,631.8711923462469,588.5656934588186,607.6221948215604,53020761.0,10,0.0
2024-08-06,607.6221948215604,631.5010854330583,605.0696190302116,624.3325706326037,26446561.0,10,0.0
2024-08-07,624.3325706326037,646.0795098525523,620.3319747574353,640.6124532291917,31242682.0,10,0.0
2024-08-08,640.6124532291917,651.2278967811138,628.7258601644946,639.4836988174817,31136531.0,10,0.0
2024-08-11,639.4836988174817,664.7353517038646,639.02411686245,656.6876218848805,46670278.0,10,0.0
2024-08-12,656.6876218848805,673.4195613341432,645.9599423979212,653.774823625945,64851874.0,10,0.0
2024-08-13,653.774823625945,666.0779626784132,644.7459232285646,648.2839214720261,30378554.0,10,0.0
2024-08-14,648.2839214720261,674.8477174888216,639.7649126871007,661.8881884193053,38856051.0,10,0.0
2024-08-15,661.8881884193053,680.2200802564338,650.1170933200632,659.7562699819324,37247214.0,10,0.0
2024-08-18,659.7562699819324,677.2961589895828,651.9307061101097,662.8981000071216,80757292.0,10,0.0
2024-08-19,662.8981000071216,683.2023923827355,653.5978632434317,661.6713648111195,57260918.0,10,0.0
2024-08-20,661.6713648111195,671.430235860465,653.1378249379319,662.4355211296867,27006984.0,10,0.0
2024-08-21,662.4355211296867,680.3317430297154,653.6613436590262,665.5311823995331,126533410.0,10,0.0
2024-08-22,665.5311823995331,683.5571513670101,651.0645585289553,666.5533349156835,111577810.0,10,0.0
2024-08-25,666.5533349156835,681.3206941963155,656.4625998724074,662.1972208574043,49610249.0,10,0.0
2024-08-26,662.1972208574043,678.2560537192855,657.1997024596487,666.3467770857309,120229245.0,10,0.0
2024-08-27,666.3467770857309,689.0579774244665,661.0422440929865,681.0731521913809,135484447.0,10,0.0
2024-08-28,681.0731521913809,695.2235023984915,657.3752551409601,681.6516258839537,74750044.0,10,0.0
2024-08-29,681.6516258839537,697.5786899431099,672.6802817266197,685.6066182605931,131918072.0,10,0.0
2024-09-01,685.6066182605931,706.8102652398944,681.9996396373712,695.2831214070466,127389100.0,10,0.0
2024-09-02,695.2831214070466,708.6841162141624,686.1106289011918,692.493852800347,85976543.0,10,0.0
2024-09-03,692.493852800347,712.5571295102538,685.8304236832856,700.8148519647063,72616269.0,10,0.0
2024-09-04,700.8148519647063,708.1587926260439,686.9903519254705,699.3294326919585,55674088.0,10,0.0
2024-09-05,699.3294326919585,712.9269390631761,691.8762300880412,697.1003420456417,43014309.0,10,0.0
2024-09-08,697.1003420456417,704.5594967229724,678.6929085843108,681.8708758197467,55464625.0,10,0.0
2024-09-09,681.8708758197467,691.6592663144047,676.146578434942,680.6053358684029,35931756.0,10,0.0
2024-09-10,680.6053358684029,693.3006088231842,672.6008452414645,680.4025515766806,51763027.0,10,0.0
2024-09-11,680.4025515766806,689.7719598314256,667.9536804897979,680.5782791081376,39449144.0,10,0.0
2024-09-12,680.5782791081376,695.2823448856582,673.5285196788042,681.08977781267,45453065.0,10,0.0
2024-09-16,681.08977781267,700.0667095107976,670.9349267138915,675.7339211992231,46984189.0,10,0.0
2024-09-17,675.7339211992231,685.5411837892937,667.1115034905267,673.420031403955,53802931.0,10,0.0
2024-09-18,673.420031403955,681.3368894618158,666.8581451354459,673.9205235330767,28084093.0,10,0.0
2024-09-19,673.9205235330767,699.0347674721321,670.4340170967881,688.6215338547672,45363967.0,10,0.0
2024-09-22,688.6215338547672,703.011388439544,684.834810526892,691.2222330905873,38248912.0,10,0.0
2024-09-23,691.2222330905873,701.2216106944157,682.4140332162603,690.0250747598284,40048019.0,10,0.0
2024-09-24,690.0250747598284,696.6092779012445,682.4998817403352,686.6355768439381,23455075.0,10,0.0
2024-09-25,686.6355768439381,696.6047520960681,683.4993803557106,691.4630170626243,28375261.0,10,0.0
2024-09-26,691.4630170626243,710.6918989003105,690.6070600445082,698.1065982698611,70898085.0,10,0.0
2024-09-29,698.1065982698611,718.0693544279989,694.805992013985,710.682720249057,76850787.0,10,0.0
2024-09-30,710.682720249057,721.7522189482357,702.2633861193021,710.6019356978491,48359268.0,10,0.0
2024-10-01,710.6019356978491,725.5806963367055,703.8367839814277,715.4198394572605,51412683.0,10,0.0
2024-10-02,715.4198394572605,718.0845664084566,693.4848983279776,698.5723189605931,54575972.0,10,0.0
2024-10-03,698.5723189605931,714.4566128589628,696.2425064040215,708.3777245803585,35733909.0,10,0.0
2024-10-07,708.3777245803585,750.036909448899,701.9802520451508,728.6416899447036,42844712.0,10,0.0
2024-10-08,728.6416899447036,744.1929385214819,699.2182677287793,713.9498354734335,91723431.0,10,0.0
2024-10-09,713.9498354734335,730.2198570097614,708.8070004075621,719.6075692102731,37743650.0,10,0.0
2024-10-10,719.6075692102731,741.1540685109057,704.0543650261505,716.7283410896598,50723422.0,10,0.0
2024-10-13,716.7283410896598,727.6521272596744,689.0564063884594,697.3525118356847,42491622.0,10,0.0
2024-10-14,697.3525118356847,716.9393541800871,684.3097393755852,705.1982493991877,41548841.0,10,0.0
2024-10-15,705.1982493991877,741.5456128075894,702.8973984753038,733.0253557408008,45644638.0,10,0.0
2024-10-16,733.0253557408008,773.1276461881469,723.0453079533823,747.4865598671311,63086453.0,10,0.0
2024-10-17,747.4865598671311,771.9158110998591,714.4926881152653,731.1780713088461,45843870.0,10,0.0
2024-10-20,731.1780713088461,757.6761289180641,715.3672105769781,732.7804249506123,35289410.0,10,0.0
2024-10-21,732.7804249506123,761.8400554700012,709.6952383479256,755.2109385164458,31651317.0,10,0.0
2024-10-22,755.2109385164458,775.2276391798092,731.2876166996408,754.7749709794441,37542205.0,10,0.0
2024-10-23,754.7749709794441,775.870558731645,738.9670282807932,750.9267329764862,38480841.0,10,0.0
2024-10-24,750.9267329764862,763.9077445673796,739.0269396562421,751.0733584254666,30522397.0,10,0.0
2024-10-27,751.0733584254666,768.9485690905578,741.9912376714115,752.9484203216887,28307667.0,10,0.0
2024-10-28,752.9484203216887,762.8901708909302,741.296465413778,748.623208917188,36387677.0,10,0.0
2024-10-29,748.623208917188,755.6532237260597,734.9547224954744,741.5060110276557,41399549.0,10,0.0
2024-10-30,741.5060110276557,752.0922158372673,729.8091664129188,736.2001917241577,22419095.0,10,0.0
2024-10-31,736.2001917241577,754.6204143278176,732.5210543176881,739.8296507431247,32329434.0,10,0.0
2024-11-03,739.8296507431247,752.4123926627944,735.3898971700795,739.2176586147202,26925333.0,10,0.0
2024-11-04,739.2176586147202,749.1667314252397,731.4507728128177,735.5994330674869,21339854.0,10,0.0
2024-11-05,735.5994330674869,749.270992757024,731.9783634587034,742.2559104843085,16790326.0,10,0.0
2024-11-06,742.2559104843085,758.3629649029322,738.868384616738,749.119041815291,34027550.0,10,0.0
2024-11-07,749.119041815291,762.2226281793929,743.6184549212277,753.1163831091719,39266990.0,10,0.0
2024-11-10,753.1163831091719,769.5703218200914,748.8743211346598,757.4420904821723,24075658.0,10,0.0
2024-11-11,757.4420904821723,767.3920754597124,751.5467139388417,760.0266715235854,49530223.0,10,0.0
2024-11-12,760.0266715235854,770.2474399044146,749.6594100586246,756.9140444975283,81501430.0,10,0.0
2024-11-13,756.9140444975283,764.4656818603081,747.0974614592656,750.7825956841407,27327951.0,10,0.0
2024-11-14,750.7825956841407,760.0523470225136,745.9801142363715,751.2279208564657,19410068.0,10,0.0
2024-11-17,751.2279208564657,759.4383440151937,742.0612992931301,751.53765145097,22910341.0,10,0.0
2024-11-18,751.53765145097,764.6630642504769,740.3434516227293,749.9698651881498,31622800.0,10,0.0
2024-11-19,749.9698651881498,754.1872331323032,735.0289724698193,741.5992855594079,32217090.0,10,0.0
2024-11-20,741.5992855594079,749.8714857191301,730.4528856263554,736.6018563701784,21269818.0,10,0.0
2024-11-21,736.6018563701784,746.0577610715792,730.5467544204178,736.101869727084,26674463.0,10,0.0
2024-11-24,736.101869727084,745.8704272434481,729.2231587070781,730.8166477867065,35111273.0,10,0.0
2024-11-25,730.8166477867065,739.987256913526,721.3274280647732,729.5714345619588,39939249.0,10,0.0
2024-11-26,729.5714345619588,741.1450708053368,722.5045590146414,731.1328858747759,26578775.0,10,0.0
2024-11-27,731.1328858747759,739.0940076805862,716.8541586648778,723.028712990138,27114712.0,10,0.0
2024-11-28,723.028712990138,732.2288503939707,714.979320089578,725.9824959604608,22189575.0,10,0.0
2024-12-01,725.9824959604608,743.9152804701816,723.9409033527811,736.17868478961,24188862.0,10,0.0
2024-12-02,736.17868478961,748.5250423802548,728.0393163785074,735.2687875188489,30891536.0,10,0.0
2024-12-03,735.2687875188489,745.726858852241,727.818506447552,734.6483647670983,26951205.0,10,0.0
2024-12-04,734.6483647670983,756.8511036433974,731.3841204242859,742.2007391696508,20278106.0,10,0.0
2024-12-05,742.2007391696508,758.5293861883667,736.8470348672971,745.5028948050103,49545732.0,10,0.0
2024-12-08,745.5028948050103,758.1205818346442,741.1687397356393,748.3846613497128,36717722.0,10,0.0
2024-12-09,748.3846613497128,753.2594381229379,733.4772679639308,737.0359463254226,26485046.0,10,0.0
2024-12-10,737.0359463254226,743.7233691184088,726.8165898870125,733.6572952450999,21504404.0,10,0.0
2024-12-11,733.6572952450999,744.2514091292961,724.1901207012049,732.5671405849965,34550968.0,10,0.0
2024-12-12,732.5671405849965,743.7776078311225,727.1257037177321,738.8853525462029,29683885.0,10,0.0
2024-12-15,738.8853525462029,749.4242240672062,729.9333050896365,738.5182447845837,55515549.0,10,0.0
2024-12-16,738.5182447845837,748.3938882336214,729.3262088556997,738.3879022251442,31514524.0,10,0.0
2024-12-17,738.3879022251442,752.2920333228647,727.5091917370843,737.7073854768847,26715885.0,10,0.0
2024-12-18,737.7073854768847,746.3255459451295,720.9079344716906,730.87264795885,26569042.0,10,0.0
2024-12-19,730.87264795885,739.8394020438255,715.5286781210147,732.8876424860617,27265496.0,10,0.0
2024-12-22,732.8876424860617,745.4523660610847,726.7393398739629,733.794999843334,25919482.0,10,0.0
2024-12-23,733.794999843334,741.4362599505042,719.2155914633372,726.8647420886431,41603755.0,10,0.0
2024-12-24,726.8647420886431,732.61498208447,715.4175958323025,724.1870364096208,23073180.0,10,0.0
2024-12-25,724.1870364096208,734.1448862304325,720.8419278301553,725.3199789679634,64195343.0,10,0.0
2024-12-26,725.3199789679634,733.5185479533238,719.2128073713284,727.4644908700401,26625062.0,10,0.0
2024-12-29,727.4644908700401,733.5748743050929,715.1326157306331,721.5126867148655,32386406.0,10,0.0
2024-12-30,721.5126867148655,729.0711769098739,704.031622978546,712.2679935072372,61946725.0,10,0.0
2024-12-31,712.2679935072372,732.5617977075273,701.4284156791789,730.140741276793,63020052.0,10,0.0
2025-01-02,730.140741276793,748.2313849253542,725.3873530046793,739.2837377603306,33360135.0,10,0.0
2025-01-05,739.2837377603306,752.5794298707306,734.7350620055678,742.7730376249267,36918075.0,10,0.0
2025-01-06,742.7730376249267,751.9588662802036,728.2764713727734,737.2827347242865,43930663.0,10,0.0
2025-01-08,737.2827347242865,745.3466029286648,710.8367145315946,727.4478903198315,28650025.0,10,0.0
2025-01-09,727.4478903198315,739.5801602789162,714.7268904711758,718.4853182144263,29038667.0,10,0.0
2025-01-12,718.4853182144263,724.8315506530852,698.0750324374109,709.1154794139701,23535131.0,10,0.0
2025-01-13,709.1154794139701,723.5154057596983,687.483602479183,689.739755474748,29760968.0,10,0.0
2025-01-14,689.739755474748,710.4136878208961,670.2723307636496,691.4345661633473,53822330.0,10,0.0
2025-01-15,691.4345661633473,727.7500118959989,685.4304892608596,718.5455016975728,47673276.0,10,0.0
2025-01-16,718.5455016975728,737.6962401117065,711.441537072068,726.028957787134,26513557.0,10,0.0
2025-01-19,726.028957787134,749.2966146750447,724.0526623993262,738.2233786313299,33958435.0,10,0.0
2025-01-20,738.2233786313299,746.5961178388657,722.134917064545,726.575478128337,25348138.0,10,0.0
2025-01-21,726.575478128337,756.5983785441077,721.8326355701562,743.2902645272356,34599529.0,10,0.0
2025-01-22,743.2902645272356,761.1394432700675,736.4836354170475,747.1863640340407,41813184.0,10,0.0
2025-01-23,747.1863640340407,774.0156449732211,741.7209560015375,754.4511532728135,34780609.0,10,0.0
2025-01-26,754.4511532728135,775.6842775204835,744.6582437263368,761.2477158791546,28944478.0,10,0.0
2025-01-27,761.2477158791546,775.6510277612045,747.4923611830881,751.2811811540793,30524916.0,10,0.0
2025-01-28,751.2811811540793,763.2322362902556,740.4560785515591,746.4591377289216,26853062.0,10,0.0
2025-01-29,746.4591377289216,761.4472812366042,738.7721933639882,749.077746933017,34550776.0,10,0.0
2025-01-30,749.077746933017,769.6194163753429,739.803645563232,755.1501319194308,30230590.0,10,0.0
2025-02-02,755.1501319194308,773.2430740024828,746.1871355264234,754.5879882906355,23167736.0,10,0.0
2025-02-03,754.5879882906355,765.5421729510272,741.9553505285929,748.7919069721949,22456970.0,10,0.0
2025-02-04,748.7919069721949,759.3999435079168,737.1118975798449,741.5827221183848,19143546.0,10,0.0
2025-02-05,741.5827221183848,748.625199168351,730.7144596992662,737.7448940761633,21909572.0,10,0.0
2025-02-06,737.7448940761633,753.0749205097842,733.1789693620887,743.9392495900431,14849213.0,10,0.0
2025-02-09,743.9392495900431,767.4663690895521,738.6525464350915,752.2855729570208,16680883.0,10,0.0
2025-02-10,752.2855729570208,766.112367755339,741.1951478305283,750.4966387533221,18847615.0,10,0.0
2025-02-11,750.4966387533221,758.2825944257062,724.9384738098496,732.7776988167639,32543586.0,10,0.0
2025-02-12,732.7776988167639,745.7397802612145,713.7784646042553,737.7676303921924,30089435.0,10,0.0
2025-02-13,737.7676303921924,762.6281936566339,727.6825700557602,746.1626739615975,34839344.0,10,0.0
2025-02-16,746.1626739615975,769.8137181875738,739.5727192581454,758.8428921468865,48574973.0,10,0.0
2025-02-17,758.8428921468865,776.4361604013491,749.7539440518567,761.0257740980223,36635603.0,10,0.0
2025-02-18,761.0257740980223,770.0348203849201,752.1910723480756,760.679889484318,24413829.0,10,0.0
2025-02-19,760.679889484318,769.6697896106433,749.5941791216347,758.2317268037639,37716659.0,10,0.0
2025-02-20,758.2317268037639,781.6403944715936,754.7012624721286,775.1497279843669,63519650.0,10,0.0
2025-02-23,775.1497279843669,795.8491476869317,763.7582441320483,783.2711101297707,26552365.0,10,0.0
2025-02-24,783.2711101297707,794.1567539589863,772.1937580207758,781.2745045324772,18701439.0,10,0.0
2025-02-25,781.2745045324772,792.3059189152476,768.4381590816416,776.0521366361354,38859651.0,10,0.0
2025-02-26,776.0521366361354,790.3261369654065,767.5433267253048,775.6513960261626,36425416.0,10,0.0
2025-02-27,775.6513960261626,790.4667916854364,768.4384322802623,777.256063270531,53452509.0,10,0.0
2025-03-02,777.256063270531,796.2230243920988,774.4988883338343,786.3303453345851,30664406.0,10,0.0
2025-03-03,786.3303453345851,802.1884888638269,779.0280183787632,789.8966503200529,56922847.0,10,0.0
2025-03-04,789.8966503200529,802.5747044060499,781.3379157402574,792.3701668344828,29410017.0,10,0.0
2025-03-05,792.3701668344828,798.9998568672529,777.7050219371412,786.9120424290442,28814228.0,10,0.0
2025-03-06,786.9120424290442,798.4163129180504,779.5291051719757,789.5523969006363,40955240.0,10,0.0
2025-03-09,789.5523969006363,806.1032291919614,781.4525177163741,791.8525066517559,36723984.0,10,0.0
2025-03-10,791.8525066517559,807.0335664756832,786.5610500397235,800.7685142613292,42709075.0,10,0.0
2025-03-11,800.7685142613292,810.0408106161344,786.6823363721707,800.7292106543011,36485091.0,10,0.0
2025-03-12,800.7292106543011,825.749365464515,792.1803447764175,809.2537452802546,61802058.0,10,0.0
2025-03-13,809.2537452802546,833.0406694989208,804.2791051929585,822.7561259602338,54807036.0,10,0.0
2025-03-16,822.7561259602338,844.1128596500055,817.0879774162765,822.8830145407371,27008126.0,10,0.0
2025-03-17,822.8830145407371,838.8712476287506,806.8591132798255,818.9572342476217,21805084.0,10,0.0
2025-03-18,818.9572342476217,840.6435526033317,805.9671370567285,830.910863876937,43089256.0,10,0.0
2025-03-19,830.910863876937,846.5923643646673,814.786453551567,828.5464200920528,42210012.0,10,0.0
2025-03-20,828.5464200920528,845.2461062719218,811.0957326862775,827.0186425498802,37523522.0,10,0.0
2025-03-23,827.0186425498802,845.039797324012,816.3648080054708,830.3933283792908,25584273.0,10,0.0
2025-03-24,830.3933283792908,840.2491662179834,798.1559479001538,824.222347308069,21938252.0,10,0.0
2025-03-25,824.222347308069,835.325837396934,807.9651646714739,817.4890291382553,18319868.0,10,0.0
2025-03-26,817.4890291382553,835.2260740227752,803.0887937267564,816.40055918585,27260775.0,10,0.0
2025-03-27,816.40055918585,838.3091255824295,811.8609159723133,832.8985711199542,21180714.0,10,0.0
2025-04-03,832.8985711199542,845.8955637444403,818.0132776777012,837.4082752573402,18062917.0,10,0.0
2025-04-06,837.4082752573402,840.7329091055358,779.359858182099,799.8962982373905,37567799.0,10,0.0
2025-04-07,799.8962982373905,804.2784926285517,763.8081094794228,790.5128179370715,42530458.0,10,0.0
2025-04-08,790.5128179370715,815.9243932297624,788.571957750468,802.2498570569115,29260928.0,10,0.0
2025-04-09,802.2498570569115,812.7512905970614,772.6563215619401,778.0654564903591,40359475.0,10,0.0
2025-04-10,778.0654564903591,812.6908903604409,777.8674522215384,795.1993831110905,43282259.0,10,0.0
2025-04-13,795.1993831110905,813.1055877074297,791.8862729201069,806.665316752061,28776324.0,10,0.0
2025-04-14,806.665316752061,832.1796986236665,801.6052201679244,821.0868483639089,35947484.0,10,0.0
2025-04-15,821.0868483639089,833.4931330075281,811.6021734403399,822.521491578561,35145625.0,10,0.0
2025-04-16,822.521491578561,826.3764714936173,807.3172553691747,811.3206697233828,22805809.0,10,0.0
2025-04-17,811.3206697233828,818.6897403196782,799.731714777805,810.7632201829153,20836221.0,10,0.0
2025-04-22,810.7632201829153,823.6162200859652,797.9574400839712,811.1221912321412,25974429.0,10,0.0
2025-04-23,811.1221912321412,839.0173927084923,808.1782994948908,830.5045291982415,36689558.0,10,0.0
2025-04-27,830.5045291982415,850.4706036956794,825.8212943852756,842.0242034514886,47660953.0,10,0.0
2025-04-28,842.0242034514886,860.0527447806007,834.936430651596,850.2542398841058,34523309.0,10,0.0
2025-04-29,850.2542398841058,870.4473724274615,844.2110272169714,856.2092894988358,42724721.0,10,0.0
2025-04-30,856.2092894988358,863.6356793273669,845.9850170728212,852.0333157824987,29731568.0,10,0.0
2025-05-04,852.0333157824987,867.8863448200242,850.1204765896789,861.4091824441749,47999742.0,10,0.0
2025-05-05,861.4091824441749,870.3538686253033,845.8087213416205,853.6130797278281,58421704.0,10,0.0
2025-05-06,853.6130797278281,866.0109442472176,845.7109425495555,852.407380652745,39960936.0,10,0.0
2025-05-07,852.407380652745,866.5106626858104,829.6063039621151,840.8699847508506,69679472.0,10,0.0
2025-05-08,840.8699847508506,858.8212212801176,826.1166524312449,844.7148991861295,35572496.0,10,0.0
2025-05-11,844.7148991861295,854.2422259452393,825.0661656093425,829.0299953911807,32722452.0,10,0.0
2025-05-12,829.0299953911807,842.3475212201582,820.4666787730218,826.6193330109895,22315746.0,10,0.0
2025-05-13,826.6193330109895,841.2614074326541,822.9870203501948,830.72261490206,23403199.0,10,0.0
2025-05-14,830.72261490206,841.144741828061,823.6085758094575,833.809922091829,19673989.0,10,0.0
2025-05-15,833.809922091829,846.5285201086805,825.0820016102224,835.7663108295686,37800512.0,10,0.0
2025-05-18,835.7663108295686,835.7663108295686,835.7663108295686,835.7663108295686,0.0,10,0.0
2025-05-19,826.5757104079466,832.3264989935833,813.8592494451351,818.8532699603236,23148234.0,10,0.0
2025-05-20,818.8532699603236,838.404565545832,810.156357607297,828.941745737987,42191972.0,10,0.0
2025-05-21,828.941745737987,845.5859445104994,819.4637518508396,836.1024557191628,49025694.0,10,0.0
2025-05-22,836.1024557191628,853.48595502216,825.498703734343,840.4758894532354,47088709.0,10,0.0
2025-05-25,840.4758894532354,856.0405368777158,836.309562561729,846.1424258968128,54624642.0,10,0.0
2025-05-26,846.1424258968128,865.4070735590847,839.8335731067295,850.6192970267939,49042095.0,10,0.0
2025-05-27,850.6192970267939,876.6770926216228,846.539727341094,866.7471482039961,76100758.0,10,0.0
2025-05-28,866.7471482039961,882.7257662980812,858.0321972975216,865.384687908916,61199441.0,10,0.0
2025-05-29,865.384687908916,865.384687908916,865.384687908916,865.384687908916,0.0,10,0.0
2025-06-01,879.0716954706722,910.120787461076,874.062131390407,893.8257794091711,41278599.0,10,0.0
2025-06-02,893.8257794091711,923.1620834612388,876.6624574610611,903.651717741422,49954081.0,10,0.0
2025-06-03,903.651717741422,927.5380951116747,890.0423220445991,901.947055804202,44992261.0,10,0.0
2025-06-04,901.947055804202,922.0646646525389,887.7313151196311,902.4052100011497,36710855.0,10,0.0
2025-06-10,902.4052100011497,926.349710055193,894.3633579259208,912.9415676201997,46572654.0,10,0.0
2025-06-11,912.9415676201997,929.8366612725263,896.703018701225,907.6798854477682,56506454.0,10,0.0
2025-06-12,907.6798854477682,917.1311381517256,875.6159270844332,902.012916841189,48132896.0,10,0.0
2025-06-15,902.012916841189,902.8668826204603,820.4998209989043,862.8774851978516,55510678.0,10,0.0
2025-06-16,862.8774851978516,892.7579728575706,849.144653316436,870.1857995382197,49739465.0,10,0.0
2025-06-17,870.1857995382197,886.0367607832159,844.7936704445426,863.7578519586865,39437358.0,10,0.0
2025-06-18,863.7578519586865,883.9085830871152,842.4338200303226,869.5888966618564,23989149.0,10,0.0
2025-06-19,869.5888966618564,882.5730803490882,838.1940921857241,861.1161537728178,68766048.0,10,0.0
2025-06-22,861.1161537728178,889.8859261699956,831.4593061484182,883.1742442851502,34647388.0,10,0.0
2025-06-23,883.1742442851502,907.6537870028951,874.6287236111251,893.6480886007729,45204112.0,10,0.0
2025-06-24,893.6480886007729,939.1946535357413,892.4939789667287,924.9470319812034,75221802.0,10,0.0
2025-06-25,924.9470319812034,956.8361577530641,912.2063231929469,949.3659837459278,55713693.0,10,0.0
2025-06-29,949.3659837459278,971.2864835058064,936.7991965246517,951.8433694015148,42265375.0,10,0.0
2025-06-30,951.8433694015148,965.4909586942941,932.2556019154362,941.0194223749104,43046497.0,10,0.0
2025-07-01,941.0194223749104,954.7548350711743,921.1881497187087,931.732973515165,41583999.0,10,0.0
2025-07-02,931.732973515165,954.1828307431532,927.7977037980812,943.1159118248199,32587167.0,10,0.0
2025-07-06,943.1159118248199,965.0714610963414,940.6470055467599,956.7256485568481,28677647.0,10,0.0
2025-07-07,956.7256485568481,969.8551383143196,941.4449705928573,953.4441161833171,24820751.0,10,0.0
2025-07-09,953.4441161833171,979.5178727045734,939.1804958272547,964.7759560654798,34932381.0,10,0.0
2025-07-10,964.7759560654798,981.2448911975238,954.9763987424683,965.2020387198048,36978461.0,10,0.0
2025-07-13,965.2020387198048,986.5915647423317,954.8383132495725,966.4058187474711,28918621.0,10,0.0
2025-07-14,966.4058187474711,990.5482020956093,952.0621183913942,972.9749038689574,31347457.0,10,0.0
2025-07-15,972.9749038689574,990.1652384703154,959.3391038029503,972.1998620973682,38343577.0,10,0.0
2025-07-16,972.1998620973682,986.2544600517875,950.2963406744456,960.9314593343956,26290352.0,10,0.0
2025-07-17,960.9314593343956,984.8843416858275,950.96536441146,962.9508950672952,34749008.0,10,0.0
2025-07-20,962.9508950672952,986.2976914518633,956.7764909499994,971.2305099700782,22664176.0,10,0.0
2025-07-21,971.2305099700782,983.4563072697997,953.1859506894466,960.4885194136185,37266697.0,10,0.0
2025-07-22,960.4885194136185,978.5518843376897,947.6818627152027,960.5324236349052,28479909.0,10,0.0
2025-07-23,960.5324236349052,981.7562106810536,951.654309175235,969.2215272853831,33077776.0,10,0.0
2025-07-27,969.2215272853831,987.4144469353893,961.0513357947987,973.8933212679846,31807946.0,10,0.0
2025-07-28,973.8933212679846,983.7285431862865,950.8668900415087,961.3484614240299,38542745.0,10,0.0
2025-07-29,961.3484614240299,977.1451989487628,948.6311637835781,961.4958367107225,36596767.0,10,0.0
2025-07-30,961.4958367107225,990.0265843557661,948.9218688035071,966.3312212975158,43533196.0,10,0.0
2025-07-31,966.3312212975158,989.6972588776941,961.251994424653,984.4846369906576,29037338.0,10,0.0
2025-08-03,984.4846369906576,1000.4369172417402,970.7237700870405,983.9011530356537,16287878.0,10,0.0
2025-08-04,983.9011530356537,997.5463925818786,969.7516639180831,983.2003632163804,24991901.0,10,0.0
2025-08-05,983.2003632163804,1004.0398569019493,977.8185593562885,993.8770134777261,36452096.0,10,0.0
2025-08-06,993.8770134777261,1008.4767808965248,983.4352480605127,995.9350825289138,36012064.0,10,0.0
2025-08-07,995.9350825289138,1007.7740277286321,985.1364743679163,997.8984214584945,20554143.0,10,0.0
2025-08-10,997.8984214584945,1008.7557337683504,992.2002910487103,1004.0241871237611,22718180.0,10,0.0
2025-08-11,1006.1876153445685,1016.9033274440732,994.4982096550331,1004.1795033700483,24677675.0,10,0.0
2025-08-12,1004.1795033700483,1013.1894717889015,997.248501620762,1005.1838753358032,29168016.0,10,0.0
2025-08-13,1005.1838753358032,1019.9792151641917,987.5990303195155,994.6839847192527,14449769.0,10,0.0
2025-08-14,994.6839847192527,1021.1038869296639,980.5621914712427,1003.0759673265576,19634055.0,10,0.0
2025-08-17,1003.0759673265576,1018.9066518982817,992.3380907950832,1009.0091002111459,15535906.0,10,0.0
2025-08-18,1009.0091002111459,1032.7128489376528,991.5237941024383,1016.4262242048942,35395889.0,10,0.0
2025-08-19,1016.4262242048942,1047.6066661864538,1000.1917723703858,1024.8991292280343,35827088.0,10,0.0
2025-08-20,1024.8991292280343,1038.3276246319438,989.3743536154811,999.4847881411317,37030332.0,10,0.0
2025-08-21,999.4847881411317,1010.0517542575118,985.2886212055373,995.7999126748746,20206043.0,10,0.0
2025-08-24,995.7999126748746,1011.556342059904,986.8384197675069,997.475750636485,10586734.0,10,0.0
2025-08-25,997.475750636485,1007.4670974593912,989.9935302323183,997.222617198314,18509948.0,10,0.0
2025-08-26,997.222617198314,1003.3245123678157,976.163547876217,983.2971100421348,23668281.0,10,0.0
2025-08-27,983.2971100421348,995.6633829127134,969.8740027315621,986.6870776593332,14597747.0,10,0.0
2025-08-28,986.6870776593332,1005.9998674739318,978.5332777307689,1000.467804193995,30601709.0,10,0.0
2025-08-31,1000.467804193995,1012.439765664246,970.9786008363762,976.0188276244239,40974902.0,10,0.0
2025-09-01,976.0188276244239,993.4558237547154,968.0733724938779,982.741371029957,29714371.0,10,0.0
2025-09-02,982.741371029957,991.9506763215579,972.5881350049965,977.1581298252086,17990494.0,10,0.0
2025-09-03,977.1581298252086,984.8945615300864,954.9794181944961,960.9922151621765,25444314.0,10,0.0
2025-09-07,960.9922151621765,984.9243899138237,941.8955847423789,954.4405870659272,46032392.0,10,0.0
2025-09-08,954.4405870659272,968.3118619831089,946.3236427564157,953.2842764392177,34590275.0,10,0.0
2025-09-09,953.2842764392177,976.4843843147678,942.0660229300713,957.0957380184458,26199301.0,10,0.0
2025-09-10,957.0957380184458,968.5302870252294,945.858110248658,958.7533482238902,17425189.0,10,0.0
2025-09-11,958.7533482238902,985.2964596099931,952.2706018745549,969.0004331108565,30096697.0,10,0.0
2025-09-14,969.0004331108565,984.4918167989116,961.1148911578064,976.1681327744755,24309487.0,10,0.0
2025-09-15,976.1681327744755,993.9452450215997,945.3012541878621,970.3428720520151,23604918.0,10,0.0
2025-09-16,970.3428720520151,982.0017785462519,940.5774888477229,958.5703820984398,23573712.0,10,0.0
2025-09-17,958.5703820984398,968.7315221724325,945.3492200746701,958.6322781744316,20136567.0,10,0.0
2025-09-18,958.6322781744316,981.9277531600447,944.8739783841211,965.9592622577624,27999924.0,10,0.0
2025-09-21,965.9592622577624,985.0407525218212,955.7909046483661,969.4887964066309,24535911.0,10,0.0
2025-09-22,969.4887964066309,989.4707722999636,961.3748272870731,972.6047939773757,17672959.0,10,0.0
2025-09-23,972.6047939773757,988.874096130655,952.2187942832986,973.9997425952782,27901792.0,10,0.0
2025-09-24,973.9997425952782,988.433061019036,963.0445047515715,977.9215710154446,39866161.0,10,0.0
2025-09-25,977.9215710154446,992.7918167796192,969.159386226602,982.2298975325932,28010034.0,10,0.0
2025-09-28,982.2298975325932,994.9299728148827,973.5269049981555,985.1757585674135,17289757.0,10,0.0
2025-09-29,985.1757585674135,1006.0799799198436,975.9460639289763,999.3819329900178,58234946.0,10,0.0
2025-09-30,999.3819329900178,1012.0108677702843,988.0591174534633,995.4242839651233,48720431.0,10,0.0
2025-10-01,995.4242839651233,1010.6322805615426,982.2420310632143,996.156128666809,40863380.0,10,0.0
2025-10-02,996.156128666809,1012.734167952762,988.9816949821563,999.1944060127238,34363808.0,10,0.0
2025-10-05,999.1944060127238,1029.4866787597712,998.4543406504968,1010.8838726657042,19640180.0,10,0.0
2025-10-06,1010.8838726657042,1026.7429159441092,1002.4080150923369,1014.419676178929,19770091.0,10,0.0
2025-10-07,1014.419676178929,1031.5119806199846,1007.736559745107,1020.0865328539187,37113254.0,10,0.0
2025-10-08,1020.0865328539187,1034.1845652337247,1009.9021417681081,1027.424415806564,24964909.0,10,0.0
2025-10-09,1027.424415806564,1027.424415806564,1027.424415806564,1027.424415806564,0.0,10,0.0
2025-10-12,1027.424415806564,1078.7886459819695,1016.0114071483782,1071.5688158604069,28482791.0,10,0.0
2025-10-13,1071.5688158604069,1120.6325087562036,1064.2410889086739,1085.9754640338845,42128713.0,10,0.0
2025-10-14,1085.9754640338845,1102.5802830969503,1057.2804106896142,1071.8701787483785,49628613.0,10,0.0
2025-10-15,1071.8701787483785,1090.0420619846843,1054.431936006171,1076.2931287438885,56715216.0,10,0.0
2025-10-16,1076.2931287438885,1076.2931287438885,1076.2931287438885,1076.2931287438885,0.0,10,0.0
2025-10-19,1076.2931287438885,1076.2931287438885,1076.2931287438885,1076.2931287438885,0.0,10,0.0
2025-10-20,1086.4852770590549,1105.4132912652587,1075.078405155841,1091.8124138443493,51534834.0,10,0.0
2025-10-21,1091.8124138443493,1103.0729307073348,1073.4740468448283,1085.5281361771201,48039559.0,10,0.0
2025-10-22,1085.5281361771201,1107.2110689006222,1075.8810775954553,1092.7051183082046,16995053.0,10,0.0
2025-10-23,1092.7051183082046,1092.7051183082046,1092.7051183082046,1092.7051183082046,0.0,10,0.0
2025-10-26,1102.6873227283222,1133.709041748355,1098.0475951699914,1118.9030542614382,41247376.0,10,0.0
2025-10-27,1118.9030542614382,1130.8868259004246,1099.3018907585838,1109.7721019873552,47561409.0,10,0.0
2025-10-28,1109.7721019873552,1123.9190275105054,1089.2670042010304,1110.695520741856,23291593.0,10,0.0
2025-10-29,1110.695520741856,1132.9416852566785,1102.396807559616,1122.9945823633198,23235565.0,10,0.0
2025-10-30,1122.9945823633198,1140.553886712612,1111.9209216023,1119.6243618295537,111173167.0,10,0.0
2025-11-02,1119.6243618295537,1133.9337801771928,1099.5321712040125,1110.6234290635366,25462543.0,10,0.0
2025-11-03,1110.6234290635366,1140.9996745130888,1095.4420567441691,1131.955127303498,61387890.0,10,0.0
2025-11-04,1131.955127303498,1152.3250305073677,1122.6765219393635,1137.3369417965644,74794561.0,10,0.0
2025-11-05,1137.3369417965644,1155.7752837029427,1113.3272004477942,1134.0976672153383,79382074.0,10,0.0
2025-11-06,1120.2140955080752,1164.727525482049,1111.2954879020222,1146.4435448452107,72972788.0,10,0.0
2025-11-09,1146.4435448452107,1195.5826534414052,1143.3097075835556,1185.9819831907664,50363917.0,10,0.0
2025-11-10,1185.9819831907664,1209.557070554447,1159.134916007522,1174.5085790585592,53085426.0,10,0.0
2025-11-11,1174.5085790585592,1190.2076770989,1149.5308039406993,1159.5913871639625,37981729.0,10,0.0
2025-11-12,1159.5913871639625,1220.6614958537314,1149.1843856697242,1187.0565825220544,57762302.0,10,0.0
2025-11-13,1187.0565825220544,1226.469582333858,1168.6862660615698,1181.0851501234483,56454255.0,10,0.0
2025-11-16,1181.0851501234483,1222.8243362777725,1171.1995386164995,1201.3722286586608,53883158.0,10,0.0
2025-11-17,1201.3722286586608,1228.3855317683297,1183.6925388793513,1197.151887644163,75139512.0,10,0.0
2025-11-18,1197.151887644163,1211.6801413270496,1164.2344501952027,1168.4674153382905,42822630.0,10,0.0
2025-11-19,1168.4674153382905,1186.8858476257838,1151.8010874199845,1166.7676428706031,25372182.0,10,0.0
2025-11-20,1166.7676428706031,1187.1130626385009,1150.0995004804856,1156.682903832788,18458144.0,10,0.0
2025-11-23,1156.682903832788,1179.0797143846264,1150.413520728045,1160.1088360792016,19908130.0,10,0.0
2025-11-24,1160.1088360792016,1172.591076042693,1128.1059167282622,1131.397175477949,53287836.0,10,0.0
2025-11-25,1131.397175477949,1131.397175477949,1131.397175477949,1131.397175477949,0.0,10,0.0
2025-11-26,1125.2285477501873,1145.4334375424326,1107.8213286677546,1114.0516422967605,24224586.0,10,0.0
2025-11-27,1114.0516422967605,1147.381349180935,1107.4956360657627,1136.3971740747756,46872742.0,10,0.0
2025-11-30,1136.3971740747756,1169.428702274445,1132.5649857225587,1157.0338980638219,30666322.0,10,0.0
2025-12-01,1157.0338980638219,1171.3492721611194,1142.0734961546564,1149.1174625806725,28553801.0,10,0.0
2025-12-02,1149.1174625806725,1149.1174625806725,1149.1174625806725,1149.1174625806725,0.0,10,0.0
2025-12-03,1143.0516850526149,1179.22375369595,1136.5046903209263,1153.3083682713107,26463915.0,10,0.0
2025-12-04,1153.3083682713107,1153.3083682713107,1153.3083682713107,1153.3083682713107,0.0,10,0.0
2025-12-07,1154.1728186663227,1182.6144875418445,1144.1780798466327,1169.3919191143987,59983964.0,10,0.0
2025-12-08,1169.3919191143987,1169.3919191143987,1169.3919191143987,1169.3919191143987,0.0,10,0.0
2025-12-09,1173.2202083531108,1187.593583362672,1153.5415994221926,1167.980753216922,30971999.0,10,0.0
2025-12-10,1167.980753216922,1184.3855234871874,1161.341451748371,1172.15751062538,37434246.0,10,0.0
2025-12-11,1172.15751062538,1209.0703771304136,1152.1520220526058,1163.4206308143303,39056638.0,10,0.0
2025-12-14,1163.4206308143303,1176.9248489055838,1148.5148878188875,1157.6043836473336,32839631.0,10,0.0
2025-12-15,1157.6043836473336,1180.6346793339692,1149.5648500279422,1167.9013326883728,60723622.0,10,0.0
2025-12-16,1167.9013326883728,1181.6818919055352,1152.5865473175704,1160.8800007210648,20058733.0,10,0.0
2025-12-17,1160.8800007210648,1173.5082558098227,1148.4131101935636,1154.750710607955,13572495.0,10,0.0
2025-12-18,1154.750710607955,1168.8527043303286,1136.115572851398,1145.8891200911592,44146753.0,10,0.0
2025-12-21,1145.8891200911592,1165.126908626319,1136.8089727088345,1154.0308693950126,23744928.0,10,0.0
2025-12-22,1154.0308693950126,1167.341364542223,1133.7775324435688,1147.4547724199072,16698256.0,10,0.0
2025-12-23,1147.4547724199072,1156.8981636603755,1131.032724795666,1145.894886984439,22939944.0,10,0.0
2025-12-24,1145.894886984439,1155.161303846655,1136.3681802469853,1142.8019140311742,16763363.0,10,0.0
2025-12-25,1142.8019140311742,1155.4527444656362,1132.428163859376,1145.7995522674364,16181278.0,10,0.0
2025-12-28,1145.7995522674364,1162.2245850371694,1139.3178163810621,1155.571609647356,17199523.0,10,0.0
2025-12-29,1155.571609647356,1168.6892287797948,1146.1454378758267,1160.9059039355673,13672763.0,10,0.0
2025-12-30,1160.9059039355673,1173.9114166101842,1149.712466209701,1161.0377990507025,19101610.0,10,0.0
2025-12-31,1161.0377990507025,1179.499959965311,1151.2287112496388,1171.2404097456053,21292717.0,10,0.0
2026-01-04,1171.2404097456053,1204.223960156401,1145.0345179275064,1163.5316461105044,86345847.0,10,0.0
2026-01-05,1163.5316461105044,1163.5316461105044,1163.5316461105044,1163.5316461105044,0.0,10,0.0
2026-01-06,1148.5510674022892,1182.4272076850534,1143.5526639144687,1168.6244364612348,54763313.0,10,0.0
2026-01-08,1168.6244364612348,1189.2362090095064,1145.2205542593847,1152.7108673927617,71153679.0,10,0.0
2026-01-11,1152.7108673927617,1187.744234861452,1150.3800413635693,1171.188321068316,84070106.0,10,0.0
2026-01-12,1171.188321068316,1189.5647153745424,1147.5459428367767,1159.8711687726382,80638098.0,10,0.0
2026-01-13,1159.8711687726382,1182.9151820353652,1132.1287324878415,1142.7852752532372,119066081.0,10,0.0
2026-01-14,1142.7852752532372,1152.8829839727211,1088.225940940831,1117.838066448983,105314518.0,10,0.0
2026-01-15,1117.838066448983,1134.3899422443124,1086.8862115936342,1096.983557393907,64071489.0,10,0.0
2026-01-18,1096.983557393907,1140.8880241423842,1095.7640543129035,1130.0010187194468,75242985.0,10,0.0
2026-01-19,1130.0010187194468,1170.7301108136112,1126.0084851250574,1157.8427469121457,100011019.0,10,0.0
2026-01-20,1157.8427469121457,1201.4392756925263,1144.0630296062075,1170.7284258503232,181120926.0,10,0.0
2026-01-21,1170.7284258503232,1206.0228650237193,1154.0729583661532,1174.9544983468652,201924155.0,10,0.0
2026-01-22,1174.9544983468652,1198.6667916630659,1157.27920570773,1172.6998902793973,131995236.0,10,0.0
2026-01-25,1172.6998902793973,1203.8351012290175,1161.390778907896,1171.8897647583226,132624115.0,10,0.0
2026-01-26,1171.8897647583226,1205.7447398061963,1157.5659086413752,1188.1197083399925,171430349.0,10,0.0
2026-01-27,1188.1197083399925,1209.4480980274072,1171.6212950444658,1184.664088384378,108377968.0,10,0.0
2026-01-28,1184.664088384378,1198.491345939397,1152.4303402296298,1165.1955942323168,94226350.0,10,0.0
2026-02-01,1165.1955942323168,1191.067255081288,1154.2081784903069,1176.505250896883,192255884.0,10,0.0
2026-02-02,1176.505250896883,1196.5491918303485,1158.7042314750395,1180.847648894251,123592121.0,10,0.0
2026-02-03,1180.847648894251,1243.0228677645841,1179.7740026259187,1212.24622114262,145956220.0,10,0.0
2026-02-04,1212.24622114262,1245.2311629018084,1201.8535223636009,1229.2234082583468,160377451.0,10,0.0
2026-02-05,1229.2234082583468,1263.2765065747642,1202.014130672023,1229.7791725484253,129029277.0,10,0.0
2026-02-08,1229.7791725484253,1277.8669053942524,1216.8547706272077,1248.241251464903,106650730.0,10,0.0
2026-02-09,1248.241251464903,1280.8030095927115,1237.3362421238792,1266.310543213195,86593857.0,10,0.0
2026-02-10,1266.310543213195,1283.735746289692,1246.5301512714102,1268.0291149847965,92569069.0,10,0.0
2026-02-11,1268.0291149847965,1284.4726446596173,1251.3715558857452,1262.1118286758656,82432826.0,10,0.0
2026-02-12,1262.1118286758656,1287.733300057647,1252.088153964732,1274.899565972237,123121886.0,10,0.0
2026-02-15,1278.8601396241027,1340.539371111105,1268.8224654453845,1324.452212110447,114246216.0,10,0.0
2026-02-16,1324.452212110447,1356.7590787392955,1278.068751444044,1291.7196490470685,129719382.0,10,0.0
2026-02-17,1291.7196490470685,1316.3233656268162,1281.117237663081,1296.5533025815155,88294356.0,10,0.0
2026-02-18,1296.5533025815155,1331.8965537242468,1291.750421359218,1312.4859947715856,99909291.0,10,0.0
2026-02-19,1312.4859947715856,1325.7945989275527,1252.663543588754,1272.5234499028243,75446082.0,10,0.0
2026-02-22,1272.5234499028243,1292.8173054416775,1226.6109452518986,1248.119025668589,38868441.0,10,0.0
2026-02-23,1248.119025668589,1282.3590307117931,1242.1610613176701,1277.4190742974417,48641422.0,10,0.0
2026-02-24,1277.4190742974417,1299.3258508112115,1258.38190561861,1276.0470335219336,66911778.0,10,0.0
2026-02-25,1276.0470335219336,1287.3920813335828,1226.1568345739288,1242.2454244153564,89202503.0,10,0.0
2026-02-26,1242.2454244153564,1280.9447142513413,1217.3601683581685,1262.0254938117296,64591292.0,10,0.0
2026-03-01,1262.0254938117296,1262.0254938117296,1163.5939584314312,1218.4865708959167,89487616.0,10,0.0
2026-03-02,1218.4865708959167,1253.80639264729,1205.5276059802582,1235.968280570801,63906386.0,10,0.0
2026-03-03,1235.968280570801,1264.6004886313872,1201.0442372839557,1238.0935935780428,79019340.0,10,0.0
2026-03-04,1238.0935935780428,1280.7269077364808,1206.2827088560505,1243.8952194677895,154586394.0,10,0.0
2026-03-05,1243.8952194677895,1280.5693604315527,1230.5527613083848,1247.9717786274978,228755969.0,10,0.0
2026-03-08,1247.9717786274978,1300.8391152782592,1221.815280381268,1253.134516754289,259183075.0,10,0.0
2026-03-09,1253.134516754289,1272.5646287497818,1205.6534250650582,1220.175484760526,230139444.0,10,0.0
2026-03-10,1220.175484760526,1254.1270135374752,1204.2369581772402,1228.6276315080052,153156949.0,10,0.0
2026-03-11,1228.6276315080052,1256.7923017186858,1219.5363944160592,1242.038416012948,93762124.0,10,0.0
2026-03-12,1242.038416012948,1267.304653256703,1226.1051772385115,1242.536134026667,102674721.0,10,0.0
2026-03-15,1242.536134026667,1260.4295236401908,1219.2254858657575,1221.2353135094509,162278972.0,10,0.0
2026-03-16,1221.2353135094509,1232.8033362915482,1189.6038001722143,1198.745036941128,83985413.0,10,0.0
2026-03-17,1198.745036941128,1229.2289646615789,1194.6568865944512,1213.4464015422104,90381130.0,10,0.0
2026-03-18,1213.4464015422104,1234.1283070838401,1204.1587689700098,1222.8643656419633,63604722.0,10,0.0
2026-03-24,1222.8643656419633,1246.2231145810338,1205.367769455363,1216.6307778143128,141772792.0,10,0.0
2026-03-25,1216.6307778143128,1240.8297491070111,1202.5043683591152,1221.0566657615732,170188653.0,10,0.0
2026-03-26,1221.0566657615732,1243.135361217119,1206.3448317646444,1216.1621883109945,101244619.0,10,0.0
2026-03-29,1216.1621883109945,1240.01558562568,1193.331224940663,1217.868162666875,177723701.0,10,0.0
2026-03-30,1217.868162666875,1233.0848581183695,1183.1646052681235,1195.5956620179697,208991897.0,10,0.0
2026-03-31,1195.5956620179697,1229.3227445886498,1186.9906685379813,1209.9171954039957,240407261.0,10,0.0
2026-04-01,1209.9171954039957,1251.1540027831693,1201.98290327237,1236.276483342177,140514406.0,10,0.0
2026-04-02,1236.276483342177,1259.1655501395212,1219.3725767266972,1239.3640394310466,189246260.0,10,0.0
2026-04-05,1239.3640394310466,1282.8962269945291,1237.2122660838918,1273.596510911079,113843944.0,10,0.0
