2001-05-16/00:00:00,2.7,2.72,2.7,2.71,6032
2001-05-17/00:00:00,2.85,2.85,2.7,2.82,3967
2001-05-20/00:00:00,2.71,2.72,2.7,2.71,60515
2001-05-21/00:00:00,2.7,2.7,2.64,2.69,8491
2001-05-22/00:00:00,2.72,2.72,2.65,2.71,6286
2001-05-23/00:00:00,2.67,2.7,2.67,2.68,1886
2001-05-24/00:00:00,2.7,2.7,2.7,2.7,7764
2001-05-27/00:00:00,2.7,2.71,2.7,2.7,22302
2001-05-28/00:00:00,2.71,2.77,2.7,2.72,677
2001-05-29/00:00:00,2.72,2.72,2.72,2.72,836
2001-05-30/00:00:00,2.72,2.72,2.72,2.72,2326
2001-05-31/00:00:00,2.76,2.76,2.76,2.76,1012
2001-06-03/00:00:00,2.82,2.82,2.76,2.76,78
2001-06-05/00:00:00,2.72,2.72,2.7,2.7,8010
2001-06-06/00:00:00,2.8,2.8,2.72,2.72,452
2001-06-07/00:00:00,2.72,2.72,2.7,2.71,14575
2001-06-10/00:00:00,2.72,2.72,2.72,2.72,454
2001-06-11/00:00:00,2.7,2.72,2.65,2.68,18283
2001-06-12/00:00:00,2.67,2.67,2.65,2.67,3140
2001-06-13/00:00:00,2.67,2.67,2.57,2.59,8838
2001-06-14/00:00:00,2.67,2.67,2.67,2.67,836
2001-06-17/00:00:00,2.67,2.67,2.61,2.62,48166
2001-06-19/00:00:00,2.61,2.64,2.61,2.62,1783
2001-06-20/00:00:00,2.61,2.64,2.61,2.62,4466
2001-06-21/00:00:00,2.62,2.62,2.61,2.61,4709
2001-06-24/00:00:00,2.64,2.64,2.64,2.64,276
2001-06-25/00:00:00,2.67,2.67,2.67,2.67,1118
2001-06-26/00:00:00,2.67,2.72,2.64,2.69,1724
2001-06-27/00:00:00,2.65,2.65,2.61,2.62,2964
2001-06-28/00:00:00,2.62,2.64,2.61,2.61,7103
2001-07-03/00:00:00,2.61,2.61,2.61,2.61,564
2001-07-04/00:00:00,2.64,2.65,2.61,2.62,13682
2001-07-05/00:00:00,2.61,2.61,2.6,2.61,2546
2001-07-08/00:00:00,2.55,2.61,2.55,2.59,614
2001-07-09/00:00:00,2.65,2.65,2.65,2.65,2796
2001-07-10/00:00:00,2.64,2.64,2.64,2.64,1469
2001-07-12/00:00:00,2.61,2.61,2.57,2.59,3138
2001-07-15/00:00:00,2.57,2.57,2.57,2.57,1763
2001-07-16/00:00:00,2.61,2.61,2.6,2.61,6004
2001-07-17/00:00:00,2.6,2.6,2.6,2.6,2819
2001-07-18/00:00:00,2.6,2.6,2.5,2.53,836
2001-07-19/00:00:00,2.55,2.57,2.55,2.57,996
2001-07-22/00:00:00,2.53,2.57,2.53,2.57,29
2001-07-24/00:00:00,2.57,2.57,2.51,2.57,19273
2001-07-25/00:00:00,2.51,2.55,2.49,2.51,14436
2001-07-26/00:00:00,2.52,2.55,2.52,2.55,7208
2001-07-29/00:00:00,2.52,2.52,2.52,2.52,319
2001-07-30/00:00:00,2.49,2.57,2.49,2.53,6691
2001-07-31/00:00:00,2.49,2.51,2.49,2.5,5176
2001-08-05/00:00:00,2.49,2.53,2.49,2.51,11071
2001-08-06/00:00:00,2.52,2.53,2.51,2.52,3611
2001-08-07/00:00:00,2.49,2.49,2.46,2.47,6061
2001-08-08/00:00:00,2.49,2.49,2.49,2.49,7860
2001-08-09/00:00:00,2.51,2.57,2.51,2.57,1774
2001-08-12/00:00:00,2.65,2.67,2.65,2.65,7715
2001-08-13/00:00:00,2.65,2.78,2.65,2.76,1344
2001-08-14/00:00:00,2.87,2.87,2.87,2.87,554
2001-08-15/00:00:00,2.72,2.72,2.72,2.72,276
2001-08-16/00:00:00,2.65,2.65,2.59,2.65,47412
2001-08-19/00:00:00,2.5,2.57,2.5,2.55,6422
2001-08-20/00:00:00,2.5,2.55,2.49,2.5,9114
2001-08-21/00:00:00,2.5,2.5,2.49,2.5,3136
2001-08-22/00:00:00,2.49,2.5,2.49,2.49,6821
2001-08-23/00:00:00,2.5,2.61,2.5,2.57,554
2001-08-26/00:00:00,2.49,2.52,2.49,2.5,962
2001-08-27/00:00:00,2.55,2.55,2.5,2.55,4094
2001-08-28/00:00:00,2.6,2.6,2.57,2.58,8800
2001-08-29/00:00:00,2.61,2.61,2.57,2.58,6968
2001-08-30/00:00:00,2.64,2.65,2.61,2.62,5338
2001-09-02/00:00:00,2.57,2.62,2.57,2.58,3072
2001-09-03/00:00:00,2.59,2.67,2.59,2.61,13571
2001-09-04/00:00:00,2.7,2.72,2.69,2.72,7620
2001-09-05/00:00:00,2.85,2.85,2.72,2.84,12154
2001-09-06/00:00:00,2.84,2.95,2.73,2.78,8794
2001-09-09/00:00:00,2.78,2.78,2.65,2.69,2503
2001-09-10/00:00:00,2.69,2.69,2.67,2.68,1397
2001-09-11/00:00:00,2.62,2.82,2.62,2.81,11056
2001-09-12/00:00:00,2.66,2.66,2.66,2.66,7261
2001-09-13/00:00:00,2.6,2.8,2.6,2.71,6047
2001-09-16/00:00:00,2.67,2.73,2.67,2.71,5002
2001-09-17/00:00:00,2.68,2.76,2.6,2.67,14344
2001-09-18/00:00:00,2.6,2.61,2.59,2.6,8941
2001-09-19/00:00:00,2.69,2.71,2.6,2.65,12043
2001-09-20/00:00:00,2.72,2.72,2.65,2.65,180
2001-09-23/00:00:00,2.49,2.49,2.43,2.46,7216
2001-09-24/00:00:00,2.34,2.35,2.34,2.34,1118
2001-09-25/00:00:00,2.43,2.43,2.43,2.43,836
2001-09-26/00:00:00,2.38,2.38,2.34,2.36,20591
2001-09-27/00:00:00,2.26,2.46,2.26,2.37,3029
2001-09-30/00:00:00,2.47,2.47,2.47,2.47,276
2001-10-01/00:00:00,2.38,2.38,2.38,2.38,1080
2001-10-02/00:00:00,2.26,2.49,2.26,2.48,13235
2001-10-03/00:00:00,2.49,2.61,2.49,2.53,24167
2001-10-04/00:00:00,2.49,2.57,2.49,2.51,8114
2001-10-08/00:00:00,2.49,2.49,2.49,2.49,1162
2001-10-09/00:00:00,2.57,2.57,2.49,2.5,1676
2001-10-10/00:00:00,2.61,2.61,2.47,2.52,13372
2001-10-11/00:00:00,2.46,2.47,2.46,2.47,10820
2001-10-14/00:00:00,2.49,2.49,2.43,2.47,36144
2001-10-15/00:00:00,2.49,2.49,2.49,2.49,697
2001-10-16/00:00:00,2.49,2.49,2.49,2.49,697
2001-10-17/00:00:00,2.49,2.49,2.49,2.49,8662
2001-10-18/00:00:00,2.49,2.5,2.49,2.49,9958
2001-10-21/00:00:00,2.49,2.64,2.49,2.61,59629
2001-10-22/00:00:00,2.72,2.72,2.67,2.72,28860
2001-10-23/00:00:00,2.7,2.8,2.69,2.71,25460
2001-10-24/00:00:00,2.7,2.85,2.7,2.82,37772
2001-10-25/00:00:00,2.96,2.96,2.87,2.93,23021
2001-10-28/00:00:00,2.87,3.0,2.87,2.88,23160
2001-10-29/00:00:00,2.97,3.01,2.87,2.99,17596
2001-10-30/00:00:00,2.9,3.05,2.9,2.98,33686
2001-10-31/00:00:00,3.0,3.06,2.96,3.03,24972
2001-11-01/00:00:00,2.97,3.05,2.97,3.03,7988
2001-11-04/00:00:00,3.05,3.18,3.05,3.1,18412
2001-11-05/00:00:00,3.12,3.22,3.12,3.21,14166
2001-11-06/00:00:00,3.23,3.23,3.12,3.17,11102
2001-11-07/00:00:00,3.14,3.18,3.09,3.17,31280
2001-11-08/00:00:00,3.12,3.12,3.11,3.11,6619
2001-11-11/00:00:00,3.11,3.12,3.11,3.12,29322
2001-11-12/00:00:00,3.12,3.12,3.1,3.12,4187
2001-11-13/00:00:00,3.05,3.12,3.05,3.1,2344
2001-11-14/00:00:00,3.03,3.03,2.96,2.96,36176
2001-11-15/00:00:00,2.87,3.09,2.87,3.03,467
2001-11-18/00:00:00,3.05,3.05,3.05,3.05,2796
2001-11-19/00:00:00,3.01,3.05,3.01,3.03,11677
2001-11-20/00:00:00,3.05,3.05,3.05,3.05,1505
2001-11-21/00:00:00,2.9,3.1,2.9,3.03,6772
2001-11-22/00:00:00,2.91,3.1,2.91,3.01,7579
2001-11-25/00:00:00,3.05,3.11,3.05,3.05,8240
2001-11-26/00:00:00,3.05,3.05,3.01,3.03,11252
2001-11-27/00:00:00,3.03,3.09,3.03,3.07,6084
2001-11-28/00:00:00,3.05,3.08,3.05,3.07,13406
2001-11-29/00:00:00,3.08,3.14,3.08,3.11,30276
2001-12-02/00:00:00,3.11,3.2,3.11,3.12,3634
2001-12-03/00:00:00,3.08,3.11,3.08,3.08,5189
2001-12-04/00:00:00,3.08,3.08,3.08,3.08,4294
2001-12-05/00:00:00,3.08,3.08,3.08,3.08,1676
2001-12-06/00:00:00,3.11,3.11,3.11,3.11,1883
2001-12-09/00:00:00,3.11,3.21,3.11,3.16,13302
2001-12-10/00:00:00,3.18,3.29,3.18,3.23,23870
2001-12-11/00:00:00,3.18,3.33,3.18,3.28,50126
2001-12-12/00:00:00,3.32,3.32,3.22,3.28,26204
2001-12-13/00:00:00,3.24,3.33,3.24,3.28,13182
2001-12-19/00:00:00,3.27,3.31,3.27,3.29,5864
2001-12-20/00:00:00,3.26,3.31,3.18,3.25,38245
2001-12-23/00:00:00,3.28,3.28,3.25,3.27,5816
2001-12-24/00:00:00,3.17,3.22,3.11,3.17,3830
2001-12-25/00:00:00,3.29,3.32,3.16,3.28,35608
2001-12-26/00:00:00,3.31,3.32,3.31,3.32,48377
2001-12-27/00:00:00,3.16,3.16,3.16,3.16,1532
2001-12-30/00:00:00,3.14,3.16,3.0,3.12,17596
2001-12-31/00:00:00,2.98,2.98,2.98,2.98,836
2002-01-02/00:00:00,2.82,2.82,2.82,2.82,3491
2002-01-03/00:00:00,2.68,2.68,2.68,2.68,11618
2002-01-06/00:00:00,2.58,2.82,2.58,2.77,32341
2002-01-07/00:00:00,2.67,2.82,2.65,2.72,26592
2002-01-08/00:00:00,2.68,2.85,2.68,2.81,22441
2002-01-09/00:00:00,2.77,2.77,2.77,2.77,1811
2002-01-10/00:00:00,2.76,2.8,2.73,2.77,12604
2002-01-13/00:00:00,2.9,2.9,2.89,2.9,6005
2002-01-14/00:00:00,2.76,2.87,2.76,2.86,3491
2002-01-15/00:00:00,2.89,2.89,2.82,2.85,10489
2002-01-16/00:00:00,2.77,2.77,2.77,2.77,1118
2002-01-17/00:00:00,2.85,2.85,2.76,2.85,3198
2002-01-20/00:00:00,2.77,2.82,2.76,2.77,12253
2002-01-21/00:00:00,2.76,2.86,2.76,2.82,11976
2002-01-22/00:00:00,2.77,2.77,2.76,2.77,9968
2002-01-23/00:00:00,2.77,2.77,2.73,2.76,8381
2002-01-24/00:00:00,2.72,2.72,2.68,2.68,1055
2002-01-27/00:00:00,2.68,2.68,2.67,2.67,4356
2002-01-28/00:00:00,2.6,2.6,2.57,2.58,4187
2002-01-29/00:00:00,2.55,2.71,2.55,2.69,14942
2002-01-30/00:00:00,2.67,2.67,2.67,2.67,554
2002-01-31/00:00:00,2.67,2.67,2.67,2.67,2830
2002-02-03/00:00:00,2.67,2.7,2.67,2.67,2204
2002-02-04/00:00:00,2.67,2.67,2.61,2.65,4337
2002-02-05/00:00:00,2.64,2.67,2.64,2.67,16718
2002-02-06/00:00:00,2.67,2.67,2.64,2.67,202
2002-02-07/00:00:00,2.67,2.67,2.67,2.67,548
2002-02-10/00:00:00,2.67,2.68,2.67,2.67,762
2002-02-11/00:00:00,2.68,2.68,2.67,2.68,8114
2002-02-13/00:00:00,2.65,2.65,2.65,2.65,5586
2002-02-14/00:00:00,2.67,2.67,2.67,2.67,492
2002-02-17/00:00:00,2.68,2.82,2.68,2.76,5509
2002-02-18/00:00:00,2.82,2.82,2.77,2.8,2921
2002-02-19/00:00:00,2.8,2.8,2.8,2.8,494
2002-02-20/00:00:00,2.85,2.92,2.85,2.89,15900
2002-02-25/00:00:00,2.96,2.97,2.87,2.92,10025
2002-02-26/00:00:00,2.82,2.92,2.82,2.87,8436
2002-02-27/00:00:00,2.92,2.92,2.87,2.87,1555
2002-02-28/00:00:00,2.89,2.89,2.85,2.87,1936
2002-03-03/00:00:00,2.87,2.92,2.87,2.88,3382
2002-03-04/00:00:00,2.93,3.03,2.93,3.02,43388
2002-03-05/00:00:00,3.07,3.07,2.93,3.0,10564
2002-03-06/00:00:00,2.97,2.97,2.97,2.97,1258
2002-03-07/00:00:00,2.99,3.01,2.93,2.96,12590
2002-03-10/00:00:00,2.97,2.97,2.93,2.95,15900
2002-03-11/00:00:00,2.9,2.92,2.9,2.92,1667
2002-03-12/00:00:00,2.91,2.96,2.91,2.96,3438
2002-03-13/00:00:00,3.03,3.03,2.93,3.0,8491
2002-03-14/00:00:00,2.96,3.05,2.96,3.01,26388
2002-03-17/00:00:00,3.03,3.03,2.97,2.99,10895
2002-03-18/00:00:00,2.96,3.03,2.9,2.93,19282
2002-03-19/00:00:00,3.01,3.03,2.87,2.92,44878
2002-03-20/00:00:00,3.0,3.03,2.9,3.0,67744
2002-03-21/00:00:00,2.96,3.0,2.91,2.99,80560
2002-03-24/00:00:00,2.98,3.0,2.93,2.97,36604
2002-03-25/00:00:00,2.96,3.0,2.92,2.96,11683
2002-03-26/00:00:00,2.93,2.96,2.92,2.93,9878
2002-03-27/00:00:00,2.93,2.96,2.92,2.95,4265
2002-03-28/00:00:00,2.93,2.93,2.9,2.92,9845
2002-03-31/00:00:00,2.82,2.85,2.82,2.82,10874
2002-04-01/00:00:00,2.8,2.87,2.8,2.86,3054
2002-04-02/00:00:00,2.87,2.87,2.84,2.86,4979
2002-04-03/00:00:00,2.87,2.87,2.87,2.87,2759
2002-04-04/00:00:00,2.89,2.93,2.89,2.92,4706
2002-04-07/00:00:00,2.91,2.93,2.87,2.9,16291
2002-04-08/00:00:00,2.8,2.87,2.8,2.86,3162
2002-04-10/00:00:00,2.57,2.57,2.57,2.57,1841
2002-04-11/00:00:00,2.57,2.57,2.57,2.57,881
2002-04-14/00:00:00,2.57,2.57,2.55,2.57,2311
2002-04-15/00:00:00,2.55,2.55,2.52,2.53,1357
2002-04-16/00:00:00,2.53,2.53,2.49,2.51,7224
2002-04-18/00:00:00,2.55,2.55,2.52,2.53,11125
2002-04-21/00:00:00,2.52,2.52,2.5,2.52,7334
2002-04-22/00:00:00,2.5,2.61,2.5,2.55,39232
2002-04-23/00:00:00,2.57,2.57,2.57,2.57,1118
2002-04-24/00:00:00,2.58,2.59,2.57,2.58,2930
2002-04-28/00:00:00,2.6,2.62,2.6,2.61,988
2002-04-29/00:00:00,2.6,2.6,2.55,2.55,19652
2002-04-30/00:00:00,2.57,2.57,2.57,2.57,2412
2002-05-02/00:00:00,2.57,2.57,2.57,2.57,1397
2002-05-07/00:00:00,2.57,2.65,2.57,2.61,2412
2002-05-08/00:00:00,2.58,2.58,2.57,2.57,14677
2002-05-09/00:00:00,2.57,2.57,2.57,2.57,1118
2002-05-13/00:00:00,2.6,2.61,2.57,2.6,16312
2002-05-14/00:00:00,2.57,2.61,2.57,2.57,2359
2002-05-15/00:00:00,2.57,2.65,2.55,2.59,23542
2002-05-16/00:00:00,2.61,2.61,2.57,2.57,5662
2002-05-20/00:00:00,2.57,2.57,2.57,2.57,4187
2002-05-21/00:00:00,2.57,2.57,2.57,2.57,1048
2002-05-22/00:00:00,2.55,2.57,2.55,2.57,4014
2002-05-26/00:00:00,2.57,2.57,2.57,2.57,7976
2002-05-27/00:00:00,2.57,2.59,2.57,2.57,144060
2002-05-28/00:00:00,2.57,2.57,2.57,2.57,697
2002-05-29/00:00:00,2.57,2.57,2.57,2.57,107
2002-05-30/00:00:00,2.57,2.57,2.57,2.57,836
2002-06-02/00:00:00,2.57,2.57,2.57,2.57,34158
2002-06-04/00:00:00,2.52,2.57,2.52,2.57,84
2002-06-05/00:00:00,2.57,2.57,2.57,2.57,1118
2002-06-06/00:00:00,2.52,2.52,2.52,2.52,781
2002-06-09/00:00:00,2.53,2.57,2.53,2.53,4051
2002-06-10/00:00:00,2.52,2.52,2.5,2.52,8596
2002-06-11/00:00:00,2.52,2.57,2.51,2.52,10925
2002-06-12/00:00:00,2.5,2.52,2.5,2.52,1961
2002-06-13/00:00:00,2.5,2.5,2.49,2.49,8622
2002-06-16/00:00:00,2.52,2.52,2.51,2.51,6211
2002-06-17/00:00:00,2.5,2.5,2.5,2.5,337
2002-06-18/00:00:00,2.49,2.55,2.49,2.53,1897
2002-06-19/00:00:00,2.52,2.52,2.52,2.52,2344
2002-06-20/00:00:00,2.52,2.52,2.49,2.5,4325
2002-06-23/00:00:00,2.52,2.52,2.52,2.52,836
2002-06-25/00:00:00,2.49,2.52,2.49,2.51,2695
2002-06-26/00:00:00,2.5,2.5,2.5,2.5,1397
2002-06-27/00:00:00,2.5,2.52,2.5,2.51,7349
2002-06-30/00:00:00,2.5,2.51,2.5,2.5,3906
2002-07-02/00:00:00,2.5,2.55,2.5,2.53,2374
2002-07-03/00:00:00,2.51,2.51,2.51,2.51,1397
2002-07-04/00:00:00,2.5,2.65,2.5,2.65,38471
2002-07-07/00:00:00,2.77,2.77,2.61,2.76,43206
2002-07-08/00:00:00,2.62,2.67,2.62,2.66,31042
2002-07-09/00:00:00,2.67,2.67,2.57,2.57,13267
2002-07-10/00:00:00,2.65,2.67,2.65,2.66,17456
2002-07-11/00:00:00,2.76,2.76,2.65,2.69,10895
2002-07-14/00:00:00,2.82,2.82,2.64,2.76,21354
2002-07-15/00:00:00,2.65,2.65,2.62,2.64,9215
2002-07-16/00:00:00,2.57,2.61,2.57,2.6,13488
2002-07-17/00:00:00,2.6,2.62,2.6,2.61,5180
2002-07-18/00:00:00,2.57,2.6,2.57,2.58,3349
2002-07-21/00:00:00,2.58,2.6,2.58,2.59,3712
2002-07-22/00:00:00,2.58,2.58,2.57,2.57,6190
2002-07-24/00:00:00,2.58,2.58,2.57,2.57,8534
2002-07-25/00:00:00,2.57,2.57,2.57,2.57,554
2002-07-28/00:00:00,2.64,2.66,2.58,2.61,4766
2002-07-29/00:00:00,2.66,2.66,2.61,2.62,2512
2002-07-30/00:00:00,2.61,2.62,2.61,2.62,4961
2002-07-31/00:00:00,2.65,2.65,2.6,2.61,7086
2002-08-01/00:00:00,2.64,2.64,2.64,2.64,2796
2002-08-04/00:00:00,2.62,2.67,2.62,2.66,9338
2002-08-05/00:00:00,2.64,2.67,2.64,2.66,8692
2002-08-06/00:00:00,2.66,2.7,2.66,2.67,10266
2002-08-07/00:00:00,2.67,2.67,2.67,2.67,276
2002-08-08/00:00:00,2.7,2.7,2.65,2.66,3827
2002-08-11/00:00:00,2.67,2.67,2.64,2.67,2233
2002-08-12/00:00:00,2.65,2.65,2.65,2.65,564
2002-08-13/00:00:00,2.67,2.67,2.67,2.67,6704
2002-08-14/00:00:00,2.65,2.67,2.65,2.67,6086
2002-08-15/00:00:00,2.64,2.72,2.64,2.7,8203
2002-08-18/00:00:00,2.74,2.74,2.72,2.73,17290
2002-08-19/00:00:00,2.72,2.72,2.72,2.72,3072
2002-08-20/00:00:00,2.72,2.72,2.67,2.7,14690
2002-08-21/00:00:00,2.68,2.72,2.67,2.69,16411
2002-08-22/00:00:00,2.67,2.82,2.66,2.72,48352
2002-08-25/00:00:00,2.72,2.72,2.68,2.7,2796
2002-08-26/00:00:00,2.7,2.77,2.67,2.67,47564
2002-08-27/00:00:00,2.67,2.67,2.67,2.67,4020
2002-08-28/00:00:00,2.67,2.69,2.67,2.68,5882
2002-08-29/00:00:00,2.68,2.69,2.68,2.68,4898
2002-09-01/00:00:00,2.67,2.72,2.67,2.71,833
2002-09-02/00:00:00,2.73,2.77,2.72,2.76,2395
2002-09-03/00:00:00,2.73,2.86,2.73,2.82,19499
2002-09-04/00:00:00,2.82,2.87,2.82,2.85,16524
2002-09-05/00:00:00,2.88,3.0,2.88,2.98,50941
2002-09-08/00:00:00,3.02,3.02,2.92,2.98,51133
2002-09-09/00:00:00,2.9,2.9,2.84,2.87,20158
2002-09-10/00:00:00,2.82,2.89,2.82,2.86,14921
2002-09-11/00:00:00,2.93,2.93,2.85,2.87,8450
2002-09-12/00:00:00,2.92,2.92,2.87,2.87,3190
2002-09-15/00:00:00,2.92,2.92,2.87,2.87,6704
2002-09-16/00:00:00,2.87,2.87,2.87,2.87,13180
2002-09-17/00:00:00,2.87,2.87,2.87,2.87,8680
2002-09-18/00:00:00,2.87,2.92,2.87,2.89,8381
2002-09-19/00:00:00,2.92,2.93,2.88,2.91,8545
2002-09-22/00:00:00,2.92,2.92,2.87,2.87,7514
2002-09-23/00:00:00,2.92,2.92,2.87,2.87,24658
2002-09-24/00:00:00,2.57,2.61,2.57,2.61,1195
2002-09-25/00:00:00,2.65,2.65,2.64,2.64,1313
2002-09-26/00:00:00,2.67,2.67,2.65,2.65,3360
2002-09-29/00:00:00,2.67,2.8,2.67,2.73,12364
2002-09-30/00:00:00,2.76,2.76,2.72,2.72,5036
2002-10-01/00:00:00,2.72,2.72,2.7,2.71,3976
2002-10-02/00:00:00,2.68,2.72,2.67,2.67,4969
2002-10-03/00:00:00,2.67,2.68,2.67,2.68,3310
2002-10-07/00:00:00,2.68,2.72,2.68,2.69,1806
2002-10-08/00:00:00,2.7,2.7,2.68,2.69,4392
2002-10-09/00:00:00,2.76,2.76,2.67,2.69,13200
2002-10-10/00:00:00,2.67,2.67,2.67,2.67,11875
2002-10-13/00:00:00,2.67,2.67,2.57,2.66,490
2002-10-14/00:00:00,2.72,2.72,2.57,2.59,36642
2002-10-15/00:00:00,2.65,2.65,2.59,2.62,738
2002-10-16/00:00:00,2.64,2.64,2.52,2.57,14480
2002-10-17/00:00:00,2.67,2.67,2.61,2.61,7166
2002-10-20/00:00:00,2.67,2.67,2.61,2.62,4004
2002-10-21/00:00:00,2.66,2.67,2.62,2.66,15841
2002-10-22/00:00:00,2.66,2.67,2.65,2.66,5726
2002-10-23/00:00:00,2.72,2.72,2.58,2.64,16482
2002-10-24/00:00:00,2.65,2.67,2.62,2.65,4538
2002-10-27/00:00:00,2.66,2.67,2.62,2.64,2524
2002-10-28/00:00:00,2.66,2.66,2.62,2.62,636
2002-10-29/00:00:00,2.6,2.67,2.53,2.59,15810
2002-10-30/00:00:00,2.65,2.67,2.65,2.65,5292
2002-10-31/00:00:00,2.67,2.67,2.59,2.6,2422
2002-11-03/00:00:00,2.72,2.72,2.67,2.72,39000
2002-11-04/00:00:00,2.85,2.85,2.82,2.85,55213
2002-11-05/00:00:00,2.99,2.99,2.98,2.99,29410
2002-11-06/00:00:00,3.12,3.12,3.01,3.12,116158
2002-11-07/00:00:00,2.99,3.22,2.98,3.0,26722
2002-11-10/00:00:00,2.87,2.9,2.87,2.88,9526
2002-11-11/00:00:00,3.03,3.03,2.97,3.0,8075
2002-11-12/00:00:00,3.14,3.14,3.14,3.14,39982
2002-11-13/00:00:00,3.3,3.3,3.14,3.23,41038
2002-11-14/00:00:00,3.17,3.17,3.07,3.08,18659
2002-11-17/00:00:00,3.14,3.14,2.99,3.03,19072
2002-11-18/00:00:00,3.09,3.09,2.99,3.03,18250
2002-11-19/00:00:00,3.11,3.16,3.07,3.11,1507
2002-11-20/00:00:00,3.17,3.17,3.14,3.16,14950
2002-11-21/00:00:00,3.17,3.17,3.08,3.09,8210
2002-11-24/00:00:00,3.16,3.17,3.05,3.12,2292
2002-11-25/00:00:00,3.05,3.08,3.05,3.06,9080
2002-11-26/00:00:00,3.14,3.14,3.06,3.07,8329
2002-11-27/00:00:00,3.06,3.14,3.06,3.11,6690
2002-11-28/00:00:00,3.14,3.14,3.11,3.11,797
2002-12-01/00:00:00,3.12,3.14,3.08,3.1,19092
2002-12-02/00:00:00,3.14,3.14,3.09,3.1,5168
2002-12-03/00:00:00,3.22,3.22,3.09,3.14,15778
2002-12-04/00:00:00,3.18,3.2,3.11,3.16,7860
2002-12-09/00:00:00,3.22,3.24,3.18,3.21,21197
2002-12-10/00:00:00,3.22,3.22,3.16,3.17,25552
2002-12-11/00:00:00,3.16,3.2,3.11,3.12,12278
2002-12-12/00:00:00,3.16,3.18,3.12,3.17,21738
2002-12-15/00:00:00,3.17,3.22,3.17,3.21,39852
2002-12-16/00:00:00,3.22,3.22,3.18,3.22,7289
2002-12-17/00:00:00,3.31,3.31,3.11,3.22,47004
2002-12-18/00:00:00,3.27,3.34,3.21,3.28,44807
2002-12-19/00:00:00,3.34,3.43,3.3,3.41,45413
2002-12-22/00:00:00,3.51,3.52,3.32,3.43,48588
2002-12-23/00:00:00,3.42,3.48,3.3,3.37,42592
2002-12-24/00:00:00,3.33,3.4,3.23,3.34,94882
2002-12-25/00:00:00,3.36,3.4,3.32,3.37,126524
2002-12-26/00:00:00,3.4,3.54,3.4,3.49,98566
2002-12-29/00:00:00,3.52,3.65,3.51,3.58,67720
2002-12-30/00:00:00,3.56,3.75,3.45,3.59,277000
2002-12-31/00:00:00,3.72,3.77,3.69,3.76,96198
2003-01-02/00:00:00,3.77,3.77,3.59,3.67,21416
2003-01-05/00:00:00,3.76,3.76,3.52,3.65,42712
2003-01-06/00:00:00,3.52,3.69,3.47,3.58,74020
2003-01-08/00:00:00,3.68,3.72,3.52,3.68,49734
2003-01-09/00:00:00,3.7,3.72,3.57,3.65,46114
2003-01-12/00:00:00,3.68,3.72,3.54,3.68,29393
2003-01-13/00:00:00,3.65,3.68,3.57,3.65,38710
2003-01-14/00:00:00,3.65,3.65,3.52,3.64,21091
2003-01-15/00:00:00,3.64,3.64,3.52,3.62,22262
2003-01-16/00:00:00,3.6,3.65,3.44,3.57,115680
2003-01-19/00:00:00,3.64,3.64,3.57,3.64,69160
2003-01-20/00:00:00,3.62,3.64,3.52,3.62,35154
2003-01-21/00:00:00,3.62,3.62,3.49,3.59,25256
2003-01-22/00:00:00,3.57,3.62,3.48,3.6,23368
2003-01-23/00:00:00,3.57,3.58,3.56,3.57,50725
2003-01-26/00:00:00,3.54,3.62,3.4,3.57,60404
2003-01-27/00:00:00,3.57,3.59,3.57,3.57,19577
2003-01-28/00:00:00,3.57,3.57,3.57,3.57,24023
2003-01-29/00:00:00,3.57,3.69,3.51,3.6,123696
2003-01-30/00:00:00,3.68,3.76,3.61,3.72,97694
2003-02-02/00:00:00,3.74,3.82,3.74,3.8,32458
2003-02-03/00:00:00,3.94,3.94,3.62,3.92,74431
2003-02-04/00:00:00,4.01,4.01,3.72,3.8,5581
2003-02-05/00:00:00,3.76,3.76,3.72,3.76,10847
2003-02-06/00:00:00,3.69,3.7,3.58,3.65,18229
2003-02-09/00:00:00,3.62,3.76,3.62,3.65,29108
2003-02-16/00:00:00,3.76,3.76,3.62,3.64,17665
2003-02-17/00:00:00,3.74,3.74,3.62,3.72,3619
2003-02-18/00:00:00,3.72,3.72,3.69,3.72,900
2003-02-19/00:00:00,3.7,3.7,3.64,3.67,13364
2003-02-20/00:00:00,3.66,3.7,3.66,3.7,5400
2003-02-23/00:00:00,3.72,3.88,3.69,3.76,8500
2003-02-24/00:00:00,3.83,3.94,3.83,3.92,37795
2003-02-25/00:00:00,3.94,4.12,3.94,3.99,781
2003-02-26/00:00:00,3.93,3.94,3.93,3.94,292
2003-02-27/00:00:00,3.74,3.74,3.74,3.74,276
2003-03-02/00:00:00,3.7,3.8,3.66,3.7,31130
2003-03-03/00:00:00,3.65,3.88,3.52,3.82,399979
2003-03-05/00:00:00,3.93,3.94,3.93,3.94,3631
2003-03-06/00:00:00,3.93,3.98,3.75,3.94,52190
2003-03-09/00:00:00,4.04,4.04,3.75,4.03,94298
2003-03-10/00:00:00,3.94,4.03,3.94,4.0,35222
2003-03-11/00:00:00,3.94,4.03,3.8,3.94,104070
2003-03-12/00:00:00,3.82,3.82,3.8,3.82,30359
2003-03-17/00:00:00,3.67,3.67,3.64,3.66,39773
2003-03-18/00:00:00,3.57,3.57,3.49,3.52,3925
2003-03-19/00:00:00,3.57,3.66,3.57,3.64,17231
2003-03-20/00:00:00,3.65,3.66,3.65,3.66,419
2003-03-23/00:00:00,3.66,3.66,3.57,3.66,4592
2003-03-24/00:00:00,3.66,3.66,3.66,3.66,64241
2003-03-26/00:00:00,3.66,3.66,3.62,3.65,13613
2003-03-27/00:00:00,3.57,3.62,3.54,3.62,20168
2003-03-30/00:00:00,3.44,3.44,3.43,3.44,4051
2003-03-31/00:00:00,3.27,3.57,3.27,3.48,26052
2003-04-01/00:00:00,3.57,3.57,3.32,3.57,8094
2003-04-02/00:00:00,3.56,3.57,3.4,3.52,14335
2003-04-03/00:00:00,3.54,3.57,3.54,3.57,10895
2003-04-06/00:00:00,3.54,3.54,3.39,3.52,5767
2003-04-07/00:00:00,3.49,3.57,3.34,3.5,40052
2003-04-08/00:00:00,3.54,3.57,3.33,3.48,15616
2003-04-09/00:00:00,3.49,3.57,3.38,3.54,18787
2003-04-10/00:00:00,3.56,3.56,3.4,3.51,10625
2003-04-13/00:00:00,3.54,3.56,3.54,3.54,10008
2003-04-14/00:00:00,3.55,3.57,3.41,3.56,13282
2003-04-15/00:00:00,3.56,3.57,3.42,3.52,16541
2003-04-16/00:00:00,3.56,3.57,3.44,3.52,12707
2003-04-17/00:00:00,3.55,3.56,3.51,3.55,10610
2003-04-20/00:00:00,3.55,3.56,3.42,3.55,10849
2003-04-21/00:00:00,3.52,3.56,3.41,3.54,137338
2003-04-22/00:00:00,3.55,3.55,3.54,3.54,5891
2003-04-23/00:00:00,3.54,3.54,3.37,3.53,3282
2003-04-24/00:00:00,3.52,3.54,3.37,3.45,8129
2003-04-29/00:00:00,3.53,3.54,3.4,3.53,5677
2003-04-30/00:00:00,3.52,3.54,3.52,3.53,5586
2003-05-04/00:00:00,3.53,3.54,3.42,3.52,7775
2003-05-05/00:00:00,3.52,3.54,3.4,3.44,13507
2003-05-06/00:00:00,3.5,3.51,3.34,3.48,8491
2003-05-07/00:00:00,3.47,3.48,3.47,3.47,6298
2003-05-08/00:00:00,3.4,3.57,3.4,3.55,192710
2003-05-12/00:00:00,3.43,3.43,3.42,3.42,1783
2003-05-14/00:00:00,3.4,3.4,3.4,3.4,3072
2003-05-15/00:00:00,3.37,3.37,3.23,3.34,1199
2003-05-18/00:00:00,3.37,3.4,3.32,3.34,5028
2003-05-19/00:00:00,3.32,3.33,3.32,3.32,949
2003-05-20/00:00:00,3.32,3.32,3.17,3.3,30766
2003-05-21/00:00:00,3.29,3.29,3.12,3.24,3718
2003-05-22/00:00:00,3.27,3.27,3.08,3.17,10218
2003-05-25/00:00:00,3.22,3.22,3.11,3.14,3194
2003-05-26/00:00:00,3.12,3.3,3.12,3.26,1619
2003-05-27/00:00:00,3.18,3.22,3.11,3.18,4333
2003-05-28/00:00:00,3.08,3.18,3.08,3.18,257
2003-06-01/00:00:00,3.22,3.22,3.22,3.22,17873
2003-06-02/00:00:00,3.11,3.22,3.11,3.18,6052
2003-06-03/00:00:00,3.22,3.22,3.11,3.17,3562
2003-06-04/00:00:00,3.22,3.22,3.05,3.11,6144
2003-06-05/00:00:00,3.21,3.22,3.21,3.22,7543
2003-06-08/00:00:00,3.18,3.18,3.09,3.12,1566
2003-06-09/00:00:00,3.16,3.18,2.97,3.0,26048
2003-06-10/00:00:00,2.96,2.96,2.87,2.89,2796
2003-06-11/00:00:00,2.97,3.03,2.9,3.01,13367
2003-06-12/00:00:00,3.01,3.03,2.9,3.01,15277
2003-06-15/00:00:00,3.11,3.14,3.11,3.12,8099
2003-06-16/00:00:00,3.07,3.07,2.99,3.07,7177
2003-06-17/00:00:00,3.11,3.22,3.11,3.16,3718
2003-06-18/00:00:00,3.18,3.18,3.18,3.18,419
2003-06-19/00:00:00,3.21,3.22,3.03,3.08,4402
2003-06-22/00:00:00,3.12,3.22,3.07,3.17,6422
2003-06-23/00:00:00,3.01,3.01,3.0,3.0,3720
2003-06-25/00:00:00,3.12,3.12,3.09,3.11,1676
2003-06-26/00:00:00,3.14,3.24,2.96,3.02,12905
2003-06-29/00:00:00,3.11,3.11,2.92,3.03,4709
2003-06-30/00:00:00,3.09,3.09,2.92,3.03,1676
2003-07-02/00:00:00,3.07,3.07,3.07,3.07,1397
2003-07-03/00:00:00,3.05,3.07,3.05,3.06,4075
2003-07-06/00:00:00,3.08,3.08,2.95,3.06,1928
2003-07-07/00:00:00,3.07,3.08,3.07,3.07,1676
2003-07-08/00:00:00,3.05,3.05,2.93,3.0,8381
2003-07-09/00:00:00,3.03,3.08,2.92,3.05,9607
2003-07-10/00:00:00,3.07,3.2,2.96,3.11,1586
2003-07-13/00:00:00,3.17,3.18,2.96,3.14,2635
2003-07-15/00:00:00,3.0,3.0,3.0,3.0,3514
2003-07-16/00:00:00,3.0,3.07,2.93,3.0,1327
2003-07-17/00:00:00,2.96,3.0,2.96,3.0,210
2003-07-20/00:00:00,3.07,3.07,2.99,3.07,612
2003-07-21/00:00:00,3.07,3.07,2.92,2.96,22554
2003-07-22/00:00:00,3.05,3.07,2.87,2.92,9212
2003-07-24/00:00:00,3.03,3.03,3.0,3.03,1702
2003-07-27/00:00:00,2.87,3.03,2.87,3.03,36
2003-07-28/00:00:00,2.87,2.93,2.87,2.9,3020
2003-07-29/00:00:00,2.9,2.9,2.9,2.9,47
2003-07-31/00:00:00,3.03,3.03,3.03,3.03,1730
2003-08-03/00:00:00,3.03,3.03,2.91,2.92,5443
2003-08-04/00:00:00,2.87,2.92,2.87,2.92,29
2003-08-05/00:00:00,3.0,3.0,2.87,3.0,2867
2003-08-07/00:00:00,3.07,3.07,3.07,3.07,4466
2003-08-11/00:00:00,2.99,2.99,2.92,2.96,1973
2003-08-12/00:00:00,3.01,3.05,3.01,3.03,5864
2003-08-13/00:00:00,2.92,2.93,2.92,2.93,1530
2003-08-14/00:00:00,3.03,3.03,2.96,3.03,5729
2003-08-17/00:00:00,2.92,2.92,2.9,2.92,846
2003-08-18/00:00:00,2.92,2.92,2.82,2.89,2233
2003-08-19/00:00:00,2.8,2.87,2.8,2.87,2162
2003-08-20/00:00:00,2.87,2.87,2.87,2.87,174
2003-08-21/00:00:00,2.96,3.0,2.87,2.93,1724
2003-08-24/00:00:00,3.01,3.01,3.01,3.01,436
2003-08-26/00:00:00,2.91,3.0,2.87,2.91,5312
2003-08-27/00:00:00,3.0,3.0,3.0,3.0,1397
2003-08-28/00:00:00,3.0,3.03,2.93,3.0,5468
2003-08-31/00:00:00,3.03,3.03,2.93,3.01,6432
2003-09-01/00:00:00,3.09,3.11,2.95,3.03,8724
2003-09-02/00:00:00,3.09,3.09,2.95,3.07,3028
2003-09-03/00:00:00,3.09,3.09,3.09,3.09,2796
2003-09-04/00:00:00,3.1,3.17,3.05,3.08,13818
2003-09-07/00:00:00,3.07,3.12,3.07,3.09,3349
2003-09-08/00:00:00,3.11,3.11,3.01,3.11,3841
2003-09-10/00:00:00,3.12,3.12,3.12,3.12,671
2003-09-11/00:00:00,2.99,2.99,2.98,2.98,1660
2003-09-14/00:00:00,3.08,3.08,3.08,3.08,276
2003-09-15/00:00:00,2.97,2.97,2.93,2.95,1604
2003-09-16/00:00:00,2.97,2.97,2.96,2.96,728
2003-09-17/00:00:00,3.01,3.01,2.96,2.97,3098
2003-09-18/00:00:00,3.01,3.05,2.97,3.03,6937
2003-09-21/00:00:00,3.12,3.18,3.12,3.17,7106
2003-09-22/00:00:00,3.34,3.34,3.07,3.18,1684
2003-09-23/00:00:00,3.11,3.11,3.08,3.08,872
2003-09-24/00:00:00,3.22,3.22,3.22,3.22,554
2003-09-25/00:00:00,3.17,3.17,3.07,3.07,10333
2003-09-28/00:00:00,3.07,3.07,2.93,3.0,1811
2003-09-29/00:00:00,3.16,3.16,3.16,3.16,554
2003-09-30/00:00:00,3.2,3.2,3.2,3.2,1066
2003-10-01/00:00:00,3.12,3.12,3.12,3.12,3769
2003-10-02/00:00:00,3.01,3.05,3.01,3.03,419
2003-10-05/00:00:00,3.11,3.11,3.05,3.08,1376
2003-10-07/00:00:00,3.09,3.09,3.05,3.06,3655
2003-10-08/00:00:00,3.06,3.06,3.06,3.06,608
2003-10-09/00:00:00,2.93,3.05,2.9,2.9,19112
2003-10-12/00:00:00,3.05,3.05,2.96,3.02,9073
2003-10-13/00:00:00,3.12,3.12,3.08,3.08,6284
2003-10-14/00:00:00,2.96,2.96,2.96,2.96,4055
2003-10-15/00:00:00,3.03,3.03,3.03,3.03,697
2003-10-16/00:00:00,2.92,2.96,2.92,2.93,7458
2003-10-19/00:00:00,3.03,3.03,2.93,2.96,3788
2003-10-20/00:00:00,3.03,3.03,2.96,3.0,4687
2003-10-21/00:00:00,2.97,3.0,2.96,2.96,7543
2003-10-22/00:00:00,2.96,2.96,2.96,2.96,923
2003-10-23/00:00:00,2.97,2.98,2.97,2.97,1154
2003-10-27/00:00:00,2.92,2.92,2.92,2.92,419
2003-10-28/00:00:00,2.92,2.96,2.92,2.95,612
2003-11-02/00:00:00,3.0,3.0,3.0,3.0,1088
2003-11-03/00:00:00,2.93,2.93,2.93,2.93,276
2003-11-04/00:00:00,2.95,2.95,2.8,2.91,734
2003-11-05/00:00:00,2.95,2.95,2.87,2.87,3266
2003-11-06/00:00:00,2.87,2.87,2.72,2.77,5668
2003-11-09/00:00:00,2.92,2.92,2.92,2.92,554
2003-11-10/00:00:00,3.0,3.01,3.0,3.0,1397
2003-11-11/00:00:00,2.9,2.9,2.9,2.9,464
2003-11-12/00:00:00,2.87,2.95,2.87,2.91,1552
2003-11-16/00:00:00,2.92,2.92,2.92,2.92,554
2003-11-18/00:00:00,2.87,2.87,2.87,2.87,3072
2003-11-19/00:00:00,2.87,2.87,2.86,2.87,2575
2003-11-20/00:00:00,2.86,2.87,2.86,2.87,12408
2003-11-23/00:00:00,2.99,3.01,2.82,3.0,7400
2003-11-24/00:00:00,3.01,3.14,3.01,3.1,39164
2003-11-30/00:00:00,3.26,3.26,3.22,3.25,50628
2003-12-01/00:00:00,3.42,3.42,3.22,3.34,79920
2003-12-02/00:00:00,3.51,3.51,3.28,3.38,12094
2003-12-03/00:00:00,3.44,3.54,3.44,3.54,170346
2003-12-04/00:00:00,3.7,3.72,3.58,3.72,145189
2003-12-07/00:00:00,3.72,3.72,3.57,3.64,32773
2003-12-08/00:00:00,3.66,3.68,3.64,3.65,7543
2003-12-09/00:00:00,3.57,3.57,3.47,3.52,38293
2003-12-10/00:00:00,3.57,3.57,3.4,3.44,29824
2003-12-11/00:00:00,3.53,3.53,3.51,3.52,18169
2003-12-14/00:00:00,3.54,3.54,3.53,3.53,13968
2003-12-15/00:00:00,3.51,3.57,3.51,3.54,36260
2003-12-16/00:00:00,3.55,3.57,3.38,3.47,33518
2003-12-17/00:00:00,3.54,3.56,3.54,3.55,2796
2003-12-18/00:00:00,3.53,3.53,3.53,3.53,2796
2003-12-21/00:00:00,3.52,3.57,3.52,3.54,27932
2003-12-22/00:00:00,3.54,3.55,3.53,3.54,5460
2003-12-23/00:00:00,3.51,3.51,3.37,3.42,12220
2003-12-24/00:00:00,3.51,3.51,3.28,3.51,5684
2003-12-25/00:00:00,3.34,3.44,3.34,3.4,8662
2003-12-28/00:00:00,3.43,3.54,3.43,3.45,27629
2003-12-29/00:00:00,3.29,3.45,3.29,3.38,40529
2003-12-30/00:00:00,3.4,3.54,3.3,3.44,251357
2003-12-31/00:00:00,3.54,3.62,3.54,3.59,285833
2004-01-04/00:00:00,3.57,3.57,3.56,3.57,1387
2004-01-05/00:00:00,3.54,3.57,3.54,3.57,47486
2004-01-06/00:00:00,3.57,3.57,3.4,3.54,4056
2004-01-08/00:00:00,3.57,3.57,3.4,3.48,3029
2004-01-11/00:00:00,3.56,3.57,3.4,3.55,46560
2004-01-12/00:00:00,3.57,3.57,3.43,3.57,1453
2004-01-13/00:00:00,3.54,3.55,3.4,3.51,2083
2004-01-14/00:00:00,3.4,3.54,3.34,3.4,3390
2004-01-15/00:00:00,3.54,3.54,3.54,3.54,2711
2004-01-18/00:00:00,3.51,3.52,3.38,3.44,2652
2004-01-19/00:00:00,3.5,3.52,3.37,3.43,4748
2004-01-20/00:00:00,3.52,3.6,3.52,3.57,1397
2004-01-21/00:00:00,3.57,3.6,3.57,3.57,1676
2004-01-22/00:00:00,3.54,3.57,3.42,3.54,2124
2004-01-25/00:00:00,3.55,3.55,3.4,3.45,3908
2004-01-26/00:00:00,3.48,3.48,3.48,3.48,836
2004-01-27/00:00:00,3.4,3.48,3.4,3.48,272
2004-01-28/00:00:00,3.4,3.4,3.32,3.32,3700
2004-01-29/00:00:00,3.42,3.47,3.42,3.43,419
2004-02-04/00:00:00,3.3,3.3,3.3,3.3,836
2004-02-05/00:00:00,3.4,3.4,3.36,3.4,1956
2004-02-08/00:00:00,3.33,3.34,3.33,3.34,2695
2004-02-09/00:00:00,3.33,3.34,3.33,3.34,1469
2004-02-10/00:00:00,3.26,3.26,3.23,3.24,1015
2004-02-11/00:00:00,3.41,3.41,3.26,3.36,1217
2004-02-12/00:00:00,3.4,3.4,3.4,3.4,276
2004-02-15/00:00:00,3.4,3.4,3.4,3.4,276
2004-02-17/00:00:00,3.26,3.26,3.26,3.26,311
2004-02-18/00:00:00,3.14,3.26,3.14,3.26,125
2004-02-19/00:00:00,3.11,3.22,3.11,3.14,1912
2004-02-22/00:00:00,3.3,3.3,3.09,3.23,1397
2004-02-24/00:00:00,3.07,3.07,3.07,3.07,1321
2004-02-25/00:00:00,3.05,3.05,3.05,3.05,1061
2004-02-26/00:00:00,3.18,3.18,2.89,2.96,916
2004-02-29/00:00:00,3.11,3.11,2.97,3.09,3072
2004-03-01/00:00:00,3.09,3.09,3.08,3.08,2796
2004-03-02/00:00:00,3.18,3.21,3.18,3.18,2539
2004-03-03/00:00:00,3.03,3.03,3.03,3.03,836
2004-03-04/00:00:00,3.18,3.18,3.08,3.14,2718
2004-03-07/00:00:00,3.08,3.14,3.08,3.14,47
2004-03-08/00:00:00,3.26,3.3,3.26,3.29,31564
2004-03-09/00:00:00,3.16,3.16,3.16,3.16,1397
2004-03-10/00:00:00,3.26,3.26,3.03,3.22,968
2004-03-11/00:00:00,3.18,3.18,3.18,3.18,1260
2004-03-14/00:00:00,3.03,3.09,3.03,3.07,2111
2004-03-15/00:00:00,2.92,2.96,2.91,2.92,1720
2004-03-16/00:00:00,3.03,3.03,2.97,3.03,2897
2004-03-17/00:00:00,2.98,3.0,2.97,2.98,8191
2004-03-21/00:00:00,2.98,3.05,2.98,3.01,5242
2004-03-22/00:00:00,3.05,3.06,3.01,3.03,6942
2004-03-23/00:00:00,3.0,3.03,3.0,3.03,60
2004-03-24/00:00:00,3.0,3.01,3.0,3.0,484
2004-03-25/00:00:00,3.03,3.03,3.03,3.03,671
2004-03-28/00:00:00,3.03,3.03,3.03,3.03,7819
2004-03-29/00:00:00,2.96,3.03,2.96,3.03,70
2004-03-30/00:00:00,2.96,3.05,2.91,2.96,4855
2004-03-31/00:00:00,3.01,3.09,2.97,3.03,4043
2004-04-01/00:00:00,2.97,2.97,2.97,2.97,11365
2004-04-04/00:00:00,3.0,3.0,3.0,3.0,1397
2004-04-05/00:00:00,3.03,3.05,3.03,3.05,6194
2004-04-06/00:00:00,3.07,3.07,3.01,3.03,31842
2004-04-07/00:00:00,3.03,3.03,2.97,2.99,7292
2004-04-08/00:00:00,3.03,3.03,2.97,3.03,4466
2004-04-13/00:00:00,2.93,2.98,2.93,2.93,1684
2004-04-14/00:00:00,2.96,2.96,2.95,2.96,2060
2004-04-15/00:00:00,2.96,3.03,2.96,3.03,6284
2004-04-18/00:00:00,3.03,3.03,2.92,2.95,8938
2004-04-19/00:00:00,3.02,3.03,3.02,3.03,836
2004-04-20/00:00:00,2.92,3.0,2.92,3.0,1338
2004-04-21/00:00:00,3.0,3.0,2.95,2.96,20912
2004-04-22/00:00:00,2.93,3.01,2.93,2.98,8393
2004-04-26/00:00:00,2.93,2.93,2.92,2.92,12766
2004-04-27/00:00:00,2.91,2.91,2.87,2.88,27740
2004-04-28/00:00:00,2.87,2.92,2.82,2.87,24856
2004-04-29/00:00:00,2.9,2.9,2.82,2.87,2551
2004-05-03/00:00:00,2.9,2.9,2.87,2.89,15223
2004-05-04/00:00:00,2.84,2.87,2.8,2.84,9799
2004-05-05/00:00:00,2.87,2.87,2.82,2.84,7400
2004-05-06/00:00:00,2.87,2.87,2.82,2.85,25057
2004-05-09/00:00:00,2.84,2.86,2.82,2.82,28576
2004-05-10/00:00:00,2.84,2.84,2.82,2.84,5012
2004-05-11/00:00:00,2.85,2.85,2.72,2.81,17604
2004-05-12/00:00:00,2.72,2.76,2.67,2.69,12112
2004-05-13/00:00:00,2.67,2.82,2.67,2.8,41310
2004-05-16/00:00:00,2.92,2.92,2.76,2.92,26519
2004-05-17/00:00:00,3.07,3.07,2.8,2.87,34140
2004-05-18/00:00:00,2.82,2.82,2.72,2.73,42047
2004-05-19/00:00:00,2.7,2.71,2.68,2.69,8381
2004-05-20/00:00:00,2.82,2.82,2.82,2.82,3769
2004-05-23/00:00:00,2.82,2.82,2.72,2.76,8356
2004-05-24/00:00:00,2.72,2.72,2.68,2.71,21544
2004-05-25/00:00:00,2.68,2.68,2.67,2.68,6955
2004-05-26/00:00:00,2.69,2.7,2.68,2.69,14677
2004-05-27/00:00:00,2.68,2.68,2.67,2.67,26342
2004-05-30/00:00:00,2.67,2.68,2.65,2.67,16466
2004-05-31/00:00:00,2.67,2.68,2.67,2.67,19554
2004-06-01/00:00:00,2.67,2.67,2.65,2.65,19554
2004-06-02/00:00:00,2.65,2.65,2.62,2.64,9703
2004-06-03/00:00:00,2.64,2.64,2.62,2.62,5304
2004-06-06/00:00:00,2.62,2.65,2.62,2.64,7842
2004-06-08/00:00:00,2.65,2.76,2.65,2.74,35248
2004-06-09/00:00:00,2.67,2.77,2.67,2.7,4235
2004-06-10/00:00:00,2.68,2.68,2.67,2.67,3851
2004-06-13/00:00:00,2.68,2.68,2.67,2.68,4056
2004-06-14/00:00:00,2.7,2.7,2.69,2.7,1483
2004-06-15/00:00:00,2.74,2.74,2.7,2.72,33421
2004-06-16/00:00:00,2.77,2.77,2.72,2.72,25111
2004-06-17/00:00:00,2.76,2.76,2.72,2.73,3994
2004-06-20/00:00:00,2.67,2.67,2.65,2.67,18593
2004-06-21/00:00:00,2.67,2.73,2.67,2.68,33710
2004-06-22/00:00:00,2.69,2.72,2.69,2.72,9635
2004-06-23/00:00:00,2.67,2.69,2.6,2.65,12859
2004-06-24/00:00:00,2.67,2.68,2.67,2.67,5189
2004-06-27/00:00:00,2.67,2.67,2.62,2.65,40283
2004-06-28/00:00:00,2.67,2.67,2.67,2.67,6947
2004-06-29/00:00:00,2.67,2.7,2.65,2.68,20058
2004-06-30/00:00:00,2.68,2.69,2.68,2.69,2442
2004-07-04/00:00:00,2.67,2.67,2.67,2.67,4187
2004-07-05/00:00:00,2.65,2.65,2.64,2.65,5803
2004-07-06/00:00:00,2.67,2.67,2.67,2.67,2796
2004-07-07/00:00:00,2.67,2.69,2.67,2.68,10380
2004-07-08/00:00:00,2.67,2.67,2.67,2.67,18155
2004-07-11/00:00:00,2.7,2.7,2.67,2.68,22122
2004-07-12/00:00:00,2.67,2.67,2.66,2.67,4548
2004-07-13/00:00:00,2.65,2.65,2.65,2.65,1397
2004-07-14/00:00:00,2.67,2.67,2.67,2.67,1118
2004-07-15/00:00:00,2.65,2.65,2.65,2.65,4460
2004-07-18/00:00:00,2.65,2.67,2.65,2.67,8902
2004-07-19/00:00:00,2.67,2.68,2.67,2.67,9383
2004-07-20/00:00:00,2.72,2.72,2.72,2.72,13267
2004-07-21/00:00:00,2.67,2.72,2.67,2.68,8662
2004-07-22/00:00:00,2.67,2.76,2.67,2.72,18605
2004-07-25/00:00:00,2.73,2.73,2.72,2.72,4946
2004-07-26/00:00:00,2.77,2.77,2.73,2.73,14940
2004-07-27/00:00:00,2.76,2.76,2.76,2.76,5586
2004-07-28/00:00:00,2.76,2.77,2.74,2.74,13418
2004-07-29/00:00:00,2.76,2.76,2.74,2.76,5422
2004-08-01/00:00:00,2.77,2.8,2.76,2.76,20110
2004-08-02/00:00:00,2.76,2.77,2.74,2.74,11496
2004-08-03/00:00:00,2.76,2.76,2.73,2.73,6980
2004-08-04/00:00:00,2.72,2.76,2.72,2.76,9422
2004-08-05/00:00:00,2.76,2.76,2.72,2.72,8378
2004-08-08/00:00:00,2.72,2.72,2.72,2.72,9566
2004-08-09/00:00:00,2.76,2.77,2.73,2.76,43310
2004-08-10/00:00:00,2.72,2.72,2.71,2.71,14335
2004-08-11/00:00:00,2.76,2.76,2.71,2.71,11604
2004-08-12/00:00:00,2.7,2.72,2.67,2.71,34037
2004-08-15/00:00:00,2.7,2.7,2.68,2.68,9080
2004-08-16/00:00:00,2.72,2.76,2.71,2.72,28841
2004-08-17/00:00:00,2.76,2.78,2.73,2.78,4782
2004-08-18/00:00:00,2.7,2.72,2.7,2.71,6896
2004-08-19/00:00:00,2.68,2.69,2.67,2.69,13534
2004-08-22/00:00:00,2.72,2.72,2.69,2.71,2149
2004-08-23/00:00:00,2.67,2.72,2.67,2.71,4187
2004-08-24/00:00:00,2.69,2.7,2.69,2.7,1568
2004-08-25/00:00:00,2.68,2.68,2.68,2.68,6980
2004-08-26/00:00:00,2.71,2.72,2.67,2.67,4500
2004-08-29/00:00:00,2.67,2.72,2.67,2.67,15154
2004-08-30/00:00:00,2.67,2.67,2.65,2.65,13769
2004-08-31/00:00:00,2.64,2.64,2.61,2.61,161190
2004-09-01/00:00:00,2.57,2.61,2.5,2.5,166258
2004-09-05/00:00:00,2.53,2.55,2.53,2.55,4638
2004-09-06/00:00:00,2.53,2.57,2.53,2.55,6348
2004-09-07/00:00:00,2.55,2.57,2.5,2.52,16798
2004-09-08/00:00:00,2.53,2.53,2.53,2.53,2927
2004-09-09/00:00:00,2.66,2.66,2.61,2.65,115705
2004-09-12/00:00:00,2.77,2.77,2.76,2.77,131347
2004-09-13/00:00:00,2.89,2.91,2.68,2.68,95408
2004-09-14/00:00:00,2.72,2.8,2.72,2.72,91705
2004-09-16/00:00:00,2.61,2.82,2.61,2.67,65122
2004-09-19/00:00:00,2.73,2.73,2.68,2.68,13963
2004-09-20/00:00:00,2.72,2.72,2.67,2.67,56420
2004-09-21/00:00:00,2.66,2.66,2.62,2.62,24158
2004-09-22/00:00:00,2.65,2.76,2.65,2.66,9617
2004-09-23/00:00:00,2.66,2.72,2.64,2.66,12000
2004-09-26/00:00:00,2.67,2.67,2.67,2.67,134
2004-09-27/00:00:00,2.65,2.65,2.64,2.64,4885
2004-09-28/00:00:00,2.65,2.65,2.65,2.65,8057
2004-09-29/00:00:00,2.66,2.66,2.65,2.65,8378
2004-09-30/00:00:00,2.66,2.66,2.65,2.65,7853
2004-10-03/00:00:00,2.67,2.73,2.67,2.67,6977
2004-10-04/00:00:00,2.67,2.67,2.59,2.59,37132
2004-10-05/00:00:00,2.62,2.64,2.61,2.64,8113
2004-10-07/00:00:00,2.65,2.67,2.65,2.67,6955
2004-10-10/00:00:00,2.61,2.61,2.59,2.59,36785
2004-10-11/00:00:00,2.61,2.67,2.61,2.64,11381
2004-10-12/00:00:00,2.64,2.71,2.64,2.71,14386
2004-10-13/00:00:00,2.67,2.68,2.64,2.64,16808
2004-10-14/00:00:00,2.72,2.82,2.72,2.82,176959
2004-10-17/00:00:00,2.82,2.82,2.81,2.82,7292
2004-10-18/00:00:00,2.72,2.72,2.72,2.72,554
2004-10-19/00:00:00,2.76,2.76,2.67,2.71,26665
2004-10-20/00:00:00,2.67,2.8,2.67,2.72,13951
2004-10-21/00:00:00,2.72,2.77,2.69,2.7,19504
2004-10-24/00:00:00,2.72,2.72,2.72,2.72,24158
2004-10-25/00:00:00,2.76,2.76,2.72,2.72,4187
2004-10-26/00:00:00,2.72,2.76,2.72,2.74,11172
2004-10-27/00:00:00,2.76,2.76,2.72,2.72,28104
2004-10-28/00:00:00,2.72,2.72,2.7,2.7,2917
2004-10-31/00:00:00,2.72,2.77,2.72,2.73,27460
2004-11-01/00:00:00,2.76,2.77,2.76,2.77,6980
2004-11-02/00:00:00,2.72,2.76,2.72,2.76,14809
2004-11-03/00:00:00,2.74,2.74,2.72,2.72,4907
2004-11-04/00:00:00,2.72,2.77,2.72,2.74,18301
2004-11-07/00:00:00,2.8,2.87,2.8,2.85,7907
2004-11-08/00:00:00,2.87,2.96,2.8,2.87,90791
2004-11-09/00:00:00,2.95,2.97,2.87,2.9,20213
2004-11-10/00:00:00,2.95,2.97,2.91,2.96,21665
2004-11-11/00:00:00,3.02,3.03,3.01,3.01,32950
2004-11-16/00:00:00,3.01,3.09,2.93,3.09,65538
2004-11-17/00:00:00,3.08,3.08,2.98,3.01,32356
2004-11-18/00:00:00,3.08,3.08,3.01,3.08,39325
2004-11-21/00:00:00,3.08,3.18,3.08,3.18,72786
2004-11-22/00:00:00,3.25,3.34,3.22,3.34,92489
2004-11-23/00:00:00,3.34,3.4,3.28,3.28,22049
2004-11-24/00:00:00,3.32,3.32,3.18,3.18,102554
2004-11-25/00:00:00,3.22,3.23,3.22,3.23,51094
2004-11-28/00:00:00,3.18,3.22,3.12,3.17,40465
2004-11-29/00:00:00,3.18,3.22,3.17,3.18,51250
2004-11-30/00:00:00,3.22,3.22,3.07,3.09,45323
2004-12-01/00:00:00,3.06,3.11,3.05,3.1,9215
2004-12-02/00:00:00,3.12,3.12,3.08,3.08,30724
2004-12-06/00:00:00,3.34,3.41,3.23,3.32,21786
2004-12-07/00:00:00,3.23,3.23,3.18,3.22,24734
2004-12-08/00:00:00,3.11,3.11,3.07,3.1,79897
2004-12-09/00:00:00,3.08,3.22,3.03,3.08,50766
2004-12-12/00:00:00,3.01,3.03,3.0,3.01,59142
2004-12-13/00:00:00,2.9,3.03,2.9,2.98,30065
2004-12-14/00:00:00,2.97,2.97,2.97,2.97,636
2004-12-15/00:00:00,2.98,3.03,2.98,3.03,2042
2004-12-16/00:00:00,2.99,3.03,2.97,3.03,62496
2004-12-19/00:00:00,2.93,2.95,2.93,2.95,5532
2004-12-20/00:00:00,2.9,2.96,2.87,2.93,4016
2004-12-21/00:00:00,3.01,3.01,2.9,2.9,49303
2004-12-22/00:00:00,2.99,2.99,2.92,2.93,7819
2004-12-23/00:00:00,3.0,3.01,2.96,2.96,18576
2004-12-26/00:00:00,3.0,3.12,3.0,3.01,153216
2004-12-28/00:00:00,2.92,3.03,2.87,2.87,18409
2004-12-29/00:00:00,2.88,2.88,2.77,2.81,68593
2004-12-30/00:00:00,2.88,2.88,2.77,2.77,27788
2005-01-02/00:00:00,2.92,2.92,2.87,2.92,84744
2005-01-03/00:00:00,2.92,2.92,2.88,2.92,12330
2005-01-04/00:00:00,2.99,2.99,2.91,2.92,14935
2005-01-05/00:00:00,2.92,2.92,2.87,2.88,47304
2005-01-06/00:00:00,2.88,2.92,2.88,2.92,20083
2005-01-09/00:00:00,2.9,2.9,2.84,2.87,35222
2005-01-10/00:00:00,2.87,2.89,2.84,2.87,22978
2005-01-11/00:00:00,2.87,2.87,2.82,2.84,26864
2005-01-12/00:00:00,2.82,2.82,2.8,2.82,12283
2005-01-13/00:00:00,2.82,2.82,2.79,2.8,27758
2005-01-16/00:00:00,2.79,2.85,2.78,2.8,30004
2005-01-17/00:00:00,2.82,2.91,2.82,2.85,78246
2005-01-18/00:00:00,2.87,2.92,2.87,2.88,58344
2005-01-24/00:00:00,2.96,3.01,2.87,2.89,52075
2005-01-25/00:00:00,2.87,2.87,2.82,2.85,13888
2005-01-26/00:00:00,2.95,2.95,2.82,2.87,43969
2005-01-27/00:00:00,2.92,2.92,2.86,2.87,33325
2005-01-30/00:00:00,2.87,2.9,2.82,2.86,31502
2005-01-31/00:00:00,2.85,2.93,2.85,2.88,35056
2005-02-01/00:00:00,2.87,3.02,2.87,2.96,93509
2005-02-02/00:00:00,2.92,3.11,2.92,3.07,228216
2005-02-03/00:00:00,3.09,3.22,3.09,3.21,306413
2005-02-06/00:00:00,3.32,3.37,3.08,3.28,129671
2005-02-07/00:00:00,3.18,3.33,3.11,3.17,206998
2005-02-08/00:00:00,3.08,3.34,3.05,3.26,381511
2005-02-09/00:00:00,3.33,3.42,3.33,3.42,361472
2005-02-13/00:00:00,3.58,3.58,3.57,3.58,790145
2005-02-14/00:00:00,3.76,3.76,3.47,3.76,412327
2005-02-15/00:00:00,3.73,3.9,3.57,3.7,162094
2005-02-16/00:00:00,3.52,3.72,3.52,3.57,144092
2005-02-17/00:00:00,3.58,3.58,3.4,3.5,126685
2005-02-21/00:00:00,3.47,3.48,3.34,3.42,44718
2005-02-22/00:00:00,3.57,3.58,3.43,3.52,84587
2005-02-23/00:00:00,3.43,3.44,3.43,3.44,1646
2005-02-24/00:00:00,3.4,3.61,3.4,3.58,244393
2005-02-27/00:00:00,3.64,3.76,3.62,3.72,193603
2005-02-28/00:00:00,3.74,3.91,3.69,3.8,292002
2005-03-01/00:00:00,3.9,3.92,3.76,3.87,261742
2005-03-02/00:00:00,3.68,3.82,3.68,3.77,156960
2005-03-03/00:00:00,3.67,3.77,3.67,3.72,40762
2005-03-06/00:00:00,3.76,3.76,3.62,3.72,99126
2005-03-07/00:00:00,3.62,3.8,3.62,3.67,60421
2005-03-08/00:00:00,3.67,3.85,3.58,3.79,401206
2005-03-09/00:00:00,3.69,3.8,3.61,3.7,73699
2005-03-10/00:00:00,3.72,3.72,3.61,3.66,57905
2005-03-13/00:00:00,3.68,3.68,3.58,3.64,171198
2005-03-14/00:00:00,3.52,3.53,3.49,3.52,17725
2005-03-15/00:00:00,3.57,3.65,3.4,3.56,28104
2005-03-16/00:00:00,3.73,3.73,3.38,3.43,38216
2005-03-17/00:00:00,3.32,3.4,3.27,3.28,106013
2005-03-20/00:00:00,3.12,3.12,3.12,3.12,7909
2005-03-21/00:00:00,3.28,3.28,2.98,3.1,78032
2005-03-22/00:00:00,2.98,3.05,2.98,3.0,4331
2005-03-23/00:00:00,2.87,3.13,2.87,3.11,17486
2005-03-24/00:00:00,3.06,3.07,3.05,3.06,13900
2005-03-27/00:00:00,3.02,3.05,3.02,3.02,12626
2005-03-28/00:00:00,2.92,2.93,2.91,2.93,30700
2005-03-29/00:00:00,2.92,2.92,2.8,2.85,61649
2005-03-30/00:00:00,2.78,2.78,2.71,2.72,45784
2005-03-31/00:00:00,2.85,2.87,2.8,2.85,56011
2005-04-03/00:00:00,2.97,3.0,2.87,2.96,70772
2005-04-04/00:00:00,3.05,3.07,3.03,3.05,28615
2005-04-05/00:00:00,2.93,2.93,2.93,2.93,484
2005-04-06/00:00:00,2.93,2.93,2.92,2.93,5582
2005-04-07/00:00:00,2.91,2.91,2.87,2.87,195197
2005-04-10/00:00:00,2.76,2.87,2.76,2.79,44723
2005-04-11/00:00:00,2.77,2.8,2.76,2.77,57370
2005-04-12/00:00:00,2.76,2.78,2.72,2.76,89332
2005-04-13/00:00:00,2.72,2.72,2.68,2.71,3054
2005-04-14/00:00:00,2.68,2.68,2.62,2.67,17744
2005-04-17/00:00:00,2.77,2.8,2.7,2.72,31580
2005-04-18/00:00:00,2.85,2.85,2.64,2.66,19662
2005-04-19/00:00:00,2.62,2.62,2.57,2.59,41882
2005-04-20/00:00:00,2.59,2.6,2.47,2.51,103422
2005-04-26/00:00:00,2.59,2.65,2.55,2.57,71519
2005-04-27/00:00:00,2.59,2.59,2.55,2.57,5036
2005-04-28/00:00:00,2.56,2.65,2.55,2.57,120228
2005-05-03/00:00:00,2.64,2.68,2.64,2.67,46061
2005-05-04/00:00:00,2.59,2.59,2.57,2.57,27916
2005-05-05/00:00:00,2.6,2.69,2.59,2.67,132883
2005-05-08/00:00:00,2.72,2.73,2.68,2.71,11724
2005-05-09/00:00:00,2.65,2.68,2.59,2.64,48545
2005-05-10/00:00:00,2.57,2.73,2.57,2.71,17094
2005-05-11/00:00:00,2.72,2.72,2.67,2.71,15078
2005-05-12/00:00:00,2.65,2.73,2.65,2.71,9744
2005-05-15/00:00:00,2.72,2.72,2.65,2.67,8939
2005-05-16/00:00:00,2.65,2.68,2.64,2.66,65046
2005-05-17/00:00:00,2.62,2.67,2.62,2.65,111215
2005-05-18/00:00:00,2.62,2.72,2.62,2.65,77467
2005-05-19/00:00:00,2.62,2.62,2.59,2.61,77848
2005-05-22/00:00:00,2.59,2.64,2.57,2.58,30306
2005-05-23/00:00:00,2.53,2.6,2.53,2.58,5304
2005-05-24/00:00:00,2.55,2.65,2.53,2.61,24149
2005-05-25/00:00:00,2.57,2.59,2.57,2.58,7895
2005-05-26/00:00:00,2.59,2.67,2.59,2.65,17737
2005-05-29/00:00:00,2.58,2.58,2.55,2.57,8112
2005-05-30/00:00:00,2.56,2.56,2.55,2.56,5791
2005-05-31/00:00:00,2.57,2.57,2.49,2.52,56140
2005-06-01/00:00:00,2.51,2.51,2.49,2.5,17209
2005-06-02/00:00:00,2.55,2.55,2.49,2.49,22752
2005-06-05/00:00:00,2.49,2.49,2.49,2.49,5578
2005-06-06/00:00:00,2.49,2.49,2.49,2.49,49241
2005-06-07/00:00:00,2.57,2.57,2.5,2.55,25871
2005-06-08/00:00:00,2.55,2.57,2.49,2.57,8324
2005-06-09/00:00:00,2.57,2.57,2.57,2.57,17098
2005-06-12/00:00:00,2.57,2.57,2.52,2.56,27218
2005-06-13/00:00:00,2.51,2.51,2.49,2.5,11330
2005-06-14/00:00:00,2.51,2.51,2.5,2.5,9685
2005-06-15/00:00:00,2.52,2.52,2.5,2.5,15396
2005-06-16/00:00:00,2.57,2.57,2.5,2.5,29312
2005-06-19/00:00:00,2.5,2.5,2.48,2.49,13818
2005-06-20/00:00:00,2.57,2.57,2.51,2.57,15911
2005-06-21/00:00:00,2.57,2.59,2.52,2.57,22826
2005-06-22/00:00:00,2.55,2.55,2.55,2.55,2792
2005-06-23/00:00:00,2.49,2.67,2.49,2.67,216997
2005-06-26/00:00:00,2.8,2.8,2.79,2.8,148394
2005-06-27/00:00:00,2.92,2.92,2.76,2.92,167046
2005-06-28/00:00:00,2.96,2.96,2.8,2.8,35689
2005-06-29/00:00:00,2.76,2.76,2.66,2.67,41594
2005-06-30/00:00:00,2.59,2.73,2.59,2.65,16276
2005-07-03/00:00:00,2.64,2.64,2.56,2.57,18842
2005-07-04/00:00:00,2.57,2.57,2.49,2.55,92706
2005-07-05/00:00:00,2.64,2.67,2.64,2.66,245282
2005-07-06/00:00:00,2.8,2.8,2.8,2.8,45362
2005-07-07/00:00:00,2.92,2.92,2.91,2.92,413789
2005-07-10/00:00:00,3.08,3.08,3.02,3.07,145796
2005-07-11/00:00:00,3.21,3.21,3.01,3.08,117689
2005-07-12/00:00:00,2.97,3.11,2.96,3.08,61435
2005-07-13/00:00:00,3.01,3.08,2.98,3.01,32786
2005-07-14/00:00:00,3.09,3.17,3.09,3.17,168991
2005-07-17/00:00:00,3.17,3.17,3.05,3.11,91519
2005-07-18/00:00:00,3.14,3.14,3.02,3.06,53341
2005-07-19/00:00:00,3.11,3.2,3.07,3.18,209314
2005-07-20/00:00:00,3.22,3.29,3.03,3.16,137818
2005-07-21/00:00:00,3.07,3.22,3.07,3.17,64379
2005-07-24/00:00:00,3.06,3.06,3.02,3.03,24900
2005-07-25/00:00:00,2.89,2.91,2.89,2.89,155998
2005-07-26/00:00:00,2.77,2.77,2.74,2.76,122014
2005-07-27/00:00:00,2.87,2.88,2.77,2.87,73396
2005-07-28/00:00:00,3.02,3.02,3.02,3.02,2792
2005-07-31/00:00:00,3.17,3.17,3.17,3.17,2936
2005-08-01/00:00:00,3.33,3.33,3.33,3.33,202831
2005-08-02/00:00:00,3.5,3.5,3.5,3.5,124298
2005-08-03/00:00:00,3.67,3.67,3.4,3.64,1015900
2005-08-04/00:00:00,3.58,3.58,3.45,3.49,242233
2005-08-07/00:00:00,3.58,3.65,3.34,3.56,218150
2005-08-08/00:00:00,3.54,3.54,3.43,3.49,120258
2005-08-09/00:00:00,3.48,3.56,3.37,3.45,104100
2005-08-10/00:00:00,3.32,3.51,3.32,3.4,47144
2005-08-11/00:00:00,3.37,3.37,3.23,3.27,188982
2005-08-14/00:00:00,3.21,3.28,3.12,3.18,116030
2005-08-15/00:00:00,3.22,3.28,3.06,3.13,114167
2005-08-16/00:00:00,3.17,3.17,3.01,3.05,104353
2005-08-17/00:00:00,3.03,3.03,2.92,2.97,37022
2005-08-18/00:00:00,2.96,3.11,2.96,3.02,60521
2005-08-21/00:00:00,2.91,2.96,2.91,2.92,45142
2005-08-22/00:00:00,2.92,3.03,2.91,2.93,79243
2005-08-23/00:00:00,3.08,3.09,3.08,3.09,17867
2005-08-24/00:00:00,3.24,3.24,3.24,3.24,145136
2005-08-25/00:00:00,3.12,3.29,3.12,3.22,63198
2005-08-28/00:00:00,3.22,3.22,3.11,3.17,82966
2005-08-29/00:00:00,3.17,3.2,3.11,3.12,43946
2005-08-30/00:00:00,3.12,3.12,3.11,3.11,15911
2005-08-31/00:00:00,3.22,3.27,3.22,3.27,133856
2005-09-01/00:00:00,3.28,3.37,3.28,3.3,55818
2005-09-04/00:00:00,3.26,3.42,3.26,3.37,59880
2005-09-05/00:00:00,3.37,3.37,3.27,3.28,22924
2005-09-06/00:00:00,3.26,3.34,3.26,3.3,74584
2005-09-07/00:00:00,3.26,3.27,3.22,3.26,29423
2005-09-08/00:00:00,3.22,3.36,3.22,3.31,49830
2005-09-11/00:00:00,3.24,3.27,3.18,3.23,31462
2005-09-12/00:00:00,3.24,3.29,3.23,3.26,95969
2005-09-13/00:00:00,3.24,3.29,3.24,3.27,50528
2005-09-14/00:00:00,3.31,3.32,3.22,3.26,140779
2005-09-15/00:00:00,3.32,3.42,3.22,3.26,126894
2005-09-18/00:00:00,3.22,3.33,3.18,3.27,102968
2005-09-19/00:00:00,3.24,3.24,3.17,3.2,48827
2005-09-20/00:00:00,3.27,3.27,3.16,3.17,50946
2005-09-21/00:00:00,3.17,3.32,3.17,3.27,59616
2005-09-22/00:00:00,3.18,3.32,3.16,3.27,108872
2005-09-25/00:00:00,3.38,3.42,3.37,3.42,275351
2005-09-26/00:00:00,3.58,3.58,3.52,3.57,316027
2005-09-27/00:00:00,3.74,3.74,3.54,3.72,1496303
2005-09-28/00:00:00,3.9,3.91,3.76,3.87,162032
2005-09-29/00:00:00,3.9,4.04,3.67,3.87,232682
2005-10-02/00:00:00,4.06,4.06,3.8,4.0,169313
2005-10-03/00:00:00,3.87,3.9,3.8,3.81,107759
2005-10-04/00:00:00,3.62,3.68,3.62,3.66,55010
2005-10-05/00:00:00,3.81,3.81,3.69,3.77,7760
2005-10-09/00:00:00,3.77,3.95,3.77,3.92,75715
2005-10-10/00:00:00,4.04,4.06,3.95,3.96,74246
2005-10-11/00:00:00,3.95,3.95,3.87,3.92,15028
2005-10-12/00:00:00,3.8,4.11,3.8,3.99,242238
2005-10-13/00:00:00,3.95,3.95,3.82,3.87,170938
2005-10-16/00:00:00,3.94,3.94,3.83,3.88,41954
2005-10-17/00:00:00,3.9,4.06,3.9,4.04,333940
2005-10-18/00:00:00,4.22,4.24,4.04,4.24,221378
2005-10-19/00:00:00,4.45,4.45,4.03,4.13,82744
2005-10-20/00:00:00,4.09,4.13,3.95,3.99,179528
2005-10-23/00:00:00,4.12,4.12,3.89,3.92,76769
2005-10-24/00:00:00,3.92,3.95,3.8,3.87,97848
2005-10-25/00:00:00,3.78,3.85,3.76,3.78,56507
2005-10-26/00:00:00,3.89,3.89,3.72,3.74,237667
2005-10-27/00:00:00,3.72,3.82,3.72,3.74,199856
2005-10-30/00:00:00,3.74,3.84,3.58,3.77,100208
2005-10-31/00:00:00,3.85,3.95,3.8,3.92,143856
2005-11-01/00:00:00,3.95,4.04,3.89,3.96,228578
2005-11-06/00:00:00,3.98,4.06,3.87,3.93,121393
2005-11-07/00:00:00,3.81,3.87,3.73,3.78,119846
2005-11-08/00:00:00,3.9,3.9,3.72,3.8,62153
2005-11-09/00:00:00,3.72,3.87,3.67,3.73,322361
2005-11-10/00:00:00,3.9,3.9,3.76,3.8,95873
2005-11-13/00:00:00,3.8,3.92,3.72,3.78,242898
2005-11-14/00:00:00,3.72,3.77,3.72,3.73,201559
2005-11-15/00:00:00,3.72,3.92,3.59,3.73,286805
2005-11-16/00:00:00,3.84,3.84,3.72,3.73,77196
2005-11-17/00:00:00,3.8,3.8,3.72,3.73,84724
2005-11-20/00:00:00,3.84,3.84,3.7,3.74,140426
2005-11-21/00:00:00,3.76,3.8,3.72,3.73,41304
2005-11-22/00:00:00,3.72,3.75,3.67,3.71,126112
2005-11-23/00:00:00,3.7,3.72,3.67,3.7,272200
2005-11-24/00:00:00,3.7,3.72,3.7,3.7,53678
2005-11-27/00:00:00,3.72,3.78,3.68,3.72,76658
2005-11-28/00:00:00,3.67,3.87,3.67,3.79,50485
2005-11-29/00:00:00,3.69,3.69,3.62,3.67,179317
2005-11-30/00:00:00,3.6,3.61,3.52,3.57,47540
2005-12-01/00:00:00,3.4,3.64,3.4,3.56,48505
2005-12-04/00:00:00,3.65,3.72,3.52,3.61,70128
2005-12-05/00:00:00,3.52,3.53,3.52,3.52,10608
2005-12-06/00:00:00,3.64,3.64,3.49,3.54,31267
2005-12-07/00:00:00,3.72,3.72,3.59,3.72,31267
2005-12-08/00:00:00,3.76,3.76,3.58,3.65,89905
2005-12-11/00:00:00,3.82,3.83,3.69,3.8,147395
2005-12-12/00:00:00,4.0,4.0,3.92,3.98,190636
2005-12-13/00:00:00,3.99,4.12,3.95,3.98,258457
2005-12-18/00:00:00,4.3,4.37,4.14,4.26,110437
2005-12-19/00:00:00,4.26,4.26,4.04,4.06,58164
2005-12-20/00:00:00,3.87,4.03,3.87,3.87,156486
2005-12-21/00:00:00,3.95,3.95,3.69,3.72,52480
2005-12-22/00:00:00,3.67,3.9,3.67,3.89,67142
2005-12-25/00:00:00,3.9,4.04,3.87,3.87,208704
2005-12-26/00:00:00,3.89,4.03,3.89,3.93,71057
2005-12-27/00:00:00,3.95,3.95,3.8,3.87,67418
2005-12-28/00:00:00,3.9,4.03,3.82,3.92,111806
2005-12-29/00:00:00,3.89,3.95,3.81,3.88,42245
2006-01-02/00:00:00,3.87,4.02,3.85,3.93,22110
2006-01-03/00:00:00,3.93,3.94,3.8,3.87,58596
2006-01-04/00:00:00,3.9,3.9,3.67,3.72,237905
2006-01-05/00:00:00,3.69,3.79,3.65,3.69,185705
2006-01-08/00:00:00,3.6,3.87,3.58,3.72,51053
2006-01-12/00:00:00,3.7,3.8,3.62,3.69,59884
2006-01-15/00:00:00,3.62,3.76,3.62,3.72,50310
2006-01-16/00:00:00,3.62,3.89,3.62,3.79,127024
2006-01-17/00:00:00,3.68,3.8,3.68,3.72,32118
2006-01-18/00:00:00,3.67,3.74,3.64,3.67,36553
2006-01-19/00:00:00,3.65,3.72,3.62,3.66,52376
2006-01-22/00:00:00,3.75,3.75,3.52,3.57,117570
2006-01-23/00:00:00,3.53,3.58,3.4,3.45,47368
2006-01-24/00:00:00,3.28,3.57,3.28,3.32,26352
2006-01-25/00:00:00,3.45,3.49,3.45,3.47,32914
2006-01-26/00:00:00,3.45,3.64,3.45,3.59,60356
2006-01-29/00:00:00,3.49,3.68,3.42,3.52,32580
2006-01-30/00:00:00,3.41,3.6,3.37,3.45,40198
2006-02-01/00:00:00,3.43,3.62,3.28,3.42,100976
2006-02-02/00:00:00,3.43,3.59,3.29,3.43,50041
2006-02-05/00:00:00,3.56,3.57,3.34,3.43,42168
2006-02-06/00:00:00,3.32,3.58,3.32,3.49,105248
2006-02-07/00:00:00,3.4,3.43,3.31,3.36,128750
2006-02-08/00:00:00,3.4,3.4,3.18,3.22,367520
2006-02-09/00:00:00,3.22,3.32,3.11,3.23,10954
2006-02-12/00:00:00,3.39,3.39,3.39,3.39,37697
2006-02-13/00:00:00,3.56,3.56,3.34,3.52,319871
2006-02-14/00:00:00,3.52,3.52,3.34,3.36,43403
2006-02-15/00:00:00,3.43,3.43,3.24,3.28,58858
2006-02-16/00:00:00,3.45,3.45,3.12,3.14,124002
2006-02-19/00:00:00,3.22,3.28,3.0,3.02,81661
2006-02-20/00:00:00,2.96,3.12,2.87,2.92,229649
2006-02-21/00:00:00,3.05,3.05,2.78,2.84,127088
2006-02-22/00:00:00,2.8,2.95,2.8,2.87,32486
2006-02-23/00:00:00,2.96,3.02,2.91,2.98,79685
2006-02-26/00:00:00,3.07,3.07,2.93,2.98,18176
2006-02-27/00:00:00,2.87,2.93,2.85,2.88,26596
2006-02-28/00:00:00,2.87,2.92,2.87,2.9,29174
2006-03-01/00:00:00,2.87,2.92,2.87,2.91,31963
2006-03-02/00:00:00,2.88,2.88,2.82,2.85,60089
2006-03-05/00:00:00,2.87,2.88,2.7,2.76,44821
2006-03-06/00:00:00,2.77,2.82,2.72,2.77,12144
2006-03-07/00:00:00,2.68,2.82,2.68,2.77,77140
2006-03-08/00:00:00,2.85,2.9,2.82,2.87,31019
2006-03-09/00:00:00,2.9,2.9,2.77,2.86,25680
2006-03-12/00:00:00,2.72,2.78,2.72,2.72,42787
2006-03-13/00:00:00,2.73,2.77,2.59,2.67,71485
2006-03-14/00:00:00,2.68,2.68,2.57,2.57,48156
2006-03-15/00:00:00,2.71,2.71,2.5,2.64,26928
2006-03-16/00:00:00,2.57,2.73,2.57,2.7,65623
2006-03-19/00:00:00,2.82,2.84,2.82,2.84,73502
2006-03-20/00:00:00,2.84,2.92,2.84,2.87,14516
2006-03-21/00:00:00,2.82,2.87,2.72,2.81,7595
2006-03-22/00:00:00,2.9,2.93,2.76,2.92,94646
2006-03-23/00:00:00,2.8,2.9,2.8,2.89,23401
2006-03-26/00:00:00,2.87,2.95,2.82,2.87,20464
2006-03-27/00:00:00,2.82,3.0,2.81,2.85,12840
2006-03-28/00:00:00,2.81,2.81,2.72,2.76,17316
2006-03-29/00:00:00,2.87,2.87,2.65,2.72,16114
2006-03-30/00:00:00,2.65,2.82,2.65,2.67,51445
2006-04-02/00:00:00,2.65,2.67,2.65,2.67,1258
2006-04-03/00:00:00,2.67,2.76,2.65,2.67,4745
2006-04-04/00:00:00,2.65,2.72,2.59,2.62,40068
2006-04-05/00:00:00,2.59,2.76,2.59,2.69,44627
2006-04-06/00:00:00,2.68,2.82,2.68,2.77,62797
2006-04-09/00:00:00,2.68,2.87,2.68,2.76,12854
2006-04-11/00:00:00,2.71,2.87,2.65,2.72,91523
2006-04-12/00:00:00,2.68,2.82,2.68,2.7,28837
2006-04-13/00:00:00,2.62,2.79,2.62,2.67,976
2006-04-16/00:00:00,2.8,2.8,2.57,2.6,47948
2006-04-17/00:00:00,2.52,2.57,2.51,2.53,14716
2006-04-18/00:00:00,2.49,2.57,2.41,2.43,47084
2006-04-19/00:00:00,2.39,2.49,2.34,2.44,9227
2006-04-20/00:00:00,2.49,2.57,2.43,2.51,44240
2006-04-26/00:00:00,2.41,2.42,2.4,2.41,13954
2006-04-27/00:00:00,2.41,2.49,2.4,2.47,18848
2006-04-30/00:00:00,2.49,2.49,2.44,2.48,8962
2006-05-02/00:00:00,2.42,2.58,2.42,2.51,21190
2006-05-03/00:00:00,2.57,2.59,2.46,2.56,22534
2006-05-04/00:00:00,2.47,2.49,2.44,2.47,17899
2006-05-07/00:00:00,2.44,2.47,2.4,2.41,34559
2006-05-08/00:00:00,2.34,2.42,2.29,2.3,146620
2006-05-09/00:00:00,2.33,2.35,2.21,2.3,13210
2006-05-10/00:00:00,2.3,2.3,2.22,2.27,26802
2006-05-11/00:00:00,2.23,2.3,2.23,2.28,31807
2006-05-14/00:00:00,2.37,2.37,2.26,2.3,30085
2006-05-15/00:00:00,2.23,2.23,2.19,2.19,102727
2006-05-16/00:00:00,2.2,2.27,2.2,2.22,24706
2006-05-17/00:00:00,2.27,2.27,2.23,2.26,15078
2006-05-18/00:00:00,2.27,2.27,2.23,2.25,13051
2006-05-21/00:00:00,2.26,2.26,2.15,2.2,28276
2006-05-22/00:00:00,2.11,2.23,2.1,2.11,44369
2006-05-23/00:00:00,2.0,2.02,1.99,2.0,43681
2006-05-24/00:00:00,1.94,2.06,1.93,1.96,40178
2006-05-25/00:00:00,1.92,2.05,1.87,2.01,33461
2006-05-28/00:00:00,2.12,2.12,1.97,2.03,11027
2006-05-29/00:00:00,2.0,2.0,1.98,1.99,14042
2006-05-30/00:00:00,2.07,2.1,2.01,2.08,36708
2006-05-31/00:00:00,2.16,2.19,2.16,2.17,18949
2006-06-01/00:00:00,2.27,2.27,2.16,2.23,17612
2006-06-04/00:00:00,2.13,2.22,2.13,2.22,39293
2006-06-05/00:00:00,2.22,2.27,2.17,2.22,8507
2006-06-06/00:00:00,2.21,2.22,2.19,2.2,10008
2006-06-07/00:00:00,2.14,2.25,2.14,2.2,63458
2006-06-08/00:00:00,2.26,2.3,2.25,2.29,31433
2006-06-11/00:00:00,2.39,2.41,2.39,2.41,85176
2006-06-12/00:00:00,2.52,2.52,2.37,2.44,76955
2006-06-13/00:00:00,2.51,2.56,2.32,2.35,52510
2006-06-14/00:00:00,2.23,2.23,2.23,2.23,68171
2006-06-15/00:00:00,2.29,2.34,2.15,2.23,53485
2006-06-18/00:00:00,2.34,2.35,2.34,2.35,10525
2006-06-19/00:00:00,2.29,2.4,2.27,2.3,15410
2006-06-20/00:00:00,2.27,2.27,2.19,2.22,30881
2006-06-21/00:00:00,2.19,2.22,2.19,2.22,5626
2006-06-22/00:00:00,2.19,2.3,2.19,2.27,33925
2006-06-25/00:00:00,2.28,2.29,2.19,2.21,17588
2006-06-26/00:00:00,2.16,2.16,2.15,2.15,3629
2006-06-27/00:00:00,2.22,2.22,2.17,2.19,4046
2006-06-28/00:00:00,2.22,2.22,2.15,2.2,23744
2006-06-29/00:00:00,2.22,2.22,2.18,2.19,5249
2006-07-02/00:00:00,2.19,2.23,2.19,2.22,8794
2006-07-03/00:00:00,2.23,2.26,2.12,2.15,89052
2006-07-05/00:00:00,2.24,2.26,2.24,2.25,34651
2006-07-06/00:00:00,2.22,2.32,2.19,2.23,15948
2006-07-09/00:00:00,2.19,2.33,2.19,2.25,34614
2006-07-10/00:00:00,2.3,2.37,2.3,2.36,98783
2006-07-11/00:00:00,2.47,2.47,2.47,2.47,33610
2006-07-12/00:00:00,2.59,2.59,2.59,2.59,48365
2006-07-13/00:00:00,2.72,2.72,2.72,2.72,13643
2006-07-16/00:00:00,2.86,2.86,2.86,2.86,46903
2006-07-17/00:00:00,3.0,3.0,3.0,3.0,26916
2006-07-18/00:00:00,3.14,3.14,3.14,3.14,19484
2006-07-19/00:00:00,3.3,3.3,3.3,3.3,23449
2006-07-20/00:00:00,3.47,3.47,3.17,3.44,422882
2006-07-24/00:00:00,3.61,3.61,3.47,3.59,203567
2006-07-25/00:00:00,3.57,3.57,3.42,3.45,55693
2006-07-26/00:00:00,3.28,3.28,3.28,3.28,3144
2006-07-27/00:00:00,3.11,3.11,3.11,3.11,59456
2006-07-30/00:00:00,3.27,3.27,2.96,3.26,361366
2006-07-31/00:00:00,3.41,3.41,3.1,3.37,293482
2006-08-01/00:00:00,3.54,3.54,3.28,3.41,123408
2006-08-02/00:00:00,3.27,3.4,3.24,3.27,65424
2006-08-03/00:00:00,3.22,3.43,3.11,3.37,387122
2006-08-06/00:00:00,3.49,3.54,3.37,3.52,135218
2006-08-07/00:00:00,3.71,3.71,3.7,3.71,173717
2006-08-08/00:00:00,3.89,3.89,3.62,3.82,525128
2006-08-09/00:00:00,3.72,3.72,3.62,3.64,65562
2006-08-10/00:00:00,3.45,3.66,3.45,3.5,239566
2006-08-13/00:00:00,3.5,3.67,3.45,3.62,124424
2006-08-14/00:00:00,3.52,3.64,3.45,3.52,69448
2006-08-15/00:00:00,3.54,3.64,3.43,3.54,129588
2006-08-16/00:00:00,3.62,3.67,3.37,3.49,97898
2006-08-17/00:00:00,3.54,3.54,3.33,3.37,66119
2006-08-20/00:00:00,3.49,3.53,3.3,3.52,156439
2006-08-21/00:00:00,3.67,3.67,3.41,3.52,49794
2006-08-22/00:00:00,3.58,3.62,3.52,3.57,102400
2006-08-23/00:00:00,3.57,3.58,3.45,3.55,103411
2006-08-24/00:00:00,3.47,3.58,3.47,3.54,58710
2006-08-27/00:00:00,3.61,3.61,3.45,3.52,44485
2006-08-28/00:00:00,3.52,3.54,3.48,3.52,21803
2006-08-29/00:00:00,3.52,3.58,3.43,3.51,108338
2006-08-30/00:00:00,3.47,3.55,3.45,3.5,50520
2006-08-31/00:00:00,3.57,3.57,3.43,3.45,159185
2006-09-03/00:00:00,3.53,3.54,3.44,3.49,123094
2006-09-04/00:00:00,3.54,3.66,3.54,3.66,142700
2006-09-05/00:00:00,3.84,3.84,3.84,3.84,350832
2006-09-06/00:00:00,4.03,4.03,4.03,4.03,202870
2006-09-07/00:00:00,4.23,4.24,3.83,4.03,489061
2006-09-10/00:00:00,3.83,3.83,3.83,3.83,278
2006-09-11/00:00:00,3.64,3.87,3.64,3.69,602976
2006-09-12/00:00:00,3.7,3.8,3.62,3.72,161471
2006-09-13/00:00:00,3.6,3.89,3.6,3.87,289781
2006-09-14/00:00:00,4.03,4.03,3.72,3.77,128666
2006-09-17/00:00:00,3.7,3.82,3.57,3.61,399266
2006-09-18/00:00:00,3.72,3.8,3.58,3.72,355202
2006-09-19/00:00:00,3.9,3.92,3.9,3.92,338130
2006-09-20/00:00:00,4.11,4.11,4.11,4.11,176699
2006-09-21/00:00:00,4.32,4.32,4.32,4.32,82615
2006-09-24/00:00:00,4.53,4.53,4.53,4.53,129658
2006-09-25/00:00:00,4.76,4.76,4.58,4.76,1201535
2006-09-26/00:00:00,4.99,4.99,4.56,4.75,571120
2006-09-27/00:00:00,4.97,4.97,4.56,4.6,210274
2006-09-28/00:00:00,4.51,4.82,4.44,4.72,573413
2006-10-01/00:00:00,4.94,4.95,4.78,4.92,344026
2006-10-02/00:00:00,4.94,5.17,4.75,4.95,359870
2006-10-03/00:00:00,4.83,4.83,4.71,4.74,187279
2006-10-04/00:00:00,4.5,4.8,4.5,4.57,371090
2006-10-08/00:00:00,4.47,4.67,4.47,4.58,254836
2006-10-09/00:00:00,4.47,4.58,4.35,4.4,170542
2006-10-10/00:00:00,4.2,4.42,4.17,4.22,178333
2006-10-11/00:00:00,4.17,4.42,4.1,4.33,159386
2006-10-12/00:00:00,4.47,4.55,4.37,4.53,270078
2006-10-15/00:00:00,4.76,4.76,4.41,4.67,393202
2006-10-16/00:00:00,4.68,4.83,4.56,4.69,196895
2006-10-17/00:00:00,4.83,4.92,4.56,4.75,148944
2006-10-18/00:00:00,4.56,4.87,4.56,4.74,196588
2006-10-19/00:00:00,4.8,4.8,4.65,4.72,234858
2006-10-22/00:00:00,4.77,4.92,4.73,4.84,236426
2006-10-29/00:00:00,4.94,4.94,4.67,4.84,204746
2006-10-30/00:00:00,4.73,4.83,4.66,4.72,255106
2006-10-31/00:00:00,4.69,4.8,4.62,4.68,398570
2006-11-01/00:00:00,4.77,4.77,4.52,4.67,256495
2006-11-02/00:00:00,4.51,4.65,4.43,4.57,189774
2006-11-05/00:00:00,4.48,4.48,4.34,4.4,458778
2006-11-06/00:00:00,4.33,4.35,4.18,4.23,195143
2006-11-07/00:00:00,4.12,4.22,4.03,4.06,171170
2006-11-08/00:00:00,4.02,4.27,4.02,4.24,209803
2006-11-09/00:00:00,4.46,4.46,4.46,4.46,58042
2006-11-12/00:00:00,4.67,4.67,4.67,4.67,5304
2006-11-13/00:00:00,4.92,4.92,4.92,4.92,58621
2006-11-14/00:00:00,5.16,5.16,5.16,5.16,140746
2006-11-16/00:00:00,5.42,5.42,5.42,5.42,354193
2006-11-19/00:00:00,5.69,5.69,5.26,5.63,1686748
2006-11-20/00:00:00,5.86,5.9,5.56,5.73,325282
2006-11-21/00:00:00,5.67,5.72,5.46,5.54,300656
2006-11-22/00:00:00,5.47,5.54,5.32,5.41,375971
2006-11-23/00:00:00,5.41,5.67,5.27,5.57,686915
2006-11-26/00:00:00,5.85,5.85,5.73,5.85,393760
2006-11-27/00:00:00,6.12,6.12,5.91,6.09,730054
2006-11-28/00:00:00,6.17,6.33,5.79,6.07,550134
2006-11-29/00:00:00,5.87,6.01,5.76,5.78,637072
2006-11-30/00:00:00,5.98,6.08,5.73,6.03,552139
2006-12-03/00:00:00,6.33,6.33,5.98,6.33,691294
2006-12-04/00:00:00,6.33,6.33,6.01,6.1,398502
2006-12-05/00:00:00,5.82,6.22,5.81,5.99,260730
2006-12-06/00:00:00,6.17,6.17,5.99,6.1,195317
2006-12-07/00:00:00,6.03,6.1,5.79,5.85,400280
2006-12-10/00:00:00,5.67,5.91,5.55,5.64,287827
2006-12-11/00:00:00,5.89,5.91,5.65,5.87,532837
2006-12-12/00:00:00,6.09,6.09,5.61,5.74,291694
2006-12-13/00:00:00,5.85,5.85,5.59,5.7,262523
2006-12-14/00:00:00,5.73,5.8,5.61,5.68,233476
2006-12-17/00:00:00,5.73,5.96,5.73,5.96,512328
2006-12-18/00:00:00,6.25,6.25,5.77,5.97,295278
2006-12-19/00:00:00,6.09,6.09,5.67,5.73,182881
2006-12-20/00:00:00,5.68,5.72,5.47,5.57,219608
2006-12-21/00:00:00,5.56,5.8,5.32,5.59,199732
2006-12-24/00:00:00,5.87,5.87,5.87,5.87,50876
2006-12-25/00:00:00,6.17,6.17,5.67,5.87,437530
2006-12-26/00:00:00,5.99,6.09,5.73,5.87,159769
2006-12-27/00:00:00,5.77,6.15,5.77,6.07,853616
2006-12-28/00:00:00,6.33,6.37,6.15,6.36,653976
2007-01-03/00:00:00,6.67,6.67,6.17,6.32,142459
2007-01-04/00:00:00,6.17,6.17,6.03,6.09,206018
2007-01-08/00:00:00,5.86,6.1,5.78,5.85,610973
2007-01-09/00:00:00,5.81,5.85,5.73,5.79,130516
2007-01-10/00:00:00,5.81,6.09,5.63,6.02,303476
2007-01-11/00:00:00,6.33,6.33,5.9,6.32,724322
2007-01-14/00:00:00,6.41,6.41,6.05,6.16,170046
2007-01-15/00:00:00,5.99,6.17,5.99,6.08,193576
2007-01-16/00:00:00,6.09,6.17,5.91,6.03,212148
2007-01-17/00:00:00,6.09,6.09,5.82,5.87,132238
2007-01-18/00:00:00,5.8,5.99,5.8,5.87,195828
2007-01-22/00:00:00,5.82,5.89,5.65,5.72,166150
2007-01-23/00:00:00,5.64,5.64,5.44,5.48,455983
2007-01-24/00:00:00,5.55,5.64,5.28,5.41,129409
2007-01-25/00:00:00,5.3,5.37,5.13,5.17,330347
2007-01-28/00:00:00,4.95,5.28,4.92,4.97,229501
2007-01-29/00:00:00,4.72,4.92,4.72,4.73,370607
2007-01-30/00:00:00,4.95,4.97,4.77,4.94,259362
2007-01-31/00:00:00,4.77,4.91,4.71,4.77,124722
2007-02-01/00:00:00,4.8,4.93,4.72,4.81,105566
2007-02-04/00:00:00,5.37,6.09,5.02,5.39,377333
2007-02-05/00:00:00,5.72,5.72,4.87,5.22,240961
2007-02-06/00:00:00,5.06,5.29,4.94,5.17,176246
2007-02-07/00:00:00,5.37,5.73,5.37,5.65,679542
2007-02-08/00:00:00,5.65,5.69,5.5,5.61,246316
2007-02-12/00:00:00,5.37,6.24,5.37,5.99,487585
2007-02-13/00:00:00,5.98,6.8,5.92,6.41,1286089
2007-02-14/00:00:00,6.81,7.34,6.81,7.12,445860
2007-02-15/00:00:00,7.07,7.12,6.67,6.89,671280
2007-02-18/00:00:00,6.87,7.08,6.81,6.93,232855
2007-02-19/00:00:00,6.85,6.94,6.46,6.69,792971
2007-02-20/00:00:00,6.44,6.79,6.27,6.57,499612
2007-02-21/00:00:00,6.53,6.96,6.47,6.73,600059
2007-02-22/00:00:00,6.73,6.89,6.54,6.79,445778
2007-02-25/00:00:00,6.81,6.92,6.71,6.83,336839
2007-02-26/00:00:00,6.84,7.85,6.81,7.41,902708
2007-02-27/00:00:00,8.06,9.49,8.06,8.82,1506227
2007-02-28/00:00:00,8.88,9.88,7.16,8.87,1090415
2007-03-01/00:00:00,9.32,10.19,8.99,9.79,671264
2007-03-04/00:00:00,10.21,10.21,9.36,9.77,704590
2007-03-05/00:00:00,9.57,9.71,8.99,9.37,617070
2007-03-06/00:00:00,9.09,9.57,9.06,9.35,670224
2007-03-07/00:00:00,9.46,10.83,9.46,10.11,1090223
2007-03-08/00:00:00,10.74,12.27,10.35,11.42,1478446
2007-03-11/00:00:00,11.65,12.6,11.65,12.27,983711
2007-03-12/00:00:00,12.47,12.57,11.27,12.17,1448341
2007-03-13/00:00:00,12.32,12.54,11.89,12.29,550466
2007-03-14/00:00:00,12.35,12.35,11.27,11.67,523032
2007-03-15/00:00:00,11.64,12.09,11.27,11.69,921908
2007-03-18/00:00:00,11.92,13.03,11.92,12.62,1014656
2007-03-19/00:00:00,13.07,13.07,12.37,12.71,651745
2007-03-20/00:00:00,12.39,12.68,11.93,12.27,404682
2007-03-21/00:00:00,12.17,12.58,11.85,12.32,414126
2007-03-22/00:00:00,12.54,12.72,11.89,12.24,317152
2007-03-25/00:00:00,11.93,12.47,11.93,12.24,355939
2007-03-26/00:00:00,12.18,12.62,12.17,12.38,206974
2007-03-27/00:00:00,13.07,13.07,12.54,12.9,1063622
2007-03-28/00:00:00,13.07,13.07,12.19,12.5,106075
2007-03-29/00:00:00,12.29,12.53,12.06,12.25,116868
2007-04-02/00:00:00,12.27,12.53,12.03,12.21,119704
2007-04-03/00:00:00,12.54,12.54,12.11,12.18,187951
2007-04-04/00:00:00,12.37,13.25,12.37,12.87,577739
2007-04-05/00:00:00,12.9,12.9,11.83,12.62,504686
2007-04-10/00:00:00,12.86,13.79,12.53,12.96,674538
2007-04-12/00:00:00,5.81,5.81,5.81,5.81,5582
2007-06-26/00:00:00,6.8,7.28,6.09,6.8,2704853
2007-06-27/00:00:00,6.99,7.16,6.44,6.96,331200
2007-06-28/00:00:00,6.95,6.99,5.95,6.21,478817
2007-07-02/00:00:00,6.03,6.56,5.99,6.4,220091
2007-07-03/00:00:00,6.1,6.81,6.1,6.53,332683
2007-07-04/00:00:00,6.54,6.72,6.17,6.41,337141
2007-07-05/00:00:00,6.17,6.17,6.0,6.08,121799
2007-07-08/00:00:00,6.05,6.05,5.59,5.8,157192
2007-07-09/00:00:00,5.73,5.73,5.02,5.33,96842
2007-07-10/00:00:00,5.26,5.26,4.75,4.99,166014
2007-07-11/00:00:00,5.04,5.47,5.04,5.29,167208
2007-07-12/00:00:00,5.37,5.69,5.37,5.46,166627
2007-07-15/00:00:00,5.81,5.81,5.41,5.57,62928
2007-07-16/00:00:00,5.56,5.58,5.46,5.52,111944
2007-07-17/00:00:00,5.45,5.58,5.45,5.5,34612
2007-07-18/00:00:00,5.47,5.56,5.22,5.41,82148
2007-07-19/00:00:00,5.32,5.41,5.25,5.31,103668
2007-07-22/00:00:00,5.46,5.54,5.34,5.43,108331
2007-07-24/00:00:00,5.37,6.43,5.28,6.0,362381
2007-07-25/00:00:00,6.09,6.44,6.03,6.27,244430
2007-07-26/00:00:00,5.99,6.43,5.99,6.17,162683
2007-07-29/00:00:00,6.44,6.44,5.69,5.93,384253
2007-07-30/00:00:00,5.8,7.13,5.8,6.53,464753
2007-07-31/00:00:00,7.24,7.26,6.78,7.03,434005
2007-08-01/00:00:00,6.91,7.92,6.29,7.07,1036642
2007-08-02/00:00:00,7.85,8.32,7.63,7.96,875280
2007-08-05/00:00:00,8.32,8.91,8.13,8.62,781439
2007-08-06/00:00:00,8.78,8.96,8.06,8.4,702089
2007-08-07/00:00:00,8.17,8.32,7.74,7.99,637568
2007-08-08/00:00:00,8.13,8.13,7.16,7.52,585448
2007-08-09/00:00:00,7.26,7.83,7.12,7.26,634658
2007-08-12/00:00:00,7.21,7.69,7.05,7.22,339938
2007-08-13/00:00:00,7.09,8.03,6.99,7.64,636653
2007-08-14/00:00:00,8.24,8.88,7.81,8.03,458335
2007-08-15/00:00:00,8.15,8.42,7.3,7.59,335041
2007-08-16/00:00:00,8.02,8.6,7.52,8.12,1323194
2007-08-19/00:00:00,8.76,10.71,8.76,9.75,562372
2007-08-20/00:00:00,10.71,10.74,8.79,9.94,1873592
2007-08-21/00:00:00,10.56,11.24,10.0,10.52,1088201
2007-08-22/00:00:00,10.74,11.54,10.74,11.17,1082158
2007-08-23/00:00:00,11.19,11.27,10.39,10.71,844290
2007-08-26/00:00:00,10.75,11.27,10.39,10.82,770348
2007-08-27/00:00:00,10.88,10.88,10.5,10.7,410365
2007-08-28/00:00:00,10.54,10.92,10.29,10.55,679727
2007-08-29/00:00:00,10.74,10.83,10.12,10.35,414294
2007-08-30/00:00:00,10.4,11.17,10.4,10.92,1281971
2007-09-02/00:00:00,11.17,11.46,10.93,11.17,824088
2007-09-03/00:00:00,11.24,11.27,10.38,10.86,821984
2007-09-04/00:00:00,11.03,11.04,10.3,10.56,816481
2007-09-05/00:00:00,10.27,10.73,10.07,10.34,728638
2007-09-06/00:00:00,10.38,10.63,10.35,10.47,453221
2007-09-09/00:00:00,10.56,10.91,10.51,10.71,693739
2007-09-10/00:00:00,10.72,10.72,10.24,10.41,586386
2007-09-11/00:00:00,10.26,10.93,10.26,10.63,1016623
2007-09-12/00:00:00,10.41,10.64,10.35,10.49,351707
2007-09-13/00:00:00,10.32,10.47,10.27,10.36,420811
2007-09-16/00:00:00,10.32,10.67,10.32,10.38,153864
2007-09-17/00:00:00,10.38,10.42,10.13,10.26,238201
2007-09-18/00:00:00,10.37,10.63,10.16,10.47,407399
2007-09-19/00:00:00,10.63,10.74,10.5,10.6,354476
2007-09-20/00:00:00,10.56,10.67,10.38,10.47,429425
2007-09-23/00:00:00,10.5,10.63,10.45,10.5,220144
2007-09-24/00:00:00,10.56,10.66,10.32,10.44,278586
2007-09-25/00:00:00,10.47,10.47,10.3,10.36,210400
2007-09-26/00:00:00,10.4,10.42,10.21,10.29,195457
2007-09-27/00:00:00,10.22,10.32,10.14,10.2,356873
2007-09-30/00:00:00,10.38,10.38,10.05,10.18,291190
2007-10-01/00:00:00,10.13,10.29,10.09,10.16,89393
2007-10-02/00:00:00,10.17,10.49,10.09,10.37,411244
2007-10-03/00:00:00,10.5,11.0,10.33,10.72,997464
2007-10-04/00:00:00,10.63,10.72,10.51,10.61,426161
2007-10-08/00:00:00,10.72,11.05,10.63,10.87,844237
2007-10-09/00:00:00,11.12,11.27,10.93,11.11,580262
2007-10-10/00:00:00,11.07,11.27,10.97,11.11,630718
2007-10-11/00:00:00,11.18,12.45,11.11,11.77,1546764
2007-10-16/00:00:00,12.37,12.68,12.1,12.39,1736142
2007-10-17/00:00:00,12.27,12.77,12.06,12.37,1364782
2007-10-18/00:00:00,12.61,12.72,12.09,12.37,1271554
2007-10-21/00:00:00,12.21,12.21,11.83,12.02,589812
2007-10-22/00:00:00,12.16,12.16,11.68,11.86,573854
2007-10-23/00:00:00,11.83,12.9,11.81,12.56,1838467
2007-10-24/00:00:00,12.85,13.61,12.72,13.29,1789234
2007-10-25/00:00:00,13.53,13.87,13.25,13.48,1270177
2007-10-28/00:00:00,13.58,15.0,13.58,14.22,2004319
2007-10-29/00:00:00,15.0,15.0,13.86,14.34,1533300
2007-10-30/00:00:00,14.47,14.51,13.44,13.78,1996220
2007-10-31/00:00:00,13.86,14.77,13.43,14.16,1541819
2007-11-01/00:00:00,14.57,14.77,14.15,14.46,1140446
2007-11-04/00:00:00,14.49,14.97,14.03,14.72,924641
2007-11-05/00:00:00,14.32,14.57,14.12,14.27,723912
2007-11-06/00:00:00,14.47,14.76,13.51,13.97,1692181
2007-11-07/00:00:00,13.96,14.11,13.31,13.75,1486456
2007-11-08/00:00:00,13.79,14.03,13.64,13.9,847912
2007-11-11/00:00:00,13.96,14.47,13.86,14.31,1396480
2007-11-12/00:00:00,14.42,14.42,13.93,14.14,1150806
2007-11-13/00:00:00,13.99,14.36,13.51,14.03,1964752
2007-11-14/00:00:00,14.37,14.58,13.86,14.23,589360
2007-11-15/00:00:00,14.12,14.12,13.08,13.49,917285
2007-11-18/00:00:00,13.61,13.61,12.37,12.72,839441
2007-11-19/00:00:00,12.42,12.72,11.24,11.85,1079999
2007-11-20/00:00:00,12.49,12.49,11.65,11.8,346914
2007-11-21/00:00:00,11.65,11.97,11.03,11.4,2114556
2007-11-22/00:00:00,14.17,14.17,14.17,14.17,1417
2007-11-25/00:00:00,12.35,13.41,11.99,12.91,530330
2007-11-26/00:00:00,13.19,13.32,12.87,13.08,289775
2007-11-27/00:00:00,13.19,13.25,12.88,13.0,179450
2007-11-28/00:00:00,13.05,13.05,12.31,12.48,344850
2007-11-29/00:00:00,12.62,12.62,11.89,12.08,417134
2007-12-02/00:00:00,12.07,12.34,11.99,12.16,151954
2007-12-03/00:00:00,12.03,12.29,11.95,12.07,308266
2007-12-04/00:00:00,12.27,12.7,12.07,12.47,359885
2007-12-05/00:00:00,12.62,12.62,12.29,12.38,145052
2007-12-06/00:00:00,12.41,12.43,11.97,12.12,558799
2007-12-09/00:00:00,12.62,12.76,12.17,12.52,365000
2007-12-10/00:00:00,12.62,12.65,12.0,12.12,230240
2007-12-11/00:00:00,11.99,12.17,11.86,11.96,276298
2007-12-12/00:00:00,11.89,12.16,11.77,11.97,257044
2007-12-13/00:00:00,12.16,12.28,11.91,12.0,176489
2007-12-16/00:00:00,12.19,12.3,11.87,12.21,394440
2007-12-17/00:00:00,12.12,12.24,12.03,12.12,129395
2007-12-23/00:00:00,12.19,13.4,12.19,12.87,827180
2007-12-24/00:00:00,13.39,13.83,12.78,13.42,741298
2007-12-25/00:00:00,13.47,13.68,12.91,13.32,531091
2007-12-26/00:00:00,13.52,13.61,13.09,13.34,249660
2007-12-27/00:00:00,13.25,13.37,13.07,13.17,200256
2007-12-30/00:00:00,13.19,13.25,12.56,12.71,332077
2007-12-31/00:00:00,12.59,14.12,12.47,12.86,415326
2008-01-02/00:00:00,14.04,14.12,13.24,13.5,562354
2008-01-03/00:00:00,13.41,13.71,13.31,13.5,543748
2008-01-06/00:00:00,13.45,14.12,13.41,13.78,385432
2008-01-08/00:00:00,14.01,14.01,13.19,13.47,338806
2008-01-10/00:00:00,13.69,13.72,13.19,13.39,440557
2008-01-13/00:00:00,13.42,13.86,13.41,13.62,323317
2008-01-14/00:00:00,13.42,13.83,13.28,13.42,396390
2008-01-15/00:00:00,13.27,13.9,13.27,13.67,492016
2008-01-16/00:00:00,13.42,13.76,13.32,13.45,373200
2008-01-17/00:00:00,13.3,13.51,13.24,13.34,386350
2008-01-20/00:00:00,13.22,13.39,12.91,13.17,248645
2008-01-21/00:00:00,12.91,12.93,12.52,12.69,323129
2008-01-22/00:00:00,12.52,12.52,11.77,11.96,656628
2008-01-23/00:00:00,12.35,12.66,12.03,12.29,220862
2008-01-24/00:00:00,12.03,12.28,11.93,12.03,149627
2008-01-27/00:00:00,12.28,12.35,12.06,12.16,104652
2008-01-28/00:00:00,12.13,12.17,11.94,12.03,109768
2008-01-29/00:00:00,12.11,12.35,11.95,12.2,136872
2008-01-30/00:00:00,12.0,12.38,12.0,12.1,134168
2008-01-31/00:00:00,12.07,13.32,12.07,12.99,1100462
2008-02-03/00:00:00,13.4,13.59,12.99,13.34,268058
2008-02-04/00:00:00,13.08,13.41,12.75,13.14,267497
2008-02-05/00:00:00,13.19,13.41,12.78,13.0,273432
2008-02-06/00:00:00,12.78,13.0,12.37,12.77,213617
2008-02-07/00:00:00,12.83,12.99,12.5,12.7,228634
2008-02-10/00:00:00,12.49,12.87,12.45,12.61,86872
2008-02-11/00:00:00,12.7,12.77,12.38,12.59,135889
2008-02-12/00:00:00,12.48,12.94,12.48,12.82,276176
2008-02-13/00:00:00,12.9,13.12,12.72,12.91,202993
2008-02-14/00:00:00,12.99,12.99,12.57,12.7,369733
2008-02-17/00:00:00,12.7,13.47,12.63,13.17,642082
2008-02-18/00:00:00,13.53,13.62,13.13,13.34,402833
2008-02-19/00:00:00,13.32,13.59,13.2,13.39,591410
2008-02-20/00:00:00,13.34,13.49,12.83,13.34,630316
2008-02-21/00:00:00,13.37,13.37,13.05,13.25,172469
2008-02-24/00:00:00,13.37,13.76,13.2,13.52,347864
2008-02-25/00:00:00,12.88,13.54,12.88,13.32,168742
2008-02-26/00:00:00,13.17,13.37,13.07,13.17,122004
2008-02-27/00:00:00,13.25,13.25,12.81,12.94,106886
2008-02-28/00:00:00,12.77,13.16,12.73,12.98,166285
2008-03-02/00:00:00,13.17,13.25,12.82,13.03,275059
2008-03-03/00:00:00,12.91,13.4,12.69,13.03,370256
2008-03-04/00:00:00,13.37,14.11,13.12,13.63,799240
2008-03-05/00:00:00,14.07,14.82,13.7,14.45,916404
2008-03-06/00:00:00,14.74,14.98,14.32,14.64,776726
2008-03-09/00:00:00,14.6,14.9,14.38,14.63,523078
2008-03-10/00:00:00,14.77,14.77,13.83,14.21,530389
2008-03-11/00:00:00,13.77,14.17,13.69,13.93,401543
2008-03-12/00:00:00,13.76,14.47,13.62,14.04,116143
2008-03-13/00:00:00,14.04,14.04,13.21,13.45,301290
2008-03-16/00:00:00,13.45,13.72,13.05,13.42,163270
2008-03-17/00:00:00,13.24,13.68,12.73,13.12,239878
2008-03-18/00:00:00,12.9,13.32,12.77,13.0,140848
2008-03-19/00:00:00,13.14,13.5,12.99,13.22,196733
2008-03-23/00:00:00,13.23,13.37,12.91,13.07,130385
2008-03-24/00:00:00,13.02,13.32,12.96,13.02,108094
2008-03-25/00:00:00,13.29,13.41,12.99,13.19,159468
2008-03-26/00:00:00,13.4,13.71,13.01,13.28,301427
2008-03-27/00:00:00,13.32,14.42,13.07,13.94,1265158
2008-03-30/00:00:00,14.36,15.29,14.12,14.96,1072778
2008-03-31/00:00:00,15.17,15.66,14.3,14.9,681775
2008-04-01/00:00:00,14.32,14.64,13.76,14.02,284303
2008-04-02/00:00:00,13.78,14.32,13.49,13.86,246073
2008-04-03/00:00:00,13.64,13.65,13.27,13.4,221609
2008-04-06/00:00:00,13.58,13.74,13.31,13.47,60338
2008-04-07/00:00:00,13.49,13.72,13.41,13.43,129179
2008-04-08/00:00:00,13.58,13.62,13.2,13.34,208529
2008-04-09/00:00:00,13.12,13.61,13.12,13.43,240548
2008-04-10/00:00:00,13.65,13.69,13.14,13.28,107563
2008-04-13/00:00:00,13.41,13.41,13.17,13.25,98410
2008-04-14/00:00:00,13.34,13.34,12.52,12.99,113398
2008-04-15/00:00:00,13.05,13.05,12.64,12.78,143059
2008-04-16/00:00:00,12.91,13.05,12.4,12.73,240895
2008-04-17/00:00:00,12.52,12.82,12.39,12.48,77879
2008-04-20/00:00:00,12.56,12.7,12.26,12.4,107809
2008-04-21/00:00:00,12.58,13.34,12.31,12.85,482702
2008-04-22/00:00:00,13.12,13.34,12.66,12.84,111832
2008-04-23/00:00:00,12.7,12.83,12.56,12.62,88574
2008-04-24/00:00:00,12.59,12.83,12.43,12.6,108022
2008-04-29/00:00:00,12.47,12.91,12.47,12.7,81413
2008-04-30/00:00:00,12.57,13.25,12.56,12.96,138803
2008-05-04/00:00:00,12.77,13.12,12.7,12.82,117948
2008-05-05/00:00:00,12.97,13.02,12.64,12.77,147880
2008-05-06/00:00:00,12.7,14.1,12.7,13.46,579106
2008-05-07/00:00:00,13.59,13.8,13.24,13.51,234334
2008-05-08/00:00:00,13.54,13.54,12.77,13.02,227328
2008-05-11/00:00:00,13.59,13.75,12.76,13.02,166026
2008-05-12/00:00:00,12.77,13.16,12.42,12.7,115482
2008-05-13/00:00:00,12.47,12.7,11.52,12.05,167027
2008-05-14/00:00:00,11.99,12.62,11.64,11.95,108932
2008-05-15/00:00:00,11.68,11.77,10.59,11.19,174578
2008-05-18/00:00:00,11.77,11.88,11.29,11.56,85256
2008-05-19/00:00:00,11.85,11.85,10.96,11.27,129254
2008-05-20/00:00:00,11.07,12.17,11.07,11.62,181787
2008-05-21/00:00:00,11.86,11.92,11.28,11.37,65969
2008-05-22/00:00:00,11.18,11.7,11.01,11.42,123709
2008-05-26/00:00:00,11.77,12.32,11.63,12.01,189054
2008-05-27/00:00:00,12.18,12.34,11.64,11.96,128561
2008-05-28/00:00:00,11.96,11.96,11.42,11.65,114696
2008-05-29/00:00:00,11.44,12.18,11.43,11.84,167688
2008-06-01/00:00:00,11.67,11.99,11.65,11.8,74020
2008-06-02/00:00:00,11.66,11.86,11.52,11.62,54655
2008-06-03/00:00:00,11.46,11.56,11.29,11.42,122092
2008-06-04/00:00:00,11.64,11.95,11.57,11.79,199416
2008-06-05/00:00:00,11.95,12.82,11.77,12.36,706828
2008-06-08/00:00:00,12.91,13.17,12.36,12.75,540712
2008-06-09/00:00:00,12.36,12.36,11.65,11.95,7611900
2008-06-10/00:00:00,11.98,13.4,11.93,12.59,5227390
2008-06-11/00:00:00,13.0,13.34,12.54,12.87,1564717
2008-06-12/00:00:00,12.56,12.59,11.93,12.29,3078791
2008-06-15/00:00:00,12.32,12.32,11.99,12.12,1605272
2008-06-16/00:00:00,12.2,12.27,11.75,11.95,1814700
2008-06-17/00:00:00,11.93,11.95,11.55,11.69,819588
2008-06-18/00:00:00,11.64,12.07,11.54,11.79,2013383
2008-06-19/00:00:00,11.76,11.8,11.29,11.55,1174492
2008-06-22/00:00:00,11.6,11.74,11.08,11.37,738824
2008-06-23/00:00:00,11.08,11.28,10.8,11.04,867037
2008-06-24/00:00:00,10.93,11.42,10.65,11.07,2138244
2008-06-25/00:00:00,11.22,11.22,9.88,10.48,981902
2008-06-26/00:00:00,9.7,10.16,9.17,9.31,3370194
2008-06-29/00:00:00,9.62,10.29,9.29,9.64,1406730
2008-06-30/00:00:00,9.14,9.36,8.52,8.97,888418
2008-07-02/00:00:00,8.82,9.21,8.82,8.97,390812
2008-07-03/00:00:00,8.83,8.97,8.46,8.62,775973
2008-07-06/00:00:00,8.3,8.49,8.29,8.34,351972
2008-07-08/00:00:00,8.38,8.38,7.83,8.18,501871
2008-07-09/00:00:00,8.06,8.37,7.98,8.12,382212
2008-07-10/00:00:00,8.15,8.56,7.95,8.22,1582069
2008-07-13/00:00:00,8.33,8.33,8.09,8.17,217235
2008-07-14/00:00:00,8.27,8.27,8.07,8.12,349252
2008-07-15/00:00:00,8.22,8.22,7.97,8.07,350759
2008-07-16/00:00:00,7.95,8.06,7.79,7.91,609412
2008-07-17/00:00:00,7.9,7.97,7.65,7.75,750212
2008-07-20/00:00:00,7.92,8.47,7.74,8.19,1592306
2008-07-21/00:00:00,8.42,8.53,7.98,8.25,1085930
2008-07-22/00:00:00,8.14,8.32,7.92,8.12,379936
2008-07-24/00:00:00,8.07,8.27,8.02,8.16,529048
2008-07-27/00:00:00,8.29,8.43,8.11,8.23,418816
2008-07-28/00:00:00,8.25,8.3,8.11,8.21,338488
2008-07-29/00:00:00,8.12,8.13,7.87,7.96,235760
2008-07-30/00:00:00,7.91,7.97,7.72,7.8,206824
2008-07-31/00:00:00,7.91,7.94,7.72,7.78,323993
2008-08-03/00:00:00,7.87,8.03,7.74,7.85,235432
2008-08-04/00:00:00,7.77,7.77,7.61,7.67,264684
2008-08-05/00:00:00,7.63,7.86,7.61,7.67,245580
2008-08-06/00:00:00,7.74,7.75,7.62,7.66,208722
2008-08-07/00:00:00,7.67,7.83,7.61,7.75,402234
2008-08-10/00:00:00,7.71,7.75,7.52,7.61,192097
2008-08-11/00:00:00,7.52,7.65,6.95,7.24,246361
2008-08-12/00:00:00,6.92,7.19,6.77,6.92,424110
2008-08-13/00:00:00,6.62,7.12,6.6,6.9,773675
2008-08-14/00:00:00,7.12,7.22,6.82,6.93,544216
2008-08-17/00:00:00,7.13,7.13,6.88,6.93,327722
2008-08-18/00:00:00,6.91,6.96,6.79,6.87,134532
2008-08-19/00:00:00,6.91,6.91,6.47,6.69,312734
2008-08-20/00:00:00,6.47,6.67,6.41,6.53,242248
2008-08-21/00:00:00,6.61,6.89,6.6,6.71,299702
2008-08-24/00:00:00,6.64,6.82,6.64,6.69,348763
2008-08-25/00:00:00,6.61,6.8,6.6,6.72,349480
2008-08-26/00:00:00,6.61,7.02,6.61,6.89,397704
2008-08-27/00:00:00,6.83,7.33,6.82,7.18,647827
2008-08-28/00:00:00,7.15,7.61,7.15,7.47,595512
2008-08-31/00:00:00,7.42,7.73,7.42,7.55,339332
2008-09-01/00:00:00,7.66,7.9,7.6,7.74,459749
2008-09-02/00:00:00,7.76,7.96,7.61,7.85,456517
2008-09-03/00:00:00,7.78,7.91,7.77,7.84,175978
2008-09-04/00:00:00,7.77,7.85,7.61,7.67,159632
2008-09-07/00:00:00,7.55,7.71,7.41,7.59,75565
2008-09-08/00:00:00,7.52,7.75,7.52,7.67,654904
2008-09-09/00:00:00,7.54,7.74,7.54,7.63,71046
2008-09-10/00:00:00,7.82,7.82,7.52,7.56,126469
2008-09-11/00:00:00,7.53,7.63,7.45,7.55,143755
2008-09-14/00:00:00,7.41,7.56,7.34,7.42,48935
2008-09-15/00:00:00,7.37,7.37,6.75,6.86,559386
2008-09-16/00:00:00,6.77,6.77,6.33,6.47,245719
2008-09-17/00:00:00,6.52,6.87,6.46,6.62,163942
2008-09-18/00:00:00,6.33,6.44,5.79,6.22,316464
2008-09-21/00:00:00,6.6,6.91,6.57,6.71,1532902
2008-09-22/00:00:00,6.72,6.98,6.68,6.88,462331
2008-09-23/00:00:00,6.67,6.94,6.6,6.8,232818
2008-09-24/00:00:00,6.91,7.02,6.72,6.9,627635
2008-09-25/00:00:00,6.75,6.95,6.71,6.89,523631
2008-09-28/00:00:00,6.85,6.94,6.83,6.9,183476
2008-09-29/00:00:00,6.91,7.02,6.91,6.96,137668
2008-10-07/00:00:00,6.6,6.6,5.76,6.11,248143
2008-10-08/00:00:00,6.12,6.57,5.69,6.12,520004
2008-10-09/00:00:00,6.08,6.74,5.91,6.6,664387
2008-10-12/00:00:00,6.15,6.52,6.07,6.47,514591
2008-10-13/00:00:00,6.6,6.72,6.38,6.51,127555
2008-10-14/00:00:00,6.62,6.71,6.44,6.52,91300
2008-10-15/00:00:00,6.42,6.57,6.22,6.49,450544
2008-10-16/00:00:00,6.33,6.49,6.26,6.35,89681
2008-10-19/00:00:00,6.38,6.38,6.17,6.25,183554
2008-10-20/00:00:00,6.17,6.3,6.17,6.22,61424
2008-10-21/00:00:00,6.22,6.25,5.92,6.08,144314
2008-10-22/00:00:00,5.77,5.98,5.41,5.61,202824
2008-10-23/00:00:00,5.37,5.37,4.87,5.13,125099
2008-10-26/00:00:00,4.91,4.91,4.26,4.43,78689
2008-10-27/00:00:00,4.01,4.93,4.01,4.33,103061
2008-10-28/00:00:00,4.34,5.07,4.34,4.76,173803
2008-10-29/00:00:00,4.83,5.37,4.45,4.74,201359
2008-10-30/00:00:00,4.48,4.87,4.29,4.65,106013
2008-11-02/00:00:00,4.83,4.98,4.76,4.85,86854
2008-11-03/00:00:00,4.78,5.26,4.78,5.08,185186
2008-11-04/00:00:00,5.08,5.35,4.87,5.17,203695
2008-11-05/00:00:00,4.99,5.27,4.68,4.87,265188
2008-11-06/00:00:00,4.61,5.05,4.45,4.81,262396
2008-11-09/00:00:00,5.05,5.52,4.74,5.19,1456213
2008-11-10/00:00:00,5.33,5.87,5.33,5.75,1091052
2008-11-11/00:00:00,5.68,5.87,5.26,5.64,1050810
2008-11-12/00:00:00,5.41,5.73,4.91,5.34,434114
2008-11-13/00:00:00,4.91,5.22,4.82,5.03,85072
2008-11-16/00:00:00,5.11,5.17,4.65,4.94,232766
2008-11-17/00:00:00,4.68,4.95,4.61,4.71,135834
2008-11-18/00:00:00,4.61,4.87,4.11,4.41,214103
2008-11-19/00:00:00,4.4,4.6,4.04,4.23,128800
2008-11-20/00:00:00,4.07,4.37,3.84,3.99,236794
2008-11-23/00:00:00,3.97,4.48,3.87,4.05,8671976
2008-11-24/00:00:00,4.41,4.41,3.8,4.03,352056
2008-11-25/00:00:00,3.94,4.36,3.94,4.17,229174
2008-11-26/00:00:00,4.03,4.22,3.99,4.1,169938
2008-11-27/00:00:00,4.18,4.22,4.01,4.1,116932
2008-11-30/00:00:00,4.22,4.22,3.99,4.07,188852
2008-12-01/00:00:00,4.03,4.05,3.87,3.93,76456
2008-12-02/00:00:00,3.84,3.87,3.45,3.69,583445
2008-12-03/00:00:00,3.92,3.92,3.72,3.82,186870
2008-12-04/00:00:00,3.72,3.95,3.64,3.85,364766
2008-12-10/00:00:00,3.96,3.96,3.83,3.89,182882
2008-12-11/00:00:00,3.83,4.02,3.83,3.97,286484
2008-12-14/00:00:00,3.98,3.99,3.82,3.87,350248
2008-12-15/00:00:00,3.88,3.95,3.8,3.87,306874
2008-12-16/00:00:00,3.83,3.9,3.74,3.8,227508
2008-12-17/00:00:00,3.87,3.89,3.72,3.8,226698
2008-12-18/00:00:00,3.81,3.83,3.72,3.77,83204
2008-12-21/00:00:00,3.74,3.77,3.69,3.71,178084
2008-12-22/00:00:00,3.72,3.8,3.67,3.71,245218
2008-12-23/00:00:00,3.74,3.76,3.56,3.62,227966
2008-12-24/00:00:00,3.65,3.66,3.57,3.62,175136
2008-12-25/00:00:00,3.64,3.69,3.57,3.62,84947
2008-12-28/00:00:00,3.61,4.03,3.59,3.8,1470457
2008-12-30/00:00:00,4.04,4.36,3.96,4.18,981136
2008-12-31/00:00:00,3.94,4.11,3.88,3.96,1573726
2009-01-04/00:00:00,4.12,4.13,3.95,4.03,196771
2009-01-05/00:00:00,4.01,4.04,3.92,3.95,445110
2009-01-06/00:00:00,3.93,4.06,3.91,3.96,585338
2009-01-08/00:00:00,4.03,4.51,3.93,4.33,2706275
2009-01-11/00:00:00,4.39,4.87,4.36,4.63,1466072
2009-01-12/00:00:00,4.75,4.89,4.46,4.67,1226848
2009-01-13/00:00:00,4.56,4.67,4.37,4.47,824096
2009-01-14/00:00:00,4.48,4.64,4.3,4.46,677750
2009-01-15/00:00:00,4.32,4.47,4.22,4.37,571564
2009-01-18/00:00:00,4.47,4.51,4.32,4.41,257398
2009-01-19/00:00:00,4.42,4.49,4.09,4.26,337566
2009-01-20/00:00:00,4.04,4.15,3.97,4.07,356393
2009-01-21/00:00:00,4.03,4.03,3.77,3.87,324032
2009-01-22/00:00:00,3.92,4.03,3.74,3.84,383714
2009-01-25/00:00:00,3.76,3.89,3.64,3.76,276950
2009-01-26/00:00:00,3.69,3.78,3.5,3.62,601842
2009-01-27/00:00:00,3.77,3.87,3.69,3.78,311459
2009-01-28/00:00:00,3.72,4.12,3.71,3.98,1161925
2009-01-29/00:00:00,4.11,4.11,3.78,3.93,786438
2009-02-01/00:00:00,3.81,3.89,3.62,3.72,329874
2009-02-02/00:00:00,3.62,3.71,3.41,3.52,298428
2009-02-03/00:00:00,3.37,3.68,3.27,3.51,349682
2009-02-04/00:00:00,3.67,3.8,3.37,3.59,628584
2009-02-05/00:00:00,3.44,3.65,3.22,3.37,339527
2009-02-08/00:00:00,3.45,3.57,3.27,3.4,142801
2009-02-09/00:00:00,3.26,3.37,3.18,3.31,190205
2009-02-10/00:00:00,3.37,3.43,3.3,3.36,133648
2009-02-11/00:00:00,3.34,3.47,3.27,3.36,155164
2009-02-12/00:00:00,3.32,3.4,3.27,3.32,126696
2009-02-15/00:00:00,3.33,3.44,3.33,3.4,205429
2009-02-16/00:00:00,3.37,3.64,3.36,3.52,649115
2009-02-17/00:00:00,3.47,3.52,3.34,3.42,256493
2009-02-18/00:00:00,3.31,3.41,3.27,3.32,176269
2009-02-19/00:00:00,3.32,3.44,3.28,3.34,339936
2009-02-22/00:00:00,3.31,3.33,3.24,3.27,167836
2009-02-23/00:00:00,3.3,3.43,3.26,3.34,410380
2009-02-24/00:00:00,3.29,3.29,3.21,3.26,121034
2009-02-25/00:00:00,3.33,3.41,3.26,3.33,345008
2009-02-26/00:00:00,3.3,3.37,3.27,3.31,148439
2009-03-01/00:00:00,3.3,3.37,3.27,3.32,208495
2009-03-02/00:00:00,3.3,3.32,3.23,3.26,127818
2009-03-03/00:00:00,3.27,3.3,3.22,3.26,152375
2009-03-04/00:00:00,3.26,3.38,3.26,3.33,205660
2009-03-05/00:00:00,3.33,3.34,3.26,3.29,266148
2009-03-08/00:00:00,3.29,3.34,3.26,3.3,123137
2009-03-10/00:00:00,3.28,3.31,3.26,3.27,134291
2009-03-11/00:00:00,3.33,3.41,3.26,3.32,616432
2009-03-12/00:00:00,3.34,3.34,3.26,3.27,87311
2009-03-15/00:00:00,3.28,3.34,3.26,3.29,543511
2009-03-16/00:00:00,3.28,3.45,3.27,3.34,941285
2009-03-17/00:00:00,3.34,3.4,3.31,3.34,362210
2009-03-18/00:00:00,3.37,3.47,3.3,3.37,671030
2009-03-19/00:00:00,3.37,3.92,3.34,3.62,3092228
2009-03-22/00:00:00,3.78,3.92,3.7,3.8,668641
2009-03-23/00:00:00,3.83,3.96,3.69,3.87,2310352
2009-03-24/00:00:00,4.13,4.17,3.83,3.98,1633492
2009-03-25/00:00:00,3.95,4.01,3.87,3.93,794874
2009-03-26/00:00:00,4.05,4.16,3.89,4.04,1086400
2009-03-29/00:00:00,4.06,4.27,3.96,4.14,1285897
2009-03-30/00:00:00,4.1,4.29,3.83,4.12,1205359
2009-03-31/00:00:00,3.96,3.99,3.78,3.91,426666
2009-04-01/00:00:00,4.02,4.05,3.87,3.95,543774
2009-04-02/00:00:00,4.0,4.48,3.94,4.27,2269970
2009-04-05/00:00:00,4.57,4.91,4.54,4.72,1720217
2009-04-06/00:00:00,4.8,5.09,4.54,4.85,2736168
2009-04-07/00:00:00,4.72,5.12,4.55,4.87,2117149
2009-04-08/00:00:00,4.65,5.51,4.61,5.08,2985743
2009-04-09/00:00:00,5.63,6.74,5.52,6.24,3352970
2009-04-12/00:00:00,6.86,7.1,5.76,6.41,2580354
2009-04-13/00:00:00,6.37,6.37,5.49,5.78,1074772
2009-04-14/00:00:00,5.6,6.0,5.57,5.79,589136
2009-04-15/00:00:00,5.75,5.81,5.17,5.42,489493
2009-04-16/00:00:00,5.44,5.87,5.37,5.64,1264224
2009-04-21/00:00:00,5.52,5.95,5.44,5.77,1631630
2009-04-22/00:00:00,5.79,5.97,5.63,5.77,567710
2009-04-23/00:00:00,5.72,5.77,5.47,5.6,639108
2009-04-27/00:00:00,5.91,5.96,5.33,5.52,1750777
2009-04-28/00:00:00,5.47,5.57,5.26,5.39,1328213
2009-04-29/00:00:00,5.39,5.51,5.37,5.43,651500
2009-04-30/00:00:00,5.52,5.66,5.43,5.55,1159286
2009-05-03/00:00:00,5.6,5.91,5.47,5.69,5011457
2009-05-04/00:00:00,5.81,6.22,5.77,6.11,5122846
2009-05-05/00:00:00,6.25,6.42,6.12,6.23,3674398
2009-05-06/00:00:00,6.3,6.37,6.11,6.22,1823460
2009-05-07/00:00:00,6.32,6.37,6.13,6.22,2356739
2009-05-10/00:00:00,6.32,6.52,6.25,6.38,2180808
2009-05-11/00:00:00,6.33,6.67,6.13,6.46,3053492
2009-05-12/00:00:00,6.47,6.77,6.33,6.64,2534718
2009-05-13/00:00:00,6.67,6.88,6.07,6.48,2549590
2009-05-14/00:00:00,6.17,6.35,5.57,6.03,1710323
2009-05-17/00:00:00,5.79,6.2,5.77,6.05,2118810
2009-05-18/00:00:00,6.15,6.41,6.13,6.26,1624678
2009-05-19/00:00:00,6.37,6.51,6.19,6.36,1948114
2009-05-20/00:00:00,6.35,6.39,6.0,6.16,1336724
2009-05-21/00:00:00,5.96,6.2,5.14,5.77,1480360
2009-05-24/00:00:00,5.87,6.09,5.65,5.79,1162429
2009-05-25/00:00:00,5.82,5.95,5.69,5.8,777130
2009-05-26/00:00:00,5.91,6.33,5.82,6.12,2899099
2009-05-27/00:00:00,6.43,6.69,6.1,6.4,2632790
2009-05-28/00:00:00,6.15,6.32,6.03,6.18,2049666
2009-05-31/00:00:00,6.31,6.41,6.21,6.3,1467226
2009-06-01/00:00:00,6.33,6.67,6.31,6.53,2754127
2009-06-02/00:00:00,6.67,6.67,6.22,6.44,1997096
2009-06-03/00:00:00,6.3,6.42,6.17,6.25,1610243
2009-06-04/00:00:00,6.3,6.33,6.15,6.22,1198999
2009-06-07/00:00:00,6.27,6.33,6.03,6.17,1752156
2009-06-08/00:00:00,5.93,6.07,5.79,5.89,1772953
2009-06-09/00:00:00,5.89,5.95,5.64,5.77,1099326
2009-06-10/00:00:00,5.85,5.87,5.72,5.82,679844
2009-06-11/00:00:00,5.87,5.93,5.67,5.77,700322
2009-06-14/00:00:00,5.84,5.87,5.69,5.79,670975
2009-06-15/00:00:00,5.78,5.87,5.71,5.79,906526
2009-06-16/00:00:00,5.78,5.86,5.71,5.79,757070
2009-06-17/00:00:00,5.81,5.82,5.67,5.73,591689
2009-06-18/00:00:00,5.67,5.77,5.57,5.64,590162
2009-06-21/00:00:00,5.71,5.71,5.48,5.57,647476
2009-06-22/00:00:00,5.58,5.58,5.24,5.29,4254908
2009-06-23/00:00:00,5.22,5.33,4.97,5.08,622181
2009-06-24/00:00:00,5.16,5.28,4.92,5.06,4832666
2009-06-25/00:00:00,5.03,5.04,4.64,4.82,391680
2009-06-28/00:00:00,4.67,4.87,4.54,4.67,361877
2009-06-29/00:00:00,4.74,4.8,4.62,4.72,329086
2009-06-30/00:00:00,4.72,5.0,4.72,4.85,766808
2009-07-02/00:00:00,5.11,5.15,4.96,5.07,549366
2009-07-05/00:00:00,5.06,5.06,4.86,4.92,463745
2009-07-06/00:00:00,4.86,4.89,4.71,4.77,257489
2009-07-07/00:00:00,4.82,4.93,4.72,4.82,386659
2009-07-08/00:00:00,4.74,4.93,4.62,4.76,416989
2009-07-09/00:00:00,4.77,4.81,4.62,4.69,469896
2009-07-12/00:00:00,4.65,4.86,4.64,4.69,440623
2009-07-13/00:00:00,4.64,4.73,4.5,4.62,239178
2009-07-14/00:00:00,4.72,4.74,4.62,4.68,362149
2009-07-15/00:00:00,4.65,4.77,4.64,4.69,528016
2009-07-16/00:00:00,4.77,5.08,4.72,4.92,1627841
2009-07-19/00:00:00,5.04,5.33,4.96,5.22,1616231
2009-07-20/00:00:00,5.27,5.37,5.17,5.26,1312823
2009-07-21/00:00:00,5.27,5.49,5.26,5.35,1861045
2009-07-22/00:00:00,5.27,5.44,5.19,5.32,855791
2009-07-26/00:00:00,5.47,5.47,5.34,5.41,1324559
2009-07-27/00:00:00,5.42,6.08,5.32,5.78,3986155
2009-07-28/00:00:00,6.02,6.22,5.91,6.06,2569427
2009-07-29/00:00:00,5.9,6.07,5.8,5.97,2172112
2009-07-30/00:00:00,5.97,6.1,5.95,6.02,952190
2009-08-02/00:00:00,6.11,6.17,5.99,6.05,849989
2009-08-03/00:00:00,6.07,6.12,5.92,6.02,2166564
2009-08-04/00:00:00,6.07,6.1,5.64,5.89,1560263
2009-08-05/00:00:00,5.85,5.95,5.75,5.86,921044
2009-08-06/00:00:00,5.86,5.98,5.75,5.84,925624
2009-08-09/00:00:00,5.93,6.01,5.72,5.84,756697
2009-08-10/00:00:00,5.77,5.91,5.69,5.78,811883
2009-08-11/00:00:00,5.72,5.82,5.54,5.7,464932
2009-08-12/00:00:00,5.59,5.74,5.5,5.61,746666
2009-08-13/00:00:00,5.78,5.88,5.66,5.77,1155755
2009-08-16/00:00:00,5.77,5.95,5.75,5.86,896249
2009-08-17/00:00:00,5.77,5.78,5.51,5.67,4439840
2009-08-18/00:00:00,5.57,5.69,5.47,5.58,595151
2009-08-19/00:00:00,5.58,5.62,5.28,5.43,650671
2009-08-20/00:00:00,5.47,5.52,5.31,5.42,588565
2009-08-23/00:00:00,5.52,5.6,5.48,5.52,748652
2009-08-24/00:00:00,5.6,5.66,5.48,5.57,469582
2009-08-25/00:00:00,5.57,5.77,5.53,5.67,558394
2009-08-26/00:00:00,5.73,5.77,5.52,5.58,450571
2009-08-27/00:00:00,5.61,5.62,5.48,5.52,252080
2009-08-30/00:00:00,5.59,5.64,5.41,5.47,448628
2009-08-31/00:00:00,5.52,5.67,5.45,5.57,762652
2009-09-01/00:00:00,5.52,5.67,5.49,5.57,460663
2009-09-02/00:00:00,5.43,5.56,5.41,5.5,260236
2009-09-03/00:00:00,5.56,5.86,5.51,5.73,1497012
2009-09-06/00:00:00,5.68,5.89,5.68,5.82,569972
2009-09-07/00:00:00,5.76,5.84,5.65,5.73,320628
2009-09-08/00:00:00,5.53,5.88,5.53,5.8,567736
2009-09-09/00:00:00,5.71,5.81,5.69,5.75,196212
2009-09-10/00:00:00,5.66,5.76,5.59,5.65,332046
2009-09-13/00:00:00,5.72,5.88,5.67,5.8,838031
2009-09-14/00:00:00,5.87,6.03,5.81,5.95,2368753
2009-09-15/00:00:00,6.03,6.21,6.01,6.12,1776022
2009-09-16/00:00:00,6.15,6.56,6.15,6.41,2433914
2009-09-17/00:00:00,6.57,7.02,6.56,6.83,3157212
2009-09-22/00:00:00,6.97,7.17,6.82,6.99,1750742
2009-09-23/00:00:00,7.04,7.25,6.99,7.12,1427904
2009-09-24/00:00:00,6.97,7.23,6.9,7.1,1376815
2009-09-27/00:00:00,7.19,7.4,7.12,7.31,1421249
2009-09-28/00:00:00,7.32,7.35,7.12,7.18,1720963
2009-09-29/00:00:00,7.26,7.4,7.08,7.23,2417032
2009-09-30/00:00:00,7.25,7.31,6.7,7.08,1530750
2009-10-01/00:00:00,7.02,7.12,6.82,6.92,1265500
2009-10-04/00:00:00,6.9,6.93,6.71,6.82,2277526
2009-10-05/00:00:00,6.88,6.93,6.61,6.73,1160930
2009-10-07/00:00:00,6.82,6.91,6.61,6.77,1749576
2009-10-08/00:00:00,6.81,6.82,6.42,6.57,1316360
2009-10-11/00:00:00,6.63,6.64,6.46,6.53,469638
2009-10-12/00:00:00,6.56,6.64,6.36,6.48,526296
2009-10-13/00:00:00,6.39,6.47,6.32,6.39,357211
2009-10-14/00:00:00,6.48,6.6,6.48,6.56,517510
2009-10-15/00:00:00,6.6,6.67,6.46,6.58,1117510
2009-10-18/00:00:00,6.67,6.74,6.57,6.66,1346148
2009-10-19/00:00:00,6.72,6.74,6.62,6.7,519782
2009-10-20/00:00:00,6.68,6.85,6.66,6.71,873128
2009-10-21/00:00:00,6.67,6.74,6.63,6.68,1621280
2009-10-22/00:00:00,6.67,6.77,6.56,6.69,655099
2009-10-25/00:00:00,6.72,6.73,6.65,6.67,444094
2009-10-26/00:00:00,6.59,6.72,6.55,6.64,533556
2009-10-27/00:00:00,6.54,6.56,6.41,6.48,172001
2009-10-29/00:00:00,6.32,6.4,6.21,6.33,228733
2009-11-01/00:00:00,6.09,6.3,6.09,6.16,166189
2009-11-02/00:00:00,6.3,6.3,6.06,6.12,216125
2009-11-03/00:00:00,6.26,6.26,5.72,5.9,691229
2009-11-04/00:00:00,6.12,6.29,5.93,6.12,492022
2009-11-05/00:00:00,6.08,6.08,5.85,5.95,181490
2009-11-08/00:00:00,6.12,6.12,6.01,6.08,211987
2009-11-09/00:00:00,6.07,6.17,5.99,6.08,341282
2009-11-10/00:00:00,6.17,6.22,6.05,6.11,222881
2009-11-11/00:00:00,6.09,6.22,6.01,6.1,409842
2009-11-12/00:00:00,6.03,6.11,5.87,5.95,409820
2009-11-15/00:00:00,5.93,6.03,5.69,5.85,86590
2009-11-16/00:00:00,5.89,5.93,5.73,5.87,192721
2009-11-17/00:00:00,5.92,5.92,5.64,5.72,81055
2009-11-18/00:00:00,5.53,5.77,5.53,5.69,125218
2009-11-19/00:00:00,5.57,5.89,5.49,5.71,247512
2009-11-22/00:00:00,5.77,5.84,5.65,5.76,131381
2009-11-23/00:00:00,5.74,5.81,5.57,5.64,137016
2009-11-24/00:00:00,5.61,5.73,5.57,5.63,134462
2009-11-25/00:00:00,5.69,5.69,5.53,5.57,128220
2009-11-30/00:00:00,5.12,5.3,5.02,5.22,147662
2009-12-01/00:00:00,5.22,5.27,4.97,5.11,464136
2009-12-02/00:00:00,5.1,5.23,5.05,5.16,314129
2009-12-03/00:00:00,5.17,5.28,5.08,5.17,346490
2009-12-06/00:00:00,5.14,5.23,5.04,5.12,115206
2009-12-07/00:00:00,5.02,5.11,5.0,5.03,81010
2009-12-08/00:00:00,5.13,5.13,4.82,4.88,146770
2009-12-09/00:00:00,4.56,4.86,4.55,4.65,1519710
2009-12-10/00:00:00,4.73,4.75,4.45,4.53,634319
2009-12-13/00:00:00,4.56,4.76,4.56,4.67,179300
2009-12-14/00:00:00,4.82,4.95,4.72,4.82,970393
2009-12-15/00:00:00,4.72,4.83,4.65,4.8,235121
2009-12-16/00:00:00,4.76,4.97,4.73,4.85,375149
2009-12-17/00:00:00,4.86,4.88,4.74,4.81,130160
2009-12-20/00:00:00,4.82,4.86,4.56,4.72,341950
2009-12-21/00:00:00,4.69,4.72,4.61,4.65,108294
2009-12-22/00:00:00,4.67,4.75,4.51,4.58,209716
2009-12-23/00:00:00,4.49,4.6,4.47,4.52,245760
2009-12-24/00:00:00,4.64,4.64,4.49,4.54,57228
2009-12-27/00:00:00,4.62,4.63,4.38,4.47,157699
2009-12-28/00:00:00,4.33,4.41,4.26,4.35,158117
2009-12-29/00:00:00,4.39,4.45,4.36,4.4,256810
2009-12-30/00:00:00,4.51,4.51,4.3,4.35,167992
2009-12-31/00:00:00,4.27,4.45,4.26,4.37,189325
2010-01-03/00:00:00,4.47,4.56,4.46,4.5,161516
2010-01-04/00:00:00,4.56,4.65,4.55,4.58,254009
2010-01-05/00:00:00,4.71,4.75,4.63,4.72,255199
2010-01-06/00:00:00,4.65,4.82,4.58,4.71,949369
2010-01-10/00:00:00,4.86,5.18,4.79,4.91,763344
2010-01-11/00:00:00,4.84,4.89,4.74,4.82,360832
2010-01-12/00:00:00,4.87,4.93,4.8,4.87,410854
2010-01-13/00:00:00,4.78,5.0,4.78,4.92,622417
2010-01-14/00:00:00,4.88,4.97,4.82,4.91,511698
2010-01-17/00:00:00,4.87,5.04,4.87,4.94,512068
2010-01-18/00:00:00,4.97,4.97,4.86,4.93,451674
2010-01-19/00:00:00,4.93,5.23,4.92,5.12,1933104
2010-01-20/00:00:00,5.11,5.29,5.08,5.17,930132
2010-01-21/00:00:00,5.17,5.28,5.08,5.22,1230667
2010-01-24/00:00:00,5.12,5.22,4.98,5.08,988170
2010-01-26/00:00:00,5.0,5.1,4.92,4.97,300073
2010-01-27/00:00:00,4.95,5.13,4.94,5.03,293552
2010-01-28/00:00:00,5.07,5.14,4.97,5.04,372576
2010-01-31/00:00:00,5.0,5.02,4.77,4.87,337411
2010-02-01/00:00:00,4.82,4.95,4.82,4.87,338765
2010-02-02/00:00:00,4.87,5.04,4.87,4.98,277298
2010-02-03/00:00:00,4.97,5.08,4.89,5.0,846977
2010-02-04/00:00:00,4.95,5.04,4.81,4.88,387257
2010-02-07/00:00:00,4.8,4.9,4.76,4.82,297455
2010-02-08/00:00:00,4.88,4.92,4.77,4.85,209968
2010-02-09/00:00:00,4.87,4.93,4.78,4.85,320963
2010-02-10/00:00:00,4.89,4.94,4.67,4.81,716364
2010-02-11/00:00:00,4.82,4.82,4.71,4.77,294481
2010-02-14/00:00:00,4.79,4.93,4.76,4.83,506443
2010-02-15/00:00:00,4.8,4.82,4.72,4.76,567616
2010-02-16/00:00:00,4.81,4.82,4.72,4.77,316315
2010-02-17/00:00:00,4.81,4.82,4.62,4.69,503490
2010-02-18/00:00:00,4.72,4.72,4.57,4.62,420142
2010-02-21/00:00:00,4.62,4.69,4.08,4.43,805225
2010-02-22/00:00:00,4.36,4.57,4.33,4.45,832990
2010-02-23/00:00:00,4.52,4.52,4.23,4.33,520822
2010-02-24/00:00:00,4.37,4.41,4.26,4.35,274764
2010-02-25/00:00:00,4.45,4.47,4.25,4.36,645080
2010-02-28/00:00:00,4.35,4.41,4.27,4.37,125887
2010-03-01/00:00:00,4.41,4.47,4.34,4.41,379956
2010-03-02/00:00:00,4.45,4.47,4.34,4.41,241132
2010-03-03/00:00:00,4.41,4.47,4.38,4.42,248573
2010-03-04/00:00:00,4.4,4.44,4.3,4.36,247721
2010-03-07/00:00:00,4.38,4.39,4.29,4.32,159992
2010-03-08/00:00:00,4.37,4.37,4.19,4.26,206006
2010-03-09/00:00:00,4.3,4.3,4.12,4.18,90880
2010-03-10/00:00:00,4.3,4.3,4.1,4.19,141528
2010-03-11/00:00:00,4.21,4.29,4.15,4.2,207797
2010-03-14/00:00:00,4.15,4.22,3.98,4.11,298638
2010-03-15/00:00:00,4.0,4.0,3.59,3.79,532930
2010-03-16/00:00:00,3.78,3.82,3.67,3.76,334820
2010-03-17/00:00:00,3.8,3.85,3.69,3.76,224999
2010-03-18/00:00:00,3.72,3.92,3.71,3.83,425742
2010-03-21/00:00:00,3.87,4.03,3.86,3.95,528234
2010-03-22/00:00:00,3.92,4.04,3.79,3.9,433050
2010-03-23/00:00:00,3.96,4.02,3.9,3.96,498036
2010-03-24/00:00:00,4.04,4.37,4.04,4.22,1387643
2010-03-25/00:00:00,4.12,4.47,4.12,4.32,938155
2010-03-28/00:00:00,4.52,4.82,4.47,4.69,1989991
2010-03-29/00:00:00,4.78,4.84,4.57,4.72,1367825
2010-03-30/00:00:00,4.66,4.68,4.52,4.58,1338761
2010-03-31/00:00:00,4.57,4.67,4.56,4.6,818268
2010-04-01/00:00:00,4.57,4.68,4.57,4.62,860322
2010-04-06/00:00:00,4.67,4.71,4.62,4.65,785274
2010-04-07/00:00:00,4.64,4.71,4.58,4.65,775739
2010-04-08/00:00:00,4.64,4.77,4.6,4.72,1256177
2010-04-11/00:00:00,4.48,4.48,4.33,4.42,872827
2010-04-12/00:00:00,4.34,4.41,4.26,4.32,729271
2010-04-13/00:00:00,4.34,4.34,4.26,4.29,392486
2010-04-14/00:00:00,4.3,4.37,4.28,4.32,854687
2010-04-15/00:00:00,4.37,4.37,4.2,4.25,1021865
2010-04-18/00:00:00,4.2,4.27,4.15,4.18,274817
2010-04-19/00:00:00,4.12,4.22,4.12,4.17,332048
2010-04-20/00:00:00,4.18,4.23,4.15,4.18,316174
2010-04-21/00:00:00,4.19,4.25,4.09,4.18,576218
2010-04-22/00:00:00,4.13,4.18,4.04,4.09,306114
2010-04-26/00:00:00,4.12,4.2,4.12,4.17,389723
2010-04-27/00:00:00,4.15,4.19,4.11,4.14,396043
2010-04-28/00:00:00,4.11,4.15,4.04,4.12,493522
2010-04-29/00:00:00,4.13,4.24,4.05,4.14,700858
2010-05-02/00:00:00,4.08,4.14,3.99,4.07,231895
2010-05-03/00:00:00,4.07,4.11,3.93,4.01,427211
2010-05-04/00:00:00,4.03,4.06,3.87,3.95,243929
2010-05-05/00:00:00,3.83,3.87,3.78,3.82,203582
2010-05-06/00:00:00,3.8,3.87,3.72,3.77,195071
2010-05-09/00:00:00,3.52,3.72,3.5,3.62,346408
2010-05-10/00:00:00,3.77,3.91,3.67,3.8,2558471
2010-05-11/00:00:00,3.86,3.88,3.69,3.78,277092
2010-05-12/00:00:00,3.69,3.84,3.66,3.73,267010
2010-05-13/00:00:00,3.79,3.8,3.66,3.69,269675
2010-05-16/00:00:00,3.64,3.64,3.52,3.56,197273
2010-05-17/00:00:00,3.57,3.67,3.43,3.49,359690
2010-05-18/00:00:00,3.57,3.57,3.47,3.52,207272
2010-05-19/00:00:00,3.49,3.49,3.3,3.4,208340
2010-05-20/00:00:00,3.35,3.43,3.29,3.34,278551
2010-05-23/00:00:00,3.34,3.38,3.26,3.34,88288
2010-05-24/00:00:00,3.41,3.42,3.2,3.29,212216
2010-05-25/00:00:00,3.18,3.19,2.96,3.03,469168
2010-05-26/00:00:00,3.08,3.11,3.03,3.07,190789
2010-05-27/00:00:00,3.01,3.18,3.0,3.12,326142
2010-05-30/00:00:00,3.26,3.27,3.16,3.21,392316
2010-05-31/00:00:00,3.12,3.22,3.03,3.16,675089
2010-06-01/00:00:00,3.08,3.32,3.05,3.17,1476226
2010-06-02/00:00:00,3.26,3.35,3.17,3.28,661190
2010-06-03/00:00:00,3.34,3.39,3.21,3.26,896551
2010-06-06/00:00:00,3.17,3.26,3.15,3.19,196687
2010-06-07/00:00:00,3.17,3.19,3.11,3.15,136247
2010-06-08/00:00:00,3.15,3.22,3.05,3.1,334776
2010-06-09/00:00:00,3.12,3.17,3.08,3.13,360826
2010-06-10/00:00:00,3.06,3.23,3.03,3.13,530324
2010-06-13/00:00:00,3.22,3.26,3.13,3.17,305532
2010-06-14/00:00:00,3.22,3.27,3.15,3.21,513558
2010-06-15/00:00:00,3.13,3.2,3.12,3.15,112907
2010-06-16/00:00:00,3.22,3.22,3.15,3.18,316864
2010-06-17/00:00:00,3.2,3.42,3.2,3.33,1331304
2010-06-20/00:00:00,3.43,3.52,3.41,3.47,754019
2010-06-21/00:00:00,3.49,3.49,3.29,3.38,937812
2010-06-22/00:00:00,3.32,3.33,3.22,3.26,400769
2010-06-23/00:00:00,3.24,3.32,3.17,3.29,332904
2010-06-24/00:00:00,3.32,3.32,3.25,3.27,111875
2010-06-27/00:00:00,3.3,3.3,3.24,3.26,225571
2010-06-28/00:00:00,3.27,3.34,3.23,3.27,323374
2010-06-29/00:00:00,3.2,3.25,3.15,3.18,279577
2010-06-30/00:00:00,3.15,3.18,3.08,3.15,480310
2010-07-04/00:00:00,3.11,3.18,3.09,3.12,85685
2010-07-05/00:00:00,3.11,3.18,3.09,3.14,209686
2010-07-06/00:00:00,3.18,3.23,3.17,3.2,270456
2010-07-07/00:00:00,3.18,3.18,3.1,3.12,252026
2010-07-08/00:00:00,3.17,3.26,3.16,3.2,430007
2010-07-11/00:00:00,3.22,3.28,3.19,3.22,758611
2010-07-12/00:00:00,3.25,3.27,3.16,3.22,679200
2010-07-13/00:00:00,3.22,3.25,3.18,3.22,258362
2010-07-14/00:00:00,3.28,3.3,3.15,3.23,727600
2010-07-15/00:00:00,3.18,3.24,3.18,3.21,230744
2010-07-18/00:00:00,3.13,3.22,3.13,3.17,226496
2010-07-19/00:00:00,3.18,3.19,3.13,3.16,270596
2010-07-20/00:00:00,3.17,3.19,3.1,3.13,265008
2010-07-21/00:00:00,3.11,3.22,3.11,3.17,781552
2010-07-22/00:00:00,3.15,3.26,3.11,3.19,1205970
2010-07-25/00:00:00,3.24,3.26,3.18,3.22,298723
2010-07-26/00:00:00,3.2,3.22,3.17,3.2,450986
2010-07-27/00:00:00,3.22,3.41,3.22,3.32,2086306
2010-07-28/00:00:00,3.34,3.4,3.25,3.33,630580
2010-07-29/00:00:00,3.34,3.35,3.29,3.32,566174
2010-08-01/00:00:00,3.34,3.36,3.28,3.32,341839
2010-08-02/00:00:00,3.28,3.34,3.27,3.3,498390
2010-08-03/00:00:00,3.35,3.37,3.26,3.32,757166
2010-08-04/00:00:00,3.27,3.5,3.26,3.43,2919475
2010-08-05/00:00:00,3.55,3.55,3.42,3.48,1840259
2010-08-08/00:00:00,3.46,3.47,3.35,3.41,723490
2010-08-09/00:00:00,3.42,3.47,3.35,3.42,652172
2010-08-10/00:00:00,3.39,3.49,3.37,3.43,1499513
2010-08-11/00:00:00,3.37,3.42,3.32,3.35,458398
2010-08-12/00:00:00,3.34,3.34,3.29,3.32,309724
2010-08-15/00:00:00,3.34,3.35,3.26,3.28,541590
2010-08-16/00:00:00,3.26,3.29,3.23,3.26,291746
2010-08-17/00:00:00,3.27,3.32,3.26,3.28,365815
2010-08-18/00:00:00,3.34,3.34,3.23,3.27,613902
2010-08-19/00:00:00,3.26,3.31,3.26,3.27,198083
2010-08-22/00:00:00,3.26,3.26,3.18,3.22,230070
2010-08-23/00:00:00,3.26,3.26,3.22,3.25,272525
2010-08-24/00:00:00,3.22,3.26,3.2,3.22,177020
2010-08-25/00:00:00,3.22,3.22,3.17,3.18,155791
2010-08-26/00:00:00,3.2,3.22,3.18,3.19,101312
2010-08-29/00:00:00,3.22,3.22,3.15,3.17,231628
2010-08-30/00:00:00,3.18,3.21,3.17,3.18,422968
2010-08-31/00:00:00,3.15,3.18,3.11,3.15,237571
2010-09-01/00:00:00,3.18,3.21,3.17,3.19,54606
2010-09-02/00:00:00,3.21,3.23,3.18,3.2,181208
2010-09-05/00:00:00,3.18,3.36,3.18,3.27,1120495
2010-09-06/00:00:00,3.32,3.38,3.28,3.34,613072
2010-09-07/00:00:00,3.28,3.32,3.26,3.27,46543
2010-09-08/00:00:00,3.27,3.33,3.27,3.31,245317
2010-09-13/00:00:00,3.34,3.37,3.3,3.33,649133
2010-09-14/00:00:00,3.32,3.33,3.26,3.28,329411
2010-09-15/00:00:00,3.29,3.32,3.22,3.26,605803
2010-09-16/00:00:00,3.26,3.3,3.24,3.27,328828
2010-09-19/00:00:00,3.3,3.32,3.27,3.29,212809
2010-09-20/00:00:00,3.33,3.39,3.3,3.34,714532
2010-09-21/00:00:00,3.36,3.42,3.33,3.38,716629
2010-09-22/00:00:00,3.34,3.4,3.34,3.37,190793
2010-09-23/00:00:00,3.35,3.43,3.34,3.39,798424
2010-09-26/00:00:00,3.39,3.43,3.37,3.4,481193
2010-09-27/00:00:00,3.4,3.42,3.34,3.38,308996
2010-09-28/00:00:00,3.34,3.42,3.34,3.4,605392
2010-09-29/00:00:00,3.42,3.57,3.42,3.5,3677220
2010-09-30/00:00:00,3.5,3.65,3.44,3.55,3103127
2010-10-03/00:00:00,3.67,3.73,3.62,3.67,3205212
2010-10-04/00:00:00,3.67,3.72,3.63,3.67,1477949
2010-10-05/00:00:00,3.68,3.68,3.53,3.57,1936211
2010-10-07/00:00:00,3.61,3.62,3.52,3.57,1074709
2010-10-10/00:00:00,3.59,3.59,3.52,3.55,602916
2010-10-11/00:00:00,3.54,3.57,3.47,3.5,742860
2010-10-12/00:00:00,3.47,3.57,3.47,3.52,689600
2010-10-13/00:00:00,3.59,3.61,3.54,3.57,843336
2010-10-14/00:00:00,3.6,3.72,3.55,3.64,1818650
2010-10-18/00:00:00,3.64,3.68,3.56,3.61,786287
2010-10-19/00:00:00,3.57,3.63,3.52,3.56,663716
2010-10-20/00:00:00,3.49,3.53,3.43,3.48,732076
2010-10-21/00:00:00,3.52,3.6,3.48,3.53,811918
2010-10-24/00:00:00,3.6,3.65,3.54,3.6,711589
2010-10-25/00:00:00,3.59,3.63,3.55,3.59,711377
2010-10-26/00:00:00,3.6,3.64,3.52,3.58,1060326
2010-10-27/00:00:00,3.54,3.55,3.42,3.47,776005
2010-10-28/00:00:00,3.47,3.53,3.42,3.47,753646
2010-10-31/00:00:00,3.47,3.47,3.36,3.42,511662
2010-11-01/00:00:00,3.42,3.42,3.27,3.34,481894
2010-11-02/00:00:00,3.36,3.38,3.31,3.34,507521
2010-11-03/00:00:00,3.34,3.41,3.34,3.38,133984
2010-11-04/00:00:00,3.42,3.45,3.34,3.4,479581
2010-11-07/00:00:00,3.44,3.45,3.37,3.42,326352
2010-11-08/00:00:00,3.43,3.43,3.32,3.34,495730
2010-11-09/00:00:00,3.32,3.35,3.29,3.33,260341
2010-11-10/00:00:00,3.32,3.38,3.26,3.3,814644
2010-11-11/00:00:00,3.24,3.28,3.23,3.26,497321
2010-11-14/00:00:00,3.26,3.27,3.26,3.26,59351
2010-11-18/00:00:00,3.27,3.31,3.26,3.27,142588
2010-11-21/00:00:00,3.34,3.38,3.32,3.35,615064
2010-11-22/00:00:00,3.36,3.39,3.34,3.37,273334
2010-11-23/00:00:00,3.33,3.37,3.27,3.33,138496
2010-11-24/00:00:00,3.33,3.35,3.3,3.33,177257
2010-11-25/00:00:00,3.34,3.35,3.32,3.34,229834
2010-11-28/00:00:00,3.34,3.36,3.33,3.34,122039
2010-11-29/00:00:00,3.37,3.47,3.34,3.42,1885586
2010-11-30/00:00:00,3.42,3.52,3.37,3.46,1847981
2010-12-01/00:00:00,3.46,3.71,3.46,3.62,4466352
2010-12-02/00:00:00,3.7,3.71,3.49,3.58,1523354
2010-12-06/00:00:00,3.52,3.8,3.52,3.69,4794197
2010-12-08/00:00:00,3.8,3.87,3.72,3.81,3596776
2010-12-12/00:00:00,3.73,3.96,3.73,3.85,3050790
2010-12-13/00:00:00,3.87,3.88,3.8,3.86,2279470
2010-12-14/00:00:00,3.87,4.12,3.87,4.03,5706954
2010-12-15/00:00:00,4.15,4.37,4.08,4.25,5907979
2010-12-16/00:00:00,4.22,4.27,4.05,4.18,4469192
2010-12-19/00:00:00,4.12,4.18,3.98,4.07,1736624
2010-12-20/00:00:00,3.98,4.12,3.92,4.02,1398665
2010-12-21/00:00:00,4.04,4.13,3.97,4.04,1775165
2010-12-22/00:00:00,4.03,4.05,3.91,3.97,664348
2010-12-23/00:00:00,3.96,4.03,3.87,3.94,1063894
2010-12-26/00:00:00,3.96,3.96,3.82,3.87,656066
2010-12-27/00:00:00,3.91,4.01,3.9,3.95,1037719
2010-12-28/00:00:00,3.92,4.03,3.92,3.97,694207
2010-12-29/00:00:00,4.01,4.04,3.97,4.02,1335212
2010-12-30/00:00:00,4.05,4.2,3.99,4.11,2449919
2011-01-02/00:00:00,4.14,4.34,4.07,4.22,3115019
2011-01-03/00:00:00,4.36,4.42,4.26,4.33,2225662
2011-01-04/00:00:00,4.32,4.39,4.25,4.32,2146988
2011-01-05/00:00:00,4.31,4.54,4.27,4.42,4663505
2011-01-06/00:00:00,4.47,4.6,4.47,4.55,2949564
2011-01-10/00:00:00,4.59,4.62,4.41,4.48,2124936
2011-01-11/00:00:00,4.48,4.49,4.35,4.41,1649420
2011-01-12/00:00:00,4.44,4.47,4.27,4.34,1638600
2011-01-13/00:00:00,4.32,4.37,4.28,4.32,1586662
2011-01-16/00:00:00,4.31,4.32,4.18,4.23,2202059
2011-01-17/00:00:00,4.27,4.27,3.86,4.04,2201940
2011-01-18/00:00:00,4.08,4.08,3.58,3.85,2784811
2011-01-19/00:00:00,3.72,3.83,3.63,3.72,1574406
2011-01-20/00:00:00,3.7,3.8,3.68,3.75,1411769
2011-01-23/00:00:00,3.73,3.75,3.58,3.65,1236287
2011-01-24/00:00:00,3.65,3.78,3.63,3.72,2061754
2011-01-26/00:00:00,3.61,3.61,3.15,3.38,1580128
2011-01-27/00:00:00,3.18,3.19,2.58,2.87,870550
2011-03-24/00:00:00,2.58,3.1,2.58,2.86,520982
2011-03-27/00:00:00,3.11,3.14,2.92,3.09,471102
2011-03-28/00:00:00,3.4,3.4,2.9,3.0,394208
2011-03-29/00:00:00,3.0,3.1,2.96,3.03,397146
2011-03-30/00:00:00,3.16,3.17,3.01,3.05,217282
2011-03-31/00:00:00,3.01,3.08,3.0,3.04,194770
2011-04-03/00:00:00,3.05,3.21,3.03,3.15,745837
2011-04-04/00:00:00,3.24,3.24,3.08,3.11,308734
2011-04-05/00:00:00,3.17,3.17,3.04,3.1,631285
2011-04-06/00:00:00,3.11,3.17,3.07,3.12,494116
2011-04-07/00:00:00,3.08,3.08,2.97,3.01,858859
2011-04-10/00:00:00,3.01,3.01,2.87,2.91,588001
2011-04-11/00:00:00,2.89,2.97,2.77,2.82,920514
2011-04-12/00:00:00,2.82,2.87,2.72,2.79,979673
2011-04-13/00:00:00,2.88,2.96,2.86,2.92,641658
2011-04-14/00:00:00,2.93,3.0,2.87,2.95,837388
2011-04-17/00:00:00,2.97,3.02,2.85,2.95,619405
2011-04-18/00:00:00,2.86,2.87,2.77,2.82,521332
2011-04-19/00:00:00,2.87,2.89,2.82,2.83,467305
2011-04-20/00:00:00,2.82,2.82,2.74,2.77,438612
2011-04-21/00:00:00,2.77,2.82,2.76,2.77,357850
2011-04-26/00:00:00,2.77,2.82,2.76,2.77,246217
2011-04-27/00:00:00,2.77,2.78,2.72,2.75,231736
2011-04-28/00:00:00,2.75,2.81,2.73,2.78,382708
2011-05-02/00:00:00,2.82,2.89,2.82,2.84,390686
2011-05-03/00:00:00,2.84,2.87,2.8,2.82,361657
2011-05-04/00:00:00,2.83,2.83,2.73,2.77,425964
2011-05-05/00:00:00,2.77,2.77,2.7,2.74,495199
2011-05-08/00:00:00,2.7,2.72,2.55,2.66,266311
2011-05-09/00:00:00,2.68,2.72,2.66,2.69,325856
2011-05-10/00:00:00,2.71,2.72,2.66,2.7,154805
2011-05-11/00:00:00,2.73,2.73,2.69,2.72,477073
2011-05-12/00:00:00,2.71,2.77,2.68,2.74,916398
2011-05-15/00:00:00,2.75,2.8,2.74,2.77,772242
2011-05-16/00:00:00,2.77,2.77,2.7,2.73,803856
2011-05-17/00:00:00,2.77,2.77,2.72,2.73,437592
2011-05-18/00:00:00,2.74,2.86,2.72,2.8,1637888
2011-05-19/00:00:00,2.83,2.89,2.82,2.84,424997
2011-05-22/00:00:00,2.87,2.9,2.82,2.85,585744
2011-05-23/00:00:00,2.85,2.86,2.77,2.8,4649610
2011-05-24/00:00:00,2.79,2.8,2.73,2.76,448279
2011-05-25/00:00:00,2.73,2.8,2.72,2.74,341344
2011-05-26/00:00:00,2.77,2.77,2.73,2.76,253070
2011-05-29/00:00:00,2.8,2.83,2.77,2.82,828928
2011-05-30/00:00:00,2.81,2.83,2.79,2.81,477834
2011-05-31/00:00:00,2.78,2.82,2.76,2.79,946192
2011-06-01/00:00:00,2.8,2.82,2.77,2.79,538922
2011-06-02/00:00:00,2.77,2.77,2.7,2.73,525762
2011-06-05/00:00:00,2.75,2.81,2.74,2.77,367523
2011-06-06/00:00:00,2.75,2.91,2.73,2.86,1700711
2011-06-07/00:00:00,2.83,2.98,2.83,2.92,2409374
2011-06-08/00:00:00,2.92,2.96,2.89,2.93,1043710
2011-06-09/00:00:00,2.96,2.97,2.87,2.9,878550
2011-06-12/00:00:00,2.89,2.91,2.85,2.88,370750
2011-06-13/00:00:00,2.91,3.03,2.89,2.98,1844149
2011-06-14/00:00:00,3.0,3.06,2.97,3.02,1271243
2011-06-15/00:00:00,3.04,3.04,2.94,2.97,853746
2011-06-16/00:00:00,2.93,3.03,2.93,3.0,855884
2011-06-19/00:00:00,3.0,3.18,2.97,3.07,2455668
2011-06-20/00:00:00,3.17,3.26,3.11,3.19,2259455
2011-06-21/00:00:00,3.17,3.2,3.08,3.12,1125503
2011-06-22/00:00:00,3.08,3.15,3.0,3.07,559066
2011-06-23/00:00:00,3.01,3.16,3.01,3.1,1821913
2011-06-26/00:00:00,3.15,3.17,3.02,3.08,565931
2011-06-27/00:00:00,3.01,3.11,3.01,3.07,580229
2011-06-28/00:00:00,3.11,3.11,3.02,3.07,821386
2011-06-29/00:00:00,3.01,3.05,2.83,2.91,1449770
2011-06-30/00:00:00,2.86,2.95,2.85,2.91,978846
2011-07-03/00:00:00,2.97,3.0,2.93,2.97,803720
2011-07-04/00:00:00,2.94,2.96,2.91,2.93,365488
2011-07-05/00:00:00,2.91,2.96,2.87,2.9,432332
2011-07-06/00:00:00,2.87,2.88,2.79,2.82,682854
2011-07-07/00:00:00,2.8,2.87,2.77,2.82,709019
2011-07-10/00:00:00,2.82,2.87,2.76,2.79,793616
2011-07-11/00:00:00,2.77,2.8,2.7,2.73,581884
2011-07-12/00:00:00,2.72,2.74,2.63,2.69,667768
2011-07-13/00:00:00,2.75,2.8,2.72,2.76,533705
2011-07-14/00:00:00,2.75,2.81,2.73,2.77,604045
2011-07-17/00:00:00,2.82,2.9,2.8,2.86,639780
2011-07-18/00:00:00,2.83,2.88,2.81,2.82,416995
2011-07-19/00:00:00,2.8,2.83,2.77,2.8,341935
2011-07-20/00:00:00,2.82,2.82,2.77,2.8,285743
2011-07-21/00:00:00,2.77,2.8,2.75,2.77,327527
2011-07-25/00:00:00,2.73,2.77,2.7,2.73,353744
2011-07-26/00:00:00,2.73,2.77,2.72,2.73,282029
2011-07-27/00:00:00,2.72,2.74,2.7,2.71,233838
2011-07-28/00:00:00,2.69,2.74,2.69,2.72,163267
2011-07-31/00:00:00,2.72,2.82,2.72,2.77,551834
2011-08-01/00:00:00,2.8,2.8,2.74,2.77,196216
2011-08-02/00:00:00,2.74,2.75,2.71,2.73,143419
2011-08-03/00:00:00,2.71,2.77,2.7,2.72,83762
2011-08-04/00:00:00,2.73,2.75,2.71,2.72,277802
2011-08-07/00:00:00,2.72,2.72,2.63,2.65,459941
2011-08-08/00:00:00,2.65,2.67,2.57,2.62,507740
2011-08-09/00:00:00,2.52,2.57,2.39,2.49,257708
2011-08-10/00:00:00,2.62,2.62,2.57,2.57,187666
2011-08-11/00:00:00,2.57,2.57,2.47,2.5,317411
2011-08-14/00:00:00,2.54,2.57,2.49,2.53,261110
2011-08-15/00:00:00,2.53,2.53,2.49,2.5,89572
2011-08-16/00:00:00,2.52,2.52,2.47,2.48,149915
2011-08-17/00:00:00,2.51,2.56,2.49,2.52,192296
2011-08-18/00:00:00,2.52,2.52,2.48,2.49,162786
2011-08-21/00:00:00,2.47,2.47,2.39,2.42,130886
2011-08-22/00:00:00,2.44,2.5,2.42,2.47,461758
2011-08-23/00:00:00,2.47,2.52,2.47,2.49,81373
2011-08-24/00:00:00,2.52,2.62,2.49,2.57,401904
2011-08-25/00:00:00,2.57,2.6,2.56,2.57,286115
2011-08-28/00:00:00,2.57,2.57,2.51,2.53,151993
2011-08-29/00:00:00,2.53,2.57,2.52,2.56,114456
2011-09-04/00:00:00,2.57,2.57,2.52,2.55,97913
2011-09-05/00:00:00,2.57,2.57,2.54,2.57,257038
2011-09-06/00:00:00,2.57,2.65,2.57,2.61,346454
2011-09-07/00:00:00,2.61,2.62,2.55,2.57,236930
2011-09-08/00:00:00,2.58,2.65,2.57,2.61,237340
2011-09-11/00:00:00,2.57,2.58,2.54,2.56,264740
2011-09-12/00:00:00,2.57,2.57,2.51,2.53,142306
2011-09-13/00:00:00,2.52,2.53,2.44,2.48,250852
2011-09-14/00:00:00,2.49,2.49,2.4,2.42,286216
2011-09-15/00:00:00,2.44,2.44,2.29,2.39,523130
2011-09-18/00:00:00,2.34,2.37,2.29,2.33,191228
2011-09-19/00:00:00,2.34,2.39,2.32,2.36,182814
2011-09-20/00:00:00,2.33,2.38,2.3,2.32,220666
2011-09-21/00:00:00,2.34,2.34,2.28,2.3,133354
2011-09-22/00:00:00,2.29,2.32,2.26,2.28,151262
2011-09-25/00:00:00,2.29,2.29,2.14,2.19,294984
2011-09-26/00:00:00,2.2,2.22,2.14,2.18,310396
2011-09-27/00:00:00,2.22,2.22,2.08,2.14,333894
2011-09-28/00:00:00,2.07,2.09,1.96,2.04,512706
2011-09-29/00:00:00,2.07,2.1,2.02,2.07,199265
2011-10-02/00:00:00,2.06,2.12,2.04,2.06,407662
2011-10-03/00:00:00,2.02,2.04,2.01,2.02,53371
2011-10-04/00:00:00,1.98,2.04,1.97,2.0,109759
2011-10-05/00:00:00,1.98,2.0,1.92,1.96,165653
2011-10-09/00:00:00,1.97,2.03,1.93,1.98,197418
2011-10-10/00:00:00,1.94,1.95,1.87,1.92,159056
2011-10-11/00:00:00,1.98,2.0,1.94,1.96,166736
2011-10-12/00:00:00,1.97,1.99,1.93,1.96,185407
2011-10-13/00:00:00,1.95,2.01,1.95,1.99,278315
2011-10-16/00:00:00,1.96,2.16,1.96,2.1,672026
2011-10-17/00:00:00,2.12,2.22,2.12,2.17,746338
2011-10-18/00:00:00,2.12,2.19,2.09,2.12,471953
2011-10-19/00:00:00,2.19,2.2,2.12,2.15,305276
2011-10-20/00:00:00,2.12,2.16,2.11,2.12,389580
2011-10-23/00:00:00,2.12,2.22,2.12,2.18,494870
2011-10-24/00:00:00,2.17,2.2,2.12,2.17,299633
2011-10-25/00:00:00,2.17,2.18,2.12,2.15,333971
2011-10-26/00:00:00,2.12,2.15,2.12,2.12,136852
2011-10-27/00:00:00,2.15,2.16,2.12,2.14,142196
2011-10-30/00:00:00,2.13,2.19,2.12,2.17,285730
2011-10-31/00:00:00,2.17,2.18,2.12,2.14,229222
2011-11-01/00:00:00,2.13,2.15,2.12,2.12,144361
2011-11-02/00:00:00,2.14,2.16,2.12,2.14,215150
2011-11-03/00:00:00,2.16,2.18,2.16,2.17,489937
2011-11-09/00:00:00,2.17,2.19,2.13,2.15,123048
2011-11-10/00:00:00,2.13,2.14,2.12,2.12,160405
2011-11-13/00:00:00,2.13,2.13,2.01,2.06,446520
2011-11-14/00:00:00,1.97,2.0,1.96,1.97,166070
2011-11-15/00:00:00,2.03,2.03,1.97,2.0,126100
2011-11-16/00:00:00,1.97,2.02,1.97,2.0,60996
2011-11-17/00:00:00,1.96,2.07,1.96,2.03,241193
2011-11-20/00:00:00,1.97,2.01,1.94,1.96,5186436
2011-11-21/00:00:00,1.96,1.98,1.83,1.91,284130
2011-11-22/00:00:00,1.84,1.89,1.76,1.84,139025
2011-11-23/00:00:00,1.79,1.91,1.78,1.86,69004
2011-11-24/00:00:00,1.88,1.94,1.87,1.9,147331
2011-11-29/00:00:00,1.94,2.09,1.94,2.07,369595
2011-11-30/00:00:00,2.07,2.12,2.06,2.07,249647
2011-12-01/00:00:00,2.12,2.17,2.1,2.13,519907
2011-12-04/00:00:00,2.12,2.15,2.07,2.1,260246
2011-12-05/00:00:00,2.06,2.12,2.05,2.1,184430
2011-12-06/00:00:00,2.12,2.14,2.11,2.12,211204
2011-12-07/00:00:00,2.13,2.33,2.13,2.25,1601651
2011-12-08/00:00:00,2.3,2.37,2.26,2.32,685069
2011-12-11/00:00:00,2.32,2.47,2.27,2.39,1399763
2011-12-12/00:00:00,2.42,2.42,2.27,2.33,792690
2011-12-13/00:00:00,2.28,2.43,2.28,2.37,957454
2011-12-14/00:00:00,2.37,2.49,2.36,2.43,825506
2011-12-15/00:00:00,2.4,2.42,2.35,2.37,466594
2011-12-18/00:00:00,2.28,2.34,2.22,2.29,621608
2011-12-19/00:00:00,2.31,2.35,2.3,2.32,365275
2011-12-20/00:00:00,2.3,2.3,2.15,2.22,588935
2011-12-21/00:00:00,2.26,2.26,2.12,2.17,486527
2011-12-22/00:00:00,2.12,2.28,2.03,2.16,969431
2011-12-25/00:00:00,2.3,2.34,2.23,2.29,471589
2011-12-26/00:00:00,2.26,2.43,2.22,2.34,1262994
2011-12-27/00:00:00,2.36,2.51,2.36,2.43,1139831
2011-12-28/00:00:00,2.36,2.42,2.3,2.37,831365
2011-12-29/00:00:00,2.42,2.44,2.38,2.42,465144
2012-01-02/00:00:00,2.42,2.47,2.34,2.39,935035
2012-01-03/00:00:00,2.34,2.42,2.32,2.37,340255
2012-01-04/00:00:00,2.37,2.39,2.31,2.34,326504
2012-01-05/00:00:00,2.32,2.34,2.3,2.32,197384
2012-01-09/00:00:00,2.3,2.34,2.26,2.3,286546
2012-01-10/00:00:00,2.32,2.4,2.32,2.37,522761
2012-01-11/00:00:00,2.38,2.4,2.32,2.35,308436
2012-01-12/00:00:00,2.32,2.39,2.32,2.35,463152
2012-01-15/00:00:00,2.35,2.52,2.34,2.46,1358623
2012-01-16/00:00:00,2.51,2.6,2.47,2.53,1467004
2012-01-17/00:00:00,2.47,2.57,2.45,2.52,931378
2012-01-18/00:00:00,2.49,2.51,2.42,2.46,592969
2012-01-19/00:00:00,2.42,2.47,2.37,2.41,573125
2012-01-22/00:00:00,2.42,2.49,2.39,2.43,305119
2012-01-23/00:00:00,2.45,2.47,2.42,2.43,86240
2012-01-24/00:00:00,2.46,2.52,2.44,2.48,423540
2012-01-26/00:00:00,2.53,2.65,2.52,2.6,951245
2012-01-29/00:00:00,2.62,2.63,2.53,2.57,434959
2012-01-30/00:00:00,2.57,2.62,2.53,2.57,244322
2012-01-31/00:00:00,2.57,2.64,2.57,2.61,576322
2012-02-01/00:00:00,2.65,2.65,2.57,2.59,293180
2012-02-02/00:00:00,2.51,2.52,2.44,2.47,6468020
2012-02-06/00:00:00,2.42,2.54,2.42,2.49,183768
2012-02-07/00:00:00,2.49,2.54,2.45,2.49,511109
2012-02-08/00:00:00,2.49,2.57,2.49,2.53,363277
2012-02-09/00:00:00,2.56,2.58,2.49,2.53,369359
2012-02-12/00:00:00,2.57,2.71,2.54,2.65,817054
2012-02-13/00:00:00,2.72,2.77,2.66,2.72,752486
2012-02-14/00:00:00,2.73,2.82,2.65,2.72,1594208
2012-02-15/00:00:00,2.72,2.74,2.65,2.69,454297
2012-02-16/00:00:00,2.64,2.79,2.63,2.73,784259
2012-02-19/00:00:00,2.77,2.85,2.77,2.81,999514
2012-02-20/00:00:00,2.87,2.87,2.73,2.77,724784
2012-02-21/00:00:00,2.72,2.75,2.65,2.69,435994
2012-02-22/00:00:00,2.65,2.74,2.62,2.65,350557
2012-02-23/00:00:00,2.72,2.77,2.7,2.73,478183
2012-02-26/00:00:00,2.79,3.01,2.73,2.92,3294096
2012-02-27/00:00:00,3.08,3.11,2.94,3.02,1979834
2012-02-28/00:00:00,2.97,3.02,2.92,2.96,924276
2012-02-29/00:00:00,3.01,3.04,2.94,2.99,997858
2012-03-01/00:00:00,3.02,3.04,2.96,3.0,561425
2012-03-04/00:00:00,2.97,2.99,2.86,2.92,902710
2012-03-05/00:00:00,2.86,2.97,2.86,2.92,634884
2012-03-06/00:00:00,2.97,3.05,2.94,3.0,1994165
2012-03-07/00:00:00,2.98,3.04,2.92,3.0,1323479
2012-03-08/00:00:00,2.91,2.99,2.86,2.91,504205
2012-03-11/00:00:00,2.88,2.95,2.76,2.81,1043946
2012-03-12/00:00:00,2.77,2.82,2.67,2.73,1208195
2012-03-13/00:00:00,2.74,2.79,2.67,2.72,842192
2012-03-14/00:00:00,2.72,2.82,2.67,2.77,706999
2012-03-15/00:00:00,2.77,2.84,2.73,2.77,363246
2012-03-18/00:00:00,2.77,2.8,2.69,2.73,719344
2012-03-19/00:00:00,2.73,2.82,2.7,2.74,692306
2012-03-20/00:00:00,2.74,2.81,2.7,2.77,890632
2012-03-21/00:00:00,2.77,2.92,2.77,2.87,983731
2012-03-22/00:00:00,2.87,2.86,2.78,2.82,417352
2012-03-25/00:00:00,2.82,2.77,2.65,2.7,702841
2012-03-26/00:00:00,2.7,2.69,2.57,2.63,453962
2012-03-27/00:00:00,2.63,2.72,2.52,2.61,635816
2012-03-28/00:00:00,2.61,2.69,2.54,2.63,362538
2012-03-29/00:00:00,2.63,2.63,2.57,2.61,312259
2012-04-01/00:00:00,2.61,2.57,2.47,2.52,458053
2012-04-02/00:00:00,2.52,2.57,2.47,2.5,313267
2012-04-03/00:00:00,2.5,2.57,2.47,2.52,160530
2012-04-04/00:00:00,2.52,2.55,2.39,2.44,362017
2012-04-05/00:00:00,2.44,2.47,2.41,2.42,119650
2012-04-08/00:00:00,2.42,2.49,2.34,2.38,228530
2012-04-09/00:00:00,2.38,2.39,2.25,2.3,281928
2012-04-10/00:00:00,2.3,2.35,2.26,2.3,292482
2012-04-11/00:00:00,2.3,2.39,2.3,2.36,127366
2012-04-12/00:00:00,2.36,2.41,2.32,2.35,224125
2012-04-17/00:00:00,2.35,2.39,2.27,2.34,36134
2012-04-18/00:00:00,2.34,2.35,2.28,2.31,44808
2012-04-19/00:00:00,2.31,2.39,2.31,2.36,155020
2012-04-22/00:00:00,2.36,2.5,2.36,2.46,406270
2012-04-23/00:00:00,2.46,2.53,2.45,2.49,345808
2012-04-24/00:00:00,2.49,2.51,2.41,2.43,607792
2012-04-26/00:00:00,2.43,2.49,2.4,2.47,189869
2012-04-29/00:00:00,2.47,2.45,2.4,2.42,221254
2012-04-30/00:00:00,2.42,2.45,2.38,2.4,343207
2012-05-02/00:00:00,2.4,2.39,2.28,2.32,278466
2012-05-03/00:00:00,2.32,2.36,2.27,2.34,58716
2012-05-06/00:00:00,2.34,2.42,2.28,2.34,228776
2012-05-07/00:00:00,2.34,2.39,2.34,2.37,69744
2012-05-08/00:00:00,2.37,2.44,2.37,2.39,106950
2012-05-09/00:00:00,2.39,2.45,2.37,2.42,169604
2012-05-10/00:00:00,2.42,2.42,2.39,2.42,26240
2012-05-13/00:00:00,2.42,2.49,2.42,2.47,157622
2012-05-14/00:00:00,2.47,2.47,2.42,2.42,251
2012-05-15/00:00:00,2.42,2.42,2.34,2.37,464869
2012-05-16/00:00:00,2.37,2.37,2.31,2.34,174360
2012-05-17/00:00:00,2.34,2.32,2.27,2.29,40796
2012-05-20/00:00:00,2.29,2.34,2.26,2.3,32465
2012-05-21/00:00:00,2.3,2.39,2.33,2.37,71599
2012-05-22/00:00:00,2.37,2.4,2.34,2.35,70145
2012-05-23/00:00:00,2.35,2.44,2.34,2.42,173956
2012-05-24/00:00:00,2.42,2.52,2.36,2.47,255796
2012-05-27/00:00:00,2.47,2.43,2.32,2.38,188539
2012-05-28/00:00:00,2.38,2.39,2.3,2.34,101377
2012-05-29/00:00:00,2.34,2.35,2.29,2.34,50033
2012-05-30/00:00:00,2.34,2.35,2.29,2.32,112640
2012-05-31/00:00:00,2.32,2.37,2.3,2.34,85354
2012-06-03/00:00:00,2.34,2.32,2.16,2.28,30065
2012-06-04/00:00:00,2.28,2.29,2.27,2.28,54713
2012-06-05/00:00:00,2.28,2.27,2.15,2.19,116514
2012-06-06/00:00:00,2.19,2.31,2.14,2.21,127919
2012-06-07/00:00:00,2.21,2.32,2.21,2.27,15950
2012-06-10/00:00:00,2.27,2.27,2.22,2.27,22765
2012-06-11/00:00:00,2.27,2.28,2.18,2.23,78283
2012-06-12/00:00:00,2.23,2.34,2.26,2.32,108406
2012-06-13/00:00:00,2.32,2.28,2.22,2.26,34039
2012-06-14/00:00:00,2.26,2.28,2.22,2.24,152251
2012-06-18/00:00:00,2.24,2.25,2.17,2.2,46840
2012-06-19/00:00:00,2.2,2.3,2.12,2.22,205019
2012-06-20/00:00:00,2.22,2.33,2.21,2.27,164783
2012-06-21/00:00:00,2.27,2.28,2.22,2.27,111217
2012-06-24/00:00:00,2.27,2.35,2.27,2.29,158273
2012-06-25/00:00:00,2.29,2.52,2.42,2.5,306791
2012-06-26/00:00:00,2.5,2.55,2.42,2.5,261112
2012-06-27/00:00:00,2.5,2.57,2.49,2.52,228576
2012-06-28/00:00:00,2.52,2.57,2.49,2.54,350900
2012-07-02/00:00:00,2.54,2.72,2.59,2.65,379775
2012-07-03/00:00:00,2.65,2.73,2.6,2.68,437110
2012-07-04/00:00:00,2.68,2.7,2.64,2.66,191656
2012-07-05/00:00:00,2.66,2.7,2.65,2.66,236976
2012-07-08/00:00:00,2.66,2.73,2.59,2.62,175416
2012-07-09/00:00:00,2.62,2.62,2.46,2.55,260750
2012-07-10/00:00:00,2.55,2.63,2.53,2.57,91075
2012-07-11/00:00:00,2.57,2.82,2.58,2.78,1458185
2012-07-12/00:00:00,2.78,2.87,2.75,2.8,822736
2012-07-15/00:00:00,2.8,2.7,2.61,2.65,790162
2012-07-16/00:00:00,2.65,2.72,2.64,2.67,136418
2012-07-17/00:00:00,2.67,2.73,2.65,2.69,335534
2012-07-18/00:00:00,2.69,2.76,2.66,2.72,212779
2012-07-19/00:00:00,2.72,2.77,2.72,2.74,183272
2012-07-22/00:00:00,2.74,2.75,2.7,2.72,78197
2012-07-24/00:00:00,2.72,2.72,2.63,2.65,348562
2012-07-25/00:00:00,2.65,2.72,2.63,2.67,158306
2012-07-26/00:00:00,2.67,2.7,2.65,2.66,187456
2012-07-29/00:00:00,2.66,2.71,2.67,2.69,77574
2012-07-30/00:00:00,2.69,2.8,2.67,2.74,498516
2012-07-31/00:00:00,2.74,2.79,2.73,2.76,189840
2012-08-01/00:00:00,2.76,2.78,2.73,2.77,220493
2012-08-02/00:00:00,2.77,2.76,2.7,2.71,355620
2012-08-05/00:00:00,2.71,2.77,2.72,2.72,82490
2012-08-06/00:00:00,2.72,2.75,2.68,2.72,135568
2012-08-07/00:00:00,2.72,2.78,2.73,2.77,309406
2012-08-08/00:00:00,2.77,2.77,2.7,2.72,183061
2012-08-09/00:00:00,2.72,2.72,2.66,2.7,111361
2012-08-12/00:00:00,2.7,2.76,2.65,2.68,291358
2012-08-13/00:00:00,2.68,2.73,2.65,2.7,98315
2012-08-14/00:00:00,2.7,2.71,2.67,2.7,127390
2012-08-15/00:00:00,2.7,2.72,2.66,2.7,61346
2012-08-16/00:00:00,2.7,2.87,2.73,2.82,1624961
2012-08-21/00:00:00,2.82,3.01,2.8,2.93,880786
2012-08-22/00:00:00,2.93,2.97,2.87,2.92,667759
2012-08-23/00:00:00,2.92,2.99,2.91,2.96,580567
2012-08-26/00:00:00,2.96,3.13,2.97,3.06,1961418
2012-08-27/00:00:00,3.06,3.18,3.08,3.15,1894626
2012-08-28/00:00:00,3.15,3.22,3.09,3.16,1418872
2012-08-29/00:00:00,3.16,3.21,3.08,3.12,991831
2012-08-30/00:00:00,3.12,3.27,3.11,3.21,1846028
2012-09-02/00:00:00,3.21,3.52,3.27,3.44,2524273
2012-09-03/00:00:00,3.44,3.78,3.47,3.67,2509274
2012-09-04/00:00:00,3.67,3.84,3.67,3.73,2112293
2012-09-05/00:00:00,3.73,3.77,3.64,3.7,1431948
2012-09-06/00:00:00,3.7,3.75,3.64,3.69,739049
2012-09-09/00:00:00,3.69,3.72,3.57,3.64,762982
2012-09-10/00:00:00,3.64,3.78,3.52,3.7,1438310
2012-09-11/00:00:00,3.7,3.84,3.71,3.78,1195153
2012-09-12/00:00:00,3.78,3.8,3.6,3.69,1036699
2012-09-13/00:00:00,3.69,3.72,3.55,3.65,849560
2012-09-16/00:00:00,3.65,3.99,3.72,3.87,2605951
2012-09-17/00:00:00,3.87,4.01,3.8,3.92,1799828
2012-09-18/00:00:00,3.92,3.94,3.8,3.87,629436
2012-09-19/00:00:00,3.87,4.08,3.8,3.91,1535004
2012-09-20/00:00:00,3.91,3.87,3.7,3.78,737878
2012-09-23/00:00:00,3.78,3.86,3.65,3.72,692876
2012-09-24/00:00:00,3.72,3.8,3.64,3.77,864916
2012-09-25/00:00:00,3.77,3.93,3.39,3.86,1262153
2012-09-26/00:00:00,3.86,3.91,3.76,3.84,783755
2012-09-27/00:00:00,3.84,4.06,3.79,3.93,2394085
2012-09-30/00:00:00,3.93,4.01,3.81,3.89,915815
2012-10-01/00:00:00,3.89,3.91,3.52,3.72,2071846
2012-10-02/00:00:00,3.72,3.7,3.43,3.6,962198
2012-10-03/00:00:00,3.6,3.62,3.46,3.54,949691
2012-10-04/00:00:00,3.54,3.7,3.55,3.64,1302070
2012-10-08/00:00:00,3.64,3.69,3.49,3.57,992170
2012-10-09/00:00:00,3.57,3.67,3.49,3.61,894484
2012-10-10/00:00:00,3.61,3.87,3.64,3.78,2799168
2012-10-11/00:00:00,3.78,4.14,3.74,4.0,3522769
2012-10-14/00:00:00,4.0,4.11,3.91,4.02,1823395
2012-10-15/00:00:00,4.02,4.14,3.81,4.01,1707690
2012-10-16/00:00:00,4.01,4.24,3.96,4.11,2327810
2012-10-17/00:00:00,4.11,4.33,4.16,4.27,2486142
2012-10-18/00:00:00,4.27,4.37,4.23,4.3,2307856
2012-10-21/00:00:00,4.3,4.29,4.16,4.22,1755694
2012-10-22/00:00:00,4.22,4.3,4.17,4.23,796739
2012-10-23/00:00:00,4.23,4.29,4.12,4.22,871814
2012-10-24/00:00:00,4.22,4.33,4.15,4.28,914203
2012-10-29/00:00:00,4.28,4.42,4.27,4.37,1585916
2012-10-30/00:00:00,4.37,4.44,4.29,4.37,1723897
2012-10-31/00:00:00,4.37,4.38,4.22,4.27,907277
2012-11-01/00:00:00,4.27,4.29,4.07,4.15,1644012
2012-11-04/00:00:00,4.15,4.18,3.73,3.85,1387481
2012-11-05/00:00:00,3.85,4.02,3.73,3.87,1794827
2012-11-06/00:00:00,3.87,4.03,3.84,3.9,664789
2012-11-07/00:00:00,3.9,3.95,3.79,3.87,675074
2012-11-08/00:00:00,3.87,3.92,3.8,3.87,602764
2012-11-11/00:00:00,3.87,3.89,3.78,3.82,463004
2012-11-12/00:00:00,3.82,4.16,3.82,4.02,2397947
2012-11-13/00:00:00,4.02,4.18,4.07,4.12,443376
2012-11-14/00:00:00,4.12,4.27,4.04,4.17,1753444
2012-11-18/00:00:00,4.17,4.11,3.97,4.02,996520
2012-11-19/00:00:00,4.02,4.11,3.78,3.93,687564
2012-11-20/00:00:00,3.93,4.1,3.79,3.95,908617
2012-11-21/00:00:00,3.95,4.09,3.87,4.02,1057625
2012-11-22/00:00:00,4.02,4.21,3.97,4.09,1089352
2012-11-25/00:00:00,4.09,3.89,3.68,3.69,1311667
2012-11-26/00:00:00,3.69,3.87,3.54,3.72,593729
2012-11-27/00:00:00,3.72,3.82,3.67,3.78,465358
2012-11-28/00:00:00,3.78,3.77,3.55,3.64,436588
2012-11-29/00:00:00,3.64,3.73,3.55,3.67,405582
2012-12-02/00:00:00,3.67,3.83,3.71,3.77,293456
2012-12-03/00:00:00,3.77,3.77,3.68,3.72,420934
2012-12-04/00:00:00,3.72,3.87,3.72,3.8,552184
2012-12-05/00:00:00,3.8,3.88,3.73,3.83,539363
2012-12-06/00:00:00,3.83,3.77,3.63,3.69,267300
2012-12-09/00:00:00,3.69,3.87,3.72,3.72,207391
2012-12-10/00:00:00,3.77,3.84,3.73,3.8,344947
2012-12-11/00:00:00,3.79,3.84,3.78,3.81,187626
2012-12-12/00:00:00,3.81,4.02,3.82,3.95,597455
2012-12-13/00:00:00,3.95,4.06,3.8,3.93,1233080
2012-12-16/00:00:00,3.93,4.21,4.07,4.14,879662
2012-12-17/00:00:00,4.14,4.22,4.08,4.16,905864
2012-12-18/00:00:00,4.16,4.18,4.08,4.12,750847
2012-12-19/00:00:00,4.12,4.27,4.12,4.21,1307052
2012-12-20/00:00:00,4.21,4.62,4.19,4.51,4185802
2012-12-23/00:00:00,4.51,4.8,4.49,4.69,2002055
2012-12-24/00:00:00,4.69,5.16,4.65,5.0,2911799
2012-12-25/00:00:00,5.0,5.2,4.92,5.03,2908102
2012-12-26/00:00:00,5.03,5.38,4.82,5.06,2350633
2012-12-27/00:00:00,5.06,5.5,5.31,5.4,1195414
2012-12-30/00:00:00,5.4,5.42,5.16,5.26,1930630
2012-12-31/00:00:00,5.26,5.31,5.17,5.21,1333392
2013-01-02/00:00:00,5.21,5.33,5.11,5.19,2331377
2013-01-03/00:00:00,5.19,5.37,5.09,5.26,1628966
2013-01-06/00:00:00,5.26,5.32,5.14,5.18,1340813
2013-01-08/00:00:00,5.18,5.26,5.13,5.2,1421890
2013-01-09/00:00:00,5.2,5.3,5.15,5.21,1407402
2013-01-10/00:00:00,5.21,5.19,5.07,5.14,965225
2013-01-13/00:00:00,5.14,5.12,4.98,5.02,815468
2013-01-14/00:00:00,5.02,5.15,4.98,5.05,563539
2013-01-15/00:00:00,5.05,5.08,4.88,4.95,1069922
2013-01-16/00:00:00,4.95,4.97,4.82,4.91,540162
2013-01-17/00:00:00,4.91,4.99,4.75,4.84,869591
2013-01-20/00:00:00,4.84,4.84,4.62,4.7,756697
2013-01-21/00:00:00,4.7,4.72,4.56,4.65,355528
2013-01-22/00:00:00,4.65,4.82,4.72,4.78,501974
2013-01-23/00:00:00,4.78,4.84,4.73,4.8,291012
2013-01-27/00:00:00,4.8,5.27,4.32,4.72,430220
2013-01-28/00:00:00,4.72,4.71,4.53,4.58,360875
2013-01-29/00:00:00,4.58,4.56,4.33,4.41,694204
2013-01-30/00:00:00,4.41,4.56,4.45,4.49,261738
2013-01-31/00:00:00,4.49,4.67,4.42,4.58,724198
2013-02-03/00:00:00,4.58,4.93,4.64,4.8,1138986
2013-02-04/00:00:00,4.8,5.03,4.87,4.96,842546
2013-02-05/00:00:00,4.96,5.02,4.91,4.94,461359
2013-02-06/00:00:00,4.94,4.98,4.84,4.91,570503
2013-02-07/00:00:00,4.91,4.93,4.86,4.89,307968
2013-02-10/00:00:00,4.89,4.97,4.71,4.87,750104
2013-02-11/00:00:00,4.87,4.88,4.75,4.83,472108
2013-02-12/00:00:00,4.83,5.05,4.89,4.99,984544
2013-02-13/00:00:00,4.99,5.23,5.02,5.12,1863409
2013-02-14/00:00:00,5.12,5.17,5.04,5.1,979477
2013-02-17/00:00:00,5.1,5.22,5.1,5.17,1086139
2013-02-18/00:00:00,5.17,5.16,5.0,5.06,532915
2013-02-19/00:00:00,5.06,5.07,4.77,4.87,1186121
2013-02-20/00:00:00,4.87,4.92,4.73,4.82,810275
2013-02-21/00:00:00,4.82,4.86,4.75,4.79,528365
2013-02-24/00:00:00,4.79,4.84,4.68,4.74,357827
2013-02-25/00:00:00,4.74,4.82,4.71,4.77,468212
2013-02-26/00:00:00,4.77,4.82,4.73,4.78,318475
2013-02-27/00:00:00,4.78,4.83,4.72,4.77,229038
2013-02-28/00:00:00,4.77,4.78,4.72,4.74,264848
2013-03-03/00:00:00,4.74,4.73,4.62,4.68,288911
2013-03-04/00:00:00,4.68,4.63,4.3,4.43,638202
2013-03-05/00:00:00,4.43,4.45,4.3,4.34,193339
2013-03-06/00:00:00,4.34,4.41,4.26,4.33,255306
2013-03-07/00:00:00,4.33,4.52,4.36,4.44,395824
2013-03-10/00:00:00,4.44,4.53,4.41,4.48,297122
2013-03-11/00:00:00,4.48,4.59,4.49,4.56,291785
2013-03-12/00:00:00,4.56,4.62,4.52,4.56,233808
2013-03-13/00:00:00,4.56,4.52,4.45,4.48,284305
2013-03-14/00:00:00,4.48,4.56,4.41,4.49,442291
2013-03-17/00:00:00,4.49,4.67,4.56,4.59,500074
2013-03-18/00:00:00,4.59,4.6,4.4,4.56,252680
2013-03-19/00:00:00,4.56,4.75,4.58,4.67,495094
2013-03-20/00:00:00,4.67,4.6,4.52,4.56,455670
2013-03-21/00:00:00,4.56,4.6,4.54,4.57,151673
2013-03-24/00:00:00,4.57,4.64,4.54,4.57,200189
2013-03-25/00:00:00,4.57,4.76,4.58,4.67,429955
2013-03-26/00:00:00,4.67,4.71,4.57,4.64,335426
2013-03-27/00:00:00,4.64,4.71,4.61,4.65,206425
2013-03-28/00:00:00,4.65,4.77,4.69,4.73,418840
2013-03-31/00:00:00,4.73,4.71,4.52,4.62,196207
2013-04-01/00:00:00,4.62,4.59,4.49,4.54,297170
2013-04-02/00:00:00,4.54,4.61,4.52,4.56,149543
2013-04-03/00:00:00,4.56,4.62,4.38,4.47,165790
2013-04-04/00:00:00,4.47,4.56,4.48,4.52,279767
2013-04-07/00:00:00,4.52,4.56,4.48,4.5,69936
2013-04-08/00:00:00,4.5,4.59,4.48,4.55,186116
2013-04-09/00:00:00,4.55,4.65,4.51,4.58,157000
2013-04-10/00:00:00,4.58,4.67,4.55,4.63,228913
2013-04-11/00:00:00,4.63,5.08,4.63,4.91,1448293
2013-04-14/00:00:00,4.91,5.34,5.16,5.25,648275
2013-04-15/00:00:00,5.25,5.22,5.03,5.12,1194380
2013-04-16/00:00:00,5.12,5.18,5.08,5.15,391883
2013-04-17/00:00:00,5.15,5.12,4.93,5.02,453823
2013-04-18/00:00:00,5.02,5.09,4.94,5.03,236797
2013-04-21/00:00:00,5.03,5.13,5.0,5.03,150642
2013-04-22/00:00:00,5.03,5.04,4.95,4.99,62431
2013-04-23/00:00:00,4.99,5.16,4.98,5.04,203952
2013-04-24/00:00:00,5.04,5.03,4.95,4.99,105982
2013-04-28/00:00:00,4.99,5.06,4.95,4.99,186401
2013-04-29/00:00:00,4.99,5.12,4.98,5.02,183001
2013-04-30/00:00:00,5.02,5.04,4.95,4.99,178824
2013-05-02/00:00:00,4.99,5.07,4.97,5.02,230202
2013-05-07/00:00:00,5.02,5.19,5.02,5.16,965603
2013-05-08/00:00:00,5.16,5.65,5.18,5.43,3108452
2013-05-09/00:00:00,5.43,5.71,5.5,5.61,1259406
2013-05-12/00:00:00,5.61,5.82,5.57,5.69,1280668
2013-05-13/00:00:00,5.69,5.67,5.53,5.6,614353
2013-05-14/00:00:00,5.6,5.65,5.53,5.61,545237
2013-05-15/00:00:00,5.61,5.74,5.61,5.68,924979
2013-05-16/00:00:00,5.68,5.71,5.59,5.63,743704
2013-05-19/00:00:00,5.63,5.77,5.64,5.7,449695
2013-05-20/00:00:00,5.7,5.72,5.58,5.64,537580
2013-05-21/00:00:00,5.64,5.71,5.61,5.67,417400
2013-05-22/00:00:00,5.67,5.77,5.66,5.72,1099516
2013-05-23/00:00:00,5.72,5.71,5.61,5.64,314665
2013-05-26/00:00:00,5.64,5.67,5.54,5.58,378534
2013-05-27/00:00:00,5.58,5.62,5.43,5.55,456739
2013-05-28/00:00:00,5.55,5.67,5.54,5.62,596513
2013-05-29/00:00:00,5.62,5.57,5.38,5.47,1026554
2013-05-30/00:00:00,5.47,5.57,5.42,5.49,766146
2013-06-02/00:00:00,5.49,5.5,5.08,5.44,269171
2013-06-03/00:00:00,5.44,5.53,5.26,5.35,551339
2013-06-04/00:00:00,5.35,5.26,5.07,5.14,416065
2013-06-05/00:00:00,5.14,5.05,4.83,4.9,580806
2013-06-06/00:00:00,4.9,4.91,4.68,4.82,326750
2013-06-09/00:00:00,4.82,4.8,4.37,4.52,382240
2013-06-10/00:00:00,4.52,4.32,4.11,4.18,552263
2013-06-11/00:00:00,4.18,4.38,4.19,4.32,556831
2013-06-12/00:00:00,4.32,4.29,3.88,4.0,533974
2013-06-13/00:00:00,4.0,4.14,3.8,4.04,147403
2013-06-16/00:00:00,4.04,4.04,3.8,3.87,287557
2013-06-17/00:00:00,3.87,4.18,3.71,4.0,695306
2013-06-18/00:00:00,4.0,4.22,4.03,4.12,653638
2013-06-19/00:00:00,4.12,4.12,4.02,4.07,161720
2013-06-20/00:00:00,4.07,4.4,3.97,4.25,934012
2013-06-23/00:00:00,4.25,4.48,4.09,4.32,717386
2013-06-24/00:00:00,4.32,4.47,4.3,4.39,119514
2013-06-25/00:00:00,4.39,4.64,4.38,4.52,600367
2013-06-26/00:00:00,4.52,4.49,4.31,4.37,163422
2013-06-27/00:00:00,4.37,4.64,4.32,4.54,353087
2013-06-30/00:00:00,4.54,4.72,4.44,4.65,643966
2013-07-02/00:00:00,4.65,5.02,4.71,4.87,1863740
2013-07-03/00:00:00,4.87,4.95,4.66,4.85,579931
2013-07-04/00:00:00,4.85,5.33,4.96,5.33,765016
2013-07-07/00:00:00,5.33,5.69,5.16,5.26,1537463
2013-07-08/00:00:00,5.26,5.17,4.86,5.0,917100
2013-07-09/00:00:00,5.0,5.28,5.07,5.22,891380
2013-07-10/00:00:00,5.22,5.37,5.15,5.26,707680
2013-07-11/00:00:00,5.26,5.23,5.05,5.15,773659
2013-07-14/00:00:00,5.15,5.21,5.05,5.13,292105
2013-07-15/00:00:00,5.13,5.12,4.95,5.0,483274
2013-07-16/00:00:00,5.0,5.16,5.02,5.07,554776
2013-07-17/00:00:00,5.07,5.17,4.91,5.02,625469
2013-07-18/00:00:00,5.02,5.02,4.89,4.96,660986
2013-07-21/00:00:00,4.96,5.12,5.0,5.06,451255
2013-07-22/00:00:00,5.06,5.17,4.98,5.08,2081098
2013-07-24/00:00:00,5.08,5.34,4.98,5.18,1778833
2013-07-25/00:00:00,5.18,5.17,5.02,5.1,673891
2013-07-28/00:00:00,5.1,5.17,5.04,5.08,331852
2013-07-29/00:00:00,5.08,5.14,5.02,5.06,403892
2013-07-30/00:00:00,5.06,5.11,4.98,5.02,354124
2013-07-31/00:00:00,5.02,5.12,4.96,5.07,655031
2013-08-01/00:00:00,5.07,5.22,5.05,5.15,905891
2013-08-04/00:00:00,5.15,5.26,5.15,5.22,445103
2013-08-05/00:00:00,5.22,5.49,5.25,5.34,1832732
2013-08-06/00:00:00,5.34,5.53,5.37,5.48,1130282
2013-08-07/00:00:00,5.48,5.51,5.33,5.39,1040113
2013-08-12/00:00:00,5.39,5.37,5.18,5.28,1123543
2013-08-13/00:00:00,5.28,5.42,5.29,5.33,353588
2013-08-14/00:00:00,5.33,5.33,5.1,5.22,1063878
2013-08-18/00:00:00,5.22,5.14,5.0,5.08,345608
2013-08-19/00:00:00,5.08,5.14,5.05,5.08,223021
2013-08-20/00:00:00,5.08,5.26,5.1,5.2,404599
2013-08-21/00:00:00,5.2,5.26,5.14,5.22,813104
2013-08-22/00:00:00,5.22,5.35,5.23,5.28,531482
2013-08-25/00:00:00,5.28,5.34,5.26,5.28,301000
2013-08-26/00:00:00,5.28,5.33,5.25,5.28,644372
2013-08-27/00:00:00,5.28,5.26,5.09,5.17,717034
2013-08-28/00:00:00,5.17,5.09,4.97,5.02,406544
2013-08-29/00:00:00,5.02,5.12,5.0,5.05,345527
2013-09-01/00:00:00,5.05,5.18,5.08,5.12,112189
2013-09-02/00:00:00,5.12,5.12,4.95,5.0,275538
2013-09-03/00:00:00,5.0,5.01,4.9,4.95,159401
2013-09-04/00:00:00,4.95,5.08,4.91,5.0,464540
2013-09-05/00:00:00,5.0,5.08,4.95,5.04,315743
2013-09-08/00:00:00,5.04,5.19,5.0,5.1,420006
2013-09-09/00:00:00,5.1,5.17,5.09,5.13,109771
2013-09-10/00:00:00,5.13,5.27,5.15,5.23,530689
2013-09-11/00:00:00,5.22,5.41,5.22,5.33,896720
2013-09-12/00:00:00,5.33,5.41,5.27,5.33,502368
2013-09-15/00:00:00,5.33,5.53,5.36,5.47,460368
2013-09-16/00:00:00,5.47,5.49,5.38,5.43,392455
2013-09-17/00:00:00,5.43,5.48,5.36,5.42,137054
2013-09-18/00:00:00,5.42,5.4,5.23,5.34,169984
2013-09-19/00:00:00,5.34,5.38,5.26,5.34,103850
2013-09-22/00:00:00,5.34,5.46,5.3,5.37,218420
2013-09-23/00:00:00,5.37,5.46,5.33,5.42,350198
2013-09-24/00:00:00,5.42,5.47,5.32,5.39,203059
2013-09-25/00:00:00,5.39,5.4,5.32,5.34,170525
2013-09-26/00:00:00,5.34,5.43,5.32,5.4,109994
2013-09-29/00:00:00,5.4,5.36,5.22,5.27,262888
2013-09-30/00:00:00,5.27,5.32,5.2,5.26,147728
2013-10-01/00:00:00,5.26,5.34,5.26,5.3,180880
2013-10-02/00:00:00,5.3,5.36,5.22,5.27,170920
2013-10-03/00:00:00,5.27,5.37,5.2,5.33,341797
2013-10-07/00:00:00,5.33,5.44,5.32,5.41,368796
2013-10-08/00:00:00,5.41,5.65,5.4,5.58,1301563
2013-10-09/00:00:00,5.58,5.72,5.58,5.67,601933
2013-10-10/00:00:00,5.67,5.67,5.57,5.61,285619
2013-10-13/00:00:00,5.61,5.69,5.59,5.64,244088
2013-10-20/00:00:00,5.64,5.74,5.57,5.67,640109
2013-10-21/00:00:00,5.67,5.72,5.26,5.67,638903
2013-10-22/00:00:00,5.67,5.72,5.61,5.67,389524
2013-10-23/00:00:00,5.67,5.72,5.57,5.63,318678
2013-10-24/00:00:00,5.63,5.73,5.6,5.67,327430
2013-10-27/00:00:00,5.67,5.73,5.64,5.68,220542
2013-10-28/00:00:00,5.68,5.65,5.5,5.57,361432
2013-10-29/00:00:00,5.57,5.57,5.47,5.52,425276
2013-10-30/00:00:00,5.52,5.61,5.52,5.56,161130
2013-10-31/00:00:00,5.56,5.7,5.52,5.61,368407
2013-11-03/00:00:00,5.61,5.66,5.53,5.57,182836
2013-11-04/00:00:00,5.57,6.12,5.65,6.0,1964114
2013-11-06/00:00:00,6.0,6.59,6.17,6.32,1997628
2013-11-07/00:00:00,6.32,6.3,6.02,6.12,1113254
2013-11-10/00:00:00,6.12,6.19,5.95,6.06,341240
2013-11-11/00:00:00,6.06,6.12,5.9,6.03,274794
2013-11-12/00:00:00,6.03,6.17,5.95,6.05,486275
2013-11-13/00:00:00,6.05,5.96,5.87,5.9,391376
2013-11-14/00:00:00,5.9,6.01,5.8,5.86,262361
2013-11-17/00:00:00,5.86,6.17,5.92,6.07,850378
2013-11-18/00:00:00,6.07,6.15,6.07,6.1,236320
2013-11-19/00:00:00,6.1,6.12,6.01,6.06,457865
2013-11-20/00:00:00,6.06,6.13,5.99,6.06,557479
2013-11-21/00:00:00,6.06,6.02,5.97,6.01,254632
2013-11-24/00:00:00,6.01,6.14,5.98,6.07,294571
2013-11-25/00:00:00,6.07,6.12,5.83,5.92,519845
2013-11-26/00:00:00,5.92,5.87,5.72,5.79,498119
2013-11-27/00:00:00,5.79,5.92,5.67,5.73,512928
2013-11-28/00:00:00,5.73,5.82,5.67,5.77,212158
2013-12-01/00:00:00,5.77,5.88,5.74,5.82,356556
2013-12-02/00:00:00,5.82,5.87,5.67,5.73,209639
2013-12-03/00:00:00,5.73,5.76,5.65,5.69,120074
2013-12-04/00:00:00,5.69,5.72,5.67,5.69,95459
2013-12-05/00:00:00,5.69,5.77,5.68,5.73,120114
2013-12-08/00:00:00,5.73,5.95,5.77,5.87,586636
2013-12-09/00:00:00,5.87,5.87,5.72,5.79,129770
2013-12-10/00:00:00,5.79,5.81,5.72,5.76,64750
2013-12-11/00:00:00,5.76,5.85,5.76,5.82,61104
2013-12-12/00:00:00,5.82,5.99,5.87,5.92,442592
2013-12-15/00:00:00,5.92,6.02,5.82,5.92,122707
2013-12-16/00:00:00,5.92,5.93,5.81,5.86,207174
2013-12-17/00:00:00,5.86,5.97,5.86,5.91,237407
2013-12-18/00:00:00,5.91,5.97,5.87,5.94,218867
2013-12-19/00:00:00,5.94,6.02,5.87,5.95,488916
2013-12-22/00:00:00,5.95,5.95,5.85,5.92,91344
2013-12-23/00:00:00,5.92,5.86,5.77,5.8,186763
2013-12-24/00:00:00,5.8,5.87,5.71,5.76,475138
2013-12-25/00:00:00,5.76,5.86,5.77,5.8,167674
2013-12-26/00:00:00,5.8,5.81,5.74,5.77,146230
2013-12-29/00:00:00,5.77,5.79,5.71,5.73,143708
2013-12-30/00:00:00,5.73,5.77,5.66,5.69,351382
2013-12-31/00:00:00,5.69,5.77,5.67,5.69,152202
2014-01-02/00:00:00,5.69,5.77,5.71,5.74,146742
2014-01-05/00:00:00,5.74,5.87,5.77,5.81,227659
2014-01-06/00:00:00,5.81,6.01,5.72,5.87,394067
2014-01-08/00:00:00,5.87,6.45,5.7,5.85,197980
2014-01-09/00:00:00,5.85,5.95,5.81,5.86,254950
2014-01-12/00:00:00,5.86,6.04,5.85,5.97,515147
2014-01-14/00:00:00,5.97,6.09,5.95,6.04,520639
2014-01-15/00:00:00,6.04,6.03,5.87,5.95,191275
2014-01-16/00:00:00,5.95,6.02,5.82,5.87,132146
2014-01-19/00:00:00,5.87,5.85,5.64,5.72,182917
2014-01-20/00:00:00,5.72,5.83,5.64,5.72,233320
2014-01-21/00:00:00,5.72,5.87,5.73,5.74,268076
2014-01-22/00:00:00,5.74,5.86,5.75,5.82,142531
2014-01-23/00:00:00,5.82,5.87,5.73,5.81,539629
2014-01-26/00:00:00,5.81,5.81,5.65,5.69,418126
2014-01-27/00:00:00,5.69,5.77,5.67,5.69,415122
2014-01-28/00:00:00,5.69,5.82,5.71,5.74,519336
2014-01-29/00:00:00,5.74,5.77,5.69,5.72,340456
2014-01-30/00:00:00,5.72,5.79,5.69,5.74,859262
2014-02-02/00:00:00,5.74,5.83,5.73,5.78,666172
2014-02-03/00:00:00,5.78,5.81,5.7,5.72,391670
2014-02-04/00:00:00,5.72,5.74,5.62,5.66,357430
2014-02-05/00:00:00,5.66,5.77,5.61,5.67,372738
2014-02-06/00:00:00,5.67,6.22,5.72,6.12,4819211
2014-02-09/00:00:00,6.12,6.4,6.12,6.25,1047618
2014-02-10/00:00:00,6.25,6.22,5.97,6.08,1028072
2014-02-11/00:00:00,6.08,6.12,5.97,6.06,488174
2014-02-12/00:00:00,6.06,6.22,6.03,6.1,620174
2014-02-13/00:00:00,6.1,6.16,6.02,6.07,585563
2014-02-16/00:00:00,6.07,6.15,5.92,6.0,280868
2014-02-17/00:00:00,6.0,6.28,5.92,6.18,1652143
2014-02-18/00:00:00,6.18,6.37,6.12,6.23,623580
2014-02-19/00:00:00,6.23,6.22,6.09,6.14,259669
2014-02-20/00:00:00,6.14,6.29,6.05,6.17,988943
2014-02-23/00:00:00,6.17,6.34,6.09,6.24,1284655
2014-02-24/00:00:00,6.24,6.16,6.05,6.1,509914
2014-02-25/00:00:00,6.1,6.12,5.85,5.96,880189
2014-02-26/00:00:00,5.96,5.95,5.82,5.87,406550
2014-02-27/00:00:00,5.87,6.08,5.91,5.96,159480
2014-03-02/00:00:00,5.96,5.95,5.79,5.86,389399
2014-03-03/00:00:00,5.86,5.86,5.65,5.7,277052
2014-03-04/00:00:00,5.7,5.87,5.69,5.76,465468
2014-03-05/00:00:00,5.76,5.85,5.67,5.72,501920
2014-03-06/00:00:00,5.72,5.77,5.66,5.69,292590
2014-03-09/00:00:00,5.69,5.7,5.64,5.67,225946
2014-03-10/00:00:00,5.67,5.95,5.65,5.82,753812
2014-03-11/00:00:00,5.82,6.03,5.87,5.95,849781
2014-03-12/00:00:00,5.95,6.03,5.82,5.96,517711
2014-03-13/00:00:00,5.96,5.93,5.79,5.84,589403
2014-03-16/00:00:00,5.84,5.96,5.72,5.82,381484
2014-03-17/00:00:00,5.82,5.85,5.74,5.79,330520
2014-03-18/00:00:00,5.79,5.87,5.77,5.82,905190
2014-03-19/00:00:00,5.82,5.87,5.79,5.85,165529
2014-03-20/00:00:00,5.85,6.15,5.87,6.01,3483347
2014-03-23/00:00:00,6.01,6.1,5.83,5.92,397134
2014-03-24/00:00:00,5.92,5.89,5.79,5.84,356818
2014-03-25/00:00:00,5.84,5.95,5.83,5.87,364873
2014-03-26/00:00:00,5.87,5.89,5.85,5.87,356748
2014-03-27/00:00:00,5.87,5.95,5.57,5.7,552802
2014-03-30/00:00:00,5.7,5.71,5.57,5.63,314956
2014-03-31/00:00:00,5.63,5.67,5.22,5.43,261734
2014-04-01/00:00:00,5.43,5.48,5.29,5.41,222023
2014-04-02/00:00:00,5.41,5.47,5.0,5.22,393073
2014-04-03/00:00:00,5.22,5.22,4.87,5.01,406416
2014-04-06/00:00:00,5.01,5.14,4.62,4.84,162818
2014-04-07/00:00:00,4.84,5.05,4.65,4.91,238327
2014-04-08/00:00:00,4.91,5.18,4.94,5.09,267586
2014-04-09/00:00:00,5.09,5.14,4.95,5.1,146036
2014-04-10/00:00:00,5.1,5.22,5.12,5.17,321858
2014-04-13/00:00:00,5.17,5.2,5.1,5.15,160715
2014-04-14/00:00:00,5.15,5.17,5.07,5.11,91373
2014-04-15/00:00:00,5.11,5.26,5.09,5.13,167518
2014-04-16/00:00:00,5.13,5.25,5.13,5.17,115332
2014-04-17/00:00:00,5.17,5.33,5.11,5.26,377752
2014-04-22/00:00:00,5.26,5.43,5.26,5.33,165206
2014-04-23/00:00:00,5.33,5.36,5.18,5.26,1153807
2014-04-27/00:00:00,5.26,5.27,5.26,5.26,227587
2014-04-28/00:00:00,5.26,5.29,5.18,5.22,260353
2014-04-29/00:00:00,5.22,5.26,5.19,5.23,101612
2014-04-30/00:00:00,5.23,5.31,5.25,5.26,82476
2014-05-04/00:00:00,5.26,5.26,5.2,5.24,511676
2014-05-05/00:00:00,5.24,5.33,5.18,5.24,1055010
2014-05-06/00:00:00,5.24,5.26,5.18,5.25,738418
2014-05-07/00:00:00,5.25,5.26,5.18,5.24,530218
2014-05-08/00:00:00,5.24,5.24,5.08,5.15,448316
2014-05-11/00:00:00,5.15,5.35,5.1,5.25,1169544
2014-05-12/00:00:00,5.25,5.34,5.23,5.27,153574
2014-05-13/00:00:00,5.27,5.32,5.23,5.26,128718
2014-05-14/00:00:00,5.26,5.38,5.26,5.28,653129
2014-05-15/00:00:00,5.28,5.52,5.36,5.46,654268
2014-05-18/00:00:00,5.46,5.49,5.37,5.42,328656
2014-05-19/00:00:00,5.42,5.64,5.39,5.57,470100
2014-05-20/00:00:00,5.57,5.72,5.46,5.6,475937
2014-05-21/00:00:00,5.6,5.65,5.47,5.59,184579
2014-05-22/00:00:00,5.59,5.73,5.53,5.64,608197
2014-05-25/00:00:00,5.64,5.72,5.54,5.65,120217
2014-05-26/00:00:00,5.65,5.74,5.55,5.61,167641
2014-05-28/00:00:00,5.61,5.57,5.33,5.51,202816
2014-05-29/00:00:00,5.51,5.53,4.96,5.22,387289
2014-06-01/00:00:00,5.22,5.12,4.72,4.87,158689
2014-06-02/00:00:00,4.87,5.16,4.84,4.92,175403
2014-06-03/00:00:00,4.92,5.17,4.91,5.03,95110
2014-06-04/00:00:00,5.03,5.26,4.98,5.15,65118
2014-06-05/00:00:00,5.15,5.47,5.26,5.34,229138
2014-06-09/00:00:00,5.34,5.47,5.29,5.38,136577
2014-06-10/00:00:00,5.38,5.47,5.33,5.37,39460
2014-06-11/00:00:00,5.37,5.47,5.33,5.38,577524
2014-06-12/00:00:00,5.38,5.46,5.33,5.37,304837
2014-06-15/00:00:00,5.37,5.42,5.29,5.31,33895
2014-06-16/00:00:00,5.31,5.32,5.17,5.22,164904
2014-06-17/00:00:00,5.22,5.26,5.12,5.17,55567
2014-06-18/00:00:00,5.17,5.31,5.18,5.24,67976
2014-06-19/00:00:00,5.24,5.17,5.06,5.12,127064
2014-06-22/00:00:00,5.12,5.12,5.08,5.11,8282
2014-06-23/00:00:00,5.11,5.23,5.02,5.05,29522
2014-06-24/00:00:00,5.05,5.08,4.95,4.98,48085
2014-06-25/00:00:00,4.98,5.07,4.95,5.01,90484
2014-06-26/00:00:00,5.01,5.03,5.0,5.02,23299
2014-06-29/00:00:00,5.02,4.95,4.91,4.93,63959
2014-06-30/00:00:00,4.93,5.05,4.91,4.97,45220
2014-07-02/00:00:00,4.97,5.05,4.86,4.99,33701
2014-07-03/00:00:00,4.99,5.11,5.0,5.04,64553
2014-07-06/00:00:00,5.04,5.1,4.99,5.09,73294
2014-07-07/00:00:00,5.09,5.05,5.0,5.03,18768
2014-07-08/00:00:00,5.03,5.12,5.05,5.06,318850
2014-07-09/00:00:00,5.06,5.18,4.96,5.13,264030
2014-07-10/00:00:00,5.13,5.21,4.99,5.15,284099
2014-07-13/00:00:00,5.15,5.16,5.07,5.11,2819
2014-07-14/00:00:00,5.11,5.08,5.02,5.05,17359
2014-07-15/00:00:00,5.05,5.22,5.03,5.18,152314
2014-07-16/00:00:00,5.18,5.33,5.1,5.25,366316
2014-07-17/00:00:00,5.25,5.57,5.37,5.51,572159
2014-07-20/00:00:00,5.51,5.58,5.38,5.52,148458
2014-07-21/00:00:00,5.52,5.43,5.36,5.41,124255
2014-07-22/00:00:00,5.41,5.53,5.33,5.46,353201
2014-07-24/00:00:00,5.46,5.61,5.52,5.56,353533
2014-07-27/00:00:00,5.56,5.53,5.47,5.5,187362
2014-07-31/00:00:00,5.5,5.57,5.47,5.49,168896
2014-08-03/00:00:00,5.49,5.43,5.4,5.41,28852
2014-08-04/00:00:00,5.41,5.52,5.34,5.44,149138
2014-08-05/00:00:00,5.44,5.67,5.48,5.61,575594
2014-08-06/00:00:00,5.61,5.62,5.51,5.54,410665
2014-08-07/00:00:00,5.54,5.71,5.56,5.67,455370
2014-08-10/00:00:00,5.67,5.69,5.59,5.61,201079
2014-08-11/00:00:00,5.61,5.84,5.6,5.74,668975
2014-08-12/00:00:00,5.74,5.77,5.64,5.69,212000
2014-08-13/00:00:00,5.69,5.78,5.55,5.72,361045
2014-08-14/00:00:00,5.72,5.79,5.64,5.7,516806
2014-08-17/00:00:00,5.7,5.74,5.61,5.7,133847
2014-08-18/00:00:00,5.7,5.8,5.57,5.72,611670
2014-08-19/00:00:00,5.72,5.73,5.53,5.62,272268
2014-08-20/00:00:00,5.62,5.71,5.57,5.62,211878
2014-08-21/00:00:00,5.62,5.61,5.53,5.55,233021
2014-08-24/00:00:00,5.55,5.69,5.61,5.62,26438
2014-08-25/00:00:00,5.62,5.67,5.53,5.58,325532
2014-08-26/00:00:00,5.58,5.67,5.53,5.6,112222
2014-08-27/00:00:00,5.6,5.62,5.57,5.6,94772
2014-08-28/00:00:00,5.6,5.64,5.57,5.59,114136
2014-08-31/00:00:00,5.59,5.67,5.57,5.58,102775
2014-09-01/00:00:00,5.58,5.61,5.52,5.55,129912
2014-09-02/00:00:00,5.55,5.67,5.57,5.62,310069
2014-09-03/00:00:00,5.62,5.87,5.67,5.77,873881
2014-09-04/00:00:00,5.77,5.83,5.66,5.69,474242
2014-09-07/00:00:00,5.69,5.95,5.76,5.87,747703
2014-09-08/00:00:00,5.87,5.87,5.68,5.77,374231
2014-09-09/00:00:00,5.77,5.77,5.62,5.69,217800
2014-09-10/00:00:00,5.69,5.64,5.43,5.57,258479
2014-09-11/00:00:00,5.57,5.52,5.31,5.36,394865
2014-09-14/00:00:00,5.36,5.41,5.26,5.31,248482
2014-09-15/00:00:00,5.31,5.61,5.32,5.42,356155
2014-09-16/00:00:00,5.42,5.47,5.33,5.41,142092
2014-09-17/00:00:00,5.41,5.45,5.33,5.36,189982
2014-09-18/00:00:00,5.36,5.59,5.5,5.51,478097
2014-09-21/00:00:00,5.51,5.52,5.32,5.36,182628
2014-09-22/00:00:00,5.36,5.46,5.25,5.29,465114
2014-09-23/00:00:00,5.29,5.41,5.32,5.37,94313
2014-09-24/00:00:00,5.37,5.41,5.29,5.35,131460
2014-09-25/00:00:00,5.35,5.39,5.19,5.26,312392
2014-09-28/00:00:00,5.26,5.23,5.18,5.21,93271
2014-09-29/00:00:00,5.21,5.34,5.24,5.3,231998
2014-09-30/00:00:00,5.3,5.4,5.32,5.36,110178
2014-10-01/00:00:00,5.36,5.35,5.29,5.32,58499
2014-10-02/00:00:00,5.32,5.37,5.28,5.32,47359
2014-10-08/00:00:00,5.32,5.43,5.26,5.37,87226
2014-10-09/00:00:00,5.37,5.35,5.26,5.29,88787
2014-10-12/00:00:00,5.29,5.27,4.84,5.08,346918
2014-10-13/00:00:00,5.08,5.07,4.88,5.0,113119
2014-10-14/00:00:00,5.0,5.0,4.65,4.84,235033
2014-10-15/00:00:00,4.84,5.02,4.87,4.99,230664
2014-10-16/00:00:00,4.99,4.87,4.49,4.62,278860
2014-10-19/00:00:00,4.62,4.77,4.51,4.62,116892
2014-10-20/00:00:00,4.62,4.71,4.5,4.65,61141
2014-10-21/00:00:00,4.65,4.91,4.67,4.82,370417
2014-10-22/00:00:00,4.82,4.9,4.81,4.83,223244
2014-10-23/00:00:00,4.83,4.84,4.71,4.8,75089
2014-10-26/00:00:00,4.8,4.83,4.59,4.66,191824
2014-10-27/00:00:00,4.66,4.64,4.48,4.54,337974
2014-10-28/00:00:00,4.54,4.84,4.49,4.75,516097
2014-10-29/00:00:00,4.75,4.84,4.72,4.78,190420
2014-10-30/00:00:00,4.78,4.91,4.71,4.82,626947
2014-11-02/00:00:00,4.82,4.85,4.8,4.83,347300
2014-11-03/00:00:00,4.83,4.94,4.78,4.86,344314
2014-11-04/00:00:00,4.86,5.02,4.82,4.92,526630
2014-11-05/00:00:00,4.92,4.92,4.82,4.87,297605
2014-11-06/00:00:00,4.87,4.95,4.78,4.84,110016
2014-11-09/00:00:00,4.84,4.88,4.8,4.85,270734
2014-11-10/00:00:00,4.85,5.17,4.9,5.07,1268396
2014-11-11/00:00:00,5.07,5.26,5.07,5.17,536634
2014-11-12/00:00:00,5.17,5.17,4.9,4.99,293209
2014-11-13/00:00:00,4.99,4.96,4.84,4.9,560034
2014-11-16/00:00:00,4.9,5.03,4.82,4.87,321749
2014-11-17/00:00:00,4.87,4.92,4.76,4.83,406668
2014-11-18/00:00:00,4.83,4.95,4.84,4.91,598570
2014-11-19/00:00:00,4.91,5.12,4.8,4.97,561376
2014-11-20/00:00:00,4.97,5.09,4.94,5.02,247954
2014-11-23/00:00:00,5.02,5.0,4.9,4.93,243016
2014-11-24/00:00:00,4.93,4.95,4.82,4.87,242713
2014-11-25/00:00:00,4.87,4.92,4.82,4.88,122772
2014-11-26/00:00:00,4.88,5.02,4.88,4.95,161099
2014-11-27/00:00:00,4.95,4.98,4.91,4.95,73498
2014-11-30/00:00:00,4.95,5.02,4.89,4.95,144906
2014-12-01/00:00:00,4.95,4.95,4.87,4.93,54180
2014-12-02/00:00:00,4.93,4.93,4.86,4.9,176074
2014-12-03/00:00:00,4.9,4.97,4.89,4.92,41989
2014-12-04/00:00:00,4.92,5.02,4.92,4.99,156509
2014-12-07/00:00:00,4.99,5.12,5.02,5.06,380011
2014-12-08/00:00:00,5.06,5.12,5.01,5.06,429810
2014-12-09/00:00:00,5.06,5.06,4.97,5.02,510127
2014-12-10/00:00:00,5.02,5.04,4.95,4.99,119866
2014-12-11/00:00:00,4.99,4.95,4.85,4.89,260092
2014-12-14/00:00:00,4.89,4.91,4.52,4.71,179514
2014-12-15/00:00:00,4.71,4.81,4.55,4.67,65848
2014-12-16/00:00:00,4.67,4.76,4.53,4.64,75209
2014-12-17/00:00:00,4.64,4.67,4.24,4.41,269350
2014-12-18/00:00:00,4.41,4.6,4.44,4.5,246542
2014-12-21/00:00:00,4.5,4.88,4.56,4.72,315880
2014-12-22/00:00:00,4.72,5.05,4.64,4.94,566971
2014-12-23/00:00:00,4.94,5.26,4.93,5.17,1056706
2014-12-24/00:00:00,5.17,5.25,5.12,5.19,452350
2014-12-25/00:00:00,5.19,5.22,5.0,5.16,222666
2014-12-28/00:00:00,5.16,5.02,4.96,5.0,79787
2014-12-29/00:00:00,5.0,5.12,5.0,5.11,194833
2014-12-30/00:00:00,5.11,5.11,4.97,5.01,99960
2014-12-31/00:00:00,5.01,5.18,4.98,5.09,1060196
2015-01-04/00:00:00,5.09,5.12,5.0,5.02,73129
2015-01-05/00:00:00,5.02,5.08,5.0,5.04,147652
2015-01-06/00:00:00,5.04,5.37,4.91,5.17,900572
2015-01-08/00:00:00,5.17,5.39,5.23,5.33,195602
2015-01-11/00:00:00,5.33,5.39,5.08,5.2,354076
2015-01-12/00:00:00,5.2,5.27,5.12,5.17,78812
2015-01-13/00:00:00,5.17,5.26,5.05,5.17,198870
2015-01-14/00:00:00,5.17,5.53,5.1,5.38,740438
2015-01-15/00:00:00,5.38,5.55,5.33,5.47,697729
2015-01-18/00:00:00,5.47,5.52,5.33,5.44,737184
2015-01-19/00:00:00,5.44,5.52,5.4,5.48,188766
2015-01-20/00:00:00,5.48,5.61,5.46,5.5,700459
2015-01-21/00:00:00,5.5,5.6,5.47,5.54,238649
2015-01-22/00:00:00,5.54,5.61,5.48,5.55,206080
2015-01-26/00:00:00,5.55,5.74,5.51,5.68,809276
2015-01-27/00:00:00,5.68,5.79,5.64,5.72,781606
2015-01-28/00:00:00,5.72,5.72,5.54,5.62,426586
2015-01-29/00:00:00,5.62,5.63,5.54,5.59,116579
2015-02-01/00:00:00,5.59,5.61,5.5,5.56,221710
2015-02-02/00:00:00,5.56,5.67,5.48,5.57,226735
2015-02-03/00:00:00,5.57,5.77,5.64,5.72,367763
2015-02-04/00:00:00,5.72,5.82,5.73,5.78,372055
2015-02-05/00:00:00,5.78,5.85,5.69,5.8,572362
2015-02-08/00:00:00,5.8,5.85,5.74,5.76,199584
2015-02-09/00:00:00,5.76,5.76,5.67,5.72,108137
2015-02-10/00:00:00,5.72,5.81,5.7,5.75,407248
2015-02-11/00:00:00,5.75,5.74,5.67,5.69,220414
2015-02-12/00:00:00,5.69,5.76,5.62,5.71,114907
2015-02-15/00:00:00,5.71,5.72,5.67,5.71,201058
2015-02-16/00:00:00,5.71,5.81,5.47,5.62,247171
2015-02-17/00:00:00,5.62,5.66,5.47,5.53,363389
2015-02-18/00:00:00,5.53,5.67,5.53,5.55,238986
2015-02-19/00:00:00,5.55,5.58,5.47,5.52,300040
2015-02-22/00:00:00,5.52,5.61,5.53,5.57,123013
2015-02-23/00:00:00,5.57,5.61,5.53,5.55,131518
2015-02-24/00:00:00,5.55,5.59,5.5,5.54,5059
2015-02-25/00:00:00,5.54,5.61,5.5,5.56,412372
2015-02-26/00:00:00,5.56,5.49,5.47,5.47,19442
2015-03-01/00:00:00,5.47,5.67,5.47,5.58,90596
2015-03-02/00:00:00,5.58,5.67,5.58,5.67,49294
2015-03-03/00:00:00,5.67,5.67,5.53,5.59,116015
2015-03-04/00:00:00,5.59,5.68,5.53,5.67,75079
2015-03-05/00:00:00,5.67,5.71,5.58,5.62,65600
2015-03-08/00:00:00,5.62,5.67,5.61,5.67,5759
2015-03-09/00:00:00,5.67,5.72,5.6,5.68,101015
2015-03-10/00:00:00,5.68,5.74,5.61,5.69,143002
2015-03-11/00:00:00,5.69,5.62,5.57,5.61,12678
2015-03-12/00:00:00,5.61,5.67,5.61,5.64,53167
2015-03-15/00:00:00,5.64,5.74,5.53,5.58,581288
2015-03-16/00:00:00,5.58,5.77,5.55,5.69,353389
2015-03-17/00:00:00,5.69,5.8,5.72,5.77,109664
2015-03-18/00:00:00,5.77,5.79,5.6,5.69,244217
2015-03-19/00:00:00,5.69,5.74,5.61,5.66,12575
2015-03-22/00:00:00,5.66,5.69,5.64,5.66,51804
2015-03-23/00:00:00,5.66,5.71,5.61,5.67,110327
2015-03-24/00:00:00,5.67,5.69,5.61,5.67,68662
2015-03-25/00:00:00,5.67,5.67,5.5,5.54,43654
2015-03-26/00:00:00,5.54,5.5,5.23,5.41,49361
2015-03-29/00:00:00,5.41,5.37,5.24,5.32,36036
2015-03-30/00:00:00,5.32,5.53,5.4,5.52,81883
2015-03-31/00:00:00,5.52,5.55,5.4,5.43,107322
2015-04-01/00:00:00,5.43,5.43,5.34,5.41,37124
2015-04-02/00:00:00,5.41,5.47,5.47,5.47,8674
2015-04-05/00:00:00,5.47,5.4,5.26,5.3,17677
2015-04-06/00:00:00,5.3,5.26,5.07,5.17,23725
2015-04-07/00:00:00,5.17,5.33,5.25,5.3,7560
2015-04-08/00:00:00,5.3,5.45,5.27,5.39,10307
2015-04-09/00:00:00,5.39,5.36,5.26,5.26,71558
2015-04-14/00:00:00,5.26,5.29,5.29,5.29,3854
2015-04-15/00:00:00,5.29,5.38,5.26,5.37,96818
2015-04-16/00:00:00,5.37,5.34,5.26,5.3,12503
2015-04-19/00:00:00,5.3,5.4,5.26,5.33,8167
2015-04-20/00:00:00,5.33,5.27,5.26,5.26,4548
2015-04-21/00:00:00,5.26,5.26,5.21,5.26,23930
2015-04-22/00:00:00,5.26,5.38,5.26,5.31,30342
2015-04-23/00:00:00,5.31,5.43,5.36,5.31,434
2015-04-26/00:00:00,5.31,5.29,5.24,5.27,25055
2015-04-27/00:00:00,5.27,5.22,5.1,5.18,17740
2015-04-29/00:00:00,5.18,5.38,5.16,5.31,5334
2015-04-30/00:00:00,5.31,5.42,5.12,5.27,33406
2015-05-03/00:00:00,5.27,5.18,5.12,5.12,13920
2015-05-04/00:00:00,5.12,5.33,5.05,5.14,4336
2015-05-05/00:00:00,5.14,5.33,5.12,5.24,63901
2015-05-06/00:00:00,5.24,5.26,5.17,5.24,4180
2015-05-07/00:00:00,5.24,5.25,5.16,5.2,5131
2015-05-10/00:00:00,5.2,5.22,5.07,5.13,6504
2015-05-11/00:00:00,5.13,5.22,5.12,5.15,14686
2015-05-13/00:00:00,5.15,5.08,4.65,4.87,20771
2015-05-14/00:00:00,4.87,4.86,4.71,4.82,106216
2015-05-17/00:00:00,4.82,5.17,4.84,4.88,2183
2015-05-18/00:00:00,4.88,5.37,5.11,5.31,183577
2015-05-19/00:00:00,5.31,5.29,5.05,5.2,20236
2015-05-20/00:00:00,5.2,5.18,5.02,5.08,67055
2015-05-21/00:00:00,5.08,5.17,5.04,5.12,87194
2015-05-24/00:00:00,5.12,5.12,5.05,5.08,55231
2015-05-25/00:00:00,5.08,5.15,5.05,5.07,37292
2015-05-26/00:00:00,5.07,5.08,5.05,5.06,12474
2015-05-27/00:00:00,5.06,5.11,5.02,5.05,105773
2015-05-28/00:00:00,5.05,5.02,4.84,4.92,100139
2015-05-31/00:00:00,4.92,4.87,4.73,4.83,45173
2015-06-01/00:00:00,4.83,4.82,4.81,4.82,33638
2015-06-02/00:00:00,4.82,4.96,4.81,4.87,251932
2015-06-03/00:00:00,4.87,4.9,4.77,4.83,64108
2015-06-04/00:00:00,4.83,4.81,4.73,4.77,34031
2015-06-07/00:00:00,4.77,4.81,4.77,4.8,2168
2015-06-08/00:00:00,4.8,4.73,4.67,4.72,13766
2015-06-09/00:00:00,4.72,4.73,4.71,4.72,2236
2015-06-10/00:00:00,4.72,4.78,4.49,4.67,112314
2015-06-11/00:00:00,4.67,4.6,4.49,4.57,38882
2015-06-14/00:00:00,4.57,4.63,4.56,4.59,17779
2015-06-15/00:00:00,4.59,4.62,4.56,4.6,30137
2015-06-16/00:00:00,4.6,4.62,4.58,4.61,12902
2015-06-17/00:00:00,4.61,4.77,4.6,4.75,40703
2015-06-18/00:00:00,4.75,4.71,4.63,4.65,12604
2015-06-21/00:00:00,4.65,4.62,4.51,4.56,185374
2015-06-22/00:00:00,4.56,4.5,4.46,4.49,115042
2015-06-23/00:00:00,4.49,4.48,4.42,4.44,5443
2015-06-24/00:00:00,4.44,4.59,4.29,4.31,117498
2015-06-25/00:00:00,4.31,4.39,4.15,4.27,110647
2015-06-28/00:00:00,4.27,4.43,4.29,4.35,27535
2015-06-29/00:00:00,4.35,4.48,4.29,4.33,51535
2015-07-02/00:00:00,4.33,4.42,4.42,4.42,2746
2015-07-05/00:00:00,4.42,4.36,4.04,4.12,75091
2015-07-06/00:00:00,4.12,4.32,4.08,4.27,229242
2015-07-07/00:00:00,4.27,4.29,4.14,4.16,24966
2015-07-08/00:00:00,4.16,4.32,4.15,4.25,183547
2015-07-09/00:00:00,4.25,4.36,4.15,4.29,32849
2015-07-12/00:00:00,4.29,4.22,4.15,4.19,17345
2015-07-13/00:00:00,4.19,4.16,4.04,4.11,45502
2015-07-14/00:00:00,4.11,4.27,4.22,4.26,9905
2015-07-15/00:00:00,4.26,4.36,4.26,4.31,9318
2015-07-16/00:00:00,4.31,4.48,4.27,4.33,72054
2015-07-21/00:00:00,4.33,4.47,4.19,4.28,190322
2015-07-22/00:00:00,4.28,4.47,4.26,4.37,46470
2015-07-26/00:00:00,4.37,4.53,4.4,4.47,59226
2015-07-27/00:00:00,4.47,4.35,4.32,4.33,39382
2015-07-28/00:00:00,4.33,4.39,4.36,4.36,53538
2015-07-29/00:00:00,4.36,4.49,4.34,4.39,119108
2015-07-30/00:00:00,4.39,4.49,4.42,4.47,33967
2015-08-02/00:00:00,4.47,4.47,4.38,4.41,48407
2015-08-03/00:00:00,4.41,4.36,4.36,4.41,1963
2015-08-04/00:00:00,4.41,4.42,4.39,4.41,25656
2015-08-05/00:00:00,4.41,4.44,4.18,4.29,35183
2015-08-09/00:00:00,4.29,4.22,4.08,4.16,101220
2015-08-10/00:00:00,4.16,4.22,4.15,4.15,67343
2015-08-11/00:00:00,4.15,4.15,4.08,4.12,68946
2015-08-12/00:00:00,4.12,4.06,3.95,4.02,71888
2015-08-13/00:00:00,4.02,4.14,3.97,4.01,106998
2015-08-16/00:00:00,4.01,4.01,3.85,3.91,46424
2015-08-17/00:00:00,3.91,4.02,3.87,3.95,13126
2015-08-18/00:00:00,3.95,3.84,3.67,3.73,110194
2015-08-19/00:00:00,3.73,3.72,3.62,3.66,43078
2015-08-20/00:00:00,3.66,3.59,3.48,3.53,128851
2015-08-23/00:00:00,3.53,3.51,3.31,3.47,320311
2015-08-24/00:00:00,3.47,3.47,3.26,3.32,75112
2015-08-25/00:00:00,3.32,3.52,3.44,3.47,32566
2015-08-26/00:00:00,3.47,3.57,3.46,3.49,15410
2015-08-27/00:00:00,3.49,3.6,3.46,3.51,99674
2015-08-30/00:00:00,3.51,3.59,3.52,3.55,8600
2015-08-31/00:00:00,3.55,3.72,3.49,3.65,30784
2015-09-01/00:00:00,3.65,3.59,3.46,3.49,114235
2015-09-02/00:00:00,3.49,3.57,3.49,3.53,33910
2015-09-03/00:00:00,3.53,3.73,3.57,3.69,55648
2015-09-06/00:00:00,3.69,3.72,3.72,3.69,1084
2015-09-07/00:00:00,3.69,3.71,3.51,3.57,68693
2015-09-08/00:00:00,3.57,3.57,3.48,3.49,11106
2015-09-09/00:00:00,3.49,3.6,3.5,3.56,11651
2015-09-10/00:00:00,3.56,3.52,3.49,3.51,30354
2015-09-13/00:00:00,3.51,3.51,3.49,3.5,5420
2015-09-14/00:00:00,3.5,3.61,3.5,3.59,99829
2015-09-15/00:00:00,3.59,3.61,3.49,3.57,96858
2015-09-16/00:00:00,3.57,3.67,3.52,3.58,90668
2015-09-17/00:00:00,3.58,3.57,3.49,3.52,25738
2015-09-20/00:00:00,3.52,3.49,3.49,3.52,866
2015-09-21/00:00:00,3.52,3.52,3.52,3.52,6504
2015-09-22/00:00:00,3.52,3.54,3.49,3.52,55984
2015-09-28/00:00:00,3.52,3.53,3.48,3.5,51168
2015-09-29/00:00:00,3.5,3.52,3.46,3.49,229354
2015-09-30/00:00:00,3.49,3.49,3.41,3.47,102209
2015-10-01/00:00:00,3.47,3.47,3.42,3.46,23150
2015-10-04/00:00:00,3.46,3.45,3.39,3.42,43710
2015-10-05/00:00:00,3.42,3.42,3.33,3.37,7758
2015-10-07/00:00:00,3.37,3.49,3.36,3.46,47070
2015-10-08/00:00:00,3.46,3.54,3.45,3.48,179148
2015-10-11/00:00:00,3.48,3.62,3.48,3.54,484560
2015-10-12/00:00:00,3.54,3.67,3.57,3.65,351959
2015-10-13/00:00:00,3.65,3.72,3.57,3.66,177161
2015-10-15/00:00:00,3.66,3.7,3.61,3.63,31135
2015-10-18/00:00:00,3.63,3.67,3.58,3.63,40472
2015-10-19/00:00:00,3.63,3.67,3.63,3.67,162818
2015-10-20/00:00:00,3.67,3.7,3.6,3.67,159304
2015-10-21/00:00:00,3.67,3.67,3.6,3.66,175470
2015-10-22/00:00:00,3.66,3.63,3.6,3.61,2975
2015-10-25/00:00:00,3.61,3.68,3.6,3.67,75594
2015-10-26/00:00:00,3.67,3.64,3.57,3.59,4842
2015-10-27/00:00:00,3.59,3.6,3.57,3.6,3469
2015-10-28/00:00:00,3.6,3.57,3.47,3.52,42306
2015-10-29/00:00:00,3.52,3.63,3.51,3.6,32471
2015-11-01/00:00:00,3.6,3.6,3.48,3.55,45894
2015-11-02/00:00:00,3.55,3.63,3.48,3.62,114617
2015-11-03/00:00:00,3.62,3.62,3.52,3.62,2038
2015-11-04/00:00:00,3.62,3.49,3.49,3.62,289
2015-11-05/00:00:00,3.62,3.62,3.54,3.57,13153
2015-11-08/00:00:00,3.57,3.55,3.28,3.47,51906
2015-11-09/00:00:00,3.47,3.53,3.42,3.42,19730
2015-11-10/00:00:00,3.42,3.37,3.26,3.32,23275
2015-11-11/00:00:00,3.32,3.42,3.26,3.27,40559
2015-11-12/00:00:00,3.27,3.46,3.35,3.43,73282
2015-11-15/00:00:00,3.43,3.18,3.14,3.17,6504
2015-11-16/00:00:00,3.17,3.19,3.12,3.17,154081
2015-11-17/00:00:00,3.17,3.26,3.18,3.18,92716
2015-11-18/00:00:00,3.18,3.32,3.19,3.27,16696
2015-11-19/00:00:00,3.27,3.34,3.23,3.32,57485
2015-11-22/00:00:00,3.32,3.33,3.26,3.26,6866
2015-11-23/00:00:00,3.26,3.26,3.17,3.18,175790
2015-11-24/00:00:00,3.18,3.18,3.16,3.17,30408
2015-11-25/00:00:00,3.17,3.18,3.1,3.13,63542
2015-11-26/00:00:00,3.13,3.17,3.11,3.12,103765
2015-11-29/00:00:00,3.12,3.12,3.06,3.11,67718
2015-11-30/00:00:00,3.11,3.06,2.94,2.96,13706
2015-12-01/00:00:00,2.96,3.08,3.07,2.96,954
2015-12-02/00:00:00,2.96,3.17,3.08,3.14,39172
2015-12-03/00:00:00,3.14,3.22,3.12,3.17,20814
2015-12-06/00:00:00,3.17,3.28,3.15,3.22,15196
2015-12-07/00:00:00,3.22,3.18,3.11,3.15,18028
2015-12-08/00:00:00,3.15,3.15,3.11,3.12,3904
2015-12-09/00:00:00,3.12,3.18,3.11,3.17,3469
2015-12-10/00:00:00,3.17,3.19,3.11,3.11,10694
2015-12-13/00:00:00,3.11,3.11,2.97,3.01,17057
2015-12-14/00:00:00,3.01,2.97,2.97,2.97,93415
2015-12-15/00:00:00,2.97,3.1,2.94,3.02,13466
2015-12-16/00:00:00,3.02,3.18,3.04,3.17,33833
2015-12-17/00:00:00,3.17,3.28,3.12,3.21,92569
2015-12-20/00:00:00,3.21,3.22,3.19,3.2,58783
2015-12-21/00:00:00,3.2,3.31,3.17,3.24,126133
2015-12-22/00:00:00,3.24,3.35,3.26,3.26,335874
2015-12-24/00:00:00,3.26,3.34,3.26,3.29,56566
2015-12-27/00:00:00,3.29,3.32,3.28,3.28,5172
2015-12-28/00:00:00,3.28,3.22,3.2,3.28,2164
2015-12-29/00:00:00,3.28,3.28,3.12,3.23,5311
2015-12-30/00:00:00,3.23,3.44,3.26,3.4,130675
2015-12-31/00:00:00,4.91,5.1,4.91,5.01,140545
2016-01-03/00:00:00,3.47,3.49,3.46,3.47,2974
2016-01-04/00:00:00,3.47,3.77,3.33,3.63,198155
2016-01-05/00:00:00,3.63,3.8,3.53,3.68,185426
2016-01-06/00:00:00,3.68,3.69,3.52,3.57,63077
2016-01-10/00:00:00,3.57,3.46,3.39,3.42,33823
2016-01-11/00:00:00,3.42,3.57,3.22,3.34,83494
2016-01-12/00:00:00,3.34,3.28,3.18,3.25,46687
2016-01-13/00:00:00,3.25,3.18,2.97,3.08,24572
2016-01-14/00:00:00,3.08,2.96,2.78,2.92,49255
2016-01-17/00:00:00,2.92,2.95,2.79,2.91,156076
2016-01-18/00:00:00,2.91,2.99,2.91,2.95,160310
2016-01-19/00:00:00,2.95,3.02,2.96,3.0,145550
2016-01-20/00:00:00,3.0,2.9,2.78,2.84,36175
2016-01-21/00:00:00,2.84,2.87,2.77,2.81,504349
2016-01-24/00:00:00,2.81,2.97,2.83,2.92,186270
2016-01-26/00:00:00,2.92,2.91,2.87,2.9,134134
2016-01-27/00:00:00,2.9,2.98,2.88,2.94,268847
2016-01-28/00:00:00,2.94,2.92,2.88,2.91,19369
2016-01-31/00:00:00,2.91,2.92,2.91,2.92,40332
2016-02-01/00:00:00,2.92,2.94,2.87,2.92,91008
2016-02-02/00:00:00,2.92,3.03,2.89,2.96,350496
2016-02-03/00:00:00,2.96,3.06,2.92,2.99,464534
2016-02-04/00:00:00,2.99,3.01,2.92,2.97,181324
2016-02-07/00:00:00,2.97,2.97,2.92,2.96,46478
2016-02-08/00:00:00,2.96,2.94,2.84,2.87,23936
2016-02-09/00:00:00,2.87,2.88,2.78,2.85,166462
2016-02-10/00:00:00,2.85,2.87,2.81,2.83,24566
2016-02-11/00:00:00,2.83,2.8,2.63,2.77,104258
2016-02-14/00:00:00,2.77,2.77,2.7,2.77,31944
2016-02-15/00:00:00,2.77,2.77,2.73,2.77,109901
2016-02-16/00:00:00,2.77,2.77,2.66,2.7,642936
2016-02-17/00:00:00,2.7,2.7,2.58,2.64,191058
2016-02-18/00:00:00,2.64,2.7,2.57,2.62,436883
2016-02-21/00:00:00,2.62,2.62,2.49,2.53,684348
2016-02-22/00:00:00,2.53,2.7,2.52,2.62,881465
2016-02-23/00:00:00,2.62,2.7,2.58,2.64,710184
2016-02-24/00:00:00,2.64,2.65,2.61,2.63,457508
2016-02-25/00:00:00,2.63,2.84,2.63,2.74,2422632
2016-02-28/00:00:00,2.74,2.83,2.72,2.77,1612067
2016-02-29/00:00:00,2.77,2.77,2.65,2.72,886231
2016-03-01/00:00:00,2.72,2.71,2.63,2.66,526692
2016-03-02/00:00:00,2.66,2.67,2.52,2.61,882425
2016-03-03/00:00:00,2.61,2.62,2.51,2.56,979799
2016-03-06/00:00:00,2.56,2.65,2.57,2.6,414769
2016-03-07/00:00:00,2.6,2.65,2.57,2.63,662130
2016-03-08/00:00:00,2.63,2.68,2.57,2.62,531888
2016-03-09/00:00:00,2.62,2.72,2.58,2.66,731359
2016-03-10/00:00:00,2.66,2.78,2.67,2.72,1044323
2016-03-13/00:00:00,2.72,2.87,2.67,2.81,1501538
2016-03-14/00:00:00,2.81,2.93,2.81,2.87,1258553
2016-03-15/00:00:00,2.87,2.92,2.8,2.85,835440
2016-03-16/00:00:00,2.85,3.0,2.84,2.92,1471448
2016-03-17/00:00:00,2.92,3.02,2.89,2.97,859394
2016-03-20/00:00:00,2.97,2.94,2.8,2.85,274426
2016-03-21/00:00:00,2.85,2.92,2.83,2.89,323923
2016-03-22/00:00:00,2.89,2.94,2.82,2.87,318874
2016-03-23/00:00:00,2.87,2.9,2.82,2.87,294653
2016-03-24/00:00:00,2.87,2.89,2.82,2.86,257383
2016-03-27/00:00:00,2.86,2.99,2.83,2.91,516760
2016-03-28/00:00:00,2.91,2.91,2.83,2.87,414584
2016-03-29/00:00:00,2.87,2.97,2.87,2.91,528781
2016-03-30/00:00:00,2.91,2.88,2.82,2.85,313694
2016-03-31/00:00:00,2.85,2.87,2.84,2.85,111984
2016-04-03/00:00:00,2.85,2.9,2.83,2.87,334434
2016-04-04/00:00:00,2.87,3.06,2.84,2.98,1329355
2016-04-05/00:00:00,2.98,3.16,2.97,3.07,1012720
2016-04-06/00:00:00,3.07,3.04,2.84,2.94,667405
2016-04-07/00:00:00,2.94,2.97,2.91,2.96,208302
2016-04-10/00:00:00,2.96,2.9,2.82,2.85,329282
2016-04-11/00:00:00,2.85,2.92,2.82,2.85,105920
2016-04-12/00:00:00,2.85,2.87,2.8,2.82,185251
2016-04-13/00:00:00,2.82,2.93,2.8,2.82,571098
2016-04-14/00:00:00,2.82,2.88,2.77,2.82,448318
2016-04-17/00:00:00,2.82,2.87,2.81,2.83,252065
2016-04-18/00:00:00,2.83,2.97,2.81,2.91,762931
2016-04-19/00:00:00,2.91,2.97,2.84,2.92,396804
2016-04-20/00:00:00,2.92,2.92,2.87,2.89,518197
2016-04-21/00:00:00,2.89,2.95,2.87,2.89,272638
2016-04-24/00:00:00,2.89,2.94,2.82,2.89,315480
2016-04-26/00:00:00,2.89,3.0,2.89,2.93,457492
2016-04-27/00:00:00,2.93,2.91,2.8,2.85,286403
2016-04-28/00:00:00,2.85,2.94,2.84,2.87,218621
2016-05-03/00:00:00,2.87,2.84,2.7,2.76,474803
2016-05-04/00:00:00,2.76,2.78,2.7,2.74,168961
2016-05-05/00:00:00,2.74,2.87,2.73,2.8,407606
2016-05-08/00:00:00,2.8,2.82,2.77,2.78,203586
2016-05-09/00:00:00,2.78,2.79,2.74,2.77,342228
2016-05-10/00:00:00,2.77,2.81,2.68,2.73,270900
2016-05-11/00:00:00,2.73,2.73,2.65,2.68,231863
2016-05-12/00:00:00,2.68,2.77,2.67,2.72,201181
2016-05-15/00:00:00,2.72,2.72,2.6,2.65,150458
2016-05-16/00:00:00,2.65,2.7,2.62,2.65,83281
2016-05-17/00:00:00,2.65,2.7,2.64,2.7,256116
2016-05-18/00:00:00,2.7,2.73,2.65,2.68,239478
2016-05-19/00:00:00,2.68,2.7,2.64,2.67,85248
2016-05-22/00:00:00,2.67,2.7,2.57,2.65,345020
2016-05-23/00:00:00,2.65,2.67,2.57,2.61,317210
2016-05-24/00:00:00,2.61,2.72,2.63,2.68,271733
2016-05-25/00:00:00,2.68,2.73,2.66,2.71,260298
2016-05-26/00:00:00,2.71,2.7,2.63,2.66,153948
2016-05-29/00:00:00,2.66,2.66,2.64,2.65,25404
2016-05-30/00:00:00,2.65,2.65,2.59,2.62,133774
2016-05-31/00:00:00,2.62,2.63,2.52,2.57,245898
2016-06-01/00:00:00,2.57,2.65,2.57,2.62,261281
2016-06-02/00:00:00,2.62,2.65,2.58,2.61,89828
2016-06-05/00:00:00,2.61,2.67,2.59,2.61,115603
2016-06-06/00:00:00,2.61,2.63,2.6,2.62,32003
2016-06-07/00:00:00,2.62,2.67,2.6,2.64,102224
2016-06-08/00:00:00,2.64,2.77,2.61,2.72,605413
2016-06-09/00:00:00,2.72,2.72,2.65,2.7,42047
2016-06-12/00:00:00,2.7,2.66,2.63,2.63,127196
2016-06-13/00:00:00,2.63,2.63,2.6,2.62,81818
2016-06-14/00:00:00,2.62,2.6,2.57,2.57,155039
2016-06-15/00:00:00,2.57,2.59,2.53,2.57,121477
2016-06-16/00:00:00,2.57,2.57,2.53,2.57,94891
2016-06-19/00:00:00,2.57,2.57,2.49,2.51,147571
2016-06-20/00:00:00,2.51,2.57,2.47,2.5,87809
2016-06-21/00:00:00,2.5,2.56,2.42,2.48,113228
2016-06-22/00:00:00,2.48,2.48,2.42,2.43,55892
2016-06-23/00:00:00,2.43,2.5,2.44,2.47,26477
2016-06-26/00:00:00,2.47,2.36,2.23,2.3,80800
2016-06-27/00:00:00,2.3,2.35,2.29,2.33,96192
2016-06-28/00:00:00,2.33,2.49,2.3,2.37,28854
2016-06-29/00:00:00,2.37,2.48,2.36,2.37,10124
2016-07-04/00:00:00,2.37,2.5,2.39,2.46,162386
2016-07-10/00:00:00,2.46,2.57,2.46,2.54,168140
2016-07-11/00:00:00,2.54,2.54,2.41,2.44,335068
2016-07-12/00:00:00,2.44,2.46,2.38,2.39,638497
2016-07-13/00:00:00,2.39,2.47,2.41,2.43,196741
2016-07-14/00:00:00,2.43,2.47,2.42,2.44,124140
2016-07-17/00:00:00,2.44,2.5,2.42,2.47,220295
2016-07-18/00:00:00,2.47,2.53,2.46,2.49,245995
2016-07-19/00:00:00,2.49,2.59,2.49,2.56,327566
2016-07-20/00:00:00,2.56,2.62,2.49,2.53,275912
2016-07-21/00:00:00,2.53,2.57,2.52,2.54,137494
2016-07-24/00:00:00,2.54,2.57,2.47,2.52,86898
2016-07-25/00:00:00,2.52,2.56,2.49,2.53,82259
2016-07-26/00:00:00,2.53,2.57,2.49,2.53,154364
2016-07-27/00:00:00,2.53,2.63,2.52,2.59,344755
2016-07-28/00:00:00,2.59,2.65,2.57,2.6,461992
2016-07-31/00:00:00,2.6,2.59,2.52,2.57,115781
2016-08-01/00:00:00,2.57,2.59,2.52,2.57,96125
2016-08-02/00:00:00,2.57,2.57,2.53,2.56,73882
2016-08-03/00:00:00,2.56,2.7,2.5,2.62,401411
2016-08-04/00:00:00,2.62,2.7,2.63,2.66,504497
2016-08-07/00:00:00,2.66,2.76,2.66,2.72,577232
2016-08-08/00:00:00,2.72,2.91,2.76,2.82,1366799
2016-08-09/00:00:00,2.82,2.83,2.74,2.77,163123
2016-08-10/00:00:00,2.77,2.85,2.73,2.79,501110
2016-08-11/00:00:00,2.79,2.83,2.73,2.79,655590
2016-08-14/00:00:00,2.79,2.83,2.77,2.8,132374
2016-08-15/00:00:00,2.8,2.88,2.79,2.83,601584
2016-08-16/00:00:00,2.83,2.83,2.77,2.8,217342
2016-08-17/00:00:00,2.8,2.82,2.78,2.78,27752
2016-08-18/00:00:00,2.78,2.82,2.77,2.77,106704
2016-08-21/00:00:00,2.77,2.99,2.77,2.92,1101298
2016-08-22/00:00:00,2.92,3.0,2.88,2.96,1780769
2016-08-23/00:00:00,2.96,2.96,2.87,2.91,280081
2016-08-24/00:00:00,2.91,2.91,2.81,2.87,233735
2016-08-25/00:00:00,2.87,2.82,2.7,2.77,813905
2016-08-28/00:00:00,2.77,2.72,2.65,2.67,149076
2016-08-29/00:00:00,2.67,2.71,2.61,2.65,193036
2016-08-30/00:00:00,2.65,2.73,2.63,2.67,285718
2016-08-31/00:00:00,2.67,2.73,2.65,2.67,141942
2016-09-01/00:00:00,2.67,2.7,2.65,2.67,162263
2016-09-04/00:00:00,2.67,2.73,2.66,2.69,235867
2016-09-05/00:00:00,2.69,2.71,2.65,2.67,250254
2016-09-06/00:00:00,2.67,2.65,2.57,2.62,142594
2016-09-07/00:00:00,2.62,2.58,2.42,2.52,269305
2016-09-08/00:00:00,2.52,2.66,2.57,2.62,343123
2016-09-14/00:00:00,2.62,2.6,2.57,2.58,181576
2016-09-15/00:00:00,2.58,2.59,2.49,2.55,300763
2016-09-18/00:00:00,2.55,2.52,2.49,2.5,31428
2016-09-19/00:00:00,2.5,2.65,2.49,2.57,571158
2016-09-20/00:00:00,2.57,2.63,2.53,2.58,148646
2016-09-21/00:00:00,2.58,2.57,2.49,2.53,183478
2016-09-22/00:00:00,2.53,2.56,2.49,2.51,183344
2016-09-25/00:00:00,2.51,2.55,2.49,2.5,77531
2016-09-26/00:00:00,2.5,2.57,2.52,2.55,214732
2016-09-27/00:00:00,2.55,2.51,2.47,2.49,117281
2016-09-28/00:00:00,2.49,2.49,2.44,2.47,49122
2016-09-29/00:00:00,2.47,2.48,2.42,2.44,108293
2016-10-03/00:00:00,2.44,2.57,2.49,2.52,175840
2016-10-04/00:00:00,2.52,2.57,2.49,2.52,148460
2016-10-05/00:00:00,2.52,2.58,2.49,2.56,377687
2016-10-09/00:00:00,2.56,2.55,2.46,2.49,415722
2016-10-10/00:00:00,2.49,2.49,2.39,2.43,117750
2016-10-11/00:00:00,2.43,2.42,2.37,2.42,170664
2016-10-12/00:00:00,2.42,2.42,2.37,2.39,274918
2016-10-13/00:00:00,2.39,2.46,2.39,2.42,345724
2016-10-16/00:00:00,2.42,2.47,2.32,2.39,165857
2016-10-17/00:00:00,2.39,2.37,2.27,2.31,315712
2016-10-18/00:00:00,2.31,2.32,2.22,2.27,134075
2016-10-19/00:00:00,2.27,2.24,2.17,2.22,130098
2016-10-20/00:00:00,2.22,2.28,2.21,2.24,136726
2016-10-23/00:00:00,2.24,2.22,2.18,2.19,23272
2016-10-24/00:00:00,2.19,2.28,2.19,2.23,204544
2016-10-25/00:00:00,2.23,2.27,2.22,2.22,276586
2016-10-26/00:00:00,2.22,2.25,2.21,2.22,162539
2016-10-27/00:00:00,2.22,2.32,2.25,2.28,216072
2016-10-30/00:00:00,2.28,2.29,2.25,2.27,87124
2016-10-31/00:00:00,2.27,2.3,2.25,2.28,178194
2016-11-01/00:00:00,2.28,2.32,2.28,2.29,424775
2016-11-02/00:00:00,2.29,2.38,2.29,2.32,156895
2016-11-03/00:00:00,2.32,2.47,2.36,2.42,1595988
2016-11-06/00:00:00,2.42,2.61,2.46,2.56,525322
2016-11-07/00:00:00,2.56,2.67,2.54,2.62,794974
2016-11-08/00:00:00,2.62,2.87,2.63,2.78,1492916
2016-11-09/00:00:00,2.78,2.94,2.75,2.86,1201384
2016-11-10/00:00:00,2.86,3.14,2.91,3.07,2116360
2016-11-13/00:00:00,3.07,3.32,3.06,3.19,1744949
2016-11-14/00:00:00,3.19,3.52,3.08,3.41,3663947
2016-11-15/00:00:00,3.41,3.61,3.44,3.52,1959314
2016-11-16/00:00:00,3.52,3.66,3.52,3.58,1835504
2016-11-17/00:00:00,3.58,3.69,3.4,3.56,2296147
2016-11-20/00:00:00,3.56,3.53,3.42,3.49,533872
2016-11-21/00:00:00,3.49,3.66,3.51,3.57,999800
2016-11-22/00:00:00,3.62,3.63,3.35,3.5,1818466
2016-11-23/00:00:00,3.5,3.58,3.35,3.5,943253
2016-11-24/00:00:00,3.5,3.54,3.39,3.44,671860
2016-11-27/00:00:00,3.44,3.48,3.35,3.42,229256
2016-11-28/00:00:00,3.42,3.47,3.35,3.42,267619
2016-11-29/00:00:00,3.42,3.46,3.32,3.42,203821
2016-11-30/00:00:00,3.42,3.52,3.42,3.47,359662
2016-12-01/00:00:00,3.47,3.54,3.42,3.47,835055
2016-12-04/00:00:00,3.47,3.52,3.42,3.47,299635
2016-12-05/00:00:00,3.47,3.75,3.42,3.64,2665694
2016-12-06/00:00:00,3.64,3.73,3.58,3.66,816576
2016-12-07/00:00:00,3.66,3.65,3.39,3.47,950084
2016-12-08/00:00:00,3.47,3.5,3.39,3.46,390370
2016-12-12/00:00:00,3.46,3.49,3.42,3.47,209464
2016-12-13/00:00:00,3.47,3.62,3.48,3.56,960194
2016-12-14/00:00:00,3.56,3.67,3.46,3.56,2947639
2016-12-15/00:00:00,3.56,3.56,3.49,3.52,144650
2016-12-18/00:00:00,3.52,3.59,3.49,3.52,318478
2016-12-19/00:00:00,3.52,3.61,3.49,3.56,962515
2016-12-20/00:00:00,3.56,3.91,3.53,3.78,3691712
2016-12-21/00:00:00,3.78,4.16,3.95,4.14,1974468
2016-12-22/00:00:00,4.14,4.29,4.02,4.15,1251929
2016-12-25/00:00:00,4.15,4.18,3.91,3.99,461969
2016-12-26/00:00:00,3.99,4.39,3.87,4.26,1984921
2016-12-27/00:00:00,4.26,4.68,4.3,4.6,2405578
2016-12-28/00:00:00,4.6,5.06,4.73,4.95,1523030
2016-12-29/00:00:00,4.95,5.05,4.69,4.86,1725898
2017-01-02/00:00:00,4.86,5.34,4.81,5.12,2239612
2017-01-03/00:00:00,5.12,5.53,5.24,5.42,1098953
2017-01-04/00:00:00,5.42,5.61,5.29,5.43,1187136
2017-01-05/00:00:00,5.43,5.4,5.17,5.27,1054404
2017-01-08/00:00:00,5.27,5.34,5.02,5.17,1000621
2017-01-09/00:00:00,5.17,5.52,5.04,5.34,2471878
2017-01-10/00:00:00,5.4,5.61,5.25,5.46,3389672
2017-01-11/00:00:00,5.46,5.77,5.37,5.61,3348973
2017-01-12/00:00:00,5.61,6.17,5.67,5.92,3436481
2017-01-15/00:00:00,5.92,6.35,6.07,6.18,960000
2017-01-16/00:00:00,6.18,6.5,6.0,6.3,2686904
2017-01-17/00:00:00,6.3,6.66,6.32,6.5,2229910
2017-01-18/00:00:00,6.5,6.5,5.86,6.15,2851548
2017-01-19/00:00:00,6.15,6.04,5.54,5.64,3289984
2017-01-22/00:00:00,5.64,5.87,5.41,5.7,2883326
2017-01-23/00:00:00,5.7,5.97,5.68,5.83,1498900
2017-01-24/00:00:00,5.83,5.93,5.53,5.78,969924
2017-01-26/00:00:00,5.78,6.04,5.77,5.92,1753252
2017-01-29/00:00:00,5.92,6.0,5.64,5.82,1376321
2017-01-30/00:00:00,5.82,5.72,5.24,5.41,1595381
2017-01-31/00:00:00,5.41,5.31,4.89,5.08,1805912
2017-02-01/00:00:00,5.08,5.28,4.96,5.1,1049854
2017-02-02/00:00:00,5.1,5.34,5.07,5.2,1807628
2017-02-05/00:00:00,5.2,5.31,4.93,5.08,1044454
2017-02-06/00:00:00,5.08,5.05,4.83,4.95,844678
2017-02-07/00:00:00,4.95,5.44,4.98,5.27,2983352
2017-02-08/00:00:00,5.27,5.77,5.34,5.57,2610709
2017-02-09/00:00:00,5.57,5.77,5.29,5.52,2348600
2017-02-12/00:00:00,5.52,5.81,5.32,5.52,1989395
2017-02-13/00:00:00,5.52,5.45,5.12,5.26,2223383
2017-02-14/00:00:00,5.26,5.4,4.96,5.17,1493041
2017-02-15/00:00:00,5.17,5.26,5.04,5.17,1095620
2017-02-16/00:00:00,5.17,5.32,5.17,5.23,1169750
2017-02-19/00:00:00,5.23,5.75,5.38,5.74,1971043
2017-02-20/00:00:00,5.84,5.87,5.43,5.6,6903481
2017-02-21/00:00:00,5.56,5.6,5.29,5.43,3885503
2017-02-22/00:00:00,5.43,5.51,5.25,5.38,3252920
2017-02-23/00:00:00,5.38,5.42,4.87,5.1,2188429
2017-02-26/00:00:00,5.1,5.17,4.98,5.05,1289797
2017-02-27/00:00:00,5.05,5.05,4.68,4.85,1111169
2017-02-28/00:00:00,4.85,4.91,4.66,4.8,1336922
2017-03-01/00:00:00,4.8,4.87,4.7,4.77,1242858
2017-03-02/00:00:00,4.77,4.94,4.77,4.88,2027130
2017-03-05/00:00:00,4.88,5.14,4.92,5.06,2392154
2017-03-06/00:00:00,5.06,5.16,4.95,5.07,1304988
2017-03-07/00:00:00,5.07,5.53,5.1,5.31,6022410
2017-03-08/00:00:00,5.31,5.52,5.34,5.42,1544225
2017-03-09/00:00:00,5.42,5.48,5.33,5.41,1414999
2017-03-12/00:00:00,5.41,5.45,5.14,5.26,1648490
2017-03-13/00:00:00,5.26,5.27,5.09,5.17,1214491
2017-03-14/00:00:00,5.17,5.16,4.99,5.07,740112
2017-03-15/00:00:00,5.07,5.12,4.98,5.04,921600
2017-03-16/00:00:00,5.04,5.26,5.05,5.17,2788211
2017-03-19/00:00:00,5.17,5.3,5.19,5.26,1628299
2017-03-20/00:00:00,5.26,5.57,5.25,5.42,5353211
2017-03-21/00:00:00,5.42,5.87,5.53,5.73,4227656
2017-03-22/00:00:00,5.73,5.87,5.62,5.75,992539
2017-03-23/00:00:00,5.75,6.16,5.64,5.92,3424814
2017-03-26/00:00:00,5.92,6.3,6.05,6.18,1700933
2017-03-27/00:00:00,6.18,6.32,6.02,6.11,1500088
2017-03-28/00:00:00,6.11,6.43,6.02,6.25,2719536
2017-03-29/00:00:00,6.25,6.37,6.17,6.26,1047527
2017-03-30/00:00:00,6.26,6.43,6.22,6.33,2094097
2017-04-02/00:00:00,6.33,6.82,6.37,6.63,2412851
2017-04-03/00:00:00,6.63,7.28,6.67,7.06,2313985
2017-04-04/00:00:00,7.28,7.81,7.28,7.57,1268938
2017-04-05/00:00:00,7.57,7.81,7.37,7.61,1260892
2017-04-06/00:00:00,7.61,7.68,7.28,7.5,1547262
2017-04-09/00:00:00,7.5,7.54,7.02,7.32,1158730
2017-04-10/00:00:00,7.32,7.44,7.2,7.33,483535
2017-04-11/00:00:00,7.33,7.71,7.37,7.53,2145430
2017-04-12/00:00:00,7.53,7.57,7.12,7.32,840341
2017-04-13/00:00:00,7.32,7.35,7.17,7.24,443966
2017-04-18/00:00:00,7.24,7.37,6.82,7.09,532878
2017-04-19/00:00:00,7.09,7.01,6.74,6.87,370680
2017-04-20/00:00:00,6.87,7.4,6.87,7.15,1649165
2017-04-23/00:00:00,7.15,7.45,6.92,7.17,1494960
2017-04-24/00:00:00,7.17,7.15,6.65,6.94,856757
2017-04-26/00:00:00,6.94,7.19,6.82,7.02,1238122
2017-04-27/00:00:00,7.02,7.26,6.93,7.1,1523516
2017-04-30/00:00:00,7.1,7.22,6.99,7.1,449734
2017-05-02/00:00:00,7.1,7.23,6.93,7.1,816439
2017-05-03/00:00:00,7.1,7.17,6.99,7.08,832146
2017-05-04/00:00:00,7.08,7.61,7.15,7.3,4049232
2017-05-07/00:00:00,7.75,8.08,7.7,7.87,2244202
2017-05-08/00:00:00,7.87,8.3,7.95,8.13,2315088
2017-05-09/00:00:00,8.13,8.23,7.87,7.99,2139389
2017-05-10/00:00:00,7.99,8.23,7.87,8.06,1408652
2017-05-11/00:00:00,8.06,8.23,7.86,8.08,1023049
2017-05-14/00:00:00,8.08,8.16,7.93,7.98,521239
2017-05-15/00:00:00,7.98,8.07,7.63,7.8,1108265
2017-05-16/00:00:00,7.8,7.8,7.43,7.57,1356168
2017-05-17/00:00:00,7.57,7.63,7.2,7.41,1319936
2017-05-18/00:00:00,7.41,7.55,7.17,7.38,1232350
2017-05-21/00:00:00,7.38,7.67,7.42,7.55,788950
2017-05-22/00:00:00,7.55,7.41,6.79,6.91,2630868
2017-05-23/00:00:00,6.91,6.92,6.7,6.79,2477576
2017-05-24/00:00:00,6.79,7.18,6.78,7.0,3545912
2017-05-25/00:00:00,7.0,7.42,7.19,7.3,1893364
2017-05-28/00:00:00,7.3,7.45,7.22,7.31,424966
2017-05-29/00:00:00,7.31,7.33,6.99,7.14,1344404
2017-05-30/00:00:00,7.14,7.14,6.94,7.01,784876
2017-05-31/00:00:00,7.01,7.12,6.88,7.01,1091796
2017-06-01/00:00:00,7.01,7.07,6.93,7.01,677189
2017-06-04/00:00:00,7.01,7.18,7.04,7.11,644680
2017-06-05/00:00:00,7.11,7.17,7.02,7.12,492848
2017-06-06/00:00:00,7.12,7.26,7.06,7.21,904361
2017-06-07/00:00:00,7.21,7.68,7.13,7.41,3443053
2017-06-08/00:00:00,7.41,7.82,7.42,7.57,837863
2017-06-11/00:00:00,7.57,7.61,7.43,7.54,707575
2017-06-12/00:00:00,7.54,7.47,7.26,7.36,337248
2017-06-13/00:00:00,7.36,7.3,7.12,7.23,2105184
2017-06-14/00:00:00,7.23,7.34,7.11,7.22,1957052
2017-06-15/00:00:00,7.22,7.22,7.02,7.07,680221
2017-06-18/00:00:00,7.07,7.19,7.05,7.12,1208696
2017-06-19/00:00:00,7.12,7.26,7.12,7.18,1326012
2017-06-20/00:00:00,7.18,7.26,7.07,7.18,705749
2017-06-21/00:00:00,7.18,7.16,6.94,7.02,1024854
2017-06-22/00:00:00,7.02,7.11,6.79,6.94,1876195
2017-06-28/00:00:00,6.94,7.08,6.81,6.96,939234
2017-07-02/00:00:00,6.96,7.2,7.02,7.13,542653
2017-07-03/00:00:00,7.13,7.12,7.0,7.07,298444
2017-07-04/00:00:00,7.07,7.21,7.06,7.14,1014236
2017-07-05/00:00:00,7.14,7.43,7.17,7.31,2053715
2017-07-06/00:00:00,7.31,7.26,7.02,7.11,676633
2017-07-09/00:00:00,7.11,7.36,6.92,7.21,1728460
2017-07-10/00:00:00,7.21,7.42,7.21,7.34,955962
2017-07-11/00:00:00,7.34,7.37,7.08,7.22,852785
2017-07-12/00:00:00,7.22,7.26,7.02,7.09,398618
2017-07-13/00:00:00,7.09,7.26,7.07,7.12,534091
2017-07-16/00:00:00,7.12,7.33,7.07,7.2,791435
2017-07-17/00:00:00,7.2,7.32,7.17,7.27,1595381
2017-07-18/00:00:00,7.27,7.26,6.98,7.12,832750
2017-07-19/00:00:00,7.12,7.15,7.0,7.07,1005256
2017-07-20/00:00:00,7.07,7.15,6.99,7.06,328216
2017-07-24/00:00:00,7.06,7.17,7.02,7.08,527119
2017-07-25/00:00:00,7.08,7.1,6.98,7.03,200363
2017-07-26/00:00:00,7.03,7.15,7.02,7.08,280042
2017-07-27/00:00:00,7.08,7.06,6.78,6.92,552460
2017-07-30/00:00:00,6.92,6.92,6.64,6.75,1041952
2017-07-31/00:00:00,6.75,6.84,6.6,6.72,378606
2017-08-01/00:00:00,6.72,6.81,6.61,6.7,310254
2017-08-02/00:00:00,6.7,6.79,6.59,6.71,444770
2017-08-03/00:00:00,6.71,6.73,6.64,6.67,452647
2017-08-06/00:00:00,6.67,6.87,6.72,6.79,319170
2017-08-07/00:00:00,6.79,6.87,6.68,6.76,380980
2017-08-08/00:00:00,6.76,6.86,6.72,6.81,373051
2017-08-09/00:00:00,6.81,7.48,6.86,7.24,4083391
2017-08-10/00:00:00,7.24,7.82,7.33,7.57,3427128
2017-08-13/00:00:00,7.57,7.68,7.35,7.52,1319270
2017-08-14/00:00:00,7.52,7.68,7.33,7.44,1534510
2017-08-15/00:00:00,7.44,7.54,7.27,7.4,741626
2017-08-16/00:00:00,7.4,7.46,7.23,7.3,1106034
2017-08-17/00:00:00,7.3,7.38,7.12,7.24,985013
2017-08-20/00:00:00,7.24,7.32,6.92,7.07,437465
2017-08-21/00:00:00,7.07,7.17,6.95,7.09,209402
2017-08-22/00:00:00,7.09,7.08,7.01,7.03,63482
2017-08-23/00:00:00,7.03,7.13,6.93,7.02,246734
2017-08-24/00:00:00,7.02,7.08,6.92,7.02,196948
2017-08-27/00:00:00,7.02,7.15,6.99,7.05,118946
2017-08-28/00:00:00,7.05,7.13,7.03,7.09,134026
2017-08-29/00:00:00,7.09,7.17,7.06,7.09,398230
2017-08-30/00:00:00,7.09,7.15,7.0,7.06,243224
2017-09-05/00:00:00,7.06,7.15,7.04,7.12,136618
2017-09-06/00:00:00,7.12,7.09,7.02,7.05,210756
2017-09-07/00:00:00,7.05,7.27,7.06,7.19,1273495
2017-09-10/00:00:00,7.19,7.32,7.12,7.23,520865
2017-09-11/00:00:00,7.23,7.26,7.15,7.21,358536
2017-09-12/00:00:00,7.21,7.26,7.17,7.18,255208
2017-09-13/00:00:00,7.18,7.41,7.12,7.32,857332
2017-09-14/00:00:00,7.32,7.43,7.25,7.34,579222
2017-09-17/00:00:00,7.34,7.33,7.22,7.26,170766
2017-09-18/00:00:00,7.26,7.26,7.12,7.15,1048338
2017-09-19/00:00:00,7.15,7.55,7.19,7.4,2653512
2017-09-20/00:00:00,7.4,8.12,7.48,8.02,3283700
2017-09-24/00:00:00,8.02,8.81,8.33,8.57,1424794
2017-09-25/00:00:00,8.57,9.43,8.64,9.25,3447646
2017-09-26/00:00:00,9.25,10.02,9.34,9.54,1816134
2017-09-27/00:00:00,9.54,10.48,9.37,9.95,2350242
2017-09-28/00:00:00,9.95,10.93,10.03,10.34,1461049
2017-10-01/00:00:00,10.34,10.57,10.03,10.25,1114222
2017-10-02/00:00:00,10.25,10.55,9.41,9.9,2203505
2017-10-03/00:00:00,9.9,10.27,9.41,9.86,2179393
2017-10-04/00:00:00,9.86,10.08,8.92,9.3,5125777
2017-10-08/00:00:00,9.3,9.65,9.2,9.4,2539436
2017-10-09/00:00:00,9.4,9.54,8.97,9.15,1943806
2017-10-10/00:00:00,9.15,9.08,8.71,8.86,3131900
2017-10-11/00:00:00,8.86,9.24,8.88,9.09,2258284
2017-10-12/00:00:00,9.09,9.34,9.07,9.25,2287530
2017-10-15/00:00:00,9.25,9.49,9.22,9.38,1872793
2017-10-16/00:00:00,9.38,9.41,8.64,8.97,1804250
2017-10-17/00:00:00,8.97,9.08,8.67,8.92,1072326
2017-10-18/00:00:00,8.92,9.31,8.92,9.09,1728647
2017-10-19/00:00:00,9.09,9.36,8.87,9.19,2937732
2017-10-22/00:00:00,9.19,9.41,9.14,9.26,1019352
2017-10-23/00:00:00,9.26,9.37,9.17,9.29,1165652
2017-10-24/00:00:00,9.29,9.44,9.08,9.25,1007149
2017-10-25/00:00:00,9.25,9.27,9.07,9.17,593442
2017-10-26/00:00:00,9.17,9.25,9.07,9.14,613330
2017-10-29/00:00:00,9.14,9.18,8.97,9.01,811865
2017-10-30/00:00:00,9.01,9.24,8.99,9.12,738617
2017-10-31/00:00:00,9.12,9.94,9.2,9.6,4826663
2017-11-01/00:00:00,9.9,10.09,9.68,9.89,1495639
2017-11-02/00:00:00,9.89,9.87,9.55,9.71,671261
2017-11-05/00:00:00,9.71,9.69,9.29,9.55,648518
2017-11-06/00:00:00,9.55,9.66,9.09,9.4,1029478
2017-11-07/00:00:00,9.4,9.34,8.96,9.11,1684727
2017-11-08/00:00:00,9.11,9.24,9.07,9.17,549178
2017-11-09/00:00:00,9.17,9.47,9.09,9.29,582557
2017-11-12/00:00:00,9.29,9.81,9.26,9.57,2389891
2017-11-13/00:00:00,9.57,9.82,9.52,9.66,1665739
2017-11-14/00:00:00,9.66,10.41,9.58,10.15,3027337
2017-11-15/00:00:00,10.15,10.65,10.18,10.43,2392466
2017-11-16/00:00:00,10.43,10.52,9.96,10.21,1465040
2017-11-19/00:00:00,10.21,10.29,9.7,10.01,1512601
2017-11-20/00:00:00,10.01,9.86,9.36,9.64,1667948
2017-11-21/00:00:00,9.64,9.77,9.46,9.61,699575
2017-11-22/00:00:00,9.61,10.12,9.55,9.87,1232418
2017-11-23/00:00:00,9.87,10.3,9.97,10.15,1239528
2017-11-26/00:00:00,10.15,10.24,9.89,10.05,773407
2017-11-27/00:00:00,10.05,10.12,9.79,10.02,652984
2017-11-28/00:00:00,10.02,10.26,10.01,10.16,1152200
2017-11-29/00:00:00,10.16,10.17,9.89,9.99,712261
2017-12-03/00:00:00,9.99,10.1,9.92,10.04,290071
2017-12-04/00:00:00,10.04,10.04,9.92,9.97,954545
2017-12-05/00:00:00,9.97,10.02,9.88,9.95,288546
2017-12-06/00:00:00,9.95,10.17,9.87,10.02,419891
2017-12-07/00:00:00,10.02,10.27,9.89,10.15,733657
2017-12-10/00:00:00,10.15,10.47,10.11,10.32,762665
2017-12-11/00:00:00,10.59,11.1,10.47,10.81,2762513
2017-12-12/00:00:00,10.81,10.99,10.6,10.78,768190
2017-12-13/00:00:00,10.78,11.24,10.59,11.02,2342713
2017-12-14/00:00:00,11.02,11.0,10.76,10.82,721873
2017-12-17/00:00:00,10.82,11.02,10.73,10.86,492132
2017-12-18/00:00:00,10.86,11.05,10.72,10.86,475728
2017-12-19/00:00:00,10.86,11.15,10.74,11.05,1363884
2017-12-20/00:00:00,11.05,10.93,10.45,10.67,292596
2017-12-21/00:00:00,10.67,10.65,10.17,10.32,806286
2017-12-24/00:00:00,10.32,10.79,10.48,10.65,1056859
2017-12-25/00:00:00,10.65,10.72,10.42,10.53,266150
2017-12-26/00:00:00,10.53,10.72,10.32,10.51,629093
2017-12-27/00:00:00,10.51,10.62,10.31,10.47,328346
2017-12-28/00:00:00,10.47,10.93,10.41,10.77,1321954
2017-12-31/00:00:00,10.77,10.88,10.65,10.74,488587
2018-01-02/00:00:00,10.74,10.87,10.72,10.77,141818
2018-01-03/00:00:00,10.77,10.92,10.57,10.67,332818
2018-01-04/00:00:00,10.67,10.71,10.32,10.47,399419
2018-01-08/00:00:00,10.47,11.23,10.38,10.84,1223610
2018-01-09/00:00:00,10.84,11.22,10.93,11.11,688574
2018-01-10/00:00:00,11.11,11.62,10.95,11.37,1481651
2018-01-11/00:00:00,11.37,11.59,11.32,11.46,525403
2018-01-14/00:00:00,11.46,11.82,11.28,11.54,938225
2018-01-15/00:00:00,11.54,11.52,11.18,11.32,360994
2018-01-16/00:00:00,11.32,11.42,11.17,11.25,109178
2018-01-17/00:00:00,11.25,11.77,11.4,11.66,964055
2018-01-18/00:00:00,11.66,12.01,11.76,11.87,633504
2018-01-21/00:00:00,11.87,11.79,11.52,11.6,165448
2018-01-22/00:00:00,11.6,11.75,11.24,11.4,151008
2018-01-23/00:00:00,11.4,11.69,11.37,11.48,122144
2018-01-24/00:00:00,11.48,11.77,11.42,11.68,819542
2018-01-28/00:00:00,11.68,11.79,11.48,11.74,234793
2018-01-29/00:00:00,11.74,11.93,11.62,11.77,602476
2018-01-30/00:00:00,11.77,11.9,11.42,11.7,513335
2018-01-31/00:00:00,11.7,11.77,11.14,11.44,885750
2018-02-01/00:00:00,11.44,11.52,11.12,11.39,598573
2018-02-04/00:00:00,11.39,11.55,11.02,11.28,216422
2018-02-05/00:00:00,11.28,11.38,10.95,11.14,233882
2018-02-06/00:00:00,11.14,10.93,10.26,10.67,924960
2018-02-07/00:00:00,10.67,11.0,10.59,10.78,346514
2018-02-08/00:00:00,10.78,10.87,10.23,10.39,805973
2018-02-11/00:00:00,10.39,10.49,9.97,10.2,676072
2018-02-12/00:00:00,10.2,10.71,10.24,10.5,1274188
2018-02-13/00:00:00,10.5,10.64,10.12,10.37,572982
2018-02-14/00:00:00,10.37,10.42,10.14,10.32,184843
2018-02-15/00:00:00,10.32,10.47,10.04,10.29,540696
2018-02-18/00:00:00,10.29,10.54,10.17,10.3,418922
2018-02-19/00:00:00,10.3,10.57,10.27,10.42,730091
2018-02-20/00:00:00,10.42,10.82,10.31,10.59,1548053
2018-02-21/00:00:00,10.59,11.12,10.67,10.93,977495
2018-02-22/00:00:00,10.93,12.02,10.69,11.7,2513149
2018-02-25/00:00:00,11.7,11.97,11.55,11.75,830248
2018-02-26/00:00:00,11.75,12.57,11.74,12.22,1568347
2018-02-27/00:00:00,12.22,12.46,12.15,12.32,525161
2018-02-28/00:00:00,12.32,13.0,12.14,12.57,635460
2018-03-01/00:00:00,12.57,12.42,11.78,12.09,403330
2018-03-04/00:00:00,12.09,12.17,11.86,12.02,169024
2018-03-05/00:00:00,12.02,12.23,11.97,12.12,140824
2018-03-06/00:00:00,12.12,12.44,12.03,12.24,374540
2018-03-07/00:00:00,12.24,12.38,12.07,12.24,371353
2018-03-08/00:00:00,12.24,12.24,11.89,11.99,157170
2018-03-11/00:00:00,11.99,12.17,11.77,11.85,160598
2018-03-12/00:00:00,11.85,12.46,11.77,12.22,962752
2018-03-13/00:00:00,12.22,12.42,12.15,12.31,191762
2018-03-14/00:00:00,12.31,12.73,12.12,12.4,950339
2018-03-15/00:00:00,12.4,12.62,12.12,12.46,513341
2018-03-18/00:00:00,12.46,12.5,12.17,12.36,123773
2018-03-19/00:00:00,12.36,12.34,11.86,11.98,198958
2018-03-20/00:00:00,11.98,12.32,11.92,12.08,194028
2018-03-21/00:00:00,12.08,12.14,12.03,12.08,33895
2018-03-22/00:00:00,12.08,12.08,11.87,11.95,66564
2018-03-25/00:00:00,11.95,11.97,11.8,11.86,26300
2018-03-26/00:00:00,11.86,11.9,11.56,11.67,108419
2018-03-27/00:00:00,11.67,11.79,11.42,11.51,167801
2018-03-28/00:00:00,11.51,11.66,11.0,11.15,369955
2018-03-29/00:00:00,11.15,11.51,11.14,11.32,470768
2018-04-01/00:00:00,11.32,11.52,11.18,11.32,107650
2018-04-02/00:00:00,11.32,11.37,11.07,11.2,257965
2018-04-03/00:00:00,11.2,11.14,10.91,11.03,418248
2018-04-04/00:00:00,11.03,11.07,10.73,10.89,211195
2018-04-05/00:00:00,10.89,10.79,10.52,10.56,376667
2018-04-10/00:00:00,10.56,11.07,10.58,10.87,182449
2018-04-11/00:00:00,10.87,11.07,10.46,10.69,519656
2018-04-12/00:00:00,10.69,10.72,10.38,10.57,195677
2018-04-15/00:00:00,10.57,10.72,10.47,10.62,143738
2018-04-16/00:00:00,10.62,10.87,10.58,10.78,366196
2018-04-17/00:00:00,10.78,11.58,10.86,11.34,1433496
2018-04-18/00:00:00,11.34,11.55,11.0,11.2,1148120
2018-04-19/00:00:00,11.2,11.42,11.01,11.17,618256
2018-04-22/00:00:00,11.17,11.47,11.07,11.24,221050
2018-04-23/00:00:00,11.24,11.49,11.07,11.36,431204
2018-04-24/00:00:00,11.52,12.17,11.52,11.89,1833178
2018-04-26/00:00:00,11.89,13.07,12.07,12.62,1825861
2018-04-29/00:00:00,12.62,12.87,12.19,12.46,385658
2018-04-30/00:00:00,12.46,12.42,11.93,12.05,151355
2018-05-02/00:00:00,12.05,12.59,10.85,12.25,418912
2018-05-03/00:00:00,12.25,12.27,12.0,12.16,259704
2018-05-06/00:00:00,12.16,12.07,11.66,11.87,106046
2018-05-07/00:00:00,11.87,11.99,11.66,11.77,875794
2018-05-08/00:00:00,11.77,11.93,11.55,11.84,500669
2018-05-09/00:00:00,11.84,11.81,11.34,11.64,439296
2018-05-10/00:00:00,11.64,11.56,11.34,11.43,662922
2018-05-13/00:00:00,11.43,11.96,11.22,11.67,63317
2018-05-14/00:00:00,11.67,12.21,11.6,11.92,644761
2018-05-15/00:00:00,11.92,11.97,11.64,11.77,303160
2018-05-16/00:00:00,11.77,12.04,11.77,11.87,167977
2018-05-17/00:00:00,11.87,11.86,11.79,11.83,5558
2018-05-20/00:00:00,11.83,12.08,11.77,11.85,124144
2018-05-21/00:00:00,11.85,12.21,11.83,12.03,257171
2018-05-22/00:00:00,12.03,12.24,11.9,12.08,1101205
2018-05-23/00:00:00,12.08,12.01,11.77,11.77,80128
2018-05-24/00:00:00,11.77,11.97,11.86,11.86,343120
2018-05-27/00:00:00,11.86,12.07,11.93,11.97,4046
2018-05-28/00:00:00,11.97,12.24,11.65,11.9,267976
2018-05-29/00:00:00,11.9,12.21,11.87,11.94,261936
2018-05-30/00:00:00,11.94,11.84,11.69,11.77,58793
2018-05-31/00:00:00,11.77,11.9,11.55,11.67,215483
2018-06-03/00:00:00,11.67,11.93,11.62,11.7,11057
2018-06-04/00:00:00,11.7,12.23,11.12,11.81,208265
2018-06-05/00:00:00,11.81,11.68,10.92,11.46,23371
2018-06-06/00:00:00,11.46,11.34,10.72,11.01,459900
2018-06-07/00:00:00,11.01,11.07,10.61,10.95,129263
2018-06-10/00:00:00,10.95,11.08,10.93,11.0,10370
2018-06-11/00:00:00,11.0,11.34,11.0,11.18,12232
2018-06-12/00:00:00,11.18,11.45,11.17,11.38,28237
2018-06-13/00:00:00,11.38,11.78,11.24,11.52,189680
2018-06-14/00:00:00,11.52,11.77,11.32,11.73,41574
2018-06-19/00:00:00,11.73,11.85,11.6,11.72,31717
2018-06-20/00:00:00,11.72,12.58,11.83,12.33,407418
2018-06-21/00:00:00,12.33,12.62,12.28,12.48,76182
2018-06-24/00:00:00,12.48,12.37,12.16,12.28,42485
2018-06-25/00:00:00,12.28,12.28,11.84,12.11,52951
2018-06-26/00:00:00,12.11,12.11,11.85,12.03,31711
2018-06-27/00:00:00,12.03,12.45,12.17,12.28,162470
2018-06-28/00:00:00,12.28,12.46,12.37,12.46,160688
2018-07-02/00:00:00,12.46,12.54,12.38,12.47,25316
2018-07-03/00:00:00,12.47,12.51,12.17,12.41,138688
2018-07-04/00:00:00,12.41,12.32,12.19,12.24,18430
2018-07-05/00:00:00,12.24,12.44,11.94,12.17,108124
2018-07-08/00:00:00,12.17,12.38,11.52,11.68,67501
2018-07-09/00:00:00,11.68,12.1,11.48,11.95,46003
2018-07-10/00:00:00,11.95,11.97,11.93,11.94,20958
2018-07-11/00:00:00,11.94,11.94,11.9,11.94,154476
2018-07-12/00:00:00,11.94,11.93,11.62,11.9,19051
2018-07-15/00:00:00,11.9,12.11,11.84,12.06,61044
2018-07-16/00:00:00,12.06,12.24,11.77,12.09,53712
2018-07-17/00:00:00,12.09,11.93,11.52,11.69,31152
2018-07-18/00:00:00,11.69,11.93,11.93,11.69,1879
2018-07-19/00:00:00,11.69,12.05,11.67,11.69,10272
2018-07-22/00:00:00,11.69,11.65,11.52,11.58,15900
2018-07-24/00:00:00,11.58,12.03,11.62,11.87,8339
2018-07-25/00:00:00,11.87,11.52,11.52,11.87,1879
2018-07-26/00:00:00,11.87,11.76,11.27,11.47,281892
2018-07-29/00:00:00,11.47,11.79,11.42,11.52,64614
2018-07-30/00:00:00,11.52,11.48,11.25,11.41,193080
2018-07-31/00:00:00,11.41,11.55,11.24,11.45,173966
2018-08-01/00:00:00,11.45,11.7,11.32,11.46,74508
2018-08-02/00:00:00,11.46,11.83,11.27,11.73,81052
2018-08-05/00:00:00,11.73,11.77,11.55,11.59,3455
2018-08-06/00:00:00,11.59,11.55,11.42,11.48,18320
2018-08-07/00:00:00,11.48,11.86,11.55,11.76,29510
2018-08-08/00:00:00,11.76,12.38,11.77,12.15,147242
2018-08-09/00:00:00,12.15,12.17,11.83,12.08,158430
2018-08-12/00:00:00,12.08,11.97,11.77,11.81,21835
2018-08-13/00:00:00,11.81,11.93,11.51,11.7,28151
2018-08-14/00:00:00,11.7,11.52,11.22,11.42,11317
2018-08-15/00:00:00,11.42,11.77,11.42,11.55,12578
2018-08-16/00:00:00,11.55,12.04,11.77,12.03,72240
2018-08-26/00:00:00,12.03,12.03,11.77,12.03,2226
2018-08-27/00:00:00,12.03,11.93,11.77,11.77,10295
2018-08-28/00:00:00,11.77,12.11,11.77,11.91,16910
2018-08-29/00:00:00,11.91,12.11,11.77,12.0,36872
2018-08-30/00:00:00,12.0,12.11,11.83,12.03,26639
2018-09-03/00:00:00,12.03,12.11,11.77,12.11,21680
2018-09-04/00:00:00,12.11,11.77,11.52,11.69,3600
2018-09-05/00:00:00,11.69,11.77,11.32,11.44,256079
2018-09-06/00:00:00,11.44,12.03,11.42,11.43,287696
2018-09-09/00:00:00,11.43,12.0,11.38,11.42,135721
2018-09-10/00:00:00,11.42,11.39,11.27,11.33,13696
2018-09-12/00:00:00,11.33,11.42,11.27,11.29,4901
2018-09-13/00:00:00,11.29,11.42,11.07,11.31,45271
2018-09-16/00:00:00,11.31,11.07,10.93,11.01,3588
2018-09-17/00:00:00,11.01,11.06,10.72,10.79,218870
2018-09-18/00:00:00,10.79,10.97,10.07,10.66,12012
2018-09-19/00:00:00,10.66,11.72,9.69,10.42,57628
2018-09-20/00:00:00,10.42,10.9,9.69,9.86,24880
2018-09-23/00:00:00,9.86,10.82,10.38,10.4,53506
2018-09-24/00:00:00,10.4,10.39,10.09,10.37,87952
2018-09-25/00:00:00,10.37,10.38,10.0,10.32,50712
2018-09-26/00:00:00,10.32,10.64,10.22,10.38,125670
2018-09-27/00:00:00,10.38,10.87,10.24,10.37,208721
2018-09-30/00:00:00,10.37,10.62,10.03,10.12,7034
2018-10-01/00:00:00,10.12,10.37,9.82,10.23,3662
2018-10-02/00:00:00,10.23,9.87,9.77,9.85,269466
2018-10-03/00:00:00,9.85,10.03,9.6,9.76,240184
2018-10-04/00:00:00,9.76,9.69,9.31,9.39,279787
2018-10-08/00:00:00,9.39,9.09,8.46,8.52,364170
2018-10-09/00:00:00,8.52,8.63,8.3,8.35,31514
2018-10-10/00:00:00,8.35,8.57,7.9,8.4,203747
2018-10-11/00:00:00,8.4,8.37,7.7,8.34,208008
2018-10-14/00:00:00,8.34,9.17,8.3,8.63,634006
2018-10-15/00:00:00,8.63,9.09,8.54,8.8,115376
2018-10-16/00:00:00,8.8,8.82,8.6,8.8,241801
2018-10-17/00:00:00,8.8,9.34,8.78,9.0,268219
2018-10-18/00:00:00,9.0,8.98,8.72,8.82,18498
2018-10-21/00:00:00,8.82,8.89,8.72,8.82,938
2018-10-22/00:00:00,8.82,8.84,8.54,8.63,66967
2018-10-23/00:00:00,8.63,8.65,8.44,8.57,56600
2018-10-24/00:00:00,8.57,8.57,8.4,8.47,23054
2018-10-25/00:00:00,8.47,8.56,8.23,8.42,37117
2018-10-28/00:00:00,8.42,8.82,8.4,8.42,2684
2018-10-29/00:00:00,8.42,8.72,7.92,8.71,512327
2018-10-30/00:00:00,8.71,8.64,8.51,8.63,5339
2018-10-31/00:00:00,8.63,8.64,8.38,8.56,24653
2018-11-01/00:00:00,8.56,8.8,8.51,8.75,23705
2018-11-04/00:00:00,8.75,8.84,8.62,8.79,11852
2018-11-05/00:00:00,8.79,8.91,8.73,8.83,18551
2018-11-06/00:00:00,8.83,8.97,8.86,8.94,18406
2018-11-07/00:00:00,8.94,9.37,8.99,9.25,90930
2018-11-08/00:00:00,9.25,9.7,9.34,9.49,362615
2018-11-11/00:00:00,9.49,9.47,9.0,9.24,45204
2018-11-12/00:00:00,9.24,9.34,9.0,9.22,80336
2018-11-13/00:00:00,9.22,9.24,8.93,9.02,84492
2018-11-14/00:00:00,9.02,9.17,8.82,8.95,47303
2018-11-15/00:00:00,8.95,9.19,8.92,9.01,58066
2018-11-18/00:00:00,9.01,9.03,8.89,8.99,41365
2018-11-19/00:00:00,8.99,9.34,8.99,9.05,651978
2018-11-21/00:00:00,9.05,9.34,8.99,9.14,182801
2018-11-22/00:00:00,9.14,9.34,8.96,9.02,181428
2018-11-25/00:00:00,9.02,8.99,8.12,8.27,659995
2018-11-26/00:00:00,8.27,8.29,7.61,7.87,897518
2018-11-27/00:00:00,7.87,8.07,7.75,7.88,450835
2018-11-28/00:00:00,7.88,8.05,7.78,7.86,92354
2018-11-29/00:00:00,7.86,7.97,7.82,7.88,81546
2018-12-02/00:00:00,7.88,7.88,7.73,7.79,18550
2018-12-03/00:00:00,7.79,7.95,7.47,7.68,77215
2018-12-04/00:00:00,7.68,7.52,7.26,7.38,46558
2018-12-05/00:00:00,7.38,7.41,7.19,7.29,30880
2018-12-06/00:00:00,7.29,7.58,6.92,7.17,114932
2018-12-09/00:00:00,7.17,7.41,6.95,7.25,91856
2018-12-10/00:00:00,7.25,7.75,7.17,7.6,218068
2018-12-11/00:00:00,7.6,7.95,7.82,7.89,184142
2018-12-12/00:00:00,7.89,8.02,7.91,7.96,55662
2018-12-13/00:00:00,7.96,8.51,7.77,8.11,805110
2018-12-16/00:00:00,8.11,8.39,7.99,8.06,97930
2018-12-17/00:00:00,8.06,8.23,7.94,8.02,182612
2018-12-18/00:00:00,8.02,8.01,7.78,7.92,812676
2018-12-19/00:00:00,7.92,8.01,7.74,7.82,172592
2018-12-20/00:00:00,7.82,7.86,7.67,7.75,264485
2018-12-23/00:00:00,7.75,7.75,7.37,7.57,146915
2018-12-24/00:00:00,7.57,7.61,7.27,7.58,86299
2018-12-25/00:00:00,7.58,7.73,7.44,7.57,266896
2018-12-26/00:00:00,7.57,7.71,7.43,7.53,158572
2018-12-27/00:00:00,7.53,7.67,7.48,7.56,79722
2018-12-30/00:00:00,7.56,7.94,7.63,7.77,236711
2018-12-31/00:00:00,7.77,7.99,7.64,7.92,396156
2019-01-02/00:00:00,7.92,8.09,7.84,7.95,206782
2019-01-03/00:00:00,7.95,8.37,7.84,8.2,762118
2019-01-06/00:00:00,8.2,8.51,8.23,8.33,449990
2019-01-08/00:00:00,8.33,8.51,8.17,8.21,160806
2019-01-09/00:00:00,8.21,8.27,7.76,8.0,279998
2019-01-10/00:00:00,8.0,8.05,7.77,7.87,1104846
2019-01-13/00:00:00,7.87,8.0,7.75,7.86,460244
2019-01-14/00:00:00,7.86,7.81,7.49,7.65,710940
2019-01-15/00:00:00,7.65,7.67,7.48,7.57,686953
2019-01-16/00:00:00,7.57,7.67,7.32,7.42,890917
2019-01-17/00:00:00,7.42,7.47,7.19,7.32,891929
2019-01-20/00:00:00,7.32,7.41,7.09,7.18,742685
2019-01-21/00:00:00,7.18,7.82,7.07,7.41,3860964
2019-01-22/00:00:00,7.41,8.02,7.71,7.87,1579894
2019-01-23/00:00:00,7.87,7.87,7.63,7.74,713681
2019-01-27/00:00:00,7.74,7.92,7.52,7.67,1447883
2019-01-28/00:00:00,7.67,7.83,7.46,7.62,1976665
2019-01-29/00:00:00,7.62,8.06,7.75,7.93,1834870
2019-01-30/00:00:00,7.93,8.21,7.91,8.06,1281678
2019-01-31/00:00:00,8.06,8.09,7.82,7.92,712046
2019-02-03/00:00:00,7.92,7.95,7.72,7.79,747138
2019-02-04/00:00:00,7.79,8.06,7.75,7.87,1451530
2019-02-05/00:00:00,7.87,8.17,7.85,8.05,2117891
2019-02-06/00:00:00,8.05,8.69,8.1,8.42,5432293
2019-02-07/00:00:00,8.42,8.86,8.51,8.67,1107622
2019-02-10/00:00:00,8.67,8.61,8.35,8.51,352049
2019-02-11/00:00:00,8.51,8.75,8.47,8.59,514488
2019-02-12/00:00:00,8.59,8.75,8.56,8.64,819775
2019-02-13/00:00:00,8.64,8.98,8.68,8.82,1914413
2019-02-14/00:00:00,8.82,8.79,8.64,8.7,356053
2019-02-17/00:00:00,8.7,8.92,8.76,8.82,424585
2019-02-18/00:00:00,8.82,8.91,8.57,8.71,232644
2019-02-19/00:00:00,8.71,8.89,8.72,8.79,431284
2019-02-20/00:00:00,8.79,9.12,8.82,8.96,1645540
2019-02-21/00:00:00,8.96,9.09,8.91,8.98,506910
2019-02-24/00:00:00,8.98,9.08,8.67,8.77,290329
2019-02-25/00:00:00,8.77,8.86,8.68,8.77,330048
2019-02-26/00:00:00,8.77,8.98,8.8,8.86,514139
2019-02-27/00:00:00,8.86,9.44,8.86,9.26,2522504
2019-02-28/00:00:00,9.26,9.47,8.92,9.14,1581952
2019-03-03/00:00:00,9.14,9.24,8.94,9.02,334831
2019-03-04/00:00:00,9.02,9.46,9.01,9.36,1391570
2019-03-05/00:00:00,9.36,9.68,9.34,9.52,1116066
2019-03-06/00:00:00,9.52,9.69,9.42,9.52,960956
2019-03-07/00:00:00,9.52,9.53,9.37,9.45,336497
2019-03-10/00:00:00,9.45,9.6,9.34,9.39,170491
2019-03-11/00:00:00,9.39,9.64,9.41,9.55,447072
2019-03-12/00:00:00,9.55,9.57,9.27,9.37,443989
2019-03-13/00:00:00,9.37,9.42,8.96,9.09,1051349
2019-03-14/00:00:00,9.09,9.09,8.91,9.01,1243057
2019-03-17/00:00:00,9.01,9.13,8.99,9.03,179376
2019-03-18/00:00:00,9.03,9.08,8.97,9.0,251784
2019-03-19/00:00:00,9.0,8.99,8.66,8.82,345503
2019-03-20/00:00:00,8.82,8.92,8.73,8.85,524711
2019-03-21/00:00:00,8.85,8.9,8.68,8.78,122924
2019-03-24/00:00:00,8.78,8.99,8.78,8.87,514664
2019-03-25/00:00:00,8.87,8.88,8.3,8.49,348844
2019-03-26/00:00:00,8.49,8.47,8.24,8.37,297814
2019-03-27/00:00:00,8.37,8.47,8.17,8.31,266807
2019-03-28/00:00:00,8.31,8.57,8.27,8.49,140180
2019-03-31/00:00:00,8.49,8.74,8.48,8.63,112930
2019-04-01/00:00:00,8.63,8.8,8.51,8.72,764275
2019-04-02/00:00:00,8.72,8.81,8.58,8.69,236592
2019-04-03/00:00:00,8.69,8.78,8.62,8.72,55633
2019-04-04/00:00:00,8.72,8.76,8.61,8.68,776404
2019-04-07/00:00:00,8.68,8.58,8.3,8.47,102636
2019-04-08/00:00:00,8.47,8.59,8.25,8.4,415008
2019-04-09/00:00:00,8.4,8.3,8.2,8.25,282516
2019-04-10/00:00:00,8.25,8.44,8.23,8.32,159626
2019-04-11/00:00:00,8.32,8.42,8.24,8.27,45094
2019-04-14/00:00:00,8.27,8.3,8.02,8.11,125393
2019-04-15/00:00:00,8.11,8.2,7.95,8.07,73090
2019-04-16/00:00:00,8.07,8.17,7.88,7.94,141644
2019-04-17/00:00:00,7.94,7.83,7.61,7.74,111337
2019-04-18/00:00:00,7.74,7.97,7.7,7.72,83791
2019-04-21/00:00:00,7.72,7.82,7.62,7.67,50022
2019-04-22/00:00:00,7.67,7.91,7.64,7.83,84708
2019-04-23/00:00:00,7.83,7.82,7.61,7.7,153940
2019-04-24/00:00:00,7.7,7.87,7.71,7.82,54298
2019-04-30/00:00:00,7.82,8.12,7.87,8.01,503137
2019-05-02/00:00:00,8.01,8.22,7.96,8.04,296825
2019-05-05/00:00:00,8.04,8.05,7.65,7.8,56908
2019-05-06/00:00:00,7.8,8.27,7.62,7.75,98656
2019-05-07/00:00:00,7.75,7.82,7.57,7.7,780510
2019-05-08/00:00:00,7.7,7.68,7.42,7.55,399938
2019-05-09/00:00:00,7.55,7.61,7.19,7.47,521749
2019-05-12/00:00:00,7.47,7.61,7.47,7.5,494939
2019-05-13/00:00:00,7.5,7.76,7.47,7.59,1972099
2019-05-14/00:00:00,7.59,7.87,7.57,7.62,495072
2019-05-15/00:00:00,7.62,7.87,7.61,7.72,840216
2019-05-16/00:00:00,7.72,8.17,7.82,7.99,2944718
2019-05-19/00:00:00,7.99,8.17,7.87,8.06,141314
2019-05-20/00:00:00,8.06,8.02,7.92,8.02,825098
2019-05-21/00:00:00,8.02,8.2,7.95,8.05,233539
2019-05-22/00:00:00,8.05,8.33,8.04,8.24,264130
2019-05-23/00:00:00,8.24,8.3,8.17,8.25,161756
2019-05-26/00:00:00,8.25,8.57,8.3,8.48,240526
2019-05-27/00:00:00,8.48,8.47,8.25,8.33,167153
2019-05-28/00:00:00,8.33,8.51,8.17,8.21,371856
2019-05-29/00:00:00,8.21,8.38,7.92,8.05,295358
2019-05-30/00:00:00,8.05,7.98,7.76,7.95,726570
2019-06-02/00:00:00,7.95,7.84,7.76,7.82,21677
2019-06-03/00:00:00,7.82,8.0,7.86,7.88,100278
2019-06-09/00:00:00,7.88,8.06,7.99,8.02,25160
2019-06-10/00:00:00,8.02,8.17,8.02,8.1,53329
2019-06-11/00:00:00,8.1,8.4,8.1,8.23,286036
2019-06-12/00:00:00,8.23,8.13,8.1,8.12,20236
2019-06-13/00:00:00,8.12,8.12,8.05,8.09,22475
2019-06-16/00:00:00,8.09,8.17,7.95,7.97,512879
2019-06-17/00:00:00,7.97,8.13,8.1,8.11,37982
2019-06-18/00:00:00,8.11,8.05,7.99,8.0,490013
2019-06-19/00:00:00,8.0,8.03,8.0,8.02,92423
2019-06-20/00:00:00,8.02,8.11,8.02,8.07,156683
2019-06-23/00:00:00,8.07,8.02,7.95,7.97,76547
2019-06-24/00:00:00,7.97,8.04,7.94,7.96,218288
2019-06-25/00:00:00,7.96,8.02,7.78,7.89,57212
2019-06-26/00:00:00,7.89,8.22,7.95,8.05,77273
2019-06-27/00:00:00,8.05,8.26,8.03,8.09,26369
2019-07-02/00:00:00,8.09,8.23,7.9,8.02,6736
2019-07-03/00:00:00,8.02,8.02,7.9,7.98,21308
2019-07-04/00:00:00,7.98,8.17,7.87,8.03,91222
2019-07-07/00:00:00,8.03,7.99,7.84,7.96,30566
2019-07-08/00:00:00,7.96,8.02,7.95,7.96,34544
2019-07-09/00:00:00,7.96,8.1,7.95,7.99,26522
2019-07-10/00:00:00,7.99,7.96,7.88,7.95,99192
2019-07-11/00:00:00,7.95,7.87,7.78,7.83,72827
2019-07-14/00:00:00,7.83,7.92,7.69,7.73,32208
2019-07-15/00:00:00,7.73,7.71,7.52,7.6,157242
2019-07-16/00:00:00,7.6,7.74,7.6,7.61,35839
2019-07-17/00:00:00,7.61,7.61,7.49,7.52,83024
2019-07-18/00:00:00,7.52,7.61,7.52,7.59,60889
2019-07-21/00:00:00,7.59,7.63,7.54,7.61,35281
2019-07-22/00:00:00,7.61,7.64,7.48,7.59,136094
2019-07-24/00:00:00,7.59,7.6,7.38,7.51,64838
2019-07-25/00:00:00,7.51,7.61,7.43,7.52,74290
2019-07-28/00:00:00,7.52,7.52,7.41,7.41,14114
2019-07-29/00:00:00,7.41,7.54,7.37,7.4,65707
2019-07-30/00:00:00,7.4,7.39,7.3,7.34,13028
2019-07-31/00:00:00,7.34,7.41,7.19,7.27,85643
2019-08-01/00:00:00,7.27,8.01,7.44,7.91,580990
2019-08-04/00:00:00,7.91,8.42,7.93,8.25,114409
2019-08-05/00:00:00,8.25,8.16,7.78,7.87,140047
2019-08-06/00:00:00,7.87,8.06,7.69,7.78,124594
2019-08-07/00:00:00,7.78,7.95,7.82,7.86,197263
2019-08-08/00:00:00,7.86,8.12,7.82,8.02,160510
2019-08-14/00:00:00,8.02,8.37,7.99,8.3,397674
2019-08-15/00:00:00,8.3,8.29,8.05,8.12,123464
2019-08-18/00:00:00,8.12,8.13,7.99,8.08,89662
2019-08-19/00:00:00,8.08,8.2,8.0,8.09,95916
2019-08-20/00:00:00,8.09,8.29,8.03,8.23,191284
2019-08-21/00:00:00,8.23,8.27,8.15,8.17,61843
2019-08-22/00:00:00,8.17,8.6,8.17,8.49,800657
2019-08-25/00:00:00,8.49,8.56,8.07,8.21,508234
2019-08-26/00:00:00,8.21,8.86,8.1,8.62,1096889
2019-08-27/00:00:00,8.62,9.13,8.64,8.86,845824
2019-08-28/00:00:00,8.86,9.6,8.94,9.31,2019661
2019-08-29/00:00:00,9.31,10.13,8.99,9.42,4147164
2019-09-01/00:00:00,9.42,9.96,9.52,9.62,692785
2019-09-02/00:00:00,9.62,9.55,9.34,9.43,972619
2019-09-03/00:00:00,9.43,9.69,9.35,9.52,542296
2019-09-04/00:00:00,9.52,9.55,9.31,9.42,282500
2019-09-05/00:00:00,9.42,9.62,9.34,9.42,312366
2019-09-08/00:00:00,9.42,9.62,9.22,9.42,88548
2019-09-09/00:00:00,9.42,9.41,9.27,9.39,346889
2019-09-10/00:00:00,9.39,9.87,9.27,9.68,1465764
2019-09-11/00:00:00,9.68,10.17,9.84,10.02,1052249
2019-09-12/00:00:00,10.02,10.24,9.92,10.12,361154
2019-09-15/00:00:00,10.12,10.03,9.38,9.58,1588027
2019-09-16/00:00:00,9.58,9.52,9.25,9.38,768426
2019-09-17/00:00:00,9.38,9.47,8.83,9.15,439243
2019-09-18/00:00:00,9.15,9.13,8.86,8.95,316568
2019-09-19/00:00:00,8.95,9.07,8.89,8.98,397555
2019-09-22/00:00:00,8.98,8.86,8.17,8.31,566887
2019-09-23/00:00:00,8.31,8.77,7.95,8.42,1134676
2019-09-24/00:00:00,8.42,8.62,7.95,8.23,351787
2019-09-25/00:00:00,8.23,8.63,8.26,8.47,201673
2019-09-26/00:00:00,8.47,8.82,8.4,8.66,458660
2019-09-29/00:00:00,8.66,9.05,8.77,8.88,456025
2019-09-30/00:00:00,8.88,8.97,8.7,8.8,112086
2019-10-01/00:00:00,8.8,9.24,8.77,9.03,719443
2019-10-02/00:00:00,9.03,9.27,8.87,9.02,339431
2019-10-03/00:00:00,9.02,8.92,8.68,8.79,804418
2019-10-07/00:00:00,8.79,9.11,8.84,8.9,1600620
2019-10-08/00:00:00,8.9,8.99,8.47,8.64,583871
2019-10-09/00:00:00,8.64,8.73,8.45,8.57,441064
2019-10-10/00:00:00,8.57,8.81,8.47,8.67,611800
2019-10-13/00:00:00,8.67,8.66,8.55,8.61,155852
2019-10-14/00:00:00,8.61,8.78,8.51,8.63,243985
2019-10-15/00:00:00,8.63,8.55,8.37,8.47,387829
2019-10-16/00:00:00,8.47,8.69,8.44,8.55,1612216
2019-10-17/00:00:00,8.55,8.8,8.52,8.67,489661
2019-10-20/00:00:00,8.67,8.78,8.52,8.68,487916
2019-10-21/00:00:00,8.68,8.82,8.64,8.73,649660
2019-10-22/00:00:00,8.73,8.92,8.67,8.85,1510789
2019-10-23/00:00:00,8.85,8.89,8.7,8.78,573719
2019-10-24/00:00:00,8.78,8.92,8.83,8.87,184546
2019-10-27/00:00:00,8.87,9.0,8.86,8.94,493892
2019-10-28/00:00:00,8.94,8.97,8.78,8.88,328831
2019-10-29/00:00:00,8.88,8.97,8.87,8.92,216277
2019-10-30/00:00:00,8.92,8.99,8.78,8.84,209359
2019-10-31/00:00:00,8.84,8.96,8.8,8.88,191634
2019-11-03/00:00:00,8.88,9.13,8.78,8.96,424381
2019-11-04/00:00:00,8.96,9.21,8.98,9.12,852582
2019-11-05/00:00:00,9.12,9.34,9.09,9.22,942210
2019-11-06/00:00:00,9.22,9.2,8.99,9.12,193393
2019-11-07/00:00:00,9.12,9.55,9.2,9.39,1266730
2019-11-11/00:00:00,9.39,9.54,9.36,9.42,191467
2019-11-12/00:00:00,9.42,9.43,9.17,9.32,364878
2019-11-13/00:00:00,9.32,9.4,9.13,9.25,579388
2019-11-14/00:00:00,9.25,9.27,9.11,9.22,417689
2019-11-17/00:00:00,9.22,9.37,9.2,9.31,1365916
2019-11-18/00:00:00,9.31,9.42,9.21,9.32,1218695
2019-11-19/00:00:00,9.32,9.33,9.09,9.17,285672
2019-11-20/00:00:00,9.17,9.25,9.07,9.12,116269
2019-11-21/00:00:00,9.12,9.17,8.99,9.06,482023
2019-11-24/00:00:00,9.06,9.07,8.87,8.96,124715
2019-11-25/00:00:00,8.96,8.99,8.81,8.87,129364
2019-11-26/00:00:00,8.87,8.92,8.55,8.77,710192
2019-11-27/00:00:00,8.77,8.8,8.47,8.58,298172
2019-11-28/00:00:00,8.58,8.78,8.51,8.63,330000
2019-12-01/00:00:00,8.63,8.77,8.56,8.59,39287
2019-12-02/00:00:00,8.59,8.52,8.06,8.29,1568156
2019-12-03/00:00:00,8.29,8.57,8.1,8.33,243584
2019-12-04/00:00:00,8.33,8.64,8.52,8.58,80766
2019-12-05/00:00:00,8.58,8.64,8.24,8.38,177823
2019-12-08/00:00:00,8.38,8.47,8.21,8.29,56269
2019-12-09/00:00:00,8.29,8.47,8.2,8.28,197688
2019-12-10/00:00:00,8.28,8.45,8.3,8.38,74747
2019-12-11/00:00:00,8.38,8.48,8.27,8.34,83293
2019-12-12/00:00:00,8.34,8.37,8.21,8.25,57188
2019-12-15/00:00:00,8.25,8.44,8.3,8.37,17779
2019-12-16/00:00:00,8.37,8.47,8.28,8.32,94262
2019-12-17/00:00:00,8.32,8.63,8.41,8.52,120962
2019-12-18/00:00:00,8.52,8.72,8.57,8.64,728856
2019-12-19/00:00:00,8.64,8.69,8.57,8.63,49732
2019-12-22/00:00:00,8.63,8.57,8.51,8.57,72229
2019-12-23/00:00:00,8.57,8.74,8.51,8.6,239252
2019-12-24/00:00:00,8.6,8.64,8.5,8.56,49858
2019-12-25/00:00:00,8.56,8.59,8.48,8.52,43073
2019-12-26/00:00:00,8.52,8.57,8.44,8.49,52933
2019-12-29/00:00:00,8.49,8.51,8.39,8.45,56785
2019-12-30/00:00:00,8.45,8.45,8.31,8.4,97903
2019-12-31/00:00:00,8.4,8.64,8.37,8.52,260927
2020-01-02/00:00:00,8.52,8.64,8.44,8.5,16291
2020-01-05/00:00:00,8.5,8.31,7.66,7.83,380729
2020-01-06/00:00:00,7.83,8.02,7.68,7.87,446926
2020-01-08/00:00:00,7.87,8.33,7.95,8.25,135032
2020-01-09/00:00:00,8.25,8.54,8.3,8.42,252222
2020-01-12/00:00:00,8.42,8.55,8.39,8.46,20958
2020-01-13/00:00:00,8.46,8.44,8.32,8.37,61405
2020-01-14/00:00:00,8.37,8.78,8.44,8.64,324484
2020-01-15/00:00:00,8.64,8.86,8.67,8.74,318619
2020-01-16/00:00:00,8.74,9.17,8.79,9.04,917482
2020-01-19/00:00:00,9.04,9.31,8.87,9.09,555158
2020-01-20/00:00:00,9.09,9.37,8.88,9.14,1597121
2020-01-21/00:00:00,9.14,8.99,8.77,8.86,265396
2020-01-22/00:00:00,8.86,9.17,8.91,9.0,465791
2020-01-23/00:00:00,9.0,9.34,9.0,9.05,1992582
2020-01-26/00:00:00,9.05,9.27,9.02,9.14,40862
2020-01-27/00:00:00,9.14,9.22,9.05,9.12,88332
2020-01-28/00:00:00,9.12,9.07,8.76,8.86,321382
2020-01-29/00:00:00,8.86,9.11,8.89,8.99,522482
2020-01-30/00:00:00,8.99,9.11,8.84,8.93,356087
2020-02-02/00:00:00,8.93,8.98,8.72,8.8,123428
2020-02-03/00:00:00,8.8,8.92,8.64,8.73,132215
2020-02-04/00:00:00,8.73,8.86,8.58,8.68,341282
2020-02-05/00:00:00,8.68,8.78,8.57,8.72,154081
2020-02-06/00:00:00,8.72,9.05,8.82,8.91,395260
2020-02-09/00:00:00,8.91,9.17,8.99,9.08,232931
2020-02-10/00:00:00,9.08,9.02,8.87,8.92,128710
2020-02-11/00:00:00,8.92,9.04,8.93,8.99,66824
2020-02-12/00:00:00,8.99,8.99,8.72,8.87,128071
2020-02-13/00:00:00,8.87,9.09,8.88,8.98,80345
2020-02-16/00:00:00,8.98,9.17,8.89,9.03,1185084
2020-02-17/00:00:00,9.03,9.03,8.86,8.92,132984
2020-02-18/00:00:00,8.92,8.96,8.83,8.87,272214
2020-02-19/00:00:00,8.87,8.99,8.84,8.92,113623
2020-02-20/00:00:00,8.92,8.9,8.78,8.85,158676
2020-02-23/00:00:00,8.85,8.82,8.78,8.79,51257
2020-02-24/00:00:00,8.79,8.78,8.51,8.61,243156
2020-02-25/00:00:00,8.61,8.8,8.59,8.65,483233
2020-02-26/00:00:00,8.65,8.72,8.59,8.64,369817
2020-02-27/00:00:00,8.64,8.68,8.6,8.64,170309
2020-03-01/00:00:00,8.64,8.5,8.31,8.32,343666
2020-03-02/00:00:00,8.32,8.51,8.31,8.43,398364
2020-03-03/00:00:00,8.43,8.74,8.44,8.57,142380
2020-03-04/00:00:00,8.57,8.55,8.44,8.47,388646
2020-03-05/00:00:00,8.47,8.62,8.51,8.56,70664
2020-03-08/00:00:00,8.56,8.47,8.02,8.21,59167
2020-03-09/00:00:00,8.21,8.3,7.61,7.85,176647
2020-03-10/00:00:00,7.85,8.3,7.87,8.14,38945
2020-03-11/00:00:00,8.14,8.3,7.87,8.07,58121
2020-03-15/00:00:00,8.07,7.88,7.26,7.41,97549
2020-03-16/00:00:00,7.41,7.67,6.79,7.01,75637
2020-03-17/00:00:00,7.01,6.88,6.37,6.48,295768
2020-03-18/00:00:00,6.48,6.4,5.84,5.87,308888
2020-03-19/00:00:00,5.87,6.41,5.31,6.07,84206
2020-03-22/00:00:00,6.07,6.67,5.54,6.37,49834
2020-03-23/00:00:00,6.37,7.0,6.62,6.87,167372
2020-03-24/00:00:00,6.87,6.92,6.64,6.74,46051
2020-03-25/00:00:00,6.74,6.92,6.89,6.91,75426
2020-03-26/00:00:00,6.91,6.92,6.8,6.87,128700
2020-03-29/00:00:00,6.87,7.03,6.87,6.87,28085
2020-03-30/00:00:00,6.87,6.88,6.73,6.8,16348
2020-03-31/00:00:00,6.8,6.74,6.56,6.66,162013
2020-04-01/00:00:00,6.66,6.64,6.57,6.62,19982
2020-04-02/00:00:00,6.62,6.78,6.57,6.68,53638
2020-04-05/00:00:00,6.68,6.88,6.57,6.64,80430
2020-04-06/00:00:00,6.64,6.86,6.59,6.67,849203
2020-04-07/00:00:00,6.67,7.05,6.73,6.9,450848
2020-04-08/00:00:00,6.9,6.92,6.82,6.87,344256
2020-04-09/00:00:00,6.87,7.09,6.85,6.95,695975
2020-04-12/00:00:00,6.95,6.93,6.75,6.87,128540
2020-04-13/00:00:00,6.87,6.98,6.82,6.88,188195
2020-04-14/00:00:00,6.88,7.22,6.87,7.02,369758
2020-04-15/00:00:00,7.02,7.03,6.86,6.92,144512
2020-04-16/00:00:00,6.92,6.98,6.86,6.91,98194
2020-04-21/00:00:00,6.91,7.11,6.82,6.94,281704
2020-04-22/00:00:00,6.94,6.92,6.69,6.73,427843
2020-04-23/00:00:00,6.73,6.89,6.72,6.79,527299
2020-04-26/00:00:00,6.79,7.12,6.85,7.07,322284
2020-04-27/00:00:00,7.07,7.07,6.9,6.95,354792
2020-04-28/00:00:00,6.95,7.09,6.94,7.02,126054
2020-04-29/00:00:00,7.02,7.26,7.04,7.19,405174
2020-04-30/00:00:00,7.19,7.36,7.12,7.27,261217
2020-05-03/00:00:00,7.27,7.12,6.72,6.85,164974
2020-05-04/00:00:00,6.85,6.79,6.74,6.76,24376
2020-05-05/00:00:00,6.76,6.92,6.78,6.84,327155
2020-05-06/00:00:00,6.84,6.82,6.72,6.77,146170
2020-05-07/00:00:00,6.77,6.76,6.1,6.32,808909
2020-05-10/00:00:00,6.32,6.33,6.1,6.18,154535
2020-05-11/00:00:00,6.18,6.22,5.96,6.09,126905
2020-05-12/00:00:00,6.09,6.53,6.22,6.39,167204
2020-05-13/00:00:00,6.39,6.48,6.22,6.27,80336
2020-05-14/00:00:00,6.27,6.22,6.03,6.07,221872
2020-05-17/00:00:00,6.07,6.34,6.21,6.28,17142
2020-05-18/00:00:00,6.28,6.3,6.1,6.22,19513
2020-05-19/00:00:00,6.22,6.29,6.17,6.21,20614
2020-05-20/00:00:00,6.21,6.2,6.06,6.11,53759
2020-05-21/00:00:00,6.11,6.21,6.02,6.12,76198
2020-05-31/00:00:00,6.12,6.29,6.12,6.2,11042
2020-06-01/00:00:00,6.2,6.33,6.14,6.22,56910
2020-06-02/00:00:00,6.22,6.3,6.23,6.27,39172
2020-06-03/00:00:00,6.27,6.39,6.22,6.25,376514
2020-06-04/00:00:00,6.25,6.47,6.22,6.25,1295082
2020-06-07/00:00:00,6.25,6.72,6.47,6.61,390091
2020-06-08/00:00:00,6.61,6.74,6.5,6.64,187236
2020-06-09/00:00:00,6.64,6.75,6.57,6.66,275678
2020-06-10/00:00:00,6.66,6.67,6.52,6.56,69617
2020-06-11/00:00:00,6.56,6.66,6.4,6.47,136350
2020-06-14/00:00:00,6.47,6.57,6.35,6.41,137972
2020-06-15/00:00:00,6.41,6.48,6.36,6.42,136504
2020-06-16/00:00:00,6.42,6.56,6.43,6.48,230674
2020-06-17/00:00:00,6.48,6.56,6.43,6.46,163746
2020-06-18/00:00:00,6.46,6.46,6.27,6.38,245243
2020-06-21/00:00:00,6.38,6.38,6.22,6.33,192455
2020-06-22/00:00:00,6.33,6.37,6.29,6.32,115344
2020-06-23/00:00:00,6.32,6.32,6.22,6.3,303732
2020-06-24/00:00:00,6.3,6.5,6.3,6.41,1119480
2020-06-25/00:00:00,6.41,6.5,6.22,6.33,194657
2020-06-28/00:00:00,6.33,6.36,6.22,6.27,44750
2020-06-29/00:00:00,6.27,6.33,6.24,6.26,93060
2020-06-30/00:00:00,6.26,6.43,6.22,6.29,305980
2020-07-05/00:00:00,6.29,6.56,6.38,6.48,367891
2020-07-06/00:00:00,6.48,6.57,6.4,6.48,322032
2020-07-07/00:00:00,6.48,6.97,6.47,6.78,1107145
2020-07-08/00:00:00,6.78,6.89,6.67,6.77,234259
2020-07-09/00:00:00,6.77,6.79,6.64,6.72,391042
2020-07-12/00:00:00,6.72,7.12,6.77,7.02,334537
2020-07-13/00:00:00,7.02,7.12,6.97,7.02,1858440
2020-07-14/00:00:00,7.02,7.02,6.73,6.91,68383
2020-07-15/00:00:00,6.91,6.92,6.22,6.55,256699
2020-07-16/00:00:00,6.55,6.63,6.45,6.56,22664
2020-07-19/00:00:00,6.56,6.74,6.42,6.5,97729
2020-07-20/00:00:00,6.5,6.67,6.43,6.48,75827
2020-07-21/00:00:00,6.48,6.72,6.51,6.7,198280
2020-07-22/00:00:00,6.7,6.92,6.57,6.81,230580
2020-07-26/00:00:00,6.81,6.78,6.68,6.72,105325
2020-07-27/00:00:00,6.72,7.02,6.78,6.92,246696
2020-07-28/00:00:00,6.92,7.07,6.92,6.97,68766
2020-07-29/00:00:00,6.97,6.93,6.92,6.92,23028
2020-08-04/00:00:00,6.92,7.33,6.94,7.13,335672
2020-08-05/00:00:00,7.13,7.12,6.99,7.11,442972
2020-08-06/00:00:00,7.11,7.15,7.03,7.08,291450
2020-08-09/00:00:00,7.08,7.47,7.17,7.35,399281
2020-08-10/00:00:00,7.35,7.52,7.33,7.43,116288
2020-08-11/00:00:00,7.43,7.75,7.54,7.62,489858
2020-08-12/00:00:00,7.62,7.78,7.61,7.68,181040
2020-08-13/00:00:00,7.68,8.02,7.69,7.88,172228
2020-08-16/00:00:00,7.88,8.02,7.8,7.96,114446
2020-08-17/00:00:00,7.96,7.96,7.77,7.87,249125
2020-08-18/00:00:00,7.87,7.86,7.75,7.77,43139
2020-08-19/00:00:00,7.77,7.88,6.99,7.77,1355237
2020-08-23/00:00:00,7.77,7.88,7.78,7.86,18631
2020-08-24/00:00:00,7.86,8.22,7.87,7.98,1507354
2020-08-25/00:00:00,7.98,8.19,7.95,8.05,256694
2020-08-26/00:00:00,8.05,8.27,8.09,8.17,383648
2020-08-27/00:00:00,8.17,8.57,8.26,8.42,198512
2020-08-30/00:00:00,8.42,8.44,8.3,8.37,41834
2020-08-31/00:00:00,8.37,8.5,8.3,8.37,271679
2020-09-01/00:00:00,8.37,8.38,8.26,8.37,217286
2020-09-02/00:00:00,8.37,8.44,8.3,8.37,114360
2020-09-03/00:00:00,8.37,8.38,8.1,8.29,136158
2020-09-06/00:00:00,8.29,8.17,8.0,8.02,95160
2020-09-07/00:00:00,8.02,8.23,7.99,8.17,96546
2020-09-08/00:00:00,8.17,8.2,7.71,7.99,56416
2020-09-09/00:00:00,7.99,7.95,7.81,7.94,42716
2020-09-10/00:00:00,7.94,8.13,7.87,8.03,61748
2020-09-13/00:00:00,8.03,8.17,7.72,7.88,80590
2020-09-14/00:00:00,7.88,8.09,7.7,7.72,41254
2020-09-15/00:00:00,7.72,7.76,7.65,7.68,77524
2020-09-16/00:00:00,7.68,7.86,7.63,7.69,71548
2020-09-17/00:00:00,7.69,7.72,7.47,7.59,119626
2020-09-20/00:00:00,7.59,7.67,7.47,7.57,10337
2020-09-21/00:00:00,7.57,7.88,7.41,7.54,32516
2020-09-22/00:00:00,7.54,7.68,7.55,7.61,15011
2020-09-23/00:00:00,7.61,7.71,7.44,7.55,90110
2020-09-24/00:00:00,7.55,7.67,7.34,7.42,43681
2020-09-27/00:00:00,7.42,7.67,7.37,7.47,5846608
2020-09-28/00:00:00,7.47,7.92,7.37,7.63,267046
2020-09-29/00:00:00,7.63,7.95,7.75,7.86,87424
2020-09-30/00:00:00,7.86,7.95,7.61,7.71,39887
2020-10-01/00:00:00,7.71,7.76,7.61,7.69,41057
2020-10-04/00:00:00,7.69,7.95,7.64,7.88,35912
2020-10-05/00:00:00,7.88,7.95,7.71,7.92,90844
2020-10-06/00:00:00,7.92,7.92,7.75,7.87,95204
2020-10-07/00:00:00,7.87,8.35,7.77,8.13,950827
2020-10-11/00:00:00,8.3,8.62,8.13,8.38,778337
2020-10-12/00:00:00,8.38,8.51,8.07,8.33,711684
2020-10-13/00:00:00,8.33,8.27,8.02,8.08,103782
2020-10-14/00:00:00,8.08,8.38,8.1,8.28,219776
2020-10-15/00:00:00,8.28,8.37,8.1,8.17,92803
2020-10-18/00:00:00,8.17,8.23,7.97,8.07,91052
2020-10-19/00:00:00,8.07,8.22,7.95,8.02,151613
2020-10-20/00:00:00,8.02,8.43,8.13,8.29,139508
2020-10-21/00:00:00,8.29,8.17,7.95,8.07,157726
2020-10-22/00:00:00,8.07,7.99,7.56,7.74,253043
2020-10-25/00:00:00,7.74,7.68,7.48,7.53,110986
2020-10-26/00:00:00,7.53,7.71,7.48,7.64,32350
2020-10-27/00:00:00,7.64,7.87,7.54,7.7,68858
2020-10-28/00:00:00,7.7,7.68,7.64,7.67,3976
2020-11-01/00:00:00,7.67,7.8,7.56,7.64,30826
2020-11-02/00:00:00,7.64,8.02,7.54,7.71,150817
2020-11-03/00:00:00,7.71,7.66,7.61,7.62,68502
2020-11-04/00:00:00,7.62,7.74,7.49,7.62,22910
2020-11-05/00:00:00,7.62,7.68,7.61,7.67,20221
2020-11-08/00:00:00,7.67,7.71,7.48,7.66,20844
2020-11-09/00:00:00,7.66,7.99,7.52,7.87,47438
2020-11-10/00:00:00,7.87,8.17,7.87,8.02,723900
2020-11-11/00:00:00,8.02,8.44,7.95,8.29,385866
2020-11-12/00:00:00,8.29,8.43,8.24,8.31,96085
2020-11-15/00:00:00,8.31,8.51,7.99,8.23,118832
2020-11-16/00:00:00,8.23,8.23,8.06,8.17,136780
2020-11-17/00:00:00,8.17,8.3,8.17,8.22,225862
2020-11-18/00:00:00,8.22,8.24,8.17,8.22,79504
2020-11-19/00:00:00,8.22,8.2,8.02,8.13,73861
2020-11-22/00:00:00,8.13,8.03,7.97,8.02,23416
2020-11-23/00:00:00,8.02,8.3,7.95,8.02,149953
2020-11-24/00:00:00,8.02,8.2,7.95,8.02,163306
2020-11-25/00:00:00,8.02,8.22,7.88,7.96,1871182
2020-11-26/00:00:00,7.96,8.06,7.84,7.93,219232
2020-11-29/00:00:00,7.93,8.1,7.94,7.96,171253
2020-11-30/00:00:00,7.96,8.09,7.92,7.96,164146
2020-12-01/00:00:00,7.96,8.02,7.95,7.95,331960
2020-12-02/00:00:00,7.95,8.54,7.95,8.09,4031942
2020-12-03/00:00:00,8.09,8.86,8.45,8.7,1340183
2020-12-06/00:00:00,8.7,8.77,8.52,8.64,826768
2020-12-07/00:00:00,8.64,8.64,8.44,8.6,351149
2020-12-08/00:00:00,8.6,8.78,8.56,8.67,945061
2020-12-09/00:00:00,8.67,8.75,8.52,8.61,232463
2020-12-10/00:00:00,8.61,8.58,8.17,8.32,1967159
2020-12-13/00:00:00,8.32,8.56,8.23,8.37,250548
2020-12-14/00:00:00,8.37,8.64,8.3,8.48,459209
2020-12-15/00:00:00,8.48,8.56,8.25,8.35,194424
2020-12-16/00:00:00,8.35,8.37,8.1,8.22,169230
2020-12-17/00:00:00,8.22,8.4,8.12,8.28,158150
2020-12-20/00:00:00,8.28,8.48,8.3,8.36,71663
2020-12-21/00:00:00,8.36,8.32,7.78,7.97,510218
2020-12-22/00:00:00,7.97,8.19,7.78,8.07,123140
2020-12-23/00:00:00,8.07,8.19,7.95,8.03,292674
2020-12-24/00:00:00,8.03,8.28,8.03,8.12,101179
2020-12-27/00:00:00,8.12,8.29,7.92,7.95,3195252
2020-12-28/00:00:00,7.95,8.22,7.95,7.96,1734137
2020-12-29/00:00:00,7.96,8.27,8.08,8.16,66485
2020-12-30/00:00:00,8.16,8.3,8.13,8.24,164700
2020-12-31/00:00:00,11.91,12.01,11.71,11.95,115455
2021-01-03/00:00:00,8.27,8.3,8.12,8.21,116130
2021-01-04/00:00:00,8.21,8.26,8.02,8.04,353564
2021-01-05/00:00:00,8.04,8.22,8.1,8.12,44652
2021-01-06/00:00:00,8.12,8.25,8.12,8.22,118991
2021-01-10/00:00:00,8.22,8.47,8.24,8.39,201797
2021-01-11/00:00:00,8.39,8.7,8.47,8.63,958829
2021-01-12/00:00:00,8.63,8.97,8.44,8.63,618539
2021-01-13/00:00:00,8.63,8.58,8.27,8.37,316199
2021-01-14/00:00:00,8.37,8.43,8.26,8.3,143158
2021-01-17/00:00:00,8.3,8.4,8.25,8.31,203509
2021-01-18/00:00:00,8.31,8.55,8.28,8.4,154904
2021-01-19/00:00:00,8.4,8.42,8.25,8.32,24275
2021-01-20/00:00:00,8.32,8.5,8.33,8.4,207587
2021-01-21/00:00:00,8.4,8.45,8.37,8.4,53214
2021-01-24/00:00:00,8.4,8.44,8.3,8.35,63078
2021-01-25/00:00:00,8.35,8.47,8.31,8.36,136817
2021-01-26/00:00:00,8.36,8.44,8.27,8.33,130592
2021-01-27/00:00:00,8.33,8.4,8.3,8.33,344536
2021-01-31/00:00:00,8.33,8.4,8.17,8.27,279659
2021-02-01/00:00:00,8.27,8.33,8.17,8.27,217070
2021-02-02/00:00:00,8.27,8.39,8.2,8.31,903841
2021-02-03/00:00:00,8.31,8.46,8.17,8.32,833854
2021-02-04/00:00:00,8.32,8.5,8.32,8.4,819740
2021-02-07/00:00:00,8.4,8.92,8.35,8.7,1589570
2021-02-08/00:00:00,8.7,8.86,8.33,8.63,830867
2021-02-09/00:00:00,8.63,8.56,8.37,8.44,340468
2021-02-10/00:00:00,8.44,8.62,8.41,8.48,246878
2021-02-11/00:00:00,8.48,8.64,8.35,8.52,541410
2021-02-14/00:00:00,8.52,8.55,8.25,8.37,303103
2021-02-15/00:00:00,8.37,8.6,8.34,8.47,460146
2021-02-16/00:00:00,8.47,8.62,8.38,8.56,271702
2021-02-17/00:00:00,8.56,8.51,8.23,8.32,133543
2021-02-18/00:00:00,8.32,8.31,8.12,8.2,235259
2021-02-21/00:00:00,8.2,8.44,8.23,8.36,310062
2021-02-22/00:00:00,8.36,8.39,8.17,8.26,377442
2021-02-23/00:00:00,8.26,8.37,7.61,8.21,367684
2021-02-24/00:00:00,8.21,8.32,8.17,8.23,206340
2021-02-25/00:00:00,8.23,8.41,8.21,8.33,247243
2021-02-28/00:00:00,8.33,8.57,8.26,8.47,598807
2021-03-01/00:00:00,8.47,8.57,8.32,8.47,230784
2021-03-02/00:00:00,8.47,8.56,8.2,8.43,457434
2021-03-03/00:00:00,8.43,8.3,8.06,8.17,163225
2021-03-04/00:00:00,8.17,8.28,8.06,8.17,80807
2021-03-07/00:00:00,8.17,8.37,8.17,8.25,118396
2021-03-08/00:00:00,8.25,8.3,8.11,8.17,53983
2021-03-09/00:00:00,8.17,8.3,8.1,8.19,145324
2021-03-10/00:00:00,8.19,8.28,8.09,8.14,309794
2021-03-11/00:00:00,8.14,8.17,7.95,7.99,1692028
2021-03-14/00:00:00,7.99,8.21,8.02,8.1,80051
2021-03-15/00:00:00,8.1,8.21,7.88,8.0,276451
2021-03-16/00:00:00,8.0,8.09,7.87,8.03,41136
2021-03-17/00:00:00,8.03,8.1,7.92,8.02,140242
2021-03-18/00:00:00,8.02,8.15,7.84,7.98,129169
2021-03-21/00:00:00,7.98,8.1,7.69,7.86,54164
2021-03-22/00:00:00,7.86,7.92,7.48,7.65,186907
2021-03-23/00:00:00,7.65,7.61,7.07,7.41,1124010
2021-03-24/00:00:00,7.41,7.57,7.26,7.36,207788
2021-03-25/00:00:00,7.36,7.43,7.29,7.38,76327
2021-03-28/00:00:00,7.38,7.6,7.32,7.38,58582
2021-03-29/00:00:00,7.38,7.47,7.33,7.35,66527
2021-03-30/00:00:00,7.35,7.53,7.35,7.43,20436
2021-03-31/00:00:00,7.43,7.68,7.34,7.48,179603
2021-04-01/00:00:00,7.48,7.67,7.48,7.6,84186
2021-04-04/00:00:00,7.6,7.68,7.45,7.48,32032
2021-04-05/00:00:00,7.48,7.43,7.08,7.23,121586
2021-04-06/00:00:00,7.23,7.36,6.92,7.17,301945
2021-04-07/00:00:00,7.17,7.37,7.03,7.21,159611
2021-04-08/00:00:00,7.21,7.33,7.17,7.23,80773
2021-04-11/00:00:00,7.23,7.3,7.18,7.21,118598
2021-04-12/00:00:00,7.21,7.41,7.21,7.26,201828
2021-04-13/00:00:00,7.26,7.24,7.08,7.26,12575
2021-04-14/00:00:00,7.26,7.19,7.02,7.07,84395
2021-04-15/00:00:00,7.07,7.25,7.0,7.17,58944
2021-04-18/00:00:00,7.17,7.37,7.2,7.17,11546
2021-04-19/00:00:00,7.17,7.32,7.17,7.25,31178
2021-04-20/00:00:00,7.25,7.33,7.06,7.28,59656
2021-04-21/00:00:00,7.28,7.33,7.11,7.17,156137
2021-04-22/00:00:00,7.17,7.12,7.0,7.05,846146
2021-04-25/00:00:00,7.05,7.12,6.99,7.07,108319
2021-04-26/00:00:00,7.07,7.12,7.02,7.09,109757
2021-04-27/00:00:00,7.09,7.16,7.08,7.13,39698
2021-04-28/00:00:00,7.13,7.17,7.08,7.13,78832
2021-05-04/00:00:00,7.13,7.21,7.17,7.18,96100
2021-05-05/00:00:00,7.18,7.22,7.11,7.15,66869
2021-05-06/00:00:00,7.15,7.26,7.15,7.26,83689
2021-05-09/00:00:00,7.26,7.32,7.24,7.27,25916
2021-05-10/00:00:00,7.27,7.42,7.19,7.29,90372
2021-05-11/00:00:00,7.29,7.56,7.27,7.51,121778
2021-05-17/00:00:00,7.51,7.69,7.45,7.62,173350
2021-05-18/00:00:00,7.62,7.84,7.63,7.77,116293
2021-05-19/00:00:00,7.77,7.85,7.67,7.76,111304
2021-05-20/00:00:00,7.76,7.76,7.48,7.62,333438
2021-05-23/00:00:00,7.62,7.73,7.57,7.6,158105
2021-05-24/00:00:00,7.6,7.69,7.47,7.57,124331
2021-05-25/00:00:00,7.57,7.57,7.47,7.51,66008
2021-05-26/00:00:00,7.51,7.67,7.42,7.47,211579
2021-05-27/00:00:00,7.47,7.64,7.47,7.52,167096
2021-05-30/00:00:00,7.52,8.27,7.52,8.03,724969
2021-05-31/00:00:00,8.03,8.64,8.05,8.44,1700339
2021-06-01/00:00:00,8.44,8.41,7.82,8.22,924936
2021-06-02/00:00:00,8.22,8.13,7.75,7.9,158411
2021-06-03/00:00:00,7.9,8.37,7.56,7.91,723550
2021-06-06/00:00:00,7.91,8.02,7.61,7.63,319730
2021-06-07/00:00:00,7.63,8.39,7.61,7.87,3494594
2021-06-08/00:00:00,7.87,8.16,7.68,7.89,2297994
2021-06-09/00:00:00,7.89,8.21,7.95,8.08,738227
2021-06-10/00:00:00,8.08,8.15,7.88,7.98,517087
2021-06-13/00:00:00,7.98,8.17,7.95,8.06,524188
2021-06-14/00:00:00,8.06,8.08,7.87,7.94,147714
2021-06-15/00:00:00,7.94,8.02,7.62,7.78,790416
2021-06-16/00:00:00,7.78,7.94,7.77,7.83,22759
2021-06-17/00:00:00,7.83,7.93,7.77,7.82,148600
2021-06-20/00:00:00,7.82,7.88,7.78,7.82,157864
2021-06-21/00:00:00,7.82,8.05,7.84,7.94,179586
2021-06-22/00:00:00,7.94,8.07,7.88,7.95,318698
2021-06-23/00:00:00,7.95,8.22,7.95,8.1,572147
2021-06-24/00:00:00,8.1,8.25,8.01,8.17,524490
2021-06-27/00:00:00,8.17,8.22,7.97,8.15,879776
2021-06-28/00:00:00,8.15,8.57,8.1,8.32,1859586
2021-06-29/00:00:00,8.32,8.37,8.14,8.21,353875
2021-06-30/00:00:00,8.21,8.22,8.1,8.13,289457
2021-07-04/00:00:00,8.13,8.28,7.95,8.02,217777
2021-07-05/00:00:00,8.02,8.21,8.02,8.1,270325
2021-07-06/00:00:00,8.1,8.09,7.87,7.92,65434
2021-07-07/00:00:00,7.92,8.09,7.9,7.96,481658
2021-07-08/00:00:00,7.96,8.12,7.83,7.87,283883
2021-07-11/00:00:00,7.87,7.99,7.8,7.82,235302
2021-07-12/00:00:00,7.82,7.93,7.78,7.82,143011
2021-07-13/00:00:00,7.82,7.92,7.82,7.87,164653
2021-07-14/00:00:00,7.87,7.99,7.78,7.85,147626
2021-07-15/00:00:00,7.85,7.99,7.77,7.9,134738
2021-07-18/00:00:00,7.9,8.01,7.8,7.85,493831
2021-07-25/00:00:00,7.85,8.02,7.85,7.95,332700
2021-07-26/00:00:00,7.95,8.06,7.84,7.88,326113
2021-07-27/00:00:00,7.88,8.41,7.88,8.17,1860822
2021-07-28/00:00:00,8.17,8.62,8.12,8.49,1751516
2021-07-29/00:00:00,8.49,8.7,8.48,8.59,694892
2021-08-01/00:00:00,8.59,9.29,8.57,9.06,3743375
2021-08-02/00:00:00,9.69,10.52,9.27,10.01,5893056
2021-08-03/00:00:00,10.01,10.5,9.69,10.12,2531617
2021-08-04/00:00:00,10.12,10.1,9.77,9.95,976613
2021-08-05/00:00:00,9.95,10.79,9.89,10.52,3469126
2021-08-08/00:00:00,10.52,11.57,10.89,11.36,5224714
2021-08-09/00:00:00,11.36,12.4,11.42,11.86,4457592
2021-08-10/00:00:00,11.86,12.77,12.03,12.44,5030779
2021-08-11/00:00:00,12.44,12.35,11.9,12.08,2285524
2021-08-15/00:00:00,12.08,12.46,11.94,12.2,2324053
2021-08-16/00:00:00,12.2,12.62,11.93,12.37,3025757
2021-08-17/00:00:00,12.67,13.15,12.36,12.73,6213636
2021-08-18/00:00:00,12.73,12.65,11.6,12.1,4661198
2021-08-19/00:00:00,12.1,11.77,11.07,11.41,3270868
2021-08-22/00:00:00,11.41,11.6,10.91,11.22,4455978
2021-08-23/00:00:00,11.22,11.77,11.25,11.55,4242042
2021-08-24/00:00:00,11.77,12.02,11.24,11.61,3098886
2021-08-25/00:00:00,11.61,11.97,11.17,11.69,5306521
2021-08-26/00:00:00,11.69,11.97,11.07,11.42,2536973
2021-08-29/00:00:00,11.42,11.37,10.99,11.12,841552
2021-08-30/00:00:00,11.12,11.42,10.45,10.91,2846219
2021-08-31/00:00:00,10.91,10.86,10.38,10.67,1295306
2021-09-01/00:00:00,11.14,11.66,11.07,11.37,4074641
2021-09-02/00:00:00,11.37,11.46,11.01,11.14,2415485
2021-09-05/00:00:00,11.14,11.2,10.37,10.43,1720536
2021-09-06/00:00:00,10.43,10.58,9.78,9.85,2274751
2021-09-07/00:00:00,9.85,10.38,9.86,10.13,1239499
2021-09-08/00:00:00,10.13,10.31,9.82,9.89,1095806
2021-09-09/00:00:00,9.89,10.03,9.45,9.53,1030806
2021-09-12/00:00:00,9.53,10.27,9.58,9.95,1673450
2021-09-13/00:00:00,9.95,10.24,9.96,10.02,874554
2021-09-14/00:00:00,10.03,10.86,10.17,10.57,3043000
2021-09-15/00:00:00,10.57,10.72,10.13,10.22,956717
2021-09-16/00:00:00,10.22,10.38,9.89,9.96,1483636
2021-09-19/00:00:00,9.96,10.01,9.62,9.63,1095971
2021-09-20/00:00:00,9.63,9.77,9.2,9.32,837416
2021-09-21/00:00:00,9.32,9.27,8.72,9.0,778861
2021-09-22/00:00:00,9.0,9.2,8.99,9.04,898391
2021-09-23/00:00:00,9.04,10.85,9.02,10.73,5793804
2021-09-26/00:00:00,10.73,11.77,11.07,11.24,8831862
2021-09-27/00:00:00,11.24,11.34,10.58,10.65,3157004
2021-09-28/00:00:00,10.65,10.86,10.38,10.65,2049679
2021-09-29/00:00:00,10.65,10.76,10.17,10.27,1937663
2021-09-30/00:00:00,10.27,10.47,10.17,10.42,1172628
2021-10-03/00:00:00,10.42,10.72,10.14,10.21,1165219
2021-10-04/00:00:00,10.21,10.47,10.07,10.15,653645
2021-10-05/00:00:00,10.15,10.35,10.03,10.12,587477
2021-10-06/00:00:00,10.12,10.21,10.03,10.12,401287
2021-10-10/00:00:00,10.12,10.52,10.1,10.19,665624
2021-10-11/00:00:00,10.19,11.0,10.31,10.93,2952245
2021-10-12/00:00:00,10.93,11.11,10.65,10.74,1786679
2021-10-13/00:00:00,10.74,10.86,10.65,10.78,1652117
2021-10-14/00:00:00,10.78,11.07,10.77,10.99,847067
2021-10-17/00:00:00,10.99,11.34,11.07,11.21,2361133
2021-10-18/00:00:00,11.21,11.34,11.08,11.33,1521637
2021-10-19/00:00:00,11.33,11.34,9.13,10.42,2482045
2021-10-20/00:00:00,10.42,10.62,10.03,10.56,1132541
2021-10-24/00:00:00,10.56,10.65,10.31,10.38,512197
2021-10-25/00:00:00,10.38,10.52,10.21,10.41,796625
2021-10-26/00:00:00,10.41,10.62,10.1,10.13,896216
2021-10-27/00:00:00,10.13,10.3,9.34,10.05,923486
2021-10-28/00:00:00,10.05,10.24,9.96,10.17,343819
2021-10-31/00:00:00,10.17,10.22,9.95,10.04,602987
2021-11-01/00:00:00,10.04,10.17,9.97,10.01,329033
2021-11-02/00:00:00,10.01,10.22,9.69,9.75,533120
2021-11-03/00:00:00,9.75,9.97,9.52,9.59,548124
2021-11-04/00:00:00,9.59,9.64,9.24,9.33,727176
2021-11-07/00:00:00,9.33,9.47,9.08,9.34,577969
2021-11-08/00:00:00,9.34,9.69,9.34,9.69,312377
2021-11-09/00:00:00,9.69,9.82,9.58,9.67,361680
2021-11-10/00:00:00,9.67,9.73,9.25,9.47,290860
2021-11-11/00:00:00,9.47,9.78,9.55,9.68,197862
2021-11-14/00:00:00,9.68,9.84,9.55,9.69,151438
2021-11-15/00:00:00,9.69,9.94,9.6,9.71,185761
2021-11-16/00:00:00,9.71,9.76,9.47,9.5,208356
2021-11-17/00:00:00,9.5,9.69,9.38,9.52,280996
2021-11-18/00:00:00,9.52,9.62,9.4,9.47,241338
2021-11-21/00:00:00,9.47,9.47,9.27,9.34,4637875
2021-11-22/00:00:00,9.34,9.59,9.37,9.46,143604
2021-11-23/00:00:00,9.46,9.61,9.42,9.58,199592
2021-11-24/00:00:00,9.58,10.21,9.47,10.05,809452
2021-11-25/00:00:00,10.05,10.23,9.92,9.95,309143
2021-11-28/00:00:00,9.95,10.02,9.42,9.95,289844
2021-11-29/00:00:00,9.95,10.07,9.86,9.9,121004
2021-11-30/00:00:00,9.9,10.45,9.82,10.32,1166789
2021-12-01/00:00:00,10.32,10.38,10.24,10.29,190063
2021-12-02/00:00:00,10.29,10.38,10.11,10.15,294311
2021-12-05/00:00:00,10.15,10.64,9.99,10.37,681792
2021-12-06/00:00:00,10.37,10.61,10.24,10.38,745042
2021-12-07/00:00:00,10.38,11.24,10.52,11.06,2496149
2021-12-08/00:00:00,11.06,11.28,10.82,10.93,563410
2021-12-09/00:00:00,10.93,11.0,10.66,10.87,503674
2021-12-12/00:00:00,10.87,11.0,10.79,10.85,189856
2021-12-13/00:00:00,10.85,10.97,10.74,10.82,83192
2021-12-14/00:00:00,10.82,10.9,10.58,10.64,457937
2021-12-15/00:00:00,10.64,10.82,10.58,10.79,394946
2021-12-16/00:00:00,10.79,10.97,10.72,10.81,843694
2021-12-19/00:00:00,10.81,10.9,10.57,10.59,279163
2021-12-20/00:00:00,10.59,10.58,10.32,10.42,371822
2021-12-21/00:00:00,10.42,10.59,10.32,10.37,292408
2021-12-22/00:00:00,10.37,10.52,10.38,10.47,171521
2021-12-23/00:00:00,10.47,11.05,10.52,11.02,936649
2021-12-26/00:00:00,11.02,11.1,10.91,11.07,566437
2021-12-27/00:00:00,11.07,11.21,10.82,10.86,294096
2021-12-28/00:00:00,10.86,11.07,10.77,11.01,371732
2021-12-29/00:00:00,11.01,11.12,10.97,11.03,230970
2021-12-30/00:00:00,11.03,11.07,10.78,10.91,243468
2022-01-02/00:00:00,10.91,11.07,10.86,11.02,304884
2022-01-03/00:00:00,11.02,11.07,10.86,10.86,283561
2022-01-04/00:00:00,10.86,11.02,10.84,10.87,431803
2022-01-05/00:00:00,10.87,11.07,10.93,10.95,183682
2022-01-09/00:00:00,10.95,11.06,10.86,10.87,178843
2022-01-10/00:00:00,10.87,10.96,10.86,10.92,140737
2022-01-11/00:00:00,10.92,10.91,10.69,10.72,216856
2022-01-12/00:00:00,10.72,10.79,10.61,10.64,550457
2022-01-13/00:00:00,10.64,10.69,10.46,10.52,448867
2022-01-16/00:00:00,10.52,10.55,10.32,10.38,580184
2022-01-17/00:00:00,10.38,10.47,10.35,10.39,315007
2022-01-18/00:00:00,10.39,10.79,10.52,10.72,577046
2022-01-19/00:00:00,10.72,10.79,10.56,10.62,323992
2022-01-20/00:00:00,10.62,10.65,10.42,10.49,373501
2022-01-23/00:00:00,10.49,10.58,10.13,10.3,250218
2022-01-24/00:00:00,10.3,10.31,10.02,10.04,251556
2022-01-25/00:00:00,10.04,10.38,9.96,10.24,1087852
2022-01-26/00:00:00,10.24,10.27,10.13,10.17,211346
2022-01-30/00:00:00,10.17,10.14,8.21,8.32,7974403
2022-01-31/00:00:00,8.32,8.72,8.3,8.65,1186046
2022-02-01/00:00:00,8.65,8.99,8.67,8.92,1953846
2022-02-02/00:00:00,8.92,9.25,8.99,9.13,1109348
2022-02-03/00:00:00,9.13,9.28,9.16,9.2,1257536
2022-02-06/00:00:00,9.2,9.36,9.13,9.25,546978
2022-02-07/00:00:00,9.25,9.39,9.21,9.32,497322
2022-02-08/00:00:00,9.32,9.38,9.32,9.34,487632
2022-02-09/00:00:00,9.34,9.43,9.32,9.34,185441
2022-02-10/00:00:00,9.34,9.62,9.31,9.56,455712
2022-02-13/00:00:00,9.56,9.57,9.41,9.47,571274
2022-02-14/00:00:00,9.47,9.62,9.34,9.57,554158
2022-02-15/00:00:00,9.57,9.67,9.47,9.53,386039
2022-02-16/00:00:00,9.53,9.62,9.5,9.59,71804
2022-02-17/00:00:00,9.59,9.62,9.52,9.55,84832
2022-02-20/00:00:00,9.55,9.57,9.34,9.44,816415
2022-02-21/00:00:00,9.44,9.55,9.46,9.47,308453
2022-02-22/00:00:00,9.47,9.5,9.34,9.39,104458
2022-02-23/00:00:00,9.39,9.52,9.34,9.48,158767
2022-02-24/00:00:00,9.48,9.21,8.92,9.03,763405
2022-02-27/00:00:00,9.03,9.47,9.07,9.25,140191
2022-02-28/00:00:00,9.25,9.35,9.2,9.34,303587
2022-03-01/00:00:00,9.34,9.41,9.24,9.34,143000
2022-03-02/00:00:00,9.34,9.39,9.27,9.34,234024
2022-03-03/00:00:00,9.34,9.41,9.27,9.34,194353
2022-03-06/00:00:00,9.34,9.41,9.28,9.34,200394
2022-03-07/00:00:00,9.34,9.41,9.27,9.34,1407476
2022-03-08/00:00:00,9.34,9.37,9.2,9.35,195040
2022-03-09/00:00:00,9.35,9.52,9.34,9.45,201211
2022-03-10/00:00:00,9.45,9.5,9.34,9.47,116748
2022-03-13/00:00:00,9.47,9.54,9.41,9.43,74803
2022-03-14/00:00:00,9.43,9.52,9.41,9.47,71498
2022-03-15/00:00:00,9.47,9.47,9.41,9.43,75581
2022-03-16/00:00:00,9.43,9.53,9.41,9.47,325429
2022-03-17/00:00:00,9.47,9.52,9.42,9.43,92062
2022-03-20/00:00:00,9.43,9.55,9.41,9.42,120695
2022-03-21/00:00:00,9.42,9.86,9.47,9.75,169837
2022-03-22/00:00:00,9.75,10.58,9.96,10.18,381992
2022-03-23/00:00:00,10.18,10.44,9.89,10.09,104686
2022-03-24/00:00:00,10.09,10.17,9.92,9.92,179284
2022-03-27/00:00:00,9.92,9.95,9.7,9.82,33797
2022-03-28/00:00:00,9.82,9.77,9.62,9.63,90966
2022-03-29/00:00:00,9.63,9.82,9.57,9.73,152639
2022-03-30/00:00:00,9.73,9.78,9.69,9.73,24940
2022-03-31/00:00:00,9.73,9.72,9.55,9.6,57481
2022-04-03/00:00:00,9.6,9.97,9.69,9.92,103432
2022-04-04/00:00:00,9.92,9.96,9.69,9.92,27976
2022-04-05/00:00:00,9.92,9.96,9.77,9.78,36648
2022-04-06/00:00:00,9.78,9.89,9.62,9.62,37888
2022-04-07/00:00:00,9.62,9.62,9.57,9.62,75188
2022-04-10/00:00:00,9.62,9.55,9.34,9.48,57880
2022-04-11/00:00:00,9.48,9.47,8.99,9.29,172054
2022-04-12/00:00:00,9.29,9.34,8.86,8.9,511834
2022-04-13/00:00:00,8.9,9.31,8.87,9.01,62266
2022-04-14/00:00:00,9.01,9.24,8.38,8.57,68557
2022-04-17/00:00:00,8.57,8.96,8.64,8.57,21437
2022-04-18/00:00:00,8.57,8.78,8.47,8.57,23815
2022-04-19/00:00:00,8.57,8.64,8.38,8.52,120456
2022-04-20/00:00:00,8.52,8.78,8.47,8.55,101022
2022-04-21/00:00:00,8.55,8.86,8.47,8.77,92972
2022-04-26/00:00:00,8.77,8.72,8.52,8.61,70013
2022-04-27/00:00:00,8.61,8.71,8.57,8.58,42745
2022-04-28/00:00:00,8.58,8.82,8.64,8.73,60922
2022-05-08/00:00:00,8.73,8.99,8.82,8.87,109217
2022-05-09/00:00:00,8.87,9.2,8.78,8.87,189762
2022-05-10/00:00:00,8.87,9.09,8.82,8.86,73132
2022-05-11/00:00:00,8.86,8.99,8.78,8.86,23717
2022-05-12/00:00:00,8.86,8.99,8.66,8.86,28637
2022-05-15/00:00:00,8.86,8.92,8.79,8.82,46486
2022-05-16/00:00:00,8.82,8.86,8.64,8.76,44248
2022-05-17/00:00:00,8.76,8.86,8.72,8.76,29670
2022-05-18/00:00:00,8.76,8.92,8.72,8.77,1723691
2022-05-19/00:00:00,8.77,8.87,8.73,8.78,652919
2022-05-22/00:00:00,8.78,8.87,8.73,8.78,4871
2022-05-23/00:00:00,8.78,8.86,8.64,8.73,620978
2022-05-24/00:00:00,8.73,8.84,8.53,8.63,44788
2022-05-25/00:00:00,8.63,8.75,8.2,8.35,160621
2022-05-26/00:00:00,8.35,8.51,8.17,8.24,47750
2022-05-29/00:00:00,8.24,8.37,8.18,8.24,15768
2022-05-30/00:00:00,8.24,8.47,8.22,8.24,9904
2022-05-31/00:00:00,8.24,8.47,8.27,8.3,97849
2022-06-01/00:00:00,8.3,8.44,7.82,8.36,229255
2022-06-02/00:00:00,8.36,8.49,8.3,8.3,72752
2022-06-05/00:00:00,8.3,8.5,8.17,8.37,43770
2022-06-06/00:00:00,8.37,8.37,8.3,8.3,45276
2022-06-07/00:00:00,8.3,8.44,8.32,8.3,31566
2022-06-08/00:00:00,8.3,8.64,8.32,8.62,344329
2022-06-09/00:00:00,8.62,8.69,8.47,8.5,209792
2022-06-12/00:00:00,8.5,8.6,8.5,8.5,26549
2022-06-13/00:00:00,8.5,8.68,8.46,8.57,57823
2022-06-14/00:00:00,8.57,8.66,8.47,8.64,48876
2022-06-15/00:00:00,8.64,8.67,8.47,8.51,46662
2022-06-16/00:00:00,8.51,8.57,8.41,8.44,110789
2022-06-19/00:00:00,8.47,9.24,8.67,8.76,35993
2022-06-20/00:00:00,8.76,8.82,8.54,8.76,31673
2022-06-21/00:00:00,8.76,8.72,8.4,8.41,157196
2022-06-22/00:00:00,8.41,8.56,8.23,8.51,413286
2022-06-23/00:00:00,8.51,8.82,8.37,8.73,1036056
2022-06-26/00:00:00,8.73,9.54,8.86,9.3,1291417
2022-06-27/00:00:00,9.3,9.2,8.74,8.77,275514
2022-06-28/00:00:00,8.77,8.9,8.52,8.7,147032
2022-06-29/00:00:00,8.7,9.05,8.22,8.63,112640
2022-07-03/00:00:00,8.63,8.68,8.38,8.46,54685
2022-07-04/00:00:00,8.46,8.58,8.17,8.29,100374
2022-07-05/00:00:00,8.29,8.37,8.03,8.11,103274
2022-07-06/00:00:00,8.11,8.25,8.0,8.2,59003
2022-07-07/00:00:00,8.2,8.53,8.32,8.33,285107
2022-07-17/00:00:00,8.33,8.42,8.13,8.14,497050
2022-07-18/00:00:00,8.14,8.21,7.98,8.05,1584706
2022-07-19/00:00:00,8.05,8.13,8.02,8.07,231850
2022-07-20/00:00:00,8.07,8.2,8.06,8.14,334466
2022-07-21/00:00:00,8.14,8.44,8.18,8.29,898032
2022-07-24/00:00:00,8.29,8.59,8.27,8.43,295354
2022-07-25/00:00:00,8.43,8.74,8.44,8.67,490766
2022-07-26/00:00:00,8.67,9.12,8.74,9.09,1132003
2022-07-27/00:00:00,9.09,9.44,9.05,9.17,754801
2022-07-28/00:00:00,9.17,9.62,9.12,9.56,890039
2022-07-31/00:00:00,9.56,9.58,9.29,9.38,264805
2022-08-01/00:00:00,9.38,9.5,9.27,9.37,173029
2022-08-02/00:00:00,9.37,9.39,9.2,9.35,147209
2022-08-03/00:00:00,9.35,9.4,9.14,9.17,101509
2022-08-04/00:00:00,9.17,9.47,9.17,9.39,309730
2022-08-07/00:00:00,9.39,9.51,9.2,9.27,358602
2022-08-08/00:00:00,9.27,9.69,9.17,9.52,540760
2022-08-09/00:00:00,9.52,10.0,9.58,9.81,1028436
2022-08-10/00:00:00,9.81,10.34,9.66,9.97,472234
2022-08-11/00:00:00,9.97,10.23,9.77,9.82,159714
2022-08-14/00:00:00,9.82,10.31,9.81,10.26,362135
2022-08-15/00:00:00,10.26,10.42,9.69,10.07,126292
2022-08-16/00:00:00,10.07,10.37,9.94,10.03,145496
2022-08-17/00:00:00,10.03,10.47,10.03,10.33,297394
2022-08-18/00:00:00,10.33,10.87,10.3,10.82,684374
2022-08-21/00:00:00,10.82,11.41,10.91,11.4,500646
2022-08-22/00:00:00,11.4,11.41,10.91,10.96,136920
2022-08-23/00:00:00,10.96,11.16,10.72,10.97,30018
2022-08-24/00:00:00,10.97,11.17,10.84,10.99,208454
2022-08-25/00:00:00,10.99,11.1,10.76,10.92,72940
2022-08-28/00:00:00,10.92,11.07,10.68,10.99,186126
2022-08-29/00:00:00,10.99,11.02,10.57,10.67,91228
2022-08-30/00:00:00,10.67,10.81,10.3,10.65,156468
2022-08-31/00:00:00,10.65,10.8,10.27,10.45,438361
2022-09-01/00:00:00,10.45,10.53,10.22,10.27,54742
2022-09-04/00:00:00,10.27,10.42,10.13,10.25,52612
2022-09-05/00:00:00,10.25,10.46,10.22,10.32,349909
2022-09-06/00:00:00,10.32,10.78,10.49,10.65,371875
2022-09-07/00:00:00,10.65,10.8,10.5,10.64,254550
2022-09-08/00:00:00,10.64,10.66,10.49,10.63,78628
2022-09-11/00:00:00,10.63,10.79,10.52,10.61,37526
2022-09-12/00:00:00,10.61,11.02,10.65,10.94,150125
2022-09-13/00:00:00,10.94,11.02,10.89,10.94,17603
2022-09-14/00:00:00,10.94,10.83,10.47,10.57,75013
2022-09-15/00:00:00,10.57,10.78,10.47,10.6,269959
2022-09-18/00:00:00,10.6,10.64,10.12,10.18,214438
2022-09-19/00:00:00,10.18,10.64,9.96,10.58,330026
2022-09-20/00:00:00,10.58,10.87,10.44,10.82,699044
2022-09-21/00:00:00,10.82,10.87,10.57,10.7,242045
2022-09-22/00:00:00,10.7,10.72,10.57,10.7,27317
2022-09-25/00:00:00,10.7,10.72,10.12,10.64,242872
2022-09-26/00:00:00,10.64,10.76,10.27,10.57,48467
2022-09-27/00:00:00,10.57,10.65,10.46,10.57,19936
2022-09-28/00:00:00,10.57,10.64,10.28,10.57,14778
2022-09-29/00:00:00,10.57,10.64,10.34,10.38,75251
2022-10-02/00:00:00,10.38,10.64,10.37,10.38,11153
2022-10-03/00:00:00,10.38,10.6,10.12,10.19,34303
2022-10-04/00:00:00,10.19,10.6,10.19,10.3,71920
2022-10-05/00:00:00,10.3,10.49,10.19,10.3,74572
2022-10-09/00:00:00,10.3,10.49,10.27,10.27,36872
2022-10-10/00:00:00,10.27,10.42,10.12,10.12,92990
2022-10-11/00:00:00,10.12,10.34,9.73,9.94,180950
2022-10-12/00:00:00,9.94,9.96,9.73,9.77,105671
2022-10-13/00:00:00,9.77,10.12,9.52,9.59,103561
2022-10-16/00:00:00,9.59,10.12,9.62,9.65,73121
2022-10-17/00:00:00,9.65,10.07,9.66,9.72,131206
2022-10-18/00:00:00,9.72,9.92,9.68,9.89,106964
2022-10-19/00:00:00,9.89,10.03,9.89,9.9,32930
2022-10-20/00:00:00,9.9,10.0,9.81,9.91,94566
2022-10-23/00:00:00,9.91,10.32,9.92,10.17,166740
2022-10-24/00:00:00,10.17,10.33,10.01,10.08,96665
2022-10-25/00:00:00,10.08,10.22,9.96,10.08,18376
2022-10-26/00:00:00,10.08,10.14,9.96,10.01,37999
2022-10-27/00:00:00,10.01,10.72,10.05,10.3,788946
2022-10-30/00:00:00,10.3,10.25,10.07,10.15,138258
2022-10-31/00:00:00,10.15,10.19,9.85,10.08,43379
2022-11-01/00:00:00,10.08,9.88,8.97,9.75,2203196
2022-11-02/00:00:00,9.75,9.84,9.47,9.58,525840
2022-11-03/00:00:00,9.58,9.79,9.51,9.64,616856
2022-11-06/00:00:00,9.64,9.69,9.55,9.58,1195147
2022-11-07/00:00:00,9.58,9.66,9.49,9.54,1030021
2022-11-08/00:00:00,9.54,9.63,9.22,9.26,1123747
2022-11-09/00:00:00,9.26,9.37,9.22,9.32,297444
2022-11-10/00:00:00,9.32,9.6,9.35,9.56,1254258
2022-11-13/00:00:00,9.56,9.86,9.6,9.8,812696
2022-11-14/00:00:00,9.8,10.11,9.73,10.06,1759393
2022-11-15/00:00:00,10.06,10.06,9.91,10.0,468553
2022-11-16/00:00:00,10.0,10.64,9.92,10.54,1815520
2022-11-17/00:00:00,10.54,10.61,10.38,10.41,616514
2022-11-20/00:00:00,10.41,10.49,10.24,10.39,386422
2022-11-21/00:00:00,10.39,10.43,10.15,10.17,766217
2022-11-22/00:00:00,10.17,10.02,9.77,9.86,1308726
2022-11-23/00:00:00,9.86,10.34,9.86,10.32,4763149
2022-11-24/00:00:00,10.32,10.64,10.34,10.42,4748412
2022-11-27/00:00:00,10.42,11.02,10.46,10.82,3143728
2022-11-28/00:00:00,10.82,11.32,10.82,11.19,7130447
2022-11-29/00:00:00,11.19,11.94,11.16,11.89,7151446
2022-11-30/00:00:00,11.89,12.38,11.86,11.97,3541216
2022-12-01/00:00:00,11.97,12.17,11.87,11.92,828934
2022-12-04/00:00:00,11.92,12.3,11.92,12.06,2047675
2022-12-05/00:00:00,12.06,12.17,11.8,11.89,2676190
2022-12-06/00:00:00,11.89,12.12,11.86,12.09,1329894
2022-12-07/00:00:00,12.09,12.54,12.09,12.48,3489006
2022-12-08/00:00:00,12.48,12.62,12.06,12.18,901554
2022-12-11/00:00:00,12.18,12.82,12.2,12.52,2492406
2022-12-12/00:00:00,12.52,13.87,12.29,13.87,3386548
2022-12-13/00:00:00,13.87,14.21,13.36,13.52,1465535
2022-12-14/00:00:00,13.52,14.96,13.75,14.82,791950
2022-12-15/00:00:00,14.82,15.42,14.84,14.91,1100568
2022-12-18/00:00:00,14.91,14.79,13.76,14.16,2116421
2022-12-19/00:00:00,14.16,14.75,13.84,14.57,760790
2022-12-20/00:00:00,14.57,14.98,14.5,14.88,1206139
2022-12-21/00:00:00,14.88,14.88,14.67,14.77,368191
2022-12-22/00:00:00,14.77,14.87,14.37,14.43,338449
2022-12-25/00:00:00,14.43,14.82,14.37,14.77,261350
2022-12-26/00:00:00,14.77,14.99,14.58,14.96,183821
2022-12-27/00:00:00,14.96,15.42,14.67,15.27,1488398
2022-12-28/00:00:00,15.27,15.42,14.58,14.81,1354789
2022-12-29/00:00:00,14.81,17.77,14.58,14.97,855704
2023-01-02/00:00:00,14.97,15.2,14.92,14.96,297944
2023-01-03/00:00:00,14.96,15.08,14.74,14.77,1324801
2023-01-04/00:00:00,14.77,14.92,14.37,14.66,1004328
2023-01-05/00:00:00,14.66,15.04,14.54,14.63,907830
2023-01-09/00:00:00,14.63,14.97,14.29,14.36,907554
2023-01-10/00:00:00,14.36,15.42,14.25,15.08,3073825
2023-01-11/00:00:00,15.08,16.67,14.87,15.31,1468255
2023-01-12/00:00:00,15.31,15.98,14.92,15.75,357288
2023-01-15/00:00:00,15.75,16.5,15.75,16.34,391514
2023-01-16/00:00:00,16.34,18.24,16.54,17.7,1968000
2023-01-17/00:00:00,17.7,17.87,17.08,17.21,602359
2023-01-18/00:00:00,17.21,17.42,15.96,16.07,1182332
2023-01-19/00:00:00,16.07,16.46,15.97,16.07,517968
2023-01-22/00:00:00,16.07,16.24,15.79,15.97,444954
2023-01-23/00:00:00,15.97,16.57,15.83,16.32,536124
2023-01-24/00:00:00,16.32,16.66,16.01,16.42,449988
2023-01-25/00:00:00,16.42,18.34,16.46,17.81,2402530
2023-01-29/00:00:00,17.81,19.99,17.93,19.7,1647638
2023-01-30/00:00:00,19.7,20.0,17.26,18.42,1938930
2023-01-31/00:00:00,18.42,19.27,17.67,18.22,1517483
2023-02-01/00:00:00,18.22,18.71,16.67,17.87,3586038
2023-02-02/00:00:00,17.87,19.17,17.42,17.72,1950144
2023-02-05/00:00:00,17.72,18.12,16.75,17.58,1745269
2023-02-06/00:00:00,17.58,18.33,17.6,17.88,562488
2023-02-07/00:00:00,17.88,19.07,17.94,18.98,1195019
2023-02-08/00:00:00,18.98,19.1,17.52,18.0,1779548
2023-02-09/00:00:00,18.0,18.74,17.96,18.58,1047271
2023-02-12/00:00:00,18.58,18.49,17.67,17.79,953474
2023-02-13/00:00:00,17.79,18.33,17.83,18.08,740684
2023-02-14/00:00:00,18.08,18.46,17.92,18.35,4334921
2023-02-15/00:00:00,18.35,18.58,18.12,18.21,867187
2023-02-16/00:00:00,18.21,18.58,17.83,17.92,420355
2023-02-19/00:00:00,17.92,18.12,17.62,17.73,523831
2023-02-20/00:00:00,17.73,18.06,17.12,17.27,501533
2023-02-21/00:00:00,17.27,17.25,16.83,17.08,1762206
2023-02-22/00:00:00,17.08,17.28,16.5,16.78,907072
2023-02-23/00:00:00,16.78,16.68,16.37,16.6,2387486
2023-02-26/00:00:00,16.6,17.14,16.6,17.07,464754
2023-02-27/00:00:00,17.07,17.33,16.5,16.61,954364
2023-02-28/00:00:00,16.61,16.82,16.53,16.57,349769
2023-03-01/00:00:00,16.57,16.83,16.58,16.61,550538
2023-03-02/00:00:00,16.61,16.79,16.27,16.33,451493
2023-03-05/00:00:00,16.33,16.63,15.85,16.5,478172
2023-03-06/00:00:00,16.5,16.73,16.34,16.38,364903
2023-03-07/00:00:00,16.38,16.62,16.12,16.14,118546
2023-03-08/00:00:00,16.14,16.25,15.63,15.89,393508
2023-03-09/00:00:00,15.89,16.12,15.7,16.06,201566
2023-03-12/00:00:00,16.06,16.0,15.0,15.39,302819
2023-03-13/00:00:00,15.39,15.75,14.73,14.8,422114
2023-03-14/00:00:00,14.8,15.42,14.33,15.2,444784
2023-03-15/00:00:00,15.2,15.67,13.75,14.12,332406
2023-03-16/00:00:00,14.12,14.5,13.33,14.19,411412
2023-03-19/00:00:00,14.19,15.0,13.6,14.87,306122
2023-03-20/00:00:00,14.87,15.42,14.75,15.14,112945
2023-03-21/00:00:00,15.14,15.4,15.01,15.27,67142
2023-03-22/00:00:00,15.27,15.39,14.58,14.77,1663397
2023-03-23/00:00:00,14.77,14.94,14.5,14.58,728424
2023-03-26/00:00:00,14.58,15.12,14.71,14.83,354444
2023-03-27/00:00:00,14.83,15.0,14.49,14.53,878171
2023-03-28/00:00:00,14.53,14.79,14.44,14.5,403976
2023-03-29/00:00:00,14.5,15.83,14.5,15.56,2095031
2023-03-30/00:00:00,15.56,16.25,15.22,15.36,1403344
2023-04-02/00:00:00,15.36,15.75,15.33,15.61,774128
2023-04-03/00:00:00,15.61,16.22,15.57,16.16,959850
2023-04-04/00:00:00,16.16,16.73,15.98,16.67,1505240
2023-04-05/00:00:00,16.67,16.87,16.09,16.27,699272
2023-04-06/00:00:00,16.27,16.48,15.67,15.96,549174
2023-04-09/00:00:00,15.96,15.94,15.42,15.62,394600
2023-04-10/00:00:00,15.62,16.02,15.54,15.6,1442711
2023-04-11/00:00:00,15.6,16.17,15.75,15.81,354227
2023-04-12/00:00:00,15.81,16.04,15.67,15.77,191869
2023-04-13/00:00:00,15.77,16.33,15.62,16.21,1024184
2023-04-18/00:00:00,16.21,18.0,16.17,17.82,2159010
2023-04-19/00:00:00,17.82,17.97,17.31,17.66,350626
2023-04-26/00:00:00,17.66,17.58,16.67,17.4,805498
2023-04-27/00:00:00,17.4,18.28,17.17,18.08,475804
2023-04-30/00:00:00,18.08,18.75,17.42,17.49,1654058
2023-05-01/00:00:00,17.49,17.82,16.92,17.57,717078
2023-05-02/00:00:00,17.57,17.89,17.33,17.78,417180
2023-05-03/00:00:00,17.78,18.08,17.42,18.08,714516
2023-05-07/00:00:00,18.08,18.06,17.58,17.67,106436
2023-05-08/00:00:00,17.67,18.32,17.67,18.32,1224522
2023-05-09/00:00:00,18.32,18.79,18.12,18.12,1419544
2023-05-10/00:00:00,18.12,18.5,17.71,17.9,185846
2023-05-11/00:00:00,17.9,18.12,17.39,17.92,497646
2023-05-14/00:00:00,17.92,19.83,17.5,19.52,2899210
2023-05-15/00:00:00,19.52,19.87,19.37,19.48,2581579
2023-05-16/00:00:00,19.48,19.33,18.67,19.23,459996
2023-05-17/00:00:00,19.23,19.25,18.67,18.94,344503
2023-05-18/00:00:00,18.94,19.46,18.61,18.88,99883
2023-05-21/00:00:00,18.88,19.32,18.76,19.17,215980
2023-05-22/00:00:00,19.17,19.16,18.78,18.83,293936
2023-05-23/00:00:00,18.83,18.87,18.25,18.59,361522
2023-05-24/00:00:00,18.59,18.9,18.33,18.66,102844
2023-05-25/00:00:00,18.66,19.26,18.36,18.52,821269
2023-05-28/00:00:00,18.52,19.96,18.74,19.91,1205616
2023-05-29/00:00:00,19.91,19.96,19.42,19.89,638717
2023-05-30/00:00:00,19.89,21.65,19.44,21.58,1858165
2023-05-31/00:00:00,21.58,21.67,20.17,20.18,1989206
2023-06-01/00:00:00,20.18,20.96,20.67,20.72,1049831
2023-06-04/00:00:00,20.72,21.31,20.08,21.18,213352
2023-06-05/00:00:00,21.18,21.31,20.72,20.83,388034
2023-06-06/00:00:00,20.83,21.0,20.42,20.47,512023
2023-06-07/00:00:00,20.47,20.82,19.58,19.72,275768
2023-06-08/00:00:00,19.72,20.0,18.77,19.15,541910
2023-06-11/00:00:00,19.15,19.64,18.42,18.46,639593
2023-06-12/00:00:00,18.46,19.08,18.33,18.55,75527
2023-06-13/00:00:00,18.55,19.0,18.08,18.33,582646
2023-06-14/00:00:00,18.33,18.75,18.16,18.17,284033
2023-06-15/00:00:00,18.17,18.33,18.17,18.32,99266
2023-06-18/00:00:00,18.32,18.73,18.13,18.17,432538
2023-06-19/00:00:00,18.17,19.67,18.0,18.88,3479161
2023-06-20/00:00:00,18.88,19.17,18.52,18.59,2439023
2023-06-21/00:00:00,18.59,19.25,18.58,18.77,1001533
2023-06-22/00:00:00,18.77,18.97,18.52,18.59,1096436
2023-06-25/00:00:00,18.59,19.0,18.35,18.52,153149
2023-06-26/00:00:00,18.52,19.37,18.5,19.37,854100
2023-07-04/00:00:00,19.37,19.58,19.17,19.39,720588
2023-07-05/00:00:00,19.39,20.33,19.17,19.7,649176
2023-07-06/00:00:00,19.7,20.08,19.5,19.82,264228
2023-07-09/00:00:00,19.82,19.79,18.52,18.69,200652
2023-07-10/00:00:00,18.69,19.37,18.42,19.17,222311
2023-07-11/00:00:00,19.17,19.46,18.87,19.07,2113044
2023-07-12/00:00:00,19.07,19.17,18.75,19.02,230610
2023-07-13/00:00:00,19.02,19.19,18.96,19.08,395024
2023-07-16/00:00:00,19.08,19.17,18.75,18.89,29798
2023-07-17/00:00:00,18.89,19.07,18.72,18.76,109690
2023-07-18/00:00:00,18.76,19.17,18.77,18.99,654434
2023-07-19/00:00:00,18.99,19.12,18.79,18.82,888139
2023-07-24/00:00:00,18.82,18.97,18.75,18.77,1052831
2023-07-25/00:00:00,18.77,18.93,18.62,18.66,730622
2023-07-26/00:00:00,18.66,19.3,18.66,19.25,460511
2023-07-27/00:00:00,19.25,19.58,19.01,19.52,248071
2023-07-30/00:00:00,19.52,20.42,19.35,20.41,692897
2023-07-31/00:00:00,20.41,20.49,20.08,20.33,183218
2023-08-01/00:00:00,20.33,20.83,19.61,19.72,636124
2023-08-02/00:00:00,19.72,20.32,19.69,20.02,67432
2023-08-03/00:00:00,20.02,20.42,19.62,20.01,55205
2023-08-06/00:00:00,20.01,20.27,19.71,20.02,105732
2023-08-07/00:00:00,20.02,20.67,19.93,20.67,416850
2023-08-08/00:00:00,20.67,20.99,20.48,20.77,363406
2023-08-09/00:00:00,20.77,21.0,20.5,20.77,582557
2023-08-10/00:00:00,20.77,20.7,20.29,20.57,39490
2023-08-13/00:00:00,20.57,21.0,20.29,20.83,349588
2023-08-14/00:00:00,20.83,21.04,20.67,20.83,1105565
2023-08-15/00:00:00,20.83,20.83,20.43,20.52,281840
2023-08-16/00:00:00,20.52,21.25,20.52,21.03,181543
2023-08-17/00:00:00,21.03,21.04,20.76,20.82,32320
2023-08-20/00:00:00,20.82,21.02,20.73,20.79,56504
2023-08-21/00:00:00,20.79,21.04,20.42,20.47,222896
2023-08-22/00:00:00,20.47,20.62,20.38,20.46,80410
2023-08-23/00:00:00,20.46,20.64,20.0,20.17,123601
2023-08-24/00:00:00,20.17,20.71,20.0,20.16,89116
2023-08-27/00:00:00,20.16,20.83,20.17,20.82,109715
2023-08-28/00:00:00,20.82,21.43,20.69,21.25,540212
2023-08-29/00:00:00,21.25,21.47,20.67,20.82,940588
2023-08-30/00:00:00,20.82,21.13,20.67,20.83,213064
2023-08-31/00:00:00,20.83,21.22,20.67,20.71,85021
2023-09-03/00:00:00,20.71,20.83,20.0,20.16,184566
2023-09-04/00:00:00,20.16,20.4,20.0,20.17,292288
2023-09-05/00:00:00,20.17,20.37,19.79,19.82,722797
2023-09-06/00:00:00,19.82,19.75,19.42,19.43,384162
2023-09-07/00:00:00,19.43,19.82,19.45,19.77,341678
2023-09-10/00:00:00,19.77,20.21,19.75,20.0,367656
2023-09-11/00:00:00,20.0,20.08,19.58,19.65,193963
2023-09-12/00:00:00,19.65,20.0,19.46,20.0,462170
2023-09-13/00:00:00,20.0,20.08,19.75,20.0,148404
2023-09-14/00:00:00,20.0,20.84,20.0,20.7,1397724
2023-09-17/00:00:00,20.7,21.08,20.01,20.27,495781
2023-09-18/00:00:00,20.27,20.71,20.11,20.25,323602
2023-09-19/00:00:00,20.25,20.46,19.84,20.02,586393
2023-09-20/00:00:00,20.02,20.19,19.71,19.92,295367
2023-09-21/00:00:00,19.92,20.12,19.75,20.08,535508
2023-09-24/00:00:00,20.08,20.35,19.89,20.23,698903
2023-09-25/00:00:00,20.23,21.87,20.25,21.58,4917238
2023-09-26/00:00:00,21.58,22.42,21.62,22.32,3515172
2023-09-27/00:00:00,22.32,22.62,21.7,21.96,1300254
2023-10-01/00:00:00,21.96,23.0,21.72,22.92,1778982
2023-10-02/00:00:00,22.92,23.42,21.71,22.3,1342906
2023-10-03/00:00:00,22.3,22.83,22.08,22.51,841802
2023-10-04/00:00:00,22.51,22.5,21.75,22.29,1526413
2023-10-08/00:00:00,22.29,22.17,20.43,21.58,1265965
2023-10-09/00:00:00,21.58,22.08,21.43,21.77,340874
2023-10-10/00:00:00,21.77,22.75,21.69,22.56,955050
2023-10-11/00:00:00,22.56,22.89,22.25,22.42,301898
2023-10-12/00:00:00,22.42,23.96,22.09,23.75,1481438
2023-10-15/00:00:00,23.75,24.83,23.54,23.75,1509616
2023-10-16/00:00:00,23.75,25.17,23.75,25.0,741732
2023-10-17/00:00:00,25.0,28.33,24.79,27.5,3095867
2023-10-18/00:00:00,27.5,28.33,25.25,27.5,2490602
2023-10-19/00:00:00,27.5,27.49,25.89,26.25,1228102
2023-10-22/00:00:00,26.25,27.67,25.0,27.08,879311
2023-10-23/00:00:00,27.08,29.17,27.08,27.21,1968506
2023-10-24/00:00:00,27.21,28.75,26.5,28.42,1435342
2023-10-25/00:00:00,28.42,30.01,28.33,29.65,2088577
2023-10-26/00:00:00,29.65,30.42,27.71,28.75,1605014
2023-10-29/00:00:00,28.75,30.0,28.25,28.97,1253971
2023-10-30/00:00:00,28.97,29.58,28.54,29.58,852776
2023-10-31/00:00:00,29.58,29.58,27.43,27.52,1798862
2023-11-01/00:00:00,27.52,28.32,26.54,27.48,1117618
2023-11-02/00:00:00,27.48,28.7,27.5,27.65,1077128
2023-11-05/00:00:00,27.65,29.02,27.75,28.75,417366
2023-11-06/00:00:00,28.75,29.13,28.61,28.86,1095533
2023-11-07/00:00:00,28.86,29.25,28.5,29.07,1640702
2023-11-08/00:00:00,29.07,31.24,28.93,30.77,1719301
2023-11-09/00:00:00,30.77,31.58,30.42,30.83,1620894
2023-11-12/00:00:00,30.83,31.24,29.7,29.7,529465
2023-11-13/00:00:00,29.7,30.0,28.96,29.0,640591
2023-11-14/00:00:00,29.0,29.87,28.68,29.24,744110
2023-11-15/00:00:00,29.24,29.58,28.69,28.9,1070131
2023-11-16/00:00:00,28.9,29.71,29.17,29.5,583968
2023-11-19/00:00:00,29.5,32.08,29.5,30.24,2467309
2023-11-20/00:00:00,30.24,30.67,29.68,29.69,951552
2023-11-21/00:00:00,29.69,30.25,28.83,30.19,2131008
2023-11-22/00:00:00,30.19,31.25,29.87,30.42,1451581
2023-11-23/00:00:00,30.42,32.47,30.42,31.97,1084992
2023-11-26/00:00:00,31.97,33.29,31.5,33.21,1009861
2023-11-27/00:00:00,33.21,33.29,32.46,32.6,1162684
2023-11-28/00:00:00,32.6,33.12,32.2,32.21,255628
2023-11-29/00:00:00,32.21,32.17,30.67,31.96,1126141
2023-11-30/00:00:00,31.96,33.54,31.25,32.13,767597
2023-12-03/00:00:00,32.13,32.71,31.5,31.67,166054
2023-12-04/00:00:00,31.67,32.92,31.67,32.64,551748
2023-12-05/00:00:00,32.64,32.92,31.83,31.84,622632
2023-12-06/00:00:00,31.84,32.64,31.17,31.46,549558
2023-12-07/00:00:00,31.46,32.0,30.83,31.67,544408
2023-12-10/00:00:00,31.67,32.45,31.25,31.34,265301
2023-12-11/00:00:00,31.34,31.5,29.87,30.78,393754
2023-12-12/00:00:00,30.78,31.57,29.37,29.92,622908
2023-12-13/00:00:00,29.92,30.52,30.01,30.21,429326
2023-12-14/00:00:00,30.21,31.57,30.33,31.26,311221
2023-12-17/00:00:00,31.26,34.33,30.92,33.7,2117214
2023-12-18/00:00:00,33.7,36.17,34.17,34.33,1795531
2023-12-19/00:00:00,34.33,35.0,33.42,34.54,631981
2023-12-20/00:00:00,34.54,35.8,33.76,33.83,894830
2023-12-21/00:00:00,33.83,34.58,32.67,33.25,622853
2023-12-24/00:00:00,33.25,33.97,31.67,31.93,777662
2023-12-25/00:00:00,31.93,33.71,31.67,33.33,980369
2023-12-26/00:00:00,33.33,33.96,31.67,31.67,1210130
2023-12-27/00:00:00,31.67,32.91,31.19,31.33,1726397
2023-12-28/00:00:00,31.33,32.84,31.46,32.53,821130
2023-12-31/00:00:00,32.53,33.32,31.98,33.32,722471
2024-01-02/00:00:00,33.32,33.33,32.37,32.67,554153
2024-01-03/00:00:00,32.67,33.08,31.67,32.08,989573
2024-01-04/00:00:00,32.08,32.5,31.87,31.98,789560
2024-01-08/00:00:00,31.98,33.42,32.08,32.51,1688698
2024-01-09/00:00:00,32.51,33.33,32.47,33.33,1222567
2024-01-10/00:00:00,33.33,35.42,33.39,34.46,2820714
2024-01-11/00:00:00,34.46,35.35,34.09,34.39,1396153
2024-01-14/00:00:00,34.39,35.08,34.42,34.62,641742
2024-01-15/00:00:00,34.62,35.22,34.58,35.22,1282747
2024-01-16/00:00:00,35.22,37.54,35.21,37.54,2706966
2024-01-17/00:00:00,37.54,37.5,36.27,36.67,1078216
2024-01-18/00:00:00,36.67,38.07,36.46,37.92,393403
2024-01-21/00:00:00,37.92,39.07,37.58,38.94,309278
2024-01-22/00:00:00,38.94,39.72,38.51,39.17,795454
2024-01-23/00:00:00,39.17,39.17,36.67,38.63,735748
2024-01-24/00:00:00,38.63,39.17,37.51,39.16,265600
2024-01-28/00:00:00,39.16,39.62,36.96,38.23,711730
2024-01-29/00:00:00,38.23,40.0,38.56,39.75,1197408
2024-01-30/00:00:00,39.75,42.07,39.46,41.67,896218
2024-01-31/00:00:00,41.67,41.67,36.96,37.52,948946
2024-02-01/00:00:00,37.52,39.17,33.84,39.0,762799
2024-02-04/00:00:00,39.0,39.75,36.7,37.18,391684
2024-02-05/00:00:00,37.18,39.58,37.0,39.58,543560
2024-02-06/00:00:00,39.58,40.0,37.52,38.76,266783
2024-02-07/00:00:00,38.76,39.37,38.36,38.75,215382
2024-02-08/00:00:00,38.75,39.5,38.67,39.18,412747
2024-02-11/00:00:00,39.18,40.36,39.17,39.22,342974
2024-02-12/00:00:00,39.22,39.39,38.83,39.27,149819
2024-02-13/00:00:00,39.27,39.97,39.26,39.37,481650
2024-02-14/00:00:00,39.37,41.04,39.4,40.53,319171
2024-02-15/00:00:00,40.53,41.46,40.83,40.97,226428
2024-02-18/00:00:00,40.97,42.08,40.97,41.46,234546
2024-02-19/00:00:00,41.46,42.03,40.0,41.22,368464
2024-02-20/00:00:00,41.22,41.42,40.33,40.86,146131
2024-02-21/00:00:00,40.86,41.24,40.42,40.67,77134
2024-02-22/00:00:00,40.67,40.83,39.26,40.0,273391
2024-02-25/00:00:00,40.0,40.46,37.58,39.17,1163474
2024-02-26/00:00:00,39.17,41.04,38.35,39.37,846121
2024-02-27/00:00:00,39.37,40.82,38.75,38.75,259661
2024-02-28/00:00:00,38.75,39.53,37.08,37.44,319616
2024-02-29/00:00:00,37.44,38.53,36.76,37.04,284276
2024-03-03/00:00:00,37.04,37.86,35.42,35.87,1367504
2024-03-04/00:00:00,35.87,39.17,35.48,38.82,676159
2024-03-05/00:00:00,38.82,39.58,37.77,37.9,221112
2024-03-06/00:00:00,37.9,45.47,38.33,42.49,2538330
2024-03-07/00:00:00,42.49,47.17,43.0,46.66,2218088
2024-03-10/00:00:00,46.66,48.75,46.6,47.49,1239834
2024-03-11/00:00:00,47.49,49.08,45.74,46.04,947402
2024-03-12/00:00:00,46.04,46.83,44.01,44.17,739026
2024-03-13/00:00:00,44.17,45.82,40.83,40.83,1118873
2024-03-14/00:00:00,40.83,42.07,40.0,41.05,1209683
2024-03-17/00:00:00,41.05,42.04,39.33,40.0,586756
2024-03-18/00:00:00,40.0,40.1,38.33,39.36,304550
2024-03-19/00:00:00,39.36,39.37,37.92,38.33,570140
2024-03-20/00:00:00,38.33,40.5,38.33,38.54,253853
2024-03-21/00:00:00,38.54,39.42,38.34,38.54,321833
2024-03-24/00:00:00,38.54,39.12,37.1,37.5,228040
2024-03-25/00:00:00,37.5,39.17,37.09,38.74,1710499
2024-03-26/00:00:00,38.74,39.17,37.91,37.91,487649
2024-03-27/00:00:00,37.91,38.33,35.93,36.66,1103306
2024-03-28/00:00:00,36.66,36.71,34.58,34.67,981764
2024-03-31/00:00:00,34.67,35.08,31.75,32.92,1140378
2024-04-01/00:00:00,32.92,35.0,32.75,34.0,758857
2024-04-02/00:00:00,34.0,35.66,32.93,33.33,1072202
2024-04-03/00:00:00,33.33,33.32,31.96,32.11,355211
2024-04-04/00:00:00,32.11,33.12,32.17,32.67,482350
2024-04-07/00:00:00,32.67,34.08,32.67,34.08,1840237
2024-04-08/00:00:00,34.08,34.91,33.33,34.36,719473
2024-04-15/00:00:00,34.36,36.63,34.01,36.17,3591952
2024-04-16/00:00:00,36.17,36.67,35.17,35.59,1557924
2024-04-17/00:00:00,35.59,35.83,34.79,34.99,591778
2024-04-18/00:00:00,34.99,36.25,33.75,33.81,949932
2024-04-21/00:00:00,33.81,34.98,34.0,34.37,764147
2024-04-22/00:00:00,34.37,34.79,32.59,33.13,265081
2024-04-23/00:00:00,33.13,33.72,29.67,30.83,1429794
2024-04-24/00:00:00,30.83,30.84,29.17,29.6,1176462
2024-04-28/00:00:00,29.6,30.2,28.05,28.82,591540
2024-04-29/00:00:00,28.82,29.58,28.34,29.13,1612268
2024-04-30/00:00:00,29.13,30.83,25.95,26.12,3411650
2024-05-01/00:00:00,26.12,27.92,26.12,27.7,5190436
2024-05-02/00:00:00,27.7,29.62,27.71,28.83,2520880
2024-05-07/00:00:00,28.83,31.62,28.83,31.37,2368546
2024-05-08/00:00:00,31.37,31.67,30.17,30.83,945808
2024-05-09/00:00:00,30.83,31.25,30.42,30.87,666523
2024-05-12/00:00:00,30.87,32.49,31.21,31.61,2372746
2024-05-13/00:00:00,31.61,31.71,30.51,31.67,873481
2024-05-14/00:00:00,31.67,32.0,31.25,31.47,989250
2024-05-15/00:00:00,31.47,31.79,31.25,31.67,434809
2024-05-16/00:00:00,31.67,33.08,31.67,32.5,1849631
2024-05-19/00:00:00,32.5,35.25,32.52,34.21,1532821
2024-05-20/00:00:00,34.21,35.42,33.51,33.77,1015642
2024-05-21/00:00:00,33.77,34.12,33.0,33.26,1530458
2024-05-22/00:00:00,33.26,33.87,32.5,32.83,599621
2024-05-23/00:00:00,32.83,33.8,32.91,32.95,909634
2024-05-26/00:00:00,32.95,33.33,32.42,32.92,510674
2024-05-27/00:00:00,32.92,33.65,32.92,33.42,386530
2024-05-28/00:00:00,33.42,33.33,32.67,32.84,165646
2024-05-29/00:00:00,32.84,33.12,32.37,32.4,302960
2024-05-30/00:00:00,32.4,32.83,30.83,31.8,628234
2024-06-02/00:00:00,31.8,32.67,31.87,32.06,741460
2024-06-03/00:00:00,32.06,32.42,30.83,31.71,1032336
2024-06-04/00:00:00,31.71,32.51,31.8,32.17,834294
2024-06-05/00:00:00,32.17,32.37,30.84,31.27,893509
2024-06-06/00:00:00,31.27,31.54,31.04,31.05,706739
2024-06-09/00:00:00,31.05,31.28,28.92,29.17,749644
2024-06-10/00:00:00,29.17,30.2,28.83,30.0,304370
2024-06-11/00:00:00,30.0,31.38,29.67,30.87,367315
2024-06-12/00:00:00,30.87,31.42,30.54,31.22,763496
2024-06-13/00:00:00,31.22,32.41,31.25,32.37,332916
2024-06-23/00:00:00,32.37,33.25,32.49,33.25,356567
2024-06-24/00:00:00,33.25,33.75,32.25,33.33,2922845
2024-06-25/00:00:00,33.33,34.54,33.0,34.17,2423267
2024-06-26/00:00:00,34.17,35.35,34.17,34.77,2608642
2024-06-27/00:00:00,34.77,36.07,34.58,35.12,2490980
2024-07-01/00:00:00,35.12,36.62,34.83,35.83,2293561
2024-07-02/00:00:00,35.83,36.25,35.47,35.67,721181
2024-07-03/00:00:00,35.67,35.99,35.59,35.72,454213
2024-07-04/00:00:00,35.72,37.67,35.67,37.01,2641729
2024-07-07/00:00:00,37.01,37.64,36.67,37.38,1221382
2024-07-08/00:00:00,37.38,37.62,36.01,36.44,1088381
2024-07-09/00:00:00,36.44,37.07,35.92,35.93,480304
2024-07-10/00:00:00,35.93,37.25,36.04,36.32,1452739
2024-07-14/00:00:00,36.33,41.7,36.2,37.31,2675874
2024-07-15/00:00:00,37.31,37.29,35.15,35.75,1087006
2024-07-16/00:00:00,35.75,35.95,35.23,35.26,864333
2024-07-17/00:00:00,35.26,35.85,35.0,35.39,548763
2024-07-18/00:00:00,35.39,36.25,35.39,35.87,1039688
2024-07-21/00:00:00,35.87,36.2,35.7,35.92,515894
2024-07-22/00:00:00,35.92,36.65,35.66,35.68,829851
2024-07-23/00:00:00,35.68,38.04,35.51,37.89,3135286
2024-07-24/00:00:00,37.89,38.0,37.23,37.29,1359695
2024-07-28/00:00:00,37.29,37.51,36.6,36.99,582536
2024-07-29/00:00:00,36.99,37.2,36.21,36.5,411004
2024-07-30/00:00:00,36.5,38.6,36.3,38.11,3196045
2024-07-31/00:00:00,38.11,39.9,38.13,39.49,1653013
2024-08-01/00:00:00,39.49,39.49,38.9,39.04,1316312
2024-08-04/00:00:00,39.04,38.7,36.3,37.97,596185
2024-08-05/00:00:00,37.97,39.0,36.53,38.36,1689030
2024-08-06/00:00:00,38.36,38.8,38.0,38.77,1486462
2024-08-07/00:00:00,38.77,39.4,38.55,39.0,1819268
2024-08-08/00:00:00,39.0,40.05,38.7,40.0,784609
2024-08-11/00:00:00,40.0,41.3,40.25,41.0,816622
2024-08-12/00:00:00,41.0,41.2,39.5,39.78,882589
2024-08-13/00:00:00,39.78,40.7,38.55,38.99,1067130
2024-08-14/00:00:00,38.99,39.8,38.95,39.39,1114359
2024-08-15/00:00:00,39.39,40.91,39.34,40.27,813762
2024-08-18/00:00:00,40.27,41.0,40.27,40.78,323187
2024-08-19/00:00:00,40.78,40.85,39.88,40.25,220645
2024-08-20/00:00:00,40.25,41.19,39.91,41.0,658858
2024-08-21/00:00:00,41.0,42.89,41.0,42.89,1736411
2024-08-22/00:00:00,42.89,44.11,42.3,42.87,1125938
2024-08-25/00:00:00,42.87,43.51,42.3,42.45,259736
2024-08-26/00:00:00,42.45,42.74,42.3,42.54,1695124
2024-08-27/00:00:00,42.54,44.0,42.59,43.45,344363
2024-08-27/00:00:00,42.54,44.0,42.59,43.45,344363
2024-08-28/00:00:00,43.45,44.6,43.02,44.11,576080
2024-08-29/00:00:00,44.11,45.0,43.03,43.06,466302
2024-09-01/00:00:00,43.06,43.5,42.1,42.5,777813
2024-09-02/00:00:00,42.5,42.8,42.01,42.01,1183733
2024-09-03/00:00:00,42.01,42.29,41.35,42.0,290095
2024-09-04/00:00:00,42.0,42.85,40.1,42.85,1980075
2024-09-05/00:00:00,42.85,43.0,41.6,41.9,1661858
2024-09-08/00:00:00,41.9,42.0,40.7,40.71,327511
2024-09-09/00:00:00,40.71,41.25,40.5,40.96,219762
2024-09-10/00:00:00,40.96,41.02,39.5,39.5,846573
2024-09-11/00:00:00,39.5,39.99,39.0,39.93,842220
2024-09-12/00:00:00,39.93,40.47,39.21,39.21,125846
2024-09-16/00:00:00,39.21,39.55,38.51,38.99,432092
2024-09-17/00:00:00,38.99,39.36,38.42,38.99,507659
2024-09-18/00:00:00,38.99,39.35,38.76,39.15,208006
2024-09-19/00:00:00,39.15,39.39,38.9,39.36,606915
2024-09-22/00:00:00,39.36,39.89,39.4,39.65,786049
2024-09-23/00:00:00,39.65,39.95,39.41,39.5,513891
2024-09-24/00:00:00,39.5,39.75,38.95,39.03,1196912
2024-09-25/00:00:00,39.03,39.7,39.06,39.7,384309
2024-09-26/00:00:00,39.7,40.75,39.7,40.4,1203530
2024-09-29/00:00:00,40.4,40.95,40.02,40.29,590066
2024-09-30/00:00:00,40.29,40.79,40.3,40.7,506887
2024-10-01/00:00:00,40.7,40.9,40.35,40.48,586405
2024-10-02/00:00:00,40.48,40.4,39.5,39.59,470643
2024-10-03/00:00:00,39.59,39.96,38.9,39.4,1758715
2024-10-07/00:00:00,39.4,39.75,38.0,38.68,1632553
2024-10-08/00:00:00,38.68,38.45,36.56,37.01,2137918
2024-10-09/00:00:00,37.01,38.1,36.8,38.0,586321
2024-10-10/00:00:00,38.0,38.4,37.1,37.56,375546
2024-10-13/00:00:00,37.56,38.3,36.5,38.13,649867
2024-10-14/00:00:00,38.13,37.88,36.8,37.0,454820
2024-10-15/00:00:00,37.0,37.38,36.9,36.98,714333
2024-10-16/00:00:00,36.98,37.35,36.64,36.88,684551
2024-10-17/00:00:00,36.88,37.35,36.5,37.0,542340
2024-10-20/00:00:00,37.0,37.18,36.69,36.8,671982
2024-10-21/00:00:00,36.8,37.0,35.9,36.93,1425786
2024-10-22/00:00:00,36.93,38.99,37.22,38.53,1695962
2024-10-23/00:00:00,38.53,40.58,38.5,40.01,2751068
2024-10-24/00:00:00,40.01,40.59,39.65,40.25,1258906
2024-10-27/00:00:00,40.25,42.0,40.26,41.7,2078764
2024-10-28/00:00:00,41.7,42.1,40.8,41.57,2154851
2024-10-29/00:00:00,41.57,41.7,40.5,40.6,856344
2024-10-30/00:00:00,40.6,40.85,40.0,40.2,217346
2024-10-31/00:00:00,40.2,41.45,40.0,41.26,547420
2024-11-03/00:00:00,41.26,43.55,41.4,42.6,1631021
2024-11-04/00:00:00,42.6,43.0,42.06,42.14,429211
2024-11-05/00:00:00,42.14,42.99,42.02,42.95,281737
2024-11-06/00:00:00,42.95,43.81,42.82,43.52,948803
2024-11-07/00:00:00,43.52,43.86,43.1,43.42,170618
2024-11-10/00:00:00,43.42,43.95,43.0,43.17,583653
2024-11-11/00:00:00,43.17,43.49,41.88,42.58,1859392
2024-11-12/00:00:00,42.58,42.85,41.75,42.53,803770
2024-11-13/00:00:00,42.53,42.84,41.85,42.42,595458
2024-11-14/00:00:00,42.42,42.64,42.1,42.6,533962
2024-11-17/00:00:00,42.6,43.08,42.52,43.0,624718
2024-11-18/00:00:00,43.0,43.48,42.5,42.5,341487
2024-11-19/00:00:00,42.5,42.65,42.4,42.4,326770
2024-11-20/00:00:00,42.4,42.89,42.24,42.37,269375
2024-11-21/00:00:00,42.37,42.65,42.33,42.57,159563
2024-11-24/00:00:00,42.57,42.89,42.42,42.45,207803
2024-11-25/00:00:00,42.45,43.1,42.41,42.7,489919
2024-11-26/00:00:00,42.7,43.2,42.75,43.14,499297
2024-11-27/00:00:00,43.14,43.58,42.82,43.0,339715
2024-11-28/00:00:00,43.0,43.14,42.52,42.74,270129
2024-12-01/00:00:00,42.74,43.09,42.76,42.98,312260
2024-12-02/00:00:00,42.98,43.4,42.5,42.5,513663
2024-12-03/00:00:00,42.5,43.48,42.5,43.16,726825
2024-12-04/00:00:00,43.16,44.19,43.35,43.61,1614163
2024-12-05/00:00:00,43.61,44.09,43.3,43.3,695063
2024-12-08/00:00:00,43.3,43.65,42.95,43.11,503711
2024-12-09/00:00:00,43.11,43.9,43.01,43.35,968335
2024-12-10/00:00:00,43.35,43.7,40.8,41.6,988813
2024-12-11/00:00:00,41.6,41.96,40.63,41.31,498511
2024-12-12/00:00:00,41.31,41.44,40.8,40.88,421336
2024-12-15/00:00:00,40.88,42.2,40.51,42.14,596090
2024-12-16/00:00:00,42.14,43.29,41.7,42.15,803545
2024-12-17/00:00:00,42.15,42.25,40.9,41.15,588297
2024-12-18/00:00:00,41.15,41.63,39.11,39.31,762708
2024-12-19/00:00:00,39.31,39.8,38.5,39.51,643948
2024-12-22/00:00:00,39.51,40.19,39.11,39.51,492944
2024-12-23/00:00:00,39.51,39.88,38.6,38.86,317960
2024-12-24/00:00:00,38.86,39.19,37.95,38.44,689772
2024-12-25/00:00:00,38.44,38.92,38.2,38.27,269753
2024-12-26/00:00:00,38.27,38.65,37.95,38.27,558558
2024-12-29/00:00:00,38.27,38.5,38.02,38.41,151207
2024-12-30/00:00:00,38.41,38.6,37.99,38.21,589730
2024-12-31/00:00:00,38.21,38.8,38.1,38.55,192903
2025-01-02/00:00:00,38.55,39.96,38.51,39.62,358951
2025-01-05/00:00:00,39.62,40.15,39.11,39.33,164223
2025-01-06/00:00:00,39.33,39.84,38.92,39.15,221983
2025-01-08/00:00:00,39.15,39.4,38.41,38.53,288235
2025-01-09/00:00:00,38.53,38.97,38.05,38.05,251500
2025-01-12/00:00:00,38.05,39.3,38.06,38.8,599558
2025-01-13/00:00:00,38.8,39.18,37.11,37.43,335201
2025-01-14/00:00:00,37.43,37.82,36.73,36.86,697402
2025-01-15/00:00:00,36.86,37.59,36.51,37.2,619069
2025-01-16/00:00:00,37.2,38.34,37.26,37.86,356149
2025-01-19/00:00:00,37.86,38.47,37.88,38.03,182944
2025-01-20/00:00:00,38.03,38.29,37.0,37.0,848353
2025-01-21/00:00:00,37.0,37.23,36.98,37.02,400986
2025-01-22/00:00:00,37.02,37.98,37.15,37.9,961068
2025-01-23/00:00:00,37.9,38.15,37.5,37.5,753713
2025-01-26/00:00:00,37.5,37.84,37.3,37.3,674784
2025-01-27/00:00:00,37.3,37.5,36.8,36.8,417347
2025-01-28/00:00:00,36.8,37.01,36.37,36.7,380557
2025-01-29/00:00:00,36.7,37.5,36.52,37.0,1029774
2025-01-30/00:00:00,37.0,38.24,37.1,38.0,737066
2025-02-02/00:00:00,38.0,38.88,38.01,38.7,806986
2025-02-03/00:00:00,38.7,38.77,38.06,38.5,2371667
2025-02-04/00:00:00,38.5,39.22,38.4,38.9,888463
2025-02-05/00:00:00,38.9,38.9,38.42,38.9,765543
2025-02-06/00:00:00,38.9,39.0,38.2,38.47,222085
2025-02-09/00:00:00,38.47,39.68,38.82,39.48,1311616
2025-02-10/00:00:00,39.48,39.92,39.05,39.07,623808
2025-02-11/00:00:00,39.07,39.2,37.2,38.06,784195
2025-02-12/00:00:00,38.06,38.44,37.01,38.38,370648
2025-02-13/00:00:00,38.38,39.39,38.3,38.56,704406
2025-02-16/00:00:00,38.56,39.52,38.7,39.21,450133
2025-02-17/00:00:00,39.21,41.0,39.25,40.91,1073446
2025-02-18/00:00:00,40.91,41.64,40.8,41.01,637446
2025-02-19/00:00:00,41.01,41.5,40.8,41.11,718882
2025-02-20/00:00:00,41.11,41.39,40.61,40.64,313373
2025-02-23/00:00:00,40.64,41.01,40.5,40.79,330620
2025-02-24/00:00:00,40.79,41.2,40.65,41.09,271979
2025-02-25/00:00:00,41.09,41.89,41.0,41.89,1000285
2025-02-26/00:00:00,41.89,42.8,41.74,42.1,1437123
2025-02-27/00:00:00,42.1,42.22,41.42,41.51,305729
2025-03-02/00:00:00,41.51,42.0,41.4,41.4,228062
2025-03-03/00:00:00,41.4,41.72,40.81,40.84,734828
2025-03-04/00:00:00,40.84,41.0,40.6,40.65,126825
2025-03-05/00:00:00,40.65,40.99,40.34,40.82,178284
2025-03-06/00:00:00,40.82,41.51,41.0,41.5,444347
2025-03-09/00:00:00,41.5,41.83,41.26,41.5,435567
2025-03-10/00:00:00,41.5,41.82,40.92,41.15,459461
2025-03-11/00:00:00,41.15,41.3,40.9,40.99,466669
2025-03-12/00:00:00,40.99,41.64,41.0,41.5,361343
2025-03-13/00:00:00,41.5,42.75,41.5,42.57,954655
2025-03-16/00:00:00,42.57,43.27,42.61,43.2,1358073
2025-03-17/00:00:00,43.2,43.31,42.91,43.0,353934
2025-03-18/00:00:00,43.0,43.16,42.4,43.01,526450
2025-03-19/00:00:00,43.01,43.46,42.72,43.15,534346
2025-03-20/00:00:00,43.15,43.43,42.9,43.25,392308
2025-03-23/00:00:00,43.25,44.04,43.25,43.72,646418
2025-03-24/00:00:00,43.72,43.97,43.48,43.6,473560
2025-03-25/00:00:00,43.6,43.9,43.15,43.78,262349
2025-03-26/00:00:00,43.78,43.89,43.31,43.89,179533
2025-03-27/00:00:00,43.89,43.89,42.82,42.98,808674
2025-04-03/00:00:00,42.98,43.0,42.5,42.67,144172
2025-04-06/00:00:00,42.67,42.0,40.01,41.0,433632
2025-04-07/00:00:00,41.0,40.91,39.55,40.45,543014
2025-04-08/00:00:00,40.45,41.2,40.57,40.68,281306
2025-04-09/00:00:00,40.68,41.08,39.56,39.8,224762
2025-04-10/00:00:00,39.8,41.0,40.45,40.52,87311
2025-04-13/00:00:00,40.52,40.83,40.5,40.74,66840
2025-04-14/00:00:00,40.74,41.5,40.75,40.98,229959
2025-04-15/00:00:00,40.98,42.4,40.95,42.25,410687
2025-04-16/00:00:00,42.25,42.05,41.37,41.64,292279
2025-04-17/00:00:00,41.64,41.65,40.72,41.25,399707
2025-04-22/00:00:00,41.25,41.39,40.55,40.87,85236
2025-04-23/00:00:00,40.87,41.4,40.99,41.39,170255
2025-04-27/00:00:00,41.39,41.97,41.4,41.67,150083
2025-04-28/00:00:00,41.67,41.95,41.63,41.75,403032
2025-04-29/00:00:00,41.75,42.25,41.61,41.94,168908
2025-04-30/00:00:00,41.94,42.01,41.32,41.42,171510
2025-05-04/00:00:00,41.42,41.85,40.5,40.78,330990
2025-05-05/00:00:00,40.78,40.97,40.0,40.1,1835347
2025-05-06/00:00:00,40.1,40.39,40.0,40.12,251457
2025-05-07/00:00:00,40.12,40.39,38.71,38.87,900273
2025-05-08/00:00:00,38.87,39.28,38.55,39.12,495921
2025-05-11/00:00:00,39.12,39.72,38.85,39.11,451778
2025-05-12/00:00:00,39.11,41.1,39.16,40.5,1392850
2025-05-13/00:00:00,40.5,41.25,40.42,40.8,1475831
2025-05-14/00:00:00,40.8,40.99,39.95,40.26,431833
2025-05-15/00:00:00,40.26,40.79,39.98,40.7,508422
2025-05-19/00:00:00,40.07,40.27,39.32,39.37,190469
2025-05-20/00:00:00,39.37,39.7,39.15,39.41,103888
2025-05-21/00:00:00,39.41,41.35,40.0,41.25,1466956
2025-05-22/00:00:00,41.25,42.04,41.39,41.7,899706
2025-05-25/00:00:00,41.7,41.92,41.4,41.45,276031
2025-05-26/00:00:00,41.45,42.24,41.45,41.89,492720
2025-05-27/00:00:00,41.89,42.24,41.76,42.23,582649
2025-05-28/00:00:00,42.23,43.1,42.0,42.71,1330312
2025-06-01/00:00:00,43.15,43.8,43.1,43.72,481452
2025-06-02/00:00:00,43.72,45.93,43.72,45.24,2477561
2025-06-03/00:00:00,45.24,46.25,45.03,45.5,799933
2025-06-04/00:00:00,45.5,45.88,44.7,45.36,1087600
2025-06-10/00:00:00,22.68,24.49,22.33,23.95,4076505
2025-06-11/00:00:00,23.95,25.0,23.95,24.05,5382589
2025-06-12/00:00:00,24.05,24.04,22.9,23.02,3892271
2025-06-15/00:00:00,23.02,22.6,21.0,22.21,2794480
2025-06-16/00:00:00,22.21,22.8,21.93,22.2,2972144
2025-06-17/00:00:00,22.2,22.39,21.2,21.2,1676842
2025-06-18/00:00:00,21.2,21.75,20.91,21.5,1317164
2025-06-19/00:00:00,21.5,21.69,21.01,21.5,848558
2025-06-22/00:00:00,21.5,22.3,20.75,22.27,1671318
2025-06-23/00:00:00,22.27,23.4,22.18,22.26,2713943
2025-06-24/00:00:00,22.26,23.3,22.55,23.0,1540967
2025-06-25/00:00:00,23.0,23.36,22.82,23.31,933789
2025-06-29/00:00:00,23.31,24.5,23.31,24.05,3336500
2025-06-30/00:00:00,24.05,24.47,23.1,23.1,1133974
2025-07-01/00:00:00,23.1,23.63,22.95,23.1,1005481
2025-07-02/00:00:00,23.1,23.41,23.01,23.31,621552
2025-07-06/00:00:00,23.31,23.7,23.3,23.34,367112
2025-07-07/00:00:00,23.34,23.45,22.81,23.34,1944349
2025-07-09/00:00:00,23.34,23.29,22.86,22.99,712870
2025-07-10/00:00:00,22.99,23.0,22.39,22.51,1618219
2025-07-13/00:00:00,22.51,22.72,22.47,22.54,450170
2025-07-14/00:00:00,22.54,23.54,22.4,22.9,1616326
2025-07-15/00:00:00,22.9,24.04,22.95,23.93,3436833
2025-07-16/00:00:00,23.93,24.49,23.91,23.91,3102984
2025-07-17/00:00:00,23.91,24.38,23.75,24.0,651352
2025-07-20/00:00:00,24.0,24.53,24.01,24.2,2045028
2025-07-21/00:00:00,24.2,24.45,23.94,24.0,1165082
2025-07-22/00:00:00,24.0,24.14,23.3,23.65,682068
2025-07-23/00:00:00,23.65,24.0,23.25,23.55,2149470
2025-07-27/00:00:00,23.55,24.4,23.55,24.29,2490757
2025-07-28/00:00:00,24.29,24.74,23.6,23.7,4391606
2025-07-29/00:00:00,23.7,24.0,23.66,23.91,527216
2025-07-30/00:00:00,23.91,24.0,23.02,23.1,1326364
2025-07-31/00:00:00,23.1,23.85,23.2,23.85,576980
2025-08-03/00:00:00,23.85,24.0,23.41,23.74,575265
2025-08-04/00:00:00,23.74,24.0,23.71,24.0,765429
2025-08-05/00:00:00,24.0,24.15,23.82,23.99,1048680
2025-08-06/00:00:00,23.99,24.1,23.45,23.58,1233800
2025-08-07/00:00:00,23.58,23.96,23.65,23.85,661725
2025-08-10/00:00:00,23.85,24.43,23.7,23.8,3524137
2025-08-11/00:00:00,23.8,23.93,22.51,22.77,10348816
2025-08-12/00:00:00,22.77,23.05,22.4,23.0,6248199
2025-08-13/00:00:00,23.0,23.1,22.61,22.8,3606057
2025-08-13/00:00:00,23.0,23.1,22.61,22.8,3606057
2025-08-14/00:00:00,22.8,23.0,22.7,22.9,1679842
2025-08-17/00:00:00,22.9,23.1,22.75,23.09,1208469
2025-08-18/00:00:00,23.09,23.2,22.61,22.7,2213009
2025-08-19/00:00:00,22.7,22.89,22.45,22.5,2117137
2025-08-20/00:00:00,22.5,22.6,21.77,21.8,3521661
2025-08-21/00:00:00,21.8,21.85,21.51,21.6,1611839
2025-08-24/00:00:00,21.6,21.67,21.2,21.28,1272897
2025-08-25/00:00:00,21.28,21.85,21.17,21.25,1921855
2025-08-26/00:00:00,21.25,21.55,21.25,21.31,1032171
2025-08-27/00:00:00,21.31,21.47,21.11,21.16,1096706
2025-08-28/00:00:00,21.16,21.28,21.17,21.2,556752
2025-08-31/00:00:00,21.2,21.4,20.7,20.73,1784238
2025-09-01/00:00:00,20.73,20.93,20.68,20.72,643095
2025-09-02/00:00:00,20.72,20.9,20.69,20.8,878639
2025-09-03/00:00:00,20.8,21.05,20.71,20.72,1005593
2025-09-07/00:00:00,20.72,20.9,20.6,20.61,437919
2025-09-08/00:00:00,20.61,20.77,20.01,20.12,1604453
2025-09-09/00:00:00,20.12,20.32,20.02,20.09,818029
2025-09-10/00:00:00,20.09,20.48,20.11,20.45,545174
2025-09-11/00:00:00,20.45,20.54,20.27,20.37,502865
2025-09-14/00:00:00,20.37,20.8,20.37,20.75,717291
2025-09-15/00:00:00,20.75,20.85,20.5,20.7,599301
2025-09-16/00:00:00,20.7,20.79,20.25,20.39,579173
2025-09-17/00:00:00,20.39,20.44,20.17,20.29,399043
2025-09-18/00:00:00,20.29,20.97,20.3,20.75,1810682
2025-09-21/00:00:00,20.75,20.98,20.72,20.74,695936
2025-09-22/00:00:00,20.74,20.9,20.5,20.69,886813
2025-09-23/00:00:00,20.69,20.84,20.24,20.28,684682
2025-09-24/00:00:00,20.28,20.72,20.28,20.59,438960
2025-09-25/00:00:00,20.59,20.75,20.59,20.71,423974
2025-09-28/00:00:00,20.71,20.75,20.53,20.65,294089
2025-09-29/00:00:00,20.65,20.75,20.53,20.65,601722
2025-09-30/00:00:00,20.65,21.52,20.63,21.5,2574272
2025-10-01/00:00:00,21.5,22.1,21.6,21.72,1784100
2025-10-02/00:00:00,21.72,22.0,21.55,22.0,1315960
2025-10-05/00:00:00,22.0,22.92,22.0,22.9,2578300
2025-10-06/00:00:00,22.9,22.94,22.51,22.71,690054
2025-10-07/00:00:00,22.71,22.9,22.7,22.8,608506
2025-10-08/00:00:00,22.8,22.9,22.41,22.9,840518
2025-10-12/00:00:00,22.9,23.32,22.7,23.25,3187750
2025-10-13/00:00:00,23.25,23.65,23.11,23.59,3223309
2025-10-14/00:00:00,23.59,23.68,22.92,23.18,1376478
2025-10-15/00:00:00,23.18,23.25,22.95,23.18,432156
2025-10-20/00:00:00,23.44,24.3,23.35,24.25,4912174
2025-10-21/00:00:00,24.25,24.42,24.0,24.22,2626179
2025-10-22/00:00:00,24.22,24.99,24.2,24.45,3291388
2025-10-26/00:00:00,24.89,25.89,25.0,25.36,2141643
2025-10-27/00:00:00,25.36,25.89,24.8,25.03,2983811
2025-10-28/00:00:00,25.03,25.46,24.92,24.93,2165566
2025-10-29/00:00:00,24.93,26.19,24.55,25.9,4509569
2025-10-30/00:00:00,25.9,26.88,25.77,26.24,3561146
2025-11-02/00:00:00,26.24,26.65,25.94,26.0,1223496
2025-11-03/00:00:00,26.0,26.37,25.89,26.15,1645513
2025-11-04/00:00:00,26.15,26.4,25.93,26.0,1254851
2025-11-05/00:00:00,26.0,26.65,25.91,26.28,2968429
2025-11-06/00:00:00,26.28,26.58,25.9,25.91,1998451
2025-11-09/00:00:00,25.91,26.7,25.68,26.5,2606363
2025-11-10/00:00:00,26.5,26.8,26.03,26.25,1967263
2025-11-11/00:00:00,26.25,28.08,26.26,27.35,5435923
2025-11-12/00:00:00,27.35,28.5,27.44,27.98,3617794
2025-11-13/00:00:00,27.98,28.3,27.5,27.77,1391150
2025-11-16/00:00:00,27.77,29.0,27.5,28.5,3453968
2025-11-17/00:00:00,24.82,26.7,25.03,25.68,2622254
2025-11-18/00:00:00,25.68,25.95,25.05,25.3,1420829
2025-11-19/00:00:00,25.3,25.7,24.53,24.99,4056008
2025-11-20/00:00:00,24.99,26.04,24.99,25.31,4110380
2025-11-23/00:00:00,25.31,25.95,24.81,24.9,1023530
2025-11-24/00:00:00,24.9,25.29,24.25,24.35,1498607
2025-11-26/00:00:00,23.79,23.99,23.5,23.87,1033067
2025-11-27/00:00:00,23.87,24.88,23.6,24.55,2070904
2025-11-30/00:00:00,24.55,26.0,24.56,25.97,2881567
2025-12-01/00:00:00,25.97,27.9,25.81,27.1,5523398
2025-12-03/00:00:00,26.9,27.5,26.52,27.5,2440834
2025-12-07/00:00:00,27.71,28.17,26.91,26.97,1127184
2025-12-09/00:00:00,27.59,28.24,27.5,28.0,1798086
2025-12-10/00:00:00,28.0,29.0,28.01,28.91,2270452
2025-12-11/00:00:00,28.91,30.0,28.91,29.4,5099488
2025-12-14/00:00:00,29.4,29.97,28.66,28.95,1265169
2025-12-15/00:00:00,28.95,29.2,28.55,28.71,3058656
2025-12-16/00:00:00,28.71,28.88,27.93,28.25,1932781
2025-12-17/00:00:00,28.25,28.76,28.0,28.2,1573941
2025-12-18/00:00:00,28.2,28.49,27.98,27.99,840898
2025-12-21/00:00:00,27.99,29.07,27.9,29.0,1598850
2025-12-22/00:00:00,29.0,29.23,28.67,29.0,553486
2025-12-23/00:00:00,29.0,29.65,29.0,29.5,1444331
2025-12-24/00:00:00,29.5,30.0,29.5,29.7,945996
2025-12-25/00:00:00,29.7,29.95,29.29,29.57,283588
2025-12-28/00:00:00,29.57,29.9,29.02,29.4,1585063
2025-12-29/00:00:00,29.4,29.71,29.12,29.4,474589
2025-12-30/00:00:00,29.4,29.7,29.1,29.15,870882
2025-12-31/00:00:00,29.15,29.9,29.15,29.9,1236612
2026-01-04/00:00:00,29.9,30.0,28.92,29.03,1173445
2026-01-04/00:00:00,29.9,30.0,28.92,29.03,1173445
2026-01-06/00:00:00,28.2,29.25,28.2,28.74,1513930
2026-01-08/00:00:00,28.74,30.0,28.65,29.77,2629806
2026-01-11/00:00:00,29.77,32.39,29.67,32.3,5217234
2026-01-12/00:00:00,32.3,32.3,31.32,31.97,1657133
2026-01-13/00:00:00,31.97,32.95,31.4,31.65,1774451
2026-01-14/00:00:00,31.65,31.99,30.4,31.5,1311294
2026-01-15/00:00:00,31.5,33.01,31.0,32.51,2129068
2026-01-18/00:00:00,32.51,33.3,32.51,32.99,767453
2026-01-19/00:00:00,32.99,34.28,32.85,34.0,5007420
2026-01-20/00:00:00,34.0,36.49,34.5,35.8,5701550
2026-01-21/00:00:00,35.8,37.4,35.5,36.0,7847257
2026-01-22/00:00:00,36.0,36.85,35.8,36.3,3413849
2026-01-25/00:00:00,36.3,36.87,35.12,36.25,1793074
2026-01-26/00:00:00,36.25,38.01,35.79,38.01,4507636
2026-01-27/00:00:00,38.01,40.24,38.01,39.96,3540057
2026-01-28/00:00:00,39.96,41.39,37.9,39.2,4233261
2026-02-01/00:00:00,39.2,39.38,37.91,38.96,5500151
2026-02-02/00:00:00,38.96,39.38,37.65,38.29,3841442
2026-02-03/00:00:00,38.29,39.01,38.3,39.0,5054966
2026-02-04/00:00:00,39.0,39.89,39.0,39.0,2854573
2026-02-05/00:00:00,39.0,39.4,38.4,39.0,2000007
2026-02-08/00:00:00,39.0,39.5,38.74,39.28,1409118
2026-02-09/00:00:00,39.28,39.5,37.96,39.0,1645521
2026-02-10/00:00:00,39.0,39.25,38.39,38.45,1409514
2026-02-11/00:00:00,38.45,38.69,37.4,37.53,2177236
2026-02-12/00:00:00,37.53,37.9,36.11,36.7,2115067
2026-02-15/00:00:00,36.65,39.9,36.7,39.8,4211714
2026-02-16/00:00:00,39.8,41.0,39.85,41.0,3474741
2026-02-17/00:00:00,41.0,42.5,39.51,41.59,3755900
2026-02-18/00:00:00,41.59,44.8,41.71,44.0,4020219
2026-02-19/00:00:00,44.0,44.97,42.0,42.5,3931383
2026-02-22/00:00:00,42.5,42.97,39.82,40.65,2170842
2026-02-23/00:00:00,40.65,43.49,39.8,41.98,4006530
2026-02-24/00:00:00,41.98,42.49,40.57,41.15,2656832
2026-02-25/00:00:00,41.15,41.5,39.5,40.7,2804839
2026-02-26/00:00:00,40.7,40.98,39.8,40.7,1243840
2026-03-01/00:00:00,40.7,40.7,37.02,39.8,2295151
2026-03-02/00:00:00,39.8,40.85,39.8,39.99,1079589
2026-03-03/00:00:00,39.99,39.99,38.28,38.5,1612577
2026-03-04/00:00:00,38.5,38.7,37.0,37.81,4050861
2026-03-05/00:00:00,37.81,39.28,38.1,38.65,2281899
2026-03-08/00:00:00,38.65,39.0,37.04,37.69,2692975
2026-03-09/00:00:00,37.69,37.68,36.1,36.55,2873457
2026-03-10/00:00:00,36.55,39.0,36.81,38.97,2918147
2026-03-11/00:00:00,38.97,41.0,39.0,41.0,2218848
2026-03-12/00:00:00,41.0,41.99,39.0,39.05,2108616
2026-03-15/00:00:00,39.05,39.72,38.0,38.0,2160933
2026-03-16/00:00:00,38.0,38.78,37.4,37.5,1167555
2026-03-17/00:00:00,37.5,40.19,37.55,39.8,2064648
2026-03-18/00:00:00,39.8,40.9,39.81,40.9,1161290
2026-03-24/00:00:00,40.9,41.0,39.82,39.89,1110932
2026-03-25/00:00:00,39.89,40.58,39.3,39.35,1756073
2026-03-26/00:00:00,39.35,39.9,39.38,39.4,695126
2026-03-29/00:00:00,39.4,39.35,38.13,38.87,572897
2026-03-30/00:00:00,38.87,38.99,38.0,38.11,571597
2026-03-31/00:00:00,38.11,38.45,37.53,38.1,1268563
2026-04-01/00:00:00,38.1,39.6,38.51,39.02,1089714
2026-04-02/00:00:00,39.02,39.1,38.51,38.9,666568
2026-04-05/00:00:00,38.9,39.94,38.91,39.72,799628
2026-04-06/00:00:00,39.72,40.99,39.55,40.9,1789911
2026-04-07/00:00:00,40.9,41.01,39.91,40.4,828439
2026-04-08/00:00:00,40.4,42.65,41.04,42.45,2956413
2026-04-09/00:00:00,42.45,43.93,42.39,43.55,2189328
