2015-04-02/00:00:00,10.75,11.4,10.4,10.75,25254522
2015-04-05/00:00:00,10.75,10.85,10.26,10.62,2680466
2015-04-06/00:00:00,10.62,10.92,10.4,10.56,849116
2015-04-07/00:00:00,10.56,11.61,10.58,11.33,1770874
2015-04-08/00:00:00,11.33,12.46,11.34,12.26,1352742
2015-04-09/00:00:00,12.26,12.0,11.58,11.79,926082
2015-04-14/00:00:00,11.79,12.75,11.65,12.1,1185240
2015-04-15/00:00:00,12.1,13.0,12.4,12.7,3772512
2015-04-16/00:00:00,12.7,13.0,12.75,12.81,933180
2015-04-19/00:00:00,12.81,13.13,12.77,12.84,89458
2015-04-20/00:00:00,12.84,12.97,12.59,12.73,308098
2015-04-21/00:00:00,12.73,12.85,12.5,12.55,420922
2015-04-22/00:00:00,12.55,12.94,12.52,12.73,602898
2015-04-23/00:00:00,12.73,13.0,12.83,12.94,364860
2015-04-26/00:00:00,12.94,13.0,12.5,12.53,163264
2015-04-27/00:00:00,12.53,12.75,12.5,12.55,229572
2015-04-28/00:00:00,12.55,12.55,12.04,12.43,421100
2015-04-29/00:00:00,12.43,12.6,11.95,12.19,691248
2015-04-30/00:00:00,12.19,12.75,12.5,12.67,70622
2015-05-03/00:00:00,12.67,12.27,12.06,12.25,28892
2015-05-04/00:00:00,12.25,12.23,12.14,12.16,12820
2015-05-05/00:00:00,12.16,12.62,12.01,12.22,2185370
2015-05-06/00:00:00,12.22,13.44,12.6,13.21,466186
2015-05-07/00:00:00,13.21,14.25,13.0,13.59,776044
2015-05-10/00:00:00,13.59,13.65,13.5,13.52,197994
2015-05-11/00:00:00,13.52,14.4,13.51,14.22,580578
2015-05-12/00:00:00,14.22,15.01,14.0,14.19,1245878
2015-05-13/00:00:00,14.19,14.9,14.13,14.51,260008
2015-05-14/00:00:00,14.51,14.25,13.75,14.01,506634
2015-05-17/00:00:00,14.01,15.0,13.56,13.73,146766
2015-05-18/00:00:00,13.73,14.19,13.5,13.98,458140
2015-05-19/00:00:00,13.98,14.0,13.5,13.6,266980
2015-05-20/00:00:00,13.6,14.2,13.5,13.75,304288
2015-05-21/00:00:00,13.75,14.24,13.75,13.87,1083272
2015-05-24/00:00:00,13.87,14.0,13.56,13.82,340228
2015-05-25/00:00:00,13.82,13.75,13.5,13.51,976156
2015-05-26/00:00:00,13.51,13.75,13.5,13.59,781844
2015-05-27/00:00:00,13.59,13.75,13.5,13.73,688202
2015-05-28/00:00:00,13.73,14.18,13.6,13.94,853270
2015-05-31/00:00:00,13.94,14.25,13.8,14.02,44644
2015-06-01/00:00:00,14.02,14.15,13.9,14.01,437028
2015-06-02/00:00:00,14.01,14.1,14.0,14.0,289660
2015-06-03/00:00:00,14.0,14.05,13.99,14.0,224696
2015-06-04/00:00:00,14.0,14.04,14.0,14.0,781088
2015-06-07/00:00:00,14.0,13.9,13.5,13.51,49272
2015-06-08/00:00:00,13.51,14.0,13.55,13.79,305742
2015-06-09/00:00:00,13.79,13.94,13.66,13.75,209962
2015-06-10/00:00:00,13.75,13.93,13.75,13.76,301006
2015-06-11/00:00:00,13.76,14.0,13.59,13.68,303500
2015-06-14/00:00:00,13.68,13.75,13.5,13.52,79108
2015-06-15/00:00:00,13.52,14.01,13.93,14.0,731086
2015-06-16/00:00:00,14.0,14.85,14.0,14.43,578996
2015-06-17/00:00:00,14.43,14.8,14.0,14.58,1230430
2015-06-18/00:00:00,14.58,14.95,14.25,14.87,313730
2015-06-21/00:00:00,14.87,15.0,14.51,14.88,244110
2015-06-22/00:00:00,14.88,15.25,14.55,14.96,436028
2015-06-23/00:00:00,14.96,15.0,14.59,14.63,606040
2015-06-24/00:00:00,14.63,14.7,14.55,14.63,1378908
2015-06-25/00:00:00,14.63,15.1,14.5,14.72,300544
2015-06-28/00:00:00,14.72,14.85,14.7,14.73,2602
2015-06-29/00:00:00,14.73,14.51,14.5,14.5,113222
2015-07-02/00:00:00,14.5,14.51,14.5,14.51,416468
2015-07-05/00:00:00,14.51,15.01,14.5,14.8,203608
2015-07-06/00:00:00,14.8,14.51,14.35,14.46,1114150
2015-07-07/00:00:00,14.46,15.0,14.35,14.5,287294
2015-07-08/00:00:00,14.5,14.0,14.0,14.0,6236
2015-07-09/00:00:00,14.0,14.51,14.25,14.44,101426
2015-07-12/00:00:00,14.44,14.27,14.0,14.1,126416
2015-07-13/00:00:00,14.1,14.18,14.08,14.17,177088
2015-07-15/00:00:00,14.17,14.51,14.5,14.5,407312
2015-07-16/00:00:00,14.5,15.5,14.85,15.01,106430
2015-07-21/00:00:00,15.01,15.5,15.0,15.01,57544
2015-07-22/00:00:00,15.01,15.01,15.0,15.01,138030
2015-07-26/00:00:00,15.01,15.0,15.0,15.01,1666
2015-07-27/00:00:00,15.01,15.13,15.0,15.01,527364
2015-07-28/00:00:00,15.01,15.01,15.01,15.01,100
2015-07-29/00:00:00,15.01,16.5,15.23,16.26,147314
2015-07-30/00:00:00,16.26,17.89,16.0,17.46,125096
2015-08-02/00:00:00,17.46,17.75,17.4,17.47,669360
2015-08-03/00:00:00,17.47,17.63,16.5,17.5,959684
2015-08-04/00:00:00,17.5,17.75,17.5,17.74,401798
2015-08-05/00:00:00,17.74,17.85,17.5,17.58,8576
2015-08-09/00:00:00,17.58,17.5,17.0,17.46,63026
2015-08-10/00:00:00,17.46,17.0,17.0,17.46,70
2015-08-11/00:00:00,17.46,17.75,17.0,17.5,382330
2015-08-13/00:00:00,17.5,17.49,16.45,17.3,2227200
2015-08-16/00:00:00,17.3,16.13,16.13,16.13,4012
2015-08-17/00:00:00,16.13,16.75,16.5,16.5,460906
2015-08-18/00:00:00,16.5,16.25,15.52,15.98,5900
2015-08-19/00:00:00,15.98,15.65,15.5,15.51,1137672
2015-08-20/00:00:00,15.51,15.5,15.01,15.47,133456
2015-08-23/00:00:00,15.47,15.97,14.25,15.17,227052
2015-08-24/00:00:00,15.17,16.0,15.0,15.05,24740
2015-08-25/00:00:00,15.05,16.25,15.25,15.69,242436
2015-08-26/00:00:00,15.69,16.0,15.68,15.91,89088
2015-08-27/00:00:00,15.91,17.5,15.95,15.96,129276
2015-08-30/00:00:00,15.96,16.0,15.5,16.0,464608
2015-08-31/00:00:00,16.0,16.25,16.0,16.0,459976
2015-09-01/00:00:00,16.0,16.0,16.0,16.0,2000
2015-09-02/00:00:00,16.0,15.99,15.5,15.54,7390
2015-09-03/00:00:00,15.54,16.02,15.75,16.01,32798
2015-09-06/00:00:00,16.01,16.0,15.98,16.01,1200
2015-09-07/00:00:00,16.01,16.0,16.0,16.0,541812
2015-09-08/00:00:00,16.0,16.0,15.75,15.75,1001200
2015-09-09/00:00:00,15.75,16.0,16.0,16.0,384572
2015-09-10/00:00:00,16.0,16.5,16.01,16.47,18726
2015-09-13/00:00:00,16.47,16.5,16.5,16.5,70536
2015-09-14/00:00:00,16.5,16.64,16.63,16.63,78480
2015-09-16/00:00:00,16.63,16.63,16.27,16.51,122600
2015-09-17/00:00:00,16.51,17.0,16.5,16.58,52038
2015-09-20/00:00:00,16.58,16.5,16.25,16.39,10400
2015-09-21/00:00:00,16.39,16.5,16.0,16.17,79600
2015-09-22/00:00:00,16.17,16.5,16.0,16.18,264686
2015-09-28/00:00:00,16.18,16.49,16.0,16.06,521324
2015-09-29/00:00:00,16.06,16.5,16.16,16.27,490956
2015-09-30/00:00:00,16.27,17.5,16.5,17.0,219838
2015-10-01/00:00:00,17.0,16.5,16.5,16.5,40376
2015-10-04/00:00:00,16.5,16.25,16.25,16.25,29534
2015-10-05/00:00:00,16.25,16.35,16.0,16.06,254966
2015-10-07/00:00:00,16.06,16.59,16.5,16.5,369762
2015-10-08/00:00:00,16.5,16.75,16.5,16.67,590390
2015-10-11/00:00:00,16.67,16.99,16.58,16.88,9460
2015-10-12/00:00:00,16.88,16.5,16.5,16.5,367688
2015-10-13/00:00:00,16.5,17.0,16.5,16.61,1458848
2015-10-15/00:00:00,16.61,16.55,16.5,16.51,12446
2015-10-18/00:00:00,16.51,16.51,16.0,16.06,43520
2015-10-19/00:00:00,16.06,16.5,16.5,16.5,1446028
2015-10-20/00:00:00,16.5,16.85,16.5,16.62,469196
2015-10-21/00:00:00,16.62,17.1,16.5,16.99,708106
2015-10-22/00:00:00,16.99,17.13,16.25,16.9,92760
2015-10-25/00:00:00,16.9,17.5,16.26,17.0,222354
2015-10-26/00:00:00,17.0,17.0,16.94,17.0,745162
2015-10-27/00:00:00,17.0,16.75,16.0,16.45,22530
2015-10-28/00:00:00,16.45,16.5,16.46,16.45,800
2015-10-29/00:00:00,16.45,16.75,16.6,16.75,314440
2015-11-01/00:00:00,16.75,16.7,16.26,16.75,1000
2015-11-02/00:00:00,16.75,16.9,16.5,16.75,1100
2015-11-03/00:00:00,16.75,16.75,16.73,16.75,454278
2015-11-04/00:00:00,16.75,17.7,16.75,16.99,21250
2015-11-05/00:00:00,16.99,16.85,16.76,16.83,21620
2015-11-08/00:00:00,16.83,16.5,16.5,16.5,12800
2015-11-09/00:00:00,16.5,16.83,16.5,16.75,759542
2015-11-10/00:00:00,16.75,17.5,16.5,16.63,890352
2015-11-11/00:00:00,16.63,16.8,16.75,16.63,218
2015-11-12/00:00:00,16.63,17.69,17.49,17.51,1500
2015-11-16/00:00:00,17.51,16.31,16.26,16.27,3000
2015-11-17/00:00:00,16.27,16.56,16.5,16.55,186984
2015-11-18/00:00:00,16.55,16.5,16.25,16.27,234254
2015-11-19/00:00:00,16.27,17.0,16.5,16.92,102008
2015-11-23/00:00:00,16.92,16.77,16.75,16.76,1910
2015-11-24/00:00:00,16.76,16.75,16.05,16.47,196432
2015-11-25/00:00:00,16.47,16.5,16.0,16.13,237722
2015-11-26/00:00:00,16.13,16.5,16.04,16.45,154820
2015-11-29/00:00:00,16.45,16.0,16.0,16.45,1352
2015-12-01/00:00:00,16.45,15.28,15.28,16.45,360
2015-12-02/00:00:00,16.45,16.5,15.9,16.04,3078866
2015-12-03/00:00:00,16.04,17.0,16.09,16.57,75300
2015-12-07/00:00:00,16.57,17.0,16.75,17.0,660000
2015-12-08/00:00:00,17.0,16.95,16.5,16.5,1278548
2015-12-09/00:00:00,16.5,16.15,16.05,16.15,129350
2015-12-10/00:00:00,16.15,16.5,16.26,16.49,14770
2015-12-13/00:00:00,16.49,16.25,16.0,16.25,97704
2015-12-14/00:00:00,16.25,16.6,16.17,16.55,158698
2015-12-15/00:00:00,16.55,16.5,16.5,16.5,116000
2015-12-16/00:00:00,16.5,16.5,16.07,16.38,172904
2015-12-17/00:00:00,16.38,16.54,16.5,16.53,74420
2015-12-20/00:00:00,16.53,16.5,16.06,16.53,800
2015-12-21/00:00:00,16.53,16.25,16.0,16.18,3206
2015-12-22/00:00:00,16.18,16.45,16.0,16.25,90688
2015-12-24/00:00:00,16.25,16.85,16.35,16.72,14570
2015-12-27/00:00:00,16.72,16.75,15.29,16.65,1364
2015-12-29/00:00:00,16.65,16.75,16.25,16.26,102084
2015-12-30/00:00:00,16.26,16.5,16.0,16.09,25390
2015-12-31/00:00:00,16.09,16.75,16.0,16.35,294006
2016-01-03/00:00:00,16.35,16.49,16.01,16.31,37054
2016-01-04/00:00:00,16.31,16.25,16.0,16.01,9482
2016-01-05/00:00:00,16.01,16.5,16.25,16.43,113560
2016-01-06/00:00:00,16.43,16.28,16.25,16.27,55660
2016-01-10/00:00:00,16.27,16.25,16.01,16.04,2000
2016-01-11/00:00:00,16.04,16.25,16.0,16.15,91202
2016-01-12/00:00:00,16.15,15.88,15.39,15.84,110980
2016-01-13/00:00:00,15.84,15.01,15.0,15.01,20264
2016-01-14/00:00:00,15.01,14.25,14.02,14.14,8200
2016-01-17/00:00:00,14.14,14.5,13.5,14.42,41432
2016-01-18/00:00:00,14.42,14.77,14.5,14.73,211420
2016-01-19/00:00:00,14.73,14.52,14.51,14.51,9900
2016-01-20/00:00:00,14.51,15.0,14.1,14.51,440
2016-01-21/00:00:00,14.51,14.51,14.5,14.51,75510
2016-01-24/00:00:00,14.51,14.75,13.75,14.33,38036
2016-01-26/00:00:00,14.33,14.25,14.0,14.15,184558
2016-01-28/00:00:00,14.15,14.5,14.25,14.35,148428
2016-02-01/00:00:00,14.35,14.38,13.75,14.25,38458
2016-02-03/00:00:00,14.25,14.51,14.49,14.5,25146
2016-02-04/00:00:00,14.5,15.25,14.5,14.65,20534
2016-02-08/00:00:00,14.65,14.65,13.78,14.65,213968
2016-02-09/00:00:00,14.65,14.5,14.5,14.65,200
2016-02-11/00:00:00,14.65,14.02,14.0,14.01,1600
2016-02-16/00:00:00,14.01,14.5,14.48,14.5,2001000
2016-02-17/00:00:00,14.5,14.5,14.25,14.44,627830
2016-02-18/00:00:00,14.44,14.45,14.23,14.33,580800
2016-02-21/00:00:00,14.33,14.24,13.1,14.18,10580
2016-02-22/00:00:00,14.18,14.0,14.0,14.0,297430
2016-02-23/00:00:00,14.0,13.5,13.5,13.5,100000
2016-02-24/00:00:00,13.5,13.5,13.3,13.44,7616
2016-02-25/00:00:00,13.44,14.0,13.88,13.94,200000
2016-02-28/00:00:00,13.94,13.85,13.51,13.55,3464
2016-02-29/00:00:00,13.55,13.98,13.93,13.98,262872
2016-03-01/00:00:00,13.98,13.46,13.27,13.98,1460
2016-03-02/00:00:00,13.98,13.75,13.75,13.75,1260500
2016-03-03/00:00:00,13.75,15.13,13.88,14.73,1006150
2016-03-06/00:00:00,14.73,15.0,14.76,14.81,53522
2016-03-07/00:00:00,14.81,14.95,14.5,14.61,14604
2016-03-08/00:00:00,14.61,14.4,14.27,14.38,10632
2016-03-09/00:00:00,14.38,15.5,14.38,14.52,941464
2016-03-10/00:00:00,14.52,15.4,15.0,15.02,395116
2016-03-13/00:00:00,15.02,15.25,15.0,15.03,72984
2016-03-14/00:00:00,15.03,15.77,15.45,15.68,398274
2016-03-15/00:00:00,15.68,16.0,15.63,15.85,54000
2016-03-16/00:00:00,15.85,17.44,16.25,16.76,1068694
2016-03-17/00:00:00,16.76,17.5,17.02,17.49,189660
2016-03-20/00:00:00,17.49,17.49,16.5,16.57,58926
2016-03-21/00:00:00,16.57,17.5,17.0,17.49,818000
2016-03-22/00:00:00,17.49,17.5,16.92,17.49,1000
2016-03-23/00:00:00,17.49,17.25,17.0,17.25,1039460
2016-03-24/00:00:00,17.25,17.25,16.65,17.13,24372
2016-03-27/00:00:00,17.13,17.44,16.77,17.23,10278
2016-03-28/00:00:00,17.23,17.48,17.47,17.47,116000
2016-03-29/00:00:00,17.47,17.5,17.45,17.47,191640
2016-03-30/00:00:00,17.47,17.5,17.25,17.43,59378
2016-03-31/00:00:00,17.43,17.5,17.14,17.49,44004
2016-04-03/00:00:00,17.49,16.5,16.25,16.26,10000
2016-04-04/00:00:00,16.26,16.5,16.02,16.08,12000
2016-04-05/00:00:00,16.08,16.63,16.45,16.51,49160
2016-04-06/00:00:00,16.51,16.75,16.5,16.5,210442
2016-04-07/00:00:00,16.5,16.57,16.5,16.5,245360
2016-04-11/00:00:00,16.5,16.55,16.5,16.5,57570
2016-04-12/00:00:00,16.5,17.0,16.5,16.54,3180
2016-04-13/00:00:00,16.54,16.75,16.0,16.66,238082
2016-04-14/00:00:00,16.66,16.5,16.33,16.5,107852
2016-04-17/00:00:00,16.5,16.51,16.5,16.5,2842
2016-04-18/00:00:00,16.5,16.63,15.3,16.24,206120
2016-04-19/00:00:00,16.24,16.5,15.85,16.27,15704
2016-04-20/00:00:00,16.27,16.63,16.5,16.51,23160
2016-04-24/00:00:00,16.51,16.45,16.0,16.06,10500
2016-04-26/00:00:00,16.06,16.75,16.0,16.08,792268
2016-04-27/00:00:00,16.08,16.63,16.08,16.5,283940
2016-04-28/00:00:00,16.5,17.66,16.38,16.91,800000
2016-05-03/00:00:00,16.91,17.19,16.75,17.16,501128
2016-05-04/00:00:00,17.16,16.9,16.75,16.9,168200
2016-05-05/00:00:00,16.9,18.59,15.53,18.49,299166
2016-05-08/00:00:00,18.49,19.88,19.0,19.48,1000
2016-05-09/00:00:00,19.48,19.63,19.5,19.5,600556
2016-05-10/00:00:00,19.5,19.9,19.5,19.76,2530
2016-05-11/00:00:00,19.76,19.99,19.25,19.76,52652
2016-05-12/00:00:00,19.76,19.25,18.75,18.99,5796
2016-05-15/00:00:00,18.99,18.89,18.1,18.25,7244
2016-05-16/00:00:00,18.25,18.25,18.13,18.25,79422
2016-05-17/00:00:00,18.25,18.13,18.0,18.0,1043962
2016-05-18/00:00:00,18.0,17.75,17.5,17.51,60960
2016-05-19/00:00:00,17.51,17.51,17.5,17.51,41090
2016-05-22/00:00:00,17.51,18.42,18.42,17.51,240
2016-05-23/00:00:00,17.51,17.51,17.41,17.48,63030
2016-05-24/00:00:00,17.48,18.5,17.44,17.74,661428
2016-05-25/00:00:00,17.74,18.65,18.33,18.5,331190
2016-05-26/00:00:00,18.5,18.4,17.41,17.93,30041
2016-05-29/00:00:00,17.93,18.38,18.0,18.15,2328
2016-05-30/00:00:00,18.15,18.1,17.5,17.85,10067
2016-05-31/00:00:00,17.85,18.0,17.55,17.85,50798118
2016-06-01/00:00:00,17.85,18.18,17.42,18.01,155358
2016-06-02/00:00:00,18.01,18.25,17.59,17.94,29379
2016-06-05/00:00:00,17.94,18.4,17.6,17.98,21401
2016-06-06/00:00:00,17.98,17.8,17.4,17.51,76006
2016-06-07/00:00:00,17.51,17.5,16.5,16.7,37000
2016-06-08/00:00:00,16.7,17.0,16.16,16.46,1431
2016-06-09/00:00:00,16.46,18.06,16.85,17.78,34200
2016-06-12/00:00:00,17.78,18.0,17.0,17.03,29751
2016-06-13/00:00:00,17.03,16.82,16.16,16.52,12028
2016-06-14/00:00:00,16.52,15.3,15.25,15.25,5725
2016-06-15/00:00:00,15.25,16.37,15.75,16.27,2397
2016-06-16/00:00:00,16.27,17.23,15.5,16.56,31266
2016-06-19/00:00:00,16.56,16.1,16.0,16.02,1454
2016-06-20/00:00:00,16.02,16.05,14.5,15.1,2595
2016-06-21/00:00:00,15.1,16.35,15.4,16.0,3500
2016-06-22/00:00:00,16.0,15.97,15.0,15.15,1497
2016-06-23/00:00:00,15.15,16.0,15.05,15.91,47169
2016-06-26/00:00:00,15.91,15.16,15.0,15.05,74867
2016-06-27/00:00:00,15.05,15.79,14.02,14.31,3668
2016-06-28/00:00:00,14.31,15.0,14.75,14.82,62323
2016-06-29/00:00:00,14.82,15.3,14.92,15.0,1548576
2016-07-03/00:00:00,15.0,15.0,14.52,14.99,159534
2016-07-04/00:00:00,14.99,15.0,14.61,14.99,3100
2016-07-10/00:00:00,14.99,15.25,15.0,14.99,3705
2016-07-11/00:00:00,14.99,15.0,14.71,14.99,5250
2016-07-12/00:00:00,14.99,14.9,14.9,14.99,270
2016-07-13/00:00:00,14.99,15.0,14.61,14.75,34440
2016-07-14/00:00:00,14.75,14.75,14.4,14.7,418827
2016-07-18/00:00:00,14.7,14.5,14.02,14.37,6740
2016-07-19/00:00:00,14.37,15.0,14.5,14.81,1671227
2016-07-20/00:00:00,14.81,14.63,14.3,14.52,19555
2016-07-21/00:00:00,14.52,14.5,14.16,14.44,24665
2016-07-24/00:00:00,14.44,14.35,14.35,14.44,1500
2016-07-25/00:00:00,14.44,14.97,14.7,14.94,1565000
2016-07-26/00:00:00,14.94,14.89,14.69,14.7,173277
2016-07-27/00:00:00,14.7,14.5,14.34,14.44,13795
2016-07-28/00:00:00,14.44,14.6,14.27,14.44,500134
2016-07-31/00:00:00,14.44,14.65,14.43,14.44,5227
2016-08-01/00:00:00,14.44,14.55,14.25,14.46,48339
2016-08-02/00:00:00,14.46,14.5,14.25,14.5,426860
2016-08-03/00:00:00,14.5,14.25,13.8,13.95,52582
2016-08-04/00:00:00,13.95,14.4,13.8,13.94,9806
2016-08-07/00:00:00,13.94,13.92,13.05,13.57,9714
2016-08-08/00:00:00,13.57,13.5,12.8,13.05,49662
2016-08-09/00:00:00,13.05,12.8,11.75,11.9,92560
2016-08-10/00:00:00,11.9,11.5,10.71,10.82,254864
2016-08-11/00:00:00,10.82,11.0,10.12,10.57,420269
2016-08-14/00:00:00,10.57,10.65,10.35,10.45,301214
2016-08-15/00:00:00,10.45,10.45,10.05,10.26,325422
2016-08-16/00:00:00,10.26,10.19,9.5,9.78,472188
2016-08-17/00:00:00,9.78,10.3,9.7,10.11,1303735
2016-08-18/00:00:00,10.11,11.12,10.16,10.85,1261054
2016-08-21/00:00:00,10.85,11.8,11.16,11.55,346755
2016-08-22/00:00:00,11.55,12.2,10.4,11.29,997454
2016-08-23/00:00:00,11.29,11.45,10.82,11.05,170089
2016-08-24/00:00:00,11.05,11.02,10.51,10.97,770264
2016-08-25/00:00:00,10.97,10.99,10.21,10.56,108503
2016-08-28/00:00:00,10.56,10.45,10.16,10.26,44290
2016-08-29/00:00:00,10.26,10.9,10.3,10.61,143141
2016-08-30/00:00:00,10.61,10.82,10.43,10.52,609435
2016-08-31/00:00:00,10.52,10.8,10.43,10.51,142955
2016-09-01/00:00:00,10.51,10.5,10.38,10.41,241148
2016-09-04/00:00:00,10.41,10.5,10.3,10.4,38345
2016-09-05/00:00:00,10.4,10.55,10.32,10.4,228185
2016-09-06/00:00:00,10.4,10.31,10.0,10.22,76923
2016-09-07/00:00:00,10.22,10.2,9.26,9.83,117087
2016-09-08/00:00:00,9.83,10.2,9.75,9.95,669224
2016-09-14/00:00:00,9.95,10.13,10.0,10.03,12672
2016-09-15/00:00:00,10.03,10.0,9.8,10.0,761506
2016-09-18/00:00:00,10.0,10.0,9.65,9.99,594831
2016-09-19/00:00:00,9.99,9.93,9.31,9.51,43968
2016-09-20/00:00:00,9.51,9.89,9.61,9.7,2067014
2016-09-21/00:00:00,9.7,9.9,9.41,9.69,444202
2016-09-22/00:00:00,9.69,9.75,9.48,9.67,21047
2016-09-25/00:00:00,9.67,10.0,9.51,9.99,1047804
2016-09-26/00:00:00,9.99,10.0,9.8,9.98,51058
2016-09-27/00:00:00,9.98,10.0,9.67,9.89,756476
2016-09-28/00:00:00,9.89,9.9,9.71,9.89,1721
2016-09-29/00:00:00,9.89,9.66,9.51,9.57,16677
2016-10-03/00:00:00,9.57,9.9,9.6,9.74,14978
2016-10-04/00:00:00,9.74,9.89,9.5,9.58,11650
2016-10-05/00:00:00,9.58,9.82,9.6,9.63,22537
2016-10-09/00:00:00,9.63,9.78,9.55,9.72,27734
2016-10-10/00:00:00,9.72,9.82,9.5,9.69,1080825
2016-10-11/00:00:00,9.69,9.74,9.5,9.74,352953
2016-10-12/00:00:00,9.74,9.81,9.68,9.69,1252424
2016-10-13/00:00:00,9.69,10.0,9.48,9.85,504239
2016-10-16/00:00:00,9.85,9.53,9.25,9.34,16793
2016-10-17/00:00:00,9.34,9.27,8.5,8.65,426825
2016-10-18/00:00:00,8.65,8.35,8.13,8.2,93348
2016-10-19/00:00:00,8.2,8.21,7.8,8.06,483483
2016-10-20/00:00:00,8.06,8.25,8.01,8.25,393255
2016-10-23/00:00:00,8.25,8.2,8.02,8.04,3675
2016-10-24/00:00:00,8.04,8.42,7.5,7.95,24247
2016-10-25/00:00:00,7.95,8.5,8.05,8.25,1096545
2016-10-26/00:00:00,8.25,8.55,8.31,8.41,4426
2016-10-27/00:00:00,8.41,9.2,8.45,8.98,46294
2016-10-30/00:00:00,8.98,9.24,9.0,9.02,119052
2016-10-31/00:00:00,9.02,9.45,9.0,9.26,56890
2016-11-01/00:00:00,9.26,10.18,9.57,10.01,51626
2016-11-02/00:00:00,10.01,11.0,10.11,10.32,685956
2016-11-03/00:00:00,10.32,11.35,10.6,11.03,291777
2016-11-06/00:00:00,11.03,11.9,11.4,11.59,25095
2016-11-07/00:00:00,11.59,12.74,11.5,12.09,1756279
2016-11-08/00:00:00,12.09,13.25,12.29,12.5,1880216
2016-11-09/00:00:00,12.5,13.28,12.02,13.09,1203416
2016-11-10/00:00:00,13.09,14.23,13.0,13.74,1126494
2016-11-13/00:00:00,13.74,14.5,13.26,13.91,106150
2016-11-14/00:00:00,13.91,13.91,13.35,13.85,668728
2016-11-15/00:00:00,13.85,13.75,13.27,13.49,113011
2016-11-16/00:00:00,13.49,13.74,13.43,13.56,108795
2016-11-17/00:00:00,13.56,13.6,13.3,13.48,469346
2016-11-20/00:00:00,13.48,13.63,13.16,13.51,29088
2016-11-21/00:00:00,13.51,14.0,13.45,13.95,684044
2016-11-22/00:00:00,13.95,14.25,13.87,14.05,48175
2016-11-23/00:00:00,14.05,14.25,13.33,14.0,520608
2016-11-24/00:00:00,14.0,14.34,13.9,14.0,809987
2016-11-27/00:00:00,14.0,14.25,13.1,13.57,16520
2016-11-28/00:00:00,13.57,13.9,13.53,13.83,7591
2016-11-29/00:00:00,13.83,14.25,13.52,13.97,26139
2016-11-30/00:00:00,13.97,14.3,13.91,14.06,11856
2016-12-01/00:00:00,14.06,14.03,13.68,13.96,31701
2016-12-04/00:00:00,13.96,14.96,14.05,14.37,113033
2016-12-05/00:00:00,14.37,14.55,14.11,14.29,24055
2016-12-06/00:00:00,14.29,15.71,14.21,15.51,228967
2016-12-07/00:00:00,15.51,16.49,15.2,15.71,197040
2016-12-08/00:00:00,15.71,15.99,15.25,15.6,72149
2016-12-12/00:00:00,15.6,15.5,15.0,15.44,4000
2016-12-13/00:00:00,15.44,15.44,14.2,14.63,18260
2016-12-14/00:00:00,14.63,15.0,14.6,14.68,860588
2016-12-15/00:00:00,14.68,15.0,14.55,14.98,158632
2016-12-18/00:00:00,14.98,15.3,13.7,14.99,531900
2016-12-19/00:00:00,14.99,14.75,14.25,14.49,89654
2016-12-20/00:00:00,14.49,14.8,14.4,14.5,676519
2016-12-21/00:00:00,14.5,14.4,14.3,14.3,110693
2016-12-22/00:00:00,14.3,14.36,14.3,14.32,14370
2016-12-25/00:00:00,14.32,14.47,13.5,13.89,5337
2016-12-26/00:00:00,13.89,14.48,13.89,14.4,2500
2016-12-27/00:00:00,14.4,14.4,14.2,14.4,39666
2016-12-28/00:00:00,14.4,14.67,14.5,14.57,4683
2016-12-29/00:00:00,14.57,14.65,14.48,14.51,189483
2017-01-02/00:00:00,14.51,14.5,14.06,14.27,1400
2017-01-03/00:00:00,14.27,14.48,14.11,14.23,68218
2017-01-04/00:00:00,14.23,14.69,14.15,14.5,1399731
2017-01-05/00:00:00,14.5,14.59,14.3,14.5,70147
2017-01-08/00:00:00,14.5,14.15,14.1,14.11,7509
2017-01-09/00:00:00,14.11,14.1,14.1,14.1,9000
2017-01-10/00:00:00,14.1,14.54,14.3,14.45,17125
2017-01-11/00:00:00,14.45,14.52,14.5,14.5,1691104
2017-01-12/00:00:00,14.5,14.89,14.5,14.67,10662
2017-01-15/00:00:00,14.67,14.51,14.5,14.5,5000
2017-01-16/00:00:00,14.5,14.8,14.5,14.52,5634
2017-01-17/00:00:00,14.52,14.89,14.12,14.48,37820
2017-01-18/00:00:00,14.48,15.0,14.5,14.5,1555073
2017-01-19/00:00:00,14.5,15.0,14.49,14.5,118633
2017-01-22/00:00:00,14.5,14.62,14.5,14.51,18310
2017-01-23/00:00:00,14.51,14.51,14.5,14.5,17350
2017-01-24/00:00:00,14.5,14.87,14.87,14.5,210
2017-01-26/00:00:00,14.5,15.2,14.99,15.07,7610
2017-01-29/00:00:00,15.07,15.25,14.85,15.0,18792
2017-01-31/00:00:00,15.0,15.0,14.7,14.92,9387
2017-02-01/00:00:00,14.92,14.77,14.5,14.64,24120
2017-02-02/00:00:00,14.64,15.2,14.75,14.95,138682
2017-02-05/00:00:00,14.95,15.25,14.78,15.12,8171
2017-02-06/00:00:00,15.12,15.38,15.1,15.16,42540
2017-02-07/00:00:00,15.16,16.67,15.89,16.39,284374
2017-02-08/00:00:00,16.39,17.9,16.64,17.49,30174
2017-02-09/00:00:00,17.49,17.25,17.0,17.09,376277
2017-02-12/00:00:00,17.09,17.92,17.92,17.09,30
2017-02-14/00:00:00,17.09,17.4,16.0,17.09,578246
2017-02-15/00:00:00,17.09,17.6,17.1,17.5,43187
2017-02-16/00:00:00,17.5,17.7,16.0,17.62,36136
2017-02-19/00:00:00,17.62,17.1,17.1,17.1,13920
2017-02-20/00:00:00,17.1,17.2,17.11,17.15,12893
2017-02-21/00:00:00,17.15,17.49,17.3,17.3,119470
2017-02-22/00:00:00,17.3,17.3,17.02,17.29,7134
2017-02-23/00:00:00,17.29,17.06,17.0,17.05,12900
2017-02-26/00:00:00,17.05,17.3,17.05,17.13,7921
2017-02-27/00:00:00,17.13,17.1,17.1,17.1,5000
2017-02-28/00:00:00,17.1,17.1,17.01,17.02,27770
2017-03-01/00:00:00,17.02,17.44,17.14,17.2,27138
2017-03-02/00:00:00,17.2,17.1,17.1,17.1,36940
2017-03-05/00:00:00,17.1,18.5,17.5,17.74,12128
2017-03-06/00:00:00,17.74,17.74,17.52,17.72,21350
2017-03-07/00:00:00,17.72,17.72,17.5,17.58,6776
2017-03-08/00:00:00,17.58,18.0,17.51,17.6,1020861
2017-03-09/00:00:00,17.6,18.48,17.7,17.8,3235207
2017-03-12/00:00:00,17.8,18.25,17.5,17.73,6535
2017-03-13/00:00:00,17.73,18.25,16.52,16.79,9391
2017-03-14/00:00:00,16.79,17.0,16.5,16.64,19528
2017-03-15/00:00:00,16.64,17.8,17.0,16.64,132
2017-03-16/00:00:00,16.64,18.25,17.74,17.8,82090
2017-03-19/00:00:00,17.8,18.0,17.3,17.3,10000
2017-03-20/00:00:00,17.3,17.0,16.75,17.3,1100
2017-03-21/00:00:00,17.3,17.8,17.5,17.51,10700
2017-03-23/00:00:00,17.51,17.89,17.2,17.51,145
2017-03-27/00:00:00,17.51,17.0,16.82,17.51,1100
2017-03-28/00:00:00,17.51,17.99,17.55,17.91,2640
2017-03-29/00:00:00,17.91,18.47,17.9,17.91,351281
2017-03-30/00:00:00,17.91,18.5,16.27,17.03,37272
2017-04-02/00:00:00,17.03,17.1,16.9,17.0,22467
2017-04-03/00:00:00,17.0,17.5,17.01,17.38,6040
2017-04-04/00:00:00,17.38,17.8,17.4,17.6,17169
2017-04-05/00:00:00,17.6,18.1,16.55,17.76,16880
2017-04-06/00:00:00,17.76,17.2,17.0,17.08,15000
2017-04-09/00:00:00,17.08,17.01,17.01,17.08,200
2017-04-10/00:00:00,17.08,17.1,17.0,17.0,494478
2017-04-11/00:00:00,17.0,17.25,17.1,17.1,7767
2017-04-12/00:00:00,17.1,17.27,17.2,17.23,66823
2017-04-13/00:00:00,17.23,17.1,17.1,17.1,1000
2017-04-18/00:00:00,17.1,17.54,17.0,17.1,280
2017-04-23/00:00:00,17.1,17.1,17.1,17.1,42000
2017-04-24/00:00:00,17.1,17.75,17.0,17.08,6160
2017-04-26/00:00:00,17.08,17.2,17.0,17.01,1114719
2017-04-27/00:00:00,17.01,18.25,17.5,18.0,51255
2017-04-30/00:00:00,18.0,18.0,18.0,18.0,5100
2017-05-02/00:00:00,18.0,18.75,18.5,18.75,318302
2017-05-03/00:00:00,18.75,19.0,18.45,18.94,26404
2017-05-04/00:00:00,18.94,19.5,19.0,19.04,52462
2017-05-08/00:00:00,19.04,19.49,19.0,19.04,17450
2017-05-09/00:00:00,19.04,19.5,19.11,19.29,1413
2017-05-10/00:00:00,19.29,19.64,19.34,19.35,152330
2017-05-14/00:00:00,19.35,19.5,19.5,19.5,2000
2017-05-15/00:00:00,19.5,19.2,19.0,19.06,10200
2017-05-16/00:00:00,19.06,18.8,18.75,18.8,3206
2017-05-17/00:00:00,18.8,19.15,18.75,19.15,410356
2017-05-18/00:00:00,19.15,19.3,19.0,19.25,160107
2017-05-21/00:00:00,19.25,19.01,18.75,19.0,4988
2017-05-22/00:00:00,19.0,19.25,18.76,19.25,839987
2017-05-23/00:00:00,19.25,19.3,19.2,19.23,3920
2017-05-25/00:00:00,19.23,20.1,19.85,19.85,5040
2017-05-29/00:00:00,19.85,19.95,19.95,19.85,100
2017-05-31/00:00:00,19.85,19.5,19.5,19.5,5041
2017-06-01/00:00:00,19.5,19.5,19.48,19.49,28214
2017-06-04/00:00:00,19.49,19.5,19.5,19.5,16791
2017-06-06/00:00:00,19.5,19.9,19.49,19.5,8092
2017-06-07/00:00:00,19.5,19.02,19.02,19.02,4200
2017-06-08/00:00:00,19.02,19.02,18.7,18.79,4200
2017-06-11/00:00:00,18.79,18.88,18.75,18.79,184
2017-06-12/00:00:00,18.79,19.0,18.79,18.95,154969
2017-06-14/00:00:00,18.95,18.86,18.86,18.95,553
2017-06-15/00:00:00,18.95,18.95,18.95,18.95,5000
2017-06-18/00:00:00,18.95,18.8,18.8,18.8,1500
2017-06-20/00:00:00,18.8,18.9,18.8,18.8,90984
2017-06-22/00:00:00,18.8,18.86,18.86,18.86,5000
2017-06-28/00:00:00,18.86,19.49,18.86,18.86,699862
2017-07-02/00:00:00,18.86,18.87,18.87,18.86,50
2017-07-03/00:00:00,18.86,19.77,19.12,19.58,2943
2017-07-04/00:00:00,19.58,19.55,19.07,19.42,2265
2017-07-05/00:00:00,19.42,19.8,19.3,19.8,5001
2017-07-09/00:00:00,19.8,19.79,19.5,19.5,70006
2017-07-10/00:00:00,19.5,19.85,19.5,19.5,654200
2017-07-11/00:00:00,19.5,19.9,19.41,19.5,351301
2017-07-12/00:00:00,19.5,19.5,18.55,19.49,30500
2017-07-16/00:00:00,19.49,19.38,17.65,18.79,2995
2017-07-17/00:00:00,18.79,19.5,18.5,19.0,607956
2017-07-18/00:00:00,19.0,19.0,19.0,19.0,57280
2017-07-19/00:00:00,19.0,18.8,18.78,18.8,10000
2017-07-26/00:00:00,18.8,18.8,18.8,18.8,107251
2017-07-27/00:00:00,18.8,18.4,18.0,18.0,975359
2017-07-30/00:00:00,18.0,17.55,17.0,17.5,28220
2017-07-31/00:00:00,17.5,17.5,17.5,17.5,22
2017-08-01/00:00:00,17.5,17.5,17.5,17.5,377672
2017-08-06/00:00:00,17.5,17.0,17.0,17.0,7000
2017-08-07/00:00:00,17.0,16.5,16.0,16.13,4800
2017-08-08/00:00:00,16.13,16.5,16.5,16.5,11290
2017-08-09/00:00:00,16.5,16.51,16.5,16.5,125516
2017-08-10/00:00:00,16.5,16.5,16.49,16.5,719875
2017-08-14/00:00:00,16.5,16.51,16.51,16.51,1230
2017-08-16/00:00:00,16.51,16.51,16.51,16.51,3500
2017-08-17/00:00:00,16.51,17.7,16.5,16.87,650
2017-08-20/00:00:00,16.87,15.5,15.5,16.87,50
2017-08-21/00:00:00,16.87,16.0,16.0,16.0,1225122
2017-08-22/00:00:00,16.0,16.5,16.0,16.0,26067
2017-08-23/00:00:00,16.0,16.0,16.0,16.0,2000
2017-08-24/00:00:00,16.0,14.51,14.4,16.0,175
2017-08-28/00:00:00,16.0,16.0,16.0,16.0,450750
2017-08-29/00:00:00,16.0,16.0,15.99,16.0,349523
2017-08-30/00:00:00,16.0,16.99,15.5,15.99,12439
2017-09-05/00:00:00,15.99,15.99,15.99,15.99,1
2017-09-07/00:00:00,15.99,16.25,16.0,16.0,200093
2017-09-11/00:00:00,16.0,15.95,15.0,16.0,502
2017-09-12/00:00:00,16.0,16.0,16.0,16.0,3190
2017-09-13/00:00:00,16.0,15.99,15.99,16.0,44
2017-09-14/00:00:00,16.0,16.0,15.0,15.96,58720
2017-09-18/00:00:00,15.96,16.0,15.9,15.92,87794
2017-09-19/00:00:00,15.92,16.0,15.6,15.9,201619
2017-09-20/00:00:00,15.9,15.11,15.0,15.9,332
2017-09-24/00:00:00,15.9,17.49,15.52,15.97,12393
2017-09-25/00:00:00,15.97,16.0,15.99,15.99,6125
2017-09-26/00:00:00,15.99,16.0,15.98,16.0,30240
2017-09-27/00:00:00,16.0,16.0,15.9,15.94,552720
2017-09-28/00:00:00,15.94,16.0,15.26,15.97,151518
2017-10-02/00:00:00,15.97,15.99,15.0,15.89,22942
2017-10-03/00:00:00,15.89,15.8,15.5,15.62,651714
2017-10-04/00:00:00,15.62,16.0,15.77,15.96,1584
2017-10-08/00:00:00,15.96,16.25,15.16,16.02,3965
2017-10-09/00:00:00,16.02,16.39,15.85,15.85,72800
2017-10-10/00:00:00,15.85,15.96,15.5,15.5,5083017
2017-10-11/00:00:00,15.5,15.8,15.5,15.5,801551
2017-10-12/00:00:00,15.5,15.5,15.4,15.5,4825247
2017-10-15/00:00:00,15.5,15.5,15.25,15.49,17597
2017-10-16/00:00:00,15.49,15.5,15.18,15.44,7831
2017-10-17/00:00:00,15.44,15.48,15.44,15.45,3500
2017-10-18/00:00:00,15.45,15.48,14.85,15.2,1274
2017-10-19/00:00:00,15.2,15.2,14.85,15.2,507341
2017-10-22/00:00:00,15.2,15.5,15.4,15.49,134220
2017-10-23/00:00:00,15.49,15.5,15.49,15.5,28916
2017-10-24/00:00:00,15.5,15.4,15.11,15.39,13501
2017-10-25/00:00:00,15.39,15.4,15.1,15.25,43421
2017-10-26/00:00:00,15.25,15.5,15.11,15.48,41205
2017-10-29/00:00:00,15.48,15.5,14.88,15.46,29900
2017-10-30/00:00:00,15.46,15.4,15.0,15.46,517
2017-10-31/00:00:00,15.46,15.4,15.4,15.46,200
2017-11-01/00:00:00,15.46,15.5,15.45,15.5,1038800
2017-11-02/00:00:00,15.5,15.5,15.23,15.47,6876
2017-11-05/00:00:00,15.47,14.7,14.55,14.58,1000
2017-11-06/00:00:00,14.58,15.4,15.0,15.4,51263
2017-11-07/00:00:00,15.4,16.9,15.3,15.5,2465741
2017-11-08/00:00:00,15.5,16.0,15.5,15.85,1716853
2017-11-09/00:00:00,15.85,17.0,16.4,16.51,360859
2017-11-12/00:00:00,16.51,16.45,16.19,16.2,32599
2017-11-13/00:00:00,16.2,16.2,15.85,16.19,1394274
2017-11-14/00:00:00,16.19,16.1,16.1,16.1,49291
2017-11-15/00:00:00,16.1,15.81,15.8,15.8,1000
2017-11-16/00:00:00,15.8,16.9,15.0,16.22,31042
2017-11-19/00:00:00,16.22,16.3,15.1,16.11,27350
2017-11-21/00:00:00,16.11,16.3,15.0,16.04,5203
2017-11-22/00:00:00,16.04,16.0,15.01,15.68,14574
2017-11-23/00:00:00,15.68,16.1,15.35,16.1,2597428
2017-11-26/00:00:00,16.1,15.99,15.99,16.1,388
2017-11-27/00:00:00,16.1,15.98,15.3,15.97,1449194
2017-11-28/00:00:00,15.97,16.0,15.52,15.98,220046
2017-11-29/00:00:00,15.98,16.09,15.82,15.98,2724832
2017-12-03/00:00:00,15.98,15.82,14.7,15.35,3613
2017-12-04/00:00:00,15.35,15.8,15.35,15.66,3800
2017-12-05/00:00:00,15.66,16.37,15.7,15.9,2012267
2017-12-06/00:00:00,15.9,16.5,16.29,16.39,6873
2017-12-07/00:00:00,16.39,16.0,15.98,15.98,294630
2017-12-11/00:00:00,15.98,15.98,15.9,15.98,14820
2017-12-12/00:00:00,15.98,15.98,15.9,15.98,1909172
2017-12-13/00:00:00,15.98,15.98,15.98,15.98,975667
2017-12-14/00:00:00,15.98,16.0,15.6,15.84,1725009
2017-12-17/00:00:00,15.84,15.98,15.98,15.98,48911
2017-12-18/00:00:00,15.98,15.6,15.6,15.6,2201
2017-12-19/00:00:00,15.6,15.51,15.3,15.49,23050
2017-12-20/00:00:00,15.49,16.2,15.25,15.36,52519
2017-12-21/00:00:00,15.36,15.5,15.15,15.25,425811
2017-12-26/00:00:00,15.25,15.1,15.0,15.1,6075
2017-12-27/00:00:00,15.1,16.0,15.5,15.98,1558273
2017-12-28/00:00:00,15.98,16.1,16.0,16.0,184494
2017-12-31/00:00:00,16.0,17.57,16.5,16.8,23050
2018-01-02/00:00:00,16.8,18.0,16.89,17.48,73335
2018-01-03/00:00:00,17.48,18.27,16.51,17.77,26513
2018-01-04/00:00:00,17.77,17.0,17.0,17.77,1500
2018-01-08/00:00:00,17.77,17.77,17.77,17.77,72265
2018-01-09/00:00:00,17.77,18.0,17.7,17.96,1111800
2018-01-10/00:00:00,17.96,17.61,16.71,17.96,1121
2018-01-11/00:00:00,17.96,18.4,16.51,17.99,185600
2018-01-15/00:00:00,17.99,16.9,16.6,16.77,3564
2018-01-16/00:00:00,16.77,16.8,16.8,16.77,288
2018-01-17/00:00:00,16.77,16.77,16.33,16.76,449068
2018-01-18/00:00:00,16.76,17.0,16.02,16.75,27920
2018-01-22/00:00:00,16.75,17.25,16.55,16.75,271250
2018-01-23/00:00:00,16.75,17.1,16.55,16.74,300284
2018-01-24/00:00:00,16.74,16.75,16.75,16.75,103240
2018-01-28/00:00:00,16.75,17.0,16.49,17.0,1236500
2018-01-29/00:00:00,17.0,17.25,16.99,17.0,2533
2018-01-30/00:00:00,17.0,17.25,16.85,16.87,115033
2018-01-31/00:00:00,16.87,16.98,16.66,16.87,161090
2018-02-01/00:00:00,16.87,16.89,16.66,16.89,48328
2018-02-04/00:00:00,16.89,16.9,16.9,16.9,22240
2018-02-05/00:00:00,16.9,16.91,16.91,16.91,8351
2018-02-06/00:00:00,16.91,16.91,16.91,16.91,897
2018-02-08/00:00:00,16.91,17.5,17.01,17.49,10200
2018-02-11/00:00:00,17.49,16.85,16.85,17.49,200
2018-02-12/00:00:00,17.49,17.01,16.02,17.01,515482
2018-02-15/00:00:00,17.01,17.5,16.9,17.43,41500
2018-02-22/00:00:00,17.43,18.0,16.23,17.23,238250
2018-02-28/00:00:00,17.23,16.4,16.02,16.28,12397
2018-03-01/00:00:00,16.28,16.85,16.15,16.2,228522
2018-03-04/00:00:00,16.2,16.9,14.6,15.86,7252
2018-03-05/00:00:00,15.86,16.47,16.31,16.33,3368
2018-03-06/00:00:00,16.33,16.35,16.3,16.3,190700
2018-03-07/00:00:00,16.3,16.75,16.3,16.66,612896
2018-03-08/00:00:00,16.66,16.75,16.75,16.66,1110
2018-03-11/00:00:00,16.66,17.8,17.8,16.66,10
2018-03-12/00:00:00,16.66,17.45,16.8,17.44,488256
2018-03-13/00:00:00,17.44,18.29,17.0,17.63,465586
2018-03-15/00:00:00,17.63,18.0,16.8,17.64,98381
2018-03-18/00:00:00,17.64,17.99,17.64,17.64,160
2018-03-19/00:00:00,17.64,17.64,17.64,17.64,3123
2018-03-20/00:00:00,17.64,17.64,17.64,17.64,2590
2018-03-21/00:00:00,17.64,19.4,17.98,18.97,48274
2018-03-22/00:00:00,18.97,19.0,18.0,19.0,123382
2018-03-25/00:00:00,19.0,20.8,20.0,20.09,3600
2018-03-27/00:00:00,20.09,21.95,21.0,21.66,5000
2018-03-28/00:00:00,21.66,21.99,19.51,19.99,94684
2018-03-29/00:00:00,19.99,21.95,19.99,20.0,433790
2018-04-01/00:00:00,20.0,20.0,19.5,20.0,522
2018-04-02/00:00:00,20.0,19.99,19.01,20.0,650
2018-04-03/00:00:00,20.0,21.89,19.95,20.08,18918
2018-04-04/00:00:00,20.08,19.11,19.1,20.08,560
2018-04-05/00:00:00,20.08,20.0,19.11,20.0,733027
2018-04-10/00:00:00,20.0,20.0,19.85,20.0,508590
2018-04-11/00:00:00,20.0,20.0,19.13,20.0,50780515
2018-04-16/00:00:00,20.0,19.9,18.23,19.04,10594
2018-04-17/00:00:00,19.04,18.96,18.5,18.52,11044
2018-04-19/00:00:00,18.52,18.5,18.26,18.5,134167
2018-04-22/00:00:00,18.5,19.55,19.55,18.5,1
2018-04-23/00:00:00,18.5,19.5,19.49,19.5,10000
2018-04-24/00:00:00,19.5,19.5,19.0,19.24,421915
2018-04-26/00:00:00,19.24,20.0,19.37,19.92,826612
2018-04-29/00:00:00,19.92,20.53,20.1,19.92,1000
2018-04-30/00:00:00,19.92,20.01,20.0,20.0,960773
2018-05-02/00:00:00,20.0,20.53,18.0,20.06,383967
2018-05-03/00:00:00,20.06,20.0,20.0,20.0,8000
2018-05-07/00:00:00,20.0,20.0,20.0,20.0,23518
2018-05-08/00:00:00,20.0,20.0,20.0,20.0,125
2018-05-09/00:00:00,20.0,19.0,19.0,20.0,125
2018-05-10/00:00:00,20.0,21.5,19.0,21.35,2131
2018-05-14/00:00:00,21.35,20.12,20.0,20.05,102300
2018-05-15/00:00:00,20.05,20.0,20.0,20.0,248891
2018-05-16/00:00:00,20.0,21.5,20.0,20.48,1578468
2018-05-21/00:00:00,20.48,20.0,20.0,20.0,1600
2018-05-27/00:00:00,20.0,20.0,20.0,20.0,5000
2018-05-28/00:00:00,20.0,20.0,20.0,20.0,6000
2018-05-29/00:00:00,20.0,20.0,20.0,20.0,39400
2018-05-30/00:00:00,20.0,20.0,20.0,20.0,2000
2018-05-31/00:00:00,20.0,20.0,20.0,20.0,2400
2018-06-03/00:00:00,20.0,20.0,20.0,20.0,7400
2018-06-04/00:00:00,20.0,20.0,20.0,20.0,5000
2018-06-07/00:00:00,20.0,19.0,19.0,20.0,610
2018-06-11/00:00:00,20.0,19.5,19.45,19.5,2033958
2018-06-12/00:00:00,19.5,19.99,19.99,19.5,110
2018-06-13/00:00:00,19.5,19.5,19.5,19.5,74310
2018-06-14/00:00:00,19.5,19.0,19.0,19.0,5000
2018-06-19/00:00:00,19.0,19.0,19.0,19.0,384792
2018-06-20/00:00:00,19.0,19.0,17.76,18.96,76088
2018-06-24/00:00:00,18.96,18.5,18.5,18.5,5092
2018-06-25/00:00:00,18.5,18.5,18.5,18.5,109847
2018-06-27/00:00:00,18.5,17.6,17.6,18.5,120
2018-06-28/00:00:00,18.5,18.5,18.0,18.5,1545735
2018-07-08/00:00:00,18.5,18.0,18.0,18.5,3065
2018-07-09/00:00:00,18.5,18.2,18.0,18.2,138824
2018-07-11/00:00:00,18.2,18.5,18.0,18.5,10008
2018-07-12/00:00:00,18.5,19.15,18.5,18.64,21590
2018-07-16/00:00:00,18.64,18.75,18.5,18.61,11000
2018-07-17/00:00:00,18.61,18.75,18.75,18.61,1000
2018-07-24/00:00:00,18.61,18.8,18.75,18.79,6730
2018-07-25/00:00:00,18.79,18.9,18.9,18.9,365377
2018-07-26/00:00:00,18.9,18.9,18.9,18.9,61190
2018-08-01/00:00:00,18.9,18.9,17.25,18.84,61425
2018-08-02/00:00:00,18.84,20.19,17.03,18.84,1036
2018-08-09/00:00:00,18.84,17.52,17.11,18.84,1498
2018-08-14/00:00:00,18.84,18.78,18.78,18.78,474594
2018-09-02/00:00:00,18.78,18.5,18.5,18.5,21101
2018-09-03/00:00:00,18.5,18.5,17.5,18.45,40950
2018-09-05/00:00:00,18.45,18.43,17.07,18.43,258129
2018-09-06/00:00:00,18.43,18.42,18.39,18.41,1293195
2018-09-09/00:00:00,18.41,17.08,17.08,18.41,286
2018-09-12/00:00:00,18.41,17.9,17.77,18.41,1000
2018-09-13/00:00:00,18.41,18.41,18.0,18.41,1079697
2018-09-18/00:00:00,18.41,18.0,18.0,18.41,5000
2018-09-25/00:00:00,18.41,16.58,16.57,18.41,4340
2018-09-26/00:00:00,18.41,16.57,16.57,18.41,190
2018-09-27/00:00:00,18.41,16.9,16.57,16.73,25060
2018-09-30/00:00:00,16.73,15.06,15.06,16.73,3312
2018-10-02/00:00:00,16.73,15.5,15.48,15.5,5150
2018-10-03/00:00:00,15.5,16.98,14.98,15.22,88102
2018-10-08/00:00:00,15.22,14.75,13.7,14.75,100200
2018-10-09/00:00:00,14.75,14.0,13.7,13.82,2548177
2018-10-11/00:00:00,13.82,13.0,13.0,13.82,200
2018-10-14/00:00:00,13.82,13.78,13.0,13.0,2670
2018-10-16/00:00:00,13.0,13.0,13.0,13.0,146574
2018-10-17/00:00:00,13.0,14.0,13.76,14.0,77630
2018-10-22/00:00:00,14.0,14.0,13.98,14.0,37692
2018-10-23/00:00:00,14.0,13.85,13.83,13.83,2358
2018-10-28/00:00:00,13.83,14.0,13.02,13.83,384
2018-10-30/00:00:00,13.83,14.0,13.2,13.83,2030
2018-10-31/00:00:00,13.83,13.8,13.8,13.8,3070956
2018-11-01/00:00:00,13.8,14.3,13.8,13.8,3470227
2018-11-04/00:00:00,13.8,14.5,14.48,13.8,80
2018-11-05/00:00:00,13.8,14.6,13.82,13.8,50
2018-11-11/00:00:00,13.8,13.84,13.84,13.8,1100
2018-11-12/00:00:00,13.8,13.8,13.8,13.8,99239
2018-11-13/00:00:00,13.8,14.0,13.8,13.8,100000
2018-11-14/00:00:00,13.8,14.5,14.5,13.8,279
2018-11-15/00:00:00,13.8,14.92,14.8,13.8,200
2018-11-18/00:00:00,13.8,14.79,14.75,13.8,378
2018-11-19/00:00:00,13.8,15.18,14.79,13.8,1327
2018-11-21/00:00:00,13.8,14.0,14.0,14.0,107649
2018-11-26/00:00:00,14.0,14.03,14.0,14.01,854218
2018-11-27/00:00:00,14.01,14.0,14.0,14.0,2148772
2018-11-28/00:00:00,14.0,14.0,14.0,14.0,413510
2018-11-29/00:00:00,14.0,14.01,14.0,14.0,29175
2018-12-03/00:00:00,14.0,14.2,14.2,14.0,330
2018-12-05/00:00:00,14.0,14.0,14.0,14.0,155170
2018-12-09/00:00:00,14.0,14.0,12.6,13.98,24346
2018-12-11/00:00:00,13.98,14.0,13.51,13.99,14920
2018-12-12/00:00:00,13.99,14.0,14.0,13.99,425
2018-12-17/00:00:00,13.99,14.0,14.0,14.0,18776
2018-12-18/00:00:00,14.0,13.98,13.98,14.0,20
2018-12-20/00:00:00,14.0,14.0,12.7,14.0,13163360
2018-12-27/00:00:00,14.0,14.0,13.99,14.0,1246275
2018-12-30/00:00:00,14.0,14.0,14.0,14.0,11855
2019-01-02/00:00:00,14.0,14.02,14.0,14.0,94500
2019-01-03/00:00:00,14.0,15.4,15.4,14.0,2
2019-01-08/00:00:00,14.0,14.25,14.0,14.0,1708
2019-01-09/00:00:00,14.0,14.0,14.0,14.0,569008
2019-01-10/00:00:00,14.0,14.81,14.0,14.0,1263680
2019-01-14/00:00:00,14.0,14.0,14.0,14.0,4545
2019-01-17/00:00:00,14.0,14.0,14.0,14.0,962
2019-01-20/00:00:00,14.0,14.0,14.0,14.0,870
2019-01-21/00:00:00,14.0,14.07,14.0,14.01,2603736
2019-01-22/00:00:00,14.01,14.15,14.15,14.01,961
2019-01-23/00:00:00,14.01,14.15,14.15,14.01,500
2019-01-29/00:00:00,14.01,14.56,14.25,14.25,315018
2019-01-31/00:00:00,14.25,14.25,14.25,14.25,478532
2019-02-03/00:00:00,14.25,14.0,13.0,13.67,17482
2019-02-04/00:00:00,13.67,13.01,13.0,13.0,24302
2019-02-10/00:00:00,13.0,14.0,13.5,13.86,4950
2019-02-12/00:00:00,13.86,14.0,14.0,14.0,230154
2019-02-13/00:00:00,14.0,15.24,14.5,15.2,2409
2019-02-14/00:00:00,15.2,15.4,13.69,14.85,19496
2019-02-17/00:00:00,14.85,16.33,15.4,16.2,5229
2019-02-18/00:00:00,16.2,16.2,16.2,16.2,208605
2019-02-19/00:00:00,16.2,16.2,16.2,16.2,402771
2019-02-20/00:00:00,16.2,17.49,17.49,16.2,250
2019-02-24/00:00:00,16.2,16.5,16.5,16.5,8750
2019-02-25/00:00:00,16.5,17.0,17.0,17.0,5000
2019-02-26/00:00:00,17.0,17.0,17.0,17.0,9722
2019-02-27/00:00:00,17.0,17.0,17.0,17.0,245460
2019-02-28/00:00:00,17.0,17.6,17.6,17.6,5000
2019-03-03/00:00:00,17.6,17.6,17.6,17.6,27000
2019-03-04/00:00:00,17.6,17.75,17.6,17.73,635610
2019-03-05/00:00:00,17.73,17.8,17.75,17.76,23000
2019-03-06/00:00:00,17.76,18.0,17.75,17.75,352317
2019-03-07/00:00:00,17.75,18.0,17.75,17.94,72625
2019-03-10/00:00:00,17.94,18.0,18.0,18.0,5474
2019-03-11/00:00:00,18.0,19.8,18.2,19.57,3160
2019-03-12/00:00:00,19.57,19.8,19.57,19.72,695460
2019-03-13/00:00:00,19.72,19.85,19.72,19.82,95400
2019-03-14/00:00:00,19.82,19.82,19.5,19.82,280000
2019-03-17/00:00:00,19.82,19.82,19.82,19.82,20000
2019-03-18/00:00:00,19.82,19.82,19.82,19.82,20000
2019-03-19/00:00:00,19.82,19.82,19.0,19.65,30300
2019-03-20/00:00:00,19.65,19.79,19.0,19.4,10145
2019-03-21/00:00:00,19.4,19.8,19.79,19.8,33622
2019-03-25/00:00:00,19.8,19.77,18.25,18.44,107956
2019-03-26/00:00:00,18.44,19.48,19.0,19.0,1180697
2019-03-27/00:00:00,19.0,19.5,19.0,19.49,200130
2019-03-28/00:00:00,19.49,20.0,19.5,19.88,203796
2019-03-31/00:00:00,19.88,20.0,19.5,19.96,283025
2019-04-01/00:00:00,19.96,20.0,19.99,20.0,149078
2019-04-02/00:00:00,20.0,20.0,20.0,20.0,74584
2019-04-03/00:00:00,20.0,20.0,20.0,20.0,88448
2019-04-04/00:00:00,20.0,20.0,20.0,20.0,444346
2019-04-08/00:00:00,20.0,19.02,19.0,19.0,224529
2019-04-09/00:00:00,19.0,20.1,19.9,20.05,2050
2019-04-10/00:00:00,20.05,20.4,20.0,20.01,5331
2019-04-11/00:00:00,20.01,20.0,20.0,20.01,400
2019-04-14/00:00:00,20.01,20.0,20.0,20.0,13404
2019-04-15/00:00:00,20.0,19.99,19.0,19.0,348513
2019-04-16/00:00:00,19.0,20.0,19.0,19.69,13906
2019-04-17/00:00:00,19.69,20.0,19.95,19.98,39027
2019-04-18/00:00:00,19.98,20.0,19.99,20.0,18169
2019-04-22/00:00:00,20.0,20.0,18.01,19.99,166859
2019-04-24/00:00:00,19.99,20.0,19.99,20.0,36608
2019-04-30/00:00:00,20.0,20.0,19.99,20.0,200000
2019-05-02/00:00:00,20.0,20.0,19.99,20.0,65789
2019-05-08/00:00:00,20.0,20.0,19.99,20.0,5000
2019-05-09/00:00:00,20.0,20.0,19.99,20.0,166000
2019-05-13/00:00:00,20.0,20.0,19.5,20.0,1168050
2019-05-14/00:00:00,20.0,20.0,20.0,20.0,318443
2019-05-15/00:00:00,20.0,21.0,21.0,20.0,150
2019-05-16/00:00:00,20.0,20.5,19.98,20.01,84474
2019-05-21/00:00:00,20.01,20.0,20.0,20.0,134562
2019-05-22/00:00:00,20.0,20.0,20.0,20.0,245397
2019-05-23/00:00:00,20.0,20.0,20.0,20.0,145337
2019-05-27/00:00:00,20.0,20.0,20.0,20.0,160875
2019-05-28/00:00:00,20.0,20.0,20.0,20.0,6000
2019-05-30/00:00:00,20.0,20.2,20.2,20.0,300
2019-06-10/00:00:00,20.0,20.0,20.0,20.0,12903
2019-06-12/00:00:00,20.0,20.0,20.0,20.0,219000
2019-06-13/00:00:00,20.0,20.0,19.99,20.0,2000
2019-06-17/00:00:00,20.0,19.5,19.5,19.5,3263581
2019-06-18/00:00:00,19.5,19.0,19.0,19.0,265000
2019-06-19/00:00:00,19.0,19.0,19.0,19.0,2200000
2019-06-20/00:00:00,19.0,19.0,19.0,19.0,702365
2019-06-23/00:00:00,19.0,20.0,20.0,20.0,3000
2019-06-25/00:00:00,20.0,20.0,20.0,20.0,100000
2019-06-26/00:00:00,20.0,20.0,19.9,19.99,195140
2019-06-27/00:00:00,19.99,21.0,20.0,20.09,392314
2019-07-02/00:00:00,20.09,20.0,20.0,20.0,3334
2019-07-04/00:00:00,20.0,20.0,19.5,19.81,234349
2019-07-11/00:00:00,19.81,19.7,19.0,19.43,189400
2019-07-15/00:00:00,19.43,19.39,19.32,19.34,514360
2019-07-17/00:00:00,19.34,19.0,17.75,19.0,150002
2019-07-18/00:00:00,19.0,19.5,19.0,19.01,447628
2019-07-21/00:00:00,19.01,19.0,19.0,19.01,135
2019-07-22/00:00:00,19.01,18.98,18.98,18.98,52207
2019-07-24/00:00:00,18.98,18.98,18.98,18.98,205540
2019-07-25/00:00:00,18.98,19.0,19.0,19.0,163620
2019-07-29/00:00:00,19.0,19.0,19.0,19.0,177887
2019-07-30/00:00:00,19.0,18.99,18.99,18.99,350000
2019-07-31/00:00:00,18.99,19.0,19.0,19.0,77047
2019-08-05/00:00:00,19.0,19.0,18.0,18.97,79390
2019-08-06/00:00:00,18.97,19.0,19.0,19.0,4953
2019-08-08/00:00:00,19.0,19.0,19.0,19.0,5000
2019-08-14/00:00:00,19.0,18.5,18.5,18.5,66749
2019-08-15/00:00:00,18.5,18.9,18.9,18.9,6250
2019-08-18/00:00:00,18.9,18.25,18.0,18.24,69348
2019-08-20/00:00:00,18.24,19.99,18.35,19.69,12222
2019-08-21/00:00:00,19.69,18.15,18.0,18.09,6160
2019-08-22/00:00:00,18.09,18.5,18.0,18.44,23299
2019-08-25/00:00:00,18.44,18.0,17.7,17.95,3253
2019-08-26/00:00:00,17.95,18.5,17.7,18.06,28790
2019-08-27/00:00:00,18.06,17.77,17.69,17.69,457200
2019-08-28/00:00:00,17.69,18.0,17.69,17.95,98450
2019-08-29/00:00:00,17.95,17.59,17.59,17.95,300
2019-09-01/00:00:00,17.95,18.0,17.5,17.52,3119
2019-09-02/00:00:00,17.52,17.7,17.52,17.52,590
2019-09-03/00:00:00,17.52,17.02,17.0,17.52,500
2019-09-04/00:00:00,17.52,17.0,17.0,17.0,5010
2019-09-05/00:00:00,17.0,17.4,17.4,17.4,30000
2019-09-08/00:00:00,17.4,17.4,17.17,17.4,1086
2019-09-09/00:00:00,17.4,17.28,17.0,17.19,7500
2019-09-10/00:00:00,17.19,16.5,16.0,16.27,13165
2019-09-11/00:00:00,16.27,16.99,16.0,16.43,986047
2019-09-12/00:00:00,16.43,18.0,16.1,17.35,221185
2019-09-16/00:00:00,17.35,15.85,15.63,17.35,1000
2019-09-17/00:00:00,17.35,16.8,15.62,15.74,125169
2019-09-18/00:00:00,15.74,17.0,14.17,16.76,1469220
2019-09-19/00:00:00,16.76,16.49,16.49,16.76,150
2019-09-23/00:00:00,16.76,15.1,15.1,16.76,300
2019-09-25/00:00:00,16.76,16.99,16.0,16.95,17000
2019-09-30/00:00:00,16.95,17.0,16.45,16.99,24532
2019-10-02/00:00:00,16.99,15.71,15.6,15.6,1381082
2019-10-03/00:00:00,15.6,15.6,15.6,15.6,11710
2019-10-08/00:00:00,15.6,15.6,15.6,15.6,475296
2019-10-09/00:00:00,15.6,15.7,15.7,15.7,3742
2019-10-10/00:00:00,15.7,16.0,15.7,15.71,21539
2019-10-13/00:00:00,15.71,15.25,14.27,15.71,150
2019-10-14/00:00:00,15.71,14.7,14.7,15.71,30
2019-10-15/00:00:00,15.71,15.0,15.0,15.0,14840
2019-10-16/00:00:00,15.0,15.96,15.86,15.96,2857
2019-10-17/00:00:00,15.96,16.0,16.0,16.0,7143
2019-10-24/00:00:00,16.0,15.9,15.5,15.5,200012
2019-10-27/00:00:00,15.5,15.5,15.5,15.5,10000
2019-10-28/00:00:00,15.5,15.8,15.5,15.52,140470
2019-10-29/00:00:00,15.52,15.5,15.5,15.5,5102
2019-10-31/00:00:00,15.5,15.5,15.2,15.5,860120
2019-11-03/00:00:00,15.5,15.5,15.5,15.5,3000
2019-11-05/00:00:00,15.5,15.1,15.0,15.0,107950
2019-11-06/00:00:00,15.0,15.3,15.0,15.15,10000
2019-11-07/00:00:00,15.15,15.5,15.15,15.18,31160
2019-11-11/00:00:00,15.18,15.5,15.5,15.18,148
2019-11-13/00:00:00,15.18,15.0,15.0,15.0,326565
2019-11-14/00:00:00,15.0,15.5,15.5,15.5,10701
2019-11-17/00:00:00,15.5,15.56,15.49,15.52,10000
2019-11-19/00:00:00,15.52,15.58,15.0,15.57,347627
2019-11-20/00:00:00,15.57,15.18,15.18,15.57,200
2019-11-21/00:00:00,15.57,15.01,15.0,15.57,1203
2019-11-24/00:00:00,15.57,15.0,15.0,15.0,3765
2019-11-25/00:00:00,15.0,15.0,15.0,15.0,1156771
2019-11-26/00:00:00,15.0,14.5,13.55,14.49,375055
2019-11-27/00:00:00,14.49,14.0,14.0,14.0,100000
2019-11-28/00:00:00,14.0,15.0,14.0,14.73,11200
2019-12-01/00:00:00,14.73,14.94,14.94,14.73,100
2019-12-02/00:00:00,14.73,15.5,15.5,14.73,100
2019-12-03/00:00:00,14.73,15.48,13.8,13.83,1263705
2019-12-04/00:00:00,13.83,14.97,13.8,13.8,1139210
2019-12-05/00:00:00,13.8,14.87,14.0,14.0,374992
2019-12-08/00:00:00,14.0,14.85,13.9,13.91,4698
2019-12-09/00:00:00,13.91,14.0,13.9,13.91,902
2019-12-10/00:00:00,13.91,13.9,13.8,13.85,120939
2019-12-11/00:00:00,13.85,13.9,13.5,13.53,644161
2019-12-12/00:00:00,13.53,14.5,13.48,13.53,51430
2019-12-15/00:00:00,13.53,14.6,13.45,13.53,945
2019-12-16/00:00:00,13.53,14.25,13.48,13.5,2635251
2019-12-17/00:00:00,13.5,14.84,13.5,13.5,285831
2019-12-18/00:00:00,13.5,13.8,13.5,13.5,426337
2019-12-19/00:00:00,13.5,14.75,13.5,13.67,182676
2019-12-22/00:00:00,13.67,13.85,13.5,13.53,3030
2019-12-23/00:00:00,13.53,14.0,13.8,13.86,133294
2019-12-24/00:00:00,13.86,14.0,13.9,13.96,61270
2019-12-25/00:00:00,13.96,14.75,14.01,13.96,110
2019-12-26/00:00:00,13.96,14.2,14.0,14.01,25600
2019-12-29/00:00:00,14.01,14.75,14.75,14.01,10
2019-12-30/00:00:00,14.01,14.68,14.51,14.57,66862
2019-12-31/00:00:00,14.57,15.0,14.7,14.98,68692
2020-01-02/00:00:00,14.98,15.22,14.51,14.97,49160
2020-01-05/00:00:00,14.97,15.35,14.51,14.97,370
2020-01-06/00:00:00,14.97,14.8,14.8,14.97,70
2020-01-08/00:00:00,14.97,14.6,14.5,14.5,671849
2020-01-09/00:00:00,14.5,15.43,14.65,14.8,108168
2020-01-12/00:00:00,14.8,15.0,14.97,14.99,2050
2020-01-13/00:00:00,14.99,14.8,14.8,14.8,11281
2020-01-14/00:00:00,14.8,14.97,14.8,14.8,1722621
2020-01-15/00:00:00,14.8,14.99,14.8,14.8,936094
2020-01-21/00:00:00,14.8,14.6,14.59,14.6,1000100
2020-01-22/00:00:00,14.6,14.79,14.5,14.52,760145
2020-01-23/00:00:00,14.52,14.7,13.5,14.5,362161
2020-01-26/00:00:00,14.5,15.75,14.0,14.72,5198
2020-01-27/00:00:00,14.72,15.7,13.63,14.5,1704394
2020-01-28/00:00:00,14.5,14.99,14.8,14.5,103
2020-01-29/00:00:00,14.5,14.55,14.55,14.5,1
2020-01-30/00:00:00,14.5,14.9,14.0,14.0,1472847
2020-02-03/00:00:00,14.0,14.95,14.0,14.01,27376
2020-02-04/00:00:00,14.01,14.95,13.85,13.85,2827790
2020-02-06/00:00:00,13.85,14.84,13.75,13.85,3713801
2020-02-09/00:00:00,13.85,14.83,13.85,13.85,83003
2020-02-10/00:00:00,13.85,14.49,13.85,13.85,1728150
2020-02-11/00:00:00,13.85,14.5,13.75,13.85,1257716
2020-02-12/00:00:00,13.85,14.84,13.8,13.85,270102
2020-02-13/00:00:00,13.85,13.85,13.85,13.85,126370
2020-02-16/00:00:00,13.85,13.76,13.76,13.76,5000
2020-02-17/00:00:00,13.76,13.85,13.85,13.85,88690
2020-02-18/00:00:00,13.85,13.85,13.8,13.85,37310
2020-02-23/00:00:00,13.85,13.99,13.9,13.95,2400
2020-02-25/00:00:00,13.95,13.6,13.6,13.95,50
2020-02-27/00:00:00,13.95,13.95,13.95,13.95,60049
2020-03-01/00:00:00,13.95,13.99,13.0,13.95,1560
2020-03-03/00:00:00,13.95,13.95,13.95,13.95,230000
2020-03-04/00:00:00,13.95,13.94,13.5,13.93,13195
2020-03-09/00:00:00,13.93,13.0,12.54,13.93,1010
2020-03-10/00:00:00,13.93,13.0,12.99,13.0,39940
2020-03-11/00:00:00,13.0,12.99,12.94,12.99,18645
2020-03-15/00:00:00,12.99,14.2,14.2,12.99,1
2020-03-16/00:00:00,12.99,11.99,11.7,12.99,1486
2020-03-17/00:00:00,12.99,11.7,11.7,12.99,94
2020-03-18/00:00:00,12.99,11.7,11.7,12.99,100
2020-03-19/00:00:00,12.99,11.7,11.7,11.7,320460
2020-03-22/00:00:00,11.7,11.4,10.53,11.15,305260
2020-03-23/00:00:00,11.15,11.15,10.05,10.77,587846
2020-03-24/00:00:00,10.77,10.2,9.7,9.71,2972077
2020-03-25/00:00:00,9.71,9.95,9.7,9.7,780540
2020-03-26/00:00:00,9.7,10.0,9.7,9.7,100225
2020-03-29/00:00:00,9.7,9.7,9.44,9.57,7180
2020-03-30/00:00:00,9.57,9.69,8.62,9.57,1048
2020-03-31/00:00:00,9.57,9.0,8.62,8.62,2699453
2020-04-01/00:00:00,8.62,8.65,7.76,7.83,1556343
2020-04-02/00:00:00,7.83,8.61,8.46,8.61,4928952
2020-04-05/00:00:00,8.61,9.47,8.99,9.28,247731
2020-04-06/00:00:00,9.28,9.65,9.13,9.33,653703
2020-04-07/00:00:00,9.33,10.25,9.5,9.99,1339310
2020-04-08/00:00:00,9.99,10.25,9.85,10.01,253206
2020-04-09/00:00:00,10.01,10.0,9.5,9.94,1070784
2020-04-12/00:00:00,9.94,10.25,9.86,10.06,481014
2020-04-13/00:00:00,10.06,10.25,9.9,10.0,273611
2020-04-14/00:00:00,10.0,10.19,9.95,10.02,620281
2020-04-15/00:00:00,10.02,10.29,10.1,10.2,47937
2020-04-16/00:00:00,10.2,10.2,10.1,10.2,555770
2020-04-21/00:00:00,10.2,10.2,10.0,10.2,1005184
2020-04-22/00:00:00,10.2,10.0,9.9,10.0,1077554
2020-04-23/00:00:00,10.0,10.25,9.9,10.0,530845
2020-04-26/00:00:00,10.0,10.47,10.02,10.17,25100
2020-04-27/00:00:00,10.17,10.15,10.0,10.01,254573
2020-04-28/00:00:00,10.01,10.1,10.0,10.02,203829
2020-04-29/00:00:00,10.02,10.01,10.0,10.0,22750
2020-04-30/00:00:00,10.0,10.11,10.03,10.05,9495
2020-05-03/00:00:00,10.05,10.2,10.0,10.0,1570875
2020-05-04/00:00:00,10.0,10.1,10.0,10.01,78400
2020-05-05/00:00:00,10.01,10.15,10.01,10.01,2910
2020-05-06/00:00:00,10.01,10.45,10.1,10.14,24577
2020-05-07/00:00:00,10.14,10.1,10.0,10.03,105868
2020-05-10/00:00:00,10.03,10.25,10.0,10.19,319186
2020-05-11/00:00:00,10.19,10.25,10.01,10.11,4200
2020-05-12/00:00:00,10.11,11.02,9.9,10.09,1166475
2020-05-13/00:00:00,10.09,10.0,9.7,9.96,27370
2020-05-14/00:00:00,9.96,9.9,9.5,9.51,47100
2020-05-17/00:00:00,9.51,9.7,9.5,9.57,105360
2020-05-18/00:00:00,9.57,9.5,9.25,9.27,3451
2020-05-20/00:00:00,9.27,9.5,9.3,9.45,48855
2020-05-21/00:00:00,9.45,9.5,9.27,9.31,236195
2020-05-31/00:00:00,9.31,9.3,9.0,9.04,1021844
2020-06-01/00:00:00,9.04,9.5,9.0,9.07,1020171
2020-06-02/00:00:00,9.07,9.5,9.3,9.35,150277
2020-06-03/00:00:00,9.35,9.6,9.3,9.35,567323
2020-06-04/00:00:00,9.35,10.0,9.5,9.8,207000
2020-06-07/00:00:00,9.8,10.25,9.62,10.02,44785
2020-06-08/00:00:00,10.02,9.72,9.6,9.7,499939
2020-06-09/00:00:00,9.7,9.95,9.6,9.83,23563
2020-06-10/00:00:00,9.83,10.0,9.49,9.5,1852789
2020-06-11/00:00:00,9.5,9.5,9.47,9.5,4134139
2020-06-14/00:00:00,9.5,9.5,9.3,9.48,17850
2020-06-15/00:00:00,9.48,9.49,9.31,9.35,604203
2020-06-16/00:00:00,9.35,9.49,9.49,9.35,2200
2020-06-17/00:00:00,9.35,9.49,9.49,9.35,2001
2020-06-18/00:00:00,9.35,9.5,9.35,9.49,20809
2020-06-21/00:00:00,9.49,9.49,9.07,9.33,61299
2020-06-22/00:00:00,9.33,9.3,9.15,9.3,2230776
2020-06-23/00:00:00,9.3,9.4,9.21,9.3,1210
2020-06-24/00:00:00,9.3,9.44,8.9,9.13,76544
2020-06-25/00:00:00,9.13,9.44,8.9,9.15,983615
2020-06-28/00:00:00,9.15,9.5,9.2,9.44,37600
2020-06-29/00:00:00,9.44,10.3,9.5,10.01,261262
2020-06-30/00:00:00,10.01,9.98,9.71,9.9,568856
2020-07-05/00:00:00,9.9,10.1,9.86,9.98,225305
2020-07-06/00:00:00,9.98,10.35,9.92,10.07,92002
2020-07-07/00:00:00,10.07,10.2,9.88,10.05,158871
2020-07-08/00:00:00,10.05,10.02,9.7,9.84,35835
2020-07-09/00:00:00,9.84,9.75,9.1,9.1,3547860
2020-07-12/00:00:00,9.1,9.92,9.4,9.72,69701
2020-07-13/00:00:00,9.72,9.92,9.1,9.16,4152082
2020-07-14/00:00:00,9.16,9.57,9.1,9.11,2980917
2020-07-15/00:00:00,9.11,9.42,9.0,9.12,2421715
2020-07-16/00:00:00,9.12,9.2,9.1,9.14,18878
2020-07-19/00:00:00,9.14,9.49,9.1,9.12,58518
2020-07-20/00:00:00,9.12,9.25,9.15,9.2,50420
2020-07-21/00:00:00,9.2,9.21,9.1,9.12,276427
2020-07-22/00:00:00,9.12,9.33,9.11,9.16,155277
2020-07-26/00:00:00,9.16,9.25,9.12,9.16,12827
2020-07-27/00:00:00,9.16,9.25,9.2,9.25,1166169
2020-07-28/00:00:00,9.25,9.4,9.11,9.3,960884
2020-07-29/00:00:00,9.3,9.46,9.3,9.3,512736
2020-08-04/00:00:00,9.3,9.85,9.45,9.57,354506
2020-08-05/00:00:00,9.57,9.92,9.55,9.57,488474
2020-08-06/00:00:00,9.57,9.69,9.47,9.51,30280
2020-08-09/00:00:00,9.51,9.55,9.3,9.38,30255
2020-08-10/00:00:00,9.38,9.4,9.3,9.33,29245
2020-08-11/00:00:00,9.33,9.35,9.26,9.32,30771
2020-08-12/00:00:00,9.32,9.68,9.25,9.3,1115550
2020-08-13/00:00:00,9.3,9.48,9.32,9.3,1588
2020-08-16/00:00:00,9.3,9.23,9.18,9.2,8447
2020-08-17/00:00:00,9.2,9.45,9.15,9.35,1808227
2020-08-18/00:00:00,9.35,9.35,9.21,9.25,751750
2020-08-19/00:00:00,9.25,9.69,9.25,9.26,1406763
2020-08-23/00:00:00,9.26,9.59,9.3,9.46,302500
2020-08-24/00:00:00,9.46,9.65,9.5,9.51,32435
2020-08-25/00:00:00,9.51,9.75,9.55,9.59,330971
2020-08-26/00:00:00,9.59,10.54,9.61,10.24,782597
2020-08-27/00:00:00,10.24,11.26,10.57,11.08,528733
2020-08-30/00:00:00,11.08,11.35,11.0,11.14,947244
2020-08-31/00:00:00,11.14,11.1,10.6,10.86,249169
2020-09-01/00:00:00,10.86,10.95,10.35,10.55,42408
2020-09-02/00:00:00,10.55,10.5,10.16,10.49,374511
2020-09-03/00:00:00,10.49,10.49,10.02,10.11,102120
2020-09-06/00:00:00,10.11,10.0,9.8,9.89,28200
2020-09-07/00:00:00,9.89,10.0,9.75,9.99,106910
2020-09-08/00:00:00,9.99,10.0,9.51,9.69,17421
2020-09-09/00:00:00,9.69,9.99,9.3,9.6,3166824
2020-09-10/00:00:00,9.6,10.0,9.71,9.99,31953
2020-09-13/00:00:00,9.99,10.25,9.9,10.01,123709
2020-09-14/00:00:00,10.01,10.3,9.8,10.11,28865
2020-09-15/00:00:00,10.11,10.0,9.92,10.11,2467
2020-09-16/00:00:00,10.11,10.1,9.9,9.94,3995
2020-09-17/00:00:00,9.94,10.19,9.9,9.9,8674
2020-09-20/00:00:00,9.9,9.9,9.6,9.89,26298
2020-09-21/00:00:00,9.89,10.0,9.82,9.9,425746
2020-09-22/00:00:00,9.9,9.99,9.79,9.93,145872
2020-09-23/00:00:00,9.93,9.96,9.6,9.6,3057500
2020-09-24/00:00:00,9.6,9.56,9.46,9.55,1021107
2020-09-27/00:00:00,9.55,9.41,9.1,9.16,83625
2020-09-28/00:00:00,9.16,9.3,9.15,9.18,54742
2020-09-29/00:00:00,9.18,9.27,9.2,9.2,2325575
2020-09-30/00:00:00,9.2,9.59,9.25,9.28,38621
2020-10-01/00:00:00,9.28,9.5,9.28,9.47,8060
2020-10-04/00:00:00,9.47,10.0,9.5,9.89,170349
2020-10-05/00:00:00,9.89,10.13,9.5,9.54,83725
2020-10-06/00:00:00,9.54,9.84,9.55,9.55,2133055
2020-10-07/00:00:00,9.55,9.55,9.5,9.55,1551700
2020-10-11/00:00:00,9.55,9.65,9.31,9.48,39920
2020-10-12/00:00:00,9.48,9.49,9.25,9.3,63874
2020-10-13/00:00:00,9.3,9.35,9.25,9.25,1614668
2020-10-14/00:00:00,9.25,9.3,9.11,9.24,658197
2020-10-15/00:00:00,9.24,9.34,9.12,9.21,23100
2020-10-18/00:00:00,9.21,9.3,9.14,9.23,27964
2020-10-19/00:00:00,9.23,9.42,9.16,9.26,55021
2020-10-20/00:00:00,9.26,9.29,9.11,9.14,42010
2020-10-21/00:00:00,9.14,9.17,8.91,9.06,7570
2020-10-22/00:00:00,9.06,9.0,8.8,9.0,440702
2020-10-25/00:00:00,9.0,9.45,8.6,9.01,70601
2020-10-26/00:00:00,9.01,9.25,8.9,8.91,3446
2020-10-27/00:00:00,8.91,9.34,8.9,8.96,21588
2020-10-28/00:00:00,8.96,9.1,8.92,9.03,20068
2020-11-01/00:00:00,9.03,8.77,8.76,9.03,1000
2020-11-02/00:00:00,9.03,9.05,9.0,9.05,1056698
2020-11-03/00:00:00,9.05,9.06,9.05,9.05,102311
2020-11-04/00:00:00,9.05,9.06,9.05,9.05,746755
2020-11-05/00:00:00,9.05,9.09,9.0,9.05,2065
2020-11-08/00:00:00,9.05,9.09,9.09,9.05,300
2020-11-09/00:00:00,9.05,9.49,8.99,9.05,1915536
2020-11-10/00:00:00,9.05,9.25,9.05,9.11,4434
2020-11-11/00:00:00,9.11,9.47,9.05,9.18,3978833
2020-11-12/00:00:00,9.18,9.32,9.22,9.24,25000
2020-11-15/00:00:00,9.24,9.35,9.13,9.16,23686
2020-11-16/00:00:00,9.16,9.25,9.16,9.17,3135125
2020-11-17/00:00:00,9.17,9.5,9.14,9.33,11237236
2020-11-18/00:00:00,9.33,9.86,9.4,9.51,7198700
2020-11-19/00:00:00,9.51,9.8,9.51,9.52,2637484
2020-11-22/00:00:00,9.52,9.5,9.49,9.5,2040765
2020-11-23/00:00:00,9.5,9.73,9.41,9.5,5820145
2020-11-24/00:00:00,9.5,9.8,9.5,9.67,61306
2020-11-25/00:00:00,9.67,9.82,9.6,9.71,170805
2020-11-26/00:00:00,9.71,9.7,9.56,9.62,112873
2020-11-29/00:00:00,9.62,9.8,9.55,9.65,101190
2020-11-30/00:00:00,9.65,9.6,9.42,9.56,52695
2020-12-01/00:00:00,9.56,9.7,9.5,9.56,969678
2020-12-02/00:00:00,9.56,9.5,9.0,9.36,127745
2020-12-03/00:00:00,9.36,9.46,9.15,9.41,22638
2020-12-06/00:00:00,9.41,9.5,9.11,9.2,171446
2020-12-07/00:00:00,9.2,9.5,9.2,9.21,2370974
2020-12-08/00:00:00,9.21,9.6,9.4,9.51,147111
2020-12-09/00:00:00,9.51,9.69,9.25,9.26,18744079
2020-12-10/00:00:00,9.26,9.5,9.3,9.45,96336
2020-12-13/00:00:00,9.45,9.32,9.27,9.3,193740
2020-12-14/00:00:00,9.3,9.5,9.25,9.3,586064
2020-12-15/00:00:00,9.3,9.3,9.13,9.27,44044
2020-12-16/00:00:00,9.27,9.3,9.1,9.19,691300
2020-12-17/00:00:00,9.19,9.16,8.94,9.05,214548
2020-12-20/00:00:00,9.05,9.04,8.86,9.01,21843
2020-12-21/00:00:00,9.01,9.0,8.23,8.5,597817
2020-12-22/00:00:00,8.5,8.98,8.5,8.73,24873
2020-12-23/00:00:00,8.73,8.99,8.6,8.68,192905
2020-12-24/00:00:00,8.68,8.7,8.6,8.6,295556
2020-12-27/00:00:00,8.6,8.68,8.43,8.52,39093
2020-12-28/00:00:00,8.52,8.7,8.5,8.59,195628
2020-12-29/00:00:00,8.59,8.88,8.15,8.7,19457
2020-12-30/00:00:00,8.7,8.97,8.72,8.9,74356
2020-12-31/00:00:00,8.9,8.91,8.75,8.9,172354
2021-01-03/00:00:00,8.9,8.91,8.9,8.9,1500
2021-01-04/00:00:00,8.9,8.98,8.8,8.86,189775
2021-01-05/00:00:00,8.86,8.85,8.6,8.68,160393
2021-01-06/00:00:00,8.68,8.82,8.7,8.71,84969
2021-01-10/00:00:00,8.71,8.85,8.75,8.71,8980
2021-01-11/00:00:00,8.71,8.9,8.65,8.84,171700
2021-01-12/00:00:00,8.84,9.25,8.8,8.92,479927
2021-01-13/00:00:00,8.92,9.24,8.8,9.1,88192
2021-01-14/00:00:00,9.1,9.59,9.0,9.38,1048391
2021-01-17/00:00:00,9.38,9.4,9.21,9.32,264381
2021-01-18/00:00:00,9.32,9.35,9.1,9.23,42929
2021-01-19/00:00:00,9.23,9.3,9.1,9.21,14737
2021-01-20/00:00:00,9.21,9.32,9.1,9.25,442146
2021-01-21/00:00:00,9.25,9.25,9.11,9.25,6589
2021-01-24/00:00:00,9.25,9.1,9.03,9.05,15164
2021-01-25/00:00:00,9.05,9.25,9.0,9.0,1402500
2021-01-26/00:00:00,9.0,9.15,8.9,9.0,2953404
2021-01-27/00:00:00,9.0,9.17,8.9,9.03,217784
2021-01-31/00:00:00,9.03,9.08,8.87,9.0,48589
2021-02-01/00:00:00,9.0,9.15,8.91,9.0,1111862
2021-02-02/00:00:00,9.0,9.2,9.0,9.04,1640968
2021-02-03/00:00:00,9.04,9.15,9.09,9.1,1417730
2021-02-04/00:00:00,9.1,9.21,9.08,9.11,659315
2021-02-07/00:00:00,9.11,9.2,9.07,9.12,62915
2021-02-08/00:00:00,9.12,9.17,9.0,9.1,831030
2021-02-09/00:00:00,9.1,9.23,9.0,9.1,6903
2021-02-10/00:00:00,9.1,9.1,8.95,9.09,1168850
2021-02-11/00:00:00,9.09,9.2,8.94,9.1,1386403
2021-02-14/00:00:00,9.1,9.24,8.9,9.07,35889
2021-02-15/00:00:00,9.07,9.17,8.93,9.08,272933
2021-02-16/00:00:00,9.08,9.14,8.93,9.1,259749
2021-02-17/00:00:00,9.1,9.1,8.86,9.1,136430
2021-02-18/00:00:00,9.1,9.1,8.99,9.1,6048159
2021-02-21/00:00:00,9.1,9.11,9.0,9.02,18181
2021-02-22/00:00:00,9.02,9.1,9.02,9.1,1437651
2021-02-23/00:00:00,9.1,9.01,8.92,9.0,105685
2021-02-24/00:00:00,9.0,9.08,8.75,8.92,54945
2021-02-25/00:00:00,8.92,9.08,8.95,9.0,401960
2021-02-28/00:00:00,9.0,9.05,8.87,9.0,156928
2021-03-01/00:00:00,9.0,9.0,8.83,8.99,199610
2021-03-02/00:00:00,8.99,9.0,8.77,9.0,113125
2021-03-03/00:00:00,9.0,8.99,8.75,9.0,2330
2021-03-04/00:00:00,9.0,8.97,8.8,9.0,3720
2021-03-07/00:00:00,9.0,9.0,8.51,8.89,180212
2021-03-08/00:00:00,8.89,8.8,8.6,8.79,1391634
2021-03-09/00:00:00,8.79,8.89,8.62,8.62,451965
2021-03-10/00:00:00,8.62,8.9,8.61,8.63,1012228
2021-03-11/00:00:00,8.63,8.87,8.65,8.82,21299
2021-03-14/00:00:00,8.82,8.9,8.27,8.81,47323
2021-03-15/00:00:00,8.81,8.75,8.31,8.81,5097
2021-03-16/00:00:00,8.81,8.8,8.4,8.5,27020
2021-03-17/00:00:00,8.5,8.49,8.08,8.35,308025
2021-03-18/00:00:00,8.35,8.28,8.03,8.35,8407
2021-03-21/00:00:00,8.35,8.39,8.1,8.2,105733
2021-03-22/00:00:00,8.2,8.5,8.0,8.32,1063447
2021-03-23/00:00:00,8.32,8.49,8.05,8.29,298377
2021-03-24/00:00:00,8.29,8.5,8.35,8.48,114919
2021-03-25/00:00:00,8.48,8.7,8.01,8.52,221885
2021-03-28/00:00:00,8.52,8.58,8.37,8.52,2215
2021-03-29/00:00:00,8.52,8.59,8.3,8.52,4113
2021-03-30/00:00:00,8.52,8.55,8.48,8.49,26317
2021-03-31/00:00:00,8.49,8.4,8.12,8.49,3949
2021-04-01/00:00:00,8.49,8.78,8.3,8.56,110606
2021-04-04/00:00:00,8.56,8.59,8.16,8.56,6861
2021-04-05/00:00:00,8.56,8.54,8.0,8.42,150590
2021-04-06/00:00:00,8.42,8.5,8.05,8.47,108329
2021-04-07/00:00:00,8.47,8.3,8.06,8.16,13115
2021-04-08/00:00:00,8.16,8.5,8.03,8.16,4473
2021-04-11/00:00:00,8.16,8.44,8.17,8.2,46550
2021-04-12/00:00:00,8.2,8.3,8.12,8.16,3011692
2021-04-13/00:00:00,8.16,8.16,8.01,8.16,504229
2021-04-14/00:00:00,8.16,8.19,7.55,8.16,4675465
2021-04-15/00:00:00,8.16,8.16,7.92,8.15,173440
2021-04-18/00:00:00,8.15,8.09,8.0,8.15,1479
2021-04-19/00:00:00,8.15,8.01,7.75,7.82,70377
2021-04-20/00:00:00,7.82,7.77,7.68,7.7,155756
2021-04-21/00:00:00,7.7,8.01,7.69,7.7,10230
2021-04-22/00:00:00,7.7,7.9,7.53,7.75,402595
2021-04-25/00:00:00,7.75,7.8,7.7,7.73,22118
2021-04-26/00:00:00,7.73,7.77,7.5,7.54,33953
2021-04-27/00:00:00,7.54,7.55,7.2,7.49,3066667
2021-04-28/00:00:00,7.49,7.49,7.2,7.37,184975
2021-05-04/00:00:00,7.37,7.4,6.94,7.12,1829211
2021-05-05/00:00:00,7.12,7.2,6.93,7.03,27332
2021-05-06/00:00:00,7.03,7.19,7.06,7.1,2062699
2021-05-09/00:00:00,7.1,7.3,7.17,7.26,78238
2021-05-10/00:00:00,7.26,7.26,7.1,7.1,8791494
2021-05-11/00:00:00,7.1,7.81,7.29,7.73,521828
2021-05-17/00:00:00,7.73,7.82,7.51,7.66,575662
2021-05-18/00:00:00,7.66,7.89,7.6,7.76,510441
2021-05-19/00:00:00,7.76,8.25,7.8,8.0,1685448
2021-05-20/00:00:00,8.0,8.4,8.0,8.07,27192
2021-05-23/00:00:00,8.07,8.2,7.65,7.77,96316
2021-05-24/00:00:00,7.77,7.85,7.52,7.72,102497
2021-05-25/00:00:00,7.72,7.75,7.46,7.55,36471
2021-05-26/00:00:00,7.55,7.72,7.5,7.52,32529
2021-05-27/00:00:00,7.52,7.69,7.46,7.6,1272884
2021-05-30/00:00:00,7.6,7.69,7.6,7.61,73860
2021-05-31/00:00:00,7.61,7.6,7.51,7.59,193549
2021-06-01/00:00:00,7.59,7.61,7.24,7.6,219272
2021-06-02/00:00:00,7.6,7.8,7.6,7.66,302998
2021-06-03/00:00:00,7.66,7.83,7.43,7.65,306984
2021-06-06/00:00:00,7.65,7.8,7.52,7.77,91849
2021-06-07/00:00:00,7.77,8.01,7.8,7.89,81384
2021-06-08/00:00:00,7.89,8.05,7.95,8.0,389161
2021-06-09/00:00:00,8.0,8.75,8.0,8.48,357359
2021-06-10/00:00:00,8.48,8.75,8.45,8.61,110576
2021-06-13/00:00:00,8.61,8.75,8.45,8.48,310228
2021-06-14/00:00:00,8.48,8.5,8.21,8.47,114867
2021-06-15/00:00:00,8.47,8.49,8.13,8.38,27302
2021-06-16/00:00:00,8.38,8.3,8.1,8.3,1630636
2021-06-17/00:00:00,8.3,8.3,8.1,8.21,283624
2021-06-20/00:00:00,8.21,8.16,7.95,8.05,66400
2021-06-21/00:00:00,8.05,8.01,7.9,8.0,433544
2021-06-22/00:00:00,8.0,8.2,8.0,8.11,21405
2021-06-23/00:00:00,8.11,8.23,8.06,8.18,33669
2021-06-24/00:00:00,8.18,8.16,8.1,8.15,805028
2021-06-27/00:00:00,8.15,8.24,8.05,8.11,21765
2021-06-28/00:00:00,8.11,8.35,8.11,8.16,180279
2021-06-29/00:00:00,8.16,8.25,7.85,8.12,353651
2021-06-30/00:00:00,8.12,8.19,8.06,8.14,111640
2021-07-04/00:00:00,8.14,8.4,8.07,8.22,47103
2021-07-05/00:00:00,8.22,8.24,8.15,8.22,178660
2021-07-06/00:00:00,8.22,8.18,8.0,8.07,40372
2021-07-07/00:00:00,8.07,8.19,8.11,8.07,1495
2021-07-08/00:00:00,8.07,8.18,8.01,8.07,105850
2021-07-11/00:00:00,8.07,8.1,7.85,7.94,13093
2021-07-12/00:00:00,7.94,8.07,7.91,8.0,310845
2021-07-13/00:00:00,8.0,8.0,7.8,7.8,404127
2021-07-14/00:00:00,7.8,7.97,7.8,7.86,427123
2021-07-15/00:00:00,7.86,7.94,7.71,7.8,790766
2021-07-18/00:00:00,7.8,7.93,7.65,7.7,29300
2021-07-25/00:00:00,7.7,8.0,7.7,7.89,131617
2021-07-26/00:00:00,7.89,7.9,7.68,7.72,220060
2021-07-27/00:00:00,7.72,7.88,7.69,7.7,149355
2021-07-28/00:00:00,7.7,7.75,7.68,7.7,146170
2021-07-29/00:00:00,7.7,7.86,7.68,7.7,765649
2021-08-01/00:00:00,7.7,7.95,7.65,7.73,272191
2021-08-02/00:00:00,7.73,7.79,7.53,7.63,114503
2021-08-03/00:00:00,7.63,8.05,7.7,7.9,1200419
2021-08-04/00:00:00,7.9,8.15,7.9,7.95,2997611
2021-08-05/00:00:00,7.95,8.1,8.01,8.06,53577
2021-08-08/00:00:00,8.06,8.1,7.9,7.92,513987
2021-08-09/00:00:00,7.92,8.06,7.9,7.95,91225
2021-08-10/00:00:00,7.95,8.05,7.9,7.95,471040
2021-08-11/00:00:00,7.95,8.0,7.91,7.94,41510
2021-08-15/00:00:00,7.94,8.07,7.91,7.96,19395
2021-08-16/00:00:00,7.96,8.0,7.93,7.95,6314387
2021-08-17/00:00:00,7.95,8.0,7.91,7.95,163698
2021-08-18/00:00:00,7.95,7.95,7.9,7.91,33378
2021-08-19/00:00:00,7.91,7.9,7.77,7.9,905275
2021-08-22/00:00:00,7.9,7.9,7.7,7.84,25728
2021-08-23/00:00:00,7.84,7.88,7.7,7.74,35414
2021-08-24/00:00:00,7.74,7.85,7.66,7.7,34840
2021-08-25/00:00:00,7.7,7.8,7.6,7.74,1023973
2021-08-26/00:00:00,7.74,7.75,7.6,7.74,9742
2021-08-29/00:00:00,7.74,7.88,7.63,7.7,125100
2021-08-30/00:00:00,7.7,7.7,7.6,7.69,136882
2021-08-31/00:00:00,7.69,7.8,7.45,7.65,17110
2021-09-01/00:00:00,7.65,7.79,7.54,7.58,88252
2021-09-02/00:00:00,7.58,7.74,7.56,7.58,7011
2021-09-05/00:00:00,7.58,7.73,7.57,7.58,15185
2021-09-06/00:00:00,7.58,7.58,7.45,7.48,233255
2021-09-07/00:00:00,7.48,7.55,7.4,7.5,825464
2021-09-08/00:00:00,7.5,7.62,7.5,7.5,96950
2021-09-09/00:00:00,7.5,7.58,7.42,7.5,4756
2021-09-12/00:00:00,7.5,7.49,7.4,7.41,15188
2021-09-13/00:00:00,7.41,7.48,7.37,7.45,8184663
2021-09-14/00:00:00,7.45,7.58,7.4,7.4,77273
2021-09-15/00:00:00,7.4,7.49,7.41,7.44,17379
2021-09-16/00:00:00,7.44,7.6,7.42,7.5,742621
2021-09-19/00:00:00,7.5,7.56,7.41,7.5,10390
2021-09-20/00:00:00,7.5,7.45,7.25,7.32,127067
2021-09-21/00:00:00,7.32,7.5,7.12,7.25,53650
2021-09-22/00:00:00,7.25,7.35,7.13,7.25,3073
2021-09-23/00:00:00,7.25,7.31,7.22,7.25,6209
2021-09-26/00:00:00,7.25,7.31,7.25,7.25,4791
2021-09-27/00:00:00,7.25,7.35,7.2,7.2,186427
2021-09-28/00:00:00,7.2,7.35,6.9,7.1,212682
2021-09-29/00:00:00,7.1,7.3,7.0,7.1,5858
2021-09-30/00:00:00,7.1,7.32,7.0,7.0,779554
2021-10-03/00:00:00,7.0,7.19,6.9,7.0,3445
2021-10-04/00:00:00,7.0,7.1,6.9,6.95,340774
2021-10-05/00:00:00,6.95,7.0,6.86,6.87,162288
2021-10-06/00:00:00,6.87,7.08,6.87,6.87,14431
2021-10-10/00:00:00,6.87,7.04,6.91,6.87,3488
2021-10-11/00:00:00,6.87,7.01,6.9,6.96,1636942
2021-10-12/00:00:00,6.96,7.0,6.91,6.96,10066
2021-10-13/00:00:00,6.96,7.05,6.96,7.0,2677697
2021-10-14/00:00:00,7.0,7.2,7.0,7.1,923451
2021-10-17/00:00:00,7.1,7.24,7.1,7.1,3395
2021-10-18/00:00:00,7.1,7.29,7.03,7.1,32128
2021-10-19/00:00:00,7.1,7.35,7.0,7.0,389537
2021-10-20/00:00:00,7.0,7.3,6.9,6.93,203866
2021-10-24/00:00:00,6.93,7.28,7.0,6.93,9677
2021-10-25/00:00:00,6.93,7.17,6.9,7.0,1146758
2021-10-26/00:00:00,7.0,7.0,6.95,6.96,1290174
2021-10-27/00:00:00,6.96,7.01,6.95,6.99,1358952
2021-10-28/00:00:00,6.99,7.09,7.01,6.99,21828
2021-10-31/00:00:00,6.99,7.11,6.99,6.99,10779
2021-11-01/00:00:00,6.99,7.45,6.99,7.17,608060
2021-11-02/00:00:00,7.17,7.3,7.06,7.21,832493
2021-11-03/00:00:00,7.21,7.54,7.2,7.32,311712
2021-11-04/00:00:00,7.32,7.39,7.08,7.27,44416
2021-11-07/00:00:00,7.27,7.39,7.2,7.27,18999
2021-11-08/00:00:00,7.27,7.3,7.22,7.3,132323
2021-11-09/00:00:00,7.3,7.36,7.22,7.25,422119
2021-11-10/00:00:00,7.25,7.3,7.2,7.27,914474
2021-11-11/00:00:00,7.27,7.55,7.21,7.4,2020278
2021-11-14/00:00:00,7.4,7.49,7.32,7.4,5873
2021-11-15/00:00:00,7.4,7.47,7.3,7.4,2204678
2021-11-16/00:00:00,7.4,7.5,7.32,7.35,1114776
2021-11-17/00:00:00,7.35,7.48,7.3,7.35,2550853
2021-11-18/00:00:00,7.35,7.45,7.3,7.34,1036372
2021-11-21/00:00:00,7.34,7.4,7.3,7.32,1608183
2021-11-22/00:00:00,7.32,7.59,7.35,7.5,886936
2021-11-23/00:00:00,7.5,7.6,7.5,7.6,310598
2021-11-24/00:00:00,7.6,7.66,7.6,7.6,19625
2021-11-25/00:00:00,7.6,7.8,7.56,7.61,2079871
2021-11-28/00:00:00,7.61,7.59,7.3,7.35,47409
2021-11-29/00:00:00,7.35,7.58,7.45,7.56,60778
2021-11-30/00:00:00,7.56,7.7,7.5,7.56,352487
2021-12-01/00:00:00,7.56,7.85,7.61,7.85,83807
2021-12-02/00:00:00,7.85,8.08,7.8,8.0,195892
2021-12-05/00:00:00,8.0,8.21,7.95,8.2,1505246
2021-12-06/00:00:00,8.2,8.25,8.1,8.16,985953
2021-12-07/00:00:00,8.16,8.3,8.1,8.2,51534
2021-12-08/00:00:00,8.2,8.2,8.17,8.2,11192
2021-12-09/00:00:00,8.2,8.25,8.1,8.17,95069
2021-12-12/00:00:00,8.17,8.24,8.02,8.2,68945
2021-12-13/00:00:00,8.2,8.12,8.0,8.2,26072
2021-12-14/00:00:00,8.2,8.2,8.0,8.11,91126
2021-12-15/00:00:00,8.11,8.12,8.0,8.0,201441
2021-12-16/00:00:00,8.0,8.3,8.1,8.2,161708
2021-12-19/00:00:00,8.2,8.3,8.2,8.21,156009
2021-12-20/00:00:00,8.21,8.26,8.0,8.2,145424
2021-12-21/00:00:00,8.2,8.25,8.04,8.2,755704
2021-12-22/00:00:00,8.2,8.22,8.09,8.15,1019017
2021-12-23/00:00:00,8.15,8.2,8.1,8.18,425263
2021-12-26/00:00:00,8.18,8.48,8.1,8.42,46795
2021-12-27/00:00:00,8.42,8.7,8.31,8.35,2592441
2021-12-28/00:00:00,8.35,8.58,8.29,8.35,3661
2021-12-29/00:00:00,8.35,8.68,8.23,8.4,738151
2021-12-30/00:00:00,8.4,8.5,8.22,8.47,135932
2022-01-02/00:00:00,8.47,8.6,8.25,8.5,56625
2022-01-03/00:00:00,8.5,8.59,8.31,8.5,1882791
2022-01-04/00:00:00,8.5,8.4,8.22,8.5,6275
2022-01-05/00:00:00,8.5,8.58,8.33,8.41,256741
2022-01-09/00:00:00,8.41,8.41,8.4,8.41,1635
2022-01-10/00:00:00,8.41,8.45,8.35,8.38,154035
2022-01-11/00:00:00,8.38,8.45,8.3,8.3,641094
2022-01-12/00:00:00,8.3,8.43,8.25,8.3,1063
2022-01-13/00:00:00,8.3,8.44,8.2,8.3,317981
2022-01-16/00:00:00,8.3,8.3,8.2,8.3,50893
2022-01-17/00:00:00,8.3,8.3,8.03,8.3,8225
2022-01-18/00:00:00,8.3,8.32,8.2,8.3,6843
2022-01-19/00:00:00,8.3,8.45,8.1,8.3,278906
2022-01-20/00:00:00,8.3,8.2,8.1,8.3,3151
2022-01-23/00:00:00,8.3,8.35,8.2,8.3,1120
2022-01-24/00:00:00,8.3,8.29,8.02,8.04,49554
2022-01-25/00:00:00,8.04,8.1,8.0,8.0,649409
2022-01-26/00:00:00,8.0,8.2,7.94,8.0,301300
2022-01-30/00:00:00,8.0,8.25,7.93,8.0,1679
2022-01-31/00:00:00,8.0,8.25,7.95,8.0,1321425
2022-02-01/00:00:00,8.0,8.2,8.05,8.19,47748
2022-02-02/00:00:00,8.19,8.25,8.0,8.1,3398003
2022-02-03/00:00:00,8.1,8.18,7.95,8.0,1183425
2022-02-06/00:00:00,8.0,8.18,7.9,7.94,133651
2022-02-07/00:00:00,7.94,8.18,7.95,8.0,121424
2022-02-08/00:00:00,8.0,8.1,7.85,7.97,125034
2022-02-09/00:00:00,7.97,8.2,8.0,7.97,2167
2022-02-10/00:00:00,7.97,8.29,8.07,7.97,28216
2022-02-13/00:00:00,7.97,8.16,7.75,7.98,164986
2022-02-14/00:00:00,7.98,8.0,7.8,7.86,123993
2022-02-15/00:00:00,7.86,7.98,7.8,7.86,14338
2022-02-16/00:00:00,7.86,7.97,7.82,7.86,210291
2022-02-17/00:00:00,7.86,8.0,8.0,7.86,1
2022-02-20/00:00:00,7.86,7.98,7.8,7.88,88009
2022-02-21/00:00:00,7.88,7.96,7.8,7.95,58472
2022-02-22/00:00:00,7.95,7.96,7.71,7.71,1078418
2022-02-23/00:00:00,7.71,7.9,7.7,7.7,122621
2022-02-24/00:00:00,7.7,7.89,7.45,7.7,6442
2022-02-27/00:00:00,7.7,7.69,7.25,7.7,1260
2022-02-28/00:00:00,7.7,7.5,7.35,7.48,99117
2022-03-01/00:00:00,7.48,7.48,7.4,7.48,860104
2022-03-02/00:00:00,7.48,7.6,7.5,7.48,106
2022-03-03/00:00:00,7.48,7.68,7.47,7.6,59157
2022-03-06/00:00:00,7.6,7.78,7.4,7.41,87981
2022-03-07/00:00:00,7.41,7.79,7.35,7.41,18200
2022-03-08/00:00:00,7.41,7.35,6.95,7.0,524088
2022-03-09/00:00:00,7.0,7.16,6.75,6.81,799382
2022-03-10/00:00:00,6.81,6.99,6.7,6.8,189222
2022-03-13/00:00:00,6.8,7.0,6.75,6.84,151480
2022-03-14/00:00:00,6.84,6.8,6.75,6.76,244347
2022-03-15/00:00:00,6.76,6.9,6.7,6.7,645845
2022-03-16/00:00:00,6.7,6.8,6.65,6.69,388522
2022-03-17/00:00:00,6.69,6.7,6.55,6.6,611683
2022-03-20/00:00:00,6.6,6.85,6.6,6.6,17355
2022-03-21/00:00:00,6.6,7.0,6.56,6.6,878172
2022-03-22/00:00:00,6.6,6.8,6.63,6.68,1400092
2022-03-23/00:00:00,6.68,6.9,6.7,6.88,2164748
2022-03-24/00:00:00,6.88,7.68,6.82,7.5,4737912
2022-03-27/00:00:00,7.5,7.89,7.5,7.53,1037883
2022-03-28/00:00:00,7.53,7.8,7.33,7.4,661926
2022-03-29/00:00:00,7.4,7.65,7.3,7.5,92778
2022-03-30/00:00:00,7.5,7.8,7.51,7.6,325244
2022-03-31/00:00:00,7.6,7.6,7.15,7.51,255560
2022-04-03/00:00:00,7.51,7.6,7.5,7.51,14923
2022-04-04/00:00:00,7.51,7.59,7.4,7.51,21130
2022-04-05/00:00:00,7.51,7.51,7.3,7.51,9282
2022-04-06/00:00:00,7.51,7.5,7.4,7.51,7309
2022-04-07/00:00:00,7.51,7.47,7.2,7.51,29582
2022-04-10/00:00:00,7.51,7.49,7.27,7.51,24648
2022-04-11/00:00:00,7.51,7.47,7.2,7.51,6011
2022-04-12/00:00:00,7.51,7.42,7.25,7.4,282251
2022-04-13/00:00:00,7.4,7.48,7.4,7.4,138856
2022-04-14/00:00:00,7.4,7.48,7.25,7.4,136772
2022-04-17/00:00:00,7.4,7.48,7.3,7.31,164109
2022-04-18/00:00:00,7.31,7.46,7.26,7.4,257143
2022-04-19/00:00:00,7.4,7.7,7.4,7.55,2854098
2022-04-20/00:00:00,7.55,7.9,7.56,7.81,635295
2022-04-21/00:00:00,7.81,8.0,7.63,7.95,883712
2022-04-26/00:00:00,7.95,8.05,7.7,8.03,1612350
2022-04-27/00:00:00,8.03,8.1,7.71,8.0,1590734
2022-04-28/00:00:00,8.0,8.09,8.0,8.0,467445
2022-05-08/00:00:00,8.0,7.92,7.25,8.0,6837
2022-05-09/00:00:00,8.0,7.94,7.7,7.84,804554
2022-05-10/00:00:00,7.84,7.8,7.51,7.6,952873
2022-05-11/00:00:00,7.6,7.78,7.5,7.6,7894
2022-05-12/00:00:00,7.6,7.6,7.45,7.6,4697
2022-05-15/00:00:00,7.6,7.8,7.6,7.7,790816
2022-05-16/00:00:00,7.7,7.8,7.6,7.78,978981
2022-05-17/00:00:00,7.78,7.94,7.9,7.93,51875
2022-05-18/00:00:00,7.93,7.94,7.65,7.93,6260
2022-05-19/00:00:00,7.93,7.91,7.6,7.7,848029
2022-05-22/00:00:00,7.7,7.9,7.7,7.7,18054
2022-05-23/00:00:00,7.7,7.9,7.7,7.7,3599
2022-05-24/00:00:00,7.7,7.9,7.6,7.7,6360
2022-05-25/00:00:00,7.7,7.86,7.6,7.7,1818920
2022-05-26/00:00:00,7.7,7.7,7.6,7.7,50426
2022-05-29/00:00:00,7.7,7.7,7.5,7.7,2427
2022-05-30/00:00:00,7.7,7.75,7.51,7.7,21033
2022-05-31/00:00:00,7.7,7.8,7.69,7.69,503322
2022-06-01/00:00:00,7.69,7.66,7.6,7.6,1708644
2022-06-02/00:00:00,7.6,7.75,7.6,7.6,1207
2022-06-05/00:00:00,7.6,7.6,7.6,7.6,7066
2022-06-06/00:00:00,7.6,7.7,7.6,7.6,1154
2022-06-07/00:00:00,7.6,7.77,7.6,7.6,38354
2022-06-08/00:00:00,7.6,7.88,7.65,7.6,5187
2022-06-09/00:00:00,7.6,7.88,7.61,7.6,3307
2022-06-12/00:00:00,7.6,7.8,7.6,7.6,8958
2022-06-13/00:00:00,7.6,7.77,7.6,7.6,3978
2022-06-14/00:00:00,7.6,7.74,7.6,7.74,63488
2022-06-15/00:00:00,7.74,7.74,7.62,7.74,700
2022-06-16/00:00:00,7.74,7.7,7.61,7.61,1195527
2022-06-19/00:00:00,7.61,7.7,7.51,7.61,388
2022-06-20/00:00:00,7.61,7.7,7.5,7.5,1794991
2022-06-21/00:00:00,7.5,7.68,7.41,7.5,7850
2022-06-22/00:00:00,7.5,7.47,7.36,7.41,513148
2022-06-23/00:00:00,7.41,7.4,7.12,7.41,12926
2022-06-26/00:00:00,7.41,7.35,7.3,7.41,32056
2022-06-27/00:00:00,7.41,7.35,7.1,7.21,126263
2022-06-28/00:00:00,7.21,7.11,7.08,7.21,22208
2022-06-29/00:00:00,7.21,7.2,7.11,7.21,8852
2022-07-03/00:00:00,7.21,7.21,7.08,7.08,212004
2022-07-04/00:00:00,7.08,7.1,7.01,7.08,1226
2022-07-05/00:00:00,7.08,7.1,7.01,7.1,133575
2022-07-06/00:00:00,7.1,7.3,6.92,7.1,77134
2022-07-07/00:00:00,7.1,7.79,7.07,7.12,105336
2022-07-17/00:00:00,7.12,7.6,7.15,7.12,604
2022-07-18/00:00:00,7.12,7.59,7.21,7.4,268266
2022-07-19/00:00:00,7.4,7.69,7.5,7.51,1172244
2022-07-20/00:00:00,7.51,7.69,7.29,7.51,2158
2022-07-21/00:00:00,7.51,7.89,7.35,7.66,985992
2022-07-24/00:00:00,7.66,7.87,7.4,7.82,49482
2022-07-25/00:00:00,7.82,7.96,7.78,7.9,130054
2022-07-26/00:00:00,7.9,8.1,7.5,7.89,198236
2022-07-27/00:00:00,7.89,8.2,7.8,7.96,184259
2022-07-28/00:00:00,7.96,8.38,7.8,8.08,230959
2022-07-31/00:00:00,8.08,8.3,7.75,8.08,11840
2022-08-01/00:00:00,8.08,8.29,7.93,8.14,470513
2022-08-02/00:00:00,8.14,8.28,8.0,8.14,20174
2022-08-03/00:00:00,8.14,8.95,8.3,8.8,1323869
2022-08-04/00:00:00,8.8,9.5,8.99,9.02,1822611
2022-08-07/00:00:00,9.02,9.38,8.71,9.07,92892
2022-08-08/00:00:00,9.07,9.03,8.71,8.84,41603
2022-08-09/00:00:00,8.84,9.2,8.88,9.05,209028
2022-08-10/00:00:00,9.05,9.24,8.99,8.99,130643
2022-08-11/00:00:00,8.99,9.15,9.0,8.99,76
2022-08-14/00:00:00,8.99,8.99,8.63,8.76,92533
2022-08-15/00:00:00,8.76,8.99,8.15,8.38,106910
2022-08-16/00:00:00,8.38,9.15,8.48,8.69,64843
2022-08-17/00:00:00,8.69,9.24,8.61,9.2,547726
2022-08-18/00:00:00,9.2,9.7,9.05,9.48,191048
2022-08-21/00:00:00,9.48,10.0,9.5,9.7,929972
2022-08-22/00:00:00,9.7,9.85,9.5,9.71,3577764
2022-08-23/00:00:00,9.71,9.85,9.4,9.67,261720
2022-08-24/00:00:00,9.67,9.66,9.3,9.48,1163286
2022-08-25/00:00:00,9.48,9.73,9.3,9.5,1041322
2022-08-28/00:00:00,9.5,9.6,9.38,9.5,100162
2022-08-29/00:00:00,9.5,9.6,8.66,9.5,9226
2022-08-30/00:00:00,9.5,9.54,9.0,9.47,61777
2022-08-31/00:00:00,9.47,9.55,9.11,9.47,5965
2022-09-01/00:00:00,9.47,9.5,9.12,9.39,37556
2022-09-04/00:00:00,9.39,9.5,9.13,9.39,19542
2022-09-05/00:00:00,9.39,9.5,9.16,9.3,159175
2022-09-06/00:00:00,9.3,9.59,9.4,9.3,8079
2022-09-07/00:00:00,9.3,9.5,9.3,9.45,194221
2022-09-08/00:00:00,9.45,9.9,9.5,9.7,1134766
2022-09-11/00:00:00,9.7,9.79,9.5,9.7,3986
2022-09-12/00:00:00,9.7,9.75,9.55,9.7,7091
2022-09-13/00:00:00,9.7,9.7,9.46,9.62,657555
2022-09-14/00:00:00,9.62,9.6,9.4,9.62,9865
2022-09-15/00:00:00,9.62,9.65,9.5,9.62,1336
2022-09-18/00:00:00,9.62,9.64,9.21,9.62,18858
2022-09-19/00:00:00,9.62,9.75,9.6,9.71,355926
2022-09-20/00:00:00,9.71,9.8,9.51,9.8,202691
2022-09-21/00:00:00,9.8,9.89,9.7,9.82,104542
2022-09-22/00:00:00,9.82,9.95,9.82,9.82,298992
2022-09-25/00:00:00,9.82,9.9,9.3,9.82,2883
2022-09-26/00:00:00,9.82,9.84,9.5,9.8,1022902
2022-09-27/00:00:00,9.8,9.9,9.5,9.8,835
2022-09-28/00:00:00,9.8,9.9,9.5,9.7,523588
2022-09-29/00:00:00,9.7,9.85,9.6,9.8,394783
2022-10-02/00:00:00,9.8,9.82,9.6,9.8,7863
2022-10-03/00:00:00,9.8,9.8,9.7,9.7,1032321
2022-10-04/00:00:00,9.7,9.8,9.55,9.7,1199
2022-10-05/00:00:00,9.7,9.79,9.55,9.7,850
2022-10-09/00:00:00,9.7,9.8,9.6,9.7,17212
2022-10-10/00:00:00,9.7,9.8,9.55,9.7,53
2022-10-11/00:00:00,9.7,9.73,9.55,9.7,133
2022-10-12/00:00:00,9.7,9.8,9.0,9.7,8083
2022-10-13/00:00:00,9.7,9.4,9.0,9.7,98
2022-10-16/00:00:00,9.7,9.7,9.4,9.7,9686
2022-10-17/00:00:00,9.7,9.8,9.4,9.6,6022113
2022-10-18/00:00:00,9.6,9.79,9.45,9.6,161270
2022-10-19/00:00:00,9.6,9.8,9.4,9.72,6730838
2022-10-20/00:00:00,9.72,9.8,9.6,9.62,20001927
2022-10-23/00:00:00,9.62,9.8,9.4,9.62,2375
2022-10-24/00:00:00,9.62,9.75,9.4,9.62,1289
2022-10-25/00:00:00,9.62,9.81,9.75,9.62,7676
2022-10-26/00:00:00,9.62,9.81,9.6,9.62,241951
2022-10-27/00:00:00,9.62,10.1,9.65,10.05,82613
2022-10-30/00:00:00,10.05,10.1,10.05,10.05,25010
2022-10-31/00:00:00,10.05,10.25,9.67,10.15,10028274
2022-11-01/00:00:00,10.15,10.18,9.95,10.18,4551378
2022-11-02/00:00:00,10.18,10.2,9.61,10.18,1328
2022-11-03/00:00:00,10.18,10.49,9.9,10.2,361376
2022-11-06/00:00:00,10.2,10.5,9.02,10.2,8092
2022-11-07/00:00:00,10.2,10.74,10.15,10.51,40320
2022-11-08/00:00:00,10.51,10.76,10.51,10.63,97725
2022-11-09/00:00:00,10.63,11.68,10.5,11.5,288757
2022-11-10/00:00:00,11.5,12.37,11.0,12.2,75930
2022-11-13/00:00:00,12.2,12.5,12.0,12.02,132867
2022-11-14/00:00:00,12.02,12.4,12.0,12.33,457382
2022-11-15/00:00:00,12.33,12.8,11.0,12.75,3436712
2022-11-16/00:00:00,12.75,12.98,12.4,12.62,92290
2022-11-17/00:00:00,12.62,13.38,12.65,13.0,1740041
2022-11-20/00:00:00,13.0,13.25,12.7,13.0,16131
2022-11-21/00:00:00,13.0,12.95,12.5,12.7,2389403
2022-11-22/00:00:00,12.7,12.75,12.51,12.61,63658
2022-11-23/00:00:00,12.61,12.75,10.1,12.5,100615
2022-11-24/00:00:00,12.5,12.99,12.42,12.87,126531
2022-11-27/00:00:00,12.87,12.99,12.61,12.7,300154
2022-11-28/00:00:00,12.7,12.85,12.41,12.5,37732
2022-11-29/00:00:00,12.5,12.79,12.46,12.7,446023
2022-11-30/00:00:00,12.7,12.82,10.81,12.48,88528
2022-12-01/00:00:00,12.48,12.76,12.41,12.7,143000
2022-12-04/00:00:00,12.7,13.35,12.53,13.05,389154
2022-12-05/00:00:00,13.05,13.2,12.76,13.08,1536408
2022-12-06/00:00:00,13.08,13.14,12.5,13.08,11140
2022-12-07/00:00:00,13.08,13.25,12.76,13.18,42599
2022-12-08/00:00:00,13.18,13.2,12.5,12.87,25327
2022-12-11/00:00:00,12.87,13.0,12.4,12.44,249576
2022-12-12/00:00:00,12.44,12.7,12.4,12.41,312438
2022-12-13/00:00:00,12.41,12.69,12.4,12.53,271097
2022-12-14/00:00:00,12.53,12.74,12.42,12.69,1307815
2022-12-15/00:00:00,12.69,12.8,12.51,12.75,1355269
2022-12-18/00:00:00,12.75,12.79,12.55,12.63,343451
2022-12-19/00:00:00,12.63,12.8,12.6,12.76,84809
2022-12-20/00:00:00,12.76,13.0,12.55,12.64,256385
2022-12-21/00:00:00,12.64,12.94,12.6,12.64,3304
2022-12-22/00:00:00,12.64,15.16,12.62,13.64,1443187
2022-12-25/00:00:00,13.64,14.0,13.41,13.93,1990957
2022-12-26/00:00:00,13.93,13.99,13.5,13.52,124218
2022-12-27/00:00:00,13.52,13.9,13.35,13.5,69662
2022-12-28/00:00:00,13.5,14.28,13.51,13.67,1216695
2022-12-29/00:00:00,13.67,14.0,13.5,13.89,194718
2023-01-02/00:00:00,13.89,14.12,13.67,13.89,19028
2023-01-03/00:00:00,13.89,14.6,13.73,13.92,79055
2023-01-04/00:00:00,13.92,14.1,13.01,13.71,189231
2023-01-05/00:00:00,13.71,14.0,13.13,13.61,136683
2023-01-09/00:00:00,13.61,13.92,13.4,13.54,26672
2023-01-10/00:00:00,13.54,13.69,13.26,13.39,28872
2023-01-11/00:00:00,13.39,13.99,13.0,13.75,141643
2023-01-12/00:00:00,13.75,13.9,13.13,13.39,383920
2023-01-15/00:00:00,13.39,13.72,13.31,13.4,26558
2023-01-16/00:00:00,13.4,13.55,13.25,13.4,21285
2023-01-17/00:00:00,13.4,13.5,12.55,13.35,81307
2023-01-18/00:00:00,13.35,13.45,13.15,13.42,32754
2023-01-19/00:00:00,13.42,13.5,13.0,13.2,29248
2023-01-22/00:00:00,13.2,13.45,13.2,13.26,1248218
2023-01-23/00:00:00,13.26,13.5,13.2,13.45,820088
2023-01-24/00:00:00,13.45,13.5,13.23,13.47,56536
2023-01-25/00:00:00,13.47,14.5,13.37,14.5,674000
2023-01-29/00:00:00,14.5,14.75,14.3,14.62,260716
2023-01-30/00:00:00,14.62,15.2,14.57,15.02,518664
2023-01-31/00:00:00,15.02,15.08,14.8,14.96,279834
2023-02-01/00:00:00,14.96,15.1,14.7,15.1,707792
2023-02-02/00:00:00,15.1,16.98,14.75,16.76,442210
2023-02-05/00:00:00,16.76,16.7,16.16,16.61,159718
2023-02-06/00:00:00,16.61,16.7,15.23,16.61,14718
2023-02-07/00:00:00,16.61,17.13,16.0,17.02,474360
2023-02-08/00:00:00,17.02,17.2,16.5,16.99,839152
2023-02-09/00:00:00,16.99,17.5,16.65,17.28,1956028
2023-02-12/00:00:00,17.28,17.5,17.01,17.31,32769
2023-02-13/00:00:00,17.31,17.5,17.0,17.46,963644
2023-02-14/00:00:00,17.46,17.7,17.47,17.52,303708
2023-02-15/00:00:00,17.52,17.8,17.52,17.8,193891
2023-02-16/00:00:00,17.8,17.9,17.5,17.55,815257
2023-02-19/00:00:00,17.55,17.79,16.8,16.88,39938
2023-02-20/00:00:00,16.88,17.5,15.8,16.68,24051
2023-02-21/00:00:00,16.68,16.75,16.0,16.4,835318
2023-02-22/00:00:00,16.4,17.0,16.4,16.4,9556
2023-02-23/00:00:00,16.4,16.8,16.1,16.4,6739
2023-02-26/00:00:00,16.4,16.75,16.13,16.4,7000
2023-02-27/00:00:00,16.4,16.8,16.21,16.45,18225
2023-02-28/00:00:00,16.45,16.75,16.05,16.45,8165
2023-03-01/00:00:00,16.45,16.7,16.01,16.35,925831
2023-03-02/00:00:00,16.35,16.5,15.52,15.99,37595
2023-03-05/00:00:00,15.99,16.35,14.22,15.99,12201
2023-03-06/00:00:00,15.99,16.23,15.5,15.99,14921
2023-03-07/00:00:00,15.99,16.15,15.0,15.36,42381
2023-03-08/00:00:00,15.36,15.39,14.51,14.77,178806
2023-03-09/00:00:00,14.77,14.8,14.0,14.37,489222
2023-03-12/00:00:00,14.37,15.0,13.11,13.99,70334
2023-03-13/00:00:00,13.99,14.4,13.8,14.05,191062
2023-03-14/00:00:00,14.05,14.69,13.91,14.01,1333866
2023-03-15/00:00:00,14.01,14.3,13.5,13.86,1413229
2023-03-16/00:00:00,13.86,14.0,13.05,13.8,13508245
2023-03-19/00:00:00,13.8,15.0,13.8,14.24,104212
2023-03-20/00:00:00,14.24,14.89,14.26,14.57,29495
2023-03-21/00:00:00,14.57,15.0,14.5,14.79,1020971
2023-03-22/00:00:00,14.79,17.5,14.02,14.6,441588
2023-03-23/00:00:00,14.6,15.95,14.45,15.02,38777
2023-03-26/00:00:00,15.02,15.93,14.51,14.93,258067
2023-03-27/00:00:00,14.93,15.5,14.5,14.95,95898
2023-03-28/00:00:00,14.95,14.98,14.7,14.74,419608
2023-03-29/00:00:00,14.74,15.0,14.5,14.54,92912
2023-03-30/00:00:00,14.54,14.84,14.51,14.53,24766
2023-04-02/00:00:00,14.53,15.2,14.53,14.99,76181
2023-04-03/00:00:00,14.99,15.23,14.85,15.0,1005889
2023-04-04/00:00:00,15.0,15.09,14.54,14.81,40481
2023-04-05/00:00:00,14.81,15.1,14.56,14.91,46353
2023-04-06/00:00:00,14.91,15.1,14.46,14.54,378720
2023-04-09/00:00:00,14.54,15.0,14.5,14.52,76005
2023-04-10/00:00:00,14.52,14.9,14.6,14.83,57933
2023-04-11/00:00:00,14.83,14.9,14.48,14.5,471787
2023-04-12/00:00:00,14.5,14.89,14.51,14.57,41775
2023-04-13/00:00:00,14.57,14.85,14.57,14.8,409015
2023-04-18/00:00:00,14.8,15.75,14.8,15.34,576883
2023-04-19/00:00:00,15.34,16.0,15.12,16.0,1246975
2023-04-26/00:00:00,16.0,16.2,15.55,16.08,1071608
2023-04-27/00:00:00,16.08,17.2,16.0,16.6,218148
2023-04-30/00:00:00,16.6,16.95,15.55,15.97,127251
2023-05-01/00:00:00,15.97,16.45,15.5,15.59,51606
2023-05-02/00:00:00,15.59,16.0,15.0,15.59,96601
2023-05-03/00:00:00,15.59,15.8,15.48,15.5,102894
2023-05-07/00:00:00,15.5,15.8,15.01,15.64,116126
2023-05-08/00:00:00,15.64,15.99,15.52,15.69,623790
2023-05-09/00:00:00,15.69,15.99,15.5,15.52,218813
2023-05-10/00:00:00,15.52,15.9,15.4,15.5,231573
2023-05-11/00:00:00,15.5,15.87,15.39,15.42,295457
2023-05-14/00:00:00,15.42,15.74,15.4,15.69,123965
2023-05-15/00:00:00,15.69,15.48,15.01,15.39,152371
2023-05-16/00:00:00,15.39,15.4,15.1,15.3,199246
2023-05-17/00:00:00,15.3,15.55,15.05,15.3,233042
2023-05-18/00:00:00,15.3,15.48,15.06,15.23,44510
2023-05-21/00:00:00,15.23,15.63,15.1,15.55,64643
2023-05-22/00:00:00,15.55,15.95,15.6,15.84,202247
2023-05-23/00:00:00,15.84,15.9,15.65,15.85,52266
2023-05-24/00:00:00,15.85,16.06,15.6,15.98,911805
2023-05-25/00:00:00,15.98,16.95,16.05,16.6,88175
2023-05-28/00:00:00,16.6,19.0,16.6,18.48,530900
2023-05-29/00:00:00,18.48,18.9,18.0,18.61,467333
2023-05-30/00:00:00,18.61,19.28,18.61,18.89,1095514
2023-05-31/00:00:00,18.89,19.1,18.4,18.83,2273981
2023-06-01/00:00:00,18.83,18.85,18.02,18.37,327420
2023-06-04/00:00:00,18.37,18.67,18.35,18.41,51369
2023-06-05/00:00:00,18.41,18.44,17.5,17.83,29200
2023-06-06/00:00:00,17.83,18.4,17.56,17.94,47671
2023-06-07/00:00:00,17.94,18.0,17.55,17.8,2168717
2023-06-08/00:00:00,17.8,18.0,17.2,17.47,196290
2023-06-11/00:00:00,17.47,18.0,17.05,17.12,95118
2023-06-12/00:00:00,17.12,17.75,17.16,17.12,16601
2023-06-13/00:00:00,17.12,17.95,17.2,17.39,1337468
2023-06-14/00:00:00,17.39,17.93,17.41,17.6,1922855
2023-06-15/00:00:00,17.6,18.0,17.5,17.81,88340
2023-06-18/00:00:00,17.81,18.0,17.61,17.88,17345
2023-06-19/00:00:00,17.88,18.33,17.75,18.12,1021473
2023-06-20/00:00:00,18.12,18.5,18.11,18.33,470723
2023-06-21/00:00:00,18.33,18.5,18.21,18.4,170816
2023-06-22/00:00:00,18.4,18.65,18.2,18.55,364251
2023-06-25/00:00:00,18.55,18.6,18.12,18.55,11027
2023-06-26/00:00:00,18.55,18.48,18.04,18.3,92840
2023-07-04/00:00:00,18.3,18.48,18.29,18.4,194224
2023-07-05/00:00:00,18.4,18.6,18.35,18.4,14750
2023-07-06/00:00:00,18.4,18.7,18.5,18.64,34447
2023-07-09/00:00:00,18.64,18.68,18.04,18.42,392229
2023-07-10/00:00:00,18.42,18.45,17.5,18.42,14230
2023-07-11/00:00:00,18.42,18.7,18.01,18.52,75438
2023-07-12/00:00:00,18.52,18.69,18.44,18.58,30583
2023-07-13/00:00:00,18.58,19.0,18.15,18.5,300635
2023-07-16/00:00:00,18.5,18.88,18.31,18.41,22722
2023-07-17/00:00:00,18.41,18.57,18.35,18.41,32528
2023-07-18/00:00:00,18.41,18.6,18.35,18.46,494084
2023-07-19/00:00:00,18.46,18.65,18.38,18.59,797406
2023-07-24/00:00:00,18.59,18.69,18.42,18.6,38273
2023-07-25/00:00:00,18.6,18.97,18.55,18.8,1720241
2023-07-26/00:00:00,18.8,18.99,18.75,18.8,13611
2023-07-27/00:00:00,18.8,18.8,18.3,18.8,13501
2023-07-30/00:00:00,18.8,18.98,18.4,18.8,364291
2023-07-31/00:00:00,18.8,18.91,18.55,18.89,177613
2023-08-01/00:00:00,18.89,19.05,18.64,19.0,80356
2023-08-02/00:00:00,19.0,19.5,18.75,19.22,224371
2023-08-03/00:00:00,19.22,19.55,19.0,19.5,282181
2023-08-06/00:00:00,19.5,20.19,19.5,19.85,200808
2023-08-07/00:00:00,19.85,20.2,19.5,19.68,22065
2023-08-08/00:00:00,19.68,20.0,19.0,19.46,44848
2023-08-09/00:00:00,19.46,19.8,19.11,19.35,58577
2023-08-10/00:00:00,19.35,19.6,19.3,19.35,899503
2023-08-13/00:00:00,19.35,19.57,19.35,19.38,16769
2023-08-14/00:00:00,19.38,19.5,19.3,19.4,480990
2023-08-15/00:00:00,19.4,19.79,19.4,19.73,44636
2023-08-16/00:00:00,19.73,19.99,19.6,19.93,34005
2023-08-17/00:00:00,19.93,19.95,19.55,19.56,36409
2023-08-20/00:00:00,19.56,20.19,19.65,19.92,37429
2023-08-21/00:00:00,19.92,20.5,19.95,20.31,256472
2023-08-22/00:00:00,20.31,21.5,20.3,21.48,323460
2023-08-23/00:00:00,21.48,21.88,20.5,20.5,1242125
2023-08-24/00:00:00,20.5,21.5,20.6,21.0,535811
2023-08-27/00:00:00,21.0,21.8,20.9,21.19,610500
2023-08-28/00:00:00,21.19,21.75,21.05,21.23,20511
2023-08-29/00:00:00,21.23,21.5,20.71,20.76,172988
2023-08-30/00:00:00,20.76,21.84,20.76,21.21,1360115
2023-08-31/00:00:00,21.21,21.75,20.9,21.08,399937
2023-09-03/00:00:00,21.08,21.45,21.0,21.01,99360
2023-09-04/00:00:00,21.01,21.3,20.91,21.1,313626
2023-09-05/00:00:00,21.1,21.5,20.85,21.39,681002
2023-09-06/00:00:00,21.39,21.43,21.0,21.24,17217
2023-09-07/00:00:00,21.24,21.4,21.11,21.24,7853
2023-09-10/00:00:00,21.24,21.4,21.0,21.01,96187
2023-09-11/00:00:00,21.01,21.3,20.61,20.75,1842821
2023-09-12/00:00:00,20.75,21.12,20.75,20.98,15612
2023-09-13/00:00:00,20.98,21.15,20.7,20.81,1270889
2023-09-14/00:00:00,20.81,21.0,20.7,20.71,465000
2023-09-17/00:00:00,20.71,20.99,20.66,20.7,208490
2023-09-18/00:00:00,20.7,20.9,20.5,20.53,595874
2023-09-19/00:00:00,20.53,20.74,20.51,20.6,922674
2023-09-20/00:00:00,20.6,20.74,19.9,20.01,587095
2023-09-21/00:00:00,20.01,20.5,19.9,20.0,47960
2023-09-24/00:00:00,20.0,20.34,19.9,19.95,271032
2023-09-25/00:00:00,19.95,20.65,20.0,20.0,184391
2023-09-26/00:00:00,20.0,20.3,19.98,20.0,768714
2023-09-27/00:00:00,20.0,20.25,20.0,20.22,47516
2023-10-01/00:00:00,20.22,20.59,20.03,20.44,31061
2023-10-02/00:00:00,20.44,20.7,19.8,20.0,679166
2023-10-03/00:00:00,20.0,20.44,20.0,20.0,11093
2023-10-04/00:00:00,20.0,20.29,19.8,19.88,811782
2023-10-08/00:00:00,19.88,20.3,19.51,19.66,72189
2023-10-09/00:00:00,19.66,20.1,19.55,20.0,93081
2023-10-10/00:00:00,20.0,20.34,20.0,20.3,269174
2023-10-11/00:00:00,20.3,20.8,20.11,20.64,68312
2023-10-12/00:00:00,20.64,24.0,20.7,21.98,834855
2023-10-15/00:00:00,21.98,26.0,22.02,23.0,968572
2023-10-16/00:00:00,23.0,24.8,23.06,23.5,416227
2023-10-17/00:00:00,23.5,24.25,23.51,23.97,894449
2023-10-18/00:00:00,23.97,24.2,23.66,24.0,1246881
2023-10-19/00:00:00,24.0,24.79,23.7,23.75,156399
2023-10-22/00:00:00,23.75,24.43,23.71,23.96,60769
2023-10-23/00:00:00,23.96,27.0,24.0,25.81,116708
2023-10-24/00:00:00,25.81,26.8,25.0,25.41,50863
2023-10-25/00:00:00,25.41,27.77,25.7,27.42,114460
2023-10-26/00:00:00,27.42,27.5,26.0,26.77,35095
2023-10-29/00:00:00,26.77,27.0,26.51,26.78,32540
2023-10-30/00:00:00,26.78,27.5,26.78,27.0,1356267
2023-10-31/00:00:00,27.0,28.0,26.8,26.99,3869390
2023-11-01/00:00:00,26.99,28.0,26.0,26.46,137632
2023-11-02/00:00:00,26.46,26.99,26.05,26.5,1042787
2023-11-05/00:00:00,26.5,27.97,26.71,27.54,21133
2023-11-06/00:00:00,27.54,29.5,27.2,28.5,140206
2023-11-07/00:00:00,28.5,28.99,27.5,28.12,206334
2023-11-08/00:00:00,28.12,29.1,27.5,29.0,125922
2023-11-09/00:00:00,29.0,33.65,28.9,30.0,994589
2023-11-12/00:00:00,30.0,31.99,25.59,29.7,179840
2023-11-13/00:00:00,29.7,30.97,29.0,29.5,279250
2023-11-14/00:00:00,29.5,30.0,28.72,29.11,80548
2023-11-15/00:00:00,29.11,30.0,29.0,29.5,546310
2023-11-16/00:00:00,29.5,29.8,29.3,29.64,529163
2023-11-19/00:00:00,29.64,29.75,29.45,29.55,49532
2023-11-20/00:00:00,29.55,29.65,29.25,29.35,192144
2023-11-21/00:00:00,29.35,29.5,28.0,29.09,73639
2023-11-22/00:00:00,29.09,29.58,29.01,29.23,142821
2023-11-23/00:00:00,29.23,31.0,29.2,30.0,3065973
2023-11-26/00:00:00,30.0,30.49,29.5,30.0,842057
2023-11-27/00:00:00,30.0,30.5,29.0,29.19,4028886
2023-11-28/00:00:00,29.19,29.7,29.22,29.46,1428929
2023-11-29/00:00:00,29.46,29.6,28.54,29.36,2565687
2023-11-30/00:00:00,29.36,29.79,29.01,29.5,313942
2023-12-03/00:00:00,29.5,29.39,28.3,28.57,72618
2023-12-04/00:00:00,28.57,29.3,28.62,29.0,1038932
2023-12-05/00:00:00,29.0,29.3,28.75,28.91,36502
2023-12-06/00:00:00,28.91,29.5,28.65,29.3,1438382
2023-12-07/00:00:00,29.3,30.5,28.63,30.0,999929
2023-12-10/00:00:00,30.0,30.25,29.0,29.52,27541
2023-12-11/00:00:00,29.52,29.9,29.05,29.66,27319
2023-12-12/00:00:00,29.66,33.0,29.5,31.02,930907
2023-12-13/00:00:00,31.02,32.0,30.0,31.4,802094
2023-12-14/00:00:00,31.4,33.5,31.1,33.05,748846
2023-12-17/00:00:00,33.05,34.8,34.0,34.43,52266
2023-12-18/00:00:00,34.43,35.9,34.03,34.86,93606
2023-12-19/00:00:00,34.86,35.5,33.11,34.56,25651
2023-12-20/00:00:00,34.56,34.5,33.0,33.45,26471
2023-12-21/00:00:00,33.45,34.5,31.0,32.0,179211
2023-12-24/00:00:00,32.0,34.7,32.0,32.87,132924
2023-12-25/00:00:00,32.87,33.5,31.1,31.99,70572
2023-12-26/00:00:00,31.99,33.0,31.61,32.1,22151
2023-12-27/00:00:00,32.1,33.0,31.86,31.97,31192
2023-12-28/00:00:00,31.97,32.0,26.3,31.7,55041
2023-12-31/00:00:00,31.7,32.0,30.13,31.18,45531
2024-01-02/00:00:00,31.18,31.99,31.31,31.86,18218
2024-01-03/00:00:00,31.86,32.0,31.5,31.96,68148
2024-01-04/00:00:00,31.96,32.0,31.58,32.0,54373
2024-01-08/00:00:00,32.0,32.6,31.6,32.58,194357
2024-01-09/00:00:00,32.58,32.6,32.01,32.38,255440
2024-01-10/00:00:00,32.38,32.9,32.06,32.54,234757
2024-01-11/00:00:00,32.54,32.99,32.11,32.7,32878
2024-01-14/00:00:00,32.7,33.0,32.69,32.87,30721
2024-01-15/00:00:00,32.87,33.48,32.8,33.31,106224
2024-01-16/00:00:00,33.31,33.47,33.0,33.22,195183
2024-01-17/00:00:00,33.22,33.48,32.4,32.55,106143
2024-01-18/00:00:00,32.55,33.0,32.51,32.68,134642
2024-01-21/00:00:00,32.68,32.99,32.0,32.01,209760
2024-01-22/00:00:00,32.01,32.94,32.2,32.24,67002
2024-01-23/00:00:00,32.24,32.6,31.9,32.13,43857
2024-01-24/00:00:00,32.13,32.4,31.75,31.84,102430
2024-01-28/00:00:00,31.84,32.2,30.19,31.39,273188
2024-01-29/00:00:00,31.39,31.95,31.36,31.55,144859
2024-01-30/00:00:00,31.55,31.88,30.9,31.26,319082
2024-01-31/00:00:00,31.26,32.0,25.02,30.0,917042
2024-02-01/00:00:00,30.0,32.0,27.0,31.0,139604
2024-02-04/00:00:00,31.0,31.99,30.67,31.01,52328
2024-02-05/00:00:00,31.01,32.64,31.5,32.49,201055
2024-02-06/00:00:00,32.49,33.99,32.21,33.01,340875
2024-02-07/00:00:00,33.01,33.6,32.8,33.3,638740
2024-02-08/00:00:00,33.3,33.7,32.8,33.5,81769
2024-02-11/00:00:00,33.5,33.5,33.0,33.31,112201
2024-02-12/00:00:00,33.31,33.31,30.0,32.21,53027
2024-02-13/00:00:00,32.21,37.25,31.78,35.5,375586
2024-02-14/00:00:00,35.5,36.89,33.51,35.4,770190
2024-02-15/00:00:00,35.4,35.97,34.5,35.06,49738
2024-02-18/00:00:00,35.06,36.6,35.19,36.07,91335
2024-02-19/00:00:00,36.07,36.93,35.45,35.69,87795
2024-02-20/00:00:00,35.69,36.5,35.0,36.03,103978
2024-02-21/00:00:00,36.03,36.58,35.5,36.23,56788
2024-02-22/00:00:00,36.23,37.5,35.54,35.88,708417
2024-02-25/00:00:00,35.88,43.05,34.0,43.05,708585
2024-02-26/00:00:00,43.05,49.98,34.61,40.87,1041630
2024-02-27/00:00:00,40.87,43.0,39.2,39.39,425363
2024-02-28/00:00:00,39.39,39.39,37.48,37.57,95879
2024-02-29/00:00:00,37.57,39.7,35.8,38.0,318049
2024-03-03/00:00:00,38.0,39.39,36.51,37.53,109581
2024-03-04/00:00:00,37.53,39.0,36.56,37.0,215413
2024-03-05/00:00:00,37.0,38.0,36.07,36.36,245500
2024-03-06/00:00:00,36.36,37.4,33.2,34.31,436065
2024-03-07/00:00:00,34.31,36.0,33.71,34.99,822829
2024-03-10/00:00:00,34.99,35.99,34.5,34.99,284920
2024-03-11/00:00:00,34.99,35.99,34.9,35.03,670415
2024-03-12/00:00:00,35.03,41.17,31.5,37.5,1265979
2024-03-13/00:00:00,37.5,38.0,33.8,34.88,157450
2024-03-14/00:00:00,34.88,37.0,30.01,36.63,216354
2024-03-17/00:00:00,36.63,38.2,35.01,36.0,166724
2024-03-18/00:00:00,36.0,35.9,32.0,33.44,146347
2024-03-19/00:00:00,33.44,33.5,32.0,33.0,696718
2024-03-20/00:00:00,33.0,34.45,32.51,32.7,175003
2024-03-21/00:00:00,32.7,33.55,31.0,31.07,179747
2024-03-24/00:00:00,31.07,32.39,30.05,31.57,698459
2024-03-25/00:00:00,31.57,32.8,32.0,32.48,1484911
2024-03-26/00:00:00,32.48,35.5,33.5,33.99,147112
2024-03-27/00:00:00,33.99,34.0,32.6,32.92,109698
2024-03-28/00:00:00,32.92,33.7,31.7,31.98,98457
2024-03-31/00:00:00,31.98,33.99,30.6,30.82,93936
2024-04-01/00:00:00,30.82,32.74,31.02,31.74,94862
2024-04-02/00:00:00,31.74,33.5,31.56,31.76,127539
2024-04-03/00:00:00,31.76,32.48,31.41,31.81,172346
2024-04-04/00:00:00,31.81,32.75,32.0,32.44,724714
2024-04-07/00:00:00,32.44,32.95,31.0,31.36,391251
2024-04-08/00:00:00,31.36,32.5,31.5,32.04,397860
2024-04-15/00:00:00,32.04,33.0,32.0,32.4,791491
2024-04-16/00:00:00,32.4,32.95,32.09,32.3,193042
2024-04-17/00:00:00,32.3,32.7,31.9,32.01,816194
2024-04-18/00:00:00,32.01,32.39,30.0,31.16,113773
2024-04-21/00:00:00,31.16,32.48,31.12,31.31,32777
2024-04-22/00:00:00,31.31,31.31,30.84,30.95,22876
2024-04-23/00:00:00,30.95,33.7,27.0,30.0,1487764
2024-04-24/00:00:00,30.0,30.8,28.0,29.01,91618
2024-04-28/00:00:00,29.01,30.0,26.21,26.76,66772
2024-04-29/00:00:00,26.76,29.35,26.76,29.0,360034
2024-04-30/00:00:00,29.0,30.0,27.3,27.75,1158161
2024-05-01/00:00:00,27.75,28.8,26.02,27.55,122072
2024-05-02/00:00:00,27.55,29.0,27.18,28.45,46964
2024-05-07/00:00:00,28.45,29.0,28.11,28.58,75009
2024-05-08/00:00:00,28.58,28.99,28.0,28.1,280671
2024-05-09/00:00:00,28.1,28.28,27.8,28.08,2025178
2024-05-12/00:00:00,28.08,28.5,27.06,27.65,30854
2024-05-13/00:00:00,27.65,27.69,26.15,27.03,1174800
2024-05-14/00:00:00,27.03,28.25,27.0,27.3,239672
2024-05-15/00:00:00,27.3,27.77,27.25,27.39,20117
2024-05-16/00:00:00,27.39,28.97,26.27,28.19,77064
2024-05-19/00:00:00,28.19,28.55,27.85,28.1,183003
2024-05-20/00:00:00,28.1,28.49,28.01,28.13,393694
2024-05-21/00:00:00,28.13,29.49,27.06,28.5,1213031
2024-05-22/00:00:00,28.5,31.9,28.51,30.5,26101647
2024-05-23/00:00:00,30.5,30.85,29.65,29.97,179377
2024-05-26/00:00:00,29.97,30.3,29.2,29.39,108567
2024-05-27/00:00:00,29.39,30.85,29.02,30.2,742611
2024-05-28/00:00:00,30.2,30.37,29.3,30.23,391955
2024-05-29/00:00:00,30.23,30.25,29.5,29.59,85927
2024-05-30/00:00:00,29.59,29.78,28.9,29.03,265268
2024-06-02/00:00:00,29.03,29.49,28.0,28.15,84619
2024-06-03/00:00:00,28.15,28.8,28.26,28.51,82809
2024-06-04/00:00:00,28.51,29.99,28.5,28.86,387720
2024-06-05/00:00:00,28.86,29.4,28.25,28.89,60560
2024-06-06/00:00:00,28.89,29.48,28.71,28.8,538879
2024-06-09/00:00:00,28.8,29.13,27.13,27.75,112725
2024-06-10/00:00:00,27.75,28.1,27.6,27.79,21449
2024-06-11/00:00:00,27.79,29.2,27.91,28.98,440317
2024-06-12/00:00:00,28.98,29.65,28.32,29.01,426079
2024-06-13/00:00:00,29.01,29.65,28.52,29.5,686805
2024-06-23/00:00:00,29.5,29.6,29.0,29.48,476195
2024-06-24/00:00:00,29.48,29.8,29.0,29.58,464404
2024-06-25/00:00:00,29.58,29.9,29.12,29.6,479401
2024-06-26/00:00:00,29.6,30.39,29.62,30.15,84127
2024-06-27/00:00:00,30.15,30.3,29.57,29.74,62470
2024-07-01/00:00:00,29.74,30.33,29.75,30.03,131130
2024-07-02/00:00:00,30.03,30.26,29.76,29.8,251283
2024-07-03/00:00:00,29.8,30.15,29.1,29.11,265477
2024-07-04/00:00:00,29.11,29.99,29.2,29.43,74761
2024-07-07/00:00:00,29.43,29.9,29.2,29.28,199770
2024-07-08/00:00:00,29.28,29.7,29.03,29.25,100688
2024-07-09/00:00:00,29.25,29.49,29.0,29.11,422351
2024-07-10/00:00:00,29.11,29.7,29.0,29.0,104882
2024-07-14/00:00:00,29.0,29.58,28.8,28.91,442266
2024-07-15/00:00:00,28.91,29.39,28.7,29.0,36767
2024-07-16/00:00:00,29.0,29.3,29.0,29.13,1105379
2024-07-17/00:00:00,29.13,29.75,29.2,29.39,257976
2024-07-18/00:00:00,29.39,29.7,29.32,29.47,1663547
2024-07-21/00:00:00,29.47,29.7,29.3,29.46,55858
2024-07-22/00:00:00,29.46,29.75,29.3,29.48,1018274
2024-07-23/00:00:00,29.48,29.59,29.24,29.31,307794
2024-07-24/00:00:00,29.31,29.69,29.35,29.46,136605
2024-07-28/00:00:00,29.46,29.65,29.34,29.4,325744
2024-07-29/00:00:00,29.4,29.49,29.3,29.38,640749
2024-07-30/00:00:00,29.38,29.69,29.3,29.42,1283793
2024-07-31/00:00:00,29.42,29.6,29.2,29.38,125417
2024-08-01/00:00:00,29.38,29.8,29.3,29.5,1096726
2024-08-04/00:00:00,29.5,29.48,28.8,28.96,158575
2024-08-05/00:00:00,28.96,29.1,28.0,28.5,214945
2024-08-06/00:00:00,28.5,29.0,28.5,28.9,45916
2024-08-07/00:00:00,28.9,29.47,28.85,29.22,367153
2024-08-08/00:00:00,29.22,29.44,28.91,29.37,997628
2024-08-11/00:00:00,29.37,29.74,29.1,29.17,195486
2024-08-12/00:00:00,29.17,29.49,29.25,29.35,1309576
2024-08-13/00:00:00,29.35,30.99,29.3,29.4,495612
2024-08-14/00:00:00,29.4,31.0,27.9,28.66,2575544
2024-08-15/00:00:00,28.66,28.97,27.2,27.46,2528856
2024-08-18/00:00:00,27.46,28.18,27.51,27.8,849611
2024-08-19/00:00:00,27.8,28.08,27.4,27.5,5193537
2024-08-20/00:00:00,27.5,27.94,27.55,27.64,246764
2024-08-21/00:00:00,27.64,27.85,27.5,27.6,1917031
2024-08-22/00:00:00,27.6,27.95,27.52,27.53,170198
2024-08-25/00:00:00,27.53,27.69,27.52,27.59,166028
2024-08-26/00:00:00,27.59,27.9,27.5,27.51,522284
2024-08-27/00:00:00,27.51,27.64,27.5,27.5,567677
2024-08-27/00:00:00,27.51,27.64,27.5,27.5,567677
2024-08-28/00:00:00,27.5,27.69,27.45,27.5,1074085
2024-08-29/00:00:00,27.5,27.69,27.55,27.67,998559
2024-09-01/00:00:00,27.67,27.7,27.6,27.65,217578
2024-09-02/00:00:00,27.65,27.69,27.5,27.52,259755
2024-09-03/00:00:00,27.52,27.64,27.52,27.61,127505
2024-09-04/00:00:00,27.61,28.99,27.5,28.99,805020
2024-09-05/00:00:00,28.99,28.99,27.7,27.91,1069887
2024-09-08/00:00:00,27.91,27.99,27.32,27.55,250978
2024-09-09/00:00:00,27.55,27.79,27.5,27.51,145207
2024-09-10/00:00:00,27.51,28.48,27.5,28.21,7041817
2024-09-11/00:00:00,28.21,28.97,27.71,28.73,603732
2024-09-12/00:00:00,28.73,28.73,27.8,27.89,326704
2024-09-16/00:00:00,27.89,28.22,27.89,28.03,129996
2024-09-17/00:00:00,28.03,28.05,27.89,27.93,79847
2024-09-18/00:00:00,27.93,28.49,27.87,28.24,133613
2024-09-19/00:00:00,28.24,28.45,28.02,28.14,227880
2024-09-22/00:00:00,28.14,28.29,28.1,28.14,69891
2024-09-23/00:00:00,28.14,28.42,27.9,28.0,1000061
2024-09-24/00:00:00,28.0,28.19,27.89,27.92,436341
2024-09-25/00:00:00,27.92,28.1,27.85,27.88,335100
2024-09-26/00:00:00,27.88,28.86,27.91,27.95,1300692
2024-09-29/00:00:00,27.95,28.53,27.95,28.5,300266
2024-09-30/00:00:00,28.5,28.62,28.12,28.2,264695
2024-10-01/00:00:00,28.2,29.7,28.09,29.7,1311174
2024-10-02/00:00:00,29.7,29.68,28.25,29.0,655050
2024-10-03/00:00:00,29.0,29.8,28.8,29.4,997261
2024-10-07/00:00:00,29.4,29.93,29.25,29.37,423562
2024-10-08/00:00:00,29.37,31.5,29.25,30.17,4269517
2024-10-09/00:00:00,30.17,30.55,29.81,30.51,599080
2024-10-10/00:00:00,30.51,33.4,29.63,29.99,4815455
2024-10-13/00:00:00,29.99,30.8,26.15,27.87,1372808
2024-10-14/00:00:00,27.87,28.9,27.5,28.0,1503839
2024-10-15/00:00:00,28.0,30.19,28.01,30.0,2843700
2024-10-16/00:00:00,30.0,36.0,29.99,30.4,8361303
2024-10-17/00:00:00,30.4,32.2,29.05,29.55,4744856
2024-10-20/00:00:00,29.55,30.2,29.0,29.08,1098884
2024-10-21/00:00:00,29.08,33.19,28.16,32.8,2626253
2024-10-22/00:00:00,32.8,32.99,30.0,31.82,908015
2024-10-23/00:00:00,31.82,32.0,30.81,31.0,528579
2024-10-24/00:00:00,31.0,31.5,30.61,31.0,285206
2024-10-27/00:00:00,31.0,31.5,30.75,30.89,160213
2024-10-28/00:00:00,30.89,31.2,30.51,30.54,204270
2024-10-29/00:00:00,30.54,30.89,30.02,30.15,274490
2024-10-30/00:00:00,30.15,31.88,30.05,30.5,1061093
2024-10-31/00:00:00,30.5,31.0,30.33,30.43,156129
2024-11-03/00:00:00,30.43,31.0,30.36,30.4,154750
2024-11-04/00:00:00,30.4,30.6,30.11,30.14,280404
2024-11-05/00:00:00,30.14,30.48,30.02,30.13,129225
2024-11-06/00:00:00,30.13,31.75,30.3,31.64,377605
2024-11-07/00:00:00,31.64,31.69,31.0,31.01,756410
2024-11-10/00:00:00,31.01,31.69,31.1,31.33,118426
2024-11-11/00:00:00,31.33,31.48,31.1,31.31,220877
2024-11-12/00:00:00,31.31,31.44,30.83,30.95,3795338
2024-11-13/00:00:00,30.95,31.2,30.03,30.5,738668
2024-11-14/00:00:00,30.5,30.8,30.26,30.53,686604
2024-11-17/00:00:00,30.53,30.6,29.7,29.8,359633
2024-11-18/00:00:00,29.8,30.16,28.9,29.03,180466
2024-11-19/00:00:00,29.03,29.88,29.05,29.77,1365086
2024-11-20/00:00:00,29.77,30.45,29.71,29.85,434253
2024-11-21/00:00:00,29.85,30.0,29.5,29.51,101225
2024-11-24/00:00:00,29.51,29.94,29.1,29.29,138880
2024-11-25/00:00:00,29.29,29.4,28.7,29.06,190070
2024-11-26/00:00:00,29.06,29.07,28.37,28.4,1562115
2024-11-27/00:00:00,28.4,28.5,27.81,28.04,201138
2024-11-28/00:00:00,28.04,28.5,27.9,28.46,87502
2024-12-01/00:00:00,28.46,28.49,28.21,28.39,93268
2024-12-02/00:00:00,28.39,28.49,28.13,28.27,248900
2024-12-03/00:00:00,28.27,29.9,28.2,29.36,3139686
2024-12-04/00:00:00,29.36,29.59,28.5,28.97,167405
2024-12-05/00:00:00,28.97,29.18,29.0,29.01,109596
2024-12-08/00:00:00,29.01,29.1,28.8,28.93,166052
2024-12-09/00:00:00,28.93,29.05,28.83,28.88,130684
2024-12-10/00:00:00,28.88,29.1,28.71,29.01,814930
2024-12-11/00:00:00,29.01,29.1,28.8,28.87,70045
2024-12-12/00:00:00,28.87,29.09,28.73,28.9,386833
2024-12-15/00:00:00,28.9,28.99,28.61,28.77,139292
2024-12-16/00:00:00,28.77,29.0,28.03,28.49,512893
2024-12-17/00:00:00,28.49,28.79,27.8,27.94,90435
2024-12-18/00:00:00,27.94,28.05,27.0,27.15,1430190
2024-12-19/00:00:00,27.15,28.3,27.01,28.15,176891
2024-12-22/00:00:00,28.15,28.5,27.71,27.87,55638
2024-12-23/00:00:00,27.87,28.0,27.15,27.65,127441
2024-12-24/00:00:00,27.65,28.0,27.2,27.53,52290
2024-12-25/00:00:00,27.53,27.98,27.36,27.54,84910
2024-12-26/00:00:00,27.54,27.87,27.4,27.5,31873
2024-12-29/00:00:00,27.5,27.7,27.04,27.11,149439
2024-12-30/00:00:00,27.11,27.37,26.75,26.81,143824
2024-12-31/00:00:00,26.81,27.25,26.35,27.07,67112
2025-01-02/00:00:00,27.07,28.27,26.9,28.09,102246
2025-01-05/00:00:00,28.09,28.75,28.05,28.41,83172
2025-01-06/00:00:00,28.41,28.6,28.1,28.53,116264
2025-01-08/00:00:00,28.53,28.7,28.01,28.01,3067636
2025-01-09/00:00:00,28.01,28.4,27.01,27.29,215623
2025-01-12/00:00:00,27.29,27.48,26.93,27.34,229831
2025-01-13/00:00:00,27.34,28.1,27.0,27.07,148605
2025-01-14/00:00:00,27.07,27.34,26.8,27.16,110992
2025-01-15/00:00:00,27.16,27.6,26.97,27.39,1531605
2025-01-16/00:00:00,27.39,27.8,27.39,27.65,87877
2025-01-19/00:00:00,27.65,29.99,28.49,28.62,572644
2025-01-20/00:00:00,28.62,28.99,28.01,28.44,162399
2025-01-21/00:00:00,28.44,28.85,28.1,28.31,141796
2025-01-22/00:00:00,28.31,29.7,28.11,28.74,361176
2025-01-23/00:00:00,28.74,29.15,28.59,28.87,192589
2025-01-26/00:00:00,28.87,29.15,28.51,28.58,154836
2025-01-27/00:00:00,28.58,28.99,28.0,28.01,230975
2025-01-28/00:00:00,28.01,28.2,27.83,27.87,327354
2025-01-29/00:00:00,27.87,28.18,27.86,27.9,129083
2025-01-30/00:00:00,27.9,28.15,27.88,27.99,634360
2025-02-02/00:00:00,27.99,28.11,27.5,27.78,234777
2025-02-03/00:00:00,27.78,27.78,27.51,27.6,100316
2025-02-04/00:00:00,27.6,27.84,27.6,27.69,77288
2025-02-05/00:00:00,27.69,27.82,27.32,27.59,70258
2025-02-06/00:00:00,27.59,27.75,27.5,27.73,733413
2025-02-09/00:00:00,27.73,27.9,27.47,27.58,239829
2025-02-10/00:00:00,27.58,28.5,27.5,28.3,5043522
2025-02-11/00:00:00,28.3,28.3,27.3,27.36,336665
2025-02-12/00:00:00,27.36,27.47,26.8,27.11,2241940
2025-02-13/00:00:00,27.11,27.5,27.11,27.21,87809
2025-02-16/00:00:00,27.21,27.65,27.3,27.57,100465
2025-02-17/00:00:00,27.57,28.11,27.61,28.1,407563
2025-02-18/00:00:00,28.1,28.19,27.9,28.07,145407
2025-02-19/00:00:00,28.07,28.2,28.0,28.0,199761
2025-02-20/00:00:00,28.0,28.13,27.79,27.96,736789
2025-02-23/00:00:00,27.96,28.2,27.65,28.05,134833
2025-02-24/00:00:00,28.05,28.18,27.9,28.01,51326
2025-02-25/00:00:00,28.01,29.29,27.9,29.0,898720
2025-02-26/00:00:00,29.0,28.99,28.42,28.7,652112
2025-02-27/00:00:00,28.7,28.7,28.11,28.5,107488
2025-03-02/00:00:00,28.5,28.75,28.0,28.05,102877
2025-03-03/00:00:00,28.05,28.4,27.88,27.98,612782
2025-03-04/00:00:00,27.98,28.0,27.7,27.84,96648
2025-03-05/00:00:00,27.84,27.89,27.2,27.51,127533
2025-03-06/00:00:00,27.51,27.65,27.32,27.41,53626
2025-03-09/00:00:00,27.41,27.85,27.38,27.62,62139
2025-03-10/00:00:00,27.62,28.44,27.5,27.66,419997
2025-03-11/00:00:00,27.66,27.75,27.44,27.56,244377
2025-03-12/00:00:00,27.56,27.84,27.51,27.56,130424
2025-03-13/00:00:00,27.56,27.79,27.5,27.66,195837
2025-03-16/00:00:00,27.66,27.76,27.27,27.44,380240
2025-03-17/00:00:00,27.44,27.68,27.41,27.62,87272
2025-03-18/00:00:00,27.62,27.62,27.41,27.49,111887
2025-03-19/00:00:00,27.49,27.72,27.45,27.6,272179
2025-03-20/00:00:00,27.6,29.8,27.51,28.01,401051
2025-03-23/00:00:00,28.01,28.5,28.1,28.16,95905
2025-03-24/00:00:00,28.16,28.4,27.85,27.97,120854
2025-03-25/00:00:00,27.97,28.18,27.7,27.76,130721
2025-03-26/00:00:00,27.76,28.0,27.67,27.78,102194
2025-03-27/00:00:00,27.78,27.9,27.68,27.76,79216
2025-04-03/00:00:00,27.76,27.99,27.68,27.75,52812
2025-04-06/00:00:00,27.75,27.7,26.8,27.3,234280
2025-04-07/00:00:00,27.3,27.25,26.81,27.01,145644
2025-04-08/00:00:00,27.01,27.49,27.04,27.27,116818
2025-04-09/00:00:00,27.27,27.4,26.88,26.96,115774
2025-04-10/00:00:00,26.96,27.5,27.0,27.28,55433
2025-04-13/00:00:00,27.28,27.5,27.28,27.37,34875
2025-04-14/00:00:00,27.37,27.89,27.32,27.74,73415
2025-04-15/00:00:00,27.74,27.89,27.5,27.52,42074
2025-04-16/00:00:00,27.52,27.7,27.36,27.41,68556
2025-04-17/00:00:00,27.41,27.54,27.0,27.19,135198
2025-04-22/00:00:00,27.19,27.71,27.2,27.54,117440
2025-04-23/00:00:00,27.54,27.59,27.32,27.38,78854
2025-04-27/00:00:00,27.38,27.82,27.2,27.42,220486
2025-04-28/00:00:00,27.42,27.41,26.9,27.19,264327
2025-04-29/00:00:00,27.19,27.4,27.01,27.07,86389
2025-04-30/00:00:00,27.07,27.29,27.07,27.15,46404
2025-05-04/00:00:00,27.15,27.39,27.1,27.25,146443
2025-05-05/00:00:00,27.25,27.46,27.2,27.29,101296
2025-05-06/00:00:00,27.29,27.43,27.25,27.37,60760
2025-05-07/00:00:00,27.37,27.4,27.1,27.12,369929
2025-05-08/00:00:00,27.12,27.29,26.91,27.0,196031
2025-05-11/00:00:00,27.0,27.24,26.95,26.98,126110
2025-05-12/00:00:00,26.98,27.17,26.91,26.95,98706
2025-05-13/00:00:00,26.95,27.1,26.95,26.97,49458
2025-05-14/00:00:00,26.97,27.1,26.91,26.97,27669
2025-05-15/00:00:00,26.97,27.08,26.93,26.96,41644
2025-05-19/00:00:00,26.61,26.95,26.3,26.51,191647
2025-05-20/00:00:00,26.51,26.7,26.34,26.49,45253
2025-05-21/00:00:00,26.49,27.02,26.5,26.65,116718
2025-05-22/00:00:00,26.65,27.1,26.83,26.98,70243
2025-05-25/00:00:00,26.98,27.09,26.98,27.04,38713
2025-05-26/00:00:00,27.04,27.27,27.0,27.12,61235
2025-05-27/00:00:00,27.12,27.27,26.9,26.98,73390
2025-05-28/00:00:00,26.98,27.1,26.5,26.71,139499
2025-06-01/00:00:00,26.22,26.6,26.22,26.51,53978
2025-06-02/00:00:00,26.51,27.0,26.4,26.71,166683
2025-06-03/00:00:00,26.71,27.07,26.61,26.84,70045
2025-06-04/00:00:00,26.84,27.09,26.8,26.99,143534
2025-06-10/00:00:00,13.5,13.75,13.02,13.6,329516
2025-06-11/00:00:00,13.6,13.65,13.41,13.45,550914
2025-06-12/00:00:00,13.45,13.45,13.18,13.21,203067
2025-06-15/00:00:00,13.21,13.0,12.0,12.59,326288
2025-06-16/00:00:00,12.59,13.34,12.5,13.0,532569
2025-06-17/00:00:00,13.0,13.15,12.72,12.85,511840
2025-06-18/00:00:00,12.85,12.94,12.71,12.79,492339
2025-06-19/00:00:00,12.79,13.0,12.66,13.0,145345
2025-06-22/00:00:00,13.0,13.0,12.16,12.92,106511
2025-06-23/00:00:00,12.92,13.33,12.8,13.24,2023082
2025-06-24/00:00:00,13.24,13.53,13.17,13.32,1029243
2025-06-25/00:00:00,13.32,13.5,13.14,13.48,638805
2025-06-29/00:00:00,13.48,13.6,12.95,13.26,969307
2025-06-30/00:00:00,13.26,13.34,13.04,13.27,221045
2025-07-01/00:00:00,13.27,13.31,12.8,12.81,1145545
2025-07-02/00:00:00,12.81,13.04,12.8,12.87,794444
2025-07-06/00:00:00,12.87,13.09,12.85,12.9,894034
2025-07-07/00:00:00,12.9,13.0,12.86,12.9,2193166
2025-07-09/00:00:00,12.9,13.74,12.82,13.34,27523728
2025-07-10/00:00:00,13.34,13.7,13.35,13.69,1188028
2025-07-13/00:00:00,13.69,13.94,13.63,13.68,1087596
2025-07-14/00:00:00,13.68,13.81,13.51,13.64,756504
2025-07-15/00:00:00,13.64,13.73,13.56,13.7,942570
2025-07-16/00:00:00,13.7,13.72,13.55,13.55,1158206
2025-07-17/00:00:00,13.55,14.62,13.51,14.6,3967231
2025-07-20/00:00:00,14.6,15.23,14.52,14.88,2621458
2025-07-21/00:00:00,14.88,15.6,14.89,15.49,2889339
2025-07-22/00:00:00,15.49,16.5,15.48,15.91,3127620
2025-07-23/00:00:00,15.91,16.2,15.4,15.93,1213722
2025-07-27/00:00:00,15.93,16.65,16.0,16.3,1977152
2025-07-28/00:00:00,16.3,16.4,15.62,15.71,1250842
2025-07-29/00:00:00,15.71,17.29,15.72,17.0,4421667
2025-07-30/00:00:00,17.0,17.82,16.9,17.4,3351942
2025-07-31/00:00:00,17.4,17.48,16.6,17.05,1987593
2025-08-03/00:00:00,17.05,17.47,16.9,17.24,2742960
2025-08-04/00:00:00,17.24,17.99,17.25,17.5,2384729
2025-08-05/00:00:00,17.5,18.4,17.53,18.2,3226262
2025-08-06/00:00:00,18.2,18.6,17.31,17.99,2818439
2025-08-07/00:00:00,17.99,18.18,17.3,17.3,1822075
2025-08-10/00:00:00,17.3,17.8,17.24,17.68,2718760
2025-08-11/00:00:00,17.68,17.88,17.35,17.75,1409449
2025-08-12/00:00:00,17.75,18.17,17.61,18.05,13125699
2025-08-13/00:00:00,18.05,18.6,18.08,18.29,1901796
2025-08-13/00:00:00,18.05,18.6,18.08,18.29,1901796
2025-08-14/00:00:00,18.29,19.0,18.01,18.24,1362018
2025-08-17/00:00:00,18.24,18.78,17.7,17.85,1220930
2025-08-18/00:00:00,17.85,18.0,17.59,17.93,1073858
2025-08-19/00:00:00,17.93,18.0,17.68,17.7,374496
2025-08-20/00:00:00,17.7,17.92,16.65,17.13,595984
2025-08-21/00:00:00,17.13,18.0,17.0,18.0,2380132
2025-08-24/00:00:00,18.0,17.9,17.52,17.66,443218
2025-08-25/00:00:00,17.66,17.7,17.25,17.3,300151
2025-08-26/00:00:00,17.3,17.5,17.2,17.2,227660
2025-08-27/00:00:00,17.2,17.4,17.01,17.03,358223
2025-08-28/00:00:00,17.03,17.22,17.03,17.11,131211
2025-08-31/00:00:00,17.11,17.17,16.66,16.99,301827
2025-09-01/00:00:00,16.99,17.1,16.8,16.86,183676
2025-09-02/00:00:00,16.86,17.1,16.9,16.99,188996
2025-09-03/00:00:00,16.99,17.0,16.91,16.98,181534
2025-09-07/00:00:00,16.98,17.0,16.6,16.86,92245
2025-09-08/00:00:00,16.86,17.0,16.66,16.9,239779
2025-09-09/00:00:00,16.9,16.99,16.56,16.6,97931
2025-09-10/00:00:00,16.6,16.6,16.12,16.25,104008
2025-09-11/00:00:00,16.25,16.7,16.2,16.39,381372
2025-09-14/00:00:00,16.39,16.39,16.02,16.15,73006
2025-09-15/00:00:00,16.15,16.34,16.03,16.28,140579
2025-09-16/00:00:00,16.28,16.89,16.2,16.5,343287
2025-09-17/00:00:00,16.5,16.7,15.21,16.0,658556
2025-09-18/00:00:00,16.0,16.38,16.0,16.04,100315
2025-09-21/00:00:00,16.04,16.45,15.91,16.08,125870
2025-09-22/00:00:00,16.08,16.24,15.76,16.0,208689
2025-09-23/00:00:00,16.0,16.1,15.82,15.9,167648
2025-09-24/00:00:00,15.9,17.98,15.87,17.9,5594839
2025-09-25/00:00:00,17.9,18.9,17.91,18.14,2463111
2025-09-28/00:00:00,18.14,18.51,17.9,18.46,1110279
2025-09-29/00:00:00,18.46,20.1,18.35,19.5,6502768
2025-09-30/00:00:00,19.5,20.2,19.21,19.56,2844158
2025-10-01/00:00:00,19.56,20.1,19.6,20.0,3083656
2025-10-02/00:00:00,20.0,22.14,19.86,21.9,7037975
2025-10-05/00:00:00,21.9,22.44,21.4,22.0,1482349
2025-10-06/00:00:00,22.0,22.1,21.21,21.4,970974
2025-10-07/00:00:00,21.4,22.89,21.25,22.4,2809431
2025-10-08/00:00:00,22.4,23.05,22.4,22.6,3131187
2025-10-12/00:00:00,22.6,23.75,22.6,23.38,1295256
2025-10-13/00:00:00,23.38,23.49,22.5,22.76,707290
2025-10-14/00:00:00,22.76,22.99,22.2,22.2,960402
2025-10-15/00:00:00,22.2,22.3,21.06,22.0,4291366
2025-10-20/00:00:00,22.6,23.5,22.59,23.3,749267
2025-10-21/00:00:00,23.3,23.49,23.01,23.4,370000
2025-10-22/00:00:00,23.4,24.0,23.35,23.53,4539768
2025-10-26/00:00:00,23.71,24.0,23.41,23.91,938987
2025-10-27/00:00:00,23.91,24.45,23.5,24.39,3949713
2025-10-28/00:00:00,24.39,25.39,23.55,23.59,1836528
2025-10-29/00:00:00,23.59,24.29,23.59,24.0,303108
2025-10-30/00:00:00,24.0,24.22,23.5,23.69,5690061
2025-11-02/00:00:00,23.69,23.97,23.07,23.46,273105
2025-11-03/00:00:00,23.46,23.55,22.85,23.0,432983
2025-11-04/00:00:00,23.0,23.39,23.01,23.15,219748
2025-11-05/00:00:00,23.15,23.5,22.89,22.95,1295722
2025-11-06/00:00:00,22.95,23.15,22.5,23.04,600259
2025-11-09/00:00:00,23.04,23.1,22.8,23.0,1388562
2025-11-10/00:00:00,23.0,23.03,22.05,22.79,929057
2025-11-11/00:00:00,22.79,23.49,22.81,23.0,3041001
2025-11-12/00:00:00,23.0,24.5,23.1,23.99,1452430
2025-11-13/00:00:00,23.99,24.39,23.9,23.95,312008
2025-11-16/00:00:00,23.95,24.2,23.86,24.0,501573
2025-11-17/00:00:00,24.0,24.19,20.57,23.5,961208
2025-11-18/00:00:00,23.5,23.79,23.17,23.26,104911
2025-11-19/00:00:00,23.26,23.99,23.0,23.34,375897
2025-11-20/00:00:00,23.34,24.0,23.02,23.47,625904
2025-11-23/00:00:00,23.47,23.94,23.07,23.21,241975
2025-11-24/00:00:00,23.21,23.79,23.09,23.14,1857183
2025-11-26/00:00:00,22.02,22.74,22.0,22.08,1764900
2025-11-27/00:00:00,22.08,22.65,22.1,22.51,1381383
2025-11-30/00:00:00,22.51,22.95,22.35,22.95,640157
2025-12-01/00:00:00,22.95,23.79,22.6,23.08,529691
2025-12-03/00:00:00,23.33,23.99,23.4,23.6,2848458
2025-12-07/00:00:00,23.79,24.79,23.85,24.55,1757610
2025-12-09/00:00:00,24.89,25.37,24.91,25.37,2866231
2025-12-10/00:00:00,25.37,25.99,25.13,25.3,1586536
2025-12-11/00:00:00,25.3,25.8,25.22,25.58,1837417
2025-12-14/00:00:00,25.58,25.82,25.41,25.57,875786
2025-12-15/00:00:00,25.57,26.4,25.59,25.71,3049910
2025-12-16/00:00:00,25.71,26.45,25.63,26.09,1639894
2025-12-17/00:00:00,26.09,26.23,25.56,25.6,2211962
2025-12-18/00:00:00,25.6,25.7,25.22,25.59,654322
2025-12-21/00:00:00,25.59,25.89,25.35,25.55,5497259
2025-12-22/00:00:00,25.55,26.48,25.6,26.21,2673977
2025-12-23/00:00:00,26.21,27.0,26.23,26.75,2642099
2025-12-24/00:00:00,26.75,26.93,26.62,26.76,920565
2025-12-25/00:00:00,26.76,26.98,26.63,26.65,223210
2025-12-28/00:00:00,26.65,26.84,26.54,26.56,247377
2025-12-29/00:00:00,26.56,26.97,26.55,26.8,662936
2025-12-30/00:00:00,26.8,27.49,26.65,27.13,1164350
2025-12-31/00:00:00,27.13,27.77,27.05,27.5,560534
2026-01-04/00:00:00,27.5,28.0,27.4,27.77,936339
2026-01-04/00:00:00,27.5,28.0,27.4,27.77,936339
2026-01-06/00:00:00,28.2,28.65,27.91,28.6,1500838
2026-01-08/00:00:00,28.6,29.25,28.45,28.5,4197101
2026-01-11/00:00:00,28.5,29.0,28.21,28.22,918664
2026-01-12/00:00:00,28.22,28.44,27.06,27.52,1696166
2026-01-13/00:00:00,27.52,27.8,27.01,27.16,493601
2026-01-14/00:00:00,27.16,27.5,24.3,27.49,830572
2026-01-15/00:00:00,27.49,27.45,26.9,27.28,798865
2026-01-18/00:00:00,27.28,27.48,27.0,27.39,148184
2026-01-19/00:00:00,27.39,29.0,27.25,29.0,3211930
2026-01-20/00:00:00,29.0,29.25,28.5,29.1,439704
2026-01-21/00:00:00,29.1,29.2,28.72,28.8,260225
2026-01-22/00:00:00,28.8,29.14,28.73,28.8,408705
2026-01-25/00:00:00,28.8,29.19,28.85,29.09,553087
2026-01-26/00:00:00,29.09,29.7,29.11,29.31,1330727
2026-01-27/00:00:00,29.31,29.45,29.0,29.08,818088
2026-01-28/00:00:00,29.08,29.5,28.11,28.85,944447
2026-02-01/00:00:00,28.85,31.0,28.11,30.28,1585871
2026-02-02/00:00:00,30.28,30.5,29.02,29.19,1015145
2026-02-03/00:00:00,29.19,30.15,29.23,29.51,1526155
2026-02-04/00:00:00,29.51,29.96,29.23,29.49,428351
2026-02-05/00:00:00,29.49,30.0,29.2,30.0,812478
2026-02-08/00:00:00,30.0,32.2,30.02,32.2,3322209
2026-02-09/00:00:00,32.2,32.5,31.21,31.59,4015443
2026-02-10/00:00:00,31.59,31.59,30.5,30.85,1788747
2026-02-11/00:00:00,30.85,30.98,29.5,29.66,2348226
2026-02-12/00:00:00,29.66,29.8,29.3,29.58,815502
2026-02-15/00:00:00,29.5,30.4,29.31,30.4,1155227
2026-02-16/00:00:00,30.4,30.5,29.49,29.5,1191103
2026-02-17/00:00:00,29.5,29.7,28.7,29.0,1912780
2026-02-18/00:00:00,29.0,29.2,28.94,29.0,612230
2026-02-19/00:00:00,29.0,29.3,28.3,28.51,561848
2026-02-22/00:00:00,28.51,29.3,28.0,28.74,349490
2026-02-23/00:00:00,28.74,29.2,28.35,29.0,424201
2026-02-24/00:00:00,29.0,29.15,28.0,28.0,511106
2026-02-25/00:00:00,28.0,28.69,26.05,26.58,687610
2026-02-26/00:00:00,26.58,27.49,26.6,27.22,771238
2026-03-01/00:00:00,27.22,27.0,24.56,26.48,613017
2026-03-02/00:00:00,26.48,27.54,26.4,27.54,194608
2026-03-03/00:00:00,27.54,27.65,27.04,27.5,603679
2026-03-04/00:00:00,27.5,27.84,27.21,27.5,777767
2026-03-05/00:00:00,27.5,29.0,27.52,29.0,4180902
2026-03-08/00:00:00,29.0,29.44,27.3,27.5,1127784
2026-03-09/00:00:00,27.5,28.35,27.0,27.55,740491
2026-03-10/00:00:00,27.55,28.28,27.5,28.1,412493
2026-03-11/00:00:00,28.1,28.53,27.9,28.3,1176646
2026-03-12/00:00:00,28.3,29.55,27.9,28.4,1128020
2026-03-15/00:00:00,28.4,28.75,27.95,27.95,539304
2026-03-16/00:00:00,27.95,28.19,27.02,27.69,618824
2026-03-17/00:00:00,27.69,28.19,27.15,27.29,280656
2026-03-18/00:00:00,27.29,27.95,27.35,27.75,436115
2026-03-24/00:00:00,27.75,28.19,27.52,28.15,643693
2026-03-25/00:00:00,28.15,28.96,27.8,28.82,508957
2026-03-26/00:00:00,28.82,28.82,27.82,27.82,568910
2026-03-29/00:00:00,27.82,28.0,26.5,26.64,899700
2026-03-30/00:00:00,26.64,26.93,25.0,25.25,1546281
2026-03-31/00:00:00,25.25,25.65,25.01,25.41,613191
2026-04-01/00:00:00,25.41,26.7,25.0,25.2,2269251
2026-04-02/00:00:00,25.2,25.65,24.9,25.05,4220127
2026-04-05/00:00:00,25.05,25.3,25.0,25.12,2339305
2026-04-06/00:00:00,25.12,25.56,25.16,25.4,688178
2026-04-07/00:00:00,25.4,25.65,25.21,25.21,1121619
2026-04-08/00:00:00,25.21,27.68,25.5,27.15,3811995
2026-04-09/00:00:00,27.15,27.8,26.52,27.7,1164689
