2001-05-31/00:00:00,0.24,0.24,0.24,0.24,121171
2001-06-03/00:00:00,0.24,0.24,0.24,0.24,371594
2001-06-05/00:00:00,0.24,0.24,0.24,0.24,52293
2001-06-10/00:00:00,0.24,0.24,0.24,0.24,12738
2001-06-11/00:00:00,0.24,0.24,0.24,0.24,6591124
2001-06-14/00:00:00,0.24,0.24,0.24,0.24,16123
2001-06-21/00:00:00,0.24,0.24,0.24,0.24,8040
2001-06-25/00:00:00,0.24,0.24,0.24,0.24,80766
2001-06-27/00:00:00,0.24,0.24,0.24,0.24,37831
2001-06-28/00:00:00,0.24,0.24,0.24,0.24,76492
2001-07-05/00:00:00,0.24,0.24,0.24,0.24,80766
2001-07-08/00:00:00,0.24,0.24,0.24,0.24,161537
2001-07-09/00:00:00,0.24,0.24,0.24,0.24,1078243
2001-07-11/00:00:00,0.24,0.24,0.24,0.24,32284
2001-07-16/00:00:00,0.24,0.24,0.24,0.24,16123
2001-07-19/00:00:00,0.24,0.24,0.24,0.24,13589
2001-08-12/00:00:00,0.24,0.24,0.24,0.24,24200
2001-08-13/00:00:00,0.24,0.24,0.24,0.24,19968
2001-08-15/00:00:00,0.24,0.24,0.24,0.24,34451
2001-08-19/00:00:00,0.24,0.24,0.24,0.24,227457
2001-08-20/00:00:00,0.24,0.24,0.24,0.24,1561247
2001-08-21/00:00:00,0.24,0.24,0.24,0.24,639456
2001-08-26/00:00:00,0.24,0.24,0.24,0.24,8040
2001-08-27/00:00:00,0.24,0.24,0.24,0.24,403879
2001-08-28/00:00:00,0.24,0.24,0.24,0.24,443449
2001-08-29/00:00:00,0.24,0.24,0.24,0.24,8040
2001-09-06/00:00:00,0.24,0.24,0.24,0.24,24200
2001-09-11/00:00:00,0.24,0.24,0.24,0.24,161537
2001-09-12/00:00:00,0.24,0.24,0.24,0.24,64604
2001-09-16/00:00:00,0.24,0.24,0.24,0.24,105431
2001-09-17/00:00:00,0.24,0.24,0.24,0.24,40363
2001-09-19/00:00:00,0.24,0.24,0.24,0.24,32284
2001-09-20/00:00:00,0.24,0.24,0.24,0.24,484684
2001-09-23/00:00:00,0.24,0.24,0.24,0.24,80766
2001-09-24/00:00:00,0.24,0.24,0.24,0.24,525087
2001-09-25/00:00:00,0.24,0.24,0.24,0.24,242343
2001-09-26/00:00:00,0.24,0.24,0.24,0.24,205745
2001-10-03/00:00:00,0.24,0.24,0.24,0.24,19968
2001-10-04/00:00:00,0.24,0.24,0.24,0.24,28049
2001-10-07/00:00:00,0.24,0.24,0.24,0.24,80766
2001-10-10/00:00:00,0.24,0.24,0.24,0.24,255932
2001-10-16/00:00:00,0.24,0.24,0.24,0.24,80766
2001-10-17/00:00:00,0.24,0.24,0.24,0.24,161537
2001-10-18/00:00:00,0.24,0.24,0.24,0.24,11889
2001-10-29/00:00:00,0.24,0.24,0.24,0.24,8040
2001-10-30/00:00:00,0.24,0.24,0.24,0.24,80766
2001-11-01/00:00:00,0.24,0.24,0.24,0.24,19968
2001-11-04/00:00:00,0.24,0.24,0.24,0.24,19968
2001-11-06/00:00:00,0.24,0.24,0.24,0.24,19968
2001-11-07/00:00:00,0.24,0.24,0.24,0.24,40363
2001-11-11/00:00:00,0.24,0.24,0.24,0.24,734275
2001-11-12/00:00:00,0.24,0.24,0.24,0.24,275049
2001-11-14/00:00:00,0.24,0.24,0.24,0.24,178972
2001-11-20/00:00:00,0.24,0.24,0.24,0.24,32284
2001-11-25/00:00:00,0.24,0.24,0.24,0.24,100735
2001-11-27/00:00:00,0.24,0.24,0.24,0.24,210445
2001-12-03/00:00:00,0.24,0.24,0.24,0.24,80766
2001-12-06/00:00:00,0.24,0.24,0.24,0.24,161537
2001-12-09/00:00:00,0.24,0.24,0.24,0.24,169614
2001-12-11/00:00:00,0.24,0.24,0.24,0.24,1211732
2001-12-12/00:00:00,0.24,0.24,0.24,0.24,170041
2001-12-19/00:00:00,0.24,0.24,0.24,0.24,1212152
2001-12-23/00:00:00,0.24,0.24,0.24,0.24,856296
2001-12-24/00:00:00,0.24,0.24,0.24,0.24,165381
2001-12-25/00:00:00,0.24,0.24,0.24,0.24,60373
2001-12-26/00:00:00,0.24,0.24,0.24,0.24,1666254
2001-12-27/00:00:00,0.24,0.24,0.24,0.24,6360
2001-12-30/00:00:00,0.24,0.24,0.24,0.24,37831
2001-12-31/00:00:00,0.24,0.24,0.24,0.24,80766
2002-01-02/00:00:00,0.24,0.24,0.24,0.24,19968
2002-01-07/00:00:00,0.24,0.24,0.24,0.24,807813
2002-01-08/00:00:00,0.24,0.24,0.24,0.24,229987
2002-01-10/00:00:00,0.24,0.24,0.24,0.24,121596
2002-01-15/00:00:00,0.24,0.24,0.24,0.24,309965
2002-01-16/00:00:00,0.24,0.24,0.24,0.24,1749597
2002-01-17/00:00:00,0.24,0.24,0.24,0.24,436199
2002-01-20/00:00:00,0.24,0.24,0.24,0.24,80766
2002-01-21/00:00:00,0.24,0.24,0.24,0.24,403879
2002-01-23/00:00:00,0.24,0.24,0.24,0.24,137292
2002-01-24/00:00:00,0.24,0.24,0.24,0.24,40363
2002-01-27/00:00:00,0.24,0.24,0.24,0.24,444280
2002-01-28/00:00:00,0.24,0.24,0.24,0.24,154728
2002-01-29/00:00:00,0.24,0.24,0.24,0.24,40363
2002-02-05/00:00:00,0.24,0.24,0.24,0.24,176013
2002-02-06/00:00:00,0.24,0.24,0.24,0.24,242343
2002-02-07/00:00:00,0.24,0.24,0.24,0.24,197665
2002-02-10/00:00:00,0.24,0.24,0.24,0.24,420037
2002-02-11/00:00:00,0.24,0.24,0.24,0.24,172613
2002-02-12/00:00:00,0.24,0.24,0.24,0.24,40363
2002-02-17/00:00:00,0.24,0.24,0.24,0.24,403047
2002-02-18/00:00:00,0.24,0.24,0.24,0.24,8040
2002-02-19/00:00:00,0.24,0.24,0.24,0.24,19968
2002-03-03/00:00:00,0.24,0.24,0.24,0.24,418356
2002-03-04/00:00:00,0.24,0.24,0.24,0.24,148371
2002-03-05/00:00:00,0.24,0.24,0.24,0.24,80766
2002-03-06/00:00:00,0.24,0.24,0.24,0.24,8040
2002-03-07/00:00:00,0.24,0.24,0.24,0.24,423887
2002-03-10/00:00:00,0.24,0.24,0.24,0.24,198556
2002-03-11/00:00:00,0.24,0.24,0.24,0.24,323110
2002-03-17/00:00:00,0.24,0.24,0.24,0.24,423887
2002-03-18/00:00:00,0.24,0.24,0.24,0.24,16123
2002-03-20/00:00:00,0.24,0.24,0.24,0.24,84574
2002-03-24/00:00:00,0.24,0.24,0.24,0.24,80766
2002-03-26/00:00:00,0.24,0.24,0.24,0.24,79917
2002-03-27/00:00:00,0.24,0.24,0.24,0.24,12738
2002-03-28/00:00:00,0.24,0.24,0.24,0.24,161537
2002-03-31/00:00:00,0.24,0.24,0.24,0.24,323110
2002-04-01/00:00:00,0.24,0.24,0.24,0.24,8040
2002-04-03/00:00:00,0.24,0.24,0.24,0.24,2959
2002-04-07/00:00:00,0.24,0.24,0.24,0.24,7191
2002-04-10/00:00:00,0.24,0.24,0.24,0.24,937063
2002-04-16/00:00:00,0.24,0.24,0.24,0.24,40363
2002-04-17/00:00:00,0.24,0.24,0.24,0.24,40363
2002-04-18/00:00:00,0.24,0.24,0.24,0.24,80766
2002-04-22/00:00:00,0.24,0.24,0.24,0.24,19968
2002-04-23/00:00:00,0.24,0.24,0.24,0.24,256783
2002-05-02/00:00:00,0.24,0.24,0.24,0.24,11040
2002-05-09/00:00:00,0.24,0.24,0.24,0.24,201938
2002-05-13/00:00:00,0.24,0.24,0.24,0.24,21670
2002-05-20/00:00:00,0.24,0.24,0.24,0.24,355432
2002-05-22/00:00:00,0.24,0.24,0.24,0.24,15272
2002-05-26/00:00:00,0.24,0.24,0.24,0.24,28049
2002-05-27/00:00:00,0.24,0.24,0.24,0.24,113092
2002-05-28/00:00:00,0.24,0.24,0.24,0.24,8040
2002-05-30/00:00:00,0.24,0.24,0.24,0.24,161537
2002-06-02/00:00:00,0.24,0.24,0.24,0.24,80766
2002-06-05/00:00:00,0.24,0.24,0.24,0.24,141140
2002-06-09/00:00:00,0.24,0.24,0.24,0.24,40363
2002-06-13/00:00:00,0.24,0.24,0.24,0.24,3807
2002-06-16/00:00:00,0.24,0.24,0.24,0.24,60373
2002-06-17/00:00:00,0.24,0.24,0.24,0.24,9356
2002-06-18/00:00:00,0.24,0.24,0.24,0.24,1405626
2002-06-19/00:00:00,0.24,0.24,0.24,0.24,64604
2002-06-20/00:00:00,0.24,0.24,0.24,0.24,121171
2002-06-24/00:00:00,0.24,0.24,0.24,0.24,500847
2002-06-25/00:00:00,0.24,0.24,0.24,0.24,3807
2002-06-30/00:00:00,0.24,0.24,0.24,0.24,19968
2002-07-02/00:00:00,0.24,0.24,0.24,0.24,80766
2002-07-11/00:00:00,0.24,0.24,0.24,0.24,403879
2002-07-15/00:00:00,0.24,0.24,0.24,0.24,24200
2002-07-18/00:00:00,0.24,0.24,0.24,0.24,379674
2002-07-28/00:00:00,0.24,0.24,0.24,0.24,80766
2002-07-29/00:00:00,0.24,0.24,0.24,0.24,767451
2002-07-30/00:00:00,0.24,0.24,0.24,0.24,40363
2002-07-31/00:00:00,0.24,0.24,0.24,0.24,22520
2002-08-06/00:00:00,0.24,0.24,0.24,0.24,19968
2002-08-07/00:00:00,0.24,0.24,0.24,0.24,11889
2002-08-08/00:00:00,0.24,0.24,0.24,0.24,270391
2002-08-11/00:00:00,0.24,0.24,0.24,0.24,807813
2002-08-18/00:00:00,0.24,0.24,0.24,0.24,37831
2002-08-19/00:00:00,0.24,0.24,0.24,0.24,16123
2002-08-26/00:00:00,0.24,0.24,0.24,0.24,8040
2002-08-28/00:00:00,0.24,0.24,0.24,0.24,19968
2002-09-01/00:00:00,0.24,0.24,0.24,0.24,210020
2002-09-09/00:00:00,0.24,0.24,0.24,0.24,80766
2002-09-11/00:00:00,0.24,0.24,0.24,0.24,80766
2002-09-12/00:00:00,0.24,0.24,0.24,0.24,201938
2002-09-15/00:00:00,0.24,0.24,0.24,0.24,19968
2002-09-16/00:00:00,0.24,0.24,0.24,0.24,242343
2002-09-18/00:00:00,0.24,0.24,0.24,0.24,19968
2002-09-19/00:00:00,0.24,0.24,0.24,0.24,658995
2002-09-22/00:00:00,0.24,0.24,0.24,0.24,19968
2002-09-23/00:00:00,0.24,0.24,0.24,0.24,205745
2002-09-24/00:00:00,0.24,0.24,0.24,0.24,813342
2002-09-26/00:00:00,0.24,0.24,0.24,0.24,3807
2002-09-29/00:00:00,0.24,0.24,0.24,0.24,601602
2002-10-02/00:00:00,0.24,0.24,0.24,0.24,2959
2002-10-07/00:00:00,0.24,0.24,0.24,0.24,19968
2002-10-08/00:00:00,0.24,0.24,0.24,0.24,2664991
2002-10-09/00:00:00,0.24,0.24,0.24,0.24,80766
2002-10-10/00:00:00,0.24,0.24,0.24,0.24,2439659
2002-10-14/00:00:00,0.24,0.24,0.24,0.24,8845861
2002-10-15/00:00:00,0.24,0.24,0.24,0.24,383479
2002-10-16/00:00:00,0.24,0.24,0.24,0.24,162810
2002-10-17/00:00:00,0.24,0.24,0.24,0.24,1050198
2002-10-20/00:00:00,0.24,0.24,0.24,0.24,3807
2002-10-21/00:00:00,0.24,0.24,0.24,0.24,864377
2002-10-22/00:00:00,0.24,0.24,0.24,0.24,80766
2002-10-23/00:00:00,0.24,0.24,0.24,0.24,3958419
2002-10-24/00:00:00,0.24,0.24,0.24,0.24,1050198
2002-10-27/00:00:00,0.24,0.24,0.24,0.24,242343
2002-10-28/00:00:00,0.24,0.24,0.24,0.24,2959
2002-10-30/00:00:00,0.24,0.24,0.24,0.24,40363
2002-11-03/00:00:00,0.24,0.24,0.24,0.24,36131
2002-11-04/00:00:00,0.24,0.24,0.24,0.24,1050198
2002-11-05/00:00:00,0.24,0.24,0.24,0.24,80766
2002-11-06/00:00:00,0.24,0.24,0.24,0.24,164530
2002-11-07/00:00:00,0.24,0.24,0.24,0.24,1615645
2002-11-11/00:00:00,0.24,0.24,0.24,0.24,423887
2002-11-13/00:00:00,0.24,0.24,0.24,0.24,88848
2002-11-14/00:00:00,0.24,0.24,0.24,0.24,234262
2002-11-17/00:00:00,0.24,0.24,0.24,0.24,80766
2002-11-18/00:00:00,0.24,0.24,0.24,0.24,282705
2002-11-19/00:00:00,0.24,0.24,0.24,0.24,484684
2002-11-20/00:00:00,0.24,0.24,0.24,0.24,242343
2002-11-21/00:00:00,0.24,0.24,0.24,0.24,242343
2002-11-24/00:00:00,0.24,0.24,0.24,0.24,1784472
2002-11-25/00:00:00,0.24,0.24,0.24,0.24,521663
2002-11-26/00:00:00,0.24,0.24,0.24,0.24,1171366
2002-11-27/00:00:00,0.24,0.24,0.24,0.24,484684
2002-11-28/00:00:00,0.24,0.24,0.24,0.24,2047633
2002-12-01/00:00:00,0.24,0.24,0.24,0.24,1352909
2002-12-02/00:00:00,0.24,0.24,0.24,0.24,100735
2002-12-03/00:00:00,0.24,0.24,0.24,0.24,403879
2002-12-04/00:00:00,0.24,0.24,0.24,0.24,181544
2002-12-09/00:00:00,0.24,0.24,0.24,0.24,403879
2002-12-10/00:00:00,0.24,0.24,0.24,0.24,3352950
2002-12-11/00:00:00,0.24,0.24,0.24,0.24,99887
2002-12-12/00:00:00,0.24,0.24,0.24,0.24,1171791
2002-12-15/00:00:00,0.24,0.24,0.24,0.24,681558
2002-12-16/00:00:00,0.24,0.24,0.24,0.24,161537
2002-12-17/00:00:00,0.24,0.24,0.24,0.24,161537
2002-12-19/00:00:00,0.24,0.24,0.24,0.24,525087
2002-12-24/00:00:00,0.24,0.24,0.24,0.24,1034032
2002-12-25/00:00:00,0.24,0.24,0.24,0.24,80766
2002-12-26/00:00:00,0.24,0.24,0.24,0.24,80766
2002-12-30/00:00:00,0.24,0.24,0.24,0.24,674328
2002-12-31/00:00:00,0.24,0.24,0.24,0.24,80766
2003-01-02/00:00:00,0.24,0.24,0.24,0.24,484684
2003-01-05/00:00:00,0.24,0.24,0.24,0.24,484684
2003-01-06/00:00:00,0.24,0.24,0.24,0.24,61223
2003-01-08/00:00:00,0.24,0.24,0.24,0.24,80766
2003-01-12/00:00:00,0.24,0.24,0.24,0.24,80766
2003-01-14/00:00:00,0.24,0.24,0.24,0.24,803581
2003-01-15/00:00:00,0.24,0.24,0.24,0.24,1574411
2003-01-20/00:00:00,0.24,0.24,0.24,0.24,779340
2003-01-21/00:00:00,0.24,0.24,0.24,0.24,80766
2003-01-23/00:00:00,0.24,0.24,0.24,0.24,96927
2003-01-26/00:00:00,0.24,0.24,0.24,0.24,147541
2003-01-27/00:00:00,0.24,0.24,0.24,0.24,853746
2003-01-28/00:00:00,0.24,0.24,0.24,0.24,19968
2003-01-29/00:00:00,0.24,0.24,0.24,0.24,752544
2003-01-30/00:00:00,0.24,0.24,0.24,0.24,114370
2003-02-02/00:00:00,0.24,0.24,0.24,0.24,161537
2003-02-03/00:00:00,0.24,0.24,0.24,0.24,80766
2003-02-04/00:00:00,0.24,0.24,0.24,0.24,405195
2003-02-06/00:00:00,0.24,0.24,0.24,0.24,114370
2003-02-18/00:00:00,0.24,0.24,0.24,0.24,403879
2003-02-19/00:00:00,0.24,0.24,0.24,0.24,782720
2003-02-20/00:00:00,0.24,0.24,0.24,0.24,899658
2003-02-23/00:00:00,0.24,0.24,0.24,0.24,403879
2003-02-24/00:00:00,0.24,0.24,0.24,0.24,1130962
2003-02-26/00:00:00,0.24,0.24,0.24,0.24,1130962
2003-02-27/00:00:00,0.24,0.24,0.24,0.24,242343
2003-03-03/00:00:00,0.24,0.24,0.24,0.24,2403954
2003-03-06/00:00:00,0.24,0.24,0.24,0.24,444280
2003-03-11/00:00:00,0.24,0.24,0.24,0.24,525087
2003-03-13/00:00:00,0.24,0.24,0.24,0.24,8040
2003-03-24/00:00:00,0.24,0.24,0.24,0.24,8040
2003-03-27/00:00:00,0.24,0.24,0.24,0.24,60373
2003-04-02/00:00:00,0.24,0.24,0.24,0.24,403879
2003-04-10/00:00:00,0.24,0.24,0.24,0.24,150072
2003-04-13/00:00:00,0.24,0.24,0.24,0.24,80766
2003-04-14/00:00:00,0.24,0.24,0.24,0.24,121171
2003-04-15/00:00:00,0.24,0.24,0.24,0.24,1373302
2003-04-17/00:00:00,0.24,0.24,0.24,0.24,395836
2003-04-23/00:00:00,0.24,0.24,0.24,0.24,80766
2003-04-24/00:00:00,0.24,0.24,0.24,0.24,2221561
2003-04-29/00:00:00,0.24,0.24,0.24,0.24,229987
2003-04-30/00:00:00,0.24,0.24,0.24,0.24,383479
2003-05-04/00:00:00,0.24,0.24,0.24,0.24,403879
2003-05-06/00:00:00,0.24,0.24,0.24,0.24,1623724
2003-05-08/00:00:00,0.24,0.24,0.24,0.24,507204
2003-05-11/00:00:00,0.24,0.24,0.24,0.24,161537
2003-05-12/00:00:00,0.24,0.24,0.24,0.24,815042
2003-05-15/00:00:00,0.24,0.24,0.24,0.24,282705
2003-05-19/00:00:00,0.24,0.24,0.24,0.24,11040
2003-05-20/00:00:00,0.24,0.24,0.24,0.24,807813
2003-05-21/00:00:00,0.24,0.24,0.24,0.24,80766
2003-05-22/00:00:00,0.24,0.24,0.24,0.24,8040
2003-05-25/00:00:00,0.24,0.24,0.24,0.24,11040
2003-05-26/00:00:00,0.24,0.24,0.24,0.24,484684
2003-05-27/00:00:00,0.24,0.24,0.24,0.24,11040
2003-05-29/00:00:00,0.24,0.24,0.24,0.24,23350
2003-06-01/00:00:00,0.24,0.24,0.24,0.24,400494
2003-06-02/00:00:00,0.24,0.24,0.24,0.24,161537
2003-06-03/00:00:00,0.24,0.24,0.24,0.24,40363
2003-06-05/00:00:00,0.24,0.24,0.24,0.24,8040
2003-06-10/00:00:00,0.24,0.24,0.24,0.24,403879
2003-06-12/00:00:00,0.24,0.24,0.24,0.24,40363
2003-06-17/00:00:00,0.24,0.24,0.24,0.24,363514
2003-06-18/00:00:00,0.24,0.24,0.24,0.24,80766
2003-06-19/00:00:00,0.24,0.24,0.24,0.24,354602
2003-06-22/00:00:00,0.24,0.24,0.24,0.24,427288
2003-06-23/00:00:00,0.24,0.24,0.24,0.24,19968
2003-06-24/00:00:00,0.24,0.24,0.24,0.24,690487
2003-06-25/00:00:00,0.24,0.24,0.24,0.24,11889
2003-06-29/00:00:00,0.24,0.24,0.24,0.24,928985
2003-06-30/00:00:00,0.24,0.24,0.24,0.24,358406
2003-07-02/00:00:00,0.24,0.24,0.24,0.24,80766
2003-07-03/00:00:00,0.24,0.24,0.24,0.24,9356
2003-07-08/00:00:00,0.24,0.24,0.24,0.24,40363
2003-07-14/00:00:00,0.24,0.24,0.24,0.24,141992
2003-07-20/00:00:00,0.24,0.24,0.24,0.24,91806
2003-07-21/00:00:00,0.24,0.24,0.24,0.24,19968
2003-07-27/00:00:00,0.24,0.24,0.24,0.24,11889
2003-07-29/00:00:00,0.24,0.24,0.24,0.24,789099
2003-07-30/00:00:00,0.24,0.24,0.24,0.24,210020
2003-08-14/00:00:00,0.24,0.24,0.24,0.24,80766
2003-08-20/00:00:00,0.24,0.24,0.24,0.24,8040
2003-08-21/00:00:00,0.24,0.24,0.24,0.24,121171
2003-08-25/00:00:00,0.24,0.24,0.24,0.24,20821
2003-08-26/00:00:00,0.24,0.24,0.24,0.24,201938
2003-08-28/00:00:00,0.24,0.24,0.24,0.24,40363
2003-09-04/00:00:00,0.24,0.24,0.24,0.24,80766
2003-09-09/00:00:00,0.24,0.24,0.24,0.24,48442
2003-09-14/00:00:00,0.24,0.24,0.24,0.24,40363
2003-09-15/00:00:00,0.24,0.24,0.24,0.24,21670
2003-09-16/00:00:00,0.24,0.24,0.24,0.24,403879
2003-09-17/00:00:00,0.24,0.24,0.24,0.24,149221
2003-09-18/00:00:00,0.24,0.24,0.24,0.24,48442
2003-09-21/00:00:00,0.24,0.24,0.24,0.24,525087
2003-09-24/00:00:00,0.24,0.24,0.24,0.24,1211732
2003-09-29/00:00:00,0.24,0.24,0.24,0.24,96927
2003-09-30/00:00:00,0.24,0.24,0.24,0.24,151770
2003-10-01/00:00:00,0.24,0.24,0.24,0.24,274625
2003-10-07/00:00:00,0.24,0.24,0.24,0.24,88848
2003-10-08/00:00:00,0.24,0.24,0.24,0.24,218099
2003-10-09/00:00:00,0.24,0.24,0.24,0.24,16123
2003-10-14/00:00:00,0.24,0.24,0.24,0.24,80766
2003-10-20/00:00:00,0.24,0.24,0.24,0.24,892428
2003-10-21/00:00:00,0.24,0.24,0.24,0.24,137292
2003-10-22/00:00:00,0.24,0.24,0.24,0.24,646279
2003-10-23/00:00:00,0.24,0.24,0.24,0.24,738934
2003-10-26/00:00:00,0.24,0.24,0.24,0.24,370766
2003-10-27/00:00:00,0.24,0.24,0.24,0.24,868183
2003-11-02/00:00:00,0.24,0.24,0.24,0.24,84574
2003-11-06/00:00:00,0.24,0.24,0.24,0.24,80766
2003-11-09/00:00:00,0.24,0.24,0.24,0.24,565472
2003-11-10/00:00:00,0.24,0.24,0.24,0.24,565472
2003-11-11/00:00:00,0.24,0.24,0.24,0.24,343929
2003-11-12/00:00:00,0.24,0.24,0.24,0.24,592669
2003-11-13/00:00:00,0.24,0.24,0.24,0.24,525514
2003-11-16/00:00:00,0.24,0.24,0.24,0.24,528060
2003-11-18/00:00:00,0.24,0.24,0.24,0.24,8040
2003-11-19/00:00:00,0.24,0.24,0.24,0.24,282705
2003-11-23/00:00:00,0.24,0.24,0.24,0.24,52293
2003-12-04/00:00:00,0.24,0.24,0.24,0.24,1472402
2003-12-07/00:00:00,0.24,0.24,0.24,0.24,40363
2003-12-09/00:00:00,0.24,0.24,0.24,0.24,80766
2003-12-10/00:00:00,0.24,0.24,0.24,0.24,242343
2003-12-11/00:00:00,0.24,0.24,0.24,0.24,80766
2003-12-14/00:00:00,0.24,0.24,0.24,0.24,323110
2003-12-15/00:00:00,0.24,0.24,0.24,0.24,400494
2003-12-16/00:00:00,0.24,0.24,0.24,0.24,625844
2003-12-17/00:00:00,0.24,0.24,0.24,0.24,80766
2003-12-18/00:00:00,0.24,0.24,0.24,0.24,84574
2003-12-22/00:00:00,0.24,0.24,0.24,0.24,16123
2003-12-30/00:00:00,0.24,0.24,0.24,0.24,153454
2004-01-05/00:00:00,0.24,0.24,0.24,0.24,403879
2004-01-06/00:00:00,0.24,0.24,0.24,0.24,2596962
2004-01-08/00:00:00,0.24,0.24,0.24,0.24,1110570
2004-01-11/00:00:00,0.24,0.24,0.24,0.24,363514
2004-01-12/00:00:00,0.24,0.24,0.24,0.24,331616
2004-01-13/00:00:00,0.24,0.24,0.24,0.24,24200
2004-01-14/00:00:00,0.24,0.24,0.24,0.24,807813
2004-01-15/00:00:00,0.24,0.24,0.24,0.24,8040
2004-01-18/00:00:00,0.24,0.24,0.24,0.24,204913
2004-01-21/00:00:00,0.24,0.24,0.24,0.24,1725354
2004-01-22/00:00:00,0.24,0.24,0.24,0.24,1494478
2004-01-25/00:00:00,0.24,0.24,0.24,0.24,969390
2004-01-26/00:00:00,0.24,0.24,0.24,0.24,1656048
2004-01-27/00:00:00,0.24,0.24,0.24,0.24,484684
2004-01-28/00:00:00,0.24,0.24,0.24,0.24,282705
2004-01-29/00:00:00,0.24,0.24,0.24,0.24,19968
2004-02-03/00:00:00,0.24,0.24,0.24,0.24,80766
2004-02-04/00:00:00,0.24,0.24,0.24,0.24,100735
2004-02-05/00:00:00,0.24,0.24,0.24,0.24,19968
2004-02-08/00:00:00,0.24,0.24,0.24,0.24,161537
2004-02-09/00:00:00,0.24,0.24,0.24,0.24,19968
2004-02-10/00:00:00,0.24,0.24,0.24,0.24,80766
2004-02-11/00:00:00,0.24,0.24,0.24,0.24,161537
2004-02-12/00:00:00,0.24,0.24,0.24,0.24,40363
2004-02-15/00:00:00,0.24,0.24,0.24,0.24,787418
2004-02-16/00:00:00,0.24,0.24,0.24,0.24,80766
2004-02-17/00:00:00,0.24,0.24,0.24,0.24,605874
2004-02-18/00:00:00,0.24,0.24,0.24,0.24,105008
2004-02-19/00:00:00,0.24,0.24,0.24,0.24,173462
2004-02-22/00:00:00,0.24,0.24,0.24,0.24,80766
2004-02-23/00:00:00,0.24,0.24,0.24,0.24,272093
2004-02-24/00:00:00,0.24,0.24,0.24,0.24,44208
2004-02-29/00:00:00,0.24,0.24,0.24,0.24,121171
2004-03-01/00:00:00,0.24,0.24,0.24,0.24,41642
2004-03-02/00:00:00,0.24,0.24,0.24,0.24,948996
2004-03-03/00:00:00,0.24,0.24,0.24,0.24,161537
2004-03-04/00:00:00,0.24,0.24,0.24,0.24,40363
2004-03-08/00:00:00,0.24,0.24,0.24,0.24,189626
2004-03-09/00:00:00,0.24,0.24,0.24,0.24,6360
2004-03-10/00:00:00,0.24,0.24,0.24,0.24,80766
2004-03-14/00:00:00,0.24,0.24,0.24,0.24,312497
2004-03-15/00:00:00,0.24,0.24,0.24,0.24,179822
2004-03-16/00:00:00,0.24,0.24,0.24,0.24,64604
2004-03-17/00:00:00,0.24,0.24,0.24,0.24,282705
2004-03-21/00:00:00,0.24,0.24,0.24,0.24,205745
2004-03-22/00:00:00,0.24,0.24,0.24,0.24,682409
2004-03-24/00:00:00,0.24,0.24,0.24,0.24,282705
2004-03-25/00:00:00,0.24,0.24,0.24,0.24,1293812
2004-03-28/00:00:00,0.24,0.24,0.24,0.24,3807
2004-03-29/00:00:00,0.24,0.24,0.24,0.24,40363
2004-04-05/00:00:00,0.24,0.24,0.24,0.24,242343
2004-04-06/00:00:00,0.24,0.24,0.24,0.24,97355
2004-04-08/00:00:00,0.24,0.24,0.24,0.24,646279
2004-04-13/00:00:00,0.24,0.24,0.24,0.24,323110
2004-04-14/00:00:00,0.24,0.24,0.24,0.24,508095
2004-04-19/00:00:00,0.24,0.24,0.24,0.24,32284
2004-04-20/00:00:00,0.24,0.24,0.24,0.24,28049
2004-04-22/00:00:00,0.24,0.24,0.24,0.24,80766
2004-04-26/00:00:00,0.24,0.24,0.24,0.24,453637
2004-04-27/00:00:00,0.24,0.24,0.24,0.24,30604
2004-04-28/00:00:00,0.24,0.24,0.24,0.24,29751
2004-04-29/00:00:00,0.24,0.24,0.24,0.24,30604
2004-05-05/00:00:00,0.24,0.24,0.24,0.24,10208
2004-05-06/00:00:00,0.24,0.24,0.24,0.24,242343
2004-05-09/00:00:00,0.24,0.24,0.24,0.24,452362
2004-05-11/00:00:00,0.24,0.24,0.24,0.24,201938
2004-05-13/00:00:00,0.24,0.24,0.24,0.24,251700
2004-05-16/00:00:00,0.24,0.24,0.24,0.24,121171
2004-05-17/00:00:00,0.24,0.24,0.24,0.24,221906
2004-05-23/00:00:00,0.24,0.24,0.24,0.24,16123
2004-06-10/00:00:00,0.24,0.24,0.24,0.24,1167094
2004-06-16/00:00:00,0.24,0.24,0.24,0.24,108819
2004-06-17/00:00:00,0.24,0.24,0.24,0.24,484684
2004-06-20/00:00:00,0.24,0.24,0.24,0.24,666248
2004-06-21/00:00:00,0.24,0.24,0.24,0.24,3807
2004-06-23/00:00:00,0.24,0.24,0.24,0.24,500847
2004-06-24/00:00:00,0.24,0.24,0.24,0.24,80766
2004-06-28/00:00:00,0.24,0.24,0.24,0.24,32284
2004-06-30/00:00:00,0.24,0.24,0.24,0.24,60373
2004-07-05/00:00:00,0.24,0.24,0.24,0.24,19118
2004-07-08/00:00:00,0.24,0.24,0.24,0.24,97355
2004-07-11/00:00:00,0.24,0.24,0.24,0.24,747014
2004-07-12/00:00:00,0.24,0.24,0.24,0.24,364790
2004-07-13/00:00:00,0.24,0.24,0.24,0.24,381802
2004-07-18/00:00:00,0.24,0.24,0.24,0.24,500847
2004-07-21/00:00:00,0.24,0.24,0.24,0.24,295484
2004-07-28/00:00:00,0.24,0.24,0.24,0.24,80766
2004-07-29/00:00:00,0.24,0.24,0.24,0.24,1947300
2004-08-02/00:00:00,0.24,0.24,0.24,0.24,1363544
2004-08-03/00:00:00,0.24,0.24,0.24,0.24,1050198
2004-08-04/00:00:00,0.24,0.24,0.24,0.24,93506
2004-08-08/00:00:00,0.24,0.24,0.24,0.24,181544
2004-08-09/00:00:00,0.24,0.24,0.24,0.24,3236882
2004-08-10/00:00:00,0.24,0.24,0.24,0.24,8040
2004-08-11/00:00:00,0.24,0.24,0.24,0.24,19968
2004-08-12/00:00:00,0.24,0.24,0.24,0.24,60373
2004-08-15/00:00:00,0.24,0.24,0.24,0.24,226180
2004-08-18/00:00:00,0.24,0.24,0.24,0.24,40363
2004-08-25/00:00:00,0.24,0.24,0.24,0.24,40363
2004-08-26/00:00:00,0.24,0.24,0.24,0.24,40363
2004-09-01/00:00:00,0.24,0.24,0.24,0.24,16123
2004-09-02/00:00:00,0.24,0.24,0.24,0.24,58651
2004-09-06/00:00:00,0.24,0.24,0.24,0.24,19968
2004-09-07/00:00:00,0.24,0.24,0.24,0.24,16123
2004-09-09/00:00:00,0.24,0.24,0.24,0.24,16123
2004-09-16/00:00:00,0.24,0.24,0.24,0.24,484684
2004-09-19/00:00:00,0.24,0.24,0.24,0.24,100735
2004-09-20/00:00:00,0.24,0.24,0.24,0.24,36131
2004-09-22/00:00:00,0.24,0.24,0.24,0.24,80766
2004-09-27/00:00:00,0.24,0.24,0.24,0.24,52293
2004-09-28/00:00:00,0.24,0.24,0.24,0.24,100735
2004-10-05/00:00:00,0.24,0.24,0.24,0.24,40363
2004-10-10/00:00:00,0.24,0.24,0.24,0.24,48442
2004-10-11/00:00:00,0.24,0.24,0.24,0.24,403879
2004-10-12/00:00:00,0.24,0.24,0.24,0.24,1196885
2004-10-13/00:00:00,0.24,0.24,0.24,0.24,349476
2004-10-14/00:00:00,0.24,0.24,0.24,0.24,16123
2004-10-19/00:00:00,0.24,0.24,0.24,0.24,9356
2004-10-20/00:00:00,0.24,0.24,0.24,0.24,236386
2004-10-21/00:00:00,0.24,0.24,0.24,0.24,80766
2004-10-25/00:00:00,0.24,0.24,0.24,0.24,701956
2004-10-26/00:00:00,0.24,0.24,0.24,0.24,969390
2004-10-27/00:00:00,0.24,0.24,0.24,0.24,170892
2004-10-28/00:00:00,0.24,0.24,0.24,0.24,1957934
2004-10-31/00:00:00,0.24,0.24,0.24,0.24,949846
2004-11-01/00:00:00,0.24,0.24,0.24,0.24,1050198
2004-11-02/00:00:00,0.24,0.24,0.24,0.24,80766
2004-11-03/00:00:00,0.24,0.24,0.24,0.24,1050198
2004-11-04/00:00:00,0.24,0.24,0.24,0.24,549309
2004-11-10/00:00:00,0.24,0.24,0.24,0.24,24200
2004-11-16/00:00:00,0.24,0.24,0.24,0.24,80766
2004-11-17/00:00:00,0.24,0.24,0.24,0.24,1122881
2004-12-06/00:00:00,0.24,0.24,0.24,0.24,121171
2004-12-09/00:00:00,0.24,0.24,0.24,0.24,20381802
2004-12-12/00:00:00,0.24,0.24,0.24,0.24,121171
2004-12-13/00:00:00,0.24,0.24,0.24,0.24,121171
2004-12-14/00:00:00,0.24,0.24,0.24,0.24,155619
2004-12-15/00:00:00,0.24,0.24,0.24,0.24,622441
2004-12-16/00:00:00,0.24,0.24,0.24,0.24,318007
2004-12-21/00:00:00,0.24,0.24,0.24,0.24,368168
2004-12-22/00:00:00,0.24,0.24,0.24,0.24,463418
2004-12-23/00:00:00,0.24,0.24,0.24,0.24,738934
2004-12-26/00:00:00,0.24,0.24,0.24,0.24,484684
2004-12-28/00:00:00,0.24,0.24,0.24,0.24,80766
2004-12-29/00:00:00,0.24,0.24,0.24,0.24,169614
2004-12-30/00:00:00,0.24,0.24,0.24,0.24,64604
2005-01-02/00:00:00,0.42,0.43,0.42,0.43,971
2005-01-03/00:00:00,0.43,0.43,0.43,0.43,971
2005-01-04/00:00:00,0.43,0.43,0.43,0.43,36943
2005-01-05/00:00:00,0.43,0.43,0.43,0.43,2898
2005-01-06/00:00:00,0.43,0.43,0.43,0.43,68312
2005-01-09/00:00:00,0.43,0.43,0.43,0.43,1357
2005-01-10/00:00:00,0.43,0.43,0.43,0.43,28514
2005-01-12/00:00:00,0.43,0.43,0.43,0.43,13205
2005-01-13/00:00:00,0.44,0.45,0.43,0.44,49029
2005-01-16/00:00:00,0.47,0.47,0.47,0.47,70340
2005-01-17/00:00:00,0.47,0.48,0.47,0.48,58874
2005-01-18/00:00:00,0.47,0.47,0.47,0.47,5390
2005-01-24/00:00:00,0.48,0.48,0.48,0.48,35746
2005-01-25/00:00:00,0.47,0.5,0.47,0.5,10428
2005-01-27/00:00:00,0.5,0.52,0.5,0.5,10590
2005-01-30/00:00:00,0.47,0.48,0.47,0.48,27908
2005-01-31/00:00:00,0.48,0.48,0.48,0.48,3846
2005-02-02/00:00:00,0.51,0.51,0.51,0.51,19239
2005-02-03/00:00:00,0.51,0.53,0.51,0.53,33294
2005-02-06/00:00:00,0.54,0.54,0.54,0.54,24627
2005-02-07/00:00:00,0.58,0.58,0.58,0.58,17317
2005-02-08/00:00:00,0.55,0.55,0.54,0.54,9621
2005-02-09/00:00:00,0.53,0.53,0.53,0.53,38096
2005-02-13/00:00:00,0.52,0.52,0.49,0.52,4434
2005-02-14/00:00:00,0.52,0.52,0.5,0.5,26937
2005-02-15/00:00:00,0.51,0.51,0.5,0.5,1926
2005-02-16/00:00:00,0.51,0.52,0.51,0.52,50227
2005-02-21/00:00:00,0.51,0.54,0.51,0.54,7129
2005-02-22/00:00:00,0.54,0.57,0.54,0.57,6845
2005-02-24/00:00:00,0.57,0.57,0.57,0.57,3846
2005-02-27/00:00:00,0.54,0.54,0.54,0.54,30401
2005-02-28/00:00:00,0.52,0.54,0.52,0.54,387
2005-03-01/00:00:00,0.55,0.55,0.55,0.55,24062
2005-03-03/00:00:00,0.55,0.55,0.55,0.55,9314
2005-03-07/00:00:00,0.55,0.55,0.55,0.55,71187
2005-03-08/00:00:00,0.55,0.55,0.55,0.55,9621
2005-03-09/00:00:00,0.54,0.54,0.54,0.54,44250
2005-03-10/00:00:00,0.54,0.55,0.54,0.54,18775
2005-03-13/00:00:00,0.55,0.55,0.54,0.54,82
2005-03-14/00:00:00,0.53,0.54,0.53,0.54,4314
2005-03-15/00:00:00,0.54,0.54,0.54,0.54,80890
2005-03-16/00:00:00,0.55,0.55,0.55,0.55,21164
2005-03-17/00:00:00,0.55,0.58,0.54,0.55,89475
2005-03-20/00:00:00,0.58,0.58,0.55,0.55,23293
2005-03-21/00:00:00,0.55,0.55,0.55,0.55,1357
2005-03-22/00:00:00,0.55,0.55,0.54,0.54,24891
2005-03-23/00:00:00,0.54,0.54,0.54,0.54,7049
2005-03-27/00:00:00,0.58,0.58,0.54,0.55,17133
2005-03-28/00:00:00,0.55,0.55,0.54,0.54,7820
2005-03-29/00:00:00,0.54,0.54,0.54,0.54,4314
2005-03-30/00:00:00,0.54,0.54,0.52,0.54,1741
2005-03-31/00:00:00,0.54,0.54,0.54,0.54,23085
2005-04-03/00:00:00,0.52,0.54,0.51,0.54,2898
2005-04-05/00:00:00,0.51,0.54,0.51,0.54,2898
2005-04-06/00:00:00,0.52,0.54,0.52,0.54,185635
2005-04-07/00:00:00,0.54,0.54,0.52,0.54,80461
2005-04-10/00:00:00,0.54,0.54,0.54,0.54,24062
2005-04-11/00:00:00,0.54,0.54,0.52,0.52,21751
2005-04-17/00:00:00,0.52,0.52,0.52,0.52,387
2005-04-19/00:00:00,0.52,0.52,0.5,0.51,47877
2005-04-20/00:00:00,0.5,0.5,0.5,0.5,9846
2005-04-27/00:00:00,0.48,0.5,0.48,0.5,892
2005-04-28/00:00:00,0.48,0.5,0.48,0.5,159
2005-05-04/00:00:00,0.54,0.54,0.49,0.54,61994
2005-05-05/00:00:00,0.5,0.54,0.5,0.54,7699
2005-05-08/00:00:00,0.54,0.54,0.53,0.54,46177
2005-05-12/00:00:00,0.5,0.5,0.5,0.5,19239
2005-05-16/00:00:00,0.49,0.5,0.49,0.5,2569
2005-05-17/00:00:00,0.5,0.5,0.5,0.5,5390
2005-05-18/00:00:00,0.51,0.51,0.51,0.51,7699
2005-05-23/00:00:00,0.51,0.51,0.51,0.51,3846
2005-05-24/00:00:00,0.54,0.54,0.48,0.52,78884
2005-05-29/00:00:00,0.52,0.52,0.52,0.52,11506
2005-05-30/00:00:00,0.53,0.53,0.49,0.51,23126
2005-05-31/00:00:00,0.51,0.51,0.51,0.51,1926
2005-06-05/00:00:00,0.49,0.51,0.49,0.51,82
2005-06-06/00:00:00,0.49,0.51,0.49,0.51,468
2005-06-07/00:00:00,0.49,0.49,0.49,0.49,39857
2005-06-08/00:00:00,0.52,0.52,0.52,0.52,3971
2005-06-09/00:00:00,0.54,0.54,0.49,0.5,13632
2005-06-12/00:00:00,0.54,0.54,0.54,0.54,11423
2005-06-14/00:00:00,0.54,0.54,0.54,0.54,6319
2005-06-15/00:00:00,0.54,0.54,0.52,0.54,19849
2005-06-16/00:00:00,0.52,0.52,0.52,0.52,12819
2005-06-19/00:00:00,0.5,0.5,0.5,0.5,96202
2005-06-21/00:00:00,0.5,0.5,0.5,0.5,3281
2005-06-22/00:00:00,0.5,0.5,0.5,0.5,25396
2005-06-23/00:00:00,0.5,0.5,0.5,0.5,4049
2005-06-27/00:00:00,0.5,0.5,0.5,0.5,971
2005-06-28/00:00:00,0.54,0.54,0.5,0.5,2128
2005-06-30/00:00:00,0.54,0.54,0.5,0.5,1542
2005-07-05/00:00:00,0.52,0.52,0.49,0.5,6158
2005-07-07/00:00:00,0.5,0.51,0.5,0.51,24404
2005-07-12/00:00:00,0.54,0.54,0.51,0.52,15978
2005-07-13/00:00:00,0.51,0.52,0.51,0.52,1741
2005-07-14/00:00:00,0.54,0.54,0.54,0.54,5773
2005-07-17/00:00:00,0.51,0.54,0.51,0.54,387
2005-07-19/00:00:00,0.54,0.55,0.54,0.54,129455
2005-07-20/00:00:00,0.58,0.58,0.58,0.58,74651
2005-07-21/00:00:00,0.6,0.6,0.6,0.6,155500
2005-07-24/00:00:00,0.64,0.64,0.58,0.64,50797
2005-07-25/00:00:00,0.6,0.6,0.6,0.6,5001
2005-07-26/00:00:00,0.58,0.63,0.58,0.62,63111
2005-07-28/00:00:00,0.65,0.65,0.6,0.64,12901
2005-07-31/00:00:00,0.62,0.62,0.62,0.62,12921
2005-08-01/00:00:00,0.62,0.62,0.62,0.62,50487
2005-08-03/00:00:00,0.58,0.62,0.58,0.62,3036
2005-08-04/00:00:00,0.64,0.64,0.58,0.6,88423
2005-08-08/00:00:00,0.62,0.62,0.62,0.62,3846
2005-08-09/00:00:00,0.58,0.62,0.58,0.62,118
2005-08-11/00:00:00,0.58,0.6,0.58,0.59,130405
2005-08-14/00:00:00,0.59,0.6,0.59,0.6,12316
2005-08-15/00:00:00,0.6,0.6,0.6,0.6,19239
2005-08-18/00:00:00,0.6,0.6,0.58,0.58,55795
2005-08-21/00:00:00,0.55,0.6,0.55,0.57,10125
2005-08-22/00:00:00,0.58,0.58,0.55,0.57,29448
2005-08-23/00:00:00,0.55,0.55,0.55,0.55,47167
2005-08-28/00:00:00,0.55,0.55,0.55,0.55,1196
2005-08-29/00:00:00,0.58,0.58,0.58,0.58,19239
2005-08-30/00:00:00,0.62,0.62,0.62,0.62,4820
2005-08-31/00:00:00,0.65,0.65,0.65,0.65,3846
2005-09-01/00:00:00,0.69,0.69,0.69,0.69,47451
2005-09-04/00:00:00,0.71,0.71,0.69,0.71,87735
2005-09-05/00:00:00,0.71,0.74,0.71,0.74,170001
2005-09-07/00:00:00,0.75,0.78,0.73,0.76,109749
2005-09-08/00:00:00,0.73,0.76,0.73,0.76,1926
2005-09-11/00:00:00,0.75,0.76,0.75,0.76,1926
2005-09-13/00:00:00,0.73,0.73,0.73,0.73,14237
2005-09-14/00:00:00,0.69,0.69,0.69,0.69,42590
2005-09-15/00:00:00,0.68,0.68,0.67,0.67,26937
2005-09-18/00:00:00,0.69,0.69,0.69,0.69,7699
2005-09-19/00:00:00,0.73,0.74,0.73,0.73,5773
2005-09-22/00:00:00,0.69,0.73,0.69,0.73,971
2005-09-25/00:00:00,0.74,0.77,0.74,0.74,12316
2005-09-26/00:00:00,0.79,0.79,0.79,0.79,13467
2005-09-27/00:00:00,0.83,0.83,0.83,0.83,273975
2005-09-28/00:00:00,0.83,0.83,0.83,0.83,39631
2005-10-02/00:00:00,0.81,0.84,0.81,0.84,7699
2005-10-03/00:00:00,0.83,0.87,0.81,0.84,50797
2005-10-05/00:00:00,0.81,0.81,0.81,0.81,3846
2005-10-10/00:00:00,0.76,0.76,0.76,0.76,17317
2005-10-12/00:00:00,0.73,0.73,0.73,0.73,60495
2005-10-13/00:00:00,0.74,0.74,0.73,0.73,102355
2005-10-16/00:00:00,0.73,0.73,0.73,0.73,346662
2005-10-17/00:00:00,0.73,0.73,0.73,0.73,93770
2005-10-18/00:00:00,0.7,0.7,0.7,0.7,19239
2005-10-19/00:00:00,0.69,0.69,0.69,0.69,52556
2005-10-20/00:00:00,0.65,0.65,0.65,0.65,23085
2005-10-23/00:00:00,0.69,0.69,0.69,0.69,53871
2005-10-24/00:00:00,0.65,0.65,0.65,0.65,19239
2005-10-25/00:00:00,0.69,0.69,0.65,0.69,21164
2005-10-26/00:00:00,0.65,0.65,0.65,0.65,11545
2005-10-27/00:00:00,0.65,0.65,0.65,0.65,12517
2005-10-30/00:00:00,0.69,0.69,0.69,0.69,42531
2005-10-31/00:00:00,0.69,0.69,0.69,0.69,730
2005-11-01/00:00:00,0.7,0.71,0.7,0.71,5773
2005-11-06/00:00:00,0.74,0.74,0.74,0.74,60495
2005-11-07/00:00:00,0.73,0.79,0.73,0.75,63653
2005-11-08/00:00:00,0.73,0.79,0.71,0.78,9356
2005-11-09/00:00:00,0.79,0.81,0.75,0.8,21629
2005-11-10/00:00:00,0.83,0.83,0.79,0.83,12959
2005-11-13/00:00:00,0.84,0.84,0.84,0.84,89879
2005-11-14/00:00:00,0.84,0.88,0.84,0.88,84049
2005-11-15/00:00:00,0.84,0.88,0.84,0.88,812
2005-11-16/00:00:00,0.84,0.88,0.84,0.84,34833
2005-11-17/00:00:00,0.83,0.83,0.83,0.83,16464
2005-11-20/00:00:00,0.83,0.83,0.83,0.83,196249
2005-11-21/00:00:00,0.83,0.83,0.83,0.83,2855
2005-11-22/00:00:00,0.81,0.81,0.79,0.8,113515
2005-11-23/00:00:00,0.76,0.76,0.76,0.76,69262
2005-11-24/00:00:00,0.77,0.78,0.77,0.77,5773
2005-11-28/00:00:00,0.81,0.81,0.81,0.81,5608
2005-11-29/00:00:00,0.84,0.84,0.84,0.84,130832
2005-12-04/00:00:00,0.84,0.84,0.84,0.84,32910
2005-12-05/00:00:00,0.84,0.88,0.84,0.84,23856
2005-12-06/00:00:00,0.88,0.88,0.84,0.84,7699
2005-12-07/00:00:00,0.84,0.84,0.84,0.84,6845
2005-12-08/00:00:00,0.8,0.84,0.8,0.8,7513
2005-12-11/00:00:00,0.84,0.84,0.8,0.8,3807
2005-12-12/00:00:00,0.83,0.84,0.83,0.84,13508
2005-12-18/00:00:00,0.81,0.81,0.81,0.81,1926
2005-12-19/00:00:00,0.84,0.84,0.76,0.79,32930
2005-12-20/00:00:00,0.75,0.79,0.75,0.79,1926
2005-12-21/00:00:00,0.79,0.79,0.79,0.79,971
2005-12-25/00:00:00,0.76,0.79,0.76,0.79,587
2005-12-26/00:00:00,0.77,0.83,0.77,0.8,12316
2006-01-02/00:00:00,0.83,0.83,0.83,0.83,7699
2006-01-03/00:00:00,0.84,0.84,0.84,0.84,3846
2006-01-04/00:00:00,0.9,0.9,0.88,0.88,11201
2006-01-05/00:00:00,0.88,0.88,0.88,0.88,11545
2006-01-08/00:00:00,0.84,0.84,0.84,0.84,17703
2006-01-12/00:00:00,0.84,0.88,0.84,0.84,19239
2006-01-15/00:00:00,0.88,0.88,0.88,0.88,9621
2006-01-16/00:00:00,0.88,0.88,0.88,0.88,7898
2006-01-17/00:00:00,0.84,0.88,0.84,0.88,387
2006-01-19/00:00:00,0.88,0.89,0.88,0.89,31330
2006-01-22/00:00:00,0.94,0.94,0.94,0.94,5589
2006-01-26/00:00:00,0.92,0.94,0.92,0.93,27827
2006-02-02/00:00:00,0.9,0.9,0.88,0.89,4232
2006-02-06/00:00:00,0.88,0.89,0.88,0.89,3463
2006-02-08/00:00:00,0.9,0.9,0.84,0.87,6158
2006-02-12/00:00:00,0.84,0.84,0.84,0.84,33294
2006-02-14/00:00:00,0.84,0.84,0.8,0.81,4351
2006-02-20/00:00:00,0.77,0.77,0.77,0.77,17783
2006-02-27/00:00:00,0.75,0.77,0.75,0.77,1926
2006-02-28/00:00:00,0.74,0.77,0.74,0.77,2898
2006-03-01/00:00:00,0.74,0.74,0.74,0.74,3846
2006-03-05/00:00:00,0.75,0.75,0.74,0.74,1926
2006-03-12/00:00:00,0.75,0.75,0.74,0.74,2898
2006-03-13/00:00:00,0.75,0.75,0.74,0.74,1157
2006-03-14/00:00:00,0.75,0.75,0.74,0.74,769
2006-03-16/00:00:00,0.71,0.74,0.71,0.74,971
2006-03-23/00:00:00,0.73,0.79,0.73,0.78,4072
2006-04-03/00:00:00,0.81,0.81,0.81,0.81,6804
2006-04-06/00:00:00,0.79,0.79,0.76,0.78,5390
2006-04-09/00:00:00,0.81,0.81,0.81,0.81,3846
2006-04-11/00:00:00,0.78,0.78,0.78,0.78,9399
2006-04-13/00:00:00,0.74,0.74,0.74,0.74,3846
2006-04-18/00:00:00,0.7,0.74,0.7,0.74,2898
2006-04-19/00:00:00,0.79,0.79,0.79,0.79,3846
2006-04-30/00:00:00,0.74,0.79,0.74,0.79,1926
2006-05-04/00:00:00,0.74,0.79,0.74,0.79,971
2006-05-09/00:00:00,0.75,0.79,0.75,0.79,971
2006-05-11/00:00:00,0.75,0.75,0.74,0.74,75623
2006-05-18/00:00:00,0.7,0.7,0.7,0.7,8667
2006-05-22/00:00:00,0.68,0.68,0.68,0.68,35562
2006-05-23/00:00:00,0.64,0.64,0.64,0.64,59038
2006-05-29/00:00:00,0.6,0.6,0.6,0.6,7699
2006-05-30/00:00:00,0.59,0.59,0.59,0.59,19239
2006-06-07/00:00:00,0.62,0.62,0.59,0.59,971
2006-06-11/00:00:00,0.62,0.62,0.59,0.59,387
2006-06-15/00:00:00,0.6,0.6,0.58,0.6,20213
2006-06-19/00:00:00,0.59,0.59,0.59,0.59,7699
2006-06-21/00:00:00,0.59,0.59,0.59,0.59,1741
2006-06-22/00:00:00,0.6,0.6,0.59,0.59,1926
2006-06-27/00:00:00,0.6,0.6,0.6,0.6,10615
2006-07-19/00:00:00,0.6,0.6,0.6,0.6,159
2006-07-26/00:00:00,0.63,0.63,0.6,0.6,1926
2006-08-01/00:00:00,0.6,0.6,0.6,0.6,9621
2006-08-03/00:00:00,0.58,0.6,0.58,0.58,32749
2006-08-06/00:00:00,0.58,0.58,0.58,0.58,2228
2006-08-10/00:00:00,0.6,0.6,0.58,0.59,3846
2006-08-15/00:00:00,0.62,0.62,0.59,0.59,1579
2006-08-16/00:00:00,0.6,0.6,0.59,0.59,1926
2006-08-23/00:00:00,0.62,0.62,0.59,0.59,769
2006-08-29/00:00:00,0.62,0.62,0.59,0.59,118
2006-08-31/00:00:00,0.62,0.62,0.59,0.59,304
2006-09-03/00:00:00,0.62,0.62,0.59,0.59,1542
2006-09-11/00:00:00,0.62,0.62,0.59,0.59,1357
2006-09-12/00:00:00,0.62,0.62,0.59,0.59,1926
2006-09-14/00:00:00,0.62,0.62,0.62,0.62,3846
2006-09-17/00:00:00,0.65,0.65,0.65,0.65,83927
2006-09-18/00:00:00,0.69,0.69,0.69,0.69,40406
2006-09-19/00:00:00,0.73,0.73,0.73,0.73,38479
2006-09-20/00:00:00,0.76,0.76,0.76,0.76,107178
2006-09-21/00:00:00,0.77,0.8,0.77,0.8,141831
2006-09-24/00:00:00,0.8,0.8,0.8,0.8,11465
2006-09-25/00:00:00,0.84,0.84,0.84,0.84,32708
2006-09-26/00:00:00,0.88,0.88,0.8,0.85,4150
2006-09-27/00:00:00,0.9,0.9,0.88,0.89,24627
2006-09-28/00:00:00,0.84,0.84,0.84,0.84,20213
2006-10-01/00:00:00,0.84,0.84,0.81,0.83,89395
2006-10-02/00:00:00,0.84,0.84,0.78,0.84,42330
2006-10-03/00:00:00,0.81,0.81,0.81,0.81,59077
2006-10-04/00:00:00,0.84,0.84,0.77,0.84,21125
2006-10-08/00:00:00,0.84,0.88,0.84,0.85,19239
2006-10-09/00:00:00,0.84,0.84,0.83,0.84,23085
2006-10-10/00:00:00,0.84,0.84,0.84,0.84,19239
2006-10-11/00:00:00,0.8,0.8,0.8,0.8,3846
2006-10-12/00:00:00,0.84,0.84,0.79,0.8,8465
2006-10-15/00:00:00,0.79,0.84,0.79,0.83,3846
2006-10-16/00:00:00,0.83,0.83,0.8,0.83,2512
2006-10-17/00:00:00,0.84,0.84,0.84,0.84,11545
2006-10-18/00:00:00,0.84,0.87,0.84,0.85,63229
2006-10-19/00:00:00,0.9,0.9,0.9,0.9,71228
2006-10-22/00:00:00,0.95,0.95,0.91,0.95,127370
2006-10-29/00:00:00,0.98,0.98,0.91,0.98,123944
2006-10-30/00:00:00,0.91,0.92,0.91,0.91,74997
2006-10-31/00:00:00,0.91,0.91,0.88,0.91,2959
2006-11-01/00:00:00,0.88,0.94,0.87,0.9,182132
2006-11-02/00:00:00,0.95,0.95,0.88,0.93,84089
2006-11-05/00:00:00,0.93,0.97,0.93,0.94,173846
2006-11-08/00:00:00,0.88,0.88,0.83,0.88,58022
2006-11-14/00:00:00,0.84,0.87,0.84,0.84,82082
2006-11-15/00:00:00,0.84,0.88,0.84,0.87,125100
2006-11-16/00:00:00,0.88,0.91,0.88,0.88,110702
2006-11-19/00:00:00,0.88,0.88,0.88,0.88,1275
2006-11-21/00:00:00,0.84,0.89,0.84,0.87,7699
2006-11-22/00:00:00,0.88,0.88,0.88,0.88,3846
2006-11-26/00:00:00,0.84,0.84,0.84,0.84,38479
2006-11-27/00:00:00,0.84,0.87,0.84,0.84,40406
2006-11-29/00:00:00,0.84,0.84,0.81,0.84,115357
2006-11-30/00:00:00,0.84,0.89,0.84,0.85,37913
2006-12-03/00:00:00,0.9,0.9,0.89,0.9,64912
2006-12-05/00:00:00,0.84,0.9,0.84,0.9,1113
2006-12-07/00:00:00,0.84,0.94,0.84,0.9,80806
2006-12-10/00:00:00,0.84,0.95,0.84,0.93,380221
2006-12-11/00:00:00,0.97,0.99,0.9,0.99,219334
2006-12-12/00:00:00,1.03,1.03,1.03,1.03,42330
2006-12-13/00:00:00,1.09,1.09,0.99,1.06,86621
2006-12-14/00:00:00,1.11,1.11,1.06,1.1,59643
2006-12-18/00:00:00,1.1,1.15,1.1,1.15,103895
2006-12-19/00:00:00,1.1,1.14,1.1,1.1,21164
2006-12-24/00:00:00,1.12,1.12,1.12,1.12,15392
2006-12-25/00:00:00,1.06,1.18,1.06,1.17,62175
2006-12-26/00:00:00,1.2,1.2,1.2,1.2,7699
2006-12-27/00:00:00,1.19,1.19,1.15,1.19,11745
2006-12-28/00:00:00,1.21,1.25,1.21,1.25,16709
2007-01-03/00:00:00,1.28,1.28,1.28,1.28,115440
2007-01-08/00:00:00,1.25,1.25,1.25,1.25,14847
2007-01-15/00:00:00,1.24,1.3,1.24,1.29,368412
2007-01-16/00:00:00,1.3,1.3,1.3,1.3,76961
2007-01-17/00:00:00,1.34,1.34,1.3,1.32,28899
2007-01-18/00:00:00,1.32,1.4,1.32,1.34,432206
2007-01-22/00:00:00,1.41,1.41,1.41,1.41,30280
2007-01-23/00:00:00,1.5,1.5,1.5,1.5,257633
2007-01-24/00:00:00,1.41,1.5,1.4,1.5,1926
2007-01-25/00:00:00,1.4,1.55,1.4,1.52,27525
2007-01-28/00:00:00,1.44,1.44,1.44,1.44,3846
2007-01-29/00:00:00,1.36,1.36,1.36,1.36,34833
2007-01-30/00:00:00,1.3,1.3,1.3,1.3,3846
2007-02-01/00:00:00,1.23,1.23,1.23,1.23,3846
2007-02-06/00:00:00,1.18,1.19,1.18,1.18,31289
2007-02-07/00:00:00,1.12,1.12,1.12,1.12,7699
2007-02-08/00:00:00,1.06,1.06,1.06,1.06,12395
2007-02-11/00:00:00,1.02,1.09,1.02,1.07,33294
2007-02-12/00:00:00,1.02,1.02,1.02,1.02,7699
2007-02-13/00:00:00,1.02,1.02,1.02,1.02,587
2007-02-14/00:00:00,0.99,0.99,0.98,0.98,121799
2007-02-15/00:00:00,1.02,1.02,0.91,0.94,61063
2007-02-20/00:00:00,0.99,1.0,0.99,1.0,18735
2007-02-21/00:00:00,1.05,1.05,1.05,1.05,3846
2007-02-22/00:00:00,1.1,1.1,1.1,1.1,26168
2007-02-25/00:00:00,1.1,1.15,1.1,1.15,24891
2007-02-26/00:00:00,1.1,1.1,1.1,1.1,40221
2007-02-27/00:00:00,1.03,1.15,1.03,1.1,41254
2007-02-28/00:00:00,1.1,1.17,1.1,1.15,38603
2007-03-01/00:00:00,1.19,1.19,1.15,1.15,1620
2007-03-04/00:00:00,1.19,1.19,1.1,1.19,8077
2007-03-06/00:00:00,1.13,1.19,1.13,1.19,587
2007-03-07/00:00:00,1.13,1.13,1.13,1.13,9621
2007-03-08/00:00:00,1.08,1.12,1.08,1.1,13853
2007-03-11/00:00:00,1.15,1.15,1.15,1.15,19239
2007-03-12/00:00:00,1.1,1.15,1.1,1.15,769
2007-03-13/00:00:00,1.19,1.2,1.19,1.2,33354
2007-03-14/00:00:00,1.2,1.21,1.2,1.21,10590
2007-03-18/00:00:00,1.18,1.18,1.18,1.18,30786
2007-03-21/00:00:00,1.11,1.18,1.11,1.18,1542
2007-03-22/00:00:00,1.11,1.18,1.11,1.18,200
2007-03-26/00:00:00,1.13,1.13,1.11,1.13,10976
2007-03-27/00:00:00,1.08,1.13,1.08,1.13,1926
2007-03-29/00:00:00,1.08,1.13,1.08,1.13,3077
2007-04-03/00:00:00,1.1,1.13,1.1,1.13,1357
2007-04-05/00:00:00,1.08,1.08,1.08,1.08,39798
2007-04-10/00:00:00,1.05,1.06,1.05,1.06,17906
2007-04-12/00:00:00,1.11,1.11,1.11,1.11,9235
2007-04-15/00:00:00,1.12,1.18,1.12,1.18,16748
2007-04-18/00:00:00,1.1,1.1,1.1,1.1,7614
2007-04-19/00:00:00,1.06,1.1,1.06,1.1,1926
2007-04-23/00:00:00,1.05,1.05,1.05,1.05,3846
2007-04-26/00:00:00,1.06,1.06,1.05,1.05,118
2007-04-29/00:00:00,1.1,1.1,1.01,1.05,2512
2007-05-02/00:00:00,1.07,1.07,1.07,1.07,15005
2007-05-03/00:00:00,1.05,1.05,1.05,1.05,5773
2007-05-06/00:00:00,1.1,1.1,1.1,1.1,20474
2007-05-07/00:00:00,1.15,1.15,1.15,1.15,37587
2007-05-08/00:00:00,1.1,1.15,1.1,1.15,2898
2007-05-09/00:00:00,1.19,1.19,1.19,1.19,15778
2007-05-10/00:00:00,1.14,1.19,1.14,1.19,387
2007-05-13/00:00:00,1.21,1.25,1.21,1.23,15392
2007-05-14/00:00:00,1.29,1.29,1.18,1.28,8667
2007-05-15/00:00:00,1.33,1.33,1.33,1.33,7436
2007-05-16/00:00:00,1.28,1.4,1.28,1.33,18286
2007-05-17/00:00:00,1.4,1.4,1.4,1.4,4273
2007-05-20/00:00:00,1.48,1.48,1.4,1.45,3846
2007-05-21/00:00:00,1.38,1.38,1.38,1.38,19239
2007-05-22/00:00:00,1.3,1.4,1.3,1.38,7311
2007-05-23/00:00:00,1.31,1.44,1.3,1.38,426
2007-05-24/00:00:00,1.3,1.3,1.3,1.3,7699
2007-05-28/00:00:00,1.3,1.31,1.3,1.3,9235
2007-05-29/00:00:00,1.3,1.38,1.3,1.38,21469
2007-05-30/00:00:00,1.4,1.44,1.3,1.42,7148
2007-06-04/00:00:00,1.4,1.5,1.34,1.4,14077
2007-06-05/00:00:00,1.48,1.48,1.45,1.47,25742
2007-06-06/00:00:00,1.55,1.55,1.41,1.52,54984
2007-06-07/00:00:00,1.44,1.44,1.44,1.44,7049
2007-06-11/00:00:00,1.36,1.36,1.36,1.36,23170
2007-06-12/00:00:00,1.4,1.44,1.4,1.4,67541
2007-06-13/00:00:00,1.34,1.34,1.33,1.33,39451
2007-06-14/00:00:00,1.29,1.3,1.29,1.3,10734
2007-06-17/00:00:00,1.35,1.35,1.28,1.34,7898
2007-06-18/00:00:00,1.3,1.3,1.3,1.3,3846
2007-06-19/00:00:00,1.3,1.3,1.3,1.3,7699
2007-06-20/00:00:00,1.24,1.36,1.24,1.35,27198
2007-06-21/00:00:00,1.34,1.34,1.3,1.3,66389
2007-06-24/00:00:00,1.3,1.3,1.3,1.3,2613
2007-06-27/00:00:00,1.25,1.3,1.25,1.3,850
2007-07-03/00:00:00,1.25,1.25,1.25,1.25,14662
2007-07-04/00:00:00,1.24,1.25,1.24,1.25,200
2007-07-05/00:00:00,1.25,1.25,1.25,1.25,3381
2007-07-09/00:00:00,1.3,1.31,1.3,1.3,28353
2007-07-15/00:00:00,1.25,1.25,1.25,1.25,3846
2007-07-18/00:00:00,1.25,1.25,1.25,1.25,15392
2007-07-19/00:00:00,1.25,1.25,1.25,1.25,26937
2007-07-22/00:00:00,1.25,1.25,1.25,1.25,6360
2007-07-24/00:00:00,1.25,1.25,1.25,1.25,1417
2007-07-25/00:00:00,1.25,1.25,1.25,1.25,23595
2007-07-29/00:00:00,1.25,1.25,1.25,1.25,971
2007-07-30/00:00:00,1.25,1.25,1.25,1.25,200
2007-07-31/00:00:00,1.25,1.25,1.23,1.25,971
2007-08-01/00:00:00,1.23,1.25,1.23,1.25,3463
2007-08-02/00:00:00,1.25,1.25,1.25,1.25,649
2007-08-06/00:00:00,1.3,1.3,1.3,1.3,18005
2007-08-07/00:00:00,1.38,1.38,1.38,1.38,9739
2007-08-08/00:00:00,1.44,1.44,1.44,1.44,9621
2007-08-09/00:00:00,1.36,1.43,1.36,1.42,4232
2007-08-12/00:00:00,1.5,1.5,1.4,1.45,13467
2007-08-13/00:00:00,1.38,1.38,1.38,1.38,9621
2007-08-14/00:00:00,1.3,1.3,1.3,1.3,73619
2007-08-19/00:00:00,1.31,1.31,1.31,1.31,11545
2007-08-20/00:00:00,1.28,1.3,1.28,1.3,40868
2007-08-21/00:00:00,1.25,1.25,1.25,1.25,5206
2007-08-22/00:00:00,1.3,1.3,1.3,1.3,5347
2007-08-23/00:00:00,1.3,1.3,1.3,1.3,13467
2007-08-26/00:00:00,1.3,1.35,1.3,1.32,77811
2007-08-27/00:00:00,1.4,1.4,1.4,1.4,13692
2007-08-28/00:00:00,1.47,1.47,1.4,1.42,10308
2007-08-29/00:00:00,1.34,1.34,1.34,1.34,5773
2007-08-30/00:00:00,1.3,1.3,1.3,1.3,3846
2007-09-03/00:00:00,1.25,1.3,1.25,1.3,769
2007-09-04/00:00:00,1.35,1.35,1.3,1.3,3077
2007-09-05/00:00:00,1.29,1.35,1.25,1.29,14316
2007-09-06/00:00:00,1.25,1.29,1.25,1.29,3666
2007-09-09/00:00:00,1.34,1.34,1.34,1.34,19239
2007-09-10/00:00:00,1.35,1.35,1.35,1.35,11380
2007-09-12/00:00:00,1.3,1.35,1.3,1.34,8667
2007-09-17/00:00:00,1.29,1.29,1.29,1.29,24545
2007-09-19/00:00:00,1.34,1.34,1.34,1.34,3846
2007-09-20/00:00:00,1.41,1.41,1.32,1.4,5773
2007-09-23/00:00:00,1.47,1.47,1.47,1.47,3846
2007-09-24/00:00:00,1.4,1.47,1.4,1.47,2309
2007-09-26/00:00:00,1.4,1.47,1.4,1.47,2086
2007-09-30/00:00:00,1.43,1.54,1.43,1.43,19239
2007-10-03/00:00:00,1.44,1.44,1.44,1.44,19239
2007-10-09/00:00:00,1.43,1.44,1.43,1.44,387
2007-10-11/00:00:00,1.45,1.53,1.45,1.47,19239
2007-10-17/00:00:00,1.4,1.47,1.4,1.47,387
2007-10-22/00:00:00,1.4,1.47,1.4,1.47,1741
2007-10-23/00:00:00,1.47,1.55,1.47,1.55,42713
2007-10-24/00:00:00,1.5,1.58,1.5,1.54,38259
2007-10-25/00:00:00,1.45,1.45,1.45,1.45,28514
2007-10-29/00:00:00,1.4,1.54,1.4,1.51,18168
2007-10-30/00:00:00,1.55,1.55,1.51,1.55,9621
2007-11-01/00:00:00,1.51,1.51,1.51,1.51,4618
2007-11-04/00:00:00,1.51,1.58,1.51,1.58,25942
2007-11-05/00:00:00,1.51,1.59,1.51,1.52,23085
2007-11-06/00:00:00,1.44,1.5,1.44,1.45,3846
2007-11-07/00:00:00,1.38,1.43,1.38,1.41,15978
2007-11-08/00:00:00,1.5,1.5,1.38,1.46,23085
2007-11-11/00:00:00,1.39,1.51,1.39,1.4,10166
2007-11-12/00:00:00,1.4,1.4,1.34,1.39,9621
2007-11-13/00:00:00,1.32,1.39,1.31,1.39,992
2007-11-22/00:00:00,1.32,1.45,1.32,1.33,30280
2007-11-25/00:00:00,1.4,1.4,1.33,1.33,3807
2007-11-26/00:00:00,1.32,1.33,1.32,1.33,1926
2007-11-27/00:00:00,1.28,1.33,1.28,1.33,344
2007-11-28/00:00:00,1.34,1.34,1.34,1.34,9621
2007-12-02/00:00:00,1.41,1.41,1.34,1.34,2531
2007-12-03/00:00:00,1.3,1.41,1.3,1.4,12189
2007-12-04/00:00:00,1.33,1.33,1.33,1.33,16243
2007-12-05/00:00:00,1.4,1.4,1.4,1.4,24665
2007-12-06/00:00:00,1.47,1.47,1.43,1.47,42288
2007-12-09/00:00:00,1.55,1.55,1.55,1.55,579163
2007-12-10/00:00:00,1.62,1.62,1.47,1.62,128866
2007-12-12/00:00:00,1.55,1.62,1.55,1.62,387
2007-12-13/00:00:00,1.55,1.55,1.55,1.55,90165
2007-12-16/00:00:00,1.46,1.46,1.46,1.46,101081
2007-12-17/00:00:00,1.4,1.45,1.4,1.4,197563
2007-12-23/00:00:00,1.3,1.43,1.3,1.4,40991
2007-12-24/00:00:00,1.54,1.82,1.51,1.65,430791
2007-12-25/00:00:00,1.82,2.21,1.8,1.96,315998
2007-12-26/00:00:00,2.26,2.3,2.04,2.16,485191
2007-12-27/00:00:00,2.18,2.18,1.96,2.07,180126
2007-12-30/00:00:00,2.07,2.21,1.94,2.0,202989
2007-12-31/00:00:00,2.0,2.06,1.86,1.96,184523
2008-01-02/00:00:00,2.07,2.21,1.86,1.96,113436
2008-01-03/00:00:00,1.9,2.18,1.9,2.07,232034
2008-01-06/00:00:00,2.18,2.21,2.1,2.18,177656
2008-01-08/00:00:00,2.17,2.26,2.11,2.18,285902
2008-01-10/00:00:00,2.09,2.13,2.07,2.09,44334
2008-01-13/00:00:00,2.18,2.33,2.18,2.3,307334
2008-01-14/00:00:00,2.21,2.43,2.18,2.3,299112
2008-01-15/00:00:00,2.18,2.31,2.18,2.28,21751
2008-01-16/00:00:00,2.3,2.3,2.17,2.24,160622
2008-01-17/00:00:00,2.43,2.43,2.21,2.3,160966
2008-01-20/00:00:00,2.23,2.3,2.11,2.18,136441
2008-01-21/00:00:00,2.12,2.23,1.97,2.16,59806
2008-01-22/00:00:00,2.04,2.11,1.75,1.91,90427
2008-01-23/00:00:00,2.07,2.18,1.96,2.07,38521
2008-01-24/00:00:00,2.04,2.14,2.04,2.07,105355
2008-01-27/00:00:00,2.21,2.29,2.14,2.18,43015
2008-01-28/00:00:00,2.17,2.17,2.05,2.07,59948
2008-01-29/00:00:00,2.18,2.18,2.11,2.14,56385
2008-01-30/00:00:00,2.22,2.33,2.18,2.27,53871
2008-01-31/00:00:00,2.21,2.44,2.21,2.33,379066
2008-02-03/00:00:00,2.48,4.17,2.48,2.81,329388
2008-02-12/00:00:00,2.74,3.9,2.74,2.96,21751
2008-02-14/00:00:00,3.9,4.15,3.9,4.05,4820
2008-02-17/00:00:00,4.36,4.64,3.66,4.24,574280
2008-02-18/00:00:00,4.03,4.25,3.78,3.94,292671
2008-02-19/00:00:00,3.76,4.28,3.76,3.9,444220
2008-02-20/00:00:00,3.86,4.06,3.73,3.8,200480
2008-02-21/00:00:00,3.7,4.03,3.69,3.92,279363
2008-02-24/00:00:00,4.12,4.48,3.9,4.09,212063
2008-02-25/00:00:00,3.9,4.1,3.79,3.95,243457
2008-02-26/00:00:00,4.17,4.41,3.97,4.12,200705
2008-02-27/00:00:00,4.03,4.2,3.88,4.0,315354
2008-02-28/00:00:00,3.82,4.48,3.12,4.04,504674
2008-03-02/00:00:00,4.54,4.91,4.54,4.86,48097
2008-03-03/00:00:00,4.84,5.29,4.54,4.98,813808
2008-03-04/00:00:00,5.2,5.2,4.8,4.98,228105
2008-03-05/00:00:00,4.68,5.07,4.68,4.91,311950
2008-03-06/00:00:00,4.78,4.78,4.49,4.53,49455
2008-03-09/00:00:00,4.55,4.87,4.51,4.72,67461
2008-03-10/00:00:00,4.8,4.87,4.42,4.54,97616
2008-03-11/00:00:00,4.74,4.76,4.47,4.6,38479
2008-03-12/00:00:00,4.57,4.71,4.42,4.54,121210
2008-03-13/00:00:00,4.03,4.6,4.03,4.45,88806
2008-03-16/00:00:00,4.54,4.67,4.47,4.53,154081
2008-03-17/00:00:00,4.46,4.46,4.19,4.24,124368
2008-03-18/00:00:00,4.2,4.36,4.17,4.22,104869
2008-03-19/00:00:00,4.3,4.3,4.17,4.22,58022
2008-03-23/00:00:00,4.6,5.03,4.42,4.75,463418
2008-03-24/00:00:00,5.01,5.2,4.61,5.01,91117
2008-03-25/00:00:00,4.54,4.87,4.46,4.57,63571
2008-03-26/00:00:00,4.8,4.8,4.42,4.5,137594
2008-03-27/00:00:00,4.48,4.48,4.14,4.24,68758
2008-03-30/00:00:00,4.19,4.48,4.19,4.3,55451
2008-03-31/00:00:00,4.42,4.68,4.28,4.47,27321
2008-04-01/00:00:00,4.42,4.6,4.42,4.51,36009
2008-04-02/00:00:00,4.67,4.67,4.19,4.27,66610
2008-04-03/00:00:00,4.2,4.42,4.2,4.26,34512
2008-04-06/00:00:00,4.42,4.63,4.28,4.53,127631
2008-04-07/00:00:00,4.6,5.07,4.53,4.87,201977
2008-04-08/00:00:00,4.74,4.94,4.63,4.87,390652
2008-04-09/00:00:00,4.78,4.78,4.6,4.72,12189
2008-04-10/00:00:00,4.51,4.68,4.5,4.53,51403
2008-04-13/00:00:00,4.5,4.67,4.42,4.49,45407
2008-04-14/00:00:00,4.63,4.63,4.42,4.47,139559
2008-04-15/00:00:00,4.55,4.71,4.5,4.6,86925
2008-04-16/00:00:00,4.53,4.67,4.25,4.43,91927
2008-04-17/00:00:00,4.36,4.42,4.22,4.3,77001
2008-04-20/00:00:00,4.3,4.3,4.24,4.25,40184
2008-04-21/00:00:00,4.39,4.39,4.17,4.22,119633
2008-04-22/00:00:00,4.18,4.18,3.94,4.1,105213
2008-04-23/00:00:00,3.9,3.97,3.78,3.88,66023
2008-04-24/00:00:00,3.92,4.03,3.64,3.8,67379
2008-04-29/00:00:00,3.92,3.92,3.66,3.8,3163
2008-04-30/00:00:00,3.82,3.84,3.74,3.75,43686
2008-05-04/00:00:00,4.03,4.05,3.97,4.05,46680
2008-05-05/00:00:00,4.0,4.0,3.64,3.66,236996
2008-05-06/00:00:00,3.69,3.86,3.64,3.66,308041
2008-05-07/00:00:00,3.66,3.7,3.66,3.66,41014
2008-05-08/00:00:00,3.59,3.69,3.55,3.58,38907
2008-05-11/00:00:00,3.64,3.64,3.33,3.42,145072
2008-05-12/00:00:00,3.49,3.49,3.24,3.33,48141
2008-05-13/00:00:00,3.33,3.33,2.75,3.04,90891
2008-05-14/00:00:00,3.34,3.34,2.91,3.04,54804
2008-05-15/00:00:00,2.99,3.04,2.51,2.73,81740
2008-05-18/00:00:00,2.85,3.23,2.85,3.04,42370
2008-05-19/00:00:00,3.04,3.08,2.93,3.0,71392
2008-05-20/00:00:00,3.12,3.12,2.93,3.04,19624
2008-05-21/00:00:00,3.06,3.66,3.06,3.3,182210
2008-05-22/00:00:00,3.15,3.51,3.15,3.25,73154
2008-05-25/00:00:00,5.69,5.74,5.45,5.45,22794
2008-05-26/00:00:00,3.23,3.37,3.23,3.3,79612
2008-05-27/00:00:00,3.37,3.9,3.37,3.58,87471
2008-05-28/00:00:00,3.45,3.45,3.3,3.43,36050
2008-05-29/00:00:00,3.34,3.51,3.24,3.39,64080
2008-06-01/00:00:00,3.45,3.67,3.41,3.49,22965
2008-06-02/00:00:00,3.34,3.54,3.24,3.42,40911
2008-06-03/00:00:00,3.18,3.43,3.16,3.24,35908
2008-06-04/00:00:00,3.18,3.43,3.12,3.2,74651
2008-06-05/00:00:00,3.17,3.19,3.04,3.15,70681
2008-06-08/00:00:00,3.2,3.28,3.15,3.18,39898
2008-06-09/00:00:00,3.23,3.23,3.08,3.11,62925
2008-06-10/00:00:00,3.09,3.28,3.09,3.15,59461
2008-06-11/00:00:00,3.04,3.15,3.04,3.15,3036
2008-06-12/00:00:00,3.28,3.34,3.06,3.15,30985
2008-06-15/00:00:00,3.32,3.98,3.29,3.75,534405
2008-06-16/00:00:00,3.9,4.25,3.78,4.12,186202
2008-06-17/00:00:00,3.9,4.16,3.78,3.97,323151
2008-06-18/00:00:00,4.15,4.15,3.74,3.86,126338
2008-06-19/00:00:00,3.69,3.73,3.54,3.64,87695
2008-06-22/00:00:00,3.85,4.24,3.64,3.7,100735
2008-06-23/00:00:00,3.64,3.66,3.38,3.56,46177
2008-06-24/00:00:00,3.52,3.61,3.43,3.48,33821
2008-06-25/00:00:00,3.44,3.44,3.15,3.39,76618
2008-06-26/00:00:00,3.15,3.37,3.12,3.24,111631
2008-06-29/00:00:00,3.37,3.37,3.2,3.34,19322
2008-06-30/00:00:00,3.2,3.2,3.04,3.12,45609
2008-07-02/00:00:00,3.37,3.43,3.2,3.29,81357
2008-07-03/00:00:00,3.19,3.19,3.04,3.09,87549
2008-07-06/00:00:00,3.33,3.33,2.93,3.04,89740
2008-07-07/00:00:00,3.04,3.04,2.75,2.96,54256
2008-07-08/00:00:00,2.98,3.08,2.75,2.94,84696
2008-07-09/00:00:00,3.04,3.04,2.77,2.83,27707
2008-07-10/00:00:00,2.77,2.78,2.6,2.74,135025
2008-07-13/00:00:00,2.67,2.85,2.57,2.7,137254
2008-07-14/00:00:00,2.8,2.93,2.74,2.78,46948
2008-07-15/00:00:00,3.01,3.01,2.74,2.81,66185
2008-07-16/00:00:00,2.73,2.74,2.33,2.56,96970
2008-07-17/00:00:00,2.48,2.52,2.37,2.42,76413
2008-07-20/00:00:00,2.48,2.48,2.48,2.48,22135
2008-07-21/00:00:00,2.52,2.52,2.22,2.35,36779
2008-07-22/00:00:00,2.23,2.33,2.23,2.27,26753
2008-07-24/00:00:00,2.37,2.55,2.33,2.4,48097
2008-07-27/00:00:00,2.4,2.5,2.4,2.44,98631
2008-07-28/00:00:00,2.53,2.53,2.42,2.43,46985
2008-07-29/00:00:00,2.42,2.42,2.22,2.27,115440
2008-07-30/00:00:00,2.18,2.26,2.17,2.18,85465
2008-07-31/00:00:00,2.23,2.27,2.17,2.18,147843
2008-08-03/00:00:00,2.14,2.14,2.14,2.14,15816
2008-08-04/00:00:00,2.14,2.14,2.02,2.07,55534
2008-08-05/00:00:00,2.04,2.04,2.02,2.03,26206
2008-08-07/00:00:00,2.07,2.14,1.96,2.02,31393
2008-08-11/00:00:00,1.96,1.96,1.74,1.87,109706
2008-08-12/00:00:00,2.21,2.21,1.94,2.01,17703
2008-08-13/00:00:00,1.86,1.96,1.86,1.91,30745
2008-08-14/00:00:00,1.94,2.04,1.82,1.89,32323
2008-08-17/00:00:00,1.88,2.17,1.88,1.92,52031
2008-08-18/00:00:00,1.86,1.86,1.86,1.86,56060
2008-08-19/00:00:00,1.88,1.88,1.82,1.84,17518
2008-08-20/00:00:00,1.77,1.9,1.56,1.75,24200
2008-08-21/00:00:00,1.72,1.83,1.7,1.71,20598
2008-08-24/00:00:00,1.74,1.81,1.72,1.74,18308
2008-08-25/00:00:00,1.81,1.82,1.7,1.73,5267
2008-08-26/00:00:00,1.86,1.86,1.74,1.81,25093
2008-08-27/00:00:00,1.85,1.85,1.77,1.81,7919
2008-08-28/00:00:00,1.74,1.85,1.74,1.85,44553
2008-08-31/00:00:00,1.94,1.99,1.9,1.92,23293
2008-09-03/00:00:00,1.74,2.03,1.74,1.88,19624
2008-09-04/00:00:00,1.8,1.91,1.79,1.81,22441
2008-09-07/00:00:00,1.85,1.85,1.82,1.82,88504
2008-09-08/00:00:00,1.92,2.0,1.85,1.95,59257
2008-09-09/00:00:00,1.96,2.06,1.85,1.91,29833
2008-09-10/00:00:00,2.06,2.14,2.02,2.07,58326
2008-09-11/00:00:00,2.14,2.17,2.07,2.11,25215
2008-09-14/00:00:00,2.11,2.17,2.07,2.11,29851
2008-09-15/00:00:00,1.94,2.07,1.94,1.99,20130
2008-09-17/00:00:00,1.92,1.94,1.91,1.92,9115
2008-09-18/00:00:00,1.82,1.82,1.64,1.75,78842
2008-09-21/00:00:00,1.72,1.82,1.7,1.73,24748
2008-09-22/00:00:00,1.71,1.71,1.63,1.66,30786
2008-09-28/00:00:00,1.85,1.85,1.66,1.71,41823
2008-09-29/00:00:00,1.66,1.66,1.59,1.63,19239
2008-10-07/00:00:00,1.55,1.55,1.23,1.28,8548
2008-10-08/00:00:00,1.55,1.55,1.28,1.28,1964
2008-10-09/00:00:00,1.4,1.48,1.3,1.38,36758
2008-10-12/00:00:00,1.1,1.32,1.1,1.15,50957
2008-10-13/00:00:00,1.19,1.25,1.19,1.21,30239
2008-10-14/00:00:00,1.45,1.45,1.32,1.35,17358
2008-10-15/00:00:00,1.31,1.43,1.31,1.33,31372
2008-10-16/00:00:00,1.34,1.34,1.3,1.33,2389
2008-10-19/00:00:00,1.43,1.55,1.38,1.47,112581
2008-10-20/00:00:00,1.55,1.55,1.46,1.52,18937
2008-10-21/00:00:00,1.51,1.54,1.46,1.51,124027
2008-10-22/00:00:00,1.51,1.51,1.3,1.38,193168
2008-10-23/00:00:00,1.21,1.38,1.21,1.28,67420
2008-10-29/00:00:00,1.51,1.54,1.34,1.51,379027
2008-10-30/00:00:00,1.78,1.78,1.62,1.68,162039
2008-11-03/00:00:00,1.81,2.01,1.81,1.96,348973
2008-11-04/00:00:00,2.01,2.07,1.82,1.96,143348
2008-11-05/00:00:00,1.92,2.0,1.82,1.85,133140
2008-11-06/00:00:00,1.85,1.9,1.82,1.85,15856
2008-11-09/00:00:00,1.85,1.94,1.79,1.84,83118
2008-11-10/00:00:00,1.93,1.96,1.82,1.92,114102
2008-11-11/00:00:00,1.77,1.96,1.77,1.81,71574
2008-11-12/00:00:00,1.66,1.71,1.66,1.69,24445
2008-11-13/00:00:00,1.77,1.82,1.74,1.78,62641
2008-11-16/00:00:00,1.71,1.96,1.71,1.8,118092
2008-11-17/00:00:00,1.66,1.71,1.63,1.69,104100
2008-11-18/00:00:00,1.58,1.63,1.34,1.54,27827
2008-11-19/00:00:00,1.51,1.6,1.5,1.55,80241
2008-11-20/00:00:00,1.45,1.6,1.45,1.55,106327
2008-11-23/00:00:00,1.55,1.55,1.55,1.55,3846
2008-11-24/00:00:00,1.4,1.43,1.25,1.32,43866
2008-11-25/00:00:00,1.45,1.59,1.45,1.55,71652
2008-11-26/00:00:00,1.8,1.82,1.8,1.81,37711
2008-11-27/00:00:00,1.82,1.82,1.82,1.82,10590
2008-11-30/00:00:00,1.85,1.85,1.82,1.82,1926
2008-12-01/00:00:00,1.7,1.72,1.7,1.71,5773
2008-12-02/00:00:00,1.7,1.7,1.7,1.7,5589
2008-12-03/00:00:00,1.58,1.69,1.58,1.62,20050
2008-12-04/00:00:00,1.72,1.72,1.72,1.72,6158
2008-12-11/00:00:00,1.82,1.83,1.82,1.82,3846
2008-12-14/00:00:00,1.9,1.92,1.7,1.75,13674
2008-12-15/00:00:00,1.66,1.75,1.66,1.75,3463
2008-12-16/00:00:00,1.74,1.77,1.61,1.72,25903
2008-12-17/00:00:00,1.6,1.63,1.6,1.62,7699
2008-12-18/00:00:00,1.61,1.61,1.6,1.6,10857
2008-12-21/00:00:00,1.54,1.7,1.51,1.53,44334
2008-12-22/00:00:00,1.55,1.56,1.55,1.55,6158
2008-12-23/00:00:00,1.43,1.74,1.4,1.51,21366
2008-12-24/00:00:00,1.66,1.66,1.63,1.65,6541
2008-12-25/00:00:00,1.72,1.72,1.5,1.55,41375
2008-12-28/00:00:00,1.58,1.58,1.45,1.51,14053
2008-12-30/00:00:00,1.58,1.58,1.51,1.51,1926
2008-12-31/00:00:00,1.43,1.55,1.43,1.51,7699
2009-01-04/00:00:00,1.55,1.6,1.55,1.55,23293
2009-01-05/00:00:00,1.5,1.66,1.5,1.65,63916
2009-01-06/00:00:00,1.71,1.71,1.71,1.71,6158
2009-01-08/00:00:00,1.69,1.7,1.66,1.68,8465
2009-01-11/00:00:00,1.51,1.63,1.51,1.56,68312
2009-01-12/00:00:00,1.55,1.68,1.54,1.58,96077
2009-01-13/00:00:00,1.71,1.89,1.63,1.8,275353
2009-01-14/00:00:00,1.86,2.12,1.86,2.04,151875
2009-01-15/00:00:00,1.94,2.06,1.85,1.91,104198
2009-01-18/00:00:00,1.86,1.94,1.81,1.87,109404
2009-01-19/00:00:00,1.85,1.86,1.72,1.78,126338
2009-01-20/00:00:00,1.7,1.74,1.66,1.68,41254
2009-01-21/00:00:00,1.6,1.71,1.55,1.58,31289
2009-01-22/00:00:00,1.55,1.6,1.5,1.56,47025
2009-01-25/00:00:00,1.51,1.51,1.45,1.5,9438
2009-01-26/00:00:00,1.47,1.62,1.44,1.51,47591
2009-01-27/00:00:00,1.66,1.74,1.54,1.64,54336
2009-01-28/00:00:00,1.6,1.6,1.55,1.59,35708
2009-01-29/00:00:00,1.58,1.6,1.5,1.55,56220
2009-02-01/00:00:00,1.51,1.55,1.5,1.54,20555
2009-02-02/00:00:00,1.55,1.55,1.4,1.47,30786
2009-02-03/00:00:00,1.5,1.54,1.5,1.51,19057
2009-02-04/00:00:00,1.5,1.5,1.43,1.45,15816
2009-02-05/00:00:00,1.4,1.4,1.3,1.35,54256
2009-02-08/00:00:00,1.38,1.38,1.34,1.36,10308
2009-02-09/00:00:00,1.41,1.5,1.41,1.44,30985
2009-02-10/00:00:00,1.52,1.52,1.52,1.52,3846
2009-02-11/00:00:00,1.52,1.52,1.38,1.44,36294
2009-02-12/00:00:00,1.47,1.51,1.43,1.44,29709
2009-02-15/00:00:00,1.6,1.62,1.6,1.62,3846
2009-02-16/00:00:00,1.47,1.58,1.47,1.55,36557
2009-02-17/00:00:00,1.81,2.07,1.72,1.85,300140
2009-02-18/00:00:00,1.68,1.77,1.6,1.73,36252
2009-02-19/00:00:00,1.6,1.73,1.6,1.66,84819
2009-02-22/00:00:00,1.55,1.77,1.55,1.72,119106
2009-02-23/00:00:00,1.74,1.74,1.66,1.69,32524
2009-02-24/00:00:00,1.62,1.74,1.58,1.65,102743
2009-02-25/00:00:00,1.74,1.82,1.72,1.79,145188
2009-02-26/00:00:00,1.74,1.84,1.74,1.81,57497
2009-03-04/00:00:00,1.92,2.18,1.82,2.07,393994
2009-03-05/00:00:00,2.04,2.43,2.04,2.42,221033
2009-03-08/00:00:00,2.65,2.87,2.65,2.85,323773
2009-03-10/00:00:00,2.99,3.58,2.99,3.52,397960
2009-03-11/00:00:00,4.15,4.15,3.3,3.52,534911
2009-03-12/00:00:00,3.29,3.64,3.04,3.37,179703
2009-03-15/00:00:00,3.39,3.64,3.06,3.43,221646
2009-03-16/00:00:00,3.2,3.73,3.2,3.51,120401
2009-03-17/00:00:00,3.53,3.53,3.18,3.23,243415
2009-03-18/00:00:00,3.33,3.36,3.01,3.18,132292
2009-03-19/00:00:00,3.23,3.28,3.06,3.08,70925
2009-03-22/00:00:00,3.24,3.3,3.06,3.2,106975
2009-03-23/00:00:00,3.24,3.52,3.2,3.33,156187
2009-03-24/00:00:00,3.23,3.33,2.99,3.08,328009
2009-03-25/00:00:00,3.18,3.29,3.06,3.19,93892
2009-03-26/00:00:00,3.12,3.34,3.12,3.21,116716
2009-03-29/00:00:00,3.24,3.37,3.19,3.28,125181
2009-03-30/00:00:00,3.23,3.37,3.09,3.23,178972
2009-03-31/00:00:00,3.15,3.19,3.04,3.09,119633
2009-04-01/00:00:00,3.18,3.2,3.05,3.08,51725
2009-04-02/00:00:00,3.18,3.34,3.18,3.28,146488
2009-04-06/00:00:00,3.37,3.94,3.37,3.86,786690
2009-04-07/00:00:00,4.05,4.24,3.71,4.1,225836
2009-04-08/00:00:00,3.94,4.0,3.76,3.86,100169
2009-04-09/00:00:00,3.88,3.88,3.49,3.61,115827
2009-04-12/00:00:00,3.58,3.85,3.45,3.55,113333
2009-04-14/00:00:00,3.45,4.05,3.34,3.53,74855
2009-04-15/00:00:00,3.35,3.59,3.24,3.44,82163
2009-04-16/00:00:00,3.34,3.43,3.34,3.36,49414
2009-04-21/00:00:00,3.51,3.64,3.45,3.52,48569
2009-04-22/00:00:00,3.64,3.82,3.45,3.66,44597
2009-04-23/00:00:00,3.67,3.67,3.34,3.39,63793
2009-04-26/00:00:00,6.19,6.33,5.95,6.05,25921
2009-04-27/00:00:00,3.49,3.49,3.24,3.34,115440
2009-04-28/00:00:00,3.2,3.37,3.2,3.23,64383
2009-04-29/00:00:00,5.95,5.95,5.8,5.81,29048
2009-04-30/00:00:00,3.43,3.43,3.18,3.23,66914
2009-05-03/00:00:00,3.34,3.34,3.18,3.23,66185
2009-05-04/00:00:00,3.34,3.34,3.19,3.21,128726
2009-05-05/00:00:00,3.2,3.3,3.19,3.21,44637
2009-05-06/00:00:00,3.2,3.24,3.19,3.21,41519
2009-05-07/00:00:00,3.19,3.82,3.19,3.42,194626
2009-05-10/00:00:00,3.78,4.1,3.56,3.96,564700
2009-05-11/00:00:00,4.08,4.42,3.94,4.12,370299
2009-05-12/00:00:00,4.03,4.03,3.76,3.92,176078
2009-05-13/00:00:00,3.66,3.76,3.45,3.63,114102
2009-05-14/00:00:00,3.64,3.75,3.39,3.52,105355
2009-05-17/00:00:00,3.41,3.7,3.41,3.44,28252
2009-05-18/00:00:00,3.73,3.76,3.64,3.72,83623
2009-05-19/00:00:00,3.78,3.88,3.66,3.84,81802
2009-05-20/00:00:00,3.79,3.79,3.52,3.55,80890
2009-05-21/00:00:00,3.49,3.64,3.2,3.33,94112
2009-05-24/00:00:00,3.64,3.73,3.37,3.45,39451
2009-05-25/00:00:00,3.35,3.58,3.24,3.39,122570
2009-05-26/00:00:00,3.61,3.61,3.38,3.47,75034
2009-05-27/00:00:00,3.47,3.49,3.28,3.39,100514
2009-05-28/00:00:00,3.26,3.37,3.24,3.27,87270
2009-05-31/00:00:00,3.41,3.55,3.37,3.43,35018
2009-06-01/00:00:00,3.52,3.54,3.43,3.45,19363
2009-06-02/00:00:00,3.41,3.52,3.33,3.39,146812
2009-06-03/00:00:00,3.29,3.43,3.28,3.37,34025
2009-06-04/00:00:00,3.33,3.45,3.31,3.35,72809
2009-06-07/00:00:00,3.52,3.64,3.33,3.42,116633
2009-06-08/00:00:00,3.52,3.54,3.41,3.52,24121
2009-06-09/00:00:00,3.53,3.53,3.28,3.37,65417
2009-06-10/00:00:00,3.49,3.49,3.36,3.41,61385
2009-06-11/00:00:00,3.48,3.75,3.42,3.6,373031
2009-06-14/00:00:00,3.76,3.97,3.74,3.86,267050
2009-06-15/00:00:00,3.74,3.86,3.54,3.65,251577
2009-06-16/00:00:00,3.61,3.76,3.55,3.64,65030
2009-06-17/00:00:00,3.58,4.25,3.54,3.9,541837
2009-06-18/00:00:00,4.17,4.28,4.03,4.19,240722
2009-06-21/00:00:00,4.36,5.01,4.3,4.68,978378
2009-06-22/00:00:00,4.63,5.42,4.63,5.17,570271
2009-06-23/00:00:00,5.07,5.2,4.68,4.88,515062
2009-06-24/00:00:00,4.68,4.87,4.47,4.67,284952
2009-06-25/00:00:00,4.87,4.87,4.34,4.51,188896
2009-06-28/00:00:00,4.68,4.87,4.35,4.66,79390
2009-06-29/00:00:00,4.85,4.85,4.3,4.48,237967
2009-06-30/00:00:00,4.55,4.63,4.28,4.4,159850
2009-07-02/00:00:00,4.6,4.85,4.6,4.75,281513
2009-07-05/00:00:00,4.81,4.83,4.6,4.63,90165
2009-07-06/00:00:00,4.5,4.53,4.33,4.43,139603
2009-07-07/00:00:00,4.42,4.53,4.39,4.46,62599
2009-07-08/00:00:00,4.25,4.49,4.17,4.26,151995
2009-07-09/00:00:00,4.28,4.36,4.08,4.19,58105
2009-07-12/00:00:00,4.19,4.36,4.04,4.17,83623
2009-07-13/00:00:00,4.17,4.24,4.08,4.15,52919
2009-07-14/00:00:00,4.17,4.36,4.16,4.29,72302
2009-07-15/00:00:00,4.06,4.3,4.06,4.24,70621
2009-07-16/00:00:00,4.3,4.61,4.3,4.42,89395
2009-07-19/00:00:00,4.49,4.54,4.39,4.49,143834
2009-07-20/00:00:00,4.41,4.68,4.41,4.61,36294
2009-07-21/00:00:00,4.54,4.54,4.42,4.49,85974
2009-07-22/00:00:00,4.42,4.54,4.34,4.47,95734
2009-07-26/00:00:00,4.47,4.47,4.42,4.45,83319
2009-07-27/00:00:00,4.58,4.58,4.42,4.47,69083
2009-07-28/00:00:00,4.42,4.55,4.36,4.46,266240
2009-07-29/00:00:00,4.42,4.42,4.29,4.38,76776
2009-07-30/00:00:00,4.41,4.41,4.29,4.33,73070
2009-08-02/00:00:00,4.42,4.87,4.42,4.55,187598
2009-08-03/00:00:00,4.48,4.53,4.42,4.48,81231
2009-08-04/00:00:00,4.48,4.53,4.28,4.41,137579
2009-08-05/00:00:00,4.42,4.49,4.42,4.44,78118
2009-08-06/00:00:00,4.53,4.53,4.39,4.44,87307
2009-08-09/00:00:00,4.42,4.48,4.3,4.38,95246
2009-08-10/00:00:00,4.39,4.41,4.3,4.33,106710
2009-08-11/00:00:00,4.41,4.53,4.35,4.44,56447
2009-08-12/00:00:00,4.3,4.39,4.25,4.3,80847
2009-08-13/00:00:00,4.45,5.04,4.45,4.8,725506
2009-08-16/00:00:00,4.94,5.24,4.94,5.08,246152
2009-08-17/00:00:00,5.07,5.07,4.68,4.79,328963
2009-08-18/00:00:00,4.68,5.05,4.68,4.79,174962
2009-08-19/00:00:00,4.97,5.2,4.75,4.93,155579
2009-08-20/00:00:00,5.05,5.05,4.75,4.85,136261
2009-08-23/00:00:00,4.94,5.05,4.8,4.86,50023
2009-08-24/00:00:00,4.75,4.83,4.75,4.76,64000
2009-08-25/00:00:00,4.75,4.75,4.71,4.75,44839
2009-08-26/00:00:00,4.74,4.74,4.67,4.68,72425
2009-08-27/00:00:00,4.68,4.8,4.54,4.68,73883
2009-08-30/00:00:00,4.83,4.83,4.71,4.75,36211
2009-08-31/00:00:00,4.74,4.79,4.68,4.73,62155
2009-09-01/00:00:00,4.68,4.87,4.67,4.73,85770
2009-09-02/00:00:00,4.68,5.05,4.54,4.81,307108
2009-09-03/00:00:00,5.05,5.18,4.87,4.97,103733
2009-09-06/00:00:00,5.16,5.16,4.84,4.96,97355
2009-09-07/00:00:00,4.97,5.85,4.83,5.42,788229
2009-09-08/00:00:00,5.79,5.96,5.65,5.79,355597
2009-09-09/00:00:00,5.78,5.78,5.42,5.49,352355
2009-09-10/00:00:00,5.46,5.89,5.46,5.61,119328
2009-09-13/00:00:00,5.65,5.78,5.42,5.58,185673
2009-09-14/00:00:00,5.48,5.56,5.41,5.47,200826
2009-09-15/00:00:00,5.54,5.58,5.35,5.42,133868
2009-09-16/00:00:00,5.67,5.74,5.47,5.66,127530
2009-09-17/00:00:00,5.72,5.79,5.51,5.58,105089
2009-09-22/00:00:00,5.78,5.84,5.57,5.71,215102
2009-09-23/00:00:00,5.81,6.15,5.72,5.95,282280
2009-09-24/00:00:00,5.85,6.05,5.79,5.92,200014
2009-09-27/00:00:00,5.96,5.96,5.75,5.79,147541
2009-09-28/00:00:00,5.78,5.9,5.65,5.75,249511
2009-09-29/00:00:00,5.72,5.76,5.65,5.69,88081
2009-09-30/00:00:00,5.66,5.72,5.51,5.61,116716
2009-10-01/00:00:00,5.68,5.9,5.65,5.79,178750
2009-10-04/00:00:00,5.65,5.85,5.65,5.75,104320
2009-10-05/00:00:00,5.82,5.99,5.67,5.83,452098
2009-10-07/00:00:00,5.99,5.99,5.65,5.75,160725
2009-10-08/00:00:00,5.51,5.72,5.5,5.62,124492
2009-10-11/00:00:00,5.69,5.78,5.54,5.65,119834
2009-10-12/00:00:00,5.61,5.65,4.63,5.24,297835
2009-10-13/00:00:00,5.31,5.31,4.8,5.05,112099
2009-10-14/00:00:00,5.24,5.27,4.97,5.07,166398
2009-10-15/00:00:00,5.2,5.24,4.98,5.07,58533
2009-10-18/00:00:00,5.2,5.24,5.07,5.17,81113
2009-10-19/00:00:00,5.24,5.29,5.16,5.24,57295
2009-10-20/00:00:00,5.18,5.18,5.04,5.17,25780
2009-10-21/00:00:00,5.09,5.09,4.98,5.04,34065
2009-10-22/00:00:00,4.94,5.09,4.8,4.91,245075
2009-10-25/00:00:00,4.97,5.05,4.94,4.98,112443
2009-10-26/00:00:00,4.94,5.05,4.87,4.93,116675
2009-10-27/00:00:00,4.91,4.97,4.78,4.86,122145
2009-10-28/00:00:00,4.87,4.87,4.5,4.75,139641
2009-10-29/00:00:00,4.54,4.8,4.42,4.5,144602
2009-11-01/00:00:00,4.54,4.94,4.53,4.75,96503
2009-11-02/00:00:00,4.97,5.03,4.79,4.9,79777
2009-11-03/00:00:00,4.63,4.74,4.42,4.55,123986
2009-11-04/00:00:00,4.54,4.78,4.54,4.65,44372
2009-11-05/00:00:00,4.5,4.63,4.49,4.53,81920
2009-11-08/00:00:00,4.68,4.68,4.57,4.63,69650
2009-11-09/00:00:00,4.67,4.74,4.67,4.68,58187
2009-11-10/00:00:00,4.71,4.73,4.54,4.68,45224
2009-11-11/00:00:00,4.68,4.78,4.57,4.63,37408
2009-11-12/00:00:00,4.54,4.71,4.54,4.55,7737
2009-11-15/00:00:00,4.68,4.72,4.6,4.68,11465
2009-11-16/00:00:00,4.68,4.75,4.6,4.68,45671
2009-11-17/00:00:00,4.42,4.42,4.36,4.37,3846
2009-11-18/00:00:00,4.53,4.53,4.42,4.49,20130
2009-11-19/00:00:00,4.42,4.53,4.37,4.46,29122
2009-11-22/00:00:00,4.42,4.5,4.36,4.41,42675
2009-11-23/00:00:00,4.39,4.42,4.35,4.4,22965
2009-11-24/00:00:00,4.33,4.47,4.33,4.35,57724
2009-11-30/00:00:00,4.39,4.41,4.03,4.14,82730
2009-12-01/00:00:00,4.25,4.25,4.16,4.17,46560
2009-12-02/00:00:00,4.17,4.25,4.17,4.22,16548
2009-12-03/00:00:00,4.2,4.3,4.19,4.22,13286
2009-12-06/00:00:00,4.17,4.19,4.17,4.18,12130
2009-12-07/00:00:00,4.08,4.08,4.0,4.05,21042
2009-12-08/00:00:00,4.03,4.03,3.85,3.94,23209
2009-12-09/00:00:00,3.79,3.79,3.59,3.64,66652
2009-12-10/00:00:00,3.76,3.78,3.64,3.67,36169
2009-12-13/00:00:00,3.85,3.85,3.66,3.72,18308
2009-12-14/00:00:00,3.78,3.78,3.62,3.64,41335
2009-12-15/00:00:00,3.64,3.66,3.62,3.64,16165
2009-12-16/00:00:00,3.64,3.68,3.64,3.64,13508
2009-12-17/00:00:00,3.73,3.82,3.64,3.7,58710
2009-12-20/00:00:00,3.67,3.75,3.64,3.65,45629
2009-12-21/00:00:00,3.65,3.75,3.64,3.64,25516
2009-12-22/00:00:00,3.64,3.64,3.54,3.58,21366
2009-12-23/00:00:00,3.54,3.54,3.36,3.41,7699
2009-12-24/00:00:00,3.26,3.61,3.25,3.47,70419
2009-12-27/00:00:00,3.64,3.73,3.37,3.52,32365
2009-12-28/00:00:00,3.52,3.54,3.37,3.49,30702
2009-12-29/00:00:00,3.52,3.56,3.52,3.52,22154
2009-12-30/00:00:00,3.49,3.49,3.44,3.48,28353
2009-12-31/00:00:00,7.26,7.33,7.19,7.26,77963
2010-01-03/00:00:00,3.56,3.64,3.52,3.58,16464
2010-01-04/00:00:00,3.64,3.76,3.64,3.69,37287
2010-01-05/00:00:00,3.78,4.12,3.78,3.94,54459
2010-01-06/00:00:00,4.0,4.39,4.0,4.24,38907
2010-01-10/00:00:00,4.42,4.57,4.31,4.48,123781
2010-01-11/00:00:00,4.42,4.42,4.35,4.4,21769
2010-01-12/00:00:00,4.35,4.45,4.24,4.32,31169
2010-01-13/00:00:00,4.24,4.53,4.24,4.41,34978
2010-01-14/00:00:00,4.36,4.38,4.36,4.37,11281
2010-01-17/00:00:00,4.42,4.5,4.25,4.34,17358
2010-01-18/00:00:00,4.28,4.5,4.24,4.41,22096
2010-01-19/00:00:00,4.49,4.5,4.3,4.38,13812
2010-01-20/00:00:00,4.3,4.46,4.3,4.38,8851
2010-01-21/00:00:00,4.47,4.94,4.47,4.63,75239
2010-01-24/00:00:00,4.53,4.74,4.41,4.49,54562
2010-01-26/00:00:00,4.5,4.75,4.42,4.65,93083
2010-01-27/00:00:00,4.78,4.91,4.71,4.81,34833
2010-01-28/00:00:00,4.72,4.79,4.64,4.68,32239
2010-01-31/00:00:00,4.68,4.79,4.42,4.58,36779
2010-02-01/00:00:00,4.53,4.66,4.53,4.6,5589
2010-02-02/00:00:00,4.54,4.54,4.54,4.54,20516
2010-02-03/00:00:00,4.5,4.5,4.38,4.46,33864
2010-02-04/00:00:00,4.36,4.57,4.36,4.49,13892
2010-02-07/00:00:00,4.46,4.46,4.3,4.41,21429
2010-02-08/00:00:00,4.48,4.63,4.39,4.49,26329
2010-02-09/00:00:00,4.42,4.51,4.42,4.43,19827
2010-02-10/00:00:00,4.41,4.53,4.37,4.44,38398
2010-02-11/00:00:00,4.53,4.53,4.39,4.47,5589
2010-02-14/00:00:00,4.5,4.6,4.42,4.5,49029
2010-02-15/00:00:00,4.57,4.68,4.42,4.5,74184
2010-02-16/00:00:00,4.48,4.53,4.4,4.42,85628
2010-02-17/00:00:00,4.42,4.42,4.33,4.38,76189
2010-02-18/00:00:00,4.42,4.42,4.19,4.32,47151
2010-02-21/00:00:00,4.47,4.75,4.47,4.61,196671
2010-02-22/00:00:00,4.68,4.74,4.42,4.49,79695
2010-02-23/00:00:00,4.54,4.54,4.29,4.42,44454
2010-02-24/00:00:00,4.31,4.48,4.31,4.43,36252
2010-02-25/00:00:00,4.34,4.5,4.34,4.41,14503
2010-02-28/00:00:00,4.53,4.6,4.42,4.53,50797
2010-03-01/00:00:00,4.6,4.6,4.42,4.5,65920
2010-03-02/00:00:00,4.42,4.53,4.38,4.48,14316
2010-03-03/00:00:00,4.57,4.57,4.5,4.53,45629
2010-03-04/00:00:00,4.68,4.93,4.57,4.75,206090
2010-03-07/00:00:00,4.78,5.07,4.78,4.96,175935
2010-03-08/00:00:00,4.94,5.06,4.76,4.87,145411
2010-03-09/00:00:00,4.79,4.91,4.68,4.73,37448
2010-03-10/00:00:00,4.91,5.2,4.91,5.03,62682
2010-03-11/00:00:00,5.05,5.16,4.94,4.99,51948
2010-03-14/00:00:00,5.12,5.12,4.54,4.8,48141
2010-03-15/00:00:00,4.68,4.68,4.31,4.47,107824
2010-03-16/00:00:00,4.28,4.78,4.28,4.68,16365
2010-03-17/00:00:00,4.81,4.81,4.5,4.59,91542
2010-03-18/00:00:00,4.74,4.9,4.68,4.78,53830
2010-03-21/00:00:00,4.87,4.87,4.57,4.69,113515
2010-03-22/00:00:00,4.67,4.67,4.54,4.57,33216
2010-03-23/00:00:00,4.76,4.83,4.68,4.73,45020
2010-03-24/00:00:00,4.86,4.87,4.64,4.71,50409
2010-03-25/00:00:00,4.78,4.78,4.63,4.67,60795
2010-03-28/00:00:00,4.75,4.8,4.49,4.72,71452
2010-03-29/00:00:00,4.74,4.74,4.6,4.68,61003
2010-03-30/00:00:00,4.74,4.75,4.6,4.6,22237
2010-04-01/00:00:00,4.94,4.97,4.75,4.87,40323
2010-04-06/00:00:00,4.87,4.94,4.71,4.79,17133
2010-04-07/00:00:00,4.73,4.78,4.68,4.7,84778
2010-04-08/00:00:00,4.8,4.8,4.68,4.72,24200
2010-04-11/00:00:00,4.79,5.29,4.79,5.17,266969
2010-04-12/00:00:00,5.17,5.2,4.98,5.1,33942
2010-04-13/00:00:00,5.03,5.07,4.9,4.94,69384
2010-04-14/00:00:00,5.07,5.2,4.88,4.98,44515
2010-04-15/00:00:00,4.94,5.05,4.83,4.91,33294
2010-04-18/00:00:00,4.87,5.09,4.81,4.94,74264
2010-04-19/00:00:00,5.07,5.07,4.85,4.87,35018
2010-04-20/00:00:00,5.05,5.05,4.91,4.91,29062
2010-04-21/00:00:00,4.94,4.94,4.79,4.81,20781
2010-04-22/00:00:00,4.91,4.91,4.6,4.68,31553
2010-04-26/00:00:00,4.8,4.8,4.72,4.75,12437
2010-04-27/00:00:00,4.78,4.87,4.72,4.75,31474
2010-04-28/00:00:00,4.72,4.81,4.64,4.75,14583
2010-04-29/00:00:00,4.87,5.07,4.81,4.91,118174
2010-05-02/00:00:00,4.94,5.91,4.94,5.61,618915
2010-05-03/00:00:00,6.24,6.62,5.91,6.38,223607
2010-05-04/00:00:00,5.96,6.76,5.96,6.42,458499
2010-05-05/00:00:00,6.37,7.67,6.36,7.07,718499
2010-05-06/00:00:00,7.29,7.54,6.84,7.21,233614
2010-05-09/00:00:00,6.45,6.96,6.4,6.77,238067
2010-05-10/00:00:00,6.91,7.04,6.24,6.6,291112
2010-05-11/00:00:00,6.5,6.6,5.92,6.25,184277
2010-05-12/00:00:00,6.2,6.41,5.87,6.13,358205
2010-05-13/00:00:00,6.33,6.64,6.15,6.36,287139
2010-05-16/00:00:00,6.32,6.49,5.96,6.2,275978
2010-05-17/00:00:00,6.09,6.13,5.64,5.83,438975
2010-05-18/00:00:00,6.08,6.11,5.68,5.79,346581
2010-05-19/00:00:00,5.65,5.66,5.16,5.39,286170
2010-05-20/00:00:00,5.38,5.54,5.12,5.24,269015
2010-05-23/00:00:00,5.29,5.31,4.98,5.18,186202
2010-05-24/00:00:00,5.21,5.24,4.68,4.91,242503
2010-05-25/00:00:00,4.68,4.83,4.0,4.25,263851
2010-05-26/00:00:00,4.28,4.54,4.24,4.38,220101
2010-05-27/00:00:00,4.3,4.94,4.3,4.66,269564
2010-05-30/00:00:00,4.9,5.16,4.71,4.87,178770
2010-05-31/00:00:00,4.68,4.98,4.54,4.78,219985
2010-06-01/00:00:00,4.79,4.91,4.64,4.73,148149
2010-06-02/00:00:00,4.68,4.87,4.57,4.74,131479
2010-06-03/00:00:00,4.96,5.12,4.87,4.98,134033
2010-06-06/00:00:00,4.87,5.07,4.8,4.93,215264
2010-06-07/00:00:00,4.87,5.83,4.72,5.24,357824
2010-06-08/00:00:00,5.54,5.79,5.18,5.42,238067
2010-06-09/00:00:00,5.46,5.85,5.35,5.59,242423
2010-06-10/00:00:00,5.41,5.91,5.24,5.69,388099
2010-06-13/00:00:00,5.96,6.45,5.95,6.24,501816
2010-06-14/00:00:00,6.25,6.35,5.93,6.13,300062
2010-06-15/00:00:00,5.91,6.17,5.85,5.97,162164
2010-06-16/00:00:00,6.05,6.45,6.05,6.26,300872
2010-06-17/00:00:00,6.45,6.74,6.32,6.62,352294
2010-06-20/00:00:00,6.9,6.91,6.51,6.67,317884
2010-06-21/00:00:00,6.51,6.73,6.32,6.43,280337
2010-06-22/00:00:00,6.33,6.33,6.05,6.21,280297
2010-06-23/00:00:00,6.2,6.53,6.2,6.35,343119
2010-06-24/00:00:00,6.4,6.51,6.28,6.42,184479
2010-06-27/00:00:00,6.45,6.54,6.2,6.35,162224
2010-06-28/00:00:00,6.17,6.36,6.07,6.17,269946
2010-06-29/00:00:00,6.03,6.13,5.91,6.01,192056
2010-06-30/00:00:00,5.79,5.99,5.78,5.89,104869
2010-07-04/00:00:00,5.74,5.96,5.31,5.69,330742
2010-07-05/00:00:00,5.46,5.61,5.38,5.54,189441
2010-07-06/00:00:00,5.67,5.78,5.52,5.61,290218
2010-07-07/00:00:00,5.52,5.52,5.39,5.45,114509
2010-07-08/00:00:00,5.54,5.65,5.47,5.54,95165
2010-07-11/00:00:00,5.62,5.79,5.62,5.69,183428
2010-07-12/00:00:00,5.72,5.79,5.48,5.57,228146
2010-07-13/00:00:00,5.46,5.56,5.46,5.49,109628
2010-07-14/00:00:00,5.64,5.7,5.47,5.57,100271
2010-07-15/00:00:00,5.59,5.59,5.38,5.46,133221
2010-07-18/00:00:00,5.38,5.46,5.3,5.37,108169
2010-07-19/00:00:00,5.27,5.42,5.27,5.31,89149
2010-07-20/00:00:00,5.38,5.69,5.27,5.54,437130
2010-07-21/00:00:00,5.59,5.62,5.36,5.48,92355
2010-07-22/00:00:00,5.34,5.51,5.31,5.41,64344
2010-07-25/00:00:00,5.56,5.61,5.41,5.42,133022
2010-07-26/00:00:00,5.48,5.67,5.48,5.58,196551
2010-07-27/00:00:00,5.66,5.66,5.48,5.54,104016
2010-07-28/00:00:00,5.6,5.86,5.6,5.71,371939
2010-07-29/00:00:00,5.76,5.78,5.67,5.72,98551
2010-08-01/00:00:00,5.81,5.81,5.59,5.68,136725
2010-08-02/00:00:00,5.61,5.69,5.54,5.6,144118
2010-08-03/00:00:00,5.57,5.64,5.42,5.54,168503
2010-08-04/00:00:00,5.41,5.51,5.41,5.42,71268
2010-08-05/00:00:00,5.56,5.56,5.42,5.42,119066
2010-08-08/00:00:00,5.56,5.72,5.54,5.66,248034
2010-08-09/00:00:00,5.54,5.76,5.54,5.69,132595
2010-08-10/00:00:00,5.59,5.62,5.54,5.54,68758
2010-08-11/00:00:00,5.54,5.54,5.42,5.46,50146
2010-08-12/00:00:00,5.41,5.54,5.41,5.48,40911
2010-08-15/00:00:00,5.57,5.6,5.42,5.48,46560
2010-08-16/00:00:00,5.42,5.6,5.42,5.54,50574
2010-08-17/00:00:00,5.54,5.62,5.54,5.57,22785
2010-08-18/00:00:00,5.54,5.54,5.49,5.51,43221
2010-08-19/00:00:00,5.47,5.54,5.47,5.5,39938
2010-08-22/00:00:00,5.47,5.47,5.42,5.42,49942
2010-08-23/00:00:00,5.46,5.54,5.42,5.46,67301
2010-08-24/00:00:00,5.42,5.48,5.41,5.42,65579
2010-08-25/00:00:00,5.31,5.61,5.31,5.42,61729
2010-08-26/00:00:00,5.48,5.54,5.41,5.48,56951
2010-08-29/00:00:00,5.42,5.54,5.35,5.41,72342
2010-08-30/00:00:00,5.41,5.42,5.31,5.38,24466
2010-08-31/00:00:00,5.31,5.42,5.2,5.24,144421
2010-09-01/00:00:00,5.24,5.38,5.24,5.3,15695
2010-09-02/00:00:00,5.31,5.42,5.24,5.31,50797
2010-09-05/00:00:00,5.2,5.4,5.2,5.25,56303
2010-09-06/00:00:00,5.24,5.31,5.2,5.24,31553
2010-09-07/00:00:00,5.2,5.24,5.16,5.2,27928
2010-09-13/00:00:00,5.35,5.46,5.35,5.42,67301
2010-09-14/00:00:00,5.36,5.42,5.24,5.31,69731
2010-09-15/00:00:00,5.35,5.38,5.24,5.27,38521
2010-09-16/00:00:00,5.41,5.41,5.2,5.26,64259
2010-09-19/00:00:00,5.24,5.24,5.18,5.21,51300
2010-09-20/00:00:00,5.2,5.24,5.08,5.18,88284
2010-09-21/00:00:00,5.07,5.38,5.07,5.24,84110
2010-09-22/00:00:00,5.18,5.31,5.18,5.24,82389
2010-09-23/00:00:00,5.35,5.39,5.26,5.34,114328
2010-09-26/00:00:00,5.79,6.4,5.69,5.83,325234
2010-09-27/00:00:00,5.72,5.8,5.54,5.67,154343
2010-09-28/00:00:00,5.54,6.09,5.54,5.91,310309
2010-09-29/00:00:00,6.1,6.25,5.87,5.97,123177
2010-09-30/00:00:00,5.87,5.92,5.8,5.85,64138
2010-10-03/00:00:00,5.95,6.15,5.95,6.05,156431
2010-10-04/00:00:00,5.95,6.03,5.87,5.92,24404
2010-10-05/00:00:00,5.99,6.24,5.95,6.05,222110
2010-10-07/00:00:00,6.17,6.17,5.92,5.96,140493
2010-10-10/00:00:00,5.96,5.96,5.78,5.87,106021
2010-10-11/00:00:00,5.84,5.92,5.8,5.83,72462
2010-10-12/00:00:00,5.82,5.95,5.72,5.91,88706
2010-10-13/00:00:00,5.96,6.05,5.82,5.91,63448
2010-10-14/00:00:00,5.92,5.92,5.81,5.83,76961
2010-10-24/00:00:00,5.91,5.96,5.72,5.79,97778
2010-10-25/00:00:00,5.78,5.91,5.67,5.69,65962
2010-10-26/00:00:00,5.79,5.82,5.61,5.69,77930
2010-10-27/00:00:00,5.61,5.61,5.31,5.46,105172
2010-10-28/00:00:00,5.6,5.6,5.36,5.45,65193
2010-10-31/00:00:00,5.58,5.61,5.29,5.38,150497
2010-11-01/00:00:00,5.46,5.46,5.29,5.31,24788
2010-11-02/00:00:00,5.46,5.46,5.38,5.45,59866
2010-11-03/00:00:00,5.51,5.51,5.42,5.42,25274
2010-11-04/00:00:00,5.39,5.46,5.39,5.39,60067
2010-11-07/00:00:00,5.46,5.48,5.41,5.45,15594
2010-11-08/00:00:00,5.45,5.45,5.31,5.37,88284
2010-11-09/00:00:00,5.42,5.42,5.35,5.39,9073
2010-11-10/00:00:00,5.31,5.41,5.31,5.35,67683
2010-11-11/00:00:00,5.29,5.82,5.29,5.57,110135
2010-11-14/00:00:00,5.79,5.82,5.65,5.72,60757
2010-11-18/00:00:00,5.67,5.78,5.67,5.72,36557
2010-11-21/00:00:00,5.67,5.79,5.54,5.7,52595
2010-11-22/00:00:00,5.79,6.11,5.79,5.96,242809
2010-11-23/00:00:00,6.03,6.03,5.95,5.98,62297
2010-11-24/00:00:00,5.96,6.92,5.96,6.54,654461
2010-11-25/00:00:00,6.72,7.02,6.54,6.77,160196
2010-11-28/00:00:00,6.95,7.62,6.95,7.4,634027
2010-11-29/00:00:00,7.27,7.41,6.91,7.13,277642
2010-11-30/00:00:00,7.4,7.4,7.03,7.17,123299
2010-12-01/00:00:00,7.11,7.14,6.76,6.89,293258
2010-12-02/00:00:00,6.76,7.27,6.7,6.97,227922
2010-12-05/00:00:00,13.0,13.24,12.62,12.62,85478
2010-12-06/00:00:00,6.86,7.02,6.73,6.8,114023
2010-12-08/00:00:00,6.76,7.02,6.76,6.91,67174
2010-12-09/00:00:00,6.76,6.91,6.72,6.78,116208
2010-12-12/00:00:00,6.73,6.96,6.67,6.76,104100
2010-12-13/00:00:00,6.7,6.73,6.55,6.67,86195
2010-12-14/00:00:00,6.6,6.68,6.54,6.61,41760
2010-12-15/00:00:00,6.55,6.7,6.51,6.52,106853
2010-12-16/00:00:00,6.68,7.62,6.67,7.33,588661
2010-12-19/00:00:00,7.65,8.71,7.38,8.04,748390
2010-12-20/00:00:00,8.57,9.19,8.31,8.72,712461
2010-12-21/00:00:00,8.77,8.96,8.44,8.72,554027
2010-12-22/00:00:00,8.79,9.48,8.79,9.23,555992
2010-12-23/00:00:00,9.16,9.35,8.68,8.92,462262
2010-12-26/00:00:00,8.85,8.85,8.18,8.56,383218
2010-12-27/00:00:00,8.31,8.44,8.18,8.26,214370
2010-12-28/00:00:00,8.22,8.6,8.16,8.39,366146
2010-12-29/00:00:00,8.79,9.11,8.6,8.86,387028
2010-12-30/00:00:00,8.74,9.04,8.57,8.74,591315
2011-01-02/00:00:00,8.85,9.45,8.73,9.15,550647
2011-01-03/00:00:00,10.09,10.34,9.48,9.82,831710
2011-01-04/00:00:00,9.92,10.01,9.61,9.77,435978
2011-01-05/00:00:00,9.77,9.86,9.53,9.64,476463
2011-01-06/00:00:00,9.61,10.08,9.61,9.9,441910
2011-01-10/00:00:00,10.07,10.9,10.07,10.46,696832
2011-01-11/00:00:00,10.59,11.28,10.59,11.05,474840
2011-01-12/00:00:00,11.18,11.39,10.86,11.12,480452
2011-01-13/00:00:00,10.98,11.51,10.8,11.28,473078
2011-01-16/00:00:00,11.28,11.54,11.05,11.27,261782
2011-01-17/00:00:00,11.44,11.67,9.11,10.66,835902
2011-01-18/00:00:00,10.38,10.59,9.13,9.71,631758
2011-01-19/00:00:00,9.35,10.03,9.35,9.71,468766
2011-01-20/00:00:00,10.01,10.34,9.87,10.12,316527
2011-01-23/00:00:00,10.14,10.45,10.03,10.28,443123
2011-01-24/00:00:00,10.57,10.89,10.31,10.53,503967
2011-01-26/00:00:00,10.14,10.14,8.48,9.23,576692
2011-01-27/00:00:00,7.99,8.57,7.4,7.58,584041
2011-03-23/00:00:00,6.81,6.81,6.81,6.81,3846
2011-03-24/00:00:00,6.15,7.22,6.15,6.54,308485
2011-03-27/00:00:00,7.16,7.2,6.73,7.07,298059
2011-03-28/00:00:00,7.21,7.21,6.76,6.95,290016
2011-03-29/00:00:00,7.66,7.66,7.16,7.52,311991
2011-03-30/00:00:00,8.18,8.26,8.18,8.25,206028
2011-03-31/00:00:00,9.1,9.1,8.96,9.09,565697
2011-04-03/00:00:00,9.98,9.98,9.82,9.96,304966
2011-04-04/00:00:00,10.94,10.94,9.65,10.18,558928
2011-04-05/00:00:00,9.9,10.11,9.61,9.9,390146
2011-04-06/00:00:00,10.14,10.14,9.66,9.83,283375
2011-04-07/00:00:00,9.64,9.85,9.12,9.58,411772
2011-04-10/00:00:00,9.61,10.08,9.61,9.82,301378
2011-04-11/00:00:00,9.9,9.92,9.33,9.51,332083
2011-04-12/00:00:00,9.42,9.66,9.17,9.48,386560
2011-04-13/00:00:00,9.77,9.77,8.71,9.34,498091
2011-04-14/00:00:00,9.38,9.38,8.68,8.86,172512
2011-04-17/00:00:00,8.5,8.72,7.99,8.15,243921
2011-04-18/00:00:00,7.75,8.19,7.41,7.83,248318
2011-04-19/00:00:00,7.94,8.52,7.94,8.35,164795
2011-04-20/00:00:00,8.89,8.89,7.99,8.49,398471
2011-04-21/00:00:00,8.79,9.1,8.59,8.9,223567
2011-04-26/00:00:00,9.13,9.25,8.77,9.09,224094
2011-04-27/00:00:00,9.17,9.98,8.86,9.44,721598
2011-04-28/00:00:00,10.37,10.37,10.37,10.37,131497
2011-05-02/00:00:00,11.43,11.43,10.48,11.28,1184165
2011-05-03/00:00:00,11.5,11.5,10.73,11.06,569197
2011-05-04/00:00:00,10.67,11.05,10.47,10.73,345447
2011-05-05/00:00:00,10.47,10.96,10.47,10.64,242484
2011-05-08/00:00:00,10.31,10.9,9.91,10.56,433811
2011-05-09/00:00:00,10.61,11.05,10.57,10.83,259761
2011-05-10/00:00:00,10.87,10.9,10.61,10.75,267901
2011-05-11/00:00:00,10.67,11.79,10.67,11.28,832762
2011-05-12/00:00:00,11.61,12.1,11.61,11.84,427855
2011-05-15/00:00:00,11.68,11.95,11.46,11.64,422427
2011-05-16/00:00:00,11.61,12.05,11.46,11.84,311627
2011-05-17/00:00:00,11.85,12.34,11.85,12.12,491607
2011-05-18/00:00:00,12.17,12.55,11.79,12.17,549229
2011-05-19/00:00:00,12.31,12.47,11.96,12.11,248924
2011-05-22/00:00:00,12.4,12.64,12.16,12.39,518223
2011-05-23/00:00:00,12.21,12.29,11.8,12.05,513808
2011-05-24/00:00:00,11.79,12.16,11.41,11.76,480715
2011-05-25/00:00:00,11.65,12.05,11.35,11.79,325842
2011-05-26/00:00:00,11.99,11.99,11.61,11.75,180045
2011-05-29/00:00:00,12.1,12.26,11.85,12.09,527578
2011-05-30/00:00:00,11.99,12.05,11.72,11.87,258930
2011-05-31/00:00:00,11.79,11.99,11.68,11.79,234383
2011-06-01/00:00:00,11.79,11.95,11.66,11.76,148068
2011-06-02/00:00:00,11.65,11.76,11.43,11.58,313956
2011-06-05/00:00:00,11.76,12.02,11.7,11.86,305083
2011-06-06/00:00:00,11.95,12.92,11.95,12.45,1016354
2011-06-07/00:00:00,13.32,13.32,12.77,12.97,613693
2011-06-08/00:00:00,12.84,12.98,12.62,12.85,359443
2011-06-09/00:00:00,12.96,13.31,12.77,12.99,462688
2011-06-12/00:00:00,12.92,13.12,12.77,12.92,214795
2011-06-13/00:00:00,13.07,13.07,12.73,12.85,193839
2011-06-14/00:00:00,12.74,13.03,12.71,12.87,258302
2011-06-15/00:00:00,12.75,12.98,12.64,12.74,176460
2011-06-16/00:00:00,12.92,13.22,12.75,12.99,204269
2011-06-19/00:00:00,13.13,13.13,12.73,12.81,206616
2011-06-20/00:00:00,12.73,12.77,12.36,12.52,280884
2011-06-21/00:00:00,12.36,12.62,12.12,12.31,229746
2011-06-22/00:00:00,12.34,12.34,11.85,12.1,446447
2011-06-23/00:00:00,12.1,12.83,12.08,12.62,1167011
2011-06-26/00:00:00,12.96,12.96,12.47,12.71,199995
2011-06-27/00:00:00,12.47,12.58,12.21,12.36,148371
2011-06-28/00:00:00,12.34,12.39,12.02,12.17,159648
2011-06-29/00:00:00,11.95,12.06,11.35,11.67,361305
2011-06-30/00:00:00,11.46,11.79,11.39,11.61,255103
2011-07-03/00:00:00,11.9,12.5,11.9,12.1,178990
2011-07-04/00:00:00,11.76,12.0,11.7,11.8,124027
2011-07-05/00:00:00,11.91,11.91,11.61,11.67,101386
2011-07-06/00:00:00,11.61,11.7,11.06,11.4,215550
2011-07-07/00:00:00,11.28,11.65,11.25,11.47,242604
2011-07-10/00:00:00,11.65,11.79,11.28,11.47,124027
2011-07-11/00:00:00,10.91,11.4,10.9,11.2,250159
2011-07-12/00:00:00,11.18,11.2,10.13,10.7,227558
2011-07-13/00:00:00,11.12,11.69,11.12,11.41,195640
2011-07-14/00:00:00,11.5,11.61,11.28,11.46,126273
2011-07-17/00:00:00,12.6,12.6,11.63,12.05,740839
2011-07-18/00:00:00,11.61,11.74,11.12,11.35,401952
2011-07-19/00:00:00,11.29,11.29,10.82,10.98,341479
2011-07-20/00:00:00,11.85,11.85,9.92,10.36,693790
2011-07-21/00:00:00,9.87,10.27,9.77,10.02,291636
2011-07-25/00:00:00,9.97,9.98,9.53,9.64,425243
2011-07-26/00:00:00,9.67,9.67,8.89,9.12,552185
2011-07-27/00:00:00,8.99,9.28,8.89,9.1,264740
2011-07-28/00:00:00,9.14,9.37,8.96,9.15,454245
2011-07-31/00:00:00,9.12,9.15,8.47,8.7,466113
2011-08-01/00:00:00,8.56,8.59,8.21,8.41,873451
2011-08-02/00:00:00,9.25,9.25,9.25,9.25,259
2011-08-03/00:00:00,10.18,10.18,9.25,9.25,3
2011-08-04/00:00:00,10.18,10.18,10.18,10.18,369
2011-08-07/00:00:00,11.19,11.19,11.19,11.19,19681
2011-08-08/00:00:00,12.3,12.3,12.3,12.3,1706
2011-08-09/00:00:00,13.52,13.52,12.56,13.43,116452
2011-08-10/00:00:00,14.75,14.75,14.75,14.75,1666
2011-08-11/00:00:00,16.24,16.24,16.24,16.24,22265
2011-08-14/00:00:00,17.85,17.85,17.85,17.85,3748
2011-08-15/00:00:00,19.64,19.64,19.64,19.64,7359
2011-08-16/00:00:00,21.61,21.61,18.27,20.24,203157
2011-08-17/00:00:00,18.23,19.42,18.23,18.39,62968
2011-08-18/00:00:00,16.56,18.49,16.56,17.66,76491
2011-08-21/00:00:00,17.57,17.57,15.95,16.5,40216
2011-08-22/00:00:00,16.37,17.05,15.42,16.33,48120
2011-08-23/00:00:00,16.5,16.5,15.42,15.7,36537
2011-08-24/00:00:00,15.82,15.97,15.04,15.38,28583
2011-08-25/00:00:00,15.38,16.91,15.38,16.61,45647
2011-08-28/00:00:00,18.25,18.25,18.25,18.25,24054
2011-08-29/00:00:00,20.08,20.08,19.09,19.93,132769
2011-09-04/00:00:00,20.19,21.21,19.11,19.65,71890
2011-09-05/00:00:00,19.42,19.42,18.05,18.81,40579
2011-09-06/00:00:00,18.44,19.63,18.06,18.84,30660
2011-09-07/00:00:00,18.56,19.08,18.03,18.37,23505
2011-09-08/00:00:00,18.81,19.02,17.68,18.03,52265
2011-09-11/00:00:00,17.99,18.4,17.18,17.99,20199
2011-09-12/00:00:00,18.81,18.81,17.73,17.89,28882
2011-09-13/00:00:00,18.46,18.46,16.91,17.62,42400
2011-09-14/00:00:00,17.26,17.26,16.37,16.8,39056
2011-09-15/00:00:00,17.28,17.28,15.82,16.39,27518
2011-09-18/00:00:00,16.93,18.03,16.92,17.88,104205
2011-09-19/00:00:00,17.55,18.43,17.27,17.57,29662
2011-09-20/00:00:00,17.47,17.47,16.8,16.98,18962
2011-09-21/00:00:00,17.18,17.47,16.42,16.85,30451
2011-09-22/00:00:00,16.42,16.87,15.83,16.25,36754
2011-09-25/00:00:00,16.24,16.24,14.85,15.32,27097
2011-09-26/00:00:00,14.73,15.5,14.45,14.98,30369
2011-09-27/00:00:00,15.05,15.26,13.5,14.35,53858
2011-09-28/00:00:00,13.14,13.15,12.92,12.96,17239
2011-09-29/00:00:00,12.26,13.92,12.08,12.79,46905
2011-10-02/00:00:00,13.92,14.08,13.92,14.04,7304
2011-10-03/00:00:00,15.45,15.45,13.1,14.22,65304
2011-10-04/00:00:00,13.63,14.68,13.49,13.96,30221
2011-10-05/00:00:00,13.45,13.68,12.95,13.45,33734
2011-10-09/00:00:00,14.19,14.19,13.11,13.35,14177
2011-10-10/00:00:00,12.05,13.13,12.05,12.92,20723
2011-10-11/00:00:00,13.13,13.63,12.56,13.03,26711
2011-10-12/00:00:00,13.13,13.13,12.92,13.03,20200
2011-10-13/00:00:00,13.54,13.54,12.66,13.12,28986
2011-10-16/00:00:00,13.63,14.41,13.22,14.19,35361
2011-10-17/00:00:00,14.2,14.66,13.73,14.04,57210
2011-10-18/00:00:00,13.64,14.44,13.64,14.19,32760
2011-10-19/00:00:00,14.19,14.35,13.95,14.09,34518
2011-10-20/00:00:00,13.84,14.16,13.78,13.89,31734
2011-10-23/00:00:00,14.14,14.37,13.8,14.04,22875
2011-10-24/00:00:00,13.87,14.01,13.16,13.67,19875
2011-10-25/00:00:00,13.77,13.78,13.41,13.55,6396
2011-10-26/00:00:00,13.37,13.5,13.27,13.42,17085
2011-10-27/00:00:00,13.26,13.51,12.89,13.14,60880
2011-10-30/00:00:00,13.63,13.63,12.92,13.18,18542
2011-10-31/00:00:00,13.1,13.1,12.14,12.57,55115
2011-11-01/00:00:00,12.22,12.55,12.01,12.11,41597
2011-11-02/00:00:00,11.86,11.88,10.92,11.3,54329
2011-11-03/00:00:00,10.19,10.9,10.19,10.2,135972
2011-11-09/00:00:00,9.16,9.16,9.16,9.16,21779
2011-11-10/00:00:00,8.26,8.26,8.26,8.26,75545
2011-11-13/00:00:00,7.43,7.43,7.43,7.43,352538
2011-11-14/00:00:00,6.7,6.7,6.7,6.7,127936
2011-11-15/00:00:00,6.03,7.34,6.03,6.57,4009980
2011-11-16/00:00:00,7.08,7.08,6.68,6.82,894405
2011-11-17/00:00:00,6.17,6.87,6.17,6.69,1236527
2011-11-20/00:00:00,6.41,6.64,6.2,6.39,1162120
2011-11-21/00:00:00,6.05,6.17,5.74,5.8,1438598
2011-11-22/00:00:00,5.24,5.42,5.24,5.25,587221
2011-11-23/00:00:00,4.86,5.6,4.8,5.31,989238
2011-11-24/00:00:00,5.42,5.58,5.28,5.48,1020500
2011-11-29/00:00:00,5.71,6.03,5.71,6.02,233072
2011-11-30/00:00:00,6.62,6.62,6.2,6.33,1279145
2011-12-01/00:00:00,6.22,6.54,6.22,6.47,906052
2011-12-04/00:00:00,6.39,6.52,6.17,6.28,1121586
2011-12-05/00:00:00,6.17,6.32,6.05,6.19,678837
2011-12-06/00:00:00,6.17,6.33,6.09,6.23,589496
2011-12-07/00:00:00,6.3,6.3,6.06,6.17,642706
2011-12-08/00:00:00,6.1,6.2,6.03,6.11,581001
2011-12-11/00:00:00,6.22,6.24,6.01,6.11,576981
2011-12-12/00:00:00,6.05,6.06,5.79,5.9,576383
2011-12-13/00:00:00,5.79,5.99,5.79,5.89,625438
2011-12-14/00:00:00,5.87,6.11,5.85,5.99,990692
2011-12-15/00:00:00,6.02,6.05,5.91,5.96,437022
2011-12-18/00:00:00,5.39,5.8,5.39,5.51,1065645
2011-12-19/00:00:00,5.42,5.6,5.39,5.48,594198
2011-12-20/00:00:00,5.52,5.52,5.05,5.2,664915
2011-12-21/00:00:00,5.28,5.28,5.03,5.13,502409
2011-12-22/00:00:00,4.91,5.12,4.87,4.96,537430
2011-12-25/00:00:00,5.45,5.45,5.12,5.18,290536
2011-12-26/00:00:00,5.13,5.18,5.04,5.07,371509
2011-12-27/00:00:00,5.09,5.13,4.91,4.98,307467
2011-12-28/00:00:00,4.91,4.91,4.69,4.79,635807
2011-12-29/00:00:00,4.8,4.94,4.79,4.87,392258
2012-01-02/00:00:00,5.03,5.03,4.91,4.97,267426
2012-01-03/00:00:00,4.97,4.97,4.81,4.87,249216
2012-01-04/00:00:00,4.9,4.9,4.81,4.83,214984
2012-01-05/00:00:00,4.79,4.79,4.73,4.76,225429
2012-01-09/00:00:00,4.75,4.77,4.5,4.64,693753
2012-01-10/00:00:00,4.64,4.75,4.57,4.68,375774
2012-01-11/00:00:00,4.77,4.78,4.64,4.72,328116
2012-01-12/00:00:00,4.67,4.75,4.64,4.71,323407
2012-01-15/00:00:00,4.75,4.93,4.74,4.84,505570
2012-01-16/00:00:00,4.79,4.83,4.68,4.74,273914
2012-01-17/00:00:00,4.68,4.75,4.65,4.72,448243
2012-01-18/00:00:00,4.72,4.86,4.7,4.77,416444
2012-01-19/00:00:00,4.72,4.75,4.6,4.64,298006
2012-01-22/00:00:00,4.6,4.69,4.53,4.58,292974
2012-01-23/00:00:00,4.55,4.68,4.55,4.64,202870
2012-01-24/00:00:00,4.68,4.8,4.64,4.75,543120
2012-01-26/00:00:00,4.83,5.2,4.83,5.05,903339
2012-01-29/00:00:00,5.18,5.3,5.05,5.17,692034
2012-01-30/00:00:00,5.05,5.18,4.91,5.05,678263
2012-01-31/00:00:00,5.09,5.42,5.09,5.27,722192
2012-02-01/00:00:00,5.39,5.5,5.27,5.37,584691
2012-02-02/00:00:00,5.2,5.2,4.91,5.07,712960
2012-02-06/00:00:00,5.46,5.46,4.96,5.05,413810
2012-02-07/00:00:00,5.09,5.18,5.07,5.15,274170
2012-02-08/00:00:00,5.17,5.28,5.14,5.19,547730
2012-02-09/00:00:00,5.13,5.31,5.08,5.24,621100
2012-02-12/00:00:00,5.26,5.74,5.24,5.54,1893575
2012-02-13/00:00:00,6.03,6.03,5.7,5.79,536527
2012-02-14/00:00:00,5.79,5.99,5.54,5.79,1340730
2012-02-15/00:00:00,5.24,5.87,5.24,5.72,698988
2012-02-16/00:00:00,5.65,5.84,5.54,5.72,744740
2012-02-19/00:00:00,5.84,5.96,5.82,5.92,645836
2012-02-20/00:00:00,5.95,6.23,5.95,6.11,1937299
2012-02-21/00:00:00,5.98,6.13,5.74,5.95,796244
2012-02-22/00:00:00,5.8,5.96,5.72,5.83,836379
2012-02-23/00:00:00,5.91,6.05,5.85,5.95,681734
2012-02-26/00:00:00,6.01,6.05,5.91,5.98,691593
2012-02-27/00:00:00,6.0,6.03,5.85,5.92,525268
2012-02-28/00:00:00,5.91,5.98,5.85,5.91,422997
2012-02-29/00:00:00,5.87,6.51,5.87,6.36,2756235
2012-03-01/00:00:00,6.54,6.99,6.54,6.84,1909960
2012-03-04/00:00:00,6.99,7.03,6.73,6.86,2184747
2012-03-05/00:00:00,6.77,6.91,6.69,6.81,1127336
2012-03-06/00:00:00,6.84,6.99,6.71,6.83,804906
2012-03-07/00:00:00,6.77,6.82,6.36,6.62,1115037
2012-03-08/00:00:00,6.48,6.6,6.28,6.41,833058
2012-03-11/00:00:00,6.51,6.51,6.2,6.28,641737
2012-03-12/00:00:00,6.01,6.42,5.8,6.1,878077
2012-03-13/00:00:00,6.05,6.11,5.58,5.79,912446
2012-03-14/00:00:00,5.79,5.91,5.6,5.76,582547
2012-03-15/00:00:00,5.76,5.91,5.7,5.8,406495
2012-03-18/00:00:00,5.8,5.79,5.58,5.68,310706
2012-03-19/00:00:00,5.68,5.78,5.52,5.6,416001
2012-03-20/00:00:00,5.6,5.79,5.35,5.59,492289
2012-03-21/00:00:00,5.59,5.79,5.59,5.69,340228
2012-03-22/00:00:00,5.69,5.78,5.6,5.68,379685
2012-03-25/00:00:00,5.68,5.59,5.25,5.39,531451
2012-03-26/00:00:00,5.39,5.31,5.07,5.24,412029
2012-03-27/00:00:00,5.24,5.39,5.19,5.27,279644
2012-03-28/00:00:00,5.27,5.39,5.17,5.27,365528
2012-03-29/00:00:00,5.27,5.36,5.17,5.24,344080
2012-04-01/00:00:00,5.24,5.25,4.94,5.08,228376
2012-04-02/00:00:00,5.08,5.09,4.91,4.98,252552
2012-04-03/00:00:00,4.98,5.06,4.91,5.01,185730
2012-04-04/00:00:00,5.01,5.05,4.88,4.94,211590
2012-04-05/00:00:00,4.94,4.99,4.87,4.91,217088
2012-04-08/00:00:00,4.91,5.05,4.79,4.87,324512
2012-04-09/00:00:00,4.87,4.9,4.75,4.81,261383
2012-04-10/00:00:00,4.81,4.94,4.68,4.79,226772
2012-04-11/00:00:00,4.79,4.94,4.75,4.86,201460
2012-04-12/00:00:00,4.86,4.98,4.83,4.9,199972
2012-04-17/00:00:00,4.9,4.91,4.76,4.79,122065
2012-04-18/00:00:00,4.79,4.9,4.78,4.81,87146
2012-04-19/00:00:00,4.81,4.87,4.79,4.86,138082
2012-04-22/00:00:00,4.86,5.07,4.86,5.03,412462
2012-04-23/00:00:00,5.03,5.14,4.98,5.06,421578
2012-04-24/00:00:00,5.06,5.08,4.91,4.98,244017
2012-04-26/00:00:00,4.98,5.03,4.91,4.98,142534
2012-04-29/00:00:00,4.98,5.09,4.87,5.01,436844
2012-04-30/00:00:00,5.01,5.29,5.01,5.21,632298
2012-05-02/00:00:00,5.21,5.24,4.96,5.07,329120
2012-05-03/00:00:00,5.07,5.07,4.91,4.99,240703
2012-05-06/00:00:00,4.99,5.21,4.98,5.15,289385
2012-05-07/00:00:00,5.15,5.24,5.07,5.17,346705
2012-05-08/00:00:00,5.17,5.21,5.09,5.17,181667
2012-05-09/00:00:00,5.17,5.21,5.09,5.16,174750
2012-05-10/00:00:00,5.16,5.16,5.07,5.09,114466
2012-05-13/00:00:00,5.09,5.2,5.15,5.17,130939
2012-05-14/00:00:00,5.17,5.19,5.05,5.09,163154
2012-05-15/00:00:00,5.09,5.06,4.94,4.98,166342
2012-05-16/00:00:00,4.98,5.01,4.91,4.95,119785
2012-05-17/00:00:00,4.95,4.94,4.83,4.87,219400
2012-05-20/00:00:00,4.87,4.87,4.75,4.8,55421
2012-05-21/00:00:00,4.8,4.91,4.8,4.86,128283
2012-05-22/00:00:00,4.86,4.91,4.8,4.86,194690
2012-05-23/00:00:00,4.86,5.13,4.85,5.05,194554
2012-05-24/00:00:00,5.05,5.13,5.01,5.05,110590
2012-05-27/00:00:00,5.05,5.05,4.79,4.86,216229
2012-05-28/00:00:00,4.86,4.95,4.79,4.84,104198
2012-05-29/00:00:00,4.84,4.83,4.75,4.79,88824
2012-05-30/00:00:00,4.79,4.87,4.75,4.79,96177
2012-05-31/00:00:00,4.79,4.8,4.71,4.75,133455
2012-06-03/00:00:00,4.75,5.07,4.5,4.72,53469
2012-06-04/00:00:00,4.72,4.81,4.68,4.71,117144
2012-06-05/00:00:00,4.71,4.68,4.59,4.67,112149
2012-06-06/00:00:00,4.67,4.69,4.53,4.6,117718
2012-06-07/00:00:00,4.6,4.68,4.55,4.59,99680
2012-06-10/00:00:00,4.59,4.75,4.61,4.68,134986
2012-06-11/00:00:00,4.68,4.64,4.49,4.53,140597
2012-06-12/00:00:00,4.53,4.61,4.5,4.55,86641
2012-06-13/00:00:00,4.55,4.54,4.44,4.47,151955
2012-06-14/00:00:00,4.47,4.63,4.47,4.55,302440
2012-06-18/00:00:00,4.55,4.57,4.36,4.4,125979
2012-06-19/00:00:00,4.4,4.37,4.17,4.25,99581
2012-06-20/00:00:00,4.25,4.29,4.18,4.24,39278
2012-06-21/00:00:00,4.24,4.22,4.17,4.19,130705
2012-06-24/00:00:00,4.19,4.4,4.2,4.33,144966
2012-06-25/00:00:00,4.33,4.76,4.6,4.75,253966
2012-06-26/00:00:00,4.75,5.01,4.83,4.91,446369
2012-06-27/00:00:00,4.91,5.07,4.91,4.98,316339
2012-06-28/00:00:00,4.98,5.13,4.91,5.05,271929
2012-07-02/00:00:00,5.05,5.24,4.97,5.16,302598
2012-07-03/00:00:00,5.16,5.17,5.03,5.1,247742
2012-07-04/00:00:00,5.1,5.16,5.01,5.05,226827
2012-07-05/00:00:00,5.05,5.15,4.98,5.06,154907
2012-07-08/00:00:00,5.06,5.07,4.91,4.96,246609
2012-07-09/00:00:00,4.96,4.91,4.72,4.81,239545
2012-07-10/00:00:00,4.81,4.87,4.67,4.78,58184
2012-07-11/00:00:00,4.78,4.94,4.75,4.86,97609
2012-07-12/00:00:00,4.86,4.98,4.75,4.84,140883
2012-07-15/00:00:00,4.84,4.91,4.69,4.75,102836
2012-07-16/00:00:00,4.75,4.79,4.65,4.69,95655
2012-07-17/00:00:00,4.69,4.87,4.72,4.79,70507
2012-07-18/00:00:00,4.79,4.77,4.69,4.74,60585
2012-07-19/00:00:00,4.74,4.87,4.75,4.83,67107
2012-07-24/00:00:00,4.83,4.91,4.75,4.84,93443
2012-07-25/00:00:00,4.84,4.9,4.75,4.84,80030
2012-07-26/00:00:00,4.84,5.09,4.76,4.98,689436
2012-07-29/00:00:00,4.98,5.28,5.06,5.18,394655
2012-07-30/00:00:00,5.18,5.18,5.01,5.09,318929
2012-07-31/00:00:00,5.09,5.2,5.07,5.1,197454
2012-08-01/00:00:00,5.1,5.21,5.07,5.15,281190
2012-08-02/00:00:00,5.15,5.16,5.06,5.08,148078
2012-08-05/00:00:00,5.08,5.18,5.01,5.06,196830
2012-08-06/00:00:00,5.06,5.17,4.91,5.06,368265
2012-08-07/00:00:00,5.06,5.17,5.05,5.09,128506
2012-08-08/00:00:00,5.09,5.07,4.98,5.03,73787
2012-08-09/00:00:00,5.03,5.05,4.93,4.99,57806
2012-08-12/00:00:00,4.99,5.03,4.91,4.95,118679
2012-08-13/00:00:00,4.95,5.05,4.91,4.98,106996
2012-08-14/00:00:00,4.98,5.09,4.94,5.05,103734
2012-08-15/00:00:00,5.05,5.07,5.01,5.05,104953
2012-08-16/00:00:00,5.05,5.17,4.97,5.12,170999
2012-08-21/00:00:00,5.12,5.21,5.1,5.17,246915
2012-08-22/00:00:00,5.17,5.18,5.08,5.14,210164
2012-08-23/00:00:00,5.14,5.37,5.16,5.28,648454
2012-08-26/00:00:00,5.28,5.57,5.39,5.46,823318
2012-08-27/00:00:00,5.46,6.0,5.46,5.79,1948065
2012-08-28/00:00:00,5.79,6.24,5.95,6.1,1027470
2012-08-29/00:00:00,6.1,6.08,5.91,5.96,934114
2012-08-30/00:00:00,5.96,6.17,5.96,6.08,738118
2012-09-02/00:00:00,6.08,6.22,6.09,6.17,785721
2012-09-03/00:00:00,6.17,6.17,5.96,6.08,753622
2012-09-04/00:00:00,6.08,6.43,6.11,6.24,1512008
2012-09-05/00:00:00,6.24,6.68,6.17,6.51,1611942
2012-09-06/00:00:00,6.51,6.7,6.5,6.6,1218843
2012-09-09/00:00:00,6.6,6.82,6.6,6.73,1053376
2012-09-10/00:00:00,6.73,6.8,6.54,6.7,884725
2012-09-11/00:00:00,6.7,7.28,6.72,7.03,2416061
2012-09-12/00:00:00,7.03,7.5,7.11,7.27,1923956
2012-09-13/00:00:00,7.27,8.0,7.07,7.55,2631237
2012-09-16/00:00:00,7.55,8.3,8.07,8.23,777964
2012-09-17/00:00:00,8.23,8.67,8.04,8.35,2761415
2012-09-18/00:00:00,8.35,8.44,7.89,8.23,1549760
2012-09-19/00:00:00,8.23,8.52,7.82,8.16,1432120
2012-09-20/00:00:00,8.16,8.16,7.78,7.92,1176669
2012-09-23/00:00:00,7.92,8.05,7.51,7.8,821906
2012-09-24/00:00:00,7.8,7.8,7.45,7.62,1135785
2012-09-25/00:00:00,7.62,8.37,7.72,8.16,1715757
2012-09-26/00:00:00,8.16,8.93,8.28,8.68,1732190
2012-09-27/00:00:00,8.68,8.67,8.14,8.41,958595
2012-09-30/00:00:00,8.41,8.31,7.79,8.03,859369
2012-10-01/00:00:00,8.03,8.07,7.24,7.54,782015
2012-10-02/00:00:00,7.54,7.48,6.79,7.27,1152550
2012-10-03/00:00:00,7.27,7.47,7.17,7.32,527314
2012-10-04/00:00:00,7.32,7.62,7.06,7.39,1218896
2012-10-08/00:00:00,7.39,7.75,7.18,7.49,1340352
2012-10-09/00:00:00,7.49,7.72,7.41,7.62,904753
2012-10-10/00:00:00,7.62,7.99,7.74,7.89,785736
2012-10-11/00:00:00,7.89,7.92,7.66,7.8,758363
2012-10-14/00:00:00,7.8,7.91,7.51,7.67,499707
2012-10-15/00:00:00,7.67,7.61,7.31,7.43,529881
2012-10-16/00:00:00,7.43,7.6,7.17,7.41,389654
2012-10-17/00:00:00,7.41,7.74,7.48,7.55,106820
2012-10-18/00:00:00,7.55,7.63,7.31,7.41,345559
2012-10-21/00:00:00,7.41,7.52,7.25,7.33,256501
2012-10-22/00:00:00,7.33,7.44,7.21,7.29,230937
2012-10-23/00:00:00,7.29,7.41,7.23,7.31,351559
2012-10-24/00:00:00,7.31,7.61,7.4,7.49,396910
2012-10-29/00:00:00,7.49,7.69,7.5,7.59,275234
2012-10-30/00:00:00,7.59,7.59,7.32,7.41,406776
2012-10-31/00:00:00,7.41,7.41,7.16,7.24,351381
2012-11-01/00:00:00,7.24,7.34,6.64,6.89,902463
2012-11-04/00:00:00,6.89,6.91,6.2,6.38,875288
2012-11-05/00:00:00,6.38,6.54,5.99,6.29,635954
2012-11-06/00:00:00,6.29,6.73,6.39,6.57,551154
2012-11-07/00:00:00,6.57,6.79,6.47,6.62,409078
2012-11-08/00:00:00,6.62,6.73,6.47,6.58,448461
2012-11-11/00:00:00,6.58,6.77,6.4,6.54,504678
2012-11-12/00:00:00,6.54,6.54,6.17,6.43,357052
2012-11-13/00:00:00,6.43,6.66,6.5,6.57,320622
2012-11-14/00:00:00,6.57,6.67,6.5,6.56,372521
2012-11-18/00:00:00,6.56,6.5,6.05,6.21,519803
2012-11-19/00:00:00,6.21,6.3,5.91,6.17,684641
2012-11-20/00:00:00,6.17,6.25,5.8,6.03,564479
2012-11-21/00:00:00,6.03,6.22,5.95,6.05,348208
2012-11-22/00:00:00,6.05,6.11,5.95,6.0,317150
2012-11-25/00:00:00,6.0,5.91,5.41,5.42,164518
2012-11-26/00:00:00,5.42,5.42,4.87,5.18,967102
2012-11-27/00:00:00,5.18,5.56,5.13,5.46,285291
2012-11-28/00:00:00,5.46,5.48,4.94,5.21,710601
2012-11-29/00:00:00,5.21,5.4,4.98,5.28,449065
2012-12-02/00:00:00,5.28,5.6,5.3,5.46,337218
2012-12-03/00:00:00,5.46,5.34,5.09,5.24,443925
2012-12-04/00:00:00,5.24,5.65,5.28,5.5,496530
2012-12-05/00:00:00,5.5,5.76,5.46,5.64,587892
2012-12-06/00:00:00,5.64,5.61,5.07,5.41,343078
2012-12-09/00:00:00,5.41,5.8,5.54,5.58,413277
2012-12-10/00:00:00,5.69,5.67,5.48,5.6,223300
2012-12-11/00:00:00,5.59,5.68,5.54,5.64,181640
2012-12-12/00:00:00,5.64,6.05,5.72,5.89,640961
2012-12-13/00:00:00,5.89,6.2,5.91,6.1,408176
2012-12-16/00:00:00,6.1,6.38,6.17,6.28,560607
2012-12-17/00:00:00,6.28,6.33,6.11,6.2,617691
2012-12-18/00:00:00,6.2,6.27,6.03,6.16,374083
2012-12-19/00:00:00,6.16,6.6,6.17,6.45,786631
2012-12-20/00:00:00,6.45,6.73,6.5,6.62,629098
2012-12-23/00:00:00,6.62,6.91,6.28,6.52,649066
2012-12-24/00:00:00,6.52,6.59,6.32,6.47,352474
2012-12-25/00:00:00,6.47,6.52,6.1,6.23,964519
2012-12-26/00:00:00,6.23,6.33,6.02,6.17,395808
2012-12-27/00:00:00,6.17,6.5,6.35,6.42,430418
2012-12-30/00:00:00,6.42,6.5,6.24,6.33,496076
2012-12-31/00:00:00,6.33,6.35,6.16,6.26,351887
2013-01-02/00:00:00,6.26,6.5,6.38,6.43,427579
2013-01-03/00:00:00,6.43,6.63,6.36,6.53,730177
2013-01-06/00:00:00,6.53,6.7,6.45,6.58,615482
2013-01-08/00:00:00,6.58,6.63,6.5,6.55,363203
2013-01-09/00:00:00,6.55,6.77,6.54,6.7,1059268
2013-01-10/00:00:00,6.7,6.67,6.5,6.54,491439
2013-01-13/00:00:00,6.54,6.58,6.39,6.43,354907
2013-01-14/00:00:00,6.43,6.5,6.28,6.4,319090
2013-01-15/00:00:00,6.4,6.33,5.91,6.16,503586
2013-01-16/00:00:00,6.16,6.2,5.96,6.16,233398
2013-01-17/00:00:00,6.16,6.22,5.91,5.99,293503
2013-01-20/00:00:00,5.99,6.12,5.72,5.79,464551
2013-01-21/00:00:00,5.79,5.72,5.49,5.64,344751
2013-01-22/00:00:00,5.64,5.95,5.72,5.85,320537
2013-01-23/00:00:00,5.85,5.95,5.69,5.87,240734
2013-01-27/00:00:00,5.87,5.91,5.57,5.75,214000
2013-01-28/00:00:00,5.75,5.89,5.62,5.69,244410
2013-01-29/00:00:00,5.69,5.61,5.35,5.46,547443
2013-01-30/00:00:00,5.46,5.68,5.52,5.61,171970
2013-01-31/00:00:00,5.61,5.84,5.48,5.69,513401
2013-02-03/00:00:00,5.69,6.25,5.84,6.17,781206
2013-02-04/00:00:00,6.17,6.48,6.17,6.29,634128
2013-02-05/00:00:00,6.29,6.48,6.22,6.33,414126
2013-02-06/00:00:00,6.33,6.47,6.13,6.3,524727
2013-02-07/00:00:00,6.3,6.36,6.21,6.26,119695
2013-02-10/00:00:00,6.26,6.4,6.19,6.28,186576
2013-02-11/00:00:00,6.28,6.33,6.2,6.24,76403
2013-02-12/00:00:00,6.24,6.48,6.24,6.36,554118
2013-02-13/00:00:00,6.36,6.42,6.25,6.32,249068
2013-02-14/00:00:00,6.32,6.36,6.27,6.32,86583
2013-02-17/00:00:00,6.32,6.69,6.29,6.51,788333
2013-02-18/00:00:00,6.51,6.56,6.33,6.41,261364
2013-02-19/00:00:00,6.41,6.41,5.87,6.17,809500
2013-02-20/00:00:00,6.17,6.1,5.91,6.01,318436
2013-02-21/00:00:00,6.01,6.15,6.0,6.06,178404
2013-02-24/00:00:00,6.06,6.05,5.86,5.95,173808
2013-02-25/00:00:00,5.95,6.05,5.87,5.95,249302
2013-02-26/00:00:00,5.95,6.16,5.96,6.05,158870
2013-02-27/00:00:00,6.05,6.08,5.87,5.92,203637
2013-02-28/00:00:00,5.92,5.98,5.86,5.91,144874
2013-03-03/00:00:00,5.91,5.95,5.79,5.9,95112
2013-03-04/00:00:00,5.9,5.79,5.42,5.56,428431
2013-03-05/00:00:00,5.56,5.59,5.39,5.46,230120
2013-03-06/00:00:00,5.46,5.59,5.42,5.46,114349
2013-03-07/00:00:00,5.46,5.67,5.51,5.58,172420
2013-03-10/00:00:00,5.58,5.7,5.57,5.65,146095
2013-03-11/00:00:00,5.65,5.79,5.68,5.71,145986
2013-03-12/00:00:00,5.71,5.72,5.5,5.56,291588
2013-03-13/00:00:00,5.56,5.6,5.46,5.54,100607
2013-03-14/00:00:00,5.54,5.58,5.48,5.54,116229
2013-03-17/00:00:00,5.54,5.61,5.54,5.54,121026
2013-03-18/00:00:00,5.54,5.57,5.42,5.54,148251
2013-03-19/00:00:00,5.54,5.62,5.45,5.5,269738
2013-03-20/00:00:00,5.5,5.54,5.42,5.45,146496
2013-03-21/00:00:00,5.45,5.59,5.48,5.54,159957
2013-03-24/00:00:00,5.54,5.61,5.54,5.58,235306
2013-03-25/00:00:00,5.58,5.61,5.48,5.54,71433
2013-03-26/00:00:00,5.54,5.5,5.4,5.42,251695
2013-03-27/00:00:00,5.42,5.46,5.35,5.4,147617
2013-03-28/00:00:00,5.4,5.46,5.31,5.39,107302
2013-03-31/00:00:00,5.39,5.38,5.13,5.21,294256
2013-04-01/00:00:00,5.21,5.31,5.16,5.24,175966
2013-04-02/00:00:00,5.24,5.35,5.21,5.24,100102
2013-04-03/00:00:00,5.24,5.19,5.03,5.09,127988
2013-04-04/00:00:00,5.09,5.28,5.13,5.24,180203
2013-04-07/00:00:00,5.24,5.75,5.26,5.35,43311
2013-04-08/00:00:00,5.35,5.47,5.28,5.42,220349
2013-04-09/00:00:00,5.42,5.54,5.38,5.48,174912
2013-04-10/00:00:00,5.48,5.6,5.29,5.54,178096
2013-04-11/00:00:00,5.54,5.91,5.6,5.76,450256
2013-04-14/00:00:00,5.76,5.91,5.79,5.83,136227
2013-04-15/00:00:00,5.83,5.79,5.68,5.74,221140
2013-04-16/00:00:00,5.74,5.8,5.68,5.71,195059
2013-04-17/00:00:00,5.71,5.79,5.58,5.64,155760
2013-04-18/00:00:00,5.64,5.75,5.61,5.68,84459
2013-04-21/00:00:00,5.68,5.84,5.65,5.74,126993
2013-04-22/00:00:00,5.74,5.68,5.57,5.61,144730
2013-04-23/00:00:00,5.61,5.7,5.54,5.58,90424
2013-04-24/00:00:00,5.58,5.6,5.52,5.56,91770
2013-04-28/00:00:00,5.56,5.68,5.54,5.6,140999
2013-04-29/00:00:00,5.6,5.65,5.54,5.56,72039
2013-04-30/00:00:00,5.56,5.64,5.54,5.58,126424
2013-05-02/00:00:00,5.58,5.61,5.58,5.6,31511
2013-05-07/00:00:00,5.6,5.8,5.61,5.74,266746
2013-05-08/00:00:00,5.74,6.09,5.78,5.91,475071
2013-05-09/00:00:00,5.91,6.11,5.91,5.96,166010
2013-05-12/00:00:00,5.96,5.99,5.85,5.95,177763
2013-05-13/00:00:00,5.95,5.89,5.72,5.79,137138
2013-05-14/00:00:00,5.79,5.87,5.72,5.8,194154
2013-05-15/00:00:00,5.8,5.96,5.87,5.91,192079
2013-05-16/00:00:00,5.91,5.91,5.79,5.84,208511
2013-05-19/00:00:00,5.84,5.95,5.83,5.87,83627
2013-05-20/00:00:00,5.87,5.84,5.75,5.79,129933
2013-05-21/00:00:00,5.79,5.83,5.74,5.76,105344
2013-05-22/00:00:00,5.76,5.91,5.75,5.79,103883
2013-05-23/00:00:00,5.79,5.86,5.65,5.69,128641
2013-05-26/00:00:00,5.69,5.79,5.61,5.67,104150
2013-05-27/00:00:00,5.67,5.69,5.57,5.64,86371
2013-05-28/00:00:00,5.64,5.75,5.61,5.67,149785
2013-05-29/00:00:00,5.67,5.61,5.4,5.5,168355
2013-05-30/00:00:00,5.5,5.57,5.42,5.5,188584
2013-06-02/00:00:00,5.5,5.57,5.39,5.46,141833
2013-06-03/00:00:00,5.46,5.46,5.21,5.35,95135
2013-06-04/00:00:00,5.35,5.21,5.01,5.08,85775
2013-06-05/00:00:00,5.08,5.07,4.87,4.91,220210
2013-06-06/00:00:00,4.91,5.05,4.87,4.98,88454
2013-06-09/00:00:00,4.98,4.91,4.49,4.72,125511
2013-06-10/00:00:00,4.72,4.37,4.24,4.28,364965
2013-06-11/00:00:00,4.28,4.42,4.22,4.3,128137
2013-06-12/00:00:00,4.3,4.24,3.89,4.02,238355
2013-06-13/00:00:00,4.02,4.09,3.82,3.99,69334
2013-06-16/00:00:00,3.99,3.98,3.82,3.86,41796
2013-06-17/00:00:00,3.86,4.05,3.85,3.96,75105
2013-06-18/00:00:00,3.96,4.12,3.92,3.97,53322
2013-06-19/00:00:00,3.97,3.94,3.82,3.86,118654
2013-06-20/00:00:00,3.86,3.9,3.77,3.85,105557
2013-06-23/00:00:00,3.85,3.82,3.72,3.77,76572
2013-06-24/00:00:00,3.77,3.94,3.76,3.85,188130
2013-06-25/00:00:00,3.85,4.23,3.9,3.97,173789
2013-06-26/00:00:00,3.97,3.97,3.92,3.93,53269
2013-06-27/00:00:00,3.93,4.09,3.9,3.98,110810
2013-06-30/00:00:00,3.98,4.04,3.86,3.95,89215
2013-07-02/00:00:00,3.95,4.35,4.05,4.33,306689
2013-07-03/00:00:00,4.33,4.64,4.0,4.42,393233
2013-07-04/00:00:00,4.42,4.87,4.75,4.86,19073
2013-07-07/00:00:00,4.86,5.18,4.98,5.09,366752
2013-07-08/00:00:00,5.09,5.09,4.68,4.87,268387
2013-07-09/00:00:00,4.87,5.35,5.06,5.24,148011
2013-07-10/00:00:00,5.24,5.5,5.24,5.41,235384
2013-07-11/00:00:00,5.41,5.46,5.3,5.38,146626
2013-07-14/00:00:00,5.38,5.42,5.26,5.3,118307
2013-07-15/00:00:00,5.3,5.26,5.08,5.2,101240
2013-07-16/00:00:00,5.2,5.4,5.26,5.35,99920
2013-07-17/00:00:00,5.35,5.54,5.28,5.39,139967
2013-07-18/00:00:00,5.39,5.39,5.24,5.34,79394
2013-07-21/00:00:00,5.34,5.6,5.37,5.5,150317
2013-07-22/00:00:00,5.5,5.8,5.5,5.69,507813
2013-07-24/00:00:00,5.69,5.72,5.24,5.48,359571
2013-07-25/00:00:00,5.48,5.48,5.24,5.42,382385
2013-07-28/00:00:00,5.42,5.56,5.41,5.46,178376
2013-07-29/00:00:00,5.46,5.46,5.28,5.37,149364
2013-07-30/00:00:00,5.37,5.4,5.2,5.27,140157
2013-07-31/00:00:00,5.27,5.48,5.21,5.31,182778
2013-08-01/00:00:00,5.31,5.45,5.34,5.4,187445
2013-08-04/00:00:00,5.4,5.6,5.45,5.54,255331
2013-08-05/00:00:00,5.54,5.61,5.51,5.56,123730
2013-08-06/00:00:00,5.56,5.59,5.46,5.54,190452
2013-08-07/00:00:00,5.54,5.8,5.6,5.74,556854
2013-08-12/00:00:00,5.74,5.72,5.57,5.65,171261
2013-08-13/00:00:00,5.65,5.79,5.6,5.68,211707
2013-08-14/00:00:00,5.68,5.67,5.29,5.46,339512
2013-08-18/00:00:00,5.46,5.35,5.09,5.2,190104
2013-08-19/00:00:00,5.2,5.36,5.17,5.27,107895
2013-08-20/00:00:00,5.27,5.45,5.31,5.39,182376
2013-08-21/00:00:00,5.39,5.57,5.24,5.46,247000
2013-08-22/00:00:00,5.46,5.54,5.4,5.48,108817
2013-08-25/00:00:00,5.48,5.61,5.5,5.54,264080
2013-08-26/00:00:00,5.54,5.78,5.54,5.69,598417
2013-08-27/00:00:00,5.69,5.76,5.46,5.54,236688
2013-08-28/00:00:00,5.54,5.48,5.17,5.35,297835
2013-08-29/00:00:00,5.35,5.58,5.46,5.49,335422
2013-09-01/00:00:00,5.49,5.7,5.57,5.65,506843
2013-09-02/00:00:00,5.65,5.69,5.54,5.61,280507
2013-09-03/00:00:00,5.61,5.68,5.46,5.54,269812
2013-09-04/00:00:00,5.54,5.57,5.3,5.47,455714
2013-09-05/00:00:00,5.47,5.75,5.42,5.54,340346
2013-09-08/00:00:00,5.54,5.6,5.46,5.52,178995
2013-09-09/00:00:00,5.52,5.64,5.48,5.58,352464
2013-09-10/00:00:00,5.58,5.84,5.65,5.76,432978
2013-09-11/00:00:00,5.78,5.87,5.67,5.72,276019
2013-09-12/00:00:00,5.72,5.75,5.66,5.7,257586
2013-09-15/00:00:00,5.7,6.2,5.67,5.95,1031234
2013-09-16/00:00:00,5.95,6.3,6.08,6.21,994756
2013-09-17/00:00:00,6.21,6.54,6.15,6.45,1474506
2013-09-18/00:00:00,6.45,6.69,6.38,6.53,1063166
2013-09-19/00:00:00,6.53,6.67,6.38,6.54,1018441
2013-09-22/00:00:00,6.54,6.87,6.54,6.69,763338
2013-09-23/00:00:00,6.69,7.14,6.84,7.04,1781316
2013-09-24/00:00:00,7.04,7.42,7.14,7.29,2006698
2013-09-25/00:00:00,7.29,7.38,7.04,7.17,1060790
2013-09-26/00:00:00,7.17,7.28,7.07,7.17,613493
2013-09-29/00:00:00,7.17,7.14,6.92,7.03,753641
2013-09-30/00:00:00,7.03,7.07,6.92,6.99,300507
2013-10-01/00:00:00,6.99,7.14,7.04,7.09,213216
2013-10-02/00:00:00,7.09,7.11,6.67,7.03,211762
2013-10-03/00:00:00,7.03,7.1,6.95,7.03,200228
2013-10-07/00:00:00,7.03,7.07,6.95,6.99,84310
2013-10-08/00:00:00,6.99,6.99,6.86,6.91,134549
2013-10-09/00:00:00,6.91,7.07,6.91,7.01,331033
2013-10-10/00:00:00,7.01,7.17,6.99,7.09,318687
2013-10-13/00:00:00,7.09,7.23,7.03,7.16,423026
2013-10-20/00:00:00,7.16,7.55,7.27,7.44,1039309
2013-10-21/00:00:00,7.44,7.65,7.43,7.58,804450
2013-10-22/00:00:00,7.58,7.78,7.43,7.58,525577
2013-10-23/00:00:00,7.58,7.62,7.27,7.44,798904
2013-10-24/00:00:00,7.44,7.47,7.32,7.4,286082
2013-10-27/00:00:00,7.4,7.5,7.16,7.32,317227
2013-10-28/00:00:00,7.32,7.25,7.07,7.14,298976
2013-10-29/00:00:00,7.14,7.29,7.11,7.21,256950
2013-10-30/00:00:00,7.21,7.29,7.18,7.24,292376
2013-10-31/00:00:00,7.24,7.44,7.09,7.32,840079
2013-11-03/00:00:00,7.32,7.52,7.24,7.44,421480
2013-11-04/00:00:00,7.44,7.81,7.49,7.67,1277984
2013-11-06/00:00:00,7.67,8.03,7.68,7.89,989835
2013-11-07/00:00:00,7.89,7.92,7.67,7.77,818610
2013-11-10/00:00:00,7.77,7.75,7.55,7.66,286780
2013-11-11/00:00:00,7.66,7.63,7.44,7.55,225017
2013-11-12/00:00:00,7.55,7.7,7.47,7.58,390380
2013-11-13/00:00:00,7.58,7.52,7.38,7.43,186481
2013-11-14/00:00:00,7.43,7.55,7.29,7.42,201356
2013-11-17/00:00:00,7.42,7.55,7.38,7.48,164830
2013-11-18/00:00:00,7.48,7.62,7.47,7.59,202689
2013-11-19/00:00:00,7.59,7.62,7.48,7.53,79802
2013-11-20/00:00:00,7.53,7.72,7.43,7.58,407416
2013-11-21/00:00:00,7.58,7.59,7.43,7.47,56204
2013-11-24/00:00:00,7.47,7.52,7.43,7.48,71452
2013-11-25/00:00:00,7.48,7.51,7.29,7.37,192405
2013-11-26/00:00:00,7.37,7.37,7.17,7.29,171037
2013-11-27/00:00:00,7.29,7.38,7.03,7.14,218526
2013-11-28/00:00:00,7.14,7.32,7.02,7.21,226101
2013-12-01/00:00:00,7.21,7.4,7.23,7.29,32131
2013-12-02/00:00:00,7.29,7.38,7.11,7.2,51360
2013-12-03/00:00:00,7.2,7.23,7.11,7.14,129455
2013-12-04/00:00:00,7.14,7.47,7.22,7.4,413296
2013-12-05/00:00:00,7.4,7.43,7.23,7.35,158906
2013-12-08/00:00:00,7.35,7.47,7.25,7.35,43869
2013-12-09/00:00:00,7.35,7.4,7.07,7.21,86587
2013-12-10/00:00:00,7.21,7.39,7.08,7.25,107838
2013-12-11/00:00:00,7.25,7.32,7.21,7.25,46720
2013-12-12/00:00:00,7.25,7.38,7.23,7.33,273875
2013-12-15/00:00:00,7.33,7.43,7.23,7.32,81146
2013-12-16/00:00:00,7.32,7.23,7.13,7.17,348992
2013-12-17/00:00:00,7.17,7.32,7.23,7.29,85983
2013-12-18/00:00:00,7.29,7.29,7.18,7.24,76889
2013-12-19/00:00:00,7.24,7.91,7.23,7.35,677502
2013-12-22/00:00:00,7.35,7.38,7.21,7.28,123856
2013-12-23/00:00:00,7.28,7.31,7.13,7.24,72246
2013-12-24/00:00:00,7.24,7.29,7.14,7.22,102647
2013-12-25/00:00:00,7.22,7.66,7.24,7.39,587751
2013-12-26/00:00:00,7.39,7.62,7.26,7.44,656991
2013-12-29/00:00:00,7.44,7.51,7.21,7.28,111522
2013-12-30/00:00:00,7.28,7.32,7.21,7.24,128850
2013-12-31/00:00:00,7.24,7.31,7.11,7.17,291354
2014-01-02/00:00:00,7.17,7.42,7.2,7.36,475917
2014-01-05/00:00:00,7.36,7.48,7.29,7.4,400021
2014-01-06/00:00:00,7.4,7.59,7.24,7.35,309912
2014-01-08/00:00:00,7.35,7.43,7.25,7.36,368464
2014-01-09/00:00:00,7.36,7.67,7.38,7.53,881642
2014-01-12/00:00:00,7.53,7.62,7.4,7.51,641906
2014-01-14/00:00:00,7.51,7.58,7.43,7.49,274355
2014-01-15/00:00:00,7.49,7.57,7.32,7.44,395028
2014-01-16/00:00:00,7.44,7.41,7.18,7.27,143212
2014-01-19/00:00:00,7.27,7.25,6.95,7.11,217122
2014-01-20/00:00:00,7.11,7.21,7.06,7.09,218729
2014-01-21/00:00:00,7.09,7.22,7.08,7.13,63437
2014-01-22/00:00:00,7.13,7.23,7.11,7.18,93920
2014-01-23/00:00:00,7.18,7.26,7.17,7.22,170450
2014-01-26/00:00:00,7.22,7.32,7.17,7.25,241091
2014-01-27/00:00:00,7.25,7.33,7.2,7.29,160814
2014-01-28/00:00:00,7.29,7.6,7.26,7.48,491167
2014-01-29/00:00:00,7.48,7.59,7.26,7.44,547851
2014-01-30/00:00:00,7.44,7.48,7.32,7.36,232852
2014-02-02/00:00:00,7.36,7.48,7.29,7.37,245282
2014-02-03/00:00:00,7.37,7.37,7.23,7.28,149390
2014-02-04/00:00:00,7.28,7.35,7.17,7.22,183853
2014-02-05/00:00:00,7.22,7.37,7.17,7.29,106171
2014-02-06/00:00:00,7.29,7.4,7.24,7.31,278099
2014-02-09/00:00:00,7.31,7.58,7.29,7.44,582511
2014-02-10/00:00:00,7.44,7.61,7.4,7.53,745317
2014-02-11/00:00:00,7.53,7.52,7.38,7.43,242439
2014-02-12/00:00:00,7.43,8.18,7.49,7.8,1922952
2014-02-13/00:00:00,7.8,7.92,7.66,7.73,656618
2014-02-16/00:00:00,7.73,7.8,7.58,7.67,1215317
2014-02-17/00:00:00,7.67,7.92,7.67,7.79,572724
2014-02-18/00:00:00,7.79,7.92,7.67,7.78,662806
2014-02-19/00:00:00,7.78,7.8,7.61,7.66,536113
2014-02-20/00:00:00,7.66,7.72,7.55,7.62,362149
2014-02-23/00:00:00,7.62,7.79,7.55,7.66,301946
2014-02-24/00:00:00,7.66,7.74,7.55,7.66,312456
2014-02-25/00:00:00,7.66,7.81,7.55,7.69,414668
2014-02-26/00:00:00,7.69,7.67,7.51,7.62,161012
2014-02-27/00:00:00,7.62,7.85,7.62,7.78,779575
2014-03-02/00:00:00,7.78,7.85,7.55,7.7,625310
2014-03-03/00:00:00,7.7,7.72,7.32,7.48,244259
2014-03-04/00:00:00,7.48,7.59,7.36,7.5,180181
2014-03-05/00:00:00,7.5,7.65,7.51,7.58,368329
2014-03-06/00:00:00,7.58,8.24,6.82,7.61,273895
2014-03-09/00:00:00,7.61,7.61,7.35,7.44,255848
2014-03-10/00:00:00,7.44,7.55,7.37,7.47,146905
2014-03-11/00:00:00,7.47,7.59,7.4,7.47,319640
2014-03-12/00:00:00,7.47,7.57,7.34,7.48,330174
2014-03-13/00:00:00,7.48,7.59,7.47,7.55,349483
2014-03-16/00:00:00,7.55,7.55,7.25,7.35,295180
2014-03-17/00:00:00,7.35,7.37,7.23,7.29,136765
2014-03-18/00:00:00,7.29,7.4,7.26,7.31,137746
2014-03-19/00:00:00,7.31,7.41,7.26,7.29,182409
2014-03-20/00:00:00,7.29,7.39,7.18,7.29,425301
2014-03-23/00:00:00,7.29,7.43,7.24,7.32,205091
2014-03-24/00:00:00,7.32,7.34,7.24,7.29,178291
2014-03-25/00:00:00,7.29,7.51,7.25,7.38,365189
2014-03-26/00:00:00,7.38,7.96,7.17,7.72,2449479
2014-03-27/00:00:00,7.72,7.98,6.95,7.51,663449
2014-03-30/00:00:00,7.51,7.35,6.86,7.11,536409
2014-03-31/00:00:00,7.11,7.78,6.57,6.78,347601
2014-04-01/00:00:00,6.78,7.07,6.57,6.79,181483
2014-04-02/00:00:00,6.79,6.94,6.51,6.69,207476
2014-04-03/00:00:00,6.69,6.47,6.09,6.19,257724
2014-04-06/00:00:00,6.19,6.4,5.62,5.92,247999
2014-04-07/00:00:00,5.92,6.52,5.82,6.27,298403
2014-04-08/00:00:00,6.27,6.66,6.24,6.47,197187
2014-04-09/00:00:00,6.47,6.69,6.24,6.51,229118
2014-04-10/00:00:00,6.51,6.73,6.42,6.63,215486
2014-04-13/00:00:00,6.63,6.72,6.39,6.52,153241
2014-04-14/00:00:00,6.52,6.57,6.35,6.46,133839
2014-04-15/00:00:00,6.46,6.64,6.47,6.56,134942
2014-04-16/00:00:00,6.56,6.73,6.51,6.68,619183
2014-04-17/00:00:00,6.68,6.99,6.66,6.86,671664
2014-04-22/00:00:00,6.86,7.02,6.72,6.84,363547
2014-04-23/00:00:00,6.84,6.82,6.63,6.71,381067
2014-04-27/00:00:00,6.71,6.76,6.54,6.64,480561
2014-04-28/00:00:00,6.64,6.67,6.32,6.47,240149
2014-04-29/00:00:00,6.47,6.47,6.13,6.28,213410
2014-04-30/00:00:00,6.28,6.51,6.35,6.43,103062
2014-05-04/00:00:00,6.43,6.47,6.37,6.41,226011
2014-05-05/00:00:00,6.41,6.42,6.21,6.35,84144
2014-05-06/00:00:00,6.35,6.55,6.36,6.47,99690
2014-05-07/00:00:00,6.47,6.47,6.28,6.36,111981
2014-05-08/00:00:00,6.36,6.35,6.23,6.28,99818
2014-05-11/00:00:00,6.28,6.42,6.28,6.36,109749
2014-05-12/00:00:00,6.36,6.42,6.28,6.33,74489
2014-05-13/00:00:00,6.33,6.5,6.29,6.38,97854
2014-05-14/00:00:00,6.38,6.49,6.35,6.41,177908
2014-05-15/00:00:00,6.41,6.51,6.37,6.42,190501
2014-05-18/00:00:00,6.42,6.84,6.28,6.64,831720
2014-05-19/00:00:00,6.64,6.91,6.72,6.84,592678
2014-05-20/00:00:00,6.84,6.88,6.62,6.78,612118
2014-05-21/00:00:00,6.78,6.77,6.66,6.7,118049
2014-05-22/00:00:00,6.7,6.74,6.67,6.7,192484
2014-05-25/00:00:00,6.7,6.88,6.58,6.77,326972
2014-05-26/00:00:00,6.77,6.91,6.66,6.79,273796
2014-05-28/00:00:00,6.79,6.66,6.52,6.57,285460
2014-05-29/00:00:00,6.57,6.64,5.96,6.26,388041
2014-06-01/00:00:00,6.26,6.13,5.72,5.91,103836
2014-06-02/00:00:00,5.91,6.15,5.8,5.95,65986
2014-06-03/00:00:00,5.95,6.11,5.8,5.87,86886
2014-06-04/00:00:00,5.87,6.27,5.83,6.17,123474
2014-06-05/00:00:00,6.17,6.52,6.27,6.41,160506
2014-06-09/00:00:00,6.41,6.68,6.47,6.54,203914
2014-06-10/00:00:00,6.54,6.53,6.39,6.43,42108
2014-06-11/00:00:00,6.43,6.82,6.43,6.73,456002
2014-06-12/00:00:00,6.73,7.01,6.66,6.81,377329
2014-06-15/00:00:00,6.81,6.83,6.59,6.67,177492
2014-06-16/00:00:00,6.67,6.72,6.29,6.49,377603
2014-06-17/00:00:00,6.49,6.68,6.22,6.36,165613
2014-06-18/00:00:00,6.36,6.51,6.33,6.39,120411
2014-06-19/00:00:00,6.39,6.49,6.24,6.3,162745
2014-06-22/00:00:00,6.3,6.33,6.13,6.27,60615
2014-06-23/00:00:00,6.27,6.39,6.2,6.26,75576
2014-06-24/00:00:00,6.26,6.36,5.8,6.12,304281
2014-06-25/00:00:00,6.12,6.0,5.69,5.87,57318
2014-06-26/00:00:00,5.87,6.2,5.9,6.01,190704
2014-06-29/00:00:00,6.01,5.83,5.6,5.78,377454
2014-06-30/00:00:00,5.78,5.95,5.79,5.87,179842
2014-07-02/00:00:00,5.87,6.06,5.68,5.95,268220
2014-07-03/00:00:00,5.95,6.06,5.91,5.98,209381
2014-07-06/00:00:00,5.98,6.17,6.02,6.06,173166
2014-07-07/00:00:00,6.06,6.01,5.81,5.93,201540
2014-07-08/00:00:00,5.93,6.05,5.95,5.98,202448
2014-07-09/00:00:00,5.98,6.13,5.95,6.05,340184
2014-07-10/00:00:00,6.05,6.32,5.98,6.2,487637
2014-07-13/00:00:00,6.2,6.24,6.06,6.11,87998
2014-07-14/00:00:00,6.11,6.17,6.08,6.13,73536
2014-07-15/00:00:00,6.13,6.22,6.15,6.19,115427
2014-07-16/00:00:00,6.19,6.2,6.1,6.17,182655
2014-07-17/00:00:00,6.17,6.36,6.17,6.26,481617
2014-07-20/00:00:00,6.26,6.27,6.11,6.16,184600
2014-07-21/00:00:00,6.16,6.2,6.11,6.16,103185
2014-07-22/00:00:00,6.16,6.2,6.12,6.15,79892
2014-07-24/00:00:00,6.15,6.25,6.1,6.2,85234
2014-07-27/00:00:00,6.2,6.22,6.17,6.18,59583
2014-07-31/00:00:00,6.18,6.35,6.2,6.27,290135
2014-08-03/00:00:00,6.27,6.24,6.16,6.19,221992
2014-08-04/00:00:00,6.19,6.62,6.25,6.52,815057
2014-08-05/00:00:00,6.52,6.7,6.51,6.59,569670
2014-08-06/00:00:00,6.59,6.62,6.43,6.51,318957
2014-08-07/00:00:00,6.51,6.58,6.43,6.51,477949
2014-08-10/00:00:00,6.51,6.54,6.35,6.47,219023
2014-08-11/00:00:00,6.47,6.78,6.51,6.62,439737
2014-08-12/00:00:00,6.62,6.57,6.47,6.51,198410
2014-08-13/00:00:00,6.51,6.54,6.37,6.45,317317
2014-08-14/00:00:00,6.45,6.51,6.39,6.45,158901
2014-08-17/00:00:00,6.45,6.52,6.36,6.43,295984
2014-08-18/00:00:00,6.43,6.45,6.3,6.36,190969
2014-08-19/00:00:00,6.36,6.49,6.3,6.43,184239
2014-08-20/00:00:00,6.43,6.82,6.51,6.68,992393
2014-08-21/00:00:00,6.68,6.72,6.51,6.62,559934
2014-08-24/00:00:00,6.62,6.67,6.47,6.54,301596
2014-08-25/00:00:00,6.54,6.71,6.42,6.62,449662
2014-08-26/00:00:00,6.62,7.03,6.57,6.88,2550108
2014-08-27/00:00:00,6.88,7.24,6.93,7.11,1381049
2014-08-28/00:00:00,7.11,7.07,6.89,6.99,1109455
2014-08-31/00:00:00,6.99,7.02,6.8,6.9,562175
2014-09-01/00:00:00,6.9,7.03,6.81,6.92,578574
2014-09-02/00:00:00,6.92,7.0,6.82,6.88,346941
2014-09-03/00:00:00,6.88,6.91,6.62,6.73,568757
2014-09-04/00:00:00,6.73,6.8,6.67,6.72,292025
2014-09-07/00:00:00,6.72,6.88,6.7,6.8,432655
2014-09-08/00:00:00,6.8,6.82,6.51,6.63,222837
2014-09-09/00:00:00,6.63,6.54,6.37,6.45,274706
2014-09-10/00:00:00,6.45,6.54,6.1,6.29,351742
2014-09-11/00:00:00,6.29,6.26,5.96,6.13,225738
2014-09-14/00:00:00,6.13,6.32,6.09,6.2,225761
2014-09-15/00:00:00,6.2,6.28,6.15,6.21,139450
2014-09-16/00:00:00,6.21,6.42,6.2,6.27,252617
2014-09-17/00:00:00,6.27,6.26,6.17,6.2,93154
2014-09-18/00:00:00,6.2,6.39,6.27,6.28,302618
2014-09-21/00:00:00,6.28,6.5,6.22,6.38,630639
2014-09-22/00:00:00,6.38,6.39,6.2,6.25,302393
2014-09-23/00:00:00,6.25,6.27,6.17,6.2,260788
2014-09-24/00:00:00,6.2,6.19,6.06,6.12,146995
2014-09-25/00:00:00,6.12,6.17,5.95,6.03,209428
2014-09-28/00:00:00,6.03,6.11,5.96,6.03,118277
2014-09-29/00:00:00,6.03,6.13,5.97,6.03,301722
2014-09-30/00:00:00,6.03,6.17,6.05,6.1,168484
2014-10-01/00:00:00,6.1,6.17,6.05,6.1,61994
2014-10-02/00:00:00,6.1,6.3,6.1,6.24,368965
2014-10-08/00:00:00,6.24,6.38,6.17,6.24,195610
2014-10-09/00:00:00,6.24,6.26,6.17,6.21,169066
2014-10-12/00:00:00,6.21,6.18,5.75,6.0,334279
2014-10-13/00:00:00,6.0,5.95,5.62,5.83,186950
2014-10-14/00:00:00,5.83,5.91,5.28,5.65,312779
2014-10-15/00:00:00,5.65,5.79,5.6,5.69,88910
2014-10-16/00:00:00,5.69,5.6,5.26,5.4,125554
2014-10-19/00:00:00,5.4,5.74,5.29,5.41,211396
2014-10-20/00:00:00,5.41,5.57,5.36,5.48,150768
2014-10-21/00:00:00,5.48,5.61,5.47,5.54,185778
2014-10-22/00:00:00,5.54,5.69,5.54,5.58,112574
2014-10-23/00:00:00,5.58,5.6,5.46,5.5,125891
2014-10-26/00:00:00,5.5,5.6,5.38,5.47,123645
2014-10-27/00:00:00,5.47,5.46,5.27,5.3,85577
2014-10-28/00:00:00,5.3,5.54,5.28,5.42,206725
2014-10-29/00:00:00,5.42,5.54,5.4,5.46,119137
2014-10-30/00:00:00,5.46,5.64,5.46,5.54,246094
2014-11-02/00:00:00,5.54,5.65,5.54,5.59,121288
2014-11-03/00:00:00,5.59,5.65,5.5,5.54,143391
2014-11-04/00:00:00,5.54,5.65,5.5,5.57,188553
2014-11-05/00:00:00,5.57,5.71,5.57,5.66,293607
2014-11-06/00:00:00,5.66,5.79,5.57,5.67,282068
2014-11-09/00:00:00,5.67,5.85,5.6,5.74,289632
2014-11-10/00:00:00,5.74,5.91,5.7,5.83,269285
2014-11-11/00:00:00,5.83,5.98,5.8,5.87,413651
2014-11-12/00:00:00,5.87,6.17,5.82,5.98,795396
2014-11-13/00:00:00,5.98,6.01,5.8,5.91,334506
2014-11-16/00:00:00,5.91,5.95,5.74,5.8,150562
2014-11-17/00:00:00,5.8,5.87,5.67,5.76,118427
2014-11-18/00:00:00,5.76,5.95,5.76,5.82,108741
2014-11-19/00:00:00,5.82,5.87,5.75,5.78,206487
2014-11-20/00:00:00,5.78,5.92,5.71,5.8,213745
2014-11-23/00:00:00,5.8,5.87,5.68,5.72,170915
2014-11-24/00:00:00,5.72,5.75,5.51,5.6,148215
2014-11-25/00:00:00,5.6,5.69,5.47,5.59,170847
2014-11-26/00:00:00,5.59,5.68,5.56,5.6,124547
2014-11-27/00:00:00,5.6,5.72,5.57,5.65,127676
2014-11-30/00:00:00,5.65,5.72,5.6,5.66,79064
2014-12-01/00:00:00,5.66,5.71,5.6,5.61,116399
2014-12-02/00:00:00,5.61,5.6,5.49,5.54,149637
2014-12-03/00:00:00,5.54,5.62,5.49,5.58,78973
2014-12-04/00:00:00,5.58,5.65,5.39,5.47,4690998
2014-12-07/00:00:00,5.47,5.75,5.46,5.51,2799679
2014-12-08/00:00:00,5.51,5.71,5.49,5.6,2762614
2014-12-09/00:00:00,5.6,5.65,5.41,5.54,1448510
2014-12-10/00:00:00,5.54,5.54,5.37,5.42,477488
2014-12-11/00:00:00,5.42,5.42,5.12,5.2,1516029
2014-12-14/00:00:00,5.2,5.08,4.69,4.77,1089903
2014-12-15/00:00:00,4.77,4.81,4.53,4.68,1111002
2014-12-16/00:00:00,4.68,4.64,4.37,4.44,865046
2014-12-17/00:00:00,4.44,4.51,3.99,4.16,1069492
2014-12-18/00:00:00,4.16,4.28,4.09,4.19,805122
2014-12-21/00:00:00,4.19,4.41,4.25,4.32,617905
2014-12-22/00:00:00,4.32,4.39,4.24,4.32,364326
2014-12-23/00:00:00,4.32,4.42,4.27,4.33,322576
2014-12-24/00:00:00,4.33,4.41,4.29,4.34,292833
2014-12-25/00:00:00,4.34,4.39,4.27,4.3,292428
2014-12-28/00:00:00,4.3,4.44,4.27,4.35,333203
2014-12-29/00:00:00,4.35,4.51,4.29,4.43,474974
2014-12-30/00:00:00,4.43,4.48,4.34,4.4,374710
2014-12-31/00:00:00,6.14,6.21,6.01,6.08,290005
2015-01-04/00:00:00,4.35,4.65,4.37,4.54,608744
2015-01-05/00:00:00,4.54,4.69,4.51,4.59,710212
2015-01-06/00:00:00,4.59,4.49,4.32,4.43,472728
2015-01-08/00:00:00,4.43,4.57,4.49,4.51,280266
2015-01-11/00:00:00,4.51,4.54,4.4,4.43,162171
2015-01-12/00:00:00,4.43,4.54,4.38,4.49,159241
2015-01-13/00:00:00,4.49,4.58,4.43,4.53,448181
2015-01-14/00:00:00,4.53,4.68,4.51,4.6,680967
2015-01-15/00:00:00,4.6,4.58,4.45,4.5,319434
2015-01-18/00:00:00,4.5,4.54,4.46,4.5,227797
2015-01-19/00:00:00,4.5,4.51,4.43,4.49,166700
2015-01-20/00:00:00,4.49,4.57,4.46,4.53,429973
2015-01-21/00:00:00,4.53,4.54,4.49,4.51,310951
2015-01-22/00:00:00,4.51,4.64,4.49,4.55,1096279
2015-01-26/00:00:00,4.55,4.54,4.48,4.5,252184
2015-01-27/00:00:00,4.5,4.64,4.5,4.54,1087945
2015-01-28/00:00:00,4.54,4.58,4.5,4.53,446504
2015-01-29/00:00:00,4.53,4.54,4.47,4.49,449748
2015-02-01/00:00:00,4.49,4.5,4.41,4.48,310207
2015-02-02/00:00:00,4.48,4.61,4.45,4.53,573170
2015-02-03/00:00:00,4.53,4.7,4.55,4.66,1234046
2015-02-04/00:00:00,4.66,4.79,4.66,4.74,900422
2015-02-05/00:00:00,4.74,4.75,4.66,4.69,328097
2015-02-08/00:00:00,4.69,4.86,4.7,4.77,576939
2015-02-09/00:00:00,4.77,4.76,4.66,4.69,356245
2015-02-10/00:00:00,4.69,4.75,4.6,4.65,270097
2015-02-11/00:00:00,4.65,4.66,4.5,4.54,394903
2015-02-12/00:00:00,4.54,4.59,4.5,4.54,257366
2015-02-15/00:00:00,4.54,4.63,4.54,4.55,181907
2015-02-16/00:00:00,4.55,4.64,4.39,4.5,257156
2015-02-17/00:00:00,4.5,4.49,4.2,4.28,565338
2015-02-18/00:00:00,4.28,4.38,4.24,4.28,595856
2015-02-19/00:00:00,4.28,4.37,4.24,4.29,311132
2015-02-22/00:00:00,4.29,4.27,4.2,4.24,321259
2015-02-23/00:00:00,4.24,4.29,4.06,4.19,430647
2015-02-24/00:00:00,4.19,4.2,4.1,4.16,429451
2015-02-25/00:00:00,4.16,4.18,4.05,4.09,246656
2015-02-26/00:00:00,4.09,4.08,3.99,4.04,247511
2015-03-01/00:00:00,4.04,4.12,3.99,4.07,165575
2015-03-02/00:00:00,4.07,4.16,4.08,4.12,305259
2015-03-03/00:00:00,4.12,4.17,4.06,4.12,173836
2015-03-04/00:00:00,4.12,4.19,4.07,4.16,329515
2015-03-05/00:00:00,4.16,4.24,4.14,4.18,649884
2015-03-08/00:00:00,4.18,4.24,4.16,4.2,325669
2015-03-09/00:00:00,4.2,4.2,4.17,4.19,165341
2015-03-10/00:00:00,4.19,4.24,4.07,4.17,394288
2015-03-11/00:00:00,4.17,4.12,3.99,4.05,418236
2015-03-12/00:00:00,4.05,4.12,4.0,4.05,304201
2015-03-15/00:00:00,4.05,4.09,4.03,4.06,144567
2015-03-16/00:00:00,4.06,4.05,3.92,3.99,208731
2015-03-17/00:00:00,3.99,4.05,3.92,3.97,121403
2015-03-18/00:00:00,3.97,3.97,3.86,3.88,308190
2015-03-19/00:00:00,3.88,3.93,3.82,3.87,276717
2015-03-22/00:00:00,3.87,3.84,3.75,3.78,242276
2015-03-23/00:00:00,3.78,3.84,3.72,3.78,138690
2015-03-24/00:00:00,3.78,3.83,3.7,3.76,158857
2015-03-25/00:00:00,3.76,3.75,3.56,3.64,221415
2015-03-26/00:00:00,3.64,3.61,3.45,3.52,255756
2015-03-29/00:00:00,3.52,3.64,3.55,3.59,265383
2015-03-30/00:00:00,3.59,3.77,3.58,3.69,320245
2015-03-31/00:00:00,3.69,3.78,3.68,3.73,179856
2015-04-01/00:00:00,3.73,3.75,3.64,3.67,259823
2015-04-02/00:00:00,3.67,3.7,3.53,3.62,227927
2015-04-05/00:00:00,3.62,3.58,3.44,3.52,196631
2015-04-06/00:00:00,3.52,3.54,3.35,3.48,260582
2015-04-07/00:00:00,3.48,3.61,3.55,3.58,224187
2015-04-08/00:00:00,3.58,3.66,3.47,3.6,221208
2015-04-09/00:00:00,3.6,3.58,3.54,3.56,41624
2015-04-14/00:00:00,3.56,3.59,3.47,3.52,278348
2015-04-15/00:00:00,3.52,3.59,3.28,3.38,462392
2015-04-16/00:00:00,3.38,3.43,3.3,3.38,100928
2015-04-19/00:00:00,3.38,3.52,3.36,3.43,230901
2015-04-20/00:00:00,3.43,3.43,3.34,3.36,97715
2015-04-21/00:00:00,3.36,3.41,3.31,3.34,105506
2015-04-22/00:00:00,3.34,3.43,3.32,3.37,212355
2015-04-23/00:00:00,3.37,3.39,3.34,3.37,63942
2015-04-26/00:00:00,3.37,3.35,3.28,3.31,107837
2015-04-27/00:00:00,3.31,3.34,3.18,3.26,138472
2015-04-28/00:00:00,3.26,3.22,3.11,3.15,244179
2015-04-29/00:00:00,3.15,3.29,3.11,3.2,469629
2015-04-30/00:00:00,3.2,3.3,3.21,3.26,243024
2015-05-03/00:00:00,3.26,3.41,3.16,3.31,961837
2015-05-04/00:00:00,3.31,3.43,3.29,3.34,532041
2015-05-05/00:00:00,3.34,3.38,3.32,3.35,305851
2015-05-06/00:00:00,3.35,3.38,3.28,3.3,221181
2015-05-07/00:00:00,3.3,3.34,3.2,3.25,290526
2015-05-10/00:00:00,3.25,3.26,3.15,3.18,649296
2015-05-11/00:00:00,3.18,3.25,3.11,3.17,492118
2015-05-12/00:00:00,3.17,3.19,3.11,3.13,547852
2015-05-13/00:00:00,3.13,3.15,2.98,3.05,488815
2015-05-14/00:00:00,3.05,3.05,2.8,2.89,437934
2015-05-17/00:00:00,2.89,2.91,2.76,2.81,201069
2015-05-18/00:00:00,2.81,3.09,2.8,3.05,212619
2015-05-19/00:00:00,3.05,3.23,3.02,3.13,752764
2015-05-20/00:00:00,3.13,3.37,3.07,3.26,2228492
2015-05-21/00:00:00,3.26,3.51,3.27,3.37,1286152
2015-05-24/00:00:00,3.37,3.59,3.42,3.52,1619197
2015-05-25/00:00:00,3.52,3.59,3.47,3.52,1184450
2015-05-26/00:00:00,3.52,3.56,3.47,3.52,684339
2015-05-27/00:00:00,3.52,3.52,3.38,3.45,766756
2015-05-28/00:00:00,3.45,3.47,3.3,3.37,384178
2015-05-31/00:00:00,3.37,3.33,3.23,3.28,353159
2015-06-01/00:00:00,3.28,3.41,3.25,3.31,675809
2015-06-02/00:00:00,3.31,3.38,3.27,3.33,343422
2015-06-03/00:00:00,3.33,3.36,3.26,3.28,255390
2015-06-04/00:00:00,3.28,3.28,3.19,3.23,208322
2015-06-07/00:00:00,3.23,3.27,3.19,3.22,251927
2015-06-08/00:00:00,3.22,3.22,3.05,3.13,458401
2015-06-09/00:00:00,3.13,3.18,3.04,3.11,207921
2015-06-10/00:00:00,3.11,3.21,3.04,3.08,767286
2015-06-11/00:00:00,3.08,3.17,3.04,3.09,413985
2015-06-14/00:00:00,3.09,3.08,3.02,3.05,265328
2015-06-15/00:00:00,3.05,3.09,3.02,3.04,156279
2015-06-16/00:00:00,3.04,3.13,3.04,3.09,440818
2015-06-17/00:00:00,3.09,3.22,3.08,3.18,746278
2015-06-18/00:00:00,3.18,3.19,3.12,3.15,334445
2015-06-21/00:00:00,3.15,3.16,3.07,3.13,211890
2015-06-22/00:00:00,3.13,3.08,3.04,3.05,240485
2015-06-23/00:00:00,3.05,3.06,3.01,3.04,73502
2015-06-24/00:00:00,3.04,3.08,2.96,3.01,225041
2015-06-25/00:00:00,3.01,3.07,2.96,3.04,129749
2015-06-28/00:00:00,3.04,3.12,3.04,3.09,212491
2015-06-29/00:00:00,3.09,3.08,2.97,3.04,278833
2015-07-02/00:00:00,3.04,3.07,2.97,3.04,204765
2015-07-05/00:00:00,3.04,3.05,2.77,2.95,454991
2015-07-06/00:00:00,2.95,2.87,2.76,2.81,205667
2015-07-07/00:00:00,2.81,2.78,2.73,2.74,260968
2015-07-08/00:00:00,2.74,2.8,2.65,2.72,315056
2015-07-09/00:00:00,2.72,2.76,2.66,2.74,115713
2015-07-12/00:00:00,2.74,2.81,2.71,2.76,347699
2015-07-13/00:00:00,2.76,2.75,2.67,2.71,150288
2015-07-14/00:00:00,2.71,2.78,2.68,2.75,131229
2015-07-15/00:00:00,2.75,2.85,2.78,2.81,165681
2015-07-16/00:00:00,2.81,2.87,2.81,2.85,208734
2015-07-21/00:00:00,2.85,2.88,2.78,2.85,395335
2015-07-22/00:00:00,2.85,2.93,2.83,2.88,265830
2015-07-26/00:00:00,2.88,3.04,2.85,2.95,794513
2015-07-27/00:00:00,2.95,3.02,2.89,2.93,297333
2015-07-28/00:00:00,2.93,3.04,2.9,2.99,332218
2015-07-29/00:00:00,2.99,3.05,2.98,3.04,219593
2015-07-30/00:00:00,3.04,3.08,3.0,3.05,686854
2015-08-02/00:00:00,3.05,3.19,3.05,3.11,640943
2015-08-03/00:00:00,3.11,3.11,3.04,3.06,252285
2015-08-04/00:00:00,3.06,3.11,3.05,3.08,153618
2015-08-05/00:00:00,3.08,3.11,3.0,3.04,237028
2015-08-09/00:00:00,3.04,3.0,2.93,2.96,132999
2015-08-10/00:00:00,2.96,3.05,2.93,2.99,86839
2015-08-11/00:00:00,2.99,3.05,2.96,2.99,149235
2015-08-12/00:00:00,2.99,2.96,2.87,2.93,66046
2015-08-13/00:00:00,2.93,3.0,2.86,2.93,118243
2015-08-16/00:00:00,2.93,2.95,2.77,2.83,151972
2015-08-17/00:00:00,2.83,2.86,2.75,2.84,99067
2015-08-18/00:00:00,2.84,2.86,2.67,2.75,235406
2015-08-19/00:00:00,2.75,2.74,2.64,2.68,164399
2015-08-20/00:00:00,2.68,2.68,2.6,2.65,198483
2015-08-23/00:00:00,2.65,2.61,2.42,2.49,152492
2015-08-24/00:00:00,2.49,2.48,2.24,2.29,419970
2015-08-25/00:00:00,2.29,2.4,2.27,2.34,310204
2015-08-26/00:00:00,2.34,2.4,2.3,2.34,148489
2015-08-27/00:00:00,2.34,2.45,2.42,2.43,366896
2015-08-30/00:00:00,2.43,2.49,2.33,2.41,184080
2015-08-31/00:00:00,2.41,2.55,2.33,2.49,585227
2015-09-01/00:00:00,2.49,2.61,2.44,2.53,1297451
2015-09-02/00:00:00,2.53,2.55,2.5,2.53,434071
2015-09-03/00:00:00,2.53,2.6,2.52,2.55,442489
2015-09-06/00:00:00,2.55,2.55,2.5,2.52,150993
2015-09-07/00:00:00,2.52,2.52,2.4,2.46,131497
2015-09-08/00:00:00,2.46,2.47,2.25,2.33,459514
2015-09-09/00:00:00,2.33,2.43,2.33,2.37,223336
2015-09-10/00:00:00,2.37,2.43,2.3,2.37,366411
2015-09-13/00:00:00,2.37,2.42,2.37,2.4,105540
2015-09-14/00:00:00,2.4,2.43,2.37,2.41,133078
2015-09-15/00:00:00,2.41,2.51,2.37,2.44,733793
2015-09-16/00:00:00,2.44,2.46,2.4,2.43,176201
2015-09-17/00:00:00,2.43,2.44,2.39,2.4,181474
2015-09-20/00:00:00,2.4,2.52,2.35,2.44,486393
2015-09-21/00:00:00,2.44,2.47,2.42,2.44,213288
2015-09-22/00:00:00,2.44,2.52,2.43,2.48,170946
2015-09-28/00:00:00,2.48,2.49,2.42,2.44,47525
2015-09-29/00:00:00,2.44,2.44,2.39,2.4,161893
2015-09-30/00:00:00,2.4,2.44,2.4,2.42,132720
2015-10-01/00:00:00,2.42,2.43,2.4,2.42,132143
2015-10-04/00:00:00,2.42,2.44,2.4,2.41,65536
2015-10-05/00:00:00,2.41,2.43,2.37,2.4,106072
2015-10-07/00:00:00,2.4,2.44,2.43,2.44,97776
2015-10-08/00:00:00,2.44,2.48,2.43,2.46,287578
2015-10-11/00:00:00,2.46,2.52,2.44,2.48,316976
2015-10-12/00:00:00,2.48,2.54,2.52,2.52,301582
2015-10-13/00:00:00,2.52,2.74,2.5,2.63,2699955
2015-10-15/00:00:00,2.63,2.77,2.62,2.71,920205
2015-10-18/00:00:00,2.71,2.67,2.61,2.64,173072
2015-10-19/00:00:00,2.64,2.75,2.65,2.71,354912
2015-10-20/00:00:00,2.71,2.74,2.65,2.68,405947
2015-10-21/00:00:00,2.68,2.78,2.65,2.74,682414
2015-10-22/00:00:00,2.74,2.74,2.65,2.67,315945
2015-10-25/00:00:00,2.67,2.7,2.61,2.66,266320
2015-10-26/00:00:00,2.66,2.67,2.55,2.59,281791
2015-10-27/00:00:00,2.59,2.62,2.55,2.55,226119
2015-10-28/00:00:00,2.55,2.63,2.53,2.56,417408
2015-10-29/00:00:00,2.56,2.68,2.55,2.61,373941
2015-11-01/00:00:00,2.61,2.55,2.44,2.49,298925
2015-11-02/00:00:00,2.49,2.52,2.46,2.5,199991
2015-11-03/00:00:00,2.5,2.55,2.43,2.49,244315
2015-11-04/00:00:00,2.49,2.55,2.47,2.51,160995
2015-11-05/00:00:00,2.51,2.55,2.51,2.53,272496
2015-11-08/00:00:00,2.53,2.5,2.37,2.42,269448
2015-11-09/00:00:00,2.42,2.43,2.31,2.37,234714
2015-11-10/00:00:00,2.37,2.39,2.24,2.29,220104
2015-11-11/00:00:00,2.29,2.3,2.18,2.25,185581
2015-11-12/00:00:00,2.25,2.33,2.27,2.3,95353
2015-11-15/00:00:00,2.3,2.24,2.18,2.2,327307
2015-11-16/00:00:00,2.2,2.3,2.18,2.23,461364
2015-11-17/00:00:00,2.23,2.33,2.14,2.23,408466
2015-11-18/00:00:00,2.23,2.26,2.18,2.23,235596
2015-11-19/00:00:00,2.23,2.4,2.24,2.33,704281
2015-11-22/00:00:00,2.33,2.48,2.4,2.44,986096
2015-11-23/00:00:00,2.44,2.46,2.33,2.39,827871
2015-11-24/00:00:00,2.39,2.39,2.28,2.31,259565
2015-11-25/00:00:00,2.31,2.39,2.28,2.32,480860
2015-11-26/00:00:00,2.32,2.39,2.3,2.32,277240
2015-11-29/00:00:00,2.32,2.3,2.24,2.27,423139
2015-11-30/00:00:00,2.27,2.28,2.18,2.21,284129
2015-12-01/00:00:00,2.21,2.28,2.21,2.25,244006
2015-12-02/00:00:00,2.25,2.34,2.26,2.3,438444
2015-12-03/00:00:00,2.3,2.42,2.31,2.35,673261
2015-12-06/00:00:00,2.35,2.45,2.3,2.39,1314008
2015-12-07/00:00:00,2.39,2.45,2.31,2.4,841476
2015-12-08/00:00:00,2.4,2.33,2.28,2.3,356848
2015-12-09/00:00:00,2.3,2.33,2.26,2.3,445533
2015-12-10/00:00:00,2.3,2.3,2.24,2.26,261170
2015-12-13/00:00:00,2.26,2.22,2.11,2.16,620351
2015-12-14/00:00:00,2.16,2.2,2.13,2.18,294846
2015-12-15/00:00:00,2.18,2.2,2.18,2.18,196014
2015-12-16/00:00:00,2.18,2.22,2.18,2.21,288106
2015-12-17/00:00:00,2.21,2.29,2.23,2.26,735855
2015-12-20/00:00:00,2.26,2.29,2.23,2.26,322107
2015-12-21/00:00:00,2.26,2.34,2.22,2.3,733325
2015-12-22/00:00:00,2.3,2.31,2.26,2.28,830751
2015-12-24/00:00:00,2.28,2.37,2.28,2.32,1173284
2015-12-27/00:00:00,2.32,2.35,2.28,2.32,640435
2015-12-28/00:00:00,2.32,2.35,2.3,2.32,360775
2015-12-29/00:00:00,2.32,2.42,2.3,2.39,1570238
2015-12-30/00:00:00,2.39,2.45,2.39,2.43,1202980
2015-12-31/00:00:00,2.43,2.44,2.35,2.4,468201
2016-01-03/00:00:00,2.4,2.63,2.37,2.54,3389965
2016-01-04/00:00:00,2.54,2.68,2.51,2.62,3394972
2016-01-05/00:00:00,2.62,2.85,2.59,2.75,4195372
2016-01-06/00:00:00,2.75,2.93,2.74,2.81,2511560
2016-01-10/00:00:00,2.81,2.81,2.59,2.7,2249442
2016-01-11/00:00:00,2.7,2.67,2.46,2.55,1429306
2016-01-12/00:00:00,2.55,2.55,2.42,2.51,1776542
2016-01-13/00:00:00,2.51,2.52,2.25,2.34,1731819
2016-01-14/00:00:00,2.34,2.26,2.12,2.14,771458
2016-01-17/00:00:00,2.14,2.22,1.92,2.16,866053
2016-01-18/00:00:00,2.16,2.29,2.18,2.23,832033
2016-01-19/00:00:00,2.23,2.44,2.26,2.35,2415209
2016-01-20/00:00:00,2.35,2.41,2.21,2.3,1514900
2016-01-21/00:00:00,2.3,2.41,2.22,2.33,1359958
2016-01-24/00:00:00,2.33,2.5,2.37,2.44,3029564
2016-01-26/00:00:00,2.44,2.47,2.4,2.44,1927851
2016-01-27/00:00:00,2.44,2.56,2.44,2.52,3288442
2016-01-28/00:00:00,2.52,2.61,2.52,2.55,2147044
2016-01-31/00:00:00,2.55,2.61,2.41,2.52,1894753
2016-02-01/00:00:00,2.52,2.49,2.42,2.44,934679
2016-02-02/00:00:00,2.44,2.55,2.45,2.51,2091328
2016-02-03/00:00:00,2.51,2.56,2.49,2.55,1637709
2016-02-04/00:00:00,2.55,2.55,2.48,2.52,861141
2016-02-07/00:00:00,2.52,2.49,2.44,2.45,347347
2016-02-08/00:00:00,2.45,2.52,2.37,2.44,595985
2016-02-09/00:00:00,2.44,2.43,2.3,2.35,505624
2016-02-10/00:00:00,2.35,2.44,2.33,2.4,744264
2016-02-11/00:00:00,2.4,2.37,2.18,2.23,1061206
2016-02-14/00:00:00,2.23,2.37,2.29,2.33,977805
2016-02-15/00:00:00,2.33,2.45,2.39,2.43,801564
2016-02-16/00:00:00,2.43,2.46,2.37,2.42,635468
2016-02-17/00:00:00,2.42,2.41,2.31,2.37,355569
2016-02-18/00:00:00,2.37,2.41,2.33,2.37,508875
2016-02-21/00:00:00,2.37,2.45,2.35,2.42,1190261
2016-02-22/00:00:00,2.42,2.44,2.4,2.42,467445
2016-02-23/00:00:00,2.42,2.62,2.4,2.52,4717133
2016-02-24/00:00:00,2.52,2.64,2.53,2.59,3003167
2016-02-25/00:00:00,2.59,2.63,2.55,2.59,1851497
2016-02-28/00:00:00,2.59,2.85,2.63,2.77,4470713
2016-02-29/00:00:00,2.77,2.93,2.74,2.81,2837389
2016-03-01/00:00:00,2.81,2.8,2.66,2.74,1621272
2016-03-02/00:00:00,2.74,2.83,2.68,2.75,1476830
2016-03-03/00:00:00,2.75,2.81,2.68,2.75,1534922
2016-03-06/00:00:00,2.75,2.85,2.74,2.78,1366692
2016-03-07/00:00:00,2.78,2.78,2.7,2.74,1990083
2016-03-08/00:00:00,2.74,2.84,2.75,2.8,1051630
2016-03-09/00:00:00,2.8,2.81,2.76,2.78,456762
2016-03-10/00:00:00,2.85,2.91,2.78,2.85,1594968
2016-03-13/00:00:00,2.85,2.85,2.78,2.81,776553
2016-03-14/00:00:00,2.81,3.07,2.81,2.96,3175847
2016-03-15/00:00:00,2.96,3.09,2.96,3.04,2676493
2016-03-16/00:00:00,3.04,3.16,3.04,3.11,1575379
2016-03-17/00:00:00,3.11,3.19,3.04,3.11,1465961
2016-03-20/00:00:00,3.11,3.12,2.96,3.05,594535
2016-03-21/00:00:00,3.05,3.11,3.01,3.05,595435
2016-03-22/00:00:00,3.05,3.09,2.99,3.04,784724
2016-03-23/00:00:00,3.04,3.18,3.04,3.12,1611301
2016-03-24/00:00:00,3.12,3.3,3.19,3.25,1444156
2016-03-27/00:00:00,3.25,3.29,3.11,3.18,919692
2016-03-28/00:00:00,3.18,3.22,3.11,3.17,415820
2016-03-29/00:00:00,3.17,3.25,3.11,3.18,883020
2016-03-30/00:00:00,3.18,3.31,3.15,3.25,1755326
2016-03-31/00:00:00,3.25,3.32,3.18,3.26,2204683
2016-04-03/00:00:00,3.26,3.44,3.23,3.34,1677132
2016-04-04/00:00:00,3.34,3.43,3.33,3.37,1038855
2016-04-05/00:00:00,3.37,3.38,3.27,3.31,564124
2016-04-06/00:00:00,3.31,3.33,3.05,3.19,1011195
2016-04-07/00:00:00,3.19,3.19,3.05,3.13,464979
2016-04-10/00:00:00,3.13,3.26,3.07,3.19,726187
2016-04-11/00:00:00,3.19,3.19,3.05,3.11,218879
2016-04-12/00:00:00,3.11,3.18,3.05,3.15,214193
2016-04-13/00:00:00,3.15,3.23,3.11,3.16,783376
2016-04-14/00:00:00,3.16,3.19,3.11,3.16,372903
2016-04-17/00:00:00,3.16,3.25,3.15,3.21,840016
2016-04-18/00:00:00,3.21,3.27,3.19,3.23,563058
2016-04-19/00:00:00,3.23,3.41,3.22,3.33,2170605
2016-04-20/00:00:00,3.33,3.37,3.22,3.28,1013730
2016-04-21/00:00:00,3.28,3.33,3.19,3.25,575355
2016-04-24/00:00:00,3.25,3.23,3.18,3.22,163128
2016-04-26/00:00:00,3.22,3.27,3.21,3.23,273717
2016-04-27/00:00:00,3.23,3.27,3.11,3.2,485590
2016-04-28/00:00:00,3.2,3.15,3.09,3.12,262480
2016-05-03/00:00:00,3.12,3.12,3.0,3.04,200312
2016-05-04/00:00:00,3.04,3.08,2.96,3.04,137031
2016-05-05/00:00:00,3.04,3.11,3.05,3.08,148781
2016-05-08/00:00:00,3.08,3.16,3.04,3.09,167823
2016-05-09/00:00:00,3.09,3.16,3.07,3.12,168443
2016-05-10/00:00:00,3.12,3.15,3.04,3.08,232811
2016-05-11/00:00:00,3.08,3.05,3.02,3.04,150995
2016-05-12/00:00:00,3.04,3.08,3.02,3.05,169382
2016-05-15/00:00:00,3.05,3.04,2.89,2.96,177820
2016-05-16/00:00:00,2.96,3.05,2.97,3.0,154553
2016-05-17/00:00:00,3.0,3.07,2.99,3.05,277235
2016-05-18/00:00:00,3.05,3.11,2.98,3.04,137828
2016-05-19/00:00:00,3.04,3.04,2.96,2.99,268372
2016-05-22/00:00:00,2.99,3.11,3.0,3.05,479473
2016-05-23/00:00:00,3.05,3.05,2.97,3.01,149892
2016-05-24/00:00:00,3.01,3.06,2.99,3.04,227798
2016-05-25/00:00:00,3.04,3.05,3.0,3.04,91369
2016-05-26/00:00:00,3.04,3.04,2.96,2.98,198242
2016-05-29/00:00:00,2.98,3.0,2.9,2.95,201831
2016-05-30/00:00:00,2.95,3.01,2.89,2.95,369401
2016-05-31/00:00:00,2.95,2.96,2.87,2.9,130137
2016-06-01/00:00:00,2.9,2.96,2.9,2.93,159896
2016-06-02/00:00:00,2.93,2.96,2.9,2.93,116823
2016-06-05/00:00:00,2.93,3.08,2.95,3.04,1063790
2016-06-06/00:00:00,3.04,3.05,2.97,3.04,89373
2016-06-07/00:00:00,3.04,3.05,3.0,3.04,207329
2016-06-08/00:00:00,3.04,3.15,3.04,3.08,413111
2016-06-09/00:00:00,3.08,3.08,3.02,3.04,90233
2016-06-12/00:00:00,3.04,3.04,2.99,3.02,55991
2016-06-13/00:00:00,3.02,3.05,2.96,3.0,87491
2016-06-14/00:00:00,3.0,3.0,2.89,2.93,76166
2016-06-15/00:00:00,2.93,2.9,2.78,2.83,171321
2016-06-16/00:00:00,2.83,2.87,2.8,2.84,94634
2016-06-19/00:00:00,2.84,2.93,2.76,2.81,57832
2016-06-20/00:00:00,2.81,2.78,2.68,2.74,64458
2016-06-21/00:00:00,2.74,2.81,2.72,2.74,222711
2016-06-22/00:00:00,2.74,2.8,2.73,2.74,181349
2016-06-23/00:00:00,2.74,2.78,2.67,2.74,102469
2016-06-26/00:00:00,2.74,2.55,2.49,2.52,262826
2016-06-27/00:00:00,2.52,2.57,2.52,2.54,61593
2016-06-28/00:00:00,2.54,2.6,2.53,2.55,137484
2016-06-29/00:00:00,2.55,2.77,2.56,2.68,441665
2016-07-03/00:00:00,2.68,2.78,2.74,2.76,43162
2016-07-04/00:00:00,2.76,2.85,2.74,2.81,42770
2016-07-10/00:00:00,2.81,2.93,2.81,2.85,186940
2016-07-11/00:00:00,2.85,2.88,2.71,2.77,179806
2016-07-12/00:00:00,2.77,2.77,2.67,2.73,200838
2016-07-13/00:00:00,2.73,2.77,2.73,2.74,109146
2016-07-14/00:00:00,2.74,2.78,2.73,2.75,110884
2016-07-17/00:00:00,2.75,2.84,2.66,2.76,321631
2016-07-18/00:00:00,2.76,2.85,2.74,2.76,131021
2016-07-19/00:00:00,2.76,2.75,2.72,2.74,50950
2016-07-20/00:00:00,2.74,2.74,2.67,2.68,62511
2016-07-21/00:00:00,2.68,2.75,2.67,2.71,89944
2016-07-24/00:00:00,2.71,2.76,2.68,2.74,113940
2016-07-25/00:00:00,2.74,2.8,2.71,2.76,252480
2016-07-26/00:00:00,2.76,2.89,2.74,2.82,538154
2016-07-27/00:00:00,2.82,2.93,2.81,2.87,818855
2016-07-28/00:00:00,2.87,2.94,2.78,2.85,292114
2016-07-31/00:00:00,2.85,2.86,2.76,2.82,53211
2016-08-01/00:00:00,2.82,2.81,2.74,2.78,96470
2016-08-02/00:00:00,2.78,2.84,2.76,2.8,99108
2016-08-03/00:00:00,2.8,2.88,2.81,2.84,266443
2016-08-04/00:00:00,2.84,2.9,2.8,2.85,322709
2016-08-07/00:00:00,2.85,3.06,2.82,3.0,1192975
2016-08-08/00:00:00,3.0,3.11,2.96,3.02,584626
2016-08-09/00:00:00,3.02,3.05,2.96,3.0,296435
2016-08-10/00:00:00,3.0,3.05,2.96,3.01,344382
2016-08-11/00:00:00,3.01,3.01,2.93,2.96,263986
2016-08-14/00:00:00,2.96,3.0,2.94,2.96,72240
2016-08-15/00:00:00,2.96,3.04,2.91,2.96,273868
2016-08-16/00:00:00,2.96,2.96,2.85,2.89,239486
2016-08-17/00:00:00,2.89,2.95,2.83,2.87,312422
2016-08-18/00:00:00,2.87,2.85,2.81,2.84,158901
2016-08-21/00:00:00,2.84,2.85,2.81,2.82,140235
2016-08-22/00:00:00,2.82,2.97,2.81,2.9,795132
2016-08-23/00:00:00,2.9,3.05,2.89,2.99,803661
2016-08-24/00:00:00,2.99,3.11,2.91,3.02,1018245
2016-08-25/00:00:00,3.02,2.98,2.85,2.9,198823
2016-08-28/00:00:00,2.9,2.88,2.83,2.85,215420
2016-08-29/00:00:00,2.85,2.95,2.81,2.86,373781
2016-08-30/00:00:00,2.86,2.98,2.86,2.93,513084
2016-08-31/00:00:00,2.93,3.0,2.88,2.93,288668
2016-09-01/00:00:00,2.93,2.91,2.86,2.89,72884
2016-09-04/00:00:00,2.89,2.97,2.89,2.95,189133
2016-09-05/00:00:00,2.95,3.12,2.96,3.05,1387402
2016-09-06/00:00:00,3.05,3.19,3.06,3.12,1584774
2016-09-07/00:00:00,3.12,3.15,2.96,3.05,991541
2016-09-08/00:00:00,3.05,3.07,3.0,3.04,136709
2016-09-14/00:00:00,3.04,2.99,2.93,2.96,112056
2016-09-15/00:00:00,2.96,2.95,2.84,2.87,228225
2016-09-18/00:00:00,2.87,2.94,2.83,2.87,261002
2016-09-19/00:00:00,2.87,2.93,2.85,2.88,227849
2016-09-20/00:00:00,2.88,2.89,2.85,2.85,23146
2016-09-21/00:00:00,2.85,2.87,2.71,2.77,350842
2016-09-22/00:00:00,2.77,2.89,2.75,2.81,517050
2016-09-25/00:00:00,2.81,2.88,2.8,2.83,305722
2016-09-26/00:00:00,2.83,2.88,2.82,2.85,407058
2016-09-27/00:00:00,2.85,2.87,2.76,2.81,339829
2016-09-28/00:00:00,2.81,2.93,2.82,2.86,2194822
2016-09-29/00:00:00,2.86,2.88,2.78,2.83,682745
2016-10-03/00:00:00,2.83,2.88,2.83,2.85,1137137
2016-10-04/00:00:00,2.85,2.88,2.8,2.83,262567
2016-10-05/00:00:00,2.83,2.85,2.78,2.83,717605
2016-10-09/00:00:00,2.83,2.85,2.74,2.78,276474
2016-10-10/00:00:00,2.78,2.83,2.68,2.77,406666
2016-10-11/00:00:00,2.77,2.75,2.65,2.71,272121
2016-10-12/00:00:00,2.71,2.74,2.66,2.68,806793
2016-10-13/00:00:00,2.68,2.78,2.7,2.74,881256
2016-10-16/00:00:00,2.74,2.75,2.63,2.68,220773
2016-10-17/00:00:00,2.68,2.68,2.55,2.61,246221
2016-10-18/00:00:00,2.61,2.62,2.49,2.54,254654
2016-10-19/00:00:00,2.54,2.55,2.34,2.43,559425
2016-10-20/00:00:00,2.43,2.52,2.44,2.47,346673
2016-10-23/00:00:00,2.47,2.53,2.43,2.49,490776
2016-10-24/00:00:00,2.49,2.55,2.45,2.51,501123
2016-10-25/00:00:00,2.75,2.81,2.59,2.71,2137365
2016-10-26/00:00:00,2.71,2.73,2.6,2.63,591653
2016-10-27/00:00:00,2.63,2.67,2.6,2.65,1111119
2016-10-30/00:00:00,2.65,2.74,2.62,2.67,1056792
2016-10-31/00:00:00,2.67,2.66,2.62,2.63,351162
2016-11-01/00:00:00,2.63,2.66,2.6,2.63,618286
2016-11-02/00:00:00,2.63,2.72,2.6,2.65,784879
2016-11-03/00:00:00,2.65,2.75,2.54,2.67,1054914
2016-11-06/00:00:00,2.67,2.71,2.55,2.68,1087624
2016-11-07/00:00:00,2.68,2.78,2.67,2.74,1198797
2016-11-08/00:00:00,2.74,2.81,2.66,2.74,1042387
2016-11-09/00:00:00,2.74,2.76,2.6,2.74,617181
2016-11-10/00:00:00,2.74,2.85,2.74,2.81,1764565
2016-11-13/00:00:00,2.81,3.07,2.85,2.96,3621360
2016-11-14/00:00:00,2.96,3.13,2.96,3.04,1624000
2016-11-15/00:00:00,3.04,3.08,2.94,3.04,1080230
2016-11-16/00:00:00,3.04,3.19,3.08,3.15,2067375
2016-11-17/00:00:00,3.15,3.29,2.99,3.17,3143118
2016-11-20/00:00:00,3.17,3.12,2.99,3.07,1209126
2016-11-21/00:00:00,3.07,3.21,3.07,3.16,1630530
2016-11-22/00:00:00,3.16,3.34,3.16,3.26,3183757
2016-11-23/00:00:00,3.26,3.43,3.2,3.33,2914538
2016-11-24/00:00:00,3.33,3.54,3.35,3.45,2948497
2016-11-27/00:00:00,3.45,3.52,3.3,3.41,1597282
2016-11-28/00:00:00,3.41,3.59,3.45,3.52,2276657
2016-11-29/00:00:00,3.52,3.86,3.52,3.73,3481878
2016-11-30/00:00:00,3.73,4.09,3.92,4.02,2363419
2016-12-01/00:00:00,4.02,4.05,3.78,3.89,1994077
2016-12-04/00:00:00,3.89,3.98,3.83,3.89,1570020
2016-12-05/00:00:00,3.89,4.2,3.86,4.06,4466420
2016-12-06/00:00:00,4.06,4.38,4.05,4.26,4192109
2016-12-07/00:00:00,4.26,4.37,4.08,4.19,3007248
2016-12-08/00:00:00,4.19,4.24,4.1,4.18,2208140
2016-12-12/00:00:00,4.18,4.2,4.0,4.12,2624217
2016-12-13/00:00:00,4.12,4.24,4.06,4.16,1651940
2016-12-14/00:00:00,4.16,4.19,3.92,4.06,1653355
2016-12-15/00:00:00,4.06,4.05,3.84,3.93,1149010
2016-12-18/00:00:00,3.93,4.05,3.86,3.95,1351657
2016-12-19/00:00:00,3.95,3.97,3.87,3.93,662020
2016-12-20/00:00:00,3.93,4.04,3.88,3.93,999439
2016-12-21/00:00:00,3.93,3.97,3.87,3.93,1858925
2016-12-22/00:00:00,3.93,3.95,3.68,3.82,1531618
2016-12-25/00:00:00,3.82,3.88,3.63,3.75,1820269
2016-12-26/00:00:00,3.75,3.75,3.62,3.68,3593124
2016-12-27/00:00:00,3.68,3.82,3.64,3.73,3390019
2016-12-28/00:00:00,3.73,3.7,3.43,3.55,3264339
2016-12-29/00:00:00,3.55,3.52,3.26,3.37,3151043
2017-01-02/00:00:00,3.37,3.36,3.2,3.26,3473050
2017-01-03/00:00:00,3.26,3.31,3.21,3.26,3744230
2017-01-04/00:00:00,3.04,3.3,3.09,3.22,5694977
2017-01-05/00:00:00,3.22,3.37,3.22,3.3,3646438
2017-01-08/00:00:00,3.3,3.43,3.27,3.34,3100491
2017-01-09/00:00:00,3.34,3.33,3.24,3.27,1479066
2017-01-10/00:00:00,3.27,3.35,3.22,3.29,1425332
2017-01-11/00:00:00,3.29,3.25,3.15,3.2,995102
2017-01-12/00:00:00,3.2,3.3,3.23,3.27,1783880
2017-01-15/00:00:00,3.27,3.45,3.3,3.39,4960368
2017-01-16/00:00:00,3.48,3.54,3.41,3.46,4965938
2017-01-17/00:00:00,3.46,3.48,3.41,3.43,1567103
2017-01-18/00:00:00,3.43,3.47,3.13,3.29,2349326
2017-01-19/00:00:00,3.29,3.23,3.01,3.06,1887763
2017-01-22/00:00:00,3.06,3.13,3.0,3.06,1376973
2017-01-23/00:00:00,3.06,3.18,3.05,3.12,2355962
2017-01-24/00:00:00,3.12,3.22,3.05,3.16,2785259
2017-01-30/00:00:00,3.16,3.47,3.38,3.46,5314842
2017-01-31/00:00:00,3.46,3.52,3.31,3.41,2806336
2017-02-01/00:00:00,3.41,3.45,3.23,3.32,1547027
2017-02-02/00:00:00,3.32,3.65,3.29,3.55,6492037
2017-02-05/00:00:00,3.55,3.76,3.6,3.69,3876673
2017-02-06/00:00:00,3.69,4.01,3.66,3.85,7974448
2017-02-07/00:00:00,3.85,4.05,3.9,3.96,5041821
2017-02-08/00:00:00,3.96,4.0,3.65,3.78,3607560
2017-02-09/00:00:00,3.78,3.9,3.64,3.77,3710733
2017-02-12/00:00:00,3.77,3.94,3.75,3.86,1567525
2017-02-13/00:00:00,3.86,3.82,3.64,3.73,1324543
2017-02-14/00:00:00,3.73,4.06,3.75,3.97,5943146
2017-02-15/00:00:00,3.97,4.27,3.88,4.12,4629604
2017-02-16/00:00:00,4.12,4.53,4.27,4.44,5599175
2017-02-19/00:00:00,4.44,4.87,4.46,4.68,5389236
2017-02-20/00:00:00,4.68,5.15,4.64,4.91,5034271
2017-02-21/00:00:00,4.91,5.37,5.03,5.21,2144207
2017-02-22/00:00:00,5.21,5.46,5.07,5.26,3679336
2017-02-23/00:00:00,5.26,5.24,4.75,4.9,3467743
2017-02-26/00:00:00,4.9,4.98,4.66,4.81,1206671
2017-02-27/00:00:00,4.81,4.79,4.41,4.6,917476
2017-02-28/00:00:00,4.6,4.53,4.3,4.42,2913482
2017-03-01/00:00:00,4.42,4.83,4.46,4.69,4342692
2017-03-02/00:00:00,4.69,5.1,4.79,4.98,3567315
2017-03-05/00:00:00,4.98,5.09,4.77,4.91,4210743
2017-03-06/00:00:00,4.91,4.93,4.73,4.79,5416872
2017-03-07/00:00:00,4.79,4.99,4.75,4.87,4907321
2017-03-08/00:00:00,4.87,4.99,4.79,4.9,3454718
2017-03-09/00:00:00,4.9,5.17,4.98,5.08,5564060
2017-03-12/00:00:00,5.08,5.09,4.83,4.95,2582548
2017-03-13/00:00:00,4.95,4.99,4.77,4.86,1843081
2017-03-14/00:00:00,4.86,4.83,4.68,4.75,1224184
2017-03-15/00:00:00,4.75,4.89,4.75,4.81,1538706
2017-03-16/00:00:00,4.81,4.9,4.79,4.84,1432673
2017-03-19/00:00:00,4.84,5.0,4.83,4.91,2387211
2017-03-20/00:00:00,4.91,5.04,4.84,4.94,3304627
2017-03-21/00:00:00,4.94,5.2,4.94,5.08,4689018
2017-03-22/00:00:00,5.08,5.13,4.91,5.01,2145785
2017-03-23/00:00:00,5.01,5.04,4.91,4.97,1484865
2017-03-26/00:00:00,4.97,5.07,4.96,5.01,1431893
2017-03-27/00:00:00,5.01,5.05,4.89,4.95,1355629
2017-03-28/00:00:00,4.95,4.96,4.83,4.89,1247735
2017-03-29/00:00:00,4.89,4.98,4.85,4.91,1509554
2017-03-30/00:00:00,4.91,4.91,4.76,4.83,1040474
2017-04-02/00:00:00,4.83,4.87,4.75,4.79,984294
2017-04-03/00:00:00,4.79,4.91,4.79,4.85,2188162
2017-04-04/00:00:00,4.85,4.91,4.8,4.87,1341392
2017-04-05/00:00:00,4.87,4.89,4.75,4.79,896576
2017-04-06/00:00:00,4.79,4.87,4.76,4.81,1414778
2017-04-09/00:00:00,4.81,4.79,4.6,4.69,863396
2017-04-10/00:00:00,4.69,4.69,4.55,4.61,649594
2017-04-11/00:00:00,4.61,4.76,4.61,4.69,781216
2017-04-12/00:00:00,4.69,4.79,4.61,4.7,1398387
2017-04-13/00:00:00,4.7,4.68,4.28,4.42,3040446
2017-04-18/00:00:00,4.42,4.38,4.13,4.2,1268583
2017-04-19/00:00:00,4.2,4.37,4.13,4.27,2417772
2017-04-20/00:00:00,4.27,4.34,4.17,4.22,1018552
2017-04-23/00:00:00,4.22,4.2,3.9,4.07,606040
2017-04-24/00:00:00,4.07,4.16,4.05,4.12,596068
2017-04-26/00:00:00,4.12,4.3,4.18,4.24,959998
2017-04-27/00:00:00,4.24,4.3,4.08,4.2,631702
2017-04-30/00:00:00,4.2,4.17,4.05,4.12,844692
2017-05-02/00:00:00,4.12,4.26,4.13,4.19,1059850
2017-05-03/00:00:00,4.19,4.2,4.05,4.15,1216007
2017-05-04/00:00:00,4.15,4.22,4.15,4.18,1232799
2017-05-07/00:00:00,4.18,4.24,4.14,4.19,1085818
2017-05-08/00:00:00,4.19,4.26,4.19,4.22,1426218
2017-05-09/00:00:00,4.22,4.24,4.19,4.2,1087198
2017-05-10/00:00:00,4.2,4.34,4.2,4.27,2095741
2017-05-11/00:00:00,4.27,4.26,4.13,4.18,1362280
2017-05-14/00:00:00,4.18,4.19,4.07,4.12,785113
2017-05-15/00:00:00,4.12,4.19,4.1,4.16,881780
2017-05-16/00:00:00,4.16,4.23,4.16,4.19,1058525
2017-05-17/00:00:00,4.19,4.43,4.19,4.32,6395786
2017-05-18/00:00:00,4.32,4.39,4.23,4.31,3773467
2017-05-21/00:00:00,4.31,4.49,4.24,4.38,4381530
2017-05-22/00:00:00,4.38,4.33,4.05,4.19,3284475
2017-05-23/00:00:00,4.19,4.29,4.17,4.23,3433509
2017-05-24/00:00:00,4.23,4.36,4.24,4.3,2898800
2017-05-25/00:00:00,4.3,4.32,4.22,4.25,1139354
2017-05-28/00:00:00,4.25,4.27,4.23,4.25,503234
2017-05-29/00:00:00,4.25,4.34,4.19,4.24,747860
2017-05-30/00:00:00,4.24,4.27,4.19,4.23,819683
2017-05-31/00:00:00,4.23,4.23,4.05,4.13,782113
2017-06-01/00:00:00,4.13,4.19,4.09,4.16,899734
2017-06-04/00:00:00,4.16,4.18,4.12,4.13,444693
2017-06-05/00:00:00,4.13,4.16,4.08,4.1,692736
2017-06-06/00:00:00,4.1,4.19,4.1,4.14,951115
2017-06-07/00:00:00,4.14,4.18,4.12,4.14,893933
2017-06-08/00:00:00,4.14,4.2,4.16,4.19,1521222
2017-06-11/00:00:00,4.19,4.3,4.19,4.25,3552855
2017-06-12/00:00:00,4.25,4.34,4.2,4.27,2067016
2017-06-13/00:00:00,4.27,4.3,4.2,4.25,1431691
2017-06-14/00:00:00,4.25,4.27,4.19,4.23,1023562
2017-06-15/00:00:00,4.23,4.25,4.2,4.22,496880
2017-06-18/00:00:00,4.22,4.32,4.23,4.28,1278394
2017-06-19/00:00:00,4.28,4.39,4.27,4.34,2292970
2017-06-20/00:00:00,4.34,4.34,4.24,4.28,943388
2017-06-21/00:00:00,4.28,4.27,4.23,4.24,364030
2017-06-22/00:00:00,4.24,4.29,4.19,4.23,913791
2017-06-28/00:00:00,4.23,4.2,4.13,4.18,1422229
2017-07-02/00:00:00,4.18,4.26,4.13,4.18,1611699
2017-07-03/00:00:00,4.18,4.29,4.18,4.24,2347428
2017-07-04/00:00:00,4.24,4.54,4.29,4.46,6650130
2017-07-05/00:00:00,4.46,4.6,4.46,4.53,3336997
2017-07-06/00:00:00,4.53,4.54,4.43,4.48,1026727
2017-07-09/00:00:00,4.48,4.57,4.34,4.45,2202736
2017-07-10/00:00:00,4.45,4.79,4.59,4.72,5857912
2017-07-11/00:00:00,4.72,4.96,4.69,4.83,3452193
2017-07-12/00:00:00,4.83,4.8,4.65,4.69,1554253
2017-07-13/00:00:00,4.69,4.75,4.56,4.65,2034453
2017-07-16/00:00:00,4.65,4.75,4.64,4.68,1594714
2017-07-17/00:00:00,4.68,4.73,4.56,4.61,993542
2017-07-18/00:00:00,4.61,4.64,4.33,4.46,1217156
2017-07-19/00:00:00,4.46,4.53,4.34,4.46,937383
2017-07-20/00:00:00,4.46,4.57,4.45,4.49,720351
2017-07-24/00:00:00,4.49,4.58,4.42,4.53,1582981
2017-07-25/00:00:00,4.53,4.73,4.53,4.64,2548755
2017-07-26/00:00:00,4.64,4.79,4.68,4.75,2702992
2017-07-27/00:00:00,4.75,4.83,4.64,4.73,2049786
2017-07-30/00:00:00,4.73,4.72,4.53,4.6,1334959
2017-07-31/00:00:00,4.6,4.66,4.48,4.53,2328322
2017-08-01/00:00:00,4.53,4.54,4.43,4.49,683242
2017-08-02/00:00:00,4.49,4.59,4.46,4.53,1172988
2017-08-03/00:00:00,4.53,4.64,4.5,4.56,1704187
2017-08-06/00:00:00,4.56,4.64,4.57,4.6,954510
2017-08-07/00:00:00,4.6,4.64,4.49,4.54,1155306
2017-08-08/00:00:00,4.54,4.54,4.46,4.5,683753
2017-08-09/00:00:00,4.5,4.57,4.5,4.54,1102477
2017-08-10/00:00:00,4.54,4.67,4.46,4.54,2314231
2017-08-13/00:00:00,4.54,4.54,4.36,4.43,677766
2017-08-14/00:00:00,4.43,4.46,4.27,4.33,735828
2017-08-15/00:00:00,4.33,4.4,4.22,4.29,1344483
2017-08-16/00:00:00,4.29,4.31,4.17,4.24,1219294
2017-08-17/00:00:00,4.24,4.23,4.12,4.17,633510
2017-08-20/00:00:00,4.17,4.23,4.02,4.1,595165
2017-08-21/00:00:00,4.1,4.12,4.01,4.05,568757
2017-08-22/00:00:00,4.05,4.1,4.01,4.05,1449416
2017-08-23/00:00:00,4.05,4.05,3.88,3.94,862391
2017-08-24/00:00:00,3.94,3.93,3.74,3.82,851322
2017-08-27/00:00:00,3.82,3.89,3.77,3.82,753478
2017-08-28/00:00:00,3.82,3.9,3.84,3.86,908386
2017-08-29/00:00:00,3.86,3.93,3.88,3.92,932776
2017-08-30/00:00:00,3.92,4.0,3.92,3.97,792465
2017-09-05/00:00:00,3.97,4.04,3.97,3.98,315342
2017-09-06/00:00:00,3.98,4.14,4.0,4.08,1774810
2017-09-07/00:00:00,4.08,4.13,4.04,4.08,1576967
2017-09-10/00:00:00,4.08,4.2,4.13,4.18,1119335
2017-09-11/00:00:00,4.18,4.23,4.12,4.17,1545354
2017-09-12/00:00:00,4.17,4.19,4.09,4.16,723736
2017-09-13/00:00:00,4.16,4.29,4.18,4.23,2221700
2017-09-14/00:00:00,4.23,4.3,4.19,4.26,1469187
2017-09-17/00:00:00,4.26,4.28,4.16,4.19,964543
2017-09-18/00:00:00,4.19,4.23,4.14,4.18,1232008
2017-09-19/00:00:00,4.18,4.27,4.19,4.23,1836812
2017-09-20/00:00:00,4.23,4.25,4.17,4.19,782848
2017-09-24/00:00:00,4.19,4.35,4.19,4.29,2236038
2017-09-25/00:00:00,4.29,4.46,4.35,4.41,2426360
2017-09-26/00:00:00,4.41,4.53,4.32,4.41,2058385
2017-09-27/00:00:00,4.41,4.49,4.34,4.42,1726420
2017-09-28/00:00:00,4.42,4.5,4.38,4.44,1917534
2017-10-01/00:00:00,4.44,4.83,4.42,4.68,7352630
2017-10-02/00:00:00,4.68,5.15,4.8,5.01,9373765
2017-10-03/00:00:00,5.01,5.29,5.05,5.19,4852807
2017-10-04/00:00:00,5.19,5.64,5.11,5.46,6135717
2017-10-08/00:00:00,5.46,5.99,5.54,5.82,4789806
2017-10-09/00:00:00,5.82,6.17,5.77,5.91,4577521
2017-10-10/00:00:00,5.91,6.37,5.81,6.16,5661935
2017-10-11/00:00:00,6.16,6.24,5.81,6.02,4260791
2017-10-12/00:00:00,6.02,6.16,5.81,5.97,3886503
2017-10-15/00:00:00,5.97,6.47,5.98,6.25,5812533
2017-10-16/00:00:00,6.25,6.52,6.0,6.21,5791859
2017-10-17/00:00:00,6.21,6.32,6.05,6.21,5398224
2017-10-18/00:00:00,6.4,6.94,6.39,6.67,9451787
2017-10-19/00:00:00,6.67,7.19,6.55,6.88,5949615
2017-10-22/00:00:00,6.88,6.77,6.21,6.4,7732609
2017-10-23/00:00:00,6.4,6.35,6.08,6.2,3552335
2017-10-24/00:00:00,6.2,6.39,6.15,6.25,2989495
2017-10-25/00:00:00,6.25,6.36,6.17,6.24,2505724
2017-10-26/00:00:00,6.24,6.37,6.17,6.22,2861713
2017-10-29/00:00:00,6.22,6.3,6.19,6.23,1942729
2017-10-30/00:00:00,6.23,6.63,6.24,6.43,8740242
2017-10-31/00:00:00,6.69,6.79,6.51,6.67,7083598
2017-11-01/00:00:00,6.77,7.03,6.73,6.91,6565698
2017-11-02/00:00:00,6.91,7.18,6.84,7.0,5434004
2017-11-05/00:00:00,7.0,6.91,6.38,6.7,6303341
2017-11-06/00:00:00,6.7,6.74,6.36,6.54,4049763
2017-11-07/00:00:00,6.54,6.51,6.3,6.41,3453680
2017-11-08/00:00:00,6.41,6.73,6.47,6.64,8360449
2017-11-09/00:00:00,6.64,6.74,6.47,6.6,2877992
2017-11-12/00:00:00,6.6,6.63,6.31,6.43,2561190
2017-11-13/00:00:00,6.43,6.45,6.28,6.33,2154296
2017-11-14/00:00:00,6.33,6.49,6.32,6.41,2120034
2017-11-15/00:00:00,6.41,6.51,6.24,6.39,2148584
2017-11-16/00:00:00,6.39,6.41,6.19,6.28,2785533
2017-11-19/00:00:00,6.28,6.32,5.88,6.1,2052195
2017-11-20/00:00:00,6.1,6.0,5.78,5.87,2192509
2017-11-21/00:00:00,5.87,5.99,5.69,5.87,1855917
2017-11-22/00:00:00,5.87,6.36,5.77,6.06,4953779
2017-11-23/00:00:00,6.06,6.42,6.23,6.31,2310210
2017-11-26/00:00:00,6.31,6.33,6.21,6.28,1563662
2017-11-27/00:00:00,6.28,6.62,6.21,6.47,4291737
2017-11-28/00:00:00,6.47,6.73,6.5,6.63,2545332
2017-11-29/00:00:00,6.63,6.66,6.43,6.55,3389369
2017-12-03/00:00:00,6.55,6.82,6.57,6.72,3576200
2017-12-04/00:00:00,6.72,6.68,6.5,6.56,1939166
2017-12-05/00:00:00,6.56,6.79,6.56,6.67,3126009
2017-12-06/00:00:00,6.67,6.77,6.35,6.51,3989279
2017-12-07/00:00:00,6.51,6.47,6.26,6.36,1647590
2017-12-10/00:00:00,6.36,6.56,6.42,6.5,1668052
2017-12-11/00:00:00,6.5,6.8,6.53,6.69,4194251
2017-12-12/00:00:00,6.69,6.88,6.58,6.72,3338284
2017-12-13/00:00:00,6.72,6.7,6.55,6.62,1621809
2017-12-14/00:00:00,6.62,6.79,6.54,6.69,3415564
2017-12-17/00:00:00,6.69,6.77,6.6,6.69,1949381
2017-12-18/00:00:00,6.69,6.72,6.61,6.67,1565996
2017-12-19/00:00:00,6.67,6.73,6.47,6.64,2919734
2017-12-20/00:00:00,6.64,6.6,6.47,6.54,1119920
2017-12-21/00:00:00,6.54,6.54,6.27,6.36,1407733
2017-12-24/00:00:00,6.36,6.47,6.37,6.41,930157
2017-12-25/00:00:00,6.41,6.53,6.39,6.47,618709
2017-12-26/00:00:00,6.47,6.51,6.28,6.36,1752767
2017-12-27/00:00:00,6.36,6.45,6.35,6.39,1578032
2017-12-28/00:00:00,6.59,6.59,6.43,6.51,980229
2017-12-31/00:00:00,6.51,6.53,6.4,6.47,612245
2018-01-02/00:00:00,6.47,6.52,6.27,6.36,2065966
2018-01-03/00:00:00,6.36,6.45,6.28,6.37,1769024
2018-01-04/00:00:00,6.37,6.39,6.21,6.28,1060870
2018-01-08/00:00:00,6.28,6.35,6.2,6.27,541399
2018-01-09/00:00:00,6.27,6.43,6.31,6.39,2073352
2018-01-10/00:00:00,6.39,6.58,6.39,6.52,3747488
2018-01-11/00:00:00,6.52,6.68,6.56,6.62,2395015
2018-01-14/00:00:00,6.62,6.77,6.64,6.71,3174969
2018-01-15/00:00:00,6.71,6.73,6.54,6.59,1311192
2018-01-16/00:00:00,6.59,6.68,6.51,6.58,789121
2018-01-17/00:00:00,6.58,6.73,6.57,6.67,1404874
2018-01-18/00:00:00,6.67,7.0,6.69,6.88,5780227
2018-01-21/00:00:00,6.88,7.04,6.77,6.91,1600864
2018-01-22/00:00:00,6.91,6.86,6.72,6.77,1254391
2018-01-23/00:00:00,6.77,6.9,6.76,6.83,1020367
2018-01-24/00:00:00,6.83,6.95,6.8,6.88,1226910
2018-01-28/00:00:00,6.88,6.93,6.77,6.84,680916
2018-01-29/00:00:00,6.84,6.93,6.78,6.86,1396355
2018-01-30/00:00:00,6.86,7.04,6.87,6.96,2405610
2018-01-31/00:00:00,6.96,6.92,6.69,6.79,1102709
2018-02-01/00:00:00,6.79,6.83,6.66,6.72,544047
2018-02-04/00:00:00,6.72,6.56,6.36,6.45,684248
2018-02-05/00:00:00,6.45,6.48,6.37,6.42,556039
2018-02-06/00:00:00,6.42,6.36,5.85,6.24,566734
2018-02-07/00:00:00,6.24,6.49,6.27,6.38,834988
2018-02-08/00:00:00,6.38,6.55,6.21,6.35,1966185
2018-02-11/00:00:00,6.35,6.31,5.98,6.12,1052773
2018-02-12/00:00:00,6.12,6.2,5.97,6.03,1528686
2018-02-13/00:00:00,6.03,6.17,5.9,6.02,1428710
2018-02-14/00:00:00,6.02,6.07,5.93,6.02,1171800
2018-02-15/00:00:00,6.02,6.09,5.89,5.98,890420
2018-02-18/00:00:00,5.98,6.1,5.91,5.98,1011375
2018-02-19/00:00:00,5.98,6.16,5.93,6.06,2886005
2018-02-20/00:00:00,6.06,6.13,5.98,6.05,1037500
2018-02-21/00:00:00,6.05,6.06,5.82,5.9,1293481
2018-02-22/00:00:00,5.9,5.96,5.77,5.83,1212071
2018-02-25/00:00:00,5.83,5.93,5.81,5.87,1012210
2018-02-26/00:00:00,5.87,6.01,5.87,5.95,1629474
2018-02-27/00:00:00,5.95,6.06,5.91,5.98,1421821
2018-02-28/00:00:00,5.98,6.02,5.87,5.95,1033187
2018-03-01/00:00:00,5.95,5.97,5.82,5.88,675463
2018-03-04/00:00:00,5.88,6.02,5.88,5.96,1253234
2018-03-05/00:00:00,5.96,6.11,5.98,6.06,1639146
2018-03-06/00:00:00,6.06,6.13,5.98,6.06,916319
2018-03-07/00:00:00,6.06,6.07,5.93,5.99,829422
2018-03-08/00:00:00,5.99,6.0,5.84,5.89,1191249
2018-03-11/00:00:00,5.89,5.98,5.87,5.91,1492740
2018-03-12/00:00:00,5.91,6.03,5.95,5.98,1217530
2018-03-13/00:00:00,5.98,6.15,5.95,6.06,2998814
2018-03-14/00:00:00,6.06,6.07,5.85,5.91,1520879
2018-03-15/00:00:00,5.91,5.96,5.85,5.9,694118
2018-03-18/00:00:00,5.9,5.98,5.89,5.93,1148329
2018-03-19/00:00:00,5.93,6.03,5.75,5.89,1428767
2018-03-20/00:00:00,5.89,5.9,5.74,5.8,1575890
2018-03-21/00:00:00,5.8,5.87,5.7,5.78,1865394
2018-03-22/00:00:00,5.78,5.78,5.58,5.68,1237975
2018-03-25/00:00:00,5.68,5.7,5.5,5.59,1193895
2018-03-26/00:00:00,5.59,5.78,5.57,5.67,1939133
2018-03-27/00:00:00,5.67,5.69,5.56,5.61,1674638
2018-03-28/00:00:00,5.61,5.69,5.51,5.57,1227727
2018-03-29/00:00:00,5.57,6.01,5.57,5.86,6942283
2018-04-01/00:00:00,5.86,6.24,5.85,6.07,8333120
2018-04-02/00:00:00,6.31,6.94,6.31,6.69,14586877
2018-04-03/00:00:00,7.18,7.35,6.73,6.91,4710321
2018-04-04/00:00:00,6.91,7.38,6.59,7.02,5124395
2018-04-05/00:00:00,7.02,6.99,6.74,6.87,2683276
2018-04-10/00:00:00,6.87,7.18,6.8,6.93,2624916
2018-04-11/00:00:00,6.93,6.9,6.42,6.6,4425148
2018-04-12/00:00:00,6.6,6.48,6.27,6.35,1119679
2018-04-15/00:00:00,6.35,6.47,6.22,6.32,870639
2018-04-16/00:00:00,6.32,6.37,6.23,6.29,673913
2018-04-17/00:00:00,6.29,6.84,6.31,6.64,3641978
2018-04-18/00:00:00,6.64,6.72,6.47,6.54,1263675
2018-04-19/00:00:00,6.54,6.76,6.49,6.62,1944762
2018-04-22/00:00:00,6.62,7.04,6.64,6.88,4116851
2018-04-23/00:00:00,6.88,7.02,6.71,6.84,2298312
2018-04-24/00:00:00,6.84,6.88,6.66,6.73,1823264
2018-04-26/00:00:00,6.73,6.77,6.49,6.6,2225043
2018-04-29/00:00:00,6.6,6.62,6.39,6.46,1367085
2018-04-30/00:00:00,6.46,6.64,6.37,6.54,1216763
2018-05-02/00:00:00,6.54,6.7,5.88,6.58,2036575
2018-05-03/00:00:00,6.58,6.56,6.31,6.4,1036652
2018-05-06/00:00:00,6.4,6.52,6.17,6.29,1389352
2018-05-07/00:00:00,6.29,6.29,6.16,6.21,488242
2018-05-08/00:00:00,6.21,6.43,6.23,6.29,1160160
2018-05-09/00:00:00,6.29,6.39,5.93,6.2,1947218
2018-05-10/00:00:00,6.2,6.07,5.9,5.98,938840
2018-05-13/00:00:00,5.98,6.1,5.8,5.9,1280055
2018-05-14/00:00:00,5.9,5.95,5.8,5.87,592612
2018-05-15/00:00:00,5.87,5.98,5.85,5.9,448579
2018-05-16/00:00:00,5.9,5.93,5.8,5.85,666018
2018-05-17/00:00:00,5.85,5.89,5.74,5.76,678678
2018-05-20/00:00:00,5.76,5.81,5.67,5.74,233270
2018-05-21/00:00:00,5.74,5.9,5.74,5.79,575411
2018-05-22/00:00:00,5.79,5.86,5.72,5.76,426623
2018-05-23/00:00:00,5.76,5.9,5.78,5.85,548272
2018-05-24/00:00:00,5.85,5.87,5.78,5.82,222236
2018-05-27/00:00:00,5.82,6.07,5.82,5.98,1197718
2018-05-28/00:00:00,5.98,6.03,5.93,5.98,520039
2018-05-29/00:00:00,5.98,6.07,5.87,5.93,1087035
2018-05-30/00:00:00,5.93,5.88,5.72,5.76,680009
2018-05-31/00:00:00,5.76,5.79,5.61,5.67,636007
2018-06-03/00:00:00,5.67,5.77,5.7,5.74,262574
2018-06-04/00:00:00,5.74,5.82,5.59,5.7,853392
2018-06-05/00:00:00,5.7,5.65,5.32,5.51,309822
2018-06-06/00:00:00,5.51,5.58,5.03,5.28,489050
2018-06-07/00:00:00,5.28,5.24,5.0,5.09,582124
2018-06-10/00:00:00,5.09,5.2,5.08,5.13,192362
2018-06-11/00:00:00,5.13,5.18,4.94,5.0,524502
2018-06-12/00:00:00,5.0,5.03,4.94,4.99,460746
2018-06-13/00:00:00,4.99,5.2,5.01,5.13,425002
2018-06-14/00:00:00,5.13,5.17,5.01,5.09,243410
2018-06-19/00:00:00,5.09,5.11,5.04,5.06,336676
2018-06-20/00:00:00,5.06,5.27,5.07,5.19,701179
2018-06-21/00:00:00,5.19,5.46,5.27,5.37,1183211
2018-06-24/00:00:00,5.37,5.57,5.4,5.5,1784395
2018-06-25/00:00:00,5.5,5.54,5.28,5.41,777831
2018-06-26/00:00:00,5.41,5.28,5.12,5.2,606004
2018-06-27/00:00:00,5.2,5.28,5.14,5.2,406548
2018-06-28/00:00:00,5.2,5.27,5.09,5.15,840536
2018-07-02/00:00:00,5.15,5.24,5.1,5.17,319633
2018-07-03/00:00:00,5.17,5.37,5.17,5.3,1697740
2018-07-04/00:00:00,5.3,5.35,5.16,5.24,1007004
2018-07-05/00:00:00,5.24,5.21,5.11,5.16,264515
2018-07-08/00:00:00,5.16,5.3,4.74,4.97,783744
2018-07-09/00:00:00,4.97,5.0,4.69,4.88,633358
2018-07-10/00:00:00,4.88,5.2,4.9,5.06,1692163
2018-07-11/00:00:00,5.06,5.49,5.09,5.34,4141979
2018-07-12/00:00:00,5.34,5.49,5.2,5.31,1515671
2018-07-15/00:00:00,5.31,5.32,5.13,5.24,1540590
2018-07-16/00:00:00,5.24,5.24,5.01,5.11,529902
2018-07-17/00:00:00,5.11,5.12,4.9,4.95,1090227
2018-07-18/00:00:00,4.95,5.07,4.91,4.95,1365141
2018-07-19/00:00:00,4.95,4.97,4.83,4.88,585449
2018-07-22/00:00:00,4.88,4.9,4.75,4.79,551927
2018-07-24/00:00:00,4.79,4.97,4.79,4.87,1048869
2018-07-25/00:00:00,4.87,4.87,4.38,4.49,1621809
2018-07-26/00:00:00,4.5,4.46,4.28,4.4,597933
2018-07-29/00:00:00,4.4,4.53,4.37,4.45,747738
2018-07-30/00:00:00,4.45,4.51,4.23,4.33,2095332
2018-07-31/00:00:00,4.33,4.33,4.19,4.24,2507840
2018-08-01/00:00:00,4.24,4.37,4.2,4.3,2067598
2018-08-02/00:00:00,4.3,4.32,4.2,4.24,744895
2018-08-05/00:00:00,4.24,4.29,4.2,4.25,663282
2018-08-06/00:00:00,4.25,4.32,4.23,4.27,580204
2018-08-07/00:00:00,4.27,4.67,4.3,4.51,4941899
2018-08-08/00:00:00,4.51,4.77,4.57,4.67,1853675
2018-08-09/00:00:00,4.67,4.75,4.55,4.64,1146551
2018-08-12/00:00:00,4.64,4.79,4.57,4.68,1895056
2018-08-13/00:00:00,4.68,4.63,4.39,4.51,1001332
2018-08-14/00:00:00,4.51,4.59,4.38,4.49,1608534
2018-08-15/00:00:00,4.49,4.63,4.46,4.55,695954
2018-08-16/00:00:00,4.55,4.69,4.53,4.64,1098527
2018-08-19/00:00:00,4.64,4.76,4.65,4.71,1014465
2018-08-26/00:00:00,4.71,4.75,4.56,4.64,1068641
2018-08-27/00:00:00,4.64,4.63,4.44,4.5,2284577
2018-08-28/00:00:00,4.5,4.95,4.63,4.87,3490393
2018-08-29/00:00:00,4.87,5.03,4.85,4.93,688378
2018-08-30/00:00:00,4.93,4.98,4.8,4.89,1093877
2018-09-02/00:00:00,4.89,4.98,4.9,4.94,64422
2018-09-03/00:00:00,4.94,5.2,4.96,5.09,1839089
2018-09-04/00:00:00,5.09,5.34,5.13,5.24,2047166
2018-09-05/00:00:00,5.24,5.18,4.97,5.05,1119051
2018-09-06/00:00:00,5.05,5.15,5.03,5.08,566928
2018-09-09/00:00:00,5.08,5.24,5.08,5.16,1065809
2018-09-10/00:00:00,5.16,5.17,4.98,5.06,968090
2018-09-12/00:00:00,5.06,5.09,4.79,4.95,1414797
2018-09-13/00:00:00,4.95,4.87,4.6,4.7,1020718
2018-09-16/00:00:00,4.7,4.67,4.34,4.46,688989
2018-09-17/00:00:00,4.46,4.51,4.3,4.43,906212
2018-09-18/00:00:00,4.43,4.86,4.23,4.37,1200374
2018-09-19/00:00:00,4.37,4.31,3.93,4.08,2739608
2018-09-20/00:00:00,4.08,4.14,3.68,3.83,1745942
2018-09-23/00:00:00,3.83,4.04,3.86,3.94,891550
2018-09-24/00:00:00,3.94,4.05,3.86,3.95,698336
2018-09-25/00:00:00,3.95,4.24,4.01,4.16,1165483
2018-09-26/00:00:00,4.16,4.39,4.17,4.28,1643511
2018-09-27/00:00:00,4.28,4.27,4.12,4.2,940645
2018-09-30/00:00:00,4.2,4.34,4.16,4.23,605937
2018-10-01/00:00:00,4.23,4.27,4.12,4.18,621606
2018-10-02/00:00:00,4.18,4.27,4.15,4.23,1042273
2018-10-03/00:00:00,4.23,4.34,4.14,4.23,860502
2018-10-04/00:00:00,4.23,4.2,4.13,4.16,400542
2018-10-08/00:00:00,4.16,4.2,3.9,3.97,682728
2018-10-09/00:00:00,3.97,4.04,3.79,3.92,496672
2018-10-10/00:00:00,3.92,4.06,3.9,4.0,353286
2018-10-11/00:00:00,4.0,4.05,3.8,3.97,736590
2018-10-14/00:00:00,3.97,4.18,4.04,4.08,284846
2018-10-15/00:00:00,4.08,4.05,3.94,3.97,351258
2018-10-16/00:00:00,3.97,4.12,3.97,4.08,359181
2018-10-17/00:00:00,4.08,4.29,4.12,4.23,1007870
2018-10-18/00:00:00,4.23,4.23,4.08,4.16,533525
2018-10-21/00:00:00,4.16,4.18,3.99,4.09,569392
2018-10-22/00:00:00,4.09,4.27,4.14,4.22,1470852
2018-10-23/00:00:00,4.22,4.28,4.05,4.18,1371162
2018-10-24/00:00:00,4.18,4.16,3.99,4.05,615791
2018-10-25/00:00:00,4.05,4.04,3.92,3.98,676690
2018-10-28/00:00:00,3.98,4.08,3.99,4.04,477820
2018-10-29/00:00:00,4.04,4.16,3.99,4.09,957612
2018-10-30/00:00:00,4.09,4.32,4.08,4.23,1959571
2018-10-31/00:00:00,4.23,4.38,4.24,4.33,2322256
2018-11-01/00:00:00,4.33,4.32,4.13,4.2,1117340
2018-11-04/00:00:00,4.2,4.26,4.12,4.18,1124071
2018-11-05/00:00:00,4.18,4.35,4.22,4.28,1402777
2018-11-06/00:00:00,4.28,4.6,4.35,4.5,2907373
2018-11-07/00:00:00,4.5,4.63,4.46,4.57,1955576
2018-11-08/00:00:00,4.57,4.59,4.41,4.49,2020836
2018-11-11/00:00:00,4.49,4.6,4.42,4.5,1655668
2018-11-12/00:00:00,4.5,4.79,4.46,4.68,3049512
2018-11-13/00:00:00,4.68,4.86,4.63,4.7,3668306
2018-11-14/00:00:00,4.7,4.75,4.58,4.68,823840
2018-11-15/00:00:00,4.68,4.79,4.68,4.74,1208686
2018-11-18/00:00:00,4.74,4.8,4.68,4.74,1504512
2018-11-19/00:00:00,4.74,4.94,4.79,4.88,3186676
2018-11-21/00:00:00,4.88,4.98,4.79,4.9,1978393
2018-11-22/00:00:00,4.9,5.38,4.97,5.2,6670974
2018-11-25/00:00:00,5.2,5.25,5.01,5.12,2883429
2018-11-26/00:00:00,5.12,5.21,5.07,5.16,1229886
2018-11-27/00:00:00,5.16,5.57,5.21,5.4,4516699
2018-11-28/00:00:00,5.4,5.64,5.39,5.51,2663884
2018-11-29/00:00:00,5.51,5.55,5.35,5.46,1724634
2018-12-02/00:00:00,5.46,5.76,5.44,5.62,3132922
2018-12-03/00:00:00,5.62,5.7,5.38,5.51,2269525
2018-12-04/00:00:00,5.51,5.5,5.2,5.31,4844811
2018-12-05/00:00:00,5.31,5.34,5.05,5.16,3451823
2018-12-06/00:00:00,5.16,5.34,4.98,5.15,2846263
2018-12-09/00:00:00,5.15,4.97,4.77,4.88,2198783
2018-12-10/00:00:00,4.88,5.37,4.91,5.19,3855708
2018-12-11/00:00:00,5.19,5.66,5.38,5.54,3662905
2018-12-12/00:00:00,5.54,5.88,5.56,5.74,4959821
2018-12-13/00:00:00,5.74,5.97,5.64,5.79,3973445
2018-12-16/00:00:00,5.79,5.8,5.64,5.74,1512969
2018-12-17/00:00:00,5.74,5.82,5.69,5.74,1039332
2018-12-18/00:00:00,5.74,5.76,5.56,5.64,1761589
2018-12-19/00:00:00,5.64,5.79,5.58,5.69,2609594
2018-12-20/00:00:00,5.69,5.65,5.46,5.54,2447475
2018-12-23/00:00:00,5.54,5.54,5.13,5.3,3005414
2018-12-24/00:00:00,5.3,5.38,5.11,5.26,2111960
2018-12-25/00:00:00,5.26,5.41,5.21,5.31,2208079
2018-12-26/00:00:00,5.31,5.49,5.31,5.39,2615621
2018-12-27/00:00:00,5.39,5.52,5.36,5.44,3244826
2018-12-30/00:00:00,5.44,5.5,5.37,5.44,2231134
2018-12-31/00:00:00,5.44,5.71,5.51,5.64,4335122
2019-01-02/00:00:00,5.64,5.86,5.68,5.75,2195630
2019-01-03/00:00:00,5.75,5.8,5.61,5.69,2103699
2019-01-06/00:00:00,5.69,5.76,5.64,5.71,1334833
2019-01-08/00:00:00,5.71,6.02,5.77,5.9,5229455
2019-01-09/00:00:00,5.9,6.05,5.74,5.86,3086881
2019-01-10/00:00:00,5.86,6.08,5.74,5.98,4042536
2019-01-13/00:00:00,5.98,6.22,6.02,6.12,3043966
2019-01-14/00:00:00,6.12,6.17,5.97,6.06,2121587
2019-01-15/00:00:00,6.06,6.25,6.06,6.18,2876256
2019-01-16/00:00:00,6.18,6.25,6.01,6.1,1550841
2019-01-17/00:00:00,6.1,6.13,5.87,5.95,3290511
2019-01-20/00:00:00,5.95,6.02,5.86,5.91,1252189
2019-01-21/00:00:00,5.91,6.11,5.91,6.05,1944897
2019-01-22/00:00:00,6.05,6.13,5.88,5.96,2261429
2019-01-23/00:00:00,5.96,6.05,5.88,5.97,1076594
2019-01-27/00:00:00,5.97,6.25,6.06,6.18,2345087
2019-01-28/00:00:00,6.18,6.22,6.06,6.13,1163584
2019-01-29/00:00:00,6.13,6.17,6.06,6.1,894021
2019-01-30/00:00:00,6.1,6.37,6.18,6.27,3029772
2019-01-31/00:00:00,6.27,6.26,6.07,6.16,1819307
2019-02-03/00:00:00,6.16,6.2,6.1,6.13,1398756
2019-02-04/00:00:00,6.13,6.12,5.92,6.02,1940164
2019-02-05/00:00:00,6.02,6.12,6.0,6.06,927714
2019-02-06/00:00:00,6.06,6.11,5.97,6.06,1149632
2019-02-07/00:00:00,6.06,6.26,6.09,6.17,2451647
2019-02-10/00:00:00,6.17,6.21,6.02,6.1,1175134
2019-02-11/00:00:00,6.1,6.3,6.12,6.22,3076601
2019-02-12/00:00:00,6.22,6.21,6.11,6.16,1406888
2019-02-13/00:00:00,6.16,6.21,6.02,6.1,1950767
2019-02-14/00:00:00,6.1,6.19,6.03,6.11,1621421
2019-02-17/00:00:00,6.11,6.24,6.13,6.18,1483354
2019-02-18/00:00:00,6.18,6.2,6.06,6.12,1232470
2019-02-19/00:00:00,6.12,6.12,6.03,6.06,1224300
2019-02-20/00:00:00,6.06,6.17,6.02,6.06,2556704
2019-02-21/00:00:00,6.06,6.1,5.98,6.02,576747
2019-02-24/00:00:00,6.02,6.06,5.92,5.98,614047
2019-02-25/00:00:00,5.98,6.07,5.96,6.02,472490
2019-02-26/00:00:00,6.02,6.08,5.93,5.99,983560
2019-02-27/00:00:00,5.99,5.98,5.93,5.96,400683
2019-02-28/00:00:00,5.96,6.05,5.85,5.95,796334
2019-03-03/00:00:00,5.95,6.17,5.9,6.07,2459553
2019-03-04/00:00:00,6.07,6.08,5.9,5.99,748680
2019-03-05/00:00:00,5.99,6.06,5.92,5.98,829502
2019-03-06/00:00:00,5.98,6.0,5.81,5.87,1408667
2019-03-07/00:00:00,5.87,5.97,5.81,5.91,1305082
2019-03-10/00:00:00,5.91,6.03,5.92,5.98,782933
2019-03-11/00:00:00,5.98,5.99,5.9,5.95,901973
2019-03-12/00:00:00,5.95,6.09,5.91,6.02,2617290
2019-03-13/00:00:00,6.02,6.08,5.92,5.98,1215169
2019-03-14/00:00:00,5.98,5.99,5.85,5.89,631243
2019-03-17/00:00:00,5.89,6.06,5.91,5.98,2346506
2019-03-18/00:00:00,5.98,6.02,5.81,5.89,1622099
2019-03-19/00:00:00,5.89,5.87,5.65,5.75,843415
2019-03-20/00:00:00,5.75,5.81,5.69,5.75,897623
2019-03-21/00:00:00,5.75,5.84,5.67,5.76,740314
2019-03-24/00:00:00,5.76,5.81,5.65,5.69,726769
2019-03-25/00:00:00,5.69,5.67,5.39,5.46,1525902
2019-03-26/00:00:00,5.46,5.46,5.26,5.37,715231
2019-03-27/00:00:00,5.37,5.47,5.22,5.31,858393
2019-03-28/00:00:00,5.31,5.41,5.2,5.34,996556
2019-03-31/00:00:00,5.34,5.44,5.31,5.37,365946
2019-04-01/00:00:00,5.37,5.41,5.31,5.37,358879
2019-04-02/00:00:00,5.37,5.42,5.35,5.38,365504
2019-04-03/00:00:00,5.38,5.39,5.29,5.32,363399
2019-04-04/00:00:00,5.32,5.38,5.28,5.31,340045
2019-04-07/00:00:00,5.31,5.39,5.26,5.31,394437
2019-04-08/00:00:00,5.31,5.31,5.16,5.24,548572
2019-04-09/00:00:00,5.24,5.21,5.09,5.15,504179
2019-04-10/00:00:00,5.15,5.26,5.15,5.2,398834
2019-04-11/00:00:00,5.2,5.21,5.13,5.16,372911
2019-04-14/00:00:00,5.16,5.22,5.14,5.18,322211
2019-04-15/00:00:00,5.18,5.19,5.11,5.14,466495
2019-04-16/00:00:00,5.14,5.15,4.91,5.05,610405
2019-04-17/00:00:00,5.05,5.05,4.91,5.01,322163
2019-04-18/00:00:00,5.01,5.06,4.94,4.98,407575
2019-04-21/00:00:00,4.98,5.04,4.91,4.95,191224
2019-04-22/00:00:00,4.95,5.35,4.96,5.22,2715196
2019-04-23/00:00:00,5.22,5.3,5.14,5.21,728484
2019-04-24/00:00:00,5.21,5.28,5.17,5.21,379056
2019-04-30/00:00:00,5.21,5.24,5.13,5.16,315566
2019-05-02/00:00:00,5.16,5.21,5.05,5.09,330581
2019-05-05/00:00:00,5.09,5.16,4.96,5.0,257546
2019-05-06/00:00:00,5.0,4.97,4.66,4.76,354303
2019-05-07/00:00:00,4.76,4.83,4.54,4.67,746239
2019-05-08/00:00:00,4.67,4.57,4.2,4.33,1839863
2019-05-09/00:00:00,4.33,4.45,4.04,4.3,1897339
2019-05-12/00:00:00,4.3,4.49,4.36,4.41,743352
2019-05-13/00:00:00,4.41,4.42,4.19,4.29,1938505
2019-05-14/00:00:00,4.29,4.4,4.23,4.31,719350
2019-05-15/00:00:00,4.31,4.36,4.12,4.25,2465464
2019-05-16/00:00:00,4.25,4.26,4.15,4.19,783551
2019-05-19/00:00:00,4.19,4.22,4.06,4.12,452125
2019-05-20/00:00:00,4.12,4.07,4.02,4.04,414033
2019-05-21/00:00:00,4.04,4.23,3.96,4.16,727401
2019-05-22/00:00:00,4.16,4.27,4.14,4.22,1236610
2019-05-23/00:00:00,4.22,4.27,4.16,4.22,984668
2019-05-26/00:00:00,4.22,4.53,4.24,4.37,3145948
2019-05-27/00:00:00,4.37,4.8,4.46,4.66,4761702
2019-05-28/00:00:00,4.66,5.01,4.83,4.9,3819054
2019-05-29/00:00:00,4.9,4.9,4.68,4.77,1281334
2019-05-30/00:00:00,4.77,4.77,4.56,4.65,1261557
2019-06-02/00:00:00,4.65,4.7,4.49,4.63,596072
2019-06-03/00:00:00,4.63,4.78,4.64,4.7,512276
2019-06-09/00:00:00,4.7,4.94,4.79,4.89,1243820
2019-06-10/00:00:00,4.89,5.01,4.89,4.95,1937544
2019-06-11/00:00:00,4.95,5.04,4.86,4.93,1010491
2019-06-12/00:00:00,4.93,4.93,4.84,4.88,495725
2019-06-13/00:00:00,4.88,4.93,4.81,4.87,1064471
2019-06-16/00:00:00,4.87,5.21,4.89,5.1,3305227
2019-06-17/00:00:00,5.1,5.27,5.14,5.2,2298620
2019-06-18/00:00:00,5.2,5.24,5.13,5.19,970354
2019-06-19/00:00:00,5.19,5.28,5.1,5.18,860033
2019-06-20/00:00:00,5.18,5.21,5.0,5.09,1036461
2019-06-23/00:00:00,5.09,5.21,5.06,5.12,674424
2019-06-24/00:00:00,5.12,5.18,4.98,5.05,715752
2019-06-25/00:00:00,5.05,5.03,4.87,4.94,1747526
2019-06-26/00:00:00,4.94,5.08,4.96,5.03,987334
2019-06-27/00:00:00,5.03,5.17,5.05,5.12,1488753
2019-07-02/00:00:00,5.12,5.42,5.13,5.3,3473129
2019-07-03/00:00:00,5.3,5.5,5.35,5.42,2524532
2019-07-04/00:00:00,5.42,5.4,5.27,5.31,1677929
2019-07-07/00:00:00,5.31,5.3,5.24,5.27,1000993
2019-07-08/00:00:00,5.27,5.35,5.25,5.3,598443
2019-07-09/00:00:00,5.3,5.37,5.21,5.27,790301
2019-07-10/00:00:00,5.27,5.28,5.08,5.15,1022249
2019-07-11/00:00:00,5.15,5.14,4.98,5.09,822798
2019-07-14/00:00:00,5.09,5.06,4.79,4.91,454294
2019-07-15/00:00:00,4.91,5.04,4.79,4.95,552925
2019-07-16/00:00:00,4.95,5.03,4.87,4.96,341308
2019-07-17/00:00:00,4.96,5.05,4.87,4.97,1206186
2019-07-18/00:00:00,4.97,4.97,4.9,4.91,136485
2019-07-21/00:00:00,4.91,4.93,4.8,4.87,262087
2019-07-22/00:00:00,4.87,4.94,4.81,4.87,428541
2019-07-24/00:00:00,4.87,4.93,4.7,4.79,409272
2019-07-25/00:00:00,4.79,4.79,4.57,4.67,338615
2019-07-28/00:00:00,4.67,4.68,4.55,4.6,376121
2019-07-29/00:00:00,4.6,4.66,4.53,4.61,355717
2019-07-30/00:00:00,4.61,4.73,4.41,4.57,556268
2019-07-31/00:00:00,4.57,4.48,4.31,4.4,671094
2019-08-01/00:00:00,4.4,4.53,4.39,4.47,264610
2019-08-04/00:00:00,4.47,4.53,4.42,4.46,276580
2019-08-05/00:00:00,4.46,4.45,4.34,4.38,283772
2019-08-06/00:00:00,4.38,4.49,4.35,4.44,644094
2019-08-07/00:00:00,4.44,4.64,4.42,4.55,937258
2019-08-08/00:00:00,4.55,4.76,4.57,4.71,936471
2019-08-14/00:00:00,4.71,5.05,4.79,4.91,2228074
2019-08-15/00:00:00,4.91,5.14,4.96,5.03,1499501
2019-08-18/00:00:00,5.03,5.18,5.09,5.13,436059
2019-08-19/00:00:00,5.13,5.16,5.05,5.09,541783
2019-08-20/00:00:00,5.09,5.26,5.08,5.2,2806184
2019-08-21/00:00:00,5.2,5.27,5.1,5.17,1325923
2019-08-22/00:00:00,5.17,5.22,5.09,5.16,597323
2019-08-25/00:00:00,5.16,5.34,5.11,5.24,3099509
2019-08-26/00:00:00,5.24,5.3,5.13,5.21,1471997
2019-08-27/00:00:00,5.21,5.21,5.04,5.09,1407250
2019-08-28/00:00:00,5.09,5.16,5.05,5.1,1162922
2019-08-29/00:00:00,5.1,5.24,5.05,5.15,2794692
2019-09-01/00:00:00,5.15,5.26,5.09,5.2,1847254
2019-09-02/00:00:00,5.2,5.22,5.08,5.14,1467652
2019-09-03/00:00:00,5.14,5.24,5.05,5.12,1937115
2019-09-04/00:00:00,5.12,5.16,4.98,5.07,1211009
2019-09-05/00:00:00,5.07,5.12,5.01,5.06,1057831
2019-09-08/00:00:00,5.06,5.18,5.03,5.12,1513289
2019-09-09/00:00:00,5.12,5.24,5.09,5.17,2190918
2019-09-10/00:00:00,5.17,5.19,5.08,5.14,1135429
2019-09-11/00:00:00,5.14,5.16,5.08,5.11,758261
2019-09-12/00:00:00,5.11,5.26,5.13,5.21,2830011
2019-09-15/00:00:00,5.3,5.32,5.16,5.25,2510320
2019-09-16/00:00:00,5.25,5.21,5.09,5.15,1951554
2019-09-17/00:00:00,5.15,5.09,4.73,4.94,2663300
2019-09-18/00:00:00,4.94,4.91,4.75,4.8,957783
2019-09-19/00:00:00,4.8,4.89,4.79,4.85,591865
2019-09-22/00:00:00,4.85,4.68,4.37,4.43,1093934
2019-09-23/00:00:00,4.43,4.36,3.99,4.17,1615580
2019-09-24/00:00:00,4.17,4.16,3.76,3.93,2168486
2019-09-25/00:00:00,3.93,4.16,3.92,4.07,1071927
2019-09-26/00:00:00,4.07,4.18,4.0,4.08,1439820
2019-09-29/00:00:00,4.08,4.48,4.22,4.38,3098121
2019-09-30/00:00:00,4.38,4.57,4.38,4.46,1419020
2019-10-01/00:00:00,4.46,4.6,4.45,4.53,1457173
2019-10-02/00:00:00,4.53,4.55,4.38,4.45,1285921
2019-10-03/00:00:00,4.45,4.7,4.27,4.58,3428530
2019-10-07/00:00:00,4.58,4.7,4.47,4.6,1434074
2019-10-08/00:00:00,4.6,4.75,4.53,4.65,2602424
2019-10-09/00:00:00,4.65,4.64,4.53,4.58,572297
2019-10-10/00:00:00,4.58,4.66,4.53,4.58,573537
2019-10-13/00:00:00,4.58,4.58,4.5,4.53,254235
2019-10-14/00:00:00,4.53,4.6,4.42,4.47,603811
2019-10-15/00:00:00,4.47,4.44,4.34,4.38,545219
2019-10-16/00:00:00,4.38,4.54,4.4,4.48,931443
2019-10-17/00:00:00,4.48,4.55,4.44,4.47,939540
2019-10-20/00:00:00,4.47,4.51,4.42,4.46,196674
2019-10-21/00:00:00,4.46,4.49,4.4,4.43,279160
2019-10-22/00:00:00,4.43,4.49,4.38,4.44,307003
2019-10-23/00:00:00,4.44,4.45,4.33,4.36,357747
2019-10-24/00:00:00,4.36,4.43,4.36,4.39,539804
2019-10-27/00:00:00,4.39,4.46,4.4,4.43,252550
2019-10-28/00:00:00,4.43,4.57,4.45,4.5,1133666
2019-10-29/00:00:00,4.5,4.73,4.53,4.64,3211028
2019-10-30/00:00:00,4.64,4.75,4.6,4.68,2523206
2019-10-31/00:00:00,4.68,4.79,4.59,4.72,1372254
2019-11-03/00:00:00,4.85,5.12,4.83,4.97,6225220
2019-11-04/00:00:00,4.97,5.21,5.0,5.1,4542839
2019-11-05/00:00:00,5.1,5.09,4.91,5.03,2023408
2019-11-06/00:00:00,5.03,5.12,4.98,5.05,2074421
2019-11-07/00:00:00,5.05,5.09,4.89,4.98,1982838
2019-11-11/00:00:00,4.98,4.98,4.83,4.9,795022
2019-11-12/00:00:00,4.9,4.9,4.79,4.84,636354
2019-11-13/00:00:00,4.84,4.87,4.77,4.79,958334
2019-11-14/00:00:00,4.79,4.78,4.63,4.69,1553136
2019-11-17/00:00:00,4.69,4.78,4.59,4.67,446385
2019-11-18/00:00:00,4.67,4.65,4.57,4.6,496460
2019-11-19/00:00:00,4.6,4.66,4.51,4.58,541544
2019-11-20/00:00:00,4.58,4.83,4.65,4.73,1077770
2019-11-21/00:00:00,4.73,4.72,4.6,4.65,427234
2019-11-24/00:00:00,4.65,4.7,4.6,4.64,200987
2019-11-25/00:00:00,4.64,4.7,4.58,4.64,617247
2019-11-26/00:00:00,4.64,4.63,4.53,4.57,453292
2019-11-27/00:00:00,4.57,4.66,4.46,4.59,609194
2019-11-28/00:00:00,4.59,4.75,4.6,4.69,1441638
2019-12-01/00:00:00,4.69,4.83,4.59,4.71,938830
2019-12-02/00:00:00,4.71,4.66,4.39,4.49,691774
2019-12-03/00:00:00,4.49,4.57,4.32,4.46,599285
2019-12-04/00:00:00,4.46,4.73,4.57,4.66,670118
2019-12-05/00:00:00,4.66,4.78,4.6,4.68,622383
2019-12-08/00:00:00,4.68,4.69,4.54,4.6,181671
2019-12-09/00:00:00,4.6,4.66,4.55,4.58,282824
2019-12-10/00:00:00,4.58,4.66,4.59,4.63,153174
2019-12-11/00:00:00,4.63,4.68,4.36,4.5,639537
2019-12-12/00:00:00,4.5,4.49,4.36,4.44,277524
2019-12-15/00:00:00,4.44,4.53,4.45,4.5,179203
2019-12-16/00:00:00,4.5,4.57,4.41,4.5,399160
2019-12-17/00:00:00,4.5,4.6,4.5,4.55,437331
2019-12-18/00:00:00,4.55,4.66,4.56,4.61,413245
2019-12-19/00:00:00,4.61,4.64,4.53,4.55,91151
2019-12-22/00:00:00,4.55,4.61,4.55,4.57,251908
2019-12-23/00:00:00,4.57,4.57,4.48,4.51,140576
2019-12-24/00:00:00,4.51,4.5,4.45,4.46,174713
2019-12-25/00:00:00,4.46,4.51,4.43,4.47,148756
2019-12-26/00:00:00,4.47,4.55,4.45,4.49,306072
2019-12-29/00:00:00,4.49,4.63,4.53,4.6,814215
2019-12-30/00:00:00,4.6,4.68,4.57,4.64,511691
2019-12-31/00:00:00,5.42,5.48,5.32,5.38,269042
2020-01-02/00:00:00,4.6,4.79,4.61,4.74,1407946
2020-01-05/00:00:00,4.74,4.56,4.32,4.43,958107
2020-01-06/00:00:00,4.43,4.45,4.1,4.35,851995
2020-01-08/00:00:00,4.35,4.61,4.19,4.5,891725
2020-01-09/00:00:00,4.5,4.67,4.54,4.6,422836
2020-01-12/00:00:00,4.6,4.72,4.61,4.68,427479
2020-01-13/00:00:00,4.68,4.74,4.56,4.61,330255
2020-01-14/00:00:00,4.61,4.7,4.6,4.67,402333
2020-01-15/00:00:00,4.67,4.74,4.61,4.68,328042
2020-01-16/00:00:00,4.68,4.73,4.66,4.69,524150
2020-01-19/00:00:00,4.69,4.95,4.7,4.8,3157199
2020-01-20/00:00:00,4.8,4.79,4.55,4.67,1361720
2020-01-21/00:00:00,4.67,4.64,4.53,4.58,323678
2020-01-22/00:00:00,4.58,4.76,4.67,4.73,1414317
2020-01-23/00:00:00,4.73,4.83,4.72,4.79,1032428
2020-01-26/00:00:00,4.79,4.99,4.81,4.9,2496596
2020-01-27/00:00:00,4.9,4.91,4.64,4.75,1541151
2020-01-28/00:00:00,4.75,4.86,4.65,4.79,1344684
2020-01-29/00:00:00,4.79,5.05,4.79,4.93,3279543
2020-01-30/00:00:00,4.93,5.16,5.0,5.09,2162921
2020-02-02/00:00:00,5.09,5.08,4.9,4.97,672430
2020-02-03/00:00:00,4.97,5.04,4.87,4.93,526538
2020-02-04/00:00:00,4.93,5.2,4.87,4.98,1168471
2020-02-05/00:00:00,4.98,4.99,4.71,4.83,4803456
2020-02-06/00:00:00,4.83,4.87,4.7,4.76,2365347
2020-02-09/00:00:00,4.76,4.76,4.64,4.68,868092
2020-02-10/00:00:00,4.68,4.7,4.6,4.65,875160
2020-02-11/00:00:00,4.65,4.79,4.66,4.73,549371
2020-02-12/00:00:00,4.73,4.68,4.61,4.64,197398
2020-02-13/00:00:00,4.64,4.73,4.53,4.63,1337232
2020-02-16/00:00:00,4.63,4.64,4.45,4.5,588346
2020-02-17/00:00:00,4.5,4.61,4.49,4.58,768502
2020-02-18/00:00:00,4.58,4.61,4.43,4.5,300209
2020-02-19/00:00:00,4.5,4.58,4.49,4.54,204742
2020-02-20/00:00:00,4.54,4.6,4.49,4.55,117180
2020-02-23/00:00:00,4.55,4.54,4.46,4.49,147731
2020-02-24/00:00:00,4.49,4.45,4.34,4.38,300405
2020-02-25/00:00:00,4.38,4.53,4.26,4.32,2378596
2020-02-26/00:00:00,4.32,4.4,4.23,4.28,1322750
2020-02-27/00:00:00,4.28,4.35,4.12,4.22,461581
2020-03-01/00:00:00,3.93,4.09,3.56,3.76,726372
2020-03-02/00:00:00,3.76,4.02,3.38,3.59,1735019
2020-03-03/00:00:00,3.59,3.67,3.51,3.61,1274804
2020-03-04/00:00:00,3.61,3.65,3.52,3.61,810707
2020-03-05/00:00:00,3.61,3.74,3.6,3.67,600087
2020-03-08/00:00:00,3.67,3.53,3.37,3.45,893752
2020-03-09/00:00:00,3.45,3.37,3.18,3.3,737564
2020-03-10/00:00:00,3.3,3.42,3.17,3.32,755991
2020-03-11/00:00:00,3.32,3.45,3.28,3.36,424861
2020-03-15/00:00:00,3.36,3.31,3.03,3.04,1125579
2020-03-16/00:00:00,3.04,3.03,2.74,2.76,1554416
2020-03-17/00:00:00,2.76,2.66,2.49,2.51,931362
2020-03-18/00:00:00,2.51,2.53,2.26,2.3,1480426
2020-03-19/00:00:00,2.3,2.43,2.07,2.25,1527804
2020-03-22/00:00:00,2.25,2.47,2.26,2.43,1212351
2020-03-23/00:00:00,2.67,2.9,2.52,2.67,1440939
2020-03-24/00:00:00,2.67,2.74,2.54,2.63,718296
2020-03-25/00:00:00,2.63,2.89,2.65,2.81,1860598
2020-03-26/00:00:00,2.81,3.07,2.84,3.03,4595186
2020-03-29/00:00:00,3.03,3.06,2.91,3.0,963610
2020-03-30/00:00:00,3.0,3.08,2.91,3.01,845432
2020-03-31/00:00:00,3.01,3.31,3.08,3.24,1265056
2020-04-01/00:00:00,3.24,3.36,3.19,3.27,552086
2020-04-02/00:00:00,3.27,3.31,3.15,3.22,522653
2020-04-05/00:00:00,3.22,3.22,2.96,3.02,867776
2020-04-06/00:00:00,3.02,3.16,2.96,3.07,936514
2020-04-07/00:00:00,3.07,3.34,3.16,3.27,1128661
2020-04-08/00:00:00,3.27,3.37,3.27,3.33,835266
2020-04-09/00:00:00,3.33,3.34,3.17,3.23,459973
2020-04-12/00:00:00,3.23,3.25,3.16,3.22,176505
2020-04-13/00:00:00,3.22,3.34,3.21,3.29,727074
2020-04-14/00:00:00,3.29,3.47,3.34,3.42,2218888
2020-04-15/00:00:00,3.42,3.48,3.29,3.36,571324
2020-04-16/00:00:00,3.36,3.42,3.3,3.34,650175
2020-04-21/00:00:00,3.34,3.29,3.16,3.22,836525
2020-04-22/00:00:00,3.22,3.31,3.22,3.28,494592
2020-04-23/00:00:00,3.28,3.41,3.31,3.36,944115
2020-04-26/00:00:00,3.36,3.53,3.41,3.46,1082101
2020-04-27/00:00:00,3.46,3.55,3.37,3.45,936097
2020-04-28/00:00:00,3.45,3.7,3.42,3.61,5744167
2020-04-29/00:00:00,3.61,3.74,3.52,3.63,1597547
2020-04-30/00:00:00,3.63,3.66,3.58,3.61,968213
2020-05-03/00:00:00,3.61,3.6,3.26,3.42,1172036
2020-05-04/00:00:00,3.42,3.38,3.21,3.27,1978171
2020-05-05/00:00:00,3.27,3.37,3.25,3.28,943720
2020-05-06/00:00:00,3.28,3.37,3.29,3.36,1106912
2020-05-07/00:00:00,3.36,3.39,3.03,3.14,2225043
2020-05-10/00:00:00,3.14,3.14,2.95,3.0,952976
2020-05-11/00:00:00,3.0,3.07,2.86,2.96,1145663
2020-05-12/00:00:00,2.96,3.22,3.06,3.16,1091576
2020-05-13/00:00:00,3.16,3.16,2.99,3.05,520603
2020-05-14/00:00:00,3.05,3.15,3.0,3.06,274497
2020-05-17/00:00:00,3.06,3.18,3.04,3.08,416019
2020-05-18/00:00:00,3.08,3.12,2.99,3.02,96512
2020-05-19/00:00:00,3.02,3.15,3.04,3.05,183804
2020-05-20/00:00:00,3.05,3.05,2.99,3.0,249539
2020-05-21/00:00:00,3.0,3.05,2.96,3.01,235572
2020-05-31/00:00:00,3.01,3.16,3.08,3.11,443511
2020-06-01/00:00:00,3.11,3.21,3.04,3.15,724711
2020-06-02/00:00:00,3.15,3.29,3.17,3.22,497210
2020-06-03/00:00:00,3.22,3.34,3.23,3.27,1327080
2020-06-04/00:00:00,3.27,3.37,3.26,3.34,1064494
2020-06-07/00:00:00,3.34,3.46,3.37,3.41,1445924
2020-06-08/00:00:00,3.41,3.47,3.32,3.37,1123669
2020-06-09/00:00:00,3.37,3.37,3.25,3.29,604451
2020-06-10/00:00:00,3.29,3.32,3.21,3.26,498279
2020-06-11/00:00:00,3.26,3.34,3.22,3.28,655577
2020-06-14/00:00:00,3.28,3.39,3.23,3.34,1255651
2020-06-15/00:00:00,3.34,3.43,3.26,3.37,1285705
2020-06-16/00:00:00,3.37,3.45,3.33,3.41,977675
2020-06-17/00:00:00,3.41,3.42,3.31,3.35,330860
2020-06-18/00:00:00,3.35,3.41,3.3,3.34,612774
2020-06-21/00:00:00,3.34,3.48,3.26,3.41,1524398
2020-06-22/00:00:00,3.41,3.52,3.34,3.45,1925855
2020-06-23/00:00:00,3.45,3.47,3.29,3.41,828803
2020-06-24/00:00:00,3.41,3.55,3.41,3.47,2399483
2020-06-25/00:00:00,3.47,3.46,3.33,3.39,895370
2020-06-28/00:00:00,3.39,3.45,3.34,3.37,520478
2020-06-29/00:00:00,3.37,3.42,3.31,3.34,1008277
2020-06-30/00:00:00,3.34,3.39,3.29,3.34,955057
2020-07-05/00:00:00,3.34,3.59,3.37,3.52,2713768
2020-07-06/00:00:00,3.52,3.59,3.45,3.52,1781460
2020-07-07/00:00:00,3.52,3.67,3.46,3.58,3704681
2020-07-08/00:00:00,3.58,3.62,3.47,3.55,1338903
2020-07-09/00:00:00,3.55,3.51,3.3,3.41,1446390
2020-07-12/00:00:00,3.41,3.6,3.46,3.56,1783640
2020-07-13/00:00:00,3.67,3.67,3.52,3.61,1262040
2020-07-14/00:00:00,3.61,3.52,3.41,3.45,827763
2020-07-15/00:00:00,3.45,3.51,3.11,3.28,1347956
2020-07-16/00:00:00,3.28,3.29,3.13,3.22,390675
2020-07-19/00:00:00,3.22,3.34,3.08,3.24,532198
2020-07-20/00:00:00,3.24,3.26,3.16,3.23,485570
2020-07-21/00:00:00,3.23,3.34,3.21,3.27,461621
2020-07-22/00:00:00,3.27,3.3,3.23,3.28,347957
2020-07-26/00:00:00,3.28,3.37,3.25,3.33,969131
2020-07-27/00:00:00,3.33,3.42,3.28,3.34,539948
2020-07-28/00:00:00,3.34,3.34,3.24,3.26,1401859
2020-07-29/00:00:00,3.26,3.47,3.28,3.39,3564822
2020-08-04/00:00:00,3.39,3.64,3.42,3.55,4869743
2020-08-05/00:00:00,3.55,3.6,3.52,3.56,1981835
2020-08-06/00:00:00,3.56,3.67,3.48,3.58,3758571
2020-08-09/00:00:00,3.58,3.61,3.52,3.57,1473760
2020-08-10/00:00:00,3.57,3.72,3.51,3.65,5253533
2020-08-11/00:00:00,3.65,3.74,3.62,3.66,1862745
2020-08-12/00:00:00,3.66,3.8,3.66,3.74,4465504
2020-08-13/00:00:00,3.74,3.73,3.68,3.71,713212
2020-08-16/00:00:00,3.71,3.9,3.76,3.83,4487067
2020-08-17/00:00:00,3.83,3.85,3.65,3.74,2336546
2020-08-18/00:00:00,3.74,3.74,3.65,3.68,506613
2020-08-19/00:00:00,3.68,3.77,3.68,3.73,1056243
2020-08-23/00:00:00,3.73,3.9,3.75,3.86,4143264
2020-08-24/00:00:00,3.86,3.93,3.77,3.85,1688848
2020-08-25/00:00:00,3.85,3.85,3.76,3.78,972535
2020-08-26/00:00:00,3.78,3.84,3.72,3.78,878288
2020-08-27/00:00:00,3.78,3.8,3.68,3.75,1491803
2020-08-30/00:00:00,3.75,3.9,3.78,3.86,1753944
2020-08-31/00:00:00,3.86,3.93,3.71,3.84,2754503
2020-09-01/00:00:00,3.84,3.76,3.52,3.65,3268799
2020-09-02/00:00:00,3.65,3.6,3.49,3.54,2013815
2020-09-03/00:00:00,3.54,3.64,3.52,3.57,1062100
2020-09-06/00:00:00,3.57,3.59,3.44,3.51,1065155
2020-09-07/00:00:00,3.51,3.56,3.46,3.51,682024
2020-09-08/00:00:00,3.51,3.51,3.32,3.38,1289717
2020-09-09/00:00:00,3.38,3.43,3.29,3.39,837516
2020-09-10/00:00:00,3.39,3.56,3.44,3.51,1244034
2020-09-13/00:00:00,3.51,3.58,3.46,3.53,500531
2020-09-14/00:00:00,3.53,3.53,3.41,3.45,452220
2020-09-15/00:00:00,3.45,3.46,3.37,3.42,385378
2020-09-16/00:00:00,3.42,3.52,3.41,3.47,558176
2020-09-17/00:00:00,3.47,3.49,3.41,3.43,719612
2020-09-20/00:00:00,3.43,3.57,3.45,3.52,1189950
2020-09-21/00:00:00,3.52,3.67,3.43,3.61,3425797
2020-09-22/00:00:00,3.61,3.85,3.59,3.75,3797982
2020-09-23/00:00:00,3.75,3.92,3.68,3.79,1872608
2020-09-24/00:00:00,3.79,3.82,3.67,3.74,1133523
2020-09-27/00:00:00,3.74,3.86,3.71,3.78,612912
2020-09-28/00:00:00,3.78,3.8,3.66,3.71,564465
2020-09-29/00:00:00,3.71,3.74,3.6,3.67,520978
2020-09-30/00:00:00,3.67,3.78,3.59,3.7,510910
2020-10-01/00:00:00,3.7,3.78,3.67,3.75,426942
2020-10-04/00:00:00,3.75,3.82,3.68,3.73,488440
2020-10-05/00:00:00,3.73,3.75,3.65,3.67,344507
2020-10-06/00:00:00,3.67,3.76,3.67,3.71,775238
2020-10-07/00:00:00,3.71,3.85,3.7,3.79,1694899
2020-10-11/00:00:00,3.79,4.1,3.78,3.99,4133608
2020-10-12/00:00:00,4.17,4.23,3.95,4.08,3988731
2020-10-13/00:00:00,4.08,4.19,3.93,4.05,2765985
2020-10-14/00:00:00,4.05,4.08,3.95,4.02,1210539
2020-10-15/00:00:00,4.02,4.02,3.78,3.89,2023059
2020-10-18/00:00:00,3.89,3.89,3.64,3.72,1556360
2020-10-19/00:00:00,3.72,3.75,3.61,3.67,837311
2020-10-20/00:00:00,3.67,3.67,3.56,3.62,806269
2020-10-21/00:00:00,3.62,3.67,3.47,3.58,1196993
2020-10-22/00:00:00,3.58,3.56,3.23,3.36,1632176
2020-10-25/00:00:00,3.36,3.47,3.25,3.37,692809
2020-10-26/00:00:00,3.37,3.51,3.36,3.44,653397
2020-10-27/00:00:00,3.44,3.51,3.42,3.46,833338
2020-10-28/00:00:00,3.46,3.47,3.37,3.42,658049
2020-11-01/00:00:00,3.42,3.39,3.3,3.34,362262
2020-11-02/00:00:00,3.34,3.57,3.25,3.43,1137718
2020-11-03/00:00:00,3.43,3.42,3.29,3.37,294862
2020-11-04/00:00:00,3.37,3.44,3.37,3.41,156246
2020-11-05/00:00:00,3.41,3.48,3.34,3.39,214921
2020-11-08/00:00:00,3.39,3.42,3.35,3.38,151856
2020-11-09/00:00:00,3.38,3.53,3.39,3.45,603662
2020-11-10/00:00:00,3.45,3.59,3.46,3.55,943869
2020-11-11/00:00:00,3.55,3.63,3.52,3.58,554083
2020-11-12/00:00:00,3.58,3.67,3.52,3.62,1484710
2020-11-15/00:00:00,3.62,3.67,3.52,3.57,1142412
2020-11-16/00:00:00,3.57,3.64,3.53,3.58,709257
2020-11-17/00:00:00,3.58,3.64,3.56,3.6,675314
2020-11-18/00:00:00,3.6,3.59,3.48,3.52,730593
2020-11-19/00:00:00,3.52,3.54,3.39,3.45,1004948
2020-11-22/00:00:00,3.45,3.49,3.42,3.43,307047
2020-11-23/00:00:00,3.43,3.62,3.45,3.55,1263764
2020-11-24/00:00:00,3.55,3.62,3.53,3.57,944481
2020-11-25/00:00:00,3.57,3.61,3.46,3.56,1252908
2020-11-26/00:00:00,3.56,3.92,3.61,3.82,9083350
2020-11-29/00:00:00,3.82,4.02,3.78,3.93,3992580
2020-11-30/00:00:00,3.93,3.88,3.75,3.8,1095138
2020-12-01/00:00:00,3.8,3.97,3.82,3.89,1932917
2020-12-02/00:00:00,3.89,3.95,3.71,3.79,1573166
2020-12-03/00:00:00,3.79,4.08,3.82,3.93,4463944
2020-12-06/00:00:00,3.93,4.02,3.85,3.93,4678053
2020-12-07/00:00:00,3.93,3.97,3.84,3.87,1327950
2020-12-08/00:00:00,3.87,4.02,3.85,3.93,3886875
2020-12-09/00:00:00,3.93,4.01,3.82,3.9,1763435
2020-12-10/00:00:00,3.9,3.9,3.64,3.76,1308239
2020-12-13/00:00:00,3.76,3.82,3.67,3.75,711017
2020-12-14/00:00:00,3.75,3.85,3.75,3.78,992712
2020-12-15/00:00:00,3.78,3.82,3.67,3.75,983390
2020-12-16/00:00:00,3.75,3.8,3.59,3.67,1288620
2020-12-17/00:00:00,3.67,3.65,3.56,3.62,585109
2020-12-20/00:00:00,3.62,3.74,3.62,3.67,820993
2020-12-21/00:00:00,3.67,3.63,3.31,3.34,1545910
2020-12-22/00:00:00,3.34,3.35,3.08,3.29,643385
2020-12-23/00:00:00,3.29,3.48,3.36,3.42,1052098
2020-12-24/00:00:00,3.42,3.49,3.36,3.39,443624
2020-12-27/00:00:00,3.39,3.42,3.31,3.34,519803
2020-12-28/00:00:00,3.34,3.52,3.37,3.45,1470794
2020-12-29/00:00:00,3.45,3.54,3.45,3.49,570635
2020-12-30/00:00:00,3.49,3.57,3.48,3.52,1124286
2020-12-31/00:00:00,3.52,3.51,3.45,3.46,701018
2021-01-03/00:00:00,3.46,3.56,3.47,3.52,302772
2021-01-04/00:00:00,3.52,3.55,3.44,3.47,373431
2021-01-05/00:00:00,3.47,3.52,3.45,3.49,579458
2021-01-06/00:00:00,3.49,3.61,3.49,3.56,910364
2021-01-10/00:00:00,3.56,3.64,3.57,3.6,779224
2021-01-11/00:00:00,3.6,3.65,3.57,3.6,480684
2021-01-12/00:00:00,3.6,3.82,3.59,3.74,4076981
2021-01-13/00:00:00,3.74,3.8,3.6,3.68,1242814
2021-01-14/00:00:00,3.68,3.68,3.59,3.64,2168429
2021-01-17/00:00:00,3.64,3.65,3.57,3.6,2236705
2021-01-18/00:00:00,3.6,3.64,3.47,3.53,1691946
2021-01-19/00:00:00,3.53,3.58,3.49,3.54,1876422
2021-01-20/00:00:00,3.54,3.64,3.55,3.59,1288509
2021-01-21/00:00:00,3.59,3.61,3.55,3.56,900277
2021-01-24/00:00:00,3.56,3.59,3.51,3.54,568072
2021-01-25/00:00:00,3.54,3.63,3.52,3.58,869171
2021-01-26/00:00:00,3.58,3.64,3.55,3.6,1177049
2021-01-27/00:00:00,3.6,3.67,3.56,3.61,1459598
2021-01-31/00:00:00,3.61,3.58,3.47,3.54,1400110
2021-02-01/00:00:00,3.54,3.61,3.54,3.57,1475836
2021-02-02/00:00:00,3.57,3.8,3.58,3.7,7153905
2021-02-03/00:00:00,3.7,3.78,3.65,3.71,2564685
2021-02-04/00:00:00,3.71,3.7,3.6,3.63,1080495
2021-02-07/00:00:00,3.63,3.67,3.58,3.61,1207907
2021-02-08/00:00:00,3.61,3.68,3.52,3.61,1878065
2021-02-09/00:00:00,3.61,3.58,3.53,3.56,863874
2021-02-10/00:00:00,3.56,3.64,3.52,3.59,1505332
2021-02-11/00:00:00,3.59,3.75,3.61,3.67,3308461
2021-02-14/00:00:00,3.67,3.7,3.56,3.63,1177204
2021-02-15/00:00:00,3.63,3.59,3.49,3.53,928308
2021-02-16/00:00:00,3.53,3.67,3.48,3.56,1237201
2021-02-17/00:00:00,3.56,3.58,3.44,3.48,909957
2021-02-18/00:00:00,3.48,3.55,3.42,3.47,1750855
2021-02-21/00:00:00,3.47,3.54,3.45,3.48,698224
2021-02-22/00:00:00,3.48,3.51,3.44,3.47,617896
2021-02-23/00:00:00,3.47,3.48,3.37,3.42,746321
2021-02-24/00:00:00,3.42,3.49,3.39,3.45,597462
2021-02-25/00:00:00,3.45,3.49,3.41,3.44,829205
2021-02-28/00:00:00,3.44,3.41,3.34,3.36,587367
2021-03-01/00:00:00,3.36,3.41,3.34,3.37,523028
2021-03-02/00:00:00,3.37,3.41,3.25,3.33,1201042
2021-03-03/00:00:00,3.33,3.34,3.13,3.24,873316
2021-03-04/00:00:00,3.24,3.3,3.17,3.24,683102
2021-03-07/00:00:00,3.24,3.45,3.32,3.41,1095881
2021-03-08/00:00:00,3.41,3.64,3.42,3.54,4099398
2021-03-09/00:00:00,3.54,3.56,3.34,3.45,1319427
2021-03-10/00:00:00,3.45,3.42,3.34,3.37,615892
2021-03-11/00:00:00,3.37,3.48,3.37,3.41,780231
2021-03-14/00:00:00,3.41,3.46,3.34,3.37,412112
2021-03-15/00:00:00,3.37,3.39,3.15,3.26,670112
2021-03-16/00:00:00,3.26,3.27,3.18,3.23,590664
2021-03-17/00:00:00,3.23,3.29,3.19,3.23,267190
2021-03-18/00:00:00,3.23,3.25,3.18,3.22,355816
2021-03-21/00:00:00,3.22,3.25,2.94,3.08,429902
2021-03-22/00:00:00,3.08,2.99,2.78,2.84,792981
2021-03-23/00:00:00,2.84,2.81,2.57,2.68,651901
2021-03-24/00:00:00,2.68,2.87,2.67,2.76,483177
2021-03-25/00:00:00,2.76,2.83,2.7,2.78,313396
2021-03-28/00:00:00,2.78,2.88,2.78,2.82,311958
2021-03-29/00:00:00,2.82,2.96,2.85,2.89,294723
2021-03-30/00:00:00,2.89,2.99,2.85,2.94,531276
2021-03-31/00:00:00,2.94,2.98,2.82,2.87,376636
2021-04-01/00:00:00,2.87,2.94,2.86,2.91,235467
2021-04-04/00:00:00,2.91,2.96,2.8,2.84,538399
2021-04-05/00:00:00,2.84,2.86,2.59,2.7,309482
2021-04-06/00:00:00,2.7,2.75,2.58,2.7,536686
2021-04-07/00:00:00,2.7,2.77,2.61,2.71,327120
2021-04-08/00:00:00,2.71,2.81,2.75,2.78,221373
2021-04-11/00:00:00,2.78,2.85,2.77,2.81,330746
2021-04-12/00:00:00,2.81,2.96,2.82,2.92,736115
2021-04-13/00:00:00,2.92,2.91,2.74,2.78,317431
2021-04-14/00:00:00,2.78,2.81,2.64,2.67,300693
2021-04-15/00:00:00,2.67,2.75,2.65,2.7,289471
2021-04-18/00:00:00,2.7,2.81,2.65,2.73,299977
2021-04-19/00:00:00,2.73,2.81,2.71,2.77,365650
2021-04-20/00:00:00,2.77,2.85,2.76,2.81,482104
2021-04-21/00:00:00,2.81,2.85,2.75,2.8,300332
2021-04-22/00:00:00,2.8,2.86,2.78,2.83,403449
2021-04-25/00:00:00,2.83,2.89,2.81,2.84,518152
2021-04-26/00:00:00,2.84,3.04,2.81,2.96,1772872
2021-04-27/00:00:00,2.96,3.16,3.03,3.11,1987888
2021-04-28/00:00:00,3.11,3.04,2.94,2.98,457209
2021-05-04/00:00:00,2.98,3.03,2.93,2.96,397676
2021-05-05/00:00:00,2.96,2.97,2.87,2.93,298518
2021-05-06/00:00:00,2.93,2.98,2.89,2.93,363249
2021-05-09/00:00:00,2.93,2.94,2.84,2.87,541211
2021-05-10/00:00:00,2.87,3.04,2.84,2.96,908784
2021-05-11/00:00:00,2.96,3.05,2.93,2.99,828368
2021-05-17/00:00:00,2.99,3.06,2.96,3.02,745725
2021-05-18/00:00:00,3.02,3.16,3.03,3.11,1115178
2021-05-19/00:00:00,3.11,3.15,3.01,3.06,833429
2021-05-20/00:00:00,3.06,3.04,2.99,3.01,426214
2021-05-23/00:00:00,3.01,3.07,2.99,3.02,339617
2021-05-24/00:00:00,3.02,3.04,2.87,2.96,627953
2021-05-25/00:00:00,2.96,2.93,2.78,2.86,525413
2021-05-26/00:00:00,2.86,2.96,2.85,2.91,1084712
2021-05-27/00:00:00,2.91,2.96,2.85,2.91,581124
2021-05-30/00:00:00,2.91,2.98,2.91,2.94,450628
2021-05-31/00:00:00,2.94,3.04,2.92,2.97,656304
2021-06-01/00:00:00,2.97,3.06,2.96,3.02,768129
2021-06-02/00:00:00,3.02,3.15,2.99,3.05,1226933
2021-06-03/00:00:00,3.05,3.04,2.96,2.99,507761
2021-06-06/00:00:00,2.99,3.05,2.97,3.01,739573
2021-06-07/00:00:00,3.01,3.03,2.95,2.98,507762
2021-06-08/00:00:00,2.98,3.27,2.93,3.16,2321861
2021-06-09/00:00:00,3.16,3.48,3.42,3.48,3600078
2021-06-10/00:00:00,3.56,3.62,3.35,3.49,4288718
2021-06-13/00:00:00,3.49,3.49,3.34,3.41,1538985
2021-06-14/00:00:00,3.41,3.48,3.29,3.39,1286507
2021-06-15/00:00:00,3.39,3.53,3.26,3.39,1671069
2021-06-16/00:00:00,3.39,3.37,3.28,3.32,502723
2021-06-17/00:00:00,3.32,3.41,3.33,3.37,459814
2021-06-20/00:00:00,3.37,3.41,3.29,3.34,949776
2021-06-21/00:00:00,3.34,3.38,3.29,3.33,831334
2021-06-22/00:00:00,3.33,3.39,3.27,3.33,885373
2021-06-23/00:00:00,3.33,3.49,3.35,3.41,878451
2021-06-24/00:00:00,3.41,3.41,3.25,3.28,912265
2021-06-27/00:00:00,3.28,3.34,3.15,3.19,1242371
2021-06-28/00:00:00,2.94,2.92,2.78,2.81,796641
2021-06-29/00:00:00,2.81,2.85,2.7,2.76,828633
2021-06-30/00:00:00,2.76,3.0,2.76,2.91,1000060
2021-07-04/00:00:00,2.91,2.95,2.85,2.88,343234
2021-07-05/00:00:00,2.88,2.92,2.77,2.84,840232
2021-07-06/00:00:00,2.84,2.79,2.69,2.73,789017
2021-07-07/00:00:00,2.73,2.8,2.7,2.77,376155
2021-07-08/00:00:00,2.77,2.8,2.7,2.71,264676
2021-07-11/00:00:00,2.71,2.76,2.7,2.72,216522
2021-07-12/00:00:00,2.72,2.74,2.7,2.7,187426
2021-07-13/00:00:00,2.7,2.75,2.7,2.72,340062
2021-07-14/00:00:00,2.72,2.78,2.71,2.74,286515
2021-07-15/00:00:00,2.74,2.74,2.69,2.71,357740
2021-07-18/00:00:00,2.71,2.78,2.64,2.71,1762834
2021-07-25/00:00:00,2.71,2.85,2.76,2.8,1164851
2021-07-26/00:00:00,2.8,2.86,2.72,2.8,1077717
2021-07-27/00:00:00,2.8,2.96,2.82,2.89,1008180
2021-07-28/00:00:00,2.89,2.92,2.85,2.87,518348
2021-07-29/00:00:00,2.87,3.05,2.91,3.0,2000320
2021-08-01/00:00:00,3.0,3.15,3.03,3.11,1551632
2021-08-02/00:00:00,3.11,3.27,3.1,3.23,3460012
2021-08-03/00:00:00,3.23,3.54,3.22,3.46,5958489
2021-08-04/00:00:00,3.46,3.71,3.45,3.57,6998148
2021-08-05/00:00:00,3.57,3.7,3.52,3.6,4183598
2021-08-08/00:00:00,3.6,3.62,3.39,3.5,2300575
2021-08-09/00:00:00,3.5,3.48,3.36,3.41,1392695
2021-08-10/00:00:00,3.41,3.44,3.34,3.39,1414296
2021-08-11/00:00:00,3.39,3.63,3.41,3.56,3110585
2021-08-15/00:00:00,3.56,3.83,3.59,3.76,5270011
2021-08-16/00:00:00,3.76,3.85,3.51,3.58,3567528
2021-08-17/00:00:00,3.58,3.59,3.49,3.52,457420
2021-08-18/00:00:00,3.52,3.58,3.49,3.53,462499
2021-08-19/00:00:00,3.53,3.59,3.49,3.54,1027085
2021-08-22/00:00:00,3.54,3.59,3.49,3.52,175415
2021-08-23/00:00:00,3.52,3.57,3.49,3.52,234896
2021-08-24/00:00:00,3.52,3.63,3.47,3.55,670736
2021-08-25/00:00:00,3.55,3.62,3.51,3.55,533285
2021-08-26/00:00:00,3.55,3.71,3.53,3.64,3528233
2021-08-29/00:00:00,3.64,3.83,3.66,3.78,2192649
2021-08-30/00:00:00,3.78,3.83,3.71,3.78,1351289
2021-08-31/00:00:00,3.78,3.78,3.72,3.77,791420
2021-09-01/00:00:00,3.77,3.89,3.67,3.78,1126884
2021-09-02/00:00:00,3.78,3.94,3.82,3.87,486323
2021-09-05/00:00:00,3.87,3.94,3.64,3.67,524513
2021-09-06/00:00:00,3.67,3.66,3.47,3.49,515628
2021-09-07/00:00:00,3.49,3.59,3.45,3.55,269308
2021-09-08/00:00:00,3.55,3.59,3.55,3.55,198771
2021-09-09/00:00:00,3.55,3.58,3.45,3.46,132816
2021-09-12/00:00:00,3.46,3.55,3.43,3.5,97141
2021-09-13/00:00:00,3.5,3.55,3.46,3.52,245421
2021-09-14/00:00:00,3.52,3.51,3.46,3.47,262122
2021-09-15/00:00:00,3.47,3.54,3.43,3.44,234030
2021-09-16/00:00:00,3.44,3.52,3.4,3.41,165485
2021-09-19/00:00:00,3.41,3.45,3.26,3.27,291262
2021-09-20/00:00:00,3.27,3.29,3.08,3.15,342934
2021-09-21/00:00:00,3.15,3.15,3.0,3.15,510465
2021-09-22/00:00:00,3.15,3.23,3.11,3.15,501206
2021-09-23/00:00:00,3.15,3.23,3.1,3.11,716452
2021-09-26/00:00:00,3.11,3.3,3.15,3.21,412854
2021-09-27/00:00:00,3.21,3.25,3.08,3.13,238011
2021-09-28/00:00:00,3.13,3.15,2.97,3.0,860044
2021-09-29/00:00:00,3.0,3.03,2.92,2.99,457760
2021-09-30/00:00:00,2.99,3.04,2.97,3.0,152964
2021-10-03/00:00:00,3.0,3.14,2.99,3.0,192065
2021-10-04/00:00:00,3.0,3.04,2.88,2.92,350380
2021-10-05/00:00:00,2.92,3.03,2.92,2.96,169118
2021-10-06/00:00:00,2.96,3.08,2.96,2.98,1406891
2021-10-10/00:00:00,2.98,3.07,2.98,3.0,139212
2021-10-11/00:00:00,3.0,3.0,2.97,3.0,219134
2021-10-12/00:00:00,3.0,3.01,2.89,2.9,1868677
2021-10-13/00:00:00,2.9,2.95,2.79,2.81,869590
2021-10-14/00:00:00,2.81,2.91,2.81,2.85,547856
2021-10-17/00:00:00,2.85,2.96,2.9,2.93,492323
2021-10-18/00:00:00,2.93,3.1,2.93,3.02,991486
2021-10-19/00:00:00,3.03,3.08,2.89,2.92,547030
2021-10-20/00:00:00,2.92,2.94,2.79,2.88,272152
2021-10-24/00:00:00,2.88,3.02,2.92,3.0,316338
2021-10-25/00:00:00,3.0,3.08,2.92,3.0,405542
2021-10-26/00:00:00,3.0,3.08,2.92,2.98,530169
2021-10-27/00:00:00,2.98,3.04,2.88,2.92,934880
2021-10-28/00:00:00,2.92,2.98,2.9,2.93,175117
2021-10-31/00:00:00,2.93,2.9,2.7,2.71,1858172
2021-11-01/00:00:00,2.71,2.74,2.61,2.62,1724126
2021-11-02/00:00:00,2.62,2.72,2.6,2.62,662070
2021-11-03/00:00:00,2.62,2.69,2.57,2.58,513632
2021-11-04/00:00:00,2.58,2.63,2.53,2.59,290442
2021-11-07/00:00:00,2.59,2.64,2.08,2.53,206200
2021-11-08/00:00:00,2.53,2.84,2.52,2.74,772974
2021-11-09/00:00:00,2.74,2.83,2.66,2.69,413016
2021-11-10/00:00:00,2.69,2.6,2.37,2.6,156933
2021-11-11/00:00:00,2.6,2.72,2.63,2.64,200944
2021-11-14/00:00:00,2.64,2.72,2.6,2.64,102490
2021-11-15/00:00:00,2.64,2.68,2.52,2.54,700434
2021-11-16/00:00:00,2.54,2.61,2.5,2.52,148825
2021-11-17/00:00:00,2.52,2.59,2.49,2.52,343598
2021-11-18/00:00:00,2.52,2.62,2.51,2.52,94829
2021-11-21/00:00:00,2.52,2.65,2.51,2.53,190596
2021-11-22/00:00:00,2.53,2.54,2.42,2.52,168394
2021-11-23/00:00:00,2.52,2.56,2.5,2.52,92247
2021-11-24/00:00:00,2.52,2.53,2.46,2.52,84767
2021-11-25/00:00:00,2.52,2.6,2.52,2.57,289656
2021-11-28/00:00:00,2.57,2.52,2.44,2.49,223495
2021-11-29/00:00:00,2.49,2.55,2.48,2.52,191592
2021-11-30/00:00:00,2.52,2.56,2.51,2.56,145659
2021-12-01/00:00:00,2.56,2.67,2.54,2.61,214117
2021-12-02/00:00:00,2.61,2.82,2.61,2.7,1230340
2021-12-05/00:00:00,2.7,2.77,2.65,2.72,312125
2021-12-06/00:00:00,2.72,2.78,2.7,2.71,353207
2021-12-07/00:00:00,2.71,2.77,2.68,2.69,440280
2021-12-08/00:00:00,2.69,2.74,2.68,2.7,113436
2021-12-09/00:00:00,2.7,2.89,2.72,2.81,1362535
2021-12-12/00:00:00,2.81,2.92,2.8,2.82,784233
2021-12-13/00:00:00,2.82,2.87,2.76,2.76,301586
2021-12-14/00:00:00,2.76,2.8,2.73,2.74,379181
2021-12-15/00:00:00,2.74,2.85,2.7,2.81,757310
2021-12-16/00:00:00,2.81,2.92,2.84,2.86,831937
2021-12-19/00:00:00,2.86,2.95,2.85,2.86,654615
2021-12-20/00:00:00,2.86,2.84,2.8,2.8,210875
2021-12-21/00:00:00,2.8,2.89,2.84,2.88,322637
2021-12-22/00:00:00,2.88,3.01,2.88,2.96,1372946
2021-12-23/00:00:00,2.96,3.04,2.93,2.97,769306
2021-12-26/00:00:00,2.97,3.02,2.94,3.0,590807
2021-12-27/00:00:00,3.0,3.04,2.95,2.96,447462
2021-12-28/00:00:00,2.96,3.16,2.96,3.11,3507927
2021-12-29/00:00:00,3.11,3.17,3.08,3.08,1028114
2021-12-30/00:00:00,3.08,3.12,3.04,3.1,771054
2022-01-02/00:00:00,3.1,3.15,3.06,3.11,246981
2022-01-03/00:00:00,3.11,3.13,3.08,3.08,206171
2022-01-04/00:00:00,3.08,3.12,3.06,3.1,616923
2022-01-05/00:00:00,3.1,3.13,3.07,3.08,598715
2022-01-09/00:00:00,3.08,3.11,3.06,3.07,143264
2022-01-10/00:00:00,3.07,3.1,3.05,3.08,441250
2022-01-11/00:00:00,3.08,3.09,3.0,3.02,423425
2022-01-12/00:00:00,3.02,3.2,3.06,3.14,1242901
2022-01-13/00:00:00,3.14,3.19,3.08,3.12,815026
2022-01-16/00:00:00,3.12,3.15,3.05,3.06,244010
2022-01-17/00:00:00,3.06,3.15,3.04,3.08,818995
2022-01-18/00:00:00,3.08,3.13,3.08,3.09,226220
2022-01-19/00:00:00,3.09,3.1,3.04,3.06,343188
2022-01-20/00:00:00,3.06,3.11,3.04,3.09,708960
2022-01-23/00:00:00,3.09,3.15,3.02,3.09,1520298
2022-01-24/00:00:00,3.09,3.15,2.93,2.99,992617
2022-01-25/00:00:00,2.99,3.01,2.95,2.98,464647
2022-01-26/00:00:00,2.98,3.06,2.92,2.93,630002
2022-01-30/00:00:00,2.93,3.0,2.89,2.91,163945
2022-01-31/00:00:00,2.91,3.01,2.85,2.96,125532
2022-02-01/00:00:00,2.96,3.04,2.95,3.01,146492
2022-02-02/00:00:00,3.01,3.04,2.99,2.99,160695
2022-02-03/00:00:00,2.99,3.06,2.97,3.0,226236
2022-02-06/00:00:00,3.0,3.08,3.0,3.04,182865
2022-02-07/00:00:00,3.04,3.11,2.99,3.0,304835
2022-02-08/00:00:00,3.0,3.05,2.97,3.0,82307
2022-02-09/00:00:00,3.0,3.04,2.96,3.0,58812
2022-02-10/00:00:00,3.0,3.05,2.93,2.96,173550
2022-02-13/00:00:00,2.96,2.92,2.8,2.81,298917
2022-02-14/00:00:00,2.81,2.84,2.74,2.78,491869
2022-02-15/00:00:00,2.78,2.86,2.78,2.79,215915
2022-02-16/00:00:00,2.79,2.88,2.77,2.78,302435
2022-02-17/00:00:00,2.78,2.84,2.76,2.81,169591
2022-02-20/00:00:00,2.81,2.82,2.7,2.72,119116
2022-02-21/00:00:00,2.72,2.78,2.68,2.75,295773
2022-02-22/00:00:00,2.75,2.74,2.65,2.68,440326
2022-02-23/00:00:00,2.68,2.73,2.64,2.68,142904
2022-02-24/00:00:00,2.68,2.65,2.52,2.57,1077477
2022-02-27/00:00:00,2.57,2.67,2.6,2.62,396323
2022-02-28/00:00:00,2.62,2.67,2.61,2.62,250716
2022-03-01/00:00:00,2.62,2.68,2.63,2.66,127962
2022-03-02/00:00:00,2.66,2.68,2.63,2.67,170026
2022-03-03/00:00:00,2.67,2.94,2.72,2.85,1800103
2022-03-06/00:00:00,2.85,2.91,2.81,2.84,585292
2022-03-07/00:00:00,2.84,2.96,2.78,2.79,622412
2022-03-08/00:00:00,2.79,2.8,2.73,2.73,492004
2022-03-09/00:00:00,2.73,2.84,2.73,2.78,243758
2022-03-10/00:00:00,2.78,2.88,2.76,2.8,193808
2022-03-13/00:00:00,2.8,3.0,2.88,2.9,779082
2022-03-14/00:00:00,2.9,2.94,2.84,2.87,214341
2022-03-15/00:00:00,2.87,2.87,2.74,2.81,943205
2022-03-16/00:00:00,2.81,3.05,2.91,3.0,2698840
2022-03-17/00:00:00,3.0,3.07,2.95,3.04,893166
2022-03-20/00:00:00,3.04,3.41,3.07,3.38,6348068
2022-03-21/00:00:00,3.38,3.47,3.27,3.36,3684324
2022-03-22/00:00:00,3.36,3.51,3.3,3.34,3710555
2022-03-23/00:00:00,3.34,3.39,3.3,3.32,1072786
2022-03-24/00:00:00,3.32,3.59,3.37,3.44,5044031
2022-03-27/00:00:00,3.44,3.49,3.38,3.41,1190236
2022-03-28/00:00:00,3.41,3.45,3.08,3.12,2698083
2022-03-29/00:00:00,3.12,3.21,3.07,3.19,3957248
2022-03-30/00:00:00,3.19,3.26,3.01,3.07,4511527
2022-03-31/00:00:00,3.07,3.04,2.9,2.93,6662461
2022-04-03/00:00:00,2.93,3.06,2.95,3.0,2953846
2022-04-04/00:00:00,3.0,3.05,2.94,2.96,792358
2022-04-05/00:00:00,2.96,2.99,2.85,2.89,1944789
2022-04-06/00:00:00,2.89,2.97,2.88,2.96,8846488
2022-04-07/00:00:00,2.96,3.1,2.96,3.06,7688423
2022-04-10/00:00:00,3.06,3.22,3.05,3.14,7438378
2022-04-11/00:00:00,3.14,3.18,2.93,2.95,3162984
2022-04-12/00:00:00,2.95,3.06,2.92,3.03,1726164
2022-04-13/00:00:00,3.03,3.11,2.97,3.0,2056361
2022-04-14/00:00:00,3.0,2.96,2.81,2.85,1690616
2022-04-17/00:00:00,2.85,2.92,2.62,2.65,4783833
2022-04-18/00:00:00,2.65,2.75,2.62,2.71,2661099
2022-04-19/00:00:00,2.71,2.8,2.71,2.74,2765081
2022-04-20/00:00:00,2.74,2.88,2.7,2.84,5890722
2022-04-21/00:00:00,2.84,2.92,2.83,2.89,4322885
2022-04-26/00:00:00,2.89,2.93,2.84,2.89,3681014
2022-04-27/00:00:00,2.89,2.93,2.85,2.9,3549078
2022-04-28/00:00:00,2.9,3.05,2.92,3.02,5782552
2022-05-08/00:00:00,3.02,3.23,3.03,3.19,7105659
2022-05-09/00:00:00,3.19,3.34,3.14,3.15,8564057
2022-05-10/00:00:00,3.15,3.18,3.05,3.08,4091432
2022-05-11/00:00:00,3.08,3.39,3.09,3.38,10513488
2022-05-12/00:00:00,3.38,3.42,3.17,3.23,14044608
2022-05-15/00:00:00,3.23,3.33,3.17,3.19,6512107
2022-05-16/00:00:00,3.19,3.23,3.09,3.19,3349252
2022-05-17/00:00:00,3.19,3.29,3.2,3.23,4510000
2022-05-18/00:00:00,3.23,3.26,3.18,3.19,1796273
2022-05-19/00:00:00,3.19,3.21,3.08,3.14,3152541
2022-05-22/00:00:00,3.14,3.21,3.09,3.11,2011792
2022-05-23/00:00:00,3.11,3.16,3.11,3.12,2127583
2022-05-24/00:00:00,3.12,3.15,3.01,3.02,1706306
2022-05-25/00:00:00,3.02,3.06,2.91,2.93,2041037
2022-05-26/00:00:00,2.93,2.95,2.72,2.81,1542236
2022-05-29/00:00:00,2.81,2.84,2.68,2.78,1061925
2022-05-30/00:00:00,2.78,2.91,2.76,2.85,1696792
2022-05-31/00:00:00,2.85,2.94,2.85,2.85,1055164
2022-06-01/00:00:00,2.85,2.91,2.76,2.78,939695
2022-06-02/00:00:00,2.78,2.85,2.72,2.81,1857460
2022-06-05/00:00:00,2.81,2.87,2.81,2.85,401641
2022-06-06/00:00:00,2.85,2.91,2.85,2.86,751493
2022-06-07/00:00:00,2.86,2.98,2.88,2.95,1479160
2022-06-08/00:00:00,2.95,3.03,2.96,3.0,2830963
2022-06-09/00:00:00,3.0,3.04,2.96,3.0,1082934
2022-06-12/00:00:00,3.0,3.0,2.89,2.93,1029436
2022-06-13/00:00:00,2.93,2.96,2.85,2.86,853199
2022-06-14/00:00:00,2.86,2.92,2.84,2.89,361018
2022-06-15/00:00:00,2.89,2.95,2.88,2.89,856950
2022-06-16/00:00:00,2.89,2.92,2.85,2.86,666201
2022-06-19/00:00:00,2.86,2.88,2.78,2.8,806272
2022-06-20/00:00:00,2.8,2.83,2.72,2.77,666385
2022-06-21/00:00:00,2.77,2.91,2.81,2.86,903970
2022-06-22/00:00:00,2.86,2.87,2.8,2.83,667673
2022-06-23/00:00:00,2.83,2.99,2.76,2.91,1777464
2022-06-26/00:00:00,2.91,2.97,2.86,2.87,1114450
2022-06-27/00:00:00,2.87,2.89,2.78,2.79,787645
2022-06-28/00:00:00,2.79,2.85,2.73,2.82,1316857
2022-06-29/00:00:00,2.82,2.89,2.8,2.83,820558
2022-07-03/00:00:00,2.83,2.89,2.76,2.78,283055
2022-07-04/00:00:00,2.78,2.79,2.52,2.57,1834483
2022-07-05/00:00:00,2.57,2.68,2.59,2.6,1292375
2022-07-06/00:00:00,2.6,2.65,2.57,2.64,462911
2022-07-07/00:00:00,2.64,2.7,2.63,2.65,722284
2022-07-17/00:00:00,2.65,2.63,2.6,2.61,536860
2022-07-18/00:00:00,2.61,2.68,2.6,2.66,524253
2022-07-19/00:00:00,2.66,2.72,2.66,2.71,557474
2022-07-20/00:00:00,2.71,2.77,2.7,2.72,1258654
2022-07-21/00:00:00,2.72,2.85,2.74,2.81,2327961
2022-07-24/00:00:00,2.81,2.85,2.78,2.79,833108
2022-07-25/00:00:00,2.79,2.84,2.77,2.78,641981
2022-07-26/00:00:00,2.78,2.91,2.77,2.86,2347105
2022-07-27/00:00:00,2.86,2.89,2.8,2.81,919238
2022-07-28/00:00:00,2.81,2.88,2.79,2.82,981209
2022-07-31/00:00:00,2.82,2.9,2.83,2.85,882608
2022-08-01/00:00:00,2.85,2.91,2.8,2.81,1652116
2022-08-02/00:00:00,2.81,2.82,2.78,2.81,570271
2022-08-03/00:00:00,2.81,2.89,2.81,2.84,2421068
2022-08-04/00:00:00,2.84,2.93,2.85,2.9,1508640
2022-08-07/00:00:00,2.9,2.96,2.88,2.94,1904158
2022-08-08/00:00:00,2.94,3.01,2.92,2.93,1359829
2022-08-09/00:00:00,2.93,3.0,2.89,2.9,2040366
2022-08-10/00:00:00,2.9,2.99,2.9,2.92,852496
2022-08-11/00:00:00,2.92,2.95,2.87,2.89,1162277
2022-08-14/00:00:00,2.89,2.97,2.91,2.93,1113422
2022-08-15/00:00:00,2.93,2.97,2.89,2.93,1143212
2022-08-16/00:00:00,2.93,2.98,2.91,2.91,1184044
2022-08-17/00:00:00,2.91,2.96,2.9,2.93,547835
2022-08-18/00:00:00,2.93,3.02,2.93,2.95,1719281
2022-08-21/00:00:00,2.95,3.14,2.97,3.08,4943177
2022-08-22/00:00:00,3.08,3.15,3.01,3.04,2186107
2022-08-23/00:00:00,3.04,3.26,3.04,3.11,7461082
2022-08-24/00:00:00,3.11,3.17,3.02,3.03,1972998
2022-08-25/00:00:00,3.03,3.15,3.04,3.08,2922359
2022-08-28/00:00:00,3.08,3.15,3.04,3.06,2386427
2022-08-29/00:00:00,3.06,3.1,2.96,3.0,1736165
2022-08-30/00:00:00,3.0,3.04,2.96,3.01,1021355
2022-08-31/00:00:00,3.01,3.06,2.97,2.98,1010680
2022-09-01/00:00:00,2.98,3.02,2.93,2.93,757479
2022-09-04/00:00:00,2.93,2.97,2.89,2.96,555387
2022-09-05/00:00:00,2.96,3.12,3.0,3.04,1675838
2022-09-06/00:00:00,3.04,3.11,3.04,3.07,1068464
2022-09-07/00:00:00,3.07,3.09,3.0,3.02,1292716
2022-09-08/00:00:00,3.02,3.11,3.0,3.07,2220767
2022-09-11/00:00:00,3.07,3.29,3.11,3.18,7685934
2022-09-12/00:00:00,3.18,3.23,3.14,3.16,1731989
2022-09-13/00:00:00,3.16,3.2,3.1,3.11,1399618
2022-09-14/00:00:00,3.11,3.08,2.97,3.0,2147884
2022-09-15/00:00:00,3.0,3.04,2.92,2.93,2072622
2022-09-18/00:00:00,2.93,2.96,2.7,2.74,1632639
2022-09-19/00:00:00,2.74,2.83,2.7,2.81,502494
2022-09-20/00:00:00,2.81,2.86,2.76,2.84,1475523
2022-09-21/00:00:00,2.84,2.89,2.79,2.81,622198
2022-09-22/00:00:00,2.81,2.84,2.73,2.81,523621
2022-09-25/00:00:00,2.81,2.84,2.76,2.81,681069
2022-09-26/00:00:00,2.81,3.14,2.8,3.09,4537191
2022-09-27/00:00:00,3.09,3.21,3.02,3.09,4737039
2022-09-28/00:00:00,3.09,3.11,2.94,2.96,3056655
2022-09-29/00:00:00,2.96,3.01,2.94,2.95,1409548
2022-10-02/00:00:00,2.95,2.99,2.88,2.94,1005046
2022-10-03/00:00:00,2.94,2.98,2.89,2.92,759200
2022-10-04/00:00:00,2.92,3.04,2.96,3.0,1146948
2022-10-05/00:00:00,3.0,3.07,2.99,3.0,1171296
2022-10-09/00:00:00,3.0,3.05,2.96,3.0,398912
2022-10-10/00:00:00,3.0,3.06,2.96,3.03,1056415
2022-10-11/00:00:00,3.03,3.18,3.02,3.11,4631122
2022-10-12/00:00:00,3.11,3.15,3.01,3.03,1064282
2022-10-13/00:00:00,3.03,3.08,3.0,3.03,836794
2022-10-16/00:00:00,3.03,3.21,3.04,3.13,2931915
2022-10-17/00:00:00,3.13,3.19,3.13,3.16,1230207
2022-10-18/00:00:00,3.16,3.33,3.17,3.25,6481537
2022-10-19/00:00:00,3.25,3.52,3.26,3.46,13752788
2022-10-20/00:00:00,3.46,3.52,3.37,3.37,6338270
2022-10-23/00:00:00,3.37,3.44,3.28,3.31,6088514
2022-10-24/00:00:00,3.31,3.41,3.3,3.33,3093638
2022-10-25/00:00:00,3.33,3.42,3.3,3.37,3025222
2022-10-26/00:00:00,3.37,3.43,3.31,3.33,2630945
2022-10-27/00:00:00,3.33,3.51,3.35,3.41,6517488
2022-10-30/00:00:00,3.41,3.54,3.39,3.42,4195113
2022-10-31/00:00:00,3.42,3.6,3.38,3.55,4791284
2022-11-01/00:00:00,3.55,3.67,3.54,3.62,6722215
2022-11-02/00:00:00,3.62,3.69,3.49,3.56,4248837
2022-11-03/00:00:00,3.56,3.75,3.51,3.67,7798944
2022-11-06/00:00:00,3.67,3.72,3.59,3.62,2464641
2022-11-07/00:00:00,3.62,3.67,3.52,3.58,3855093
2022-11-08/00:00:00,3.58,3.62,3.45,3.47,3176475
2022-11-09/00:00:00,3.47,3.51,3.36,3.4,2299086
2022-11-10/00:00:00,3.4,3.6,3.39,3.55,5631986
2022-11-13/00:00:00,3.55,3.62,3.53,3.57,2700234
2022-11-14/00:00:00,3.57,3.61,3.52,3.56,2111438
2022-11-15/00:00:00,3.56,3.67,3.55,3.56,2490245
2022-11-16/00:00:00,3.56,3.68,3.57,3.63,3918679
2022-11-17/00:00:00,3.63,3.67,3.57,3.59,1984877
2022-11-20/00:00:00,3.59,3.67,3.59,3.63,2647295
2022-11-21/00:00:00,3.63,3.64,3.52,3.54,1525149
2022-11-22/00:00:00,3.54,3.86,3.7,3.71,7552317
2022-11-23/00:00:00,3.71,4.08,3.75,4.08,17928731
2022-11-24/00:00:00,4.08,4.46,4.04,4.38,16624354
2022-11-27/00:00:00,4.38,5.12,4.45,4.87,19901430
2022-11-28/00:00:00,4.87,5.01,4.74,4.81,17430605
2022-11-29/00:00:00,4.81,5.05,4.74,4.83,21548403
2022-11-30/00:00:00,4.83,4.89,4.39,4.49,29831233
2022-12-01/00:00:00,4.49,4.62,4.31,4.55,19693151
2022-12-04/00:00:00,4.55,4.85,4.61,4.8,19063090
2022-12-05/00:00:00,4.8,4.97,4.61,4.71,13147224
2022-12-06/00:00:00,4.71,4.94,4.61,4.85,13200565
2022-12-07/00:00:00,4.85,4.93,4.73,4.76,7531713
2022-12-08/00:00:00,4.76,4.98,4.72,4.9,14552395
2022-12-11/00:00:00,4.9,5.28,4.9,4.96,17613772
2022-12-12/00:00:00,4.96,5.01,4.79,4.94,11142582
2022-12-13/00:00:00,4.94,5.2,4.97,5.07,8522865
2022-12-14/00:00:00,5.07,5.24,4.99,5.01,10792832
2022-12-15/00:00:00,5.01,5.13,4.73,4.79,13163062
2022-12-18/00:00:00,4.79,4.83,4.63,4.63,9329440
2022-12-19/00:00:00,4.63,4.75,4.58,4.69,6129899
2022-12-20/00:00:00,4.69,4.85,4.61,4.61,7767401
2022-12-21/00:00:00,4.61,4.78,4.57,4.75,6386143
2022-12-22/00:00:00,4.75,4.85,4.64,4.66,5112572
2022-12-25/00:00:00,4.66,4.68,4.49,4.53,3144040
2022-12-26/00:00:00,4.53,4.68,4.57,4.64,3508743
2022-12-27/00:00:00,4.64,4.74,4.62,4.63,4219086
2022-12-28/00:00:00,4.63,4.72,4.63,4.65,3535614
2022-12-29/00:00:00,4.65,4.71,4.63,4.65,2577125
2023-01-02/00:00:00,4.65,4.8,4.68,4.79,3976917
2023-01-03/00:00:00,4.79,4.97,4.81,4.87,6878967
2023-01-04/00:00:00,4.87,5.08,4.65,5.05,12056950
2023-01-05/00:00:00,5.05,5.28,5.06,5.2,16746646
2023-01-09/00:00:00,5.2,5.63,5.35,5.48,16952441
2023-01-10/00:00:00,5.48,5.62,5.36,5.4,10484968
2023-01-11/00:00:00,5.4,5.81,5.42,5.46,13658227
2023-01-12/00:00:00,5.46,5.72,5.39,5.69,12591412
2023-01-15/00:00:00,5.69,6.21,5.79,6.1,18261712
2023-01-16/00:00:00,6.1,6.37,6.06,6.1,14073376
2023-01-17/00:00:00,6.1,6.25,5.98,6.02,8828468
2023-01-18/00:00:00,6.02,6.13,5.73,5.77,11413816
2023-01-19/00:00:00,5.77,5.91,5.73,5.77,8499089
2023-01-22/00:00:00,5.77,6.02,5.84,5.86,9669979
2023-01-23/00:00:00,5.86,5.97,5.81,5.84,5888394
2023-01-24/00:00:00,5.84,5.97,5.8,5.82,5455005
2023-01-25/00:00:00,5.82,5.98,5.84,5.87,5737636
2023-01-29/00:00:00,5.87,5.95,5.84,5.86,3304306
2023-01-30/00:00:00,5.86,5.92,5.54,5.58,6347608
2023-01-31/00:00:00,5.58,5.63,5.38,5.4,3326859
2023-02-01/00:00:00,5.4,5.52,5.3,5.43,2399179
2023-02-02/00:00:00,5.43,5.55,5.29,5.31,1555716
2023-02-05/00:00:00,5.31,5.4,4.84,4.94,6528367
2023-02-06/00:00:00,4.94,5.17,4.94,5.05,4659449
2023-02-07/00:00:00,5.05,5.24,5.1,5.14,3817873
2023-02-08/00:00:00,5.14,5.28,5.01,5.15,4126016
2023-02-09/00:00:00,5.15,5.41,5.16,5.35,7035564
2023-02-12/00:00:00,5.35,5.48,5.35,5.35,3950900
2023-02-13/00:00:00,5.35,5.63,5.35,5.49,5792668
2023-02-14/00:00:00,5.49,5.61,5.42,5.48,4028170
2023-02-15/00:00:00,5.48,5.66,5.49,5.61,6772402
2023-02-16/00:00:00,5.61,5.75,5.63,5.65,9783662
2023-02-19/00:00:00,5.65,5.75,5.53,5.54,3894007
2023-02-20/00:00:00,5.54,5.62,5.25,5.28,4329063
2023-02-21/00:00:00,5.28,5.4,5.16,5.35,3698387
2023-02-22/00:00:00,5.35,5.51,5.25,5.25,4449845
2023-02-23/00:00:00,5.25,5.37,5.16,5.35,3330680
2023-02-26/00:00:00,5.35,5.46,5.33,5.37,2850954
2023-02-27/00:00:00,5.37,5.5,5.37,5.39,3383654
2023-02-28/00:00:00,5.39,5.43,5.31,5.35,1904120
2023-03-01/00:00:00,5.35,5.44,5.34,5.36,1706166
2023-03-02/00:00:00,5.36,5.5,5.37,5.4,3757962
2023-03-05/00:00:00,5.4,5.44,5.28,5.32,2063992
2023-03-06/00:00:00,5.32,5.44,5.26,5.27,2522753
2023-03-07/00:00:00,5.27,5.3,5.09,5.12,2370581
2023-03-08/00:00:00,5.12,5.16,4.89,4.99,3316759
2023-03-09/00:00:00,4.99,5.27,4.98,5.24,5553428
2023-03-12/00:00:00,5.24,5.27,4.97,5.01,3618889
2023-03-13/00:00:00,5.01,5.09,4.49,4.57,4312552
2023-03-14/00:00:00,4.57,4.6,4.22,4.57,3349359
2023-03-15/00:00:00,4.57,4.78,3.8,4.11,5455826
2023-03-16/00:00:00,4.11,4.26,3.83,4.2,3042751
2023-03-19/00:00:00,4.2,4.26,3.97,4.19,2683678
2023-03-20/00:00:00,4.19,4.57,4.19,4.47,3903942
2023-03-21/00:00:00,4.47,4.77,4.6,4.71,4207818
2023-03-22/00:00:00,4.71,4.81,4.59,4.61,4008528
2023-03-23/00:00:00,4.61,4.72,4.57,4.69,1405959
2023-03-26/00:00:00,4.69,5.09,4.78,5.06,5894761
2023-03-27/00:00:00,5.06,5.23,4.87,4.98,5723335
2023-03-28/00:00:00,4.98,5.24,4.86,5.16,4250846
2023-03-29/00:00:00,5.16,5.51,5.17,5.36,8209215
2023-03-30/00:00:00,5.36,5.48,5.16,5.24,6191774
2023-04-02/00:00:00,5.24,5.36,5.24,5.33,2085149
2023-04-03/00:00:00,5.33,5.62,5.36,5.62,8722134
2023-04-04/00:00:00,5.62,5.72,5.52,5.63,6325525
2023-04-05/00:00:00,5.63,5.64,5.42,5.44,4865826
2023-04-06/00:00:00,5.44,5.49,5.28,5.34,4172336
2023-04-09/00:00:00,5.34,5.36,5.22,5.25,2441537
2023-04-10/00:00:00,5.25,5.33,5.22,5.28,1704769
2023-04-11/00:00:00,5.28,5.61,5.32,5.56,7785701
2023-04-12/00:00:00,5.56,5.68,5.5,5.53,10066065
2023-04-13/00:00:00,5.53,5.66,5.53,5.64,7167535
2023-04-18/00:00:00,5.64,6.08,5.64,5.93,14620847
2023-04-19/00:00:00,5.93,6.16,5.95,6.05,7920808
2023-04-26/00:00:00,6.05,6.22,5.99,6.1,7906353
2023-04-27/00:00:00,6.1,6.29,6.12,6.28,9571585
2023-04-30/00:00:00,6.28,6.64,6.32,6.36,19846874
2023-05-01/00:00:00,6.36,6.47,6.16,6.21,13322519
2023-05-02/00:00:00,6.21,6.28,6.02,6.1,9316254
2023-05-03/00:00:00,6.1,6.21,5.88,5.96,10221695
2023-05-07/00:00:00,5.96,6.03,5.86,5.96,6295237
2023-05-08/00:00:00,5.96,6.25,6.0,6.25,10189763
2023-05-09/00:00:00,6.25,6.43,6.08,6.09,14971655
2023-05-10/00:00:00,6.09,6.27,5.97,6.22,10464459
2023-05-11/00:00:00,6.22,6.28,6.1,6.12,5119876
2023-05-14/00:00:00,6.12,6.28,6.02,6.27,6509549
2023-05-15/00:00:00,6.27,6.39,6.11,6.13,8248911
2023-05-16/00:00:00,6.13,6.25,4.93,6.25,5166035
2023-05-17/00:00:00,6.25,6.4,6.1,6.15,11868873
2023-05-18/00:00:00,6.15,6.23,6.04,6.23,6494885
2023-05-21/00:00:00,6.23,6.29,6.14,6.15,7259999
2023-05-22/00:00:00,6.15,6.21,6.05,6.06,4914573
2023-05-23/00:00:00,6.06,6.07,5.93,6.07,5056760
2023-05-24/00:00:00,6.07,6.15,6.05,6.14,5031208
2023-05-25/00:00:00,6.14,6.18,6.04,6.06,4155530
2023-05-28/00:00:00,6.06,6.11,6.04,6.05,2777563
2023-05-29/00:00:00,6.05,6.12,6.03,6.1,3297780
2023-05-30/00:00:00,6.1,6.34,6.08,6.21,9358149
2023-05-31/00:00:00,6.21,6.31,6.13,6.13,4883072
2023-06-01/00:00:00,6.13,6.21,6.08,6.13,2761623
2023-06-04/00:00:00,6.13,6.2,6.1,6.11,2799726
2023-06-05/00:00:00,6.11,6.26,6.1,6.11,3140198
2023-06-06/00:00:00,6.11,6.86,6.2,6.84,28920868
2023-06-07/00:00:00,6.84,6.95,6.51,6.58,15143590
2023-06-08/00:00:00,6.58,6.83,6.58,6.67,8978464
2023-06-11/00:00:00,6.67,7.19,6.73,6.83,15046526
2023-06-12/00:00:00,6.83,6.96,6.76,6.88,4863237
2023-06-13/00:00:00,6.88,7.12,6.89,6.91,12405816
2023-06-14/00:00:00,6.91,7.0,6.8,6.81,4145766
2023-06-15/00:00:00,6.81,6.89,6.69,6.72,3320335
2023-06-18/00:00:00,6.72,7.0,6.65,6.98,5329746
2023-06-19/00:00:00,6.98,7.06,6.75,6.79,3774319
2023-06-20/00:00:00,6.79,6.94,6.76,6.76,3264443
2023-06-21/00:00:00,6.76,6.8,6.58,6.63,3026677
2023-06-22/00:00:00,6.63,6.69,6.57,6.69,2102366
2023-06-25/00:00:00,6.69,6.97,6.8,6.9,10363687
2023-06-26/00:00:00,6.9,7.18,6.92,7.12,16390362
2023-07-04/00:00:00,7.12,7.3,7.12,7.21,8310767
2023-07-05/00:00:00,7.21,7.33,7.14,7.14,5831231
2023-07-06/00:00:00,7.14,7.25,6.9,6.96,4890601
2023-07-09/00:00:00,6.96,7.01,6.56,6.58,4001218
2023-07-10/00:00:00,6.58,6.82,6.41,6.79,3324288
2023-07-11/00:00:00,6.79,7.03,6.73,6.87,5280386
2023-07-12/00:00:00,6.87,6.94,6.78,6.8,2805681
2023-07-13/00:00:00,6.8,6.97,6.78,6.96,3727889
2023-07-16/00:00:00,6.96,7.14,6.95,6.96,6141255
2023-07-17/00:00:00,6.96,7.0,6.87,6.88,2115511
2023-07-18/00:00:00,6.88,7.18,6.9,7.18,6647686
2023-07-19/00:00:00,7.18,7.19,6.99,7.01,4118255
2023-07-24/00:00:00,7.01,7.09,6.94,7.01,1380207
2023-07-25/00:00:00,7.01,7.1,6.9,6.91,3883545
2023-07-26/00:00:00,6.91,6.97,6.84,6.89,1344087
2023-07-27/00:00:00,6.89,6.91,6.8,6.84,1412402
2023-07-30/00:00:00,6.84,6.97,6.82,6.92,2059002
2023-07-31/00:00:00,6.92,7.0,6.84,6.87,3345741
2023-08-01/00:00:00,6.87,6.95,6.67,6.69,4194210
2023-08-02/00:00:00,6.69,6.75,6.41,6.48,3818010
2023-08-03/00:00:00,6.48,6.62,6.43,6.51,3214772
2023-08-06/00:00:00,6.51,6.64,6.5,6.62,3347332
2023-08-07/00:00:00,6.62,6.7,6.59,6.6,3310188
2023-08-08/00:00:00,6.6,6.7,6.58,6.59,2251554
2023-08-09/00:00:00,6.59,6.66,6.53,6.54,2283421
2023-08-10/00:00:00,6.54,6.62,6.46,6.47,1717630
2023-08-13/00:00:00,6.47,6.62,6.48,6.62,3714296
2023-08-14/00:00:00,6.62,6.73,6.56,6.57,3739691
2023-08-15/00:00:00,6.57,6.62,6.51,6.51,2404604
2023-08-16/00:00:00,6.51,6.61,6.47,6.47,2439295
2023-08-17/00:00:00,6.47,6.54,6.41,6.43,1583310
2023-08-20/00:00:00,6.43,6.5,6.4,6.41,1118897
2023-08-21/00:00:00,6.41,6.69,6.41,6.62,6156239
2023-08-22/00:00:00,6.62,6.82,6.65,6.7,6124792
2023-08-23/00:00:00,6.7,6.78,6.55,6.56,2357752
2023-08-24/00:00:00,6.56,6.62,6.48,6.62,2016105
2023-08-27/00:00:00,6.62,6.75,6.62,6.66,2684822
2023-08-28/00:00:00,6.66,6.77,6.61,6.61,1948719
2023-08-29/00:00:00,6.61,6.67,6.58,6.59,934684
2023-08-30/00:00:00,6.59,6.69,6.58,6.59,1447622
2023-08-31/00:00:00,6.59,6.64,6.54,6.55,1042907
2023-09-03/00:00:00,6.55,6.62,6.43,6.43,1774606
2023-09-04/00:00:00,6.43,6.61,6.41,6.53,1927567
2023-09-05/00:00:00,6.53,6.61,6.44,6.46,2298706
2023-09-06/00:00:00,6.46,6.52,6.25,6.26,4182644
2023-09-07/00:00:00,6.26,6.36,6.27,6.31,1896285
2023-09-10/00:00:00,6.31,6.47,6.32,6.46,2282882
2023-09-11/00:00:00,6.46,6.54,6.36,6.36,1519900
2023-09-12/00:00:00,6.36,6.41,6.28,6.3,1227370
2023-09-13/00:00:00,6.3,6.47,6.31,6.43,1765206
2023-09-14/00:00:00,6.43,6.55,6.42,6.49,2976503
2023-09-17/00:00:00,6.49,6.54,6.45,6.51,1650706
2023-09-18/00:00:00,6.51,6.63,6.51,6.6,3042892
2023-09-19/00:00:00,6.6,6.67,6.53,6.54,3437316
2023-09-20/00:00:00,6.54,6.88,6.46,6.52,14511055
2023-09-21/00:00:00,6.52,6.62,6.43,6.61,3579070
2023-09-24/00:00:00,6.61,7.47,6.9,7.47,28342380
2023-09-25/00:00:00,7.47,7.44,7.12,7.18,14842331
2023-09-26/00:00:00,7.18,7.8,7.14,7.59,34500719
2023-09-27/00:00:00,7.59,7.98,7.65,7.91,28238638
2023-10-01/00:00:00,7.91,8.32,8.0,8.14,15843364
2023-10-02/00:00:00,8.14,8.22,7.58,7.81,12750383
2023-10-03/00:00:00,7.81,7.96,7.61,7.69,6893419
2023-10-04/00:00:00,7.69,7.79,7.61,7.73,5242198
2023-10-08/00:00:00,7.73,7.86,6.95,7.41,11520190
2023-10-09/00:00:00,7.41,7.49,7.33,7.44,3355687
2023-10-10/00:00:00,7.44,7.67,7.4,7.59,6854384
2023-10-11/00:00:00,7.59,7.71,7.51,7.54,6011727
2023-10-12/00:00:00,7.54,7.73,7.53,7.73,6590424
2023-10-15/00:00:00,7.73,8.12,7.8,8.05,14668367
2023-10-16/00:00:00,8.05,9.42,8.04,9.19,28992222
2023-10-17/00:00:00,9.19,9.62,8.8,9.54,30261740
2023-10-18/00:00:00,9.54,10.79,9.37,10.38,38572409
2023-10-19/00:00:00,10.38,11.19,10.45,10.64,29966122
2023-10-22/00:00:00,10.64,11.2,10.65,10.88,12499412
2023-10-23/00:00:00,10.88,11.64,11.13,11.47,16821325
2023-10-24/00:00:00,11.47,12.1,10.93,11.35,21700753
2023-10-25/00:00:00,11.35,11.82,11.18,11.28,14574564
2023-10-26/00:00:00,11.28,11.47,10.77,10.84,12889484
2023-10-29/00:00:00,10.84,10.92,10.36,10.4,10103845
2023-10-30/00:00:00,10.4,11.03,10.25,11.01,12097482
2023-10-31/00:00:00,11.01,11.19,9.71,9.71,17529873
2023-11-01/00:00:00,9.71,10.18,9.31,9.62,6224919
2023-11-02/00:00:00,9.62,9.91,9.7,9.79,3970015
2023-11-05/00:00:00,9.79,10.26,9.9,10.02,5396267
2023-11-06/00:00:00,10.02,10.18,9.82,9.88,3154189
2023-11-07/00:00:00,9.88,10.23,9.74,10.23,4606245
2023-11-08/00:00:00,10.23,10.72,10.33,10.57,13017356
2023-11-09/00:00:00,10.57,10.86,10.47,10.79,7482828
2023-11-12/00:00:00,10.79,10.81,10.49,10.53,3727005
2023-11-13/00:00:00,10.53,10.64,10.25,10.27,2478631
2023-11-14/00:00:00,10.27,10.55,10.26,10.28,3101004
2023-11-15/00:00:00,10.28,10.49,10.2,10.25,2165560
2023-11-16/00:00:00,10.25,10.46,10.27,10.35,2646277
2023-11-19/00:00:00,10.35,10.64,10.38,10.56,4867208
2023-11-20/00:00:00,10.56,10.72,10.29,10.35,4227176
2023-11-21/00:00:00,10.35,10.54,10.29,10.5,2946989
2023-11-22/00:00:00,10.5,10.61,10.43,10.43,2127574
2023-11-23/00:00:00,10.43,10.57,10.4,10.42,2103099
2023-11-26/00:00:00,10.42,10.49,10.27,10.31,2727600
2023-11-27/00:00:00,10.31,10.38,10.05,10.12,3296993
2023-11-28/00:00:00,10.12,10.37,9.86,10.13,3248165
2023-11-29/00:00:00,10.13,10.25,9.86,9.86,2518037
2023-11-30/00:00:00,9.86,10.2,9.86,9.94,2070613
2023-12-03/00:00:00,9.94,10.19,9.92,9.94,1310852
2023-12-04/00:00:00,9.94,10.15,9.99,10.01,1260739
2023-12-05/00:00:00,10.01,10.19,9.94,9.94,1490919
2023-12-06/00:00:00,9.94,10.05,9.7,9.71,2157873
2023-12-07/00:00:00,9.71,9.72,9.38,9.59,1912018
2023-12-10/00:00:00,9.59,9.68,9.23,9.24,1755823
2023-12-11/00:00:00,9.24,9.23,8.89,8.91,1938045
2023-12-12/00:00:00,8.91,9.15,8.7,8.97,1662656
2023-12-13/00:00:00,8.97,9.68,8.91,9.62,3940504
2023-12-14/00:00:00,9.62,9.83,9.48,9.5,2777342
2023-12-17/00:00:00,9.5,9.82,9.52,9.56,1318218
2023-12-18/00:00:00,9.56,9.96,9.6,9.86,3559906
2023-12-19/00:00:00,9.86,10.64,9.9,10.42,14366960
2023-12-20/00:00:00,10.42,10.5,10.01,10.06,5839672
2023-12-21/00:00:00,10.06,10.44,9.96,10.21,5168624
2023-12-24/00:00:00,10.21,10.54,10.05,10.12,4563927
2023-12-25/00:00:00,10.12,10.26,9.85,10.04,2012131
2023-12-26/00:00:00,10.04,10.26,9.94,10.05,1772651
2023-12-27/00:00:00,10.05,10.72,10.11,10.7,11976009
2023-12-28/00:00:00,10.7,10.95,10.45,10.49,7356292
2023-12-31/00:00:00,10.49,10.71,10.49,10.68,3720569
2024-01-02/00:00:00,10.68,10.82,10.62,10.71,2730669
2024-01-03/00:00:00,10.71,10.8,10.61,10.61,2550575
2024-01-04/00:00:00,10.61,10.68,10.45,10.46,2213991
2024-01-08/00:00:00,10.46,10.6,10.43,10.45,1380268
2024-01-09/00:00:00,10.45,10.69,10.42,10.52,1767818
2024-01-10/00:00:00,10.52,10.74,10.51,10.57,3356238
2024-01-11/00:00:00,10.57,10.64,10.49,10.61,1737341
2024-01-14/00:00:00,10.61,10.86,10.58,10.8,4186463
2024-01-15/00:00:00,10.8,11.0,10.72,10.72,3793184
2024-01-16/00:00:00,10.72,10.84,10.62,10.72,4007563
2024-01-17/00:00:00,10.72,10.93,10.57,10.57,3829546
2024-01-18/00:00:00,10.57,10.68,10.43,10.51,3160616
2024-01-21/00:00:00,10.51,12.61,10.5,12.61,36462577
2024-01-22/00:00:00,12.61,13.58,12.32,12.74,27091381
2024-01-23/00:00:00,12.74,12.89,12.28,12.31,7191060
2024-01-24/00:00:00,12.31,12.75,12.14,12.39,6643912
2024-01-28/00:00:00,12.39,13.56,12.7,13.13,11741296
2024-01-29/00:00:00,13.13,13.72,12.88,12.94,10994787
2024-01-30/00:00:00,12.94,13.35,12.24,12.37,17585354
2024-01-31/00:00:00,12.37,12.47,10.65,10.91,9109223
2024-02-01/00:00:00,10.91,11.32,10.26,11.28,4003213
2024-02-04/00:00:00,11.28,11.34,10.8,10.88,4224153
2024-02-05/00:00:00,10.88,11.32,10.88,10.99,3975660
2024-02-06/00:00:00,10.99,11.2,10.61,10.72,2827539
2024-02-07/00:00:00,10.72,10.88,10.54,10.64,2049564
2024-02-08/00:00:00,10.64,11.03,10.62,10.77,1810717
2024-02-11/00:00:00,10.77,10.87,10.49,10.57,1867801
2024-02-12/00:00:00,10.57,10.64,10.35,10.5,1263805
2024-02-13/00:00:00,10.5,10.63,10.37,10.53,1413628
2024-02-14/00:00:00,10.53,10.76,10.54,10.72,2457358
2024-02-15/00:00:00,10.72,11.17,10.72,10.96,4574248
2024-02-18/00:00:00,10.96,11.13,10.9,10.96,1943384
2024-02-19/00:00:00,10.96,11.03,10.83,10.87,1236785
2024-02-20/00:00:00,10.87,10.99,10.72,10.78,1688378
2024-02-21/00:00:00,10.78,10.95,10.72,10.73,1594766
2024-02-22/00:00:00,10.73,10.93,10.72,10.8,1899461
2024-02-25/00:00:00,10.8,10.64,10.05,10.06,2838919
2024-02-26/00:00:00,10.06,10.23,9.78,9.79,2604258
2024-02-27/00:00:00,9.79,10.05,9.68,9.72,2315905
2024-02-28/00:00:00,9.72,9.93,9.46,9.46,1491613
2024-02-29/00:00:00,9.46,9.67,9.08,9.45,1371474
2024-03-03/00:00:00,9.45,9.46,9.09,9.11,1039473
2024-03-04/00:00:00,9.11,9.74,9.11,9.7,1923248
2024-03-05/00:00:00,9.7,9.9,9.47,9.55,1297482
2024-03-06/00:00:00,9.55,10.53,9.46,9.7,4949097
2024-03-07/00:00:00,9.7,9.97,9.34,9.45,1171597
2024-03-10/00:00:00,9.45,9.85,9.39,9.56,2954343
2024-03-11/00:00:00,9.56,9.76,9.27,9.31,2176219
2024-03-12/00:00:00,9.31,9.5,9.07,9.1,791784
2024-03-13/00:00:00,9.1,9.23,8.06,8.36,2430149
2024-03-14/00:00:00,8.36,8.52,7.91,8.16,1045429
2024-03-17/00:00:00,8.16,8.32,8.04,8.05,796587
2024-03-18/00:00:00,8.05,8.04,7.28,7.34,1466119
2024-03-19/00:00:00,7.34,7.48,7.1,7.44,1263523
2024-03-20/00:00:00,7.44,7.73,7.42,7.52,764174
2024-03-21/00:00:00,7.52,7.85,7.21,7.61,1059812
2024-03-24/00:00:00,7.61,7.88,7.62,7.64,887189
2024-03-25/00:00:00,7.64,7.72,7.54,7.6,716082
2024-03-26/00:00:00,7.6,7.74,7.5,7.5,1193737
2024-03-27/00:00:00,7.5,7.54,7.27,7.3,718674
2024-03-28/00:00:00,7.3,7.4,7.1,7.21,699636
2024-03-31/00:00:00,7.21,7.33,6.78,6.92,586432
2024-04-01/00:00:00,6.92,7.15,6.95,7.11,1093946
2024-04-02/00:00:00,7.11,7.51,7.21,7.28,1578181
2024-04-03/00:00:00,7.28,7.36,7.02,7.03,1843496
2024-04-04/00:00:00,7.03,7.76,7.06,7.52,2127342
2024-04-07/00:00:00,7.52,8.55,7.53,8.14,4677423
2024-04-08/00:00:00,8.14,8.67,8.12,8.51,5531715
2024-04-15/00:00:00,8.51,8.67,8.33,8.44,4542430
2024-04-16/00:00:00,8.44,8.48,8.3,8.3,2969169
2024-04-17/00:00:00,8.32,9.1,8.64,8.8,2713448
2024-04-18/00:00:00,8.8,8.93,8.33,8.43,1475404
2024-04-21/00:00:00,8.43,8.95,8.25,8.34,1595445
2024-04-22/00:00:00,8.34,8.41,8.02,8.1,830992
2024-04-23/00:00:00,8.1,8.13,7.38,7.41,1447385
2024-04-24/00:00:00,7.41,7.6,7.02,7.34,1486557
2024-04-28/00:00:00,7.34,7.46,7.0,7.02,1266240
2024-04-29/00:00:00,7.02,7.18,6.82,7.07,1059405
2024-04-30/00:00:00,7.07,7.19,6.8,6.83,916844
2024-05-01/00:00:00,6.83,7.03,6.66,7.0,1393233
2024-05-02/00:00:00,7.0,7.11,6.91,7.03,977763
2024-05-07/00:00:00,7.03,7.43,6.91,7.16,1537761
2024-05-08/00:00:00,7.16,7.29,7.08,7.12,656088
2024-05-09/00:00:00,7.12,7.26,7.07,7.17,725631
2024-05-12/00:00:00,7.17,7.44,7.07,7.08,2931931
2024-05-13/00:00:00,7.08,7.15,6.83,6.99,1379301
2024-05-14/00:00:00,6.99,7.0,6.77,6.79,833059
2024-05-15/00:00:00,6.79,6.79,6.55,6.66,984286
2024-05-16/00:00:00,6.66,7.11,6.64,7.11,2959745
2024-05-19/00:00:00,7.11,8.2,7.21,8.0,7047451
2024-05-20/00:00:00,8.0,8.28,7.8,7.86,3905706
2024-05-21/00:00:00,7.86,8.28,7.7,8.02,5856421
2024-05-22/00:00:00,8.02,8.16,7.85,8.04,1586518
2024-05-23/00:00:00,8.04,8.22,7.92,8.14,1273005
2024-05-26/00:00:00,8.14,8.19,7.97,8.08,1345334
2024-05-27/00:00:00,8.08,8.49,8.07,8.13,5254627
2024-05-28/00:00:00,8.13,8.17,7.7,8.0,1926422
2024-05-29/00:00:00,8.0,8.19,7.87,7.9,1763565
2024-05-30/00:00:00,7.9,7.99,7.7,7.76,1073136
2024-06-02/00:00:00,7.76,8.01,7.65,7.7,1217051
2024-06-03/00:00:00,7.7,8.0,7.71,7.74,809120
2024-06-04/00:00:00,7.74,7.97,7.74,7.78,1077596
2024-06-05/00:00:00,7.78,7.71,7.11,7.51,1764719
2024-06-06/00:00:00,7.51,7.55,7.26,7.3,831493
2024-06-09/00:00:00,7.3,7.35,7.1,7.12,556954
2024-06-10/00:00:00,7.12,7.24,7.06,7.18,705134
2024-06-11/00:00:00,7.18,7.37,7.08,7.13,713514
2024-06-12/00:00:00,7.13,7.25,7.09,7.16,336985
2024-06-13/00:00:00,7.16,7.22,7.06,7.17,1298176
2024-06-23/00:00:00,7.17,7.47,7.2,7.27,1288554
2024-06-24/00:00:00,7.27,7.34,7.23,7.23,901899
2024-06-25/00:00:00,7.23,7.29,7.18,7.26,602267
2024-06-26/00:00:00,7.26,7.48,7.2,7.32,1623963
2024-06-27/00:00:00,7.32,7.48,7.28,7.38,1403048
2024-07-01/00:00:00,7.38,7.65,7.4,7.42,1637887
2024-07-02/00:00:00,7.42,7.55,7.42,7.43,676001
2024-07-03/00:00:00,7.43,7.61,7.37,7.47,1405155
2024-07-04/00:00:00,7.47,7.76,7.5,7.54,1777171
2024-07-07/00:00:00,7.54,7.7,7.51,7.54,1051005
2024-07-08/00:00:00,7.54,7.59,7.46,7.46,631759
2024-07-09/00:00:00,7.46,7.51,7.38,7.4,449561
2024-07-10/00:00:00,7.4,7.49,7.36,7.37,514466
2024-07-14/00:00:00,7.37,7.37,7.21,7.25,438481
2024-07-15/00:00:00,7.25,7.33,7.18,7.23,361451
2024-07-16/00:00:00,7.23,7.25,7.12,7.15,617812
2024-07-17/00:00:00,7.15,7.44,7.17,7.39,889317
2024-07-18/00:00:00,7.39,7.7,7.39,7.6,3841754
2024-07-21/00:00:00,7.6,8.33,7.76,8.05,7409527
2024-07-22/00:00:00,8.05,8.41,7.8,8.17,19749986
2024-07-23/00:00:00,8.17,8.3,8.09,8.11,4757310
2024-07-24/00:00:00,8.11,8.29,8.07,8.1,5092235
2024-07-28/00:00:00,8.1,8.58,8.13,8.49,11724252
2024-07-29/00:00:00,8.49,8.68,8.32,8.43,5959354
2024-07-30/00:00:00,8.43,8.56,8.3,8.56,3318457
2024-07-31/00:00:00,8.56,8.86,8.63,8.71,8195022
2024-08-01/00:00:00,8.71,8.83,8.55,8.56,7830649
2024-08-04/00:00:00,8.56,8.49,8.23,8.25,4390062
2024-08-05/00:00:00,8.25,8.13,7.46,7.73,5593866
2024-08-06/00:00:00,7.73,8.05,7.8,8.04,3093712
2024-08-07/00:00:00,8.04,8.2,8.0,8.1,3311455
2024-08-08/00:00:00,8.1,8.38,8.07,8.25,5019449
2024-08-11/00:00:00,8.25,8.56,8.3,8.5,4052578
2024-08-12/00:00:00,8.5,8.69,8.31,8.31,4496435
2024-08-13/00:00:00,8.31,8.52,8.2,8.29,3047956
2024-08-14/00:00:00,8.29,8.58,8.27,8.58,5266417
2024-08-15/00:00:00,8.58,8.75,8.52,8.52,4956046
2024-08-18/00:00:00,8.52,8.67,8.44,8.46,3829800
2024-08-19/00:00:00,8.46,8.56,8.35,8.42,2431924
2024-08-20/00:00:00,8.42,8.5,8.36,8.46,1996456
2024-08-21/00:00:00,8.46,8.51,8.36,8.36,2246331
2024-08-22/00:00:00,8.36,8.46,8.31,8.36,1853526
2024-08-25/00:00:00,8.36,8.69,8.39,8.55,4854486
2024-08-26/00:00:00,8.55,8.66,8.45,8.49,3024937
2024-08-27/00:00:00,8.49,8.59,8.29,8.4,2506069
2024-08-27/00:00:00,8.49,8.59,8.29,8.4,2506069
2024-08-28/00:00:00,8.4,8.54,8.38,8.42,4309786
2024-08-29/00:00:00,8.42,8.65,8.46,8.51,7411689
2024-09-01/00:00:00,8.51,9.17,8.59,9.12,16744318
2024-09-02/00:00:00,9.12,9.39,8.95,9.02,9055992
2024-09-03/00:00:00,9.02,9.24,8.91,9.0,4816943
2024-09-04/00:00:00,9.0,8.99,8.67,8.81,4028637
2024-09-05/00:00:00,8.81,8.97,8.7,8.75,3857290
2024-09-08/00:00:00,8.75,8.82,8.55,8.57,2102491
2024-09-09/00:00:00,8.57,8.63,8.47,8.49,2060129
2024-09-10/00:00:00,8.49,8.65,8.48,8.49,1482045
2024-09-11/00:00:00,8.49,8.54,8.35,8.44,1888801
2024-09-12/00:00:00,8.44,8.59,8.39,8.45,2721074
2024-09-16/00:00:00,8.45,8.62,8.43,8.52,1713669
2024-09-17/00:00:00,8.52,8.85,8.51,8.55,4214528
2024-09-18/00:00:00,8.55,8.76,8.6,8.67,2026462
2024-09-19/00:00:00,8.67,8.75,8.6,8.62,1660523
2024-09-22/00:00:00,8.62,8.85,8.5,8.8,3287446
2024-09-23/00:00:00,8.8,8.9,8.64,8.64,1732384
2024-09-24/00:00:00,8.64,8.75,8.56,8.6,1590035
2024-09-25/00:00:00,8.6,8.65,8.57,8.59,1878063
2024-09-26/00:00:00,8.59,8.94,8.59,8.73,11538022
2024-09-29/00:00:00,8.73,8.88,8.72,8.77,2692495
2024-09-30/00:00:00,8.77,8.87,8.7,8.73,2006670
2024-10-01/00:00:00,8.73,8.83,8.66,8.7,1448102
2024-10-02/00:00:00,8.7,8.77,8.5,8.5,2023214
2024-10-03/00:00:00,8.5,8.6,8.48,8.53,997768
2024-10-07/00:00:00,8.53,8.6,8.42,8.43,1186348
2024-10-08/00:00:00,8.43,8.48,8.13,8.24,1540110
2024-10-09/00:00:00,8.24,8.33,8.16,8.19,702575
2024-10-10/00:00:00,8.19,8.34,8.02,8.06,1873222
2024-10-13/00:00:00,8.06,8.29,8.05,8.07,1685097
2024-10-14/00:00:00,8.07,8.26,8.06,8.08,1110262
2024-10-15/00:00:00,8.08,8.37,8.1,8.31,1891236
2024-10-16/00:00:00,8.31,8.47,8.26,8.44,1663235
2024-10-17/00:00:00,8.44,8.67,8.41,8.5,3443958
2024-10-20/00:00:00,8.5,8.59,7.93,8.05,3546723
2024-10-21/00:00:00,8.05,8.19,7.93,8.16,1539480
2024-10-22/00:00:00,8.16,8.3,8.12,8.28,1515339
2024-10-23/00:00:00,8.28,8.67,8.25,8.3,1754546
2024-10-24/00:00:00,8.3,8.46,8.19,8.26,1109007
2024-10-27/00:00:00,8.26,8.66,8.25,8.62,5268382
2024-10-28/00:00:00,8.62,8.77,8.53,8.57,3641640
2024-10-29/00:00:00,8.57,8.78,8.52,8.57,6005242
2024-10-30/00:00:00,8.57,8.67,8.21,8.38,2236396
2024-10-31/00:00:00,8.38,8.48,8.33,8.38,1056369
2024-11-03/00:00:00,8.38,8.53,8.38,8.39,1092718
2024-11-04/00:00:00,8.39,8.46,8.33,8.34,902788
2024-11-05/00:00:00,8.34,8.48,8.26,8.28,990492
2024-11-06/00:00:00,8.28,8.43,8.27,8.35,1071927
2024-11-07/00:00:00,8.35,8.4,8.3,8.34,1695596
2024-11-10/00:00:00,8.34,8.39,8.3,8.33,1072057
2024-11-11/00:00:00,8.33,8.38,8.3,8.33,1508813
2024-11-12/00:00:00,8.33,8.38,8.29,8.33,1357066
2024-11-13/00:00:00,8.33,8.53,8.34,8.45,2420775
2024-11-14/00:00:00,8.45,8.52,8.39,8.4,1120971
2024-11-17/00:00:00,8.4,8.47,8.33,8.34,956721
2024-11-18/00:00:00,8.34,8.39,8.21,8.21,1043446
2024-11-19/00:00:00,8.21,8.24,8.08,8.1,1025632
2024-11-20/00:00:00,8.1,8.18,8.04,8.06,860221
2024-11-21/00:00:00,8.06,8.18,8.05,8.09,733530
2024-11-24/00:00:00,8.09,8.14,7.96,7.96,1003768
2024-11-25/00:00:00,7.96,7.99,7.8,7.84,1043061
2024-11-26/00:00:00,7.84,7.95,7.85,7.89,531754
2024-11-27/00:00:00,7.89,7.95,7.75,7.76,587276
2024-11-28/00:00:00,7.76,7.84,7.7,7.79,892049
2024-12-01/00:00:00,7.79,8.08,7.82,8.01,1130098
2024-12-02/00:00:00,8.01,8.1,7.97,7.98,672899
2024-12-03/00:00:00,7.98,8.05,7.91,7.92,641002
2024-12-04/00:00:00,7.92,7.99,7.91,7.92,810233
2024-12-05/00:00:00,7.92,8.09,7.93,8.02,1220945
2024-12-08/00:00:00,8.02,8.18,8.03,8.08,743094
2024-12-09/00:00:00,8.08,8.1,7.93,7.95,1016767
2024-12-10/00:00:00,7.95,8.0,7.77,7.78,1566879
2024-12-11/00:00:00,7.78,7.86,7.75,7.77,415417
2024-12-12/00:00:00,7.77,7.85,7.78,7.8,437263
2024-12-15/00:00:00,7.8,7.89,7.73,7.74,824226
2024-12-16/00:00:00,7.74,7.8,7.69,7.7,516877
2024-12-17/00:00:00,7.7,7.8,7.67,7.71,462189
2024-12-18/00:00:00,7.71,7.76,7.47,7.53,639966
2024-12-19/00:00:00,7.53,7.65,7.35,7.6,1351653
2024-12-22/00:00:00,7.6,7.75,7.53,7.54,787581
2024-12-23/00:00:00,7.54,7.59,7.3,7.3,866703
2024-12-24/00:00:00,7.3,7.42,7.25,7.28,541867
2024-12-25/00:00:00,7.28,7.4,7.28,7.32,838536
2024-12-26/00:00:00,7.32,7.33,7.2,7.23,671911
2024-12-29/00:00:00,7.23,7.29,7.11,7.11,822266
2024-12-30/00:00:00,7.11,7.2,6.81,6.89,1113750
2024-12-31/00:00:00,6.89,7.09,6.92,7.08,1157115
2025-01-02/00:00:00,7.08,7.33,7.1,7.29,897664
2025-01-05/00:00:00,7.29,7.71,7.3,7.7,2376742
2025-01-06/00:00:00,7.7,7.74,7.55,7.7,1353747
2025-01-08/00:00:00,7.7,8.05,7.63,7.86,3400908
2025-01-09/00:00:00,7.86,8.05,7.83,7.87,2207023
2025-01-12/00:00:00,7.87,8.42,7.62,8.35,5292143
2025-01-13/00:00:00,8.35,8.47,7.91,7.91,4632537
2025-01-14/00:00:00,7.91,8.07,7.71,8.01,2193571
2025-01-15/00:00:00,8.01,8.09,7.92,8.06,929574
2025-01-16/00:00:00,8.06,8.38,8.08,8.38,2891017
2025-01-19/00:00:00,8.38,8.46,8.3,8.3,3582127
2025-01-20/00:00:00,8.3,8.37,8.09,8.2,1642577
2025-01-21/00:00:00,8.2,8.23,8.09,8.11,714256
2025-01-22/00:00:00,8.11,8.35,8.1,8.24,1359932
2025-01-23/00:00:00,8.24,8.33,8.13,8.13,1301823
2025-01-26/00:00:00,8.13,8.32,8.14,8.16,1928364
2025-01-27/00:00:00,8.16,8.27,7.93,7.93,1762838
2025-01-28/00:00:00,7.93,8.05,7.94,8.01,560065
2025-01-29/00:00:00,8.01,8.12,8.02,8.03,526455
2025-01-30/00:00:00,8.03,8.18,8.02,8.03,724697
2025-02-02/00:00:00,8.03,8.85,8.0,8.74,11298215
2025-02-03/00:00:00,8.74,9.08,8.53,8.53,13628652
2025-02-04/00:00:00,8.53,8.68,8.47,8.6,4081608
2025-02-05/00:00:00,8.6,8.99,8.62,8.63,10122866
2025-02-06/00:00:00,8.63,8.78,8.55,8.56,2354835
2025-02-09/00:00:00,8.56,8.9,8.57,8.77,4594660
2025-02-10/00:00:00,8.77,8.99,8.73,8.84,5200503
2025-02-11/00:00:00,8.84,8.96,8.45,8.5,4222986
2025-02-12/00:00:00,8.5,8.46,8.26,8.33,1685318
2025-02-13/00:00:00,8.33,8.75,8.31,8.55,4238365
2025-02-16/00:00:00,8.55,8.93,8.7,8.74,7289685
2025-02-17/00:00:00,8.74,8.85,8.59,8.6,2441465
2025-02-18/00:00:00,8.6,8.66,8.47,8.57,6084766
2025-02-19/00:00:00,8.57,8.72,8.58,8.62,2329480
2025-02-20/00:00:00,8.62,8.93,8.64,8.86,7476909
2025-02-23/00:00:00,8.86,8.92,8.73,8.73,3153107
2025-02-24/00:00:00,8.73,8.8,8.55,8.65,3699596
2025-02-25/00:00:00,8.65,8.83,8.65,8.69,2842939
2025-02-26/00:00:00,8.69,8.76,8.59,8.61,1419254
2025-02-27/00:00:00,8.61,8.7,8.52,8.54,1279907
2025-03-02/00:00:00,8.54,8.6,8.5,8.51,583705
2025-03-03/00:00:00,8.51,8.69,8.52,8.58,1387564
2025-03-04/00:00:00,8.58,8.65,8.52,8.65,1029984
2025-03-05/00:00:00,8.65,8.66,8.5,8.53,718878
2025-03-06/00:00:00,8.53,8.6,8.49,8.57,1163850
2025-03-09/00:00:00,8.57,8.61,8.47,8.52,661929
2025-03-10/00:00:00,8.52,8.69,8.55,8.55,1706607
2025-03-11/00:00:00,8.55,8.6,8.48,8.54,964759
2025-03-12/00:00:00,8.54,8.62,8.53,8.56,894404
2025-03-13/00:00:00,8.56,8.61,8.45,8.55,1773806
2025-03-16/00:00:00,8.55,8.57,8.47,8.5,1046425
2025-03-17/00:00:00,8.5,8.5,8.36,8.37,1630818
2025-03-18/00:00:00,8.37,8.44,8.24,8.3,1340486
2025-03-19/00:00:00,8.3,8.34,8.03,8.07,2813758
2025-03-20/00:00:00,8.07,8.22,8.08,8.13,1133413
2025-03-23/00:00:00,8.13,8.33,8.15,8.2,876927
2025-03-24/00:00:00,8.2,8.26,7.97,8.07,1478500
2025-03-25/00:00:00,8.07,8.14,7.95,8.0,988638
2025-03-26/00:00:00,8.0,8.1,7.93,8.05,1897361
2025-03-27/00:00:00,8.05,8.15,8.03,8.05,1304792
2025-04-03/00:00:00,8.05,8.09,7.98,8.07,1149147
2025-04-06/00:00:00,8.07,7.9,7.71,7.72,1475991
2025-04-07/00:00:00,7.72,7.78,7.52,7.77,1582668
2025-04-08/00:00:00,7.77,7.85,7.78,7.84,1453782
2025-04-09/00:00:00,7.84,7.84,7.36,7.36,1615096
2025-04-10/00:00:00,7.36,7.75,7.61,7.66,1042409
2025-04-13/00:00:00,7.66,7.8,7.69,7.75,1290569
2025-04-14/00:00:00,7.75,8.07,7.8,8.05,3139376
2025-04-15/00:00:00,8.05,8.18,8.01,8.02,2522960
2025-04-16/00:00:00,8.02,8.07,7.95,7.96,688557
2025-04-17/00:00:00,7.96,8.12,7.93,8.0,1334527
2025-04-22/00:00:00,8.0,8.12,7.95,7.97,1448944
2025-04-23/00:00:00,7.97,8.1,7.96,8.08,1747169
2025-04-27/00:00:00,8.08,8.3,8.09,8.3,5483528
2025-04-28/00:00:00,8.3,8.36,8.22,8.25,1952591
2025-04-29/00:00:00,8.25,8.36,8.2,8.27,4072194
2025-04-30/00:00:00,8.27,8.39,8.22,8.39,2001860
2025-05-04/00:00:00,8.39,8.48,8.4,8.42,2576219
2025-05-05/00:00:00,8.42,8.47,8.3,8.3,1631119
2025-05-06/00:00:00,8.3,8.4,8.29,8.31,1554448
2025-05-07/00:00:00,8.31,8.38,8.1,8.15,2552987
2025-05-08/00:00:00,8.15,8.25,8.07,8.17,1328634
2025-05-11/00:00:00,8.17,8.28,8.04,8.04,850351
2025-05-12/00:00:00,8.04,8.19,7.97,8.0,1298636
2025-05-13/00:00:00,8.0,8.11,7.98,8.0,944210
2025-05-14/00:00:00,8.0,8.07,7.95,7.96,470221
2025-05-15/00:00:00,7.96,8.02,7.88,7.92,1302116
2025-05-19/00:00:00,8.03,8.1,7.85,7.85,3147201
2025-05-20/00:00:00,7.85,7.98,7.78,7.78,1824259
2025-05-21/00:00:00,7.78,7.81,7.6,7.63,4315217
2025-05-22/00:00:00,7.63,7.74,7.6,7.7,2189272
2025-05-25/00:00:00,7.7,7.77,7.63,7.67,1250730
2025-05-26/00:00:00,7.67,7.71,7.62,7.63,1362926
2025-05-27/00:00:00,7.63,7.7,7.59,7.65,1773895
2025-05-28/00:00:00,7.65,7.72,7.6,7.6,1495545
2025-06-01/00:00:00,7.58,7.63,7.55,7.57,687631
2025-06-02/00:00:00,7.57,7.71,7.53,7.58,1421398
2025-06-03/00:00:00,7.58,7.9,7.61,7.83,3629155
2025-06-04/00:00:00,7.83,8.05,7.86,7.89,2892976
2025-06-10/00:00:00,7.89,8.13,7.93,7.97,1409173
2025-06-11/00:00:00,7.97,8.05,7.91,7.91,1448928
2025-06-12/00:00:00,7.91,7.9,7.65,7.68,1763350
2025-06-15/00:00:00,7.68,7.3,6.75,7.27,1552874
2025-06-16/00:00:00,7.27,7.4,7.25,7.34,948692
2025-06-17/00:00:00,7.34,7.39,7.05,7.08,1091145
2025-06-18/00:00:00,7.08,7.1,6.99,7.04,1253255
2025-06-19/00:00:00,7.04,7.13,6.92,6.92,1439592
2025-06-22/00:00:00,6.92,7.1,6.77,7.09,1756793
2025-06-23/00:00:00,7.09,7.3,7.05,7.23,2664964
2025-06-24/00:00:00,7.23,7.45,7.29,7.45,2761287
2025-06-25/00:00:00,7.45,7.59,7.35,7.59,1622689
2025-06-29/00:00:00,7.59,7.77,7.61,7.62,1618768
2025-06-30/00:00:00,7.62,7.71,7.55,7.55,1217029
2025-07-01/00:00:00,7.55,7.61,7.5,7.5,669841
2025-07-02/00:00:00,7.5,7.56,7.45,7.45,1135949
2025-07-06/00:00:00,7.45,7.68,7.5,7.59,1259049
2025-07-07/00:00:00,7.59,8.78,7.55,8.44,18447202
2025-07-09/00:00:00,8.44,8.6,8.3,8.37,5084838
2025-07-10/00:00:00,8.37,8.42,8.23,8.32,2964267
2025-07-13/00:00:00,8.32,8.63,8.32,8.4,3900762
2025-07-14/00:00:00,8.4,9.5,8.32,9.2,23509334
2025-07-15/00:00:00,9.2,9.85,9.2,9.62,15098143
2025-07-16/00:00:00,9.62,10.7,9.45,10.2,23272124
2025-07-17/00:00:00,10.2,10.6,10.06,10.52,17376384
2025-07-20/00:00:00,10.52,10.7,10.33,10.5,4607701
2025-07-21/00:00:00,10.5,10.51,10.0,10.03,4290473
2025-07-22/00:00:00,10.03,10.24,9.72,9.72,5183900
2025-07-23/00:00:00,9.72,9.95,9.63,9.79,3845686
2025-07-27/00:00:00,9.79,10.28,9.76,9.94,6939780
2025-07-28/00:00:00,9.94,10.11,9.6,9.61,3387399
2025-07-29/00:00:00,9.61,10.07,9.5,9.93,7822178
2025-07-30/00:00:00,9.93,10.25,9.75,9.95,7456520
2025-07-31/00:00:00,9.95,10.26,9.96,10.15,5832668
2025-08-03/00:00:00,10.15,10.25,10.04,10.2,2207805
2025-08-04/00:00:00,10.2,10.56,10.2,10.5,7312128
2025-08-05/00:00:00,10.5,11.2,10.36,10.88,18079954
2025-08-06/00:00:00,10.88,11.1,10.81,10.91,5814313
2025-08-07/00:00:00,10.91,11.2,10.83,10.9,6152894
2025-08-10/00:00:00,10.9,11.1,10.9,10.9,3152876
2025-08-11/00:00:00,10.9,11.45,10.93,11.4,10096041
2025-08-12/00:00:00,11.4,11.65,11.33,11.59,6236964
2025-08-13/00:00:00,11.59,11.8,11.37,11.41,4502049
2025-08-13/00:00:00,11.59,11.8,11.37,11.41,4502049
2025-08-14/00:00:00,11.41,11.52,11.1,11.51,3406612
2025-08-17/00:00:00,11.51,11.65,11.41,11.41,2611740
2025-08-18/00:00:00,11.41,12.3,11.41,12.03,16125334
2025-08-19/00:00:00,12.03,12.57,12.02,12.1,4486670
2025-08-20/00:00:00,12.1,12.18,11.64,11.66,6019268
2025-08-21/00:00:00,11.66,11.97,11.67,11.75,2625045
2025-08-24/00:00:00,11.75,11.94,11.6,11.6,1763263
2025-08-25/00:00:00,11.6,11.75,10.84,11.06,9993594
2025-08-26/00:00:00,11.06,11.17,10.76,11.0,4063837
2025-08-27/00:00:00,11.0,11.2,10.87,10.87,2103444
2025-08-28/00:00:00,10.87,11.2,10.9,11.2,3457715
2025-08-31/00:00:00,11.2,11.27,10.86,11.01,2592726
2025-09-01/00:00:00,11.01,11.15,10.91,11.05,1107358
2025-09-02/00:00:00,11.05,11.2,11.0,11.06,1230062
2025-09-03/00:00:00,11.06,11.15,11.0,11.0,1236885
2025-09-07/00:00:00,11.0,11.55,10.91,11.24,4434583
2025-09-08/00:00:00,11.24,11.38,11.1,11.21,1828697
2025-09-09/00:00:00,11.21,11.55,11.13,11.2,2457148
2025-09-10/00:00:00,11.2,11.44,11.18,11.23,2009710
2025-09-11/00:00:00,11.23,11.57,11.24,11.5,3616739
2025-09-14/00:00:00,11.5,11.77,11.5,11.7,2941991
2025-09-15/00:00:00,11.7,11.91,11.5,11.5,3988657
2025-09-16/00:00:00,11.5,11.55,11.03,11.25,2339803
2025-09-17/00:00:00,11.25,11.4,11.2,11.31,1094522
2025-09-18/00:00:00,11.31,11.44,11.17,11.22,2474586
2025-09-21/00:00:00,11.22,11.5,11.25,11.26,1118794
2025-09-22/00:00:00,11.26,11.34,11.02,11.2,858396
2025-09-23/00:00:00,11.2,11.22,10.98,11.03,1095753
2025-09-24/00:00:00,11.03,11.33,11.0,11.19,1205868
2025-09-25/00:00:00,11.19,11.3,11.05,11.22,1543810
2025-09-28/00:00:00,11.22,11.5,11.22,11.46,3795714
2025-09-29/00:00:00,11.46,11.75,11.46,11.75,3951019
2025-09-30/00:00:00,11.75,12.35,11.76,12.26,14542822
2025-10-01/00:00:00,12.26,12.3,11.81,11.85,4432487
2025-10-02/00:00:00,11.85,12.16,11.75,11.87,6178441
2025-10-05/00:00:00,11.87,12.17,11.9,12.17,2597516
2025-10-06/00:00:00,12.17,12.2,11.97,12.05,2025316
2025-10-07/00:00:00,12.05,12.19,11.93,11.95,1615470
2025-10-08/00:00:00,11.95,12.1,11.83,11.91,1388440
2025-10-12/00:00:00,11.91,11.9,11.54,11.6,2051693
2025-10-13/00:00:00,11.6,11.68,11.33,11.41,3136018
2025-10-14/00:00:00,11.41,11.7,11.35,11.5,2006873
2025-10-15/00:00:00,11.5,11.61,11.37,11.38,929805
2025-10-20/00:00:00,11.68,11.8,11.49,11.5,1043771
2025-10-21/00:00:00,11.5,11.59,11.48,11.53,723522
2025-10-22/00:00:00,11.53,11.72,11.43,11.44,601475
2025-10-26/00:00:00,11.3,11.4,11.23,11.33,1287060
2025-10-27/00:00:00,11.33,11.41,11.25,11.27,2038887
2025-10-28/00:00:00,11.27,11.56,11.27,11.43,4036851
2025-10-29/00:00:00,11.43,11.54,11.33,11.4,2222545
2025-10-30/00:00:00,11.4,11.42,11.26,11.3,771811
2025-11-02/00:00:00,11.3,11.4,11.23,11.3,906546
2025-11-03/00:00:00,11.3,11.34,11.16,11.2,826852
2025-11-04/00:00:00,11.2,11.2,11.06,11.06,1016345
2025-11-05/00:00:00,11.06,11.17,10.66,10.81,2207775
2025-11-06/00:00:00,10.81,10.88,10.59,10.65,1369587
2025-11-09/00:00:00,10.65,10.83,10.55,10.56,1332995
2025-11-10/00:00:00,10.56,10.7,10.44,10.6,885879
2025-11-11/00:00:00,10.6,10.79,10.36,10.44,1848118
2025-11-12/00:00:00,10.44,10.55,10.31,10.38,625974
2025-11-13/00:00:00,10.38,10.53,10.37,10.42,1042976
2025-11-16/00:00:00,10.42,10.51,10.3,10.3,748731
2025-11-17/00:00:00,10.3,10.36,9.93,10.0,2130724
2025-11-18/00:00:00,10.0,10.64,10.0,10.42,3756303
2025-11-19/00:00:00,10.42,10.58,10.34,10.44,823273
2025-11-20/00:00:00,10.44,10.61,10.3,10.37,1977491
2025-11-23/00:00:00,10.37,10.54,10.31,10.31,868696
2025-11-24/00:00:00,10.31,10.41,10.21,10.22,596289
2025-11-26/00:00:00,10.01,10.18,9.88,9.96,1246263
2025-11-27/00:00:00,9.96,10.23,9.8,10.06,1391092
2025-11-30/00:00:00,10.06,10.8,10.25,10.8,6049508
2025-12-01/00:00:00,10.8,10.93,10.6,10.66,2582929
2025-12-03/00:00:00,10.5,11.04,10.51,10.75,9031417
2025-12-07/00:00:00,10.61,11.24,10.61,10.93,6564426
2025-12-09/00:00:00,10.86,11.0,10.73,10.84,2642585
2025-12-10/00:00:00,10.84,10.98,10.79,10.88,1453695
2025-12-11/00:00:00,10.88,10.9,10.7,10.7,1764688
2025-12-14/00:00:00,10.7,11.79,10.77,11.63,18081942
2025-12-15/00:00:00,11.63,11.85,11.53,11.54,4907312
2025-12-16/00:00:00,11.54,12.0,11.45,11.75,6867901
2025-12-17/00:00:00,11.75,11.95,11.61,11.77,3531916
2025-12-18/00:00:00,11.77,12.03,11.74,11.76,7479536
2025-12-21/00:00:00,11.76,12.24,11.75,12.21,12608641
2025-12-22/00:00:00,12.21,12.95,12.3,12.5,20540565
2025-12-23/00:00:00,12.5,12.66,12.2,12.4,8269344
2025-12-24/00:00:00,12.4,12.66,12.33,12.41,3601977
2025-12-25/00:00:00,12.41,12.52,12.13,12.15,2717779
2025-12-28/00:00:00,12.15,12.49,12.03,12.49,3563763
2025-12-29/00:00:00,12.49,12.59,12.34,12.34,3592151
2025-12-30/00:00:00,12.34,12.5,12.22,12.37,2124644
2025-12-31/00:00:00,12.37,12.6,12.07,12.49,2745586
2026-01-04/00:00:00,12.49,12.49,12.0,12.0,1429887
2026-01-04/00:00:00,12.49,12.49,12.0,12.0,1429887
2026-01-06/00:00:00,11.7,11.89,11.57,11.62,1596601
2026-01-08/00:00:00,11.62,11.89,11.51,11.52,1061820
2026-01-11/00:00:00,11.52,11.87,11.6,11.71,915684
2026-01-12/00:00:00,11.71,11.92,11.46,11.5,2606067
2026-01-13/00:00:00,11.5,11.6,11.14,11.15,1343814
2026-01-14/00:00:00,11.15,11.24,9.77,10.8,2135786
2026-01-15/00:00:00,10.8,11.0,10.47,10.5,944525
2026-01-18/00:00:00,10.5,10.9,10.61,10.68,485950
2026-01-19/00:00:00,10.68,10.92,10.7,10.72,2408461
2026-01-20/00:00:00,10.72,10.88,10.4,10.55,3392272
2026-01-21/00:00:00,10.55,11.05,10.5,10.99,3604457
2026-01-22/00:00:00,10.99,11.33,10.95,10.95,4627060
2026-01-25/00:00:00,10.95,11.2,10.8,10.8,2730595
2026-01-26/00:00:00,10.8,10.95,10.67,10.85,2476209
2026-01-27/00:00:00,10.85,11.44,10.85,11.38,7700380
2026-01-28/00:00:00,11.38,11.68,10.9,11.11,6605208
2026-02-01/00:00:00,11.11,11.3,11.0,11.25,1279822
2026-02-02/00:00:00,11.25,11.8,11.12,11.65,6097771
2026-02-03/00:00:00,11.65,11.95,11.61,11.72,5304963
2026-02-04/00:00:00,11.72,12.32,11.73,12.3,15879434
2026-02-05/00:00:00,12.3,12.37,12.07,12.14,6040935
2026-02-08/00:00:00,12.14,12.47,12.13,12.42,7673665
2026-02-09/00:00:00,12.42,12.49,12.19,12.33,3191377
2026-02-10/00:00:00,12.33,12.48,12.22,12.3,3811720
2026-02-11/00:00:00,12.3,12.71,12.3,12.6,8748210
2026-02-12/00:00:00,12.6,12.79,12.56,12.6,2614753
2026-02-15/00:00:00,12.46,13.39,12.59,13.28,19691993
2026-02-16/00:00:00,13.28,13.43,13.01,13.01,6335885
2026-02-17/00:00:00,13.01,13.16,12.85,13.03,3961878
2026-02-18/00:00:00,13.03,13.41,13.13,13.15,7201138
2026-02-19/00:00:00,13.15,13.2,12.8,12.83,2929040
2026-02-22/00:00:00,12.83,13.02,12.65,12.88,3036615
2026-02-23/00:00:00,12.88,13.16,12.75,13.01,4107775
2026-02-24/00:00:00,13.01,13.26,12.96,13.0,5771997
2026-02-25/00:00:00,13.0,13.35,12.93,13.04,16019306
2026-02-26/00:00:00,13.04,13.4,12.91,13.09,6268578
2026-03-01/00:00:00,13.09,12.57,12.02,12.42,5455005
2026-03-02/00:00:00,12.42,12.59,12.1,12.22,1623100
2026-03-03/00:00:00,12.22,13.4,11.9,13.2,11886571
2026-03-04/00:00:00,13.2,13.97,12.4,12.55,38283391
2026-03-05/00:00:00,12.55,12.65,11.71,12.13,31200383
2026-03-08/00:00:00,12.13,12.99,12.24,12.86,40234469
2026-03-09/00:00:00,12.86,13.28,12.45,12.5,23836180
2026-03-10/00:00:00,12.5,12.45,12.04,12.15,8467175
2026-03-11/00:00:00,12.15,12.41,12.15,12.36,5265102
2026-03-12/00:00:00,12.36,12.74,12.22,12.29,6874279
2026-03-15/00:00:00,12.29,12.45,12.09,12.09,4439165
2026-03-16/00:00:00,12.09,12.2,11.92,12.0,3115479
2026-03-17/00:00:00,12.0,12.12,11.91,11.92,3735868
2026-03-18/00:00:00,11.92,11.99,11.62,11.65,5113681
2026-03-24/00:00:00,11.65,12.11,11.7,12.02,4872499
2026-03-25/00:00:00,12.02,12.11,11.87,11.89,3195137
2026-03-26/00:00:00,11.89,11.95,11.61,11.64,4518226
2026-03-29/00:00:00,11.64,11.79,11.4,11.42,3742428
2026-03-30/00:00:00,11.42,11.53,11.1,11.17,2703593
2026-03-31/00:00:00,11.17,11.7,11.05,11.35,3715053
2026-04-01/00:00:00,11.35,11.6,11.3,11.41,2002629
2026-04-02/00:00:00,11.41,11.41,11.23,11.23,1567284
2026-04-05/00:00:00,11.23,11.43,11.22,11.25,3362695
2026-04-06/00:00:00,11.25,11.36,11.15,11.2,4023503
2026-04-07/00:00:00,11.2,11.48,11.18,11.3,4367004
2026-04-08/00:00:00,11.3,11.48,11.21,11.25,2963860
2026-04-09/00:00:00,11.25,11.33,11.13,11.3,2016728
