2007-07-05/00:00:00,36.0,36.0,36.0,36.0,1676100
2007-07-09/00:00:00,38.9,43.51,38.03,40.08,8437007
2007-07-10/00:00:00,42.08,42.08,42.08,42.08,135505
2007-07-11/00:00:00,44.18,44.18,41.8,43.09,1063052
2007-07-12/00:00:00,43.0,43.2,42.5,42.99,694382
2007-07-15/00:00:00,43.0,43.0,41.97,42.27,732109
2007-07-16/00:00:00,41.8,42.0,41.0,41.84,794371
2007-07-17/00:00:00,41.8,42.24,41.6,41.96,540200
2007-07-18/00:00:00,41.51,42.05,41.51,42.0,255526
2007-07-19/00:00:00,42.0,42.1,41.7,42.01,251216
2007-07-22/00:00:00,41.65,41.99,41.0,41.22,123515
2007-07-24/00:00:00,41.13,41.65,41.13,41.47,111077
2007-07-25/00:00:00,41.03,41.4,41.03,41.23,434201
2007-07-26/00:00:00,41.1,41.25,41.0,41.15,384020
2007-07-29/00:00:00,41.05,41.05,39.28,40.04,122062
2007-07-30/00:00:00,40.4,41.0,40.4,40.89,147833
2007-07-31/00:00:00,39.52,41.0,39.52,40.27,132722
2007-08-01/00:00:00,40.0,40.49,40.0,40.03,199253
2007-08-02/00:00:00,40.0,40.49,40.0,40.11,88344
2007-08-05/00:00:00,40.92,41.0,40.26,40.98,223098
2007-08-06/00:00:00,40.06,41.0,40.01,40.77,330249
2007-08-07/00:00:00,40.01,41.0,40.01,40.65,188966
2007-08-08/00:00:00,40.7,41.0,40.22,40.54,21288
2007-08-09/00:00:00,40.12,40.3,40.12,40.26,11425
2007-08-12/00:00:00,40.03,40.4,39.67,40.01,174016
2007-08-13/00:00:00,39.6,40.25,39.6,39.99,255525
2007-08-14/00:00:00,40.0,40.1,39.7,40.0,294497
2007-08-15/00:00:00,39.54,40.1,39.54,40.0,60356
2007-08-16/00:00:00,40.0,40.05,39.0,39.95,844057
2007-08-19/00:00:00,38.0,40.0,38.0,39.39,393957
2007-08-20/00:00:00,38.73,39.15,38.7,39.0,44407
2007-08-21/00:00:00,39.01,40.1,38.99,39.19,257240
2007-08-22/00:00:00,40.15,41.14,40.0,40.89,209149
2007-08-23/00:00:00,41.99,42.4,40.11,41.81,497744
2007-08-26/00:00:00,40.51,41.0,39.72,40.01,38351
2007-08-27/00:00:00,41.0,41.5,38.92,39.46,175354
2007-08-28/00:00:00,40.98,41.0,40.07,40.49,15658
2007-08-29/00:00:00,40.0,40.4,39.8,40.01,54379
2007-08-30/00:00:00,40.0,40.6,40.0,40.13,20689
2007-09-02/00:00:00,39.05,40.5,39.0,39.87,17656
2007-09-03/00:00:00,40.0,40.48,39.8,40.11,60154
2007-09-04/00:00:00,40.0,40.25,40.0,40.01,74293
2007-09-05/00:00:00,40.0,42.0,39.65,40.3,171031
2007-09-06/00:00:00,40.1,40.35,40.05,40.14,5405
2007-09-09/00:00:00,40.1,40.2,39.66,40.01,583001
2007-09-10/00:00:00,39.95,40.35,39.61,40.0,113148
2007-09-11/00:00:00,40.0,40.3,40.0,40.0,363755
2007-09-12/00:00:00,39.62,40.11,39.62,40.01,54662
2007-09-13/00:00:00,40.02,41.0,40.02,40.92,128547
2007-09-16/00:00:00,39.65,40.5,39.61,40.27,7137
2007-09-17/00:00:00,40.25,40.5,40.25,40.44,27280
2007-09-18/00:00:00,40.0,41.25,40.0,40.91,220530
2007-09-19/00:00:00,40.5,41.3,40.4,40.94,168766
2007-09-20/00:00:00,40.15,41.5,40.15,41.23,23350
2007-09-23/00:00:00,40.5,40.78,40.35,40.45,7423
2007-09-24/00:00:00,40.5,40.51,40.48,40.5,4175
2007-09-25/00:00:00,40.25,41.49,40.25,41.0,209306
2007-09-26/00:00:00,40.51,41.25,40.51,41.0,330033
2007-09-27/00:00:00,41.4,41.45,40.5,41.04,14244
2007-09-30/00:00:00,40.25,41.38,40.25,40.95,29457
2007-10-01/00:00:00,41.15,41.97,41.15,41.47,18426
2007-10-02/00:00:00,41.06,41.93,41.06,41.43,23925
2007-10-03/00:00:00,41.0,41.9,41.0,41.6,30471
2007-10-04/00:00:00,40.75,42.24,40.75,41.48,70046
2007-10-08/00:00:00,39.0,40.55,39.0,40.27,53174
2007-10-09/00:00:00,45.43,45.43,45.43,45.43,166693
2007-10-10/00:00:00,47.7,47.7,45.5,47.69,724493
2007-10-11/00:00:00,47.5,47.5,45.31,46.29,75827
2007-10-16/00:00:00,47.6,48.6,46.17,48.07,289448
2007-10-17/00:00:00,48.1,48.5,46.86,47.64,71726
2007-10-18/00:00:00,47.48,50.02,47.48,48.96,263138
2007-10-21/00:00:00,48.99,48.99,47.0,47.58,118959
2007-10-22/00:00:00,48.0,48.0,47.25,47.62,85029
2007-10-23/00:00:00,47.5,49.98,47.5,49.41,272483
2007-10-24/00:00:00,49.5,50.0,49.0,49.66,298197
2007-10-25/00:00:00,49.95,52.14,49.41,51.62,115483
2007-10-28/00:00:00,54.2,54.2,52.59,54.13,531443
2007-10-29/00:00:00,56.83,56.83,54.0,55.53,381700
2007-10-30/00:00:00,55.69,56.26,54.01,55.35,296436
2007-10-31/00:00:00,55.1,57.0,53.03,54.45,162453
2007-11-01/00:00:00,54.2,54.98,53.27,54.03,394250
2007-11-04/00:00:00,54.9,55.39,54.06,54.37,33315
2007-11-05/00:00:00,54.01,56.0,53.75,54.55,337353
2007-11-06/00:00:00,55.0,55.4,54.15,54.73,76270
2007-11-07/00:00:00,55.0,55.01,53.0,54.37,102397
2007-11-08/00:00:00,52.3,53.41,51.66,52.61,54212
2007-11-11/00:00:00,52.9,55.0,52.9,53.6,265709
2007-11-12/00:00:00,53.6,53.7,52.2,53.18,83508
2007-11-13/00:00:00,52.3,52.47,51.25,51.77,55649
2007-11-14/00:00:00,52.45,53.0,51.6,52.31,68931
2007-11-15/00:00:00,51.97,52.0,50.25,51.24,99290
2007-11-18/00:00:00,52.0,52.5,50.6,51.97,52566
2007-11-19/00:00:00,52.7,52.94,51.77,52.13,75548
2007-11-20/00:00:00,51.01,52.0,50.7,51.09,45332
2007-11-21/00:00:00,51.0,52.0,51.0,51.44,86331
2007-11-22/00:00:00,51.23,51.26,50.31,50.73,69293
2007-11-25/00:00:00,50.98,52.1,50.98,51.75,46995
2007-11-26/00:00:00,51.8,51.8,50.7,51.3,127591
2007-11-27/00:00:00,51.1,51.5,49.5,49.98,94002
2007-11-28/00:00:00,49.91,49.91,48.0,48.67,48574
2007-11-29/00:00:00,48.0,49.86,47.0,47.93,152518
2007-12-02/00:00:00,49.0,50.32,48.9,50.09,61126
2007-12-03/00:00:00,52.59,52.59,51.1,52.38,283071
2007-12-04/00:00:00,54.4,54.5,50.54,52.27,109158
2007-12-05/00:00:00,51.0,52.17,51.0,51.81,74007
2007-12-06/00:00:00,51.55,51.89,51.26,51.61,208557
2007-12-09/00:00:00,51.29,51.7,51.28,51.48,70695
2007-12-10/00:00:00,51.31,51.31,50.12,50.9,61004
2007-12-11/00:00:00,50.99,52.45,50.95,51.62,191732
2007-12-12/00:00:00,51.93,54.2,51.1,52.97,204780
2007-12-13/00:00:00,53.0,53.69,53.0,53.11,43215
2007-12-16/00:00:00,53.7,54.0,52.61,53.6,43040
2007-12-17/00:00:00,52.62,53.3,52.05,52.74,28677
2007-12-23/00:00:00,53.0,54.5,52.42,53.32,111938
2007-12-24/00:00:00,54.9,60.0,53.25,57.21,421737
2007-12-25/00:00:00,58.02,58.88,57.51,58.03,149577
2007-12-26/00:00:00,57.6,57.6,55.86,56.59,55095
2007-12-27/00:00:00,57.99,58.0,56.21,57.51,20065
2007-12-30/00:00:00,57.03,57.03,55.9,56.53,25583
2007-12-31/00:00:00,57.0,57.2,56.1,56.85,40862
2008-01-02/00:00:00,57.55,62.0,57.1,60.45,253699
2008-01-03/00:00:00,62.0,62.0,60.81,61.07,166218
2008-01-06/00:00:00,61.07,61.9,59.99,60.89,140296
2008-01-08/00:00:00,61.0,61.4,60.5,61.01,121436
2008-01-10/00:00:00,61.0,62.26,59.02,61.34,114682
2008-01-13/00:00:00,60.25,61.49,60.25,61.04,63734
2008-01-14/00:00:00,60.26,61.7,60.26,61.09,361986
2008-01-15/00:00:00,60.25,64.99,60.25,62.83,177478
2008-01-16/00:00:00,64.5,64.99,61.51,63.39,641381
2008-01-20/00:00:00,63.99,63.99,58.7,60.93,186178
2008-01-21/00:00:00,58.15,59.0,52.0,55.58,331712
2008-01-22/00:00:00,54.0,56.94,50.0,54.19,499281
2008-01-23/00:00:00,57.79,57.79,52.06,55.46,388755
2008-01-24/00:00:00,55.51,56.0,54.0,54.62,1362221
2008-01-27/00:00:00,57.0,57.0,53.02,55.99,41636
2008-01-28/00:00:00,55.4,55.5,53.55,54.31,299738
2008-01-29/00:00:00,55.79,56.9,55.0,55.84,219603
2008-01-30/00:00:00,56.68,58.97,56.68,58.05,310834
2008-01-31/00:00:00,59.0,60.2,57.82,59.74,185907
2008-02-03/00:00:00,61.45,63.0,59.5,61.47,218513
2008-02-04/00:00:00,62.0,63.02,61.4,62.07,113106
2008-02-05/00:00:00,62.4,67.0,62.4,64.42,474117
2008-02-06/00:00:00,64.01,64.01,61.61,63.04,252828
2008-02-07/00:00:00,63.5,65.88,61.0,63.05,167246
2008-02-10/00:00:00,62.0,63.43,62.0,62.29,94362
2008-02-11/00:00:00,62.57,62.6,60.0,60.85,47088
2008-02-12/00:00:00,60.05,62.0,59.26,60.51,126274
2008-02-13/00:00:00,62.0,62.98,62.0,62.27,14880
2008-02-14/00:00:00,62.5,63.9,61.11,62.95,218301
2008-02-17/00:00:00,62.51,62.51,61.25,61.99,96035
2008-02-18/00:00:00,62.0,63.25,62.0,62.67,45771
2008-02-19/00:00:00,62.04,63.25,62.04,62.99,135505
2008-02-20/00:00:00,62.35,63.5,62.35,63.17,206903
2008-02-21/00:00:00,62.31,64.2,62.31,63.94,247764
2008-02-24/00:00:00,63.15,64.01,62.55,63.16,66101
2008-02-25/00:00:00,63.0,64.0,62.84,63.3,41987
2008-02-26/00:00:00,63.5,67.0,63.5,65.09,109654
2008-02-27/00:00:00,65.49,66.19,63.12,64.17,122178
2008-02-28/00:00:00,64.0,65.0,63.5,64.63,268500
2008-03-02/00:00:00,65.0,65.9,63.75,64.08,121696
2008-03-03/00:00:00,62.1,64.0,62.08,63.38,114291
2008-03-04/00:00:00,62.31,67.5,62.3,65.18,566720
2008-03-05/00:00:00,66.89,67.5,65.8,66.64,380367
2008-03-06/00:00:00,66.0,66.03,65.11,65.95,118121
2008-03-09/00:00:00,66.0,66.0,64.52,64.86,40070
2008-03-10/00:00:00,65.26,70.0,64.75,67.2,159267
2008-03-11/00:00:00,65.06,69.0,65.06,67.52,65562
2008-03-12/00:00:00,66.04,68.3,66.0,67.45,404872
2008-03-13/00:00:00,68.49,68.49,66.0,66.3,33392
2008-03-16/00:00:00,66.1,66.1,64.05,65.54,75742
2008-03-17/00:00:00,63.61,64.0,62.54,63.31,26705
2008-03-18/00:00:00,63.0,63.85,62.0,62.82,72061
2008-03-19/00:00:00,62.61,64.0,62.61,63.38,41840
2008-03-23/00:00:00,64.25,64.55,63.0,63.92,18413
2008-03-24/00:00:00,63.65,64.48,62.55,63.98,143636
2008-03-25/00:00:00,63.03,64.38,63.03,63.21,5027
2008-03-26/00:00:00,64.0,64.3,63.22,63.76,332464
2008-03-27/00:00:00,64.0,64.0,63.25,63.92,29990
2008-03-30/00:00:00,62.7,63.93,62.7,63.08,1980
2008-03-31/00:00:00,63.0,63.1,61.52,62.96,32186
2008-04-01/00:00:00,62.0,62.99,62.0,62.5,259250
2008-04-02/00:00:00,63.1,63.25,62.6,62.93,85546
2008-04-03/00:00:00,62.6,63.0,62.5,62.53,75997
2008-04-06/00:00:00,62.5,63.89,62.5,62.7,2601
2008-04-07/00:00:00,62.6,63.0,62.5,62.58,142362
2008-04-08/00:00:00,62.51,63.54,62.31,62.86,58566
2008-04-09/00:00:00,62.5,63.55,62.5,62.87,391860
2008-04-10/00:00:00,62.51,64.3,62.5,63.04,178242
2008-04-13/00:00:00,62.7,64.0,62.05,62.95,89118
2008-04-14/00:00:00,62.25,63.0,62.25,62.61,27984
2008-04-15/00:00:00,62.5,62.5,61.5,61.89,24479
2008-04-16/00:00:00,61.0,62.0,59.0,61.01,124716
2008-04-17/00:00:00,60.0,62.0,60.0,61.93,280130
2008-04-20/00:00:00,60.3,61.01,60.25,60.77,67323
2008-04-21/00:00:00,61.98,62.5,60.51,61.14,219505
2008-04-22/00:00:00,60.55,61.45,60.0,60.61,2757
2008-04-23/00:00:00,60.0,60.0,59.05,59.99,107641
2008-04-24/00:00:00,58.0,60.55,58.0,58.88,20604
2008-04-29/00:00:00,58.0,59.0,57.35,57.91,14397
2008-04-30/00:00:00,58.02,61.0,58.02,59.74,25721
2008-05-04/00:00:00,59.51,60.0,58.5,59.89,21868
2008-05-05/00:00:00,60.29,60.5,59.01,59.97,192880
2008-05-06/00:00:00,58.5,61.25,58.5,60.02,503361
2008-05-07/00:00:00,61.2,62.75,61.0,61.95,934445
2008-05-08/00:00:00,62.89,63.0,60.0,61.66,363027
2008-05-11/00:00:00,61.0,61.0,59.01,60.25,180652
2008-05-12/00:00:00,59.1,60.0,58.5,59.05,61501
2008-05-13/00:00:00,58.25,60.0,55.75,58.37,111347
2008-05-14/00:00:00,59.99,59.99,54.0,55.53,23901
2008-05-15/00:00:00,55.4,55.5,50.5,53.42,358241
2008-05-18/00:00:00,54.1,59.0,54.1,56.33,51090
2008-05-19/00:00:00,56.9,56.9,53.1,53.99,70796
2008-05-20/00:00:00,57.98,57.99,53.08,54.15,805488
2008-05-21/00:00:00,57.94,57.94,53.7,54.34,217805
2008-05-22/00:00:00,53.51,54.1,53.5,53.78,81242
2008-05-25/00:00:00,55.25,56.79,52.75,53.32,151126
2008-05-26/00:00:00,53.01,53.99,52.75,53.01,159842
2008-05-27/00:00:00,53.66,54.0,52.75,53.14,83439
2008-05-28/00:00:00,53.02,53.1,51.0,52.65,81948
2008-05-29/00:00:00,52.95,52.95,51.0,51.84,191040
2008-06-01/00:00:00,52.6,53.7,52.5,53.12,70302
2008-06-02/00:00:00,53.0,53.0,52.1,52.52,90181
2008-06-03/00:00:00,52.73,53.99,51.3,53.36,109751
2008-06-04/00:00:00,53.7,54.49,52.95,53.9,173904
2008-06-05/00:00:00,53.03,54.0,53.0,53.77,188253
2008-06-08/00:00:00,53.99,54.48,52.75,53.94,124070
2008-06-09/00:00:00,54.01,55.48,53.6,54.64,359554
2008-06-10/00:00:00,55.0,55.48,53.75,54.46,200005
2008-06-11/00:00:00,53.98,54.3,53.17,53.69,33310
2008-06-12/00:00:00,53.9,54.2,53.13,53.82,74680
2008-06-15/00:00:00,53.75,54.0,52.6,53.47,75434
2008-06-16/00:00:00,53.0,53.99,52.0,52.79,142450
2008-06-17/00:00:00,52.1,53.5,52.1,52.97,117170
2008-06-18/00:00:00,53.8,53.8,51.7,52.47,99610
2008-06-19/00:00:00,52.01,52.75,50.5,51.78,17511
2008-06-22/00:00:00,52.49,53.0,51.01,51.85,16206
2008-06-23/00:00:00,51.25,52.0,51.09,51.83,25981
2008-06-24/00:00:00,51.5,54.8,51.5,53.63,103282
2008-06-25/00:00:00,54.0,54.0,49.13,51.54,38108
2008-06-26/00:00:00,48.6,52.0,46.0,50.28,56558
2008-06-29/00:00:00,50.0,51.0,49.0,49.26,34051
2008-06-30/00:00:00,48.05,48.55,46.03,47.37,154184
2008-07-02/00:00:00,49.73,49.73,46.56,47.47,72068
2008-07-03/00:00:00,49.6,49.65,44.4,45.28,111653
2008-07-06/00:00:00,45.0,45.0,43.3,43.95,56381
2008-07-07/00:00:00,44.0,44.0,39.5,40.2,268687
2008-07-08/00:00:00,40.1,43.0,38.21,40.58,231773
2008-07-09/00:00:00,42.0,44.0,40.05,42.89,474512
2008-07-10/00:00:00,42.5,46.99,42.02,45.35,263181
2008-07-13/00:00:00,44.51,46.4,42.1,44.12,143812
2008-07-14/00:00:00,43.7,45.3,43.7,44.39,78319
2008-07-15/00:00:00,45.15,45.9,43.99,44.92,157325
2008-07-16/00:00:00,44.18,45.4,43.03,44.3,138639
2008-07-17/00:00:00,44.85,45.39,43.13,44.11,86784
2008-07-20/00:00:00,44.6,45.25,43.8,44.42,52755
2008-07-21/00:00:00,44.01,44.7,42.0,43.49,63531
2008-07-22/00:00:00,41.25,43.29,41.25,42.07,284011
2008-07-24/00:00:00,42.88,44.49,42.86,43.79,21160
2008-07-27/00:00:00,44.0,46.46,44.0,45.47,85881
2008-07-28/00:00:00,46.39,49.39,46.15,47.96,152778
2008-07-29/00:00:00,49.15,49.15,44.0,45.48,150919
2008-07-30/00:00:00,45.4,46.49,43.1,44.7,42914
2008-07-31/00:00:00,45.07,46.0,44.17,44.96,32061
2008-08-03/00:00:00,44.51,44.52,42.51,43.97,10218
2008-08-04/00:00:00,42.51,43.5,42.0,42.28,56249
2008-08-05/00:00:00,43.01,43.69,42.42,42.98,6673
2008-08-06/00:00:00,42.61,45.79,42.6,44.18,41454
2008-08-07/00:00:00,45.69,45.97,44.01,45.01,29510
2008-08-10/00:00:00,45.96,46.0,44.0,44.44,11210
2008-08-11/00:00:00,44.25,44.25,42.0,43.09,143367
2008-08-12/00:00:00,43.1,44.0,43.0,43.38,18946
2008-08-13/00:00:00,42.2,43.5,41.55,42.41,36788
2008-08-14/00:00:00,43.99,46.0,43.99,45.21,49073
2008-08-17/00:00:00,46.48,47.0,45.01,45.91,24787
2008-08-18/00:00:00,45.0,46.0,45.0,45.88,16894
2008-08-19/00:00:00,45.02,45.9,43.0,44.93,180879
2008-08-20/00:00:00,43.85,43.99,43.0,43.64,2770
2008-08-21/00:00:00,43.51,45.5,43.0,43.43,4210
2008-08-24/00:00:00,43.3,43.85,43.3,43.58,435
2008-08-25/00:00:00,44.0,44.0,43.85,43.98,6100
2008-08-26/00:00:00,46.0,46.0,43.5,44.01,9715
2008-08-27/00:00:00,44.0,44.95,43.7,44.6,4708
2008-08-28/00:00:00,44.2,45.0,43.8,44.46,59980
2008-08-31/00:00:00,44.5,45.3,44.03,44.56,97058
2008-09-01/00:00:00,45.75,46.1,44.55,45.62,12616
2008-09-02/00:00:00,44.3,46.0,44.25,44.64,62835
2008-09-03/00:00:00,45.0,47.0,45.0,45.66,91703
2008-09-04/00:00:00,46.0,46.0,45.5,45.88,9292
2008-09-07/00:00:00,44.1,45.0,44.1,44.53,50120
2008-09-08/00:00:00,45.5,46.02,45.5,46.0,107741
2008-09-09/00:00:00,46.4,47.5,45.53,46.34,26955
2008-09-10/00:00:00,46.0,46.98,45.7,45.99,96786
2008-09-11/00:00:00,45.63,46.0,45.0,45.3,25800
2008-09-14/00:00:00,46.29,46.29,44.1,45.3,34617
2008-09-15/00:00:00,43.0,43.21,43.0,43.1,5430
2008-09-16/00:00:00,42.02,43.0,40.0,42.38,116947
2008-09-17/00:00:00,42.56,42.56,40.81,42.1,61685
2008-09-18/00:00:00,39.0,42.0,38.0,39.45,33128
2008-09-21/00:00:00,41.71,42.99,41.0,41.08,55266
2008-09-22/00:00:00,40.41,41.4,40.4,40.71,4145
2008-09-23/00:00:00,40.61,40.66,39.77,40.15,9694
2008-09-24/00:00:00,40.0,41.9,39.99,40.04,37054
2008-09-25/00:00:00,40.0,40.65,39.01,40.0,146544
2008-09-28/00:00:00,41.9,41.9,40.0,40.07,4683
2008-09-29/00:00:00,40.0,40.21,40.0,40.16,4704
2008-10-07/00:00:00,37.03,37.03,35.0,35.84,121148
2008-10-08/00:00:00,27.0,27.0,27.0,27.0,3921
2008-10-09/00:00:00,35.0,35.0,35.0,35.0,1400
2008-10-12/00:00:00,31.52,34.99,30.0,31.02,158780
2008-10-13/00:00:00,32.89,32.89,29.0,30.3,139936
2008-10-14/00:00:00,32.25,32.7,29.5,30.17,353844
2008-10-15/00:00:00,30.2,30.2,28.9,29.22,21703
2008-10-16/00:00:00,28.22,28.22,26.0,26.79,187862
2008-10-19/00:00:00,26.77,27.2,24.83,25.39,48685
2008-10-20/00:00:00,25.46,25.99,24.49,25.0,56407
2008-10-21/00:00:00,25.0,25.95,23.3,24.31,26073
2008-10-22/00:00:00,23.15,23.69,19.45,20.61,82134
2008-10-23/00:00:00,20.62,20.62,17.05,17.9,111525
2008-10-26/00:00:00,17.0,17.0,15.05,15.7,66191
2008-10-27/00:00:00,15.25,17.0,13.7,15.2,312501
2008-10-28/00:00:00,16.98,18.1,16.61,17.42,406278
2008-10-29/00:00:00,19.1,19.25,17.03,17.55,364886
2008-10-30/00:00:00,17.0,18.3,15.51,17.71,81556
2008-11-02/00:00:00,17.65,20.8,17.65,19.6,137547
2008-11-03/00:00:00,19.61,21.9,18.6,20.87,151847
2008-11-04/00:00:00,20.14,21.98,19.76,20.79,168932
2008-11-05/00:00:00,21.0,21.98,19.7,20.83,87979
2008-11-06/00:00:00,19.7,20.82,18.6,20.03,94372
2008-11-09/00:00:00,20.01,20.95,19.5,20.23,115816
2008-11-10/00:00:00,20.38,22.5,20.0,21.36,231434
2008-11-11/00:00:00,22.5,24.89,20.92,22.99,423337
2008-11-12/00:00:00,22.18,23.47,20.06,21.58,115710
2008-11-13/00:00:00,20.0,22.9,19.08,21.49,93640
2008-11-16/00:00:00,21.9,23.8,20.0,21.24,260138
2008-11-17/00:00:00,21.99,21.99,17.8,19.91,213215
2008-11-18/00:00:00,19.85,20.2,16.8,17.89,142550
2008-11-19/00:00:00,16.5,18.38,16.5,17.39,276714
2008-11-20/00:00:00,17.0,17.2,16.09,16.51,365588
2008-11-23/00:00:00,16.99,17.9,16.26,17.04,62223
2008-11-24/00:00:00,16.8,17.01,14.31,15.29,159549
2008-11-25/00:00:00,15.48,16.5,15.48,16.07,68918
2008-11-26/00:00:00,15.85,17.15,15.67,16.5,118662
2008-11-27/00:00:00,16.97,17.0,16.0,16.44,241944
2008-11-30/00:00:00,16.75,18.39,16.74,17.41,172040
2008-12-01/00:00:00,16.06,17.8,16.06,17.11,66147
2008-12-02/00:00:00,16.25,17.1,16.01,16.73,44475
2008-12-03/00:00:00,17.1,17.5,16.55,16.93,94013
2008-12-04/00:00:00,17.1,17.4,16.7,17.11,72385
2008-12-10/00:00:00,17.03,17.7,17.03,17.41,36624
2008-12-11/00:00:00,17.5,17.69,17.07,17.44,29087
2008-12-14/00:00:00,17.15,17.45,16.81,17.11,73146
2008-12-15/00:00:00,16.85,17.5,16.85,17.18,36962
2008-12-16/00:00:00,17.4,17.65,17.12,17.32,261285
2008-12-17/00:00:00,17.36,18.71,17.11,17.77,173150
2008-12-18/00:00:00,17.75,18.44,17.75,18.0,45600
2008-12-21/00:00:00,17.8,18.37,17.5,17.71,5439
2008-12-22/00:00:00,18.3,18.3,17.01,17.45,26864
2008-12-23/00:00:00,17.26,17.42,16.9,17.09,20055
2008-12-24/00:00:00,16.8,17.08,16.75,16.84,13571
2008-12-25/00:00:00,17.0,17.23,16.51,16.84,32887
2008-12-28/00:00:00,16.41,16.82,16.41,16.55,9994
2008-12-30/00:00:00,16.99,17.08,16.41,16.78,69071
2008-12-31/00:00:00,16.6,16.93,16.31,16.55,21487
2009-01-04/00:00:00,16.89,17.4,16.71,17.0,56300
2009-01-05/00:00:00,17.0,17.9,16.99,17.45,83865
2009-01-06/00:00:00,17.41,17.7,17.0,17.18,185341
2009-01-08/00:00:00,17.0,17.59,17.0,17.34,64091
2009-01-11/00:00:00,17.2,18.7,17.2,18.22,203864
2009-01-12/00:00:00,18.01,18.49,17.57,17.98,76965
2009-01-13/00:00:00,17.99,18.15,16.91,17.43,124283
2009-01-14/00:00:00,17.6,17.69,16.93,17.3,119716
2009-01-15/00:00:00,16.94,17.2,16.31,16.64,95770
2009-01-18/00:00:00,16.8,16.9,16.4,16.58,50694
2009-01-19/00:00:00,16.97,16.97,15.61,16.18,59027
2009-01-20/00:00:00,15.62,16.09,14.5,15.05,84515
2009-01-21/00:00:00,14.61,14.61,13.86,14.04,46576
2009-01-22/00:00:00,15.0,15.0,13.3,13.85,137001
2009-01-25/00:00:00,13.05,13.69,12.1,13.07,39997
2009-01-26/00:00:00,12.91,13.3,12.15,12.67,52860
2009-01-27/00:00:00,13.5,14.1,13.21,13.66,163331
2009-01-28/00:00:00,13.91,14.2,13.42,13.64,147635
2009-01-29/00:00:00,14.0,14.0,13.25,13.58,130648
2009-02-01/00:00:00,13.21,13.48,12.34,12.7,80517
2009-02-02/00:00:00,12.41,12.77,10.3,11.7,342122
2009-02-03/00:00:00,10.5,11.37,10.5,10.95,204965
2009-02-04/00:00:00,11.3,11.3,10.0,10.56,264628
2009-02-05/00:00:00,9.92,10.35,9.13,9.47,273683
2009-02-08/00:00:00,9.55,9.89,9.02,9.41,119990
2009-02-09/00:00:00,9.02,9.17,8.6,8.9,120669
2009-02-10/00:00:00,9.0,9.43,9.0,9.22,116929
2009-02-11/00:00:00,8.93,10.4,8.88,9.56,468709
2009-02-12/00:00:00,9.98,10.0,9.6,9.74,215110
2009-02-15/00:00:00,9.92,10.2,9.68,9.85,305997
2009-02-16/00:00:00,10.23,10.23,9.73,9.98,173932
2009-02-17/00:00:00,9.75,10.0,9.11,9.72,312012
2009-02-18/00:00:00,9.1,9.41,8.95,9.11,80323
2009-02-19/00:00:00,9.28,9.43,9.05,9.21,77844
2009-02-22/00:00:00,9.18,9.28,8.89,9.05,282080
2009-02-23/00:00:00,9.24,9.34,8.94,9.07,108896
2009-02-24/00:00:00,8.89,9.06,8.61,8.79,83869
2009-02-25/00:00:00,8.9,9.09,8.81,8.95,93893
2009-02-26/00:00:00,9.0,9.0,8.71,8.86,192069
2009-03-01/00:00:00,8.97,9.29,8.95,9.08,79963
2009-03-02/00:00:00,9.05,9.05,8.66,8.77,107899
2009-03-03/00:00:00,8.55,8.87,8.4,8.69,566715
2009-03-04/00:00:00,8.85,8.93,8.67,8.82,107639
2009-03-05/00:00:00,8.98,9.16,8.8,9.01,140477
2009-03-08/00:00:00,8.99,9.09,8.88,8.98,70995
2009-03-10/00:00:00,9.1,9.11,8.86,9.0,84271
2009-03-11/00:00:00,9.09,9.22,8.93,9.1,114590
2009-03-12/00:00:00,8.93,9.16,8.91,9.05,68263
2009-03-15/00:00:00,9.25,9.55,9.12,9.38,184935
2009-03-16/00:00:00,9.56,9.63,9.26,9.48,106926
2009-03-17/00:00:00,9.5,10.69,9.4,10.2,441567
2009-03-18/00:00:00,10.45,10.88,10.26,10.51,192228
2009-03-19/00:00:00,10.35,10.63,10.26,10.47,259531
2009-03-22/00:00:00,10.49,11.0,10.3,10.69,207565
2009-03-23/00:00:00,10.91,11.35,10.61,10.95,246717
2009-03-24/00:00:00,11.41,11.6,10.65,11.08,164033
2009-03-25/00:00:00,10.75,11.18,10.25,10.82,200202
2009-03-26/00:00:00,11.16,11.58,10.9,11.23,353821
2009-03-29/00:00:00,11.5,12.97,11.15,12.26,271708
2009-03-30/00:00:00,12.41,12.83,10.51,11.88,306466
2009-03-31/00:00:00,11.0,11.45,10.01,10.9,179794
2009-04-01/00:00:00,11.49,11.86,10.67,11.37,216588
2009-04-02/00:00:00,11.82,11.98,11.37,11.71,233390
2009-04-05/00:00:00,12.39,14.77,12.35,13.32,763312
2009-04-06/00:00:00,14.5,14.5,13.13,14.03,655931
2009-04-07/00:00:00,13.9,14.8,13.66,14.09,530745
2009-04-08/00:00:00,13.66,13.9,13.13,13.53,246114
2009-04-09/00:00:00,14.05,14.77,13.7,14.17,389794
2009-04-12/00:00:00,14.96,17.95,14.96,16.7,423513
2009-04-13/00:00:00,16.99,16.99,14.9,15.79,476940
2009-04-14/00:00:00,16.5,17.0,16.0,16.36,279709
2009-04-15/00:00:00,16.38,16.89,14.95,15.81,263866
2009-04-16/00:00:00,15.95,16.66,15.11,15.91,107978
2009-04-21/00:00:00,15.91,16.25,15.51,15.79,76825
2009-04-22/00:00:00,16.0,16.29,15.66,15.89,169822
2009-04-23/00:00:00,15.81,16.0,15.43,15.79,296331
2009-04-26/00:00:00,12.76,13.2,12.76,13.2,98730
2009-04-27/00:00:00,16.05,16.3,15.62,15.99,287117
2009-04-28/00:00:00,15.65,16.0,15.25,15.72,44930
2009-04-29/00:00:00,15.94,16.08,15.61,15.9,44585
2009-04-30/00:00:00,16.0,16.97,16.0,16.5,210702
2009-05-03/00:00:00,16.9,17.2,16.26,16.72,125747
2009-05-04/00:00:00,16.31,16.59,16.0,16.23,149325
2009-05-05/00:00:00,16.5,16.75,16.02,16.4,123402
2009-05-06/00:00:00,16.75,16.98,16.12,16.69,98730
2009-05-07/00:00:00,16.8,17.49,16.51,17.07,209674
2009-05-10/00:00:00,17.05,17.84,16.89,17.18,383871
2009-05-11/00:00:00,17.25,17.74,16.3,17.2,310947
2009-05-12/00:00:00,17.0,19.65,17.0,18.45,501649
2009-05-13/00:00:00,18.9,19.0,17.2,18.04,350410
2009-05-14/00:00:00,17.43,18.59,16.65,17.29,465970
2009-05-17/00:00:00,17.8,18.5,17.45,17.77,177280
2009-05-18/00:00:00,18.25,18.37,17.31,17.8,261194
2009-05-19/00:00:00,17.99,18.8,17.65,18.23,908670
2009-05-20/00:00:00,18.5,19.51,18.3,19.03,969978
2009-05-21/00:00:00,18.5,18.9,16.85,18.1,295655
2009-05-24/00:00:00,18.01,18.88,17.2,18.33,310910
2009-05-25/00:00:00,18.72,18.79,18.02,18.48,170310
2009-05-26/00:00:00,18.8,19.5,18.5,19.16,657042
2009-05-27/00:00:00,19.56,21.42,19.0,20.58,1108972
2009-05-28/00:00:00,21.15,22.49,20.0,20.91,868626
2009-05-31/00:00:00,21.5,23.9,21.3,22.59,359261
2009-06-01/00:00:00,23.8,24.9,22.9,23.44,412951
2009-06-02/00:00:00,23.3,23.7,21.0,21.85,485093
2009-06-03/00:00:00,21.51,24.99,21.51,23.36,409273
2009-06-04/00:00:00,23.75,25.5,23.4,24.87,710471
2009-06-07/00:00:00,25.4,25.5,24.05,24.99,322426
2009-06-08/00:00:00,24.51,25.49,24.5,24.97,177550
2009-06-09/00:00:00,25.24,25.64,24.66,25.07,162293
2009-06-10/00:00:00,25.4,27.7,25.25,27.07,274246
2009-06-11/00:00:00,27.29,27.8,25.96,27.05,566812
2009-06-14/00:00:00,27.0,27.8,26.67,27.08,97594
2009-06-15/00:00:00,27.1,27.19,26.59,27.0,133524
2009-06-16/00:00:00,26.85,27.2,26.25,27.04,114342
2009-06-17/00:00:00,27.0,27.18,26.0,26.85,248454
2009-06-18/00:00:00,26.21,26.87,25.5,26.16,217351
2009-06-21/00:00:00,26.6,27.19,25.8,26.76,197584
2009-06-22/00:00:00,26.06,26.8,25.71,26.25,149704
2009-06-23/00:00:00,25.51,26.98,23.8,24.43,89416
2009-06-24/00:00:00,23.3,24.94,21.52,23.14,42886
2009-06-25/00:00:00,23.0,23.0,21.5,22.04,79542
2009-06-28/00:00:00,22.04,23.0,21.62,22.42,28960
2009-06-29/00:00:00,23.36,24.1,22.9,23.78,26834
2009-06-30/00:00:00,23.81,24.79,23.81,24.41,23360
2009-07-02/00:00:00,24.98,26.5,24.5,25.63,106438
2009-07-05/00:00:00,25.95,26.5,25.15,25.84,28938
2009-07-06/00:00:00,25.51,25.51,24.0,24.74,20245
2009-07-07/00:00:00,25.46,25.49,24.57,24.96,33941
2009-07-08/00:00:00,24.67,24.67,23.53,23.93,26838
2009-07-09/00:00:00,24.0,24.0,23.0,23.55,20805
2009-07-12/00:00:00,23.5,23.61,22.65,23.01,18306
2009-07-13/00:00:00,23.35,24.4,22.48,22.92,33384
2009-07-14/00:00:00,23.11,23.5,23.06,23.32,17786
2009-07-15/00:00:00,23.8,25.18,23.8,24.78,112675
2009-07-16/00:00:00,25.0,26.0,25.0,25.42,59098
2009-07-19/00:00:00,26.0,26.0,24.6,25.28,24939
2009-07-20/00:00:00,25.01,25.3,24.0,24.96,48173
2009-07-21/00:00:00,25.15,25.17,24.62,24.92,34000
2009-07-22/00:00:00,24.98,25.5,24.24,25.09,58749
2009-07-26/00:00:00,25.25,26.26,25.01,25.54,32777
2009-07-27/00:00:00,25.3,25.3,24.61,24.94,17959
2009-07-28/00:00:00,24.9,24.9,24.01,24.45,39854
2009-07-29/00:00:00,24.88,25.81,24.01,24.84,248540
2009-07-30/00:00:00,25.87,27.45,25.31,26.86,284032
2009-08-02/00:00:00,27.9,28.4,26.75,27.16,122138
2009-08-03/00:00:00,26.76,27.0,26.0,26.82,84790
2009-08-04/00:00:00,27.25,27.25,25.75,26.22,120525
2009-08-05/00:00:00,26.79,27.59,25.77,26.74,104784
2009-08-06/00:00:00,26.71,27.7,26.5,27.06,70266
2009-08-09/00:00:00,27.89,28.1,26.26,26.97,77384
2009-08-10/00:00:00,26.42,27.25,25.67,26.55,64740
2009-08-11/00:00:00,26.75,26.79,25.06,25.91,66031
2009-08-12/00:00:00,25.51,26.4,25.09,25.6,71612
2009-08-13/00:00:00,26.5,27.3,26.26,26.76,74537
2009-08-16/00:00:00,27.0,27.4,25.92,26.27,46924
2009-08-17/00:00:00,26.5,26.5,25.58,25.77,62800
2009-08-18/00:00:00,26.1,26.15,25.42,25.81,25130
2009-08-19/00:00:00,25.5,26.2,24.0,24.64,95262
2009-08-20/00:00:00,25.0,25.5,25.0,25.05,40320
2009-08-23/00:00:00,25.51,25.9,25.12,25.54,47787
2009-08-24/00:00:00,26.22,26.48,25.8,26.11,38235
2009-08-25/00:00:00,26.0,26.3,26.0,26.04,34696
2009-08-26/00:00:00,26.01,26.3,25.26,26.09,41213
2009-08-27/00:00:00,26.2,26.98,25.63,26.4,22456
2009-08-30/00:00:00,26.0,26.43,25.6,25.95,34119
2009-08-31/00:00:00,25.95,27.36,25.5,26.27,136486
2009-09-01/00:00:00,25.82,26.25,25.31,25.64,14142
2009-09-02/00:00:00,25.25,25.88,24.9,25.28,45752
2009-09-03/00:00:00,25.3,25.9,25.25,25.4,45040
2009-09-06/00:00:00,25.32,26.38,25.3,25.98,37145
2009-09-07/00:00:00,26.0,26.5,25.6,26.1,116447
2009-09-08/00:00:00,26.2,29.46,26.2,27.99,566735
2009-09-09/00:00:00,28.3,28.75,27.02,27.98,289707
2009-09-10/00:00:00,27.9,27.9,26.75,27.28,147181
2009-09-13/00:00:00,28.0,28.8,27.32,28.12,171463
2009-09-14/00:00:00,27.62,28.0,27.04,27.56,101264
2009-09-15/00:00:00,27.5,28.0,27.14,27.51,92470
2009-09-16/00:00:00,27.9,27.9,27.05,27.34,37393
2009-09-17/00:00:00,27.41,27.68,27.2,27.4,66878
2009-09-22/00:00:00,27.3,28.0,27.3,27.8,93560
2009-09-23/00:00:00,28.03,28.58,27.91,28.16,404965
2009-09-24/00:00:00,28.0,28.19,27.53,27.98,155146
2009-09-27/00:00:00,28.0,28.19,27.35,27.68,118558
2009-09-28/00:00:00,27.21,27.69,27.1,27.45,90948
2009-09-29/00:00:00,27.97,28.1,27.1,27.65,191693
2009-09-30/00:00:00,27.5,27.5,26.91,27.07,106459
2009-10-01/00:00:00,27.03,29.47,27.02,28.62,608054
2009-10-04/00:00:00,28.1,31.5,28.0,30.07,765156
2009-10-05/00:00:00,29.7,30.98,28.0,29.18,376009
2009-10-07/00:00:00,29.5,30.14,27.5,28.65,307485
2009-10-08/00:00:00,28.44,28.6,27.5,28.09,302195
2009-10-11/00:00:00,28.47,29.67,28.0,28.89,498796
2009-10-12/00:00:00,28.33,28.9,27.52,28.15,252805
2009-10-13/00:00:00,27.55,27.98,26.9,27.35,191542
2009-10-14/00:00:00,27.98,28.89,27.9,28.3,252071
2009-10-15/00:00:00,28.4,28.77,27.64,28.11,223470
2009-10-18/00:00:00,28.01,28.4,27.6,28.04,103353
2009-10-19/00:00:00,28.35,28.7,27.65,28.18,351892
2009-10-20/00:00:00,28.09,28.35,27.35,27.7,216622
2009-10-21/00:00:00,27.44,27.6,27.04,27.28,119318
2009-10-22/00:00:00,27.12,27.49,26.6,27.0,247739
2009-10-25/00:00:00,27.12,27.5,27.0,27.13,65843
2009-10-26/00:00:00,27.29,27.73,26.68,27.09,143148
2009-10-27/00:00:00,26.99,26.99,25.9,26.26,71109
2009-10-28/00:00:00,26.49,26.78,24.1,25.38,140880
2009-10-29/00:00:00,24.05,24.74,23.77,24.21,185713
2009-11-01/00:00:00,24.02,24.02,23.0,23.23,88588
2009-11-02/00:00:00,23.01,24.75,23.0,24.05,248001
2009-11-03/00:00:00,24.23,24.23,23.02,23.42,185230
2009-11-04/00:00:00,23.89,24.6,23.41,24.02,184262
2009-11-05/00:00:00,24.02,24.2,23.48,23.77,123034
2009-11-08/00:00:00,24.6,24.73,23.77,24.3,157290
2009-11-09/00:00:00,24.29,24.51,23.87,24.1,298476
2009-11-10/00:00:00,24.49,25.5,24.49,25.2,554195
2009-11-11/00:00:00,25.0,25.35,24.81,25.02,190563
2009-11-12/00:00:00,24.85,25.34,24.4,24.82,80554
2009-11-15/00:00:00,25.29,25.29,24.23,24.5,125466
2009-11-16/00:00:00,24.98,24.99,24.25,24.51,118731
2009-11-17/00:00:00,24.4,24.65,23.85,24.17,353594
2009-11-18/00:00:00,23.56,24.2,23.41,24.0,533846
2009-11-19/00:00:00,23.81,24.9,23.8,24.39,161480
2009-11-22/00:00:00,24.06,24.69,24.01,24.49,167649
2009-11-23/00:00:00,24.5,24.99,24.44,24.79,283465
2009-11-24/00:00:00,24.99,25.46,24.61,24.95,120059
2009-11-25/00:00:00,24.9,25.0,24.5,24.59,175772
2009-11-30/00:00:00,24.25,24.25,21.01,22.65,368963
2009-12-01/00:00:00,22.4,23.23,22.4,23.0,112123
2009-12-02/00:00:00,23.18,23.88,23.1,23.61,91531
2009-12-03/00:00:00,24.0,24.85,24.0,24.41,129649
2009-12-06/00:00:00,24.24,25.22,24.11,24.68,82736
2009-12-07/00:00:00,24.17,24.17,23.71,23.97,85611
2009-12-08/00:00:00,24.19,24.5,23.86,24.06,173080
2009-12-09/00:00:00,23.61,24.1,23.25,23.51,82603
2009-12-10/00:00:00,23.98,24.2,23.62,23.94,35219
2009-12-13/00:00:00,24.47,24.9,24.07,24.35,45803
2009-12-14/00:00:00,24.3,24.37,24.0,24.06,84196
2009-12-15/00:00:00,23.9,24.65,23.9,24.48,99201
2009-12-16/00:00:00,24.5,24.78,24.36,24.52,20959
2009-12-17/00:00:00,24.5,24.7,24.14,24.5,46182
2009-12-20/00:00:00,24.77,24.8,24.3,24.59,16175
2009-12-21/00:00:00,24.5,25.05,24.49,24.86,55715
2009-12-22/00:00:00,25.0,25.09,24.5,24.65,45668
2009-12-23/00:00:00,24.5,24.7,24.4,24.54,17076
2009-12-24/00:00:00,24.54,24.6,24.5,24.51,20994
2009-12-27/00:00:00,24.98,25.0,24.5,24.54,41225
2009-12-28/00:00:00,24.15,24.7,24.01,24.34,37200
2009-12-29/00:00:00,24.41,24.88,24.4,24.52,10041
2009-12-30/00:00:00,24.53,24.61,24.5,24.53,25051
2009-12-31/00:00:00,24.13,24.88,24.13,24.65,21653
2010-01-03/00:00:00,24.97,26.88,24.95,25.88,53118
2010-01-04/00:00:00,25.88,27.0,25.88,26.39,62768
2010-01-05/00:00:00,26.8,26.8,26.15,26.45,13548
2010-01-06/00:00:00,26.01,26.78,25.75,26.08,18782
2010-01-10/00:00:00,26.16,26.5,26.08,26.24,30436
2010-01-11/00:00:00,26.05,26.4,25.75,26.0,118528
2010-01-12/00:00:00,25.99,26.89,25.64,26.11,112990
2010-01-13/00:00:00,25.71,26.24,25.62,25.94,81692
2010-01-14/00:00:00,26.03,26.22,25.93,26.03,16190
2010-01-17/00:00:00,26.33,27.0,26.19,26.53,23081
2010-01-18/00:00:00,26.13,27.28,26.13,26.87,175380
2010-01-19/00:00:00,27.45,28.0,27.27,27.69,143766
2010-01-20/00:00:00,27.7,27.93,27.35,27.61,74347
2010-01-21/00:00:00,27.52,29.0,27.4,28.48,154074
2010-01-24/00:00:00,27.83,29.25,27.0,28.56,201863
2010-01-26/00:00:00,27.57,28.2,27.36,27.67,73706
2010-01-27/00:00:00,27.8,28.5,27.64,28.14,33515
2010-01-28/00:00:00,28.25,28.82,27.81,28.18,27860
2010-01-31/00:00:00,27.67,27.85,27.04,27.2,49675
2010-02-01/00:00:00,27.79,27.79,27.06,27.3,7500
2010-02-02/00:00:00,27.77,28.0,27.25,27.43,15285
2010-02-03/00:00:00,27.75,27.99,27.33,27.67,49171
2010-02-04/00:00:00,27.7,27.87,27.11,27.39,12111
2010-02-07/00:00:00,27.11,27.49,26.56,27.11,11545
2010-02-08/00:00:00,26.9,27.85,26.9,27.33,17140
2010-02-09/00:00:00,27.3,27.69,27.3,27.45,80331
2010-02-10/00:00:00,27.88,28.5,27.6,28.05,117354
2010-02-11/00:00:00,28.0,28.43,27.45,27.8,58369
2010-02-14/00:00:00,27.75,28.4,27.6,27.77,28650
2010-02-15/00:00:00,27.6,28.3,27.6,27.92,25615
2010-02-16/00:00:00,28.24,28.24,27.82,27.97,31511
2010-02-17/00:00:00,28.01,28.1,27.6,27.97,80337
2010-02-18/00:00:00,27.64,27.87,27.64,27.66,17228
2010-02-21/00:00:00,27.57,27.65,27.4,27.56,30021
2010-02-22/00:00:00,27.25,27.73,27.25,27.52,33690
2010-02-23/00:00:00,27.71,27.71,27.3,27.33,26277
2010-02-24/00:00:00,27.25,27.87,27.25,27.45,36451
2010-02-25/00:00:00,27.25,28.1,27.25,27.91,41943
2010-02-28/00:00:00,28.0,28.0,27.5,27.8,20712
2010-03-01/00:00:00,27.7,27.89,27.6,27.75,221898
2010-03-02/00:00:00,27.5,27.57,27.5,27.51,31645
2010-03-03/00:00:00,27.91,28.99,27.51,28.36,113390
2010-03-04/00:00:00,28.03,30.06,28.03,29.43,165065
2010-03-07/00:00:00,29.16,29.9,28.9,29.25,87721
2010-03-08/00:00:00,29.0,29.9,28.37,29.04,133408
2010-03-09/00:00:00,29.0,29.32,28.71,29.05,51671
2010-03-10/00:00:00,29.79,30.5,29.79,30.08,90791
2010-03-11/00:00:00,30.31,31.45,30.31,31.07,95119
2010-03-14/00:00:00,30.55,31.0,30.0,30.58,60200
2010-03-15/00:00:00,30.0,30.31,28.73,29.89,185088
2010-03-16/00:00:00,29.98,30.98,29.98,30.49,23888
2010-03-17/00:00:00,30.5,34.0,30.5,32.76,353909
2010-03-18/00:00:00,33.49,36.5,33.26,35.08,297252
2010-03-21/00:00:00,36.0,36.75,33.85,35.0,47033
2010-03-22/00:00:00,34.11,35.2,33.2,34.18,31816
2010-03-23/00:00:00,34.99,36.7,34.99,35.97,159992
2010-03-24/00:00:00,35.95,36.1,34.49,35.24,94528
2010-03-25/00:00:00,35.75,35.89,34.51,34.86,55471
2010-03-28/00:00:00,35.89,36.25,35.32,35.94,54469
2010-03-29/00:00:00,35.6,36.0,35.6,35.91,76312
2010-03-30/00:00:00,35.5,35.9,35.5,35.65,82445
2010-03-31/00:00:00,35.46,36.0,35.44,35.94,30035
2010-04-01/00:00:00,36.25,37.73,35.72,36.01,856904
2010-04-06/00:00:00,37.5,37.5,36.7,36.96,218283
2010-04-07/00:00:00,36.27,37.9,36.27,37.31,93738
2010-04-08/00:00:00,37.0,37.0,36.15,36.85,177005
2010-04-11/00:00:00,36.9,37.88,36.5,36.98,41013
2010-04-12/00:00:00,36.67,36.98,36.0,36.33,48486
2010-04-13/00:00:00,36.0,36.39,36.0,36.12,3244
2010-04-14/00:00:00,36.25,36.8,36.0,36.24,94793
2010-04-15/00:00:00,36.21,36.75,36.0,36.25,411445
2010-04-18/00:00:00,36.5,36.88,36.1,36.63,24470
2010-04-19/00:00:00,36.25,36.79,35.0,36.04,104509
2010-04-20/00:00:00,36.37,36.38,35.56,35.96,63017
2010-04-21/00:00:00,36.0,36.5,35.5,35.94,20015
2010-04-22/00:00:00,35.95,36.5,35.95,36.08,73603
2010-04-26/00:00:00,36.96,37.0,36.21,36.73,408727
2010-04-27/00:00:00,35.81,35.91,35.02,35.85,83749
2010-04-28/00:00:00,35.15,35.8,35.15,35.68,11192
2010-04-29/00:00:00,35.55,35.55,35.0,35.06,88152
2010-05-02/00:00:00,34.81,35.8,34.81,35.5,136391
2010-05-03/00:00:00,35.51,36.25,35.5,35.78,83243
2010-05-04/00:00:00,35.98,36.9,35.5,36.01,602893
2010-05-05/00:00:00,36.5,39.0,36.0,36.35,634980
2010-05-06/00:00:00,38.0,39.0,37.05,38.36,222519
2010-05-09/00:00:00,36.5,36.95,35.27,36.46,39328
2010-05-10/00:00:00,36.8,39.0,36.6,38.33,51595
2010-05-11/00:00:00,38.5,38.99,37.51,38.13,268771
2010-05-12/00:00:00,38.0,39.79,38.0,39.04,167325
2010-05-13/00:00:00,39.6,43.0,39.6,41.56,297924
2010-05-16/00:00:00,42.0,43.05,41.49,42.4,125515
2010-05-17/00:00:00,43.8,43.8,40.8,41.52,75366
2010-05-18/00:00:00,42.5,43.0,35.0,41.59,131465
2010-05-19/00:00:00,41.01,41.01,36.4,38.14,160033
2010-05-20/00:00:00,37.5,39.46,37.5,38.38,36888
2010-05-23/00:00:00,38.38,38.9,38.0,38.24,27334
2010-05-24/00:00:00,39.0,39.02,37.5,38.23,62010
2010-05-25/00:00:00,37.0,37.39,35.0,36.14,276894
2010-05-26/00:00:00,36.11,38.5,36.11,37.93,170644
2010-05-27/00:00:00,38.49,39.97,38.0,39.19,21909
2010-05-30/00:00:00,39.99,40.5,38.51,39.45,36932
2010-05-31/00:00:00,38.21,40.15,38.0,39.89,44627
2010-06-01/00:00:00,39.89,40.8,38.58,39.73,131894
2010-06-02/00:00:00,40.0,40.48,39.99,40.02,157570
2010-06-03/00:00:00,40.95,41.74,40.0,40.29,32737
2010-06-06/00:00:00,39.89,40.16,39.89,39.99,135171
2010-06-07/00:00:00,39.09,39.74,38.6,39.21,24804
2010-06-08/00:00:00,39.3,39.5,39.0,39.14,33281
2010-06-09/00:00:00,39.5,40.25,39.5,39.84,62302
2010-06-10/00:00:00,39.13,40.4,39.0,39.83,61307
2010-06-13/00:00:00,40.82,41.04,39.11,40.09,103123
2010-06-14/00:00:00,40.0,40.39,39.51,40.03,36521
2010-06-15/00:00:00,39.01,40.0,39.0,39.38,29400
2010-06-16/00:00:00,40.0,42.0,40.0,40.77,224640
2010-06-17/00:00:00,41.85,44.47,41.85,43.14,296206
2010-06-20/00:00:00,43.9,44.01,42.5,43.05,35100
2010-06-21/00:00:00,43.49,43.49,42.55,43.01,11983
2010-06-22/00:00:00,42.12,43.49,42.12,42.97,28705
2010-06-23/00:00:00,42.79,42.89,42.02,42.49,4366
2010-06-24/00:00:00,41.89,42.4,41.0,41.9,11673
2010-06-27/00:00:00,40.8,40.8,40.8,40.8,108
2010-06-28/00:00:00,41.0,41.2,40.82,40.99,18250
2010-06-29/00:00:00,40.56,40.56,39.13,39.98,17338
2010-06-30/00:00:00,39.02,39.4,39.01,39.22,9898
2010-07-04/00:00:00,38.5,39.9,38.01,38.84,2063
2010-07-05/00:00:00,38.2,40.0,38.2,39.41,36760
2010-07-06/00:00:00,41.0,41.7,40.1,41.02,45822
2010-07-07/00:00:00,40.0,40.27,39.5,39.75,4784
2010-07-08/00:00:00,40.25,41.24,39.05,39.99,116429
2010-07-12/00:00:00,39.11,39.11,39.0,39.01,12156
2010-07-13/00:00:00,39.85,40.0,38.54,39.6,21072
2010-07-14/00:00:00,39.35,39.75,39.0,39.66,51982
2010-07-15/00:00:00,40.0,40.7,39.2,39.89,36688
2010-07-18/00:00:00,39.13,39.13,39.01,39.03,1044
2010-07-19/00:00:00,39.05,40.47,39.05,39.94,8708
2010-07-20/00:00:00,39.51,40.0,38.5,39.33,17898
2010-07-21/00:00:00,39.45,39.5,38.6,39.0,13024
2010-07-22/00:00:00,38.51,39.0,38.5,38.8,12019
2010-07-25/00:00:00,39.69,39.69,38.5,38.54,9070
2010-07-26/00:00:00,39.0,39.0,38.68,38.99,27017
2010-07-27/00:00:00,39.0,39.65,38.8,39.02,30115
2010-07-28/00:00:00,39.48,40.0,38.5,39.07,33315
2010-07-29/00:00:00,39.0,39.47,38.61,38.99,277866
2010-08-01/00:00:00,39.1,40.35,39.05,39.7,73279
2010-08-02/00:00:00,39.1,40.33,39.1,40.05,160855
2010-08-03/00:00:00,40.24,41.0,39.61,40.05,284555
2010-08-04/00:00:00,39.7,40.7,39.5,39.9,11065
2010-08-05/00:00:00,39.22,40.5,39.22,39.96,44008
2010-08-08/00:00:00,39.2,39.75,39.19,39.33,3475
2010-08-09/00:00:00,39.9,40.19,39.3,39.94,110987
2010-08-10/00:00:00,39.51,40.2,39.4,39.77,32529
2010-08-11/00:00:00,39.45,40.0,39.3,39.64,150910
2010-08-12/00:00:00,39.5,39.94,39.01,39.53,21970
2010-08-15/00:00:00,39.51,39.51,39.1,39.41,5711
2010-08-16/00:00:00,39.2,39.49,39.15,39.31,1997
2010-08-17/00:00:00,39.36,39.5,39.24,39.5,238422
2010-08-18/00:00:00,39.46,39.51,39.1,39.49,142300
2010-08-19/00:00:00,39.1,39.5,39.1,39.41,18357
2010-08-22/00:00:00,39.11,39.11,39.05,39.08,2775
2010-08-23/00:00:00,39.3,39.3,39.0,39.05,17882
2010-08-24/00:00:00,39.11,39.2,38.87,39.0,29812
2010-08-25/00:00:00,39.0,39.0,38.8,38.89,46753
2010-08-26/00:00:00,38.99,39.73,38.99,39.05,81171
2010-08-29/00:00:00,39.83,39.83,39.06,39.21,4604
2010-08-30/00:00:00,39.11,39.39,38.12,38.45,4835
2010-08-31/00:00:00,38.98,39.0,37.5,37.86,73133
2010-09-01/00:00:00,38.49,38.6,38.01,38.44,20875
2010-09-02/00:00:00,38.5,38.5,37.5,38.06,89549
2010-09-05/00:00:00,37.81,37.9,37.02,37.53,13697
2010-09-06/00:00:00,37.42,38.0,37.4,37.95,66158
2010-09-07/00:00:00,37.5,37.5,37.03,37.43,13006
2010-09-08/00:00:00,37.35,37.53,37.0,37.05,69804
2010-09-13/00:00:00,37.3,37.98,37.3,37.5,267210
2010-09-14/00:00:00,37.53,39.48,37.5,37.64,419028
2010-09-15/00:00:00,37.81,38.0,37.72,37.85,117601
2010-09-16/00:00:00,37.75,38.0,37.6,37.88,46356
2010-09-19/00:00:00,37.88,38.24,37.85,37.95,19458
2010-09-20/00:00:00,38.02,38.5,37.99,38.01,100837
2010-09-21/00:00:00,38.45,38.55,38.0,38.46,47285
2010-09-22/00:00:00,38.49,38.9,38.49,38.65,81835
2010-09-23/00:00:00,38.52,40.4,38.52,39.95,198432
2010-09-26/00:00:00,40.0,40.45,39.7,39.98,16724
2010-09-27/00:00:00,39.94,44.5,39.94,42.61,237155
2010-09-28/00:00:00,42.9,43.51,42.01,43.13,128688
2010-09-29/00:00:00,43.48,44.3,43.28,43.95,314038
2010-09-30/00:00:00,43.36,44.05,43.34,43.8,69679
2010-10-03/00:00:00,44.0,46.05,44.0,45.31,117462
2010-10-04/00:00:00,46.5,48.08,46.01,47.43,189299
2010-10-05/00:00:00,47.06,55.0,47.06,49.22,539371
2010-10-07/00:00:00,49.4,50.0,47.52,49.03,216160
2010-10-10/00:00:00,49.5,49.97,48.5,49.07,104580
2010-10-11/00:00:00,49.0,51.45,49.0,50.11,173877
2010-10-12/00:00:00,50.56,50.57,49.55,50.0,131370
2010-10-13/00:00:00,50.0,50.0,48.0,48.76,115975
2010-10-14/00:00:00,48.97,50.0,48.6,49.5,186122
2010-10-17/00:00:00,46.01,47.0,46.0,46.21,10015
2010-10-18/00:00:00,48.99,49.29,48.05,49.0,190886
2010-10-19/00:00:00,49.03,50.8,49.0,49.67,82853
2010-10-20/00:00:00,49.01,49.5,49.0,49.03,51815
2010-10-21/00:00:00,49.1,49.83,49.0,49.16,12217
2010-10-24/00:00:00,49.84,50.0,49.01,49.93,218651
2010-10-25/00:00:00,49.0,49.49,48.72,49.0,15236
2010-10-26/00:00:00,48.61,50.0,48.61,49.92,206507
2010-10-27/00:00:00,49.48,49.49,48.24,49.04,70649
2010-10-28/00:00:00,49.4,49.4,47.61,48.63,276965
2010-10-31/00:00:00,47.62,47.99,47.5,47.66,4675
2010-11-01/00:00:00,47.25,47.25,44.12,45.25,108747
2010-11-02/00:00:00,44.18,45.97,44.13,44.89,50345
2010-11-03/00:00:00,45.0,45.97,45.0,45.46,156247
2010-11-04/00:00:00,45.5,46.48,45.5,46.0,27331
2010-11-07/00:00:00,46.9,47.12,46.06,46.58,36949
2010-11-08/00:00:00,46.53,47.4,46.0,46.36,221610
2010-11-09/00:00:00,46.01,46.01,45.07,45.63,17887
2010-11-10/00:00:00,46.0,46.0,45.06,45.51,42780
2010-11-11/00:00:00,45.03,46.0,44.32,44.96,461726
2010-11-14/00:00:00,45.0,47.0,45.0,45.45,8170
2010-11-18/00:00:00,45.05,45.97,45.02,45.26,210205
2010-11-21/00:00:00,46.94,46.95,46.0,46.44,17724
2010-11-22/00:00:00,46.5,46.9,46.1,46.52,99872
2010-11-23/00:00:00,46.8,46.8,45.5,46.17,304199
2010-11-24/00:00:00,46.7,46.7,45.5,45.51,5151
2010-11-25/00:00:00,46.39,46.39,45.51,45.51,5
2010-11-28/00:00:00,46.48,46.49,45.26,45.95,1812
2010-11-29/00:00:00,45.75,46.4,45.55,46.17,59525
2010-11-30/00:00:00,45.0,46.0,42.12,45.62,10129
2010-12-01/00:00:00,45.0,45.97,44.35,45.04,35323
2010-12-02/00:00:00,44.5,46.68,44.5,45.98,61767
2010-12-05/00:00:00,43.05,43.99,43.05,43.99,250
2010-12-06/00:00:00,45.51,45.95,44.71,45.49,13825
2010-12-08/00:00:00,45.03,46.0,45.02,45.55,42709
2010-12-09/00:00:00,45.55,46.39,45.05,45.96,50150
2010-12-12/00:00:00,45.8,46.0,45.4,45.8,180824
2010-12-13/00:00:00,45.03,45.6,45.03,45.25,2250
2010-12-14/00:00:00,45.5,45.5,45.0,45.49,76990
2010-12-15/00:00:00,45.5,45.5,44.9,45.01,3983
2010-12-16/00:00:00,44.51,45.49,44.51,45.0,17940
2010-12-19/00:00:00,45.5,45.5,41.0,42.0,114053
2010-12-20/00:00:00,42.37,43.0,41.56,42.76,5200
2010-12-21/00:00:00,41.66,41.72,41.32,41.57,15706
2010-12-22/00:00:00,42.0,42.5,41.41,41.96,129034
2010-12-23/00:00:00,42.49,42.99,42.0,42.53,142496
2010-12-26/00:00:00,43.09,44.9,42.62,42.9,180458
2010-12-27/00:00:00,42.75,43.51,42.71,43.04,26572
2010-12-28/00:00:00,43.0,44.0,43.0,43.54,28861
2010-12-29/00:00:00,43.01,43.05,42.72,42.97,9115
2010-12-30/00:00:00,43.51,43.57,43.02,43.44,32599
2011-01-02/00:00:00,42.77,43.94,42.77,43.45,4753
2011-01-03/00:00:00,43.75,43.99,43.17,43.54,7524
2011-01-04/00:00:00,44.22,44.22,43.5,43.67,13395
2011-01-05/00:00:00,43.6,45.0,43.6,44.31,204699
2011-01-06/00:00:00,43.8,44.25,43.75,44.1,5361
2011-01-10/00:00:00,44.74,46.88,44.74,46.03,57843
2011-01-11/00:00:00,46.07,47.55,46.0,47.21,164919
2011-01-12/00:00:00,47.5,49.44,47.5,48.94,114595
2011-01-13/00:00:00,49.0,51.5,49.0,50.08,96041
2011-01-16/00:00:00,52.0,53.4,49.5,50.04,33980
2011-01-17/00:00:00,49.5,49.65,45.25,47.38,63951
2011-01-18/00:00:00,45.67,52.25,45.67,48.53,38245
2011-01-19/00:00:00,46.46,47.02,44.5,46.03,76189
2011-01-20/00:00:00,47.5,47.5,46.0,46.92,31813
2011-01-23/00:00:00,46.08,47.5,46.0,46.96,24552
2011-01-24/00:00:00,46.95,47.34,46.32,46.98,44945
2011-01-26/00:00:00,45.01,45.01,37.6,43.7,172331
2011-01-27/00:00:00,40.01,41.0,35.27,39.08,344775
2011-03-23/00:00:00,35.18,35.18,35.18,35.18,3605
2011-03-24/00:00:00,31.67,31.67,31.67,31.67,175929
2011-03-27/00:00:00,28.51,31.67,28.51,28.7,980038
2011-03-28/00:00:00,31.5,31.57,28.71,29.62,507423
2011-03-29/00:00:00,29.75,29.75,28.0,29.19,844265
2011-03-30/00:00:00,28.5,28.5,27.05,28.01,412598
2011-03-31/00:00:00,27.9,27.9,25.21,26.92,343405
2011-04-03/00:00:00,27.75,28.9,27.75,28.33,99554
2011-04-04/00:00:00,29.0,29.0,27.22,27.52,180634
2011-04-05/00:00:00,27.65,29.5,27.65,28.43,400289
2011-04-06/00:00:00,28.3,29.0,28.2,28.57,393176
2011-04-07/00:00:00,29.0,29.0,28.0,28.43,403336
2011-04-10/00:00:00,28.0,28.29,28.0,28.03,100249
2011-04-11/00:00:00,28.03,28.68,28.0,28.11,405013
2011-04-12/00:00:00,28.03,28.12,27.55,28.0,469777
2011-04-13/00:00:00,27.74,28.13,27.74,27.87,98433
2011-04-14/00:00:00,27.82,28.15,27.8,27.87,7614
2011-04-17/00:00:00,27.75,27.75,26.12,26.74,12764
2011-04-18/00:00:00,26.06,27.79,24.1,26.25,66384
2011-04-19/00:00:00,27.14,28.42,27.1,28.02,153740
2011-04-20/00:00:00,28.47,30.82,28.0,29.36,337268
2011-04-21/00:00:00,29.2,31.0,29.2,30.28,73234
2011-04-26/00:00:00,29.88,29.88,28.0,28.75,42923
2011-04-27/00:00:00,27.75,28.5,27.01,28.25,21905
2011-04-28/00:00:00,28.5,29.0,27.52,28.43,17168
2011-05-02/00:00:00,29.0,29.01,28.5,28.8,68423
2011-05-03/00:00:00,28.7,31.0,27.71,28.98,121595
2011-05-04/00:00:00,28.6,29.0,28.0,28.66,102425
2011-05-05/00:00:00,28.25,29.39,28.25,28.79,7750
2011-05-08/00:00:00,28.16,28.8,28.0,28.08,16717
2011-05-09/00:00:00,28.5,28.87,28.11,28.32,2365
2011-05-10/00:00:00,28.01,28.05,27.95,28.0,75120
2011-05-11/00:00:00,27.71,28.74,27.71,28.0,108196
2011-05-12/00:00:00,28.0,28.24,28.0,28.0,83072
2011-05-15/00:00:00,28.02,28.46,28.02,28.29,5768
2011-05-16/00:00:00,28.01,28.01,27.5,27.69,15028
2011-05-17/00:00:00,28.0,29.98,28.0,28.96,148099
2011-05-18/00:00:00,29.0,29.97,28.5,29.63,32458
2011-05-19/00:00:00,29.0,29.65,28.26,29.44,67101
2011-05-22/00:00:00,29.98,29.99,29.0,29.33,9680
2011-05-23/00:00:00,28.62,29.0,28.6,28.84,5365
2011-05-24/00:00:00,28.79,29.3,28.35,28.91,49922
2011-05-25/00:00:00,28.5,29.19,28.5,28.8,3045
2011-05-26/00:00:00,29.0,29.04,28.65,29.0,175410
2011-05-29/00:00:00,29.4,31.9,29.4,31.56,187638
2011-05-30/00:00:00,33.0,34.35,32.5,33.22,45644
2011-05-31/00:00:00,36.54,36.54,33.0,34.09,143503
2011-06-01/00:00:00,34.0,34.0,32.0,32.98,70669
2011-06-02/00:00:00,31.61,32.01,31.28,31.77,20355
2011-06-05/00:00:00,32.19,32.99,31.75,32.07,28821
2011-06-06/00:00:00,31.77,31.77,31.1,31.44,44175
2011-06-07/00:00:00,31.16,32.5,31.16,31.57,284532
2011-06-08/00:00:00,32.24,32.7,32.07,32.32,26397
2011-06-09/00:00:00,31.8,32.15,31.13,31.41,46151
2011-06-12/00:00:00,31.3,31.3,30.0,30.44,88152
2011-06-13/00:00:00,31.83,31.84,30.08,30.39,215235
2011-06-14/00:00:00,30.4,31.0,30.4,30.44,279904
2011-06-15/00:00:00,31.7,31.7,30.78,31.0,137746
2011-06-16/00:00:00,30.6,30.92,30.35,30.5,137581
2011-06-19/00:00:00,30.9,31.2,30.09,30.83,58069
2011-06-20/00:00:00,30.4,30.5,30.16,30.45,69355
2011-06-21/00:00:00,30.21,30.48,30.2,30.23,8441
2011-06-22/00:00:00,30.5,30.67,30.2,30.48,43409
2011-06-23/00:00:00,30.59,30.68,30.3,30.36,3953
2011-06-26/00:00:00,30.5,32.0,30.5,31.06,86597
2011-06-27/00:00:00,31.0,31.49,30.73,31.07,10767
2011-06-28/00:00:00,31.02,31.1,30.35,30.98,51393
2011-06-29/00:00:00,30.3,30.99,29.0,30.21,149878
2011-06-30/00:00:00,30.0,30.8,30.0,30.46,31890
2011-07-03/00:00:00,30.98,31.4,30.0,30.7,16985
2011-07-04/00:00:00,30.5,30.96,30.49,30.63,14879
2011-07-05/00:00:00,30.55,31.44,30.55,30.79,12009
2011-07-06/00:00:00,30.25,30.49,30.2,30.28,14832
2011-07-07/00:00:00,30.01,31.24,29.05,30.98,79225
2011-07-10/00:00:00,30.67,31.0,30.5,30.6,9448
2011-07-11/00:00:00,30.1,31.01,30.0,30.78,106885
2011-07-12/00:00:00,29.5,30.75,29.5,30.16,62426
2011-07-13/00:00:00,30.96,31.98,30.95,31.02,190710
2011-07-14/00:00:00,30.52,31.0,30.52,30.96,6950
2011-07-17/00:00:00,31.0,32.0,30.8,31.55,38834
2011-07-18/00:00:00,31.55,32.0,30.92,31.63,9978
2011-07-19/00:00:00,31.0,31.88,31.0,31.7,64618
2011-07-20/00:00:00,31.32,32.25,31.32,31.89,26109
2011-07-21/00:00:00,31.56,31.96,31.0,31.1,34721
2011-07-25/00:00:00,30.51,31.99,30.51,31.34,12250
2011-07-26/00:00:00,31.01,31.1,30.54,30.99,26817
2011-07-27/00:00:00,31.0,31.5,30.5,31.03,54350
2011-07-28/00:00:00,31.89,32.0,31.36,31.69,68303
2011-07-31/00:00:00,31.07,32.39,31.07,31.69,84947
2011-08-01/00:00:00,31.7,32.0,31.02,31.63,37339
2011-08-02/00:00:00,31.01,31.5,31.01,31.21,27746
2011-08-03/00:00:00,31.03,31.88,31.0,31.43,5497
2011-08-04/00:00:00,31.99,32.29,31.5,31.89,59500
2011-08-07/00:00:00,30.9,31.5,30.9,31.3,24898
2011-08-08/00:00:00,30.85,30.86,30.0,30.54,23070
2011-08-09/00:00:00,29.5,29.5,28.0,28.65,107460
2011-08-10/00:00:00,29.75,30.73,29.06,29.9,17215
2011-08-11/00:00:00,29.95,29.95,29.0,29.16,7540
2011-08-14/00:00:00,29.9,31.4,29.26,30.03,1945
2011-08-15/00:00:00,30.02,30.89,30.01,30.04,3331
2011-08-16/00:00:00,30.0,30.0,29.02,29.88,27834
2011-08-17/00:00:00,29.02,29.02,29.01,29.02,500
2011-08-18/00:00:00,29.11,29.7,28.4,28.76,13150
2011-08-21/00:00:00,28.95,28.95,28.95,28.95,217
2011-08-22/00:00:00,29.0,29.06,29.0,29.0,31417
2011-08-23/00:00:00,28.2,28.5,28.0,28.46,57186
2011-08-24/00:00:00,28.35,28.65,28.3,28.62,80375
2011-08-25/00:00:00,28.5,29.0,28.16,28.62,6969
2011-08-28/00:00:00,28.5,29.44,28.29,28.59,1875
2011-08-29/00:00:00,28.59,28.96,28.59,28.88,500
2011-09-04/00:00:00,28.03,28.26,28.03,28.14,16422
2011-09-05/00:00:00,28.25,28.75,28.0,28.11,23818
2011-09-06/00:00:00,28.15,28.15,28.0,28.05,6688
2011-09-07/00:00:00,27.96,29.7,27.96,28.9,3207
2011-09-08/00:00:00,29.0,29.5,28.99,29.19,33567
2011-09-11/00:00:00,29.75,29.75,28.62,29.51,850
2011-09-12/00:00:00,28.6,28.6,28.01,28.18,11922
2011-09-13/00:00:00,27.4,27.98,27.0,27.37,7825
2011-09-14/00:00:00,27.0,27.98,26.25,27.17,1500
2011-09-15/00:00:00,26.2,26.25,25.37,25.96,15380
2011-09-18/00:00:00,26.98,28.54,25.9,27.53,6194
2011-09-19/00:00:00,27.16,27.16,26.35,26.53,158
2011-09-20/00:00:00,26.0,26.25,25.49,26.03,21652
2011-09-21/00:00:00,25.6,26.7,25.58,25.89,1753
2011-09-22/00:00:00,25.7,25.7,24.9,25.02,42362
2011-09-25/00:00:00,24.25,25.5,24.0,24.79,1037
2011-09-26/00:00:00,25.5,27.2,25.5,26.51,7148
2011-09-27/00:00:00,26.74,28.9,26.0,27.37,6233
2011-09-28/00:00:00,24.67,25.65,24.67,25.04,28271
2011-09-29/00:00:00,25.01,25.01,24.99,25.0,9088
2011-10-02/00:00:00,25.0,25.0,24.9,25.0,69500
2011-10-03/00:00:00,25.0,25.0,24.3,24.93,57425
2011-10-04/00:00:00,24.01,24.01,24.0,24.0,2200
2011-10-05/00:00:00,24.5,25.0,24.0,24.94,318530
2011-10-10/00:00:00,24.6,24.8,24.01,24.53,2508
2011-10-11/00:00:00,24.65,25.0,24.0,24.82,73579
2011-10-12/00:00:00,24.15,24.15,24.0,24.04,1750
2011-10-13/00:00:00,24.2,24.41,24.0,24.33,9951
2011-10-16/00:00:00,24.37,24.37,23.72,23.95,1065
2011-10-17/00:00:00,24.0,24.01,23.9,24.0,16415
2011-10-18/00:00:00,23.85,23.98,23.78,23.83,8324
2011-10-19/00:00:00,24.0,24.2,23.72,23.92,36263
2011-10-20/00:00:00,24.0,24.38,23.83,24.01,11591
2011-10-23/00:00:00,24.05,24.37,23.91,24.03,24322
2011-10-24/00:00:00,24.0,24.29,23.7,23.97,8484
2011-10-25/00:00:00,23.54,23.55,23.46,23.54,1534
2011-10-26/00:00:00,23.97,23.97,23.0,23.22,4165
2011-10-27/00:00:00,23.6,23.75,23.03,23.7,41826
2011-10-30/00:00:00,23.98,24.19,23.7,23.9,16117
2011-10-31/00:00:00,23.8,23.98,23.8,23.89,39049
2011-11-01/00:00:00,24.15,24.6,23.75,24.11,4000
2011-11-02/00:00:00,24.02,24.25,24.01,24.13,2217
2011-11-03/00:00:00,24.13,24.39,23.89,24.13,57037
2011-11-09/00:00:00,24.11,24.15,23.13,24.05,18405
2011-11-10/00:00:00,23.95,23.95,23.5,23.57,3497
2011-11-13/00:00:00,23.05,24.0,23.0,23.93,26774
2011-11-15/00:00:00,24.69,24.9,22.81,23.75,2260
2011-11-16/00:00:00,23.75,24.0,23.73,23.84,6645
2011-11-17/00:00:00,24.0,24.0,23.0,23.77,103262
2011-11-20/00:00:00,23.0,23.05,23.0,23.02,13605
2011-11-21/00:00:00,21.55,23.0,21.05,22.81,16386
2011-11-22/00:00:00,21.01,21.88,20.53,20.92,14756
2011-11-23/00:00:00,19.01,21.95,19.01,20.48,843
2011-11-24/00:00:00,21.02,21.89,21.0,21.1,11739
2011-11-29/00:00:00,22.95,22.95,22.0,22.12,56647
2011-11-30/00:00:00,22.2,22.65,22.2,22.51,4750
2011-12-01/00:00:00,22.03,22.8,22.03,22.46,7188
2011-12-04/00:00:00,22.8,22.8,22.03,22.64,2417
2011-12-05/00:00:00,22.77,22.79,21.66,22.45,5630
2011-12-06/00:00:00,22.01,22.61,22.01,22.13,23563
2011-12-07/00:00:00,22.61,22.79,22.6,22.6,90150
2011-12-08/00:00:00,22.6,22.62,22.5,22.54,28741
2011-12-11/00:00:00,22.5,22.51,22.49,22.5,27755
2011-12-12/00:00:00,21.85,21.85,21.53,21.61,600
2011-12-13/00:00:00,21.68,21.7,21.68,21.69,212
2011-12-15/00:00:00,21.79,22.0,21.73,21.86,5199
2011-12-18/00:00:00,20.6,21.0,20.6,21.0,10588
2011-12-19/00:00:00,21.28,22.0,20.0,21.0,116563
2011-12-21/00:00:00,21.0,21.0,19.5,20.26,8100
2011-12-22/00:00:00,21.0,21.0,20.0,20.99,116010
2011-12-25/00:00:00,20.99,20.99,20.0,20.32,1484
2011-12-26/00:00:00,20.0,20.5,19.22,19.92,2775
2011-12-27/00:00:00,19.26,19.92,19.26,19.88,6735
2011-12-28/00:00:00,19.5,20.98,19.5,20.02,4139
2011-12-29/00:00:00,20.9,21.79,19.63,20.97,6104
2012-01-02/00:00:00,19.93,19.93,19.93,19.93,214
2012-01-05/00:00:00,19.34,19.45,19.34,19.38,3008
2012-01-09/00:00:00,19.43,19.43,19.43,19.43,210
2012-01-10/00:00:00,20.0,20.0,19.6,19.69,230
2012-01-11/00:00:00,19.5,20.0,19.5,19.7,8399
2012-01-12/00:00:00,19.7,20.0,19.7,19.74,50372
2012-01-16/00:00:00,20.0,21.5,19.99,20.68,22616
2012-01-17/00:00:00,21.25,21.25,21.0,21.07,3686
2012-01-18/00:00:00,21.0,21.2,20.5,20.61,3554
2012-01-19/00:00:00,20.99,21.0,20.99,20.99,1400
2012-01-22/00:00:00,20.2,20.5,20.06,20.23,1092
2012-01-23/00:00:00,20.51,21.0,20.51,20.9,880
2012-01-24/00:00:00,21.0,21.88,21.0,21.22,8808
2012-01-26/00:00:00,22.1,23.1,22.0,22.49,89545
2012-01-29/00:00:00,23.34,23.34,22.26,22.68,853
2012-01-30/00:00:00,22.68,22.68,21.9,22.66,30015
2012-01-31/00:00:00,23.0,24.0,22.65,23.16,10648
2012-02-01/00:00:00,24.0,24.0,23.0,23.92,29776
2012-02-02/00:00:00,21.93,22.47,21.93,22.31,726
2012-02-06/00:00:00,22.1,22.25,21.1,21.91,7402
2012-02-07/00:00:00,22.25,22.5,22.25,22.31,4300
2012-02-08/00:00:00,22.65,22.99,22.5,22.54,43020
2012-02-09/00:00:00,22.25,22.5,22.0,22.3,66327
2012-02-12/00:00:00,22.8,23.5,22.8,23.3,2372
2012-02-13/00:00:00,23.88,24.0,23.0,23.23,24469
2012-02-14/00:00:00,22.53,25.0,22.53,24.04,58640
2012-02-15/00:00:00,23.55,23.7,23.0,23.16,27080
2012-02-16/00:00:00,23.0,23.2,22.85,23.0,16626
2012-02-19/00:00:00,23.0,23.6,23.0,23.39,38212
2012-02-20/00:00:00,23.5,23.99,23.4,23.61,82772
2012-02-21/00:00:00,23.98,25.0,23.7,24.57,51443
2012-02-22/00:00:00,23.99,24.0,23.23,23.45,9233
2012-02-23/00:00:00,23.15,24.0,23.15,23.77,54213
2012-02-26/00:00:00,23.6,24.9,23.55,24.31,109425
2012-02-27/00:00:00,24.25,24.25,23.81,24.0,40265
2012-02-28/00:00:00,24.0,24.4,23.32,23.94,120600
2012-02-29/00:00:00,24.48,24.48,23.46,23.8,86725
2012-03-01/00:00:00,24.0,25.26,23.6,24.72,73906
2012-03-04/00:00:00,25.49,25.49,24.4,24.57,27192
2012-03-05/00:00:00,24.4,25.5,24.3,25.03,58864
2012-03-06/00:00:00,25.39,25.49,24.6,25.07,79905
2012-03-07/00:00:00,25.0,25.25,24.7,24.95,90858
2012-03-08/00:00:00,24.6,24.8,24.2,24.34,6149
2012-03-11/00:00:00,24.99,24.99,24.09,24.26,7162
2012-03-12/00:00:00,23.87,24.49,23.5,23.95,34237
2012-03-13/00:00:00,23.12,23.12,21.56,22.05,73701
2012-03-14/00:00:00,22.05,22.82,21.81,22.07,38816
2012-03-15/00:00:00,22.07,23.18,22.07,22.87,83872
2012-03-18/00:00:00,22.87,22.19,22.1,22.11,2700
2012-03-19/00:00:00,22.11,22.99,21.51,22.14,14845
2012-03-20/00:00:00,22.14,22.97,21.58,22.36,8488
2012-03-21/00:00:00,22.36,22.5,22.0,22.0,42210
2012-03-22/00:00:00,22.0,22.0,21.5,21.55,61207
2012-03-25/00:00:00,21.55,21.3,20.6,21.12,22245
2012-03-26/00:00:00,21.12,21.48,21.0,21.01,63975
2012-03-27/00:00:00,21.01,21.5,20.45,21.33,48019
2012-03-28/00:00:00,21.33,21.47,21.0,21.04,55475
2012-03-29/00:00:00,21.04,21.05,20.75,20.99,90458
2012-04-01/00:00:00,20.99,21.0,20.5,20.77,18500
2012-04-02/00:00:00,20.77,20.35,19.6,19.9,10550
2012-04-03/00:00:00,19.9,20.0,19.11,19.39,10338
2012-04-04/00:00:00,19.39,19.5,19.0,19.09,8310
2012-04-05/00:00:00,19.09,19.5,19.09,19.48,132796
2012-04-08/00:00:00,19.48,19.4,19.11,19.14,1000
2012-04-09/00:00:00,19.14,19.11,19.0,19.05,3237
2012-04-10/00:00:00,19.05,19.0,18.5,18.98,54915
2012-04-11/00:00:00,18.98,19.6,18.98,19.42,23977
2012-04-12/00:00:00,19.42,19.86,19.3,19.61,1504
2012-04-17/00:00:00,19.61,19.55,19.41,19.51,23909
2012-04-18/00:00:00,19.51,19.75,19.5,19.63,185950
2012-04-19/00:00:00,19.63,20.25,19.63,20.05,16148
2012-04-22/00:00:00,20.05,20.25,19.5,19.99,28576
2012-04-23/00:00:00,19.99,20.02,18.8,19.46,9060
2012-04-24/00:00:00,19.46,19.5,19.0,19.31,6792
2012-04-26/00:00:00,19.31,19.5,19.0,19.2,14345
2012-04-29/00:00:00,19.2,18.75,18.72,18.74,650
2012-04-30/00:00:00,18.74,19.49,18.74,19.14,3685
2012-05-02/00:00:00,19.14,19.49,18.81,19.0,2400
2012-05-03/00:00:00,19.0,19.25,19.0,19.0,342485
2012-05-06/00:00:00,19.0,19.5,19.1,19.36,1678
2012-05-07/00:00:00,19.36,19.44,18.81,19.37,30766
2012-05-08/00:00:00,19.37,20.4,19.69,19.94,4040
2012-05-09/00:00:00,19.94,20.51,19.9,19.97,43648
2012-05-10/00:00:00,19.97,21.49,19.97,20.49,39070
2012-05-13/00:00:00,20.49,21.21,20.8,21.0,10272
2012-05-14/00:00:00,21.0,21.55,21.0,21.07,101808
2012-05-15/00:00:00,21.07,21.07,21.0,21.01,21218
2012-05-16/00:00:00,21.01,21.5,21.0,21.19,50725
2012-05-17/00:00:00,21.19,21.35,20.3,20.75,5449
2012-05-20/00:00:00,20.75,20.3,19.52,19.68,500
2012-05-21/00:00:00,19.68,20.0,19.7,19.95,2500
2012-05-22/00:00:00,19.95,20.0,20.0,20.0,4000
2012-05-23/00:00:00,20.0,21.4,21.4,20.0,1
2012-05-24/00:00:00,20.0,20.5,20.5,20.5,1349
2012-05-27/00:00:00,20.5,19.9,19.5,19.83,300
2012-05-28/00:00:00,19.83,19.6,19.6,19.83,50
2012-05-29/00:00:00,19.83,20.5,19.66,20.13,33053
2012-05-30/00:00:00,20.28,20.05,20.0,20.01,9023
2012-05-31/00:00:00,20.0,20.5,20.47,20.49,3664
2012-06-03/00:00:00,20.49,20.0,20.0,20.0,3000
2012-06-04/00:00:00,20.0,21.25,20.0,20.28,4850
2012-06-05/00:00:00,19.74,20.05,20.0,20.01,9023
2012-06-07/00:00:00,20.01,20.5,20.01,20.46,14600
2012-06-10/00:00:00,20.46,21.29,20.0,20.03,2407
2012-06-11/00:00:00,20.03,20.1,20.0,20.0,6595
2012-06-12/00:00:00,20.0,20.2,20.2,20.2,2000
2012-06-13/00:00:00,20.2,20.03,20.0,20.0,2790
2012-06-14/00:00:00,20.0,20.99,20.0,20.54,59367
2012-06-18/00:00:00,20.54,20.51,20.0,20.47,60935
2012-06-19/00:00:00,20.47,20.25,20.0,20.13,66641
2012-06-20/00:00:00,20.13,19.66,19.5,19.5,75110
2012-06-21/00:00:00,19.5,19.5,19.5,19.5,2260
2012-06-24/00:00:00,19.5,19.75,19.5,19.72,2800
2012-06-25/00:00:00,19.72,21.68,20.4,20.99,3300
2012-06-26/00:00:00,20.99,21.5,21.5,21.5,47800
2012-06-27/00:00:00,21.5,20.5,20.5,20.5,246
2012-06-28/00:00:00,20.5,21.2,20.15,20.84,4100
2012-07-03/00:00:00,20.84,22.0,21.01,21.49,2299
2012-07-04/00:00:00,21.49,22.25,22.0,22.21,4500
2012-07-05/00:00:00,22.21,22.0,21.0,21.45,339
2012-07-08/00:00:00,21.45,21.45,21.45,21.45,169
2012-07-09/00:00:00,21.45,20.2,20.2,21.45,20
2012-07-11/00:00:00,21.45,21.94,21.0,21.34,2835
2012-07-12/00:00:00,21.34,21.1,21.02,21.04,550
2012-07-15/00:00:00,21.04,20.4,19.01,19.37,310
2012-07-16/00:00:00,19.37,19.86,19.86,19.37,90
2012-07-17/00:00:00,19.37,19.82,19.81,19.82,295
2012-07-18/00:00:00,19.82,21.0,20.1,20.91,1280
2012-07-19/00:00:00,20.91,21.59,21.0,21.38,1800
2012-07-24/00:00:00,21.38,20.51,20.01,20.48,2836
2012-07-25/00:00:00,20.48,21.02,20.5,20.98,54722
2012-07-26/00:00:00,20.98,21.03,20.98,20.98,700031
2012-07-29/00:00:00,20.98,21.2,21.2,21.2,100
2012-07-30/00:00:00,21.2,21.21,21.2,21.2,4150
2012-07-31/00:00:00,21.2,21.2,21.2,21.2,200
2012-08-01/00:00:00,21.2,21.75,21.5,21.55,10913
2012-08-02/00:00:00,21.55,21.75,21.5,21.62,9969
2012-08-05/00:00:00,21.62,21.85,21.05,21.27,100
2012-08-06/00:00:00,21.27,21.99,21.25,21.54,39160
2012-08-07/00:00:00,21.54,21.32,21.25,21.3,1978
2012-08-08/00:00:00,21.3,21.51,21.0,21.47,5967
2012-08-09/00:00:00,21.47,22.98,22.01,22.51,9188
2012-08-12/00:00:00,22.51,23.25,21.68,22.19,881
2012-08-13/00:00:00,22.19,22.0,21.61,21.78,1108
2012-08-14/00:00:00,21.78,22.25,22.0,22.01,1328
2012-08-15/00:00:00,22.01,22.25,22.11,22.25,51532
2012-08-16/00:00:00,22.25,22.48,22.1,22.25,39828
2012-08-21/00:00:00,22.25,22.4,22.0,22.17,17998
2012-08-22/00:00:00,22.17,22.25,22.0,22.2,18890
2012-08-23/00:00:00,22.2,22.59,22.2,22.26,14769
2012-08-26/00:00:00,22.26,22.93,22.92,22.93,455
2012-08-27/00:00:00,22.93,23.45,22.94,23.07,3870
2012-08-28/00:00:00,23.07,23.5,23.39,23.45,1200
2012-08-29/00:00:00,23.45,23.59,22.59,22.99,1750
2012-08-30/00:00:00,22.99,23.6,22.65,23.32,2150
2012-09-02/00:00:00,23.32,23.0,22.68,22.9,1471
2012-09-03/00:00:00,22.9,24.25,23.3,23.54,59572
2012-09-04/00:00:00,23.54,24.75,23.95,24.18,81146
2012-09-05/00:00:00,24.18,24.9,24.5,24.73,12551
2012-09-06/00:00:00,24.73,24.75,24.11,24.46,11655
2012-09-09/00:00:00,24.46,24.5,23.78,24.26,5803
2012-09-10/00:00:00,24.26,25.0,24.45,24.79,9373
2012-09-11/00:00:00,24.79,26.35,24.51,25.9,152250
2012-09-12/00:00:00,25.9,26.37,26.0,26.15,102837
2012-09-13/00:00:00,26.15,27.0,26.0,26.32,12453
2012-09-16/00:00:00,26.32,27.24,26.5,26.68,87695
2012-09-17/00:00:00,26.68,27.73,26.99,27.31,70656
2012-09-18/00:00:00,27.31,27.7,27.0,27.23,3050
2012-09-19/00:00:00,27.23,27.6,27.27,27.5,22916
2012-09-20/00:00:00,27.5,27.95,27.5,27.51,23975
2012-09-23/00:00:00,27.51,27.51,27.5,27.5,15300
2012-09-24/00:00:00,27.5,27.51,27.5,27.5,5722
2012-09-25/00:00:00,27.5,28.01,27.61,27.94,2820
2012-09-26/00:00:00,27.94,29.24,28.03,28.75,20466
2012-09-27/00:00:00,28.75,29.0,28.05,28.87,6830
2012-09-30/00:00:00,28.87,28.11,28.02,28.02,341700
2012-10-01/00:00:00,28.02,28.1,27.02,28.01,123785
2012-10-02/00:00:00,28.01,28.1,28.0,28.02,9380
2012-10-03/00:00:00,28.02,28.01,28.01,28.01,450
2012-10-04/00:00:00,28.01,28.01,28.0,28.01,2100
2012-10-08/00:00:00,28.01,28.0,27.0,27.5,2400
2012-10-09/00:00:00,27.5,29.9,28.01,28.47,37862
2012-10-11/00:00:00,28.47,29.7,28.47,29.06,10832949
2012-10-14/00:00:00,29.06,29.0,29.0,29.0,1770
2012-10-15/00:00:00,29.0,29.5,29.2,29.41,1269
2012-10-16/00:00:00,29.41,30.85,29.85,30.4,24215
2012-10-17/00:00:00,30.4,31.24,30.0,30.59,8594
2012-10-18/00:00:00,30.59,31.2,30.6,30.8,34768
2012-10-21/00:00:00,30.8,32.25,30.1,30.87,2500
2012-10-22/00:00:00,30.87,31.0,30.17,30.42,3640
2012-10-23/00:00:00,30.42,30.2,30.0,30.11,7700
2012-10-24/00:00:00,30.11,30.01,30.0,30.0,4850
2012-10-29/00:00:00,30.0,32.0,31.11,31.51,47908
2012-10-30/00:00:00,31.51,31.88,31.0,31.36,26750
2012-10-31/00:00:00,31.36,31.4,31.3,31.31,2050
2012-11-01/00:00:00,31.31,31.77,30.51,31.5,313725
2012-11-04/00:00:00,31.5,30.15,30.15,31.5,200
2012-11-05/00:00:00,31.5,30.5,30.01,30.49,7450
2012-11-06/00:00:00,30.49,31.5,31.28,31.4,23400
2012-11-07/00:00:00,31.4,30.51,30.51,31.4,212
2012-11-11/00:00:00,31.4,31.0,31.0,31.0,6650
2012-11-12/00:00:00,31.0,31.0,31.0,31.0,4250
2012-11-18/00:00:00,31.0,30.02,29.04,29.53,1000
2012-11-19/00:00:00,29.53,29.0,29.0,29.53,83
2012-11-20/00:00:00,29.53,29.5,26.61,29.01,271711
2012-11-21/00:00:00,29.01,29.0,29.0,29.0,10000
2012-11-22/00:00:00,29.0,29.0,29.0,29.0,109900
2012-11-25/00:00:00,29.0,28.98,26.1,28.01,3643
2012-11-26/00:00:00,28.01,28.0,26.05,27.97,38117
2012-11-27/00:00:00,27.97,27.5,27.0,27.1,2500
2012-12-02/00:00:00,27.1,27.5,26.31,26.89,9280
2012-12-03/00:00:00,26.89,26.0,26.0,26.89,100
2012-12-04/00:00:00,26.89,26.01,26.0,26.0,1000
2012-12-05/00:00:00,26.0,28.49,26.0,26.55,14407
2012-12-06/00:00:00,26.55,27.5,26.9,27.49,80249
2012-12-09/00:00:00,27.49,27.5,26.57,27.49,61
2012-12-11/00:00:00,27.49,26.22,26.22,27.49,22
2012-12-12/00:00:00,27.49,28.5,27.25,28.01,175954
2012-12-16/00:00:00,28.01,28.5,28.0,28.18,3111
2012-12-17/00:00:00,28.18,27.25,27.23,27.25,650
2012-12-18/00:00:00,27.25,27.75,27.24,27.64,3812
2012-12-19/00:00:00,27.64,28.5,28.0,28.46,36150
2012-12-23/00:00:00,28.46,27.5,27.01,27.25,879
2012-12-24/00:00:00,27.25,27.5,27.5,27.5,2500
2012-12-27/00:00:00,27.5,28.0,26.5,27.84,2616
2012-12-30/00:00:00,27.84,28.0,27.75,28.0,6663
2012-12-31/00:00:00,28.0,28.24,27.5,27.76,3259
2013-01-02/00:00:00,27.76,28.48,27.8,28.01,3743
2013-01-03/00:00:00,28.01,28.1,28.0,28.01,10875
2013-01-06/00:00:00,28.01,28.0,27.6,27.94,1080
2013-01-08/00:00:00,27.94,28.01,28.0,28.0,3150
2013-01-09/00:00:00,28.0,28.1,28.0,28.0,89097
2013-01-10/00:00:00,28.0,28.0,27.99,28.0,450304
2013-01-14/00:00:00,28.0,28.0,28.0,28.0,11890
2013-01-15/00:00:00,28.0,28.0,27.5,28.0,200600
2013-01-16/00:00:00,28.0,28.0,27.99,28.0,100000
2013-01-17/00:00:00,28.0,28.0,27.98,28.0,38135
2013-01-20/00:00:00,28.0,28.0,26.11,28.0,200
2013-01-21/00:00:00,28.0,28.0,26.4,28.0,110
2013-01-22/00:00:00,28.0,28.0,27.5,28.0,91292
2013-01-23/00:00:00,28.0,28.25,27.5,28.0,25400
2013-01-27/00:00:00,28.0,28.0,26.48,28.0,1
2013-01-28/00:00:00,28.0,28.0,27.0,28.0,240
2013-01-29/00:00:00,28.0,26.5,26.5,26.5,2212
2013-01-30/00:00:00,26.5,27.0,27.0,27.0,940
2013-02-03/00:00:00,27.0,27.5,26.95,27.03,32116
2013-02-04/00:00:00,27.03,27.5,27.5,27.5,165476
2013-02-05/00:00:00,27.5,27.5,27.5,27.5,60959
2013-02-07/00:00:00,27.5,27.6,27.5,27.6,2800
2013-02-11/00:00:00,27.6,27.6,27.09,27.51,5800
2013-02-13/00:00:00,27.51,28.0,27.5,27.99,99451
2013-02-14/00:00:00,27.99,27.3,27.25,27.27,484
2013-02-17/00:00:00,27.27,27.08,26.91,26.98,2766
2013-02-18/00:00:00,26.98,27.01,26.56,26.98,1880
2013-02-19/00:00:00,26.98,27.51,27.5,27.5,985495
2013-02-21/00:00:00,27.5,27.25,26.75,27.2,37100
2013-02-24/00:00:00,27.2,27.5,27.2,27.39,16200
2013-02-26/00:00:00,27.39,27.72,25.7,27.24,5172
2013-02-27/00:00:00,27.24,27.2,27.0,27.0,10010
2013-02-28/00:00:00,27.0,27.19,26.0,26.99,10020
2013-03-03/00:00:00,26.99,27.88,27.19,27.41,500
2013-03-05/00:00:00,27.41,27.2,26.0,26.77,532
2013-03-07/00:00:00,26.77,28.0,27.8,27.9,12384
2013-03-11/00:00:00,27.9,28.0,28.0,28.0,861000
2013-03-12/00:00:00,28.0,28.5,27.99,28.49,890238
2013-03-13/00:00:00,28.49,28.49,28.11,28.49,275
2013-03-14/00:00:00,28.49,28.25,28.0,28.11,450
2013-03-17/00:00:00,28.11,28.11,26.05,28.11,250
2013-03-19/00:00:00,28.11,28.0,28.0,28.0,13000
2013-03-20/00:00:00,28.0,28.0,27.01,27.21,1250
2013-03-21/00:00:00,27.21,28.5,28.0,28.47,22250
2013-03-24/00:00:00,28.47,28.74,26.35,28.47,300
2013-03-25/00:00:00,28.47,28.5,28.0,28.05,84436
2013-03-26/00:00:00,28.05,28.01,28.0,28.0,200275
2013-03-27/00:00:00,28.0,28.5,28.0,28.02,40000
2013-04-02/00:00:00,28.02,28.0,28.0,28.0,3528
2013-04-04/00:00:00,28.0,28.0,27.97,28.0,79000
2013-04-08/00:00:00,28.0,28.0,28.0,28.0,1054250
2013-04-09/00:00:00,28.0,27.99,27.99,27.99,1000
2013-04-10/00:00:00,27.99,27.0,25.21,26.94,4150
2013-04-14/00:00:00,26.94,27.0,27.0,27.0,13197
2013-04-16/00:00:00,27.0,27.01,27.01,27.01,437
2013-04-17/00:00:00,27.01,27.11,27.1,27.11,4037
2013-04-22/00:00:00,27.11,27.99,27.47,27.59,600
2013-04-23/00:00:00,27.59,28.0,26.98,27.39,21440
2013-04-24/00:00:00,27.39,26.51,26.5,26.5,500
2013-04-29/00:00:00,26.5,26.5,26.5,26.5,26022
2013-04-30/00:00:00,26.5,26.51,26.5,26.51,466
2013-05-07/00:00:00,26.51,26.51,26.51,26.51,150
2013-05-08/00:00:00,26.51,27.0,26.75,26.93,10837
2013-05-09/00:00:00,26.93,27.0,27.0,27.0,122958
2013-05-12/00:00:00,27.0,27.19,27.0,27.0,200
2013-05-13/00:00:00,27.0,27.35,27.35,27.35,520
2013-05-15/00:00:00,27.35,27.85,27.0,27.11,2809
2013-05-16/00:00:00,27.11,27.11,25.55,27.11,1
2013-05-19/00:00:00,27.11,28.38,27.0,27.11,360
2013-05-21/00:00:00,27.11,27.6,27.52,27.55,550
2013-05-22/00:00:00,27.55,27.3,27.1,27.24,1048
2013-05-23/00:00:00,27.24,27.6,27.0,27.48,3363
2013-05-26/00:00:00,27.48,27.0,27.0,27.0,3000
2013-05-28/00:00:00,27.0,27.0,26.7,27.0,15101
2013-05-29/00:00:00,27.0,27.0,27.0,27.0,2000
2013-05-30/00:00:00,27.0,28.0,27.0,27.99,17312
2013-06-02/00:00:00,27.99,27.0,26.03,26.64,400
2013-06-03/00:00:00,26.64,27.0,26.64,26.64,100
2013-06-04/00:00:00,26.64,27.0,27.0,27.0,2650
2013-06-05/00:00:00,27.0,27.01,27.0,27.0,17097
2013-06-06/00:00:00,27.0,28.15,27.99,28.02,16271
2013-06-09/00:00:00,28.02,27.01,27.0,27.01,500
2013-06-10/00:00:00,27.01,27.1,27.01,27.03,56026
2013-06-11/00:00:00,27.03,27.03,27.0,27.03,100
2013-06-12/00:00:00,27.03,26.0,26.0,26.0,660
2013-06-18/00:00:00,26.0,26.05,25.0,25.62,640
2013-06-19/00:00:00,25.62,27.98,27.29,27.94,6667
2013-06-20/00:00:00,27.94,27.0,27.0,27.0,202371
2013-06-23/00:00:00,27.0,27.0,27.0,27.0,5075
2013-06-24/00:00:00,27.0,27.0,27.0,27.0,5240
2013-06-27/00:00:00,27.0,27.01,27.0,27.01,5687
2013-06-30/00:00:00,27.01,27.01,27.0,27.01,300
2013-07-04/00:00:00,27.01,29.71,28.0,28.28,1200
2013-07-07/00:00:00,28.28,29.0,28.0,28.06,18033
2013-07-08/00:00:00,28.06,28.0,28.0,28.0,5000
2013-07-09/00:00:00,28.0,28.0,28.0,28.0,244285
2013-07-10/00:00:00,28.0,29.5,28.0,28.0,300
2013-07-11/00:00:00,28.0,28.5,28.0,28.0,24607
2013-07-14/00:00:00,28.0,28.01,28.0,28.0,50
2013-07-15/00:00:00,28.0,28.5,28.0,28.43,22168
2013-07-16/00:00:00,28.43,28.5,28.01,28.06,5050
2013-07-17/00:00:00,28.06,28.6,28.19,28.22,2153
2013-07-18/00:00:00,28.22,29.0,28.5,28.71,1756
2013-07-21/00:00:00,28.71,28.75,28.5,28.74,1517
2013-07-22/00:00:00,28.74,28.76,28.02,28.51,1570
2013-07-24/00:00:00,28.51,28.5,28.02,28.21,2107
2013-07-25/00:00:00,28.21,28.05,28.02,28.02,6507
2013-07-29/00:00:00,28.02,28.5,28.02,28.02,100
2013-07-30/00:00:00,28.02,28.08,28.0,28.01,126964
2013-07-31/00:00:00,28.01,29.0,28.01,28.01,250
2013-08-06/00:00:00,28.01,29.0,29.0,29.0,946800
2013-08-07/00:00:00,29.0,29.49,29.0,29.42,525
2013-08-12/00:00:00,29.42,28.7,28.52,28.6,4100
2013-08-13/00:00:00,28.6,29.0,29.0,29.0,4500
2013-08-18/00:00:00,29.0,29.0,28.8,28.8,317536
2013-08-19/00:00:00,28.8,28.8,28.01,28.8,226658
2013-08-20/00:00:00,28.8,29.0,28.8,28.8,566576
2013-08-22/00:00:00,28.8,29.0,28.8,28.82,2970
2013-08-26/00:00:00,28.82,29.0,28.8,28.82,6000
2013-08-28/00:00:00,28.82,28.82,28.0,28.82,100
2013-08-29/00:00:00,28.82,28.8,28.8,28.8,2000
2013-09-02/00:00:00,28.8,28.81,28.8,28.8,2050
2013-09-03/00:00:00,28.8,28.8,28.8,28.8,19515
2013-09-04/00:00:00,28.8,28.8,28.8,28.8,81
2013-09-08/00:00:00,28.8,28.8,26.63,28.8,78
2013-09-09/00:00:00,28.8,28.8,28.8,28.8,54740
2013-09-10/00:00:00,28.8,28.81,28.62,28.81,5088
2013-09-11/00:00:00,28.85,28.85,28.8,28.8,6000
2013-09-12/00:00:00,28.8,30.0,29.5,29.68,350
2013-09-17/00:00:00,29.68,29.68,28.82,29.68,457876
2013-09-18/00:00:00,29.68,28.83,28.83,29.68,100
2013-09-22/00:00:00,29.68,28.83,28.83,29.68,73
2013-09-23/00:00:00,29.68,29.7,28.83,29.62,69712
2013-09-24/00:00:00,29.62,28.85,28.83,28.84,444
2013-09-25/00:00:00,28.84,28.86,28.86,28.84,200
2013-09-26/00:00:00,28.84,28.87,28.86,28.86,792
2013-09-29/00:00:00,28.86,29.69,29.2,29.69,100000
2013-09-30/00:00:00,29.69,29.67,29.66,29.67,874
2013-10-01/00:00:00,29.67,29.0,28.1,28.54,1516
2013-10-02/00:00:00,28.54,29.0,28.12,29.0,58991
2013-10-03/00:00:00,29.0,28.5,28.5,28.5,425
2013-10-07/00:00:00,28.5,29.68,29.0,29.68,150000
2013-10-08/00:00:00,29.68,29.68,28.5,28.51,22100
2013-10-09/00:00:00,28.51,28.52,28.51,28.51,1
2013-10-10/00:00:00,28.51,29.5,29.0,29.47,15000
2013-10-21/00:00:00,29.47,30.29,29.0,29.9,322511
2013-10-23/00:00:00,29.9,30.0,30.0,29.9,150
2013-10-24/00:00:00,29.9,29.02,29.01,29.9,222
2013-10-27/00:00:00,29.9,29.05,28.49,28.76,1268
2013-10-28/00:00:00,28.76,28.51,28.51,28.76,150
2013-10-29/00:00:00,28.76,28.49,28.49,28.76,1
2013-10-30/00:00:00,28.76,29.0,28.56,28.77,654
2013-10-31/00:00:00,28.77,30.0,29.6,29.99,4670
2013-11-06/00:00:00,29.99,30.0,29.25,29.29,54500
2013-11-07/00:00:00,29.29,30.0,30.0,30.0,5710
2013-11-10/00:00:00,30.0,30.0,29.57,29.63,1155
2013-11-11/00:00:00,29.63,29.5,29.28,29.44,6199
2013-11-12/00:00:00,29.44,29.15,29.13,29.14,1384
2013-11-13/00:00:00,29.14,29.5,29.5,29.5,619992
2013-11-14/00:00:00,29.5,29.13,29.0,29.1,600
2013-11-17/00:00:00,29.1,30.0,29.0,29.85,1000
2013-11-18/00:00:00,29.85,29.42,29.0,29.04,2050
2013-11-19/00:00:00,29.04,30.0,29.01,29.99,7298
2013-11-20/00:00:00,29.99,30.25,29.13,29.61,2371
2013-11-24/00:00:00,29.61,30.0,29.61,29.62,3100
2013-11-25/00:00:00,29.62,30.01,30.0,30.01,114801
2013-11-26/00:00:00,30.01,30.01,30.01,30.01,350
2013-11-27/00:00:00,30.01,29.06,29.06,30.01,60
2013-11-28/00:00:00,30.01,30.0,30.0,30.0,950
2013-12-01/00:00:00,30.0,30.0,30.0,30.0,450
2013-12-02/00:00:00,30.0,30.0,30.0,30.0,11755
2013-12-03/00:00:00,30.0,30.0,30.0,30.0,750
2013-12-04/00:00:00,30.0,30.3,30.0,30.23,3064
2013-12-05/00:00:00,30.23,31.0,30.08,30.98,3827
2013-12-08/00:00:00,30.98,33.24,30.64,31.36,877
2013-12-09/00:00:00,31.36,31.03,31.03,31.03,401
2013-12-10/00:00:00,31.03,32.0,32.0,32.0,14000
2013-12-11/00:00:00,32.0,35.2,32.02,32.54,15982
2013-12-12/00:00:00,32.54,35.0,34.99,35.0,15300
2013-12-15/00:00:00,35.0,34.5,34.0,34.32,2073
2013-12-16/00:00:00,34.32,34.0,34.0,34.0,5698
2013-12-17/00:00:00,34.0,35.5,34.98,35.03,5597
2013-12-18/00:00:00,35.03,35.5,35.0,35.01,35700
2013-12-19/00:00:00,35.01,35.55,35.0,35.36,14185
2013-12-22/00:00:00,35.36,35.5,33.02,35.16,2900
2013-12-23/00:00:00,35.16,34.0,33.01,35.16,57
2013-12-24/00:00:00,35.16,33.01,33.0,35.16,100
2013-12-25/00:00:00,35.16,36.44,34.0,36.05,324
2013-12-29/00:00:00,36.05,34.5,34.5,36.05,150
2013-12-31/00:00:00,36.05,36.01,33.6,35.93,35663
2014-01-05/00:00:00,35.93,34.01,34.01,35.93,128
2014-01-06/00:00:00,35.93,34.1,34.08,34.09,893
2014-01-08/00:00:00,34.09,33.51,33.51,34.09,1
2014-01-09/00:00:00,34.09,34.05,33.6,33.93,721
2014-01-12/00:00:00,33.93,34.5,33.6,34.42,7655
2014-01-14/00:00:00,34.42,36.0,36.0,34.42,100
2014-01-15/00:00:00,34.42,36.0,35.0,36.0,100605
2014-01-16/00:00:00,36.0,37.0,35.98,36.79,63670
2014-01-20/00:00:00,36.79,36.5,36.5,36.5,315120
2014-01-21/00:00:00,36.5,36.5,36.49,36.5,399540
2014-01-22/00:00:00,36.5,36.5,36.5,36.5,1000000
2014-01-23/00:00:00,36.5,36.5,36.5,36.5,288801
2014-01-27/00:00:00,36.5,37.0,36.0,36.02,10350
2014-01-28/00:00:00,36.02,37.0,36.0,36.82,2752
2014-01-29/00:00:00,36.82,37.5,37.49,37.5,2258
2014-01-30/00:00:00,37.5,38.8,36.3,37.99,55312
2014-02-02/00:00:00,37.99,38.95,38.0,38.0,15924
2014-02-03/00:00:00,38.0,38.5,38.5,38.5,300
2014-02-04/00:00:00,38.5,38.0,38.0,38.0,96824
2014-02-05/00:00:00,38.0,38.95,38.5,38.73,1900
2014-02-06/00:00:00,38.73,39.0,38.0,38.48,30100
2014-02-09/00:00:00,38.48,38.01,38.01,38.48,120
2014-02-10/00:00:00,38.48,38.5,38.5,38.5,5000
2014-02-11/00:00:00,38.5,38.5,38.06,38.49,4480
2014-02-12/00:00:00,38.49,40.4,39.5,39.95,23644
2014-02-13/00:00:00,39.95,40.0,39.95,39.95,127500
2014-02-16/00:00:00,39.95,40.0,37.0,38.7,1281
2014-02-17/00:00:00,38.7,39.39,36.0,36.99,2776
2014-02-18/00:00:00,36.99,40.0,37.0,37.01,1178
2014-02-19/00:00:00,37.01,38.6,37.0,37.98,3051
2014-02-20/00:00:00,37.98,38.6,38.6,37.98,1
2014-02-23/00:00:00,37.98,38.0,38.0,37.98,1
2014-02-24/00:00:00,37.98,38.5,37.06,38.49,49118
2014-02-25/00:00:00,38.49,39.0,39.0,38.49,2
2014-02-26/00:00:00,38.49,38.95,37.25,38.48,12098
2014-02-27/00:00:00,38.48,37.1,37.1,38.48,150
2014-03-03/00:00:00,38.48,38.0,37.1,37.99,50743
2014-03-04/00:00:00,37.99,38.0,37.1,38.0,211582
2014-03-05/00:00:00,38.0,38.0,37.99,38.0,103420
2014-03-06/00:00:00,38.0,38.0,37.0,37.93,27100
2014-03-09/00:00:00,37.93,37.05,37.05,37.05,200
2014-03-10/00:00:00,37.93,38.0,38.0,38.0,75000
2014-03-11/00:00:00,38.0,34.21,34.21,38.0,29
2014-03-12/00:00:00,38.0,38.0,37.0,37.96,12001
2014-03-13/00:00:00,37.96,37.96,37.96,37.96,113500
2014-03-16/00:00:00,37.96,37.01,37.0,37.0,50000
2014-03-17/00:00:00,37.0,38.0,37.0,37.0,84385
2014-03-19/00:00:00,37.0,38.5,37.0,37.01,6743
2014-03-23/00:00:00,37.01,37.01,37.0,37.01,130
2014-03-25/00:00:00,37.01,37.01,37.01,37.01,100
2014-03-26/00:00:00,37.01,37.03,37.03,37.01,50
2014-03-27/00:00:00,37.01,37.02,37.0,37.0,37349
2014-03-30/00:00:00,37.0,37.05,34.37,36.99,18590
2014-04-01/00:00:00,36.99,37.0,37.0,37.0,9113
2014-04-03/00:00:00,37.0,37.0,36.0,36.0,12642665
2014-04-06/00:00:00,36.0,36.5,36.0,36.0,1418522
2014-04-10/00:00:00,36.0,37.02,37.0,37.0,89537
2014-04-13/00:00:00,37.0,37.0,37.0,37.0,500
2014-04-16/00:00:00,37.0,36.5,36.5,36.5,50382
2014-04-17/00:00:00,36.5,37.0,36.0,36.89,755
2014-04-22/00:00:00,36.89,36.05,36.0,36.01,550
2014-04-23/00:00:00,36.01,36.0,34.0,36.0,741211
2014-04-27/00:00:00,36.0,39.0,36.8,36.0,250
2014-04-28/00:00:00,36.0,36.0,35.5,36.0,712079
2014-04-29/00:00:00,36.0,36.0,35.8,36.0,234918
2014-04-30/00:00:00,36.0,36.0,35.0,36.0,184100
2014-05-05/00:00:00,36.0,36.0,35.0,35.99,70059
2014-05-07/00:00:00,35.99,35.99,35.99,35.99,53168
2014-05-08/00:00:00,35.99,35.0,34.51,34.64,1005
2014-05-12/00:00:00,34.64,34.7,34.7,34.64,150
2014-05-14/00:00:00,34.64,36.9,34.71,34.64,123
2014-05-15/00:00:00,34.64,34.81,34.81,34.64,152
2014-05-18/00:00:00,34.64,34.8,34.5,34.71,443
2014-05-19/00:00:00,34.71,36.0,34.51,36.0,35050
2014-05-20/00:00:00,36.0,36.0,36.0,36.0,160850
2014-05-21/00:00:00,36.0,36.0,36.0,36.0,250700
2014-05-22/00:00:00,36.0,36.0,35.5,35.92,59100
2014-05-28/00:00:00,35.92,35.9,34.7,35.92,120
2014-05-29/00:00:00,35.92,35.0,34.72,35.92,283
2014-06-01/00:00:00,35.92,32.51,32.51,35.92,200
2014-06-02/00:00:00,35.92,36.0,35.8,35.99,33400
2014-06-04/00:00:00,35.99,35.9,32.66,35.27,1292
2014-06-05/00:00:00,35.27,35.88,33.05,35.43,3422
2014-06-09/00:00:00,35.43,35.5,35.5,35.5,2800
2014-06-10/00:00:00,35.5,34.0,34.0,35.5,61
2014-06-12/00:00:00,35.5,36.98,32.85,33.11,4220
2014-06-15/00:00:00,33.11,34.5,34.5,33.11,200
2014-06-16/00:00:00,33.11,33.25,32.0,32.55,665
2014-06-18/00:00:00,32.55,34.49,32.01,34.06,2199
2014-06-22/00:00:00,34.06,34.49,34.0,34.33,800
2014-06-23/00:00:00,34.33,33.0,32.03,32.33,1515
2014-06-24/00:00:00,32.33,32.25,32.07,32.24,23500
2014-06-26/00:00:00,32.24,32.0,32.0,32.24,300
2014-07-03/00:00:00,32.24,33.0,30.03,33.0,102248
2014-07-06/00:00:00,33.0,31.25,31.25,33.0,101
2014-07-07/00:00:00,33.0,31.32,31.11,33.0,979
2014-07-08/00:00:00,33.0,31.5,31.0,33.0,1100
2014-07-09/00:00:00,33.0,31.5,31.0,31.09,1811
2014-07-10/00:00:00,31.09,30.2,30.1,31.09,145
2014-07-13/00:00:00,31.09,31.0,31.0,31.09,100
2014-07-14/00:00:00,31.09,31.0,30.99,31.0,294019
2014-07-15/00:00:00,31.0,31.0,31.0,31.0,200020
2014-07-16/00:00:00,31.0,31.0,31.0,31.0,25510
2014-07-17/00:00:00,31.0,31.0,31.0,31.0,10575
2014-07-21/00:00:00,31.0,32.9,30.95,30.99,11122
2014-07-22/00:00:00,30.99,31.0,31.0,31.0,24820
2014-07-24/00:00:00,31.0,31.0,31.0,31.0,16000
2014-07-31/00:00:00,31.0,31.9,31.5,31.51,5250
2014-08-03/00:00:00,31.51,34.64,29.2,31.51,224
2014-08-04/00:00:00,31.51,31.4,31.4,31.51,180
2014-08-05/00:00:00,31.51,32.0,31.75,31.79,6079
2014-08-06/00:00:00,31.79,31.7,31.7,31.79,150
2014-08-07/00:00:00,31.79,32.5,31.5,32.0,330799
2014-08-10/00:00:00,32.0,32.0,31.35,31.98,2832
2014-08-11/00:00:00,31.98,33.0,32.5,32.72,110046
2014-08-12/00:00:00,32.72,33.0,32.6,32.81,2116
2014-08-13/00:00:00,32.81,31.39,31.39,32.81,100
2014-08-14/00:00:00,32.81,33.0,32.9,32.99,3000
2014-08-17/00:00:00,32.99,32.95,32.0,32.99,1322
2014-08-18/00:00:00,32.99,33.0,31.78,32.9,13545
2014-08-21/00:00:00,32.9,33.0,32.0,32.53,15001
2014-08-24/00:00:00,32.53,31.8,31.8,32.53,95
2014-08-25/00:00:00,32.53,34.88,32.88,33.33,2900
2014-08-28/00:00:00,33.33,33.0,33.0,33.0,3000
2014-08-31/00:00:00,33.0,32.07,32.01,33.0,174
2014-09-02/00:00:00,33.0,33.5,32.99,33.0,770225
2014-09-03/00:00:00,33.0,33.0,32.06,33.0,48679
2014-09-04/00:00:00,33.0,33.0,32.9,33.0,801000
2014-09-07/00:00:00,33.0,32.32,32.26,33.0,302
2014-09-08/00:00:00,33.0,32.32,30.61,33.0,445
2014-09-09/00:00:00,33.0,31.16,31.13,31.16,1678
2014-09-10/00:00:00,31.16,34.27,31.1,33.0,829779
2014-09-11/00:00:00,33.0,34.25,31.1,33.0,198692
2014-09-16/00:00:00,33.0,33.94,31.16,33.0,142
2014-09-18/00:00:00,33.0,33.3,33.0,33.28,171847
2014-09-22/00:00:00,33.28,32.0,32.0,32.0,6000
2014-09-23/00:00:00,32.0,33.35,31.26,32.0,758
2014-09-24/00:00:00,32.0,34.0,33.3,33.3,107512
2014-09-25/00:00:00,33.3,34.2,32.5,33.98,51790
2014-09-29/00:00:00,33.98,34.25,33.99,34.0,298128
2014-09-30/00:00:00,34.0,35.5,34.0,34.18,85796
2014-10-01/00:00:00,34.18,36.0,35.0,35.8,3040
2014-10-08/00:00:00,35.8,36.5,34.0,34.91,3850
2014-10-09/00:00:00,34.91,35.5,33.76,35.19,7279
2014-10-12/00:00:00,35.19,34.12,32.11,33.54,1555
2014-10-13/00:00:00,33.54,32.51,32.25,32.26,8289
2014-10-14/00:00:00,32.26,32.5,31.72,32.25,128917
2014-10-15/00:00:00,32.25,32.25,32.25,32.25,5000
2014-10-16/00:00:00,32.25,32.25,31.0,31.79,64074
2014-10-19/00:00:00,31.79,31.25,31.0,31.2,800
2014-10-20/00:00:00,31.2,32.0,32.0,32.0,180154
2014-10-23/00:00:00,32.0,31.27,31.25,32.0,350
2014-10-26/00:00:00,32.0,31.31,31.31,32.0,100
2014-10-27/00:00:00,32.0,31.3,31.25,31.27,970
2014-10-28/00:00:00,31.27,31.27,31.26,31.27,2000
2014-10-29/00:00:00,31.27,32.0,32.0,31.27,65
2014-10-30/00:00:00,31.27,32.01,31.95,32.0,6305
2014-11-02/00:00:00,32.0,32.0,32.0,32.0,367500
2014-11-03/00:00:00,32.0,32.07,32.01,32.05,70600
2014-11-04/00:00:00,32.05,33.44,32.06,32.05,250
2014-11-05/00:00:00,32.05,33.49,32.72,32.75,32633
2014-11-06/00:00:00,32.75,32.91,32.1,32.75,650651
2014-11-09/00:00:00,32.75,32.51,32.1,32.44,477
2014-11-10/00:00:00,32.44,34.0,32.56,32.77,1281706
2014-11-11/00:00:00,32.77,33.15,32.75,32.75,405200
2014-11-12/00:00:00,32.75,33.0,32.99,33.0,2730
2014-11-13/00:00:00,33.0,33.0,32.75,32.92,155350
2014-11-16/00:00:00,32.92,33.15,32.5,33.14,80549
2014-11-17/00:00:00,33.14,32.01,32.0,32.01,500
2014-11-18/00:00:00,32.01,32.06,32.06,32.06,990
2014-11-19/00:00:00,32.06,32.04,32.01,32.02,805
2014-11-20/00:00:00,32.02,32.0,32.0,32.02,200
2014-11-23/00:00:00,32.02,32.01,31.8,31.99,1176
2014-11-24/00:00:00,31.99,32.0,31.01,31.65,3447
2014-11-25/00:00:00,31.65,32.35,32.35,32.35,29423
2014-11-27/00:00:00,32.35,32.35,32.34,32.35,83157
2014-11-30/00:00:00,32.35,32.0,31.0,31.68,389
2014-12-01/00:00:00,31.68,31.75,31.75,31.75,25580
2014-12-02/00:00:00,31.75,31.5,31.49,31.49,218505
2014-12-03/00:00:00,31.49,31.5,30.99,31.02,106250
2014-12-04/00:00:00,31.02,31.0,30.01,30.95,223549
2014-12-07/00:00:00,30.95,31.01,30.11,31.0,173332
2014-12-08/00:00:00,31.0,31.0,30.7,31.0,535216
2014-12-09/00:00:00,31.0,31.0,31.0,31.0,299289
2014-12-10/00:00:00,31.0,33.0,31.0,31.01,946600
2014-12-11/00:00:00,31.01,32.0,31.12,31.94,1015
2014-12-14/00:00:00,31.94,31.1,30.02,30.99,95933
2014-12-17/00:00:00,30.99,30.4,28.02,29.28,2736
2014-12-18/00:00:00,29.28,29.5,28.05,29.45,72195
2014-12-22/00:00:00,29.45,31.74,30.0,30.74,1723
2014-12-23/00:00:00,30.74,31.0,30.0,30.96,55182
2014-12-24/00:00:00,30.96,31.0,31.0,30.96,289
2014-12-28/00:00:00,30.96,30.7,30.7,30.7,2427
2014-12-29/00:00:00,30.7,31.5,30.2,31.44,1050
2014-12-30/00:00:00,31.44,31.01,31.0,31.01,3901
2014-12-31/00:00:00,31.01,31.0,31.0,31.0,15000
2015-01-05/00:00:00,31.0,31.0,31.0,31.0,2000
2015-01-06/00:00:00,31.0,30.5,30.0,30.0,26600
2015-01-12/00:00:00,30.0,33.0,31.2,32.98,29475
2015-01-13/00:00:00,32.98,36.27,36.27,36.27,69671
2015-01-14/00:00:00,36.27,39.89,38.0,39.79,266132
2015-01-15/00:00:00,39.79,43.76,38.0,41.7,391785
2015-01-18/00:00:00,41.7,42.96,39.77,40.72,201111
2015-01-19/00:00:00,40.72,42.0,38.5,39.42,677220
2015-01-20/00:00:00,39.42,41.5,38.9,39.71,443385
2015-01-21/00:00:00,39.71,39.15,37.9,38.41,488112
2015-01-22/00:00:00,38.41,39.2,37.0,37.85,395404
2015-01-26/00:00:00,37.85,38.0,36.75,37.52,122922
2015-01-27/00:00:00,37.52,37.98,36.77,37.14,239755
2015-01-28/00:00:00,37.14,37.45,36.41,36.73,725379
2015-01-29/00:00:00,36.73,36.9,35.9,36.35,269652
2015-02-01/00:00:00,36.35,36.01,34.56,35.48,165157
2015-02-02/00:00:00,35.48,36.37,34.81,35.58,173366
2015-02-03/00:00:00,35.58,38.88,36.49,37.81,690180
2015-02-04/00:00:00,37.81,38.0,37.09,37.5,207124
2015-02-05/00:00:00,37.5,37.86,36.71,37.32,174578
2015-02-08/00:00:00,37.32,38.0,36.99,37.41,180512
2015-02-09/00:00:00,35.63,38.35,37.0,37.58,325791
2015-02-10/00:00:00,37.58,38.18,37.22,37.51,91525
2015-02-11/00:00:00,37.51,37.48,36.61,37.02,98461
2015-02-12/00:00:00,37.02,37.7,37.0,37.13,30346
2015-02-15/00:00:00,37.13,37.59,36.35,36.73,36921
2015-02-16/00:00:00,36.73,36.88,35.43,36.08,63789
2015-02-17/00:00:00,36.08,35.5,34.16,34.9,39381
2015-02-18/00:00:00,34.9,35.67,35.0,35.22,31294
2015-02-19/00:00:00,35.22,35.5,34.0,34.67,73840
2015-02-22/00:00:00,34.67,35.0,34.1,34.32,11274
2015-02-23/00:00:00,34.32,35.0,33.5,34.36,38734
2015-02-24/00:00:00,34.36,34.67,33.7,34.46,36749
2015-02-25/00:00:00,34.46,35.6,33.86,34.66,32093
2015-02-26/00:00:00,34.66,35.35,34.5,34.87,37260
2015-03-01/00:00:00,34.87,34.5,34.0,34.14,46210
2015-03-02/00:00:00,34.14,35.0,34.16,34.85,37914
2015-03-03/00:00:00,34.85,35.0,34.13,34.87,48222
2015-03-04/00:00:00,34.87,34.75,33.86,34.2,70620
2015-03-05/00:00:00,34.2,34.8,34.03,34.28,41600
2015-03-08/00:00:00,34.28,34.4,33.91,34.07,69118
2015-03-09/00:00:00,34.07,34.35,34.02,34.18,122811
2015-03-10/00:00:00,34.18,34.26,33.7,34.11,92035
2015-03-11/00:00:00,34.11,33.7,32.0,32.73,114888
2015-03-12/00:00:00,32.73,34.25,32.1,33.5,251918
2015-03-15/00:00:00,33.5,33.5,32.0,32.49,58075
2015-03-16/00:00:00,32.49,33.0,31.3,32.0,149306
2015-03-17/00:00:00,32.0,34.5,32.5,33.32,287612
2015-03-18/00:00:00,33.32,36.0,33.99,35.27,154323
2015-03-19/00:00:00,35.27,37.0,35.0,36.17,256733
2015-03-22/00:00:00,36.17,37.0,34.76,35.52,81268
2015-03-23/00:00:00,35.52,35.58,34.1,34.85,237810
2015-03-24/00:00:00,34.85,35.7,34.7,34.92,97191
2015-03-25/00:00:00,34.92,34.74,33.52,34.03,103573
2015-03-26/00:00:00,34.03,34.69,33.5,34.14,31263
2015-03-29/00:00:00,34.14,34.97,32.8,33.39,103893
2015-03-30/00:00:00,5.01,5.51,5.51,5.51,2020
2015-03-31/00:00:00,5.51,6.06,5.35,5.91,637138
2015-04-01/00:00:00,5.91,5.79,5.32,5.44,400326
2015-04-02/00:00:00,5.44,5.2,4.9,4.94,720428
2015-04-05/00:00:00,4.94,5.19,4.9,4.98,273990
2015-04-06/00:00:00,4.98,5.0,4.61,4.89,144324
2015-04-07/00:00:00,4.89,5.09,4.66,4.74,296240
2015-04-08/00:00:00,4.74,5.0,4.62,4.81,165615
2015-04-09/00:00:00,4.81,4.84,4.67,4.76,199756
2015-04-14/00:00:00,4.76,4.79,4.6,4.7,335223
2015-04-15/00:00:00,4.7,4.78,4.5,4.56,470046
2015-04-16/00:00:00,4.56,4.6,4.49,4.55,120761
2015-04-19/00:00:00,4.55,4.7,4.45,4.5,103143
2015-04-20/00:00:00,4.5,4.64,4.49,4.59,395017
2015-04-21/00:00:00,4.59,4.6,4.52,4.55,229126
2015-04-22/00:00:00,4.55,4.66,4.5,4.6,518268
2015-04-23/00:00:00,4.6,4.65,4.53,4.57,207309
2015-04-26/00:00:00,4.57,4.7,4.43,4.57,492286
2015-04-27/00:00:00,4.57,4.84,4.5,4.58,389951
2015-04-28/00:00:00,4.58,4.65,4.51,4.62,415608
2015-04-29/00:00:00,4.62,4.87,4.56,4.69,600204
2015-04-30/00:00:00,4.69,5.05,4.51,4.93,366468
2015-05-03/00:00:00,4.93,5.08,4.8,4.98,164474
2015-05-04/00:00:00,4.98,5.28,4.85,5.11,288876
2015-05-05/00:00:00,5.11,5.54,5.3,5.42,144275
2015-05-06/00:00:00,5.42,5.4,5.12,5.22,70171
2015-05-07/00:00:00,5.22,5.3,5.08,5.11,540150
2015-05-10/00:00:00,5.11,5.23,5.1,5.12,48905
2015-05-11/00:00:00,5.12,5.19,5.1,5.11,208008
2015-05-12/00:00:00,5.11,5.22,5.1,5.11,121146
2015-05-13/00:00:00,5.11,5.35,5.03,5.19,361684
2015-05-14/00:00:00,5.19,5.17,5.1,5.12,140146
2015-05-17/00:00:00,5.12,5.32,5.15,5.2,59343
2015-05-18/00:00:00,5.2,5.62,5.37,5.54,205202
2015-05-19/00:00:00,5.54,5.39,5.15,5.3,151850
2015-05-20/00:00:00,5.3,5.4,5.12,5.24,14411
2015-05-21/00:00:00,5.24,5.45,5.12,5.19,26015
2015-05-24/00:00:00,5.19,5.35,5.15,5.35,40600
2015-05-25/00:00:00,5.35,5.3,5.12,5.21,23232
2015-05-26/00:00:00,5.21,5.44,5.2,5.24,91038
2015-05-27/00:00:00,5.24,5.39,5.2,5.23,41711
2015-05-28/00:00:00,5.23,5.25,4.76,5.1,71510
2015-05-31/00:00:00,5.1,4.86,4.78,5.1,146
2015-06-01/00:00:00,5.1,5.09,4.86,5.1,1250
2015-06-02/00:00:00,5.1,5.08,5.0,5.0,63004
2015-06-03/00:00:00,5.0,5.0,4.89,5.0,65834
2015-06-04/00:00:00,5.0,5.0,4.81,5.0,1043
2015-06-07/00:00:00,5.0,5.06,5.0,5.0,2100
2015-06-08/00:00:00,5.0,5.1,4.7,5.0,3550
2015-06-09/00:00:00,5.0,5.0,4.72,5.0,2000
2015-06-10/00:00:00,5.0,5.07,4.76,4.82,9999
2015-06-14/00:00:00,4.82,4.88,4.6,4.82,920
2015-06-15/00:00:00,4.82,4.67,4.67,4.67,7610
2015-06-16/00:00:00,4.67,4.88,4.66,4.7,186570
2015-06-17/00:00:00,4.7,4.87,4.6,4.81,135261
2015-06-18/00:00:00,4.81,4.9,4.65,4.88,74035
2015-06-21/00:00:00,4.88,4.8,4.8,4.88,50
2015-06-22/00:00:00,4.88,4.7,4.46,4.56,123521
2015-06-23/00:00:00,4.56,4.69,4.28,4.36,73898
2015-06-24/00:00:00,4.36,4.46,4.12,4.39,113764
2015-06-25/00:00:00,4.39,4.5,4.1,4.45,108494
2015-06-28/00:00:00,4.45,4.5,4.3,4.35,24850
2015-06-29/00:00:00,4.35,4.31,4.16,4.29,236796
2015-07-02/00:00:00,4.29,4.29,4.15,4.28,558350
2015-07-05/00:00:00,4.28,4.44,4.0,4.1,43865
2015-07-06/00:00:00,4.1,4.0,3.87,4.0,383427
2015-07-07/00:00:00,4.0,4.0,3.73,3.93,150511
2015-07-08/00:00:00,3.93,4.14,3.74,3.93,1193
2015-07-09/00:00:00,3.93,3.8,3.6,3.65,55950
2015-07-12/00:00:00,3.65,3.71,3.65,3.67,65550
2015-07-13/00:00:00,3.67,3.61,3.58,3.6,77246
2015-07-14/00:00:00,3.6,3.51,3.47,3.5,16080
2015-07-15/00:00:00,3.5,3.8,3.47,3.75,12836
2015-07-16/00:00:00,3.75,3.7,3.6,3.75,1581
2015-07-21/00:00:00,3.75,3.72,3.56,3.62,9350
2015-07-22/00:00:00,3.62,3.75,3.56,3.64,44005
2015-07-26/00:00:00,3.64,3.82,3.62,3.7,29425
2015-07-27/00:00:00,3.7,3.6,3.51,3.6,652287
2015-07-28/00:00:00,3.6,3.59,3.44,3.55,10581
2015-07-29/00:00:00,3.55,3.8,3.59,3.67,1004793
2015-07-30/00:00:00,3.67,4.02,3.6,3.86,2226404
2015-08-02/00:00:00,3.86,4.0,3.76,3.89,2103552
2015-08-03/00:00:00,3.89,3.86,3.76,3.8,1507944
2015-08-04/00:00:00,3.8,3.89,3.73,3.78,66000
2015-08-05/00:00:00,3.78,3.92,3.72,3.79,114378
2015-08-09/00:00:00,3.79,4.0,3.8,3.84,866463
2015-08-10/00:00:00,3.84,3.85,3.6,3.81,163930
2015-08-11/00:00:00,3.81,3.85,3.6,3.69,692526
2015-08-12/00:00:00,3.69,3.6,3.46,3.51,212826
2015-08-13/00:00:00,3.51,3.5,3.41,3.48,107359
2015-08-16/00:00:00,3.48,3.42,3.28,3.34,41120
2015-08-17/00:00:00,3.34,3.45,3.29,3.37,84992
2015-08-18/00:00:00,3.37,3.35,3.11,3.21,158893
2015-08-19/00:00:00,3.21,3.15,2.99,3.1,181665
2015-08-20/00:00:00,3.1,3.02,2.96,3.0,1300570
2015-08-23/00:00:00,3.0,2.99,2.73,2.75,138140
2015-08-24/00:00:00,2.75,2.72,2.5,2.59,765310
2015-08-25/00:00:00,2.59,2.74,2.55,2.64,925475
2015-08-26/00:00:00,2.64,2.7,2.62,2.69,690266
2015-08-27/00:00:00,2.69,2.77,2.65,2.73,179801
2015-08-30/00:00:00,2.73,2.75,2.65,2.71,106872
2015-08-31/00:00:00,2.71,2.86,2.7,2.81,133062
2015-09-01/00:00:00,2.81,2.78,2.68,2.72,253850
2015-09-02/00:00:00,2.72,2.75,2.66,2.73,29031
2015-09-03/00:00:00,2.73,2.95,2.7,2.85,1031206
2015-09-06/00:00:00,2.85,2.85,2.77,2.8,93352
2015-09-07/00:00:00,2.8,2.84,2.62,2.7,131701
2015-09-08/00:00:00,2.7,2.72,2.45,2.53,653307
2015-09-09/00:00:00,2.53,2.64,2.52,2.56,455945
2015-09-10/00:00:00,2.56,2.54,2.47,2.5,96050
2015-09-13/00:00:00,2.5,2.55,2.47,2.5,1283675
2015-09-14/00:00:00,2.5,2.58,2.49,2.54,440109
2015-09-15/00:00:00,2.54,2.65,2.53,2.61,350447
2015-09-16/00:00:00,2.61,2.83,2.63,2.76,998557
2015-09-17/00:00:00,2.76,3.03,2.76,2.95,840547
2015-09-20/00:00:00,2.95,3.0,2.9,2.96,491631
2015-09-21/00:00:00,2.96,3.12,2.9,3.05,448661
2015-09-22/00:00:00,3.05,3.19,3.03,3.11,327617
2015-09-28/00:00:00,3.11,3.2,3.06,3.16,173261
2015-09-29/00:00:00,3.16,3.17,3.08,3.1,757100
2015-09-30/00:00:00,3.1,3.14,3.04,3.1,713402
2015-10-01/00:00:00,3.1,3.13,3.0,3.07,148600
2015-10-04/00:00:00,3.07,3.0,3.0,3.0,49172
2015-10-05/00:00:00,3.0,3.02,2.96,3.0,605110
2015-10-07/00:00:00,3.0,3.12,3.0,3.1,1079900
2015-10-08/00:00:00,3.1,3.16,3.08,3.11,845945
2015-10-11/00:00:00,3.11,3.24,3.1,3.13,408762
2015-10-12/00:00:00,3.13,3.26,3.1,3.16,2081152
2015-10-13/00:00:00,3.16,3.2,3.1,3.15,910366
2015-10-15/00:00:00,3.15,3.15,2.85,2.99,747895
2015-10-18/00:00:00,2.99,2.94,2.86,2.91,535219
2015-10-19/00:00:00,2.91,2.97,2.9,2.93,1227342
2015-10-20/00:00:00,2.93,3.0,2.89,2.95,1548442
2015-10-21/00:00:00,2.95,2.94,2.86,2.9,1224954
2015-10-22/00:00:00,2.9,2.86,2.78,2.81,269054
2015-10-25/00:00:00,2.81,2.98,2.83,2.94,1420583
2015-10-26/00:00:00,2.94,2.97,2.85,2.91,1547929
2015-10-27/00:00:00,2.91,3.05,2.88,2.98,4082613
2015-10-28/00:00:00,2.98,3.23,2.95,3.08,9920188
2015-10-29/00:00:00,3.08,3.2,2.92,3.01,5558728
2015-11-01/00:00:00,3.01,2.96,2.8,2.88,2572081
2015-11-02/00:00:00,2.88,2.93,2.82,2.9,2964404
2015-11-03/00:00:00,2.9,2.94,2.87,2.9,1537529
2015-11-04/00:00:00,2.9,2.92,2.88,2.9,526782
2015-11-05/00:00:00,2.9,3.11,2.92,3.0,7108718
2015-11-08/00:00:00,3.0,3.05,2.89,2.98,2261152
2015-11-09/00:00:00,2.98,3.05,2.88,2.99,4055563
2015-11-10/00:00:00,2.99,2.99,2.79,2.87,4850664
2015-11-11/00:00:00,2.87,2.9,2.73,2.8,2601208
2015-11-12/00:00:00,2.8,2.88,2.73,2.82,2688726
2015-11-15/00:00:00,2.82,2.68,2.59,2.62,1070519
2015-11-16/00:00:00,2.62,2.75,2.62,2.7,1605645
2015-11-17/00:00:00,2.7,2.79,2.62,2.7,4018097
2015-11-18/00:00:00,2.7,2.76,2.72,2.75,501137
2015-11-19/00:00:00,2.75,2.88,2.77,2.84,1159160
2015-11-22/00:00:00,2.84,3.01,2.88,2.94,1348733
2015-11-23/00:00:00,2.94,3.03,2.92,2.98,2019187
2015-11-24/00:00:00,2.98,2.99,2.89,2.92,545894
2015-11-25/00:00:00,2.92,3.1,2.93,3.03,1643934
2015-11-26/00:00:00,3.03,3.09,2.92,3.01,1176600
2015-11-29/00:00:00,3.01,3.04,2.93,2.97,179249
2015-11-30/00:00:00,2.97,2.94,2.88,2.9,66829
2015-12-01/00:00:00,2.9,3.0,2.9,2.94,118200
2015-12-02/00:00:00,2.94,3.08,2.96,3.03,619285
2015-12-03/00:00:00,3.03,3.18,3.03,3.14,2562292
2015-12-06/00:00:00,3.14,3.4,3.14,3.29,1007429
2015-12-07/00:00:00,3.29,3.56,3.33,3.49,1767736
2015-12-08/00:00:00,3.49,3.5,3.25,3.33,1218423
2015-12-09/00:00:00,3.33,3.58,3.3,3.46,1749948
2015-12-10/00:00:00,3.46,3.51,3.34,3.42,822271
2015-12-13/00:00:00,3.42,3.37,3.2,3.27,303094
2015-12-14/00:00:00,3.27,3.41,3.31,3.37,747492
2015-12-15/00:00:00,3.37,3.69,3.35,3.57,1711948
2015-12-16/00:00:00,3.57,3.78,3.56,3.64,2485151
2015-12-17/00:00:00,3.64,3.75,3.55,3.62,3330330
2015-12-20/00:00:00,3.62,3.63,3.5,3.56,377311
2015-12-21/00:00:00,3.56,3.64,3.51,3.57,788414
2015-12-22/00:00:00,3.57,3.62,3.47,3.53,910291
2015-12-24/00:00:00,3.53,3.56,3.5,3.52,675790
2015-12-27/00:00:00,3.52,3.65,3.55,3.59,809194
2015-12-28/00:00:00,3.59,3.7,3.5,3.62,4940698
2015-12-29/00:00:00,3.62,3.61,3.49,3.51,9616268
2015-12-30/00:00:00,3.51,3.7,3.5,3.59,9474489
2015-12-31/00:00:00,3.59,3.66,3.41,3.54,3596118
2016-01-03/00:00:00,3.54,3.55,3.48,3.52,866177
2016-01-04/00:00:00,3.52,3.53,3.35,3.43,1017783
2016-01-05/00:00:00,3.43,3.49,3.33,3.41,820023
2016-01-06/00:00:00,3.41,3.43,3.27,3.33,794481
2016-01-10/00:00:00,3.33,3.33,3.15,3.21,632928
2016-01-11/00:00:00,3.21,3.4,3.12,3.28,1914265
2016-01-12/00:00:00,3.28,3.2,3.0,3.12,1277425
2016-01-13/00:00:00,3.12,3.21,2.81,3.01,1658390
2016-01-14/00:00:00,3.01,3.05,2.72,2.8,795740
2016-01-17/00:00:00,2.8,2.83,2.6,2.74,777885
2016-01-18/00:00:00,2.74,2.86,2.77,2.81,1324859
2016-01-19/00:00:00,2.81,2.92,2.82,2.87,1318714
2016-01-20/00:00:00,2.87,2.84,2.6,2.68,1414876
2016-01-21/00:00:00,2.68,2.63,2.5,2.58,2954443
2016-01-24/00:00:00,2.67,2.71,2.58,2.64,2771390
2016-01-26/00:00:00,2.64,2.68,2.55,2.63,4685891
2016-01-27/00:00:00,2.74,2.75,2.61,2.7,5531946
2016-01-28/00:00:00,2.7,2.71,2.62,2.67,2257330
2016-01-31/00:00:00,2.7,2.71,2.55,2.63,2967034
2016-02-01/00:00:00,2.63,2.6,2.53,2.57,1969467
2016-02-02/00:00:00,2.57,2.65,2.58,2.61,2224379
2016-02-03/00:00:00,2.61,2.71,2.57,2.66,6061000
2016-02-04/00:00:00,2.66,2.71,2.62,2.67,2812649
2016-02-07/00:00:00,2.67,2.65,2.6,2.61,4836819
2016-02-08/00:00:00,2.61,2.67,2.51,2.6,9510309
2016-02-09/00:00:00,2.6,2.56,2.47,2.51,2032395
2016-02-10/00:00:00,2.51,2.54,2.45,2.5,1925292
2016-02-11/00:00:00,2.5,2.47,2.25,2.32,4583400
2016-02-14/00:00:00,2.32,2.35,2.26,2.3,2157325
2016-02-15/00:00:00,2.3,2.35,2.22,2.28,3063210
2016-02-16/00:00:00,2.28,2.3,2.22,2.27,3109067
2016-02-17/00:00:00,2.27,2.26,2.17,2.21,2994785
2016-02-18/00:00:00,2.25,2.25,2.2,2.23,2724401
2016-02-21/00:00:00,2.23,2.24,2.2,2.22,1223220
2016-02-22/00:00:00,2.22,2.27,2.2,2.23,3614185
2016-02-23/00:00:00,2.23,2.25,2.19,2.22,3878290
2016-02-24/00:00:00,2.22,2.22,2.18,2.2,3189126
2016-02-25/00:00:00,2.23,2.23,2.2,2.2,1806108
2016-02-28/00:00:00,2.2,2.27,2.21,2.24,3140446
2016-02-29/00:00:00,2.24,2.34,2.25,2.29,8860055
2016-03-01/00:00:00,2.29,2.29,2.24,2.26,1455414
2016-03-02/00:00:00,2.26,2.28,2.17,2.22,2475076
2016-03-03/00:00:00,2.22,2.21,2.16,2.18,1949848
2016-03-06/00:00:00,2.18,2.24,2.2,2.22,2211216
2016-03-07/00:00:00,2.22,2.26,2.23,2.25,2569955
2016-03-08/00:00:00,2.25,2.27,2.2,2.23,2212050
2016-03-09/00:00:00,2.23,2.25,2.21,2.23,1443538
2016-03-10/00:00:00,2.23,2.42,2.26,2.33,9986350
2016-03-13/00:00:00,2.33,2.45,2.35,2.39,4583245
2016-03-14/00:00:00,2.39,2.6,2.38,2.52,10288041
2016-03-15/00:00:00,2.52,2.62,2.47,2.57,7254564
2016-03-16/00:00:00,2.57,2.68,2.58,2.61,5441787
2016-03-17/00:00:00,2.61,2.69,2.5,2.62,6802750
2016-03-20/00:00:00,2.62,2.6,2.44,2.5,2795469
2016-03-21/00:00:00,2.5,2.51,2.43,2.47,2144410
2016-03-22/00:00:00,2.47,2.51,2.41,2.45,2979909
2016-03-23/00:00:00,2.45,2.61,2.46,2.55,6308055
2016-03-24/00:00:00,2.55,2.64,2.56,2.61,4033810
2016-03-27/00:00:00,2.61,2.66,2.5,2.59,3173251
2016-03-28/00:00:00,2.59,2.58,2.49,2.54,3244522
2016-03-29/00:00:00,2.58,2.66,2.55,2.61,7193202
2016-03-30/00:00:00,2.63,2.65,2.53,2.6,5315333
2016-03-31/00:00:00,2.6,2.61,2.54,2.57,2849832
2016-04-03/00:00:00,2.57,2.59,2.51,2.54,2277949
2016-04-04/00:00:00,2.54,2.55,2.48,2.51,6615642
2016-04-05/00:00:00,2.51,2.53,2.4,2.47,4364240
2016-04-06/00:00:00,2.47,2.45,2.24,2.33,4785041
2016-04-07/00:00:00,2.33,2.36,2.27,2.33,3969382
2016-04-10/00:00:00,2.33,2.39,2.3,2.34,2068835
2016-04-11/00:00:00,2.34,2.35,2.3,2.33,1302061
2016-04-12/00:00:00,2.33,2.38,2.29,2.33,2515550
2016-04-13/00:00:00,2.33,2.41,2.33,2.37,2164443
2016-04-14/00:00:00,2.37,2.39,2.33,2.37,1011146
2016-04-17/00:00:00,2.37,2.44,2.35,2.4,1590427
2016-04-18/00:00:00,2.4,2.58,2.41,2.51,8110443
2016-04-19/00:00:00,2.51,2.58,2.52,2.55,3723923
2016-04-20/00:00:00,2.55,2.54,2.42,2.46,2634005
2016-04-21/00:00:00,2.46,2.48,2.39,2.42,1609028
2016-04-24/00:00:00,2.42,2.44,2.39,2.41,1273276
2016-04-26/00:00:00,2.41,2.47,2.38,2.41,3435132
2016-04-27/00:00:00,2.41,2.41,2.32,2.36,1824722
2016-04-28/00:00:00,2.36,2.36,2.3,2.34,1058357
2016-05-03/00:00:00,2.34,2.33,2.26,2.3,2343003
2016-05-04/00:00:00,2.3,2.35,2.28,2.31,1594477
2016-05-05/00:00:00,2.31,2.37,2.31,2.34,1205106
2016-05-08/00:00:00,2.34,2.36,2.31,2.33,628613
2016-05-09/00:00:00,2.33,2.4,2.36,2.37,1368336
2016-05-10/00:00:00,2.37,2.52,2.36,2.45,3328041
2016-05-11/00:00:00,2.45,2.45,2.38,2.41,3049226
2016-05-12/00:00:00,2.41,2.44,2.37,2.4,1088446
2016-05-15/00:00:00,2.4,2.38,2.31,2.33,638705
2016-05-16/00:00:00,2.33,2.35,2.3,2.32,637517
2016-05-17/00:00:00,2.32,2.41,2.33,2.38,736638
2016-05-18/00:00:00,2.38,2.41,2.35,2.37,420583
2016-05-19/00:00:00,2.37,2.35,2.3,2.33,376180
2016-05-22/00:00:00,2.33,2.35,2.31,2.33,195784
2016-05-23/00:00:00,2.33,2.34,2.31,2.32,140486
2016-05-24/00:00:00,2.32,2.36,2.3,2.33,788336
2016-05-25/00:00:00,2.33,2.36,2.34,2.35,959780
2016-05-26/00:00:00,2.35,2.36,2.33,2.35,765100
2016-05-29/00:00:00,2.35,2.36,2.33,2.35,255348
2016-05-30/00:00:00,2.35,2.37,2.32,2.35,554888
2016-05-31/00:00:00,2.35,2.54,2.34,2.45,3592726
2016-06-01/00:00:00,2.45,2.62,2.49,2.58,6674642
2016-06-02/00:00:00,2.58,2.61,2.54,2.57,1470385
2016-06-05/00:00:00,2.57,2.57,2.48,2.51,244918
2016-06-06/00:00:00,2.51,2.53,2.48,2.51,347000
2016-06-07/00:00:00,2.51,2.6,2.53,2.58,1462155
2016-06-08/00:00:00,2.58,2.61,2.53,2.58,2342579
2016-06-09/00:00:00,2.58,2.56,2.51,2.53,339575
2016-06-12/00:00:00,2.53,2.54,2.48,2.5,313090
2016-06-13/00:00:00,2.5,2.52,2.5,2.5,669005
2016-06-14/00:00:00,2.5,2.5,2.36,2.47,1297191
2016-06-15/00:00:00,2.47,2.6,2.37,2.55,1718473
2016-06-16/00:00:00,2.55,2.59,2.5,2.52,461213
2016-06-19/00:00:00,2.52,2.52,2.38,2.45,319886
2016-06-20/00:00:00,2.45,2.5,2.38,2.44,625607
2016-06-21/00:00:00,2.44,2.5,2.41,2.44,103561
2016-06-22/00:00:00,2.44,2.5,2.38,2.47,440725
2016-06-23/00:00:00,2.47,2.5,2.43,2.48,306200
2016-06-26/00:00:00,2.35,2.35,2.13,2.18,3434941
2016-06-27/00:00:00,2.18,2.24,2.19,2.21,1367896
2016-06-28/00:00:00,2.21,2.25,2.21,2.23,316327
2016-06-29/00:00:00,2.23,2.27,2.2,2.23,668740
2016-07-03/00:00:00,2.23,2.27,2.23,2.25,133500
2016-07-04/00:00:00,2.25,2.36,2.26,2.3,2199828
2016-07-10/00:00:00,2.3,2.46,2.36,2.41,1404000
2016-07-11/00:00:00,2.41,2.45,2.28,2.35,2442115
2016-07-12/00:00:00,2.35,2.37,2.28,2.33,2634130
2016-07-13/00:00:00,2.33,2.39,2.34,2.36,877200
2016-07-14/00:00:00,2.36,2.37,2.32,2.35,632976
2016-07-17/00:00:00,2.35,2.36,2.31,2.34,423290
2016-07-18/00:00:00,2.34,2.37,2.32,2.34,494467
2016-07-19/00:00:00,2.34,2.34,2.29,2.32,736416
2016-07-20/00:00:00,2.32,2.3,2.23,2.27,921368
2016-07-21/00:00:00,2.27,2.27,2.24,2.25,2341326
2016-07-24/00:00:00,2.25,2.28,2.24,2.27,969772
2016-07-25/00:00:00,2.27,2.31,2.26,2.29,1159356
2016-07-26/00:00:00,2.29,2.31,2.23,2.27,2213682
2016-07-27/00:00:00,2.29,2.33,2.25,2.3,4749531
2016-07-28/00:00:00,2.3,2.35,2.23,2.28,7779896
2016-07-31/00:00:00,2.28,2.27,2.21,2.23,1762318
2016-08-01/00:00:00,2.23,2.25,2.2,2.22,2874644
2016-08-02/00:00:00,2.22,2.24,2.21,2.23,3316598
2016-08-03/00:00:00,2.23,2.29,2.23,2.27,5107478
2016-08-04/00:00:00,2.27,2.33,2.27,2.3,3884883
2016-08-07/00:00:00,2.3,2.44,2.29,2.39,12492129
2016-08-08/00:00:00,2.39,2.43,2.35,2.39,2509292
2016-08-09/00:00:00,2.39,2.45,2.37,2.41,4883588
2016-08-10/00:00:00,2.41,2.48,2.4,2.45,4488043
2016-08-11/00:00:00,2.45,2.54,2.4,2.48,9205540
2016-08-14/00:00:00,2.48,2.56,2.5,2.52,3908120
2016-08-15/00:00:00,2.52,2.53,2.46,2.49,2689596
2016-08-16/00:00:00,2.49,2.48,2.41,2.44,2523890
2016-08-17/00:00:00,2.44,2.45,2.41,2.43,1207830
2016-08-18/00:00:00,2.43,2.45,2.4,2.41,1171382
2016-08-21/00:00:00,2.41,2.49,2.42,2.47,2852577
2016-08-22/00:00:00,2.47,2.55,2.43,2.5,3956019
2016-08-23/00:00:00,2.5,2.48,2.43,2.46,1633390
2016-08-24/00:00:00,2.46,2.5,2.41,2.45,1810805
2016-08-25/00:00:00,2.45,2.43,2.33,2.37,1692840
2016-08-28/00:00:00,2.37,2.35,2.33,2.33,267648
2016-08-29/00:00:00,2.33,2.35,2.3,2.31,420281
2016-08-30/00:00:00,2.31,2.36,2.3,2.34,766485
2016-08-31/00:00:00,2.34,2.4,2.34,2.37,1128113
2016-09-01/00:00:00,2.37,2.37,2.31,2.36,538973
2016-09-04/00:00:00,2.36,2.38,2.35,2.35,517290
2016-09-05/00:00:00,2.35,2.36,2.31,2.34,364563
2016-09-06/00:00:00,2.34,2.32,2.23,2.27,1260016
2016-09-07/00:00:00,2.27,2.29,2.23,2.26,505417
2016-09-08/00:00:00,2.26,2.32,2.28,2.3,251338
2016-09-14/00:00:00,2.3,2.32,2.25,2.27,361275
2016-09-15/00:00:00,2.27,2.26,2.21,2.23,279938
2016-09-18/00:00:00,2.23,2.27,2.21,2.23,440503
2016-09-19/00:00:00,2.23,2.26,2.22,2.24,223397
2016-09-20/00:00:00,2.24,2.25,2.22,2.24,464240
2016-09-21/00:00:00,2.24,2.23,2.18,2.21,229880
2016-09-22/00:00:00,2.21,2.23,2.18,2.21,232481
2016-09-25/00:00:00,2.21,2.23,2.21,2.22,115100
2016-09-26/00:00:00,2.22,2.24,2.22,2.23,58500
2016-09-27/00:00:00,2.23,2.24,2.22,2.23,372942
2016-09-28/00:00:00,2.23,2.22,2.18,2.2,188460
2016-09-29/00:00:00,2.2,2.22,2.17,2.18,155842
2016-10-03/00:00:00,2.18,2.3,2.24,2.28,877388
2016-10-04/00:00:00,2.28,2.28,2.22,2.25,478630
2016-10-05/00:00:00,2.25,2.28,2.22,2.25,4580409
2016-10-09/00:00:00,2.25,2.27,2.19,2.22,1819942
2016-10-10/00:00:00,2.22,2.21,2.1,2.17,1269951
2016-10-11/00:00:00,2.17,2.13,2.03,2.06,1636030
2016-10-12/00:00:00,2.06,2.09,1.99,2.02,1889709
2016-10-13/00:00:00,2.02,2.08,2.02,2.05,1345069
2016-10-16/00:00:00,2.05,2.05,1.9,1.94,1088301
2016-10-17/00:00:00,1.94,1.94,1.79,1.86,1480356
2016-10-18/00:00:00,1.86,1.87,1.8,1.83,1438065
2016-10-19/00:00:00,1.83,1.89,1.81,1.84,1479492
2016-10-20/00:00:00,1.84,1.91,1.85,1.88,382809
2016-10-23/00:00:00,1.88,1.89,1.83,1.86,163539
2016-10-24/00:00:00,1.86,1.88,1.84,1.85,295880
2016-10-25/00:00:00,1.85,1.9,1.84,1.86,437289
2016-10-26/00:00:00,1.86,1.95,1.86,1.91,1046562
2016-10-27/00:00:00,1.91,2.02,1.93,1.98,936269
2016-10-30/00:00:00,1.98,2.02,1.96,1.98,285546
2016-10-31/00:00:00,1.98,1.99,1.94,1.98,151894
2016-11-01/00:00:00,1.98,2.0,1.96,1.98,462468
2016-11-02/00:00:00,2.05,2.06,1.96,2.01,1053003
2016-11-03/00:00:00,2.16,2.36,2.05,2.17,6673449
2016-11-06/00:00:00,2.17,2.38,2.29,2.36,2064244
2016-11-07/00:00:00,2.59,2.83,2.45,2.64,13319033
2016-11-08/00:00:00,2.64,2.9,2.68,2.77,11330690
2016-11-09/00:00:00,2.77,2.8,2.59,2.71,9858581
2016-11-10/00:00:00,2.71,2.84,2.66,2.76,6926978
2016-11-13/00:00:00,2.89,2.89,2.65,2.74,6879709
2016-11-14/00:00:00,2.74,2.78,2.63,2.7,3522637
2016-11-15/00:00:00,2.7,2.73,2.64,2.68,5382230
2016-11-16/00:00:00,2.68,2.94,2.7,2.88,12187214
2016-11-17/00:00:00,2.88,3.03,2.64,2.86,16500070
2016-11-20/00:00:00,2.86,2.82,2.69,2.77,4243212
2016-11-21/00:00:00,2.77,2.88,2.76,2.82,6869695
2016-11-22/00:00:00,2.82,2.88,2.68,2.8,11342875
2016-11-23/00:00:00,2.75,2.84,2.68,2.76,5303704
2016-11-24/00:00:00,2.76,2.84,2.6,2.69,4572422
2016-11-27/00:00:00,2.69,2.67,2.58,2.62,1673176
2016-11-28/00:00:00,2.62,2.71,2.62,2.67,2639108
2016-11-29/00:00:00,2.67,2.71,2.59,2.66,3531680
2016-11-30/00:00:00,2.66,2.92,2.71,2.86,26298490
2016-12-01/00:00:00,2.86,2.91,2.78,2.83,6964187
2016-12-04/00:00:00,2.87,3.15,2.82,3.02,32040811
2016-12-05/00:00:00,3.02,3.19,2.99,3.09,19889531
2016-12-06/00:00:00,3.09,3.12,3.01,3.06,5058080
2016-12-07/00:00:00,3.06,3.06,2.89,2.96,4120244
2016-12-08/00:00:00,2.96,3.07,2.92,3.02,4367823
2016-12-12/00:00:00,3.02,3.1,2.94,3.03,3455810
2016-12-13/00:00:00,3.03,3.07,2.92,3.0,2761634
2016-12-14/00:00:00,3.0,3.24,2.95,3.09,7686211
2016-12-15/00:00:00,3.09,3.1,2.95,3.04,3541414
2016-12-18/00:00:00,3.04,3.12,3.0,3.06,2926016
2016-12-19/00:00:00,3.06,3.36,3.03,3.2,18270456
2016-12-20/00:00:00,3.2,3.4,3.23,3.3,15138391
2016-12-21/00:00:00,3.3,3.31,3.23,3.27,3867181
2016-12-22/00:00:00,3.27,3.36,3.18,3.28,4931474
2016-12-25/00:00:00,3.28,3.29,3.2,3.24,1152259
2016-12-26/00:00:00,3.24,3.45,3.25,3.39,11404837
2016-12-27/00:00:00,3.39,3.39,3.26,3.32,1931252
2016-12-28/00:00:00,3.32,3.37,3.26,3.31,1096030
2016-12-29/00:00:00,3.31,3.31,3.17,3.24,1539259
2017-01-02/00:00:00,3.24,3.28,3.15,3.2,845827
2017-01-03/00:00:00,3.2,3.23,3.15,3.18,548946
2017-01-04/00:00:00,3.18,3.35,3.19,3.28,3376729
2017-01-05/00:00:00,3.28,3.35,3.26,3.3,1910144
2017-01-08/00:00:00,3.3,3.51,3.32,3.43,9641381
2017-01-09/00:00:00,3.43,3.52,3.38,3.45,2377685
2017-01-10/00:00:00,3.45,3.5,3.37,3.45,4681862
2017-01-11/00:00:00,3.45,3.45,3.32,3.37,3012453
2017-01-12/00:00:00,3.37,3.41,3.33,3.36,5196977
2017-01-15/00:00:00,3.36,3.52,3.35,3.43,7761226
2017-01-16/00:00:00,3.43,3.41,3.32,3.36,2476820
2017-01-17/00:00:00,3.36,3.48,3.33,3.4,9427573
2017-01-18/00:00:00,3.4,3.38,3.11,3.22,7146188
2017-01-19/00:00:00,3.22,3.2,2.94,3.02,7583398
2017-01-22/00:00:00,3.02,3.07,2.97,3.03,1492211
2017-01-23/00:00:00,3.03,3.09,2.99,3.02,1747409
2017-01-24/00:00:00,3.02,3.07,2.96,3.02,744556
2017-01-26/00:00:00,3.02,3.1,3.02,3.06,1723181
2017-01-29/00:00:00,3.06,3.15,3.02,3.09,3698228
2017-01-30/00:00:00,3.09,3.39,3.03,3.26,14859431
2017-01-31/00:00:00,3.26,3.34,3.1,3.21,2810385
2017-02-01/00:00:00,3.21,3.25,3.1,3.14,2224275
2017-02-02/00:00:00,3.14,3.23,3.13,3.18,807585
2017-02-05/00:00:00,3.18,3.33,3.12,3.19,3216939
2017-02-06/00:00:00,3.19,3.18,3.05,3.12,2780304
2017-02-07/00:00:00,3.12,3.24,3.11,3.18,3401253
2017-02-08/00:00:00,3.18,3.27,3.1,3.17,2452141
2017-02-09/00:00:00,3.17,3.22,3.16,3.19,1456855
2017-02-12/00:00:00,3.19,3.23,3.13,3.17,269888
2017-02-13/00:00:00,3.17,3.16,3.1,3.12,333222
2017-02-14/00:00:00,3.12,3.14,3.0,3.05,739566
2017-02-15/00:00:00,3.05,3.15,3.01,3.1,570620
2017-02-16/00:00:00,3.1,3.16,3.08,3.11,178350
2017-02-19/00:00:00,3.11,3.24,3.08,3.16,1436146
2017-02-20/00:00:00,3.16,3.16,3.05,3.12,861500
2017-02-21/00:00:00,3.12,3.22,3.1,3.17,1765349
2017-02-22/00:00:00,3.17,3.19,3.05,3.11,1378768
2017-02-23/00:00:00,3.11,3.1,2.81,2.98,2641197
2017-02-26/00:00:00,2.98,2.99,2.87,2.9,538162
2017-02-27/00:00:00,2.9,2.91,2.65,2.77,541027
2017-02-28/00:00:00,2.77,2.8,2.61,2.72,830562
2017-03-01/00:00:00,2.72,2.87,2.74,2.8,1734402
2017-03-02/00:00:00,2.8,2.96,2.8,2.92,2769866
2017-03-05/00:00:00,2.92,2.94,2.86,2.9,587735
2017-03-06/00:00:00,2.9,2.96,2.89,2.93,1429137
2017-03-07/00:00:00,2.93,3.09,2.89,2.96,7133267
2017-03-08/00:00:00,2.96,3.01,2.91,2.96,1137538
2017-03-09/00:00:00,2.96,2.97,2.92,2.95,941009
2017-03-12/00:00:00,2.95,2.94,2.79,2.85,2351452
2017-03-13/00:00:00,2.85,2.85,2.71,2.76,3275731
2017-03-14/00:00:00,2.76,2.77,2.67,2.7,825033
2017-03-15/00:00:00,2.7,2.79,2.69,2.72,2752290
2017-03-16/00:00:00,2.72,2.76,2.69,2.72,2028500
2017-03-19/00:00:00,2.72,2.75,2.71,2.74,1499800
2017-03-20/00:00:00,2.74,2.82,2.74,2.77,2258523
2017-03-21/00:00:00,2.77,2.86,2.76,2.8,2693181
2017-03-22/00:00:00,2.8,2.88,2.77,2.82,3869016
2017-03-23/00:00:00,2.82,2.83,2.78,2.8,1306166
2017-03-26/00:00:00,2.8,2.83,2.78,2.8,1162656
2017-03-27/00:00:00,2.8,2.82,2.74,2.76,1127303
2017-03-28/00:00:00,2.76,2.75,2.66,2.71,2073450
2017-03-29/00:00:00,2.71,2.71,2.64,2.67,1074276
2017-03-30/00:00:00,2.67,2.68,2.58,2.62,2432480
2017-04-02/00:00:00,2.62,2.67,2.56,2.62,5939865
2017-04-03/00:00:00,2.59,2.76,2.59,2.68,17314833
2017-04-04/00:00:00,2.68,2.73,2.61,2.66,7988371
2017-04-05/00:00:00,2.66,2.66,2.52,2.59,8435904
2017-04-06/00:00:00,2.59,2.56,2.46,2.5,3767057
2017-04-09/00:00:00,2.5,2.5,2.38,2.44,3235638
2017-04-10/00:00:00,2.44,2.52,2.41,2.46,2925762
2017-04-11/00:00:00,2.46,2.49,2.44,2.47,1370435
2017-04-12/00:00:00,2.47,2.5,2.41,2.45,1930228
2017-04-13/00:00:00,2.45,2.45,2.41,2.43,1371258
2017-04-18/00:00:00,2.43,2.54,2.45,2.51,5288690
2017-04-19/00:00:00,2.51,2.56,2.49,2.52,2826218
2017-04-20/00:00:00,2.52,2.55,2.45,2.5,2514124
2017-04-23/00:00:00,2.5,2.46,2.37,2.39,29953977
2017-04-24/00:00:00,2.39,2.42,2.39,2.4,1555167
2017-04-26/00:00:00,2.4,2.47,2.42,2.44,1980865
2017-04-27/00:00:00,2.44,2.45,2.4,2.43,1793397
2017-04-30/00:00:00,2.43,2.43,2.37,2.4,903672
2017-05-02/00:00:00,2.4,2.45,2.41,2.43,1488932
2017-05-03/00:00:00,2.43,2.57,2.42,2.51,8481042
2017-05-04/00:00:00,2.51,2.54,2.48,2.51,2786479
2017-05-07/00:00:00,2.51,2.5,2.43,2.46,1867941
2017-05-08/00:00:00,2.46,2.54,2.46,2.5,4903284
2017-05-09/00:00:00,2.5,2.52,2.48,2.5,935142
2017-05-10/00:00:00,2.5,2.55,2.46,2.51,2963480
2017-05-11/00:00:00,2.51,2.49,2.43,2.45,1033780
2017-05-14/00:00:00,2.45,2.46,2.42,2.44,828736
2017-05-15/00:00:00,2.44,2.45,2.41,2.42,1307370
2017-05-16/00:00:00,2.42,2.43,2.35,2.38,4476991
2017-05-17/00:00:00,2.38,2.4,2.34,2.37,5760798
2017-05-18/00:00:00,2.37,2.36,2.26,2.3,3268133
2017-05-21/00:00:00,2.3,2.32,2.29,2.3,799013
2017-05-22/00:00:00,2.3,2.28,2.07,2.12,6759944
2017-05-23/00:00:00,2.12,2.11,2.07,2.09,2915189
2017-05-24/00:00:00,2.09,2.14,2.09,2.11,2251018
2017-05-25/00:00:00,2.11,2.17,2.1,2.13,2406920
2017-05-28/00:00:00,2.13,2.18,2.13,2.15,1444173
2017-05-29/00:00:00,2.15,2.16,2.12,2.14,1261437
2017-05-30/00:00:00,2.14,2.21,2.14,2.19,2806945
2017-05-31/00:00:00,2.19,2.19,2.14,2.16,829862
2017-06-01/00:00:00,2.16,2.18,2.14,2.16,636163
2017-06-04/00:00:00,2.16,2.23,2.16,2.2,1689064
2017-06-05/00:00:00,2.2,2.27,2.17,2.23,3027652
2017-06-06/00:00:00,2.23,2.26,2.2,2.22,1258811
2017-06-07/00:00:00,2.22,2.23,2.19,2.21,3650547
2017-06-08/00:00:00,2.21,2.23,2.16,2.19,2463982
2017-06-11/00:00:00,2.19,2.2,2.16,2.18,1080173
2017-06-12/00:00:00,2.18,2.18,2.11,2.14,3129077
2017-06-13/00:00:00,2.14,2.16,2.11,2.14,2866594
2017-06-14/00:00:00,2.14,2.14,2.09,2.11,1544625
2017-06-15/00:00:00,2.11,2.14,2.08,2.11,2439723
2017-06-18/00:00:00,2.11,2.16,2.12,2.14,1112317
2017-06-19/00:00:00,2.14,2.14,2.1,2.11,900810
2017-06-20/00:00:00,2.11,2.12,2.08,2.1,1152526
2017-06-21/00:00:00,2.1,2.11,2.09,2.1,2036724
2017-06-22/00:00:00,2.1,2.16,2.1,2.11,7146281
2017-06-28/00:00:00,2.11,2.18,2.1,2.14,1762860
2017-07-02/00:00:00,2.14,2.21,2.14,2.17,2860431
2017-07-03/00:00:00,2.17,2.2,2.15,2.17,1779325
2017-07-04/00:00:00,2.17,2.18,2.14,2.16,2527252
2017-07-05/00:00:00,2.16,2.15,2.11,2.13,1546699
2017-07-06/00:00:00,2.13,2.15,2.12,2.13,1820336
2017-07-09/00:00:00,2.11,2.11,2.07,2.09,2576057
2017-07-10/00:00:00,2.09,2.13,2.08,2.1,2128030
2017-07-11/00:00:00,2.1,2.13,2.08,2.1,1806391
2017-07-12/00:00:00,2.1,2.15,2.07,2.12,2776379
2017-07-13/00:00:00,2.12,2.16,2.11,2.14,3144906
2017-07-16/00:00:00,2.14,2.16,2.11,2.13,1092273
2017-07-17/00:00:00,2.13,2.15,2.13,2.13,1224922
2017-07-18/00:00:00,2.13,2.14,2.09,2.11,3254426
2017-07-19/00:00:00,2.11,2.11,2.07,2.09,5042287
2017-07-20/00:00:00,2.09,2.1,2.04,2.06,2825146
2017-07-24/00:00:00,2.06,2.06,1.96,2.01,3526078
2017-07-25/00:00:00,2.01,2.02,1.98,2.0,1180202
2017-07-26/00:00:00,2.0,2.19,2.0,2.11,14458262
2017-07-27/00:00:00,2.11,2.13,2.06,2.09,2486172
2017-07-30/00:00:00,2.09,2.09,2.05,2.07,1286556
2017-07-31/00:00:00,2.07,2.07,2.03,2.05,402668
2017-08-01/00:00:00,2.05,2.05,2.01,2.03,2664908
2017-08-02/00:00:00,2.03,2.06,1.99,2.01,5035809
2017-08-03/00:00:00,2.01,2.02,1.99,2.0,2001638
2017-08-06/00:00:00,2.0,2.04,2.01,2.02,1482926
2017-08-07/00:00:00,2.02,2.04,1.98,2.01,7801846
2017-08-08/00:00:00,2.01,2.01,1.96,1.98,3006732
2017-08-09/00:00:00,1.98,2.04,1.97,2.02,5388258
2017-08-10/00:00:00,2.02,2.04,2.0,2.02,3070049
2017-08-13/00:00:00,2.02,2.03,1.98,2.0,1050366
2017-08-14/00:00:00,2.0,2.03,1.98,2.01,3731305
2017-08-15/00:00:00,2.01,2.04,2.0,2.02,4503136
2017-08-16/00:00:00,2.02,2.08,2.01,2.05,2743060
2017-08-17/00:00:00,2.05,2.05,2.01,2.02,2010328
2017-08-20/00:00:00,2.02,2.07,2.03,2.05,2667616
2017-08-21/00:00:00,2.05,2.07,2.04,2.05,1211404
2017-08-22/00:00:00,2.05,2.14,2.06,2.11,5620729
2017-08-23/00:00:00,2.11,2.16,2.08,2.12,3265327
2017-08-24/00:00:00,2.12,2.12,2.07,2.08,924966
2017-08-27/00:00:00,2.08,2.11,2.09,2.1,1017328
2017-08-28/00:00:00,2.1,2.14,2.07,2.09,3334701
2017-08-29/00:00:00,2.09,2.29,2.09,2.22,13306053
2017-08-30/00:00:00,2.22,2.26,2.2,2.21,1908742
2017-09-05/00:00:00,2.21,2.37,2.25,2.33,9060968
2017-09-06/00:00:00,2.33,2.42,2.32,2.38,7530130
2017-09-07/00:00:00,2.38,2.43,2.34,2.38,7545349
2017-09-10/00:00:00,2.38,2.41,2.35,2.38,1985296
2017-09-11/00:00:00,2.38,2.4,2.35,2.37,2960471
2017-09-12/00:00:00,2.37,2.46,2.34,2.4,6799421
2017-09-13/00:00:00,2.4,2.39,2.32,2.35,4666196
2017-09-14/00:00:00,2.35,2.4,2.33,2.37,2948822
2017-09-17/00:00:00,2.37,2.46,2.36,2.42,4547276
2017-09-18/00:00:00,2.47,2.57,2.46,2.52,14954380
2017-09-19/00:00:00,2.52,2.7,2.54,2.63,12164716
2017-09-20/00:00:00,2.63,2.81,2.64,2.73,9345040
2017-09-24/00:00:00,2.73,2.86,2.73,2.82,6989141
2017-09-25/00:00:00,2.82,2.92,2.8,2.87,7389725
2017-09-26/00:00:00,2.87,2.92,2.8,2.88,5447442
2017-09-27/00:00:00,2.88,3.16,2.93,3.07,9031652
2017-09-28/00:00:00,3.07,3.3,3.02,3.1,3999736
2017-10-01/00:00:00,3.1,3.21,2.95,3.05,3880092
2017-10-02/00:00:00,3.05,3.2,3.05,3.12,3328908
2017-10-03/00:00:00,3.12,3.24,3.0,3.07,14321941
2017-10-04/00:00:00,3.07,3.09,2.96,3.0,5392739
2017-10-08/00:00:00,3.0,3.03,2.98,3.0,2055844
2017-10-09/00:00:00,3.0,3.06,2.97,3.02,3168749
2017-10-10/00:00:00,3.02,3.13,2.98,3.08,10471522
2017-10-11/00:00:00,3.15,3.19,3.09,3.15,4326475
2017-10-12/00:00:00,3.15,3.14,3.05,3.08,2069207
2017-10-15/00:00:00,3.08,3.38,3.09,3.29,8455796
2017-10-16/00:00:00,3.41,3.5,3.28,3.39,7515518
2017-10-17/00:00:00,3.39,3.45,3.28,3.35,4597843
2017-10-18/00:00:00,3.35,3.45,3.36,3.4,2330502
2017-10-19/00:00:00,3.4,3.47,3.33,3.4,2910405
2017-10-22/00:00:00,3.4,3.39,3.21,3.27,1103451
2017-10-23/00:00:00,3.27,3.31,3.15,3.21,1394662
2017-10-24/00:00:00,3.21,3.31,3.15,3.21,1471808
2017-10-25/00:00:00,3.21,3.26,3.15,3.2,683280
2017-10-26/00:00:00,3.2,3.29,3.15,3.2,888805
2017-10-29/00:00:00,3.2,3.32,3.2,3.23,1601298
2017-10-30/00:00:00,3.23,3.3,3.2,3.25,873816
2017-10-31/00:00:00,3.25,3.39,3.25,3.31,3269894
2017-11-01/00:00:00,3.31,3.38,3.26,3.32,1663806
2017-11-02/00:00:00,3.32,3.35,3.2,3.25,1267494
2017-11-05/00:00:00,3.25,3.29,3.13,3.21,1193083
2017-11-06/00:00:00,3.21,3.29,3.0,3.14,1891826
2017-11-07/00:00:00,3.14,3.09,2.95,3.01,3066687
2017-11-08/00:00:00,3.01,3.17,3.02,3.13,1160595
2017-11-09/00:00:00,3.13,3.16,3.08,3.13,903163
2017-11-12/00:00:00,3.13,3.35,3.15,3.28,2728704
2017-11-13/00:00:00,3.28,3.33,3.22,3.25,564098
2017-11-14/00:00:00,3.25,3.3,3.16,3.22,1270765
2017-11-15/00:00:00,3.22,3.27,3.15,3.19,1309721
2017-11-16/00:00:00,3.19,3.2,3.11,3.14,574539
2017-11-19/00:00:00,3.14,3.15,2.97,3.06,1232313
2017-11-20/00:00:00,3.06,3.1,3.0,3.04,248292
2017-11-21/00:00:00,3.04,3.13,3.03,3.07,412644
2017-11-22/00:00:00,3.07,3.14,3.09,3.1,241490
2017-11-23/00:00:00,3.1,3.41,3.11,3.32,3203281
2017-11-26/00:00:00,3.32,3.65,3.42,3.57,5635464
2017-11-27/00:00:00,3.57,3.92,3.8,3.91,4549837
2017-11-28/00:00:00,3.91,4.22,3.9,4.02,8348175
2017-11-29/00:00:00,4.02,4.21,3.8,3.93,4003470
2017-12-03/00:00:00,3.93,4.02,3.85,3.93,2530190
2017-12-04/00:00:00,4.05,4.12,3.9,4.02,3124867
2017-12-05/00:00:00,4.02,4.0,3.88,3.97,950470
2017-12-06/00:00:00,3.97,3.98,3.9,3.93,3424953
2017-12-07/00:00:00,3.93,4.08,3.92,4.01,6594755
2017-12-10/00:00:00,4.01,4.19,4.0,4.1,7248059
2017-12-11/00:00:00,4.1,4.28,4.0,4.13,4492027
2017-12-12/00:00:00,4.13,4.36,4.15,4.22,1560545
2017-12-13/00:00:00,4.22,4.28,4.1,4.2,1904322
2017-12-14/00:00:00,4.2,4.23,3.93,4.05,3827818
2017-12-17/00:00:00,4.05,4.08,3.97,4.01,2199659
2017-12-18/00:00:00,4.01,4.16,4.0,4.06,7199745
2017-12-19/00:00:00,4.06,4.25,4.1,4.2,3916795
2017-12-20/00:00:00,4.2,4.18,4.06,4.12,565057
2017-12-21/00:00:00,4.12,4.2,4.0,4.05,265950
2017-12-24/00:00:00,4.05,4.06,3.94,4.0,157609
2017-12-25/00:00:00,4.0,4.16,3.95,4.09,392515
2017-12-26/00:00:00,4.09,4.24,4.1,4.19,2577158
2017-12-27/00:00:00,4.19,4.4,4.16,4.28,4287417
2017-12-28/00:00:00,4.28,4.56,4.24,4.43,5071677
2017-12-31/00:00:00,4.43,4.6,4.4,4.49,6941997
2018-01-02/00:00:00,4.49,4.93,4.53,4.82,4928394
2018-01-03/00:00:00,4.82,5.14,4.69,4.85,6935858
2018-01-04/00:00:00,4.85,4.78,4.52,4.65,2133351
2018-01-08/00:00:00,4.65,4.79,4.57,4.69,3099428
2018-01-09/00:00:00,4.69,4.81,4.67,4.75,2136207
2018-01-10/00:00:00,4.75,5.1,4.75,4.95,7389699
2018-01-11/00:00:00,4.95,5.17,4.96,5.08,2165396
2018-01-14/00:00:00,5.08,5.24,5.0,5.09,4483209
2018-01-15/00:00:00,5.09,5.27,5.07,5.18,2004375
2018-01-16/00:00:00,5.18,5.46,5.06,5.29,2559196
2018-01-17/00:00:00,5.29,5.59,5.38,5.5,2265429
2018-01-18/00:00:00,5.5,5.55,5.28,5.43,2316511
2018-01-21/00:00:00,5.43,5.48,5.2,5.37,2289670
2018-01-22/00:00:00,5.37,5.48,5.3,5.38,1960075
2018-01-23/00:00:00,5.38,5.4,5.23,5.33,903557
2018-01-24/00:00:00,5.33,5.34,5.16,5.23,630711
2018-01-28/00:00:00,5.23,5.19,4.94,5.02,970800
2018-01-29/00:00:00,5.02,5.25,5.0,5.15,3165620
2018-01-30/00:00:00,5.15,5.2,5.0,5.09,1186964
2018-01-31/00:00:00,5.09,5.1,4.87,4.94,2506067
2018-02-01/00:00:00,4.94,5.11,4.95,5.01,7553079
2018-02-04/00:00:00,5.01,5.02,4.9,4.97,2528886
2018-02-05/00:00:00,4.97,5.05,4.88,4.97,1332671
2018-02-06/00:00:00,4.83,4.95,4.6,4.82,1115295
2018-02-07/00:00:00,4.82,5.11,4.92,5.05,2993054
2018-02-08/00:00:00,5.05,5.55,5.1,5.43,7271058
2018-02-11/00:00:00,5.43,5.8,5.5,5.7,4229341
2018-02-12/00:00:00,5.7,5.8,5.63,5.69,3740594
2018-02-13/00:00:00,5.69,5.7,5.36,5.52,2699049
2018-02-14/00:00:00,5.52,5.61,5.3,5.44,1691042
2018-02-15/00:00:00,5.44,5.59,5.43,5.51,870329
2018-02-18/00:00:00,5.51,5.65,5.51,5.59,580486
2018-02-19/00:00:00,5.59,5.63,5.48,5.55,559397
2018-02-20/00:00:00,5.55,5.59,5.38,5.43,982666
2018-02-21/00:00:00,5.43,5.4,4.89,5.02,3970639
2018-02-22/00:00:00,5.02,5.15,4.9,5.03,2198564
2018-02-25/00:00:00,5.03,5.23,5.07,5.15,922774
2018-02-26/00:00:00,5.15,5.17,4.93,5.01,1724502
2018-02-27/00:00:00,5.01,5.06,4.89,4.94,1651038
2018-02-28/00:00:00,4.94,5.0,4.8,4.85,1326363
2018-03-01/00:00:00,4.85,4.92,4.74,4.83,1244327
2018-03-04/00:00:00,4.83,4.9,4.75,4.82,663783
2018-03-05/00:00:00,4.82,4.83,4.7,4.74,752426
2018-03-06/00:00:00,4.94,5.1,4.77,5.0,3380399
2018-03-07/00:00:00,5.0,5.15,5.01,5.05,2592331
2018-03-08/00:00:00,5.05,5.15,4.95,5.02,2331950
2018-03-11/00:00:00,5.02,5.06,4.89,4.96,1375072
2018-03-12/00:00:00,4.96,5.2,4.95,5.1,2622976
2018-03-13/00:00:00,5.1,5.35,5.12,5.24,2268984
2018-03-14/00:00:00,5.24,5.22,4.88,4.98,2039408
2018-03-15/00:00:00,4.98,5.03,4.9,4.96,691170
2018-03-18/00:00:00,4.96,5.04,4.76,4.91,2091553
2018-03-19/00:00:00,4.91,4.99,4.8,4.86,2169027
2018-03-20/00:00:00,4.86,4.97,4.8,4.85,1256267
2018-03-21/00:00:00,4.85,5.06,4.79,4.95,2520284
2018-03-22/00:00:00,4.95,5.18,4.98,5.05,2366906
2018-03-25/00:00:00,5.05,5.1,4.94,4.99,460026
2018-03-26/00:00:00,4.99,5.22,5.0,5.15,2729150
2018-03-27/00:00:00,5.15,5.36,5.17,5.3,1800446
2018-03-28/00:00:00,5.3,5.35,5.01,5.09,1831635
2018-03-29/00:00:00,5.09,5.33,5.1,5.23,1377764
2018-04-01/00:00:00,5.23,5.38,5.15,5.23,723911
2018-04-02/00:00:00,5.23,5.25,5.1,5.19,512330
2018-04-03/00:00:00,5.19,5.2,5.02,5.11,1140444
2018-04-04/00:00:00,5.11,5.62,5.18,5.39,4758953
2018-04-05/00:00:00,5.39,5.92,5.6,5.83,2791334
2018-04-10/00:00:00,5.83,6.41,5.56,6.1,1970730
2018-04-11/00:00:00,6.1,6.3,5.75,5.95,2108464
2018-04-12/00:00:00,5.95,5.99,5.66,5.79,341655
2018-04-15/00:00:00,5.79,5.95,5.51,5.75,209885
2018-04-16/00:00:00,5.75,6.15,5.8,5.98,737451
2018-04-17/00:00:00,5.98,6.36,5.97,6.26,1264755
2018-04-18/00:00:00,6.26,6.65,6.27,6.45,2641808
2018-04-19/00:00:00,6.45,6.48,6.3,6.38,314295
2018-04-22/00:00:00,6.38,6.58,6.34,6.44,472950
2018-04-23/00:00:00,6.44,6.47,6.05,6.27,548261
2018-04-24/00:00:00,6.27,6.4,5.95,6.12,1621657
2018-04-26/00:00:00,6.12,6.2,6.01,6.06,313855
2018-04-29/00:00:00,6.06,6.3,6.01,6.21,952324
2018-04-30/00:00:00,6.21,6.38,6.0,6.16,1218241
2018-05-02/00:00:00,6.16,6.3,5.55,6.18,576981
2018-05-03/00:00:00,6.18,6.48,6.13,6.33,929675
2018-05-06/00:00:00,6.5,7.0,6.49,6.77,1949508
2018-05-07/00:00:00,6.77,6.75,6.42,6.6,225867
2018-05-08/00:00:00,6.6,6.72,6.43,6.57,181292
2018-05-09/00:00:00,6.57,6.6,5.92,6.05,2839667
2018-05-10/00:00:00,6.05,6.5,6.0,6.19,850707
2018-05-13/00:00:00,6.19,6.6,6.2,6.33,724254
2018-05-14/00:00:00,6.33,6.3,6.12,6.21,543686
2018-05-15/00:00:00,6.21,6.26,5.91,6.06,638482
2018-05-16/00:00:00,6.06,6.04,5.83,5.91,687901
2018-05-17/00:00:00,5.91,5.96,5.75,5.83,505971
2018-05-20/00:00:00,5.83,5.84,5.68,5.79,197718
2018-05-21/00:00:00,5.79,5.85,5.72,5.8,2427341
2018-05-22/00:00:00,5.8,5.85,5.6,5.73,424517
2018-05-23/00:00:00,5.73,5.81,5.61,5.69,594408
2018-05-24/00:00:00,5.69,5.75,5.45,5.58,478347
2018-05-27/00:00:00,5.58,5.75,5.55,5.68,533744
2018-05-28/00:00:00,5.68,5.8,5.7,5.72,4749814
2018-05-29/00:00:00,5.72,5.87,5.72,5.82,3460316
2018-05-30/00:00:00,5.82,5.82,5.71,5.76,1562601
2018-05-31/00:00:00,5.76,5.77,5.57,5.72,982602
2018-06-03/00:00:00,5.72,5.77,5.68,5.72,258684
2018-06-04/00:00:00,5.72,5.82,5.61,5.74,1017297
2018-06-05/00:00:00,5.74,5.73,5.5,5.66,1343850
2018-06-06/00:00:00,5.66,5.66,5.45,5.52,754590
2018-06-07/00:00:00,5.52,5.77,5.4,5.64,963541
2018-06-10/00:00:00,5.64,5.73,5.65,5.7,114660
2018-06-11/00:00:00,5.7,5.8,5.5,5.59,519440
2018-06-12/00:00:00,5.59,5.65,5.5,5.55,194885
2018-06-13/00:00:00,5.55,5.59,5.25,5.5,369619
2018-06-14/00:00:00,5.5,5.65,5.41,5.47,297770
2018-06-19/00:00:00,5.47,5.48,5.31,5.41,546850
2018-06-20/00:00:00,5.41,5.5,5.36,5.43,178558
2018-06-21/00:00:00,5.43,5.6,5.45,5.52,2145253
2018-06-24/00:00:00,5.52,5.5,5.39,5.44,543525
2018-06-25/00:00:00,5.44,5.48,5.35,5.4,255770
2018-06-26/00:00:00,5.4,5.45,5.3,5.36,1172037
2018-06-27/00:00:00,5.36,5.72,5.4,5.6,4456993
2018-06-28/00:00:00,5.6,5.65,5.5,5.58,605138
2018-07-02/00:00:00,5.58,5.7,5.58,5.61,445834
2018-07-03/00:00:00,5.61,5.8,5.62,5.75,1398056
2018-07-04/00:00:00,5.75,5.8,5.62,5.67,187402
2018-07-05/00:00:00,5.67,5.61,5.46,5.52,3595402
2018-07-08/00:00:00,5.52,5.53,5.45,5.49,462889
2018-07-09/00:00:00,5.49,5.5,5.4,5.45,1192895
2018-07-10/00:00:00,5.45,5.72,5.44,5.69,8216994
2018-07-11/00:00:00,5.69,6.05,5.6,5.73,6065761
2018-07-12/00:00:00,5.73,6.14,5.86,6.03,4383494
2018-07-15/00:00:00,6.03,6.13,5.85,6.04,2386484
2018-07-16/00:00:00,6.04,5.95,5.78,5.84,210790
2018-07-17/00:00:00,5.84,5.91,5.75,5.81,741564
2018-07-18/00:00:00,5.81,6.09,5.83,5.99,772353
2018-07-19/00:00:00,5.99,6.0,5.76,5.88,198115
2018-07-22/00:00:00,5.88,5.99,5.75,5.8,558897
2018-07-24/00:00:00,5.8,5.9,5.8,5.81,1371843
2018-07-25/00:00:00,5.81,5.95,5.7,5.81,1269593
2018-07-26/00:00:00,5.81,5.85,5.76,5.81,538560
2018-07-29/00:00:00,5.81,5.8,5.7,5.73,218950
2018-07-30/00:00:00,5.73,5.7,5.47,5.57,3247969
2018-07-31/00:00:00,5.57,5.7,5.5,5.64,4430642
2018-08-01/00:00:00,5.64,5.82,5.5,5.64,1253393
2018-08-02/00:00:00,5.64,5.7,5.55,5.65,631273
2018-08-05/00:00:00,5.65,5.68,5.55,5.62,97357
2018-08-06/00:00:00,5.62,5.7,5.58,5.64,410193
2018-08-07/00:00:00,5.64,5.8,5.66,5.73,1680100
2018-08-08/00:00:00,5.73,6.1,5.86,5.99,3461510
2018-08-09/00:00:00,5.99,6.25,6.03,6.17,7358495
2018-08-12/00:00:00,6.17,6.18,6.0,6.04,152484
2018-08-13/00:00:00,6.04,6.1,5.75,5.87,1810640
2018-08-14/00:00:00,5.87,6.2,6.0,6.03,713458
2018-08-15/00:00:00,6.03,6.12,5.92,6.07,763956
2018-08-16/00:00:00,6.07,6.11,5.91,6.02,332385
2018-08-19/00:00:00,6.02,6.11,5.95,6.06,68042
2018-08-26/00:00:00,6.06,6.1,6.0,6.05,49570
2018-08-27/00:00:00,6.05,6.18,6.0,6.1,5357952
2018-08-28/00:00:00,6.1,6.14,6.07,6.1,4257652
2018-08-29/00:00:00,6.1,6.1,5.97,6.09,605484
2018-08-30/00:00:00,6.09,6.01,5.93,5.99,236656
2018-09-02/00:00:00,5.99,6.03,6.0,6.01,154500
2018-09-03/00:00:00,6.01,6.0,5.87,5.96,45800
2018-09-04/00:00:00,5.96,5.95,5.75,5.85,82359
2018-09-05/00:00:00,5.85,5.8,5.67,5.74,381051
2018-09-06/00:00:00,5.74,5.92,5.74,5.79,196523
2018-09-09/00:00:00,5.79,5.98,5.8,5.95,144374
2018-09-10/00:00:00,5.95,6.0,5.85,5.95,526253
2018-09-12/00:00:00,5.95,5.9,5.51,5.75,1411422
2018-09-13/00:00:00,5.75,5.75,5.5,5.57,245626
2018-09-16/00:00:00,5.57,5.4,5.25,5.36,227068
2018-09-17/00:00:00,5.36,5.49,5.39,5.45,164647
2018-09-18/00:00:00,5.45,5.44,5.25,5.33,41326
2018-09-19/00:00:00,5.33,5.8,5.15,5.46,639799
2018-09-20/00:00:00,5.46,5.72,5.4,5.52,54007
2018-09-23/00:00:00,5.52,5.79,5.45,5.68,25783
2018-09-24/00:00:00,5.68,5.68,5.25,5.34,926226
2018-09-25/00:00:00,5.34,5.65,5.35,5.54,99643
2018-09-26/00:00:00,5.54,5.69,5.49,5.53,473612
2018-09-27/00:00:00,5.53,5.53,5.36,5.51,463741
2018-09-30/00:00:00,5.51,5.7,5.37,5.57,219346
2018-10-01/00:00:00,5.57,5.57,5.21,5.3,966099
2018-10-02/00:00:00,5.3,5.31,5.26,5.3,330579
2018-10-03/00:00:00,5.3,5.4,5.15,5.27,3084564
2018-10-04/00:00:00,5.27,5.2,5.08,5.15,1420516
2018-10-08/00:00:00,5.15,5.1,4.8,4.93,1955784
2018-10-09/00:00:00,4.93,4.9,4.85,4.86,126300
2018-10-10/00:00:00,4.86,4.87,4.53,4.77,604097
2018-10-11/00:00:00,4.77,4.9,4.3,4.63,431159
2018-10-14/00:00:00,4.63,5.0,4.74,4.96,38100
2018-10-15/00:00:00,4.96,4.95,4.7,4.9,12296
2018-10-16/00:00:00,4.9,5.2,4.91,5.05,171763
2018-10-17/00:00:00,5.05,5.06,4.8,4.88,125364
2018-10-18/00:00:00,4.88,4.92,4.81,4.86,307756
2018-10-21/00:00:00,4.86,4.91,4.72,4.86,736
2018-10-22/00:00:00,4.86,4.99,4.75,4.84,2587637
2018-10-23/00:00:00,4.84,5.11,4.9,5.08,1036316
2018-10-24/00:00:00,5.08,5.3,5.0,5.24,2379594
2018-10-25/00:00:00,5.24,5.14,4.9,4.95,508383
2018-10-28/00:00:00,4.95,5.14,5.08,5.1,875950
2018-10-29/00:00:00,5.1,5.35,5.11,5.25,230747
2018-10-30/00:00:00,5.25,5.38,5.25,5.33,26391
2018-10-31/00:00:00,5.33,5.3,5.15,5.2,351401
2018-11-01/00:00:00,5.2,5.3,5.2,5.2,1723809
2018-11-04/00:00:00,5.2,5.35,5.2,5.34,239934
2018-11-05/00:00:00,5.34,5.57,5.38,5.5,720413
2018-11-06/00:00:00,5.5,5.68,5.4,5.5,3169542
2018-11-07/00:00:00,5.5,5.56,5.38,5.5,2850095
2018-11-08/00:00:00,5.5,5.67,5.5,5.59,808842
2018-11-11/00:00:00,5.59,5.5,5.37,5.4,79450
2018-11-12/00:00:00,5.4,5.62,5.47,5.58,1520200
2018-11-13/00:00:00,5.58,5.59,5.4,5.5,1819671
2018-11-14/00:00:00,5.5,5.43,5.16,5.28,29800
2018-11-15/00:00:00,5.28,5.4,5.13,5.37,220333
2018-11-18/00:00:00,5.37,5.55,5.4,5.5,254149
2018-11-19/00:00:00,5.5,5.42,5.3,5.33,125463
2018-11-21/00:00:00,5.33,5.35,5.19,5.32,26344
2018-11-22/00:00:00,5.32,5.35,5.25,5.3,70796
2018-11-25/00:00:00,5.3,5.3,5.1,5.22,342918
2018-11-26/00:00:00,5.22,5.2,5.05,5.18,308635
2018-11-27/00:00:00,5.18,5.18,5.08,5.15,348227
2018-11-28/00:00:00,5.15,5.3,5.06,5.18,229780
2018-11-29/00:00:00,5.18,5.15,5.1,5.14,7191585
2018-12-02/00:00:00,5.14,5.1,5.02,5.06,766102
2018-12-03/00:00:00,5.06,5.0,4.78,4.93,562275
2018-12-04/00:00:00,4.93,4.98,4.5,4.85,968980
2018-12-05/00:00:00,4.85,4.97,4.73,4.77,453235
2018-12-06/00:00:00,4.77,5.0,4.6,4.86,48450
2018-12-09/00:00:00,4.86,4.7,4.7,4.86,800
2018-12-10/00:00:00,4.86,4.85,4.7,4.82,891987
2018-12-11/00:00:00,4.82,4.79,4.71,4.76,131937
2018-12-12/00:00:00,4.76,4.79,4.7,4.75,110103
2018-12-13/00:00:00,4.75,5.0,4.77,4.85,836139
2018-12-16/00:00:00,4.85,5.1,4.87,4.98,312366
2018-12-17/00:00:00,4.98,5.17,4.9,5.01,1474086
2018-12-18/00:00:00,5.01,5.0,4.9,4.94,430598
2018-12-19/00:00:00,4.94,5.09,4.9,5.0,998600
2018-12-20/00:00:00,5.0,5.22,4.85,5.11,1021289
2018-12-23/00:00:00,5.11,5.23,5.06,5.13,220753
2018-12-24/00:00:00,5.13,5.1,5.0,5.05,134119
2018-12-25/00:00:00,5.05,5.07,4.86,4.96,61792
2018-12-26/00:00:00,4.96,5.17,5.0,5.08,248570
2018-12-27/00:00:00,5.08,5.18,5.04,5.12,54249
2018-12-30/00:00:00,5.12,5.13,5.0,5.08,39400
2018-12-31/00:00:00,5.08,5.18,5.05,5.14,63101
2019-01-02/00:00:00,5.14,5.35,5.14,5.28,898804
2019-01-03/00:00:00,5.28,5.29,5.03,5.21,102755
2019-01-06/00:00:00,5.21,5.22,5.04,5.07,222480
2019-01-08/00:00:00,5.07,5.18,5.05,5.11,579195
2019-01-09/00:00:00,5.11,5.25,5.02,5.14,524004
2019-01-10/00:00:00,5.14,5.13,5.03,5.08,146150
2019-01-13/00:00:00,5.08,5.18,5.02,5.06,235311
2019-01-14/00:00:00,5.06,5.04,4.91,5.0,137750
2019-01-15/00:00:00,5.0,5.15,4.98,5.02,229793
2019-01-16/00:00:00,5.02,5.03,5.0,5.03,112201
2019-01-17/00:00:00,5.03,5.05,4.83,5.0,710373
2019-01-20/00:00:00,5.0,5.1,4.91,4.97,46373
2019-01-21/00:00:00,4.97,5.01,4.95,5.0,221092
2019-01-22/00:00:00,5.0,5.0,4.88,4.94,203660
2019-01-23/00:00:00,4.94,4.88,4.81,4.85,105510
2019-01-27/00:00:00,4.85,4.94,4.77,4.82,68012
2019-01-28/00:00:00,4.82,4.82,4.7,4.75,677779
2019-01-29/00:00:00,4.75,4.92,4.74,4.82,63120
2019-01-30/00:00:00,4.82,5.03,4.74,4.95,235261
2019-01-31/00:00:00,4.95,5.04,4.9,4.91,180949
2019-02-03/00:00:00,4.91,5.1,4.9,5.0,208269
2019-02-04/00:00:00,5.0,5.17,5.0,5.08,365242
2019-02-05/00:00:00,5.08,5.58,5.1,5.41,4168556
2019-02-06/00:00:00,5.41,5.75,5.32,5.43,1300034
2019-02-07/00:00:00,5.43,5.4,5.25,5.36,217078
2019-02-10/00:00:00,5.36,5.47,5.35,5.41,179734
2019-02-11/00:00:00,5.41,5.42,5.16,5.22,307148
2019-02-12/00:00:00,5.22,5.34,5.1,5.22,838441
2019-02-13/00:00:00,5.22,5.37,5.21,5.27,234844
2019-02-14/00:00:00,5.27,5.33,5.26,5.3,657727
2019-02-17/00:00:00,5.3,5.68,5.41,5.53,4500462
2019-02-18/00:00:00,5.53,5.51,5.36,5.48,4189296
2019-02-19/00:00:00,5.48,5.4,5.24,5.27,1218293
2019-02-20/00:00:00,5.27,5.42,5.28,5.37,1736107
2019-02-21/00:00:00,5.37,5.36,5.21,5.34,3147300
2019-02-24/00:00:00,5.34,5.22,5.11,5.14,440832
2019-02-25/00:00:00,5.14,5.24,5.1,5.15,226575
2019-02-26/00:00:00,5.15,5.3,5.2,5.22,527582
2019-02-27/00:00:00,5.22,5.2,5.14,5.19,300200
2019-02-28/00:00:00,5.19,5.4,5.05,5.17,1655896
2019-03-03/00:00:00,5.17,5.2,4.95,5.02,1145860
2019-03-04/00:00:00,5.02,5.05,4.95,5.0,992317
2019-03-05/00:00:00,5.0,5.09,4.92,4.98,458650
2019-03-06/00:00:00,4.98,5.04,4.9,4.94,645434
2019-03-07/00:00:00,4.94,5.07,4.99,5.02,147242
2019-03-10/00:00:00,5.02,5.1,4.99,5.02,864681
2019-03-11/00:00:00,5.02,5.08,5.0,5.02,65401
2019-03-12/00:00:00,5.02,5.34,5.0,5.2,3341449
2019-03-13/00:00:00,5.2,5.37,5.2,5.33,3081341
2019-03-14/00:00:00,5.33,5.23,5.1,5.17,290493
2019-03-17/00:00:00,5.17,5.15,5.09,5.11,72281
2019-03-18/00:00:00,5.11,5.2,5.05,5.11,289709
2019-03-19/00:00:00,5.11,5.15,4.95,5.02,502950
2019-03-20/00:00:00,5.02,5.07,4.95,4.99,142958
2019-03-21/00:00:00,4.99,5.11,5.01,5.08,235419
2019-03-24/00:00:00,5.08,5.14,5.0,5.02,195950
2019-03-25/00:00:00,5.02,5.1,4.94,5.0,2190940
2019-03-26/00:00:00,5.0,5.0,4.93,4.96,139695
2019-03-27/00:00:00,4.96,5.0,4.9,4.94,540216
2019-03-28/00:00:00,4.94,5.0,4.9,4.95,1158121
2019-03-31/00:00:00,4.95,4.96,4.9,4.92,65043
2019-04-01/00:00:00,4.92,5.0,4.91,4.98,81406
2019-04-02/00:00:00,4.98,5.03,4.93,4.98,61730
2019-04-03/00:00:00,4.98,4.92,4.8,4.85,798867
2019-04-04/00:00:00,4.85,4.82,4.7,4.76,229274
2019-04-07/00:00:00,4.76,4.9,4.67,4.74,86121
2019-04-08/00:00:00,4.74,4.71,4.5,4.56,990772
2019-04-09/00:00:00,4.56,4.77,4.5,4.59,1149131
2019-04-10/00:00:00,4.59,4.68,4.5,4.59,653729
2019-04-11/00:00:00,4.59,4.65,4.53,4.59,445878
2019-04-14/00:00:00,4.59,4.55,4.5,4.51,200823
2019-04-15/00:00:00,4.51,4.52,4.45,4.5,200016
2019-04-16/00:00:00,4.5,4.61,4.49,4.55,1520329
2019-04-17/00:00:00,4.55,4.64,4.51,4.58,186898
2019-04-18/00:00:00,4.58,4.65,4.53,4.61,674825
2019-04-21/00:00:00,4.61,4.53,4.45,4.52,17376
2019-04-22/00:00:00,4.52,4.51,4.5,4.5,51874
2019-04-23/00:00:00,4.5,4.52,4.42,4.47,67400
2019-04-24/00:00:00,4.47,4.57,4.5,4.51,199800
2019-04-30/00:00:00,4.51,4.62,4.51,4.55,11048
2019-05-02/00:00:00,4.55,4.55,4.5,4.51,38333
2019-05-05/00:00:00,4.51,4.5,4.4,4.42,35500
2019-05-06/00:00:00,4.42,4.36,4.3,4.34,434969
2019-05-07/00:00:00,4.34,4.36,4.21,4.34,1334893
2019-05-08/00:00:00,4.34,4.34,4.1,4.2,492370
2019-05-09/00:00:00,4.2,4.31,4.09,4.3,596000
2019-05-12/00:00:00,4.3,4.3,4.18,4.3,1690171
2019-05-13/00:00:00,4.3,4.3,4.15,4.24,121915
2019-05-14/00:00:00,4.24,4.2,4.16,4.24,500
2019-05-15/00:00:00,4.24,4.16,4.0,4.07,117462
2019-05-16/00:00:00,4.07,4.09,4.01,4.03,229004
2019-05-19/00:00:00,4.03,4.2,3.83,3.96,243044
2019-05-20/00:00:00,3.96,3.9,3.85,3.87,716361
2019-05-21/00:00:00,3.87,4.04,3.89,4.0,460478
2019-05-22/00:00:00,4.0,3.95,3.95,4.0,1000
2019-05-23/00:00:00,4.0,4.02,3.86,4.0,99488
2019-05-26/00:00:00,4.0,4.1,3.99,4.02,338567
2019-05-27/00:00:00,4.02,4.29,4.04,4.11,387344
2019-05-28/00:00:00,4.11,4.52,4.13,4.43,723618
2019-05-29/00:00:00,4.43,4.56,4.25,4.32,329917
2019-05-30/00:00:00,4.32,4.39,4.15,4.2,43400
2019-06-03/00:00:00,4.2,4.3,4.2,4.22,32950
2019-06-09/00:00:00,4.22,4.36,4.22,4.25,35000
2019-06-10/00:00:00,4.25,4.5,4.3,4.4,2702589
2019-06-11/00:00:00,4.4,4.4,4.23,4.31,298956
2019-06-12/00:00:00,4.31,4.19,4.16,4.18,17575
2019-06-13/00:00:00,4.18,4.31,4.15,4.22,90619
2019-06-16/00:00:00,4.22,4.14,4.11,4.12,18984
2019-06-17/00:00:00,4.12,4.2,4.1,4.12,49179
2019-06-18/00:00:00,4.12,4.22,4.13,4.17,323462
2019-06-19/00:00:00,4.17,4.3,4.11,4.21,137500
2019-06-20/00:00:00,4.21,4.25,4.1,4.12,159494
2019-06-23/00:00:00,4.12,4.18,4.06,4.1,30000
2019-06-24/00:00:00,4.1,4.12,4.0,4.1,3500
2019-06-26/00:00:00,4.1,4.3,4.1,4.22,38817316
2019-06-27/00:00:00,4.22,4.3,4.1,4.24,1097605
2019-07-02/00:00:00,4.24,4.25,4.04,4.22,770446
2019-07-03/00:00:00,4.22,4.25,4.15,4.22,1010154
2019-07-04/00:00:00,4.22,4.21,4.04,4.16,114460
2019-07-07/00:00:00,4.16,4.15,4.04,4.07,23200
2019-07-08/00:00:00,4.07,4.15,4.06,4.14,813650
2019-07-09/00:00:00,4.14,4.24,4.06,4.19,744349
2019-07-10/00:00:00,4.19,4.21,4.16,4.21,1926335
2019-07-11/00:00:00,4.21,4.27,4.24,4.25,1213334
2019-07-14/00:00:00,4.25,4.26,4.0,4.07,270650
2019-07-15/00:00:00,4.07,4.2,4.0,4.13,90634
2019-07-16/00:00:00,4.13,4.19,4.0,4.14,451170
2019-07-17/00:00:00,4.14,4.09,3.9,4.0,735492
2019-07-18/00:00:00,4.0,3.96,3.77,3.84,912056
2019-07-21/00:00:00,3.84,3.85,3.72,3.84,6229
2019-07-22/00:00:00,3.84,3.88,3.62,3.86,205537
2019-07-24/00:00:00,3.86,3.9,3.7,3.8,558475
2019-07-25/00:00:00,3.8,3.8,3.65,3.78,201789
2019-07-28/00:00:00,3.78,3.79,3.61,3.76,64785
2019-07-29/00:00:00,3.76,3.79,3.61,3.76,366806
2019-07-30/00:00:00,3.76,4.0,3.4,3.69,624194
2019-07-31/00:00:00,3.69,3.71,3.57,3.67,96040
2019-08-01/00:00:00,3.67,3.8,3.36,3.58,817823
2019-08-04/00:00:00,3.58,3.68,3.51,3.57,36359
2019-08-05/00:00:00,3.57,3.79,3.54,3.69,350695
2019-08-06/00:00:00,3.69,3.7,3.6,3.61,551534
2019-08-07/00:00:00,3.61,3.71,3.55,3.67,702712
2019-08-08/00:00:00,3.67,4.0,3.7,3.82,1419233
2019-08-14/00:00:00,3.82,3.97,3.78,3.84,1733258
2019-08-15/00:00:00,3.84,3.87,3.8,3.82,816338
2019-08-18/00:00:00,3.82,3.9,3.8,3.83,550925
2019-08-19/00:00:00,3.83,4.02,3.84,3.93,989400
2019-08-20/00:00:00,3.93,4.32,4.0,4.21,2331711
2019-08-21/00:00:00,4.21,4.5,4.21,4.35,3809723
2019-08-22/00:00:00,4.35,4.34,4.21,4.29,527298
2019-08-25/00:00:00,4.44,4.44,4.06,4.2,1477651
2019-08-26/00:00:00,4.2,4.2,4.07,4.17,255585
2019-08-27/00:00:00,4.17,4.2,4.0,4.09,515032
2019-08-28/00:00:00,4.09,4.15,4.0,4.04,788961
2019-08-29/00:00:00,4.04,4.38,4.07,4.26,3424997
2019-09-01/00:00:00,4.26,4.38,4.27,4.32,499895
2019-09-02/00:00:00,4.32,4.75,4.25,4.57,5374053
2019-09-03/00:00:00,4.57,4.85,4.45,4.63,4983373
2019-09-04/00:00:00,4.63,4.56,4.35,4.48,1193332
2019-09-05/00:00:00,4.48,4.5,4.33,4.41,1120299
2019-09-08/00:00:00,4.41,4.42,4.17,4.3,1533855
2019-09-09/00:00:00,4.3,4.28,4.13,4.18,1339891
2019-09-10/00:00:00,4.18,4.31,4.15,4.22,1573478
2019-09-11/00:00:00,4.22,4.22,4.14,4.16,1769275
2019-09-12/00:00:00,4.16,4.2,4.11,4.14,1015270
2019-09-15/00:00:00,4.14,4.15,3.99,4.03,1529425
2019-09-16/00:00:00,4.03,4.08,3.95,4.01,1369495
2019-09-17/00:00:00,4.01,4.07,3.7,3.83,2242442
2019-09-18/00:00:00,3.83,3.83,3.69,3.74,291881
2019-09-19/00:00:00,3.74,3.93,3.75,3.86,1125695
2019-09-22/00:00:00,3.86,3.77,3.48,3.57,1962448
2019-09-23/00:00:00,3.57,3.64,3.27,3.52,803141
2019-09-24/00:00:00,3.52,3.5,3.19,3.29,931409
2019-09-25/00:00:00,3.29,3.54,3.23,3.41,751658
2019-09-26/00:00:00,3.41,3.6,3.45,3.52,1192833
2019-09-29/00:00:00,3.52,3.77,3.69,3.72,657703
2019-09-30/00:00:00,3.72,3.74,3.67,3.7,1594059
2019-10-01/00:00:00,3.7,3.93,3.74,3.83,918174
2019-10-02/00:00:00,3.83,3.86,3.66,3.79,1026265
2019-10-03/00:00:00,3.79,3.68,3.5,3.59,1527954
2019-10-07/00:00:00,3.59,3.75,3.36,3.51,6950501
2019-10-08/00:00:00,3.51,3.45,3.25,3.33,2305395
2019-10-09/00:00:00,3.33,3.55,3.25,3.44,5208638
2019-10-10/00:00:00,3.44,3.56,3.44,3.5,1547693
2019-10-13/00:00:00,3.5,3.55,3.44,3.49,451615
2019-10-14/00:00:00,3.49,3.51,3.36,3.45,642888
2019-10-15/00:00:00,3.45,3.42,3.33,3.37,558146
2019-10-16/00:00:00,3.37,3.49,3.4,3.45,626336
2019-10-17/00:00:00,3.53,3.67,3.48,3.58,3943325
2019-10-20/00:00:00,3.58,3.67,3.52,3.58,712656
2019-10-21/00:00:00,3.58,3.6,3.47,3.51,452687
2019-10-22/00:00:00,3.51,3.6,3.47,3.53,312650
2019-10-23/00:00:00,3.53,3.48,3.34,3.42,447808
2019-10-24/00:00:00,3.42,3.5,3.41,3.46,99400
2019-10-27/00:00:00,3.46,3.51,3.4,3.43,716689
2019-10-28/00:00:00,3.43,3.55,3.44,3.5,2163132
2019-10-29/00:00:00,3.5,3.66,3.54,3.61,2921757
2019-10-30/00:00:00,3.61,3.72,3.6,3.68,2203694
2019-10-31/00:00:00,3.68,3.77,3.62,3.7,4358421
2019-11-03/00:00:00,3.7,3.7,3.59,3.63,1457799
2019-11-04/00:00:00,3.63,3.78,3.58,3.68,1807808
2019-11-05/00:00:00,3.68,3.84,3.72,3.79,3829164
2019-11-06/00:00:00,3.79,3.78,3.62,3.66,2162055
2019-11-07/00:00:00,3.66,3.7,3.63,3.65,562703
2019-11-11/00:00:00,3.65,3.76,3.65,3.71,1567429
2019-11-12/00:00:00,3.71,3.74,3.65,3.7,1043895
2019-11-13/00:00:00,3.7,3.85,3.66,3.79,5265281
2019-11-14/00:00:00,3.79,3.97,3.79,3.89,4455788
2019-11-17/00:00:00,3.89,3.97,3.82,3.89,798216
2019-11-18/00:00:00,3.89,3.88,3.7,3.74,578543
2019-11-19/00:00:00,3.74,3.76,3.66,3.71,221305
2019-11-20/00:00:00,3.71,3.79,3.67,3.7,443447
2019-11-21/00:00:00,3.7,3.7,3.6,3.65,722175
2019-11-24/00:00:00,3.65,3.65,3.6,3.62,18504
2019-11-25/00:00:00,3.62,3.73,3.61,3.7,322344
2019-11-26/00:00:00,3.7,3.68,3.58,3.61,137565
2019-11-27/00:00:00,3.61,3.71,3.61,3.69,665167
2019-11-28/00:00:00,3.69,3.7,3.6,3.63,195912
2019-12-01/00:00:00,3.63,3.67,3.58,3.64,2664534
2019-12-02/00:00:00,3.64,3.6,3.5,3.58,2707897
2019-12-03/00:00:00,3.58,3.75,3.5,3.67,1864478
2019-12-04/00:00:00,3.67,3.9,3.7,3.79,2645277
2019-12-05/00:00:00,3.79,3.83,3.7,3.72,2911935
2019-12-08/00:00:00,3.72,3.75,3.7,3.7,418462
2019-12-09/00:00:00,3.7,3.74,3.67,3.7,323310
2019-12-10/00:00:00,3.7,3.74,3.68,3.7,603600
2019-12-11/00:00:00,3.7,3.79,3.67,3.72,596722
2019-12-12/00:00:00,3.72,3.83,3.73,3.78,501950
2019-12-15/00:00:00,3.78,3.85,3.74,3.81,93291
2019-12-16/00:00:00,3.81,3.85,3.73,3.8,451389
2019-12-17/00:00:00,3.8,3.93,3.8,3.84,1374825
2019-12-18/00:00:00,3.84,3.82,3.79,3.81,641740
2019-12-19/00:00:00,3.81,3.84,3.71,3.78,3352135
2019-12-22/00:00:00,3.78,3.8,3.77,3.77,90000
2019-12-23/00:00:00,3.77,3.9,3.6,3.79,10914060
2019-12-24/00:00:00,3.79,3.75,3.62,3.7,611130
2019-12-25/00:00:00,3.7,3.76,3.68,3.71,431506
2019-12-26/00:00:00,3.71,3.79,3.7,3.75,493200
2019-12-29/00:00:00,3.75,3.78,3.65,3.73,395197
2019-12-30/00:00:00,3.73,3.72,3.59,3.65,960559
2019-12-31/00:00:00,3.65,3.79,3.55,3.68,1659409
2020-01-02/00:00:00,3.68,3.72,3.64,3.69,390250
2020-01-05/00:00:00,3.69,3.6,3.33,3.39,628442
2020-01-06/00:00:00,3.39,3.4,3.08,3.27,1419716
2020-01-08/00:00:00,3.27,3.43,3.21,3.34,2706433
2020-01-09/00:00:00,3.34,3.56,3.4,3.47,1642439
2020-01-12/00:00:00,3.47,3.68,3.5,3.59,1943250
2020-01-13/00:00:00,3.59,3.6,3.53,3.57,548026
2020-01-14/00:00:00,3.57,3.62,3.52,3.55,445857
2020-01-15/00:00:00,3.55,3.59,3.55,3.57,217842
2020-01-16/00:00:00,3.57,3.64,3.54,3.6,1098054
2020-01-19/00:00:00,3.6,3.6,3.5,3.53,390259
2020-01-20/00:00:00,3.53,3.51,3.42,3.48,340620
2020-01-21/00:00:00,3.48,3.5,3.34,3.43,139410
2020-01-22/00:00:00,3.43,3.51,3.35,3.41,339500
2020-01-23/00:00:00,3.41,3.49,3.39,3.42,77489
2020-01-26/00:00:00,3.42,3.48,3.4,3.43,666360
2020-01-27/00:00:00,3.43,3.44,3.38,3.4,174830
2020-01-28/00:00:00,3.4,3.42,3.35,3.4,476215
2020-01-29/00:00:00,3.4,3.5,3.4,3.44,1190990
2020-01-30/00:00:00,3.44,3.57,3.42,3.5,6593873
2020-02-02/00:00:00,3.5,3.48,3.34,3.41,746921
2020-02-03/00:00:00,3.41,3.45,3.39,3.41,207132
2020-02-04/00:00:00,3.41,3.47,3.37,3.41,1434074
2020-02-05/00:00:00,3.41,3.45,3.37,3.41,706153
2020-02-06/00:00:00,3.41,3.46,3.4,3.44,756721
2020-02-09/00:00:00,3.44,3.44,3.36,3.4,277970
2020-02-10/00:00:00,3.4,3.39,3.34,3.35,423800
2020-02-11/00:00:00,3.35,3.42,3.34,3.4,938707
2020-02-12/00:00:00,3.4,3.53,3.36,3.43,4877939
2020-02-13/00:00:00,3.43,3.4,3.34,3.38,825932
2020-02-16/00:00:00,3.38,3.36,3.21,3.28,366418
2020-02-17/00:00:00,3.28,3.31,3.25,3.3,1723286
2020-02-18/00:00:00,3.3,3.28,3.08,3.14,743850
2020-02-19/00:00:00,3.14,3.2,3.08,3.14,599651
2020-02-20/00:00:00,3.14,3.25,3.09,3.2,737523
2020-02-23/00:00:00,3.2,3.24,3.14,3.19,357981
2020-02-24/00:00:00,3.19,3.15,3.06,3.09,576383
2020-02-25/00:00:00,3.09,3.09,2.9,2.98,1260941
2020-02-26/00:00:00,2.98,2.95,2.69,2.74,3465014
2020-02-27/00:00:00,2.54,2.6,2.4,2.52,7711688
2020-03-01/00:00:00,2.35,2.37,2.2,2.31,2566704
2020-03-02/00:00:00,2.31,2.41,2.1,2.31,4961630
2020-03-03/00:00:00,2.31,2.43,2.28,2.34,3500257
2020-03-04/00:00:00,2.34,2.35,2.27,2.31,2098678
2020-03-05/00:00:00,2.31,2.4,2.34,2.36,2566010
2020-03-08/00:00:00,2.36,2.3,2.2,2.26,1567785
2020-03-09/00:00:00,2.26,2.17,2.1,2.15,2237356
2020-03-10/00:00:00,2.15,2.28,2.19,2.21,1991900
2020-03-11/00:00:00,2.21,2.31,2.24,2.28,961401
2020-03-15/00:00:00,2.28,2.25,2.06,2.09,1011403
2020-03-16/00:00:00,2.09,2.0,1.89,1.94,1487504
2020-03-17/00:00:00,1.94,1.85,1.75,1.76,2623058
2020-03-18/00:00:00,1.76,1.64,1.59,1.59,2275444
2020-03-19/00:00:00,1.59,1.65,1.44,1.53,2460513
2020-03-22/00:00:00,1.53,1.66,1.56,1.61,239678
2020-03-23/00:00:00,1.61,1.73,1.61,1.67,744363
2020-03-24/00:00:00,1.67,1.62,1.5,1.58,10108212
2020-03-25/00:00:00,1.58,1.61,1.43,1.54,14918381
2020-03-26/00:00:00,1.54,1.69,1.58,1.66,7766231
2020-03-29/00:00:00,1.66,1.71,1.6,1.67,3448492
2020-03-30/00:00:00,1.67,1.66,1.55,1.62,3354458
2020-03-31/00:00:00,1.62,1.67,1.54,1.58,8468938
2020-04-01/00:00:00,1.58,1.59,1.48,1.51,17191362
2020-04-02/00:00:00,1.51,1.54,1.48,1.51,6813196
2020-04-05/00:00:00,1.51,1.47,1.41,1.44,5378324
2020-04-06/00:00:00,1.44,1.55,1.43,1.47,11646227
2020-04-07/00:00:00,1.47,1.57,1.52,1.55,12592045
2020-04-08/00:00:00,1.55,1.58,1.51,1.55,8020884
2020-04-09/00:00:00,1.55,1.54,1.49,1.51,5024739
2020-04-12/00:00:00,1.51,1.53,1.48,1.5,2319556
2020-04-13/00:00:00,1.5,1.63,1.52,1.59,16216870
2020-04-14/00:00:00,1.59,1.72,1.61,1.67,19040905
2020-04-15/00:00:00,1.67,1.74,1.61,1.67,7952792
2020-04-16/00:00:00,1.67,1.7,1.62,1.67,7904232
2020-04-21/00:00:00,1.67,1.67,1.6,1.62,10331640
2020-04-22/00:00:00,1.62,1.65,1.6,1.63,3372588
2020-04-23/00:00:00,1.63,1.79,1.65,1.74,18163306
2020-04-26/00:00:00,1.74,1.91,1.82,1.89,10543625
2020-04-27/00:00:00,1.89,2.0,1.86,1.92,10749399
2020-04-28/00:00:00,1.92,1.94,1.87,1.91,8487350
2020-04-29/00:00:00,1.91,1.93,1.82,1.88,8297983
2020-04-30/00:00:00,1.88,1.92,1.83,1.87,7469843
2020-05-03/00:00:00,1.84,1.84,1.66,1.72,9883623
2020-05-04/00:00:00,1.72,1.73,1.64,1.68,4784748
2020-05-05/00:00:00,1.72,1.79,1.7,1.75,10782357
2020-05-06/00:00:00,1.86,1.92,1.76,1.8,10726975
2020-05-07/00:00:00,1.8,1.8,1.67,1.72,10674787
2020-05-10/00:00:00,1.72,1.71,1.61,1.64,8608227
2020-05-11/00:00:00,1.64,1.66,1.55,1.61,7791762
2020-05-12/00:00:00,1.61,1.69,1.65,1.67,5377484
2020-05-13/00:00:00,1.67,1.66,1.59,1.62,10033159
2020-05-14/00:00:00,1.62,1.63,1.58,1.6,5634399
2020-05-17/00:00:00,1.6,1.67,1.61,1.65,7502335
2020-05-18/00:00:00,1.65,1.74,1.66,1.7,8258160
2020-05-19/00:00:00,1.7,1.72,1.65,1.69,2908656
2020-05-20/00:00:00,1.69,1.66,1.63,1.64,2733815
2020-05-21/00:00:00,1.64,1.64,1.62,1.62,5211251
2020-05-31/00:00:00,1.62,1.66,1.63,1.64,1527509
2020-06-01/00:00:00,1.64,1.66,1.61,1.63,7833044
2020-06-02/00:00:00,1.63,1.73,1.63,1.69,13650140
2020-06-03/00:00:00,1.69,1.74,1.67,1.71,9270653
2020-06-04/00:00:00,1.71,1.73,1.68,1.7,10503253
2020-06-07/00:00:00,1.7,1.85,1.73,1.79,18963266
2020-06-08/00:00:00,1.79,1.85,1.78,1.81,7794680
2020-06-09/00:00:00,1.81,1.83,1.75,1.78,7948046
2020-06-10/00:00:00,1.78,1.8,1.76,1.78,6405018
2020-06-11/00:00:00,1.78,1.78,1.7,1.74,11177759
2020-06-14/00:00:00,1.74,1.76,1.71,1.74,5228909
2020-06-15/00:00:00,1.74,1.8,1.7,1.76,6822730
2020-06-16/00:00:00,1.76,1.94,1.79,1.88,24055989
2020-06-17/00:00:00,1.88,1.94,1.84,1.9,7500865
2020-06-18/00:00:00,1.9,1.88,1.78,1.82,17155498
2020-06-21/00:00:00,1.84,1.84,1.8,1.82,6086224
2020-06-22/00:00:00,1.82,1.85,1.8,1.82,6272111
2020-06-23/00:00:00,1.82,1.92,1.81,1.86,12166255
2020-06-24/00:00:00,1.93,2.1,1.92,2.02,29268529
2020-06-25/00:00:00,2.02,2.13,2.0,2.06,14446519
2020-06-28/00:00:00,2.06,2.12,2.02,2.07,9649218
2020-06-29/00:00:00,2.07,2.08,2.0,2.03,4314207
2020-06-30/00:00:00,2.03,2.1,2.02,2.07,5683459
2020-07-05/00:00:00,2.14,2.22,2.12,2.16,10029366
2020-07-06/00:00:00,2.16,2.23,2.12,2.17,10788823
2020-07-07/00:00:00,2.17,2.16,2.09,2.12,5861719
2020-07-08/00:00:00,2.12,2.22,2.05,2.14,8210071
2020-07-09/00:00:00,2.14,2.12,1.99,2.04,8117564
2020-07-12/00:00:00,2.04,2.14,2.06,2.1,5648935
2020-07-13/00:00:00,2.1,2.16,2.07,2.11,5231016
2020-07-14/00:00:00,2.11,2.32,2.08,2.23,25536274
2020-07-15/00:00:00,2.23,2.34,2.03,2.14,18174007
2020-07-16/00:00:00,2.14,2.15,2.04,2.1,6629584
2020-07-19/00:00:00,2.1,2.15,1.99,2.05,6245659
2020-07-20/00:00:00,2.05,2.1,2.04,2.06,5229691
2020-07-21/00:00:00,2.12,2.15,2.08,2.11,6671923
2020-07-22/00:00:00,2.11,2.18,2.1,2.15,8228656
2020-07-26/00:00:00,2.15,2.2,2.14,2.16,3755711
2020-07-27/00:00:00,2.16,2.19,2.1,2.15,3694586
2020-07-28/00:00:00,2.15,2.29,2.13,2.23,19992334
2020-07-29/00:00:00,2.23,2.25,2.2,2.23,5474172
2020-08-04/00:00:00,2.23,2.29,2.23,2.26,3503244
2020-08-05/00:00:00,2.26,2.48,2.22,2.37,14954744
2020-08-06/00:00:00,2.37,2.56,2.41,2.48,12053167
2020-08-09/00:00:00,2.48,2.67,2.53,2.59,11347469
2020-08-10/00:00:00,2.59,2.59,2.47,2.52,7327732
2020-08-11/00:00:00,2.52,2.6,2.42,2.51,14484473
2020-08-12/00:00:00,2.51,2.53,2.29,2.47,4090837
2020-08-13/00:00:00,2.47,2.55,2.45,2.5,6958015
2020-08-16/00:00:00,2.5,2.56,2.49,2.52,4141580
2020-08-17/00:00:00,2.52,2.56,2.43,2.5,6154071
2020-08-18/00:00:00,2.5,2.66,2.45,2.58,12266610
2020-08-19/00:00:00,2.58,2.75,2.61,2.7,8747375
2020-08-23/00:00:00,2.7,2.85,2.7,2.77,8711085
2020-08-24/00:00:00,2.77,2.85,2.75,2.8,4611139
2020-08-25/00:00:00,2.8,2.82,2.72,2.76,3604731
2020-08-26/00:00:00,2.76,2.94,2.78,2.83,5283781
2020-08-27/00:00:00,2.83,2.86,2.78,2.82,5647210
2020-08-30/00:00:00,2.82,2.88,2.8,2.83,3041153
2020-08-31/00:00:00,2.83,2.86,2.74,2.79,5386135
2020-09-01/00:00:00,2.79,2.8,2.6,2.69,3122236
2020-09-02/00:00:00,2.69,2.74,2.63,2.67,2236931
2020-09-03/00:00:00,2.67,2.78,2.61,2.68,4563677
2020-09-06/00:00:00,2.68,2.7,2.56,2.62,2939493
2020-09-07/00:00:00,2.62,2.67,2.56,2.61,1257491
2020-09-08/00:00:00,2.61,2.63,2.4,2.52,5619514
2020-09-09/00:00:00,2.52,2.62,2.43,2.56,2605418
2020-09-10/00:00:00,2.56,2.73,2.58,2.65,8661118
2020-09-13/00:00:00,2.65,2.74,2.63,2.68,3904511
2020-09-14/00:00:00,2.68,2.7,2.56,2.61,3955734
2020-09-15/00:00:00,2.61,2.63,2.54,2.57,8081256
2020-09-16/00:00:00,2.57,2.71,2.57,2.64,16869766
2020-09-17/00:00:00,2.64,2.79,2.66,2.73,13925588
2020-09-20/00:00:00,2.73,2.73,2.66,2.69,2885038
2020-09-21/00:00:00,2.69,2.7,2.46,2.56,6403774
2020-09-22/00:00:00,2.56,2.66,2.43,2.59,8443950
2020-09-23/00:00:00,2.59,2.69,2.54,2.61,6819849
2020-09-24/00:00:00,2.61,2.58,2.5,2.54,2325608
2020-09-27/00:00:00,2.54,2.58,2.5,2.53,6394698
2020-09-28/00:00:00,2.53,2.56,2.46,2.5,3740029
2020-09-29/00:00:00,2.5,2.53,2.44,2.48,5140610
2020-09-30/00:00:00,2.48,2.46,2.39,2.42,5599402
2020-10-01/00:00:00,2.42,2.55,2.41,2.49,4857043
2020-10-04/00:00:00,2.49,2.54,2.43,2.49,2004684
2020-10-05/00:00:00,2.49,2.49,2.41,2.44,1568993
2020-10-06/00:00:00,2.44,2.54,2.45,2.48,3372577
2020-10-07/00:00:00,2.48,2.7,2.5,2.63,15467159
2020-10-11/00:00:00,2.63,2.85,2.6,2.76,17939020
2020-10-12/00:00:00,2.76,2.91,2.76,2.82,10294645
2020-10-13/00:00:00,2.82,2.81,2.7,2.76,3779520
2020-10-14/00:00:00,2.76,3.03,2.78,2.98,17640209
2020-10-15/00:00:00,2.98,3.08,2.91,2.98,8149259
2020-10-18/00:00:00,2.98,3.08,2.85,3.0,7255882
2020-10-19/00:00:00,3.0,3.12,2.97,3.05,2997920
2020-10-20/00:00:00,3.05,3.06,2.95,3.0,4614345
2020-10-21/00:00:00,3.0,3.04,2.77,2.88,5574578
2020-10-22/00:00:00,2.88,2.9,2.65,2.76,6497789
2020-10-25/00:00:00,2.76,2.84,2.66,2.77,6784729
2020-10-26/00:00:00,2.77,2.84,2.73,2.77,7048168
2020-10-27/00:00:00,2.77,2.8,2.67,2.74,15226636
2020-10-28/00:00:00,2.74,2.76,2.63,2.68,7488121
2020-11-01/00:00:00,2.68,2.67,2.56,2.62,5481892
2020-11-02/00:00:00,2.62,2.66,2.46,2.56,4143809
2020-11-03/00:00:00,2.56,2.64,2.53,2.59,2790244
2020-11-04/00:00:00,2.59,2.76,2.62,2.71,8609019
2020-11-05/00:00:00,2.71,2.74,2.63,2.68,4510158
2020-11-08/00:00:00,2.68,2.7,2.63,2.66,1276803
2020-11-09/00:00:00,2.66,2.89,2.69,2.8,7071021
2020-11-10/00:00:00,2.91,3.0,2.84,2.9,6402300
2020-11-11/00:00:00,2.9,2.96,2.83,2.89,3999066
2020-11-12/00:00:00,2.89,3.17,2.9,3.1,21839169
2020-11-15/00:00:00,3.17,3.22,3.11,3.16,11030875
2020-11-16/00:00:00,3.16,3.36,3.15,3.25,14668739
2020-11-17/00:00:00,3.25,3.37,3.25,3.31,6074513
2020-11-18/00:00:00,3.31,3.28,3.14,3.21,8675718
2020-11-19/00:00:00,3.21,3.22,3.12,3.16,2227528
2020-11-22/00:00:00,3.16,3.3,3.12,3.23,5657638
2020-11-23/00:00:00,3.23,3.27,3.18,3.22,2645636
2020-11-24/00:00:00,3.22,3.3,3.19,3.23,3747305
2020-11-25/00:00:00,3.23,3.37,3.22,3.3,7326510
2020-11-26/00:00:00,3.3,3.3,3.16,3.24,1360119
2020-11-29/00:00:00,3.24,3.29,3.2,3.23,3028281
2020-11-30/00:00:00,3.23,3.46,3.2,3.37,13831610
2020-12-01/00:00:00,3.37,3.48,3.35,3.41,6712853
2020-12-02/00:00:00,3.41,3.45,3.24,3.34,6414000
2020-12-03/00:00:00,3.34,3.38,3.27,3.32,4768795
2020-12-06/00:00:00,3.32,3.37,3.29,3.32,3407556
2020-12-07/00:00:00,3.32,3.33,3.22,3.25,7279024
2020-12-08/00:00:00,3.25,3.34,3.2,3.27,13958138
2020-12-09/00:00:00,3.27,3.28,3.14,3.18,8303078
2020-12-10/00:00:00,3.18,3.18,3.04,3.09,7742098
2020-12-13/00:00:00,3.09,3.2,3.09,3.14,4559605
2020-12-14/00:00:00,3.14,3.22,3.17,3.2,4201750
2020-12-15/00:00:00,3.2,3.28,3.08,3.21,10199545
2020-12-16/00:00:00,3.21,3.17,3.02,3.09,5259371
2020-12-17/00:00:00,3.09,3.15,2.97,3.07,4816603
2020-12-20/00:00:00,3.07,3.25,3.1,3.2,4868979
2020-12-21/00:00:00,3.2,3.23,2.94,3.04,12764779
2020-12-22/00:00:00,3.04,3.3,3.05,3.25,9667565
2020-12-23/00:00:00,3.25,3.39,3.2,3.25,3694047
2020-12-24/00:00:00,3.25,3.29,3.18,3.22,2342192
2020-12-27/00:00:00,3.22,3.18,3.04,3.12,2044610
2020-12-28/00:00:00,3.12,3.19,3.12,3.15,2784342
2020-12-29/00:00:00,3.15,3.38,3.2,3.31,11086843
2020-12-30/00:00:00,3.31,3.41,3.3,3.36,4447843
2020-12-31/00:00:00,3.36,3.37,3.3,3.32,3191091
2021-01-03/00:00:00,3.32,3.61,3.33,3.51,15145787
2021-01-04/00:00:00,3.58,3.62,3.49,3.54,11713024
2021-01-05/00:00:00,3.54,3.68,3.53,3.62,8131778
2021-01-06/00:00:00,3.62,3.67,3.54,3.58,1097396
2021-01-10/00:00:00,3.58,3.76,3.55,3.66,7284977
2021-01-11/00:00:00,3.66,3.77,3.58,3.66,5363989
2021-01-12/00:00:00,3.66,3.66,3.56,3.59,1984618
2021-01-13/00:00:00,3.59,3.65,3.58,3.61,2346408
2021-01-14/00:00:00,3.61,3.64,3.55,3.59,2368556
2021-01-17/00:00:00,3.59,3.64,3.56,3.58,715698
2021-01-18/00:00:00,3.58,3.61,3.48,3.54,2012888
2021-01-19/00:00:00,3.54,3.62,3.5,3.57,1120714
2021-01-20/00:00:00,3.57,3.77,3.6,3.7,4627580
2021-01-21/00:00:00,3.7,3.76,3.65,3.69,1912892
2021-01-24/00:00:00,3.69,3.7,3.61,3.67,638674
2021-01-25/00:00:00,3.67,3.67,3.6,3.62,360606
2021-01-26/00:00:00,3.62,3.68,3.6,3.64,1126391
2021-01-27/00:00:00,3.64,3.68,3.57,3.6,1263299
2021-01-31/00:00:00,3.6,3.63,3.53,3.58,687054
2021-02-01/00:00:00,3.58,3.66,3.5,3.57,3858976
2021-02-02/00:00:00,3.57,3.77,3.58,3.69,7489426
2021-02-03/00:00:00,3.69,3.77,3.62,3.68,2286092
2021-02-04/00:00:00,3.68,3.71,3.63,3.67,3466624
2021-02-07/00:00:00,3.67,3.89,3.7,3.82,4200885
2021-02-08/00:00:00,3.82,3.94,3.66,3.85,5930133
2021-02-09/00:00:00,3.85,3.85,3.71,3.8,801572
2021-02-10/00:00:00,3.8,3.88,3.78,3.85,1541605
2021-02-11/00:00:00,3.85,4.04,3.88,3.98,7711493
2021-02-14/00:00:00,3.98,4.0,3.82,3.87,1706621
2021-02-15/00:00:00,3.87,3.98,3.8,3.84,3263275
2021-02-16/00:00:00,3.84,3.9,3.82,3.86,652562
2021-02-17/00:00:00,3.86,3.89,3.77,3.81,1376064
2021-02-18/00:00:00,3.81,3.8,3.7,3.72,1024302
2021-02-21/00:00:00,3.72,3.84,3.75,3.8,1348461
2021-02-22/00:00:00,3.8,3.9,3.73,3.81,1859602
2021-02-23/00:00:00,3.81,3.8,3.64,3.68,1993393
2021-02-24/00:00:00,3.68,3.77,3.67,3.73,2496981
2021-02-25/00:00:00,3.73,3.87,3.76,3.81,2628884
2021-02-28/00:00:00,3.81,3.98,3.76,3.88,10374110
2021-03-01/00:00:00,3.88,4.19,3.74,3.99,11338478
2021-03-02/00:00:00,3.99,4.02,3.86,3.95,6174494
2021-03-03/00:00:00,3.95,3.94,3.76,3.84,3711658
2021-03-04/00:00:00,3.84,4.0,3.85,3.95,3762390
2021-03-07/00:00:00,3.95,4.12,3.9,4.01,2839299
2021-03-08/00:00:00,4.01,4.0,3.86,3.9,2286666
2021-03-09/00:00:00,3.9,3.94,3.82,3.88,477537
2021-03-10/00:00:00,3.88,3.91,3.7,3.87,433237
2021-03-11/00:00:00,3.87,3.98,3.8,3.94,1898832
2021-03-14/00:00:00,3.94,4.0,3.9,3.95,834242
2021-03-15/00:00:00,3.95,4.15,3.94,4.07,5694322
2021-03-16/00:00:00,4.07,4.24,4.1,4.17,2247439
2021-03-17/00:00:00,4.17,4.22,4.03,4.08,776983
2021-03-18/00:00:00,4.08,4.09,3.99,4.04,1030481
2021-03-21/00:00:00,4.04,4.05,3.75,3.83,1837592
2021-03-22/00:00:00,3.83,3.85,3.51,3.7,2705928
2021-03-23/00:00:00,3.7,3.9,3.5,3.8,1224826
2021-03-24/00:00:00,3.8,3.98,3.79,3.87,495064
2021-03-25/00:00:00,3.87,3.91,3.76,3.86,592577
2021-03-28/00:00:00,3.86,3.93,3.78,3.81,456726
2021-03-29/00:00:00,3.81,4.0,3.79,3.88,702804
2021-03-30/00:00:00,3.88,3.95,3.86,3.88,226200
2021-03-31/00:00:00,3.88,3.95,3.8,3.85,997600
2021-04-01/00:00:00,3.85,3.95,3.82,3.88,981942
2021-04-04/00:00:00,3.88,3.92,3.75,3.81,1115845
2021-04-05/00:00:00,3.81,3.8,3.55,3.63,1350654
2021-04-06/00:00:00,3.63,3.7,3.56,3.6,851348
2021-04-07/00:00:00,3.6,3.61,3.46,3.52,1813808
2021-04-08/00:00:00,3.52,3.56,3.43,3.48,723662
2021-04-11/00:00:00,3.48,3.82,3.6,3.78,1431687
2021-04-12/00:00:00,3.78,3.94,3.77,3.87,972231
2021-04-13/00:00:00,3.87,3.83,3.58,3.73,2105864
2021-04-14/00:00:00,3.73,3.72,3.4,3.5,2174856
2021-04-15/00:00:00,3.5,3.65,3.4,3.54,2595266
2021-04-18/00:00:00,3.54,3.87,3.58,3.77,2906622
2021-04-19/00:00:00,3.77,3.86,3.74,3.79,4034596
2021-04-20/00:00:00,3.79,3.87,3.76,3.81,2695221
2021-04-21/00:00:00,3.81,3.73,3.55,3.62,1727804
2021-04-22/00:00:00,3.62,3.65,3.55,3.6,736464
2021-04-25/00:00:00,3.6,3.66,3.55,3.58,512431
2021-04-26/00:00:00,3.58,3.64,3.48,3.52,1078438
2021-04-27/00:00:00,3.52,3.58,3.36,3.43,2236108
2021-04-28/00:00:00,3.43,3.45,3.3,3.37,1365836
2021-05-04/00:00:00,3.37,3.45,3.35,3.39,864585
2021-05-05/00:00:00,3.39,3.4,3.27,3.31,2565126
2021-05-06/00:00:00,3.31,3.35,3.25,3.31,1107776
2021-05-09/00:00:00,3.31,3.35,3.16,3.25,2114185
2021-05-10/00:00:00,3.25,3.33,3.14,3.27,2960753
2021-05-11/00:00:00,3.27,3.34,3.24,3.28,2301480
2021-05-17/00:00:00,3.28,3.47,3.29,3.41,1618991
2021-05-18/00:00:00,3.41,3.75,3.4,3.62,9937870
2021-05-19/00:00:00,3.62,3.64,3.47,3.54,2658983
2021-05-20/00:00:00,3.54,3.62,3.45,3.55,1784404
2021-05-23/00:00:00,3.55,3.65,3.56,3.61,355632
2021-05-24/00:00:00,3.61,3.63,3.47,3.52,995756
2021-05-25/00:00:00,3.52,3.59,3.4,3.51,856060
2021-05-26/00:00:00,3.51,3.6,3.5,3.55,1380480
2021-05-27/00:00:00,3.55,3.59,3.5,3.54,1660515
2021-05-30/00:00:00,3.54,3.61,3.45,3.51,777750
2021-05-31/00:00:00,3.51,3.58,3.45,3.51,413420
2021-06-01/00:00:00,3.51,3.53,3.37,3.41,1778584
2021-06-02/00:00:00,3.41,3.45,3.33,3.39,1299221
2021-06-03/00:00:00,3.39,3.55,3.3,3.41,4717609
2021-06-06/00:00:00,3.41,3.46,3.38,3.41,1623624
2021-06-07/00:00:00,3.41,3.46,3.31,3.35,319036
2021-06-08/00:00:00,3.35,3.38,3.33,3.35,539781
2021-06-09/00:00:00,3.35,3.43,3.34,3.4,998502
2021-06-10/00:00:00,3.4,3.43,3.32,3.36,1925658
2021-06-13/00:00:00,3.36,3.39,3.27,3.32,529199
2021-06-14/00:00:00,3.32,3.32,3.26,3.29,190157
2021-06-15/00:00:00,3.29,3.32,3.17,3.24,417992
2021-06-16/00:00:00,3.24,3.38,3.2,3.3,1267437
2021-06-17/00:00:00,3.3,3.35,3.17,3.24,1697155
2021-06-20/00:00:00,3.24,3.3,3.18,3.27,580100
2021-06-21/00:00:00,3.27,3.52,3.25,3.42,4791359
2021-06-22/00:00:00,3.42,3.54,3.4,3.47,2499813
2021-06-23/00:00:00,3.47,3.57,3.38,3.45,2511356
2021-06-24/00:00:00,3.45,3.5,3.45,3.48,1448702
2021-06-27/00:00:00,3.48,3.52,3.46,3.48,1104789
2021-06-28/00:00:00,3.48,3.7,3.51,3.6,4108983
2021-06-29/00:00:00,3.6,3.51,3.41,3.48,1419942
2021-06-30/00:00:00,3.48,3.5,3.42,3.46,607069
2021-07-04/00:00:00,3.46,3.52,3.42,3.45,918146
2021-07-05/00:00:00,3.45,3.62,3.44,3.53,3416939
2021-07-06/00:00:00,3.53,3.54,3.41,3.44,1191717
2021-07-07/00:00:00,3.44,3.49,3.42,3.44,333995
2021-07-08/00:00:00,3.44,3.49,3.38,3.41,408076
2021-07-11/00:00:00,3.41,3.46,3.33,3.37,488054
2021-07-12/00:00:00,3.37,3.47,3.38,3.41,1068997
2021-07-13/00:00:00,3.41,3.44,3.4,3.41,635747
2021-07-14/00:00:00,3.41,3.6,3.41,3.53,3147767
2021-07-15/00:00:00,3.53,3.6,3.5,3.53,1437501
2021-07-18/00:00:00,3.53,3.56,3.44,3.47,894745
2021-07-25/00:00:00,3.47,3.75,3.5,3.66,7646040
2021-07-26/00:00:00,3.66,3.84,3.67,3.77,7883341
2021-07-27/00:00:00,3.77,3.96,3.71,3.87,4297077
2021-07-28/00:00:00,3.87,3.95,3.83,3.87,1099512
2021-07-29/00:00:00,3.87,3.92,3.75,3.8,1085617
2021-08-01/00:00:00,3.8,3.9,3.76,3.84,1387718
2021-08-02/00:00:00,3.84,3.98,3.8,3.89,3194005
2021-08-03/00:00:00,3.89,4.07,3.79,3.97,6392736
2021-08-04/00:00:00,3.97,4.0,3.89,3.93,1261731
2021-08-05/00:00:00,3.93,3.98,3.87,3.9,1162380
2021-08-08/00:00:00,3.9,3.94,3.86,3.89,589375
2021-08-09/00:00:00,3.89,3.95,3.84,3.89,442375
2021-08-10/00:00:00,3.89,3.96,3.87,3.91,753698
2021-08-11/00:00:00,3.91,3.99,3.9,3.95,913383
2021-08-15/00:00:00,3.95,4.1,3.91,4.02,6686938
2021-08-16/00:00:00,4.02,4.0,3.85,3.93,2587034
2021-08-17/00:00:00,3.93,3.92,3.81,3.85,1609434
2021-08-18/00:00:00,3.85,4.0,3.79,3.91,6633151
2021-08-19/00:00:00,3.91,3.98,3.88,3.94,1216550
2021-08-22/00:00:00,3.94,4.08,3.9,3.98,3310514
2021-08-23/00:00:00,3.98,3.98,3.9,3.94,1068762
2021-08-24/00:00:00,3.94,4.0,3.91,3.94,626184
2021-08-25/00:00:00,3.94,4.1,3.95,4.04,3760345
2021-08-26/00:00:00,4.04,4.21,4.05,4.14,3851088
2021-08-29/00:00:00,4.14,4.15,3.95,4.06,1076002
2021-08-30/00:00:00,4.06,4.12,3.97,4.06,1010140
2021-08-31/00:00:00,4.06,4.04,3.96,4.01,477226
2021-09-01/00:00:00,4.01,4.11,4.02,4.08,1993682
2021-09-02/00:00:00,4.08,4.35,4.09,4.22,11181463
2021-09-05/00:00:00,4.22,4.27,4.06,4.1,1564628
2021-09-06/00:00:00,4.1,4.1,3.95,3.97,2283486
2021-09-07/00:00:00,3.97,4.13,3.97,4.08,963515
2021-09-08/00:00:00,4.08,4.1,4.02,4.05,2099315
2021-09-09/00:00:00,4.05,4.08,3.81,3.87,1859381
2021-09-12/00:00:00,3.87,3.99,3.85,3.93,546581
2021-09-13/00:00:00,3.93,4.03,3.97,4.0,385540
2021-09-14/00:00:00,4.0,4.05,3.95,4.05,196006
2021-09-15/00:00:00,4.05,4.2,4.01,4.08,3247169
2021-09-16/00:00:00,4.08,4.19,4.06,4.1,947865
2021-09-19/00:00:00,4.1,4.25,4.05,4.08,5835852
2021-09-20/00:00:00,4.08,4.2,3.95,4.0,10579312
2021-09-21/00:00:00,4.0,4.12,3.95,4.05,4273595
2021-09-22/00:00:00,4.05,4.25,4.08,4.15,4424832
2021-09-23/00:00:00,4.15,4.26,4.14,4.16,1235172
2021-09-26/00:00:00,4.16,4.21,4.11,4.15,305957
2021-09-27/00:00:00,4.15,4.3,4.1,4.19,8041115
2021-09-28/00:00:00,4.19,4.33,4.12,4.29,6546948
2021-09-29/00:00:00,4.29,4.36,4.27,4.31,2265966
2021-09-30/00:00:00,4.31,4.45,4.24,4.32,2448186
2021-10-03/00:00:00,4.32,4.39,4.18,4.2,1642464
2021-10-04/00:00:00,4.2,4.2,4.08,4.12,2679941
2021-10-05/00:00:00,4.12,4.2,4.01,4.03,1645365
2021-10-06/00:00:00,4.03,4.15,4.02,4.09,3896356
2021-10-10/00:00:00,4.09,4.06,3.95,4.01,844522
2021-10-11/00:00:00,4.01,4.11,4.0,4.05,1424974
2021-10-12/00:00:00,4.05,4.13,4.01,4.09,206074
2021-10-13/00:00:00,4.09,4.13,4.0,4.0,3250835
2021-10-14/00:00:00,4.0,4.08,3.98,4.03,410707
2021-10-17/00:00:00,4.03,4.15,4.0,4.1,1665729
2021-10-18/00:00:00,4.1,4.5,4.12,4.42,16624636
2021-10-19/00:00:00,4.42,4.47,4.2,4.35,4421739
2021-10-20/00:00:00,4.35,4.45,4.16,4.23,4221532
2021-10-24/00:00:00,4.23,4.39,4.18,4.21,505238
2021-10-25/00:00:00,4.21,4.31,4.2,4.26,1703152
2021-10-26/00:00:00,4.26,4.37,4.28,4.29,617818
2021-10-27/00:00:00,4.29,4.29,4.1,4.19,843135
2021-10-28/00:00:00,4.19,4.24,4.13,4.2,1099463
2021-10-31/00:00:00,4.2,4.25,4.15,4.16,318912
2021-11-01/00:00:00,4.16,4.2,4.12,4.14,658056
2021-11-02/00:00:00,4.14,4.5,4.18,4.47,3080898
2021-11-03/00:00:00,4.47,4.65,4.48,4.58,6653742
2021-11-04/00:00:00,4.58,4.64,4.3,4.39,170830
2021-11-07/00:00:00,4.39,4.37,4.18,4.19,2718274
2021-11-08/00:00:00,4.19,4.28,4.08,4.1,2986001
2021-11-09/00:00:00,4.1,4.15,3.96,4.04,2558816
2021-11-10/00:00:00,4.04,4.08,3.89,4.0,4338968
2021-11-11/00:00:00,4.0,4.07,3.87,3.94,2518942
2021-11-14/00:00:00,3.94,3.99,3.8,3.83,2212496
2021-11-15/00:00:00,3.83,3.98,3.8,3.85,1269326
2021-11-16/00:00:00,3.85,3.97,3.75,3.77,976344
2021-11-17/00:00:00,3.77,3.9,3.66,3.7,1224877
2021-11-18/00:00:00,3.7,3.84,3.73,3.77,879746
2021-11-21/00:00:00,3.77,3.83,3.6,3.63,843823
2021-11-22/00:00:00,3.63,3.74,3.57,3.65,816610
2021-11-23/00:00:00,3.65,3.8,3.67,3.69,1344491
2021-11-24/00:00:00,3.69,3.86,3.69,3.85,777711
2021-11-25/00:00:00,3.85,3.91,3.81,3.9,704697
2021-11-28/00:00:00,3.9,3.9,3.7,3.9,726568
2021-11-29/00:00:00,3.9,3.96,3.88,3.9,250987
2021-11-30/00:00:00,3.9,3.93,3.85,3.9,633782
2021-12-01/00:00:00,3.9,4.0,3.85,3.98,1433590
2021-12-02/00:00:00,3.98,4.12,3.98,4.01,3603475
2021-12-05/00:00:00,4.01,4.05,3.95,3.99,1975513
2021-12-06/00:00:00,3.99,4.36,4.0,4.36,6328134
2021-12-07/00:00:00,4.36,5.0,4.32,4.66,14042239
2021-12-08/00:00:00,4.66,4.7,4.53,4.6,4111865
2021-12-09/00:00:00,4.6,4.98,4.6,4.82,4765999
2021-12-12/00:00:00,4.82,5.05,4.77,4.99,4094938
2021-12-13/00:00:00,4.99,4.99,4.74,4.8,2361972
2021-12-14/00:00:00,4.8,4.87,4.77,4.79,1567508
2021-12-15/00:00:00,4.79,4.85,4.71,4.8,2259952
2021-12-16/00:00:00,4.8,5.0,4.75,4.87,5346991
2021-12-19/00:00:00,4.87,4.9,4.73,4.87,378801
2021-12-20/00:00:00,4.87,4.88,4.74,4.76,412199
2021-12-21/00:00:00,4.76,4.96,4.8,4.85,1483041
2021-12-22/00:00:00,4.85,4.93,4.7,4.76,841465
2021-12-23/00:00:00,4.76,5.11,4.77,5.01,4925680
2021-12-26/00:00:00,5.01,5.15,4.93,5.06,4060812
2021-12-27/00:00:00,5.06,5.03,4.88,4.92,2157011
2021-12-28/00:00:00,4.92,5.1,4.88,5.07,1008995
2021-12-29/00:00:00,5.07,5.15,4.95,4.98,2141105
2021-12-30/00:00:00,4.98,5.1,4.93,5.1,1564026
2022-01-02/00:00:00,5.1,5.08,4.95,4.97,570175
2022-01-03/00:00:00,4.97,5.17,4.9,5.0,3451113
2022-01-04/00:00:00,5.0,5.04,4.95,4.99,1310077
2022-01-05/00:00:00,4.99,5.08,4.98,5.01,2053080
2022-01-09/00:00:00,5.01,5.05,4.95,4.98,230264
2022-01-10/00:00:00,4.98,5.01,4.93,4.94,147797
2022-01-11/00:00:00,4.94,4.95,4.74,4.8,3999374
2022-01-12/00:00:00,4.8,4.83,4.7,4.71,2397108
2022-01-13/00:00:00,4.71,4.85,4.7,4.71,2090226
2022-01-16/00:00:00,4.71,4.76,4.65,4.69,529517
2022-01-17/00:00:00,4.69,4.79,4.6,4.61,3864895
2022-01-18/00:00:00,4.61,4.86,4.61,4.84,2746512
2022-01-19/00:00:00,4.84,4.85,4.7,4.75,625014
2022-01-20/00:00:00,4.75,4.81,4.73,4.8,482299
2022-01-23/00:00:00,4.8,4.82,4.71,4.71,220140
2022-01-24/00:00:00,4.71,4.7,4.65,4.67,95886
2022-01-25/00:00:00,4.67,4.81,4.67,4.77,585537
2022-01-26/00:00:00,4.77,4.82,4.71,4.8,346605
2022-01-30/00:00:00,4.8,4.8,4.66,4.69,157926
2022-01-31/00:00:00,4.69,4.83,4.6,4.81,788696
2022-02-01/00:00:00,4.81,5.0,4.81,4.96,2826725
2022-02-02/00:00:00,4.96,5.47,4.99,5.39,11248838
2022-02-03/00:00:00,5.39,6.0,5.3,5.5,4008282
2022-02-06/00:00:00,5.5,5.7,5.4,5.46,2501207
2022-02-07/00:00:00,5.46,5.55,5.35,5.43,1218914
2022-02-08/00:00:00,5.43,5.6,5.38,5.55,830667
2022-02-09/00:00:00,5.55,6.06,5.59,5.83,5237198
2022-02-10/00:00:00,5.83,5.98,5.57,5.6,2688005
2022-02-13/00:00:00,5.6,6.01,5.59,5.74,2221994
2022-02-14/00:00:00,5.74,5.9,5.57,5.64,199617
2022-02-15/00:00:00,5.64,5.8,5.64,5.75,821563
2022-02-16/00:00:00,5.75,5.8,5.66,5.69,855676
2022-02-17/00:00:00,5.69,5.89,5.71,5.75,3787972
2022-02-20/00:00:00,5.75,5.79,5.5,5.59,416693
2022-02-21/00:00:00,5.59,5.68,5.4,5.51,192862
2022-02-22/00:00:00,5.51,5.58,5.28,5.38,1299324
2022-02-23/00:00:00,5.38,5.75,5.35,5.67,1481731
2022-02-24/00:00:00,5.67,5.51,4.7,5.37,3936501
2022-02-27/00:00:00,5.37,5.89,5.6,5.76,1485041
2022-02-28/00:00:00,5.76,5.9,5.65,5.76,1446394
2022-03-01/00:00:00,5.76,5.98,5.83,5.86,1734991
2022-03-02/00:00:00,5.86,5.89,5.73,5.77,1257448
2022-03-03/00:00:00,5.77,5.95,5.82,5.86,802579
2022-03-06/00:00:00,5.86,5.92,5.75,5.79,1408322
2022-03-07/00:00:00,5.79,5.75,5.43,5.51,1397118
2022-03-08/00:00:00,5.51,5.52,5.3,5.4,2414812
2022-03-09/00:00:00,5.4,5.51,5.26,5.3,1040536
2022-03-10/00:00:00,5.3,5.36,5.22,5.3,3953726
2022-03-13/00:00:00,5.3,5.46,5.3,5.34,573134
2022-03-14/00:00:00,5.34,5.39,5.3,5.31,314357
2022-03-15/00:00:00,5.31,5.34,5.1,5.2,890361
2022-03-16/00:00:00,5.2,5.28,5.07,5.15,5135281
2022-03-17/00:00:00,5.15,5.27,4.7,5.0,8605057
2022-03-20/00:00:00,5.0,5.2,5.0,5.16,2347687
2022-03-21/00:00:00,5.16,5.55,5.16,5.44,2519350
2022-03-22/00:00:00,5.44,5.68,5.17,5.27,1402828
2022-03-23/00:00:00,5.27,5.45,5.06,5.37,1117145
2022-03-24/00:00:00,5.37,5.45,5.26,5.3,1445459
2022-03-27/00:00:00,5.3,5.3,4.24,4.4,15846319
2022-03-28/00:00:00,4.4,4.5,4.15,4.32,2332605
2022-03-29/00:00:00,4.32,4.35,4.0,4.0,10182536
2022-03-30/00:00:00,4.0,4.1,3.8,3.85,8276433
2022-03-31/00:00:00,3.85,4.03,3.86,3.99,5859963
2022-04-03/00:00:00,3.99,4.33,4.0,4.27,6226972
2022-04-04/00:00:00,4.27,4.35,4.16,4.32,3907051
2022-04-05/00:00:00,4.32,4.37,4.25,4.29,3140194
2022-04-06/00:00:00,4.29,4.34,4.22,4.25,1236292
2022-04-07/00:00:00,4.25,4.25,4.06,4.11,579841
2022-04-10/00:00:00,4.11,4.15,3.86,3.98,569354
2022-04-11/00:00:00,3.98,4.1,3.87,3.91,1141435
2022-04-12/00:00:00,3.91,4.04,3.9,3.96,447098
2022-04-13/00:00:00,3.96,4.14,3.95,4.0,1483210
2022-04-14/00:00:00,4.0,4.07,3.66,3.78,2828829
2022-04-17/00:00:00,3.78,4.05,3.75,3.92,6504507
2022-04-18/00:00:00,3.92,4.06,3.88,4.05,1506818
2022-04-19/00:00:00,4.05,3.97,3.88,3.95,724529
2022-04-20/00:00:00,3.95,4.0,3.81,3.88,561038
2022-04-21/00:00:00,3.88,3.95,3.84,3.87,891416
2022-04-26/00:00:00,3.87,3.98,3.8,3.9,1666595
2022-04-27/00:00:00,3.9,3.94,3.84,3.86,1165762
2022-04-28/00:00:00,3.86,4.29,3.85,4.25,5050163
2022-05-08/00:00:00,4.25,4.25,4.09,4.1,2211861
2022-05-09/00:00:00,4.1,4.16,3.93,3.94,2233767
2022-05-10/00:00:00,3.94,4.0,3.87,3.94,748905
2022-05-11/00:00:00,3.94,4.15,3.99,4.11,5381076
2022-05-12/00:00:00,4.11,4.15,3.98,4.0,3427168
2022-05-15/00:00:00,4.0,4.05,3.82,3.87,1250283
2022-05-16/00:00:00,3.87,3.9,3.67,3.84,4466254
2022-05-17/00:00:00,3.84,3.92,3.76,3.78,757628
2022-05-18/00:00:00,3.78,3.83,3.73,3.78,504433
2022-05-19/00:00:00,3.78,3.73,3.67,3.7,1359705
2022-05-22/00:00:00,3.7,3.75,3.6,3.63,855764
2022-05-23/00:00:00,3.63,3.68,3.5,3.53,1857296
2022-05-24/00:00:00,3.53,3.6,3.31,3.36,1928803
2022-05-25/00:00:00,3.36,3.35,2.97,3.0,8584536
2022-05-26/00:00:00,3.0,3.02,2.73,2.75,7928589
2022-05-29/00:00:00,2.75,2.96,2.62,2.95,3862387
2022-05-30/00:00:00,2.95,3.07,2.92,2.98,1531676
2022-05-31/00:00:00,2.98,3.07,2.99,3.0,904641
2022-06-01/00:00:00,3.0,3.03,2.85,2.89,474788
2022-06-02/00:00:00,2.89,2.94,2.84,2.91,624879
2022-06-05/00:00:00,2.91,2.97,2.86,2.9,620819
2022-06-06/00:00:00,2.9,3.04,2.91,2.95,1745947
2022-06-07/00:00:00,2.95,3.23,2.97,3.2,5277149
2022-06-08/00:00:00,3.2,3.3,3.22,3.24,1477316
2022-06-09/00:00:00,3.24,3.36,3.21,3.32,1905683
2022-06-12/00:00:00,3.32,3.33,3.23,3.25,613408
2022-06-13/00:00:00,3.25,3.25,3.04,3.04,3117932
2022-06-14/00:00:00,3.04,3.12,3.02,3.07,682122
2022-06-15/00:00:00,3.07,3.16,3.06,3.08,1147217
2022-06-16/00:00:00,3.08,3.16,3.06,3.14,1349144
2022-06-19/00:00:00,3.14,3.15,2.98,3.0,1434108
2022-06-20/00:00:00,3.0,3.08,2.93,2.95,1128081
2022-06-21/00:00:00,2.95,3.04,2.96,2.97,535077
2022-06-22/00:00:00,2.97,3.0,2.94,2.99,571892
2022-06-23/00:00:00,2.99,2.96,2.9,2.91,468159
2022-06-26/00:00:00,2.91,2.98,2.7,2.72,2906086
2022-06-27/00:00:00,2.72,2.78,2.37,2.42,7454950
2022-06-28/00:00:00,2.42,2.62,2.26,2.55,4123446
2022-06-29/00:00:00,2.55,2.72,2.51,2.67,3008771
2022-07-03/00:00:00,2.67,2.67,2.45,2.48,1731849
2022-07-04/00:00:00,2.48,2.52,2.33,2.4,1573812
2022-07-05/00:00:00,2.4,2.61,2.4,2.41,3024920
2022-07-06/00:00:00,2.41,2.7,2.44,2.65,6112857
2022-07-07/00:00:00,2.65,2.7,2.58,2.62,4096798
2022-07-17/00:00:00,2.62,2.67,2.56,2.57,360513
2022-07-18/00:00:00,2.57,2.81,2.6,2.7,5217660
2022-07-19/00:00:00,2.7,2.84,2.7,2.82,2995980
2022-07-20/00:00:00,2.82,2.98,2.81,2.83,4084977
2022-07-21/00:00:00,2.83,2.98,2.83,2.95,4280325
2022-07-24/00:00:00,2.95,3.14,2.96,3.03,6824439
2022-07-25/00:00:00,3.03,3.06,2.9,2.93,5592819
2022-07-26/00:00:00,2.93,3.03,2.93,3.01,5245527
2022-07-27/00:00:00,3.01,3.07,2.9,2.9,5562716
2022-07-28/00:00:00,2.9,2.96,2.83,2.89,5471835
2022-07-31/00:00:00,2.89,2.95,2.83,2.83,8453128
2022-08-01/00:00:00,2.83,3.0,2.8,2.9,19825541
2022-08-02/00:00:00,2.9,2.97,2.87,2.9,8518370
2022-08-03/00:00:00,2.9,2.98,2.88,2.93,9140141
2022-08-04/00:00:00,2.93,3.12,2.96,3.1,17875969
2022-08-07/00:00:00,3.1,3.25,3.14,3.17,15502910
2022-08-08/00:00:00,3.17,3.23,3.1,3.12,8275811
2022-08-09/00:00:00,3.12,3.3,3.1,3.11,12011842
2022-08-10/00:00:00,3.11,3.17,3.06,3.11,4699511
2022-08-11/00:00:00,3.11,3.32,3.17,3.21,11818118
2022-08-14/00:00:00,3.21,3.3,3.16,3.18,4340391
2022-08-15/00:00:00,3.18,3.29,3.16,3.21,8293337
2022-08-16/00:00:00,3.21,3.31,3.17,3.19,5798391
2022-08-17/00:00:00,3.19,3.43,3.19,3.37,15853611
2022-08-18/00:00:00,3.37,3.47,3.31,3.33,13535092
2022-08-21/00:00:00,3.33,3.45,3.35,3.42,9649398
2022-08-22/00:00:00,3.42,3.54,3.36,3.38,11248865
2022-08-23/00:00:00,3.38,3.41,3.22,3.24,10161808
2022-08-24/00:00:00,3.24,3.39,3.2,3.28,9616598
2022-08-25/00:00:00,3.28,3.65,3.32,3.59,27415108
2022-08-28/00:00:00,3.59,3.71,3.53,3.59,7966400
2022-08-29/00:00:00,3.59,3.69,3.51,3.55,5408151
2022-08-30/00:00:00,3.55,3.91,3.53,3.77,17671028
2022-08-31/00:00:00,3.77,3.85,3.65,3.67,8079499
2022-09-01/00:00:00,3.67,3.78,3.6,3.66,5564744
2022-09-04/00:00:00,3.66,3.79,3.58,3.76,3939949
2022-09-05/00:00:00,3.76,3.84,3.71,3.74,5032408
2022-09-06/00:00:00,3.74,3.94,3.76,3.85,7690814
2022-09-07/00:00:00,3.85,4.17,3.87,3.89,25978634
2022-09-08/00:00:00,3.89,4.02,3.83,3.85,8289820
2022-09-11/00:00:00,3.85,3.93,3.84,3.85,3753878
2022-09-12/00:00:00,3.85,3.93,3.83,3.84,3772012
2022-09-13/00:00:00,3.84,3.88,3.76,3.78,2740868
2022-09-14/00:00:00,3.78,3.76,3.65,3.7,6552462
2022-09-15/00:00:00,3.7,3.74,3.65,3.66,2641179
2022-09-18/00:00:00,3.66,3.67,3.26,3.34,6502235
2022-09-19/00:00:00,3.34,3.46,3.24,3.43,2802723
2022-09-20/00:00:00,3.43,3.55,3.37,3.55,3295934
2022-09-21/00:00:00,3.55,3.59,3.5,3.54,4214628
2022-09-22/00:00:00,3.54,3.49,3.37,3.39,5704603
2022-09-25/00:00:00,3.39,3.42,3.26,3.28,3302587
2022-09-26/00:00:00,3.28,3.37,3.28,3.3,4801799
2022-09-27/00:00:00,3.3,3.45,3.33,3.39,4088610
2022-09-28/00:00:00,3.39,3.58,3.41,3.44,9783424
2022-09-29/00:00:00,3.44,3.56,3.43,3.45,6902751
2022-10-02/00:00:00,3.45,3.5,3.33,3.35,4097525
2022-10-03/00:00:00,3.35,3.39,3.3,3.33,1867510
2022-10-04/00:00:00,3.33,3.48,3.37,3.45,3277196
2022-10-05/00:00:00,3.45,3.53,3.42,3.43,2985860
2022-10-09/00:00:00,3.43,3.44,3.37,3.38,1222919
2022-10-10/00:00:00,3.38,3.44,3.36,3.4,1552657
2022-10-11/00:00:00,3.4,3.44,3.34,3.36,3724162
2022-10-12/00:00:00,3.36,3.38,3.25,3.28,2313816
2022-10-13/00:00:00,3.28,3.31,3.14,3.2,5025483
2022-10-16/00:00:00,3.2,3.32,3.19,3.27,4008344
2022-10-17/00:00:00,3.27,3.43,3.29,3.42,3602570
2022-10-18/00:00:00,3.42,3.54,3.42,3.46,5743701
2022-10-19/00:00:00,3.46,3.48,3.35,3.38,1392397
2022-10-20/00:00:00,3.38,3.47,3.35,3.43,1793859
2022-10-23/00:00:00,3.43,3.54,3.47,3.5,2489719
2022-10-24/00:00:00,3.5,3.52,3.39,3.41,1553030
2022-10-25/00:00:00,3.41,3.5,3.38,3.43,2183071
2022-10-26/00:00:00,3.43,3.6,3.44,3.56,5102382
2022-10-27/00:00:00,3.56,3.99,3.73,3.8,12705076
2022-10-30/00:00:00,3.8,4.14,3.8,3.94,10810818
2022-10-31/00:00:00,3.94,4.2,3.82,4.2,10289508
2022-11-01/00:00:00,4.2,4.31,4.09,4.24,10011024
2022-11-02/00:00:00,4.24,4.24,4.03,4.06,4610790
2022-11-03/00:00:00,4.06,4.15,3.96,4.0,5763904
2022-11-06/00:00:00,4.0,4.26,4.01,4.22,4635177
2022-11-07/00:00:00,4.22,4.48,4.21,4.44,6900840
2022-11-08/00:00:00,4.44,4.55,4.3,4.33,9854211
2022-11-09/00:00:00,4.33,4.32,4.05,4.25,12847438
2022-11-10/00:00:00,4.25,4.59,4.16,4.44,8268880
2022-11-13/00:00:00,4.44,4.58,4.43,4.44,4532862
2022-11-14/00:00:00,4.44,4.48,4.27,4.32,8489239
2022-11-15/00:00:00,4.32,4.44,4.28,4.32,5721884
2022-11-16/00:00:00,4.32,4.48,4.31,4.36,7393788
2022-11-17/00:00:00,4.36,4.43,4.29,4.3,5772749
2022-11-20/00:00:00,4.3,4.4,4.28,4.31,10074559
2022-11-21/00:00:00,4.31,4.4,4.22,4.22,10689456
2022-11-22/00:00:00,4.22,4.37,4.12,4.34,24286175
2022-11-23/00:00:00,4.34,4.58,4.34,4.48,13751655
2022-11-24/00:00:00,4.48,4.83,4.48,4.79,17817586
2022-11-27/00:00:00,4.79,4.94,4.74,4.75,8205712
2022-11-28/00:00:00,4.75,4.8,4.63,4.67,5428071
2022-11-29/00:00:00,4.67,4.79,4.55,4.72,3656260
2022-11-30/00:00:00,4.72,4.78,4.63,4.64,2851429
2022-12-01/00:00:00,4.64,4.9,4.66,4.75,7605614
2022-12-04/00:00:00,4.75,4.91,4.72,4.81,9760236
2022-12-05/00:00:00,4.81,5.17,4.83,5.04,14490789
2022-12-06/00:00:00,5.04,5.09,4.89,5.01,9515174
2022-12-07/00:00:00,5.01,5.22,5.0,5.0,11033730
2022-12-08/00:00:00,5.0,5.18,4.93,4.96,15533310
2022-12-11/00:00:00,4.96,5.36,5.01,5.08,9320160
2022-12-12/00:00:00,5.08,5.15,4.81,4.96,10343003
2022-12-13/00:00:00,4.96,5.2,5.03,5.12,8150928
2022-12-14/00:00:00,5.12,5.75,5.17,5.61,17609831
2022-12-15/00:00:00,5.61,5.82,5.37,5.43,9532745
2022-12-18/00:00:00,5.43,5.51,5.3,5.3,4467945
2022-12-19/00:00:00,5.3,5.6,5.31,5.49,8574116
2022-12-20/00:00:00,5.49,5.67,5.5,5.52,7692116
2022-12-21/00:00:00,5.52,5.62,5.39,5.5,5791965
2022-12-22/00:00:00,5.5,5.59,5.27,5.31,3337259
2022-12-25/00:00:00,5.31,5.24,5.01,5.09,4576196
2022-12-26/00:00:00,5.09,5.48,5.13,5.44,5054766
2022-12-27/00:00:00,5.44,5.52,5.37,5.39,2801236
2022-12-28/00:00:00,5.39,5.45,5.36,5.38,1140764
2022-12-29/00:00:00,5.38,5.49,5.34,5.36,2257988
2023-01-02/00:00:00,5.36,5.63,5.43,5.58,3501656
2023-01-03/00:00:00,5.58,5.75,5.61,5.67,3556477
2023-01-04/00:00:00,5.67,5.83,5.15,5.75,9976525
2023-01-05/00:00:00,5.75,6.04,5.77,5.98,13621017
2023-01-09/00:00:00,5.98,6.12,5.72,5.8,10549895
2023-01-10/00:00:00,5.8,5.85,5.48,5.49,7514978
2023-01-11/00:00:00,5.49,5.8,5.35,5.41,6074275
2023-01-12/00:00:00,5.41,5.63,5.29,5.38,3005465
2023-01-15/00:00:00,5.38,5.48,5.33,5.37,3241195
2023-01-16/00:00:00,5.37,5.58,5.39,5.5,5226028
2023-01-17/00:00:00,5.5,5.79,5.57,5.73,8219967
2023-01-18/00:00:00,5.73,5.79,5.47,5.49,5350880
2023-01-19/00:00:00,5.49,5.62,5.45,5.47,3897897
2023-01-22/00:00:00,5.47,5.6,5.47,5.49,4779993
2023-01-23/00:00:00,5.49,5.56,5.3,5.4,1796783
2023-01-24/00:00:00,5.4,5.5,5.32,5.4,5820842
2023-01-25/00:00:00,5.4,5.57,5.4,5.5,7335724
2023-01-29/00:00:00,5.5,5.59,5.49,5.51,4734986
2023-01-30/00:00:00,5.51,5.6,5.23,5.31,5279768
2023-01-31/00:00:00,5.31,5.34,5.11,5.12,2701778
2023-02-01/00:00:00,5.12,5.21,4.87,4.9,7640809
2023-02-02/00:00:00,4.9,5.0,4.5,4.58,5398798
2023-02-05/00:00:00,4.58,5.0,4.39,5.0,6556702
2023-02-06/00:00:00,5.0,5.17,4.86,4.99,6086305
2023-02-07/00:00:00,4.99,5.22,5.03,5.12,8602067
2023-02-08/00:00:00,5.12,5.17,4.96,5.06,4262163
2023-02-09/00:00:00,5.06,5.35,5.06,5.32,7094199
2023-02-12/00:00:00,5.32,5.42,5.19,5.23,4025204
2023-02-13/00:00:00,5.23,5.36,5.19,5.22,2193083
2023-02-14/00:00:00,5.22,5.51,5.24,5.45,8173520
2023-02-15/00:00:00,5.45,5.6,5.47,5.47,11435113
2023-02-16/00:00:00,5.47,5.64,5.45,5.51,5460585
2023-02-19/00:00:00,5.51,5.58,5.4,5.44,880365
2023-02-20/00:00:00,5.44,5.45,5.16,5.19,3880447
2023-02-21/00:00:00,5.19,5.38,5.13,5.32,1781821
2023-02-22/00:00:00,5.32,5.4,5.01,5.06,4908746
2023-02-23/00:00:00,5.06,5.21,5.01,5.18,4176061
2023-02-26/00:00:00,5.18,5.4,5.11,5.24,2522141
2023-02-27/00:00:00,5.24,5.66,5.4,5.43,20322246
2023-02-28/00:00:00,5.43,5.55,5.38,5.45,11598158
2023-03-01/00:00:00,5.45,5.54,5.42,5.44,3807330
2023-03-02/00:00:00,5.44,5.57,5.44,5.46,4729042
2023-03-05/00:00:00,5.46,5.52,5.36,5.36,5989480
2023-03-06/00:00:00,5.36,5.44,5.34,5.35,2766257
2023-03-07/00:00:00,5.35,5.4,5.06,5.12,4539043
2023-03-08/00:00:00,5.12,5.19,5.03,5.07,3349022
2023-03-09/00:00:00,5.07,5.25,5.07,5.21,4563696
2023-03-12/00:00:00,5.21,5.2,4.81,4.81,6226697
2023-03-13/00:00:00,4.81,4.98,4.45,4.53,5469392
2023-03-14/00:00:00,4.53,4.74,4.49,4.6,5538545
2023-03-15/00:00:00,4.6,4.8,3.97,4.13,8794161
2023-03-16/00:00:00,4.13,4.4,4.0,4.32,5230010
2023-03-19/00:00:00,4.32,4.37,4.15,4.34,3849202
2023-03-20/00:00:00,4.34,4.58,4.3,4.47,7015515
2023-03-21/00:00:00,4.47,4.69,4.46,4.69,4564904
2023-03-22/00:00:00,4.69,4.75,4.5,4.7,7515005
2023-03-23/00:00:00,4.7,4.81,4.59,4.79,5010775
2023-03-26/00:00:00,4.79,4.96,4.8,4.94,3244256
2023-03-27/00:00:00,4.94,4.93,4.7,4.72,7593337
2023-03-28/00:00:00,4.72,4.77,4.61,4.69,2834828
2023-03-29/00:00:00,4.69,4.88,4.69,4.8,8842203
2023-03-30/00:00:00,4.8,4.89,4.7,4.72,3979189
2023-04-02/00:00:00,4.72,4.86,4.71,4.8,2127715
2023-04-03/00:00:00,4.8,5.34,4.84,5.25,18499314
2023-04-04/00:00:00,5.25,5.37,5.15,5.29,6149240
2023-04-05/00:00:00,5.29,5.48,5.32,5.45,12630382
2023-04-06/00:00:00,5.45,5.54,5.33,5.36,6524255
2023-04-09/00:00:00,5.36,5.4,5.16,5.2,4855041
2023-04-10/00:00:00,5.2,5.37,5.21,5.29,5792549
2023-04-11/00:00:00,5.29,5.41,5.31,5.36,3841868
2023-04-12/00:00:00,5.36,5.45,5.33,5.33,3670601
2023-04-13/00:00:00,5.33,5.41,5.31,5.35,3405208
2023-04-18/00:00:00,5.35,5.42,5.33,5.35,3019684
2023-04-19/00:00:00,5.35,5.68,5.41,5.61,16426361
2023-04-26/00:00:00,5.61,5.79,5.5,5.79,16620052
2023-04-27/00:00:00,5.79,6.0,5.88,5.98,14586199
2023-04-30/00:00:00,5.98,6.27,5.99,6.13,19032667
2023-05-01/00:00:00,6.13,6.2,5.84,5.92,11710195
2023-05-02/00:00:00,5.92,5.97,5.8,5.84,6108518
2023-05-03/00:00:00,5.84,5.96,5.75,5.81,4907041
2023-05-07/00:00:00,5.81,5.86,5.68,5.77,3868050
2023-05-08/00:00:00,5.77,5.95,5.8,5.95,4719452
2023-05-09/00:00:00,5.95,6.14,5.85,5.85,9512315
2023-05-10/00:00:00,5.85,6.0,5.7,5.99,8006955
2023-05-11/00:00:00,5.99,6.08,5.8,5.86,7202646
2023-05-14/00:00:00,5.86,5.92,5.82,5.89,2695688
2023-05-15/00:00:00,5.89,5.95,5.72,5.72,3629102
2023-05-16/00:00:00,5.72,5.74,5.48,5.56,12073358
2023-05-17/00:00:00,5.56,5.63,5.31,5.32,10004913
2023-05-18/00:00:00,5.32,5.41,5.25,5.38,3288269
2023-05-21/00:00:00,5.38,5.44,5.34,5.35,2428380
2023-05-22/00:00:00,5.35,5.53,5.35,5.36,5282386
2023-05-23/00:00:00,5.36,5.44,5.34,5.42,2416011
2023-05-24/00:00:00,5.42,5.57,5.45,5.5,3131014
2023-05-25/00:00:00,5.5,5.57,5.43,5.45,2176903
2023-05-28/00:00:00,5.45,5.7,5.46,5.61,12645384
2023-05-29/00:00:00,5.61,5.68,5.59,5.63,4275203
2023-05-31/00:00:00,5.7,5.81,5.56,5.6,4646779
2023-06-01/00:00:00,5.6,5.65,5.56,5.59,1530012
2023-06-04/00:00:00,5.59,5.7,5.5,5.53,4218502
2023-06-05/00:00:00,5.53,5.57,5.41,5.41,2710178
2023-06-06/00:00:00,5.41,5.48,5.38,5.39,2111520
2023-06-07/00:00:00,5.39,5.51,5.31,5.32,2883617
2023-06-08/00:00:00,5.32,5.44,5.3,5.36,2026576
2023-06-11/00:00:00,5.36,5.65,5.43,5.61,7562177
2023-06-12/00:00:00,5.61,5.8,5.63,5.74,8858545
2023-06-13/00:00:00,5.74,6.24,5.72,6.11,31490815
2023-06-14/00:00:00,6.11,6.19,5.86,5.95,10975503
2023-06-15/00:00:00,5.95,6.12,5.88,5.97,6966824
2023-06-18/00:00:00,5.97,6.09,5.98,6.0,2803302
2023-06-19/00:00:00,6.0,6.27,5.98,6.07,13446029
2023-06-20/00:00:00,6.07,6.5,6.07,6.35,19092830
2023-06-21/00:00:00,6.35,6.55,6.35,6.41,7050191
2023-06-22/00:00:00,6.41,6.79,6.3,6.62,11874232
2023-06-25/00:00:00,6.62,6.7,6.37,6.37,3756253
2023-06-26/00:00:00,6.37,6.53,6.37,6.48,2035411
2023-07-04/00:00:00,6.48,6.65,6.33,6.36,4061057
2023-07-05/00:00:00,6.36,6.48,6.2,6.27,2842920
2023-07-06/00:00:00,6.27,6.53,6.27,6.34,2071685
2023-07-09/00:00:00,6.34,6.39,5.96,5.96,1341566
2023-07-10/00:00:00,5.96,6.16,5.9,6.15,1732710
2023-07-11/00:00:00,6.15,6.29,6.12,6.16,1878592
2023-07-12/00:00:00,6.16,6.25,6.1,6.12,802680
2023-07-13/00:00:00,6.12,6.41,6.15,6.32,2437843
2023-07-16/00:00:00,6.32,6.4,6.19,6.26,1230109
2023-07-17/00:00:00,6.26,6.49,6.21,6.43,2111706
2023-07-18/00:00:00,6.43,6.67,6.43,6.54,6421906
2023-07-19/00:00:00,6.54,6.64,6.46,6.5,2771956
2023-07-24/00:00:00,6.5,6.62,6.48,6.49,1841017
2023-07-25/00:00:00,6.49,6.55,6.42,6.43,1009066
2023-07-26/00:00:00,6.43,6.49,6.36,6.43,679438
2023-07-27/00:00:00,6.43,6.5,6.33,6.36,417417
2023-07-30/00:00:00,6.36,6.66,6.36,6.49,2537564
2023-07-31/00:00:00,6.49,6.7,6.48,6.7,2703604
2023-08-01/00:00:00,6.7,6.8,6.68,6.79,3283982
2023-08-02/00:00:00,6.79,6.8,6.3,6.39,4395603
2023-08-03/00:00:00,6.39,6.5,6.33,6.37,1900381
2023-08-06/00:00:00,6.37,6.62,6.4,6.6,1399898
2023-08-07/00:00:00,6.6,6.7,6.52,6.59,1941703
2023-08-08/00:00:00,6.59,6.84,6.57,6.75,8056449
2023-08-09/00:00:00,6.75,7.03,6.68,6.8,7030190
2023-08-10/00:00:00,6.8,6.86,6.67,6.72,1530559
2023-08-13/00:00:00,6.72,6.83,6.72,6.75,1056535
2023-08-14/00:00:00,6.75,6.85,6.51,6.6,866834
2023-08-15/00:00:00,6.6,6.7,6.47,6.5,1389356
2023-08-16/00:00:00,6.5,6.68,6.45,6.45,2087332
2023-08-17/00:00:00,6.45,6.53,6.35,6.41,1177805
2023-08-20/00:00:00,6.41,6.59,6.42,6.47,636001
2023-08-21/00:00:00,6.47,6.62,6.45,6.48,922213
2023-08-22/00:00:00,6.48,6.58,6.43,6.45,598087
2023-08-23/00:00:00,6.45,6.55,6.28,6.3,1100772
2023-08-24/00:00:00,6.3,6.45,6.25,6.41,1301850
2023-08-27/00:00:00,6.41,6.49,6.31,6.38,814499
2023-08-28/00:00:00,6.38,6.45,6.11,6.2,4056488
2023-08-29/00:00:00,6.2,6.54,6.22,6.43,6371985
2023-08-30/00:00:00,6.43,6.49,6.28,6.34,1769446
2023-08-31/00:00:00,6.34,6.38,6.2,6.24,2384446
2023-09-03/00:00:00,6.24,6.33,6.18,6.19,1515278
2023-09-04/00:00:00,6.19,6.25,6.0,6.07,3952080
2023-09-05/00:00:00,6.07,6.16,6.04,6.07,5007708
2023-09-06/00:00:00,6.07,6.18,6.06,6.1,1677200
2023-09-07/00:00:00,6.1,6.15,6.05,6.13,1192694
2023-09-10/00:00:00,6.13,6.26,6.1,6.18,1914892
2023-09-11/00:00:00,6.18,6.25,6.14,6.17,2138811
2023-09-12/00:00:00,6.17,6.2,6.09,6.1,635747
2023-09-13/00:00:00,6.1,6.22,6.1,6.2,1376517
2023-09-14/00:00:00,6.2,6.38,6.2,6.29,6053851
2023-09-17/00:00:00,6.29,6.4,6.22,6.27,3616457
2023-09-18/00:00:00,6.27,6.31,6.25,6.25,949602
2023-09-19/00:00:00,6.25,6.29,6.09,6.1,1805775
2023-09-20/00:00:00,6.1,6.19,5.75,5.81,7083184
2023-09-21/00:00:00,5.81,6.1,5.76,5.9,7987977
2023-09-24/00:00:00,5.9,6.0,5.58,5.61,8198221
2023-09-25/00:00:00,5.61,5.77,5.61,5.67,4722213
2023-09-26/00:00:00,5.67,5.8,5.64,5.65,1765222
2023-09-27/00:00:00,5.65,5.7,5.46,5.54,2007413
2023-10-01/00:00:00,5.54,5.57,5.44,5.45,1138870
2023-10-02/00:00:00,5.45,5.73,5.38,5.55,4495800
2023-10-03/00:00:00,5.55,5.74,5.55,5.59,2347213
2023-10-04/00:00:00,5.59,5.65,5.53,5.58,1365607
2023-10-08/00:00:00,5.58,5.63,4.6,5.4,2281679
2023-10-09/00:00:00,5.4,5.45,5.23,5.33,1081798
2023-10-10/00:00:00,5.33,5.57,5.34,5.53,1335578
2023-10-11/00:00:00,5.53,5.62,5.42,5.48,991041
2023-10-12/00:00:00,5.48,5.55,5.36,5.37,4378003
2023-10-15/00:00:00,5.37,5.46,5.3,5.31,3147678
2023-10-16/00:00:00,5.31,5.51,5.33,5.47,2009592
2023-10-17/00:00:00,5.47,5.7,5.37,5.64,7395132
2023-10-18/00:00:00,5.64,5.75,5.56,5.56,4196696
2023-10-19/00:00:00,5.56,5.7,5.54,5.56,2973405
2023-10-22/00:00:00,5.56,5.65,5.49,5.63,2021320
2023-10-23/00:00:00,5.63,5.88,5.67,5.88,7347058
2023-10-24/00:00:00,5.88,6.06,5.72,5.83,10138610
2023-10-25/00:00:00,5.83,6.05,5.82,5.96,6351985
2023-10-26/00:00:00,5.96,6.09,5.89,5.98,4156727
2023-10-29/00:00:00,5.98,6.61,5.93,6.44,17261871
2023-10-30/00:00:00,6.44,6.55,6.19,6.23,6609753
2023-10-31/00:00:00,6.23,6.25,5.91,5.91,4177541
2023-11-01/00:00:00,5.91,6.08,5.8,5.9,4961782
2023-11-02/00:00:00,5.9,6.16,5.93,6.04,2732037
2023-11-05/00:00:00,6.04,6.27,6.08,6.14,2373857
2023-11-06/00:00:00,6.14,6.33,6.08,6.23,4933658
2023-11-07/00:00:00,6.23,6.43,6.23,6.29,7945993
2023-11-08/00:00:00,6.29,6.39,6.13,6.13,3834583
2023-11-09/00:00:00,6.13,6.4,6.1,6.26,8349212
2023-11-12/00:00:00,6.26,6.42,6.11,6.2,3522496
2023-11-13/00:00:00,6.2,6.3,6.13,6.14,3733687
2023-11-14/00:00:00,6.14,6.27,6.1,6.18,2558518
2023-11-15/00:00:00,6.18,6.53,6.2,6.42,17758269
2023-11-16/00:00:00,6.42,6.67,6.48,6.66,9108243
2023-11-19/00:00:00,6.66,6.7,6.53,6.55,5672071
2023-11-20/00:00:00,6.55,6.71,6.37,6.38,5379895
2023-11-21/00:00:00,6.38,6.72,6.35,6.66,9205744
2023-11-22/00:00:00,6.66,6.76,6.55,6.65,3979583
2023-11-23/00:00:00,6.65,6.79,6.62,6.69,6459346
2023-11-26/00:00:00,6.69,6.87,6.7,6.8,7089651
2023-11-27/00:00:00,6.8,7.74,6.79,7.45,28244535
2023-11-28/00:00:00,7.45,7.62,7.2,7.2,8007233
2023-11-29/00:00:00,7.2,7.92,7.17,7.78,14754377
2023-11-30/00:00:00,7.78,8.1,7.63,7.95,12774446
2023-12-03/00:00:00,7.95,8.88,8.07,8.53,13066896
2023-12-04/00:00:00,8.53,9.22,8.33,8.99,7235653
2023-12-05/00:00:00,8.99,9.04,8.42,8.65,5198663
2023-12-06/00:00:00,8.65,9.24,8.55,8.7,5735943
2023-12-07/00:00:00,8.7,8.7,8.2,8.58,3189887
2023-12-10/00:00:00,8.58,9.09,8.42,8.6,3506689
2023-12-11/00:00:00,8.6,8.89,8.4,8.69,2588354
2023-12-12/00:00:00,8.69,8.89,8.51,8.58,868214
2023-12-13/00:00:00,8.58,8.89,8.65,8.81,922105
2023-12-14/00:00:00,8.81,9.23,8.78,8.91,4223745
2023-12-17/00:00:00,8.91,9.4,8.97,9.24,4002343
2023-12-18/00:00:00,9.24,9.89,9.3,9.6,6807417
2023-12-19/00:00:00,9.6,9.77,9.17,9.28,2709705
2023-12-20/00:00:00,9.28,9.54,9.03,9.21,6068542
2023-12-21/00:00:00,9.21,9.44,8.7,8.77,5662221
2023-12-24/00:00:00,8.77,8.93,8.22,8.26,3454972
2023-12-25/00:00:00,8.26,8.55,8.05,8.23,3975468
2023-12-26/00:00:00,8.23,8.39,7.85,7.94,2790584
2023-12-27/00:00:00,7.94,8.4,7.88,8.23,3780038
2023-12-28/00:00:00,8.23,8.47,8.05,8.12,2608709
2023-12-31/00:00:00,8.12,8.24,7.9,7.9,2681480
2024-01-02/00:00:00,7.9,8.44,7.92,8.39,2221610
2024-01-03/00:00:00,8.39,9.03,8.45,8.79,7606690
2024-01-04/00:00:00,8.79,9.15,8.82,9.0,2801002
2024-01-08/00:00:00,9.0,9.09,8.9,8.99,1354362
2024-01-09/00:00:00,8.99,9.2,8.95,8.98,2617646
2024-01-10/00:00:00,8.98,9.15,8.94,8.95,701942
2024-01-11/00:00:00,8.95,9.19,8.9,9.03,1622504
2024-01-14/00:00:00,9.03,9.32,9.0,9.09,1455235
2024-01-15/00:00:00,9.09,9.45,9.1,9.1,5812748
2024-01-16/00:00:00,9.1,9.44,9.2,9.35,2648044
2024-01-17/00:00:00,9.35,9.63,9.3,9.43,2391572
2024-01-18/00:00:00,9.43,9.52,9.25,9.3,1095210
2024-01-21/00:00:00,9.3,9.65,9.33,9.65,1567666
2024-01-22/00:00:00,9.65,9.73,9.38,9.5,1432572
2024-01-23/00:00:00,9.5,9.53,9.01,9.02,3412434
2024-01-24/00:00:00,9.02,9.14,8.8,8.85,2228904
2024-01-28/00:00:00,8.85,9.0,8.57,8.58,6910478
2024-01-29/00:00:00,8.58,9.01,8.61,8.93,5519888
2024-01-30/00:00:00,8.93,9.0,8.68,8.77,4954882
2024-01-31/00:00:00,8.77,8.85,7.05,8.03,3250298
2024-02-01/00:00:00,8.03,8.29,7.3,8.18,3695292
2024-02-04/00:00:00,8.18,8.2,7.8,8.0,2287181
2024-02-05/00:00:00,8.0,8.71,8.03,8.46,3133667
2024-02-06/00:00:00,8.46,8.59,8.3,8.32,1208544
2024-02-07/00:00:00,8.32,8.46,7.6,7.8,11582356
2024-02-08/00:00:00,7.8,7.96,7.73,7.93,3399518
2024-02-11/00:00:00,7.93,8.04,7.66,7.75,4958877
2024-02-12/00:00:00,7.75,7.84,7.47,7.75,4030378
2024-02-13/00:00:00,7.75,8.53,7.65,8.3,13178597
2024-02-14/00:00:00,8.3,8.46,8.18,8.28,2795730
2024-02-15/00:00:00,8.28,8.45,8.19,8.29,3173864
2024-02-18/00:00:00,8.29,8.56,8.04,8.5,3160362
2024-02-19/00:00:00,8.5,9.08,8.51,8.96,8617695
2024-02-20/00:00:00,8.96,9.05,8.63,8.68,8225612
2024-02-21/00:00:00,8.68,8.74,8.48,8.6,3670744
2024-02-22/00:00:00,8.6,8.74,8.5,8.55,1458162
2024-02-25/00:00:00,8.55,8.99,7.91,8.8,8695197
2024-02-26/00:00:00,8.8,10.49,8.7,10.25,27078747
2024-02-27/00:00:00,10.25,11.99,10.21,10.35,17552148
2024-02-28/00:00:00,10.35,10.68,9.94,10.03,3062735
2024-02-29/00:00:00,10.03,10.5,9.52,9.89,1548197
2024-03-03/00:00:00,9.89,10.65,9.8,9.84,2288743
2024-03-04/00:00:00,9.84,11.55,9.91,11.51,4443375
2024-03-05/00:00:00,11.51,12.7,10.99,11.32,6812086
2024-03-06/00:00:00,11.32,12.47,10.03,11.4,7551063
2024-03-07/00:00:00,11.4,12.0,11.1,11.5,3891784
2024-03-10/00:00:00,11.5,12.0,11.1,11.12,3028640
2024-03-11/00:00:00,11.12,11.9,11.12,11.42,3145674
2024-03-12/00:00:00,11.42,12.45,11.1,11.2,5747337
2024-03-13/00:00:00,11.2,11.58,11.0,11.5,7891141
2024-03-14/00:00:00,11.5,13.35,11.3,12.65,10537263
2024-03-17/00:00:00,12.65,14.14,12.75,12.8,9409805
2024-03-18/00:00:00,12.8,13.0,11.9,12.0,9063903
2024-03-19/00:00:00,12.0,12.39,11.5,11.88,7205981
2024-03-20/00:00:00,11.88,12.5,11.81,12.1,11310194
2024-03-21/00:00:00,12.1,13.2,12.1,13.1,8114616
2024-03-24/00:00:00,13.1,14.24,12.85,13.0,5187914
2024-03-25/00:00:00,13.0,13.25,12.56,13.0,1731902
2024-03-26/00:00:00,13.0,13.1,12.35,12.88,3151405
2024-03-27/00:00:00,12.88,12.8,12.2,12.2,1396458
2024-03-28/00:00:00,12.2,12.66,11.83,12.32,4953039
2024-03-31/00:00:00,12.32,12.4,11.0,11.5,4396899
2024-04-01/00:00:00,11.5,12.25,11.41,12.07,2750613
2024-04-02/00:00:00,12.07,12.45,11.2,11.3,5247555
2024-04-03/00:00:00,11.3,11.33,10.83,11.1,3200374
2024-04-04/00:00:00,11.1,11.94,11.06,11.9,2203499
2024-04-07/00:00:00,11.9,12.09,11.6,11.63,635749
2024-04-08/00:00:00,11.63,11.91,11.51,11.6,126842
2024-04-15/00:00:00,11.6,12.2,11.65,12.05,711752
2024-04-16/00:00:00,12.05,12.2,11.7,11.75,529734
2024-04-17/00:00:00,11.75,12.0,11.68,11.7,560227
2024-04-18/00:00:00,11.7,11.85,10.6,10.97,1251470
2024-04-21/00:00:00,10.97,11.48,10.81,11.0,765513
2024-04-22/00:00:00,11.0,11.29,10.62,10.71,704533
2024-04-23/00:00:00,10.71,10.83,10.0,10.16,958822
2024-04-24/00:00:00,10.16,10.27,9.61,9.8,1266022
2024-04-28/00:00:00,9.8,10.27,9.1,9.3,733208
2024-04-29/00:00:00,9.3,10.31,9.11,10.31,847695
2024-04-30/00:00:00,10.31,10.5,9.5,10.03,1065824
2024-05-01/00:00:00,10.03,10.85,9.85,10.46,890823
2024-05-02/00:00:00,10.46,10.84,10.25,10.7,1279286
2024-05-07/00:00:00,10.7,10.8,10.37,10.62,1233779
2024-05-08/00:00:00,10.62,10.8,10.15,10.2,577820
2024-05-09/00:00:00,10.2,10.34,9.8,10.01,2489206
2024-05-12/00:00:00,10.01,10.19,9.91,10.0,458136
2024-05-13/00:00:00,10.0,9.99,9.6,9.78,769456
2024-05-14/00:00:00,9.78,10.01,9.6,9.95,1355014
2024-05-15/00:00:00,9.95,10.44,9.81,10.11,470482
2024-05-16/00:00:00,10.11,10.4,10.13,10.35,425062
2024-05-19/00:00:00,10.35,11.95,10.3,11.95,1618918
2024-05-20/00:00:00,11.95,12.41,11.6,12.02,1489499
2024-05-21/00:00:00,12.02,12.38,11.4,11.44,679001
2024-05-22/00:00:00,11.44,11.63,10.91,11.21,591421
2024-05-23/00:00:00,11.21,11.56,11.2,11.36,260834
2024-05-26/00:00:00,11.36,11.77,11.11,11.34,218622
2024-05-27/00:00:00,11.34,11.6,11.11,11.18,170030
2024-05-28/00:00:00,11.18,11.33,10.85,11.22,211215
2024-05-29/00:00:00,11.22,12.16,11.38,11.61,2192543
2024-05-30/00:00:00,11.61,11.64,11.13,11.27,274486
2024-06-02/00:00:00,11.27,11.49,10.56,10.85,577238
2024-06-03/00:00:00,10.85,11.3,10.85,11.18,290777
2024-06-04/00:00:00,11.18,11.33,11.15,11.25,195528
2024-06-05/00:00:00,11.25,11.34,10.86,11.06,298497
2024-06-06/00:00:00,11.06,11.18,10.9,10.93,194299
2024-06-09/00:00:00,10.93,10.91,10.09,10.1,480535
2024-06-10/00:00:00,10.1,10.8,9.91,10.49,513018
2024-06-11/00:00:00,10.49,11.47,10.52,11.41,1662632
2024-06-12/00:00:00,11.41,11.49,11.1,11.35,83428
2024-06-13/00:00:00,11.35,11.78,11.2,11.72,251811
2024-06-23/00:00:00,11.72,12.0,11.6,12.0,288554
2024-06-24/00:00:00,12.0,12.98,12.1,12.78,1728336
2024-06-25/00:00:00,12.78,15.33,12.7,14.8,3363842
2024-06-26/00:00:00,14.8,15.2,14.1,14.5,3549256
2024-06-27/00:00:00,14.5,14.7,14.12,14.21,932157
2024-07-01/00:00:00,14.21,15.84,14.3,15.62,4161045
2024-07-02/00:00:00,15.62,15.85,15.0,15.43,2391012
2024-07-03/00:00:00,15.43,16.2,14.82,14.91,4173309
2024-07-04/00:00:00,14.91,15.17,14.0,14.5,1758038
2024-07-07/00:00:00,14.5,14.85,14.14,14.3,1576371
2024-07-08/00:00:00,14.3,14.73,13.91,13.95,2147082
2024-07-09/00:00:00,13.95,15.03,13.55,14.66,6771364
2024-07-10/00:00:00,14.66,14.9,14.01,14.07,4063031
2024-07-14/00:00:00,14.07,14.18,13.45,13.5,2348991
2024-07-15/00:00:00,13.5,13.71,13.26,13.3,981700
2024-07-16/00:00:00,13.3,13.87,13.26,13.26,2098293
2024-07-17/00:00:00,13.26,14.05,13.37,14.01,2906431
2024-07-18/00:00:00,14.01,14.85,14.37,14.74,7395819
2024-07-21/00:00:00,14.74,14.89,14.36,14.53,4182540
2024-07-22/00:00:00,14.53,14.76,13.92,13.93,2599124
2024-07-23/00:00:00,13.93,14.48,13.86,14.05,4612647
2024-07-24/00:00:00,14.05,14.3,13.47,13.63,2885862
2024-07-28/00:00:00,13.63,14.2,13.65,13.75,2196669
2024-07-29/00:00:00,13.75,14.07,13.6,13.66,1156167
2024-07-30/00:00:00,13.66,13.9,13.58,13.7,2774686
2024-07-31/00:00:00,13.7,14.09,13.7,13.94,2764510
2024-08-01/00:00:00,13.94,14.25,13.81,13.94,4951669
2024-08-04/00:00:00,13.94,13.79,13.26,13.42,2000864
2024-08-05/00:00:00,13.42,13.3,11.6,13.05,2265722
2024-08-06/00:00:00,13.05,13.52,13.06,13.4,600579
2024-08-07/00:00:00,13.4,13.64,13.2,13.42,1984614
2024-08-08/00:00:00,13.42,14.06,13.1,13.61,6783338
2024-08-11/00:00:00,13.61,14.48,13.81,14.16,6599318
2024-08-12/00:00:00,14.16,14.44,13.85,13.95,2971927
2024-08-13/00:00:00,13.95,14.04,13.62,13.64,1471701
2024-08-14/00:00:00,13.64,13.94,13.46,13.62,1324958
2024-08-15/00:00:00,13.62,13.75,13.37,13.5,1342703
2024-08-18/00:00:00,13.5,13.8,13.51,13.51,1763495
2024-08-19/00:00:00,13.51,13.74,13.53,13.66,866063
2024-08-20/00:00:00,13.66,14.16,13.65,14.16,3092210
2024-08-21/00:00:00,14.16,14.8,14.05,14.69,11160021
2024-08-22/00:00:00,14.69,14.88,14.51,14.62,3650652
2024-08-25/00:00:00,14.62,14.79,14.2,14.2,1320791
2024-08-26/00:00:00,14.2,14.4,13.74,13.95,2251334
2024-08-27/00:00:00,13.95,14.69,13.81,14.68,3423255
2024-08-27/00:00:00,13.95,14.69,13.81,14.68,3423255
2024-08-28/00:00:00,14.68,15.3,14.6,14.99,6229562
2024-08-29/00:00:00,14.99,15.16,14.71,14.75,3653004
2024-09-01/00:00:00,14.75,15.09,14.72,14.75,1446370
2024-09-02/00:00:00,14.75,15.3,14.76,14.91,4107452
2024-09-03/00:00:00,14.91,15.24,14.91,15.07,1068146
2024-09-04/00:00:00,15.07,15.09,14.71,14.9,1236913
2024-09-05/00:00:00,14.9,15.0,14.41,14.62,1251941
2024-09-08/00:00:00,14.62,14.7,13.9,13.97,2333180
2024-09-09/00:00:00,13.97,14.47,13.98,14.2,1001735
2024-09-10/00:00:00,14.2,14.34,13.97,14.11,816278
2024-09-11/00:00:00,14.11,14.25,13.88,13.9,1417421
2024-09-12/00:00:00,13.9,14.15,13.88,13.9,889644
2024-09-16/00:00:00,13.9,14.1,13.81,13.81,219900
2024-09-17/00:00:00,13.81,13.99,13.43,13.43,300246
2024-09-18/00:00:00,13.43,13.8,13.45,13.7,185782
2024-09-19/00:00:00,13.7,14.48,14.0,14.47,2232017
2024-09-22/00:00:00,14.47,14.6,14.37,14.52,689169
2024-09-23/00:00:00,14.52,14.65,13.91,14.04,2238912
2024-09-24/00:00:00,14.04,14.48,14.05,14.3,2556490
2024-09-25/00:00:00,14.3,14.97,14.31,14.8,4920671
2024-09-26/00:00:00,14.8,15.1,14.72,14.72,2400884
2024-09-29/00:00:00,14.72,15.2,14.71,14.95,2774146
2024-09-30/00:00:00,14.95,15.1,14.7,14.75,1230850
2024-10-01/00:00:00,14.75,15.55,14.8,15.26,3877799
2024-10-02/00:00:00,15.26,15.27,14.44,14.56,1242072
2024-10-03/00:00:00,14.56,15.05,14.63,14.97,885334
2024-10-07/00:00:00,14.97,15.25,14.5,14.9,1348744
2024-10-08/00:00:00,14.9,14.95,14.0,14.06,1031899
2024-10-09/00:00:00,14.06,14.8,14.1,14.49,622869
2024-10-10/00:00:00,14.49,14.8,14.3,14.3,987321
2024-10-13/00:00:00,14.3,14.51,13.94,14.01,1029197
2024-10-14/00:00:00,14.01,14.5,13.45,14.09,4116520
2024-10-15/00:00:00,14.09,14.51,14.09,14.15,896534
2024-10-16/00:00:00,14.15,15.5,14.2,14.61,3962890
2024-10-17/00:00:00,14.61,14.87,14.55,14.58,915710
2024-10-20/00:00:00,14.58,14.69,14.16,14.18,495145
2024-10-21/00:00:00,14.18,14.6,13.85,14.5,1877749
2024-10-22/00:00:00,14.5,15.22,14.58,14.68,8645778
2024-10-23/00:00:00,14.68,15.58,14.7,15.29,19624846
2024-10-24/00:00:00,15.29,15.82,15.02,15.02,10619633
2024-10-27/00:00:00,15.02,15.3,14.9,15.04,5415110
2024-10-28/00:00:00,15.04,15.23,14.8,14.9,3702923
2024-10-29/00:00:00,14.9,15.05,14.35,14.45,3675672
2024-10-30/00:00:00,14.45,14.65,14.01,14.22,3905471
2024-10-31/00:00:00,14.22,14.5,14.23,14.35,3064950
2024-11-03/00:00:00,14.35,14.85,14.35,14.41,7052834
2024-11-04/00:00:00,14.41,14.59,14.21,14.28,3940980
2024-11-05/00:00:00,14.28,14.48,14.1,14.14,2291217
2024-11-06/00:00:00,14.14,14.9,14.25,14.65,7591715
2024-11-07/00:00:00,14.65,14.98,14.67,14.97,6034424
2024-11-10/00:00:00,14.97,15.04,14.74,14.75,1273195
2024-11-11/00:00:00,14.75,14.87,14.7,14.78,1237235
2024-11-12/00:00:00,14.78,14.84,14.55,14.62,1247005
2024-11-13/00:00:00,14.62,14.7,14.33,14.35,1711986
2024-11-14/00:00:00,14.35,14.48,14.3,14.37,1260246
2024-11-17/00:00:00,14.37,14.74,14.42,14.63,1561112
2024-11-18/00:00:00,14.63,14.8,14.29,14.29,1010109
2024-11-19/00:00:00,14.29,14.4,14.2,14.25,878247
2024-11-20/00:00:00,14.25,14.39,14.13,14.15,574042
2024-11-21/00:00:00,14.15,14.5,14.16,14.35,1170311
2024-11-24/00:00:00,14.35,14.49,14.16,14.31,420282
2024-11-25/00:00:00,14.31,14.3,14.1,14.16,804352
2024-11-26/00:00:00,14.16,14.32,14.14,14.17,765758
2024-11-27/00:00:00,14.17,14.4,14.0,14.2,1457731
2024-11-28/00:00:00,14.2,14.32,13.98,14.22,529002
2024-12-01/00:00:00,14.22,14.63,14.22,14.6,1180780
2024-12-02/00:00:00,14.6,14.75,14.45,14.5,3319145
2024-12-03/00:00:00,14.5,14.65,14.36,14.38,652638
2024-12-04/00:00:00,14.38,14.6,14.3,14.36,708027
2024-12-05/00:00:00,14.36,14.7,14.3,14.6,2326860
2024-12-08/00:00:00,14.6,15.1,14.65,14.9,5066301
2024-12-09/00:00:00,14.9,15.45,14.95,15.15,5212561
2024-12-10/00:00:00,15.15,15.18,14.93,15.01,1957006
2024-12-11/00:00:00,15.01,15.28,14.5,14.5,2043339
2024-12-12/00:00:00,14.5,15.19,14.53,15.14,3418680
2024-12-15/00:00:00,15.14,15.33,14.95,15.22,2226314
2024-12-16/00:00:00,15.22,15.95,15.16,15.89,7302282
2024-12-17/00:00:00,15.89,17.49,15.91,17.49,13667528
2024-12-18/00:00:00,17.49,17.48,16.51,16.66,5356319
2024-12-19/00:00:00,16.66,16.84,16.2,16.7,3010212
2024-12-22/00:00:00,16.7,16.94,16.3,16.32,1951788
2024-12-23/00:00:00,16.32,16.58,15.85,16.3,3674835
2024-12-24/00:00:00,16.3,16.65,16.02,16.34,1771980
2024-12-25/00:00:00,16.34,16.47,15.3,15.75,1080111
2024-12-26/00:00:00,15.75,16.15,15.56,16.0,2846913
2024-12-29/00:00:00,16.0,16.75,16.0,16.65,1643739
2024-12-30/00:00:00,16.65,17.19,16.36,16.92,1797163
2024-12-31/00:00:00,16.92,17.2,16.73,17.13,784599
2025-01-02/00:00:00,17.13,18.06,17.2,17.8,2623991
2025-01-05/00:00:00,17.8,18.05,17.6,17.69,1406201
2025-01-06/00:00:00,17.69,17.96,17.32,17.41,741217
2025-01-08/00:00:00,17.41,17.6,17.2,17.3,598576
2025-01-09/00:00:00,17.3,17.73,16.81,16.86,3182940
2025-01-12/00:00:00,16.86,17.05,16.65,17.05,923130
2025-01-13/00:00:00,17.05,17.45,16.45,16.5,3381421
2025-01-14/00:00:00,16.5,16.78,16.0,16.3,816422
2025-01-15/00:00:00,16.3,16.7,16.0,16.26,1268679
2025-01-16/00:00:00,16.26,16.59,16.12,16.49,830800
2025-01-19/00:00:00,16.49,16.9,16.58,16.71,377365
2025-01-20/00:00:00,16.71,16.95,16.5,16.51,629662
2025-01-21/00:00:00,16.51,16.79,16.5,16.52,526237
2025-01-22/00:00:00,16.52,16.8,16.32,16.41,686113
2025-01-23/00:00:00,16.41,16.5,16.36,16.41,471603
2025-01-26/00:00:00,16.41,16.8,16.41,16.79,571123
2025-01-27/00:00:00,16.79,17.1,16.35,16.35,1675571
2025-01-28/00:00:00,16.35,16.65,16.37,16.5,295483
2025-01-29/00:00:00,16.5,16.99,16.43,16.94,676624
2025-01-30/00:00:00,16.94,17.11,16.65,16.75,784603
2025-02-02/00:00:00,16.75,17.05,16.51,16.61,1846704
2025-02-03/00:00:00,16.61,16.79,16.51,16.52,418726
2025-02-04/00:00:00,16.52,16.74,16.02,16.26,851267
2025-02-05/00:00:00,16.26,16.45,16.06,16.15,423417
2025-02-06/00:00:00,16.15,16.33,16.13,16.25,211098
2025-02-09/00:00:00,16.25,16.45,16.1,16.2,3382123
2025-02-10/00:00:00,16.2,16.39,15.9,16.18,720451
2025-02-11/00:00:00,16.18,16.25,15.5,15.62,1005669
2025-02-12/00:00:00,15.62,16.18,14.89,16.16,1672113
2025-02-13/00:00:00,16.16,16.21,15.7,15.99,819112
2025-02-16/00:00:00,15.99,16.18,15.7,16.0,439558
2025-02-17/00:00:00,16.0,16.84,16.0,16.82,2605252
2025-02-18/00:00:00,16.82,16.82,16.34,16.6,713055
2025-02-19/00:00:00,16.6,17.0,16.46,16.7,885000
2025-02-20/00:00:00,16.7,17.0,16.7,16.71,688461
2025-02-23/00:00:00,16.71,17.4,16.53,17.37,1492055
2025-02-24/00:00:00,17.37,17.6,17.13,17.29,1125834
2025-02-25/00:00:00,17.29,17.4,17.02,17.2,777828
2025-02-26/00:00:00,17.2,17.34,16.86,16.88,715566
2025-02-27/00:00:00,16.88,17.3,16.8,16.95,594520
2025-03-02/00:00:00,16.95,17.3,16.98,17.19,907599
2025-03-03/00:00:00,17.19,17.57,17.17,17.51,532364
2025-03-04/00:00:00,17.51,17.79,17.16,17.25,575446
2025-03-05/00:00:00,17.25,17.47,16.8,17.0,388503
2025-03-06/00:00:00,17.0,17.2,17.0,17.11,189333
2025-03-09/00:00:00,17.11,17.35,17.0,17.03,376761
2025-03-10/00:00:00,17.03,17.1,16.88,17.01,341241
2025-03-11/00:00:00,17.01,17.09,16.8,17.0,473589
2025-03-12/00:00:00,17.0,19.19,17.0,18.5,3965569
2025-03-13/00:00:00,18.5,19.19,18.25,18.5,1214271
2025-03-16/00:00:00,18.5,18.95,18.41,18.47,63859
2025-03-17/00:00:00,18.47,18.8,18.1,18.4,239822
2025-03-18/00:00:00,18.4,18.65,17.75,18.36,1197048
2025-03-19/00:00:00,18.36,18.5,17.98,18.03,1130545
2025-03-20/00:00:00,18.03,19.5,17.98,19.5,1034864
2025-03-23/00:00:00,19.5,19.74,18.6,18.7,540002
2025-03-24/00:00:00,18.7,18.9,18.11,18.63,565098
2025-03-25/00:00:00,18.63,18.88,18.26,18.78,866895
2025-03-26/00:00:00,18.78,21.2,18.51,19.5,5773055
2025-03-27/00:00:00,19.5,20.39,19.5,20.25,2789408
2025-04-03/00:00:00,20.25,21.75,20.25,21.62,1288726
2025-04-06/00:00:00,21.62,22.4,19.8,20.9,2410817
2025-04-07/00:00:00,20.9,21.5,20.12,21.01,3601070
2025-04-08/00:00:00,21.01,21.75,21.02,21.16,1143586
2025-04-09/00:00:00,21.16,21.99,20.6,20.63,2565697
2025-04-10/00:00:00,20.63,21.98,21.21,21.5,1889274
2025-04-13/00:00:00,21.5,21.76,21.02,21.07,2023582
2025-04-14/00:00:00,21.07,23.25,21.15,22.87,3140754
2025-04-15/00:00:00,22.87,23.05,22.45,23.0,888876
2025-04-16/00:00:00,23.0,23.25,22.3,22.35,531702
2025-04-17/00:00:00,22.35,23.2,22.0,22.99,1209274
2025-04-22/00:00:00,22.99,23.75,22.62,22.69,2270048
2025-04-23/00:00:00,22.69,23.01,22.7,22.76,786885
2025-04-27/00:00:00,22.76,23.5,22.8,23.04,627633
2025-04-28/00:00:00,23.04,23.2,22.45,22.86,607013
2025-04-29/00:00:00,22.86,23.0,22.35,22.49,1121271
2025-04-30/00:00:00,22.49,22.67,22.3,22.36,243096
2025-05-04/00:00:00,22.36,22.7,22.3,22.65,222436
2025-05-05/00:00:00,22.65,22.94,22.09,22.26,283824
2025-05-06/00:00:00,22.26,22.6,21.91,21.96,406781
2025-05-07/00:00:00,21.96,22.0,21.58,21.6,1494350
2025-05-08/00:00:00,21.6,21.79,21.03,21.5,598865
2025-05-11/00:00:00,21.5,21.7,21.0,21.01,270184
2025-05-12/00:00:00,21.01,21.59,21.01,21.22,266607
2025-05-13/00:00:00,21.22,21.6,21.22,21.56,104701
2025-05-14/00:00:00,21.56,21.8,21.5,21.73,677083
2025-05-15/00:00:00,21.73,21.85,20.92,20.99,921719
2025-05-19/00:00:00,20.53,20.8,20.26,20.31,173401
2025-05-20/00:00:00,20.31,21.3,20.34,21.26,190977
2025-05-21/00:00:00,21.26,22.0,21.0,21.85,631318
2025-05-22/00:00:00,21.85,22.2,21.13,21.4,465585
2025-05-25/00:00:00,21.4,21.86,21.0,21.0,588819
2025-05-26/00:00:00,21.0,21.85,21.01,21.6,974078
2025-05-27/00:00:00,21.6,23.1,21.68,22.96,5014691
2025-05-28/00:00:00,22.96,23.19,22.4,22.5,1535073
2025-06-01/00:00:00,22.45,24.0,22.46,23.71,2639295
2025-06-02/00:00:00,23.71,24.09,22.81,23.02,1056609
2025-06-03/00:00:00,23.02,23.02,22.25,22.37,1387583
2025-06-04/00:00:00,22.37,24.0,22.5,24.0,546747
2025-06-10/00:00:00,24.0,23.95,23.0,23.54,299259
2025-06-11/00:00:00,23.54,24.49,23.2,24.49,307449
2025-06-12/00:00:00,24.49,24.09,23.12,24.09,636289
2025-06-15/00:00:00,24.09,23.14,21.6,21.82,1094927
2025-06-16/00:00:00,21.82,22.7,20.75,22.0,2947227
2025-06-17/00:00:00,22.0,21.86,21.0,21.86,798728
2025-06-18/00:00:00,21.86,21.93,20.83,21.88,733922
2025-06-19/00:00:00,21.88,21.99,21.02,21.8,666960
2025-06-22/00:00:00,21.8,22.89,20.83,22.64,1693349
2025-06-23/00:00:00,22.64,23.7,22.11,22.5,979693
2025-06-24/00:00:00,22.5,23.5,22.7,22.8,939788
2025-06-25/00:00:00,22.8,23.69,22.55,23.69,666168
2025-06-29/00:00:00,23.69,23.6,22.94,23.49,3329482
2025-06-30/00:00:00,23.49,23.5,22.9,22.9,1128511
2025-07-01/00:00:00,22.9,23.13,21.55,21.55,994984
2025-07-02/00:00:00,21.55,22.18,21.57,21.9,961921
2025-07-06/00:00:00,21.9,22.29,21.95,22.2,727342
2025-07-07/00:00:00,22.2,22.31,21.93,21.94,378052
2025-07-09/00:00:00,21.94,23.17,21.88,23.0,3395174
2025-07-10/00:00:00,23.0,23.97,23.0,23.56,2738088
2025-07-13/00:00:00,23.56,24.5,23.55,23.75,3278031
2025-07-14/00:00:00,23.75,23.98,23.11,23.5,797696
2025-07-15/00:00:00,23.5,24.25,23.3,24.0,1196378
2025-07-16/00:00:00,24.0,24.25,23.8,24.13,2599984
2025-07-17/00:00:00,24.13,25.0,24.0,24.81,2731336
2025-07-20/00:00:00,24.81,25.24,24.6,24.88,1074770
2025-07-21/00:00:00,24.88,25.0,24.0,24.01,1935806
2025-07-22/00:00:00,24.01,24.28,23.36,23.41,1705800
2025-07-23/00:00:00,23.41,23.88,23.27,23.43,1287738
2025-07-27/00:00:00,23.43,23.8,23.26,23.6,544949
2025-07-28/00:00:00,23.6,24.3,23.61,24.1,2301402
2025-07-29/00:00:00,24.1,25.17,23.83,24.5,1788569
2025-07-30/00:00:00,24.5,24.7,24.0,24.3,931439
2025-07-31/00:00:00,24.3,25.49,24.18,25.49,2297794
2025-08-03/00:00:00,25.49,25.7,25.11,25.23,559640
2025-08-04/00:00:00,25.23,25.49,24.88,25.09,340007
2025-08-05/00:00:00,25.09,25.3,24.77,24.8,920020
2025-08-06/00:00:00,24.8,25.0,24.2,24.21,1053255
2025-08-07/00:00:00,24.21,24.77,24.2,24.5,730073
2025-08-10/00:00:00,24.5,24.9,24.41,24.5,358175
2025-08-11/00:00:00,24.5,25.2,24.3,24.8,1679136
2025-08-12/00:00:00,24.8,25.0,24.51,24.9,1032228
2025-08-13/00:00:00,24.9,25.44,24.36,24.51,1265829
2025-08-13/00:00:00,24.9,25.44,24.36,24.51,1265829
2025-08-14/00:00:00,24.51,25.15,24.31,24.98,734213
2025-08-17/00:00:00,24.98,25.35,24.62,25.3,1352088
2025-08-18/00:00:00,25.3,26.97,25.4,26.51,3242203
2025-08-19/00:00:00,26.51,26.8,25.86,26.47,1201074
2025-08-20/00:00:00,26.47,26.5,25.15,25.79,1278348
2025-08-21/00:00:00,25.79,26.09,25.25,26.09,584343
2025-08-24/00:00:00,26.09,26.45,25.6,26.0,1121027
2025-08-25/00:00:00,26.0,26.0,25.5,25.8,246741
2025-08-26/00:00:00,25.8,25.9,25.2,25.59,946623
2025-08-27/00:00:00,25.59,25.5,24.8,25.17,1149371
2025-08-28/00:00:00,25.17,25.51,24.9,25.5,445915
2025-08-31/00:00:00,25.5,25.7,24.9,24.97,484037
2025-09-01/00:00:00,24.97,25.2,24.4,24.99,603116
2025-09-02/00:00:00,24.99,25.1,24.6,24.94,505420
2025-09-03/00:00:00,24.94,24.95,23.88,24.17,1093849
2025-09-07/00:00:00,24.17,24.48,23.25,23.6,764902
2025-09-08/00:00:00,23.6,24.05,23.26,23.26,460273
2025-09-09/00:00:00,23.26,23.5,23.25,23.5,390351
2025-09-10/00:00:00,23.5,23.68,23.33,23.46,362077
2025-09-11/00:00:00,23.46,24.0,23.41,23.78,736639
2025-09-14/00:00:00,23.78,23.87,23.5,23.6,939522
2025-09-15/00:00:00,23.6,23.77,19.1,22.27,1068330
2025-09-16/00:00:00,22.27,22.77,21.3,22.0,1007718
2025-09-17/00:00:00,22.0,22.1,21.6,22.0,1161891
2025-09-18/00:00:00,22.0,22.3,21.03,22.0,1617586
2025-09-21/00:00:00,22.0,22.13,21.3,21.6,893372
2025-09-22/00:00:00,21.6,21.86,21.42,21.83,329253
2025-09-23/00:00:00,21.83,21.83,21.3,21.45,1498299
2025-09-24/00:00:00,21.45,21.58,21.25,21.5,380047
2025-09-25/00:00:00,21.5,21.85,21.36,21.85,1061960
2025-09-28/00:00:00,21.85,22.17,21.61,22.15,570465
2025-09-29/00:00:00,22.15,22.7,21.85,22.7,892166
2025-09-30/00:00:00,22.7,22.73,22.38,22.4,1023252
2025-10-01/00:00:00,22.4,23.0,21.92,22.86,1302364
2025-10-02/00:00:00,22.86,23.0,22.5,22.5,237754
2025-10-05/00:00:00,22.5,23.46,22.51,23.0,916442
2025-10-06/00:00:00,23.0,23.2,22.7,22.7,502257
2025-10-07/00:00:00,22.7,22.9,22.52,22.61,450352
2025-10-08/00:00:00,22.61,22.79,22.51,22.79,840397
2025-10-12/00:00:00,22.79,23.46,22.7,23.46,577568
2025-10-13/00:00:00,23.46,23.5,22.92,22.95,1252554
2025-10-14/00:00:00,22.95,23.25,22.9,22.91,620446
2025-10-15/00:00:00,22.91,23.0,22.6,23.0,988460
2025-10-20/00:00:00,23.9,24.61,23.9,24.5,10247735
2025-10-21/00:00:00,24.5,24.6,24.1,24.47,1898132
2025-10-22/00:00:00,24.47,25.0,24.18,24.8,2201133
2025-10-26/00:00:00,25.17,25.5,24.96,25.34,1434780
2025-10-27/00:00:00,25.34,25.33,24.63,24.93,479422
2025-10-28/00:00:00,24.93,24.92,24.04,24.43,2041893
2025-10-29/00:00:00,24.43,24.62,24.24,24.51,2534830
2025-10-30/00:00:00,24.51,24.85,24.5,24.59,845109
2025-11-02/00:00:00,24.59,24.9,24.4,24.82,544542
2025-11-03/00:00:00,24.82,25.5,24.57,25.03,5365122
2025-11-04/00:00:00,25.03,25.71,25.03,25.69,865283
2025-11-05/00:00:00,25.69,25.95,24.5,25.91,1506986
2025-11-06/00:00:00,25.91,26.15,25.3,26.0,2602232
2025-11-09/00:00:00,26.0,28.0,26.07,27.47,4671045
2025-11-10/00:00:00,27.47,27.94,26.51,27.14,3621823
2025-11-11/00:00:00,27.14,27.9,26.8,27.31,2178683
2025-11-12/00:00:00,27.31,27.97,27.16,27.31,1328444
2025-11-13/00:00:00,27.31,28.05,27.33,27.75,1905664
2025-11-16/00:00:00,27.75,28.5,27.75,28.09,3220644
2025-11-17/00:00:00,28.09,28.48,27.43,27.82,789195
2025-11-18/00:00:00,27.82,27.98,26.5,26.69,1584601
2025-11-19/00:00:00,26.69,26.99,26.14,26.56,1388948
2025-11-20/00:00:00,26.56,27.25,26.25,26.5,891348
2025-11-23/00:00:00,26.5,27.39,26.4,26.83,758070
2025-11-24/00:00:00,26.83,26.99,26.46,26.85,974811
2025-11-26/00:00:00,26.6,26.85,25.8,26.19,1149687
2025-11-27/00:00:00,26.19,26.8,25.5,26.14,626662
2025-11-30/00:00:00,26.14,26.75,25.94,26.01,196056
2025-12-01/00:00:00,26.01,26.45,25.51,25.6,982094
2025-12-03/00:00:00,25.33,25.48,24.91,25.0,1458626
2025-12-07/00:00:00,26.26,26.26,25.53,25.99,1212920
2025-12-09/00:00:00,26.05,26.28,25.78,26.0,1114192
2025-12-10/00:00:00,26.0,26.2,25.79,25.89,386569
2025-12-11/00:00:00,25.89,26.4,25.8,26.3,1257660
2025-12-14/00:00:00,26.3,27.05,26.18,26.49,1858724
2025-12-15/00:00:00,26.49,27.66,26.4,27.64,3052551
2025-12-16/00:00:00,27.64,27.79,27.0,27.4,2643988
2025-12-17/00:00:00,27.4,27.49,26.8,26.95,183150
2025-12-18/00:00:00,26.95,27.1,26.0,26.99,344230
2025-12-21/00:00:00,26.99,27.0,26.25,26.92,851838
2025-12-22/00:00:00,26.92,27.3,26.5,26.51,866816
2025-12-23/00:00:00,26.51,27.0,26.1,27.0,894446
2025-12-24/00:00:00,27.0,27.55,26.7,26.8,2115854
2025-12-25/00:00:00,26.8,27.14,26.91,26.99,812049
2025-12-28/00:00:00,26.99,27.39,26.5,27.2,621031
2025-12-29/00:00:00,27.2,27.25,26.7,27.0,879365
2025-12-30/00:00:00,27.0,27.15,26.4,26.49,1217572
2025-12-31/00:00:00,26.49,27.0,26.32,27.0,2165111
2026-01-04/00:00:00,27.0,27.15,25.72,26.0,1435246
2026-01-04/00:00:00,27.0,27.15,25.72,26.0,1435246
2026-01-06/00:00:00,25.83,26.75,25.75,26.6,1243001
2026-01-08/00:00:00,26.6,26.8,26.1,26.2,920795
2026-01-11/00:00:00,26.2,26.55,25.9,26.07,995318
2026-01-12/00:00:00,26.07,27.88,26.11,27.11,4487516
2026-01-13/00:00:00,27.11,29.25,27.2,28.0,6558973
2026-01-14/00:00:00,28.0,28.25,26.83,27.32,1480427
2026-01-15/00:00:00,27.32,27.49,25.7,26.0,2316314
2026-01-18/00:00:00,26.0,26.95,26.1,26.89,623960
2026-01-19/00:00:00,26.89,28.2,26.66,28.0,3722998
2026-01-20/00:00:00,28.0,30.44,28.0,29.31,8197306
2026-01-21/00:00:00,29.31,30.25,28.6,28.91,4106463
2026-01-22/00:00:00,28.91,30.25,28.5,29.36,6286801
2026-01-25/00:00:00,29.36,30.18,29.5,30.0,2283754
2026-01-26/00:00:00,30.0,31.8,30.0,31.6,9393486
2026-01-27/00:00:00,31.6,31.9,30.89,31.4,1871728
2026-01-28/00:00:00,31.4,31.75,30.6,31.03,3058735
2026-02-01/00:00:00,31.03,31.38,30.12,30.4,1449848
2026-02-02/00:00:00,30.4,31.0,29.8,31.0,2055216
2026-02-03/00:00:00,31.0,33.4,31.0,31.79,4245961
2026-02-04/00:00:00,31.79,32.5,31.11,31.5,1321027
2026-02-05/00:00:00,31.5,31.9,30.1,30.76,2125602
2026-02-08/00:00:00,30.76,31.05,29.37,29.7,3107374
2026-02-09/00:00:00,29.7,31.2,29.8,31.14,6513097
2026-02-10/00:00:00,31.14,31.58,30.2,31.4,5572750
2026-02-11/00:00:00,31.4,31.45,30.52,30.6,1776054
2026-02-12/00:00:00,30.6,31.2,30.01,30.23,921184
2026-02-15/00:00:00,30.42,31.13,30.32,30.72,3306416
2026-02-16/00:00:00,30.72,31.3,30.2,30.5,1941959
2026-02-17/00:00:00,30.5,30.85,30.4,30.66,358539
2026-02-18/00:00:00,30.66,31.6,30.45,31.03,6026232
2026-02-19/00:00:00,31.03,31.61,30.2,30.57,2930146
2026-02-22/00:00:00,30.57,30.93,28.63,29.15,3610917
2026-02-23/00:00:00,29.15,30.3,29.2,30.2,2296633
2026-02-24/00:00:00,30.2,30.35,29.56,30.01,638275
2026-02-25/00:00:00,30.01,30.0,28.7,28.92,950630
2026-02-26/00:00:00,28.92,29.28,28.55,28.55,970288
2026-03-01/00:00:00,28.55,28.27,26.1,27.8,2593355
2026-03-02/00:00:00,27.8,28.2,27.52,28.17,876978
2026-03-03/00:00:00,28.17,28.17,27.25,27.82,1178114
2026-03-04/00:00:00,27.82,27.98,25.99,26.84,3620924
2026-03-05/00:00:00,26.84,27.85,26.85,27.0,3425889
2026-03-08/00:00:00,27.0,27.24,25.51,25.69,4069567
2026-03-09/00:00:00,25.69,25.83,23.95,24.64,11468145
2026-03-10/00:00:00,24.64,25.9,24.82,25.9,12562103
2026-03-11/00:00:00,25.9,26.46,25.61,25.99,2213935
2026-03-12/00:00:00,25.99,26.0,24.81,25.26,5046989
2026-03-15/00:00:00,25.26,25.38,24.55,24.6,2931443
2026-03-16/00:00:00,24.6,24.79,23.92,24.05,3027185
2026-03-17/00:00:00,24.05,24.5,24.01,24.42,5705160
2026-03-18/00:00:00,24.42,25.14,24.38,24.92,5375414
2026-03-24/00:00:00,24.92,25.87,24.65,24.81,3517021
2026-03-25/00:00:00,24.81,24.99,24.42,24.76,4411752
2026-03-26/00:00:00,24.76,24.84,24.56,24.8,1275772
2026-03-29/00:00:00,24.8,24.79,24.1,24.24,2073430
2026-03-30/00:00:00,24.24,24.87,24.03,24.45,3511857
2026-03-31/00:00:00,24.45,24.55,24.1,24.1,2005631
2026-04-01/00:00:00,24.1,25.09,24.15,25.0,4933426
2026-04-02/00:00:00,25.0,25.0,24.56,24.6,3411396
2026-04-05/00:00:00,24.6,24.84,24.3,24.55,1829848
2026-04-06/00:00:00,24.55,24.93,24.5,24.51,2315045
2026-04-07/00:00:00,24.51,24.68,24.31,24.33,1547158
2026-04-08/00:00:00,24.33,26.19,24.91,26.05,8436884
2026-04-09/00:00:00,26.05,26.05,25.52,25.65,4052769
2026-04-15/00:00:00,26.16,27.25,26.2,26.99,5398935
2026-04-16/00:00:00,26.99,28.73,26.75,27.7,6970284
2026-04-19/00:00:00,27.7,28.7,27.4,27.85,3486809
2026-04-20/00:00:00,27.85,27.8,27.01,27.22,1544091
2026-04-21/00:00:00,27.22,28.08,27.01,27.8,3406534
2026-04-22/00:00:00,27.8,27.99,27.02,27.25,3186020
2026-04-23/00:00:00,27.25,28.55,27.27,27.8,8231003
2026-04-26/00:00:00,27.8,28.1,26.85,27.1,3730005
2026-04-27/00:00:00,27.1,27.19,26.75,27.05,1887567
2026-04-28/00:00:00,27.05,27.2,26.4,26.42,2342639
2026-04-29/00:00:00,26.42,27.0,26.12,26.99,1824063
