2001-05-15/00:00:00,4.96,4.96,4.96,4.96,1406
2001-05-22/00:00:00,4.73,4.73,4.73,4.73,3312
2001-05-23/00:00:00,4.51,4.51,4.51,4.51,4226
2001-05-24/00:00:00,4.54,4.73,4.3,4.31,78977
2001-05-27/00:00:00,4.3,4.3,4.3,4.3,699
2001-05-29/00:00:00,4.5,4.5,4.33,4.41,36842
2001-05-30/00:00:00,4.47,4.47,4.47,4.47,220637
2001-05-31/00:00:00,4.47,4.54,4.47,4.53,84693
2001-06-03/00:00:00,4.54,4.61,4.31,4.59,49758
2001-06-05/00:00:00,4.54,4.54,4.47,4.53,48488
2001-06-06/00:00:00,4.4,4.4,4.4,4.4,699
2001-06-07/00:00:00,4.54,4.6,4.4,4.54,8471
2001-06-10/00:00:00,4.4,4.74,4.4,4.61,11075
2001-06-11/00:00:00,4.82,4.83,4.81,4.82,9881
2001-06-12/00:00:00,5.04,5.04,5.04,5.04,5852
2001-06-13/00:00:00,5.25,5.25,5.25,5.25,1199
2001-06-14/00:00:00,5.25,5.25,5.11,5.12,2816
2001-06-17/00:00:00,5.1,5.1,5.1,5.1,42336
2001-06-18/00:00:00,4.96,5.1,4.96,5.09,17646
2001-06-24/00:00:00,4.96,4.96,4.96,4.96,5646
2001-06-25/00:00:00,4.73,4.96,4.73,4.96,353
2001-06-27/00:00:00,4.73,4.73,4.73,4.73,699
2001-07-05/00:00:00,4.9,4.9,4.74,4.76,36347
2001-07-08/00:00:00,4.54,4.76,4.54,4.76,353
2001-07-09/00:00:00,4.55,4.55,4.54,4.54,54486
2001-07-10/00:00:00,4.68,4.68,4.41,4.64,16374
2001-07-11/00:00:00,4.83,4.83,4.54,4.55,170096
2001-07-12/00:00:00,4.68,4.68,4.68,4.68,1052
2001-07-15/00:00:00,4.47,4.47,4.47,4.47,839
2001-07-16/00:00:00,4.25,4.25,4.25,4.25,1406
2001-07-18/00:00:00,4.25,4.25,4.19,4.25,14469
2001-07-19/00:00:00,4.34,4.34,4.34,4.34,699
2001-07-22/00:00:00,4.34,4.36,4.14,4.33,7199
2001-07-24/00:00:00,4.45,4.47,4.45,4.47,7050
2001-07-25/00:00:00,4.44,4.54,4.44,4.53,16932
2001-07-29/00:00:00,4.5,4.51,4.5,4.5,2111
2001-07-30/00:00:00,4.54,4.54,4.54,4.54,1406
2001-08-02/00:00:00,4.33,4.33,4.33,4.33,1052
2001-08-05/00:00:00,4.15,4.15,4.14,4.15,3528
2001-08-06/00:00:00,4.33,4.33,4.33,4.33,1052
2001-08-07/00:00:00,4.53,4.53,4.53,4.53,1052
2001-08-08/00:00:00,4.51,4.51,4.31,4.33,11646
2001-08-09/00:00:00,4.47,4.47,4.47,4.47,1052
2001-08-12/00:00:00,4.25,4.47,4.25,4.47,353
2001-08-14/00:00:00,4.47,4.54,4.47,4.53,46572
2001-08-15/00:00:00,4.33,4.33,4.33,4.33,55050
2001-08-16/00:00:00,4.41,4.41,4.41,4.41,17646
2001-08-20/00:00:00,4.54,4.54,4.54,4.54,21881
2001-08-26/00:00:00,4.33,4.74,4.33,4.56,9315
2001-08-27/00:00:00,4.54,4.61,4.54,4.57,3528
2001-08-30/00:00:00,4.54,4.54,4.54,4.54,1158
2001-09-02/00:00:00,4.33,4.67,4.33,4.56,3423
2001-09-06/00:00:00,4.35,4.35,4.35,4.35,4226
2001-09-10/00:00:00,4.15,4.55,4.15,4.53,17646
2001-09-12/00:00:00,4.31,4.31,4.31,4.31,699
2001-09-13/00:00:00,4.47,4.51,4.47,4.49,1406
2001-09-16/00:00:00,4.29,4.29,4.29,4.29,1406
2001-09-17/00:00:00,4.19,4.19,4.19,4.19,1406
2001-09-18/00:00:00,4.25,4.25,4.25,4.25,7050
2001-09-19/00:00:00,4.25,4.25,4.25,4.25,353
2001-09-26/00:00:00,4.06,4.06,4.06,4.06,699
2001-09-30/00:00:00,3.97,4.23,3.97,4.2,8069
2001-10-01/00:00:00,4.2,4.2,4.2,4.2,211743
2001-10-07/00:00:00,4.0,4.2,4.0,4.2,168
2001-10-08/00:00:00,4.14,4.25,4.14,4.21,1406
2001-10-09/00:00:00,4.02,4.02,4.02,4.02,1229
2001-10-10/00:00:00,3.88,3.88,3.88,3.88,3876
2001-10-11/00:00:00,4.06,4.06,3.87,3.87,1757
2001-10-15/00:00:00,3.87,3.87,3.86,3.86,60690
2001-10-17/00:00:00,4.02,4.02,4.02,4.02,1368
2001-10-18/00:00:00,3.89,3.89,3.86,3.86,1052
2001-10-21/00:00:00,3.89,3.89,3.89,3.89,1199
2001-10-22/00:00:00,3.89,3.89,3.89,3.89,1052
2001-10-24/00:00:00,3.99,3.99,3.99,3.99,699
2001-10-25/00:00:00,3.87,3.87,3.87,3.87,1052
2001-10-28/00:00:00,4.01,4.01,3.87,3.87,635
2001-10-29/00:00:00,3.89,3.89,3.87,3.87,138162
2001-10-30/00:00:00,3.99,4.01,3.99,4.01,2675
2001-10-31/00:00:00,4.14,4.14,3.89,3.89,2471
2001-11-01/00:00:00,3.87,3.96,3.87,3.93,1052
2001-11-05/00:00:00,3.89,4.11,3.89,4.02,25691
2001-11-06/00:00:00,4.12,4.12,4.12,4.12,176448
2001-11-07/00:00:00,3.94,4.05,3.94,4.05,375039
2001-11-08/00:00:00,4.23,4.23,4.23,4.23,1052
2001-11-13/00:00:00,4.12,4.12,4.05,4.06,1757
2001-11-18/00:00:00,3.87,4.06,3.87,4.06,168
2001-11-19/00:00:00,3.87,3.87,3.87,3.87,1052
2001-11-20/00:00:00,4.02,4.02,4.02,4.02,1757
2001-11-21/00:00:00,4.19,4.19,3.52,4.11,13403
2001-11-25/00:00:00,3.57,3.57,3.57,3.57,14117
2001-11-26/00:00:00,3.71,3.71,3.71,3.71,7050
2001-11-27/00:00:00,3.71,3.71,3.69,3.69,40686
2001-11-28/00:00:00,3.77,3.77,3.67,3.67,28232
2001-11-29/00:00:00,4.19,4.19,4.19,4.19,3168
2001-12-02/00:00:00,3.57,3.57,3.57,3.57,35288
2001-12-03/00:00:00,3.63,3.71,3.63,3.71,3450
2001-12-04/00:00:00,3.57,3.7,3.57,3.7,37044
2001-12-05/00:00:00,3.66,3.71,3.66,3.71,22224
2001-12-06/00:00:00,3.65,3.7,3.65,3.7,21696
2001-12-09/00:00:00,3.65,3.65,3.63,3.63,20462
2001-12-10/00:00:00,3.73,3.73,3.66,3.66,17646
2001-12-12/00:00:00,3.67,3.67,3.6,3.6,27518
2001-12-13/00:00:00,3.57,4.19,3.57,4.19,25970
2001-12-19/00:00:00,4.17,4.17,4.05,4.05,7763
2001-12-20/00:00:00,3.89,3.91,3.89,3.91,1326
2001-12-23/00:00:00,3.97,3.99,3.89,3.97,83579
2001-12-24/00:00:00,4.05,4.16,4.05,4.15,48027
2001-12-25/00:00:00,4.35,4.35,4.21,4.25,3735
2001-12-26/00:00:00,4.39,4.39,4.12,4.23,10376
2001-12-27/00:00:00,4.12,4.41,4.12,4.33,171282
2001-12-30/00:00:00,4.45,4.45,4.25,4.41,1406
2001-12-31/00:00:00,4.61,4.61,4.2,4.45,18704
2002-01-02/00:00:00,4.25,4.25,4.25,4.25,8576
2002-01-03/00:00:00,4.06,4.06,4.05,4.05,11286
2002-01-06/00:00:00,4.11,4.19,4.11,4.15,23424
2002-01-07/00:00:00,4.05,4.29,3.95,4.13,14117
2002-01-08/00:00:00,4.25,4.25,4.21,4.25,35288
2002-01-09/00:00:00,4.29,4.29,4.25,4.27,37404
2002-01-10/00:00:00,4.33,4.33,4.25,4.31,35288
2002-01-14/00:00:00,4.25,4.25,4.21,4.25,37404
2002-01-15/00:00:00,4.12,4.25,4.12,4.25,8109
2002-01-16/00:00:00,4.35,4.35,4.25,4.29,32819
2002-01-17/00:00:00,4.5,4.5,4.25,4.41,23282
2002-01-20/00:00:00,4.39,4.54,4.25,4.47,36975
2002-01-21/00:00:00,4.57,4.57,4.27,4.47,53102
2002-01-22/00:00:00,4.47,4.47,4.25,4.47,36702
2002-01-23/00:00:00,4.38,4.38,4.25,4.32,15126
2002-01-24/00:00:00,4.4,4.48,4.19,4.29,38819
2002-01-27/00:00:00,4.39,4.39,4.12,4.39,21948
2002-01-28/00:00:00,4.39,4.39,4.19,4.39,14390
2002-01-29/00:00:00,4.19,4.19,4.19,4.19,1406
2002-01-31/00:00:00,4.33,4.33,4.33,4.33,14117
2002-02-03/00:00:00,4.4,4.4,4.13,4.39,14469
2002-02-06/00:00:00,4.2,4.29,4.2,4.27,49410
2002-02-07/00:00:00,4.43,4.43,4.39,4.41,175608
2002-02-10/00:00:00,4.54,4.54,4.54,4.54,35288
2002-02-11/00:00:00,4.51,4.51,4.33,4.43,38819
2002-02-12/00:00:00,4.39,4.51,4.39,4.44,35288
2002-02-13/00:00:00,4.54,4.61,4.33,4.5,60690
2002-02-14/00:00:00,4.33,4.39,4.33,4.33,35987
2002-02-17/00:00:00,4.53,4.53,4.39,4.47,35288
2002-02-18/00:00:00,4.51,4.51,4.25,4.43,57167
2002-02-20/00:00:00,4.51,4.51,4.27,4.37,29655
2002-02-26/00:00:00,4.47,4.47,4.47,4.47,17646
2002-02-27/00:00:00,4.4,4.4,4.4,4.4,699
2002-02-28/00:00:00,4.4,4.4,4.4,4.4,35288
2002-03-03/00:00:00,4.4,4.4,4.4,4.4,35288
2002-03-04/00:00:00,4.4,4.4,4.25,4.39,45558
2002-03-05/00:00:00,4.4,4.4,4.33,4.36,15599
2002-03-06/00:00:00,4.4,4.54,4.4,4.48,9522
2002-03-07/00:00:00,4.68,4.69,4.68,4.69,4721
2002-03-10/00:00:00,4.83,4.9,4.83,4.89,3423
2002-03-11/00:00:00,5.03,5.03,4.96,5.03,9096
2002-03-13/00:00:00,4.95,5.0,4.95,4.97,47991
2002-03-14/00:00:00,4.96,4.97,4.96,4.97,71
2002-03-17/00:00:00,4.96,5.0,4.93,4.99,10833
2002-03-18/00:00:00,4.97,4.97,4.97,4.97,7763
2002-03-19/00:00:00,4.89,4.97,4.89,4.94,1368
2002-03-21/00:00:00,4.96,4.96,4.96,4.96,3528
2002-03-24/00:00:00,4.96,4.96,4.93,4.94,7050
2002-03-25/00:00:00,4.95,4.96,4.83,4.89,19161
2002-03-26/00:00:00,4.81,4.81,4.71,4.78,2471
2002-03-27/00:00:00,4.57,4.68,4.56,4.57,42336
2002-03-31/00:00:00,4.59,4.59,4.57,4.57,360
2002-04-01/00:00:00,4.67,4.67,4.54,4.55,8259
2002-04-02/00:00:00,4.54,4.54,4.54,4.54,31865
2002-04-03/00:00:00,4.54,4.57,4.54,4.54,119981
2002-04-04/00:00:00,4.54,4.59,4.54,4.54,149283
2002-04-07/00:00:00,4.62,4.76,4.62,4.73,8604
2002-04-08/00:00:00,4.89,4.89,4.57,4.71,16295
2002-04-09/00:00:00,4.74,4.74,4.65,4.67,59993
2002-04-10/00:00:00,4.67,4.68,4.6,4.62,45522
2002-04-11/00:00:00,4.54,4.55,4.54,4.54,51875
2002-04-14/00:00:00,4.54,4.66,4.54,4.54,64260
2002-04-15/00:00:00,4.55,4.56,4.54,4.54,33525
2002-04-16/00:00:00,4.54,4.57,4.54,4.57,7629
2002-04-17/00:00:00,4.54,4.54,4.54,4.54,7559
2002-04-18/00:00:00,4.54,4.6,4.54,4.55,37371
2002-04-21/00:00:00,4.55,4.55,4.54,4.54,31125
2002-04-22/00:00:00,4.53,4.54,4.51,4.53,4932
2002-04-23/00:00:00,4.54,4.57,4.51,4.54,28655
2002-04-24/00:00:00,3.89,3.89,3.89,3.89,83231
2002-04-28/00:00:00,3.93,3.93,3.93,3.93,5286
2002-04-29/00:00:00,3.89,3.89,3.89,3.89,298298
2002-04-30/00:00:00,3.89,3.89,3.86,3.86,152381
2002-05-02/00:00:00,3.87,3.97,3.87,3.87,161337
2002-05-07/00:00:00,3.91,3.97,3.91,3.91,164228
2002-05-08/00:00:00,3.89,3.96,3.89,3.91,136673
2002-05-09/00:00:00,3.95,4.0,3.91,3.94,66144
2002-05-12/00:00:00,3.93,3.93,3.91,3.93,5009
2002-05-13/00:00:00,3.91,3.99,3.89,3.97,284883
2002-05-14/00:00:00,3.97,3.97,3.97,3.97,5646
2002-05-15/00:00:00,3.97,3.97,3.97,3.97,8471
2002-05-16/00:00:00,3.97,3.97,3.97,3.97,27836
2002-05-19/00:00:00,3.97,3.99,3.97,3.97,13644
2002-05-20/00:00:00,3.99,4.01,3.99,3.99,20124
2002-05-21/00:00:00,4.01,4.02,4.01,4.01,28796
2002-05-22/00:00:00,3.99,3.99,3.99,3.99,3134
2002-05-23/00:00:00,3.97,3.97,3.97,3.97,73775
2002-05-26/00:00:00,3.97,3.97,3.94,3.96,3876
2002-05-27/00:00:00,3.97,3.97,3.94,3.97,89595
2002-05-28/00:00:00,3.97,3.97,3.94,3.97,7340
2002-05-29/00:00:00,3.97,3.97,3.97,3.97,19023
2002-05-30/00:00:00,3.97,3.97,3.97,3.97,24837
2002-06-02/00:00:00,3.97,3.97,3.97,3.97,16295
2002-06-03/00:00:00,3.97,4.02,3.97,3.97,24978
2002-06-04/00:00:00,3.97,3.97,3.96,3.96,6069
2002-06-05/00:00:00,3.97,4.01,3.97,3.97,36893
2002-06-06/00:00:00,4.08,4.12,4.08,4.1,12342
2002-06-09/00:00:00,4.14,4.19,4.14,4.15,22647
2002-06-10/00:00:00,4.15,4.16,4.15,4.15,5709
2002-06-11/00:00:00,4.16,4.25,4.15,4.23,15978
2002-06-12/00:00:00,4.25,4.29,4.25,4.25,193748
2002-06-13/00:00:00,4.25,4.39,4.25,4.31,38819
2002-06-16/00:00:00,4.25,4.31,4.25,4.27,16932
2002-06-17/00:00:00,4.25,4.25,4.12,4.21,12873
2002-06-18/00:00:00,4.21,4.25,4.21,4.22,7050
2002-06-19/00:00:00,4.2,4.21,4.15,4.17,3909
2002-06-20/00:00:00,4.21,4.25,4.15,4.23,14820
2002-06-23/00:00:00,4.15,4.21,4.15,4.16,5814
2002-06-25/00:00:00,4.15,4.15,4.12,4.13,1052
2002-06-26/00:00:00,4.15,4.15,4.12,4.15,52056
2002-06-27/00:00:00,4.12,4.25,4.12,4.21,236166
2002-06-30/00:00:00,4.12,4.12,4.12,4.12,3528
2002-07-02/00:00:00,4.13,4.13,4.13,4.13,1406
2002-07-03/00:00:00,4.15,4.15,4.15,4.15,1757
2002-07-04/00:00:00,4.25,4.25,4.15,4.25,38459
2002-07-07/00:00:00,4.25,4.25,4.25,4.25,1406
2002-07-08/00:00:00,4.19,4.19,4.19,4.19,2111
2002-07-09/00:00:00,4.19,4.19,4.19,4.19,353
2002-07-11/00:00:00,4.25,4.29,4.25,4.25,86463
2002-07-14/00:00:00,4.2,4.2,4.19,4.2,3168
2002-07-15/00:00:00,4.36,4.38,4.36,4.36,7545
2002-07-16/00:00:00,4.19,4.47,4.19,4.35,18557
2002-07-17/00:00:00,4.47,4.47,4.45,4.47,148221
2002-07-18/00:00:00,4.54,4.67,4.54,4.65,67196
2002-07-21/00:00:00,4.62,4.62,4.54,4.6,8186
2002-07-22/00:00:00,4.54,4.54,4.54,4.54,8744
2002-07-24/00:00:00,4.44,4.47,4.44,4.47,145608
2002-07-25/00:00:00,4.56,4.62,4.56,4.57,3528
2002-07-29/00:00:00,4.54,4.57,4.54,4.57,572
2002-07-30/00:00:00,4.54,4.54,4.4,4.53,806
2002-08-01/00:00:00,4.54,4.68,4.54,4.61,24419
2002-08-04/00:00:00,4.47,4.47,4.47,4.47,791
2002-08-05/00:00:00,4.54,4.54,4.54,4.54,2471
2002-08-06/00:00:00,4.54,4.54,4.54,4.54,18986
2002-08-07/00:00:00,4.54,4.54,4.54,4.54,1757
2002-08-08/00:00:00,4.54,4.54,4.54,4.54,3555
2002-08-12/00:00:00,4.64,4.64,4.54,4.59,2190
2002-08-13/00:00:00,4.54,4.54,4.4,4.53,8400
2002-08-14/00:00:00,4.54,4.54,4.53,4.53,497
2002-08-15/00:00:00,4.54,4.54,4.54,4.54,2613
2002-08-18/00:00:00,4.54,4.54,4.54,4.54,839
2002-08-19/00:00:00,4.54,4.54,4.54,4.54,777
2002-08-21/00:00:00,4.54,4.54,4.54,4.54,1406
2002-08-22/00:00:00,4.75,4.75,4.67,4.74,38196
2002-08-25/00:00:00,4.97,4.97,4.97,4.97,12873
2002-08-26/00:00:00,5.21,5.21,5.0,5.17,53073
2002-08-27/00:00:00,5.11,5.21,5.03,5.15,28935
2002-08-28/00:00:00,5.11,5.25,5.11,5.19,22940
2002-08-29/00:00:00,5.25,5.45,5.25,5.4,42924
2002-09-01/00:00:00,5.6,5.6,5.6,5.6,5993
2002-09-02/00:00:00,5.6,5.6,5.53,5.55,13403
2002-09-03/00:00:00,5.74,5.81,5.74,5.8,53709
2002-09-04/00:00:00,6.03,6.07,6.03,6.03,472722
2002-09-05/00:00:00,5.81,5.95,5.74,5.83,21690
2002-09-09/00:00:00,5.81,5.81,5.81,5.81,30350
2002-09-10/00:00:00,5.79,5.81,5.67,5.8,7263
2002-09-11/00:00:00,5.81,6.07,5.81,5.96,266774
2002-09-12/00:00:00,6.16,6.25,6.1,6.16,15173
2002-09-15/00:00:00,6.11,6.16,6.11,6.16,353
2002-09-16/00:00:00,6.03,6.03,5.95,6.01,1052
2002-09-17/00:00:00,5.95,5.95,5.88,5.92,2003
2002-09-18/00:00:00,5.81,6.03,5.81,6.02,139179
2002-09-19/00:00:00,5.95,5.95,5.81,5.95,7263
2002-09-22/00:00:00,5.81,5.88,5.81,5.86,1052
2002-09-23/00:00:00,5.95,5.95,5.95,5.95,24702
2002-09-24/00:00:00,5.88,6.06,5.88,6.06,141161
2002-09-25/00:00:00,6.03,6.06,6.03,6.06,42762
2002-09-26/00:00:00,5.9,6.06,5.9,6.06,54338
2002-09-29/00:00:00,6.1,6.25,6.1,6.22,7050
2002-09-30/00:00:00,6.34,6.35,6.34,6.34,7340
2002-10-02/00:00:00,6.34,6.34,6.34,6.34,8298
2002-10-03/00:00:00,6.16,6.34,6.16,6.34,353
2002-10-07/00:00:00,6.31,6.34,6.31,6.31,138515
2002-10-08/00:00:00,6.31,6.31,6.31,6.31,96831
2002-10-09/00:00:00,6.31,6.38,6.31,6.37,2831
2002-10-10/00:00:00,6.38,6.38,6.38,6.38,3168
2002-10-13/00:00:00,6.38,6.38,6.33,6.38,97713
2002-10-14/00:00:00,6.38,6.39,6.38,6.38,2532
2002-10-15/00:00:00,6.45,6.52,6.45,6.45,63380
2002-10-16/00:00:00,6.67,6.77,6.49,6.54,55685
2002-10-17/00:00:00,6.67,6.81,6.67,6.71,699
2002-10-20/00:00:00,6.87,6.87,6.81,6.83,3887
2002-10-21/00:00:00,6.87,6.94,6.81,6.9,4545
2002-10-22/00:00:00,6.94,6.94,6.82,6.9,8288
2002-10-23/00:00:00,6.94,6.94,6.81,6.81,14298
2002-10-24/00:00:00,6.94,6.94,6.94,6.94,3528
2002-10-28/00:00:00,6.82,6.94,6.82,6.9,15872
2002-10-29/00:00:00,6.98,6.98,6.98,6.98,12702
2002-10-30/00:00:00,6.84,7.05,6.84,7.01,24348
2002-10-31/00:00:00,7.05,7.16,7.05,7.12,24528
2002-11-03/00:00:00,7.16,7.16,7.12,7.12,246
2002-11-04/00:00:00,7.09,7.09,7.09,7.09,18452
2002-11-06/00:00:00,7.09,7.09,7.09,7.09,1757
2002-11-07/00:00:00,7.09,7.13,7.09,7.13,4226
2002-11-10/00:00:00,7.09,7.09,7.09,7.09,5286
2002-11-11/00:00:00,7.09,7.09,7.09,7.09,13050
2002-11-12/00:00:00,7.13,7.13,7.13,7.13,21165
2002-11-13/00:00:00,7.09,7.09,7.09,7.09,3876
2002-11-14/00:00:00,7.09,7.09,7.09,7.09,8999
2002-11-17/00:00:00,7.09,7.09,7.09,7.09,114644
2002-11-19/00:00:00,7.09,7.09,7.09,7.09,1406
2002-11-21/00:00:00,7.13,7.37,7.09,7.29,4629
2002-11-24/00:00:00,7.09,7.29,7.09,7.29,458
2002-11-26/00:00:00,7.13,7.13,7.13,7.13,699
2002-11-27/00:00:00,7.16,7.37,7.16,7.34,5852
2002-11-28/00:00:00,7.69,7.69,7.69,7.69,911
2002-12-01/00:00:00,7.66,7.69,7.66,7.69,353
2002-12-04/00:00:00,8.01,8.06,8.01,8.05,1052
2002-12-10/00:00:00,7.66,8.05,7.66,8.03,13403
2002-12-11/00:00:00,7.65,7.94,7.65,7.9,7410
2002-12-12/00:00:00,8.01,8.08,7.8,8.03,13649
2002-12-15/00:00:00,7.87,7.87,7.87,7.87,734
2002-12-16/00:00:00,7.58,7.94,7.58,7.77,32466
2002-12-17/00:00:00,7.55,7.73,7.55,7.57,29960
2002-12-18/00:00:00,7.73,7.92,7.66,7.8,23853
2002-12-19/00:00:00,7.8,8.07,7.73,7.89,17151
2002-12-22/00:00:00,7.87,8.19,7.73,7.97,36621
2002-12-23/00:00:00,7.94,8.22,7.94,8.19,52926
2002-12-24/00:00:00,8.15,8.33,7.94,8.22,23282
2002-12-25/00:00:00,7.89,8.07,7.87,8.03,15872
2002-12-26/00:00:00,7.81,7.81,7.67,7.74,2816
2002-12-29/00:00:00,7.94,8.11,7.94,8.02,4121
2002-12-30/00:00:00,8.07,8.08,7.94,8.02,38819
2002-12-31/00:00:00,8.08,8.08,7.63,7.96,94931
2003-01-02/00:00:00,8.05,8.07,8.05,8.07,7050
2003-01-05/00:00:00,7.8,7.87,7.8,7.87,8439
2003-01-06/00:00:00,7.94,8.06,7.8,7.93,27872
2003-01-08/00:00:00,7.94,7.94,7.94,7.94,699
2003-01-09/00:00:00,7.73,7.94,7.73,7.91,8109
2003-01-12/00:00:00,7.73,7.91,7.73,7.91,353
2003-01-13/00:00:00,7.67,7.67,7.67,7.67,1475
2003-01-14/00:00:00,7.94,7.94,7.73,7.81,12342
2003-01-15/00:00:00,7.93,8.0,7.67,7.92,8109
2003-01-16/00:00:00,7.93,8.01,7.93,7.94,9168
2003-01-19/00:00:00,7.87,8.01,7.87,7.97,8604
2003-01-20/00:00:00,7.93,7.94,7.92,7.94,56858
2003-01-21/00:00:00,7.94,7.94,7.94,7.94,699
2003-01-22/00:00:00,8.01,8.01,7.94,7.99,6344
2003-01-23/00:00:00,8.01,8.07,8.01,8.05,7050
2003-01-26/00:00:00,7.94,8.05,7.94,8.05,353
2003-01-27/00:00:00,7.94,8.05,7.94,8.0,2082
2003-01-28/00:00:00,8.05,8.07,7.94,7.96,146102
2003-01-29/00:00:00,8.08,8.34,8.08,8.22,10035
2003-01-30/00:00:00,8.61,8.61,8.61,8.61,2003
2003-02-02/00:00:00,9.03,9.03,9.03,9.03,1898
2003-02-03/00:00:00,9.47,9.47,9.42,9.47,628322
2003-02-04/00:00:00,9.93,9.93,9.93,9.93,107529
2003-02-05/00:00:00,10.4,10.4,9.93,10.4,579518
2003-02-06/00:00:00,10.41,10.52,9.9,10.28,60239
2003-02-16/00:00:00,9.77,10.35,9.77,10.03,11532
2003-02-17/00:00:00,9.64,9.99,9.64,9.81,85869
2003-02-18/00:00:00,9.92,9.92,9.33,9.61,100092
2003-02-19/00:00:00,9.77,9.77,9.35,9.49,12513
2003-02-20/00:00:00,9.49,9.81,9.35,9.77,322134
2003-02-23/00:00:00,9.92,10.2,9.81,10.0,5009
2003-02-24/00:00:00,9.53,9.74,9.53,9.73,41055
2003-02-25/00:00:00,9.74,9.93,9.64,9.74,104117
2003-02-26/00:00:00,9.74,9.74,9.74,9.74,141161
2003-02-27/00:00:00,9.77,9.89,9.47,9.65,30491
2003-03-02/00:00:00,9.19,9.65,9.19,9.65,353
2003-03-03/00:00:00,9.64,10.07,9.53,9.91,38144
2003-03-05/00:00:00,9.71,9.71,9.49,9.71,113636
2003-03-06/00:00:00,9.77,10.16,9.71,9.96,36702
2003-03-09/00:00:00,9.58,9.58,9.51,9.53,1052
2003-03-10/00:00:00,9.49,9.5,9.49,9.49,33171
2003-03-11/00:00:00,9.77,9.96,9.77,9.8,140454
2003-03-12/00:00:00,9.93,10.21,9.93,10.1,24207
2003-03-13/00:00:00,10.2,10.28,10.07,10.25,18626
2003-03-16/00:00:00,9.77,10.38,9.74,10.26,40002
2003-03-18/00:00:00,10.2,10.28,9.84,10.19,15675
2003-03-19/00:00:00,9.71,10.2,9.7,10.03,178395
2003-03-20/00:00:00,10.2,10.21,9.81,10.2,35642
2003-03-24/00:00:00,9.29,10.2,9.29,10.2,353
2003-03-26/00:00:00,9.49,9.49,9.49,9.49,59277
2003-03-27/00:00:00,9.49,9.49,9.42,9.49,13403
2003-03-30/00:00:00,9.49,9.49,9.49,9.49,48347
2003-03-31/00:00:00,9.21,9.49,9.21,9.49,353
2003-04-01/00:00:00,9.23,9.96,9.23,9.89,35148
2003-04-02/00:00:00,9.44,9.99,9.44,9.87,8681
2003-04-03/00:00:00,9.55,10.17,9.55,9.97,8109
2003-04-07/00:00:00,9.93,10.21,9.93,10.2,57414
2003-04-08/00:00:00,10.35,10.35,10.35,10.35,37547
2003-04-09/00:00:00,10.41,10.83,10.28,10.57,14469
2003-04-10/00:00:00,10.49,10.83,10.49,10.64,3528
2003-04-13/00:00:00,10.91,10.92,10.91,10.91,8660
2003-04-14/00:00:00,10.91,11.19,10.91,10.94,66836
2003-04-15/00:00:00,11.05,11.19,11.05,11.06,137900
2003-04-16/00:00:00,11.25,11.25,11.06,11.24,26010
2003-04-17/00:00:00,10.77,11.33,10.77,11.24,11646
2003-04-21/00:00:00,10.91,11.27,10.91,11.22,21881
2003-04-23/00:00:00,11.05,11.19,11.05,11.06,253208
2003-04-24/00:00:00,11.49,11.6,11.19,11.45,8208
2003-04-29/00:00:00,11.19,11.62,11.19,11.6,14639
2003-04-30/00:00:00,11.41,11.61,11.28,11.55,28935
2003-05-04/00:00:00,11.35,11.62,11.35,11.57,8639
2003-05-05/00:00:00,11.19,11.57,11.19,11.51,15527
2003-05-06/00:00:00,11.35,11.35,11.35,11.35,1406
2003-05-07/00:00:00,11.49,11.59,11.27,11.55,179451
2003-05-08/00:00:00,11.55,11.89,11.55,11.73,30023
2003-05-11/00:00:00,11.62,11.62,11.62,11.62,2471
2003-05-12/00:00:00,11.49,12.12,11.49,12.03,65637
2003-05-14/00:00:00,11.84,12.55,11.84,12.39,29642
2003-05-15/00:00:00,12.47,12.65,12.47,12.6,79167
2003-05-18/00:00:00,12.61,12.75,12.61,12.62,16014
2003-05-19/00:00:00,13.04,13.23,12.75,13.13,23282
2003-05-20/00:00:00,13.11,13.46,12.83,13.3,92921
2003-05-21/00:00:00,13.32,13.61,13.04,13.35,29642
2003-05-22/00:00:00,13.33,13.58,12.9,13.55,25259
2003-05-25/00:00:00,12.94,13.46,12.91,13.29,17286
2003-05-26/00:00:00,13.46,13.53,13.46,13.52,17646
2003-05-27/00:00:00,13.32,13.58,13.18,13.49,21027
2003-05-28/00:00:00,13.18,13.58,12.9,13.51,19976
2003-05-29/00:00:00,13.23,13.53,13.23,13.48,37404
2003-06-01/00:00:00,12.97,12.97,12.97,12.97,699
2003-06-02/00:00:00,13.33,13.43,12.94,13.25,74466
2003-06-03/00:00:00,13.04,13.04,12.75,13.02,8639
2003-06-04/00:00:00,13.04,13.18,13.04,13.17,39587
2003-06-05/00:00:00,13.04,13.32,13.04,13.23,87162
2003-06-08/00:00:00,13.04,13.04,13.04,13.04,1326
2003-06-09/00:00:00,13.18,13.46,12.75,12.94,54767
2003-06-10/00:00:00,13.04,13.18,13.04,13.11,7050
2003-06-12/00:00:00,12.55,13.11,12.55,13.07,37539
2003-06-15/00:00:00,12.55,13.07,12.55,13.07,353
2003-06-16/00:00:00,12.68,13.07,12.68,13.07,29
2003-06-17/00:00:00,12.75,13.04,12.75,12.97,4721
2003-06-18/00:00:00,13.04,13.11,12.75,13.09,14321
2003-06-19/00:00:00,13.04,13.18,12.75,12.79,400263
2003-06-22/00:00:00,13.18,13.18,13.04,13.17,35960
2003-06-23/00:00:00,13.18,13.32,13.04,13.26,62108
2003-06-24/00:00:00,13.29,13.29,13.29,13.29,21165
2003-06-26/00:00:00,13.04,13.57,13.04,13.43,63512
2003-06-29/00:00:00,13.04,13.43,13.04,13.25,84693
2003-06-30/00:00:00,13.39,13.75,12.94,13.65,106790
2003-07-02/00:00:00,13.04,13.04,13.04,13.04,9261
2003-07-03/00:00:00,13.04,13.18,13.04,13.17,30350
2003-07-06/00:00:00,13.18,13.81,13.08,13.55,6344
2003-07-07/00:00:00,13.46,13.61,13.18,13.33,16586
2003-07-08/00:00:00,13.18,13.18,13.18,13.18,5646
2003-07-10/00:00:00,13.04,13.33,13.04,13.21,1173
2003-07-13/00:00:00,13.33,13.33,13.18,13.23,5498
2003-07-14/00:00:00,13.18,13.46,13.18,13.33,28796
2003-07-15/00:00:00,13.33,13.33,13.04,13.18,3876
2003-07-16/00:00:00,13.32,13.32,13.32,13.32,3528
2003-07-17/00:00:00,12.91,13.32,12.91,13.32,353
2003-07-20/00:00:00,13.04,13.04,12.83,13.01,839
2003-07-21/00:00:00,12.79,13.18,12.37,13.13,2783
2003-07-22/00:00:00,13.04,13.18,13.04,13.16,5646
2003-07-28/00:00:00,12.52,13.18,12.52,12.95,4721
2003-07-29/00:00:00,13.18,13.18,13.04,13.13,3035
2003-07-31/00:00:00,13.11,13.11,13.04,13.1,15527
2003-08-03/00:00:00,13.04,13.18,13.04,13.17,27872
2003-08-04/00:00:00,13.04,13.18,13.04,13.18,75144
2003-08-05/00:00:00,13.18,13.18,13.04,13.17,8744
2003-08-06/00:00:00,13.18,13.18,13.04,13.17,26112
2003-08-07/00:00:00,13.04,13.07,12.79,13.06,9315
2003-08-12/00:00:00,12.79,13.18,12.79,13.09,8186
2003-08-13/00:00:00,12.47,13.04,12.47,12.94,9698
2003-08-14/00:00:00,13.03,13.03,13.02,13.03,8471
2003-08-17/00:00:00,12.43,12.48,12.39,12.46,699
2003-08-18/00:00:00,12.96,12.96,12.83,12.95,11646
2003-08-25/00:00:00,12.82,13.04,12.81,12.9,8109
2003-08-26/00:00:00,12.88,13.53,12.88,13.49,10938
2003-08-27/00:00:00,13.04,13.18,13.04,13.13,9812
2003-08-28/00:00:00,13.04,13.17,13.04,13.1,24348
2003-08-31/00:00:00,13.18,13.18,13.04,13.15,9027
2003-09-01/00:00:00,13.11,13.11,13.11,13.11,6174
2003-09-02/00:00:00,13.11,13.18,13.11,13.18,65073
2003-09-03/00:00:00,13.11,13.11,13.04,13.07,3672
2003-09-04/00:00:00,13.11,13.18,13.04,13.13,68643
2003-09-07/00:00:00,13.04,13.04,13.04,13.04,1406
2003-09-08/00:00:00,13.18,13.33,13.17,13.18,547104
2003-09-09/00:00:00,13.04,13.19,12.9,13.18,497
2003-09-10/00:00:00,13.18,13.18,13.18,13.18,6183
2003-09-11/00:00:00,13.33,13.54,13.18,13.23,23643
2003-09-14/00:00:00,13.23,13.23,13.23,13.23,3528
2003-09-15/00:00:00,13.43,13.43,13.43,13.43,3528
2003-09-16/00:00:00,13.43,13.43,13.43,13.43,9456
2003-09-17/00:00:00,13.46,13.59,13.46,13.48,8471
2003-09-18/00:00:00,13.33,13.61,13.33,13.51,7071
2003-09-21/00:00:00,13.89,14.17,13.89,14.07,87728
2003-09-22/00:00:00,14.46,14.73,14.46,14.56,1898
2003-09-24/00:00:00,14.13,14.13,14.03,14.08,1406
2003-09-25/00:00:00,14.39,14.46,14.17,14.33,3845
2003-09-29/00:00:00,14.17,14.46,14.17,14.31,1406
2003-09-30/00:00:00,14.31,14.31,14.31,14.31,15527
2003-10-02/00:00:00,14.31,14.46,14.31,14.46,154215
2003-10-05/00:00:00,14.12,14.53,14.12,14.29,1757
2003-10-07/00:00:00,14.88,14.88,14.88,14.88,141296
2003-10-08/00:00:00,15.61,15.61,14.88,15.29,2886
2003-10-09/00:00:00,14.88,14.88,14.88,14.88,3636
2003-10-12/00:00:00,14.88,14.88,14.6,14.88,648
2003-10-13/00:00:00,14.75,14.75,14.75,14.75,7050
2003-10-14/00:00:00,14.73,14.75,14.73,14.75,23346
2003-10-15/00:00:00,14.75,14.75,14.75,14.75,1052
2003-10-16/00:00:00,15.01,15.45,15.01,15.45,362157
2003-10-19/00:00:00,15.45,15.88,15.45,15.8,353984
2003-10-21/00:00:00,15.03,15.03,15.03,15.03,1757
2003-10-22/00:00:00,14.88,14.88,14.88,14.88,699
2003-10-23/00:00:00,15.52,15.61,15.52,15.57,3464
2003-10-29/00:00:00,15.73,15.73,15.73,15.73,123533
2003-11-04/00:00:00,15.17,16.49,15.17,15.81,81657
2003-11-11/00:00:00,15.03,15.81,15.03,15.81,353
2003-11-13/00:00:00,15.81,15.88,15.81,15.87,37187
2003-11-18/00:00:00,15.8,16.3,15.8,16.04,25056
2003-11-20/00:00:00,15.88,16.01,15.88,15.88,19763
2003-11-24/00:00:00,15.88,15.95,15.88,15.88,130221
2003-11-30/00:00:00,16.44,16.44,16.17,16.27,2675
2003-12-02/00:00:00,16.15,16.58,16.15,16.37,2393
2003-12-03/00:00:00,16.37,16.37,16.37,16.37,72695
2003-12-04/00:00:00,16.09,16.37,16.08,16.29,5646
2003-12-07/00:00:00,16.44,16.44,15.88,16.33,4368
2003-12-10/00:00:00,16.01,16.35,15.88,16.28,4226
2003-12-11/00:00:00,16.37,17.0,16.37,16.87,3528
2003-12-14/00:00:00,16.44,16.44,16.44,16.44,3876
2003-12-15/00:00:00,16.44,16.44,16.44,16.44,947
2003-12-17/00:00:00,15.88,16.85,15.73,16.07,5145
2003-12-18/00:00:00,15.59,16.65,15.31,16.48,9456
2003-12-22/00:00:00,16.44,16.44,16.23,16.25,4226
2003-12-23/00:00:00,16.72,17.01,15.45,16.55,4932
2003-12-24/00:00:00,16.3,16.51,15.88,16.3,362792
2003-12-25/00:00:00,16.87,16.87,16.87,16.87,3528
2003-12-28/00:00:00,16.79,16.87,16.79,16.87,587
2003-12-29/00:00:00,16.65,16.76,16.04,16.69,24816
2003-12-30/00:00:00,16.44,16.44,16.44,16.44,362433
2003-12-31/00:00:00,2.85,2.88,2.83,2.84,27035
2004-01-04/00:00:00,16.87,16.87,16.86,16.86,2538
2004-01-05/00:00:00,16.86,16.86,16.86,16.86,33
2004-01-06/00:00:00,16.72,16.72,16.06,16.27,1538
2004-01-08/00:00:00,17.01,17.01,16.23,16.88,1070
2004-01-11/00:00:00,16.23,16.23,16.17,16.23,99873
2004-01-12/00:00:00,16.19,17.01,16.17,16.43,6186
2004-01-13/00:00:00,16.99,16.99,16.21,16.45,7890
2004-01-14/00:00:00,16.25,16.25,16.04,16.17,6914
2004-01-15/00:00:00,16.69,16.69,16.43,16.53,1602
2004-01-18/00:00:00,16.63,16.63,16.3,16.39,12354
2004-01-19/00:00:00,16.43,16.43,16.16,16.33,9525
2004-01-20/00:00:00,16.49,16.49,16.49,16.49,1764
2004-01-21/00:00:00,16.16,16.46,15.89,16.04,34565
2004-01-22/00:00:00,16.33,16.35,15.87,16.25,4053
2004-01-26/00:00:00,15.87,16.3,15.74,15.94,18131
2004-01-27/00:00:00,15.68,15.87,15.68,15.74,86637
2004-01-29/00:00:00,15.81,15.81,15.78,15.79,5642
2004-02-03/00:00:00,15.79,15.79,15.79,15.79,1113
2004-02-04/00:00:00,15.78,16.01,15.78,15.81,1055
2004-02-05/00:00:00,16.16,16.3,16.02,16.23,8166
2004-02-08/00:00:00,16.07,16.07,16.07,16.07,351
2004-02-09/00:00:00,16.35,16.36,16.04,16.19,18486
2004-02-10/00:00:00,16.02,16.02,15.8,15.81,1587
2004-02-11/00:00:00,15.87,15.87,15.74,15.87,21563
2004-02-12/00:00:00,16.12,16.29,16.12,16.21,4236
2004-02-16/00:00:00,15.74,15.74,15.59,15.72,37653
2004-02-17/00:00:00,15.59,15.66,15.45,15.59,3905
2004-02-18/00:00:00,15.45,16.02,14.89,15.54,4053
2004-02-19/00:00:00,15.87,15.96,15.87,15.96,7058
2004-02-23/00:00:00,15.59,15.59,15.32,15.41,1055
2004-02-24/00:00:00,15.31,15.59,15.31,15.41,31545
2004-02-25/00:00:00,15.94,16.01,15.59,15.6,72521
2004-02-26/00:00:00,15.94,15.94,15.94,15.94,1764
2004-03-02/00:00:00,15.87,16.13,15.45,15.5,61760
2004-03-03/00:00:00,16.12,16.12,16.06,16.11,4236
2004-03-04/00:00:00,15.59,15.86,15.33,15.44,20820
2004-03-07/00:00:00,15.45,15.45,15.31,15.37,1764
2004-03-08/00:00:00,15.59,15.59,15.45,15.45,37055
2004-03-09/00:00:00,15.57,15.59,15.31,15.51,29994
2004-03-10/00:00:00,15.66,15.87,15.35,15.7,2507
2004-03-11/00:00:00,15.59,16.16,15.59,15.87,461943
2004-03-15/00:00:00,15.87,15.87,15.87,15.87,7145
2004-03-16/00:00:00,15.87,15.87,15.87,15.87,7410
2004-03-17/00:00:00,16.16,16.16,16.02,16.12,1641
2004-03-18/00:00:00,15.87,15.87,15.87,15.87,860
2004-03-21/00:00:00,15.89,15.89,15.87,15.89,686
2004-03-22/00:00:00,15.59,15.87,15.59,15.65,2354
2004-03-24/00:00:00,16.16,16.4,16.16,16.23,15476
2004-03-25/00:00:00,16.86,17.01,16.86,17.01,13448
2004-03-28/00:00:00,17.82,17.83,17.82,17.83,11135
2004-03-29/00:00:00,18.57,18.69,17.95,18.68,80525
2004-03-30/00:00:00,19.52,19.56,18.68,19.21,4662
2004-03-31/00:00:00,18.73,18.73,18.29,18.31,25706
2004-04-01/00:00:00,18.71,18.99,18.31,18.84,8025
2004-04-04/00:00:00,18.43,18.43,18.42,18.42,843
2004-04-05/00:00:00,19.27,19.27,18.53,18.99,76509
2004-04-06/00:00:00,18.84,18.85,18.57,18.6,3719
2004-04-07/00:00:00,18.99,19.19,18.44,18.76,43211
2004-04-08/00:00:00,18.71,18.77,18.5,18.71,104441
2004-04-13/00:00:00,18.99,19.63,18.78,19.23,25089
2004-04-14/00:00:00,19.59,19.59,19.59,19.59,389
2004-04-15/00:00:00,19.85,20.41,19.85,20.25,701
2004-04-18/00:00:00,21.23,21.24,21.21,21.21,1641
2004-04-19/00:00:00,22.11,22.25,22.11,22.24,17195
2004-04-20/00:00:00,22.14,22.14,21.21,22.1,45753
2004-04-21/00:00:00,22.11,22.11,21.97,21.97,173400
2004-04-22/00:00:00,21.97,21.97,21.83,21.86,1568
2004-04-26/00:00:00,21.28,21.86,21.28,21.86,158
2004-04-27/00:00:00,21.25,21.83,21.11,21.81,72398
2004-04-28/00:00:00,20.98,20.98,20.75,20.76,13697
2004-04-29/00:00:00,19.75,19.91,19.75,19.75,31778
2004-05-03/00:00:00,20.13,20.71,20.13,20.71,23574
2004-05-04/00:00:00,21.11,21.25,21.11,21.12,66800
2004-05-05/00:00:00,21.11,21.12,21.11,21.12,176
2004-05-06/00:00:00,21.11,21.12,21.11,21.12,194
2004-05-09/00:00:00,20.13,20.13,20.13,20.13,4236
2004-05-10/00:00:00,20.13,20.67,19.85,19.9,5717
2004-05-11/00:00:00,19.99,20.41,19.98,20.22,82472
2004-05-12/00:00:00,20.69,20.69,20.47,20.69,13665
2004-05-13/00:00:00,20.69,20.83,20.55,20.69,148521
2004-05-16/00:00:00,20.21,20.21,20.21,20.21,246
2004-05-17/00:00:00,20.27,20.27,19.85,20.15,89882
2004-05-18/00:00:00,20.15,20.15,19.87,20.15,212279
2004-05-19/00:00:00,19.85,19.85,19.85,19.85,7308
2004-05-20/00:00:00,20.13,20.13,20.13,20.13,1764
2004-05-23/00:00:00,20.69,20.69,20.69,20.69,2961
2004-05-24/00:00:00,19.85,19.85,19.85,19.85,120341
2004-05-25/00:00:00,19.27,19.27,18.99,19.26,18524
2004-05-26/00:00:00,20.2,20.2,19.27,20.02,1937
2004-05-27/00:00:00,20.13,20.2,20.13,20.17,701
2004-05-30/00:00:00,19.2,20.17,19.2,20.17,146
2004-05-31/00:00:00,19.21,19.21,19.2,19.2,701
2004-06-01/00:00:00,19.2,19.2,19.2,19.2,879
2004-06-02/00:00:00,18.99,19.02,18.99,18.99,972
2004-06-03/00:00:00,18.78,18.78,18.71,18.71,20028
2004-06-06/00:00:00,18.5,18.71,18.5,18.71,213
2004-06-07/00:00:00,18.99,19.63,18.99,19.41,4616
2004-06-08/00:00:00,19.83,19.83,19.27,19.29,368
2004-06-10/00:00:00,19.3,19.56,19.3,19.56,180824
2004-06-13/00:00:00,19.49,19.56,19.49,19.56,104
2004-06-14/00:00:00,19.43,19.43,19.43,19.43,7308
2004-06-15/00:00:00,19.43,19.43,19.14,19.4,41051
2004-06-17/00:00:00,19.27,19.35,19.27,19.27,68783
2004-06-20/00:00:00,18.99,19.27,18.99,19.27,48876
2004-06-21/00:00:00,18.99,19.27,18.99,19.23,4445
2004-06-22/00:00:00,19.43,19.43,18.99,19.39,76580
2004-06-23/00:00:00,18.99,19.27,18.99,19.27,513837
2004-06-24/00:00:00,18.99,18.99,18.85,18.99,122813
2004-06-27/00:00:00,18.99,18.99,18.99,18.99,26465
2004-06-28/00:00:00,19.27,19.27,19.27,19.27,9525
2004-07-04/00:00:00,19.27,19.27,19.27,19.27,701
2004-07-05/00:00:00,19.27,19.27,19.27,19.27,44904
2004-07-06/00:00:00,19.21,19.21,18.99,19.21,49760
2004-07-07/00:00:00,19.21,19.27,18.99,19.19,23643
2004-07-08/00:00:00,19.29,19.29,19.29,19.29,351
2004-07-11/00:00:00,19.69,20.21,19.56,19.66,35372
2004-07-12/00:00:00,19.71,19.71,19.56,19.59,25652
2004-07-13/00:00:00,19.59,19.59,19.56,19.59,626
2004-07-14/00:00:00,19.56,19.56,19.56,19.56,35294
2004-07-15/00:00:00,19.56,19.85,19.56,19.56,10764
2004-07-18/00:00:00,19.56,20.41,19.56,19.76,43052
2004-07-20/00:00:00,19.91,20.41,19.91,20.08,45089
2004-07-21/00:00:00,20.27,20.27,20.27,20.27,1587
2004-07-25/00:00:00,20.36,20.41,20.36,20.37,455
2004-07-27/00:00:00,19.5,19.5,19.39,19.39,773
2004-07-29/00:00:00,18.97,18.97,18.95,18.95,876
2004-08-01/00:00:00,19.08,19.09,19.08,19.08,3612
2004-08-02/00:00:00,19.22,19.22,18.93,19.08,20288
2004-08-03/00:00:00,18.95,18.95,18.93,18.93,17111
2004-08-04/00:00:00,18.95,19.22,18.93,19.22,2468
2004-08-05/00:00:00,18.93,18.93,18.8,18.8,37931
2004-08-08/00:00:00,18.93,18.93,18.93,18.93,221
2004-08-09/00:00:00,18.93,18.93,18.93,18.93,2856
2004-08-10/00:00:00,18.93,19.22,18.93,19.22,70751
2004-08-12/00:00:00,18.81,18.81,18.81,18.81,41
2004-08-16/00:00:00,18.81,18.81,18.25,18.8,543
2004-08-18/00:00:00,18.65,18.65,18.65,18.65,35288
2004-08-19/00:00:00,18.37,18.37,18.37,18.37,351
2004-08-22/00:00:00,17.81,17.81,17.81,17.81,204
2004-08-23/00:00:00,18.37,18.37,18.37,18.37,15
2004-08-24/00:00:00,18.37,18.37,18.37,18.37,9900
2004-08-25/00:00:00,18.31,18.37,18.31,18.37,28935
2004-08-30/00:00:00,18.37,18.37,18.37,18.37,615
2004-09-01/00:00:00,18.65,18.65,18.23,18.23,5856
2004-09-02/00:00:00,18.08,18.57,18.08,18.57,1686
2004-09-05/00:00:00,18.08,18.08,18.08,18.08,437
2004-09-06/00:00:00,18.08,18.08,18.08,18.08,6894
2004-09-07/00:00:00,18.08,18.08,17.95,18.08,2690
2004-09-08/00:00:00,17.81,17.81,17.17,17.24,108302
2004-09-09/00:00:00,17.17,17.81,17.17,17.81,26289
2004-09-12/00:00:00,17.66,17.71,17.66,17.71,563
2004-09-13/00:00:00,17.53,17.66,17.53,17.63,25056
2004-09-14/00:00:00,17.66,17.66,17.53,17.53,92387
2004-09-16/00:00:00,17.69,17.73,17.64,17.64,6737
2004-09-20/00:00:00,17.66,17.66,17.57,17.57,71249
2004-09-21/00:00:00,17.66,17.66,17.1,17.1,25871
2004-09-22/00:00:00,17.1,17.1,16.67,16.95,71490
2004-09-23/00:00:00,17.3,17.3,17.24,17.3,63878
2004-09-27/00:00:00,16.95,17.66,16.95,17.66,188
2004-09-28/00:00:00,17.02,17.02,17.02,17.02,65
2004-09-29/00:00:00,17.53,17.81,17.53,17.81,27468
2004-09-30/00:00:00,17.57,18.43,17.57,18.43,2904
2004-10-03/00:00:00,18.29,18.29,18.29,18.29,1052
2004-10-04/00:00:00,17.83,17.83,17.83,17.83,173
2004-10-10/00:00:00,17.81,17.81,17.81,17.81,3524
2004-10-12/00:00:00,17.81,17.88,17.81,17.81,468
2004-10-13/00:00:00,17.59,17.59,17.13,17.13,293
2004-10-14/00:00:00,17.13,17.66,16.95,17.53,6557
2004-10-17/00:00:00,18.29,18.29,17.66,18.23,1052
2004-10-18/00:00:00,17.71,17.71,17.71,17.71,351
2004-10-19/00:00:00,18.08,18.08,17.66,17.66,701
2004-10-20/00:00:00,18.07,18.08,18.07,18.08,257
2004-10-24/00:00:00,18.65,18.65,18.08,18.37,9771
2004-10-25/00:00:00,19.05,19.05,18.93,19.05,48584
2004-10-26/00:00:00,19.05,20.01,19.05,19.79,71124
2004-10-27/00:00:00,19.93,19.94,19.79,19.79,80328
2004-10-28/00:00:00,19.43,19.79,19.22,19.75,26573
2004-10-31/00:00:00,19.5,19.5,19.22,19.22,19077
2004-11-01/00:00:00,19.5,19.5,19.2,19.2,18858
2004-11-02/00:00:00,19.22,19.22,18.93,18.93,44462
2004-11-03/00:00:00,19.19,19.22,18.93,18.97,162227
2004-11-04/00:00:00,19.03,19.03,19.0,19.0,19538
2004-11-07/00:00:00,19.03,19.03,18.84,19.0,62330
2004-11-08/00:00:00,19.03,19.03,18.88,19.0,90794
2004-11-09/00:00:00,18.93,18.99,18.65,18.65,8232
2004-11-10/00:00:00,18.84,18.84,18.09,18.09,16541
2004-11-11/00:00:00,17.82,18.65,17.82,18.27,5273
2004-11-16/00:00:00,18.46,19.17,18.46,18.84,144779
2004-11-17/00:00:00,18.99,19.93,18.84,19.93,375665
2004-11-18/00:00:00,20.31,20.45,20.31,20.45,200754
2004-11-21/00:00:00,21.47,21.47,21.47,21.47,30069
2004-11-22/00:00:00,22.54,22.54,21.47,21.48,509927
2004-11-23/00:00:00,21.49,21.83,21.15,21.15,233741
2004-11-24/00:00:00,21.5,21.68,20.83,21.48,99705
2004-11-25/00:00:00,21.28,21.68,21.11,21.13,81743
2004-11-28/00:00:00,21.27,22.52,21.27,22.52,253517
2004-11-29/00:00:00,23.43,23.43,21.89,22.24,280887
2004-11-30/00:00:00,22.26,22.26,21.77,21.77,66200
2004-12-01/00:00:00,22.19,22.19,21.39,21.48,40944
2004-12-02/00:00:00,21.87,22.24,21.3,21.41,158220
2004-12-06/00:00:00,21.87,21.87,21.47,21.49,52746
2004-12-07/00:00:00,21.83,21.87,21.11,21.11,95469
2004-12-08/00:00:00,21.47,21.47,20.54,20.55,28287
2004-12-09/00:00:00,20.73,20.91,20.18,20.27,62891
2004-12-12/00:00:00,20.73,20.92,20.73,20.73,21177
2004-12-13/00:00:00,20.73,21.77,20.73,21.48,206220
2004-12-14/00:00:00,22.12,22.26,21.87,22.23,88539
2004-12-15/00:00:00,22.23,22.35,22.05,22.05,68409
2004-12-16/00:00:00,22.05,22.05,21.49,21.55,29822
2004-12-19/00:00:00,21.57,21.87,21.48,21.68,28740
2004-12-20/00:00:00,21.84,21.87,21.48,21.68,29603
2004-12-21/00:00:00,21.87,22.09,21.41,21.68,53724
2004-12-22/00:00:00,21.86,21.86,21.39,21.39,18381
2004-12-23/00:00:00,21.67,21.67,21.22,21.22,32444
2004-12-26/00:00:00,21.21,21.49,21.21,21.21,42932
2004-12-27/00:00:00,13.5,13.5,12.86,13.14,23681
2004-12-28/00:00:00,21.11,21.11,20.92,20.95,27488
2004-12-29/00:00:00,20.92,21.48,20.85,21.39,22287
2004-12-30/00:00:00,21.13,21.13,20.8,20.8,33096
2005-01-02/00:00:00,21.53,21.72,21.09,21.37,22364
2005-01-03/00:00:00,21.53,21.53,21.07,21.27,59486
2005-01-04/00:00:00,21.53,22.33,21.53,22.28,172428
2005-01-05/00:00:00,21.67,21.91,21.63,21.83,32658
2005-01-06/00:00:00,21.89,22.01,21.89,21.93,68529
2005-01-09/00:00:00,21.58,21.73,21.53,21.57,25263
2005-01-10/00:00:00,21.73,22.56,21.73,22.05,271268
2005-01-11/00:00:00,22.67,23.15,22.29,23.03,367869
2005-01-12/00:00:00,23.15,23.43,22.67,22.99,144699
2005-01-13/00:00:00,22.77,23.24,22.67,22.93,103476
2005-01-16/00:00:00,23.28,24.08,23.28,23.99,529773
2005-01-17/00:00:00,24.07,25.19,24.07,25.16,368640
2005-01-18/00:00:00,25.16,26.07,25.03,25.27,806582
2005-01-24/00:00:00,27.84,27.84,26.28,27.32,118625
2005-01-25/00:00:00,26.51,26.51,25.95,26.2,90656
2005-01-26/00:00:00,26.07,27.51,25.88,26.59,73745
2005-01-27/00:00:00,27.57,27.87,26.93,27.38,88919
2005-01-30/00:00:00,27.57,27.57,26.47,26.95,66074
2005-01-31/00:00:00,26.47,27.38,25.89,26.72,126932
2005-02-01/00:00:00,27.21,27.77,27.21,27.31,159431
2005-02-02/00:00:00,27.21,27.92,27.21,27.53,77942
2005-02-03/00:00:00,27.21,28.9,27.21,28.64,192102
2005-02-06/00:00:00,28.71,29.29,28.71,28.9,50106
2005-02-07/00:00:00,28.9,29.29,27.96,28.66,130487
2005-02-08/00:00:00,27.21,28.15,27.04,27.45,5345
2005-02-09/00:00:00,27.24,27.39,26.65,27.01,36126
2005-02-13/00:00:00,26.83,28.29,26.83,27.64,28623
2005-02-14/00:00:00,27.67,27.68,27.49,27.61,99090
2005-02-15/00:00:00,27.77,28.34,27.63,27.97,83933
2005-02-16/00:00:00,28.34,28.41,28.15,28.24,220544
2005-02-17/00:00:00,28.25,28.72,28.25,28.5,125463
2005-02-21/00:00:00,28.34,28.62,28.33,28.38,80243
2005-02-22/00:00:00,27.58,28.64,27.58,28.39,46763
2005-02-23/00:00:00,28.71,29.09,28.7,28.92,65418
2005-02-24/00:00:00,28.9,29.47,28.89,29.07,179762
2005-02-27/00:00:00,29.85,32.14,29.85,31.2,56838
2005-02-28/00:00:00,32.11,32.87,30.23,31.61,19190
2005-03-01/00:00:00,31.93,32.12,31.93,32.11,24891
2005-03-02/00:00:00,32.11,32.49,32.11,32.22,27212
2005-03-03/00:00:00,32.49,35.14,32.25,33.46,83082
2005-03-06/00:00:00,34.39,35.67,34.23,35.02,89343
2005-03-07/00:00:00,35.89,37.03,35.15,35.92,293402
2005-03-08/00:00:00,35.14,37.01,35.14,35.98,108396
2005-03-09/00:00:00,35.89,38.91,35.89,38.04,139655
2005-03-10/00:00:00,38.56,42.31,38.54,41.45,227768
2005-03-13/00:00:00,41.58,44.77,41.58,44.27,364701
2005-03-14/00:00:00,45.31,45.31,42.7,43.25,113939
2005-03-15/00:00:00,43.83,43.83,43.09,43.43,33114
2005-03-16/00:00:00,43.27,44.21,37.79,43.49,497541
2005-03-17/00:00:00,37.79,41.15,35.89,38.45,185730
2005-03-20/00:00:00,41.57,42.13,39.67,41.44,134699
2005-03-21/00:00:00,40.43,41.53,38.35,39.85,118212
2005-03-22/00:00:00,37.88,37.88,34.11,36.11,130814
2005-03-23/00:00:00,37.79,39.67,37.03,37.65,199556
2005-03-24/00:00:00,37.41,37.41,36.29,37.03,96605
2005-03-27/00:00:00,37.03,38.53,35.14,35.43,54629
2005-03-28/00:00:00,35.23,35.23,32.11,33.05,77336
2005-03-29/00:00:00,32.17,32.53,30.63,31.9,35130
2005-03-30/00:00:00,30.63,30.98,29.09,29.58,40479
2005-03-31/00:00:00,31.92,34.01,31.92,33.04,49812
2005-04-03/00:00:00,37.39,37.39,33.65,34.17,12198
2005-04-04/00:00:00,34.05,34.76,34.01,34.17,78078
2005-04-05/00:00:00,34.05,35.33,34.05,34.91,55943
2005-04-06/00:00:00,35.14,35.89,34.59,35.08,29855
2005-04-07/00:00:00,35.13,35.52,33.25,34.84,66626
2005-04-10/00:00:00,32.12,34.39,32.12,33.9,71790
2005-04-11/00:00:00,34.35,34.35,32.87,33.18,12389
2005-04-12/00:00:00,32.87,32.87,32.11,32.43,35537
2005-04-13/00:00:00,32.49,32.49,32.11,32.14,3666
2005-04-14/00:00:00,32.87,32.87,32.13,32.74,7280
2005-04-17/00:00:00,32.11,32.69,32.11,32.34,34661
2005-04-18/00:00:00,32.31,32.49,32.18,32.41,5364
2005-04-19/00:00:00,32.5,32.87,31.74,32.42,32774
2005-04-20/00:00:00,31.74,32.11,31.73,31.8,18165
2005-04-26/00:00:00,32.11,32.13,32.08,32.11,20231
2005-04-27/00:00:00,32.11,32.68,32.11,32.26,25068
2005-04-28/00:00:00,32.59,32.59,32.26,32.26,134
2005-05-03/00:00:00,32.23,32.23,31.29,31.65,18534
2005-05-04/00:00:00,31.17,31.73,30.63,31.21,78051
2005-05-05/00:00:00,30.65,31.36,30.61,31.02,57386
2005-05-08/00:00:00,34.01,34.01,31.74,32.31,31658
2005-05-09/00:00:00,32.31,33.25,31.76,32.37,38151
2005-05-10/00:00:00,32.33,32.34,31.85,32.17,77762
2005-05-11/00:00:00,32.49,32.57,31.74,32.48,149133
2005-05-12/00:00:00,32.15,32.15,32.11,32.12,12098
2005-05-15/00:00:00,31.55,31.55,31.36,31.41,7176
2005-05-16/00:00:00,31.36,31.36,30.79,30.94,16052
2005-05-17/00:00:00,30.89,31.08,30.87,30.98,24128
2005-05-18/00:00:00,31.17,31.62,31.17,31.19,83079
2005-05-19/00:00:00,31.17,31.17,29.95,31.1,21990
2005-05-22/00:00:00,30.23,30.23,29.19,29.38,21120
2005-05-23/00:00:00,30.23,30.23,29.28,29.42,72396
2005-05-24/00:00:00,29.27,29.29,29.25,29.28,9305
2005-05-25/00:00:00,29.28,29.47,29.09,29.17,44739
2005-05-26/00:00:00,29.09,29.47,29.09,29.26,34865
2005-05-29/00:00:00,29.09,29.09,27.27,27.83,8204
2005-05-30/00:00:00,28.34,28.34,27.77,27.91,528
2005-05-31/00:00:00,28.71,28.71,27.96,28.12,9464
2005-06-01/00:00:00,27.96,27.96,27.96,27.96,35274
2005-06-02/00:00:00,27.39,27.58,27.39,27.55,3926
2005-06-05/00:00:00,27.21,27.39,27.21,27.28,5034
2005-06-06/00:00:00,27.01,27.21,27.01,27.13,5877
2005-06-07/00:00:00,26.7,27.21,26.7,27.15,52598
2005-06-08/00:00:00,27.2,27.21,27.01,27.1,4239
2005-06-09/00:00:00,27.39,27.39,27.2,27.23,29558
2005-06-12/00:00:00,27.58,28.34,27.58,27.95,43568
2005-06-13/00:00:00,27.43,28.71,27.22,28.05,26466
2005-06-14/00:00:00,30.19,30.19,29.17,29.47,21261
2005-06-15/00:00:00,29.85,30.23,29.47,29.97,43274
2005-06-16/00:00:00,30.94,31.76,30.94,31.5,22205
2005-06-19/00:00:00,31.74,33.81,31.74,32.81,52361
2005-06-20/00:00:00,32.59,37.41,32.59,35.11,109146
2005-06-21/00:00:00,35.89,36.35,34.01,35.77,80349
2005-06-22/00:00:00,34.03,34.39,34.01,34.01,300302
2005-06-23/00:00:00,34.01,34.77,34.01,34.51,21863
2005-06-26/00:00:00,34.39,34.76,34.01,34.46,100785
2005-06-27/00:00:00,34.01,34.11,33.46,34.02,9068
2005-06-28/00:00:00,33.63,33.63,32.11,32.89,47874
2005-06-29/00:00:00,32.13,33.25,32.11,33.09,48885
2005-06-30/00:00:00,32.11,32.49,31.74,32.1,6339
2005-07-03/00:00:00,32.31,34.23,32.31,33.3,2678
2005-07-04/00:00:00,32.31,32.49,32.13,32.27,17256
2005-07-05/00:00:00,32.59,32.59,32.27,32.41,67863
2005-07-06/00:00:00,32.49,32.53,31.94,32.2,51422
2005-07-07/00:00:00,34.01,34.01,31.55,32.1,205016
2005-07-10/00:00:00,33.06,33.06,31.55,31.77,32810
2005-07-11/00:00:00,32.49,32.87,31.93,32.15,34560
2005-07-12/00:00:00,32.21,32.49,31.97,32.13,77352
2005-07-13/00:00:00,32.11,32.11,31.76,31.91,73391
2005-07-14/00:00:00,31.99,32.31,31.95,32.1,68588
2005-07-17/00:00:00,32.11,32.11,31.93,32.03,67050
2005-07-18/00:00:00,31.93,32.1,31.36,31.65,115230
2005-07-19/00:00:00,31.41,32.07,31.36,31.69,27242
2005-07-20/00:00:00,32.02,32.45,32.02,32.29,92024
2005-07-21/00:00:00,34.01,34.01,32.11,32.76,47076
2005-07-24/00:00:00,30.44,31.49,28.97,30.6,77180
2005-07-25/00:00:00,30.65,31.07,30.02,30.58,135858
2005-07-26/00:00:00,30.27,30.27,28.15,29.13,76218
2005-07-27/00:00:00,29.49,30.19,29.13,29.6,67679
2005-07-28/00:00:00,29.81,30.39,29.81,29.91,87807
2005-07-31/00:00:00,30.23,30.23,29.87,29.99,20576
2005-08-01/00:00:00,30.02,30.02,29.85,29.93,5928
2005-08-02/00:00:00,30.02,30.22,29.91,30.03,43440
2005-08-03/00:00:00,30.23,30.86,30.23,30.58,22856
2005-08-04/00:00:00,30.65,30.97,29.43,30.07,58644
2005-08-07/00:00:00,29.81,30.23,29.6,29.84,7325
2005-08-08/00:00:00,29.91,30.21,29.81,29.88,35316
2005-08-09/00:00:00,30.02,30.1,29.81,29.92,6716
2005-08-10/00:00:00,29.81,30.02,29.81,29.84,63147
2005-08-11/00:00:00,29.91,30.18,29.83,29.89,13770
2005-08-14/00:00:00,30.14,30.14,29.6,29.91,30128
2005-08-15/00:00:00,29.39,29.77,28.15,29.37,74657
2005-08-16/00:00:00,29.39,29.39,28.47,29.01,66939
2005-08-17/00:00:00,28.97,28.97,28.05,28.51,152354
2005-08-18/00:00:00,28.15,28.33,28.05,28.14,15503
2005-08-21/00:00:00,28.88,28.97,27.93,28.3,3044
2005-08-22/00:00:00,27.81,27.81,27.29,27.41,7830
2005-08-23/00:00:00,27.69,28.32,27.69,28.09,29921
2005-08-24/00:00:00,28.13,28.13,27.92,27.97,24551
2005-08-25/00:00:00,28.13,28.13,27.71,27.85,25284
2005-08-28/00:00:00,27.81,28.13,27.77,28.0,74054
2005-08-29/00:00:00,28.05,28.13,27.71,27.94,22893
2005-08-30/00:00:00,27.92,29.13,27.29,27.33,983678
2005-08-31/00:00:00,27.43,28.06,27.41,27.74,4737
2005-09-01/00:00:00,27.75,29.39,27.71,28.42,49532
2005-09-04/00:00:00,29.37,29.59,28.76,29.05,60332
2005-09-05/00:00:00,29.34,29.8,29.34,29.53,61806
2005-09-06/00:00:00,29.39,30.0,29.39,29.59,27863
2005-09-07/00:00:00,30.0,32.01,30.0,31.6,132944
2005-09-08/00:00:00,32.11,32.71,32.11,32.39,64304
2005-09-11/00:00:00,33.17,33.36,31.71,32.67,50369
2005-09-12/00:00:00,31.24,31.49,30.86,31.05,43892
2005-09-13/00:00:00,30.81,31.49,29.39,31.03,101490
2005-09-14/00:00:00,31.65,31.65,31.07,31.3,22103
2005-09-15/00:00:00,31.69,31.91,31.07,31.59,45632
2005-09-18/00:00:00,31.49,31.49,30.65,31.15,26397
2005-09-19/00:00:00,30.44,30.86,29.89,30.45,26360
2005-09-20/00:00:00,30.63,30.63,29.39,29.59,190733
2005-09-21/00:00:00,30.21,31.02,30.19,30.66,29835
2005-09-22/00:00:00,31.07,31.69,30.92,31.21,46647
2005-09-25/00:00:00,31.69,32.75,31.49,32.41,123333
2005-09-26/00:00:00,33.17,33.17,31.76,32.03,386894
2005-09-27/00:00:00,32.11,32.33,31.63,31.97,248318
2005-09-28/00:00:00,31.69,31.91,31.27,31.49,141095
2005-09-29/00:00:00,31.87,31.91,31.49,31.52,207386
2005-10-02/00:00:00,32.75,32.76,31.07,31.84,172979
2005-10-03/00:00:00,31.49,31.87,30.02,30.46,185025
2005-10-04/00:00:00,30.27,30.33,30.11,30.23,50414
2005-10-05/00:00:00,31.49,31.49,30.44,30.79,85922
2005-10-09/00:00:00,31.07,31.4,30.77,31.01,76845
2005-10-10/00:00:00,31.03,31.07,30.65,30.85,60719
2005-10-11/00:00:00,31.07,31.07,30.02,30.38,208566
2005-10-12/00:00:00,30.23,31.07,30.16,30.44,477995
2005-10-13/00:00:00,31.27,32.11,31.07,31.65,222795
2005-10-16/00:00:00,31.91,35.47,31.91,33.51,504659
2005-10-17/00:00:00,35.69,37.83,34.63,36.34,427706
2005-10-18/00:00:00,35.31,36.11,33.79,35.16,368333
2005-10-19/00:00:00,35.23,35.23,33.37,34.04,178158
2005-10-20/00:00:00,34.03,35.27,34.01,34.48,141614
2005-10-23/00:00:00,35.24,37.15,35.24,36.54,363518
2005-10-24/00:00:00,36.95,36.95,35.89,36.38,412007
2005-10-25/00:00:00,35.69,36.11,34.85,35.37,95903
2005-10-26/00:00:00,35.47,36.89,35.05,35.7,95270
2005-10-27/00:00:00,35.27,35.68,34.43,34.8,56228
2005-10-30/00:00:00,34.23,36.02,34.23,35.26,55095
2005-10-31/00:00:00,36.11,36.95,36.11,36.66,138321
2005-11-01/00:00:00,36.95,39.99,36.95,38.52,471827
2005-11-06/00:00:00,39.05,41.99,37.39,38.79,403160
2005-11-07/00:00:00,37.79,39.84,37.37,38.33,355925
2005-11-08/00:00:00,39.47,44.08,39.05,42.21,1074009
2005-11-09/00:00:00,44.92,46.14,43.3,44.65,669299
2005-11-10/00:00:00,44.06,44.09,41.57,42.39,659000
2005-11-13/00:00:00,42.83,44.92,41.77,43.12,469269
2005-11-14/00:00:00,42.61,42.61,39.25,40.87,547083
2005-11-15/00:00:00,39.93,41.56,39.47,40.34,365121
2005-11-16/00:00:00,39.89,40.31,38.09,38.74,547970
2005-11-17/00:00:00,38.21,39.08,37.37,38.28,282281
2005-11-20/00:00:00,38.65,39.39,38.08,38.85,124203
2005-11-21/00:00:00,38.63,38.85,37.91,38.34,253313
2005-11-22/00:00:00,38.21,38.63,36.73,37.44,276834
2005-11-23/00:00:00,36.11,36.4,34.43,35.33,307889
2005-11-24/00:00:00,35.69,36.73,34.88,35.91,186651
2005-11-27/00:00:00,36.11,36.82,35.31,35.99,97355
2005-11-28/00:00:00,36.31,36.5,35.37,35.95,111807
2005-11-29/00:00:00,35.83,36.95,35.49,35.99,234078
2005-11-30/00:00:00,36.53,37.15,36.11,36.6,181076
2005-12-01/00:00:00,36.95,39.05,36.95,38.05,228689
2005-12-04/00:00:00,39.39,41.97,39.39,40.59,307092
2005-12-05/00:00:00,41.57,42.8,40.1,41.89,608426
2005-12-06/00:00:00,41.98,42.83,40.39,41.67,340676
2005-12-07/00:00:00,43.25,44.5,42.83,44.03,412772
2005-12-08/00:00:00,44.92,46.07,41.99,44.36,473322
2005-12-11/00:00:00,44.08,45.29,42.83,43.51,214859
2005-12-12/00:00:00,42.83,43.87,41.35,42.18,239328
2005-12-13/00:00:00,41.94,43.03,36.11,42.05,190722
2005-12-18/00:00:00,42.51,44.07,39.89,39.95,16277316
2005-12-19/00:00:00,43.66,43.66,41.57,42.65,493191
2005-12-20/00:00:00,41.77,42.37,40.73,41.4,211532
2005-12-21/00:00:00,42.19,42.19,39.05,40.48,635712
2005-12-22/00:00:00,40.3,40.31,38.63,39.31,475934
2005-12-25/00:00:00,39.67,40.51,39.67,39.96,202511
2005-12-26/00:00:00,40.31,40.31,39.05,39.27,1960929
2005-12-27/00:00:00,40.26,40.31,38.83,39.37,406053
2005-12-28/00:00:00,39.78,40.31,39.48,40.1,329538
2005-12-29/00:00:00,40.73,40.73,39.05,39.64,829749
2006-01-02/00:00:00,41.5,41.96,39.5,40.12,1039761
2006-01-03/00:00:00,40.71,43.2,40.71,42.0,1980744
2006-01-04/00:00:00,41.99,42.57,40.34,41.05,696231
2006-01-05/00:00:00,41.67,41.99,40.1,40.75,721853
2006-01-08/00:00:00,40.89,41.13,40.18,40.59,952005
2006-01-12/00:00:00,41.52,42.83,40.33,41.47,895812
2006-01-15/00:00:00,40.31,41.57,39.89,40.71,706725
2006-01-16/00:00:00,40.93,42.19,40.31,41.02,1401338
2006-01-17/00:00:00,41.55,41.6,40.39,41.04,1029483
2006-01-18/00:00:00,41.15,41.15,40.09,40.53,1106625
2006-01-19/00:00:00,40.73,41.11,39.59,40.5,1313123
2006-01-22/00:00:00,41.51,49.96,41.51,44.9,5765583
2006-01-23/00:00:00,49.75,49.96,43.25,45.61,2446182
2006-01-24/00:00:00,42.41,45.34,42.41,43.77,1547075
2006-01-25/00:00:00,44.08,45.34,42.85,43.8,1524575
2006-01-26/00:00:00,44.71,48.24,44.57,46.37,2327049
2006-01-29/00:00:00,47.86,49.91,46.29,47.9,2413145
2006-01-30/00:00:00,47.4,47.43,44.65,45.33,1271247
2006-02-01/00:00:00,45.76,46.18,44.08,45.03,986792
2006-02-02/00:00:00,44.92,44.92,42.83,43.64,1169679
2006-02-05/00:00:00,42.83,43.66,42.61,43.19,591858
2006-02-06/00:00:00,43.45,44.5,41.99,42.89,1626071
2006-02-07/00:00:00,42.83,43.45,41.94,42.57,1535373
2006-02-08/00:00:00,41.99,42.83,34.43,40.18,940844
2006-02-09/00:00:00,41.08,41.08,38.63,39.57,501330
2006-02-12/00:00:00,39.91,41.1,38.42,39.5,758493
2006-02-13/00:00:00,38.63,38.63,35.73,37.1,705807
2006-02-14/00:00:00,36.95,37.89,35.65,36.98,425007
2006-02-15/00:00:00,36.95,37.37,35.27,36.02,456918
2006-02-16/00:00:00,36.31,36.31,31.12,33.27,1062285
2006-02-19/00:00:00,33.59,36.95,33.17,35.52,863055
2006-02-20/00:00:00,37.15,37.15,35.48,35.91,632691
2006-02-21/00:00:00,35.69,35.69,34.43,34.81,427292
2006-02-22/00:00:00,34.85,36.73,34.85,36.21,505962
2006-02-23/00:00:00,36.86,40.3,36.33,38.59,945312
2006-02-26/00:00:00,39.89,41.15,38.21,39.29,1006385
2006-02-27/00:00:00,38.31,38.79,35.69,38.05,499410
2006-02-28/00:00:00,39.04,39.89,38.62,39.24,568274
2006-03-01/00:00:00,40.08,40.67,39.15,39.97,763224
2006-03-02/00:00:00,39.46,39.49,37.79,38.55,587076
2006-03-05/00:00:00,37.79,37.79,34.02,35.54,785549
2006-03-06/00:00:00,36.53,36.9,34.85,35.56,376650
2006-03-07/00:00:00,34.85,35.1,34.05,34.51,301626
2006-03-08/00:00:00,34.02,35.68,33.63,34.85,529761
2006-03-09/00:00:00,35.77,35.81,34.47,35.2,226961
2006-03-12/00:00:00,35.65,35.69,33.18,34.06,432717
2006-03-13/00:00:00,33.59,33.88,31.59,32.59,763106
2006-03-14/00:00:00,31.53,34.63,25.63,31.51,1478421
2006-03-15/00:00:00,34.42,34.85,31.49,32.96,733334
2006-03-16/00:00:00,32.04,33.59,32.04,33.22,559076
2006-03-19/00:00:00,33.54,35.01,33.54,34.49,439863
2006-03-20/00:00:00,34.84,34.84,34.01,34.42,312872
2006-03-21/00:00:00,33.97,34.42,33.21,34.01,100047
2006-03-22/00:00:00,34.01,34.59,33.84,34.23,262535
2006-03-23/00:00:00,33.79,34.53,33.69,34.13,254601
2006-03-26/00:00:00,34.43,34.61,33.81,34.1,244577
2006-03-27/00:00:00,34.01,34.49,33.37,33.85,262695
2006-03-28/00:00:00,33.5,34.0,33.27,33.63,199613
2006-03-29/00:00:00,33.55,33.79,33.07,33.4,189677
2006-03-30/00:00:00,32.91,33.29,32.53,32.77,139740
2006-04-02/00:00:00,32.11,33.15,32.11,32.59,122721
2006-04-03/00:00:00,32.53,33.27,32.18,32.58,236211
2006-04-04/00:00:00,32.64,32.89,32.23,32.38,174866
2006-04-05/00:00:00,32.94,34.35,32.75,33.37,286622
2006-04-06/00:00:00,34.43,35.14,34.4,34.81,718608
2006-04-09/00:00:00,34.39,35.68,34.39,35.08,285582
2006-04-11/00:00:00,34.91,35.27,34.11,34.91,217617
2006-04-12/00:00:00,34.85,35.05,33.59,34.49,330303
2006-04-13/00:00:00,33.92,33.92,32.35,33.21,445361
2006-04-16/00:00:00,32.33,33.0,31.91,32.3,253613
2006-04-17/00:00:00,32.33,32.95,31.74,32.35,146559
2006-04-18/00:00:00,31.69,32.07,30.85,31.54,417035
2006-04-19/00:00:00,31.91,32.01,31.32,31.64,131793
2006-04-20/00:00:00,31.49,33.27,31.49,32.74,146303
2006-04-26/00:00:00,32.95,32.95,31.32,31.71,201483
2006-04-27/00:00:00,31.69,32.43,31.69,32.17,99275
2006-04-30/00:00:00,32.11,32.11,31.49,31.65,108200
2006-05-02/00:00:00,32.11,32.28,31.82,31.92,99504
2006-05-03/00:00:00,31.8,32.2,31.07,31.84,472028
2006-05-04/00:00:00,31.49,33.17,31.39,31.71,241745
2006-05-07/00:00:00,31.13,31.7,30.48,31.05,120632
2006-05-08/00:00:00,30.44,31.49,30.44,30.71,165146
2006-05-09/00:00:00,30.65,30.65,28.57,29.85,274643
2006-05-10/00:00:00,27.29,30.0,27.29,29.29,160019
2006-05-11/00:00:00,29.81,30.01,28.55,29.01,104969
2006-05-14/00:00:00,29.35,30.23,28.16,29.15,143139
2006-05-15/00:00:00,28.13,28.36,26.57,27.45,282534
2006-05-16/00:00:00,28.13,29.81,27.93,28.83,403184
2006-05-17/00:00:00,28.55,29.6,28.15,29.07,160841
2006-05-18/00:00:00,28.97,30.65,28.97,30.11,231194
2006-05-21/00:00:00,30.23,30.23,28.13,28.9,145898
2006-05-22/00:00:00,27.73,28.34,26.87,27.35,767922
2006-05-23/00:00:00,25.61,26.03,21.41,23.89,592433
2006-05-24/00:00:00,23.89,27.5,23.89,25.9,706625
2006-05-25/00:00:00,24.36,26.45,23.93,25.19,263907
2006-05-28/00:00:00,26.03,27.25,25.27,25.77,113561
2006-05-29/00:00:00,25.19,26.13,25.19,25.72,131390
2006-05-30/00:00:00,25.95,26.66,25.61,26.1,272573
2006-05-31/00:00:00,26.11,28.42,26.11,27.34,344907
2006-06-01/00:00:00,28.54,28.55,27.33,27.75,99548
2006-06-04/00:00:00,26.87,28.34,26.87,28.05,123807
2006-06-05/00:00:00,27.75,28.05,27.29,27.61,112982
2006-06-06/00:00:00,26.89,28.05,26.87,27.47,79034
2006-06-07/00:00:00,27.71,27.71,27.33,27.52,36477
2006-06-08/00:00:00,27.41,27.71,27.29,27.45,140979
2006-06-11/00:00:00,27.29,27.29,26.45,27.09,96801
2006-06-12/00:00:00,26.66,26.95,25.64,26.36,178157
2006-06-13/00:00:00,27.29,27.29,26.03,26.83,254079
2006-06-14/00:00:00,26.03,26.45,25.17,25.61,830840
2006-06-15/00:00:00,26.45,27.05,25.64,26.51,35531
2006-06-18/00:00:00,26.45,27.33,26.03,27.11,68505
2006-06-19/00:00:00,26.29,27.25,26.29,26.86,147861
2006-06-20/00:00:00,26.77,26.87,26.45,26.81,110850
2006-06-21/00:00:00,26.37,26.87,26.37,26.8,86868
2006-06-22/00:00:00,26.87,27.03,26.45,26.84,45507
2006-06-25/00:00:00,27.03,27.29,26.54,26.65,23970
2006-06-26/00:00:00,26.38,27.29,26.38,26.94,136665
2006-06-27/00:00:00,26.51,27.92,26.51,27.35,139728
2006-06-28/00:00:00,27.71,28.97,27.71,28.51,455243
2006-06-29/00:00:00,28.55,30.65,27.81,28.66,87939
2006-07-02/00:00:00,28.09,28.34,27.71,28.01,39806
2006-07-03/00:00:00,28.13,28.76,27.73,28.42,69032
2006-07-04/00:00:00,27.71,28.55,27.57,28.41,52629
2006-07-05/00:00:00,28.76,29.38,28.13,28.72,86589
2006-07-06/00:00:00,29.39,29.39,28.63,28.97,159273
2006-07-09/00:00:00,28.88,29.39,28.13,28.55,135036
2006-07-10/00:00:00,28.76,29.39,28.34,29.18,137463
2006-07-11/00:00:00,29.45,29.81,28.13,29.23,140925
2006-07-12/00:00:00,28.35,28.55,27.63,28.14,44867
2006-07-13/00:00:00,27.53,27.71,27.29,27.39,142917
2006-07-16/00:00:00,26.91,26.91,22.67,26.05,115013
2006-07-17/00:00:00,26.46,27.92,26.45,27.15,84813
2006-07-18/00:00:00,27.71,28.13,27.56,27.99,166790
2006-07-19/00:00:00,26.45,28.13,26.45,27.86,59820
2006-07-20/00:00:00,27.29,27.92,27.21,27.32,58935
2006-07-24/00:00:00,28.23,28.38,28.0,28.24,25646
2006-07-25/00:00:00,28.51,28.51,27.55,27.89,46677
2006-07-26/00:00:00,27.75,28.51,27.75,28.15,48917
2006-07-27/00:00:00,28.15,28.97,27.75,28.44,156189
2006-07-30/00:00:00,28.55,29.39,28.55,29.19,136832
2006-07-31/00:00:00,28.57,29.91,28.57,29.23,133842
2006-08-01/00:00:00,29.07,30.23,28.97,29.71,354114
2006-08-02/00:00:00,30.39,31.69,29.64,30.61,517770
2006-08-03/00:00:00,30.23,30.65,29.6,30.29,387362
2006-08-06/00:00:00,29.83,29.83,29.39,29.6,263595
2006-08-07/00:00:00,29.39,30.44,29.39,29.84,470031
2006-08-08/00:00:00,30.02,30.86,29.39,29.96,783362
2006-08-09/00:00:00,29.77,30.23,28.57,29.03,171602
2006-08-10/00:00:00,28.13,29.18,28.13,28.59,271985
2006-08-13/00:00:00,28.97,29.81,28.77,29.29,144411
2006-08-14/00:00:00,28.63,29.29,28.6,28.93,177105
2006-08-15/00:00:00,28.97,28.97,28.47,28.71,86517
2006-08-16/00:00:00,29.49,29.71,28.14,28.55,100218
2006-08-17/00:00:00,28.13,28.13,27.29,27.94,171026
2006-08-20/00:00:00,28.76,28.76,27.72,28.23,34920
2006-08-21/00:00:00,28.13,28.71,27.81,28.38,102008
2006-08-22/00:00:00,28.63,28.74,28.4,28.55,122513
2006-08-23/00:00:00,28.73,28.97,28.34,28.61,64089
2006-08-24/00:00:00,28.55,28.97,28.41,28.75,150050
2006-08-27/00:00:00,28.97,28.97,28.57,28.77,34097
2006-08-28/00:00:00,28.55,29.47,28.55,29.13,345968
2006-08-29/00:00:00,29.49,30.48,29.49,29.98,1144964
2006-08-30/00:00:00,29.71,31.06,29.71,30.67,500177
2006-08-31/00:00:00,30.48,31.03,30.44,30.59,297218
2006-09-03/00:00:00,29.81,30.94,29.81,30.65,233004
2006-09-04/00:00:00,30.65,31.07,30.65,30.89,315116
2006-09-05/00:00:00,30.71,31.27,30.71,31.13,559997
2006-09-06/00:00:00,30.27,31.15,30.27,31.03,392354
2006-09-07/00:00:00,31.07,31.23,30.87,31.07,364100
2006-09-10/00:00:00,31.07,31.11,30.55,30.93,81351
2006-09-11/00:00:00,30.86,31.05,30.61,30.93,189465
2006-09-12/00:00:00,30.23,31.17,30.23,31.07,357315
2006-09-13/00:00:00,30.55,31.66,30.55,31.2,571920
2006-09-14/00:00:00,31.69,32.65,31.69,32.34,753059
2006-09-17/00:00:00,32.45,32.75,32.2,32.44,64442
2006-09-18/00:00:00,32.29,32.41,31.74,32.19,195843
2006-09-19/00:00:00,32.33,33.17,32.33,33.0,187116
2006-09-20/00:00:00,33.17,33.59,32.75,32.94,203484
2006-09-21/00:00:00,32.75,32.91,32.75,32.78,33092
2006-09-24/00:00:00,32.59,32.81,32.58,32.75,18738
2006-09-25/00:00:00,32.75,32.95,32.75,32.76,90942
2006-09-26/00:00:00,32.75,33.59,32.75,33.5,213000
2006-09-27/00:00:00,33.59,34.01,33.37,33.65,74705
2006-09-28/00:00:00,33.59,33.79,33.37,33.59,108794
2006-10-01/00:00:00,33.59,34.89,33.59,34.71,180065
2006-10-02/00:00:00,33.64,35.52,33.64,35.12,179664
2006-10-03/00:00:00,34.65,35.19,34.65,35.01,210858
2006-10-04/00:00:00,34.14,34.72,34.14,34.44,77034
2006-10-08/00:00:00,34.43,34.81,34.43,34.54,16467
2006-10-09/00:00:00,33.86,34.01,33.59,33.66,57741
2006-10-10/00:00:00,33.59,33.65,32.85,33.23,129717
2006-10-11/00:00:00,32.85,33.59,32.37,33.44,68738
2006-10-12/00:00:00,33.59,34.01,33.59,33.75,53981
2006-10-15/00:00:00,33.69,33.9,33.59,33.61,31652
2006-10-16/00:00:00,33.61,34.01,33.59,33.6,51174
2006-10-17/00:00:00,33.79,34.01,33.59,33.73,25575
2006-10-18/00:00:00,33.59,33.59,33.59,33.59,21180
2006-10-19/00:00:00,33.59,33.59,33.19,33.57,37236
2006-10-22/00:00:00,33.59,34.43,33.42,33.6,132540
2006-10-29/00:00:00,34.05,34.72,34.05,34.45,54113
2006-10-30/00:00:00,34.43,34.47,34.39,34.43,180090
2006-10-31/00:00:00,34.43,34.81,34.43,34.56,68504
2006-11-01/00:00:00,34.63,35.01,34.42,34.74,112319
2006-11-02/00:00:00,34.27,34.68,34.13,34.27,192771
2006-11-05/00:00:00,34.11,34.43,33.59,34.33,182690
2006-11-06/00:00:00,34.01,34.42,33.17,33.49,59828
2006-11-07/00:00:00,33.25,33.88,33.17,33.53,73979
2006-11-08/00:00:00,33.46,33.56,32.33,32.97,43260
2006-11-09/00:00:00,32.75,32.85,32.43,32.68,29810
2006-11-12/00:00:00,33.17,33.36,32.78,33.09,24075
2006-11-13/00:00:00,32.98,33.59,32.98,33.44,19688
2006-11-14/00:00:00,33.21,33.29,33.17,33.19,14525
2006-11-15/00:00:00,33.17,34.43,33.17,33.99,55377
2006-11-16/00:00:00,34.63,34.85,33.39,33.97,69731
2006-11-19/00:00:00,32.79,33.59,32.79,33.41,116640
2006-11-20/00:00:00,33.59,33.59,33.27,33.5,84315
2006-11-21/00:00:00,33.37,33.59,33.2,33.55,63024
2006-11-22/00:00:00,33.49,33.79,33.21,33.63,22248
2006-11-23/00:00:00,33.59,33.64,33.17,33.55,48368
2006-11-26/00:00:00,33.59,34.01,33.37,33.59,66882
2006-11-27/00:00:00,33.59,33.59,32.85,33.48,63515
2006-11-28/00:00:00,33.59,33.59,32.95,33.14,45312
2006-11-29/00:00:00,32.91,32.91,32.45,32.73,27825
2006-11-30/00:00:00,32.79,33.59,32.53,33.51,84395
2006-12-03/00:00:00,32.77,33.12,32.54,32.73,17903
2006-12-04/00:00:00,32.71,32.71,31.51,32.1,47997
2006-12-05/00:00:00,31.91,32.75,31.71,31.93,10407
2006-12-06/00:00:00,31.69,32.11,31.69,31.94,83279
2006-12-07/00:00:00,32.33,33.79,32.05,32.88,535535
2006-12-10/00:00:00,32.56,33.17,32.33,32.55,23106
2006-12-11/00:00:00,32.75,33.17,32.55,33.07,25847
2006-12-12/00:00:00,33.17,33.79,32.76,33.46,101379
2006-12-13/00:00:00,33.04,33.17,32.36,32.75,34491
2006-12-14/00:00:00,33.17,33.17,32.55,32.78,18713
2006-12-17/00:00:00,32.43,33.79,32.33,33.39,116916
2006-12-18/00:00:00,32.75,33.59,32.75,33.21,37248
2006-12-19/00:00:00,32.71,33.21,32.71,32.97,117017
2006-12-20/00:00:00,32.59,32.95,32.58,32.76,144629
2006-12-21/00:00:00,32.68,32.75,32.53,32.65,49995
2006-12-24/00:00:00,32.38,32.75,32.33,32.53,95376
2006-12-25/00:00:00,32.33,32.75,31.91,32.47,150264
2006-12-26/00:00:00,32.33,33.16,32.33,32.79,45309
2006-12-27/00:00:00,32.66,33.19,32.63,32.99,46280
2006-12-28/00:00:00,32.75,34.43,32.75,33.77,187124
2007-01-03/00:00:00,33.59,34.17,33.59,33.96,89957
2007-01-04/00:00:00,33.54,33.88,33.27,33.63,34992
2007-01-08/00:00:00,33.81,33.88,33.43,33.6,141054
2007-01-09/00:00:00,33.57,34.43,33.57,33.91,97695
2007-01-10/00:00:00,33.61,34.01,33.29,33.72,91905
2007-01-11/00:00:00,33.59,33.9,33.17,33.63,44843
2007-01-14/00:00:00,33.69,33.69,32.97,33.33,58601
2007-01-15/00:00:00,33.01,33.36,32.64,32.88,161955
2007-01-16/00:00:00,33.57,33.57,32.39,32.7,60293
2007-01-17/00:00:00,32.37,32.53,31.93,32.33,174123
2007-01-18/00:00:00,32.05,32.13,31.55,31.75,222591
2007-01-22/00:00:00,31.91,32.11,31.49,31.71,77223
2007-01-23/00:00:00,31.49,31.49,30.61,30.95,42059
2007-01-24/00:00:00,30.71,31.49,30.02,30.58,91092
2007-01-25/00:00:00,29.85,30.65,29.85,30.31,102507
2007-01-28/00:00:00,25.63,30.65,25.63,29.15,65240
2007-01-29/00:00:00,28.92,29.37,28.13,28.55,352713
2007-01-30/00:00:00,28.97,29.39,28.13,28.9,157034
2007-01-31/00:00:00,28.13,29.39,28.13,28.81,196859
2007-02-01/00:00:00,28.17,28.94,28.13,28.19,114413
2007-02-04/00:00:00,28.97,28.97,28.55,28.58,23619
2007-02-05/00:00:00,28.38,28.38,27.51,28.11,117450
2007-02-06/00:00:00,28.41,28.41,27.73,28.2,40149
2007-02-07/00:00:00,28.41,28.97,28.34,28.36,633890
2007-02-08/00:00:00,28.6,29.58,28.55,28.63,303110
2007-02-11/00:00:00,28.57,29.49,28.57,28.84,75894
2007-02-12/00:00:00,29.45,29.47,28.61,28.81,59313
2007-02-13/00:00:00,28.97,29.82,28.76,29.68,281363
2007-02-14/00:00:00,30.02,30.19,29.81,29.99,45318
2007-02-15/00:00:00,30.06,30.33,29.81,30.06,65948
2007-02-18/00:00:00,30.39,31.05,30.23,30.37,316199
2007-02-19/00:00:00,30.65,30.65,29.39,29.87,227417
2007-02-20/00:00:00,30.02,30.65,29.81,30.15,36054
2007-02-21/00:00:00,30.23,30.23,29.39,29.52,60429
2007-02-22/00:00:00,29.81,29.81,29.26,29.34,146489
2007-02-25/00:00:00,29.39,29.55,29.39,29.39,15087
2007-02-26/00:00:00,29.39,29.81,29.39,29.45,140835
2007-02-27/00:00:00,29.39,30.02,29.39,29.91,284675
2007-02-28/00:00:00,29.49,31.49,28.83,30.15,148677
2007-03-01/00:00:00,29.81,29.81,29.23,29.39,86949
2007-03-04/00:00:00,29.81,29.81,29.3,29.39,106401
2007-03-05/00:00:00,29.33,29.39,28.55,28.67,441731
2007-03-06/00:00:00,28.55,29.39,28.55,29.21,48488
2007-03-07/00:00:00,28.97,29.6,28.97,29.34,198614
2007-03-08/00:00:00,29.81,29.81,28.79,29.16,145208
2007-03-11/00:00:00,29.39,30.27,29.01,29.69,63678
2007-03-12/00:00:00,29.91,29.91,29.18,29.44,128730
2007-03-13/00:00:00,29.39,30.02,29.39,29.75,379083
2007-03-14/00:00:00,29.45,29.45,29.07,29.27,285827
2007-03-15/00:00:00,29.43,29.72,29.21,29.39,152319
2007-03-18/00:00:00,29.39,29.77,29.09,29.37,132618
2007-03-19/00:00:00,29.18,29.39,28.97,29.21,533349
2007-03-20/00:00:00,29.13,29.22,28.77,29.0,209318
2007-03-21/00:00:00,29.13,29.64,28.57,28.99,221978
2007-03-22/00:00:00,29.28,29.28,28.42,28.8,371207
2007-03-25/00:00:00,28.76,28.97,28.38,28.55,39986
2007-03-26/00:00:00,28.55,28.55,28.47,28.53,114438
2007-03-27/00:00:00,28.61,28.76,28.51,28.55,53856
2007-03-28/00:00:00,28.75,28.75,28.34,28.49,35460
2007-03-29/00:00:00,28.92,28.92,28.17,28.45,55871
2007-04-02/00:00:00,28.38,28.63,28.13,28.35,43553
2007-04-03/00:00:00,28.13,28.13,27.39,27.77,191309
2007-04-04/00:00:00,27.71,27.71,27.3,27.66,553638
2007-04-05/00:00:00,27.71,28.13,27.25,27.41,240012
2007-04-10/00:00:00,27.33,27.48,27.29,27.39,65682
2007-04-11/00:00:00,27.35,28.13,27.35,27.58,192254
2007-04-12/00:00:00,27.71,27.71,27.17,27.4,163368
2007-04-15/00:00:00,27.33,27.33,26.97,27.1,57380
2007-04-16/00:00:00,27.08,27.29,26.97,27.19,186779
2007-04-17/00:00:00,27.5,27.5,26.83,27.03,57350
2007-04-18/00:00:00,26.9,27.29,26.85,26.91,42186
2007-04-19/00:00:00,26.87,27.08,26.25,26.55,72819
2007-04-22/00:00:00,26.1,27.92,26.1,27.41,584937
2007-04-23/00:00:00,27.41,27.71,26.89,27.29,279458
2007-04-24/00:00:00,26.89,27.25,26.68,26.91,71357
2007-04-26/00:00:00,26.91,26.97,26.45,26.85,97920
2007-04-29/00:00:00,26.89,27.27,26.75,26.95,72228
2007-04-30/00:00:00,26.57,27.21,26.57,26.88,120315
2007-05-02/00:00:00,26.8,27.39,26.8,27.09,797952
2007-05-03/00:00:00,27.37,27.67,26.99,27.28,660702
2007-05-06/00:00:00,27.29,27.63,26.79,27.09,131952
2007-05-07/00:00:00,27.29,27.71,27.29,27.53,137427
2007-05-08/00:00:00,27.65,28.42,27.08,27.64,446757
2007-05-09/00:00:00,28.13,29.18,28.13,28.62,256052
2007-05-10/00:00:00,28.19,28.34,27.71,27.93,158913
2007-05-13/00:00:00,28.55,28.55,27.56,27.97,110187
2007-05-14/00:00:00,28.05,28.05,26.93,27.35,165990
2007-05-15/00:00:00,27.29,27.79,26.87,27.3,126968
2007-05-16/00:00:00,27.71,27.81,27.1,27.58,168107
2007-05-17/00:00:00,27.45,27.81,27.09,27.51,141881
2007-05-20/00:00:00,27.91,27.92,27.17,27.52,81983
2007-05-21/00:00:00,27.12,27.71,26.93,27.25,53100
2007-05-22/00:00:00,26.87,27.26,26.87,26.95,54767
2007-05-23/00:00:00,26.89,27.29,26.88,27.13,41055
2007-05-24/00:00:00,27.27,27.29,26.91,27.19,88035
2007-05-27/00:00:00,27.28,27.28,26.87,26.93,41846
2007-05-28/00:00:00,26.87,27.03,26.56,26.8,41445
2007-05-29/00:00:00,26.87,26.87,26.67,26.85,147086
2007-05-30/00:00:00,26.87,26.87,26.55,26.83,292079
2007-05-31/00:00:00,26.66,27.08,26.45,26.7,185583
2007-06-03/00:00:00,26.47,26.68,26.45,26.55,26523
2007-06-04/00:00:00,26.45,27.05,26.45,26.67,106865
2007-06-05/00:00:00,27.03,29.81,26.74,28.55,357308
2007-06-06/00:00:00,29.39,29.81,28.67,29.41,606081
2007-06-07/00:00:00,29.6,29.72,28.56,29.05,233817
2007-06-10/00:00:00,28.55,28.57,28.34,28.51,30755
2007-06-11/00:00:00,28.55,29.81,28.55,29.35,351072
2007-06-12/00:00:00,28.97,29.89,28.97,29.65,175802
2007-06-13/00:00:00,29.18,29.81,28.55,28.93,245226
2007-06-14/00:00:00,28.55,28.59,28.37,28.55,128859
2007-06-17/00:00:00,28.97,28.97,27.94,28.68,80367
2007-06-18/00:00:00,28.97,29.76,28.84,29.39,273900
2007-06-19/00:00:00,29.18,29.65,28.97,29.38,104028
2007-06-20/00:00:00,29.39,30.75,29.14,30.02,763721
2007-06-21/00:00:00,29.91,30.94,29.91,30.58,324438
2007-06-24/00:00:00,30.65,30.65,30.02,30.23,407867
2007-06-25/00:00:00,30.23,30.23,29.68,30.0,115833
2007-06-26/00:00:00,30.17,30.18,29.39,29.68,213260
2007-06-27/00:00:00,30.02,31.49,29.42,30.07,127368
2007-06-28/00:00:00,30.02,31.49,29.39,30.45,616781
2007-07-02/00:00:00,30.65,30.65,29.49,29.57,58479
2007-07-03/00:00:00,29.55,29.71,29.39,29.44,106856
2007-07-04/00:00:00,29.3,29.6,28.76,29.07,186603
2007-07-05/00:00:00,28.65,29.26,28.65,28.98,178793
2007-07-08/00:00:00,29.39,29.39,28.76,29.35,51725
2007-07-09/00:00:00,29.35,29.81,28.97,29.26,95112
2007-07-10/00:00:00,29.27,29.27,28.8,29.13,576479
2007-07-11/00:00:00,28.97,29.04,28.8,28.97,195050
2007-07-12/00:00:00,28.87,28.97,28.75,28.93,102047
2007-07-15/00:00:00,28.55,28.97,28.41,28.6,248001
2007-07-16/00:00:00,28.55,29.07,28.41,28.53,191310
2007-07-17/00:00:00,28.41,28.55,28.13,28.45,115284
2007-07-18/00:00:00,28.53,29.38,28.53,29.03,104954
2007-07-19/00:00:00,28.76,28.77,28.51,28.64,18311
2007-07-22/00:00:00,28.55,28.59,28.47,28.54,60791
2007-07-24/00:00:00,28.88,28.88,28.15,28.39,48923
2007-07-25/00:00:00,28.39,28.55,28.38,28.47,13661
2007-07-26/00:00:00,28.69,28.69,28.38,28.54,124953
2007-07-29/00:00:00,28.15,28.55,27.78,28.15,193895
2007-07-30/00:00:00,28.11,28.13,27.43,27.8,111750
2007-07-31/00:00:00,27.69,28.13,27.47,28.08,175289
2007-08-01/00:00:00,27.71,28.11,27.71,27.78,24963
2007-08-02/00:00:00,28.06,28.13,26.88,27.54,163422
2007-08-05/00:00:00,27.09,28.03,27.09,27.67,96348
2007-08-06/00:00:00,27.38,27.71,27.29,27.66,212201
2007-08-07/00:00:00,27.29,27.71,27.29,27.66,446697
2007-08-08/00:00:00,27.71,27.71,27.29,27.63,32367
2007-08-09/00:00:00,27.51,28.55,27.51,27.87,22002
2007-08-12/00:00:00,26.97,27.91,26.97,27.15,84693
2007-08-13/00:00:00,27.02,27.33,27.02,27.29,17438
2007-08-14/00:00:00,27.29,27.54,27.29,27.29,192914
2007-08-15/00:00:00,27.1,27.29,26.03,26.74,116097
2007-08-16/00:00:00,26.41,26.42,25.47,25.93,299649
2007-08-19/00:00:00,25.93,26.87,25.93,26.07,109764
2007-08-20/00:00:00,26.03,26.03,25.13,25.28,88560
2007-08-21/00:00:00,25.19,25.19,21.41,24.43,91787
2007-08-22/00:00:00,24.35,24.35,23.31,23.77,171998
2007-08-23/00:00:00,23.51,23.93,22.47,23.28,95565
2007-08-26/00:00:00,23.93,23.93,23.13,23.67,100569
2007-08-27/00:00:00,23.51,23.71,23.09,23.33,212826
2007-08-28/00:00:00,23.51,24.25,23.47,23.72,91848
2007-08-29/00:00:00,23.32,24.98,23.09,24.31,258333
2007-08-30/00:00:00,28.39,29.97,28.39,29.97,17476
2007-09-02/00:00:00,26.45,26.45,25.43,25.74,180039
2007-09-03/00:00:00,25.61,25.82,25.41,25.61,121100
2007-09-04/00:00:00,25.48,27.29,25.45,26.4,289980
2007-09-05/00:00:00,26.14,26.15,25.71,25.87,71049
2007-09-06/00:00:00,26.83,26.83,25.23,25.57,151905
2007-09-09/00:00:00,25.61,26.45,25.4,25.75,284283
2007-09-10/00:00:00,26.03,26.4,25.65,25.85,41783
2007-09-11/00:00:00,25.65,26.87,25.65,26.37,218775
2007-09-12/00:00:00,26.47,26.49,25.95,26.19,98006
2007-09-13/00:00:00,25.93,27.29,25.93,26.75,109511
2007-09-16/00:00:00,26.67,26.67,26.45,26.56,27189
2007-09-17/00:00:00,26.25,26.51,26.03,26.38,48125
2007-09-18/00:00:00,26.03,26.66,26.03,26.42,48314
2007-09-19/00:00:00,26.59,28.55,26.25,27.41,70626
2007-09-20/00:00:00,26.87,27.07,26.66,26.84,255488
2007-09-23/00:00:00,26.66,26.85,26.45,26.53,11315
2007-09-24/00:00:00,27.12,27.12,26.28,26.41,22808
2007-09-25/00:00:00,26.32,26.45,26.07,26.24,29987
2007-09-26/00:00:00,26.24,27.29,26.03,26.49,102765
2007-09-27/00:00:00,26.45,27.03,26.45,26.55,117057
2007-09-30/00:00:00,26.45,26.65,26.26,26.45,65522
2007-10-01/00:00:00,26.46,26.82,26.45,26.57,31556
2007-10-02/00:00:00,26.45,26.65,26.45,26.45,42626
2007-10-03/00:00:00,26.15,26.45,25.69,26.03,34119
2007-10-04/00:00:00,25.74,26.45,25.74,26.09,24672
2007-10-08/00:00:00,25.9,26.45,25.83,26.02,21984
2007-10-09/00:00:00,26.05,26.43,26.01,26.03,86709
2007-10-10/00:00:00,26.24,26.86,26.24,26.48,67874
2007-10-11/00:00:00,26.45,27.08,26.45,26.84,53535
2007-10-16/00:00:00,26.52,27.12,26.5,26.82,102602
2007-10-17/00:00:00,26.55,26.87,26.45,26.53,52260
2007-10-18/00:00:00,26.41,26.45,26.25,26.33,26180
2007-10-21/00:00:00,26.28,26.66,26.25,26.41,53034
2007-10-22/00:00:00,26.24,26.79,25.19,25.65,502085
2007-10-23/00:00:00,26.23,26.23,25.82,25.89,25124
2007-10-24/00:00:00,25.87,26.13,25.7,25.87,40097
2007-10-25/00:00:00,26.02,26.02,25.19,25.54,102368
2007-10-28/00:00:00,25.71,26.13,25.61,25.88,357552
2007-10-29/00:00:00,25.69,25.96,25.51,25.65,72581
2007-10-30/00:00:00,25.82,25.97,25.57,25.66,164973
2007-10-31/00:00:00,25.71,25.9,25.41,25.6,103431
2007-11-01/00:00:00,25.86,25.86,25.53,25.73,180170
2007-11-04/00:00:00,25.61,25.99,25.61,25.83,62777
2007-11-05/00:00:00,25.96,25.96,25.73,25.79,17253
2007-11-06/00:00:00,25.72,25.82,25.29,25.49,67145
2007-11-07/00:00:00,25.3,25.61,24.77,25.17,77802
2007-11-08/00:00:00,25.19,25.82,24.67,25.19,416577
2007-11-11/00:00:00,25.4,25.57,25.19,25.39,188712
2007-11-12/00:00:00,24.99,25.23,24.99,25.18,18858
2007-11-13/00:00:00,24.87,24.87,24.67,24.75,41828
2007-11-14/00:00:00,24.67,24.97,24.19,24.57,287936
2007-11-15/00:00:00,24.25,24.93,23.95,24.32,255995
2007-11-18/00:00:00,24.27,24.93,24.15,24.32,104262
2007-11-19/00:00:00,24.22,24.57,24.22,24.36,70590
2007-11-20/00:00:00,24.25,24.77,23.96,24.31,115293
2007-11-21/00:00:00,24.35,24.81,24.31,24.47,60372
2007-11-22/00:00:00,24.79,24.79,23.51,23.67,713391
2007-11-25/00:00:00,24.39,24.39,23.93,24.06,436322
2007-11-26/00:00:00,24.26,24.27,23.31,23.61,1582785
2007-11-27/00:00:00,23.89,23.9,23.15,23.35,525071
2007-11-28/00:00:00,23.47,23.51,23.12,23.34,278019
2007-11-29/00:00:00,23.46,23.51,21.83,22.63,1392449
2007-12-02/00:00:00,22.67,23.47,22.67,22.97,227163
2007-12-03/00:00:00,22.96,23.13,22.63,23.0,548834
2007-12-04/00:00:00,23.09,23.29,22.89,23.09,428976
2007-12-05/00:00:00,23.09,23.21,22.88,23.05,185639
2007-12-06/00:00:00,22.9,23.09,22.69,22.96,342576
2007-12-09/00:00:00,22.76,22.87,22.51,22.63,177474
2007-12-10/00:00:00,22.84,22.97,21.9,22.21,142859
2007-12-11/00:00:00,22.1,22.37,21.83,22.0,158075
2007-12-12/00:00:00,22.14,22.46,21.83,22.13,194172
2007-12-13/00:00:00,21.89,22.34,21.87,22.07,231983
2007-12-16/00:00:00,22.25,22.25,21.97,22.09,250689
2007-12-17/00:00:00,22.25,22.25,22.02,22.07,174317
2007-12-23/00:00:00,22.09,22.31,21.91,22.16,154830
2007-12-24/00:00:00,22.24,22.24,22.02,22.15,121170
2007-12-25/00:00:00,22.25,23.77,22.25,23.0,636902
2007-12-26/00:00:00,23.72,23.83,22.96,23.14,397523
2007-12-27/00:00:00,23.3,23.3,22.38,22.67,198939
2007-12-30/00:00:00,22.39,22.67,22.25,22.36,177170
2007-12-31/00:00:00,22.12,22.37,22.04,22.18,300149
2008-01-02/00:00:00,22.51,22.63,22.25,22.46,183795
2008-01-03/00:00:00,22.79,23.02,22.38,22.51,362337
2008-01-06/00:00:00,22.87,23.71,22.68,23.15,1293408
2008-01-08/00:00:00,23.51,23.51,22.64,22.83,589356
2008-01-10/00:00:00,22.72,23.05,22.63,22.77,263883
2008-01-13/00:00:00,23.05,23.3,22.88,23.13,492521
2008-01-14/00:00:00,23.29,23.31,22.7,23.01,403914
2008-01-15/00:00:00,22.69,23.05,22.67,22.77,174425
2008-01-16/00:00:00,22.71,22.88,22.4,22.6,381701
2008-01-17/00:00:00,22.37,22.46,22.07,22.21,540756
2008-01-20/00:00:00,22.67,22.77,21.93,22.26,482777
2008-01-21/00:00:00,21.99,22.17,20.99,21.57,320003
2008-01-22/00:00:00,21.25,22.25,20.36,21.41,743640
2008-01-23/00:00:00,21.39,22.25,21.01,21.6,251025
2008-01-24/00:00:00,21.02,21.6,21.01,21.16,192947
2008-01-27/00:00:00,21.45,21.93,21.41,21.63,187869
2008-01-28/00:00:00,21.62,21.62,20.99,21.15,151032
2008-01-29/00:00:00,21.51,21.58,20.79,20.99,305195
2008-01-30/00:00:00,20.99,20.99,20.57,20.89,366594
2008-01-31/00:00:00,20.97,20.97,20.51,20.69,583574
2008-02-03/00:00:00,20.95,22.03,20.92,21.25,734612
2008-02-04/00:00:00,21.43,21.43,20.93,21.07,577755
2008-02-05/00:00:00,21.34,21.41,20.62,20.9,1179617
2008-02-06/00:00:00,20.62,20.62,19.85,20.21,703911
2008-02-07/00:00:00,20.27,20.35,19.94,20.08,397917
2008-02-10/00:00:00,19.94,20.15,19.75,20.02,202953
2008-02-11/00:00:00,20.11,20.15,19.31,19.69,668025
2008-02-12/00:00:00,19.63,19.73,19.41,19.56,215627
2008-02-13/00:00:00,19.73,19.92,19.47,19.67,506426
2008-02-14/00:00:00,19.89,19.94,19.63,19.79,201213
2008-02-17/00:00:00,19.94,20.65,19.78,20.25,550266
2008-02-18/00:00:00,20.76,20.78,20.36,20.67,275033
2008-02-19/00:00:00,20.78,20.99,20.57,20.83,322964
2008-02-20/00:00:00,20.7,20.99,20.47,20.71,300321
2008-02-21/00:00:00,20.38,20.99,20.38,20.8,243299
2008-02-24/00:00:00,20.62,21.61,20.61,21.08,1487328
2008-02-25/00:00:00,21.62,22.21,21.62,21.91,562799
2008-02-26/00:00:00,21.83,22.21,21.45,21.89,422378
2008-02-27/00:00:00,21.53,21.89,21.53,21.69,253808
2008-02-28/00:00:00,21.47,22.16,20.99,21.46,458964
2008-03-02/00:00:00,21.79,23.04,21.41,22.41,705024
2008-03-03/00:00:00,22.25,22.63,21.41,21.9,217461
2008-03-04/00:00:00,22.04,22.41,21.69,22.02,231050
2008-03-05/00:00:00,21.73,23.38,21.72,22.83,1162571
2008-03-06/00:00:00,23.21,24.53,23.19,23.97,1026525
2008-03-09/00:00:00,24.37,25.69,23.51,24.81,785411
2008-03-10/00:00:00,25.81,26.45,24.98,25.56,873641
2008-03-11/00:00:00,25.19,25.77,24.97,25.32,535611
2008-03-12/00:00:00,25.51,25.82,24.56,25.31,2200722
2008-03-13/00:00:00,25.4,25.4,23.97,24.61,702629
2008-03-16/00:00:00,24.69,24.77,23.75,24.03,367113
2008-03-17/00:00:00,24.03,24.25,22.67,23.31,540137
2008-03-18/00:00:00,22.46,23.42,22.46,22.72,256671
2008-03-19/00:00:00,23.09,23.51,22.94,23.25,436890
2008-03-23/00:00:00,23.12,23.59,23.12,23.47,233354
2008-03-24/00:00:00,23.51,23.63,22.93,23.24,141374
2008-03-25/00:00:00,23.3,24.77,23.09,24.03,286308
2008-03-26/00:00:00,24.27,24.77,23.93,24.25,115914
2008-03-27/00:00:00,24.35,24.77,23.73,24.41,323843
2008-03-30/00:00:00,25.06,25.39,24.38,25.03,801332
2008-03-31/00:00:00,25.4,25.45,23.93,24.69,188435
2008-04-01/00:00:00,25.18,25.18,24.15,24.57,280809
2008-04-02/00:00:00,24.35,24.97,24.15,24.32,149502
2008-04-03/00:00:00,24.19,24.35,23.93,24.08,68672
2008-04-06/00:00:00,24.35,24.35,24.03,24.2,62247
2008-04-07/00:00:00,24.06,24.35,23.93,24.03,146619
2008-04-08/00:00:00,24.14,24.35,23.93,24.05,147783
2008-04-09/00:00:00,23.97,24.35,23.91,24.09,162824
2008-04-10/00:00:00,24.34,24.34,23.68,23.86,124265
2008-04-13/00:00:00,23.61,24.13,23.57,23.89,91313
2008-04-14/00:00:00,23.93,24.05,23.68,23.9,158087
2008-04-15/00:00:00,24.03,24.98,23.51,23.8,685421
2008-04-16/00:00:00,24.14,24.14,23.35,23.51,177894
2008-04-17/00:00:00,23.85,24.13,23.21,23.47,257288
2008-04-20/00:00:00,23.87,23.87,23.09,23.42,573516
2008-04-21/00:00:00,23.48,23.63,23.38,23.51,196958
2008-04-22/00:00:00,23.19,23.28,22.71,22.99,149466
2008-04-23/00:00:00,22.93,23.09,22.8,22.9,100991
2008-04-24/00:00:00,22.77,23.05,22.67,22.8,106124
2008-04-29/00:00:00,22.67,22.99,22.67,22.87,132329
2008-04-30/00:00:00,22.76,23.09,22.76,22.91,52460
2008-05-04/00:00:00,23.29,23.29,22.98,23.11,31886
2008-05-05/00:00:00,23.09,23.17,22.77,22.98,49445
2008-05-06/00:00:00,23.09,23.09,22.74,22.8,37164
2008-05-07/00:00:00,22.73,22.99,22.57,22.67,86561
2008-05-08/00:00:00,22.57,22.57,22.04,22.28,129921
2008-05-11/00:00:00,22.25,22.25,21.84,22.03,133883
2008-05-12/00:00:00,22.0,22.0,21.04,21.57,134298
2008-05-13/00:00:00,21.78,22.04,20.17,21.41,149594
2008-05-14/00:00:00,21.03,21.7,19.83,20.48,266705
2008-05-15/00:00:00,20.99,20.99,19.52,20.03,161955
2008-05-18/00:00:00,20.74,22.67,20.37,21.57,224801
2008-05-19/00:00:00,22.3,22.3,21.47,22.09,145691
2008-05-20/00:00:00,22.04,23.51,22.04,22.7,529308
2008-05-21/00:00:00,23.09,24.35,22.35,23.57,457964
2008-05-22/00:00:00,23.89,24.97,23.52,24.39,680457
2008-05-25/00:00:00,24.77,25.71,24.77,25.2,498504
2008-05-26/00:00:00,24.77,25.29,24.14,24.64,574571
2008-05-27/00:00:00,24.93,29.35,24.93,27.48,1981262
2008-05-28/00:00:00,29.3,29.47,27.58,28.47,567018
2008-05-29/00:00:00,27.91,27.91,26.67,27.31,1236642
2008-06-01/00:00:00,27.87,28.55,26.98,27.54,337755
2008-06-02/00:00:00,27.62,27.62,25.63,26.41,621360
2008-06-03/00:00:00,25.61,26.63,24.78,25.91,1808393
2008-06-04/00:00:00,26.87,27.5,26.25,27.11,641535
2008-06-05/00:00:00,27.27,27.39,26.45,26.8,437741
2008-06-08/00:00:00,26.05,26.87,26.05,26.49,233886
2008-06-09/00:00:00,26.65,26.65,25.61,25.91,208532
2008-06-10/00:00:00,25.61,25.9,24.58,25.24,304049
2008-06-11/00:00:00,24.69,26.83,24.69,25.55,2613155
2008-06-12/00:00:00,26.28,26.7,25.19,26.01,381725
2008-06-15/00:00:00,26.03,26.03,25.2,25.64,226800
2008-06-16/00:00:00,25.61,25.61,25.01,25.25,112521
2008-06-17/00:00:00,25.03,25.19,24.35,24.67,221619
2008-06-18/00:00:00,24.35,24.5,23.99,24.15,44972
2008-06-19/00:00:00,24.19,24.61,23.51,24.26,186407
2008-06-22/00:00:00,24.55,24.55,23.53,23.97,150162
2008-06-23/00:00:00,23.72,23.93,23.1,23.46,54384
2008-06-24/00:00:00,23.72,23.87,23.09,23.26,61103
2008-06-25/00:00:00,23.19,23.43,22.77,23.1,148010
2008-06-26/00:00:00,22.67,22.86,21.51,22.25,135876
2008-06-29/00:00:00,22.21,22.21,21.43,21.69,142002
2008-06-30/00:00:00,21.41,26.03,20.81,22.65,486368
2008-07-02/00:00:00,26.03,26.03,23.09,24.45,236816
2008-07-03/00:00:00,23.51,24.35,22.54,23.28,132744
2008-07-06/00:00:00,22.26,23.09,21.63,22.21,72825
2008-07-07/00:00:00,22.67,22.67,21.41,22.11,82989
2008-07-08/00:00:00,22.24,22.42,21.41,21.67,162354
2008-07-09/00:00:00,21.58,22.25,21.58,21.88,120590
2008-07-10/00:00:00,21.95,22.67,21.2,21.57,128789
2008-07-13/00:00:00,21.41,22.15,21.33,21.66,46859
2008-07-14/00:00:00,22.25,22.25,21.77,22.03,22092
2008-07-15/00:00:00,22.21,23.13,21.83,22.71,305817
2008-07-16/00:00:00,22.46,22.46,21.33,21.81,75842
2008-07-17/00:00:00,21.41,22.02,21.2,21.47,69231
2008-07-20/00:00:00,22.03,22.63,21.41,22.21,80894
2008-07-21/00:00:00,21.8,22.25,21.75,21.89,117902
2008-07-22/00:00:00,21.75,21.75,21.2,21.35,89438
2008-07-24/00:00:00,21.83,22.03,21.44,21.69,62435
2008-07-27/00:00:00,21.75,22.59,21.63,22.15,57567
2008-07-28/00:00:00,22.63,22.86,22.25,22.51,121428
2008-07-29/00:00:00,22.47,22.47,21.67,22.03,48831
2008-07-30/00:00:00,21.83,22.42,21.41,21.85,80832
2008-07-31/00:00:00,19.34,23.49,18.79,21.17,45194
2008-08-03/00:00:00,21.0,21.57,20.79,21.2,42624
2008-08-04/00:00:00,20.86,21.28,19.93,20.88,74772
2008-08-05/00:00:00,20.73,21.28,20.07,20.98,1626620
2008-08-06/00:00:00,20.99,21.21,20.45,20.86,45852
2008-08-07/00:00:00,20.86,21.0,20.78,20.94,83360
2008-08-10/00:00:00,20.78,21.27,20.45,20.89,161969
2008-08-11/00:00:00,21.14,21.14,20.23,20.73,86141
2008-08-12/00:00:00,20.89,21.53,20.45,20.93,227436
2008-08-13/00:00:00,20.73,21.25,19.34,20.44,166704
2008-08-14/00:00:00,21.44,21.69,21.0,21.47,171818
2008-08-17/00:00:00,21.55,22.09,21.1,21.74,98607
2008-08-18/00:00:00,21.77,22.09,21.34,21.61,187463
2008-08-19/00:00:00,21.11,21.61,19.84,20.63,75098
2008-08-20/00:00:00,20.45,21.0,19.81,20.41,60416
2008-08-21/00:00:00,20.99,20.99,20.34,20.52,26066
2008-08-24/00:00:00,20.34,20.89,19.49,20.41,41279
2008-08-25/00:00:00,20.23,20.49,20.2,20.41,76259
2008-08-26/00:00:00,20.03,20.71,20.01,20.31,25025
2008-08-27/00:00:00,20.17,20.73,20.06,20.46,81042
2008-08-28/00:00:00,20.45,20.67,20.26,20.47,28478
2008-08-31/00:00:00,20.97,20.97,20.17,20.35,131684
2008-09-01/00:00:00,20.45,20.71,20.17,20.5,67835
2008-09-02/00:00:00,20.23,20.45,19.89,20.19,46766
2008-09-03/00:00:00,19.94,20.57,19.93,20.21,58200
2008-09-04/00:00:00,19.96,19.96,17.96,18.75,503946
2008-09-07/00:00:00,18.65,19.34,18.24,18.94,146370
2008-09-08/00:00:00,18.79,18.79,18.1,18.43,218255
2008-09-09/00:00:00,18.76,18.76,18.02,18.42,218007
2008-09-10/00:00:00,18.24,18.51,17.97,18.24,125177
2008-09-11/00:00:00,18.05,19.34,18.01,18.58,265691
2008-09-14/00:00:00,18.9,19.29,18.6,18.85,46853
2008-09-15/00:00:00,18.53,18.53,16.51,17.14,246449
2008-09-16/00:00:00,17.69,18.03,16.61,17.77,234101
2008-09-17/00:00:00,16.85,17.97,16.85,17.83,391722
2008-09-18/00:00:00,17.14,18.79,16.05,17.26,138425
2008-09-21/00:00:00,17.63,18.23,16.86,17.27,195225
2008-09-22/00:00:00,17.03,17.62,16.43,16.96,55880
2008-09-23/00:00:00,17.09,17.69,16.61,16.98,37553
2008-09-24/00:00:00,17.4,17.57,16.25,16.65,79016
2008-09-25/00:00:00,16.2,17.09,16.03,16.58,87618
2008-09-28/00:00:00,16.61,16.95,16.32,16.69,14933
2008-09-29/00:00:00,17.07,17.07,16.37,16.58,66974
2008-10-07/00:00:00,13.83,16.03,12.99,14.71,81246
2008-10-08/00:00:00,13.32,14.37,13.15,13.77,216903
2008-10-09/00:00:00,13.49,15.75,13.32,14.12,90167
2008-10-12/00:00:00,13.47,13.76,12.71,13.25,97959
2008-10-13/00:00:00,13.81,14.09,13.07,13.41,41747
2008-10-14/00:00:00,13.81,14.36,13.28,13.64,93464
2008-10-15/00:00:00,13.4,13.54,12.85,13.27,48347
2008-10-16/00:00:00,13.27,13.27,12.71,13.02,46866
2008-10-19/00:00:00,13.46,13.54,12.63,12.87,78143
2008-10-20/00:00:00,13.07,13.13,12.33,12.62,46923
2008-10-21/00:00:00,12.98,13.17,12.35,12.77,112569
2008-10-22/00:00:00,12.41,12.85,11.07,12.22,94911
2008-10-23/00:00:00,12.04,12.05,10.79,11.25,90113
2008-10-26/00:00:00,10.5,11.33,9.46,11.03,183512
2008-10-27/00:00:00,11.21,12.16,10.5,10.91,246714
2008-10-28/00:00:00,11.33,11.8,11.05,11.59,46658
2008-10-29/00:00:00,11.85,12.16,11.36,11.76,40367
2008-10-30/00:00:00,11.36,11.82,11.07,11.41,52752
2008-11-02/00:00:00,11.72,12.71,11.42,12.17,23303
2008-11-03/00:00:00,12.68,12.87,11.69,12.59,51999
2008-11-04/00:00:00,12.76,12.87,12.25,12.65,55244
2008-11-05/00:00:00,12.87,13.81,12.45,13.07,35825
2008-11-06/00:00:00,12.71,12.97,11.96,12.65,41658
2008-11-09/00:00:00,12.39,13.27,12.39,12.66,37974
2008-11-10/00:00:00,13.04,13.13,12.43,12.69,83826
2008-11-11/00:00:00,12.57,12.71,12.27,12.59,93413
2008-11-12/00:00:00,12.43,12.64,11.87,12.14,66828
2008-11-13/00:00:00,11.71,12.43,11.17,11.51,195522
2008-11-16/00:00:00,12.57,12.68,11.05,11.71,79038
2008-11-17/00:00:00,12.01,12.01,10.68,11.48,48540
2008-11-18/00:00:00,11.6,11.83,10.78,11.19,65117
2008-11-19/00:00:00,10.78,11.61,10.77,11.2,65172
2008-11-20/00:00:00,11.05,11.33,10.77,11.03,126045
2008-11-23/00:00:00,11.05,11.31,10.8,11.07,33126
2008-11-24/00:00:00,11.05,11.61,10.77,11.09,194939
2008-11-25/00:00:00,11.77,12.13,11.14,11.65,20496
2008-11-26/00:00:00,11.83,11.88,11.47,11.77,15312
2008-11-27/00:00:00,12.29,12.38,11.39,11.87,15737
2008-11-30/00:00:00,11.33,12.16,11.27,11.91,35600
2008-12-01/00:00:00,12.15,12.49,11.5,12.12,180021
2008-12-02/00:00:00,12.47,12.47,11.75,12.01,89405
2008-12-03/00:00:00,12.16,12.43,11.61,12.03,81713
2008-12-04/00:00:00,11.78,12.37,11.66,12.01,58262
2008-12-10/00:00:00,12.57,13.53,12.57,12.9,23843
2008-12-11/00:00:00,12.9,13.27,12.65,13.01,44009
2008-12-14/00:00:00,13.31,13.37,12.71,13.04,25035
2008-12-15/00:00:00,12.71,13.25,12.71,13.13,18231
2008-12-16/00:00:00,13.23,13.26,12.73,13.01,26889
2008-12-17/00:00:00,13.21,13.23,12.35,12.82,78078
2008-12-18/00:00:00,12.99,13.13,12.05,12.52,133104
2008-12-21/00:00:00,12.55,12.71,12.16,12.39,29441
2008-12-22/00:00:00,12.16,12.64,12.16,12.36,26592
2008-12-23/00:00:00,12.17,12.69,12.17,12.45,100047
2008-12-24/00:00:00,12.55,12.55,12.05,12.25,108378
2008-12-25/00:00:00,12.53,12.65,12.2,12.51,24242
2008-12-28/00:00:00,12.6,12.71,12.43,12.63,9899
2008-12-30/00:00:00,12.71,12.85,12.28,12.68,61494
2008-12-31/00:00:00,2.42,2.46,2.34,2.45,3845650
2009-01-04/00:00:00,12.63,13.54,12.63,13.21,11900
2009-01-05/00:00:00,12.99,13.21,12.73,12.84,18864
2009-01-06/00:00:00,12.98,13.27,12.75,13.12,26523
2009-01-08/00:00:00,12.87,13.26,12.87,13.15,19673
2009-01-11/00:00:00,13.13,13.27,12.96,13.09,31535
2009-01-12/00:00:00,13.25,13.65,13.08,13.37,91688
2009-01-13/00:00:00,13.59,14.23,13.33,13.83,143181
2009-01-14/00:00:00,13.97,15.04,13.87,14.45,316815
2009-01-15/00:00:00,13.85,14.31,13.81,13.95,51828
2009-01-18/00:00:00,13.58,14.53,12.94,13.33,31349
2009-01-19/00:00:00,14.04,14.09,13.54,13.85,37932
2009-01-20/00:00:00,13.55,13.8,13.27,13.43,67425
2009-01-21/00:00:00,13.4,13.53,12.91,13.3,62709
2009-01-22/00:00:00,13.53,13.54,12.75,13.29,215282
2009-01-25/00:00:00,12.77,12.77,12.16,12.3,25259
2009-01-26/00:00:00,12.71,13.1,12.55,12.79,159030
2009-01-27/00:00:00,13.26,13.48,12.87,13.29,73266
2009-01-28/00:00:00,13.26,13.43,12.73,13.29,112913
2009-01-29/00:00:00,13.32,13.54,12.99,13.29,165341
2009-02-01/00:00:00,13.21,13.21,12.55,12.79,24882
2009-02-02/00:00:00,12.71,12.93,12.05,12.59,68375
2009-02-03/00:00:00,12.43,12.59,12.22,12.49,15003
2009-02-04/00:00:00,12.02,12.59,12.02,12.49,99429
2009-02-05/00:00:00,12.07,12.49,11.61,12.02,130361
2009-02-08/00:00:00,12.95,13.27,11.65,12.54,11916
2009-02-09/00:00:00,12.54,12.71,12.46,12.59,5474
2009-02-10/00:00:00,12.68,12.71,12.16,12.62,12050
2009-02-11/00:00:00,12.68,12.71,12.68,12.7,174635
2009-02-12/00:00:00,12.93,12.97,12.35,12.79,7130
2009-02-15/00:00:00,12.99,12.99,12.6,12.98,66765
2009-02-16/00:00:00,12.44,12.99,11.75,12.67,205718
2009-02-17/00:00:00,12.71,12.71,12.65,12.71,21297
2009-02-18/00:00:00,12.2,12.24,11.81,12.16,15513
2009-02-19/00:00:00,12.71,12.71,11.91,12.56,10622
2009-02-22/00:00:00,11.88,12.38,11.88,12.13,17270
2009-02-23/00:00:00,12.16,12.16,11.61,11.84,64244
2009-02-24/00:00:00,11.61,12.16,11.61,11.92,23301
2009-02-25/00:00:00,11.83,11.91,11.11,11.61,79050
2009-02-26/00:00:00,11.88,11.93,11.05,11.19,59912
2009-03-01/00:00:00,11.58,11.61,11.09,11.53,7746
2009-03-02/00:00:00,11.14,11.55,11.05,11.17,33774
2009-03-03/00:00:00,11.31,11.31,11.05,11.15,13269
2009-03-04/00:00:00,11.07,11.33,11.06,11.25,7253
2009-03-05/00:00:00,11.09,11.31,11.03,11.1,34350
2009-03-08/00:00:00,11.07,11.85,11.0,11.43,97901
2009-03-10/00:00:00,11.88,11.94,11.61,11.81,38442
2009-03-11/00:00:00,12.1,12.1,11.59,11.68,136944
2009-03-12/00:00:00,11.47,11.88,11.47,11.81,23802
2009-03-15/00:00:00,12.04,12.16,11.88,12.05,94673
2009-03-16/00:00:00,11.88,12.02,11.77,11.97,98027
2009-03-17/00:00:00,11.88,12.13,11.88,12.09,11085
2009-03-18/00:00:00,12.07,12.22,11.83,12.07,41609
2009-03-19/00:00:00,12.29,12.32,11.88,12.1,19188
2009-03-22/00:00:00,12.13,12.43,12.13,12.21,48824
2009-03-23/00:00:00,12.55,12.61,12.2,12.4,35000
2009-03-24/00:00:00,12.68,12.82,12.33,12.59,83939
2009-03-25/00:00:00,12.57,12.99,12.52,12.71,86589
2009-03-26/00:00:00,12.57,13.38,12.57,13.05,156341
2009-03-29/00:00:00,14.92,15.47,14.23,14.97,307328
2009-03-30/00:00:00,15.44,15.59,14.54,15.13,172982
2009-03-31/00:00:00,14.37,15.33,14.29,14.72,578567
2009-04-01/00:00:00,15.2,15.45,14.64,15.07,114540
2009-04-02/00:00:00,15.33,15.73,15.23,15.53,113925
2009-04-05/00:00:00,15.75,16.11,15.51,15.89,73877
2009-04-06/00:00:00,16.3,19.06,15.75,17.01,233147
2009-04-07/00:00:00,16.59,17.02,16.34,16.57,79305
2009-04-08/00:00:00,16.2,16.71,16.2,16.49,65091
2009-04-09/00:00:00,16.58,17.69,16.31,16.72,91635
2009-04-12/00:00:00,16.73,17.66,16.73,17.21,23867
2009-04-13/00:00:00,17.69,17.69,16.91,17.43,41090
2009-04-14/00:00:00,17.69,18.79,17.64,18.08,85719
2009-04-15/00:00:00,18.62,18.62,17.13,17.56,112154
2009-04-16/00:00:00,17.96,18.23,17.77,18.09,84887
2009-04-21/00:00:00,18.15,18.6,17.83,18.25,89202
2009-04-22/00:00:00,18.46,18.46,18.12,18.25,53433
2009-04-23/00:00:00,18.31,18.33,17.69,17.9,99975
2009-04-26/00:00:00,19.03,19.67,19.03,19.33,62634
2009-04-27/00:00:00,18.1,18.23,17.89,18.03,245109
2009-04-28/00:00:00,15.47,15.75,14.59,15.25,90621
2009-04-29/00:00:00,14.73,15.14,14.66,14.81,48651
2009-04-30/00:00:00,14.71,15.14,14.37,14.72,50325
2009-05-03/00:00:00,14.7,15.04,14.34,14.45,96965
2009-05-04/00:00:00,14.24,14.39,13.85,14.29,52637
2009-05-05/00:00:00,13.97,14.48,13.88,14.2,71871
2009-05-06/00:00:00,14.26,14.48,14.01,14.34,116597
2009-05-07/00:00:00,14.36,15.31,14.36,14.84,228185
2009-05-10/00:00:00,15.37,15.89,15.37,15.61,101348
2009-05-11/00:00:00,15.35,15.75,15.2,15.57,89421
2009-05-12/00:00:00,15.47,16.07,15.31,15.92,187142
2009-05-13/00:00:00,15.64,15.91,15.25,15.65,136596
2009-05-14/00:00:00,15.07,15.75,14.98,15.45,117387
2009-05-17/00:00:00,15.35,15.95,14.92,15.07,43392
2009-05-18/00:00:00,15.69,15.88,15.49,15.79,88250
2009-05-19/00:00:00,16.02,16.63,16.01,16.51,220823
2009-05-20/00:00:00,16.58,16.59,15.81,16.34,97125
2009-05-21/00:00:00,15.57,17.13,15.57,16.25,227400
2009-05-24/00:00:00,16.61,16.85,16.46,16.61,38472
2009-05-25/00:00:00,16.86,16.86,16.57,16.62,36852
2009-05-26/00:00:00,16.31,17.21,16.31,17.01,46677
2009-05-27/00:00:00,16.59,17.24,16.59,17.11,62937
2009-05-28/00:00:00,16.58,17.27,16.39,16.97,59885
2009-05-31/00:00:00,17.61,17.69,17.13,17.4,8429
2009-06-01/00:00:00,17.68,17.68,16.58,17.17,34461
2009-06-02/00:00:00,17.52,17.69,16.89,17.33,64644
2009-06-03/00:00:00,17.13,17.52,17.13,17.23,10982
2009-06-04/00:00:00,17.13,18.37,17.13,18.03,99609
2009-06-07/00:00:00,18.29,19.47,18.24,18.87,278819
2009-06-08/00:00:00,18.85,19.65,18.55,19.18,23898
2009-06-09/00:00:00,19.07,19.07,18.07,18.65,13605
2009-06-10/00:00:00,19.34,19.34,18.24,18.79,14508
2009-06-11/00:00:00,19.29,19.29,18.0,18.61,25161
2009-06-14/00:00:00,18.65,19.07,18.65,18.95,72672
2009-06-15/00:00:00,18.79,19.45,18.79,19.33,49920
2009-06-16/00:00:00,19.34,19.51,19.34,19.37,123126
2009-06-17/00:00:00,18.87,19.41,18.87,19.34,41289
2009-06-18/00:00:00,18.93,19.34,18.79,18.95,34863
2009-06-21/00:00:00,19.47,19.73,18.57,19.31,14483
2009-06-22/00:00:00,18.35,18.79,18.35,18.51,113835
2009-06-23/00:00:00,17.97,18.24,17.77,17.98,169896
2009-06-24/00:00:00,18.24,18.24,16.58,17.59,55671
2009-06-25/00:00:00,16.67,17.96,16.67,17.66,35148
2009-06-28/00:00:00,17.63,18.79,17.63,18.69,7139
2009-06-29/00:00:00,18.22,18.24,17.13,17.78,34065
2009-06-30/00:00:00,17.41,19.34,17.35,18.04,56160
2009-07-02/00:00:00,18.19,18.78,18.19,18.33,7532
2009-07-05/00:00:00,17.8,18.23,17.66,17.81,5085
2009-07-06/00:00:00,17.63,17.95,17.19,17.65,34835
2009-07-07/00:00:00,17.3,17.7,17.27,17.58,15128
2009-07-08/00:00:00,17.19,17.2,16.86,16.99,93758
2009-07-09/00:00:00,16.97,17.37,16.03,16.57,116534
2009-07-12/00:00:00,16.47,17.67,16.44,17.0,7338
2009-07-13/00:00:00,16.58,16.58,16.41,16.55,3266
2009-07-14/00:00:00,16.58,16.85,16.09,16.46,50319
2009-07-15/00:00:00,16.85,16.85,16.17,16.46,9144
2009-07-16/00:00:00,17.41,17.65,16.69,16.87,98436
2009-07-19/00:00:00,17.35,17.35,16.86,17.07,747
2009-07-20/00:00:00,17.11,17.13,16.65,16.93,14016
2009-07-21/00:00:00,16.87,17.69,16.58,17.25,40212
2009-07-22/00:00:00,17.14,17.14,16.78,17.11,22092
2009-07-26/00:00:00,17.43,17.43,17.05,17.17,24708
2009-07-27/00:00:00,17.13,17.55,17.07,17.14,127424
2009-07-28/00:00:00,17.15,17.48,17.07,17.13,89843
2009-07-29/00:00:00,16.78,17.47,16.75,17.17,29966
2009-07-30/00:00:00,17.4,17.66,17.05,17.21,106434
2009-08-02/00:00:00,17.69,18.21,17.69,18.03,108677
2009-08-03/00:00:00,17.45,18.24,17.43,18.15,104493
2009-08-04/00:00:00,18.15,18.24,17.63,18.17,295886
2009-08-05/00:00:00,18.4,18.4,17.83,17.99,7736
2009-08-06/00:00:00,18.06,18.24,17.69,18.08,45203
2009-08-09/00:00:00,18.05,18.51,18.05,18.21,26337
2009-08-10/00:00:00,18.24,18.29,17.82,18.02,11447
2009-08-11/00:00:00,17.82,17.83,17.7,17.79,40992
2009-08-12/00:00:00,17.59,18.24,17.47,18.12,37496
2009-08-13/00:00:00,18.22,18.68,18.01,18.47,136734
2009-08-16/00:00:00,18.52,18.9,18.24,18.53,24504
2009-08-17/00:00:00,18.24,18.24,17.43,17.63,50849
2009-08-18/00:00:00,17.41,18.07,17.14,17.69,24305
2009-08-19/00:00:00,17.43,17.91,17.19,17.38,17342
2009-08-20/00:00:00,17.27,17.96,17.27,17.59,99932
2009-08-23/00:00:00,17.47,18.22,17.47,18.05,53153
2009-08-24/00:00:00,17.69,18.24,17.69,18.08,30264
2009-08-25/00:00:00,17.55,18.24,17.52,17.95,26163
2009-08-26/00:00:00,17.82,18.27,17.75,18.17,86493
2009-08-27/00:00:00,17.96,18.51,17.96,18.24,84711
2009-08-30/00:00:00,17.79,18.24,17.69,17.85,62580
2009-08-31/00:00:00,18.24,18.24,17.82,17.99,21216
2009-09-01/00:00:00,18.21,18.21,18.09,18.14,633
2009-09-02/00:00:00,18.18,18.21,17.69,18.05,12740
2009-09-03/00:00:00,17.55,18.06,17.55,17.99,105464
2009-09-06/00:00:00,18.05,18.24,17.96,18.11,42237
2009-09-07/00:00:00,18.21,18.37,17.85,18.1,33695
2009-09-08/00:00:00,18.24,18.35,18.01,18.21,51101
2009-09-09/00:00:00,17.76,18.24,17.75,18.21,38090
2009-09-10/00:00:00,18.37,18.37,17.91,17.99,37202
2009-09-13/00:00:00,18.23,18.23,17.69,17.79,10586
2009-09-14/00:00:00,17.96,17.96,17.69,17.78,21230
2009-09-15/00:00:00,17.71,18.24,17.71,18.19,524946
2009-09-16/00:00:00,18.27,18.72,18.27,18.51,108705
2009-09-17/00:00:00,18.24,19.01,18.24,18.7,50369
2009-09-22/00:00:00,18.59,19.07,18.59,18.96,82763
2009-09-23/00:00:00,19.27,19.27,18.79,19.09,76394
2009-09-24/00:00:00,18.93,19.07,18.79,18.95,239016
2009-09-27/00:00:00,18.79,19.12,18.79,18.95,54911
2009-09-28/00:00:00,18.79,19.06,18.51,18.79,225276
2009-09-29/00:00:00,18.95,18.95,18.55,18.78,99699
2009-09-30/00:00:00,18.78,18.93,18.57,18.73,40262
2009-10-01/00:00:00,19.05,19.06,18.63,18.95,38660
2009-10-04/00:00:00,18.51,18.79,18.35,18.56,37730
2009-10-05/00:00:00,18.79,19.06,18.24,18.55,66603
2009-10-07/00:00:00,18.52,18.79,18.27,18.65,24540
2009-10-08/00:00:00,18.33,18.57,18.31,18.37,331140
2009-10-11/00:00:00,19.02,19.02,18.24,18.36,50172
2009-10-12/00:00:00,17.99,18.73,17.99,18.5,24768
2009-10-13/00:00:00,18.69,18.69,18.24,18.49,11895
2009-10-14/00:00:00,18.68,18.95,18.24,18.6,60713
2009-10-15/00:00:00,19.04,19.04,18.5,18.76,54314
2009-10-18/00:00:00,18.73,18.79,18.31,18.52,28220
2009-10-19/00:00:00,18.79,19.0,18.38,18.76,119175
2009-10-20/00:00:00,18.57,18.79,18.21,18.37,577412
2009-10-21/00:00:00,18.24,18.24,18.07,18.19,84264
2009-10-22/00:00:00,18.05,18.25,18.05,18.23,174837
2009-10-25/00:00:00,18.56,19.65,18.24,19.09,337023
2009-10-26/00:00:00,19.27,20.39,18.24,19.37,294764
2009-10-27/00:00:00,18.79,19.4,18.51,18.89,134021
2009-10-28/00:00:00,18.71,19.34,18.25,18.7,112526
2009-10-29/00:00:00,18.29,18.46,18.07,18.24,192968
2009-11-01/00:00:00,17.7,18.15,17.41,17.68,52571
2009-11-02/00:00:00,18.25,18.25,17.57,17.71,77570
2009-11-03/00:00:00,17.41,17.68,16.99,17.29,59187
2009-11-04/00:00:00,17.71,18.24,17.69,17.93,56559
2009-11-05/00:00:00,18.24,18.24,17.27,17.52,48150
2009-11-08/00:00:00,17.69,17.69,17.51,17.67,42795
2009-11-09/00:00:00,18.01,18.01,17.41,17.64,66788
2009-11-10/00:00:00,17.71,17.96,17.56,17.68,140096
2009-11-11/00:00:00,17.69,17.69,17.47,17.66,88464
2009-11-12/00:00:00,17.49,17.72,17.41,17.63,80349
2009-11-15/00:00:00,17.45,17.68,17.45,17.47,208343
2009-11-16/00:00:00,17.63,17.63,17.18,17.48,63357
2009-11-17/00:00:00,17.31,17.65,17.23,17.47,55047
2009-11-18/00:00:00,17.14,17.39,16.85,17.19,31212
2009-11-19/00:00:00,17.13,17.68,16.86,17.22,68448
2009-11-22/00:00:00,17.55,17.57,16.98,17.19,50570
2009-11-23/00:00:00,17.52,17.54,17.19,17.28,105537
2009-11-24/00:00:00,17.52,17.53,17.3,17.41,44393
2009-11-25/00:00:00,17.15,17.57,17.15,17.5,38333
2009-11-30/00:00:00,16.99,17.4,16.59,17.08,46278
2009-12-01/00:00:00,16.61,17.4,16.61,17.08,62519
2009-12-02/00:00:00,17.4,17.4,17.13,17.21,33411
2009-12-03/00:00:00,17.35,17.43,17.19,17.29,33212
2009-12-06/00:00:00,17.27,17.63,17.27,17.47,14301
2009-12-07/00:00:00,17.19,17.52,17.13,17.3,13376
2009-12-08/00:00:00,17.51,17.52,17.3,17.43,18923
2009-12-09/00:00:00,17.15,17.16,17.01,17.11,28470
2009-12-10/00:00:00,16.94,17.27,16.94,17.16,10805
2009-12-13/00:00:00,17.47,17.57,17.19,17.39,38747
2009-12-14/00:00:00,17.49,17.91,17.33,17.69,84218
2009-12-15/00:00:00,17.69,17.69,17.69,17.69,120134
2009-12-16/00:00:00,17.69,17.69,17.19,17.48,24392
2009-12-17/00:00:00,17.41,17.69,17.13,17.47,17652
2009-12-20/00:00:00,17.42,17.69,17.3,17.57,32025
2009-12-21/00:00:00,17.41,17.69,16.99,17.53,18095
2009-12-22/00:00:00,17.69,17.69,17.41,17.63,45353
2009-12-23/00:00:00,17.41,17.67,17.41,17.59,45422
2009-12-24/00:00:00,17.66,17.66,17.41,17.53,8817
2009-12-27/00:00:00,17.65,17.69,17.41,17.53,7712
2009-12-28/00:00:00,17.41,17.65,17.41,17.47,14276
2009-12-29/00:00:00,17.65,17.69,17.35,17.49,6257
2009-12-30/00:00:00,17.66,17.68,17.13,17.4,837428
2009-12-31/00:00:00,17.02,18.18,17.02,17.53,36878
2010-01-03/00:00:00,17.44,17.96,17.44,17.79,15596
2010-01-04/00:00:00,17.59,18.35,17.59,18.18,38135
2010-01-05/00:00:00,18.21,18.79,17.82,18.56,56046
2010-01-06/00:00:00,18.85,18.87,18.09,18.48,62682
2010-01-10/00:00:00,18.25,18.77,18.24,18.55,31406
2010-01-11/00:00:00,18.79,18.79,18.51,18.59,23645
2010-01-12/00:00:00,18.51,18.79,18.51,18.57,126770
2010-01-13/00:00:00,18.6,18.71,18.4,18.56,51554
2010-01-14/00:00:00,18.72,18.79,18.54,18.67,83345
2010-01-17/00:00:00,18.77,18.79,18.24,18.47,115662
2010-01-18/00:00:00,18.3,18.79,18.24,18.54,109188
2010-01-19/00:00:00,18.79,18.9,18.51,18.71,110246
2010-01-20/00:00:00,18.79,18.79,18.68,18.79,38013
2010-01-21/00:00:00,18.54,18.93,18.54,18.81,15590
2010-01-24/00:00:00,18.55,18.85,18.55,18.79,52062
2010-01-26/00:00:00,18.45,18.68,18.4,18.41,75072
2010-01-27/00:00:00,18.67,19.07,18.67,18.83,25334
2010-01-28/00:00:00,18.83,19.34,18.69,18.88,68661
2010-01-31/00:00:00,19.34,19.34,18.49,18.95,41046
2010-02-01/00:00:00,18.79,19.27,18.71,18.89,5306
2010-02-02/00:00:00,18.85,19.07,18.66,18.89,42350
2010-02-03/00:00:00,18.67,18.95,18.65,18.85,96945
2010-02-04/00:00:00,18.79,18.85,18.69,18.73,61517
2010-02-07/00:00:00,18.68,18.79,18.6,18.75,64961
2010-02-08/00:00:00,18.73,19.34,18.63,18.97,75087
2010-02-09/00:00:00,19.27,19.27,18.79,18.99,48947
2010-02-10/00:00:00,19.28,19.28,18.79,19.01,50646
2010-02-11/00:00:00,18.8,19.28,18.8,19.13,39609
2010-02-14/00:00:00,19.07,19.23,18.83,19.05,114264
2010-02-15/00:00:00,18.85,18.89,18.74,18.82,25496
2010-02-16/00:00:00,18.79,19.05,18.65,18.79,15855
2010-02-17/00:00:00,18.79,18.79,18.33,18.69,70125
2010-02-18/00:00:00,18.79,18.79,18.47,18.79,51905
2010-02-21/00:00:00,18.79,18.79,18.51,18.71,61556
2010-02-22/00:00:00,18.79,18.79,18.4,18.77,43106
2010-02-23/00:00:00,18.78,19.73,18.78,19.19,2516490
2010-02-24/00:00:00,19.34,20.67,19.34,19.92,397290
2010-02-25/00:00:00,20.89,21.5,20.12,20.77,336633
2010-02-28/00:00:00,20.73,21.0,20.08,20.41,142622
2010-03-01/00:00:00,20.77,21.55,20.59,21.28,832509
2010-03-02/00:00:00,21.55,22.93,21.34,22.35,352053
2010-03-03/00:00:00,22.07,22.33,21.51,21.87,239732
2010-03-04/00:00:00,21.56,22.07,20.95,21.47,294237
2010-03-07/00:00:00,21.01,21.53,20.72,21.06,119115
2010-03-08/00:00:00,20.95,21.0,20.03,20.56,153440
2010-03-09/00:00:00,20.56,20.93,20.09,20.43,102722
2010-03-10/00:00:00,20.89,21.44,20.56,21.07,143783
2010-03-11/00:00:00,21.05,21.55,20.5,21.37,205929
2010-03-14/00:00:00,21.05,21.22,20.73,20.95,143406
2010-03-15/00:00:00,20.73,20.73,19.45,20.17,220988
2010-03-16/00:00:00,20.39,21.22,20.34,20.63,81879
2010-03-17/00:00:00,21.0,21.39,20.73,21.0,170112
2010-03-18/00:00:00,20.53,21.71,20.53,21.41,226997
2010-03-21/00:00:00,21.79,21.83,21.33,21.69,70803
2010-03-23/00:00:00,21.28,22.93,21.0,22.33,584384
2010-03-24/00:00:00,22.38,22.39,21.33,21.73,112737
2010-03-25/00:00:00,21.72,21.94,21.41,21.67,241382
2010-03-28/00:00:00,22.09,22.12,21.55,21.98,173150
2010-03-29/00:00:00,21.83,22.16,21.65,22.07,192026
2010-03-30/00:00:00,21.83,22.11,21.67,21.98,68918
2010-03-31/00:00:00,21.77,22.15,21.75,22.05,123237
2010-04-01/00:00:00,22.11,22.93,22.11,22.63,179223
2010-04-06/00:00:00,22.91,23.21,22.66,23.01,151646
2010-04-07/00:00:00,23.21,24.04,22.93,23.49,261974
2010-04-08/00:00:00,23.51,24.14,23.51,23.93,166383
2010-04-11/00:00:00,24.04,24.87,23.93,24.51,330089
2010-04-12/00:00:00,24.38,24.38,24.06,24.31,86204
2010-04-13/00:00:00,23.83,24.35,23.63,24.15,67125
2010-04-14/00:00:00,24.31,24.31,23.7,23.97,330479
2010-04-15/00:00:00,24.04,24.31,23.66,23.98,128825
2010-04-18/00:00:00,22.37,22.37,21.56,22.11,96882
2010-04-19/00:00:00,21.99,22.1,21.72,21.95,25221
2010-04-20/00:00:00,21.67,22.11,21.67,22.02,20742
2010-04-21/00:00:00,21.83,22.25,21.67,22.11,93989
2010-04-22/00:00:00,22.11,22.77,21.83,22.31,433397
2010-04-26/00:00:00,22.66,23.21,21.94,23.0,163299
2010-04-27/00:00:00,22.44,22.55,22.11,22.17,40656
2010-04-28/00:00:00,22.65,22.65,21.0,21.57,135978
2010-04-29/00:00:00,21.55,22.11,21.55,21.75,19962
2010-05-02/00:00:00,22.05,22.05,21.55,21.65,20471
2010-05-03/00:00:00,21.55,22.11,21.55,21.99,39806
2010-05-04/00:00:00,22.36,22.36,21.47,21.68,9644
2010-05-05/00:00:00,21.55,21.55,21.0,21.53,30995
2010-05-06/00:00:00,21.55,22.11,21.15,21.84,16412
2010-05-09/00:00:00,21.55,21.55,20.75,21.19,237039
2010-05-10/00:00:00,21.69,22.11,21.0,21.39,57696
2010-05-11/00:00:00,21.42,21.47,21.17,21.41,6999
2010-05-12/00:00:00,21.14,21.69,21.0,21.13,7419
2010-05-13/00:00:00,21.11,21.41,20.78,21.0,206069
2010-05-16/00:00:00,20.73,21.38,20.37,20.93,32013
2010-05-17/00:00:00,21.0,21.0,20.18,20.92,18792
2010-05-18/00:00:00,21.28,21.28,20.73,21.05,12101
2010-05-19/00:00:00,20.25,20.89,20.25,20.59,15821
2010-05-20/00:00:00,20.23,20.86,20.23,20.75,7566
2010-05-23/00:00:00,20.2,21.0,19.34,20.67,29850
2010-05-24/00:00:00,20.73,20.73,19.36,20.17,56985
2010-05-25/00:00:00,19.07,19.89,18.79,19.47,39341
2010-05-26/00:00:00,19.48,20.45,19.18,19.76,21915
2010-05-27/00:00:00,20.44,21.0,20.44,20.98,25505
2010-05-30/00:00:00,20.45,21.0,19.34,20.47,23019
2010-05-31/00:00:00,19.74,21.0,19.74,20.75,4649
2010-06-01/00:00:00,20.03,20.73,20.03,20.49,25814
2010-06-02/00:00:00,20.5,20.5,20.45,20.5,5882
2010-06-03/00:00:00,20.45,20.94,20.18,20.65,1617
2010-06-06/00:00:00,20.73,20.73,20.65,20.69,1874
2010-06-07/00:00:00,20.17,20.59,19.73,19.87,10737
2010-06-08/00:00:00,19.43,19.95,19.37,19.71,18471
2010-06-09/00:00:00,19.37,20.44,19.37,19.89,275940
2010-06-10/00:00:00,19.34,20.01,19.34,19.81,4886
2010-06-13/00:00:00,20.28,20.45,20.28,20.45,12938
2010-06-14/00:00:00,20.44,20.45,19.84,20.43,17559
2010-06-15/00:00:00,20.17,20.39,20.17,20.23,663
2010-06-16/00:00:00,20.44,20.45,20.03,20.45,52508
2010-06-17/00:00:00,20.02,20.45,20.02,20.43,92889
2010-06-20/00:00:00,20.7,21.02,20.51,20.97,61493
2010-06-21/00:00:00,21.0,21.0,20.37,20.99,16479
2010-06-22/00:00:00,20.99,20.99,19.89,20.31,24383
2010-06-23/00:00:00,20.45,20.45,19.67,20.23,46409
2010-06-24/00:00:00,19.95,20.45,19.89,20.31,57969
2010-06-27/00:00:00,20.01,20.45,19.98,20.41,7998
2010-06-28/00:00:00,20.45,20.45,20.23,20.34,52349
2010-06-29/00:00:00,20.18,20.45,19.89,20.22,40992
2010-06-30/00:00:00,20.44,20.45,19.84,20.36,7671
2010-07-04/00:00:00,19.46,20.42,19.46,20.37,29216
2010-07-05/00:00:00,19.89,20.23,19.47,19.89,177789
2010-07-06/00:00:00,19.69,20.17,17.13,17.9,540134
2010-07-07/00:00:00,18.51,19.07,18.24,18.63,63360
2010-07-08/00:00:00,17.96,18.73,17.68,18.17,203796
2010-07-11/00:00:00,18.77,18.79,18.19,18.77,126068
2010-07-12/00:00:00,18.32,18.75,18.3,18.53,40560
2010-07-13/00:00:00,18.38,18.76,18.38,18.53,18330
2010-07-14/00:00:00,18.77,18.79,18.28,18.5,46838
2010-07-15/00:00:00,18.31,18.79,18.31,18.69,19613
2010-07-18/00:00:00,18.57,18.57,18.44,18.51,2396
2010-07-19/00:00:00,18.57,18.73,18.33,18.54,18662
2010-07-20/00:00:00,18.51,18.73,18.45,18.51,7154
2010-07-21/00:00:00,18.73,18.79,18.63,18.75,9701
2010-07-22/00:00:00,18.78,18.79,18.63,18.78,17078
2010-07-25/00:00:00,18.79,19.34,18.63,18.97,13523
2010-07-26/00:00:00,19.33,20.73,19.24,20.69,1241912
2010-07-27/00:00:00,19.87,19.98,19.47,19.73,16956
2010-07-28/00:00:00,19.35,19.89,19.35,19.7,27374
2010-07-29/00:00:00,20.33,24.4,20.01,21.78,169937
2010-08-01/00:00:00,22.19,22.83,22.0,22.38,49760
2010-08-02/00:00:00,22.0,22.07,21.87,22.01,10442
2010-08-03/00:00:00,22.07,22.33,21.97,22.08,49682
2010-08-04/00:00:00,21.89,22.33,21.89,22.01,27378
2010-08-05/00:00:00,22.43,22.43,21.93,21.98,38888
2010-08-08/00:00:00,21.93,21.93,20.92,21.73,16841
2010-08-09/00:00:00,21.73,21.73,21.25,21.73,91019
2010-08-10/00:00:00,21.34,21.39,21.0,21.31,22142
2010-08-11/00:00:00,20.91,21.33,20.87,21.03,4560
2010-08-12/00:00:00,20.87,21.07,20.87,21.05,345
2010-08-15/00:00:00,21.64,21.64,21.07,21.09,11366
2010-08-16/00:00:00,21.03,21.31,21.03,21.11,16676
2010-08-17/00:00:00,21.19,21.25,20.35,20.78,83700
2010-08-18/00:00:00,20.35,21.25,20.33,20.34,3052338
2010-08-19/00:00:00,20.69,20.69,20.33,20.37,521801
2010-08-22/00:00:00,20.45,20.45,20.38,20.41,1500
2010-08-23/00:00:00,20.5,20.58,20.43,20.45,9374
2010-08-24/00:00:00,20.49,20.49,20.41,20.45,10415
2010-08-25/00:00:00,20.43,20.57,20.33,20.34,2165135
2010-08-26/00:00:00,20.38,20.5,20.33,20.33,1689120
2010-08-29/00:00:00,20.37,20.43,20.33,20.36,4143
2010-08-30/00:00:00,20.27,20.73,20.27,20.63,12506
2010-08-31/00:00:00,20.33,20.93,20.33,20.61,387932
2010-09-01/00:00:00,20.93,20.99,20.67,20.9,129582
2010-09-02/00:00:00,20.93,21.0,20.8,20.99,204099
2010-09-05/00:00:00,20.93,21.33,20.84,20.99,135156
2010-09-06/00:00:00,20.99,21.33,20.99,21.03,216392
2010-09-07/00:00:00,20.72,20.87,20.72,20.77,6948
2010-09-08/00:00:00,21.29,21.93,21.29,21.55,142941
2010-09-13/00:00:00,21.35,21.67,21.33,21.47,5540
2010-09-14/00:00:00,21.47,21.65,21.41,21.55,14850
2010-09-15/00:00:00,21.67,21.67,21.36,21.67,69047
2010-09-16/00:00:00,21.7,22.0,21.67,21.8,101124
2010-09-19/00:00:00,21.8,21.87,21.8,21.8,1982664
2010-09-20/00:00:00,21.67,21.7,21.36,21.56,11583
2010-09-21/00:00:00,21.23,22.0,21.23,21.84,72044
2010-09-22/00:00:00,21.35,22.0,21.35,21.76,31007
2010-09-23/00:00:00,22.0,22.0,21.67,21.97,61296
2010-09-26/00:00:00,22.0,22.0,21.71,21.98,16071
2010-09-27/00:00:00,21.67,21.99,21.63,21.78,34475
2010-09-28/00:00:00,21.55,21.91,21.45,21.63,34388
2010-09-29/00:00:00,21.93,22.13,21.68,21.99,129525
2010-09-30/00:00:00,21.67,22.0,21.67,22.0,22500
2010-10-03/00:00:00,22.0,22.0,21.73,22.0,20313
2010-10-04/00:00:00,22.0,22.17,22.0,22.13,53367
2010-10-05/00:00:00,22.0,22.33,21.73,22.0,9203
2010-10-07/00:00:00,21.73,22.17,21.73,22.07,10002
2010-10-10/00:00:00,21.73,22.0,21.5,21.82,7580
2010-10-11/00:00:00,21.67,21.67,21.55,21.67,382556
2010-10-12/00:00:00,21.97,22.0,21.61,21.99,6080
2010-10-13/00:00:00,22.0,22.12,21.71,21.99,18734
2010-10-14/00:00:00,21.68,22.0,21.68,21.99,8084
2010-10-17/00:00:00,31.19,31.19,30.99,30.99,200
2010-10-18/00:00:00,21.99,22.07,21.51,21.93,27690
2010-10-19/00:00:00,21.55,22.0,21.55,21.95,12110
2010-10-20/00:00:00,21.54,22.0,21.53,21.74,16350
2010-10-21/00:00:00,21.67,22.0,21.63,21.97,9761
2010-10-24/00:00:00,22.0,22.0,21.73,22.0,26129
2010-10-25/00:00:00,22.0,22.0,21.78,21.99,21041
2010-10-26/00:00:00,21.78,21.92,21.17,21.37,56043
2010-10-27/00:00:00,21.35,21.67,21.1,21.43,47478
2010-10-28/00:00:00,21.33,21.35,21.14,21.33,90927
2010-10-31/00:00:00,21.14,21.67,21.13,21.35,12870
2010-11-01/00:00:00,21.27,21.33,21.17,21.31,21962
2010-11-02/00:00:00,21.08,21.89,21.08,21.59,934428
2010-11-03/00:00:00,21.87,21.89,21.7,21.79,37725
2010-11-04/00:00:00,21.73,22.67,21.73,22.22,292340
2010-11-07/00:00:00,22.63,22.99,22.51,22.6,15333
2010-11-08/00:00:00,22.31,22.77,22.31,22.53,73640
2010-11-09/00:00:00,22.41,22.77,22.4,22.56,44055
2010-11-10/00:00:00,22.41,22.67,22.41,22.67,130113
2010-11-11/00:00:00,22.42,22.9,22.41,22.75,19106
2010-11-14/00:00:00,22.67,22.92,22.67,22.77,14483
2010-11-18/00:00:00,22.67,22.83,22.67,22.69,21120
2010-11-21/00:00:00,22.67,22.83,22.47,22.67,38862
2010-11-22/00:00:00,22.67,22.67,22.37,22.45,154683
2010-11-23/00:00:00,22.4,22.5,22.17,22.31,23322
2010-11-24/00:00:00,22.14,22.17,22.14,22.15,2679
2010-11-25/00:00:00,22.4,22.47,22.06,22.35,13758
2010-11-28/00:00:00,22.02,22.07,22.0,22.02,7578
2010-11-29/00:00:00,22.01,22.67,22.0,22.51,32301
2010-11-30/00:00:00,22.51,22.68,22.51,22.66,127916
2010-12-01/00:00:00,22.67,23.0,22.67,22.83,274802
2010-12-02/00:00:00,22.61,22.8,22.6,22.62,8300
2010-12-05/00:00:00,31.6,31.6,31.52,31.56,4432
2010-12-06/00:00:00,22.67,22.79,22.53,22.67,133293
2010-12-08/00:00:00,22.67,23.07,22.67,22.86,111537
2010-12-09/00:00:00,22.86,23.26,22.55,22.91,22466
2010-12-12/00:00:00,22.91,23.0,22.67,22.91,21849
2010-12-13/00:00:00,22.7,22.89,22.7,22.85,9249
2010-12-14/00:00:00,22.99,23.07,22.99,23.0,83250
2010-12-15/00:00:00,22.93,23.32,22.47,22.9,85352
2010-12-16/00:00:00,23.33,23.5,22.53,23.13,11007
2010-12-19/00:00:00,22.7,23.0,22.67,22.96,10386
2010-12-20/00:00:00,22.96,23.0,22.8,22.97,41832
2010-12-21/00:00:00,22.7,23.0,22.7,22.89,14927
2010-12-22/00:00:00,22.7,23.0,22.33,22.6,49790
2010-12-23/00:00:00,22.99,23.0,22.41,22.71,9417
2010-12-26/00:00:00,22.67,22.67,22.34,22.66,48485
2010-12-27/00:00:00,22.67,22.73,22.4,22.65,6693
2010-12-28/00:00:00,22.67,22.67,22.67,22.67,7455
2010-12-29/00:00:00,22.8,22.83,22.67,22.76,84660
2010-12-30/00:00:00,22.96,22.97,22.43,22.73,37955
2011-01-03/00:00:00,22.67,22.67,22.6,22.66,7140
2011-01-04/00:00:00,22.67,22.67,22.54,22.66,15930
2011-01-05/00:00:00,22.67,22.67,22.64,22.67,98498
2011-01-06/00:00:00,22.93,22.97,22.64,22.67,346082
2011-01-10/00:00:00,22.54,22.67,22.54,22.63,13917
2011-01-11/00:00:00,22.98,23.01,22.98,23.0,16568
2011-01-12/00:00:00,22.67,23.0,22.67,22.67,2164289
2011-01-13/00:00:00,22.99,23.31,22.67,22.71,931032
2011-01-16/00:00:00,22.74,23.26,22.74,23.17,89165
2011-01-17/00:00:00,22.74,22.77,22.5,22.67,116297
2011-01-18/00:00:00,22.67,23.0,22.34,22.67,136556
2011-01-19/00:00:00,22.67,22.94,21.55,22.61,63461
2011-01-20/00:00:00,22.79,23.07,22.67,22.83,183546
2011-01-23/00:00:00,23.22,23.33,23.0,23.01,24915
2011-01-24/00:00:00,23.2,23.33,22.87,23.33,201963
2011-01-26/00:00:00,23.11,23.13,22.47,22.78,137945
2011-01-27/00:00:00,22.04,22.33,18.7,21.69,52725
2011-03-23/00:00:00,19.52,19.52,19.52,19.52,30272
2011-03-24/00:00:00,18.83,20.07,18.0,19.81,55460
2011-03-27/00:00:00,20.0,21.78,20.0,21.13,55790
2011-03-28/00:00:00,21.93,22.01,20.2,21.22,93140
2011-03-29/00:00:00,21.33,22.22,20.0,20.81,202589
2011-03-30/00:00:00,21.33,21.47,20.37,21.15,83928
2011-03-31/00:00:00,21.3,21.33,20.47,20.99,169371
2011-04-03/00:00:00,20.99,21.36,20.49,21.19,119645
2011-04-04/00:00:00,20.88,21.33,20.33,20.67,155565
2011-04-05/00:00:00,20.82,21.32,20.82,21.08,9438
2011-04-06/00:00:00,21.09,21.33,21.0,21.09,86361
2011-04-07/00:00:00,20.88,21.27,20.83,21.13,7724
2011-04-10/00:00:00,21.13,21.17,20.97,21.15,6024
2011-04-11/00:00:00,21.07,21.27,20.67,21.01,36561
2011-04-12/00:00:00,20.41,21.19,20.41,21.02,49023
2011-04-13/00:00:00,21.07,21.27,21.0,21.08,53649
2011-04-14/00:00:00,21.04,21.27,21.0,21.02,64500
2011-04-18/00:00:00,20.44,21.0,20.0,20.43,53541
2011-04-19/00:00:00,20.67,21.33,20.42,20.96,44679
2011-04-20/00:00:00,20.74,21.0,20.34,20.64,55185
2011-04-21/00:00:00,20.99,21.0,18.87,20.34,144918
2011-04-26/00:00:00,20.87,20.93,20.67,20.87,169709
2011-04-27/00:00:00,20.67,20.93,20.48,20.7,36201
2011-04-28/00:00:00,20.8,21.2,20.75,21.0,6734915
2011-05-02/00:00:00,20.87,21.33,20.67,21.11,14052
2011-05-03/00:00:00,21.33,21.59,21.33,21.34,40488
2011-05-04/00:00:00,21.33,21.33,20.89,21.25,30704
2011-05-05/00:00:00,21.13,21.33,20.67,21.17,10253
2011-05-08/00:00:00,20.73,21.17,20.01,20.59,34982
2011-05-09/00:00:00,20.67,21.32,18.53,20.89,450408
2011-05-10/00:00:00,21.0,21.0,20.0,20.65,5321
2011-05-11/00:00:00,20.67,20.67,20.33,20.61,26256
2011-05-12/00:00:00,20.07,21.33,20.07,21.13,36119
2011-05-15/00:00:00,20.77,21.0,20.77,20.97,1340
2011-05-16/00:00:00,21.33,21.33,21.0,21.13,9600
2011-05-17/00:00:00,21.01,21.53,21.01,21.18,10724
2011-05-18/00:00:00,21.02,21.63,21.01,21.45,46601
2011-05-19/00:00:00,21.63,22.0,21.54,21.75,20927
2011-05-22/00:00:00,22.17,22.17,21.84,21.98,5157
2011-05-23/00:00:00,21.84,22.0,21.83,21.85,5609
2011-05-24/00:00:00,21.67,21.7,21.33,21.35,15629
2011-05-25/00:00:00,21.37,21.86,21.37,21.69,38357
2011-05-26/00:00:00,20.93,21.2,20.67,20.86,29829
2011-05-29/00:00:00,21.0,21.2,21.0,21.03,11877
2011-05-30/00:00:00,21.27,21.27,21.05,21.21,3519
2011-05-31/00:00:00,21.19,21.32,21.19,21.27,7958
2011-06-01/00:00:00,21.07,21.34,21.07,21.2,8165
2011-06-02/00:00:00,21.03,21.33,20.87,21.26,9536
2011-06-05/00:00:00,21.33,21.34,20.91,21.32,30762
2011-06-06/00:00:00,21.0,21.67,21.0,21.23,131465
2011-06-07/00:00:00,21.15,21.23,21.15,21.23,36
2011-06-08/00:00:00,21.23,21.23,21.04,21.15,4202
2011-06-09/00:00:00,21.01,21.01,20.97,21.0,5828
2011-06-12/00:00:00,21.27,21.33,21.27,21.32,3750
2011-06-13/00:00:00,21.32,21.33,21.07,21.17,16533
2011-06-14/00:00:00,21.01,21.16,20.67,20.97,105659
2011-06-15/00:00:00,20.98,21.33,20.9,21.23,7197
2011-06-16/00:00:00,21.31,21.33,21.0,21.16,40325
2011-06-19/00:00:00,21.17,21.17,20.8,20.99,74984
2011-06-20/00:00:00,20.81,21.0,20.59,20.75,119919
2011-06-21/00:00:00,20.7,20.7,20.13,20.51,38882
2011-06-22/00:00:00,20.67,20.67,20.17,20.31,31125
2011-06-23/00:00:00,20.6,20.6,20.17,20.45,5351
2011-06-26/00:00:00,20.17,20.63,20.0,20.24,11457
2011-06-27/00:00:00,20.24,20.24,19.53,20.24,2839371
2011-06-28/00:00:00,19.98,19.98,19.6,19.67,235509
2011-06-29/00:00:00,19.57,19.57,19.35,19.45,6873
2011-06-30/00:00:00,19.42,19.67,19.42,19.66,3051
2011-07-03/00:00:00,19.57,19.66,19.57,19.66,5664
2011-07-04/00:00:00,19.57,19.67,19.37,19.63,24839
2011-07-05/00:00:00,19.67,20.0,19.42,19.67,695616
2011-07-06/00:00:00,19.67,19.67,19.4,19.67,847871
2011-07-07/00:00:00,19.93,19.93,19.67,19.67,16041
2011-07-10/00:00:00,19.39,19.97,19.33,19.69,10725
2011-07-11/00:00:00,19.33,19.8,18.67,19.63,12173
2011-07-12/00:00:00,19.66,19.66,19.4,19.65,168
2011-07-13/00:00:00,19.67,19.67,19.6,19.67,226455
2011-07-14/00:00:00,19.34,19.34,19.33,19.33,10623
2011-07-17/00:00:00,19.53,19.53,19.33,19.5,2648
2011-07-18/00:00:00,19.33,19.41,19.33,19.4,38868
2011-07-19/00:00:00,19.55,19.67,19.4,19.51,9681
2011-07-20/00:00:00,19.67,19.93,19.67,19.78,6023
2011-07-21/00:00:00,19.77,20.13,19.77,19.96,10500
2011-07-25/00:00:00,20.0,20.0,19.67,19.85,378
2011-07-26/00:00:00,20.0,20.3,19.41,20.17,6792
2011-07-27/00:00:00,20.29,20.34,20.17,20.33,50121
2011-07-28/00:00:00,20.33,20.33,20.33,20.33,8100
2011-07-31/00:00:00,20.39,20.4,19.67,19.9,27426
2011-08-01/00:00:00,19.9,19.9,19.9,19.9,150
2011-08-02/00:00:00,20.0,20.0,20.0,20.0,1500
2011-08-03/00:00:00,20.29,20.29,20.0,20.04,338
2011-08-04/00:00:00,20.0,20.0,20.0,20.0,2250
2011-08-07/00:00:00,19.74,20.0,19.73,19.92,13691
2011-08-08/00:00:00,19.87,20.32,19.33,19.97,66708
2011-08-09/00:00:00,19.92,20.0,19.33,19.99,64686
2011-08-10/00:00:00,19.4,20.33,19.4,20.03,1781
2011-08-11/00:00:00,19.5,20.0,19.5,19.95,5225
2011-08-14/00:00:00,19.6,19.93,19.6,19.66,549
2011-08-15/00:00:00,20.0,20.0,20.0,20.0,2307
2011-08-16/00:00:00,19.43,20.02,19.36,19.92,10308
2011-08-17/00:00:00,20.0,20.33,20.0,20.09,1665
2011-08-18/00:00:00,20.17,20.4,20.17,20.33,4050
2011-08-21/00:00:00,19.35,20.17,19.35,19.8,707
2011-08-22/00:00:00,20.0,20.0,20.0,20.0,391646
2011-08-23/00:00:00,20.0,20.0,20.0,20.0,1500
2011-08-24/00:00:00,20.0,20.12,20.0,20.0,1500
2011-08-25/00:00:00,20.01,20.01,20.0,20.0,185342
2011-08-28/00:00:00,20.0,20.39,19.7,20.0,6878
2011-08-29/00:00:00,20.01,20.39,19.75,20.0,3975
2011-09-04/00:00:00,20.1,20.33,20.01,20.11,6000
2011-09-05/00:00:00,20.4,21.31,20.4,20.7,22067
2011-09-06/00:00:00,21.0,21.26,20.67,20.93,29700
2011-09-07/00:00:00,20.93,21.0,20.83,20.94,128597
2011-09-08/00:00:00,20.67,21.01,20.67,20.93,23730
2011-09-11/00:00:00,20.67,21.01,20.67,20.99,3584
2011-09-12/00:00:00,20.77,20.8,20.67,20.74,3719
2011-09-13/00:00:00,20.79,20.83,20.79,20.8,2811
2011-09-14/00:00:00,20.8,20.93,20.8,20.93,14031
2011-09-15/00:00:00,20.67,20.73,20.0,20.61,11036
2011-09-18/00:00:00,20.67,20.67,20.67,20.67,12818
2011-09-19/00:00:00,20.67,20.67,20.67,20.67,1970
2011-09-20/00:00:00,20.67,20.93,20.67,20.81,4500
2011-09-21/00:00:00,20.93,20.93,20.93,20.93,450
2011-09-22/00:00:00,20.67,20.68,20.67,20.67,3092
2011-09-25/00:00:00,20.53,20.67,20.0,20.13,18224
2011-09-26/00:00:00,20.33,20.67,20.33,20.49,17072
2011-09-27/00:00:00,20.01,20.62,19.99,20.01,16230
2011-09-28/00:00:00,20.0,20.67,20.0,20.03,69828
2011-09-29/00:00:00,20.0,20.6,20.0,20.0,126872
2011-10-02/00:00:00,20.03,20.05,19.71,20.0,6543
2011-10-03/00:00:00,20.0,20.0,20.0,20.0,35427
2011-10-04/00:00:00,20.0,20.4,20.0,20.03,24056
2011-10-05/00:00:00,20.0,20.0,20.0,20.0,64542
2011-10-09/00:00:00,19.4,20.02,19.4,20.01,1983
2011-10-10/00:00:00,20.0,20.0,20.0,20.0,8781
2011-10-11/00:00:00,20.0,20.01,20.0,20.0,12075
2011-10-13/00:00:00,20.0,20.03,20.0,20.0,40641
2011-10-16/00:00:00,20.33,20.33,20.0,20.01,1575
2011-10-17/00:00:00,19.34,20.5,19.34,20.01,4542
2011-10-18/00:00:00,20.0,20.0,20.0,20.0,5625
2011-10-19/00:00:00,20.0,20.67,20.0,20.24,5945
2011-10-20/00:00:00,20.03,20.67,20.0,20.24,12363
2011-10-23/00:00:00,20.33,20.65,20.33,20.33,9000
2011-10-24/00:00:00,20.33,20.33,20.33,20.33,4494
2011-10-25/00:00:00,20.33,20.33,20.33,20.33,6705
2011-10-26/00:00:00,20.53,20.67,20.53,20.65,19961
2011-10-27/00:00:00,20.34,20.66,20.34,20.43,317
2011-10-30/00:00:00,20.0,20.67,20.0,20.47,527
2011-10-31/00:00:00,20.67,20.73,20.67,20.67,7140
2011-11-01/00:00:00,20.67,20.67,20.67,20.67,5066
2011-11-02/00:00:00,20.13,20.67,20.13,20.17,74876
2011-11-03/00:00:00,20.8,20.8,20.8,20.8,300
2011-11-09/00:00:00,20.33,20.39,20.33,20.33,131381
2011-11-10/00:00:00,20.65,20.67,20.65,20.67,57221
2011-11-13/00:00:00,20.37,20.37,20.0,20.03,30750
2011-11-14/00:00:00,20.01,20.67,20.0,20.63,140669
2011-11-15/00:00:00,20.33,20.33,20.33,20.33,103943
2011-11-17/00:00:00,20.37,20.67,20.33,20.59,22646
2011-11-20/00:00:00,20.01,20.01,20.0,20.0,53550
2011-11-21/00:00:00,20.04,20.67,20.0,20.17,8042
2011-11-22/00:00:00,19.67,20.33,19.67,19.97,48285
2011-11-23/00:00:00,20.0,20.01,19.99,20.0,25767
2011-11-24/00:00:00,20.0,20.33,19.9,20.07,12083
2011-11-29/00:00:00,20.17,20.6,20.17,20.17,1515467
2011-11-30/00:00:00,20.17,20.17,20.17,20.17,13605
2011-12-01/00:00:00,20.17,20.67,20.17,20.19,48930
2011-12-04/00:00:00,20.33,20.33,20.33,20.33,945
2011-12-05/00:00:00,20.17,20.18,20.17,20.17,352556
2011-12-06/00:00:00,20.5,20.53,20.5,20.5,30119
2011-12-07/00:00:00,20.5,20.5,20.18,20.5,54198
2011-12-08/00:00:00,20.65,20.65,20.5,20.5,113
2011-12-12/00:00:00,20.07,20.33,20.05,20.31,10266
2011-12-13/00:00:00,20.53,20.53,20.53,20.53,240
2011-12-14/00:00:00,20.17,20.33,20.17,20.29,39683
2011-12-15/00:00:00,20.17,20.33,20.17,20.17,236156
2011-12-18/00:00:00,20.09,20.09,20.0,20.01,1260
2011-12-19/00:00:00,20.0,20.0,20.0,20.0,480
2011-12-20/00:00:00,20.17,20.17,20.17,20.17,437628
2011-12-21/00:00:00,20.0,20.17,20.0,20.0,29295
2011-12-22/00:00:00,20.0,20.0,19.69,19.98,26769
2011-12-26/00:00:00,20.0,20.0,19.98,19.98,120
2011-12-28/00:00:00,20.0,20.22,20.0,20.02,4298
2011-12-29/00:00:00,20.0,20.23,19.68,19.99,39332
2012-01-02/00:00:00,20.0,20.0,20.0,20.0,668
2012-01-03/00:00:00,20.33,20.33,20.0,20.3,7017
2012-01-04/00:00:00,20.33,20.33,20.29,20.3,53625
2012-01-11/00:00:00,20.0,20.01,20.0,20.0,36546
2012-01-12/00:00:00,20.0,20.0,20.0,20.0,27432
2012-01-15/00:00:00,20.0,20.0,20.0,20.0,3555
2012-01-17/00:00:00,20.0,20.01,19.84,20.0,20070
2012-01-18/00:00:00,19.8,20.0,19.8,20.0,16728
2012-01-19/00:00:00,20.0,20.0,20.0,20.0,11316
2012-01-22/00:00:00,19.99,20.0,19.73,19.97,20469
2012-01-23/00:00:00,19.67,20.0,19.67,19.89,9120
2012-01-24/00:00:00,20.0,20.0,20.0,20.0,2250
2012-01-26/00:00:00,20.27,20.8,20.27,20.33,26598
2012-01-29/00:00:00,20.27,20.27,19.35,19.94,9527
2012-01-30/00:00:00,20.83,20.83,19.67,20.03,3225
2012-01-31/00:00:00,20.03,20.03,19.83,19.99,20342
2012-02-01/00:00:00,19.9,19.99,19.9,19.99,8
2012-02-02/00:00:00,20.0,20.03,20.0,20.01,10901
2012-02-06/00:00:00,20.0,20.0,19.99,20.0,65895
2012-02-07/00:00:00,20.0,20.0,20.0,20.0,8175
2012-02-08/00:00:00,20.0,20.0,19.99,20.0,1845
2012-02-09/00:00:00,20.0,20.0,19.34,19.49,16440
2012-02-12/00:00:00,19.9,20.0,19.9,19.99,14949
2012-02-13/00:00:00,20.0,20.17,19.35,19.53,148161
2012-02-14/00:00:00,19.53,19.67,19.07,19.51,116229
2012-02-15/00:00:00,19.1,19.33,18.4,18.85,83853
2012-02-16/00:00:00,18.67,18.67,18.33,18.66,103250
2012-02-19/00:00:00,19.5,19.5,19.0,19.17,3633
2012-02-20/00:00:00,19.04,19.31,18.81,19.13,23267
2012-02-21/00:00:00,19.11,19.19,18.88,19.12,9102
2012-02-22/00:00:00,19.13,19.2,18.67,18.67,635297
2012-02-23/00:00:00,19.15,19.33,19.0,19.22,12972
2012-02-26/00:00:00,19.23,19.33,18.67,19.11,31790
2012-02-27/00:00:00,18.87,19.07,18.83,18.93,14363
2012-02-28/00:00:00,18.84,19.2,18.84,19.01,157656
2012-02-29/00:00:00,19.0,19.0,18.93,18.95,7592
2012-03-01/00:00:00,19.07,19.07,18.8,19.0,89288
2012-03-04/00:00:00,19.0,19.03,19.0,19.0,3947
2012-03-05/00:00:00,19.17,19.33,18.87,19.2,11550
2012-03-06/00:00:00,19.33,19.33,19.0,19.18,2057
2012-03-07/00:00:00,19.03,19.07,18.88,18.99,5403
2012-03-08/00:00:00,19.07,19.07,18.8,18.97,10697
2012-03-11/00:00:00,18.77,19.0,18.77,18.94,6075
2012-03-12/00:00:00,19.2,19.2,18.67,18.93,95669
2012-03-13/00:00:00,19.0,19.12,18.77,19.0,203706
2012-03-14/00:00:00,19.0,19.33,18.77,19.19,10770
2012-03-15/00:00:00,19.19,18.83,18.1,18.61,87500
2012-03-18/00:00:00,18.61,18.67,18.61,18.66,3716
2012-03-19/00:00:00,18.66,18.67,17.75,18.05,99659
2012-03-20/00:00:00,18.05,18.33,17.32,17.48,113973
2012-03-21/00:00:00,17.48,17.36,17.25,17.33,12600
2012-03-22/00:00:00,17.33,17.33,16.65,16.76,78467
2012-03-25/00:00:00,16.76,16.67,15.92,16.31,11940
2012-03-26/00:00:00,16.31,16.53,15.04,15.49,66707
2012-03-27/00:00:00,15.49,15.71,14.73,15.32,10163
2012-03-28/00:00:00,15.32,14.74,14.0,14.5,470910
2012-03-29/00:00:00,14.5,14.67,14.17,14.38,70050
2012-04-01/00:00:00,14.38,14.01,13.53,13.73,33573
2012-04-02/00:00:00,13.73,13.93,13.33,13.77,70481
2012-04-03/00:00:00,13.77,13.47,12.73,13.08,370283
2012-04-04/00:00:00,13.08,13.33,13.03,13.08,119372
2012-04-05/00:00:00,13.08,13.01,12.85,12.99,148554
2012-04-08/00:00:00,12.99,13.33,12.9,13.25,8643
2012-04-09/00:00:00,13.25,13.33,12.67,13.02,428640
2012-04-10/00:00:00,13.02,13.32,12.53,12.73,80273
2012-04-11/00:00:00,12.73,12.67,12.57,12.66,1485245
2012-04-12/00:00:00,12.66,12.67,12.5,12.63,348468
2012-04-17/00:00:00,12.63,12.65,12.44,12.55,129329
2012-04-18/00:00:00,12.55,12.63,12.07,12.24,81347
2012-04-19/00:00:00,12.24,12.03,11.95,11.99,888492
2012-04-22/00:00:00,11.99,13.19,11.99,13.03,87032
2012-04-23/00:00:00,13.03,13.07,12.4,12.59,745802
2012-04-24/00:00:00,12.59,12.67,11.99,12.05,2750789
2012-04-26/00:00:00,12.05,13.13,12.0,12.11,2282982
2012-04-29/00:00:00,12.11,13.13,12.11,12.73,342662
2012-04-30/00:00:00,12.73,12.99,12.63,12.75,719505
2012-05-02/00:00:00,12.75,12.73,12.37,12.62,170412
2012-05-03/00:00:00,12.62,12.63,12.35,12.57,122213
2012-05-06/00:00:00,12.57,12.97,12.7,12.81,104973
2012-05-07/00:00:00,12.81,12.87,12.63,12.68,625673
2012-05-08/00:00:00,12.68,13.45,12.8,13.25,328571
2012-05-09/00:00:00,13.25,13.45,13.08,13.23,299906
2012-05-10/00:00:00,13.23,13.48,13.27,13.33,136760
2012-05-13/00:00:00,13.33,13.63,13.23,13.33,198158
2012-05-14/00:00:00,18.49,18.5,18.15,18.26,310650
2012-05-15/00:00:00,13.17,12.33,11.9,12.03,415544
2012-05-16/00:00:00,12.03,12.28,11.93,12.0,296306
2012-05-17/00:00:00,12.0,11.97,11.63,11.83,360237
2012-05-20/00:00:00,11.83,11.61,10.99,11.1,237009
2012-05-21/00:00:00,11.1,11.33,10.98,11.02,875231
2012-05-22/00:00:00,11.02,11.22,10.87,10.99,152922
2012-05-23/00:00:00,10.99,11.11,10.91,10.99,331823
2012-05-24/00:00:00,10.99,11.26,10.97,11.05,78134
2012-05-27/00:00:00,11.05,11.03,10.48,10.69,176400
2012-05-28/00:00:00,10.69,10.79,10.33,10.53,81140
2012-05-29/00:00:00,10.53,10.67,10.2,10.51,51998
2012-05-30/00:00:00,10.51,10.58,10.33,10.38,121506
2012-05-31/00:00:00,10.38,10.73,10.34,10.55,157037
2012-06-03/00:00:00,10.55,10.59,10.2,10.41,36708
2012-06-04/00:00:00,10.41,10.6,10.34,10.41,59900
2012-06-05/00:00:00,10.33,10.5,10.29,10.37,39560
2012-06-06/00:00:00,10.37,10.48,10.29,10.38,27192
2012-06-07/00:00:00,10.38,10.53,10.38,10.43,75717
2012-06-10/00:00:00,10.43,10.66,10.45,10.53,38220
2012-06-11/00:00:00,10.53,10.71,10.47,10.53,102131
2012-06-12/00:00:00,10.53,10.67,10.53,10.61,65588
2012-06-13/00:00:00,10.61,10.73,10.6,10.63,65553
2012-06-14/00:00:00,10.63,10.86,10.57,10.6,357912
2012-06-18/00:00:00,10.6,11.33,10.56,10.63,54105
2012-06-19/00:00:00,10.63,10.6,10.2,10.35,142329
2012-06-20/00:00:00,10.35,10.6,10.51,10.57,58500
2012-06-21/00:00:00,10.57,10.57,10.41,10.51,21741
2012-06-24/00:00:00,10.51,10.76,10.64,10.67,70763
2012-06-25/00:00:00,10.67,11.71,10.93,11.45,130215
2012-06-26/00:00:00,11.45,11.85,11.33,11.47,740529
2012-06-27/00:00:00,11.47,11.99,11.55,11.75,92568
2012-06-28/00:00:00,11.75,12.0,11.68,11.91,57774
2012-07-02/00:00:00,11.91,12.33,12.0,12.06,291969
2012-07-03/00:00:00,12.06,12.33,12.0,12.15,135990
2012-07-04/00:00:00,12.15,12.3,11.67,12.01,147642
2012-07-05/00:00:00,12.01,12.15,12.01,12.05,93075
2012-07-08/00:00:00,12.05,12.12,11.74,11.99,262452
2012-07-09/00:00:00,11.99,11.93,11.33,11.76,122286
2012-07-10/00:00:00,11.76,11.9,11.78,11.79,48836
2012-07-11/00:00:00,11.79,11.9,11.67,11.77,11775
2012-07-12/00:00:00,11.77,11.92,11.63,11.77,45300
2012-07-15/00:00:00,11.77,11.8,11.67,11.78,28701
2012-07-16/00:00:00,11.78,12.0,11.67,11.99,258161
2012-07-17/00:00:00,11.99,12.0,11.93,12.0,240825
2012-07-18/00:00:00,12.0,12.0,11.8,11.98,40746
2012-07-19/00:00:00,11.98,12.23,12.0,12.07,41891
2012-07-22/00:00:00,12.07,12.31,12.0,12.21,105206
2012-07-24/00:00:00,12.21,12.21,12.0,12.03,3192098
2012-07-25/00:00:00,12.03,12.1,12.0,12.03,57036
2012-07-26/00:00:00,12.03,12.49,12.03,12.23,40935
2012-07-29/00:00:00,12.23,12.33,12.1,12.23,22505
2012-07-30/00:00:00,12.23,12.38,12.17,12.29,9450
2012-07-31/00:00:00,12.29,12.96,12.29,12.32,996891
2012-08-01/00:00:00,12.32,13.35,12.71,13.23,156012
2012-08-02/00:00:00,13.23,13.33,12.95,13.19,470628
2012-08-05/00:00:00,13.19,13.33,13.0,13.23,34889
2012-08-06/00:00:00,13.23,13.09,12.67,12.95,23796
2012-08-07/00:00:00,12.95,13.33,13.03,13.25,22493
2012-08-08/00:00:00,13.25,13.3,13.07,13.21,36063
2012-08-09/00:00:00,13.21,13.31,13.1,13.19,9479
2012-08-12/00:00:00,13.19,13.52,13.12,13.33,78578
2012-08-13/00:00:00,13.33,13.34,13.33,13.33,34389
2012-08-14/00:00:00,13.33,13.4,13.33,13.35,18600
2012-08-15/00:00:00,13.35,13.57,13.33,13.43,15783
2012-08-16/00:00:00,13.43,13.9,13.47,13.71,29318
2012-08-21/00:00:00,13.71,14.29,13.84,14.03,29564
2012-08-22/00:00:00,14.03,14.23,13.83,13.87,278963
2012-08-23/00:00:00,13.87,14.26,14.0,14.09,27006
2012-08-26/00:00:00,14.09,14.5,14.2,14.33,170264
2012-08-27/00:00:00,14.33,14.51,14.13,14.3,90425
2012-08-28/00:00:00,14.3,14.59,14.33,14.43,62220
2012-08-29/00:00:00,14.43,14.59,14.27,14.39,39453
2012-08-30/00:00:00,14.39,14.56,14.33,14.5,43058
2012-09-02/00:00:00,14.5,14.82,14.42,14.63,56880
2012-09-03/00:00:00,14.63,14.67,14.47,14.62,22017
2012-09-04/00:00:00,14.62,14.99,14.57,14.66,157841
2012-09-05/00:00:00,14.66,14.87,14.67,14.67,164708
2012-09-06/00:00:00,14.67,14.96,14.69,14.77,11132
2012-09-09/00:00:00,14.77,14.73,14.33,14.67,87579
2012-09-10/00:00:00,14.67,14.94,14.66,14.7,62523
2012-09-11/00:00:00,14.7,15.17,14.93,15.08,42191
2012-09-12/00:00:00,15.08,15.13,14.87,14.99,60075
2012-09-13/00:00:00,14.99,15.13,14.77,14.99,195674
2012-09-16/00:00:00,14.99,15.37,15.21,15.28,86651
2012-09-17/00:00:00,15.28,15.35,15.21,15.31,172991
2012-09-18/00:00:00,15.31,15.98,15.2,15.45,180426
2012-09-19/00:00:00,15.45,16.33,15.51,15.8,472538
2012-09-20/00:00:00,15.8,16.67,15.73,16.46,258269
2012-09-23/00:00:00,16.46,16.73,16.53,16.65,145787
2012-09-24/00:00:00,16.65,16.67,16.08,16.57,158498
2012-09-25/00:00:00,16.57,16.67,16.45,16.58,146318
2012-09-26/00:00:00,16.58,16.67,16.43,16.66,334649
2012-09-27/00:00:00,16.66,16.67,16.2,16.44,208076
2012-09-30/00:00:00,16.44,16.6,16.27,16.34,82371
2012-10-01/00:00:00,16.34,16.33,15.27,15.83,87914
2012-10-02/00:00:00,15.83,15.67,15.17,15.32,303143
2012-10-03/00:00:00,15.32,15.33,15.23,15.27,112797
2012-10-04/00:00:00,15.27,15.33,15.24,15.33,9245
2012-10-08/00:00:00,15.33,15.33,15.01,15.23,22131
2012-10-09/00:00:00,15.23,15.33,14.93,15.27,96495
2012-10-10/00:00:00,15.27,15.33,15.25,15.33,47339
2012-10-11/00:00:00,15.33,15.33,15.13,15.31,46425
2012-10-14/00:00:00,15.31,15.28,15.13,15.25,9683
2012-10-15/00:00:00,15.25,15.24,15.07,15.19,9849
2012-10-16/00:00:00,15.19,15.26,15.1,15.15,3498
2012-10-17/00:00:00,15.15,15.33,15.15,15.31,295301
2012-10-18/00:00:00,15.31,16.0,15.2,15.43,279680
2012-10-21/00:00:00,15.43,15.98,15.49,15.75,3750
2012-10-22/00:00:00,15.75,15.67,15.5,15.63,4350
2012-10-23/00:00:00,15.63,15.67,15.5,15.51,52545
2012-10-24/00:00:00,15.51,16.0,15.53,15.85,123188
2012-10-29/00:00:00,15.85,15.87,15.63,15.73,80106
2012-10-30/00:00:00,15.73,16.0,15.36,15.91,311495
2012-10-31/00:00:00,15.91,16.16,15.98,16.06,14234
2012-11-01/00:00:00,16.06,16.0,15.67,15.99,143718
2012-11-04/00:00:00,15.99,16.31,14.67,15.38,12113
2012-11-05/00:00:00,15.38,15.67,14.87,15.35,25806
2012-11-06/00:00:00,15.35,15.67,15.34,15.67,45683
2012-11-07/00:00:00,15.67,15.67,15.33,15.53,17777
2012-11-08/00:00:00,15.53,15.67,15.34,15.52,87098
2012-11-11/00:00:00,15.52,15.7,15.35,15.38,8192
2012-11-12/00:00:00,15.38,15.53,15.33,15.53,173276
2012-11-13/00:00:00,15.53,15.53,15.21,15.5,70503
2012-11-14/00:00:00,15.5,15.53,15.33,15.53,470453
2012-11-18/00:00:00,15.53,15.53,15.01,15.31,16890
2012-11-19/00:00:00,15.31,15.76,15.33,15.53,274373
2012-11-20/00:00:00,15.53,15.53,15.05,15.51,65925
2012-11-21/00:00:00,15.51,15.53,15.53,15.53,791
2012-11-22/00:00:00,15.53,15.3,15.2,15.21,4980
2012-11-25/00:00:00,15.21,15.03,13.69,13.89,19269
2012-11-26/00:00:00,13.89,14.65,13.77,14.23,5114
2012-11-27/00:00:00,14.23,14.35,14.35,14.35,975
2012-11-28/00:00:00,14.35,14.53,13.35,13.96,25122
2012-11-29/00:00:00,13.96,14.83,13.96,13.99,1569950
2012-12-02/00:00:00,13.99,14.23,14.23,13.99,117
2012-12-03/00:00:00,13.99,14.02,14.0,14.0,211101
2012-12-04/00:00:00,14.0,14.67,14.33,14.35,54041
2012-12-05/00:00:00,14.35,14.73,14.35,14.43,4265
2012-12-06/00:00:00,14.43,14.33,13.99,14.07,25862
2012-12-09/00:00:00,14.07,14.93,13.7,14.93,900
2012-12-10/00:00:00,14.76,15.0,14.67,15.0,88286
2012-12-11/00:00:00,14.81,15.33,14.67,14.97,18483
2012-12-12/00:00:00,14.97,15.47,15.0,15.33,10121
2012-12-13/00:00:00,15.33,15.47,15.14,15.36,1110
2012-12-16/00:00:00,15.36,15.67,14.9,15.51,14514
2012-12-17/00:00:00,15.51,15.67,15.33,15.61,59900
2012-12-18/00:00:00,15.61,15.83,15.17,15.53,45977
2012-12-19/00:00:00,15.53,15.53,15.33,15.53,391650
2012-12-20/00:00:00,15.53,15.67,14.76,15.59,13821
2012-12-23/00:00:00,15.59,15.6,15.0,15.09,4968
2012-12-24/00:00:00,15.09,15.33,15.0,15.27,8055
2012-12-25/00:00:00,15.27,15.33,15.0,15.31,8387
2012-12-26/00:00:00,15.31,15.34,15.27,15.31,2550
2012-12-27/00:00:00,15.31,15.52,15.33,15.5,532659
2012-12-30/00:00:00,15.5,15.65,15.14,15.34,7739
2012-12-31/00:00:00,15.34,16.87,15.2,15.53,585069
2013-01-02/00:00:00,15.53,16.07,15.53,15.59,442452
2013-01-03/00:00:00,15.59,16.43,16.0,16.13,257163
2013-01-06/00:00:00,16.13,16.01,15.99,16.0,32690
2013-01-08/00:00:00,16.0,16.0,15.57,15.87,61986
2013-01-09/00:00:00,15.87,15.99,15.67,15.79,59864
2013-01-10/00:00:00,15.79,15.73,15.53,15.65,29400
2013-01-13/00:00:00,15.65,15.67,15.54,15.65,7308
2013-01-14/00:00:00,15.65,15.67,15.61,15.66,25205
2013-01-15/00:00:00,15.66,15.97,15.33,15.8,90117
2013-01-16/00:00:00,15.8,15.83,15.67,15.75,4650
2013-01-17/00:00:00,15.75,15.67,15.67,15.67,21498
2013-01-20/00:00:00,15.67,15.71,15.37,15.55,6584
2013-01-21/00:00:00,15.55,15.53,15.07,15.49,3050
2013-01-22/00:00:00,15.49,15.8,15.63,15.67,59237
2013-01-23/00:00:00,15.67,15.73,15.47,15.67,50174
2013-01-27/00:00:00,15.67,15.67,15.39,15.67,420
2013-01-28/00:00:00,15.67,15.67,15.33,15.49,5205
2013-01-29/00:00:00,15.49,15.2,15.1,15.15,1125
2013-01-30/00:00:00,15.15,15.6,15.2,15.2,298949
2013-01-31/00:00:00,15.2,15.33,15.01,15.29,18914
2013-02-03/00:00:00,15.29,15.33,15.07,15.33,19968
2013-02-04/00:00:00,15.33,15.59,15.0,15.28,27162
2013-02-05/00:00:00,15.28,15.37,15.33,15.34,20030
2013-02-06/00:00:00,15.34,15.33,15.3,15.33,8936
2013-02-07/00:00:00,15.33,15.33,15.13,15.31,17937
2013-02-10/00:00:00,15.31,15.4,15.17,15.33,46365
2013-02-11/00:00:00,15.33,15.33,15.11,15.33,52617
2013-02-12/00:00:00,15.33,15.6,15.53,15.6,10572
2013-02-13/00:00:00,15.6,15.34,15.25,15.33,5813
2013-02-14/00:00:00,15.33,15.34,15.27,15.33,23892
2013-02-17/00:00:00,15.33,15.54,15.33,15.33,3912
2013-02-18/00:00:00,15.33,15.33,15.17,15.33,13812
2013-02-19/00:00:00,15.33,15.33,15.33,15.33,21357
2013-02-20/00:00:00,15.33,15.33,15.23,15.32,35091
2013-02-21/00:00:00,15.32,15.33,15.04,15.15,36389
2013-02-24/00:00:00,15.15,15.67,15.0,15.32,47223
2013-02-25/00:00:00,15.32,15.04,15.0,15.03,4149
2013-02-26/00:00:00,15.03,15.13,14.87,15.01,20160
2013-02-27/00:00:00,15.01,15.31,14.82,14.93,15105
2013-02-28/00:00:00,14.93,14.99,14.67,14.89,16362
2013-03-03/00:00:00,14.89,15.23,14.93,15.0,7875
2013-03-04/00:00:00,15.0,14.97,14.35,14.88,3483
2013-03-05/00:00:00,14.88,14.93,14.33,14.47,4485
2013-03-06/00:00:00,14.47,14.67,14.04,14.43,11091
2013-03-07/00:00:00,14.43,14.73,14.61,14.66,224810
2013-03-10/00:00:00,14.66,15.0,14.67,14.78,8778
2013-03-11/00:00:00,14.78,14.93,14.67,14.67,2072
2013-03-12/00:00:00,14.67,14.93,14.67,14.7,4605
2013-03-13/00:00:00,14.7,14.87,14.66,14.67,2042
2013-03-14/00:00:00,14.67,14.66,14.33,14.37,21089
2013-03-17/00:00:00,14.37,14.4,13.97,14.13,2436
2013-03-18/00:00:00,14.13,14.17,14.0,14.01,37275
2013-03-19/00:00:00,14.01,14.15,13.67,13.97,62730
2013-03-20/00:00:00,13.97,14.0,13.33,13.51,27959
2013-03-21/00:00:00,13.51,14.13,13.77,14.0,73892
2013-03-24/00:00:00,14.0,14.29,13.57,14.0,52749
2013-03-25/00:00:00,14.0,14.29,14.0,14.06,56295
2013-03-26/00:00:00,14.06,14.33,14.17,14.29,10425
2013-03-27/00:00:00,14.29,14.6,14.17,14.51,34689
2013-03-28/00:00:00,14.51,15.0,14.1,14.69,69792
2013-03-31/00:00:00,14.69,14.69,14.01,14.69,375
2013-04-01/00:00:00,14.69,14.71,14.07,14.69,375
2013-04-02/00:00:00,14.69,14.67,14.1,14.21,14850
2013-04-03/00:00:00,14.21,14.33,14.13,14.33,57365
2013-04-04/00:00:00,14.33,14.98,14.27,14.67,123401
2013-04-07/00:00:00,14.67,14.67,14.34,14.67,363
2013-04-08/00:00:00,14.67,14.97,14.47,14.89,1989
2013-04-09/00:00:00,14.89,14.95,14.93,14.93,66978
2013-04-10/00:00:00,14.93,15.16,14.93,15.02,2925
2013-04-11/00:00:00,15.02,15.19,14.13,14.8,16625
2013-04-14/00:00:00,14.8,15.19,14.93,15.15,3866
2013-04-15/00:00:00,15.15,15.07,15.06,15.07,2031
2013-04-16/00:00:00,15.07,15.31,14.74,14.93,3797
2013-04-17/00:00:00,14.93,15.0,14.67,14.89,27000
2013-04-18/00:00:00,14.89,15.15,14.51,15.14,762
2013-04-21/00:00:00,15.14,15.15,14.51,15.09,6114
2013-04-22/00:00:00,15.09,15.19,15.06,15.13,19500
2013-04-23/00:00:00,15.13,15.23,14.93,15.11,26144
2013-04-24/00:00:00,15.11,14.17,13.67,13.91,77712
2013-04-28/00:00:00,13.91,13.61,13.01,13.27,35687
2013-04-29/00:00:00,13.27,14.6,13.88,14.19,37694
2013-04-30/00:00:00,14.19,14.0,13.8,13.91,13983
2013-05-02/00:00:00,13.91,14.33,13.74,14.25,15857
2013-05-08/00:00:00,14.25,14.4,13.83,14.21,14300
2013-05-09/00:00:00,14.21,14.37,14.0,14.24,9162
2013-05-12/00:00:00,14.24,14.33,14.23,14.29,7820
2013-05-13/00:00:00,14.29,14.53,14.23,14.28,27071
2013-05-15/00:00:00,14.28,14.76,13.89,14.44,26424
2013-05-16/00:00:00,14.44,14.67,14.47,14.63,5003
2013-05-20/00:00:00,14.63,14.47,14.47,14.47,8250
2013-05-21/00:00:00,14.47,14.67,14.4,14.65,25065
2013-05-22/00:00:00,14.65,14.67,14.23,14.67,97907
2013-05-23/00:00:00,14.67,14.86,14.38,14.67,74424
2013-05-26/00:00:00,14.67,14.67,14.67,14.67,100043
2013-05-27/00:00:00,14.67,14.67,14.67,14.67,17250
2013-05-28/00:00:00,14.67,14.67,14.33,14.48,1826
2013-05-29/00:00:00,14.48,14.67,14.4,14.66,2093
2013-05-30/00:00:00,14.66,15.8,14.83,15.12,18642
2013-06-02/00:00:00,15.12,15.07,15.07,15.07,2715
2013-06-03/00:00:00,15.07,15.07,14.67,15.06,997830
2013-06-04/00:00:00,15.06,14.67,14.6,14.67,54930
2013-06-05/00:00:00,14.67,14.67,14.66,14.66,2400
2013-06-06/00:00:00,14.66,14.67,14.0,14.39,6050
2013-06-09/00:00:00,14.39,14.64,14.17,14.21,4500
2013-06-10/00:00:00,14.21,14.23,13.67,14.02,26696
2013-06-11/00:00:00,14.02,14.0,13.41,14.0,257328
2013-06-12/00:00:00,14.0,14.36,13.35,13.78,495242
2013-06-13/00:00:00,13.78,14.27,13.67,14.01,53654
2013-06-16/00:00:00,14.01,14.0,13.67,13.98,12750
2013-06-17/00:00:00,13.98,14.0,13.83,13.85,121169
2013-06-18/00:00:00,13.85,14.0,13.99,14.0,6000
2013-06-19/00:00:00,14.0,13.87,13.67,13.67,153111
2013-06-20/00:00:00,13.67,13.67,13.37,13.67,154665
2013-06-23/00:00:00,13.67,13.67,13.33,13.36,5717
2013-06-24/00:00:00,13.36,13.35,12.74,13.06,223973
2013-06-25/00:00:00,13.06,13.33,13.03,13.27,171081
2013-06-26/00:00:00,13.27,13.33,13.33,13.33,9300
2013-06-27/00:00:00,13.33,13.33,13.2,13.33,10650
2013-06-30/00:00:00,13.33,14.0,12.94,13.77,51467
2013-07-02/00:00:00,13.77,14.07,13.2,13.81,82695
2013-07-03/00:00:00,13.81,13.67,13.0,13.25,92727
2013-07-04/00:00:00,13.25,14.57,13.93,14.57,429453
2013-07-07/00:00:00,14.57,14.36,13.69,14.23,7370
2013-07-08/00:00:00,14.23,14.0,13.0,13.3,116625
2013-07-09/00:00:00,13.3,13.67,13.15,13.33,631136
2013-07-10/00:00:00,13.33,13.7,13.33,13.38,137733
2013-07-11/00:00:00,13.38,13.35,13.03,13.27,90075
2013-07-14/00:00:00,13.27,13.49,13.17,13.33,37775
2013-07-15/00:00:00,13.33,13.37,13.2,13.33,487580
2013-07-16/00:00:00,13.33,13.33,13.27,13.33,176303
2013-07-17/00:00:00,13.33,13.6,13.15,13.33,51081
2013-07-18/00:00:00,13.33,13.33,13.11,13.25,20816
2013-07-21/00:00:00,13.25,13.35,13.2,13.33,48029
2013-07-22/00:00:00,13.33,13.37,13.13,13.27,36726
2013-07-24/00:00:00,13.27,13.14,12.6,12.76,78815
2013-07-25/00:00:00,12.76,13.33,12.67,13.0,33092
2013-07-28/00:00:00,13.0,13.3,12.67,12.78,51714
2013-07-29/00:00:00,12.78,13.27,13.26,13.27,1173
2013-07-30/00:00:00,13.27,13.27,12.91,13.25,174150
2013-07-31/00:00:00,13.25,13.23,13.01,13.21,14594
2013-08-01/00:00:00,13.21,13.33,13.17,13.32,211667
2013-08-04/00:00:00,13.32,13.59,13.34,13.54,19541
2013-08-05/00:00:00,13.54,13.68,13.53,13.67,178374
2013-08-06/00:00:00,13.67,13.83,13.66,13.7,34638
2013-08-07/00:00:00,13.7,13.94,13.47,13.68,40761
2013-08-12/00:00:00,13.68,13.88,13.73,13.75,33975
2013-08-13/00:00:00,13.75,14.43,13.89,14.15,199103
2013-08-14/00:00:00,14.15,13.93,13.54,13.68,15371
2013-08-18/00:00:00,13.68,14.0,13.33,13.73,41624
2013-08-19/00:00:00,13.73,14.45,14.0,14.33,85179
2013-08-20/00:00:00,14.33,14.53,14.33,14.46,80022
2013-08-21/00:00:00,14.46,14.47,14.33,14.36,43995
2013-08-22/00:00:00,14.36,14.67,14.4,14.55,43013
2013-08-25/00:00:00,14.55,14.83,14.57,14.77,236762
2013-08-26/00:00:00,14.77,14.79,14.67,14.72,12600
2013-08-27/00:00:00,14.72,14.85,14.66,14.8,168483
2013-08-28/00:00:00,14.8,14.83,14.67,14.8,67685
2013-08-29/00:00:00,14.8,15.2,14.43,14.99,81009
2013-09-01/00:00:00,14.99,14.99,14.69,14.99,297
2013-09-02/00:00:00,14.99,15.01,15.0,15.0,117767
2013-09-03/00:00:00,15.0,16.0,15.0,15.73,707700
2013-09-04/00:00:00,15.73,16.01,15.93,16.0,471105
2013-09-05/00:00:00,16.0,16.33,15.57,16.06,201290
2013-09-08/00:00:00,16.06,16.0,15.61,16.0,57657
2013-09-09/00:00:00,16.0,16.59,16.0,16.11,58277
2013-09-10/00:00:00,16.11,17.1,16.59,16.83,396174
2013-09-11/00:00:00,16.83,17.17,16.74,16.99,157997
2013-09-12/00:00:00,16.99,17.5,17.27,17.35,657737
2013-09-15/00:00:00,17.35,17.33,17.33,17.33,64584
2013-09-16/00:00:00,17.33,17.67,17.33,17.64,212057
2013-09-17/00:00:00,17.64,17.73,17.64,17.67,149780
2013-09-18/00:00:00,17.67,17.83,17.23,17.66,503936
2013-09-19/00:00:00,17.66,18.0,17.79,17.87,82115
2013-09-22/00:00:00,17.87,18.33,18.01,18.17,109586
2013-09-23/00:00:00,18.17,18.33,18.07,18.33,127590
2013-09-24/00:00:00,18.33,18.33,18.07,18.28,237447
2013-09-25/00:00:00,18.28,18.67,18.49,18.65,162002
2013-09-26/00:00:00,18.65,19.0,18.41,18.85,103035
2013-09-29/00:00:00,18.85,19.07,19.0,19.01,83430
2013-09-30/00:00:00,19.01,19.2,18.94,19.01,56135
2013-10-01/00:00:00,19.01,19.33,19.0,19.11,49092
2013-10-02/00:00:00,19.11,19.2,19.0,19.12,6000
2013-10-03/00:00:00,19.12,19.67,18.95,19.65,426032
2013-10-07/00:00:00,19.65,19.67,18.95,19.61,85164
2013-10-08/00:00:00,19.61,20.0,19.53,20.0,432642
2013-10-09/00:00:00,20.0,20.67,20.0,20.59,104258
2013-10-10/00:00:00,20.59,20.93,20.66,20.67,228465
2013-10-13/00:00:00,20.67,20.67,20.55,20.65,49487
2013-10-20/00:00:00,20.65,20.67,19.71,20.35,120227
2013-10-21/00:00:00,20.35,20.67,20.34,20.67,455036
2013-10-22/00:00:00,20.67,20.34,20.07,20.17,23825
2013-10-23/00:00:00,20.17,20.33,18.69,20.0,128672
2013-10-24/00:00:00,20.0,20.33,19.67,19.74,299319
2013-10-27/00:00:00,19.74,20.0,19.67,19.98,82062
2013-10-28/00:00:00,19.98,20.0,19.67,19.76,73964
2013-10-29/00:00:00,19.76,19.6,19.47,19.53,3669
2013-10-30/00:00:00,19.53,20.0,19.67,19.86,55322
2013-10-31/00:00:00,19.86,20.0,19.99,20.0,57066
2013-11-03/00:00:00,20.0,20.0,19.02,19.81,3711
2013-11-04/00:00:00,19.81,20.0,20.0,20.0,42479
2013-11-06/00:00:00,20.0,20.67,19.67,20.32,290654
2013-11-07/00:00:00,20.32,20.67,20.67,20.67,132998
2013-11-10/00:00:00,20.67,20.73,20.73,20.73,1148
2013-11-11/00:00:00,20.73,20.8,20.67,20.67,130178
2013-11-12/00:00:00,20.67,20.67,20.67,20.67,55911
2013-11-13/00:00:00,20.67,20.67,20.67,20.67,96729
2013-11-14/00:00:00,20.67,20.66,20.66,20.66,18750
2013-11-17/00:00:00,20.66,20.66,20.66,20.66,26325
2013-11-18/00:00:00,20.66,20.67,20.6,20.66,42263
2013-11-19/00:00:00,20.66,20.7,20.25,20.66,13284
2013-11-20/00:00:00,20.66,20.67,20.67,20.67,21075
2013-11-21/00:00:00,20.67,20.67,20.0,20.61,12398
2013-11-24/00:00:00,20.61,20.67,20.07,20.61,21618
2013-11-25/00:00:00,20.61,20.33,20.15,20.31,33975
2013-11-26/00:00:00,20.31,20.33,19.83,20.32,73128
2013-11-27/00:00:00,20.32,20.01,19.67,19.71,220268
2013-11-28/00:00:00,19.71,20.15,19.53,19.55,76097
2013-12-01/00:00:00,19.55,19.35,19.35,19.55,3
2013-12-02/00:00:00,19.55,19.68,19.67,19.67,2250
2013-12-03/00:00:00,19.67,20.67,20.0,20.45,144702
2013-12-04/00:00:00,20.45,20.61,20.33,20.51,5477
2013-12-05/00:00:00,20.51,21.67,20.66,21.35,205649
2013-12-08/00:00:00,21.35,21.67,21.62,21.67,5529
2013-12-09/00:00:00,21.67,21.87,21.67,21.68,68198
2013-12-10/00:00:00,21.68,22.01,21.67,22.0,139739
2013-12-11/00:00:00,22.0,23.0,22.0,22.69,171402
2013-12-12/00:00:00,22.69,23.17,22.13,23.06,203460
2013-12-15/00:00:00,23.06,22.83,22.07,23.06,420
2013-12-16/00:00:00,23.06,22.68,22.6,22.67,110937
2013-12-17/00:00:00,22.67,22.68,22.67,22.67,29460
2013-12-18/00:00:00,22.67,23.0,22.67,22.98,17121
2013-12-19/00:00:00,22.98,23.2,22.67,23.0,198312
2013-12-22/00:00:00,23.0,22.67,22.67,22.67,15389
2013-12-23/00:00:00,22.67,22.67,22.0,22.6,19887
2013-12-24/00:00:00,22.6,22.2,22.2,22.6,150
2013-12-25/00:00:00,22.6,22.67,22.0,22.66,356427
2013-12-26/00:00:00,22.66,22.67,22.25,22.66,18533
2013-12-29/00:00:00,22.66,22.07,22.0,22.66,206
2013-12-30/00:00:00,22.66,22.93,22.22,22.67,5855
2013-12-31/00:00:00,6.52,6.62,6.52,6.62,397610
2014-01-02/00:00:00,22.99,23.13,22.83,22.85,14550
2014-01-05/00:00:00,22.85,23.17,21.55,22.67,8558
2014-01-06/00:00:00,22.67,22.99,22.67,22.67,30692
2014-01-08/00:00:00,22.67,23.65,23.0,23.31,20273
2014-01-09/00:00:00,23.31,23.35,22.69,23.33,1277
2014-01-12/00:00:00,23.33,24.01,23.48,23.93,39002
2014-01-14/00:00:00,23.93,24.6,24.0,24.53,180228
2014-01-15/00:00:00,24.53,24.67,24.01,24.66,273140
2014-01-16/00:00:00,24.66,24.53,22.22,23.91,120312
2014-01-19/00:00:00,23.91,23.33,23.0,23.33,58703
2014-01-21/00:00:00,23.33,24.0,23.33,23.53,8132
2014-01-22/00:00:00,23.53,24.0,23.33,23.99,32828
2014-01-23/00:00:00,23.99,24.5,24.0,24.47,372680
2014-01-26/00:00:00,24.47,24.5,22.41,23.3,41324
2014-01-27/00:00:00,23.3,23.67,23.67,23.67,1500
2014-01-28/00:00:00,23.67,24.4,23.34,23.95,38183
2014-01-29/00:00:00,23.95,24.0,23.37,24.0,105978
2014-01-30/00:00:00,24.0,24.37,23.51,24.01,40655
2014-02-02/00:00:00,24.01,24.6,23.67,24.01,55413
2014-02-03/00:00:00,24.01,24.37,23.37,24.36,11417
2014-02-04/00:00:00,24.36,24.4,24.33,24.36,120393
2014-02-05/00:00:00,24.36,24.4,24.13,24.39,13845
2014-02-06/00:00:00,24.39,24.73,24.4,24.67,420402
2014-02-09/00:00:00,24.67,24.67,24.67,24.67,45300
2014-02-10/00:00:00,24.67,24.89,24.73,24.75,3267
2014-02-11/00:00:00,24.75,25.0,24.67,24.69,64560
2014-02-12/00:00:00,24.69,25.4,24.83,25.19,5060
2014-02-13/00:00:00,25.19,25.65,25.0,25.37,227007
2014-02-16/00:00:00,25.37,25.67,24.73,25.53,5130
2014-02-17/00:00:00,25.53,25.87,25.33,25.56,85038
2014-02-18/00:00:00,25.56,26.93,25.93,26.24,459219
2014-02-19/00:00:00,26.24,27.87,26.07,27.21,12969
2014-02-20/00:00:00,27.21,27.33,26.07,27.23,38627
2014-02-23/00:00:00,27.23,26.83,26.33,26.67,20268
2014-02-24/00:00:00,26.67,27.0,26.53,27.0,111039
2014-02-25/00:00:00,27.0,27.33,26.0,27.31,353627
2014-02-26/00:00:00,27.31,27.33,26.67,27.27,65664
2014-02-27/00:00:00,27.27,27.33,27.07,27.32,36065
2014-03-02/00:00:00,27.32,27.66,27.0,27.3,39150
2014-03-03/00:00:00,27.3,27.3,26.67,26.99,5699
2014-03-04/00:00:00,26.99,27.33,26.01,27.28,20099
2014-03-05/00:00:00,27.28,27.33,26.71,27.31,14661
2014-03-06/00:00:00,27.31,26.85,26.67,26.69,60050
2014-03-09/00:00:00,26.69,27.0,26.2,26.7,25725
2014-03-10/00:00:00,26.7,27.0,26.66,26.91,36743
2014-03-11/00:00:00,26.91,27.0,26.34,26.91,33951
2014-03-12/00:00:00,26.91,28.67,27.0,27.63,321624
2014-03-13/00:00:00,27.63,28.6,28.0,28.33,26312
2014-03-16/00:00:00,28.33,28.33,26.68,28.05,562772
2014-03-17/00:00:00,28.05,30.85,28.63,30.11,122316
2014-03-18/00:00:00,30.11,31.33,30.27,30.85,96045
2014-03-19/00:00:00,30.85,31.99,28.67,30.91,261830
2014-03-20/00:00:00,30.91,31.32,30.0,30.79,55671
2014-03-23/00:00:00,30.79,31.33,30.68,31.08,35412
2014-03-24/00:00:00,31.08,32.67,31.24,32.19,208643
2014-03-25/00:00:00,32.19,33.32,32.67,32.95,68738
2014-03-26/00:00:00,32.95,33.3,32.37,32.92,55014
2014-03-27/00:00:00,32.92,33.1,31.33,32.44,103448
2014-03-30/00:00:00,32.44,32.33,30.67,31.37,58635
2014-03-31/00:00:00,31.37,31.67,31.2,31.33,140400
2014-04-01/00:00:00,31.33,32.0,31.0,31.47,32775
2014-04-02/00:00:00,31.47,31.34,31.09,31.33,26388
2014-04-03/00:00:00,31.33,31.67,31.13,31.33,83669
2014-04-06/00:00:00,31.33,32.67,30.47,31.14,20360
2014-04-07/00:00:00,31.14,31.67,31.33,31.53,60822
2014-04-08/00:00:00,31.53,32.0,31.33,31.66,33146
2014-04-09/00:00:00,31.66,32.33,31.33,31.9,488399
2014-04-10/00:00:00,31.9,32.47,31.67,31.99,894060
2014-04-13/00:00:00,31.99,33.33,32.33,32.43,26726
2014-04-14/00:00:00,32.43,32.17,31.5,31.79,5550
2014-04-15/00:00:00,31.79,32.53,32.0,32.0,1468517
2014-04-16/00:00:00,32.0,32.13,31.83,32.11,128427
2014-04-17/00:00:00,32.11,32.83,32.0,32.45,28826
2014-04-22/00:00:00,32.45,33.33,32.66,33.0,467384
2014-04-23/00:00:00,33.0,33.33,32.99,33.17,48125
2014-04-27/00:00:00,33.17,33.21,32.05,33.05,3021
2014-04-28/00:00:00,33.05,33.33,32.17,33.0,869630
2014-04-29/00:00:00,33.0,33.13,32.2,33.0,665175
2014-04-30/00:00:00,33.0,33.0,32.17,32.5,27690
2014-05-04/00:00:00,32.5,33.31,32.14,32.81,3810
2014-05-05/00:00:00,32.81,33.0,32.21,32.88,6323
2014-05-06/00:00:00,32.88,32.29,31.07,31.62,21017
2014-05-07/00:00:00,31.62,32.0,31.0,31.08,11009
2014-05-08/00:00:00,31.08,31.67,31.33,31.39,185556
2014-05-11/00:00:00,31.39,31.34,30.94,31.31,1107
2014-05-12/00:00:00,31.31,32.27,31.33,31.85,45162
2014-05-13/00:00:00,31.85,32.0,31.85,31.87,239894
2014-05-14/00:00:00,31.87,32.67,31.33,32.43,39062
2014-05-15/00:00:00,32.43,34.33,32.77,33.45,137039
2014-05-18/00:00:00,33.45,33.33,32.07,33.31,46832
2014-05-19/00:00:00,33.31,34.67,33.24,34.07,5304
2014-05-20/00:00:00,34.07,34.67,33.42,34.41,47523
2014-05-21/00:00:00,34.41,34.0,33.33,33.48,79158
2014-05-22/00:00:00,33.48,34.0,33.33,33.45,17685
2014-05-25/00:00:00,33.45,33.5,33.4,33.46,12494
2014-05-26/00:00:00,33.46,34.0,32.84,33.39,33038
2014-05-28/00:00:00,33.39,33.33,32.67,33.21,485475
2014-05-29/00:00:00,33.21,33.33,30.02,31.55,77276
2014-06-01/00:00:00,31.55,31.97,28.47,29.67,19751
2014-06-02/00:00:00,29.67,30.67,28.54,29.55,245561
2014-06-03/00:00:00,29.55,29.75,28.87,29.41,64599
2014-06-04/00:00:00,29.41,31.32,29.33,29.63,149639
2014-06-05/00:00:00,29.63,32.0,31.0,31.77,74834
2014-06-09/00:00:00,31.77,33.31,30.37,32.69,19377
2014-06-10/00:00:00,32.69,31.34,31.27,31.33,37782
2014-06-11/00:00:00,31.33,33.0,32.5,32.67,327282
2014-06-12/00:00:00,32.67,33.0,32.63,32.67,3534
2014-06-15/00:00:00,32.67,32.99,31.33,32.85,654
2014-06-16/00:00:00,32.85,31.52,31.33,31.44,17676
2014-06-17/00:00:00,31.44,31.35,31.35,31.44,362
2014-06-18/00:00:00,31.44,32.0,31.99,32.0,1164
2014-06-19/00:00:00,32.0,31.33,30.67,30.97,67115
2014-06-23/00:00:00,30.97,31.07,31.0,31.0,48036
2014-06-24/00:00:00,31.0,31.33,30.67,30.89,31425
2014-06-25/00:00:00,30.89,31.35,31.33,31.34,7029
2014-06-26/00:00:00,31.34,32.3,31.67,32.02,124389
2014-06-29/00:00:00,32.02,32.66,32.0,32.25,48956
2014-06-30/00:00:00,32.25,34.67,32.67,33.98,230042
2014-07-03/00:00:00,33.98,34.59,32.0,33.33,244835
2014-07-06/00:00:00,33.33,33.93,33.17,33.55,1770
2014-07-07/00:00:00,33.55,33.33,33.17,33.33,121242
2014-07-08/00:00:00,33.33,33.33,32.01,33.28,10268
2014-07-09/00:00:00,33.28,33.33,33.27,33.33,159954
2014-07-10/00:00:00,33.33,33.33,33.0,33.27,129525
2014-07-13/00:00:00,33.27,33.33,33.27,33.33,66540
2014-07-14/00:00:00,33.33,33.33,32.67,33.33,626
2014-07-15/00:00:00,33.33,33.33,33.23,33.33,505980
2014-07-16/00:00:00,33.33,33.33,32.67,33.01,16116
2014-07-17/00:00:00,33.01,34.0,32.4,32.72,29895
2014-07-20/00:00:00,32.72,33.33,32.67,33.33,105011
2014-07-21/00:00:00,33.33,34.0,32.67,33.95,132006
2014-07-22/00:00:00,33.95,33.34,33.33,33.33,13188
2014-07-24/00:00:00,33.33,33.32,32.83,32.91,56232
2014-07-27/00:00:00,32.91,33.33,32.47,33.25,10026
2014-07-31/00:00:00,33.25,33.33,32.34,32.77,62109
2014-08-03/00:00:00,32.77,32.67,32.37,32.67,25133
2014-08-04/00:00:00,32.67,33.33,32.67,33.2,42647
2014-08-05/00:00:00,33.2,32.67,31.8,32.39,178377
2014-08-06/00:00:00,32.39,32.33,31.82,32.33,76472
2014-08-07/00:00:00,32.33,32.67,31.93,32.63,3923
2014-08-10/00:00:00,32.63,31.81,31.81,32.63,42
2014-08-11/00:00:00,32.63,32.0,30.67,30.99,36591
2014-08-12/00:00:00,30.99,30.67,30.33,30.51,44384
2014-08-13/00:00:00,30.51,30.69,30.33,30.53,279507
2014-08-14/00:00:00,30.53,30.67,30.38,30.65,22259
2014-08-17/00:00:00,30.65,30.67,30.33,30.53,148806
2014-08-18/00:00:00,30.53,31.33,30.51,30.69,10725
2014-08-19/00:00:00,30.69,31.33,30.67,30.89,230271
2014-08-20/00:00:00,30.89,32.0,30.83,31.07,18179
2014-08-21/00:00:00,31.07,31.31,30.7,30.83,76283
2014-08-24/00:00:00,30.83,30.7,30.35,30.44,9218
2014-08-25/00:00:00,30.44,30.35,30.0,30.05,8565
2014-08-26/00:00:00,30.05,29.67,28.76,29.36,3150
2014-08-27/00:00:00,29.36,30.64,29.33,30.01,240194
2014-08-28/00:00:00,30.01,30.67,29.47,30.37,7563
2014-08-31/00:00:00,30.37,30.01,29.78,30.0,354855
2014-09-01/00:00:00,30.0,30.66,29.8,30.13,2427
2014-09-02/00:00:00,30.13,30.09,29.3,29.43,884426
2014-09-03/00:00:00,29.43,29.67,29.01,29.33,119190
2014-09-04/00:00:00,29.33,29.35,29.33,29.33,410726
2014-09-07/00:00:00,29.33,29.34,29.17,29.33,694746
2014-09-08/00:00:00,29.33,29.35,29.33,29.33,204243
2014-09-09/00:00:00,29.33,30.66,29.19,30.05,6783
2014-09-10/00:00:00,30.05,30.05,29.37,29.99,287909
2014-09-11/00:00:00,29.99,29.34,29.33,29.33,152910
2014-09-14/00:00:00,29.33,29.94,29.33,29.33,126986
2014-09-15/00:00:00,29.33,29.93,29.33,29.65,79853
2014-09-16/00:00:00,29.65,29.67,29.33,29.37,17346
2014-09-17/00:00:00,29.37,30.33,29.44,30.03,35078
2014-09-18/00:00:00,30.03,31.0,30.67,30.67,8861
2014-09-21/00:00:00,30.67,30.01,30.0,30.0,1644
2014-09-22/00:00:00,30.0,30.67,30.0,30.03,20538
2014-09-23/00:00:00,30.03,31.0,30.13,30.75,172607
2014-09-24/00:00:00,30.75,31.33,30.75,31.06,338381
2014-09-25/00:00:00,31.06,31.98,31.33,31.35,258066
2014-09-28/00:00:00,31.35,31.35,30.68,30.71,3350
2014-09-29/00:00:00,30.71,32.98,31.57,31.67,934578
2014-09-30/00:00:00,31.67,32.65,32.05,32.57,32183
2014-10-01/00:00:00,32.57,32.73,32.0,32.39,25904
2014-10-02/00:00:00,32.39,33.73,33.31,33.51,34200
2014-10-08/00:00:00,33.51,34.67,33.98,34.63,373476
2014-10-09/00:00:00,34.63,34.61,33.33,33.93,31842
2014-10-12/00:00:00,33.93,32.65,31.37,31.93,12009
2014-10-13/00:00:00,31.93,31.67,31.33,31.55,238961
2014-10-14/00:00:00,31.55,32.0,30.67,31.45,21009
2014-10-15/00:00:00,31.45,31.99,30.67,30.75,68831
2014-10-16/00:00:00,30.75,31.33,28.0,30.52,236213
2014-10-19/00:00:00,30.52,30.67,29.72,30.63,25185
2014-10-20/00:00:00,30.63,30.67,29.4,30.46,38766
2014-10-21/00:00:00,30.46,30.67,30.0,30.53,200610
2014-10-22/00:00:00,30.53,30.67,30.07,30.65,74325
2014-10-23/00:00:00,30.65,30.67,30.0,30.55,23399
2014-10-26/00:00:00,30.55,30.67,30.33,30.63,18789
2014-10-27/00:00:00,30.63,30.66,30.0,30.15,28419
2014-10-28/00:00:00,30.15,30.67,30.0,30.35,141053
2014-10-29/00:00:00,30.35,32.6,30.67,32.11,139106
2014-10-30/00:00:00,32.11,33.87,32.0,33.33,169512
2014-11-02/00:00:00,33.33,36.0,33.39,35.01,316670
2014-11-03/00:00:00,35.01,35.93,35.14,35.47,353103
2014-11-04/00:00:00,35.47,35.13,33.41,34.59,102699
2014-11-05/00:00:00,34.59,34.65,33.37,34.15,10994
2014-11-06/00:00:00,34.15,34.47,33.07,33.45,139763
2014-11-09/00:00:00,33.45,33.98,33.07,33.37,43478
2014-11-10/00:00:00,33.37,33.33,33.03,33.31,73103
2014-11-11/00:00:00,33.31,33.33,33.01,33.13,47150
2014-11-12/00:00:00,33.13,33.33,32.97,33.32,226838
2014-11-13/00:00:00,33.32,33.3,32.74,32.99,28455
2014-11-16/00:00:00,32.99,33.67,32.74,33.32,261693
2014-11-17/00:00:00,33.32,33.33,32.67,33.19,242816
2014-11-18/00:00:00,33.19,32.99,32.33,32.69,117176
2014-11-19/00:00:00,32.69,35.53,32.67,34.59,480809
2014-11-20/00:00:00,34.59,35.33,34.16,34.63,169103
2014-11-23/00:00:00,34.63,35.0,34.0,34.63,420057
2014-11-24/00:00:00,34.63,36.27,34.67,35.71,324722
2014-11-25/00:00:00,35.71,36.13,34.69,35.38,185139
2014-11-26/00:00:00,35.38,35.87,34.35,35.37,135519
2014-11-27/00:00:00,35.37,37.87,35.34,36.91,556052
2014-11-30/00:00:00,36.91,38.49,36.73,37.55,246534
2014-12-01/00:00:00,37.55,37.33,36.33,37.26,559742
2014-12-02/00:00:00,37.26,37.27,36.0,36.63,178634
2014-12-03/00:00:00,36.63,36.83,35.52,36.61,233157
2014-12-04/00:00:00,36.61,37.67,36.63,36.96,247793
2014-12-07/00:00:00,36.96,38.4,37.33,37.69,181481
2014-12-08/00:00:00,37.69,41.0,38.03,39.59,379878
2014-12-09/00:00:00,39.59,40.99,39.33,40.15,1015074
2014-12-10/00:00:00,40.15,41.93,40.03,41.24,316380
2014-12-11/00:00:00,41.24,42.0,40.67,40.97,178259
2014-12-14/00:00:00,40.97,40.5,39.33,39.93,564578
2014-12-15/00:00:00,39.93,40.67,39.67,40.2,103773
2014-12-16/00:00:00,40.2,40.0,39.33,39.46,70892
2014-12-17/00:00:00,39.46,40.0,36.01,38.63,360741
2014-12-18/00:00:00,38.63,40.0,38.67,39.35,97685
2014-12-21/00:00:00,39.35,41.33,39.67,40.46,169907
2014-12-22/00:00:00,40.46,40.07,39.57,39.99,109919
2014-12-23/00:00:00,39.99,40.67,39.99,40.15,66989
2014-12-24/00:00:00,40.15,40.67,40.0,40.22,61995
2014-12-25/00:00:00,40.22,40.56,40.0,40.01,144773
2014-12-28/00:00:00,40.01,40.67,40.03,40.53,8415
2014-12-29/00:00:00,40.53,40.67,40.0,40.26,153518
2014-12-30/00:00:00,40.26,40.67,40.23,40.4,29336
2014-12-31/00:00:00,40.4,40.63,40.0,40.27,61178
2015-01-04/00:00:00,40.27,40.33,40.0,40.07,11601
2015-01-05/00:00:00,40.07,43.66,40.33,42.32,397358
2015-01-06/00:00:00,42.32,45.0,41.67,43.43,76671
2015-01-08/00:00:00,43.43,44.99,43.99,44.05,130655
2015-01-11/00:00:00,44.05,44.67,43.5,44.41,23970
2015-01-12/00:00:00,44.41,45.93,44.67,45.57,187556
2015-01-13/00:00:00,45.57,48.53,45.33,46.77,107624
2015-01-14/00:00:00,46.77,49.33,47.02,47.89,109151
2015-01-15/00:00:00,47.89,48.63,46.14,46.7,248859
2015-01-18/00:00:00,46.7,48.32,45.55,47.56,101088
2015-01-19/00:00:00,47.56,50.01,46.74,49.45,285776
2015-01-20/00:00:00,49.45,51.33,47.33,50.41,228600
2015-01-21/00:00:00,50.41,49.34,48.33,48.67,233022
2015-01-22/00:00:00,48.67,48.67,46.03,46.61,237092
2015-01-26/00:00:00,46.61,48.0,45.74,46.63,576633
2015-01-27/00:00:00,9.33,10.25,9.07,9.95,686202
2015-01-28/00:00:00,9.95,9.96,9.35,9.58,247598
2015-01-29/00:00:00,9.58,9.5,9.13,9.31,588263
2015-02-01/00:00:00,9.31,9.25,9.05,9.11,268379
2015-02-02/00:00:00,9.11,9.27,9.0,9.11,581361
2015-02-03/00:00:00,9.11,9.32,9.0,9.05,348090
2015-02-04/00:00:00,9.05,9.24,9.02,9.19,277203
2015-02-05/00:00:00,9.19,9.27,9.03,9.2,1042481
2015-02-08/00:00:00,9.2,9.13,9.0,9.11,299298
2015-02-09/00:00:00,9.11,9.02,8.67,8.77,460478
2015-02-10/00:00:00,8.77,8.83,8.57,8.67,389672
2015-02-11/00:00:00,8.67,8.6,8.21,8.37,115889
2015-02-12/00:00:00,8.37,8.67,8.17,8.49,1322046
2015-02-15/00:00:00,8.49,8.87,8.54,8.67,3991643
2015-02-16/00:00:00,8.67,8.68,8.37,8.57,197796
2015-02-17/00:00:00,8.57,8.57,8.21,8.34,1139319
2015-02-18/00:00:00,8.34,8.59,8.4,8.5,1126365
2015-02-19/00:00:00,8.5,8.63,8.27,8.39,541107
2015-02-22/00:00:00,8.39,8.53,8.37,8.44,44402
2015-02-23/00:00:00,8.44,8.54,8.4,8.48,178433
2015-02-24/00:00:00,8.48,8.5,8.27,8.37,213971
2015-02-25/00:00:00,8.37,8.53,8.13,8.34,281327
2015-02-26/00:00:00,8.34,8.2,7.81,7.98,846675
2015-03-01/00:00:00,7.98,8.23,7.77,7.86,94487
2015-03-02/00:00:00,7.86,8.0,7.87,7.96,131957
2015-03-03/00:00:00,7.96,8.16,7.72,7.91,283215
2015-03-04/00:00:00,7.91,7.87,7.52,7.63,1036901
2015-03-05/00:00:00,7.63,7.91,7.69,7.71,485552
2015-03-08/00:00:00,7.71,7.81,7.73,7.73,467879
2015-03-09/00:00:00,7.73,8.4,7.73,8.13,341361
2015-03-10/00:00:00,8.13,8.47,8.0,8.25,436322
2015-03-11/00:00:00,8.25,8.07,7.95,8.03,241059
2015-03-12/00:00:00,8.03,8.07,7.87,7.97,266517
2015-03-15/00:00:00,7.97,8.09,7.97,8.01,20661
2015-03-16/00:00:00,8.01,8.02,7.9,7.96,167592
2015-03-17/00:00:00,7.96,8.2,8.0,8.08,379860
2015-03-18/00:00:00,8.08,8.0,7.89,7.99,863477
2015-03-19/00:00:00,7.99,8.11,7.87,8.02,785118
2015-03-22/00:00:00,8.02,7.99,7.73,7.83,53723
2015-03-23/00:00:00,7.83,7.93,7.45,7.59,753669
2015-03-24/00:00:00,7.59,7.75,7.45,7.54,2353167
2015-03-25/00:00:00,7.54,7.53,7.23,7.31,730608
2015-03-26/00:00:00,7.31,7.35,6.77,7.28,1861242
2015-03-29/00:00:00,7.28,7.27,6.94,7.02,250617
2015-03-30/00:00:00,7.02,7.21,6.97,7.13,456267
2015-03-31/00:00:00,7.13,7.24,7.09,7.13,217826
2015-04-01/00:00:00,7.13,7.23,7.03,7.19,175923
2015-04-02/00:00:00,7.19,7.27,6.9,7.05,259884
2015-04-05/00:00:00,7.05,7.05,6.65,6.95,437250
2015-04-06/00:00:00,6.95,6.91,6.41,6.76,410123
2015-04-07/00:00:00,6.76,6.93,6.71,6.85,1304280
2015-04-08/00:00:00,6.85,7.11,6.68,6.99,1405802
2015-04-09/00:00:00,6.99,7.06,6.93,6.95,477168
2015-04-14/00:00:00,6.95,7.13,6.93,6.93,1354686
2015-04-15/00:00:00,6.93,7.09,6.74,6.93,848978
2015-04-16/00:00:00,6.93,7.0,6.77,6.95,131291
2015-04-19/00:00:00,6.95,7.05,6.76,6.94,1316729
2015-04-20/00:00:00,6.94,6.93,6.77,6.77,3216869
2015-04-21/00:00:00,6.77,6.93,6.74,6.8,594608
2015-04-22/00:00:00,6.8,6.99,6.8,6.91,42450
2015-04-23/00:00:00,6.91,7.13,6.93,7.09,3127530
2015-04-26/00:00:00,7.09,7.09,7.07,7.07,90156
2015-04-27/00:00:00,7.07,6.9,6.72,6.81,197000
2015-04-28/00:00:00,6.81,6.73,6.63,6.67,1035129
2015-04-29/00:00:00,6.67,7.07,6.7,7.01,1254150
2015-04-30/00:00:00,7.01,7.13,6.87,7.05,1291772
2015-05-03/00:00:00,7.05,7.13,7.0,7.0,1761063
2015-05-04/00:00:00,7.0,7.0,6.84,6.95,112623
2015-05-05/00:00:00,6.95,7.07,6.87,7.01,58785
2015-05-06/00:00:00,7.01,6.97,6.97,7.01,2808
2015-05-07/00:00:00,7.01,7.17,6.81,6.95,18950
2015-05-10/00:00:00,6.95,6.92,6.82,6.87,87885
2015-05-11/00:00:00,6.87,6.8,6.61,6.68,1197270
2015-05-12/00:00:00,6.68,6.69,6.47,6.63,29070
2015-05-13/00:00:00,6.63,6.47,6.03,6.29,62324
2015-05-14/00:00:00,6.29,6.17,5.87,6.0,676566
2015-05-17/00:00:00,6.0,6.07,6.0,6.03,24111
2015-05-18/00:00:00,6.03,6.63,6.22,6.59,93368
2015-05-19/00:00:00,6.59,6.93,6.8,6.89,598259
2015-05-20/00:00:00,6.89,7.3,6.77,6.98,2812367
2015-05-21/00:00:00,6.98,7.47,7.11,7.33,173985
2015-05-24/00:00:00,7.33,7.63,7.31,7.42,120797
2015-05-25/00:00:00,7.42,7.33,7.1,7.26,34133
2015-05-26/00:00:00,7.26,7.29,6.97,7.21,63473
2015-05-27/00:00:00,7.21,7.27,7.25,7.26,30059
2015-05-28/00:00:00,7.26,7.5,7.25,7.33,610467
2015-05-31/00:00:00,7.33,7.33,7.07,7.21,134768
2015-06-01/00:00:00,7.21,7.33,7.15,7.21,533886
2015-06-02/00:00:00,7.21,7.4,7.18,7.33,774390
2015-06-03/00:00:00,7.33,7.47,7.2,7.33,620262
2015-06-04/00:00:00,7.33,7.27,7.21,7.25,23555
2015-06-07/00:00:00,7.25,7.25,7.04,7.21,101913
2015-06-08/00:00:00,7.21,7.2,7.03,7.09,134829
2015-06-09/00:00:00,7.09,7.11,6.95,7.03,29565
2015-06-10/00:00:00,7.03,7.07,7.03,7.03,438368
2015-06-11/00:00:00,7.03,7.33,7.03,7.29,67574
2015-06-14/00:00:00,7.29,7.33,7.11,7.29,2511
2015-06-15/00:00:00,7.29,7.2,7.07,7.11,154275
2015-06-16/00:00:00,7.11,7.27,7.27,7.11,500
2015-06-17/00:00:00,7.11,7.13,7.1,7.11,14909
2015-06-18/00:00:00,7.11,7.39,7.27,7.31,35280
2015-06-21/00:00:00,7.31,7.33,6.97,7.02,64238
2015-06-22/00:00:00,7.02,7.23,7.0,7.01,416655
2015-06-23/00:00:00,7.01,7.04,7.0,7.02,722796
2015-06-24/00:00:00,7.02,7.05,7.0,7.02,915336
2015-06-25/00:00:00,7.02,7.01,6.82,7.0,253013
2015-06-28/00:00:00,7.0,7.0,6.81,6.98,31746
2015-06-29/00:00:00,6.98,7.25,6.84,6.93,30326
2015-07-02/00:00:00,6.93,7.0,6.67,6.83,1034415
2015-07-05/00:00:00,6.83,6.84,6.6,6.69,197457
2015-07-06/00:00:00,6.69,6.67,6.07,6.49,78804
2015-07-07/00:00:00,6.49,6.53,6.17,6.39,84218
2015-07-08/00:00:00,6.39,6.4,6.2,6.35,1387428
2015-07-09/00:00:00,6.35,6.67,6.27,6.37,885618
2015-07-12/00:00:00,6.37,6.45,6.43,6.44,9968
2015-07-13/00:00:00,6.44,6.35,6.33,6.33,160752
2015-07-14/00:00:00,6.33,6.67,6.63,6.67,7352
2015-07-15/00:00:00,6.67,7.33,6.97,7.21,192882
2015-07-16/00:00:00,7.21,7.21,7.0,7.2,179618
2015-07-21/00:00:00,7.2,7.21,6.93,7.2,754532
2015-07-22/00:00:00,7.2,7.2,7.0,7.19,224505
2015-07-26/00:00:00,7.19,6.97,6.93,6.95,21629
2015-07-27/00:00:00,6.95,6.97,6.81,6.88,10395
2015-07-28/00:00:00,6.88,7.13,6.83,6.89,41772
2015-07-29/00:00:00,6.89,7.13,6.9,7.01,24039
2015-07-30/00:00:00,7.01,7.13,6.84,7.06,554804
2015-08-02/00:00:00,7.06,7.0,6.91,6.99,177825
2015-08-03/00:00:00,6.99,7.2,6.9,7.01,394184
2015-08-04/00:00:00,7.01,7.17,6.98,7.07,80865
2015-08-05/00:00:00,7.07,7.18,7.07,7.15,657930
2015-08-09/00:00:00,7.15,7.07,7.0,7.03,24635
2015-08-10/00:00:00,7.03,7.15,7.07,7.07,678552
2015-08-11/00:00:00,7.07,7.33,7.13,7.18,36795
2015-08-12/00:00:00,7.18,7.23,7.01,7.16,59984
2015-08-13/00:00:00,7.16,7.17,7.08,7.13,1436687
2015-08-16/00:00:00,7.13,7.01,7.0,7.0,9000
2015-08-17/00:00:00,7.0,6.87,6.7,6.83,1888644
2015-08-18/00:00:00,6.83,6.8,6.33,6.67,482258
2015-08-19/00:00:00,6.67,6.57,6.37,6.5,394164
2015-08-20/00:00:00,6.5,6.47,6.17,6.33,909729
2015-08-23/00:00:00,6.33,6.09,5.83,5.93,94649
2015-08-24/00:00:00,5.93,5.95,5.66,5.88,260613
2015-08-25/00:00:00,5.88,6.01,5.93,6.0,42779
2015-08-26/00:00:00,6.0,6.04,6.0,6.03,107403
2015-08-27/00:00:00,6.03,6.33,6.01,6.24,406223
2015-08-30/00:00:00,6.24,6.02,6.02,6.24,150
2015-08-31/00:00:00,6.24,6.8,6.03,6.47,14628
2015-09-01/00:00:00,6.47,6.67,6.63,6.67,321744
2015-09-02/00:00:00,6.67,6.67,6.35,6.65,62634
2015-09-03/00:00:00,6.65,6.67,6.53,6.61,19281
2015-09-06/00:00:00,6.61,6.65,6.6,6.62,6728
2015-09-07/00:00:00,6.62,6.65,6.4,6.54,5400
2015-09-08/00:00:00,6.54,6.54,6.37,6.49,549969
2015-09-09/00:00:00,6.49,6.53,6.39,6.48,13523
2015-09-10/00:00:00,6.48,6.6,6.48,6.53,48969
2015-09-13/00:00:00,6.53,6.53,6.41,6.52,5409
2015-09-14/00:00:00,6.52,6.61,6.53,6.56,434925
2015-09-15/00:00:00,6.56,6.43,6.33,6.33,3750833
2015-09-16/00:00:00,6.33,6.67,6.34,6.47,780578
2015-09-17/00:00:00,6.47,6.83,6.48,6.63,3778535
2015-09-20/00:00:00,6.63,6.75,6.62,6.73,33300
2015-09-21/00:00:00,6.73,6.85,6.67,6.67,764718
2015-09-22/00:00:00,6.67,6.83,6.67,6.71,59213
2015-09-28/00:00:00,6.71,6.99,6.74,6.81,6162
2015-09-29/00:00:00,6.81,6.77,6.77,6.77,145200
2015-09-30/00:00:00,6.77,6.86,6.74,6.79,132216
2015-10-01/00:00:00,6.79,6.69,6.67,6.68,15000
2015-10-04/00:00:00,6.68,6.67,6.6,6.66,42000
2015-10-05/00:00:00,6.66,6.67,6.66,6.67,220934
2015-10-07/00:00:00,6.67,7.1,6.93,7.07,24720
2015-10-08/00:00:00,7.07,7.33,6.73,7.01,113573
2015-10-11/00:00:00,7.01,7.33,7.05,7.27,55845
2015-10-12/00:00:00,7.27,7.33,7.07,7.07,700128
2015-10-13/00:00:00,7.07,7.33,7.07,7.23,320850
2015-10-15/00:00:00,7.23,7.33,7.07,7.22,319062
2015-10-18/00:00:00,7.22,7.33,7.07,7.29,5784
2015-10-19/00:00:00,7.29,7.29,7.22,7.22,111987
2015-10-20/00:00:00,7.22,7.29,7.07,7.07,80582
2015-10-21/00:00:00,7.07,7.32,7.03,7.05,351720
2015-10-22/00:00:00,7.05,7.13,7.07,7.07,957581
2015-10-25/00:00:00,7.07,7.12,7.12,7.07,450
2015-10-26/00:00:00,7.07,6.94,6.93,6.93,60375
2015-10-27/00:00:00,6.93,7.33,7.0,7.31,104796
2015-10-28/00:00:00,7.31,7.4,7.05,7.33,631352
2015-10-29/00:00:00,7.33,7.33,7.08,7.32,213146
2015-11-01/00:00:00,7.32,7.07,7.01,7.32,1419
2015-11-02/00:00:00,7.32,7.33,7.17,7.2,1200773
2015-11-03/00:00:00,7.2,7.2,7.2,7.2,633462
2015-11-04/00:00:00,7.2,7.29,7.1,7.2,174819
2015-11-05/00:00:00,7.2,7.33,7.23,7.28,55136
2015-11-08/00:00:00,7.28,7.24,7.05,7.07,31508
2015-11-09/00:00:00,7.07,7.13,6.87,6.95,15005
2015-11-10/00:00:00,6.95,6.88,6.71,6.85,94743
2015-11-11/00:00:00,6.85,6.93,6.67,6.73,149876
2015-11-12/00:00:00,6.73,6.85,6.67,6.73,387776
2015-11-15/00:00:00,6.73,6.67,6.17,6.62,171999
2015-11-16/00:00:00,6.62,6.53,6.39,6.47,196674
2015-11-17/00:00:00,6.47,6.34,5.83,6.2,218342
2015-11-18/00:00:00,6.2,6.33,6.0,6.23,679608
2015-11-19/00:00:00,6.23,6.33,6.12,6.2,264060
2015-11-22/00:00:00,6.2,6.2,6.06,6.17,73211
2015-11-23/00:00:00,6.17,6.11,5.93,6.03,221790
2015-11-24/00:00:00,6.03,6.0,5.64,5.72,52995
2015-11-25/00:00:00,5.72,6.0,5.6,5.69,1495766
2015-11-26/00:00:00,5.69,5.99,5.73,5.78,890906
2015-11-29/00:00:00,5.78,5.89,5.8,5.8,1210272
2015-11-30/00:00:00,5.8,5.79,5.5,5.56,161495
2015-12-01/00:00:00,5.56,5.67,5.53,5.59,434424
2015-12-02/00:00:00,5.59,5.93,5.67,5.75,1974182
2015-12-03/00:00:00,5.75,5.92,5.65,5.8,2469609
2015-12-06/00:00:00,5.8,5.83,5.68,5.81,59567
2015-12-07/00:00:00,5.81,5.8,5.63,5.77,60180
2015-12-08/00:00:00,5.77,5.76,5.53,5.66,16154
2015-12-09/00:00:00,5.66,5.77,5.61,5.74,11367
2015-12-10/00:00:00,5.74,5.67,5.53,5.62,29903
2015-12-13/00:00:00,5.62,5.47,5.33,5.37,16982
2015-12-14/00:00:00,5.37,5.63,5.21,5.39,46763
2015-12-15/00:00:00,5.39,5.47,5.33,5.35,33273
2015-12-16/00:00:00,5.35,5.4,5.33,5.33,164874
2015-12-17/00:00:00,5.33,5.37,5.2,5.27,542574
2015-12-20/00:00:00,5.27,5.27,5.17,5.27,256742
2015-12-21/00:00:00,5.27,5.3,5.2,5.27,127317
2015-12-22/00:00:00,5.27,5.35,5.2,5.3,1199688
2015-12-24/00:00:00,5.3,5.31,5.19,5.29,239832
2015-12-27/00:00:00,5.29,5.21,5.11,5.16,32016
2015-12-28/00:00:00,5.16,5.17,5.05,5.11,218811
2015-12-29/00:00:00,5.11,5.23,5.15,5.23,24977
2015-12-30/00:00:00,5.23,5.27,5.13,5.21,1771286
2015-12-31/00:00:00,5.21,5.33,5.17,5.27,1010720
2016-01-03/00:00:00,5.27,5.63,5.23,5.49,862100
2016-01-04/00:00:00,5.49,5.47,5.33,5.36,656403
2016-01-05/00:00:00,5.36,5.45,5.27,5.36,937851
2016-01-06/00:00:00,5.36,5.33,5.21,5.27,65595
2016-01-10/00:00:00,5.27,5.25,5.08,5.13,208485
2016-01-11/00:00:00,5.13,5.25,4.7,4.87,604317
2016-01-12/00:00:00,4.87,4.84,4.7,4.75,67544
2016-01-13/00:00:00,4.75,4.87,4.27,4.45,207983
2016-01-14/00:00:00,4.45,4.45,4.11,4.15,81146
2016-01-17/00:00:00,4.15,4.33,3.76,4.04,301448
2016-01-18/00:00:00,4.04,4.28,4.0,4.1,510756
2016-01-19/00:00:00,4.1,4.26,4.1,4.2,854679
2016-01-20/00:00:00,4.2,4.12,3.87,3.98,100893
2016-01-21/00:00:00,3.98,4.05,3.73,3.91,506787
2016-01-24/00:00:00,3.91,4.29,4.13,4.22,260456
2016-01-26/00:00:00,4.22,4.55,4.2,4.4,2926869
2016-01-27/00:00:00,4.4,4.6,4.47,4.53,314838
2016-01-28/00:00:00,4.53,4.53,4.4,4.47,174300
2016-01-31/00:00:00,4.47,4.5,4.42,4.47,126207
2016-02-01/00:00:00,4.47,4.48,4.3,4.46,351327
2016-02-02/00:00:00,4.46,4.49,4.37,4.47,276345
2016-02-03/00:00:00,4.47,4.53,4.41,4.5,40314
2016-02-04/00:00:00,4.5,4.53,4.41,4.5,370916
2016-02-07/00:00:00,4.5,4.53,4.4,4.44,76845
2016-02-08/00:00:00,4.44,4.57,4.29,4.43,91527
2016-02-09/00:00:00,4.43,4.35,4.07,4.28,50435
2016-02-10/00:00:00,4.28,4.33,4.21,4.29,12444
2016-02-11/00:00:00,4.29,4.42,3.87,3.99,111296
2016-02-14/00:00:00,3.99,4.0,3.93,3.99,18150
2016-02-15/00:00:00,3.99,4.03,3.9,3.99,128175
2016-02-16/00:00:00,3.99,4.01,3.95,3.99,80088
2016-02-17/00:00:00,3.99,4.17,3.96,4.02,356469
2016-02-18/00:00:00,4.02,4.07,4.0,4.05,227850
2016-02-21/00:00:00,4.05,4.12,4.0,4.06,102990
2016-02-22/00:00:00,4.06,4.17,4.07,4.11,97593
2016-02-23/00:00:00,4.11,4.52,4.13,4.44,418688
2016-02-24/00:00:00,4.44,4.85,4.51,4.68,765171
2016-02-25/00:00:00,4.68,4.88,4.79,4.84,227358
2016-02-28/00:00:00,4.84,5.17,4.84,5.06,2653101
2016-02-29/00:00:00,5.06,5.12,4.93,4.94,766250
2016-03-01/00:00:00,4.94,5.01,4.82,4.87,451200
2016-03-02/00:00:00,4.87,4.83,4.63,4.72,165299
2016-03-03/00:00:00,4.72,4.67,4.53,4.59,212594
2016-03-06/00:00:00,4.59,4.99,4.67,4.83,423651
2016-03-07/00:00:00,4.83,4.95,4.78,4.86,168986
2016-03-08/00:00:00,4.86,5.0,4.87,4.93,771147
2016-03-09/00:00:00,4.93,4.89,4.82,4.87,1193720
2016-03-10/00:00:00,4.87,4.93,4.83,4.89,2105238
2016-03-13/00:00:00,4.89,4.82,4.76,4.81,56757
2016-03-14/00:00:00,4.81,5.29,4.89,5.23,2351606
2016-03-15/00:00:00,5.23,5.43,5.07,5.24,648702
2016-03-16/00:00:00,5.24,5.31,5.13,5.22,645410
2016-03-17/00:00:00,5.22,5.74,4.83,5.46,3742272
2016-03-20/00:00:00,5.46,5.87,5.34,5.5,900543
2016-03-21/00:00:00,5.5,5.55,5.4,5.45,696234
2016-03-22/00:00:00,5.45,5.47,5.33,5.41,1300151
2016-03-23/00:00:00,5.41,5.45,5.19,5.3,320894
2016-03-24/00:00:00,5.3,5.5,5.29,5.45,1713489
2016-03-27/00:00:00,5.45,5.4,5.2,5.28,212765
2016-03-28/00:00:00,5.28,5.31,5.1,5.16,249770
2016-03-29/00:00:00,5.16,5.27,4.9,5.12,1003233
2016-03-30/00:00:00,5.12,5.07,4.8,4.85,1166072
2016-03-31/00:00:00,4.85,4.93,4.8,4.83,1694567
2016-04-03/00:00:00,4.87,4.89,4.72,4.8,310169
2016-04-04/00:00:00,4.8,4.91,4.67,4.79,558309
2016-04-05/00:00:00,4.79,4.87,4.63,4.76,2031822
2016-04-06/00:00:00,4.76,4.67,4.44,4.55,507701
2016-04-07/00:00:00,4.55,4.73,4.53,4.57,1400315
2016-04-10/00:00:00,4.57,4.73,4.51,4.61,135648
2016-04-11/00:00:00,4.61,4.57,4.47,4.53,344442
2016-04-12/00:00:00,4.53,4.67,4.5,4.57,288975
2016-04-13/00:00:00,4.57,4.67,4.57,4.63,196518
2016-04-14/00:00:00,4.63,4.73,4.66,4.71,255777
2016-04-17/00:00:00,4.71,4.97,4.74,4.87,1519808
2016-04-18/00:00:00,4.87,5.23,4.87,5.07,1363394
2016-04-19/00:00:00,5.07,5.17,5.0,5.06,2517419
2016-04-20/00:00:00,5.06,5.06,4.81,4.91,506900
2016-04-21/00:00:00,4.91,5.03,4.71,4.83,1855032
2016-04-24/00:00:00,4.83,4.85,4.77,4.81,630812
2016-04-26/00:00:00,4.53,4.67,4.45,4.49,1210383
2016-04-27/00:00:00,4.49,4.53,4.3,4.37,876603
2016-04-28/00:00:00,4.37,4.48,4.26,4.4,2515191
2016-05-03/00:00:00,4.4,4.4,4.13,4.19,1036757
2016-05-04/00:00:00,4.19,4.22,4.13,4.15,806718
2016-05-05/00:00:00,4.15,4.26,4.18,4.21,329405
2016-05-08/00:00:00,4.21,4.2,4.1,4.14,854729
2016-05-09/00:00:00,4.14,4.3,4.17,4.25,223902
2016-05-10/00:00:00,4.25,4.33,4.2,4.29,794580
2016-05-11/00:00:00,4.29,4.25,4.17,4.21,341658
2016-05-12/00:00:00,4.21,4.27,4.12,4.18,439703
2016-05-15/00:00:00,4.18,4.13,4.0,4.05,405042
2016-05-16/00:00:00,4.05,4.09,4.0,4.03,196941
2016-05-17/00:00:00,4.03,4.16,4.03,4.11,358077
2016-05-18/00:00:00,4.11,4.19,4.1,4.14,327290
2016-05-19/00:00:00,4.14,4.13,3.97,4.03,481508
2016-05-22/00:00:00,4.03,4.11,4.07,4.07,89561
2016-05-23/00:00:00,4.07,4.11,4.04,4.06,60746
2016-05-24/00:00:00,4.06,4.2,4.03,4.13,247697
2016-05-25/00:00:00,4.13,4.17,4.13,4.13,807453
2016-05-26/00:00:00,4.13,4.3,4.13,4.21,497556
2016-05-29/00:00:00,4.21,4.23,4.17,4.2,30035
2016-05-30/00:00:00,4.2,4.34,4.17,4.29,366878
2016-05-31/00:00:00,4.29,4.41,4.21,4.34,1541510
2016-06-01/00:00:00,4.34,4.34,4.25,4.27,24570
2016-06-02/00:00:00,4.27,4.35,4.22,4.26,81950
2016-06-05/00:00:00,4.26,4.23,4.21,4.21,47595
2016-06-06/00:00:00,4.21,4.27,4.19,4.2,89310
2016-06-07/00:00:00,4.2,4.2,4.17,4.18,70775
2016-06-08/00:00:00,4.18,4.23,4.17,4.2,430263
2016-06-09/00:00:00,4.2,4.23,4.15,4.19,57150
2016-06-12/00:00:00,4.19,4.17,4.12,4.13,195420
2016-06-13/00:00:00,4.13,4.13,3.97,4.09,807758
2016-06-14/00:00:00,4.09,4.07,3.95,4.0,778808
2016-06-15/00:00:00,4.0,4.01,3.9,3.93,176633
2016-06-16/00:00:00,3.93,4.0,3.89,3.95,337952
2016-06-19/00:00:00,3.95,3.98,3.69,3.84,134801
2016-06-20/00:00:00,3.84,3.87,3.71,3.75,1943207
2016-06-21/00:00:00,3.75,3.85,3.74,3.83,883244
2016-06-22/00:00:00,3.83,3.86,3.74,3.77,823077
2016-06-23/00:00:00,3.77,3.87,3.79,3.82,30102
2016-06-26/00:00:00,3.48,3.61,3.25,3.45,1167998
2016-06-27/00:00:00,3.45,3.59,3.37,3.47,380825
2016-06-28/00:00:00,3.47,3.53,3.47,3.51,198332
2016-06-29/00:00:00,3.51,3.57,3.43,3.53,289425
2016-07-03/00:00:00,3.53,3.53,3.47,3.5,108582
2016-07-04/00:00:00,3.5,3.73,3.51,3.67,428447
2016-07-10/00:00:00,3.67,3.99,3.71,3.85,534825
2016-07-11/00:00:00,3.85,3.93,3.75,3.87,2977409
2016-07-12/00:00:00,3.87,3.87,3.65,3.85,868311
2016-07-13/00:00:00,3.85,3.83,3.77,3.83,826349
2016-07-14/00:00:00,3.83,3.8,3.73,3.79,285401
2016-07-17/00:00:00,3.79,3.86,3.77,3.85,562254
2016-07-18/00:00:00,3.85,3.8,3.7,3.73,79764
2016-07-19/00:00:00,3.73,3.75,3.71,3.74,100500
2016-07-20/00:00:00,3.74,3.73,3.61,3.67,345324
2016-07-21/00:00:00,3.67,3.61,3.58,3.6,454425
2016-07-24/00:00:00,3.6,3.69,3.53,3.63,265670
2016-07-25/00:00:00,3.63,3.6,3.48,3.54,822045
2016-07-26/00:00:00,3.54,3.57,3.42,3.5,394883
2016-07-27/00:00:00,3.5,3.66,3.47,3.55,2147307
2016-07-28/00:00:00,3.53,3.53,3.33,3.39,3417686
2016-07-31/00:00:00,3.39,3.54,3.33,3.46,1886870
2016-08-01/00:00:00,3.46,3.5,3.39,3.43,1892850
2016-08-02/00:00:00,3.43,3.73,3.39,3.58,7998462
2016-08-03/00:00:00,3.68,3.75,3.65,3.69,2494044
2016-08-04/00:00:00,3.69,4.05,3.73,3.97,7967267
2016-08-07/00:00:00,4.07,4.41,4.02,4.21,6827642
2016-08-08/00:00:00,4.3,4.57,4.19,4.37,7224171
2016-08-09/00:00:00,4.6,4.61,4.23,4.43,6860451
2016-08-10/00:00:00,4.43,4.36,4.2,4.26,6884843
2016-08-11/00:00:00,4.26,4.44,4.29,4.35,6409376
2016-08-14/00:00:00,4.35,4.67,4.33,4.53,7354436
2016-08-15/00:00:00,4.67,4.77,4.59,4.67,5538621
2016-08-16/00:00:00,4.67,4.81,4.62,4.71,6796421
2016-08-17/00:00:00,4.71,4.79,4.66,4.71,5555133
2016-08-18/00:00:00,4.79,4.89,4.75,4.81,5537898
2016-08-21/00:00:00,4.89,4.92,4.75,4.83,2775234
2016-08-22/00:00:00,4.83,4.83,4.67,4.72,2789409
2016-08-23/00:00:00,4.72,4.85,4.67,4.77,2706666
2016-08-24/00:00:00,4.77,4.92,4.77,4.85,2020719
2016-08-25/00:00:00,4.85,4.81,4.49,4.63,4650236
2016-08-28/00:00:00,4.63,4.53,4.38,4.43,2720663
2016-08-29/00:00:00,4.43,4.53,4.39,4.45,1144536
2016-08-30/00:00:00,4.45,4.61,4.43,4.53,2772489
2016-08-31/00:00:00,4.53,4.71,4.57,4.63,1417586
2016-09-01/00:00:00,4.63,4.63,4.48,4.57,1192251
2016-09-04/00:00:00,4.57,5.03,4.53,4.83,5471994
2016-09-05/00:00:00,4.83,5.12,4.93,5.03,3221429
2016-09-06/00:00:00,5.03,5.03,4.87,4.97,2359655
2016-09-07/00:00:00,4.97,5.18,4.92,5.06,3148115
2016-09-08/00:00:00,5.06,5.34,5.05,5.18,4193132
2016-09-14/00:00:00,5.18,5.46,5.27,5.36,2930288
2016-09-15/00:00:00,5.36,5.34,5.14,5.23,1446084
2016-09-18/00:00:00,5.23,5.23,5.07,5.15,1670268
2016-09-19/00:00:00,5.22,5.29,5.19,5.24,2105678
2016-09-20/00:00:00,5.24,5.35,5.13,5.23,1907718
2016-09-21/00:00:00,5.23,5.23,4.95,5.08,1648305
2016-09-22/00:00:00,5.08,5.1,4.97,5.03,1090155
2016-09-25/00:00:00,5.03,5.17,5.03,5.09,1321739
2016-09-26/00:00:00,5.09,5.2,5.12,5.16,1639082
2016-09-27/00:00:00,5.16,5.28,5.07,5.18,2806809
2016-09-28/00:00:00,5.18,5.17,5.07,5.12,1693140
2016-09-29/00:00:00,5.12,5.29,5.05,5.15,1215707
2016-10-03/00:00:00,5.27,5.73,5.27,5.46,4169048
2016-10-04/00:00:00,5.46,5.8,5.5,5.66,2312342
2016-10-05/00:00:00,5.66,6.22,5.67,5.95,6237011
2016-10-09/00:00:00,5.95,6.18,5.97,6.07,5086455
2016-10-10/00:00:00,6.07,6.21,5.87,6.05,4950578
2016-10-11/00:00:00,6.05,6.06,5.78,5.91,4261530
2016-10-12/00:00:00,5.91,6.03,5.89,5.97,4181051
2016-10-13/00:00:00,5.97,6.27,6.05,6.18,5875728
2016-10-16/00:00:00,6.18,6.27,5.93,6.09,2866164
2016-10-17/00:00:00,6.09,6.03,5.73,5.87,2900943
2016-10-18/00:00:00,5.87,5.85,5.57,5.69,2780583
2016-10-19/00:00:00,5.69,5.79,5.51,5.63,1763595
2016-10-20/00:00:00,5.63,5.93,5.76,5.87,2002299
2016-10-23/00:00:00,5.87,5.96,5.71,5.78,558306
2016-10-24/00:00:00,5.78,5.73,5.54,5.63,1011113
2016-10-25/00:00:00,5.63,5.67,5.47,5.55,1450937
2016-10-26/00:00:00,5.55,5.65,5.47,5.58,1573848
2016-10-27/00:00:00,5.58,5.78,5.58,5.69,1028154
2016-10-30/00:00:00,5.69,5.73,5.58,5.66,687450
2016-10-31/00:00:00,5.66,6.18,5.63,5.95,2162570
2016-11-01/00:00:00,5.95,6.16,5.95,6.04,1656066
2016-11-02/00:00:00,6.21,6.25,5.95,6.09,1475525
2016-11-03/00:00:00,6.61,6.69,5.95,6.13,4723530
2016-11-06/00:00:00,6.13,6.67,5.93,6.33,6835805
2016-11-07/00:00:00,6.33,6.93,6.54,6.69,9230058
2016-11-08/00:00:00,6.69,6.81,6.31,6.55,4720379
2016-11-09/00:00:00,6.55,6.7,6.23,6.53,3897732
2016-11-10/00:00:00,6.53,6.81,6.44,6.66,11204294
2016-11-13/00:00:00,6.75,6.78,6.4,6.56,2715222
2016-11-14/00:00:00,6.56,6.6,6.35,6.45,4257824
2016-11-15/00:00:00,6.45,6.63,6.35,6.51,4514325
2016-11-16/00:00:00,6.51,7.0,6.6,6.83,7577043
2016-11-17/00:00:00,6.83,7.11,6.47,6.79,4249055
2016-11-20/00:00:00,6.79,7.0,6.57,6.87,3793347
2016-11-21/00:00:00,7.17,7.27,6.97,7.12,4868597
2016-11-22/00:00:00,7.12,7.63,6.97,7.27,6529016
2016-11-23/00:00:00,7.27,7.67,7.31,7.53,3200882
2016-11-24/00:00:00,7.53,7.57,7.2,7.34,2388666
2016-11-27/00:00:00,7.34,8.0,7.22,7.71,4574970
2016-11-28/00:00:00,7.71,8.48,7.71,8.21,3723210
2016-11-29/00:00:00,8.8,9.26,8.79,9.02,3111318
2016-11-30/00:00:00,9.02,9.37,9.0,9.18,2173281
2016-12-01/00:00:00,9.18,10.03,9.13,9.78,1811939
2016-12-04/00:00:00,9.78,10.59,9.53,9.91,3215724
2016-12-05/00:00:00,9.91,9.89,9.17,9.41,2436296
2016-12-06/00:00:00,9.41,10.0,9.33,9.75,3474315
2016-12-07/00:00:00,9.75,9.95,9.21,9.7,5242640
2016-12-08/00:00:00,9.7,9.8,9.37,9.65,1045934
2016-12-12/00:00:00,9.65,9.83,9.41,9.63,1681718
2016-12-13/00:00:00,9.63,9.75,9.37,9.49,1701242
2016-12-14/00:00:00,9.49,10.33,9.53,9.99,4868171
2016-12-15/00:00:00,9.99,10.97,10.13,10.59,4607016
2016-12-18/00:00:00,11.0,11.29,10.55,10.87,2107602
2016-12-19/00:00:00,10.87,11.0,10.62,10.81,2128857
2016-12-20/00:00:00,10.81,11.53,10.67,10.98,3620097
2016-12-21/00:00:00,10.98,10.96,10.67,10.75,2097108
2016-12-22/00:00:00,10.75,11.1,10.07,10.64,2579559
2016-12-25/00:00:00,10.64,10.49,9.95,10.12,1400739
2016-12-26/00:00:00,10.12,10.27,9.85,10.05,1173822
2016-12-27/00:00:00,10.05,10.64,9.93,10.43,3297588
2016-12-28/00:00:00,10.43,10.77,10.33,10.57,1893845
2016-12-29/00:00:00,10.57,10.56,10.13,10.33,901701
2017-01-02/00:00:00,10.33,11.18,10.34,10.85,2828630
2017-01-03/00:00:00,10.85,11.27,10.7,11.04,2507082
2017-01-04/00:00:00,11.15,11.17,10.71,10.93,2294070
2017-01-05/00:00:00,10.93,11.02,10.73,10.83,1880654
2017-01-08/00:00:00,10.83,10.96,10.43,10.65,1392377
2017-01-09/00:00:00,10.65,11.11,10.49,10.89,2369615
2017-01-10/00:00:00,11.17,11.23,10.77,11.03,1163429
2017-01-11/00:00:00,11.03,10.98,10.73,10.88,812687
2017-01-12/00:00:00,10.88,11.5,10.99,11.23,3476073
2017-01-15/00:00:00,11.23,11.93,11.27,11.53,2081919
2017-01-16/00:00:00,11.53,11.83,11.33,11.61,2418333
2017-01-17/00:00:00,11.61,11.77,11.47,11.59,1166351
2017-01-18/00:00:00,11.59,11.83,10.8,11.46,1631414
2017-01-19/00:00:00,11.46,11.27,10.33,10.77,1098269
2017-01-22/00:00:00,10.77,11.07,10.67,10.91,384144
2017-01-23/00:00:00,10.91,11.25,10.75,10.99,1391952
2017-01-24/00:00:00,10.99,11.3,10.69,11.15,1155332
2017-01-26/00:00:00,11.15,11.47,11.23,11.31,579117
2017-01-29/00:00:00,11.31,12.13,11.33,11.63,3707552
2017-01-30/00:00:00,11.63,11.73,11.01,11.45,2588099
2017-01-31/00:00:00,11.45,11.6,10.93,11.39,2010576
2017-02-01/00:00:00,11.39,11.67,11.33,11.54,648170
2017-02-02/00:00:00,11.54,12.69,11.67,12.35,3548568
2017-02-05/00:00:00,12.35,13.33,12.63,13.09,1534715
2017-02-06/00:00:00,13.09,13.2,12.4,12.71,4505550
2017-02-07/00:00:00,12.71,12.93,12.57,12.73,1489989
2017-02-08/00:00:00,12.73,13.0,12.38,12.65,1830102
2017-02-09/00:00:00,12.65,12.5,12.15,12.34,690782
2017-02-12/00:00:00,12.34,12.27,11.41,11.76,739568
2017-02-13/00:00:00,11.76,12.11,11.37,11.68,1059297
2017-02-14/00:00:00,11.68,11.83,10.61,11.02,2245227
2017-02-15/00:00:00,11.02,11.67,10.8,11.41,1970087
2017-02-16/00:00:00,11.41,11.83,11.48,11.65,224613
2017-02-19/00:00:00,11.65,11.7,11.5,11.56,813983
2017-02-20/00:00:00,11.56,11.92,11.4,11.69,1619621
2017-02-21/00:00:00,11.69,11.97,11.6,11.77,1322232
2017-02-22/00:00:00,11.77,12.0,11.6,11.83,984747
2017-02-23/00:00:00,11.83,11.87,11.2,11.67,1128978
2017-02-26/00:00:00,11.67,11.8,11.54,11.71,82275
2017-02-27/00:00:00,11.71,11.8,11.21,11.49,452052
2017-02-28/00:00:00,11.49,11.43,11.07,11.31,170082
2017-03-01/00:00:00,11.31,11.35,11.07,11.25,218862
2017-03-02/00:00:00,11.25,11.7,11.07,11.53,521394
2017-03-05/00:00:00,11.53,11.73,11.5,11.62,152846
2017-03-06/00:00:00,11.62,11.9,11.39,11.74,1497888
2017-03-07/00:00:00,11.74,12.53,11.21,12.04,2270847
2017-03-08/00:00:00,12.04,12.73,12.0,12.37,1352946
2017-03-09/00:00:00,12.37,12.64,12.01,12.35,1598466
2017-03-12/00:00:00,12.35,12.47,11.77,12.01,620817
2017-03-13/00:00:00,12.01,13.0,12.17,12.66,3694214
2017-03-14/00:00:00,12.66,12.89,12.33,12.63,1638786
2017-03-15/00:00:00,12.63,12.9,12.6,12.81,2156661
2017-03-16/00:00:00,12.81,12.99,12.54,12.84,741366
2017-03-19/00:00:00,12.84,12.93,12.47,12.62,1038666
2017-03-20/00:00:00,12.62,12.6,11.93,12.14,950277
2017-03-21/00:00:00,12.14,12.83,12.2,12.58,2736057
2017-03-22/00:00:00,12.58,12.75,12.26,12.45,1234107
2017-03-23/00:00:00,12.45,12.81,12.45,12.65,1231697
2017-03-26/00:00:00,12.65,12.97,12.63,12.83,902670
2017-03-27/00:00:00,12.83,12.85,12.12,12.29,2064968
2017-03-28/00:00:00,12.29,12.39,12.04,12.19,1175600
2017-03-29/00:00:00,12.19,12.43,12.14,12.26,1308573
2017-03-30/00:00:00,12.26,13.2,12.33,12.82,4126499
2017-04-02/00:00:00,12.82,13.4,12.87,13.11,3160275
2017-04-03/00:00:00,13.11,13.33,13.0,13.1,1991409
2017-04-04/00:00:00,13.1,13.23,12.93,13.03,1607558
2017-04-05/00:00:00,13.03,13.13,12.74,12.95,1501469
2017-04-06/00:00:00,12.95,12.91,12.77,12.85,523425
2017-04-09/00:00:00,12.85,13.1,12.67,12.87,2244011
2017-04-10/00:00:00,12.87,13.0,12.67,12.76,766842
2017-04-11/00:00:00,12.76,13.12,12.86,13.03,1567409
2017-04-12/00:00:00,13.03,13.27,13.13,13.17,4022208
2017-04-13/00:00:00,13.17,13.2,13.07,13.16,178428
2017-04-18/00:00:00,13.16,13.27,13.07,13.15,194154
2017-04-19/00:00:00,13.33,13.5,13.0,13.26,414380
2017-04-20/00:00:00,13.26,13.45,13.11,13.29,601892
2017-04-23/00:00:00,13.29,13.1,12.75,12.85,146756
2017-04-24/00:00:00,12.85,13.19,12.9,13.01,505496
2017-04-26/00:00:00,13.01,13.3,13.03,13.21,934350
2017-04-27/00:00:00,12.4,12.79,12.07,12.47,843249
2017-04-30/00:00:00,12.47,12.44,12.17,12.2,1903916
2017-05-02/00:00:00,12.2,12.31,12.28,12.3,225096
2017-05-03/00:00:00,12.3,13.07,12.29,12.71,741398
2017-05-04/00:00:00,12.71,13.0,12.6,12.73,552090
2017-05-07/00:00:00,12.73,12.73,12.6,12.66,129777
2017-05-08/00:00:00,12.66,12.93,12.55,12.69,762908
2017-05-09/00:00:00,12.69,12.75,12.58,12.65,115058
2017-05-10/00:00:00,12.65,12.84,12.53,12.63,384473
2017-05-11/00:00:00,12.63,12.73,12.53,12.66,311502
2017-05-14/00:00:00,12.66,12.8,12.57,12.63,108218
2017-05-15/00:00:00,12.63,12.87,12.67,12.78,496388
2017-05-16/00:00:00,12.78,12.96,12.8,12.86,454476
2017-05-17/00:00:00,12.86,12.93,12.73,12.89,617144
2017-05-18/00:00:00,12.89,12.8,12.67,12.67,427430
2017-05-21/00:00:00,12.67,12.76,12.67,12.68,90422
2017-05-22/00:00:00,12.68,12.77,12.33,12.61,1363758
2017-05-23/00:00:00,12.61,13.19,12.43,13.01,405053
2017-05-24/00:00:00,13.01,13.33,12.74,13.19,146706
2017-05-25/00:00:00,13.19,13.0,12.79,12.85,42761
2017-05-28/00:00:00,12.85,13.13,12.71,12.79,36308
2017-05-29/00:00:00,12.79,12.93,12.67,12.77,281487
2017-05-30/00:00:00,12.77,12.8,12.59,12.67,154691
2017-05-31/00:00:00,12.67,12.67,12.5,12.53,2317613
2017-06-01/00:00:00,12.53,12.82,12.53,12.53,320964
2017-06-04/00:00:00,12.53,12.93,12.52,12.72,157929
2017-06-05/00:00:00,12.72,12.87,12.47,12.51,1527194
2017-06-06/00:00:00,12.51,12.65,12.43,12.51,313953
2017-06-07/00:00:00,12.51,12.67,12.51,12.57,81165
2017-06-08/00:00:00,12.57,12.8,12.63,12.65,102633
2017-06-11/00:00:00,12.65,12.65,12.5,12.62,955440
2017-06-12/00:00:00,12.62,12.59,12.47,12.5,1158363
2017-06-13/00:00:00,12.5,12.74,12.55,12.65,158180
2017-06-14/00:00:00,12.65,12.73,12.47,12.51,159693
2017-06-15/00:00:00,12.51,12.53,12.49,12.51,299114
2017-06-18/00:00:00,12.51,12.5,12.33,12.49,239400
2017-06-19/00:00:00,12.49,12.4,12.3,12.33,343392
2017-06-20/00:00:00,12.33,12.47,12.27,12.32,16680
2017-06-21/00:00:00,12.32,12.33,12.2,12.26,509273
2017-06-22/00:00:00,12.26,12.62,11.95,12.11,227705
2017-06-28/00:00:00,12.11,12.11,12.01,12.02,10946
2017-07-02/00:00:00,12.02,12.17,12.02,12.16,26171
2017-07-03/00:00:00,12.16,12.13,11.93,12.01,109757
2017-07-04/00:00:00,12.01,11.93,11.27,11.4,1102098
2017-07-05/00:00:00,11.4,11.33,10.91,11.21,245960
2017-07-06/00:00:00,11.3,11.57,11.0,11.42,1151961
2017-07-09/00:00:00,11.42,11.6,11.14,11.33,502241
2017-07-10/00:00:00,11.33,11.47,11.27,11.35,584574
2017-07-11/00:00:00,11.35,11.63,11.27,11.45,737040
2017-07-12/00:00:00,11.45,11.33,11.17,11.25,852992
2017-07-13/00:00:00,11.25,11.34,11.2,11.28,720120
2017-07-16/00:00:00,11.28,11.4,11.2,11.35,208670
2017-07-17/00:00:00,11.35,11.89,11.39,11.68,1034672
2017-07-18/00:00:00,11.68,11.8,11.4,11.57,646475
2017-07-19/00:00:00,11.57,12.67,11.67,12.13,658326
2017-07-20/00:00:00,12.13,12.33,12.0,12.09,149775
2017-07-24/00:00:00,12.09,12.3,12.07,12.17,967733
2017-07-25/00:00:00,12.17,12.23,12.01,12.14,97245
2017-07-26/00:00:00,12.14,12.73,12.23,12.56,399366
2017-07-27/00:00:00,12.56,12.64,12.43,12.55,569997
2017-07-30/00:00:00,12.55,12.6,12.15,12.27,139358
2017-07-31/00:00:00,12.27,12.4,12.0,12.15,234833
2017-08-01/00:00:00,12.15,12.27,12.0,12.17,289367
2017-08-02/00:00:00,12.17,12.53,12.11,12.33,774506
2017-08-03/00:00:00,12.33,12.33,12.09,12.28,566561
2017-08-06/00:00:00,12.28,12.47,12.17,12.35,381006
2017-08-07/00:00:00,12.35,12.47,12.2,12.43,772776
2017-08-08/00:00:00,12.43,12.61,12.33,12.53,996600
2017-08-09/00:00:00,12.53,12.63,12.37,12.53,477603
2017-08-10/00:00:00,12.53,12.53,12.4,12.48,271941
2017-08-13/00:00:00,12.48,12.57,12.11,12.23,20670
2017-08-14/00:00:00,12.23,12.5,12.13,12.21,79928
2017-08-15/00:00:00,12.21,12.53,12.4,12.49,322812
2017-08-16/00:00:00,12.49,12.53,12.34,12.4,10799
2017-08-17/00:00:00,12.4,12.47,12.29,12.41,149028
2017-08-20/00:00:00,12.41,12.53,12.25,12.38,85215
2017-08-21/00:00:00,12.38,12.67,12.47,12.54,259143
2017-08-22/00:00:00,12.54,12.63,12.4,12.47,190794
2017-08-23/00:00:00,12.47,12.41,12.27,12.33,823109
2017-08-24/00:00:00,12.33,12.25,12.15,12.19,9353
2017-08-27/00:00:00,12.19,12.46,12.15,12.31,166650
2017-08-28/00:00:00,12.31,12.33,12.17,12.31,1875
2017-08-29/00:00:00,12.31,12.29,12.19,12.2,383807
2017-08-30/00:00:00,12.2,12.21,12.13,12.19,331056
2017-09-05/00:00:00,12.19,12.19,12.13,12.15,31071
2017-09-06/00:00:00,12.15,12.2,12.07,12.13,87000
2017-09-07/00:00:00,12.13,12.07,11.63,11.87,753807
2017-09-10/00:00:00,11.87,12.0,11.77,11.93,222701
2017-09-11/00:00:00,11.93,12.01,11.8,11.89,435629
2017-09-12/00:00:00,11.89,11.77,11.57,11.63,591794
2017-09-13/00:00:00,11.63,12.0,11.4,11.58,668708
2017-09-14/00:00:00,11.58,11.98,11.73,11.87,141683
2017-09-17/00:00:00,11.87,11.87,11.79,11.82,74363
2017-09-18/00:00:00,11.82,12.02,11.77,11.93,275450
2017-09-19/00:00:00,11.93,12.23,11.87,12.11,176048
2017-09-20/00:00:00,12.11,12.0,11.87,11.95,41850
2017-09-24/00:00:00,11.95,12.05,11.74,11.88,92142
2017-09-25/00:00:00,11.88,12.07,11.8,11.99,456639
2017-09-26/00:00:00,11.99,12.64,12.11,12.51,684153
2017-09-27/00:00:00,12.51,12.6,12.4,12.49,107957
2017-09-28/00:00:00,12.49,12.67,12.4,12.63,1494716
2017-10-01/00:00:00,12.63,12.87,12.57,12.72,391775
2017-10-02/00:00:00,12.72,12.83,12.4,12.57,206292
2017-10-03/00:00:00,12.57,12.67,12.42,12.53,258174
2017-10-04/00:00:00,12.53,12.63,12.39,12.46,430731
2017-10-08/00:00:00,12.46,12.66,12.39,12.46,190202
2017-10-09/00:00:00,12.46,12.63,12.24,12.35,405867
2017-10-10/00:00:00,12.35,12.4,12.01,12.11,260819
2017-10-11/00:00:00,12.11,12.53,11.97,12.03,636683
2017-10-12/00:00:00,12.03,12.79,12.04,12.58,1277085
2017-10-15/00:00:00,12.58,12.63,12.37,12.54,725712
2017-10-16/00:00:00,12.54,12.38,11.94,12.03,285431
2017-10-17/00:00:00,12.03,12.17,11.95,12.01,470639
2017-10-18/00:00:00,12.01,12.17,11.75,11.93,208172
2017-10-19/00:00:00,11.93,11.99,11.67,11.82,479913
2017-10-22/00:00:00,11.82,11.75,11.6,11.65,158610
2017-10-23/00:00:00,11.65,12.26,11.86,12.01,508238
2017-10-24/00:00:00,12.01,12.33,11.97,12.17,354263
2017-10-25/00:00:00,12.17,12.23,11.99,12.07,175617
2017-10-26/00:00:00,12.07,12.27,12.01,12.14,232503
2017-10-29/00:00:00,12.14,12.02,11.93,11.99,123314
2017-10-30/00:00:00,11.99,12.25,11.93,12.07,221397
2017-10-31/00:00:00,12.07,12.2,12.02,12.13,240081
2017-11-01/00:00:00,12.13,12.27,12.11,12.2,192608
2017-11-02/00:00:00,12.2,12.26,12.09,12.17,172064
2017-11-05/00:00:00,12.17,12.11,11.93,11.99,126465
2017-11-06/00:00:00,11.99,12.0,11.72,11.87,325044
2017-11-07/00:00:00,11.87,11.77,11.61,11.68,872505
2017-11-08/00:00:00,11.68,11.65,11.2,11.37,1552686
2017-11-09/00:00:00,11.37,11.53,11.0,11.23,820344
2017-11-12/00:00:00,11.23,11.52,11.01,11.19,353898
2017-11-13/00:00:00,11.19,11.12,10.97,11.03,128355
2017-11-14/00:00:00,11.03,11.2,10.91,10.99,185250
2017-11-15/00:00:00,10.99,11.2,10.69,11.01,357995
2017-11-16/00:00:00,11.01,10.93,10.25,10.43,2900196
2017-11-19/00:00:00,10.43,10.44,10.12,10.25,1536599
2017-11-20/00:00:00,10.25,10.67,10.33,10.55,1160622
2017-11-21/00:00:00,10.55,10.8,10.63,10.67,1968249
2017-11-22/00:00:00,10.67,10.77,10.63,10.67,611202
2017-11-23/00:00:00,10.67,10.93,10.67,10.86,247413
2017-11-26/00:00:00,10.86,11.5,10.73,11.24,596582
2017-11-27/00:00:00,11.24,11.34,11.15,11.26,174534
2017-11-28/00:00:00,11.26,11.93,11.33,11.71,2722977
2017-11-29/00:00:00,11.71,11.83,11.67,11.73,2372276
2017-12-03/00:00:00,11.73,12.12,11.73,12.0,1253769
2017-12-04/00:00:00,12.0,12.27,11.93,12.1,2000280
2017-12-05/00:00:00,12.1,11.93,11.7,11.87,882965
2017-12-06/00:00:00,11.87,11.77,11.5,11.57,264408
2017-12-07/00:00:00,11.57,11.53,11.33,11.43,105218
2017-12-10/00:00:00,11.43,11.79,11.33,11.37,716930
2017-12-11/00:00:00,11.37,11.75,11.33,11.63,916259
2017-12-12/00:00:00,11.63,12.13,11.66,11.85,1460634
2017-12-13/00:00:00,11.85,12.07,11.6,11.85,431549
2017-12-14/00:00:00,11.85,11.99,11.47,11.67,1056860
2017-12-17/00:00:00,11.67,11.87,11.67,11.73,134306
2017-12-18/00:00:00,11.73,12.0,11.67,11.74,817268
2017-12-19/00:00:00,11.74,11.67,11.4,11.59,430241
2017-12-20/00:00:00,11.59,11.67,11.27,11.43,153104
2017-12-21/00:00:00,11.43,11.53,11.33,11.45,25319
2017-12-24/00:00:00,11.45,11.53,11.3,11.33,24233
2017-12-25/00:00:00,11.33,11.53,11.2,11.28,129677
2017-12-26/00:00:00,11.28,11.53,11.18,11.3,99477
2017-12-27/00:00:00,11.3,11.13,11.04,11.09,51714
2017-12-28/00:00:00,11.09,11.27,11.07,11.18,633735
2017-12-31/00:00:00,11.18,11.17,11.0,11.06,20303
2018-01-02/00:00:00,11.06,11.13,11.0,11.05,284633
2018-01-03/00:00:00,11.05,11.08,10.85,10.95,142613
2018-01-04/00:00:00,10.95,11.26,11.01,11.09,496533
2018-01-08/00:00:00,11.09,11.32,10.93,11.13,1383152
2018-01-09/00:00:00,11.13,11.67,11.07,11.51,670478
2018-01-10/00:00:00,11.51,11.83,11.6,11.75,499634
2018-01-11/00:00:00,11.75,11.89,11.62,11.74,810342
2018-01-14/00:00:00,11.74,11.73,11.47,11.61,584697
2018-01-15/00:00:00,11.61,11.6,11.47,11.59,1952946
2018-01-16/00:00:00,11.59,11.47,11.36,11.47,1724921
2018-01-17/00:00:00,11.47,11.46,11.27,11.35,174200
2018-01-18/00:00:00,11.35,11.36,11.23,11.32,274757
2018-01-21/00:00:00,11.32,11.33,10.93,11.02,696588
2018-01-22/00:00:00,11.02,11.23,10.79,10.9,324921
2018-01-23/00:00:00,10.9,10.97,10.69,10.85,465554
2018-01-24/00:00:00,10.85,10.76,10.42,10.64,1059894
2018-01-28/00:00:00,10.64,10.97,10.67,10.82,1266390
2018-01-29/00:00:00,10.82,10.86,10.6,10.67,2502554
2018-01-30/00:00:00,10.67,10.77,10.54,10.65,179520
2018-01-31/00:00:00,10.65,10.67,10.27,10.48,522989
2018-02-01/00:00:00,10.48,10.93,10.4,10.64,423687
2018-02-04/00:00:00,10.64,10.6,10.37,10.44,144024
2018-02-05/00:00:00,10.44,10.47,10.33,10.4,1327991
2018-02-06/00:00:00,10.4,10.53,10.0,10.29,1467204
2018-02-07/00:00:00,10.29,10.53,10.4,10.44,106056
2018-02-08/00:00:00,10.44,10.57,10.21,10.4,104661
2018-02-11/00:00:00,10.4,10.37,10.2,10.23,406613
2018-02-12/00:00:00,10.23,10.56,10.27,10.41,412262
2018-02-13/00:00:00,10.41,10.53,10.04,10.33,283103
2018-02-14/00:00:00,10.33,10.39,10.03,10.28,74480
2018-02-15/00:00:00,10.28,10.43,10.27,10.32,59570
2018-02-18/00:00:00,10.32,10.49,10.35,10.44,38024
2018-02-19/00:00:00,10.44,10.56,10.29,10.45,182592
2018-02-20/00:00:00,10.45,10.49,10.07,10.31,222843
2018-02-21/00:00:00,10.31,10.23,10.07,10.13,153731
2018-02-22/00:00:00,10.13,10.13,9.85,9.97,564950
2018-02-25/00:00:00,9.97,10.06,9.95,10.01,105779
2018-02-26/00:00:00,10.01,10.53,9.93,10.37,2264624
2018-02-27/00:00:00,10.37,10.83,10.46,10.71,2200535
2018-02-28/00:00:00,10.71,10.77,10.63,10.7,795653
2018-03-01/00:00:00,10.7,10.72,10.6,10.66,366354
2018-03-04/00:00:00,10.66,10.84,10.6,10.67,107906
2018-03-05/00:00:00,10.67,10.8,10.47,10.55,279791
2018-03-06/00:00:00,10.55,10.73,10.37,10.49,548844
2018-03-07/00:00:00,10.49,11.1,10.5,10.91,2176295
2018-03-08/00:00:00,10.91,10.9,10.63,10.71,450833
2018-03-11/00:00:00,10.71,10.93,10.67,10.75,414339
2018-03-12/00:00:00,10.75,11.03,10.67,10.87,2267234
2018-03-13/00:00:00,10.87,11.07,10.53,10.71,1859387
2018-03-14/00:00:00,10.71,10.88,10.54,10.7,829527
2018-03-15/00:00:00,10.7,10.73,10.33,10.55,1515635
2018-03-18/00:00:00,10.55,10.57,10.3,10.39,726843
2018-03-19/00:00:00,10.39,10.38,10.17,10.26,702159
2018-03-20/00:00:00,10.26,10.39,10.07,10.29,1077099
2018-03-21/00:00:00,10.29,10.32,10.05,10.13,457569
2018-03-22/00:00:00,10.13,10.17,9.93,10.02,1878381
2018-03-25/00:00:00,10.02,10.13,9.93,9.99,237606
2018-03-26/00:00:00,9.99,10.13,9.9,9.99,987233
2018-03-27/00:00:00,9.99,10.1,9.92,9.98,688545
2018-03-28/00:00:00,9.98,10.5,10.0,10.33,963497
2018-03-29/00:00:00,10.33,10.63,10.33,10.47,1324536
2018-04-01/00:00:00,10.47,11.0,10.53,10.77,2998982
2018-04-02/00:00:00,10.77,11.01,10.73,10.9,1506260
2018-04-03/00:00:00,10.9,10.96,10.71,10.85,1529292
2018-04-04/00:00:00,10.85,10.87,10.01,10.61,1620989
2018-04-05/00:00:00,10.61,10.77,10.27,10.46,1805496
2018-04-10/00:00:00,10.46,11.24,10.51,10.97,3282411
2018-04-11/00:00:00,10.97,11.43,11.03,11.29,2449482
2018-04-12/00:00:00,11.29,11.37,11.01,11.28,1295319
2018-04-15/00:00:00,11.28,11.59,11.33,11.45,3143895
2018-04-16/00:00:00,11.45,11.59,11.44,11.52,1679459
2018-04-17/00:00:00,10.65,10.96,10.48,10.83,3115805
2018-04-18/00:00:00,10.83,10.93,10.55,10.73,966861
2018-04-19/00:00:00,10.73,10.83,10.67,10.67,5372667
2018-04-22/00:00:00,10.67,10.78,10.57,10.65,590754
2018-04-23/00:00:00,10.65,10.67,10.47,10.59,424581
2018-04-24/00:00:00,10.59,10.63,10.3,10.41,289979
2018-04-26/00:00:00,10.41,10.43,10.31,10.39,693297
2018-04-29/00:00:00,10.39,10.39,10.21,10.28,189809
2018-04-30/00:00:00,10.28,10.27,10.01,10.08,838556
2018-05-02/00:00:00,10.08,10.51,9.07,10.34,336588
2018-05-03/00:00:00,10.34,10.5,10.27,10.37,710288
2018-05-06/00:00:00,10.47,10.47,10.17,10.28,139964
2018-05-07/00:00:00,10.28,10.3,10.18,10.23,223250
2018-05-08/00:00:00,10.23,10.33,10.2,10.23,544808
2018-05-09/00:00:00,10.23,10.33,10.2,10.25,1036127
2018-05-10/00:00:00,10.25,10.27,9.93,10.15,183554
2018-05-13/00:00:00,10.15,10.07,9.54,9.8,511755
2018-05-14/00:00:00,9.8,10.0,9.33,9.55,383597
2018-05-15/00:00:00,9.55,9.6,9.33,9.44,154290
2018-05-16/00:00:00,9.44,9.99,9.5,9.77,1046949
2018-05-17/00:00:00,9.77,10.07,9.77,9.91,185390
2018-05-20/00:00:00,9.91,9.78,9.5,9.63,91506
2018-05-21/00:00:00,9.63,9.67,9.53,9.59,53319
2018-05-22/00:00:00,9.59,9.73,9.57,9.6,127985
2018-05-23/00:00:00,9.6,10.0,9.6,9.71,830042
2018-05-24/00:00:00,9.71,9.83,9.6,9.62,68468
2018-05-27/00:00:00,9.62,9.6,9.57,9.58,38400
2018-05-28/00:00:00,9.58,9.8,9.61,9.66,197769
2018-05-29/00:00:00,9.66,9.93,9.52,9.79,470562
2018-05-30/00:00:00,9.79,9.8,9.53,9.6,875453
2018-05-31/00:00:00,9.6,9.6,9.27,9.35,692457
2018-06-03/00:00:00,9.35,9.46,9.25,9.33,152685
2018-06-04/00:00:00,9.33,9.33,9.09,9.23,110051
2018-06-05/00:00:00,9.23,9.0,8.67,8.79,316485
2018-06-06/00:00:00,8.79,8.85,7.92,8.43,259376
2018-06-07/00:00:00,8.43,8.47,8.13,8.25,380943
2018-06-10/00:00:00,8.25,8.55,8.33,8.38,470265
2018-06-11/00:00:00,8.38,8.57,8.4,8.49,392918
2018-06-12/00:00:00,8.49,8.66,8.41,8.57,58230
2018-06-13/00:00:00,8.57,8.79,8.61,8.74,105945
2018-06-14/00:00:00,8.74,8.87,8.33,8.53,268635
2018-06-19/00:00:00,8.53,8.51,8.38,8.43,64574
2018-06-20/00:00:00,8.43,8.65,8.33,8.44,386082
2018-06-21/00:00:00,8.44,8.6,8.27,8.39,679700
2018-06-24/00:00:00,8.39,8.6,8.44,8.53,106710
2018-06-25/00:00:00,8.53,8.64,8.33,8.41,628848
2018-06-26/00:00:00,8.41,8.49,8.31,8.35,287067
2018-06-27/00:00:00,8.35,8.57,8.33,8.43,806774
2018-06-28/00:00:00,8.43,8.44,8.0,8.13,3315200
2018-07-02/00:00:00,8.13,8.27,8.09,8.18,616041
2018-07-03/00:00:00,8.18,8.22,8.06,8.1,137463
2018-07-04/00:00:00,8.1,8.15,8.0,8.07,473456
2018-07-05/00:00:00,8.07,8.07,7.95,8.03,204839
2018-07-08/00:00:00,8.03,7.97,7.44,7.67,218885
2018-07-09/00:00:00,7.67,7.64,7.33,7.44,599981
2018-07-10/00:00:00,7.44,7.8,7.59,7.67,473282
2018-07-11/00:00:00,7.67,7.92,7.66,7.73,1641423
2018-07-12/00:00:00,7.73,7.96,7.73,7.82,1346411
2018-07-15/00:00:00,7.82,7.87,7.67,7.76,171218
2018-07-16/00:00:00,7.76,7.85,7.67,7.75,325604
2018-07-17/00:00:00,7.75,7.85,7.61,7.67,614888
2018-07-18/00:00:00,7.67,7.87,7.71,7.77,1135770
2018-07-19/00:00:00,7.77,7.87,7.73,7.79,261143
2018-07-22/00:00:00,7.79,7.81,7.68,7.77,227664
2018-07-24/00:00:00,7.77,8.1,7.73,7.97,479013
2018-07-25/00:00:00,7.97,7.9,7.73,7.81,304401
2018-07-26/00:00:00,7.81,7.97,7.73,7.79,261645
2018-07-29/00:00:00,7.79,8.2,7.87,8.11,519642
2018-07-30/00:00:00,8.11,8.18,7.98,8.09,227460
2018-07-31/00:00:00,8.09,8.07,8.0,8.01,227139
2018-08-01/00:00:00,8.01,8.17,8.0,8.08,251564
2018-08-02/00:00:00,8.08,8.16,8.0,8.05,103347
2018-08-05/00:00:00,8.05,8.07,8.0,8.02,55290
2018-08-06/00:00:00,8.02,8.07,8.0,8.01,172571
2018-08-07/00:00:00,8.01,8.07,8.01,8.05,92174
2018-08-08/00:00:00,8.05,8.23,8.03,8.17,1759682
2018-08-09/00:00:00,8.17,8.35,8.03,8.23,875529
2018-08-12/00:00:00,8.23,8.13,8.03,8.05,216599
2018-08-13/00:00:00,8.05,8.04,7.67,7.83,387825
2018-08-14/00:00:00,7.83,8.0,7.73,7.81,817419
2018-08-15/00:00:00,7.81,7.87,7.73,7.76,1919933
2018-08-16/00:00:00,7.76,7.73,7.43,7.57,2098964
2018-08-19/00:00:00,7.57,7.53,7.33,7.38,113868
2018-08-26/00:00:00,7.38,7.6,7.41,7.53,59445
2018-08-27/00:00:00,7.53,7.53,7.36,7.49,121790
2018-08-28/00:00:00,7.49,7.6,7.4,7.51,538566
2018-08-29/00:00:00,7.51,7.67,7.35,7.49,1513571
2018-08-30/00:00:00,7.49,7.53,7.48,7.5,885170
2018-09-02/00:00:00,7.5,7.73,7.42,7.56,1327590
2018-09-03/00:00:00,7.56,7.63,7.37,7.55,3063267
2018-09-04/00:00:00,7.55,7.53,7.43,7.49,621635
2018-09-05/00:00:00,7.49,7.47,7.39,7.41,424043
2018-09-06/00:00:00,7.41,7.47,6.93,7.06,5426774
2018-09-09/00:00:00,7.06,7.01,6.84,6.89,722454
2018-09-10/00:00:00,6.89,6.91,6.69,6.77,754428
2018-09-12/00:00:00,6.77,6.8,6.51,6.61,2965757
2018-09-13/00:00:00,6.61,6.66,6.5,6.55,379106
2018-09-16/00:00:00,6.55,6.53,6.01,6.29,713622
2018-09-17/00:00:00,6.29,6.28,6.14,6.23,2126645
2018-09-18/00:00:00,6.23,6.63,6.2,6.36,8486175
2018-09-19/00:00:00,6.36,6.73,6.2,6.47,1691958
2018-09-20/00:00:00,6.47,6.67,6.27,6.45,1158546
2018-09-23/00:00:00,6.45,6.59,6.33,6.39,1401263
2018-09-24/00:00:00,6.39,6.54,6.38,6.47,513113
2018-09-25/00:00:00,6.47,6.83,6.53,6.67,1403300
2018-09-26/00:00:00,6.67,6.67,6.33,6.48,1018256
2018-09-27/00:00:00,6.48,6.45,6.33,6.39,3086943
2018-09-30/00:00:00,6.39,6.47,6.33,6.39,1546929
2018-10-01/00:00:00,6.39,6.33,6.15,6.24,312879
2018-10-02/00:00:00,6.24,6.35,6.21,6.32,866438
2018-10-03/00:00:00,6.32,6.4,6.05,6.23,1011534
2018-10-04/00:00:00,6.23,6.07,5.85,5.93,1535984
2018-10-08/00:00:00,5.93,5.87,5.41,5.6,1458015
2018-10-09/00:00:00,5.6,5.73,5.45,5.63,787029
2018-10-10/00:00:00,5.63,5.73,5.67,5.69,1160529
2018-10-11/00:00:00,5.5,5.73,5.45,5.51,1816469
2018-10-14/00:00:00,5.51,5.8,5.69,5.76,372309
2018-10-15/00:00:00,5.76,6.23,5.73,6.01,1702958
2018-10-16/00:00:00,6.01,6.47,6.01,6.34,1831661
2018-10-17/00:00:00,6.34,6.59,6.34,6.45,295496
2018-10-18/00:00:00,6.45,6.46,6.27,6.33,321987
2018-10-21/00:00:00,6.33,6.33,6.15,6.27,121601
2018-10-22/00:00:00,6.27,6.33,6.13,6.23,531986
2018-10-23/00:00:00,6.23,6.4,5.94,6.22,1004717
2018-10-24/00:00:00,6.22,6.13,5.97,6.02,2723625
2018-10-25/00:00:00,6.02,6.13,5.93,6.09,390195
2018-10-28/00:00:00,6.09,6.13,5.84,6.04,458463
2018-10-29/00:00:00,6.04,6.19,5.94,6.11,821213
2018-10-30/00:00:00,6.11,6.27,6.07,6.17,407468
2018-10-31/00:00:00,6.17,6.27,6.0,6.1,194663
2018-11-01/00:00:00,6.1,6.2,6.01,6.1,579591
2018-11-04/00:00:00,6.1,6.4,6.07,6.26,661620
2018-11-05/00:00:00,6.26,6.53,6.33,6.37,2544833
2018-11-06/00:00:00,6.37,6.81,6.47,6.67,1833086
2018-11-07/00:00:00,6.67,6.79,6.65,6.69,706374
2018-11-08/00:00:00,6.69,6.8,6.63,6.68,422543
2018-11-11/00:00:00,6.68,6.76,6.59,6.67,195504
2018-11-12/00:00:00,6.67,7.13,6.67,6.95,2034525
2018-11-13/00:00:00,6.95,7.22,6.97,7.1,7549383
2018-11-14/00:00:00,7.1,7.13,7.05,7.1,2699853
2018-11-15/00:00:00,7.1,7.28,7.01,7.17,407007
2018-11-18/00:00:00,7.17,7.46,7.24,7.35,594446
2018-11-19/00:00:00,7.35,7.53,7.33,7.46,926495
2018-11-21/00:00:00,7.46,7.53,7.27,7.48,2265192
2018-11-22/00:00:00,7.48,7.46,6.97,7.27,2029791
2018-11-25/00:00:00,7.27,7.13,6.87,6.97,284055
2018-11-26/00:00:00,6.97,7.26,6.91,6.98,337731
2018-11-27/00:00:00,6.98,7.07,6.83,6.94,907727
2018-11-28/00:00:00,6.94,6.97,6.74,6.89,1290726
2018-11-29/00:00:00,6.89,6.99,6.8,6.87,1035087
2018-12-02/00:00:00,6.87,6.87,6.78,6.83,242520
2018-12-03/00:00:00,6.83,6.81,6.68,6.79,466637
2018-12-04/00:00:00,6.79,6.84,6.67,6.73,550598
2018-12-05/00:00:00,6.73,7.13,6.67,7.01,644502
2018-12-06/00:00:00,7.01,7.19,6.8,6.92,252899
2018-12-09/00:00:00,6.92,6.93,6.6,6.77,1132439
2018-12-10/00:00:00,6.77,7.0,6.73,6.8,609416
2018-12-11/00:00:00,6.8,6.87,6.74,6.81,609810
2018-12-12/00:00:00,6.81,7.0,6.77,6.91,390728
2018-12-13/00:00:00,6.91,7.11,6.87,6.99,916481
2018-12-16/00:00:00,6.99,7.09,6.93,6.99,960794
2018-12-17/00:00:00,6.99,7.07,6.93,6.97,373490
2018-12-18/00:00:00,6.97,7.0,6.8,6.92,235841
2018-12-19/00:00:00,6.92,7.0,6.79,6.87,440564
2018-12-20/00:00:00,6.87,6.93,6.71,6.83,874244
2018-12-23/00:00:00,6.83,6.81,6.63,6.71,266103
2018-12-24/00:00:00,6.71,6.91,6.56,6.67,343290
2018-12-25/00:00:00,6.67,6.81,6.59,6.69,688262
2018-12-26/00:00:00,6.69,6.85,6.75,6.79,389586
2018-12-27/00:00:00,6.79,7.03,6.8,6.9,1404987
2018-12-30/00:00:00,6.9,7.05,6.86,6.97,465116
2018-12-31/00:00:00,10.45,10.55,10.4,10.45,381918
2019-01-02/00:00:00,6.97,7.37,6.97,7.22,2237129
2019-01-03/00:00:00,7.22,7.38,7.2,7.33,1912977
2019-01-06/00:00:00,7.33,7.51,7.2,7.39,2016996
2019-01-08/00:00:00,7.39,7.5,7.31,7.39,1471592
2019-01-09/00:00:00,7.39,7.48,7.25,7.37,844125
2019-01-10/00:00:00,7.37,7.45,7.29,7.35,1267227
2019-01-13/00:00:00,7.35,7.73,7.4,7.6,3920339
2019-01-14/00:00:00,7.6,7.71,7.41,7.57,1112754
2019-01-15/00:00:00,7.57,7.6,7.43,7.49,310901
2019-01-16/00:00:00,7.49,7.48,7.25,7.33,1741227
2019-01-17/00:00:00,7.33,7.33,7.2,7.23,467226
2019-01-20/00:00:00,7.23,7.33,7.07,7.17,690849
2019-01-21/00:00:00,7.17,7.2,7.07,7.13,304163
2019-01-22/00:00:00,7.13,7.21,6.95,7.07,518097
2019-01-23/00:00:00,7.07,7.13,6.8,7.01,1133462
2019-01-27/00:00:00,7.01,7.33,7.15,7.27,739551
2019-01-28/00:00:00,7.27,7.43,7.19,7.36,725840
2019-01-29/00:00:00,7.36,7.37,7.23,7.32,680753
2019-01-30/00:00:00,7.32,7.46,7.21,7.33,786261
2019-01-31/00:00:00,7.33,7.38,7.2,7.31,582506
2019-02-03/00:00:00,7.31,7.59,7.23,7.43,1350324
2019-02-04/00:00:00,7.43,7.6,7.23,7.36,749847
2019-02-05/00:00:00,7.36,7.5,7.25,7.44,478530
2019-02-06/00:00:00,7.44,7.43,7.25,7.37,225315
2019-02-07/00:00:00,7.37,7.4,7.27,7.33,233160
2019-02-10/00:00:00,7.33,7.79,7.32,7.61,2194391
2019-02-11/00:00:00,7.61,7.98,7.73,7.87,3526199
2019-02-12/00:00:00,7.87,7.99,7.68,7.8,791897
2019-02-13/00:00:00,7.8,7.87,7.69,7.81,1495446
2019-02-14/00:00:00,7.81,7.87,7.63,7.69,410015
2019-02-17/00:00:00,7.69,7.87,7.72,7.8,1378407
2019-02-18/00:00:00,7.8,7.9,7.74,7.83,450132
2019-02-19/00:00:00,7.83,8.07,7.75,7.93,1556246
2019-02-20/00:00:00,7.93,8.13,8.0,8.01,1435731
2019-02-21/00:00:00,8.01,8.03,7.92,7.98,544344
2019-02-24/00:00:00,7.98,8.07,7.92,8.0,3503211
2019-02-25/00:00:00,8.0,8.07,7.89,8.0,163035
2019-02-26/00:00:00,8.0,8.05,7.9,7.97,221055
2019-02-27/00:00:00,7.97,7.99,7.87,7.9,66812
2019-02-28/00:00:00,7.9,8.15,7.75,7.99,2303885
2019-03-03/00:00:00,7.99,8.33,7.98,8.17,645150
2019-03-04/00:00:00,8.17,8.13,7.6,7.85,1036235
2019-03-05/00:00:00,7.85,7.83,7.67,7.7,525000
2019-03-06/00:00:00,7.7,7.93,7.71,7.82,480518
2019-03-07/00:00:00,7.82,8.33,7.9,8.21,2622975
2019-03-10/00:00:00,8.21,8.33,8.2,8.25,303186
2019-03-11/00:00:00,8.25,8.47,8.2,8.34,566427
2019-03-12/00:00:00,8.34,8.63,8.47,8.55,1837214
2019-03-13/00:00:00,8.55,8.57,8.33,8.42,636240
2019-03-14/00:00:00,8.42,8.56,8.33,8.44,2130563
2019-03-17/00:00:00,8.44,8.47,8.3,8.4,35922
2019-03-18/00:00:00,8.4,8.45,8.17,8.23,438885
2019-03-19/00:00:00,8.23,8.43,7.93,8.05,2788977
2019-03-20/00:00:00,8.05,8.12,7.91,7.97,246396
2019-03-21/00:00:00,7.97,8.05,7.97,8.0,446669
2019-03-24/00:00:00,8.0,8.26,7.97,8.0,698036
2019-03-25/00:00:00,8.0,8.0,7.67,7.82,578441
2019-03-26/00:00:00,7.82,8.07,7.71,7.95,627194
2019-03-27/00:00:00,7.95,8.1,7.84,7.91,249360
2019-03-28/00:00:00,7.91,7.93,7.73,7.81,1402082
2019-03-31/00:00:00,7.81,7.89,7.7,7.79,204104
2019-04-01/00:00:00,7.79,7.87,7.73,7.74,251885
2019-04-02/00:00:00,7.74,7.93,7.75,7.82,536520
2019-04-03/00:00:00,7.99,8.21,7.94,8.05,1569948
2019-04-04/00:00:00,8.05,8.13,7.97,8.05,810983
2019-04-07/00:00:00,8.05,8.0,7.85,7.95,1493973
2019-04-08/00:00:00,7.95,8.0,7.87,7.95,609563
2019-04-09/00:00:00,7.95,8.07,7.95,8.01,1944468
2019-04-10/00:00:00,8.01,8.13,7.99,8.05,559317
2019-04-11/00:00:00,8.05,8.13,7.93,8.01,702066
2019-04-14/00:00:00,8.01,8.05,7.96,7.98,340110
2019-04-15/00:00:00,7.98,8.0,7.93,7.96,408755
2019-04-16/00:00:00,7.96,8.09,7.83,7.94,998673
2019-04-17/00:00:00,7.94,8.03,7.91,7.97,487623
2019-04-18/00:00:00,7.97,8.12,7.83,7.99,2115753
2019-04-21/00:00:00,7.99,8.0,7.88,7.91,1582757
2019-04-22/00:00:00,6.82,7.0,6.73,6.81,479538
2019-04-23/00:00:00,6.81,6.83,6.33,6.55,700001
2019-04-24/00:00:00,6.55,6.53,6.23,6.35,560789
2019-04-30/00:00:00,6.35,6.37,6.24,6.28,378894
2019-05-02/00:00:00,6.28,6.39,6.22,6.29,272921
2019-05-05/00:00:00,6.29,6.23,6.0,6.09,367094
2019-05-06/00:00:00,6.09,6.23,6.0,6.12,1516811
2019-05-07/00:00:00,6.12,6.33,6.2,6.29,1017429
2019-05-08/00:00:00,6.29,6.3,6.04,6.17,1114100
2019-05-09/00:00:00,6.17,6.23,6.0,6.11,1017587
2019-05-12/00:00:00,6.11,6.3,6.11,6.23,365985
2019-05-13/00:00:00,6.23,6.33,6.13,6.25,945087
2019-05-14/00:00:00,6.25,6.33,6.21,6.26,518952
2019-05-15/00:00:00,6.26,6.22,6.06,6.12,278702
2019-05-16/00:00:00,6.12,6.33,6.07,6.19,380874
2019-05-19/00:00:00,6.19,6.33,6.11,6.23,225576
2019-05-20/00:00:00,6.23,6.35,6.17,6.27,551837
2019-05-21/00:00:00,6.27,6.33,6.23,6.29,1038122
2019-05-22/00:00:00,6.29,6.3,6.17,6.23,262839
2019-05-23/00:00:00,6.23,6.45,6.19,6.31,804044
2019-05-26/00:00:00,6.31,6.59,6.33,6.4,642891
2019-05-27/00:00:00,6.4,6.59,6.35,6.44,208002
2019-05-28/00:00:00,6.44,6.58,6.4,6.51,1283651
2019-05-29/00:00:00,6.51,6.63,6.25,6.42,809522
2019-05-30/00:00:00,6.42,6.4,6.22,6.35,1160967
2019-06-02/00:00:00,6.35,6.33,6.17,6.25,131705
2019-06-03/00:00:00,6.25,6.4,6.18,6.29,827189
2019-06-09/00:00:00,6.29,6.61,6.43,6.58,1469373
2019-06-10/00:00:00,6.58,7.23,6.59,7.01,1747292
2019-06-11/00:00:00,7.01,7.08,6.81,6.91,1096199
2019-06-12/00:00:00,6.91,7.03,6.8,6.93,351929
2019-06-13/00:00:00,6.93,7.0,6.82,6.93,254772
2019-06-16/00:00:00,6.93,7.13,6.93,7.03,5036564
2019-06-17/00:00:00,7.03,7.04,6.91,6.96,430863
2019-06-18/00:00:00,6.96,7.0,6.85,6.89,276872
2019-06-19/00:00:00,6.89,7.0,6.87,6.94,338274
2019-06-20/00:00:00,6.94,7.17,6.95,7.07,3340028
2019-06-23/00:00:00,7.07,7.07,6.99,7.02,155505
2019-06-24/00:00:00,7.02,7.0,6.89,6.93,517716
2019-06-25/00:00:00,6.93,7.0,6.79,6.87,533843
2019-06-26/00:00:00,6.87,6.97,6.84,6.89,354956
2019-06-27/00:00:00,6.89,6.98,6.85,6.95,4544226
2019-07-02/00:00:00,6.95,6.97,6.81,6.88,490251
2019-07-03/00:00:00,6.88,6.96,6.83,6.91,512849
2019-07-04/00:00:00,6.91,6.87,6.67,6.83,767687
2019-07-07/00:00:00,6.83,6.9,6.69,6.81,152831
2019-07-08/00:00:00,6.81,6.89,6.75,6.81,600560
2019-07-09/00:00:00,6.81,6.85,6.73,6.77,436952
2019-07-10/00:00:00,6.77,6.93,6.76,6.82,819584
2019-07-11/00:00:00,6.82,6.88,6.67,6.77,1317627
2019-07-14/00:00:00,6.77,6.83,6.67,6.73,451380
2019-07-15/00:00:00,6.73,6.79,6.68,6.73,114669
2019-07-16/00:00:00,6.73,6.87,6.77,6.81,310269
2019-07-17/00:00:00,6.81,6.83,6.71,6.79,196590
2019-07-18/00:00:00,6.79,6.83,6.76,6.8,905415
2019-07-21/00:00:00,6.8,6.83,6.67,6.77,228593
2019-07-22/00:00:00,6.77,6.8,6.73,6.75,115016
2019-07-24/00:00:00,6.75,6.89,6.77,6.83,590145
2019-07-25/00:00:00,6.83,6.83,6.67,6.74,564449
2019-07-28/00:00:00,6.74,6.81,6.71,6.77,165494
2019-07-29/00:00:00,6.77,6.8,6.69,6.75,483833
2019-07-30/00:00:00,6.75,6.86,6.67,6.78,865815
2019-07-31/00:00:00,6.78,6.87,6.67,6.8,382010
2019-08-01/00:00:00,6.8,6.93,6.8,6.87,415722
2019-08-04/00:00:00,6.87,7.27,6.71,7.11,872301
2019-08-05/00:00:00,7.11,7.3,7.03,7.17,697530
2019-08-06/00:00:00,7.17,7.29,7.15,7.23,465404
2019-08-07/00:00:00,7.23,7.37,7.21,7.29,1545390
2019-08-08/00:00:00,7.29,7.57,7.19,7.37,2696021
2019-08-14/00:00:00,7.37,7.83,7.43,7.65,1111449
2019-08-15/00:00:00,7.65,7.67,7.41,7.49,168023
2019-08-18/00:00:00,7.49,7.53,7.47,7.51,57891
2019-08-19/00:00:00,7.51,7.51,7.33,7.43,4619078
2019-08-20/00:00:00,7.43,7.53,7.38,7.45,1818752
2019-08-21/00:00:00,7.45,7.6,7.4,7.53,730391
2019-08-22/00:00:00,7.53,7.6,7.48,7.55,458645
2019-08-25/00:00:00,7.55,7.63,7.49,7.55,634877
2019-08-26/00:00:00,7.55,7.8,7.63,7.68,1431084
2019-08-27/00:00:00,7.68,7.69,7.55,7.62,251168
2019-08-28/00:00:00,7.62,7.67,7.53,7.61,783065
2019-08-29/00:00:00,7.61,7.67,7.6,7.62,614229
2019-09-01/00:00:00,7.62,7.8,7.61,7.69,236655
2019-09-02/00:00:00,7.69,7.8,7.6,7.71,271863
2019-09-03/00:00:00,7.71,7.8,7.6,7.69,408599
2019-09-04/00:00:00,7.69,7.73,7.6,7.65,260429
2019-09-05/00:00:00,7.65,7.63,7.37,7.49,947945
2019-09-08/00:00:00,7.49,7.53,7.39,7.47,723524
2019-09-09/00:00:00,7.47,7.56,7.4,7.47,474618
2019-09-10/00:00:00,7.47,7.53,7.46,7.47,37604
2019-09-11/00:00:00,7.47,7.45,7.33,7.39,509897
2019-09-12/00:00:00,7.39,7.46,7.35,7.42,157844
2019-09-15/00:00:00,7.42,7.45,7.07,7.27,954311
2019-09-16/00:00:00,7.2,7.2,7.0,7.1,1176684
2019-09-17/00:00:00,7.1,7.13,6.47,6.75,1002464
2019-09-18/00:00:00,6.75,7.0,6.7,6.89,404745
2019-09-19/00:00:00,6.89,7.39,6.87,6.94,1602653
2019-09-22/00:00:00,6.94,6.97,6.6,6.75,574518
2019-09-23/00:00:00,6.75,6.99,6.3,6.63,875430
2019-09-24/00:00:00,6.63,6.72,6.47,6.57,705201
2019-09-25/00:00:00,6.57,6.99,6.67,6.88,292761
2019-09-26/00:00:00,6.88,7.23,6.9,7.04,1039070
2019-09-29/00:00:00,7.04,7.39,6.96,7.07,612047
2019-09-30/00:00:00,7.07,7.13,6.86,6.95,385284
2019-10-01/00:00:00,6.95,7.07,6.75,6.95,649820
2019-10-02/00:00:00,6.95,6.87,6.77,6.85,346923
2019-10-03/00:00:00,6.85,6.86,6.6,6.75,1357106
2019-10-07/00:00:00,6.75,6.93,6.84,6.91,205682
2019-10-08/00:00:00,6.91,7.09,6.81,6.97,1067498
2019-10-09/00:00:00,6.97,6.93,6.73,6.87,829451
2019-10-10/00:00:00,6.87,7.0,6.84,6.92,124607
2019-10-13/00:00:00,6.92,6.97,6.79,6.91,243341
2019-10-14/00:00:00,6.91,6.93,6.83,6.89,645585
2019-10-15/00:00:00,6.89,6.93,6.87,6.92,668264
2019-10-16/00:00:00,6.92,6.91,6.84,6.89,613472
2019-10-17/00:00:00,6.89,7.0,6.84,6.89,993648
2019-10-20/00:00:00,6.89,6.93,6.84,6.91,240300
2019-10-21/00:00:00,6.91,6.93,6.73,6.77,224330
2019-10-22/00:00:00,6.77,6.86,6.77,6.84,157508
2019-10-23/00:00:00,6.84,6.83,6.67,6.69,1138521
2019-10-24/00:00:00,6.69,6.82,6.73,6.75,129530
2019-10-27/00:00:00,6.75,6.8,6.73,6.75,78831
2019-10-28/00:00:00,6.75,6.87,6.76,6.81,87783
2019-10-29/00:00:00,6.81,6.9,6.77,6.87,181491
2019-10-30/00:00:00,6.87,6.95,6.83,6.9,308367
2019-10-31/00:00:00,6.9,6.96,6.87,6.92,428681
2019-11-03/00:00:00,6.92,7.1,6.98,7.05,691634
2019-11-04/00:00:00,7.05,7.23,7.0,7.13,766332
2019-11-05/00:00:00,7.13,7.28,6.94,7.11,842738
2019-11-06/00:00:00,7.11,7.11,6.95,7.03,390413
2019-11-07/00:00:00,7.03,7.23,6.95,7.11,1039046
2019-11-11/00:00:00,7.11,7.4,7.15,7.28,879618
2019-11-12/00:00:00,7.28,7.27,7.1,7.17,424658
2019-11-13/00:00:00,7.17,7.23,7.07,7.19,640248
2019-11-14/00:00:00,7.19,7.19,7.01,7.12,164147
2019-11-17/00:00:00,7.12,7.27,7.1,7.18,430440
2019-11-18/00:00:00,7.18,7.17,7.03,7.12,470775
2019-11-19/00:00:00,7.12,7.19,7.03,7.12,642747
2019-11-20/00:00:00,7.12,7.18,7.01,7.11,161844
2019-11-21/00:00:00,7.11,7.12,6.96,7.02,68336
2019-11-24/00:00:00,7.02,7.09,6.93,7.0,64089
2019-11-25/00:00:00,7.0,7.07,6.87,6.99,272957
2019-11-26/00:00:00,6.99,7.05,6.88,6.94,153515
2019-11-27/00:00:00,6.94,7.0,6.89,6.94,41171
2019-11-28/00:00:00,6.94,6.93,6.89,6.93,194226
2019-12-01/00:00:00,6.93,6.91,6.83,6.87,520295
2019-12-02/00:00:00,6.87,7.05,6.67,6.83,2649207
2019-12-03/00:00:00,6.83,6.87,6.27,6.77,464976
2019-12-04/00:00:00,6.77,6.95,6.83,6.89,245052
2019-12-05/00:00:00,6.89,7.0,6.7,6.9,536945
2019-12-08/00:00:00,6.9,7.0,6.8,6.89,45395
2019-12-09/00:00:00,6.89,6.93,6.76,6.83,84119
2019-12-10/00:00:00,6.83,6.97,6.77,6.85,26004
2019-12-11/00:00:00,6.85,6.92,6.77,6.85,166103
2019-12-12/00:00:00,6.85,7.03,6.77,6.92,525563
2019-12-15/00:00:00,6.92,7.0,6.87,6.89,60066
2019-12-16/00:00:00,6.89,7.01,6.89,6.99,291569
2019-12-17/00:00:00,6.99,7.23,7.0,7.13,831270
2019-12-18/00:00:00,7.13,7.33,7.12,7.26,601841
2019-12-19/00:00:00,7.26,7.27,7.05,7.13,449733
2019-12-22/00:00:00,7.13,7.13,7.07,7.13,137606
2019-12-23/00:00:00,7.13,7.12,6.93,6.99,80237
2019-12-24/00:00:00,6.99,6.97,6.87,6.89,109650
2019-12-25/00:00:00,6.89,6.93,6.85,6.87,451170
2019-12-26/00:00:00,6.87,6.97,6.91,6.93,74355
2019-12-29/00:00:00,6.93,6.97,6.87,6.88,123641
2019-12-30/00:00:00,6.88,7.0,6.91,6.99,199355
2019-12-31/00:00:00,6.99,7.12,6.87,7.04,372095
2020-01-02/00:00:00,7.04,7.0,6.99,7.0,134087
2020-01-05/00:00:00,6.83,6.83,6.6,6.69,303768
2020-01-06/00:00:00,6.69,6.81,6.67,6.71,121397
2020-01-08/00:00:00,6.71,6.92,6.46,6.83,147125
2020-01-09/00:00:00,6.83,7.11,6.91,7.01,436868
2020-01-12/00:00:00,7.01,7.07,6.93,7.01,36107
2020-01-13/00:00:00,7.01,7.04,6.87,6.94,251913
2020-01-14/00:00:00,6.94,7.01,6.88,6.99,325887
2020-01-15/00:00:00,6.99,7.03,6.93,6.95,529530
2020-01-16/00:00:00,6.95,7.1,6.87,7.0,1347824
2020-01-19/00:00:00,7.0,6.97,6.9,6.91,101490
2020-01-20/00:00:00,6.91,6.93,6.73,6.84,282704
2020-01-21/00:00:00,6.84,6.81,6.72,6.75,99644
2020-01-22/00:00:00,6.75,6.92,6.77,6.79,114408
2020-01-23/00:00:00,6.79,6.93,6.75,6.83,136904
2020-01-26/00:00:00,6.83,6.91,6.74,6.79,69473
2020-01-27/00:00:00,6.79,6.8,6.74,6.77,305498
2020-01-28/00:00:00,6.77,6.93,6.71,6.82,162161
2020-01-29/00:00:00,6.82,6.97,6.83,6.89,76911
2020-01-30/00:00:00,6.89,6.97,6.83,6.93,100415
2020-02-02/00:00:00,6.93,6.95,6.86,6.89,42915
2020-02-03/00:00:00,6.89,6.89,6.83,6.85,157163
2020-02-04/00:00:00,6.85,7.09,6.82,6.86,242573
2020-02-05/00:00:00,6.86,7.07,6.93,7.0,171009
2020-02-06/00:00:00,7.0,7.11,7.05,7.08,369726
2020-02-09/00:00:00,7.08,7.09,7.04,7.06,202749
2020-02-10/00:00:00,7.06,7.04,7.0,7.0,474401
2020-02-11/00:00:00,7.0,7.15,7.02,7.07,225992
2020-02-12/00:00:00,7.07,7.05,6.94,6.99,59052
2020-02-13/00:00:00,6.99,7.05,6.91,6.93,720849
2020-02-16/00:00:00,6.93,7.07,6.87,7.0,211319
2020-02-17/00:00:00,7.0,7.03,6.96,7.0,18315
2020-02-18/00:00:00,7.0,7.03,6.85,6.94,139245
2020-02-19/00:00:00,6.94,6.97,6.83,6.91,288408
2020-02-20/00:00:00,6.91,7.0,6.9,6.99,831155
2020-02-23/00:00:00,6.99,7.23,6.97,7.16,1792209
2020-02-24/00:00:00,7.16,7.26,6.87,7.01,940380
2020-02-25/00:00:00,7.01,7.1,6.91,6.95,587442
2020-02-26/00:00:00,6.95,7.09,6.93,7.01,262874
2020-02-27/00:00:00,7.01,7.01,6.9,6.95,222237
2020-03-01/00:00:00,6.95,6.87,6.47,6.73,151215
2020-03-02/00:00:00,6.73,6.91,6.34,6.63,554666
2020-03-03/00:00:00,6.63,6.86,6.61,6.71,290258
2020-03-04/00:00:00,6.71,6.93,6.67,6.85,690017
2020-03-05/00:00:00,6.85,7.1,6.89,7.02,168719
2020-03-08/00:00:00,6.93,6.93,6.8,6.85,215883
2020-03-09/00:00:00,6.85,6.9,6.53,6.63,563549
2020-03-10/00:00:00,6.63,6.8,6.57,6.73,570972
2020-03-11/00:00:00,6.73,6.81,6.5,6.63,551213
2020-03-15/00:00:00,6.63,6.55,5.97,5.98,2156630
2020-03-16/00:00:00,5.98,5.59,5.39,5.41,2091179
2020-03-17/00:00:00,5.41,5.31,4.89,5.1,2299194
2020-03-18/00:00:00,5.1,5.32,4.69,4.99,1567329
2020-03-19/00:00:00,4.99,5.48,4.5,5.34,1392737
2020-03-22/00:00:00,5.34,5.87,5.4,5.57,1505571
2020-03-23/00:00:00,5.57,6.05,5.57,5.72,978509
2020-03-24/00:00:00,5.72,5.89,5.6,5.68,443793
2020-03-25/00:00:00,5.68,5.9,5.6,5.71,680119
2020-03-26/00:00:00,5.71,5.78,5.62,5.73,1368420
2020-03-29/00:00:00,5.73,5.7,5.54,5.59,713512
2020-03-30/00:00:00,5.59,5.55,5.33,5.4,823487
2020-03-31/00:00:00,5.4,5.5,5.27,5.38,1685705
2020-04-01/00:00:00,5.38,5.3,5.14,5.22,1300734
2020-04-02/00:00:00,5.22,5.33,5.18,5.24,535919
2020-04-05/00:00:00,5.24,5.27,5.1,5.17,357507
2020-04-06/00:00:00,5.17,5.25,5.16,5.2,1218982
2020-04-07/00:00:00,5.2,5.5,5.21,5.36,3532105
2020-04-08/00:00:00,5.36,5.59,5.3,5.46,4137116
2020-04-09/00:00:00,5.46,5.75,5.38,5.5,2791570
2020-04-12/00:00:00,5.5,5.48,5.31,5.38,1171895
2020-04-13/00:00:00,5.38,5.47,5.14,5.22,9266827
2020-04-14/00:00:00,5.22,5.36,5.13,5.24,7023160
2020-04-15/00:00:00,5.39,5.4,5.16,5.25,7404673
2020-04-16/00:00:00,5.25,5.36,5.18,5.29,4038121
2020-04-21/00:00:00,5.34,5.34,5.21,5.27,2750769
2020-04-22/00:00:00,5.27,5.3,5.15,5.21,4044073
2020-04-23/00:00:00,5.21,5.44,5.25,5.35,5327925
2020-04-26/00:00:00,5.35,5.56,5.41,5.48,5003573
2020-04-27/00:00:00,5.48,5.5,5.3,5.37,4441776
2020-04-28/00:00:00,5.37,5.64,5.35,5.52,7691880
2020-04-29/00:00:00,5.57,5.64,5.45,5.53,2993937
2020-04-30/00:00:00,5.53,5.54,5.4,5.46,3332417
2020-05-03/00:00:00,5.41,5.41,5.05,5.25,3869231
2020-05-04/00:00:00,5.25,5.29,5.12,5.18,2401388
2020-05-05/00:00:00,5.18,5.26,5.18,5.21,864487
2020-05-06/00:00:00,5.21,5.28,5.2,5.22,1321817
2020-05-07/00:00:00,5.22,5.25,5.05,5.11,1477049
2020-05-10/00:00:00,5.11,5.15,5.04,5.08,1296386
2020-05-11/00:00:00,5.08,5.24,4.95,5.11,3250391
2020-05-12/00:00:00,5.11,5.38,5.22,5.33,3103837
2020-05-13/00:00:00,5.33,5.33,5.19,5.23,1406411
2020-05-14/00:00:00,5.23,5.2,5.1,5.13,1680961
2020-05-17/00:00:00,5.13,5.16,5.0,5.09,797097
2020-05-18/00:00:00,5.09,5.12,5.03,5.07,1541540
2020-05-19/00:00:00,5.07,5.19,5.08,5.11,704115
2020-05-20/00:00:00,5.11,5.22,5.05,5.16,1797602
2020-05-21/00:00:00,5.16,5.18,5.1,5.14,1480661
2020-05-31/00:00:00,5.14,5.32,5.15,5.24,1196507
2020-06-01/00:00:00,5.24,5.3,5.22,5.27,1047713
2020-06-02/00:00:00,5.27,5.3,5.24,5.27,1228073
2020-06-03/00:00:00,5.27,5.3,5.25,5.28,706131
2020-06-04/00:00:00,5.28,5.5,5.25,5.41,2389794
2020-06-07/00:00:00,5.41,5.59,5.45,5.51,3371558
2020-06-08/00:00:00,5.51,5.58,5.42,5.48,2428475
2020-06-09/00:00:00,5.48,5.47,5.34,5.4,1653129
2020-06-10/00:00:00,5.4,5.42,5.33,5.36,869076
2020-06-11/00:00:00,5.36,5.38,5.27,5.33,1164052
2020-06-14/00:00:00,5.33,5.34,5.25,5.3,969621
2020-06-15/00:00:00,5.3,5.41,5.22,5.33,2217097
2020-06-16/00:00:00,5.33,5.46,5.34,5.39,1959405
2020-06-17/00:00:00,5.39,5.55,5.38,5.47,1311655
2020-06-18/00:00:00,5.47,5.49,5.35,5.41,1559430
2020-06-21/00:00:00,5.41,5.45,5.3,5.39,774718
2020-06-22/00:00:00,5.39,5.44,5.33,5.37,566873
2020-06-23/00:00:00,5.37,5.45,5.3,5.39,439048
2020-06-24/00:00:00,5.39,5.57,5.4,5.5,1169858
2020-06-25/00:00:00,5.5,5.52,5.42,5.47,971123
2020-06-28/00:00:00,5.47,5.5,5.44,5.48,313646
2020-06-29/00:00:00,5.48,5.5,5.39,5.43,802172
2020-06-30/00:00:00,5.43,5.53,5.4,5.49,1506904
2020-07-05/00:00:00,5.49,5.82,5.5,5.71,2641318
2020-07-06/00:00:00,5.71,6.06,5.71,5.89,4973408
2020-07-07/00:00:00,5.89,6.0,5.83,5.88,773374
2020-07-08/00:00:00,5.88,5.93,5.71,5.83,1445510
2020-07-09/00:00:00,5.83,5.77,5.56,5.66,2211333
2020-07-12/00:00:00,5.66,5.97,5.77,5.91,1567416
2020-07-13/00:00:00,5.91,6.12,5.97,6.07,3941973
2020-07-14/00:00:00,6.07,6.13,6.02,6.08,1776732
2020-07-15/00:00:00,6.08,6.15,5.7,5.93,5627522
2020-07-16/00:00:00,5.93,6.05,5.77,5.97,1063858
2020-07-19/00:00:00,5.97,6.1,5.75,5.89,1473001
2020-07-20/00:00:00,5.89,5.95,5.8,5.88,880634
2020-07-21/00:00:00,5.88,5.98,5.85,5.9,1654596
2020-07-22/00:00:00,5.9,6.09,5.9,6.02,3674614
2020-07-26/00:00:00,6.15,6.27,6.12,6.2,7970422
2020-07-27/00:00:00,5.67,5.67,5.49,5.54,6799166
2020-07-28/00:00:00,5.54,5.6,5.5,5.55,1923537
2020-07-29/00:00:00,5.55,5.7,5.5,5.59,2032598
2020-08-04/00:00:00,5.59,5.75,5.61,5.65,1790119
2020-08-05/00:00:00,5.65,5.69,5.58,5.62,1511612
2020-08-06/00:00:00,5.62,5.78,5.62,5.72,1845297
2020-08-09/00:00:00,5.72,5.83,5.73,5.78,1048459
2020-08-10/00:00:00,5.78,5.8,5.67,5.74,647318
2020-08-11/00:00:00,5.74,5.79,5.7,5.75,1268141
2020-08-12/00:00:00,5.75,5.79,5.67,5.72,3089882
2020-08-13/00:00:00,5.72,5.77,5.71,5.74,1053470
2020-08-16/00:00:00,5.74,5.85,5.73,5.82,2833006
2020-08-17/00:00:00,5.82,5.75,5.51,5.67,1738552
2020-08-18/00:00:00,5.67,5.64,5.39,5.46,3945052
2020-08-19/00:00:00,5.46,5.49,5.3,5.35,3695381
2020-08-23/00:00:00,5.35,5.5,5.41,5.46,1192664
2020-08-24/00:00:00,5.46,5.47,5.36,5.43,2113931
2020-08-25/00:00:00,5.43,5.47,5.34,5.39,759885
2020-08-26/00:00:00,5.39,5.43,5.33,5.36,1127424
2020-08-27/00:00:00,5.36,5.36,5.29,5.32,2480723
2020-08-30/00:00:00,5.32,5.37,5.3,5.33,852826
2020-08-31/00:00:00,5.33,5.44,5.25,5.35,1916362
2020-09-01/00:00:00,5.35,5.38,5.27,5.33,900306
2020-09-02/00:00:00,5.33,5.37,5.3,5.32,357912
2020-09-03/00:00:00,5.32,5.41,5.28,5.34,899383
2020-09-06/00:00:00,5.34,5.33,5.21,5.26,573399
2020-09-07/00:00:00,5.26,5.35,5.25,5.28,1352311
2020-09-08/00:00:00,5.28,5.32,5.16,5.2,2538144
2020-09-09/00:00:00,5.2,5.26,5.11,5.18,814088
2020-09-10/00:00:00,5.18,5.23,5.15,5.19,833213
2020-09-13/00:00:00,5.19,5.27,5.19,5.22,502656
2020-09-14/00:00:00,5.22,5.26,5.15,5.19,1117481
2020-09-15/00:00:00,5.19,5.35,5.2,5.3,1763201
2020-09-16/00:00:00,5.3,5.47,5.28,5.39,1662098
2020-09-17/00:00:00,5.39,5.45,5.37,5.41,1162199
2020-09-20/00:00:00,5.33,5.53,5.23,5.46,2264666
2020-09-21/00:00:00,5.46,5.53,5.22,5.4,806495
2020-09-22/00:00:00,5.4,5.44,5.27,5.39,442003
2020-09-23/00:00:00,5.39,5.49,5.36,5.44,551358
2020-09-24/00:00:00,5.44,5.45,5.34,5.38,218513
2020-09-27/00:00:00,5.38,5.47,5.4,5.45,1468305
2020-09-28/00:00:00,5.45,5.97,5.48,5.75,9920725
2020-09-29/00:00:00,5.75,5.9,5.77,5.83,1986741
2020-09-30/00:00:00,5.83,6.09,5.79,5.91,2692908
2020-10-01/00:00:00,5.91,6.44,5.93,6.23,2778489
2020-10-04/00:00:00,6.23,6.4,6.12,6.22,758549
2020-10-05/00:00:00,6.22,6.24,6.07,6.15,800782
2020-10-06/00:00:00,6.15,6.2,6.08,6.11,583342
2020-10-07/00:00:00,6.11,6.1,5.91,6.03,1290408
2020-10-11/00:00:00,6.03,6.18,6.0,6.09,779011
2020-10-12/00:00:00,6.09,6.1,5.83,5.98,1272540
2020-10-13/00:00:00,5.98,5.98,5.8,5.85,994424
2020-10-14/00:00:00,5.85,6.4,5.77,6.15,3977469
2020-10-15/00:00:00,6.15,6.37,6.1,6.23,1413911
2020-10-18/00:00:00,6.23,6.25,6.05,6.15,480336
2020-10-19/00:00:00,6.15,6.18,6.0,6.09,1036756
2020-10-20/00:00:00,6.09,6.1,5.96,6.0,3248133
2020-10-21/00:00:00,6.0,6.05,5.51,5.94,1330636
2020-10-22/00:00:00,5.94,6.0,5.64,5.89,2031618
2020-10-25/00:00:00,5.89,5.99,5.76,5.87,103963
2020-10-26/00:00:00,5.87,6.29,5.9,6.13,1029689
2020-10-27/00:00:00,6.13,6.38,6.15,6.26,1348132
2020-10-28/00:00:00,6.26,6.35,6.06,6.25,2164667
2020-11-01/00:00:00,6.25,6.23,6.01,6.18,561911
2020-11-02/00:00:00,6.18,6.2,5.98,6.1,1057859
2020-11-03/00:00:00,6.1,6.15,5.9,6.0,1081653
2020-11-04/00:00:00,6.0,6.2,5.8,6.07,634323
2020-11-05/00:00:00,6.07,6.29,6.15,6.21,552915
2020-11-08/00:00:00,6.21,6.5,6.22,6.39,868780
2020-11-09/00:00:00,6.39,6.78,6.4,6.51,1482691
2020-11-10/00:00:00,6.82,7.3,6.8,7.02,3925437
2020-11-11/00:00:00,7.02,7.25,7.01,7.14,516184
2020-11-12/00:00:00,7.14,7.33,7.12,7.23,815496
2020-11-15/00:00:00,7.23,7.2,7.06,7.11,929446
2020-11-16/00:00:00,7.11,7.4,7.11,7.31,729005
2020-11-17/00:00:00,7.31,7.57,7.24,7.44,1029705
2020-11-18/00:00:00,7.44,7.6,7.25,7.4,661082
2020-11-19/00:00:00,7.4,8.0,7.25,7.64,2398567
2020-11-22/00:00:00,7.64,7.82,7.43,7.56,259449
2020-11-23/00:00:00,7.56,7.59,7.4,7.5,345360
2020-11-24/00:00:00,7.5,7.51,7.44,7.49,614902
2020-11-25/00:00:00,7.49,7.67,7.48,7.56,450573
2020-11-26/00:00:00,7.56,7.65,7.46,7.5,414753
2020-11-29/00:00:00,7.5,7.57,7.49,7.53,213980
2020-11-30/00:00:00,7.53,7.56,7.2,7.34,10844546
2020-12-01/00:00:00,7.34,7.55,7.35,7.5,2014647
2020-12-02/00:00:00,7.5,7.54,7.3,7.42,402888
2020-12-03/00:00:00,7.42,7.82,7.49,7.68,3104182
2020-12-06/00:00:00,7.68,7.96,7.8,7.85,843553
2020-12-07/00:00:00,7.85,8.06,7.7,7.88,1940882
2020-12-08/00:00:00,7.88,7.88,7.69,7.73,726196
2020-12-09/00:00:00,7.73,7.85,7.57,7.67,527375
2020-12-10/00:00:00,7.67,7.75,7.52,7.62,680575
2020-12-13/00:00:00,7.62,7.68,7.5,7.59,640385
2020-12-14/00:00:00,7.59,7.64,7.35,7.41,880520
2020-12-15/00:00:00,7.41,7.49,7.21,7.37,653715
2020-12-16/00:00:00,7.37,7.4,7.09,7.2,634560
2020-12-17/00:00:00,7.2,7.16,7.04,7.07,546866
2020-12-20/00:00:00,7.07,7.17,6.9,7.02,574270
2020-12-21/00:00:00,7.02,6.81,6.5,6.67,1438806
2020-12-22/00:00:00,6.67,6.91,6.5,6.75,237303
2020-12-23/00:00:00,6.75,6.85,6.7,6.78,168828
2020-12-24/00:00:00,6.78,6.94,6.7,6.8,307523
2020-12-27/00:00:00,6.8,6.81,6.6,6.71,101071
2020-12-28/00:00:00,6.71,6.9,6.7,6.8,61229
2020-12-29/00:00:00,6.8,6.94,6.73,6.79,123937
2020-12-30/00:00:00,6.79,7.05,6.87,6.94,511644
2020-12-31/00:00:00,6.94,6.94,6.79,6.85,3029580
2021-01-03/00:00:00,6.85,6.85,6.75,6.78,275577
2021-01-04/00:00:00,6.78,6.8,6.66,6.72,1027094
2021-01-05/00:00:00,6.72,6.9,6.63,6.85,1740811
2021-01-06/00:00:00,6.85,7.09,6.88,7.01,1715696
2021-01-10/00:00:00,7.01,7.1,6.96,7.01,479619
2021-01-11/00:00:00,7.01,7.11,7.0,7.02,592649
2021-01-12/00:00:00,7.02,7.38,7.02,7.24,2879657
2021-01-13/00:00:00,7.24,7.36,7.18,7.25,1377293
2021-01-14/00:00:00,7.25,7.3,7.2,7.24,1183348
2021-01-17/00:00:00,7.24,7.25,7.15,7.18,311989
2021-01-18/00:00:00,7.18,7.28,7.16,7.2,1069456
2021-01-19/00:00:00,7.2,7.45,7.17,7.3,579441
2021-01-20/00:00:00,7.3,7.43,7.22,7.32,968024
2021-01-21/00:00:00,7.32,7.36,7.2,7.27,1484572
2021-01-24/00:00:00,7.27,7.34,7.21,7.28,147013
2021-01-25/00:00:00,7.28,7.38,7.25,7.3,492847
2021-01-26/00:00:00,7.3,7.25,7.2,7.21,1697840
2021-01-27/00:00:00,7.21,7.25,7.09,7.15,539134
2021-01-31/00:00:00,7.15,7.19,7.02,7.08,348031
2021-02-01/00:00:00,7.08,7.14,7.04,7.09,601159
2021-02-02/00:00:00,7.09,7.1,7.0,7.05,756868
2021-02-03/00:00:00,7.05,7.15,6.96,6.99,450877
2021-02-04/00:00:00,6.99,7.07,6.97,6.99,290965
2021-02-07/00:00:00,6.99,7.07,6.85,6.96,1941900
2021-02-08/00:00:00,6.96,6.95,6.76,6.85,596540
2021-02-09/00:00:00,6.85,6.95,6.79,6.86,691516
2021-02-10/00:00:00,6.86,6.95,6.78,6.86,556768
2021-02-11/00:00:00,6.86,7.0,6.82,6.89,480515
2021-02-14/00:00:00,6.89,7.0,6.81,6.91,278045
2021-02-15/00:00:00,6.91,6.9,6.72,6.82,3111309
2021-02-16/00:00:00,6.82,7.04,6.84,6.97,2082461
2021-02-17/00:00:00,6.97,7.0,6.8,6.88,574951
2021-02-18/00:00:00,6.88,7.05,6.8,6.96,803927
2021-02-21/00:00:00,6.96,7.15,6.94,7.04,761719
2021-02-22/00:00:00,7.04,7.14,6.97,7.02,311155
2021-02-23/00:00:00,7.02,7.1,6.89,6.93,363940
2021-02-24/00:00:00,6.93,7.05,6.84,6.94,499121
2021-02-25/00:00:00,6.94,7.15,7.0,7.09,249268
2021-02-28/00:00:00,7.09,7.45,7.11,7.33,2822569
2021-03-01/00:00:00,7.33,7.49,7.3,7.38,1715194
2021-03-02/00:00:00,7.38,7.4,7.19,7.26,886794
2021-03-03/00:00:00,7.26,7.29,6.97,7.12,872453
2021-03-04/00:00:00,7.12,7.3,7.13,7.18,2110866
2021-03-07/00:00:00,7.18,7.28,7.14,7.18,1615219
2021-03-08/00:00:00,7.18,7.21,7.1,7.14,891577
2021-03-09/00:00:00,7.25,7.25,7.11,7.16,1476895
2021-03-10/00:00:00,7.16,7.23,7.1,7.16,803910
2021-03-11/00:00:00,7.16,7.37,7.16,7.26,1151531
2021-03-14/00:00:00,7.26,7.28,7.2,7.23,387646
2021-03-15/00:00:00,7.23,7.24,7.02,7.14,585921
2021-03-16/00:00:00,7.14,7.15,6.97,7.06,558929
2021-03-17/00:00:00,7.06,7.2,7.06,7.13,608867
2021-03-18/00:00:00,7.13,7.15,7.02,7.08,613145
2021-03-21/00:00:00,7.08,7.14,6.92,6.99,514521
2021-03-22/00:00:00,6.99,7.04,6.8,6.93,517546
2021-03-23/00:00:00,6.93,7.02,6.77,6.89,923487
2021-03-24/00:00:00,6.89,7.21,7.0,7.17,1048609
2021-03-25/00:00:00,7.17,7.26,7.1,7.18,749200
2021-03-28/00:00:00,7.18,7.41,7.2,7.34,885783
2021-03-29/00:00:00,7.34,7.63,7.35,7.46,2092851
2021-03-30/00:00:00,7.46,7.41,7.28,7.35,827132
2021-03-31/00:00:00,7.35,7.31,7.15,7.28,1126385
2021-04-01/00:00:00,7.28,7.57,7.37,7.44,4448464
2021-04-04/00:00:00,7.44,7.56,7.38,7.46,1529061
2021-04-05/00:00:00,7.46,7.45,7.16,7.29,1081412
2021-04-06/00:00:00,7.29,7.45,7.22,7.35,2012502
2021-04-07/00:00:00,7.35,7.4,7.28,7.36,2030817
2021-04-08/00:00:00,7.36,7.54,7.38,7.44,1968261
2021-04-11/00:00:00,7.44,7.63,7.5,7.55,989963
2021-04-12/00:00:00,7.55,7.65,7.41,7.51,2199595
2021-04-13/00:00:00,7.51,7.55,7.37,7.41,544899
2021-04-14/00:00:00,7.35,7.42,7.12,7.24,852835
2021-04-15/00:00:00,7.24,7.38,7.1,7.29,744458
2021-04-18/00:00:00,7.29,7.42,7.34,7.38,485818
2021-04-19/00:00:00,7.38,7.51,7.4,7.47,1088687
2021-04-20/00:00:00,7.47,7.57,7.45,7.51,1355986
2021-04-21/00:00:00,7.51,7.6,7.34,7.44,2083680
2021-04-22/00:00:00,7.44,7.48,7.38,7.41,2537981
2021-04-25/00:00:00,7.41,7.63,7.38,7.47,5988476
2021-04-26/00:00:00,6.49,6.49,6.12,6.26,1584912
2021-04-27/00:00:00,6.26,6.24,6.12,6.17,686881
2021-04-28/00:00:00,6.17,6.15,5.95,6.01,1622063
2021-05-04/00:00:00,6.01,6.05,5.78,5.95,2150202
2021-05-05/00:00:00,5.95,6.14,6.0,6.06,956446
2021-05-06/00:00:00,6.06,6.38,6.1,6.21,3474774
2021-05-09/00:00:00,6.21,6.62,6.34,6.48,1715255
2021-05-10/00:00:00,6.48,6.88,6.45,6.77,2212290
2021-05-11/00:00:00,6.77,6.92,6.75,6.83,1099934
2021-05-17/00:00:00,6.83,7.2,6.8,7.03,2415589
2021-05-18/00:00:00,7.03,7.31,7.11,7.26,2676972
2021-05-19/00:00:00,7.26,7.5,7.12,7.31,3908514
2021-05-20/00:00:00,7.31,7.5,7.16,7.27,1143912
2021-05-23/00:00:00,7.27,7.3,7.05,7.13,660589
2021-05-24/00:00:00,7.13,7.19,6.95,7.0,1039316
2021-05-25/00:00:00,7.0,7.05,6.82,6.89,625063
2021-05-26/00:00:00,6.89,7.09,6.86,6.99,198383
2021-05-27/00:00:00,6.99,7.05,6.86,6.96,541081
2021-05-30/00:00:00,6.96,7.38,7.0,7.2,852165
2021-05-31/00:00:00,7.2,7.38,7.24,7.29,591936
2021-06-01/00:00:00,7.29,7.39,7.16,7.31,677627
2021-06-02/00:00:00,7.31,7.38,7.2,7.31,598531
2021-06-03/00:00:00,7.31,7.35,7.17,7.28,533119
2021-06-06/00:00:00,7.28,7.71,7.11,7.47,2275753
2021-06-07/00:00:00,7.47,8.1,7.5,7.93,4862581
2021-06-08/00:00:00,7.93,8.1,7.87,7.97,2955206
2021-06-09/00:00:00,7.97,8.05,7.75,7.85,211963
2021-06-10/00:00:00,7.85,7.94,7.75,7.81,206406
2021-06-13/00:00:00,7.81,7.99,7.6,7.77,399954
2021-06-14/00:00:00,7.77,7.9,7.7,7.82,137377
2021-06-15/00:00:00,7.82,7.82,7.58,7.75,339726
2021-06-16/00:00:00,7.75,7.74,7.6,7.63,800345
2021-06-17/00:00:00,7.63,7.69,7.53,7.61,692290
2021-06-20/00:00:00,7.61,7.8,7.62,7.72,199545
2021-06-21/00:00:00,7.72,7.94,7.75,7.89,234049
2021-06-22/00:00:00,7.89,7.9,7.8,7.81,822889
2021-06-23/00:00:00,7.81,7.95,7.8,7.9,1151957
2021-06-24/00:00:00,7.9,8.69,7.91,8.63,4725201
2021-06-27/00:00:00,8.63,8.88,8.5,8.68,699655
2021-06-28/00:00:00,8.68,8.7,8.4,8.58,933987
2021-06-29/00:00:00,8.58,8.68,8.25,8.37,594172
2021-06-30/00:00:00,8.37,8.44,8.3,8.34,140377
2021-07-04/00:00:00,8.34,8.6,8.35,8.49,326332
2021-07-05/00:00:00,8.49,8.64,8.5,8.56,420244
2021-07-06/00:00:00,8.56,8.5,8.2,8.29,331075
2021-07-07/00:00:00,8.29,8.33,8.25,8.29,484943
2021-07-08/00:00:00,8.29,8.28,8.0,8.15,516854
2021-07-11/00:00:00,8.15,8.15,7.71,7.9,431588
2021-07-12/00:00:00,7.9,8.1,7.85,8.01,413706
2021-07-13/00:00:00,8.01,8.2,7.97,8.11,221448
2021-07-14/00:00:00,8.11,8.28,7.6,7.97,3052033
2021-07-15/00:00:00,7.97,7.94,7.71,7.85,599174
2021-07-18/00:00:00,7.85,8.11,7.9,8.03,1475188
2021-07-25/00:00:00,8.03,8.2,8.0,8.09,865588
2021-07-26/00:00:00,8.09,8.27,8.01,8.18,566721
2021-07-27/00:00:00,8.18,8.46,8.15,8.35,1090502
2021-07-28/00:00:00,8.35,8.4,8.25,8.31,265612
2021-07-29/00:00:00,8.31,8.31,8.15,8.25,522812
2021-08-01/00:00:00,8.25,8.35,8.15,8.22,410441
2021-08-02/00:00:00,8.22,8.33,8.22,8.28,446933
2021-08-03/00:00:00,8.28,8.3,8.15,8.22,314793
2021-08-04/00:00:00,8.22,8.25,8.1,8.17,785480
2021-08-05/00:00:00,8.17,8.29,8.1,8.2,231210
2021-08-08/00:00:00,8.2,8.38,8.16,8.29,184073
2021-08-09/00:00:00,8.29,8.34,8.21,8.29,224064
2021-08-10/00:00:00,8.29,8.42,8.29,8.38,1082965
2021-08-11/00:00:00,8.38,8.37,8.28,8.33,119835
2021-08-15/00:00:00,8.33,8.36,8.19,8.22,486822
2021-08-16/00:00:00,8.22,8.35,8.2,8.29,255054
2021-08-17/00:00:00,8.29,8.35,8.21,8.29,159979
2021-08-18/00:00:00,8.29,8.33,8.25,8.3,46898
2021-08-19/00:00:00,8.3,8.45,8.23,8.34,946960
2021-08-22/00:00:00,8.34,8.38,8.24,8.29,293357
2021-08-23/00:00:00,8.29,8.4,8.23,8.31,544100
2021-08-24/00:00:00,8.31,8.44,8.32,8.4,3907767
2021-08-25/00:00:00,8.4,8.6,8.36,8.52,1550473
2021-08-26/00:00:00,8.52,8.55,8.39,8.49,735896
2021-08-29/00:00:00,8.49,8.6,8.43,8.54,767659
2021-08-30/00:00:00,8.54,8.64,8.49,8.58,927836
2021-08-31/00:00:00,8.58,8.6,8.49,8.53,454670
2021-09-01/00:00:00,8.53,8.59,8.5,8.53,693725
2021-09-02/00:00:00,8.53,8.67,8.51,8.57,245445
2021-09-05/00:00:00,8.57,8.6,8.46,8.49,302300
2021-09-06/00:00:00,8.49,8.74,8.32,8.7,831187
2021-09-07/00:00:00,8.7,9.13,8.65,8.85,1087412
2021-09-08/00:00:00,8.85,9.17,8.92,9.07,574133
2021-09-09/00:00:00,9.07,9.42,9.01,9.28,684391
2021-09-12/00:00:00,9.28,9.4,9.01,9.1,590634
2021-09-13/00:00:00,9.1,9.3,9.1,9.19,232853
2021-09-14/00:00:00,9.19,9.38,9.2,9.23,146143
2021-09-15/00:00:00,9.23,9.35,8.99,9.04,987540
2021-09-16/00:00:00,9.04,9.15,9.04,9.04,341039
2021-09-19/00:00:00,9.04,9.09,8.91,8.99,191999
2021-09-20/00:00:00,8.99,9.0,8.63,8.9,294437
2021-09-21/00:00:00,8.9,8.8,8.4,8.61,524897
2021-09-22/00:00:00,8.61,8.9,8.65,8.83,482404
2021-09-23/00:00:00,8.83,9.0,8.7,8.8,365022
2021-09-26/00:00:00,8.8,8.92,8.8,8.86,99608
2021-09-27/00:00:00,8.86,8.89,8.7,8.73,887986
2021-09-28/00:00:00,8.73,8.7,8.55,8.57,205044
2021-09-29/00:00:00,8.57,8.69,8.55,8.59,225274
2021-09-30/00:00:00,8.59,8.8,8.57,8.72,264273
2021-10-03/00:00:00,8.72,8.8,8.6,8.63,87753
2021-10-04/00:00:00,8.63,8.8,8.53,8.58,632601
2021-10-05/00:00:00,8.58,8.69,8.57,8.6,84054
2021-10-06/00:00:00,8.6,8.7,8.55,8.67,147685
2021-10-10/00:00:00,8.67,8.65,8.5,8.55,225527
2021-10-11/00:00:00,8.55,8.65,8.53,8.58,174836
2021-10-12/00:00:00,8.58,8.62,8.55,8.6,203998
2021-10-13/00:00:00,8.6,8.72,8.55,8.59,538253
2021-10-14/00:00:00,8.59,8.6,8.45,8.49,243530
2021-10-17/00:00:00,8.49,8.51,8.3,8.45,453939
2021-10-18/00:00:00,8.45,8.5,8.36,8.4,481332
2021-10-19/00:00:00,8.4,8.49,8.36,8.37,278385
2021-10-20/00:00:00,8.37,8.45,8.26,8.4,628063
2021-10-24/00:00:00,8.4,8.58,8.41,8.51,165782
2021-10-25/00:00:00,8.51,8.6,8.31,8.39,282054
2021-10-26/00:00:00,8.39,8.55,8.25,8.26,410294
2021-10-27/00:00:00,8.26,8.28,8.1,8.17,214032
2021-10-28/00:00:00,8.17,8.36,8.07,8.24,682451
2021-10-31/00:00:00,8.24,8.34,8.1,8.18,60979
2021-11-01/00:00:00,8.18,8.3,8.2,8.25,59103
2021-11-02/00:00:00,8.25,8.41,8.23,8.39,366464
2021-11-03/00:00:00,8.39,8.49,8.29,8.36,513825
2021-11-04/00:00:00,8.36,8.44,8.18,8.25,166363
2021-11-07/00:00:00,8.25,8.45,8.2,8.41,87250
2021-11-08/00:00:00,8.41,8.48,8.29,8.37,278619
2021-11-09/00:00:00,8.37,8.44,8.31,8.37,103740
2021-11-10/00:00:00,8.37,8.44,8.17,8.28,151546
2021-11-11/00:00:00,8.28,8.37,8.25,8.29,358858
2021-11-14/00:00:00,8.29,8.66,8.25,8.47,854913
2021-11-15/00:00:00,8.47,8.65,8.4,8.53,1236673
2021-11-16/00:00:00,8.53,8.6,8.5,8.6,1774989
2021-11-17/00:00:00,8.6,8.75,8.5,8.68,968516
2021-11-18/00:00:00,8.68,8.75,8.52,8.55,78282
2021-11-21/00:00:00,8.55,8.7,8.5,8.5,853461
2021-11-22/00:00:00,8.5,8.6,8.45,8.45,252385
2021-11-23/00:00:00,8.45,8.5,8.4,8.44,259268
2021-11-24/00:00:00,8.44,8.5,8.43,8.46,45518
2021-11-25/00:00:00,8.46,8.63,8.46,8.49,442834
2021-11-28/00:00:00,8.49,8.4,8.25,8.38,295882
2021-11-29/00:00:00,8.38,8.47,8.31,8.4,151795
2021-11-30/00:00:00,8.4,8.54,8.37,8.47,554954
2021-12-01/00:00:00,8.47,8.59,8.48,8.51,451848
2021-12-02/00:00:00,8.51,8.59,8.5,8.5,963341
2021-12-05/00:00:00,8.5,8.55,8.5,8.5,381831
2021-12-06/00:00:00,8.5,8.55,8.44,8.48,428705
2021-12-07/00:00:00,8.48,8.56,8.36,8.41,712777
2021-12-08/00:00:00,8.41,8.53,8.39,8.5,181261
2021-12-09/00:00:00,8.5,8.58,8.44,8.48,387823
2021-12-12/00:00:00,8.48,8.58,8.46,8.5,923319
2021-12-13/00:00:00,8.5,8.55,8.43,8.5,488087
2021-12-14/00:00:00,8.5,8.55,8.4,8.45,194843
2021-12-15/00:00:00,8.45,8.5,8.27,8.3,553666
2021-12-16/00:00:00,8.3,8.44,8.2,8.32,3886594
2021-12-19/00:00:00,8.32,8.35,8.28,8.3,449175
2021-12-20/00:00:00,8.3,8.3,8.15,8.22,650754
2021-12-21/00:00:00,8.22,8.39,8.23,8.34,674661
2021-12-22/00:00:00,8.34,8.52,8.3,8.49,1085327
2021-12-23/00:00:00,8.49,8.75,8.46,8.71,4500040
2021-12-26/00:00:00,8.71,8.86,8.4,8.43,1978551
2021-12-27/00:00:00,8.43,8.66,8.42,8.6,2365388
2021-12-28/00:00:00,8.6,8.65,8.55,8.6,168113
2021-12-29/00:00:00,8.6,8.71,8.6,8.68,1044243
2021-12-30/00:00:00,8.68,8.72,8.6,8.69,277107
2022-01-02/00:00:00,8.69,8.7,8.58,8.6,175323
2022-01-03/00:00:00,8.6,8.7,8.55,8.61,103840
2022-01-04/00:00:00,8.61,8.72,8.59,8.7,229654
2022-01-05/00:00:00,8.7,8.82,8.6,8.64,1066125
2022-01-09/00:00:00,8.64,8.72,8.61,8.69,495865
2022-01-10/00:00:00,8.69,8.75,8.6,8.62,972620
2022-01-11/00:00:00,8.62,8.69,8.55,8.6,702414
2022-01-12/00:00:00,8.6,8.7,8.6,8.66,476412
2022-01-13/00:00:00,8.66,8.68,8.56,8.65,456725
2022-01-16/00:00:00,8.65,8.65,8.56,8.6,177342
2022-01-17/00:00:00,8.6,8.65,8.58,8.61,495491
2022-01-18/00:00:00,8.61,8.72,8.6,8.72,381065
2022-01-19/00:00:00,8.72,8.71,8.55,8.71,553492
2022-01-20/00:00:00,8.71,8.69,8.5,8.6,1971855
2022-01-23/00:00:00,8.6,8.65,8.45,8.5,529959
2022-01-24/00:00:00,8.5,8.59,8.44,8.5,509437
2022-01-25/00:00:00,8.5,8.5,8.39,8.44,493220
2022-01-26/00:00:00,8.44,8.48,8.35,8.37,419571
2022-01-30/00:00:00,8.37,8.48,8.36,8.39,166271
2022-01-31/00:00:00,8.39,8.5,8.36,8.47,232925
2022-02-01/00:00:00,8.47,8.6,8.4,8.55,203686
2022-02-02/00:00:00,8.55,8.69,8.47,8.64,102112
2022-02-03/00:00:00,8.64,8.79,8.63,8.63,284460
2022-02-06/00:00:00,8.63,8.7,8.56,8.61,173919
2022-02-07/00:00:00,8.61,8.69,8.57,8.6,213037
2022-02-08/00:00:00,8.6,8.63,8.52,8.53,272265
2022-02-09/00:00:00,8.53,8.6,8.54,8.59,191429
2022-02-10/00:00:00,8.59,8.6,8.4,8.58,851671
2022-02-13/00:00:00,8.58,8.58,8.2,8.23,793143
2022-02-14/00:00:00,8.23,8.34,8.1,8.29,275946
2022-02-15/00:00:00,8.29,8.4,8.2,8.24,979921
2022-02-16/00:00:00,8.24,8.49,8.35,8.38,2184602
2022-02-17/00:00:00,8.38,8.45,8.35,8.43,300644
2022-02-20/00:00:00,8.43,8.42,8.25,8.26,97935
2022-02-21/00:00:00,8.26,8.39,8.2,8.24,223369
2022-02-22/00:00:00,8.24,8.24,8.0,8.06,965365
2022-02-23/00:00:00,8.06,8.4,8.15,8.32,2999667
2022-02-24/00:00:00,8.32,8.21,7.77,8.13,434630
2022-02-27/00:00:00,8.13,8.39,8.13,8.25,82575
2022-02-28/00:00:00,8.25,8.24,8.15,8.18,123282
2022-03-01/00:00:00,8.18,8.35,8.2,8.33,105096
2022-03-02/00:00:00,8.33,8.3,8.15,8.25,383446
2022-03-03/00:00:00,8.25,8.2,8.15,8.15,1655792
2022-03-06/00:00:00,8.15,8.15,8.04,8.05,443955
2022-03-07/00:00:00,8.05,8.09,7.82,7.87,475129
2022-03-08/00:00:00,7.87,7.96,7.75,7.81,315873
2022-03-09/00:00:00,7.81,7.91,7.76,7.8,689860
2022-03-10/00:00:00,7.8,8.0,7.8,8.0,672359
2022-03-13/00:00:00,8.0,8.08,7.96,8.0,127395
2022-03-14/00:00:00,8.0,8.0,7.9,7.97,38413
2022-03-15/00:00:00,7.97,8.11,7.92,8.08,525512
2022-03-16/00:00:00,8.08,8.3,8.0,8.27,584920
2022-03-17/00:00:00,8.27,8.31,8.17,8.21,289740
2022-03-20/00:00:00,8.21,8.29,8.2,8.26,87868
2022-03-21/00:00:00,8.26,9.27,8.27,8.86,3008839
2022-03-22/00:00:00,8.86,9.2,8.8,8.9,990414
2022-03-23/00:00:00,8.9,9.0,8.72,9.0,586327
2022-03-24/00:00:00,9.0,9.1,8.89,9.06,839248
2022-03-27/00:00:00,9.06,9.1,8.85,8.96,403932
2022-03-28/00:00:00,8.96,9.04,8.71,8.79,306395
2022-03-29/00:00:00,8.79,8.9,8.7,8.71,369992
2022-03-30/00:00:00,8.71,8.89,8.75,8.82,324484
2022-03-31/00:00:00,8.82,8.96,8.8,8.9,471126
2022-04-03/00:00:00,8.9,9.1,8.76,8.94,907359
2022-04-04/00:00:00,8.94,9.06,8.86,8.91,925948
2022-04-05/00:00:00,8.91,8.99,8.8,8.94,441193
2022-04-06/00:00:00,8.94,8.98,8.88,8.9,377513
2022-04-07/00:00:00,8.9,8.95,8.85,8.85,414135
2022-04-10/00:00:00,8.85,8.95,8.8,8.85,312312
2022-04-11/00:00:00,8.85,8.85,8.52,8.59,701543
2022-04-12/00:00:00,8.59,8.74,8.4,8.57,746953
2022-04-13/00:00:00,8.57,8.65,8.5,8.53,371086
2022-04-14/00:00:00,8.53,8.5,8.1,8.19,2088945
2022-04-17/00:00:00,8.19,8.45,8.31,8.35,949359
2022-04-18/00:00:00,8.35,8.5,8.22,8.44,908224
2022-04-19/00:00:00,8.44,7.47,7.2,7.37,2208795
2022-04-20/00:00:00,7.37,7.62,7.3,7.5,1518931
2022-04-21/00:00:00,7.5,7.66,7.4,7.51,332758
2022-04-26/00:00:00,7.51,7.6,7.5,7.59,453390
2022-04-27/00:00:00,7.59,7.76,7.5,7.67,575641
2022-04-28/00:00:00,7.67,7.9,7.6,7.72,826717
2022-05-08/00:00:00,7.72,8.3,7.75,7.97,518662
2022-05-09/00:00:00,7.97,8.03,7.77,7.87,378146
2022-05-10/00:00:00,7.87,7.93,7.75,7.77,228077
2022-05-11/00:00:00,7.77,8.0,7.75,7.85,1319985
2022-05-12/00:00:00,7.85,7.94,7.71,7.74,928351
2022-05-15/00:00:00,7.74,7.75,7.4,7.47,889629
2022-05-16/00:00:00,7.47,7.5,7.12,7.4,347691
2022-05-17/00:00:00,7.4,7.49,7.3,7.34,124975
2022-05-18/00:00:00,7.34,7.45,7.26,7.3,259529
2022-05-19/00:00:00,7.3,7.3,7.1,7.21,597485
2022-05-22/00:00:00,7.21,7.29,7.14,7.19,441500
2022-05-23/00:00:00,7.19,7.26,7.05,7.21,518923
2022-05-24/00:00:00,7.21,7.26,7.12,7.23,589069
2022-05-25/00:00:00,7.23,7.23,7.1,7.14,270535
2022-05-26/00:00:00,7.14,7.18,7.0,7.03,331565
2022-05-29/00:00:00,7.03,7.04,6.6,6.65,592866
2022-05-30/00:00:00,6.65,6.8,6.69,6.71,470251
2022-05-31/00:00:00,6.71,6.8,6.69,6.75,583338
2022-06-01/00:00:00,6.75,6.85,6.6,6.64,2767660
2022-06-02/00:00:00,6.64,6.75,6.5,6.53,830595
2022-06-05/00:00:00,6.53,6.63,6.52,6.57,182420
2022-06-06/00:00:00,6.57,6.63,6.59,6.62,246457
2022-06-07/00:00:00,6.62,6.75,6.6,6.74,3015228
2022-06-08/00:00:00,6.74,6.9,6.76,6.85,302048
2022-06-09/00:00:00,6.85,6.93,6.81,6.84,249061
2022-06-12/00:00:00,6.84,6.85,6.75,6.77,47282
2022-06-13/00:00:00,6.77,6.87,6.65,6.69,184927
2022-06-14/00:00:00,6.69,6.7,6.57,6.6,390224
2022-06-15/00:00:00,6.6,6.65,6.4,6.49,1468080
2022-06-16/00:00:00,6.49,6.59,6.43,6.55,519092
2022-06-19/00:00:00,6.55,6.58,6.45,6.46,166584
2022-06-20/00:00:00,6.46,6.53,6.44,6.46,71072
2022-06-21/00:00:00,6.46,6.52,6.42,6.44,142060
2022-06-22/00:00:00,6.44,6.49,6.36,6.4,116169
2022-06-23/00:00:00,6.4,6.47,6.35,6.39,103429
2022-06-26/00:00:00,6.39,6.48,6.35,6.4,70526
2022-06-27/00:00:00,6.4,6.47,6.4,6.45,622722
2022-06-28/00:00:00,6.45,6.48,6.36,6.43,457028
2022-06-29/00:00:00,6.43,6.7,6.4,6.61,795016
2022-07-03/00:00:00,6.61,6.74,6.46,6.58,429174
2022-07-04/00:00:00,6.58,6.58,6.37,6.4,492629
2022-07-05/00:00:00,6.4,6.45,6.3,6.42,656775
2022-07-06/00:00:00,6.42,6.41,6.35,6.4,504492
2022-07-07/00:00:00,6.4,6.46,6.41,6.45,482124
2022-07-17/00:00:00,6.45,6.54,6.32,6.35,176785
2022-07-18/00:00:00,6.35,6.43,6.3,6.38,237930
2022-07-19/00:00:00,6.38,6.5,6.38,6.46,231668
2022-07-20/00:00:00,6.46,6.5,6.43,6.47,772520
2022-07-21/00:00:00,6.47,6.75,6.47,6.69,1340242
2022-07-24/00:00:00,6.69,6.72,6.61,6.64,327668
2022-07-25/00:00:00,6.64,6.66,6.58,6.65,873668
2022-07-26/00:00:00,6.65,6.8,6.65,6.68,6328875
2022-07-27/00:00:00,6.68,6.7,6.57,6.6,1050383
2022-07-28/00:00:00,6.6,6.65,6.55,6.57,802788
2022-07-31/00:00:00,6.57,6.64,6.55,6.6,571795
2022-08-01/00:00:00,6.6,6.64,6.5,6.55,647723
2022-08-02/00:00:00,6.55,6.57,6.45,6.48,260158
2022-08-03/00:00:00,6.48,6.55,6.45,6.52,1130016
2022-08-04/00:00:00,6.52,6.73,6.49,6.68,4620378
2022-08-07/00:00:00,6.68,6.88,6.71,6.74,2104708
2022-08-08/00:00:00,6.74,7.2,6.73,7.07,4488476
2022-08-09/00:00:00,7.07,7.15,6.81,6.86,1761810
2022-08-10/00:00:00,6.86,7.09,6.85,6.91,4031392
2022-08-11/00:00:00,6.91,7.1,6.94,7.05,2323870
2022-08-14/00:00:00,7.05,7.07,6.96,7.0,854517
2022-08-15/00:00:00,7.0,7.0,6.88,6.95,907178
2022-08-16/00:00:00,6.95,7.02,6.9,6.99,3281316
2022-08-17/00:00:00,6.99,7.0,6.88,6.9,542783
2022-08-18/00:00:00,6.9,7.05,6.92,7.0,2091593
2022-08-21/00:00:00,7.0,7.4,7.02,7.3,4192150
2022-08-22/00:00:00,7.3,7.4,7.2,7.24,908101
2022-08-23/00:00:00,7.24,7.26,7.12,7.17,1434081
2022-08-24/00:00:00,7.17,7.2,7.13,7.17,785920
2022-08-25/00:00:00,7.17,7.25,7.14,7.21,725694
2022-08-28/00:00:00,7.21,7.2,7.1,7.16,332216
2022-08-29/00:00:00,7.16,7.19,7.08,7.15,992464
2022-08-30/00:00:00,7.15,7.15,6.92,6.92,1902278
2022-08-31/00:00:00,6.92,7.05,6.9,6.92,372429
2022-09-01/00:00:00,6.92,6.95,6.82,6.85,425123
2022-09-04/00:00:00,6.85,6.94,6.83,6.92,341725
2022-09-05/00:00:00,6.92,6.97,6.85,6.92,413457
2022-09-06/00:00:00,6.92,7.08,6.98,7.01,2133822
2022-09-07/00:00:00,7.01,7.11,7.0,7.01,1026995
2022-09-08/00:00:00,7.01,7.06,6.98,7.0,476368
2022-09-11/00:00:00,7.0,7.04,6.96,6.97,379081
2022-09-12/00:00:00,6.97,7.05,6.93,6.95,458440
2022-09-13/00:00:00,6.95,7.01,6.88,7.0,1076235
2022-09-14/00:00:00,7.0,7.02,6.86,6.96,1031529
2022-09-15/00:00:00,6.96,7.0,6.65,6.65,3947215
2022-09-18/00:00:00,6.65,6.88,6.65,6.68,921325
2022-09-19/00:00:00,6.68,6.73,6.57,6.67,370909
2022-09-20/00:00:00,6.67,6.8,6.6,6.66,463718
2022-09-21/00:00:00,6.66,6.82,6.6,6.66,470015
2022-09-22/00:00:00,6.66,6.77,6.6,6.72,892690
2022-09-25/00:00:00,6.72,6.7,6.63,6.66,251090
2022-09-26/00:00:00,6.66,6.74,6.6,6.67,363148
2022-09-27/00:00:00,6.67,6.73,6.65,6.68,341527
2022-09-28/00:00:00,6.68,6.66,6.55,6.6,424867
2022-09-29/00:00:00,6.6,6.68,6.58,6.62,152516
2022-10-02/00:00:00,6.62,6.65,6.53,6.55,101230
2022-10-03/00:00:00,6.55,6.6,6.5,6.54,462117
2022-10-04/00:00:00,6.54,6.66,6.51,6.65,4314660
2022-10-05/00:00:00,6.65,6.8,6.65,6.7,1058529
2022-10-09/00:00:00,6.7,6.75,6.67,6.7,176480
2022-10-10/00:00:00,6.7,6.72,6.52,6.63,620047
2022-10-11/00:00:00,6.63,6.71,6.5,6.53,362735
2022-10-12/00:00:00,6.53,6.59,6.45,6.5,301020
2022-10-13/00:00:00,6.5,6.58,6.42,6.55,275921
2022-10-16/00:00:00,6.55,6.8,6.57,6.79,1001846
2022-10-17/00:00:00,6.79,6.83,6.7,6.74,238883
2022-10-18/00:00:00,6.74,6.9,6.72,6.86,1289316
2022-10-19/00:00:00,6.86,6.9,6.76,6.79,282740
2022-10-20/00:00:00,6.79,7.05,6.76,7.02,1387957
2022-10-23/00:00:00,7.02,7.11,6.93,6.99,240914
2022-10-24/00:00:00,6.99,7.02,6.81,6.82,641464
2022-10-25/00:00:00,6.82,7.11,6.82,7.07,934893
2022-10-26/00:00:00,7.07,7.15,7.01,7.03,291150
2022-10-27/00:00:00,7.03,7.41,7.0,7.15,5836187
2022-10-30/00:00:00,7.15,7.3,7.12,7.16,1463517
2022-10-31/00:00:00,7.16,7.77,7.1,7.7,4600902
2022-11-01/00:00:00,7.7,7.84,7.55,7.66,3438244
2022-11-02/00:00:00,7.66,7.69,7.43,7.51,1417945
2022-11-03/00:00:00,7.51,7.51,7.4,7.45,858298
2022-11-06/00:00:00,7.45,7.5,7.35,7.46,702795
2022-11-07/00:00:00,7.46,7.67,7.43,7.62,1145763
2022-11-08/00:00:00,7.62,7.67,7.41,7.48,1799757
2022-11-09/00:00:00,7.48,7.69,7.4,7.6,1342559
2022-11-10/00:00:00,7.6,7.83,7.6,7.79,1345336
2022-11-13/00:00:00,7.79,8.05,7.79,8.0,1547464
2022-11-14/00:00:00,8.0,8.0,7.52,7.58,4652707
2022-11-15/00:00:00,7.58,7.66,7.51,7.56,2127234
2022-11-16/00:00:00,7.56,7.67,7.54,7.6,2078156
2022-11-17/00:00:00,7.6,7.76,7.5,7.57,3900434
2022-11-20/00:00:00,7.57,7.65,7.49,7.51,3473922
2022-11-21/00:00:00,7.51,7.58,7.5,7.55,3386079
2022-11-22/00:00:00,7.55,7.7,7.44,7.64,3677116
2022-11-23/00:00:00,7.64,7.79,7.65,7.76,1216891
2022-11-24/00:00:00,7.76,7.88,7.67,7.8,1639359
2022-11-27/00:00:00,7.8,8.5,7.8,8.35,4482558
2022-11-28/00:00:00,8.35,8.4,8.01,8.3,2115878
2022-11-29/00:00:00,8.3,8.7,8.22,8.39,2521853
2022-11-30/00:00:00,8.39,8.8,8.25,8.38,3301930
2022-12-01/00:00:00,8.38,8.55,8.3,8.51,456221
2022-12-04/00:00:00,8.51,8.95,8.55,8.8,1397711
2022-12-05/00:00:00,8.8,9.05,8.76,8.94,2921312
2022-12-06/00:00:00,8.94,9.09,8.8,9.02,1980638
2022-12-07/00:00:00,9.02,9.44,9.0,9.26,5240944
2022-12-08/00:00:00,9.26,9.45,8.0,8.9,4757010
2022-12-11/00:00:00,8.9,9.42,8.9,9.08,1819175
2022-12-12/00:00:00,9.08,9.25,8.8,9.06,1555750
2022-12-13/00:00:00,9.06,10.6,9.1,10.6,6908049
2022-12-14/00:00:00,10.6,11.44,10.61,11.3,3396819
2022-12-15/00:00:00,11.3,11.79,10.76,10.91,4853968
2022-12-18/00:00:00,10.91,11.24,10.32,11.01,2444486
2022-12-19/00:00:00,11.01,11.15,10.73,11.01,1977681
2022-12-20/00:00:00,11.01,11.29,10.91,11.01,1163079
2022-12-21/00:00:00,11.01,11.1,10.65,10.67,1573591
2022-12-22/00:00:00,10.67,10.84,10.31,10.4,1497081
2022-12-25/00:00:00,10.4,10.46,9.79,9.91,1100231
2022-12-26/00:00:00,9.91,10.19,9.85,9.92,989954
2022-12-27/00:00:00,9.92,10.1,9.51,9.82,1187064
2022-12-28/00:00:00,9.82,10.09,9.81,10.0,1549611
2022-12-29/00:00:00,10.0,10.48,10.0,10.4,932685
2023-01-02/00:00:00,10.4,10.66,10.45,10.52,886399
2023-01-03/00:00:00,10.52,10.64,10.42,10.51,1043206
2023-01-04/00:00:00,10.51,11.09,9.61,10.85,2839231
2023-01-05/00:00:00,10.85,11.13,10.79,10.79,1686115
2023-01-09/00:00:00,10.79,11.05,10.8,10.95,2310932
2023-01-10/00:00:00,10.95,10.98,10.02,10.33,1767352
2023-01-11/00:00:00,10.33,10.85,9.94,10.1,2360182
2023-01-12/00:00:00,10.1,10.59,9.85,10.01,1039045
2023-01-15/00:00:00,10.01,10.15,9.9,9.94,518989
2023-01-16/00:00:00,9.94,10.3,9.94,10.2,762986
2023-01-17/00:00:00,10.2,10.4,10.0,10.08,3085504
2023-01-18/00:00:00,10.08,10.45,10.1,10.41,3416090
2023-01-19/00:00:00,10.41,10.65,10.16,10.35,2190439
2023-01-22/00:00:00,10.35,10.5,10.32,10.4,1192767
2023-01-23/00:00:00,10.4,10.48,10.31,10.4,1129272
2023-01-24/00:00:00,10.4,10.7,10.3,10.68,2064849
2023-01-25/00:00:00,10.68,11.72,10.65,11.37,7148331
2023-01-29/00:00:00,11.37,11.7,11.3,11.64,2566300
2023-01-30/00:00:00,11.64,12.1,11.45,11.45,3956854
2023-01-31/00:00:00,11.45,11.69,10.8,11.09,2354269
2023-02-01/00:00:00,11.09,11.7,10.62,11.7,6293918
2023-02-02/00:00:00,11.7,11.77,10.67,10.7,3539089
2023-02-05/00:00:00,10.7,10.89,10.05,10.41,1844106
2023-02-06/00:00:00,10.41,10.6,10.3,10.43,2369743
2023-02-07/00:00:00,10.43,11.4,10.46,11.33,15145292
2023-02-08/00:00:00,11.33,11.5,10.8,11.23,4340253
2023-02-09/00:00:00,11.23,11.5,11.02,11.19,3520585
2023-02-12/00:00:00,11.19,11.26,10.94,11.01,3289391
2023-02-13/00:00:00,11.01,11.18,10.99,11.0,1641974
2023-02-14/00:00:00,11.0,11.32,10.95,11.25,8977262
2023-02-15/00:00:00,11.25,11.7,11.32,11.55,7355743
2023-02-16/00:00:00,11.55,11.8,11.45,11.51,2752307
2023-02-19/00:00:00,11.51,11.58,11.15,11.26,600603
2023-02-20/00:00:00,11.26,11.35,10.9,10.96,1244085
2023-02-21/00:00:00,10.96,11.3,10.62,11.23,1055009
2023-02-22/00:00:00,11.23,11.25,11.0,11.02,1519823
2023-02-23/00:00:00,11.02,11.22,11.02,11.09,1606625
2023-02-26/00:00:00,11.09,11.38,11.06,11.3,614305
2023-02-27/00:00:00,11.3,11.49,10.9,10.97,2348662
2023-02-28/00:00:00,10.97,10.98,10.57,10.61,1830830
2023-03-01/00:00:00,10.61,10.85,10.58,10.79,757518
2023-03-02/00:00:00,10.79,11.15,10.76,11.03,4186091
2023-03-05/00:00:00,11.03,11.1,10.77,11.02,2181334
2023-03-06/00:00:00,11.02,11.14,10.93,11.14,1186616
2023-03-07/00:00:00,11.14,11.32,10.99,11.1,1881295
2023-03-08/00:00:00,11.1,11.2,10.75,10.96,304853
2023-03-09/00:00:00,10.96,11.55,10.93,11.49,1534876
2023-03-12/00:00:00,11.49,11.45,10.9,11.29,1436690
2023-03-13/00:00:00,11.29,11.34,10.65,10.81,3015762
2023-03-14/00:00:00,10.81,11.0,10.5,10.86,879463
2023-03-15/00:00:00,10.86,11.0,9.85,10.0,1039745
2023-03-16/00:00:00,10.0,10.4,9.75,10.01,730110
2023-03-19/00:00:00,10.01,10.38,9.89,10.1,182179
2023-03-20/00:00:00,10.1,10.79,9.95,10.79,518779
2023-03-21/00:00:00,10.79,11.05,10.5,10.95,851431
2023-03-22/00:00:00,10.95,11.09,10.56,10.84,748585
2023-03-23/00:00:00,10.84,11.12,10.57,11.03,639726
2023-03-26/00:00:00,11.03,11.42,11.11,11.38,1563258
2023-03-27/00:00:00,11.38,12.18,11.5,11.83,3801214
2023-03-28/00:00:00,11.83,12.54,11.5,12.26,2657772
2023-03-29/00:00:00,12.26,13.9,12.49,13.29,3710070
2023-03-30/00:00:00,13.29,14.58,13.01,13.84,4427393
2023-04-02/00:00:00,13.84,14.54,13.7,14.42,3028463
2023-04-03/00:00:00,14.42,15.0,14.15,14.38,2678023
2023-04-04/00:00:00,14.38,14.38,14.06,14.29,2197878
2023-04-05/00:00:00,14.29,14.3,13.74,13.99,1223267
2023-04-06/00:00:00,13.99,14.09,13.6,13.73,710488
2023-04-09/00:00:00,13.73,13.81,13.56,13.7,445213
2023-04-10/00:00:00,13.7,14.5,13.7,14.12,1609977
2023-04-11/00:00:00,14.12,14.45,14.2,14.3,1808102
2023-04-12/00:00:00,14.3,14.88,14.23,14.59,2341711
2023-04-13/00:00:00,14.59,16.25,14.4,15.59,4131660
2023-04-18/00:00:00,15.59,16.98,15.63,16.53,2644739
2023-04-19/00:00:00,16.53,16.95,16.07,16.18,1484053
2023-04-26/00:00:00,16.18,16.75,15.9,16.6,948224
2023-04-27/00:00:00,16.6,17.91,16.75,17.75,2174267
2023-04-30/00:00:00,17.75,18.43,16.77,16.89,2453162
2023-05-01/00:00:00,16.89,17.4,16.6,16.83,1376326
2023-05-02/00:00:00,16.83,17.2,16.0,16.13,2374530
2023-05-03/00:00:00,16.13,16.42,15.31,15.79,3393258
2023-05-07/00:00:00,15.79,16.18,15.51,16.0,961850
2023-05-08/00:00:00,16.0,16.87,16.11,16.75,2068988
2023-05-09/00:00:00,16.75,17.24,16.5,16.5,2296498
2023-05-10/00:00:00,16.5,17.0,16.0,16.98,937926
2023-05-11/00:00:00,16.98,17.5,16.82,16.92,1687480
2023-05-14/00:00:00,16.92,17.15,16.73,17.04,826378
2023-05-15/00:00:00,17.04,17.35,16.2,16.31,5162570
2023-05-16/00:00:00,16.31,16.4,15.25,15.52,3222995
2023-05-17/00:00:00,15.52,15.63,14.4,14.47,3302380
2023-05-18/00:00:00,14.47,14.78,14.3,14.6,1160957
2023-05-21/00:00:00,14.6,14.81,14.43,14.58,605149
2023-05-22/00:00:00,14.58,15.25,14.54,14.9,1643426
2023-05-23/00:00:00,14.9,15.65,14.5,15.6,2456515
2023-05-24/00:00:00,15.6,16.0,15.3,15.83,1399010
2023-05-25/00:00:00,15.83,16.0,15.36,15.49,856980
2023-05-28/00:00:00,15.49,15.6,15.3,15.37,285268
2023-05-29/00:00:00,15.37,15.55,14.9,15.14,913066
2023-05-30/00:00:00,15.14,15.88,15.1,15.6,1283332
2023-05-31/00:00:00,15.6,15.8,15.22,15.35,1737049
2023-06-01/00:00:00,15.35,15.75,15.32,15.72,999069
2023-06-04/00:00:00,15.72,16.25,15.62,15.7,2753002
2023-06-05/00:00:00,15.7,16.1,15.7,15.7,1235975
2023-06-06/00:00:00,15.7,15.82,15.44,15.48,655705
2023-06-07/00:00:00,15.48,15.69,14.95,15.0,906712
2023-06-08/00:00:00,15.0,15.25,14.83,15.07,383973
2023-06-11/00:00:00,15.07,15.7,15.08,15.59,579304
2023-06-12/00:00:00,15.59,15.85,15.5,15.51,349431
2023-06-13/00:00:00,15.51,15.59,15.26,15.38,926794
2023-06-14/00:00:00,15.38,15.65,15.06,15.07,702380
2023-06-15/00:00:00,15.07,15.39,14.86,14.88,811918
2023-06-18/00:00:00,14.88,15.63,14.98,15.5,1618532
2023-06-19/00:00:00,15.5,15.97,15.31,15.39,3116675
2023-06-20/00:00:00,15.39,15.5,15.11,15.18,696487
2023-06-21/00:00:00,15.18,15.25,14.9,14.91,949017
2023-06-22/00:00:00,14.91,15.29,14.82,15.0,617710
2023-06-25/00:00:00,15.0,15.29,14.37,14.62,1566721
2023-06-26/00:00:00,14.62,14.89,14.51,14.85,971441
2023-07-04/00:00:00,14.85,15.15,14.81,14.82,353313
2023-07-05/00:00:00,14.82,14.95,14.47,14.5,447582
2023-07-06/00:00:00,14.5,14.7,14.0,14.22,682594
2023-07-09/00:00:00,14.22,14.37,13.73,13.98,409568
2023-07-10/00:00:00,13.98,14.4,13.8,14.25,392271
2023-07-11/00:00:00,14.25,14.46,13.9,14.41,4751098
2023-07-12/00:00:00,14.41,14.63,14.2,14.63,608688
2023-07-13/00:00:00,14.63,14.74,14.47,14.64,484581
2023-07-16/00:00:00,14.64,14.67,14.51,14.53,169661
2023-07-17/00:00:00,14.53,15.0,14.3,14.98,1622950
2023-07-18/00:00:00,14.98,15.45,14.95,15.17,1210106
2023-07-19/00:00:00,15.17,15.2,14.9,15.0,1253799
2023-07-24/00:00:00,15.0,15.1,14.72,14.82,336515
2023-07-25/00:00:00,14.82,15.05,14.6,14.67,1070743
2023-07-26/00:00:00,14.67,14.75,14.53,14.62,665814
2023-07-27/00:00:00,14.62,14.65,14.4,14.41,292504
2023-07-30/00:00:00,14.41,14.84,14.4,14.8,580422
2023-07-31/00:00:00,14.8,14.94,14.55,14.63,1093006
2023-08-01/00:00:00,14.63,14.75,14.5,14.68,860762
2023-08-02/00:00:00,14.68,14.85,14.59,14.59,464941
2023-08-03/00:00:00,14.59,15.15,14.5,14.9,1174619
2023-08-06/00:00:00,14.9,15.33,14.9,15.3,3377588
2023-08-07/00:00:00,15.3,15.57,15.25,15.32,1716696
2023-08-08/00:00:00,15.32,15.9,15.25,15.9,1629927
2023-08-09/00:00:00,15.9,16.19,15.6,15.92,4146034
2023-08-10/00:00:00,15.92,15.93,15.6,15.71,940522
2023-08-13/00:00:00,15.71,16.1,15.62,16.1,508624
2023-08-14/00:00:00,16.1,16.35,15.82,15.94,595302
2023-08-15/00:00:00,15.94,16.17,15.72,15.8,198696
2023-08-16/00:00:00,15.8,15.9,15.71,15.73,310625
2023-08-17/00:00:00,15.73,15.83,15.2,15.45,706650
2023-08-20/00:00:00,15.45,15.6,15.3,15.45,525964
2023-08-21/00:00:00,15.45,15.95,15.12,15.9,1132345
2023-08-22/00:00:00,15.9,15.97,15.71,15.72,246672
2023-08-23/00:00:00,15.72,15.95,15.23,15.3,782101
2023-08-24/00:00:00,15.3,15.48,14.99,15.08,1600184
2023-08-27/00:00:00,15.08,15.38,15.1,15.2,534041
2023-08-28/00:00:00,15.2,15.59,15.1,15.2,680932
2023-08-29/00:00:00,15.2,15.45,15.1,15.44,799920
2023-08-30/00:00:00,15.44,15.83,15.38,15.67,592342
2023-08-31/00:00:00,15.67,16.19,15.77,15.89,2013900
2023-09-03/00:00:00,15.89,16.06,15.6,15.89,346195
2023-09-04/00:00:00,15.89,16.69,15.6,16.51,1840784
2023-09-05/00:00:00,16.51,17.0,16.56,16.8,2459441
2023-09-06/00:00:00,16.8,17.02,16.2,16.53,1103063
2023-09-07/00:00:00,16.53,16.65,16.2,16.65,266906
2023-09-10/00:00:00,16.65,16.8,16.37,16.4,311156
2023-09-11/00:00:00,16.4,16.7,16.19,16.25,442968
2023-09-12/00:00:00,16.25,16.5,16.18,16.26,209771
2023-09-13/00:00:00,16.26,16.48,16.19,16.45,192405
2023-09-14/00:00:00,16.45,16.55,16.29,16.39,348925
2023-09-17/00:00:00,16.39,16.69,16.38,16.5,933300
2023-09-18/00:00:00,16.5,16.59,16.35,16.51,322434
2023-09-19/00:00:00,16.51,16.59,15.5,15.73,2011584
2023-09-20/00:00:00,15.73,15.94,15.5,15.51,1094053
2023-09-21/00:00:00,15.51,15.75,15.48,15.69,782025
2023-09-24/00:00:00,15.69,15.9,15.63,15.68,382352
2023-09-25/00:00:00,15.68,15.84,15.6,15.65,197321
2023-09-26/00:00:00,15.65,15.75,15.53,15.58,207258
2023-09-27/00:00:00,15.58,15.65,15.13,15.31,698672
2023-10-01/00:00:00,15.31,15.44,15.01,15.15,172992
2023-10-02/00:00:00,15.15,15.7,15.08,15.49,926854
2023-10-03/00:00:00,15.49,15.65,15.25,15.37,641206
2023-10-04/00:00:00,15.37,15.31,15.05,15.13,354602
2023-10-08/00:00:00,15.13,15.13,14.5,14.65,439999
2023-10-09/00:00:00,14.65,14.99,14.7,14.86,179843
2023-10-10/00:00:00,14.86,15.19,14.83,14.94,416746
2023-10-11/00:00:00,14.94,15.15,14.7,14.73,683265
2023-10-12/00:00:00,14.73,15.05,14.76,14.99,351832
2023-10-15/00:00:00,14.99,16.32,15.0,15.9,5898018
2023-10-16/00:00:00,15.9,16.67,15.75,16.2,1851367
2023-10-17/00:00:00,16.2,19.44,16.15,18.52,5665063
2023-10-18/00:00:00,18.52,18.59,17.5,17.6,3677234
2023-10-19/00:00:00,17.6,17.96,16.89,16.94,1108006
2023-10-22/00:00:00,16.94,18.48,16.89,17.86,1592001
2023-10-23/00:00:00,17.86,18.25,17.27,17.51,1421068
2023-10-24/00:00:00,17.51,18.15,17.31,17.55,1946375
2023-10-25/00:00:00,17.55,19.98,17.6,19.98,14624407
2023-10-26/00:00:00,19.98,20.69,19.0,19.16,2377599
2023-10-29/00:00:00,19.16,19.8,19.0,19.13,640070
2023-10-30/00:00:00,19.13,19.1,18.5,18.65,759827
2023-10-31/00:00:00,18.65,18.99,17.85,18.5,1090074
2023-11-01/00:00:00,18.5,19.0,18.02,19.0,690265
2023-11-02/00:00:00,19.0,19.27,18.87,18.9,747827
2023-11-05/00:00:00,18.9,19.08,18.56,18.73,323142
2023-11-06/00:00:00,18.73,18.9,18.13,18.17,690286
2023-11-07/00:00:00,18.17,18.27,17.6,17.81,687187
2023-11-08/00:00:00,17.81,18.48,17.81,18.12,674247
2023-11-09/00:00:00,18.12,18.65,17.8,17.88,1734102
2023-11-12/00:00:00,17.88,18.59,17.9,18.22,903506
2023-11-13/00:00:00,18.22,18.25,17.67,17.71,368861
2023-11-14/00:00:00,17.71,18.3,17.8,17.86,634606
2023-11-15/00:00:00,17.86,18.28,17.62,18.0,1222162
2023-11-16/00:00:00,18.0,18.85,18.0,18.31,1297613
2023-11-19/00:00:00,18.31,18.78,18.16,18.33,1164141
2023-11-20/00:00:00,18.33,18.7,17.61,17.9,1261336
2023-11-21/00:00:00,17.9,18.25,17.75,17.9,970161
2023-11-22/00:00:00,17.9,18.1,17.81,17.84,812170
2023-11-23/00:00:00,17.84,18.33,17.88,18.2,1897700
2023-11-26/00:00:00,18.2,18.94,18.31,18.67,1968727
2023-11-27/00:00:00,18.67,19.4,18.68,19.07,2681216
2023-11-28/00:00:00,19.07,19.32,18.35,18.47,1343935
2023-11-29/00:00:00,18.47,18.6,17.9,18.0,914158
2023-11-30/00:00:00,18.0,18.38,18.02,18.23,554480
2023-12-03/00:00:00,18.23,18.44,17.95,18.01,805652
2023-12-04/00:00:00,18.01,18.47,18.02,18.3,966257
2023-12-05/00:00:00,18.3,18.99,18.4,18.9,1464735
2023-12-06/00:00:00,18.9,19.27,18.0,18.14,1759751
2023-12-07/00:00:00,18.14,18.27,17.6,18.09,1433990
2023-12-10/00:00:00,18.09,18.19,17.7,17.75,541040
2023-12-11/00:00:00,17.75,17.79,17.05,17.1,1122796
2023-12-12/00:00:00,17.1,17.5,16.92,16.96,617765
2023-12-13/00:00:00,16.96,17.85,16.97,17.49,1488847
2023-12-14/00:00:00,17.49,18.0,17.5,17.74,665458
2023-12-17/00:00:00,17.74,18.18,17.51,17.89,323295
2023-12-18/00:00:00,17.89,18.4,17.6,17.94,1864417
2023-12-19/00:00:00,17.94,18.16,17.58,17.6,1362809
2023-12-20/00:00:00,17.6,17.98,17.6,17.64,703037
2023-12-21/00:00:00,17.64,18.1,17.07,17.1,784963
2023-12-24/00:00:00,17.1,17.7,16.6,16.7,595218
2023-12-25/00:00:00,16.7,16.95,16.1,16.55,602103
2023-12-26/00:00:00,16.55,16.99,15.97,16.0,6942272
2023-12-27/00:00:00,16.0,16.85,16.0,16.71,1623864
2023-12-28/00:00:00,16.71,17.0,16.51,16.97,1284222
2023-12-31/00:00:00,16.97,17.4,16.8,16.91,417734
2024-01-02/00:00:00,16.91,17.2,16.91,17.2,297854
2024-01-03/00:00:00,17.2,17.5,17.15,17.28,356095
2024-01-04/00:00:00,17.28,17.39,16.95,17.13,537803
2024-01-08/00:00:00,17.13,17.35,17.1,17.3,313271
2024-01-09/00:00:00,17.3,17.38,17.1,17.16,746881
2024-01-10/00:00:00,17.16,17.4,17.12,17.14,460102
2024-01-11/00:00:00,17.14,17.94,17.18,17.66,2220939
2024-01-14/00:00:00,17.66,18.49,17.68,18.34,1446534
2024-01-15/00:00:00,18.34,18.65,17.95,17.97,1197914
2024-01-16/00:00:00,17.97,19.0,17.97,18.98,2492417
2024-01-17/00:00:00,18.98,19.35,18.6,18.7,817326
2024-01-18/00:00:00,18.7,19.0,18.25,18.96,660403
2024-01-21/00:00:00,18.96,20.5,18.81,20.47,3090878
2024-01-22/00:00:00,20.47,20.5,19.61,19.99,1599222
2024-01-23/00:00:00,19.99,22.0,19.7,20.69,3698878
2024-01-24/00:00:00,20.69,21.0,20.0,20.49,1394012
2024-01-28/00:00:00,20.49,24.0,20.49,23.7,2714896
2024-01-29/00:00:00,23.7,24.89,23.7,24.8,1523668
2024-01-30/00:00:00,24.8,29.69,24.5,28.52,3796418
2024-01-31/00:00:00,28.52,29.01,23.81,24.0,2900030
2024-02-01/00:00:00,24.0,24.87,20.12,24.6,2961965
2024-02-04/00:00:00,24.6,26.0,21.85,22.25,5361251
2024-02-05/00:00:00,22.25,22.74,21.8,22.25,5018317
2024-02-06/00:00:00,22.25,23.0,20.79,20.79,5387376
2024-02-07/00:00:00,20.79,22.5,20.9,22.5,5675951
2024-02-08/00:00:00,22.5,23.49,22.5,22.66,5205368
2024-02-11/00:00:00,22.66,23.23,22.03,22.79,3784607
2024-02-12/00:00:00,22.79,25.05,22.1,24.42,7040642
2024-02-13/00:00:00,24.42,25.1,24.09,24.14,3213245
2024-02-14/00:00:00,24.14,24.6,23.62,24.1,802664
2024-02-15/00:00:00,24.1,24.4,23.8,24.0,527578
2024-02-18/00:00:00,24.0,25.8,24.0,25.21,2257799
2024-02-19/00:00:00,25.21,25.4,24.5,24.6,952758
2024-02-20/00:00:00,24.6,25.25,24.21,24.4,949864
2024-02-21/00:00:00,24.4,24.99,24.1,24.88,700243
2024-02-22/00:00:00,24.88,26.4,24.6,25.35,2265332
2024-02-25/00:00:00,25.35,23.5,20.28,20.94,4744152
2024-02-26/00:00:00,20.94,21.75,19.8,20.8,4174402
2024-02-27/00:00:00,20.8,21.31,19.4,19.62,6050047
2024-02-28/00:00:00,19.62,21.9,18.2,18.52,13069445
2024-02-29/00:00:00,18.52,19.79,18.31,18.96,3757444
2024-03-03/00:00:00,18.96,19.09,18.4,18.41,2529194
2024-03-04/00:00:00,18.41,19.85,18.46,19.72,3535685
2024-03-05/00:00:00,19.72,20.22,19.13,19.49,2363356
2024-03-06/00:00:00,19.49,21.75,19.9,20.49,8018042
2024-03-07/00:00:00,20.49,21.35,19.61,20.24,2399006
2024-03-10/00:00:00,20.24,23.0,20.35,21.52,7204543
2024-03-11/00:00:00,21.52,22.5,20.56,20.6,3299468
2024-03-12/00:00:00,20.6,20.89,18.85,19.7,3111109
2024-03-13/00:00:00,19.7,19.77,17.66,18.56,4103509
2024-03-14/00:00:00,18.56,19.1,18.05,18.51,1733099
2024-03-17/00:00:00,18.51,19.9,18.6,19.25,2729503
2024-03-18/00:00:00,19.25,19.7,18.06,18.35,2243006
2024-03-19/00:00:00,18.35,18.58,17.7,18.4,732451
2024-03-20/00:00:00,18.4,19.5,18.54,18.8,1131221
2024-03-21/00:00:00,18.8,19.24,18.41,19.06,911884
2024-03-24/00:00:00,19.06,19.89,19.06,19.6,853430
2024-03-25/00:00:00,19.6,20.79,19.5,20.54,2108643
2024-03-26/00:00:00,20.54,20.93,20.01,20.15,1049951
2024-03-27/00:00:00,20.15,20.29,19.22,19.35,663997
2024-03-28/00:00:00,19.35,19.49,18.8,19.03,578316
2024-03-31/00:00:00,19.03,19.19,17.83,18.0,638527
2024-04-01/00:00:00,18.0,18.76,18.21,18.5,758065
2024-04-02/00:00:00,18.5,19.5,18.72,18.99,1068071
2024-04-03/00:00:00,18.99,19.09,18.32,18.75,423743
2024-04-04/00:00:00,18.75,19.19,18.74,19.0,946759
2024-04-07/00:00:00,19.0,19.4,19.0,19.01,1325698
2024-04-08/00:00:00,19.01,19.94,18.99,19.8,800234
2024-04-15/00:00:00,19.8,20.9,19.88,20.87,2282399
2024-04-16/00:00:00,20.87,22.5,20.94,21.89,5501177
2024-04-17/00:00:00,21.89,22.6,21.8,22.08,2584240
2024-04-18/00:00:00,22.08,22.3,19.85,20.27,4239525
2024-04-21/00:00:00,20.27,21.14,20.46,20.7,1790782
2024-04-22/00:00:00,20.7,21.45,20.58,20.9,750806
2024-04-23/00:00:00,20.9,21.96,20.11,21.0,2827146
2024-04-24/00:00:00,21.0,21.2,19.04,20.0,4085616
2024-04-28/00:00:00,20.0,19.01,17.79,17.8,1674618
2024-04-29/00:00:00,17.8,18.37,17.6,18.24,993216
2024-04-30/00:00:00,18.24,18.59,16.81,17.49,2124382
2024-05-01/00:00:00,17.49,17.97,16.62,17.73,524007
2024-05-02/00:00:00,17.73,18.34,17.28,18.28,738194
2024-05-07/00:00:00,18.28,19.65,17.81,19.07,3821115
2024-05-08/00:00:00,19.07,19.44,18.8,19.04,735580
2024-05-09/00:00:00,19.04,19.35,18.9,19.35,358223
2024-05-12/00:00:00,19.35,19.7,19.19,19.23,878210
2024-05-13/00:00:00,19.23,19.34,17.6,18.7,711385
2024-05-14/00:00:00,18.7,19.0,18.3,18.71,526198
2024-05-15/00:00:00,18.71,19.2,18.52,18.82,497747
2024-05-16/00:00:00,18.82,19.3,18.81,19.1,299038
2024-05-19/00:00:00,19.1,20.5,19.29,19.9,2078243
2024-05-20/00:00:00,19.9,20.4,19.66,19.8,1189081
2024-05-21/00:00:00,19.8,20.18,19.71,19.73,1581633
2024-05-22/00:00:00,19.73,20.0,19.62,19.91,610439
2024-05-23/00:00:00,19.91,20.15,19.54,19.67,429635
2024-05-26/00:00:00,19.67,19.93,19.67,19.79,634954
2024-05-27/00:00:00,19.79,20.5,19.6,20.1,1757216
2024-05-28/00:00:00,20.1,20.0,19.6,19.87,401862
2024-05-29/00:00:00,19.87,20.04,19.7,19.77,750832
2024-05-30/00:00:00,19.77,19.91,19.6,19.65,188652
2024-06-02/00:00:00,19.65,20.08,19.3,20.0,1161408
2024-06-03/00:00:00,20.0,21.33,20.0,21.0,3157207
2024-06-04/00:00:00,21.0,21.75,20.92,21.6,1341868
2024-06-05/00:00:00,21.6,21.6,20.5,21.07,895908
2024-06-06/00:00:00,21.07,21.07,20.5,20.52,391253
2024-06-09/00:00:00,20.52,20.6,19.71,19.85,562892
2024-06-10/00:00:00,19.85,20.7,19.1,20.54,321132
2024-06-11/00:00:00,20.54,21.09,20.5,21.0,345088
2024-06-12/00:00:00,21.0,21.75,20.79,21.52,1119888
2024-06-13/00:00:00,21.52,22.33,21.55,22.18,1253574
2024-06-23/00:00:00,22.18,24.2,22.24,23.5,1256755
2024-06-24/00:00:00,23.5,23.98,23.0,23.02,912692
2024-06-25/00:00:00,23.02,24.14,22.65,23.66,980766
2024-06-26/00:00:00,23.66,24.7,23.5,24.0,1263429
2024-06-27/00:00:00,24.0,24.14,23.21,23.44,384478
2024-07-01/00:00:00,23.44,23.79,23.0,23.4,166667
2024-07-02/00:00:00,23.4,23.77,23.3,23.6,532223
2024-07-03/00:00:00,23.6,24.3,23.3,23.96,592227
2024-07-04/00:00:00,23.96,24.3,23.5,23.52,489183
2024-07-07/00:00:00,23.52,23.88,23.11,23.74,112734
2024-07-08/00:00:00,23.74,24.2,22.85,22.85,409666
2024-07-09/00:00:00,22.85,23.25,22.66,22.68,175787
2024-07-10/00:00:00,22.68,23.5,22.91,23.22,343766
2024-07-14/00:00:00,23.22,23.23,22.88,22.92,104788
2024-07-15/00:00:00,22.92,23.2,22.86,22.97,86777
2024-07-16/00:00:00,22.97,23.08,22.8,23.03,243257
2024-07-17/00:00:00,23.03,23.31,23.0,23.04,323299
2024-07-18/00:00:00,23.04,23.6,23.05,23.5,893565
2024-07-21/00:00:00,23.5,24.3,23.8,23.96,967953
2024-07-22/00:00:00,23.96,24.4,23.97,24.27,544498
2024-07-23/00:00:00,24.27,25.05,22.56,25.01,1479500
2024-07-24/00:00:00,25.01,25.43,24.45,24.51,476715
2024-07-28/00:00:00,24.51,24.4,23.7,23.89,231021
2024-07-29/00:00:00,23.89,24.3,23.6,23.6,295526
2024-07-30/00:00:00,23.6,24.35,23.75,24.0,121211
2024-07-31/00:00:00,24.0,24.96,23.6,24.52,520269
2024-08-01/00:00:00,24.52,24.9,24.2,24.21,283308
2024-08-04/00:00:00,24.21,24.1,22.21,22.71,934221
2024-08-05/00:00:00,22.71,23.4,20.15,23.01,1177801
2024-08-06/00:00:00,23.01,23.97,22.85,23.69,456305
2024-08-07/00:00:00,23.69,23.99,23.22,23.5,232308
2024-08-08/00:00:00,23.5,23.63,23.01,23.23,148765
2024-08-11/00:00:00,23.23,23.9,23.03,23.54,185497
2024-08-12/00:00:00,23.54,23.96,23.15,23.42,317467
2024-08-13/00:00:00,23.42,23.68,23.02,23.26,134892
2024-08-14/00:00:00,23.26,24.5,23.23,24.17,849599
2024-08-15/00:00:00,24.17,25.0,24.4,24.99,782533
2024-08-18/00:00:00,24.99,25.2,24.27,24.43,307945
2024-08-19/00:00:00,24.43,24.9,23.76,24.05,386753
2024-08-20/00:00:00,24.05,25.25,24.1,25.14,899066
2024-08-21/00:00:00,25.14,25.4,24.92,25.0,412579
2024-08-22/00:00:00,25.0,25.0,23.33,23.95,1702470
2024-08-25/00:00:00,23.95,24.18,23.7,23.82,199554
2024-08-26/00:00:00,23.82,24.0,23.12,23.66,404918
2024-08-27/00:00:00,23.66,23.8,23.2,23.71,92027
2024-08-27/00:00:00,23.66,23.8,23.2,23.71,92027
2024-08-28/00:00:00,23.71,24.4,23.62,23.92,332682
2024-08-29/00:00:00,23.92,24.3,23.75,23.78,370618
2024-09-01/00:00:00,23.78,24.1,23.5,23.81,345590
2024-09-02/00:00:00,23.81,24.2,23.7,23.73,219104
2024-09-03/00:00:00,23.73,24.0,23.73,23.79,254825
2024-09-04/00:00:00,23.79,24.16,23.63,24.0,426490
2024-09-05/00:00:00,24.0,24.25,23.8,23.82,515416
2024-09-08/00:00:00,23.82,24.0,23.3,23.36,295736
2024-09-09/00:00:00,23.36,23.97,23.3,23.88,247501
2024-09-10/00:00:00,23.88,25.11,23.62,24.3,1777208
2024-09-11/00:00:00,24.3,25.25,23.9,25.25,1577262
2024-09-12/00:00:00,25.25,26.3,25.25,25.5,3173287
2024-09-16/00:00:00,25.5,26.07,25.05,25.6,384383
2024-09-17/00:00:00,25.6,26.0,24.9,24.9,299422
2024-09-18/00:00:00,24.9,25.23,24.36,25.2,370453
2024-09-19/00:00:00,25.2,25.6,25.13,25.3,128076
2024-09-22/00:00:00,25.3,25.78,24.86,24.89,347538
2024-09-23/00:00:00,24.89,25.2,24.62,24.67,272568
2024-09-24/00:00:00,24.67,24.96,24.44,24.46,300836
2024-09-25/00:00:00,24.46,25.2,24.5,24.54,358767
2024-09-26/00:00:00,24.54,24.9,24.14,24.2,2196353
2024-09-29/00:00:00,24.2,24.45,24.12,24.2,238800
2024-09-30/00:00:00,24.2,24.5,23.96,24.0,526017
2024-10-01/00:00:00,24.0,24.29,23.91,23.96,328872
2024-10-02/00:00:00,23.96,24.1,22.9,23.08,1696966
2024-10-03/00:00:00,23.08,23.39,23.09,23.3,227760
2024-10-07/00:00:00,23.3,23.76,23.06,23.32,641294
2024-10-08/00:00:00,23.32,23.5,22.61,22.89,585068
2024-10-09/00:00:00,22.89,23.15,22.67,22.7,495752
2024-10-10/00:00:00,22.7,25.56,22.8,23.81,2616496
2024-10-13/00:00:00,23.81,24.7,24.0,24.14,1292430
2024-10-14/00:00:00,24.14,25.15,23.71,25.05,1229445
2024-10-15/00:00:00,25.05,25.44,24.6,24.67,1389559
2024-10-16/00:00:00,24.67,27.94,24.99,27.4,6756617
2024-10-17/00:00:00,27.4,28.28,26.16,28.0,2145506
2024-10-20/00:00:00,28.0,30.24,27.52,29.27,5074208
2024-10-21/00:00:00,29.27,35.12,28.52,34.75,6550419
2024-10-22/00:00:00,34.75,34.5,31.71,32.24,3778179
2024-10-23/00:00:00,32.24,32.89,29.8,30.76,9620437
2024-10-24/00:00:00,30.76,31.25,29.6,29.75,3956252
2024-10-27/00:00:00,29.75,30.87,29.5,30.25,4174701
2024-10-28/00:00:00,30.25,31.25,30.28,30.55,9182245
2024-10-29/00:00:00,30.55,30.93,29.61,29.7,3168733
2024-10-30/00:00:00,29.7,30.08,29.5,29.51,1187320
2024-10-31/00:00:00,29.51,29.81,29.06,29.4,1226185
2024-11-03/00:00:00,29.4,29.96,29.3,29.3,943123
2024-11-04/00:00:00,29.3,29.78,29.05,29.32,1864369
2024-11-05/00:00:00,29.32,29.53,28.66,28.75,1240783
2024-11-06/00:00:00,28.75,29.94,28.79,29.89,2303580
2024-11-07/00:00:00,29.89,30.3,28.91,29.2,2453478
2024-11-10/00:00:00,29.2,29.69,29.06,29.2,1120566
2024-11-11/00:00:00,29.2,29.57,28.75,29.09,1239889
2024-11-12/00:00:00,29.09,29.26,28.42,28.6,2433850
2024-11-13/00:00:00,28.6,28.7,27.87,27.87,1756613
2024-11-14/00:00:00,27.87,28.18,27.71,27.83,870291
2024-11-17/00:00:00,27.83,27.89,27.37,27.5,1794171
2024-11-18/00:00:00,27.5,27.55,26.5,26.5,4039685
2024-11-19/00:00:00,26.5,26.8,26.31,26.35,1253633
2024-11-20/00:00:00,26.35,26.65,26.23,26.23,1065802
2024-11-21/00:00:00,26.23,27.0,26.31,26.52,3117404
2024-11-24/00:00:00,26.52,26.79,26.17,26.18,705003
2024-11-25/00:00:00,26.18,26.3,25.63,25.8,1715525
2024-11-26/00:00:00,25.8,26.07,25.3,25.4,1272431
2024-11-27/00:00:00,25.4,26.25,25.42,26.15,3394898
2024-11-28/00:00:00,26.15,26.85,26.13,26.22,2409528
2024-12-01/00:00:00,26.22,26.55,25.92,26.1,1130834
2024-12-02/00:00:00,26.1,26.26,25.5,25.61,2304542
2024-12-03/00:00:00,25.61,25.9,25.36,25.43,2043057
2024-12-04/00:00:00,25.43,26.44,25.4,26.4,4242491
2024-12-05/00:00:00,26.4,26.67,26.43,26.5,2618718
2024-12-08/00:00:00,26.5,26.8,26.35,26.4,1780935
2024-12-09/00:00:00,26.4,26.55,26.1,26.18,1466085
2024-12-10/00:00:00,26.18,26.36,25.67,25.75,1203025
2024-12-11/00:00:00,25.75,26.4,25.6,26.29,1068747
2024-12-12/00:00:00,26.29,26.45,26.0,26.0,1001314
2024-12-15/00:00:00,26.0,26.25,25.8,25.86,489146
2024-12-16/00:00:00,25.86,26.0,25.44,25.46,800480
2024-12-17/00:00:00,25.46,26.48,25.4,26.48,2894698
2024-12-18/00:00:00,26.48,27.5,26.42,26.79,7016152
2024-12-19/00:00:00,26.79,26.89,26.36,26.5,1516176
2024-12-22/00:00:00,26.5,26.95,26.05,26.2,1168451
2024-12-23/00:00:00,26.2,26.48,25.46,25.6,1042804
2024-12-24/00:00:00,25.6,25.88,25.05,25.8,1190460
2024-12-25/00:00:00,25.8,25.97,25.45,25.45,595986
2024-12-26/00:00:00,25.45,25.69,25.41,25.47,499333
2024-12-29/00:00:00,25.47,25.64,25.05,25.06,653526
2024-12-30/00:00:00,25.06,25.25,23.65,24.03,1152896
2024-12-31/00:00:00,24.03,25.07,24.04,25.0,1265661
2025-01-02/00:00:00,25.0,26.08,25.05,25.84,854952
2025-01-05/00:00:00,25.84,26.38,25.71,26.37,880323
2025-01-06/00:00:00,26.37,26.37,25.56,25.75,694056
2025-01-08/00:00:00,25.75,25.77,24.99,25.25,870426
2025-01-09/00:00:00,25.25,25.46,24.59,24.69,1472558
2025-01-12/00:00:00,24.69,24.5,23.75,24.25,1639811
2025-01-13/00:00:00,24.25,24.67,23.11,23.3,2335423
2025-01-14/00:00:00,23.3,23.59,22.7,23.3,1679024
2025-01-15/00:00:00,23.3,24.5,23.45,24.49,3210544
2025-01-16/00:00:00,24.49,25.0,24.0,24.7,2312350
2025-01-19/00:00:00,24.7,24.9,24.35,24.56,1315061
2025-01-20/00:00:00,24.56,24.76,24.2,24.33,2365053
2025-01-21/00:00:00,24.33,26.94,24.3,26.4,15392435
2025-01-22/00:00:00,26.4,27.5,25.92,27.27,7579252
2025-01-23/00:00:00,27.27,27.38,26.3,26.41,2905815
2025-01-26/00:00:00,26.41,26.99,26.41,26.42,2018058
2025-01-27/00:00:00,26.42,27.27,25.77,25.84,3069410
2025-01-28/00:00:00,25.84,26.37,25.72,25.9,1960372
2025-01-29/00:00:00,25.9,26.9,25.91,26.02,3173054
2025-01-30/00:00:00,26.02,26.4,25.0,25.24,3894888
2025-02-02/00:00:00,25.24,25.55,25.0,25.1,1604643
2025-02-03/00:00:00,25.1,25.3,24.7,25.0,1637510
2025-02-04/00:00:00,25.0,25.77,25.0,25.4,2471233
2025-02-05/00:00:00,25.4,25.61,25.2,25.25,1277632
2025-02-06/00:00:00,25.25,25.5,25.21,25.29,578932
2025-02-09/00:00:00,25.29,25.72,25.11,25.36,680835
2025-02-10/00:00:00,25.36,25.62,25.01,25.06,532639
2025-02-11/00:00:00,25.06,25.37,24.53,24.53,860186
2025-02-12/00:00:00,24.53,24.53,23.5,24.24,979750
2025-02-13/00:00:00,24.24,24.5,23.86,23.94,1144407
2025-02-16/00:00:00,23.94,24.66,24.01,24.6,1338930
2025-02-17/00:00:00,24.6,25.1,24.69,24.72,899168
2025-02-18/00:00:00,24.72,24.92,24.44,24.47,780693
2025-02-19/00:00:00,24.47,25.19,24.44,24.76,3309147
2025-02-20/00:00:00,24.76,25.33,24.81,25.18,3950020
2025-02-23/00:00:00,25.18,25.48,24.81,24.87,2768419
2025-02-24/00:00:00,24.87,25.13,24.44,24.52,2675570
2025-02-25/00:00:00,24.52,24.94,24.45,24.62,2583131
2025-02-26/00:00:00,24.62,25.0,24.55,24.61,1555586
2025-02-27/00:00:00,24.61,25.0,24.04,24.46,3855551
2025-03-02/00:00:00,24.46,24.76,23.98,24.11,3888684
2025-03-03/00:00:00,24.11,24.42,24.01,24.11,1205819
2025-03-04/00:00:00,24.11,24.45,24.09,24.2,5434516
2025-03-05/00:00:00,24.2,24.5,24.19,24.36,6616978
2025-03-06/00:00:00,24.36,24.74,24.39,24.56,5637382
2025-03-09/00:00:00,24.56,24.85,24.46,24.5,1150185
2025-03-10/00:00:00,24.5,24.69,24.27,24.4,779247
2025-03-11/00:00:00,24.4,24.39,24.05,24.27,782293
2025-03-12/00:00:00,24.27,24.45,24.14,24.27,1400838
2025-03-13/00:00:00,24.27,24.47,24.2,24.23,1261877
2025-03-16/00:00:00,24.23,24.5,24.27,24.35,1021014
2025-03-17/00:00:00,24.35,24.44,23.83,23.83,2034903
2025-03-18/00:00:00,23.83,24.0,23.63,23.75,1913296
2025-03-19/00:00:00,23.75,23.93,23.05,23.05,2182279
2025-03-20/00:00:00,23.05,23.65,23.05,23.16,2835766
2025-03-23/00:00:00,23.16,23.41,22.82,22.87,1980759
2025-03-24/00:00:00,22.87,23.07,22.63,22.7,2124008
2025-03-25/00:00:00,22.7,23.43,22.73,22.95,2885534
2025-03-26/00:00:00,22.95,23.2,22.95,23.2,1124377
2025-03-27/00:00:00,23.2,23.3,22.89,23.3,1826510
2025-04-03/00:00:00,23.3,23.18,22.9,23.11,710685
2025-04-06/00:00:00,23.11,22.67,20.8,22.0,2620555
2025-04-07/00:00:00,22.0,21.97,21.37,21.8,1949361
2025-04-08/00:00:00,21.8,22.94,22.0,22.85,2382692
2025-04-09/00:00:00,22.85,22.9,22.03,22.03,1037815
2025-04-10/00:00:00,22.03,22.94,22.52,22.72,1142062
2025-04-13/00:00:00,22.72,23.3,22.8,23.27,1317339
2025-04-14/00:00:00,23.27,23.76,23.31,23.72,1717583
2025-04-15/00:00:00,23.72,23.88,23.32,23.41,1332193
2025-04-16/00:00:00,23.41,23.5,23.06,23.1,1185757
2025-04-17/00:00:00,23.1,23.3,22.95,22.97,594420
2025-04-22/00:00:00,22.97,23.25,22.93,23.0,1146972
2025-04-23/00:00:00,23.0,23.5,23.11,23.47,3287357
2025-04-27/00:00:00,23.47,23.5,23.08,23.22,2345222
2025-04-28/00:00:00,23.22,22.3,22.02,22.18,1879785
2025-04-29/00:00:00,22.18,22.22,21.9,21.94,1494821
2025-04-30/00:00:00,21.94,22.07,21.8,21.85,1644719
2025-05-04/00:00:00,21.85,22.3,21.85,22.24,1190739
2025-05-05/00:00:00,22.24,23.06,22.3,23.01,4063587
2025-05-06/00:00:00,23.01,23.1,22.85,22.93,606621
2025-05-07/00:00:00,22.93,22.92,22.5,22.54,930539
2025-05-08/00:00:00,22.54,22.79,22.34,22.37,868022
2025-05-11/00:00:00,22.37,22.6,22.19,22.21,324443
2025-05-12/00:00:00,22.21,22.39,22.18,22.19,245409
2025-05-13/00:00:00,22.19,22.38,22.16,22.17,293257
2025-05-14/00:00:00,22.17,22.3,21.93,22.1,492186
2025-05-15/00:00:00,22.1,22.21,21.87,22.0,627828
2025-05-19/00:00:00,21.87,21.95,21.65,21.68,433425
2025-05-20/00:00:00,21.68,21.74,21.28,21.56,1304730
2025-05-21/00:00:00,21.56,21.64,21.32,21.35,574526
2025-05-22/00:00:00,21.35,21.5,21.16,21.44,533284
2025-05-25/00:00:00,21.44,22.17,21.44,22.17,1479187
2025-05-26/00:00:00,22.17,22.33,22.0,22.27,1046554
2025-05-27/00:00:00,22.27,22.5,22.03,22.5,963882
2025-05-28/00:00:00,22.5,22.65,22.2,22.2,952670
2025-06-01/00:00:00,22.01,22.2,21.8,22.12,805678
2025-06-02/00:00:00,22.12,22.24,21.91,21.98,640375
2025-06-03/00:00:00,21.98,22.22,21.94,22.21,569108
2025-06-04/00:00:00,22.21,22.54,22.26,22.37,727703
2025-06-10/00:00:00,22.37,23.21,22.49,23.1,2751786
2025-06-11/00:00:00,23.1,23.49,22.9,23.21,2542286
2025-06-12/00:00:00,23.21,23.0,22.37,22.6,1506466
2025-06-15/00:00:00,22.6,21.9,20.3,21.41,1235428
2025-06-16/00:00:00,21.41,21.94,21.0,21.32,781709
2025-06-17/00:00:00,21.32,21.47,20.86,21.16,908816
2025-06-18/00:00:00,21.16,22.0,19.66,22.0,1616688
2025-06-19/00:00:00,22.0,21.9,21.0,21.0,592821
2025-06-22/00:00:00,21.0,22.2,20.3,22.2,808747
2025-06-23/00:00:00,22.2,23.0,21.7,23.0,2104028
2025-06-24/00:00:00,23.0,23.78,22.8,23.69,3602032
2025-06-25/00:00:00,23.69,24.25,23.37,24.25,2558121
2025-06-29/00:00:00,24.25,24.35,24.04,24.04,1412719
2025-06-30/00:00:00,24.04,24.36,23.85,23.91,1672348
2025-07-01/00:00:00,23.91,24.05,23.45,23.59,1131237
2025-07-02/00:00:00,23.59,23.7,23.17,23.65,1470201
2025-07-06/00:00:00,23.65,23.9,23.49,23.5,1016467
2025-07-07/00:00:00,23.5,23.65,23.02,23.13,978399
2025-07-09/00:00:00,23.13,23.35,22.88,23.0,796575
2025-07-10/00:00:00,23.0,23.23,22.94,23.11,882871
2025-07-13/00:00:00,23.11,23.7,23.04,23.51,1982036
2025-07-14/00:00:00,23.51,24.3,23.68,23.8,5154810
2025-07-15/00:00:00,23.8,23.97,23.61,23.61,1154396
2025-07-16/00:00:00,23.61,23.75,23.25,23.3,999843
2025-07-17/00:00:00,23.3,23.57,23.2,23.2,811448
2025-07-20/00:00:00,23.2,23.98,23.3,23.55,943896
2025-07-21/00:00:00,23.55,23.76,23.22,23.28,938415
2025-07-22/00:00:00,23.28,23.45,23.06,23.08,528059
2025-07-23/00:00:00,23.08,23.32,23.04,23.25,576207
2025-07-27/00:00:00,23.25,23.37,23.11,23.23,642500
2025-07-28/00:00:00,23.23,23.3,22.7,22.7,1169988
2025-07-29/00:00:00,22.7,22.88,22.3,22.49,644860
2025-07-30/00:00:00,22.49,22.81,22.32,22.33,797990
2025-07-31/00:00:00,22.33,22.6,22.01,22.45,981016
2025-08-03/00:00:00,22.45,22.5,22.21,22.26,532252
2025-08-04/00:00:00,22.26,22.54,22.29,22.38,1290140
2025-08-05/00:00:00,22.38,22.78,22.33,22.54,883256
2025-08-06/00:00:00,22.54,22.65,22.32,22.39,1012771
2025-08-07/00:00:00,22.39,22.6,22.37,22.5,656630
2025-08-10/00:00:00,22.5,22.9,22.46,22.89,1447026
2025-08-11/00:00:00,22.89,23.19,22.7,22.75,1117482
2025-08-12/00:00:00,22.75,22.84,22.53,22.6,334373
2025-08-13/00:00:00,22.6,23.06,22.55,22.73,1775749
2025-08-13/00:00:00,22.6,23.06,22.55,22.73,1775749
2025-08-14/00:00:00,22.73,23.13,22.5,22.65,667763
2025-08-17/00:00:00,22.65,22.74,22.49,22.7,489839
2025-08-18/00:00:00,22.7,22.82,22.6,22.7,477782
2025-08-19/00:00:00,22.7,23.17,22.6,23.1,1703538
2025-08-20/00:00:00,23.1,23.44,23.04,23.1,1383535
2025-08-21/00:00:00,23.1,23.12,22.75,22.95,524524
2025-08-24/00:00:00,22.95,23.15,22.75,23.1,622314
2025-08-25/00:00:00,23.1,23.2,22.91,23.0,365330
2025-08-26/00:00:00,23.0,23.1,22.71,22.74,350344
2025-08-27/00:00:00,22.74,22.87,22.47,22.6,534943
2025-08-28/00:00:00,22.6,22.86,22.55,22.7,536160
2025-08-31/00:00:00,22.7,23.0,22.25,22.27,910418
2025-09-01/00:00:00,22.27,22.43,22.1,22.29,488657
2025-09-02/00:00:00,22.29,22.39,22.22,22.24,415647
2025-09-03/00:00:00,22.24,22.34,21.92,22.16,460223
2025-09-07/00:00:00,22.16,22.38,21.77,21.77,1238874
2025-09-08/00:00:00,21.77,21.97,21.77,21.8,389880
2025-09-09/00:00:00,21.8,21.97,21.7,21.71,234379
2025-09-10/00:00:00,21.71,21.78,21.48,21.5,452828
2025-09-11/00:00:00,21.5,21.76,21.5,21.73,453302
2025-09-14/00:00:00,21.73,21.86,21.55,21.6,212400
2025-09-15/00:00:00,21.6,21.8,20.82,21.31,807631
2025-09-16/00:00:00,21.31,21.57,21.05,21.07,460875
2025-09-17/00:00:00,21.07,21.27,21.03,21.05,207454
2025-09-18/00:00:00,21.05,21.25,20.9,21.05,865207
2025-09-21/00:00:00,21.05,21.25,20.8,21.1,569921
2025-09-22/00:00:00,21.1,21.44,20.98,21.32,262482
2025-09-23/00:00:00,21.32,21.45,21.02,21.05,266041
2025-09-24/00:00:00,21.05,21.4,21.01,21.4,582753
2025-09-25/00:00:00,21.4,21.55,21.3,21.33,400935
2025-09-28/00:00:00,21.33,21.55,21.3,21.31,305757
2025-09-29/00:00:00,21.31,21.5,21.09,21.5,1191469
2025-09-30/00:00:00,21.5,22.2,21.5,22.05,1704897
2025-10-01/00:00:00,22.05,22.4,21.81,21.85,1499859
2025-10-02/00:00:00,21.85,21.99,21.51,21.58,1077361
2025-10-05/00:00:00,21.58,22.11,21.55,21.94,850880
2025-10-06/00:00:00,21.94,22.09,21.76,21.92,523522
2025-10-07/00:00:00,21.92,22.35,21.9,22.3,1033579
2025-10-08/00:00:00,22.3,22.6,22.3,22.35,1435051
2025-10-12/00:00:00,22.35,22.29,21.93,22.02,718254
2025-10-13/00:00:00,22.02,23.13,22.04,22.89,3225725
2025-10-14/00:00:00,22.89,23.47,22.92,23.17,2503338
2025-10-15/00:00:00,23.17,23.7,23.1,23.63,2251768
2025-10-20/00:00:00,23.45,23.54,23.3,23.3,991977
2025-10-21/00:00:00,23.3,23.45,23.15,23.19,489384
2025-10-22/00:00:00,23.19,24.05,23.19,24.0,3751129
2025-10-26/00:00:00,23.81,24.5,23.9,24.03,2550785
2025-10-27/00:00:00,24.03,24.27,23.88,23.96,1783341
2025-10-28/00:00:00,23.96,24.1,23.54,23.65,1191590
2025-10-29/00:00:00,23.65,24.28,23.41,24.0,2351056
2025-10-30/00:00:00,24.0,24.17,23.8,23.9,1781994
2025-11-02/00:00:00,23.9,23.97,23.3,23.45,1039848
2025-11-03/00:00:00,23.45,23.9,23.32,23.62,1050420
2025-11-04/00:00:00,23.62,24.35,23.69,24.2,3081319
2025-11-05/00:00:00,24.2,24.75,23.95,24.12,4602835
2025-11-06/00:00:00,24.12,24.3,23.82,24.25,1763285
2025-11-09/00:00:00,24.25,24.54,24.1,24.5,2189791
2025-11-10/00:00:00,24.5,24.95,24.4,24.92,3784394
2025-11-11/00:00:00,24.92,25.11,24.66,24.74,2141351
2025-11-12/00:00:00,24.74,24.9,24.46,24.53,1408008
2025-11-13/00:00:00,24.53,24.74,24.2,24.26,1734120
2025-11-16/00:00:00,24.26,24.4,23.69,23.69,1969579
2025-11-17/00:00:00,23.69,23.94,23.35,23.73,1972233
2025-11-18/00:00:00,23.73,24.0,23.16,23.6,1755246
2025-11-19/00:00:00,23.6,23.69,23.01,23.14,2172062
2025-11-20/00:00:00,23.14,23.34,22.72,22.8,1356177
2025-11-23/00:00:00,22.8,22.88,22.3,22.3,3358388
2025-11-24/00:00:00,22.3,22.46,22.22,22.34,1202532
2025-11-26/00:00:00,22.08,22.3,22.01,22.03,349858
2025-11-27/00:00:00,22.03,22.17,21.91,22.0,475446
2025-11-30/00:00:00,22.0,22.79,22.06,22.79,1611913
2025-12-01/00:00:00,22.79,23.11,22.6,22.79,1492505
2025-12-03/00:00:00,22.92,23.3,22.81,23.3,1063739
2025-12-07/00:00:00,22.82,22.98,22.28,22.79,1447148
2025-12-09/00:00:00,23.3,23.64,23.16,23.64,2037115
2025-12-10/00:00:00,23.64,23.75,23.28,23.5,906241
2025-12-11/00:00:00,23.5,23.65,23.0,23.45,1452750
2025-12-14/00:00:00,23.45,23.45,22.9,23.27,980252
2025-12-15/00:00:00,23.27,23.27,22.91,22.91,996339
2025-12-16/00:00:00,22.91,23.28,22.81,23.28,1058086
2025-12-17/00:00:00,23.28,23.1,22.93,22.98,339442
2025-12-18/00:00:00,22.98,23.08,22.86,22.9,303448
2025-12-21/00:00:00,22.9,22.99,22.71,22.75,321995
2025-12-22/00:00:00,22.75,22.92,22.56,22.6,944005
2025-12-23/00:00:00,22.6,23.14,22.43,23.1,933632
2025-12-24/00:00:00,23.1,23.3,23.0,23.25,757584
2025-12-25/00:00:00,23.25,23.4,22.93,23.4,807212
2025-12-28/00:00:00,23.4,23.9,23.41,23.7,1945592
2025-12-29/00:00:00,23.7,23.79,23.42,23.42,409864
2025-12-30/00:00:00,23.42,23.65,23.22,23.65,459187
2025-12-31/00:00:00,23.65,23.7,23.25,23.25,693214
2026-01-04/00:00:00,23.25,23.44,22.75,22.9,942597
2026-01-04/00:00:00,23.25,23.44,22.75,22.9,942597
2026-01-06/00:00:00,22.61,22.79,22.57,22.7,725493
2026-01-08/00:00:00,22.7,22.97,22.57,22.97,602754
2026-01-11/00:00:00,22.97,23.11,22.75,23.0,762820
2026-01-12/00:00:00,23.0,23.1,22.82,22.9,685143
2026-01-13/00:00:00,22.9,22.99,22.5,22.5,413599
2026-01-14/00:00:00,22.5,22.64,21.7,22.07,943865
2026-01-15/00:00:00,22.07,22.1,21.46,21.52,915991
2026-01-18/00:00:00,21.52,22.35,21.48,21.97,802478
2026-01-19/00:00:00,21.97,22.15,21.81,21.93,548287
2026-01-20/00:00:00,21.93,22.44,21.95,22.35,887216
2026-01-21/00:00:00,22.35,22.39,22.04,22.04,671662
2026-01-22/00:00:00,22.04,22.58,22.05,22.34,2062230
2026-01-25/00:00:00,22.34,22.8,22.27,22.37,1186771
2026-01-26/00:00:00,22.37,22.5,22.08,22.2,733448
2026-01-27/00:00:00,22.2,22.4,22.06,22.18,808753
2026-01-28/00:00:00,22.18,22.29,21.8,22.0,730642
2026-02-01/00:00:00,22.0,22.18,21.9,22.17,404897
2026-02-02/00:00:00,22.17,22.33,22.15,22.2,831081
2026-02-03/00:00:00,22.2,22.55,22.25,22.37,678847
2026-02-04/00:00:00,22.37,23.44,22.52,23.1,3202254
2026-02-05/00:00:00,23.1,23.36,22.86,23.25,1894387
2026-02-08/00:00:00,23.25,23.65,23.3,23.34,2120528
2026-02-09/00:00:00,23.34,23.54,23.21,23.42,1580275
2026-02-10/00:00:00,23.42,23.67,23.22,23.24,837467
2026-02-11/00:00:00,23.24,23.57,23.15,23.29,1075905
2026-02-12/00:00:00,23.29,23.35,23.15,23.2,215645
2026-02-15/00:00:00,23.25,23.79,23.23,23.6,1425754
2026-02-16/00:00:00,23.6,24.39,23.65,24.15,7665972
2026-02-17/00:00:00,24.15,24.27,23.85,23.9,3383514
2026-02-18/00:00:00,23.9,24.08,23.65,23.7,1627585
2026-02-19/00:00:00,23.7,23.88,22.8,22.98,1575968
2026-02-22/00:00:00,22.98,23.01,22.3,22.5,882645
2026-02-23/00:00:00,22.5,22.98,22.4,22.88,671106
2026-02-24/00:00:00,22.88,22.97,22.51,22.51,671126
2026-02-25/00:00:00,22.51,22.95,21.93,22.8,1481577
2026-02-26/00:00:00,22.8,22.87,22.3,22.75,666499
2026-03-01/00:00:00,22.75,22.13,21.01,21.89,1029642
2026-03-02/00:00:00,21.89,22.17,21.81,22.0,529036
2026-03-03/00:00:00,22.0,22.18,21.5,21.9,749585
2026-03-04/00:00:00,21.9,22.32,21.8,22.01,1386945
2026-03-05/00:00:00,22.01,22.64,22.07,22.33,968249
2026-03-08/00:00:00,22.33,23.0,22.25,23.0,1253071
2026-03-09/00:00:00,23.0,23.49,22.95,23.0,2489204
2026-03-10/00:00:00,23.0,23.3,23.0,23.06,695417
2026-03-11/00:00:00,23.06,23.17,22.75,22.87,756423
2026-03-12/00:00:00,22.87,22.97,22.65,22.88,577216
2026-03-15/00:00:00,22.88,22.9,22.46,22.5,1733137
2026-03-16/00:00:00,22.5,22.63,22.01,22.1,696859
2026-03-17/00:00:00,22.1,22.45,22.15,22.25,360171
2026-03-18/00:00:00,22.25,22.54,22.3,22.41,862101
2026-03-24/00:00:00,22.41,22.94,22.42,22.57,468843
2026-03-25/00:00:00,22.57,22.75,22.57,22.7,351749
2026-03-26/00:00:00,22.7,22.76,22.27,22.4,1084553
2026-03-29/00:00:00,22.4,22.48,21.92,22.0,1597313
2026-03-30/00:00:00,22.0,22.2,21.88,21.96,992679
2026-03-31/00:00:00,21.96,22.5,21.7,21.95,953746
2026-04-01/00:00:00,21.95,22.53,22.06,22.28,949725
2026-04-02/00:00:00,22.28,22.34,22.03,22.17,321608
2026-04-05/00:00:00,22.17,22.5,22.27,22.4,497319
2026-04-06/00:00:00,22.4,22.71,22.5,22.59,456417
2026-04-07/00:00:00,22.59,22.63,22.02,22.3,486938
2026-04-08/00:00:00,22.3,22.85,22.53,22.63,865807
2026-04-09/00:00:00,22.63,22.93,22.55,22.69,982093
