2008-03-16/00:00:00,7.37,7.37,7.37,7.37,33653589
2008-03-18/00:00:00,7.58,7.58,7.58,7.58,50607005
2008-05-08/00:00:00,9.95,11.32,9.75,9.82,34745300
2008-05-11/00:00:00,9.86,9.91,9.45,9.55,4227742
2008-05-12/00:00:00,9.14,9.44,8.44,8.86,8967519
2008-05-13/00:00:00,8.78,8.86,8.36,8.55,2623347
2008-05-14/00:00:00,8.73,8.73,8.18,8.38,2136877
2008-05-15/00:00:00,8.36,8.6,7.38,8.19,2591192
2008-05-18/00:00:00,8.14,8.37,8.14,8.17,1343625
2008-05-19/00:00:00,8.14,8.33,8.14,8.17,1114423
2008-05-20/00:00:00,8.35,8.43,8.21,8.34,581517
2008-05-21/00:00:00,8.46,8.46,8.17,8.2,786258
2008-05-22/00:00:00,8.21,8.99,8.14,8.52,3471187
2008-05-25/00:00:00,8.82,8.9,8.52,8.71,1589171
2008-05-26/00:00:00,8.8,9.0,8.62,8.82,1115119
2008-05-27/00:00:00,8.81,9.0,8.81,8.9,3474130
2008-05-28/00:00:00,9.0,9.18,9.0,9.05,1796263
2008-05-29/00:00:00,9.0,9.0,8.82,8.95,261415
2008-06-01/00:00:00,9.0,9.09,8.85,8.97,505563
2008-06-02/00:00:00,8.86,8.96,8.59,8.69,1382037
2008-06-03/00:00:00,8.86,8.9,8.59,8.66,833649
2008-06-04/00:00:00,8.7,8.77,8.59,8.6,1289996
2008-06-05/00:00:00,8.8,8.86,8.59,8.6,354396
2008-06-08/00:00:00,8.59,8.73,8.59,8.6,708114
2008-06-09/00:00:00,8.71,9.01,8.65,8.84,878678
2008-06-10/00:00:00,8.97,9.04,8.71,8.8,419530
2008-06-11/00:00:00,8.66,8.88,8.64,8.71,248929
2008-06-12/00:00:00,8.84,8.85,8.59,8.6,1921658
2008-06-15/00:00:00,8.61,8.77,8.61,8.7,336246
2008-06-16/00:00:00,8.66,8.86,8.59,8.69,1385392
2008-06-17/00:00:00,8.6,8.62,8.59,8.59,2325031
2008-06-18/00:00:00,8.53,8.71,8.52,8.61,1577618
2008-06-19/00:00:00,8.71,8.71,8.46,8.5,426464
2008-06-22/00:00:00,8.55,8.57,8.1,8.17,998777
2008-06-23/00:00:00,8.07,8.38,8.07,8.36,439104
2008-06-24/00:00:00,8.44,8.44,8.11,8.35,4308279
2008-06-25/00:00:00,8.36,8.55,7.71,8.17,13425465
2008-06-26/00:00:00,8.05,8.25,7.74,8.13,771174
2008-06-29/00:00:00,8.14,8.17,7.76,7.98,528495
2008-06-30/00:00:00,8.14,8.14,7.83,7.99,489495
2008-07-02/00:00:00,8.14,8.14,7.87,7.98,1099759
2008-07-03/00:00:00,8.13,8.14,7.87,7.99,1028697
2008-07-06/00:00:00,7.91,7.97,7.69,7.76,268599
2008-07-07/00:00:00,7.8,7.81,7.6,7.73,231852
2008-07-08/00:00:00,7.58,7.95,7.58,7.76,185536
2008-07-09/00:00:00,7.91,7.93,7.65,7.73,100099
2008-07-10/00:00:00,7.69,7.69,7.48,7.66,171869
2008-07-13/00:00:00,7.59,7.69,7.46,7.49,452639
2008-07-14/00:00:00,7.5,7.57,7.46,7.47,711386
2008-07-15/00:00:00,7.46,7.58,7.46,7.49,32324
2008-07-16/00:00:00,7.42,7.49,6.78,7.0,202390
2008-07-17/00:00:00,7.24,7.38,6.82,7.2,376889
2008-07-20/00:00:00,7.25,7.42,6.95,7.22,618039
2008-07-21/00:00:00,7.26,7.35,7.01,7.21,820082
2008-07-22/00:00:00,7.22,7.25,7.04,7.22,626076
2008-07-24/00:00:00,7.06,7.32,7.06,7.25,169618
2008-07-27/00:00:00,7.25,7.39,7.17,7.27,318864
2008-07-28/00:00:00,7.25,7.25,7.01,7.2,172700
2008-07-29/00:00:00,6.95,7.24,6.89,7.18,333596
2008-07-30/00:00:00,7.01,7.19,6.82,7.07,159869
2008-07-31/00:00:00,7.01,7.19,6.83,6.95,463746
2008-08-03/00:00:00,7.18,7.19,6.67,6.98,974272
2008-08-04/00:00:00,7.0,7.06,6.9,7.01,828329
2008-08-05/00:00:00,7.06,7.15,6.82,6.97,1077868
2008-08-06/00:00:00,6.89,7.06,6.89,7.01,1124206
2008-08-07/00:00:00,7.01,7.08,6.91,7.0,1396824
2008-08-10/00:00:00,7.01,7.01,6.81,6.98,664472
2008-08-11/00:00:00,7.0,7.15,6.34,6.92,1629478
2008-08-12/00:00:00,6.82,7.15,6.57,6.95,602941
2008-08-13/00:00:00,6.69,7.01,6.57,6.87,1518930
2008-08-14/00:00:00,7.0,7.01,6.75,6.79,1928137
2008-08-17/00:00:00,6.98,6.99,6.78,6.83,699153
2008-08-18/00:00:00,6.97,7.3,6.97,7.17,1030784
2008-08-19/00:00:00,7.01,7.22,6.78,6.93,545037
2008-08-20/00:00:00,6.75,6.78,6.57,6.65,262932
2008-08-21/00:00:00,6.94,7.25,6.67,6.92,540104
2008-08-24/00:00:00,7.06,7.24,6.97,7.14,524116
2008-08-25/00:00:00,7.18,7.2,6.97,7.14,372951
2008-08-26/00:00:00,6.99,7.0,6.86,6.92,466921
2008-08-27/00:00:00,6.85,7.21,6.85,7.07,323440
2008-08-28/00:00:00,6.92,7.25,6.92,7.19,3145816
2008-08-31/00:00:00,7.01,7.26,7.01,7.2,843532
2008-09-01/00:00:00,6.97,7.39,6.8,6.98,268706
2008-09-02/00:00:00,7.23,7.25,6.78,6.95,419300
2008-09-03/00:00:00,6.97,6.99,6.87,6.95,425805
2008-09-04/00:00:00,6.8,7.0,6.8,6.97,143704
2008-09-07/00:00:00,6.76,6.97,6.76,6.95,87452
2008-09-08/00:00:00,6.97,7.19,6.83,7.03,557071
2008-09-09/00:00:00,6.97,7.14,6.97,7.02,648689
2008-09-10/00:00:00,7.12,7.13,6.93,7.04,36643
2008-09-11/00:00:00,6.97,7.05,6.97,6.98,35049
2008-09-14/00:00:00,6.97,7.19,6.97,7.05,69799
2008-09-15/00:00:00,6.76,6.85,6.76,6.78,67135
2008-09-16/00:00:00,6.77,6.77,6.63,6.67,385353
2008-09-17/00:00:00,6.71,6.78,6.71,6.75,98431
2008-09-18/00:00:00,6.71,6.71,6.13,6.29,843142
2008-09-21/00:00:00,6.53,6.62,6.53,6.57,214760
2008-09-22/00:00:00,6.54,6.75,6.54,6.6,219689
2008-09-23/00:00:00,6.54,6.55,6.09,6.42,337148
2008-09-24/00:00:00,6.52,6.82,6.09,6.14,338002
2008-09-25/00:00:00,6.09,6.53,6.09,6.42,199646
2008-09-28/00:00:00,6.18,6.31,6.09,6.11,225471
2008-09-29/00:00:00,6.36,6.44,6.13,6.29,31575
2008-10-07/00:00:00,6.12,6.12,4.39,5.03,855056
2008-10-08/00:00:00,4.5,5.4,4.04,4.43,4863191
2008-10-09/00:00:00,5.4,5.4,5.4,5.4,3447
2008-10-12/00:00:00,5.22,5.22,4.57,4.71,413642
2008-10-13/00:00:00,4.79,4.8,4.25,4.35,1710566
2008-10-14/00:00:00,4.66,4.8,4.57,4.64,339444
2008-10-15/00:00:00,4.57,5.55,4.33,4.81,3482199
2008-10-16/00:00:00,4.57,5.01,4.53,4.72,646386
2008-10-19/00:00:00,4.8,4.8,4.48,4.62,353660
2008-10-20/00:00:00,4.74,4.74,4.43,4.51,86239
2008-10-21/00:00:00,4.53,4.61,4.39,4.48,385819
2008-10-22/00:00:00,4.35,4.35,4.06,4.15,707167
2008-10-23/00:00:00,3.92,4.34,3.6,4.02,248681
2008-10-26/00:00:00,3.49,3.53,3.22,3.52,1732157
2008-10-27/00:00:00,3.23,3.47,3.23,3.3,688332
2008-10-28/00:00:00,3.47,3.62,3.16,3.44,437146
2008-10-29/00:00:00,3.62,3.62,3.25,3.43,280983
2008-10-30/00:00:00,3.22,3.47,3.07,3.27,787838
2008-11-02/00:00:00,3.47,3.7,3.26,3.48,812872
2008-11-03/00:00:00,3.47,3.87,3.35,3.63,816152
2008-11-04/00:00:00,3.67,3.8,3.47,3.59,1062171
2008-11-05/00:00:00,3.69,3.72,3.41,3.53,2632524
2008-11-06/00:00:00,3.39,3.55,3.39,3.53,208194
2008-11-09/00:00:00,3.6,3.6,3.31,3.42,528849
2008-11-10/00:00:00,3.6,3.69,3.45,3.57,997508
2008-11-11/00:00:00,3.6,3.6,3.39,3.5,1663422
2008-11-12/00:00:00,3.47,3.47,3.14,3.3,804220
2008-11-13/00:00:00,3.11,3.3,3.03,3.11,1835720
2008-11-16/00:00:00,3.26,3.26,3.05,3.07,1537213
2008-11-17/00:00:00,3.05,3.07,2.79,2.93,1378834
2008-11-18/00:00:00,2.83,2.95,2.69,2.78,900675
2008-11-19/00:00:00,2.92,2.94,2.66,2.8,647889
2008-11-20/00:00:00,2.62,2.76,2.51,2.66,725776
2008-11-23/00:00:00,2.73,2.73,2.5,2.58,381672
2008-11-24/00:00:00,2.51,2.61,2.23,2.36,421717
2008-11-25/00:00:00,2.38,2.48,2.36,2.39,614334
2008-11-26/00:00:00,2.41,2.69,2.23,2.49,1437857
2008-11-27/00:00:00,2.72,2.8,2.46,2.65,1127118
2008-11-30/00:00:00,2.76,2.95,2.69,2.85,2105945
2008-12-01/00:00:00,2.72,2.92,2.72,2.82,1402347
2008-12-02/00:00:00,2.72,2.82,2.45,2.73,1399091
2008-12-03/00:00:00,2.86,2.86,2.66,2.76,1347575
2008-12-04/00:00:00,2.82,2.82,2.67,2.74,1677782
2008-12-10/00:00:00,2.83,2.85,2.73,2.77,554994
2008-12-11/00:00:00,2.77,2.78,2.69,2.72,862065
2008-12-14/00:00:00,2.75,2.75,2.62,2.67,631183
2008-12-15/00:00:00,2.62,2.72,2.62,2.69,664206
2008-12-16/00:00:00,2.69,2.72,2.54,2.64,1219287
2008-12-17/00:00:00,2.61,2.66,2.46,2.55,1762104
2008-12-18/00:00:00,2.62,2.63,2.5,2.54,1203227
2008-12-21/00:00:00,2.53,2.55,2.48,2.52,705223
2008-12-22/00:00:00,2.52,2.55,2.46,2.5,820636
2008-12-23/00:00:00,2.48,2.55,2.44,2.49,646546
2008-12-24/00:00:00,2.45,2.67,2.45,2.61,1495148
2008-12-25/00:00:00,2.66,2.68,2.57,2.64,1150894
2008-12-28/00:00:00,2.6,2.66,2.55,2.63,605197
2008-12-30/00:00:00,2.64,2.72,2.62,2.67,559407
2008-12-31/00:00:00,2.66,2.75,2.62,2.68,1227824
2009-01-04/00:00:00,2.77,2.91,2.72,2.83,1087567
2009-01-05/00:00:00,2.83,3.26,2.83,3.11,4469749
2009-01-06/00:00:00,3.25,3.33,3.08,3.21,1456213
2009-01-08/00:00:00,3.13,3.18,3.05,3.11,2968401
2009-01-11/00:00:00,3.2,3.37,3.08,3.28,2185917
2009-01-12/00:00:00,3.28,3.43,3.23,3.3,2216893
2009-01-13/00:00:00,3.3,3.46,3.23,3.31,2732797
2009-01-14/00:00:00,3.28,3.44,3.23,3.36,3153847
2009-01-15/00:00:00,3.4,3.67,3.25,3.44,6113270
2009-01-18/00:00:00,3.68,3.91,3.57,3.74,3513250
2009-01-19/00:00:00,3.76,3.87,3.41,3.59,4289905
2009-01-20/00:00:00,3.44,3.47,3.26,3.38,3216183
2009-01-21/00:00:00,3.31,3.31,3.05,3.2,3047068
2009-01-22/00:00:00,3.3,3.44,3.2,3.28,2432735
2009-01-25/00:00:00,3.13,3.22,2.95,3.09,3757700
2009-01-26/00:00:00,3.12,3.44,3.05,3.25,2599259
2009-01-27/00:00:00,3.44,3.51,3.33,3.44,2165281
2009-01-28/00:00:00,3.45,3.56,3.39,3.47,2237353
2009-01-29/00:00:00,3.55,3.59,3.43,3.46,1652989
2009-02-01/00:00:00,3.36,3.44,3.2,3.3,1620730
2009-02-02/00:00:00,3.23,3.39,2.98,3.15,2460051
2009-02-03/00:00:00,3.01,3.2,3.01,3.13,1389870
2009-02-04/00:00:00,3.23,3.27,3.05,3.12,1342892
2009-02-05/00:00:00,3.12,3.12,2.73,2.94,1455633
2009-02-08/00:00:00,3.12,3.2,2.92,3.04,1052186
2009-02-09/00:00:00,2.86,2.99,2.84,2.9,1481791
2009-02-10/00:00:00,3.02,3.07,2.92,3.01,929723
2009-02-11/00:00:00,2.9,3.12,2.9,3.02,2070821
2009-02-12/00:00:00,3.11,3.13,3.04,3.07,845399
2009-02-15/00:00:00,3.11,3.15,3.01,3.11,1259589
2009-02-16/00:00:00,3.07,3.12,3.01,3.07,944605
2009-02-17/00:00:00,3.01,3.05,2.9,2.95,727475
2009-02-18/00:00:00,2.99,2.99,2.79,2.87,505769
2009-02-19/00:00:00,2.85,2.94,2.83,2.89,886904
2009-02-22/00:00:00,2.81,2.83,2.67,2.76,708597
2009-02-23/00:00:00,2.73,2.98,2.72,2.89,1200003
2009-02-24/00:00:00,2.83,2.87,2.73,2.8,622788
2009-02-25/00:00:00,2.83,2.9,2.79,2.85,640665
2009-02-26/00:00:00,2.86,2.9,2.72,2.81,852723
2009-03-01/00:00:00,2.77,2.9,2.74,2.84,732938
2009-03-02/00:00:00,2.83,2.86,2.7,2.77,812016
2009-03-03/00:00:00,2.67,2.79,2.64,2.7,957891
2009-03-04/00:00:00,2.76,2.83,2.71,2.79,1045323
2009-03-05/00:00:00,2.8,2.87,2.73,2.8,1093711
2009-03-08/00:00:00,2.79,2.91,2.74,2.85,1264060
2009-03-10/00:00:00,2.89,2.94,2.83,2.9,2246203
2009-03-11/00:00:00,2.95,3.05,2.85,2.9,780649
2009-03-12/00:00:00,2.9,2.91,2.83,2.87,706398
2009-03-15/00:00:00,2.93,3.08,2.88,2.97,1978997
2009-03-16/00:00:00,3.15,3.6,3.09,3.33,7653892
2009-03-17/00:00:00,3.58,3.72,3.47,3.6,3446799
2009-03-18/00:00:00,3.62,3.85,3.56,3.72,5604315
2009-03-19/00:00:00,3.64,4.17,3.64,3.96,4727344
2009-03-22/00:00:00,4.1,4.3,3.96,4.15,4024897
2009-03-23/00:00:00,4.25,4.33,4.02,4.14,2910214
2009-03-24/00:00:00,4.3,4.57,4.07,4.25,2578442
2009-03-25/00:00:00,4.22,4.3,4.06,4.2,2436631
2009-03-26/00:00:00,4.22,4.48,4.19,4.39,4108957
2009-03-29/00:00:00,4.39,4.52,4.27,4.4,5267913
2009-03-30/00:00:00,4.35,4.35,3.83,4.1,3842656
2009-03-31/00:00:00,4.09,4.3,3.94,4.16,3546427
2009-04-01/00:00:00,4.28,4.29,4.04,4.13,1105709
2009-04-02/00:00:00,4.14,4.21,4.1,4.14,2026291
2009-04-05/00:00:00,4.2,4.62,4.2,4.45,9368022
2009-04-06/00:00:00,4.78,4.8,4.42,4.6,4689230
2009-04-07/00:00:00,4.48,4.66,4.28,4.44,4542779
2009-04-08/00:00:00,4.3,4.45,4.24,4.32,1466771
2009-04-09/00:00:00,4.35,4.43,4.05,4.19,2847219
2009-04-12/00:00:00,4.25,4.33,4.14,4.21,2308637
2009-04-13/00:00:00,4.23,4.23,3.93,4.01,2962380
2009-04-14/00:00:00,4.04,4.42,3.98,4.2,3336600
2009-04-15/00:00:00,4.23,4.43,4.04,4.25,3082892
2009-04-16/00:00:00,4.19,4.39,4.14,4.25,3006632
2009-04-21/00:00:00,4.14,4.3,4.14,4.23,2109268
2009-04-22/00:00:00,4.23,4.48,4.22,4.38,5643536
2009-04-23/00:00:00,4.46,4.63,4.35,4.48,8739248
2009-04-26/00:00:00,5.29,5.63,5.24,5.53,7298049
2009-04-27/00:00:00,4.84,4.87,4.52,4.66,7284434
2009-04-28/00:00:00,4.6,4.64,4.41,4.54,4059633
2009-04-29/00:00:00,4.54,4.77,4.54,4.64,4292008
2009-04-30/00:00:00,4.72,4.92,4.66,4.78,6853104
2009-05-03/00:00:00,4.89,4.89,4.66,4.77,4873390
2009-05-04/00:00:00,4.8,4.8,4.66,4.75,3128724
2009-05-05/00:00:00,4.82,4.89,4.7,4.8,6659576
2009-05-06/00:00:00,4.74,5.03,4.74,4.89,7370611
2009-05-07/00:00:00,5.07,5.3,4.98,5.15,16834160
2009-05-10/00:00:00,5.24,5.4,5.19,5.27,9959830
2009-05-11/00:00:00,5.31,5.31,5.02,5.15,9853805
2009-05-12/00:00:00,5.09,5.22,5.05,5.13,9191336
2009-05-13/00:00:00,5.11,5.21,4.59,4.89,10404686
2009-05-14/00:00:00,4.66,4.78,4.39,4.6,6271718
2009-05-17/00:00:00,4.5,4.97,4.46,4.75,10857860
2009-05-18/00:00:00,4.96,5.09,4.84,5.01,10016816
2009-05-19/00:00:00,5.22,5.67,5.18,5.38,24347323
2009-05-20/00:00:00,5.53,5.57,5.15,5.36,7767555
2009-05-21/00:00:00,5.01,5.28,4.25,4.89,13358517
2009-05-24/00:00:00,5.09,5.31,4.72,5.02,7471524
2009-05-25/00:00:00,5.24,5.5,5.14,5.33,10086099
2009-05-26/00:00:00,5.45,5.55,5.32,5.44,5369855
2009-05-27/00:00:00,5.45,5.48,5.11,5.25,8457501
2009-05-28/00:00:00,5.11,5.27,4.92,5.12,6646406
2009-05-31/00:00:00,5.22,5.47,5.2,5.38,6449216
2009-06-01/00:00:00,5.55,5.69,5.42,5.58,10384561
2009-06-02/00:00:00,5.71,5.8,5.46,5.65,9416443
2009-06-03/00:00:00,5.49,5.73,5.42,5.62,6699665
2009-06-04/00:00:00,5.71,5.8,5.62,5.73,6820772
2009-06-07/00:00:00,5.76,5.87,5.61,5.71,4165291
2009-06-08/00:00:00,5.72,5.74,5.59,5.64,5567207
2009-06-09/00:00:00,5.65,5.66,5.38,5.53,7381176
2009-06-10/00:00:00,5.68,5.89,5.64,5.73,11215326
2009-06-11/00:00:00,5.88,6.05,5.73,5.87,10671004
2009-06-14/00:00:00,6.08,6.25,5.99,6.13,8919558
2009-06-15/00:00:00,6.24,6.25,6.06,6.13,7478183
2009-06-16/00:00:00,6.08,6.2,6.01,6.12,6486787
2009-06-17/00:00:00,6.09,6.19,6.01,6.09,6695192
2009-06-18/00:00:00,6.17,6.3,5.87,6.06,5043268
2009-06-21/00:00:00,6.07,6.07,5.73,5.87,3086956
2009-06-22/00:00:00,5.75,5.78,5.13,5.39,5330161
2009-06-23/00:00:00,5.22,5.34,4.89,5.09,4083918
2009-06-24/00:00:00,5.1,5.22,4.77,4.97,2847537
2009-06-25/00:00:00,4.78,4.96,4.59,4.74,3264090
2009-06-28/00:00:00,4.74,4.89,4.51,4.68,3071345
2009-06-29/00:00:00,4.86,5.01,4.83,4.89,3993852
2009-06-30/00:00:00,4.89,5.01,4.84,4.94,2649146
2009-07-02/00:00:00,5.02,5.16,4.95,5.05,4149769
2009-07-05/00:00:00,4.96,4.99,4.82,4.89,1738014
2009-07-06/00:00:00,4.88,4.88,4.6,4.69,2862591
2009-07-07/00:00:00,4.72,4.89,4.6,4.74,2806763
2009-07-08/00:00:00,4.66,4.7,4.58,4.63,2763485
2009-07-09/00:00:00,4.66,4.69,4.48,4.58,2648308
2009-07-12/00:00:00,4.54,4.57,4.26,4.38,2292368
2009-07-13/00:00:00,4.28,4.43,4.23,4.3,1897874
2009-07-14/00:00:00,4.43,4.54,4.37,4.46,3560104
2009-07-15/00:00:00,4.51,4.68,4.43,4.6,3840900
2009-07-16/00:00:00,4.7,4.9,4.68,4.81,3992028
2009-07-19/00:00:00,4.89,4.96,4.81,4.86,2010592
2009-07-20/00:00:00,4.8,4.89,4.76,4.84,2343247
2009-07-21/00:00:00,4.89,4.91,4.78,4.83,1385467
2009-07-22/00:00:00,4.75,4.82,4.66,4.72,2477074
2009-07-26/00:00:00,4.95,5.04,4.87,4.94,9912827
2009-07-27/00:00:00,4.99,5.09,4.95,5.01,2135810
2009-07-28/00:00:00,5.04,5.08,4.93,5.01,2349741
2009-07-29/00:00:00,4.94,4.99,4.86,4.95,1329208
2009-07-30/00:00:00,4.96,5.04,4.92,4.99,1922761
2009-08-02/00:00:00,5.05,5.38,5.05,5.22,6780172
2009-08-03/00:00:00,5.36,5.42,5.25,5.35,3368564
2009-08-04/00:00:00,5.43,5.45,5.16,5.31,4830222
2009-08-05/00:00:00,5.22,5.73,5.19,5.53,7221763
2009-08-06/00:00:00,5.65,5.77,5.58,5.68,3869321
2009-08-09/00:00:00,5.77,5.82,5.61,5.7,5315004
2009-08-10/00:00:00,5.61,5.68,5.51,5.6,3832729
2009-08-11/00:00:00,5.61,5.61,5.41,5.49,2327342
2009-08-12/00:00:00,5.41,5.48,5.24,5.37,3042236
2009-08-13/00:00:00,5.52,5.58,5.46,5.52,3066914
2009-08-16/00:00:00,5.41,5.54,5.4,5.49,1875452
2009-08-17/00:00:00,5.42,5.45,5.19,5.26,2999023
2009-08-18/00:00:00,5.19,5.36,5.19,5.26,2957106
2009-08-19/00:00:00,5.3,5.36,5.06,5.17,2767992
2009-08-20/00:00:00,5.25,5.32,5.19,5.24,2150615
2009-08-23/00:00:00,5.36,5.5,5.34,5.41,2232563
2009-08-24/00:00:00,5.48,5.5,5.4,5.47,1941690
2009-08-25/00:00:00,5.42,5.73,5.4,5.61,6961270
2009-08-26/00:00:00,5.73,5.79,5.6,5.7,6313864
2009-08-27/00:00:00,5.6,5.68,5.54,5.61,2103496
2009-08-30/00:00:00,5.68,5.99,5.61,5.79,9227384
2009-08-31/00:00:00,5.89,6.03,5.75,5.89,7908049
2009-09-01/00:00:00,5.78,5.84,5.61,5.72,3601621
2009-09-02/00:00:00,5.61,5.8,5.55,5.71,2458959
2009-09-03/00:00:00,5.73,5.81,5.69,5.73,1935075
2009-09-06/00:00:00,5.78,5.85,5.66,5.75,2056797
2009-09-07/00:00:00,5.81,5.81,5.6,5.67,1450791
2009-09-08/00:00:00,5.68,5.71,5.6,5.63,1246136
2009-09-09/00:00:00,5.7,5.72,5.61,5.68,2271265
2009-09-10/00:00:00,5.68,5.74,5.6,5.65,1351265
2009-09-13/00:00:00,5.66,5.75,5.66,5.71,1430284
2009-09-14/00:00:00,5.66,5.66,5.59,5.61,1044515
2009-09-15/00:00:00,5.64,5.68,5.61,5.62,855443
2009-09-16/00:00:00,5.7,5.72,5.63,5.68,1412482
2009-09-17/00:00:00,5.71,5.88,5.68,5.8,3712856
2009-09-22/00:00:00,5.88,5.96,5.78,5.89,3743544
2009-09-23/00:00:00,5.93,6.01,5.88,5.94,5738968
2009-09-24/00:00:00,5.88,6.02,5.84,5.94,6623360
2009-09-27/00:00:00,5.93,6.03,5.82,5.92,6182829
2009-09-28/00:00:00,5.85,5.88,5.74,5.79,2574373
2009-09-29/00:00:00,5.84,5.9,5.72,5.81,2355582
2009-09-30/00:00:00,5.74,5.82,5.72,5.78,1656974
2009-10-01/00:00:00,5.81,5.83,5.72,5.76,2405219
2009-10-04/00:00:00,5.68,5.79,5.58,5.68,2248699
2009-10-05/00:00:00,5.68,5.78,5.6,5.68,1489175
2009-10-07/00:00:00,5.68,5.75,5.62,5.71,933944
2009-10-08/00:00:00,5.68,5.75,5.62,5.71,1648916
2009-10-11/00:00:00,5.75,5.83,5.71,5.78,1312657
2009-10-12/00:00:00,5.78,5.85,5.75,5.81,2272138
2009-10-13/00:00:00,5.86,5.9,5.76,5.84,3508391
2009-10-14/00:00:00,5.85,6.13,5.85,6.05,8150587
2009-10-15/00:00:00,6.12,6.19,5.94,6.06,5179228
2009-10-18/00:00:00,5.94,6.06,5.87,5.93,2518374
2009-10-19/00:00:00,5.96,6.08,5.96,6.02,4798119
2009-10-20/00:00:00,6.08,6.12,5.95,6.05,2570711
2009-10-21/00:00:00,5.98,5.99,5.84,5.89,3280397
2009-10-22/00:00:00,5.88,5.97,5.81,5.91,1383731
2009-10-25/00:00:00,5.9,5.94,5.78,5.87,2082290
2009-10-26/00:00:00,5.88,5.95,5.78,5.88,2026361
2009-10-27/00:00:00,5.81,5.82,5.72,5.76,1424406
2009-10-28/00:00:00,5.81,5.84,5.63,5.72,1870352
2009-10-29/00:00:00,5.64,5.78,5.56,5.66,2739776
2009-11-01/00:00:00,5.65,5.65,5.47,5.53,1628867
2009-11-02/00:00:00,5.55,5.65,5.36,5.48,1722936
2009-11-03/00:00:00,5.42,5.43,5.06,5.22,1495452
2009-11-04/00:00:00,5.17,5.33,5.17,5.24,1440195
2009-11-05/00:00:00,5.28,5.3,4.98,5.18,2019115
2009-11-08/00:00:00,5.3,5.36,5.22,5.28,1038972
2009-11-09/00:00:00,5.3,5.5,5.22,5.37,1783581
2009-11-10/00:00:00,5.54,5.55,5.37,5.46,1821538
2009-11-11/00:00:00,5.42,5.49,5.33,5.41,1862779
2009-11-12/00:00:00,5.37,5.4,5.25,5.32,1416361
2009-11-15/00:00:00,5.3,5.33,5.12,5.25,709831
2009-11-16/00:00:00,5.28,5.48,5.19,5.33,5172954
2009-11-17/00:00:00,5.36,5.42,5.15,5.26,1139477
2009-11-18/00:00:00,5.16,5.38,5.03,5.24,2660567
2009-11-19/00:00:00,5.23,5.3,5.17,5.26,731444
2009-11-22/00:00:00,5.3,5.38,5.2,5.28,418719
2009-11-23/00:00:00,5.34,5.36,5.2,5.25,618348
2009-11-24/00:00:00,5.25,5.33,5.22,5.27,725273
2009-11-25/00:00:00,5.26,5.32,5.24,5.26,519077
2009-11-30/00:00:00,5.22,5.22,4.57,4.83,1793008
2009-12-01/00:00:00,4.89,5.0,4.75,4.94,1099795
2009-12-02/00:00:00,4.93,5.02,4.89,4.95,866703
2009-12-03/00:00:00,4.99,5.01,4.93,4.97,496482
2009-12-06/00:00:00,5.01,5.01,4.84,4.89,883016
2009-12-07/00:00:00,4.86,4.86,4.64,4.78,849040
2009-12-08/00:00:00,4.83,4.89,4.75,4.83,590560
2009-12-09/00:00:00,4.65,4.78,4.54,4.64,2107435
2009-12-10/00:00:00,4.64,4.79,4.6,4.67,1107855
2009-12-13/00:00:00,4.89,5.05,4.7,4.92,1289248
2009-12-14/00:00:00,5.05,5.12,4.93,5.02,980648
2009-12-15/00:00:00,4.92,4.97,4.84,4.91,273929
2009-12-16/00:00:00,4.97,4.97,4.78,4.88,1191248
2009-12-17/00:00:00,4.78,4.94,4.78,4.88,1254918
2009-12-20/00:00:00,4.94,4.97,4.81,4.87,429383
2009-12-21/00:00:00,4.89,4.89,4.77,4.81,335281
2009-12-22/00:00:00,4.86,4.89,4.83,4.84,716304
2009-12-23/00:00:00,4.82,5.05,4.78,4.95,1969365
2009-12-24/00:00:00,5.01,5.05,4.89,4.99,2257234
2009-12-27/00:00:00,5.04,5.08,4.72,4.88,684195
2009-12-28/00:00:00,4.72,4.82,4.61,4.69,1142874
2009-12-29/00:00:00,4.76,4.89,4.7,4.81,665425
2009-12-30/00:00:00,4.84,4.87,4.76,4.84,780038
2009-12-31/00:00:00,4.8,5.02,4.8,4.93,969570
2010-01-03/00:00:00,4.93,5.09,4.92,5.03,477402
2010-01-04/00:00:00,4.99,5.28,4.99,5.18,2725649
2010-01-05/00:00:00,5.28,5.48,5.24,5.36,1655702
2010-01-06/00:00:00,5.36,5.42,5.23,5.31,1975663
2010-01-10/00:00:00,5.33,5.48,5.27,5.37,1500252
2010-01-11/00:00:00,5.34,5.44,5.32,5.38,1177787
2010-01-12/00:00:00,5.34,5.45,5.34,5.42,1702009
2010-01-13/00:00:00,5.39,5.52,5.38,5.47,3093865
2010-01-14/00:00:00,5.49,5.73,5.48,5.62,3019705
2010-01-17/00:00:00,5.74,5.84,5.6,5.66,1859812
2010-01-18/00:00:00,5.68,5.71,5.6,5.65,1697082
2010-01-19/00:00:00,5.68,5.8,5.65,5.75,5174494
2010-01-20/00:00:00,5.78,5.93,5.73,5.81,2826677
2010-01-21/00:00:00,5.8,5.83,5.72,5.76,971370
2010-01-24/00:00:00,5.68,5.68,5.37,5.52,2584122
2010-01-26/00:00:00,5.54,5.68,5.34,5.54,2608502
2010-01-27/00:00:00,5.64,5.75,5.56,5.71,1610988
2010-01-28/00:00:00,5.74,5.85,5.72,5.79,1746202
2010-01-31/00:00:00,5.74,5.74,5.55,5.65,988464
2010-02-01/00:00:00,5.69,5.78,5.67,5.73,1065351
2010-02-02/00:00:00,5.74,5.88,5.73,5.82,1230920
2010-02-03/00:00:00,5.78,5.96,5.78,5.9,2175631
2010-02-04/00:00:00,5.81,5.9,5.81,5.88,4028708
2010-02-07/00:00:00,5.81,5.81,5.7,5.77,446084
2010-02-08/00:00:00,5.85,5.89,5.74,5.87,5155692
2010-02-09/00:00:00,5.88,6.05,5.82,5.97,4506910
2010-02-10/00:00:00,6.01,6.03,5.89,5.94,1243972
2010-02-11/00:00:00,5.89,6.08,5.87,5.96,7886770
2010-02-14/00:00:00,6.0,6.11,5.99,6.04,784282
2010-02-15/00:00:00,5.98,6.06,5.93,6.01,2430245
2010-02-16/00:00:00,6.01,6.13,6.01,6.11,2013817
2010-02-17/00:00:00,6.14,6.16,5.88,6.03,1984453
2010-02-18/00:00:00,5.9,6.01,5.84,5.91,774979
2010-02-21/00:00:00,5.88,5.96,5.74,5.85,421667
2010-02-22/00:00:00,5.82,5.86,5.72,5.8,237341
2010-02-23/00:00:00,5.88,5.88,5.55,5.68,1239065
2010-02-24/00:00:00,5.73,5.85,5.65,5.76,600985
2010-02-25/00:00:00,5.87,5.9,5.78,5.87,1908038
2010-02-28/00:00:00,5.88,5.9,5.73,5.81,375085
2010-03-01/00:00:00,5.81,5.81,5.7,5.74,993900
2010-03-02/00:00:00,5.73,5.87,5.71,5.77,1344743
2010-03-03/00:00:00,5.81,5.82,5.74,5.77,2220538
2010-03-04/00:00:00,5.77,5.85,5.73,5.79,2540394
2010-03-07/00:00:00,6.24,6.24,5.81,5.94,727103
2010-03-08/00:00:00,5.93,5.99,5.8,5.83,720328
2010-03-09/00:00:00,5.73,5.85,5.48,5.64,1131952
2010-03-10/00:00:00,5.8,5.8,5.62,5.68,220760
2010-03-11/00:00:00,5.69,5.73,5.49,5.59,204659
2010-03-14/00:00:00,5.46,5.47,5.32,5.37,270356
2010-03-15/00:00:00,5.32,5.32,5.02,5.19,1012846
2010-03-16/00:00:00,5.28,5.39,5.22,5.29,928223
2010-03-17/00:00:00,5.43,5.58,5.23,5.45,1814980
2010-03-18/00:00:00,5.23,5.54,5.23,5.5,1370009
2010-03-21/00:00:00,5.5,5.5,5.38,5.45,716462
2010-03-22/00:00:00,5.38,5.5,5.34,5.49,827072
2010-03-23/00:00:00,5.41,5.99,5.41,5.73,5273107
2010-03-24/00:00:00,5.99,5.99,5.56,5.7,1105297
2010-03-25/00:00:00,5.72,5.89,5.66,5.79,548807
2010-03-28/00:00:00,5.88,5.88,5.72,5.78,673650
2010-03-29/00:00:00,5.77,5.83,5.71,5.76,1134749
2010-03-30/00:00:00,5.72,5.89,5.72,5.81,1609477
2010-03-31/00:00:00,5.75,5.81,5.72,5.78,1439475
2010-04-01/00:00:00,5.81,5.87,5.78,5.84,915980
2010-04-06/00:00:00,5.81,5.94,5.81,5.89,2069506
2010-04-07/00:00:00,5.85,5.97,5.84,5.9,7659561
2010-04-08/00:00:00,5.89,5.89,5.81,5.87,1064414
2010-04-11/00:00:00,5.88,5.91,5.81,5.87,1254695
2010-04-12/00:00:00,5.81,5.89,5.78,5.82,1496270
2010-04-13/00:00:00,5.73,5.89,5.69,5.77,1339073
2010-04-14/00:00:00,5.87,5.99,5.81,5.9,8370062
2010-04-15/00:00:00,5.97,6.03,5.84,5.93,2820394
2010-04-18/00:00:00,5.85,5.89,5.79,5.81,858870
2010-04-19/00:00:00,5.78,5.81,5.63,5.73,1653871
2010-04-20/00:00:00,5.75,5.81,5.65,5.73,3738812
2010-04-21/00:00:00,5.72,5.8,5.24,5.66,2096721
2010-04-22/00:00:00,5.39,5.71,5.39,5.57,1564201
2010-04-26/00:00:00,5.67,5.76,5.63,5.72,937866
2010-04-27/00:00:00,5.75,5.99,5.59,5.84,2356820
2010-04-28/00:00:00,5.79,5.89,5.61,5.73,1850483
2010-04-29/00:00:00,5.74,5.76,5.51,5.63,1134037
2010-05-02/00:00:00,5.65,5.65,5.33,5.43,1166944
2010-05-03/00:00:00,5.46,5.61,5.36,5.49,1472621
2010-05-04/00:00:00,5.5,5.57,5.29,5.36,1860632
2010-05-05/00:00:00,5.29,5.41,5.23,5.32,1374370
2010-05-06/00:00:00,5.28,5.38,5.28,5.32,515763
2010-05-09/00:00:00,5.17,5.2,5.02,5.11,2195316
2010-05-10/00:00:00,5.2,5.35,5.13,5.22,1344737
2010-05-11/00:00:00,5.26,5.31,5.05,5.2,1659031
2010-05-12/00:00:00,5.13,5.19,5.02,5.1,917955
2010-05-13/00:00:00,5.22,5.23,5.1,5.15,574390
2010-05-16/00:00:00,5.02,5.02,4.77,4.85,944557
2010-05-17/00:00:00,4.76,4.92,4.59,4.75,1667671
2010-05-18/00:00:00,4.67,4.84,4.67,4.73,1878738
2010-05-19/00:00:00,4.72,4.72,4.4,4.54,3298081
2010-05-20/00:00:00,4.6,4.76,4.48,4.63,2264091
2010-05-23/00:00:00,4.66,4.86,4.63,4.71,1490553
2010-05-24/00:00:00,4.91,4.92,4.73,4.8,3406480
2010-05-25/00:00:00,4.7,4.74,4.55,4.63,1457101
2010-05-26/00:00:00,4.67,4.91,4.66,4.8,3675330
2010-05-27/00:00:00,4.84,4.97,4.75,4.91,1698824
2010-05-30/00:00:00,4.92,4.99,4.73,4.83,1011953
2010-05-31/00:00:00,4.79,5.04,4.74,4.9,1440268
2010-06-01/00:00:00,4.86,4.93,4.67,4.76,850952
2010-06-02/00:00:00,4.76,4.82,4.66,4.74,1350164
2010-06-03/00:00:00,4.84,4.93,4.75,4.84,4521395
2010-06-06/00:00:00,4.83,4.87,4.73,4.83,1739149
2010-06-07/00:00:00,4.73,4.83,4.71,4.76,1015382
2010-06-08/00:00:00,4.82,4.82,4.59,4.68,2111815
2010-06-09/00:00:00,4.7,4.84,4.66,4.73,1549639
2010-06-10/00:00:00,4.63,4.72,4.6,4.66,682415
2010-06-13/00:00:00,4.66,4.67,4.63,4.64,155099
2010-06-14/00:00:00,4.68,4.74,4.63,4.68,893461
2010-06-15/00:00:00,4.68,4.71,4.62,4.65,210525
2010-06-16/00:00:00,4.72,4.76,4.56,4.64,630395
2010-06-17/00:00:00,4.66,4.83,4.63,4.73,1873611
2010-06-20/00:00:00,4.81,4.84,4.74,4.82,883529
2010-06-21/00:00:00,4.83,4.83,4.71,4.78,1446441
2010-06-22/00:00:00,4.78,4.78,4.48,4.65,2748430
2010-06-23/00:00:00,4.58,4.6,4.54,4.58,1629381
2010-06-24/00:00:00,4.59,4.61,4.5,4.54,539492
2010-06-27/00:00:00,4.5,4.54,4.48,4.49,463569
2010-06-28/00:00:00,4.49,4.53,4.38,4.43,357151
2010-06-29/00:00:00,4.44,4.61,4.22,4.35,2051804
2010-06-30/00:00:00,4.33,4.39,4.23,4.3,1214784
2010-07-04/00:00:00,4.33,4.34,4.19,4.23,178879
2010-07-05/00:00:00,4.19,4.2,3.99,4.1,1192091
2010-07-06/00:00:00,4.14,4.21,4.1,4.15,587019
2010-07-07/00:00:00,4.13,4.14,3.85,3.94,2316104
2010-07-08/00:00:00,4.01,4.08,3.91,3.97,1456368
2010-07-11/00:00:00,4.03,4.06,3.92,3.98,2000396
2010-07-12/00:00:00,3.96,3.98,3.74,3.83,5598312
2010-07-13/00:00:00,3.78,3.96,3.77,3.89,3035097
2010-07-14/00:00:00,3.96,4.17,3.94,4.05,6628840
2010-07-15/00:00:00,4.05,4.14,4.0,4.05,2374903
2010-07-18/00:00:00,4.01,4.23,3.97,4.15,3103382
2010-07-19/00:00:00,4.16,4.26,4.14,4.19,2336935
2010-07-20/00:00:00,4.19,4.19,3.92,4.04,1716266
2010-07-21/00:00:00,4.04,4.1,3.94,4.04,1513590
2010-07-22/00:00:00,3.98,4.12,3.98,4.06,2060513
2010-07-25/00:00:00,4.13,4.25,4.07,4.19,2521219
2010-07-26/00:00:00,4.19,4.29,4.14,4.19,3061914
2010-07-27/00:00:00,4.21,4.21,4.11,4.16,2452391
2010-07-28/00:00:00,4.18,4.2,4.08,4.16,1908025
2010-07-29/00:00:00,4.11,4.2,4.11,4.17,1898085
2010-08-01/00:00:00,4.22,4.23,4.15,4.19,914630
2010-08-02/00:00:00,4.2,4.37,4.16,4.28,2033221
2010-08-03/00:00:00,4.3,4.47,4.29,4.38,3804362
2010-08-04/00:00:00,4.3,4.44,4.3,4.39,1138138
2010-08-05/00:00:00,4.43,4.66,4.43,4.61,2485830
2010-08-08/00:00:00,4.7,4.76,4.62,4.68,1763130
2010-08-09/00:00:00,4.65,4.7,4.62,4.66,1243440
2010-08-10/00:00:00,4.7,4.8,4.63,4.68,2864615
2010-08-11/00:00:00,4.64,4.65,4.53,4.59,341587
2010-08-12/00:00:00,4.58,4.64,4.5,4.61,2071530
2010-08-15/00:00:00,4.66,4.69,4.5,4.58,746808
2010-08-16/00:00:00,4.58,4.63,4.53,4.6,593502
2010-08-17/00:00:00,4.61,4.69,4.58,4.65,863173
2010-08-18/00:00:00,4.68,4.69,4.59,4.63,687762
2010-08-19/00:00:00,4.6,4.72,4.6,4.67,695776
2010-08-22/00:00:00,4.68,4.71,4.58,4.66,595959
2010-08-23/00:00:00,4.66,4.69,4.64,4.66,672754
2010-08-24/00:00:00,4.65,4.66,4.56,4.61,672278
2010-08-25/00:00:00,4.59,4.6,4.5,4.53,969000
2010-08-26/00:00:00,4.52,4.63,4.52,4.58,1878563
2010-08-29/00:00:00,4.63,4.66,4.55,4.6,678238
2010-08-30/00:00:00,4.59,4.63,4.57,4.61,801753
2010-08-31/00:00:00,4.54,4.6,4.53,4.56,853368
2010-09-01/00:00:00,4.62,4.63,4.57,4.59,534052
2010-09-02/00:00:00,4.64,4.76,4.63,4.69,2306789
2010-09-05/00:00:00,4.78,4.92,4.76,4.84,2628143
2010-09-06/00:00:00,4.88,4.95,4.73,4.84,3259616
2010-09-07/00:00:00,4.79,4.81,4.7,4.73,1907712
2010-09-08/00:00:00,4.76,4.81,4.72,4.75,1018625
2010-09-13/00:00:00,4.77,4.84,4.73,4.78,777567
2010-09-14/00:00:00,4.78,4.83,4.66,4.76,1454016
2010-09-15/00:00:00,4.67,4.71,4.34,4.52,5298087
2010-09-16/00:00:00,4.49,4.66,4.44,4.54,5854922
2010-09-19/00:00:00,4.56,4.77,4.52,4.67,2369102
2010-09-20/00:00:00,4.61,4.7,4.61,4.65,1156070
2010-09-21/00:00:00,4.72,4.78,4.65,4.71,1664093
2010-09-22/00:00:00,4.66,4.88,4.66,4.8,4233523
2010-09-23/00:00:00,4.88,5.18,4.88,5.03,6818583
2010-09-26/00:00:00,5.23,5.33,5.02,5.22,1980031
2010-09-27/00:00:00,5.22,5.22,4.98,5.12,2161831
2010-09-28/00:00:00,5.02,5.13,5.02,5.09,1025998
2010-09-29/00:00:00,5.14,5.19,4.97,5.11,1709216
2010-09-30/00:00:00,5.02,5.19,5.0,5.08,893647
2010-10-03/00:00:00,5.19,5.28,5.13,5.2,1802793
2010-10-04/00:00:00,5.26,5.28,5.14,5.2,643961
2010-10-05/00:00:00,5.19,5.19,5.07,5.15,508438
2010-10-07/00:00:00,5.12,5.23,5.12,5.18,503724
2010-10-10/00:00:00,5.14,5.19,5.11,5.13,316366
2010-10-11/00:00:00,5.14,5.15,5.04,5.1,1044891
2010-10-12/00:00:00,5.02,5.15,5.02,5.09,5289995
2010-10-13/00:00:00,5.14,5.19,5.08,5.14,9157316
2010-10-14/00:00:00,5.15,5.19,5.11,5.17,1512450
2010-10-17/00:00:00,5.86,5.9,5.79,5.8,413071
2010-10-18/00:00:00,5.17,5.18,5.1,5.12,444598
2010-10-19/00:00:00,5.1,5.15,5.02,5.12,1158524
2010-10-20/00:00:00,5.05,5.05,4.97,5.01,512904
2010-10-21/00:00:00,5.07,5.19,5.02,5.09,1339463
2010-10-24/00:00:00,5.12,5.15,5.02,5.1,221595
2010-10-25/00:00:00,5.13,5.19,5.06,5.12,525554
2010-10-26/00:00:00,5.1,5.11,5.01,5.05,851930
2010-10-27/00:00:00,5.01,5.05,4.88,4.96,1427089
2010-10-28/00:00:00,5.0,5.05,4.85,5.0,1440936
2010-10-31/00:00:00,5.04,5.04,4.96,5.0,77715
2010-11-01/00:00:00,4.95,5.02,4.85,4.94,323853
2010-11-02/00:00:00,4.93,5.05,4.93,5.01,973346
2010-11-03/00:00:00,4.99,5.07,4.84,4.96,1350837
2010-11-04/00:00:00,5.02,5.04,4.95,4.99,548933
2010-11-07/00:00:00,5.01,5.48,5.01,5.27,4649863
2010-11-08/00:00:00,5.5,5.54,5.35,5.43,4204313
2010-11-09/00:00:00,5.45,5.49,5.32,5.37,1140583
2010-11-10/00:00:00,5.39,5.44,5.19,5.3,1601486
2010-11-11/00:00:00,5.29,5.29,5.16,5.22,787918
2010-11-14/00:00:00,5.2,5.33,5.06,5.19,1626319
2010-11-18/00:00:00,5.26,5.37,5.22,5.28,570896
2010-11-21/00:00:00,5.28,5.33,5.23,5.28,1077224
2010-11-22/00:00:00,5.32,5.37,5.23,5.28,659838
2010-11-23/00:00:00,5.22,5.43,5.14,5.36,1648014
2010-11-24/00:00:00,5.39,5.41,5.21,5.32,1388064
2010-11-25/00:00:00,5.42,5.42,5.28,5.34,552559
2010-11-28/00:00:00,5.34,5.35,5.19,5.23,613316
2010-11-29/00:00:00,5.23,5.28,5.19,5.21,1141674
2010-11-30/00:00:00,5.21,5.21,5.12,5.15,381852
2010-12-01/00:00:00,5.11,5.21,5.11,5.18,138741
2010-12-02/00:00:00,5.19,5.26,5.18,5.2,692823
2010-12-05/00:00:00,5.9,5.99,5.9,5.95,142587
2010-12-06/00:00:00,5.24,5.35,5.22,5.28,2858120
2010-12-08/00:00:00,5.35,5.5,5.33,5.44,4157832
2010-12-09/00:00:00,5.44,5.49,5.35,5.41,3001988
2010-12-12/00:00:00,5.45,5.52,5.37,5.45,1029439
2010-12-13/00:00:00,5.44,5.44,5.37,5.41,1343321
2010-12-14/00:00:00,5.43,5.49,5.3,5.4,1911343
2010-12-15/00:00:00,5.39,5.39,5.19,5.25,2370721
2010-12-16/00:00:00,5.28,5.33,5.15,5.22,972336
2010-12-19/00:00:00,5.18,5.22,5.16,5.19,823076
2010-12-20/00:00:00,5.17,5.37,5.17,5.28,4121996
2010-12-21/00:00:00,5.37,5.46,5.31,5.41,3117016
2010-12-22/00:00:00,5.43,5.43,5.27,5.31,1178996
2010-12-23/00:00:00,5.37,5.46,5.32,5.42,2125870
2010-12-26/00:00:00,5.45,5.48,5.37,5.42,858105
2010-12-27/00:00:00,5.38,5.54,5.38,5.49,2700257
2010-12-28/00:00:00,5.5,5.61,5.5,5.55,2395648
2010-12-29/00:00:00,5.54,5.61,5.54,5.56,728043
2010-12-30/00:00:00,5.47,5.62,5.47,5.58,739131
2011-01-02/00:00:00,5.52,5.65,5.52,5.61,511061
2011-01-03/00:00:00,5.63,5.63,5.46,5.54,1156585
2011-01-04/00:00:00,5.55,5.61,5.49,5.54,1000330
2011-01-05/00:00:00,5.53,5.53,5.45,5.49,1628157
2011-01-06/00:00:00,5.48,5.51,5.41,5.46,1164683
2011-01-10/00:00:00,5.44,5.49,5.37,5.42,701239
2011-01-11/00:00:00,5.38,5.42,5.34,5.37,1038556
2011-01-12/00:00:00,5.43,5.43,5.34,5.37,288626
2011-01-13/00:00:00,5.42,5.42,5.35,5.39,953331
2011-01-16/00:00:00,5.37,5.49,5.35,5.42,1544001
2011-01-17/00:00:00,5.44,5.5,5.13,5.3,2642682
2011-01-18/00:00:00,5.19,5.37,4.89,5.2,1736866
2011-01-19/00:00:00,5.16,5.27,5.06,5.21,565096
2011-01-20/00:00:00,5.21,5.24,5.17,5.21,143980
2011-01-23/00:00:00,5.19,5.22,5.08,5.15,392476
2011-01-24/00:00:00,5.17,5.24,5.13,5.2,232706
2011-01-26/00:00:00,5.09,5.09,4.6,4.84,1683283
2011-01-27/00:00:00,4.84,4.84,3.92,4.28,2313741
2011-03-23/00:00:00,3.86,3.86,3.86,3.86,629303
2011-03-24/00:00:00,3.48,3.48,3.48,3.48,552741
2011-03-27/00:00:00,3.14,3.14,3.14,3.14,1225589
2011-03-28/00:00:00,2.84,2.84,2.84,2.84,898758
2011-03-29/00:00:00,2.55,2.8,2.55,2.56,12021743
2011-03-30/00:00:00,2.55,2.56,2.3,2.34,6834490
2011-03-31/00:00:00,2.11,2.46,2.11,2.26,14240435
2011-04-03/00:00:00,2.49,2.49,2.41,2.46,6427709
2011-04-04/00:00:00,2.22,2.69,2.22,2.38,3953361
2011-04-05/00:00:00,2.36,2.41,2.29,2.37,2450475
2011-04-06/00:00:00,2.37,2.39,2.25,2.3,3737295
2011-04-07/00:00:00,2.26,2.26,2.19,2.22,3142124
2011-04-10/00:00:00,2.22,2.22,2.09,2.14,2403576
2011-04-11/00:00:00,2.35,2.35,2.02,2.09,1267096
2011-04-12/00:00:00,2.07,2.08,1.89,1.93,4741837
2011-04-13/00:00:00,1.93,1.99,1.89,1.96,1699770
2011-04-14/00:00:00,1.92,2.04,1.92,1.94,1711145
2011-04-17/00:00:00,1.93,1.93,1.75,1.8,3737441
2011-04-18/00:00:00,1.8,1.8,1.64,1.67,3600867
2011-04-19/00:00:00,1.72,1.83,1.71,1.78,3064024
2011-04-20/00:00:00,1.76,1.76,1.68,1.7,2700228
2011-04-21/00:00:00,1.71,1.73,1.67,1.7,1415388
2011-04-26/00:00:00,1.71,1.71,1.59,1.66,2650133
2011-04-27/00:00:00,1.67,1.73,1.62,1.67,2215474
2011-04-28/00:00:00,1.71,1.75,1.69,1.72,1202128
2011-05-02/00:00:00,1.75,1.76,1.67,1.71,3651384
2011-05-03/00:00:00,1.68,1.69,1.61,1.67,2866015
2011-05-04/00:00:00,1.63,1.67,1.5,1.54,7211627
2011-05-05/00:00:00,1.52,1.52,1.45,1.48,2934311
2011-05-08/00:00:00,1.46,1.48,1.39,1.43,3763491
2011-05-09/00:00:00,1.45,1.48,1.43,1.45,4121526
2011-05-10/00:00:00,1.45,1.46,1.4,1.42,3166796
2011-05-11/00:00:00,1.43,1.44,1.39,1.41,2618926
2011-05-12/00:00:00,1.27,1.41,1.27,1.38,3051761
2011-05-15/00:00:00,1.41,1.51,1.38,1.48,10186414
2011-05-16/00:00:00,1.52,1.6,1.48,1.52,11464333
2011-05-17/00:00:00,1.52,1.67,1.52,1.66,16704245
2011-05-18/00:00:00,1.67,1.77,1.67,1.72,17643663
2011-05-19/00:00:00,1.74,1.74,1.67,1.7,7876525
2011-05-22/00:00:00,1.73,1.87,1.71,1.82,15418397
2011-05-23/00:00:00,1.83,1.89,1.79,1.84,10993543
2011-05-24/00:00:00,1.82,1.91,1.79,1.87,8145966
2011-05-25/00:00:00,1.87,1.91,1.81,1.86,9254180
2011-05-26/00:00:00,1.9,1.96,1.87,1.91,12327229
2011-05-29/00:00:00,1.93,2.09,1.93,2.05,15547127
2011-05-30/00:00:00,2.1,2.1,1.92,2.01,13330244
2011-05-31/00:00:00,1.85,1.97,1.85,1.92,11302691
2011-06-01/00:00:00,1.97,2.0,1.91,1.95,6212106
2011-06-02/00:00:00,1.98,1.99,1.87,1.91,11727988
2011-06-05/00:00:00,1.99,2.02,1.94,1.98,5270594
2011-06-06/00:00:00,1.97,1.98,1.93,1.96,3254992
2011-06-07/00:00:00,1.96,1.99,1.91,1.94,6673630
2011-06-08/00:00:00,1.94,1.94,1.9,1.92,4584896
2011-06-09/00:00:00,1.93,2.02,1.92,1.97,9583629
2011-06-12/00:00:00,2.01,2.07,1.99,2.04,10967439
2011-06-13/00:00:00,2.07,2.23,2.06,2.16,20741181
2011-06-14/00:00:00,2.37,2.37,2.1,2.23,12596135
2011-06-15/00:00:00,2.2,2.2,2.1,2.16,11725680
2011-06-16/00:00:00,2.16,2.29,2.11,2.23,11864878
2011-06-19/00:00:00,2.29,2.37,2.26,2.33,10662400
2011-06-20/00:00:00,2.37,2.37,2.22,2.26,11435864
2011-06-21/00:00:00,2.23,2.3,2.2,2.26,7880477
2011-06-22/00:00:00,2.24,2.26,2.2,2.22,6062454
2011-06-23/00:00:00,2.2,2.28,2.2,2.26,6633216
2011-06-26/00:00:00,2.26,2.28,2.17,2.22,8298286
2011-06-27/00:00:00,2.25,2.25,2.15,2.19,7664516
2011-06-28/00:00:00,2.2,2.23,2.11,2.18,9115649
2011-06-29/00:00:00,2.13,2.13,1.96,2.03,9257518
2011-06-30/00:00:00,2.02,2.08,1.98,2.05,6949799
2011-07-03/00:00:00,2.11,2.14,2.07,2.1,6531049
2011-07-04/00:00:00,2.12,2.12,2.03,2.06,3626881
2011-07-05/00:00:00,2.04,2.26,2.04,2.21,26690040
2011-07-06/00:00:00,2.28,2.28,2.1,2.15,7929807
2011-07-07/00:00:00,2.1,2.18,2.07,2.14,6670001
2011-07-10/00:00:00,2.35,2.35,2.05,2.1,4650226
2011-07-11/00:00:00,2.07,2.07,1.97,2.01,4426646
2011-07-12/00:00:00,1.98,1.98,1.82,1.87,10884946
2011-07-13/00:00:00,2.06,2.06,1.85,1.95,5801824
2011-07-14/00:00:00,1.97,2.0,1.91,1.95,6472356
2011-07-17/00:00:00,1.99,2.06,1.99,2.02,6656872
2011-07-18/00:00:00,2.02,2.02,1.95,1.99,5691405
2011-07-19/00:00:00,1.97,1.98,1.92,1.95,4682006
2011-07-20/00:00:00,1.97,1.99,1.91,1.93,5289479
2011-07-21/00:00:00,1.94,1.95,1.88,1.91,4266302
2011-07-25/00:00:00,1.88,1.89,1.85,1.87,2566923
2011-07-26/00:00:00,1.87,1.88,1.82,1.85,3542990
2011-07-27/00:00:00,1.85,1.87,1.8,1.83,3890539
2011-07-28/00:00:00,1.84,1.86,1.8,1.82,5780950
2011-07-31/00:00:00,1.86,1.87,1.83,1.85,5299190
2011-08-01/00:00:00,1.87,1.88,1.85,1.86,4788781
2011-08-02/00:00:00,1.86,1.86,1.8,1.82,2888398
2011-08-03/00:00:00,1.8,1.84,1.74,1.79,3366621
2011-08-04/00:00:00,1.83,1.87,1.83,1.85,3618072
2011-08-07/00:00:00,1.83,1.83,1.69,1.75,4423645
2011-08-08/00:00:00,1.75,1.78,1.61,1.66,6282132
2011-08-09/00:00:00,1.61,1.64,1.51,1.57,4955347
2011-08-10/00:00:00,1.59,1.67,1.59,1.63,3619968
2011-08-11/00:00:00,1.67,1.67,1.55,1.57,4127957
2011-08-14/00:00:00,1.61,1.61,1.55,1.57,3050685
2011-08-15/00:00:00,1.57,1.6,1.55,1.57,2272231
2011-08-16/00:00:00,1.6,1.61,1.55,1.58,2838599
2011-08-17/00:00:00,1.57,1.65,1.57,1.62,6287524
2011-08-18/00:00:00,1.61,1.65,1.61,1.62,3491014
2011-08-21/00:00:00,1.56,1.58,1.55,1.56,1428366
2011-08-22/00:00:00,1.55,1.59,1.53,1.55,4754580
2011-08-23/00:00:00,1.54,1.59,1.52,1.55,3823235
2011-08-24/00:00:00,1.59,1.6,1.55,1.57,1480515
2011-08-25/00:00:00,1.58,1.58,1.55,1.56,2375435
2011-08-28/00:00:00,1.56,1.56,1.5,1.52,2324552
2011-08-29/00:00:00,1.52,1.55,1.51,1.53,1360776
2011-09-04/00:00:00,1.55,1.56,1.52,1.54,2654417
2011-09-05/00:00:00,1.52,1.61,1.5,1.57,9165389
2011-09-06/00:00:00,1.57,1.6,1.55,1.57,3898839
2011-09-07/00:00:00,1.56,1.6,1.55,1.58,7121646
2011-09-08/00:00:00,1.57,1.58,1.55,1.57,3234260
2011-09-11/00:00:00,1.55,1.55,1.52,1.54,3030887
2011-09-12/00:00:00,1.53,1.54,1.48,1.5,3564332
2011-09-13/00:00:00,1.49,1.49,1.44,1.47,2942165
2011-09-14/00:00:00,1.46,1.48,1.37,1.42,4996962
2011-09-15/00:00:00,1.41,1.42,1.31,1.35,11362350
2011-09-18/00:00:00,1.36,1.36,1.26,1.3,4202141
2011-09-19/00:00:00,1.28,1.35,1.27,1.31,5535833
2011-09-20/00:00:00,1.31,1.34,1.3,1.31,2990243
2011-09-21/00:00:00,1.3,1.35,1.29,1.31,3346221
2011-09-22/00:00:00,1.29,1.29,1.26,1.28,3610348
2011-09-25/00:00:00,1.28,1.28,1.15,1.2,4374180
2011-09-26/00:00:00,1.17,1.21,1.14,1.18,3252083
2011-09-27/00:00:00,1.2,1.23,1.14,1.18,6002624
2011-09-28/00:00:00,1.16,1.16,1.08,1.12,5260956
2011-09-29/00:00:00,1.1,1.12,1.08,1.1,5699434
2011-10-02/00:00:00,1.13,1.16,1.13,1.14,6353223
2011-10-03/00:00:00,1.14,1.14,1.1,1.11,3487838
2011-10-04/00:00:00,1.11,1.11,1.05,1.08,6618209
2011-10-05/00:00:00,1.08,1.08,1.0,1.03,5294398
2011-10-09/00:00:00,1.03,1.05,1.01,1.02,3160086
2011-10-10/00:00:00,0.92,1.02,0.92,0.99,3627351
2011-10-11/00:00:00,1.02,1.07,1.01,1.03,8786280
2011-10-12/00:00:00,1.06,1.08,1.04,1.05,2570866
2011-10-13/00:00:00,1.05,1.11,1.04,1.08,6261968
2011-10-16/00:00:00,1.11,1.14,1.1,1.12,4843819
2011-10-17/00:00:00,1.11,1.13,1.08,1.1,3497370
2011-10-18/00:00:00,1.09,1.13,1.08,1.11,3529219
2011-10-19/00:00:00,1.11,1.16,1.11,1.14,5781428
2011-10-20/00:00:00,1.14,1.17,1.14,1.15,5098991
2011-10-23/00:00:00,1.18,1.23,1.16,1.19,9230402
2011-10-24/00:00:00,1.18,1.21,1.15,1.17,3883721
2011-10-25/00:00:00,1.18,1.2,1.14,1.16,5119357
2011-10-26/00:00:00,1.14,1.21,1.14,1.16,6567829
2011-10-27/00:00:00,1.19,1.25,1.19,1.22,9022126
2011-10-30/00:00:00,1.23,1.27,1.22,1.24,4332247
2011-10-31/00:00:00,1.23,1.24,1.2,1.21,2935168
2011-11-01/00:00:00,1.19,1.21,1.17,1.19,4180116
2011-11-02/00:00:00,1.17,1.23,1.17,1.21,3908505
2011-11-09/00:00:00,1.24,1.24,1.18,1.21,1998088
2011-11-10/00:00:00,1.19,1.21,1.19,1.2,1109610
2011-11-13/00:00:00,1.2,1.2,1.13,1.14,5117265
2011-11-14/00:00:00,1.12,1.12,1.06,1.08,2157688
2011-11-15/00:00:00,1.03,1.12,1.03,1.09,2467423
2011-11-16/00:00:00,1.08,1.12,1.08,1.1,3506635
2011-11-17/00:00:00,1.1,1.12,1.08,1.09,1642190
2011-11-20/00:00:00,0.98,1.1,0.98,1.06,2316784
2011-11-21/00:00:00,1.04,1.04,0.97,1.0,3924094
2011-11-22/00:00:00,0.97,1.01,0.92,0.96,5730567
2011-11-23/00:00:00,0.96,1.03,0.96,1.0,3568846
2011-11-24/00:00:00,1.01,1.04,0.99,1.02,3388855
2011-11-29/00:00:00,1.06,1.12,1.06,1.1,6883881
2011-11-30/00:00:00,1.14,1.14,1.1,1.13,5847164
2011-12-01/00:00:00,1.14,1.16,1.13,1.14,5166347
2011-12-04/00:00:00,1.18,1.18,1.1,1.13,3556697
2011-12-05/00:00:00,1.1,1.14,1.09,1.12,2005058
2011-12-06/00:00:00,1.12,1.15,1.1,1.14,4756586
2011-12-07/00:00:00,1.14,1.16,1.11,1.14,5090377
2011-12-08/00:00:00,1.13,1.14,1.11,1.13,1363660
2011-12-11/00:00:00,1.14,1.15,1.11,1.13,2457460
2011-12-12/00:00:00,1.12,1.12,1.07,1.08,3978553
2011-12-13/00:00:00,1.08,1.1,1.07,1.08,2200953
2011-12-14/00:00:00,1.08,1.1,1.08,1.09,964834
2011-12-15/00:00:00,1.08,1.09,1.08,1.08,1477756
2011-12-18/00:00:00,1.07,1.07,1.02,1.04,3952860
2011-12-19/00:00:00,1.03,1.06,1.02,1.04,3418526
2011-12-20/00:00:00,1.04,1.04,0.97,0.99,3244834
2011-12-21/00:00:00,0.99,1.01,0.97,0.98,3474818
2011-12-22/00:00:00,0.97,0.99,0.96,0.97,2306734
2011-12-25/00:00:00,0.99,1.02,0.98,1.0,1889380
2011-12-26/00:00:00,0.99,0.99,0.97,0.97,1433320
2011-12-27/00:00:00,0.97,0.98,0.95,0.97,1745967
2011-12-28/00:00:00,0.96,0.97,0.92,0.96,2197727
2011-12-29/00:00:00,0.97,0.97,0.96,0.97,2564616
2012-01-02/00:00:00,0.97,0.99,0.97,0.97,1989447
2012-01-03/00:00:00,0.97,0.97,0.97,0.97,1440478
2012-01-04/00:00:00,0.97,0.97,0.97,0.97,621656
2012-01-05/00:00:00,0.97,0.97,0.96,0.97,835477
2012-01-09/00:00:00,0.96,0.97,0.94,0.95,1004574
2012-01-10/00:00:00,0.96,0.99,0.96,0.97,2857756
2012-01-11/00:00:00,0.98,1.04,0.98,1.01,5010491
2012-01-12/00:00:00,1.04,1.08,1.01,1.05,4247466
2012-01-15/00:00:00,1.07,1.08,1.05,1.06,3908648
2012-01-16/00:00:00,1.06,1.11,1.04,1.07,9427820
2012-01-17/00:00:00,1.05,1.12,1.05,1.09,7733152
2012-01-18/00:00:00,1.09,1.13,1.08,1.1,6667411
2012-01-19/00:00:00,1.08,1.09,1.04,1.06,6760994
2012-01-22/00:00:00,1.2,1.19,1.13,1.16,2079336
2012-01-23/00:00:00,1.02,1.1,1.02,1.08,9240392
2012-01-24/00:00:00,1.08,1.13,1.08,1.11,7706615
2012-01-26/00:00:00,1.17,1.2,1.14,1.17,14136323
2012-01-29/00:00:00,1.21,1.21,1.14,1.15,11907023
2012-01-30/00:00:00,1.14,1.2,1.12,1.16,8189570
2012-01-31/00:00:00,1.16,1.26,1.16,1.22,14599971
2012-02-01/00:00:00,1.26,1.31,1.23,1.28,13965356
2012-02-02/00:00:00,1.15,1.28,1.15,1.24,14749461
2012-02-06/00:00:00,1.18,1.23,1.18,1.2,6057382
2012-02-07/00:00:00,1.2,1.28,1.2,1.25,7467787
2012-02-08/00:00:00,1.25,1.35,1.25,1.31,13803196
2012-02-09/00:00:00,1.34,1.39,1.31,1.35,13986390
2012-02-12/00:00:00,1.38,1.49,1.38,1.45,12205925
2012-02-13/00:00:00,1.59,1.59,1.49,1.53,18313408
2012-02-14/00:00:00,1.54,1.61,1.48,1.53,14936116
2012-02-15/00:00:00,1.53,1.58,1.48,1.53,15991009
2012-02-16/00:00:00,1.49,1.66,1.48,1.59,17711527
2012-02-19/00:00:00,1.64,1.74,1.63,1.7,15567471
2012-02-20/00:00:00,1.71,1.82,1.65,1.72,22796352
2012-02-21/00:00:00,1.67,1.79,1.66,1.71,17858012
2012-02-22/00:00:00,1.67,1.75,1.67,1.7,10436190
2012-02-23/00:00:00,1.7,1.87,1.7,1.85,24448926
2012-02-26/00:00:00,2.02,2.02,1.87,1.98,20057601
2012-02-27/00:00:00,1.92,2.14,1.91,2.02,32361002
2012-02-28/00:00:00,2.07,2.1,1.91,2.0,21129142
2012-02-29/00:00:00,1.98,2.02,1.93,1.98,14665682
2012-03-01/00:00:00,2.01,2.05,1.97,2.02,13739625
2012-03-04/00:00:00,2.01,2.02,1.92,1.97,9262642
2012-03-05/00:00:00,1.93,2.05,1.91,1.99,16931479
2012-03-06/00:00:00,2.02,2.09,2.02,2.06,14824792
2012-03-07/00:00:00,2.04,2.06,1.95,2.01,13489675
2012-03-08/00:00:00,1.96,2.0,1.89,1.94,11915964
2012-03-11/00:00:00,1.96,1.97,1.86,1.89,13189541
2012-03-12/00:00:00,1.88,1.89,1.7,1.79,18960481
2012-03-13/00:00:00,1.71,1.79,1.61,1.67,13847465
2012-03-14/00:00:00,1.67,1.79,1.62,1.7,13414126
2012-03-15/00:00:00,1.7,1.83,1.7,1.78,10305630
2012-03-18/00:00:00,1.78,1.77,1.69,1.72,5909711
2012-03-19/00:00:00,1.72,1.76,1.62,1.67,10089928
2012-03-20/00:00:00,1.67,1.77,1.56,1.69,12574576
2012-03-21/00:00:00,1.69,1.77,1.66,1.69,9930939
2012-03-22/00:00:00,1.69,1.71,1.65,1.67,6228833
2012-03-25/00:00:00,1.67,1.66,1.5,1.57,10136040
2012-03-26/00:00:00,1.57,1.57,1.46,1.52,10271185
2012-03-27/00:00:00,1.52,1.57,1.49,1.54,9225231
2012-03-28/00:00:00,1.54,1.64,1.48,1.56,11779366
2012-03-29/00:00:00,1.56,1.59,1.49,1.53,8943684
2012-04-01/00:00:00,1.53,1.51,1.42,1.47,6063767
2012-04-02/00:00:00,1.47,1.48,1.4,1.44,6494895
2012-04-03/00:00:00,1.44,1.58,1.4,1.49,13506205
2012-04-04/00:00:00,1.49,1.57,1.48,1.51,6010808
2012-04-05/00:00:00,1.51,1.58,1.49,1.51,53704366
2012-04-08/00:00:00,1.51,1.56,1.47,1.5,4054032
2012-04-09/00:00:00,1.5,1.5,1.36,1.43,11541649
2012-04-10/00:00:00,1.43,1.46,1.34,1.39,7751243
2012-04-11/00:00:00,1.39,1.48,1.35,1.44,7052250
2012-04-12/00:00:00,1.44,1.49,1.44,1.47,5890939
2012-04-17/00:00:00,1.47,1.48,1.4,1.42,4629157
2012-04-18/00:00:00,1.42,1.45,1.41,1.43,3897767
2012-04-19/00:00:00,1.43,1.48,1.42,1.46,7572458
2012-04-22/00:00:00,1.46,1.58,1.46,1.54,11820376
2012-04-23/00:00:00,1.54,1.62,1.51,1.57,13904709
2012-04-24/00:00:00,1.57,1.61,1.52,1.56,10577056
2012-04-26/00:00:00,1.56,1.69,1.56,1.64,22923767
2012-04-29/00:00:00,1.64,1.73,1.63,1.69,11212485
2012-04-30/00:00:00,1.69,1.75,1.63,1.67,13781889
2012-05-02/00:00:00,1.67,1.76,1.53,1.58,11494876
2012-05-03/00:00:00,1.58,1.66,1.52,1.61,10834638
2012-05-06/00:00:00,1.61,1.72,1.6,1.68,14844198
2012-05-07/00:00:00,1.68,1.71,1.66,1.68,11811883
2012-05-08/00:00:00,1.68,1.73,1.67,1.7,10998171
2012-05-09/00:00:00,1.7,1.78,1.69,1.74,10954423
2012-05-10/00:00:00,1.74,1.76,1.72,1.74,8866073
2012-05-13/00:00:00,1.74,1.82,1.76,1.8,9312888
2012-05-14/00:00:00,1.8,1.8,1.69,1.74,15023452
2012-05-15/00:00:00,1.74,1.71,1.65,1.67,9911974
2012-05-16/00:00:00,1.67,1.68,1.64,1.67,10017698
2012-05-17/00:00:00,1.67,1.67,1.57,1.61,10068979
2012-05-20/00:00:00,1.61,1.6,1.54,1.56,6612527
2012-05-21/00:00:00,1.56,1.63,1.59,1.61,8926763
2012-05-22/00:00:00,1.61,1.64,1.58,1.61,8515368
2012-05-23/00:00:00,1.61,1.67,1.57,1.63,12029052
2012-05-24/00:00:00,1.63,1.67,1.64,1.66,5555758
2012-05-27/00:00:00,1.66,1.65,1.49,1.56,10324454
2012-05-28/00:00:00,1.56,1.56,1.48,1.51,10963027
2012-05-29/00:00:00,1.51,1.52,1.48,1.49,6240851
2012-05-30/00:00:00,1.49,1.52,1.45,1.49,8863754
2012-05-31/00:00:00,1.49,1.49,1.44,1.48,7690518
2012-06-03/00:00:00,1.48,1.47,1.37,1.44,3978222
2012-06-04/00:00:00,1.44,1.47,1.39,1.43,5834281
2012-06-05/00:00:00,1.31,1.42,1.34,1.37,7110368
2012-06-06/00:00:00,1.37,1.41,1.36,1.39,4534600
2012-06-07/00:00:00,1.39,1.41,1.38,1.4,3673396
2012-06-10/00:00:00,1.4,1.42,1.38,1.4,4282507
2012-06-11/00:00:00,1.4,1.4,1.3,1.33,7626470
2012-06-12/00:00:00,1.33,1.39,1.31,1.35,9256478
2012-06-13/00:00:00,1.35,1.37,1.31,1.33,6161820
2012-06-14/00:00:00,1.33,1.4,1.31,1.36,7307290
2012-06-18/00:00:00,1.36,1.4,1.3,1.32,9904186
2012-06-19/00:00:00,1.32,1.33,1.21,1.28,6767907
2012-06-20/00:00:00,1.28,1.3,1.25,1.28,3972667
2012-06-21/00:00:00,1.28,1.29,1.23,1.26,6278560
2012-06-24/00:00:00,1.26,1.38,1.27,1.36,6629442
2012-06-25/00:00:00,1.36,1.49,1.33,1.48,8695313
2012-06-26/00:00:00,1.48,1.62,1.52,1.59,17475522
2012-06-27/00:00:00,1.59,1.69,1.57,1.65,9918343
2012-06-28/00:00:00,1.65,1.73,1.64,1.68,9061009
2012-07-02/00:00:00,1.68,1.86,1.74,1.82,20986967
2012-07-03/00:00:00,1.82,1.89,1.79,1.85,17301909
2012-07-04/00:00:00,1.85,1.85,1.78,1.81,11975433
2012-07-05/00:00:00,1.81,1.88,1.8,1.86,10657217
2012-07-08/00:00:00,1.86,1.87,1.72,1.79,15786178
2012-07-09/00:00:00,1.79,1.72,1.61,1.68,14918230
2012-07-10/00:00:00,1.68,1.75,1.67,1.71,6144598
2012-07-11/00:00:00,1.71,1.76,1.69,1.73,6160817
2012-07-12/00:00:00,1.73,1.81,1.73,1.77,12382893
2012-07-15/00:00:00,1.77,1.76,1.67,1.7,4305897
2012-07-16/00:00:00,1.7,1.72,1.67,1.68,3479708
2012-07-17/00:00:00,1.68,1.73,1.67,1.71,4053439
2012-07-18/00:00:00,1.71,1.74,1.68,1.71,2944773
2012-07-19/00:00:00,1.71,1.77,1.73,1.75,6957769
2012-07-22/00:00:00,1.75,1.77,1.73,1.75,3666497
2012-07-24/00:00:00,1.75,1.77,1.68,1.72,10860798
2012-07-25/00:00:00,1.72,1.74,1.68,1.7,5075882
2012-07-26/00:00:00,1.7,1.72,1.67,1.7,3477874
2012-07-29/00:00:00,1.7,1.73,1.68,1.7,4127094
2012-07-30/00:00:00,1.7,1.71,1.68,1.69,5196621
2012-07-31/00:00:00,1.69,1.78,1.71,1.75,9560721
2012-08-01/00:00:00,1.75,1.8,1.75,1.77,6078969
2012-08-02/00:00:00,1.77,1.78,1.74,1.76,6207845
2012-08-05/00:00:00,1.76,1.85,1.75,1.81,10537788
2012-08-06/00:00:00,1.81,1.88,1.67,1.85,13722170
2012-08-07/00:00:00,1.85,1.9,1.84,1.86,6370521
2012-08-08/00:00:00,1.86,1.87,1.77,1.82,12501260
2012-08-09/00:00:00,1.82,1.82,1.74,1.79,7956642
2012-08-12/00:00:00,1.79,1.83,1.74,1.79,3981192
2012-08-13/00:00:00,1.79,1.87,1.77,1.83,8404948
2012-08-14/00:00:00,1.83,1.87,1.83,1.85,6340614
2012-08-15/00:00:00,1.85,1.86,1.83,1.85,8212222
2012-08-16/00:00:00,1.85,1.92,1.86,1.89,16778090
2012-08-21/00:00:00,1.89,1.94,1.87,1.91,8760696
2012-08-22/00:00:00,1.91,1.92,1.87,1.9,7106406
2012-08-23/00:00:00,1.9,2.0,1.85,1.96,12767266
2012-08-26/00:00:00,1.96,2.02,1.95,1.98,8991281
2012-08-27/00:00:00,1.98,2.02,1.95,1.99,10805128
2012-08-28/00:00:00,1.99,2.02,1.96,2.0,8589059
2012-08-29/00:00:00,2.0,1.99,1.92,1.95,7627838
2012-08-30/00:00:00,1.95,2.02,1.94,1.99,9930890
2012-09-02/00:00:00,1.99,2.09,2.01,2.06,15981734
2012-09-03/00:00:00,2.06,2.24,2.02,2.13,23869743
2012-09-04/00:00:00,2.13,2.26,2.18,2.22,11123338
2012-09-05/00:00:00,2.22,2.26,2.16,2.21,9793917
2012-09-06/00:00:00,2.21,2.32,2.22,2.27,13379149
2012-09-09/00:00:00,2.27,2.34,2.2,2.26,17089756
2012-09-10/00:00:00,2.26,2.38,2.19,2.29,19226655
2012-09-11/00:00:00,2.29,2.53,2.36,2.45,16287901
2012-09-12/00:00:00,2.45,2.62,2.45,2.52,20305882
2012-09-13/00:00:00,2.52,2.66,2.44,2.55,22676116
2012-09-16/00:00:00,2.55,2.81,2.55,2.75,18984950
2012-09-17/00:00:00,2.75,2.9,2.64,2.77,27297656
2012-09-18/00:00:00,2.77,3.0,2.65,2.85,21894493
2012-09-19/00:00:00,2.85,3.12,2.81,2.9,16712753
2012-09-20/00:00:00,2.9,2.99,2.76,2.87,17183250
2012-09-23/00:00:00,2.87,2.9,2.76,2.84,12533276
2012-09-24/00:00:00,2.84,2.88,2.75,2.82,14584778
2012-09-25/00:00:00,2.82,2.92,2.79,2.87,18293317
2012-09-26/00:00:00,2.87,2.87,2.66,2.8,18610559
2012-09-27/00:00:00,2.8,2.84,2.57,2.66,22392323
2012-09-30/00:00:00,2.66,2.67,2.51,2.58,18048838
2012-10-01/00:00:00,2.58,2.64,2.32,2.41,23049912
2012-10-02/00:00:00,2.41,2.45,2.25,2.37,15981113
2012-10-03/00:00:00,2.37,2.45,2.33,2.4,15897457
2012-10-04/00:00:00,2.4,2.5,2.35,2.41,19462119
2012-10-08/00:00:00,2.41,2.43,2.2,2.28,16064529
2012-10-09/00:00:00,2.28,2.36,2.18,2.27,18508881
2012-10-10/00:00:00,2.27,2.41,2.29,2.36,15296023
2012-10-11/00:00:00,2.36,2.39,2.26,2.32,16134975
2012-10-14/00:00:00,2.32,2.37,2.26,2.31,9421478
2012-10-15/00:00:00,2.31,2.55,2.25,2.29,11237623
2012-10-16/00:00:00,2.29,2.32,2.23,2.27,15854802
2012-10-17/00:00:00,2.27,2.36,2.31,2.34,13054777
2012-10-18/00:00:00,2.34,2.37,2.29,2.32,13075040
2012-10-21/00:00:00,2.32,2.33,2.24,2.27,8526102
2012-10-22/00:00:00,2.27,2.29,2.23,2.26,7636441
2012-10-23/00:00:00,2.26,2.38,2.22,2.31,19608243
2012-10-24/00:00:00,2.31,2.5,2.34,2.45,22078390
2012-10-29/00:00:00,2.45,2.68,2.33,2.53,13742454
2012-10-30/00:00:00,2.53,2.65,2.27,2.47,22753888
2012-10-31/00:00:00,2.47,2.49,2.37,2.42,12784091
2012-11-01/00:00:00,2.42,2.44,2.27,2.35,16282629
2012-11-04/00:00:00,2.35,2.33,2.14,2.23,12380779
2012-11-05/00:00:00,2.23,2.3,2.12,2.22,16410447
2012-11-06/00:00:00,2.22,2.32,2.24,2.26,12283939
2012-11-07/00:00:00,2.26,2.34,2.21,2.28,18484416
2012-11-08/00:00:00,2.28,2.34,2.26,2.3,13269139
2012-11-11/00:00:00,2.3,2.33,2.26,2.29,8871474
2012-11-12/00:00:00,2.29,2.32,2.26,2.28,10060342
2012-11-13/00:00:00,2.28,2.35,2.28,2.32,10607014
2012-11-14/00:00:00,2.32,2.34,2.26,2.29,15022892
2012-11-18/00:00:00,2.29,2.22,2.12,2.18,11898235
2012-11-19/00:00:00,2.18,2.22,1.98,2.13,19609920
2012-11-20/00:00:00,2.13,2.19,1.91,2.08,19710492
2012-11-21/00:00:00,2.08,2.2,2.03,2.08,14954706
2012-11-22/00:00:00,2.08,2.28,2.04,2.11,20776134
2012-11-25/00:00:00,2.11,2.07,1.9,1.91,2492099
2012-11-26/00:00:00,1.91,1.93,1.72,1.87,17892957
2012-11-27/00:00:00,1.87,1.89,1.8,1.86,6830366
2012-11-28/00:00:00,1.86,1.86,1.67,1.7,19995311
2012-11-29/00:00:00,1.7,1.72,1.59,1.67,9207681
2012-12-02/00:00:00,1.67,1.85,1.52,1.71,11277791
2012-12-03/00:00:00,1.71,1.72,1.63,1.67,7182406
2012-12-04/00:00:00,1.67,1.83,1.67,1.75,20744842
2012-12-05/00:00:00,1.75,1.85,1.59,1.77,12521846
2012-12-06/00:00:00,1.77,1.78,1.6,1.7,14465016
2012-12-09/00:00:00,1.7,1.85,1.72,1.78,12764543
2012-12-10/00:00:00,1.79,1.78,1.72,1.77,9420548
2012-12-11/00:00:00,1.76,1.8,1.76,1.78,8181923
2012-12-12/00:00:00,1.78,1.94,1.79,1.87,20515885
2012-12-13/00:00:00,1.87,2.06,1.89,1.96,18997637
2012-12-16/00:00:00,1.96,2.1,1.95,2.05,25957666
2012-12-17/00:00:00,2.05,2.09,2.01,2.04,27549457
2012-12-18/00:00:00,2.04,2.24,1.99,2.13,39229863
2012-12-19/00:00:00,2.13,2.27,2.13,2.23,27624282
2012-12-20/00:00:00,2.23,2.26,2.18,2.22,17317201
2012-12-23/00:00:00,2.22,2.36,2.05,2.16,32756091
2012-12-24/00:00:00,2.16,2.2,2.07,2.14,16477291
2012-12-25/00:00:00,2.14,2.15,2.03,2.07,23547308
2012-12-26/00:00:00,2.07,2.14,1.93,2.06,27218012
2012-12-27/00:00:00,2.06,2.21,2.12,2.17,23383164
2012-12-30/00:00:00,2.17,2.26,2.13,2.17,19100558
2012-12-31/00:00:00,2.17,2.19,2.09,2.15,16521910
2013-01-02/00:00:00,2.15,2.26,2.19,2.24,22599280
2013-01-03/00:00:00,2.24,2.29,2.23,2.26,25465577
2013-01-06/00:00:00,2.26,2.33,2.24,2.26,29322875
2013-01-08/00:00:00,2.26,2.37,2.25,2.32,31160155
2013-01-09/00:00:00,2.32,2.39,2.31,2.36,28178805
2013-01-10/00:00:00,2.36,2.36,2.26,2.3,25710341
2013-01-13/00:00:00,2.3,2.31,2.24,2.26,19290769
2013-01-14/00:00:00,2.26,2.3,2.2,2.26,18871865
2013-01-15/00:00:00,2.26,2.25,2.14,2.19,21631849
2013-01-16/00:00:00,2.19,2.27,2.11,2.23,30915689
2013-01-17/00:00:00,2.23,2.28,2.18,2.23,19716968
2013-01-20/00:00:00,2.23,2.26,2.08,2.17,18708805
2013-01-21/00:00:00,2.17,2.12,2.06,2.09,16426538
2013-01-22/00:00:00,2.09,2.18,2.1,2.15,17029102
2013-01-23/00:00:00,2.15,2.2,2.12,2.16,18940982
2013-01-27/00:00:00,2.16,2.19,1.94,2.12,14218367
2013-01-28/00:00:00,2.12,2.16,2.07,2.1,16177665
2013-01-29/00:00:00,2.1,2.08,1.98,2.04,19839139
2013-01-30/00:00:00,2.04,2.1,1.98,2.07,13271081
2013-01-31/00:00:00,2.07,2.15,2.02,2.09,25306603
2013-02-03/00:00:00,2.09,2.23,2.14,2.19,22004725
2013-02-04/00:00:00,2.19,2.25,2.19,2.21,25393583
2013-02-05/00:00:00,2.21,2.26,2.2,2.23,21438662
2013-02-06/00:00:00,2.23,2.25,2.15,2.19,22348793
2013-02-07/00:00:00,2.19,2.22,2.16,2.2,12639566
2013-02-10/00:00:00,2.2,2.23,2.17,2.2,11958001
2013-02-11/00:00:00,2.2,2.2,2.17,2.19,8240534
2013-02-12/00:00:00,2.19,2.26,2.19,2.24,22522436
2013-02-13/00:00:00,2.24,2.25,2.19,2.21,16705984
2013-02-14/00:00:00,2.21,2.22,2.2,2.2,8548020
2013-02-17/00:00:00,2.2,2.24,2.21,2.22,9798286
2013-02-18/00:00:00,2.22,2.24,2.18,2.2,11367025
2013-02-19/00:00:00,2.2,2.2,2.09,2.14,17151713
2013-02-20/00:00:00,2.14,2.14,1.92,2.08,12184144
2013-02-21/00:00:00,2.08,2.1,2.06,2.08,10100400
2013-02-24/00:00:00,2.08,2.09,2.0,2.03,13291972
2013-02-25/00:00:00,2.03,2.07,2.0,2.04,14842552
2013-02-26/00:00:00,2.04,2.07,1.98,2.04,8542568
2013-02-27/00:00:00,2.04,2.06,2.01,2.03,10148296
2013-02-28/00:00:00,2.03,2.04,1.98,2.01,16391118
2013-03-03/00:00:00,2.01,2.02,1.98,2.0,11225313
2013-03-04/00:00:00,2.0,1.98,1.81,1.87,23220425
2013-03-05/00:00:00,1.87,1.88,1.78,1.85,12372035
2013-03-06/00:00:00,1.85,1.88,1.81,1.85,18076391
2013-03-07/00:00:00,1.85,1.89,1.85,1.87,11570735
2013-03-10/00:00:00,1.87,2.05,1.85,1.89,13050302
2013-03-11/00:00:00,1.89,1.94,1.9,1.92,9417652
2013-03-12/00:00:00,1.92,1.96,1.91,1.93,11460173
2013-03-13/00:00:00,1.93,1.91,1.87,1.89,8618990
2013-03-14/00:00:00,1.89,1.9,1.87,1.88,10870139
2013-03-17/00:00:00,1.88,1.99,1.84,1.91,8946570
2013-03-18/00:00:00,1.91,1.91,1.86,1.88,6772652
2013-03-19/00:00:00,1.88,1.91,1.88,1.9,8373012
2013-03-20/00:00:00,1.9,1.89,1.85,1.87,7091248
2013-03-21/00:00:00,1.87,1.89,1.86,1.87,8999621
2013-03-24/00:00:00,1.87,1.89,1.85,1.87,8438243
2013-03-25/00:00:00,1.87,1.88,1.85,1.86,6028921
2013-03-26/00:00:00,1.86,1.85,1.79,1.81,11084831
2013-03-27/00:00:00,1.81,1.82,1.78,1.8,11623240
2013-03-28/00:00:00,1.8,1.82,1.77,1.79,8939005
2013-03-31/00:00:00,1.79,1.78,1.68,1.73,11602139
2013-04-01/00:00:00,1.73,1.81,1.57,1.69,12511763
2013-04-02/00:00:00,1.69,1.72,1.68,1.7,9524176
2013-04-03/00:00:00,1.7,1.68,1.63,1.66,12927530
2013-04-04/00:00:00,1.66,1.68,1.62,1.67,9954517
2013-04-07/00:00:00,1.67,1.68,1.66,1.67,6882496
2013-04-08/00:00:00,1.67,1.72,1.67,1.69,10909068
2013-04-09/00:00:00,1.69,1.74,1.7,1.72,9299100
2013-04-10/00:00:00,1.72,1.82,1.7,1.77,18763700
2013-04-11/00:00:00,1.77,1.9,1.8,1.87,22611939
2013-04-14/00:00:00,1.87,1.92,1.87,1.9,16996771
2013-04-15/00:00:00,1.9,1.92,1.86,1.88,18439941
2013-04-16/00:00:00,1.88,1.91,1.87,1.89,18898256
2013-04-17/00:00:00,1.89,1.87,1.84,1.86,11064278
2013-04-18/00:00:00,1.86,1.95,1.85,1.91,23425880
2013-04-21/00:00:00,1.91,2.0,1.91,1.95,19237638
2013-04-22/00:00:00,1.95,1.94,1.9,1.91,11928428
2013-04-23/00:00:00,1.91,1.94,1.85,1.89,18392637
2013-04-24/00:00:00,1.89,1.91,1.76,1.88,15670019
2013-04-28/00:00:00,1.88,1.93,1.89,1.91,10021699
2013-04-29/00:00:00,1.91,1.91,1.88,1.89,7445180
2013-04-30/00:00:00,1.89,1.92,1.88,1.9,12310353
2013-05-02/00:00:00,1.9,1.92,1.89,1.91,12213103
2013-05-07/00:00:00,1.91,2.03,1.91,1.98,34412188
2013-05-08/00:00:00,1.98,2.03,1.98,2.01,13412525
2013-05-09/00:00:00,2.01,2.02,1.98,2.0,9764637
2013-05-12/00:00:00,2.0,2.01,1.96,1.98,12165904
2013-05-13/00:00:00,1.98,1.97,1.92,1.94,17684098
2013-05-14/00:00:00,1.94,2.06,1.93,2.01,30712262
2013-05-15/00:00:00,2.01,2.12,2.02,2.08,34652968
2013-05-16/00:00:00,2.08,2.08,2.04,2.06,17517513
2013-05-19/00:00:00,2.06,2.09,2.06,2.07,6193744
2013-05-20/00:00:00,2.07,2.07,2.03,2.04,11530623
2013-05-21/00:00:00,2.04,2.07,2.02,2.05,6922563
2013-05-22/00:00:00,2.05,2.07,2.03,2.05,6059972
2013-05-23/00:00:00,2.05,2.04,2.01,2.02,9506963
2013-05-26/00:00:00,2.02,2.02,1.95,1.97,8385917
2013-05-27/00:00:00,1.97,2.0,1.92,1.96,9415879
2013-05-28/00:00:00,1.96,2.0,1.96,1.98,6653343
2013-05-29/00:00:00,1.98,1.96,1.9,1.92,13825721
2013-05-30/00:00:00,1.92,1.99,1.91,1.95,16150943
2013-06-02/00:00:00,1.95,1.97,1.91,1.93,9937846
2013-06-03/00:00:00,1.93,1.94,1.85,1.89,11642053
2013-06-04/00:00:00,1.89,1.87,1.8,1.83,13510466
2013-06-05/00:00:00,1.83,1.84,1.67,1.73,16218939
2013-06-06/00:00:00,1.73,1.74,1.67,1.71,10989262
2013-06-09/00:00:00,1.71,1.74,1.57,1.66,12465801
2013-06-10/00:00:00,1.66,1.61,1.5,1.54,12636900
2013-06-11/00:00:00,1.54,1.61,1.53,1.57,8424568
2013-06-12/00:00:00,1.57,1.56,1.42,1.44,13870842
2013-06-13/00:00:00,1.44,1.46,1.34,1.42,10611290
2013-06-16/00:00:00,1.42,1.46,1.36,1.4,8862867
2013-06-17/00:00:00,1.4,1.43,1.35,1.4,10132134
2013-06-18/00:00:00,1.4,1.45,1.38,1.41,6807876
2013-06-19/00:00:00,1.41,1.41,1.36,1.37,7365019
2013-06-20/00:00:00,1.37,1.39,1.34,1.37,7301160
2013-06-23/00:00:00,1.37,1.37,1.29,1.31,8107369
2013-06-24/00:00:00,1.31,1.38,1.28,1.33,9551272
2013-06-25/00:00:00,1.33,1.43,1.35,1.4,10455847
2013-06-26/00:00:00,1.4,1.44,1.37,1.4,11977919
2013-06-27/00:00:00,1.4,1.45,1.37,1.43,10090481
2013-06-30/00:00:00,1.43,1.44,1.39,1.42,9885867
2013-07-02/00:00:00,1.42,1.56,1.42,1.55,23040586
2013-07-03/00:00:00,1.55,1.68,1.4,1.61,20691490
2013-07-04/00:00:00,1.61,1.77,1.69,1.77,640916
2013-07-07/00:00:00,1.77,1.94,1.76,1.92,42509063
2013-07-08/00:00:00,1.92,1.96,1.85,1.89,26467506
2013-07-09/00:00:00,1.89,2.07,1.91,2.04,26380650
2013-07-10/00:00:00,2.04,2.24,2.04,2.14,35768651
2013-07-11/00:00:00,2.14,2.35,1.92,2.17,28306993
2013-07-14/00:00:00,2.17,2.18,2.08,2.13,20406010
2013-07-15/00:00:00,2.13,2.13,2.02,2.09,23788744
2013-07-16/00:00:00,2.09,2.2,2.11,2.17,21975963
2013-07-17/00:00:00,2.17,2.24,2.1,2.16,29068758
2013-07-18/00:00:00,2.16,2.2,2.08,2.13,11571763
2013-07-21/00:00:00,2.13,2.2,2.13,2.18,17476221
2013-07-22/00:00:00,2.18,2.21,2.16,2.19,18674069
2013-07-24/00:00:00,2.19,2.17,1.99,2.08,23727983
2013-07-25/00:00:00,2.08,2.13,2.0,2.08,16274847
2013-07-28/00:00:00,2.08,2.16,2.02,2.12,12836435
2013-07-29/00:00:00,2.12,2.15,2.09,2.11,9879494
2013-07-30/00:00:00,2.11,2.13,2.08,2.1,9495761
2013-07-31/00:00:00,2.1,2.1,2.05,2.07,15014593
2013-08-01/00:00:00,2.07,2.1,2.07,2.09,7297577
2013-08-04/00:00:00,2.09,2.29,2.09,2.16,27484068
2013-08-05/00:00:00,2.16,2.24,2.16,2.21,26327003
2013-08-06/00:00:00,2.21,2.21,2.16,2.2,10317391
2013-08-07/00:00:00,2.2,2.2,2.11,2.16,19731157
2013-08-12/00:00:00,2.16,2.18,2.1,2.13,15167843
2013-08-13/00:00:00,2.13,2.18,2.13,2.15,13482076
2013-08-14/00:00:00,2.15,2.15,2.05,2.1,16766113
2013-08-18/00:00:00,2.1,2.11,2.01,2.04,13918105
2013-08-19/00:00:00,2.04,2.07,2.02,2.06,12694108
2013-08-20/00:00:00,2.06,2.16,2.09,2.11,13201739
2013-08-21/00:00:00,2.11,2.13,2.07,2.09,11434163
2013-08-22/00:00:00,2.09,2.15,2.09,2.12,10436114
2013-08-25/00:00:00,2.12,2.17,2.13,2.14,8863347
2013-08-26/00:00:00,2.14,2.14,2.09,2.11,10385596
2013-08-27/00:00:00,2.11,2.09,2.0,2.04,18105343
2013-08-28/00:00:00,2.04,2.03,1.85,1.95,19897589
2013-08-29/00:00:00,1.95,2.15,1.92,1.99,11394521
2013-09-01/00:00:00,1.99,2.05,1.97,2.02,17752912
2013-09-02/00:00:00,2.02,2.02,1.91,1.95,12158544
2013-09-03/00:00:00,1.95,1.98,1.87,1.91,13915671
2013-09-04/00:00:00,1.91,1.95,1.85,1.88,12751582
2013-09-05/00:00:00,1.88,1.93,1.85,1.88,9230851
2013-09-08/00:00:00,1.88,1.91,1.85,1.88,8159159
2013-09-09/00:00:00,1.88,1.94,1.87,1.91,14579901
2013-09-10/00:00:00,1.91,2.04,1.93,2.01,25883228
2013-09-11/00:00:00,2.01,2.04,1.97,2.02,20480182
2013-09-12/00:00:00,2.02,2.03,1.97,2.01,11471976
2013-09-15/00:00:00,2.01,2.07,1.85,2.04,21157569
2013-09-16/00:00:00,2.04,2.08,2.02,2.05,12086768
2013-09-17/00:00:00,2.05,2.07,2.01,2.03,12593184
2013-09-18/00:00:00,2.03,2.06,2.0,2.02,9874389
2013-09-19/00:00:00,2.02,2.23,1.98,2.05,14275242
2013-09-22/00:00:00,2.05,2.12,2.07,2.09,14338713
2013-09-23/00:00:00,2.09,2.15,2.06,2.09,17088978
2013-09-24/00:00:00,2.09,2.14,2.08,2.11,12032030
2013-09-25/00:00:00,2.11,2.12,2.08,2.1,9191786
2013-09-26/00:00:00,2.1,2.17,2.1,2.14,22881164
2013-09-29/00:00:00,2.14,2.18,2.07,2.11,12548300
2013-09-30/00:00:00,2.11,2.12,2.04,2.07,18000733
2013-10-01/00:00:00,2.07,2.11,2.06,2.09,12136761
2013-10-02/00:00:00,2.09,2.09,2.05,2.07,7508014
2013-10-03/00:00:00,2.07,2.13,2.06,2.1,11433240
2013-10-07/00:00:00,2.1,2.15,2.08,2.12,9284108
2013-10-08/00:00:00,2.12,2.12,2.07,2.1,6457818
2013-10-09/00:00:00,2.1,2.13,2.07,2.11,9673639
2013-10-10/00:00:00,2.11,2.16,2.1,2.13,17956708
2013-10-13/00:00:00,2.13,2.15,2.11,2.13,12071771
2013-10-20/00:00:00,2.13,2.17,2.11,2.13,14202469
2013-10-21/00:00:00,2.13,2.26,2.1,2.2,53071482
2013-10-22/00:00:00,2.2,2.32,2.22,2.28,45102855
2013-10-23/00:00:00,2.28,2.32,2.23,2.28,29027536
2013-10-24/00:00:00,2.28,2.38,2.26,2.33,32430567
2013-10-27/00:00:00,2.33,2.44,2.34,2.39,23101399
2013-10-28/00:00:00,2.39,2.37,2.22,2.26,23886230
2013-10-29/00:00:00,2.27,2.36,2.06,2.31,11109113
2013-10-30/00:00:00,2.31,2.37,2.29,2.33,11377753
2013-10-31/00:00:00,2.33,2.34,2.28,2.3,7614609
2013-11-03/00:00:00,2.3,2.31,2.27,2.28,6123106
2013-11-04/00:00:00,2.28,2.34,2.26,2.3,11206295
2013-11-06/00:00:00,2.3,2.38,2.31,2.35,21014633
2013-11-07/00:00:00,2.35,2.44,2.34,2.37,13335020
2013-11-10/00:00:00,2.37,2.38,2.32,2.35,12419157
2013-11-11/00:00:00,2.35,2.35,2.13,2.32,10546810
2013-11-12/00:00:00,2.32,2.37,2.13,2.32,6603379
2013-11-13/00:00:00,2.32,2.32,2.26,2.29,11469874
2013-11-14/00:00:00,2.29,2.32,2.26,2.28,4294548
2013-11-17/00:00:00,2.28,2.32,2.27,2.3,4741116
2013-11-18/00:00:00,2.3,2.33,2.28,2.31,7554790
2013-11-19/00:00:00,2.31,2.5,2.29,2.4,41862453
2013-11-20/00:00:00,2.4,2.56,2.39,2.51,26391198
2013-11-21/00:00:00,2.51,2.53,2.43,2.49,29700585
2013-11-24/00:00:00,2.49,2.51,2.44,2.47,10718361
2013-11-25/00:00:00,2.47,2.53,2.37,2.41,19555954
2013-11-26/00:00:00,2.41,2.42,2.38,2.4,9017745
2013-11-27/00:00:00,2.4,2.41,2.29,2.35,13347123
2013-11-28/00:00:00,2.35,2.35,2.28,2.32,12129749
2013-12-01/00:00:00,2.32,2.45,2.31,2.4,20734182
2013-12-02/00:00:00,2.4,2.64,2.36,2.45,30198328
2013-12-03/00:00:00,2.45,2.43,2.36,2.38,8795515
2013-12-04/00:00:00,2.38,2.41,2.36,2.38,7447916
2013-12-05/00:00:00,2.38,2.4,2.33,2.37,7962429
2013-12-08/00:00:00,2.37,2.44,2.34,2.39,16246238
2013-12-09/00:00:00,2.39,2.39,2.3,2.34,12245979
2013-12-10/00:00:00,2.34,2.36,2.31,2.34,6592969
2013-12-11/00:00:00,2.34,2.35,2.32,2.34,5677299
2013-12-12/00:00:00,2.34,2.43,2.36,2.4,17386880
2013-12-15/00:00:00,2.4,2.46,2.38,2.42,13237969
2013-12-16/00:00:00,2.42,2.43,2.37,2.39,4567385
2013-12-17/00:00:00,2.39,2.47,2.4,2.44,15585905
2013-12-18/00:00:00,2.44,2.47,2.42,2.45,15408717
2013-12-19/00:00:00,2.45,2.49,2.43,2.47,20329842
2013-12-22/00:00:00,2.47,2.57,2.46,2.51,25921584
2013-12-23/00:00:00,2.51,2.51,2.46,2.48,11551329
2013-12-24/00:00:00,2.48,2.49,2.45,2.47,9030231
2013-12-25/00:00:00,2.47,2.54,2.47,2.52,16088578
2013-12-26/00:00:00,2.52,2.54,2.48,2.49,9571528
2013-12-29/00:00:00,2.49,2.5,2.43,2.46,7586320
2013-12-30/00:00:00,2.46,2.47,2.44,2.46,3986602
2013-12-31/00:00:00,2.46,2.47,2.41,2.43,9832348
2014-01-02/00:00:00,2.43,2.46,2.44,2.46,4931033
2014-01-05/00:00:00,2.46,2.48,2.44,2.46,13216144
2014-01-06/00:00:00,2.46,2.48,2.41,2.44,11344982
2014-01-08/00:00:00,2.44,2.52,2.42,2.48,14910370
2014-01-09/00:00:00,2.48,2.66,2.48,2.55,30329081
2014-01-12/00:00:00,2.55,2.67,2.58,2.64,24900004
2014-01-14/00:00:00,2.64,2.74,2.64,2.68,38172281
2014-01-15/00:00:00,2.68,2.69,2.62,2.66,21451077
2014-01-16/00:00:00,2.66,2.66,2.58,2.62,10258970
2014-01-19/00:00:00,2.62,2.62,2.5,2.55,9157768
2014-01-20/00:00:00,2.55,2.58,2.5,2.54,8441864
2014-01-21/00:00:00,2.54,2.6,2.52,2.56,13131066
2014-01-22/00:00:00,2.56,2.67,2.59,2.64,16728898
2014-01-23/00:00:00,2.64,2.76,2.62,2.66,15020295
2014-01-26/00:00:00,2.66,2.67,2.59,2.63,14994289
2014-01-27/00:00:00,2.63,2.72,2.61,2.67,12719853
2014-01-28/00:00:00,2.67,2.78,2.69,2.74,41024244
2014-01-29/00:00:00,2.74,2.86,2.72,2.81,32191675
2014-01-30/00:00:00,2.81,2.92,2.83,2.88,35558696
2014-02-02/00:00:00,2.88,2.93,2.83,2.89,19183911
2014-02-03/00:00:00,2.89,2.88,2.82,2.85,14079638
2014-02-04/00:00:00,2.85,2.86,2.74,2.79,11844398
2014-02-05/00:00:00,2.79,2.86,2.78,2.83,11283859
2014-02-06/00:00:00,2.83,2.93,2.85,2.9,18733463
2014-02-09/00:00:00,2.9,2.99,2.87,2.94,22402450
2014-02-10/00:00:00,2.94,3.0,2.91,2.96,12310915
2014-02-11/00:00:00,2.96,3.0,2.9,2.96,13152995
2014-02-12/00:00:00,2.96,3.0,2.9,2.94,15114393
2014-02-13/00:00:00,2.94,2.92,2.86,2.89,18366894
2014-02-16/00:00:00,2.89,2.92,2.8,2.86,11865827
2014-02-17/00:00:00,2.86,2.99,2.73,2.89,27239220
2014-02-18/00:00:00,2.89,3.01,2.91,2.97,23439909
2014-02-19/00:00:00,2.97,3.05,2.92,2.99,26962305
2014-02-20/00:00:00,2.99,3.14,3.0,3.08,24991248
2014-02-23/00:00:00,3.08,3.16,3.06,3.12,23304304
2014-02-24/00:00:00,3.12,3.22,3.05,3.13,19870747
2014-02-25/00:00:00,3.13,3.21,3.06,3.13,18549465
2014-02-26/00:00:00,3.13,3.19,2.99,3.12,16867410
2014-02-27/00:00:00,3.12,3.23,3.15,3.18,16397831
2014-03-02/00:00:00,3.18,3.23,3.06,3.14,18773674
2014-03-03/00:00:00,3.14,3.13,2.97,3.04,17339660
2014-03-04/00:00:00,3.04,3.18,3.03,3.11,14978637
2014-03-05/00:00:00,3.11,3.24,3.15,3.21,25827148
2014-03-06/00:00:00,3.21,3.21,3.15,3.18,9183668
2014-03-09/00:00:00,3.18,3.2,3.1,3.15,9844328
2014-03-10/00:00:00,3.15,3.21,3.09,3.17,9258751
2014-03-11/00:00:00,3.17,3.37,3.19,3.28,29915513
2014-03-12/00:00:00,3.28,3.46,3.32,3.43,27558623
2014-03-13/00:00:00,3.43,3.56,3.43,3.51,25885849
2014-03-16/00:00:00,3.51,3.63,3.47,3.55,21025010
2014-03-17/00:00:00,3.55,3.62,3.52,3.56,10102188
2014-03-18/00:00:00,3.56,3.78,3.61,3.7,29388231
2014-03-19/00:00:00,3.7,3.81,3.67,3.73,21291861
2014-03-20/00:00:00,3.73,3.83,3.69,3.79,24659357
2014-03-23/00:00:00,3.79,3.86,3.74,3.82,14320642
2014-03-24/00:00:00,3.82,3.87,3.77,3.83,9925425
2014-03-25/00:00:00,3.83,3.97,3.84,3.91,16345788
2014-03-26/00:00:00,3.91,3.97,3.84,3.91,8817892
2014-03-27/00:00:00,3.91,3.97,3.54,3.71,37662000
2014-03-30/00:00:00,3.71,3.7,3.56,3.64,11664489
2014-03-31/00:00:00,3.64,3.68,3.28,3.42,19209042
2014-04-01/00:00:00,3.42,3.55,3.37,3.48,9143278
2014-04-02/00:00:00,3.48,3.61,3.4,3.48,18527137
2014-04-03/00:00:00,3.48,3.44,3.2,3.29,14138079
2014-04-06/00:00:00,3.29,3.43,3.0,3.21,16191215
2014-04-07/00:00:00,3.21,3.23,3.03,3.15,16289913
2014-04-08/00:00:00,3.15,3.31,3.17,3.25,10345237
2014-04-09/00:00:00,3.25,3.37,3.16,3.29,9351845
2014-04-10/00:00:00,3.29,3.53,3.29,3.44,17528653
2014-04-13/00:00:00,3.44,3.51,3.31,3.4,8673698
2014-04-14/00:00:00,3.4,3.47,3.33,3.41,7472195
2014-04-15/00:00:00,3.41,3.57,3.39,3.53,16141161
2014-04-16/00:00:00,3.53,3.61,3.52,3.56,12924361
2014-04-17/00:00:00,3.56,3.77,3.51,3.67,14838717
2014-04-22/00:00:00,3.67,3.88,3.75,3.8,10828418
2014-04-23/00:00:00,3.8,3.9,3.77,3.84,19038646
2014-04-27/00:00:00,3.84,3.86,3.72,3.79,8254233
2014-04-28/00:00:00,3.79,3.78,3.54,3.66,21878389
2014-04-29/00:00:00,3.66,3.74,3.56,3.67,14259608
2014-04-30/00:00:00,3.67,3.85,3.68,3.79,21359268
2014-05-04/00:00:00,3.79,3.92,3.77,3.88,13192427
2014-05-05/00:00:00,3.88,3.91,3.83,3.87,9521734
2014-05-06/00:00:00,3.87,4.05,3.86,3.95,52140230
2014-05-07/00:00:00,3.95,4.04,3.86,3.96,19593010
2014-05-08/00:00:00,3.96,3.96,3.86,3.91,24804042
2014-05-11/00:00:00,3.91,3.99,3.87,3.92,8817259
2014-05-12/00:00:00,3.92,3.96,3.89,3.92,7653845
2014-05-13/00:00:00,3.92,4.03,3.93,4.0,13336110
2014-05-14/00:00:00,4.0,4.19,4.02,4.11,23143229
2014-05-15/00:00:00,4.11,4.21,4.11,4.19,19077963
2014-05-18/00:00:00,4.19,4.27,4.08,4.16,11572397
2014-05-19/00:00:00,4.16,4.31,4.12,4.21,26263127
2014-05-20/00:00:00,4.21,4.32,4.18,4.24,18345125
2014-05-21/00:00:00,4.24,4.3,4.19,4.24,14092761
2014-05-22/00:00:00,4.24,4.32,4.23,4.27,12519948
2014-05-25/00:00:00,4.27,4.36,4.23,4.3,12431083
2014-05-26/00:00:00,4.3,4.38,4.16,4.27,34158127
2014-05-28/00:00:00,4.27,4.21,4.11,4.17,13621885
2014-05-29/00:00:00,4.17,4.23,3.76,4.04,30236780
2014-06-01/00:00:00,4.04,3.92,3.65,3.77,15976710
2014-06-02/00:00:00,3.77,3.96,3.74,3.84,16194653
2014-06-03/00:00:00,3.84,3.94,3.7,3.82,15316422
2014-06-04/00:00:00,3.82,4.09,3.73,3.97,25162881
2014-06-05/00:00:00,3.97,4.22,4.04,4.18,21066004
2014-06-09/00:00:00,4.18,4.22,4.09,4.16,21678848
2014-06-10/00:00:00,4.16,4.15,4.06,4.1,15202832
2014-06-11/00:00:00,4.1,4.21,4.09,4.18,18334779
2014-06-12/00:00:00,4.18,4.27,4.12,4.2,14114949
2014-06-15/00:00:00,4.2,4.18,4.08,4.11,10699861
2014-06-16/00:00:00,4.11,4.14,3.97,4.04,10227548
2014-06-17/00:00:00,4.04,4.08,3.79,3.95,16439469
2014-06-18/00:00:00,3.95,4.03,3.84,3.95,11366796
2014-06-19/00:00:00,3.95,3.98,3.79,3.93,5038046
2014-06-22/00:00:00,3.93,4.04,3.84,3.89,7243065
2014-06-23/00:00:00,3.89,3.97,3.84,3.9,7139867
2014-06-24/00:00:00,3.9,3.89,3.65,3.77,18775495
2014-06-25/00:00:00,3.77,3.72,3.57,3.64,14278926
2014-06-26/00:00:00,3.64,3.75,3.61,3.67,10522925
2014-06-29/00:00:00,3.67,3.67,3.57,3.63,1906220
2014-06-30/00:00:00,3.63,3.74,3.65,3.69,6099853
2014-07-02/00:00:00,3.69,3.81,3.57,3.68,16872725
2014-07-03/00:00:00,3.68,3.86,3.73,3.79,10117696
2014-07-06/00:00:00,3.79,3.83,3.68,3.79,9463430
2014-07-07/00:00:00,3.79,3.87,3.75,3.82,10030566
2014-07-08/00:00:00,3.82,3.9,3.8,3.86,14911295
2014-07-09/00:00:00,3.86,3.98,3.87,3.91,14477574
2014-07-10/00:00:00,3.91,3.92,3.81,3.86,13184086
2014-07-13/00:00:00,3.86,3.84,3.79,3.81,4723383
2014-07-14/00:00:00,3.81,3.88,3.81,3.85,4641767
2014-07-15/00:00:00,3.85,3.96,3.87,3.92,14140632
2014-07-16/00:00:00,3.92,3.97,3.85,3.91,10643163
2014-07-17/00:00:00,3.91,3.94,3.86,3.92,7850963
2014-07-20/00:00:00,3.92,3.91,3.76,3.84,8414981
2014-07-21/00:00:00,3.84,3.84,3.75,3.78,9766442
2014-07-22/00:00:00,3.78,3.84,3.77,3.8,6686089
2014-07-24/00:00:00,3.8,3.91,3.82,3.88,14098574
2014-07-27/00:00:00,3.88,3.91,3.84,3.86,3016740
2014-07-31/00:00:00,3.86,3.93,3.85,3.88,10443878
2014-08-03/00:00:00,3.88,3.9,3.79,3.84,12583666
2014-08-04/00:00:00,3.84,3.9,3.83,3.86,7438800
2014-08-05/00:00:00,3.86,3.96,3.85,3.91,19070593
2014-08-06/00:00:00,3.91,3.96,3.85,3.91,12891568
2014-08-07/00:00:00,3.91,4.04,3.92,4.0,17842162
2014-08-10/00:00:00,4.0,4.01,3.92,3.97,6374302
2014-08-11/00:00:00,3.97,4.02,3.95,3.99,7589507
2014-08-12/00:00:00,3.99,4.08,3.91,4.02,21724149
2014-08-13/00:00:00,4.02,4.22,4.06,4.15,31789200
2014-08-14/00:00:00,4.15,4.19,4.11,4.14,13351379
2014-08-17/00:00:00,4.14,4.17,4.04,4.1,8463913
2014-08-18/00:00:00,4.1,4.1,3.99,4.04,10242223
2014-08-19/00:00:00,4.04,4.16,4.01,4.1,14054926
2014-08-20/00:00:00,4.1,4.2,4.04,4.15,21066082
2014-08-21/00:00:00,4.15,4.1,4.04,4.06,6462344
2014-08-24/00:00:00,4.06,4.17,4.06,4.12,9725419
2014-08-25/00:00:00,4.12,4.17,3.99,4.06,14872403
2014-08-26/00:00:00,4.06,4.07,3.99,4.04,7450181
2014-08-27/00:00:00,4.04,4.09,4.01,4.04,6517706
2014-08-28/00:00:00,4.04,4.08,4.02,4.04,4696968
2014-08-31/00:00:00,4.04,4.09,4.0,4.04,7239188
2014-09-01/00:00:00,4.04,4.07,4.02,4.04,4039822
2014-09-02/00:00:00,4.04,4.19,4.05,4.13,23571768
2014-09-03/00:00:00,4.13,4.19,4.11,4.15,7532508
2014-09-04/00:00:00,4.15,4.21,4.1,4.17,11562096
2014-09-07/00:00:00,4.17,4.27,4.18,4.23,13863117
2014-09-08/00:00:00,4.23,4.29,4.13,4.22,14087351
2014-09-09/00:00:00,4.22,4.21,4.09,4.17,7876104
2014-09-10/00:00:00,4.17,4.2,4.01,4.11,16596214
2014-09-11/00:00:00,4.11,4.07,3.84,3.96,20413794
2014-09-14/00:00:00,3.96,4.08,3.94,4.02,5887249
2014-09-15/00:00:00,4.02,4.04,3.92,4.02,5755408
2014-09-16/00:00:00,4.02,4.09,3.95,4.03,8159943
2014-09-17/00:00:00,4.03,4.14,3.94,4.06,9698330
2014-09-18/00:00:00,4.06,4.18,4.12,4.14,14268349
2014-09-21/00:00:00,4.14,4.17,4.06,4.11,6190049
2014-09-22/00:00:00,4.11,4.14,4.04,4.09,7967038
2014-09-23/00:00:00,4.09,4.14,4.05,4.1,6219785
2014-09-24/00:00:00,4.1,4.12,3.97,4.04,7781776
2014-09-25/00:00:00,4.04,4.08,3.96,4.04,4629213
2014-09-28/00:00:00,4.04,4.02,3.92,3.96,4331056
2014-09-29/00:00:00,3.96,4.06,3.96,4.03,6066012
2014-09-30/00:00:00,4.03,4.06,3.99,4.02,9110151
2014-10-01/00:00:00,4.02,4.04,3.95,3.97,4230072
2014-10-02/00:00:00,3.97,4.05,3.96,4.01,5861744
2014-10-08/00:00:00,4.01,4.04,3.91,3.95,7312718
2014-10-09/00:00:00,3.95,4.0,3.93,3.97,5569060
2014-10-12/00:00:00,3.97,3.95,3.61,3.8,13423942
2014-10-13/00:00:00,3.8,3.78,3.63,3.73,12288772
2014-10-14/00:00:00,3.73,3.72,3.47,3.59,19625784
2014-10-15/00:00:00,3.59,3.72,3.52,3.63,13364416
2014-10-16/00:00:00,3.63,3.62,3.34,3.48,11090019
2014-10-19/00:00:00,3.48,3.59,3.37,3.47,9687285
2014-10-20/00:00:00,3.47,3.53,3.36,3.46,11322899
2014-10-21/00:00:00,3.46,3.62,3.46,3.56,10500057
2014-10-22/00:00:00,3.56,3.65,3.6,3.63,7928429
2014-10-23/00:00:00,3.63,3.66,3.54,3.59,14075904
2014-10-26/00:00:00,3.59,3.64,3.45,3.55,8542756
2014-10-27/00:00:00,3.55,3.54,3.4,3.45,8410975
2014-10-28/00:00:00,3.45,3.61,3.44,3.53,8714577
2014-10-29/00:00:00,3.53,3.66,3.57,3.61,10805035
2014-10-30/00:00:00,3.61,3.84,3.61,3.74,26542015
2014-11-02/00:00:00,3.74,4.01,3.84,3.9,13680819
2014-11-03/00:00:00,3.9,4.06,3.98,4.03,10705046
2014-11-04/00:00:00,4.03,4.13,3.9,4.04,21280644
2014-11-05/00:00:00,4.04,4.01,3.92,3.98,7361739
2014-11-06/00:00:00,3.98,4.08,3.92,4.01,13897441
2014-11-09/00:00:00,4.01,4.04,3.91,3.97,6156898
2014-11-10/00:00:00,3.97,4.12,3.94,4.05,13007612
2014-11-11/00:00:00,4.05,4.19,4.07,4.15,20851903
2014-11-12/00:00:00,4.15,4.16,3.97,4.05,13600108
2014-11-13/00:00:00,4.05,4.04,3.94,4.02,5428919
2014-11-16/00:00:00,4.02,4.05,3.96,4.0,3983914
2014-11-17/00:00:00,4.0,3.99,3.87,3.91,10634307
2014-11-18/00:00:00,3.91,3.98,3.9,3.93,4122417
2014-11-19/00:00:00,3.93,3.99,3.9,3.95,4237865
2014-11-20/00:00:00,3.95,4.07,3.96,4.03,7578017
2014-11-23/00:00:00,4.03,4.09,4.0,4.04,7455199
2014-11-24/00:00:00,4.04,4.03,3.89,3.96,5149617
2014-11-25/00:00:00,3.96,3.96,3.88,3.93,6252445
2014-11-26/00:00:00,3.93,4.01,3.94,3.99,4240680
2014-11-27/00:00:00,3.99,4.03,3.95,3.99,4611594
2014-11-30/00:00:00,3.99,4.02,3.94,3.97,5724739
2014-12-01/00:00:00,3.97,4.02,3.95,3.98,3877592
2014-12-02/00:00:00,3.98,4.01,3.9,3.94,3122720
2014-12-03/00:00:00,3.94,4.04,3.92,4.0,4091445
2014-12-04/00:00:00,4.0,4.13,4.04,4.08,8839925
2014-12-07/00:00:00,4.08,4.14,4.06,4.1,5150152
2014-12-08/00:00:00,4.1,4.14,4.04,4.1,5968698
2014-12-09/00:00:00,4.1,4.13,3.98,4.04,6728406
2014-12-10/00:00:00,4.04,4.04,3.93,3.98,6487743
2014-12-11/00:00:00,3.98,3.95,3.81,3.86,10461671
2014-12-14/00:00:00,3.86,3.83,3.48,3.59,8614034
2014-12-15/00:00:00,3.59,3.66,3.47,3.58,6073451
2014-12-16/00:00:00,3.58,3.55,3.24,3.39,5348943
2014-12-17/00:00:00,3.39,3.55,3.05,3.12,11784413
2014-12-18/00:00:00,3.12,3.32,3.15,3.25,7317204
2014-12-21/00:00:00,3.25,3.56,3.38,3.52,12285599
2014-12-22/00:00:00,3.52,3.74,3.53,3.68,11306764
2014-12-23/00:00:00,3.68,3.77,3.55,3.61,10067409
2014-12-24/00:00:00,3.61,3.7,3.59,3.63,6541714
2014-12-25/00:00:00,3.63,3.7,3.62,3.65,3275628
2014-12-28/00:00:00,3.65,3.82,3.66,3.77,8139104
2014-12-29/00:00:00,3.77,3.98,3.76,3.87,8932151
2014-12-30/00:00:00,3.87,3.97,3.82,3.88,10551419
2014-12-31/00:00:00,3.88,3.93,3.76,3.83,5879708
2015-01-04/00:00:00,3.83,3.88,3.76,3.81,1357049
2015-01-05/00:00:00,3.81,3.86,3.76,3.82,3049893
2015-01-06/00:00:00,3.82,3.7,3.54,3.64,4385972
2015-01-08/00:00:00,3.64,3.8,3.68,3.73,5521201
2015-01-11/00:00:00,3.73,3.83,3.72,3.78,3840605
2015-01-12/00:00:00,3.78,3.91,3.74,3.86,9063600
2015-01-13/00:00:00,3.86,3.97,3.81,3.91,7479545
2015-01-14/00:00:00,3.91,4.01,3.86,3.92,6831850
2015-01-15/00:00:00,3.92,4.04,3.88,3.97,11830467
2015-01-18/00:00:00,3.97,4.03,3.92,3.97,4556417
2015-01-19/00:00:00,3.97,4.1,3.93,4.02,10914243
2015-01-20/00:00:00,4.02,4.27,4.08,4.19,20106126
2015-01-21/00:00:00,4.19,4.24,4.15,4.19,10033224
2015-01-22/00:00:00,4.19,4.24,4.12,4.18,9393211
2015-01-26/00:00:00,4.18,4.19,4.07,4.13,6463896
2015-01-27/00:00:00,4.13,4.2,4.09,4.15,5019637
2015-01-28/00:00:00,4.15,4.18,4.07,4.13,5794976
2015-01-29/00:00:00,4.13,4.13,4.06,4.09,1445107
2015-02-01/00:00:00,4.09,4.14,3.99,4.04,4302584
2015-02-02/00:00:00,4.04,4.1,4.01,4.04,8184741
2015-02-03/00:00:00,4.04,4.14,4.06,4.1,7826131
2015-02-04/00:00:00,4.1,4.14,4.05,4.1,3777971
2015-02-05/00:00:00,4.1,4.11,4.04,4.06,4822722
2015-02-08/00:00:00,4.06,4.11,4.04,4.06,2400144
2015-02-09/00:00:00,4.06,4.09,3.99,4.03,6867943
2015-02-10/00:00:00,4.03,4.06,3.94,3.99,3826576
2015-02-11/00:00:00,3.99,3.99,3.84,3.91,3057442
2015-02-12/00:00:00,3.91,3.93,3.83,3.89,3349788
2015-02-15/00:00:00,3.89,3.95,3.9,3.92,1555368
2015-02-16/00:00:00,3.92,3.92,3.7,3.77,5202597
2015-02-17/00:00:00,3.77,3.85,3.64,3.75,4650915
2015-02-18/00:00:00,3.75,3.89,3.79,3.84,2707188
2015-02-19/00:00:00,3.84,3.85,3.65,3.73,5744659
2015-02-22/00:00:00,3.73,3.82,3.69,3.75,2377951
2015-02-23/00:00:00,3.75,3.85,3.74,3.78,5852173
2015-02-24/00:00:00,3.78,3.84,3.76,3.79,3009659
2015-02-25/00:00:00,3.79,3.81,3.71,3.74,1809914
2015-02-26/00:00:00,3.74,3.77,3.52,3.6,11529566
2015-03-01/00:00:00,3.6,3.7,3.58,3.65,3218844
2015-03-02/00:00:00,3.65,3.8,3.68,3.74,6660422
2015-03-03/00:00:00,3.74,3.84,3.77,3.82,5218954
2015-03-04/00:00:00,3.82,3.84,3.79,3.83,2704459
2015-03-05/00:00:00,3.83,3.88,3.84,3.85,2832924
2015-03-08/00:00:00,3.85,3.93,3.84,3.88,2325225
2015-03-09/00:00:00,3.88,3.93,3.84,3.89,5194103
2015-03-10/00:00:00,3.89,3.97,3.75,3.87,7192702
2015-03-11/00:00:00,3.87,3.84,3.73,3.77,5948719
2015-03-12/00:00:00,3.77,3.84,3.72,3.79,4641480
2015-03-15/00:00:00,3.95,4.04,3.88,3.94,16022614
2015-03-16/00:00:00,3.94,3.92,3.82,3.87,6657805
2015-03-17/00:00:00,3.87,3.95,3.82,3.88,5640428
2015-03-18/00:00:00,3.88,3.88,3.78,3.84,3826629
2015-03-19/00:00:00,3.84,3.94,3.85,3.9,6365486
2015-03-22/00:00:00,3.9,3.88,3.74,3.81,5329988
2015-03-23/00:00:00,3.81,3.89,3.78,3.84,5479686
2015-03-24/00:00:00,3.84,3.91,3.83,3.86,8377469
2015-03-25/00:00:00,3.86,3.86,3.74,3.79,10732596
2015-03-26/00:00:00,3.79,3.8,3.67,3.75,6304769
2015-03-29/00:00:00,3.75,3.84,3.7,3.74,4017795
2015-03-30/00:00:00,3.74,3.78,3.7,3.75,5835920
2015-03-31/00:00:00,3.75,3.79,3.64,3.72,8912253
2015-04-01/00:00:00,3.72,3.78,3.61,3.7,10304242
2015-04-02/00:00:00,3.7,3.7,3.53,3.61,6090075
2015-04-05/00:00:00,3.61,3.63,3.33,3.42,9046321
2015-04-06/00:00:00,3.42,3.52,3.25,3.39,12265105
2015-04-07/00:00:00,3.39,3.52,3.4,3.44,7505853
2015-04-08/00:00:00,3.44,3.48,3.26,3.43,5161106
2015-04-09/00:00:00,3.43,3.45,3.41,3.44,4513651
2015-04-14/00:00:00,3.44,3.47,3.39,3.42,2401831
2015-04-15/00:00:00,3.42,3.44,3.27,3.36,6061316
2015-04-16/00:00:00,3.36,3.38,3.25,3.32,5973960
2015-04-19/00:00:00,3.32,3.39,3.17,3.26,13799243
2015-04-20/00:00:00,2.74,2.78,2.62,2.69,4315802
2015-04-21/00:00:00,2.69,2.77,2.66,2.7,5312229
2015-04-22/00:00:00,2.7,2.69,2.59,2.66,5847514
2015-04-23/00:00:00,2.66,2.69,2.65,2.67,3641506
2015-04-26/00:00:00,2.67,2.67,2.55,2.6,4582176
2015-04-27/00:00:00,2.6,2.6,2.37,2.46,7934804
2015-04-28/00:00:00,2.46,2.41,2.24,2.32,13005761
2015-04-29/00:00:00,2.32,2.52,2.27,2.38,10365238
2015-04-30/00:00:00,2.38,2.56,2.44,2.5,10904410
2015-05-03/00:00:00,2.5,2.56,2.45,2.5,7122932
2015-05-04/00:00:00,2.5,2.63,2.49,2.56,10501114
2015-05-05/00:00:00,2.56,2.72,2.64,2.67,8681187
2015-05-06/00:00:00,2.67,2.74,2.6,2.66,7720963
2015-05-07/00:00:00,2.66,2.68,2.62,2.66,6025736
2015-05-10/00:00:00,2.66,2.67,2.6,2.63,10220143
2015-05-11/00:00:00,2.63,2.68,2.5,2.61,12154729
2015-05-12/00:00:00,2.61,2.57,2.43,2.49,11428610
2015-05-13/00:00:00,2.49,2.52,2.36,2.41,4659270
2015-05-14/00:00:00,2.41,2.42,2.26,2.32,10084078
2015-05-17/00:00:00,2.32,2.37,2.24,2.31,18859429
2015-05-18/00:00:00,2.31,2.55,2.32,2.54,19989344
2015-05-19/00:00:00,2.54,2.67,2.54,2.61,14012568
2015-05-20/00:00:00,2.61,2.64,2.53,2.58,9156528
2015-05-21/00:00:00,2.58,2.76,2.62,2.69,14918673
2015-05-24/00:00:00,2.69,2.96,2.73,2.86,16571766
2015-05-25/00:00:00,2.86,2.95,2.86,2.89,14175290
2015-05-26/00:00:00,2.89,3.0,2.88,2.92,11321294
2015-05-27/00:00:00,2.92,2.94,2.84,2.88,12690212
2015-05-28/00:00:00,2.88,2.9,2.81,2.86,10624840
2015-05-31/00:00:00,2.86,2.86,2.8,2.84,10908762
2015-06-01/00:00:00,2.84,2.91,2.83,2.86,8624718
2015-06-02/00:00:00,2.86,2.9,2.84,2.87,7833755
2015-06-03/00:00:00,2.87,2.91,2.83,2.87,7955538
2015-06-04/00:00:00,2.87,2.87,2.81,2.85,4886543
2015-06-07/00:00:00,2.85,2.82,2.71,2.77,6417384
2015-06-08/00:00:00,2.77,2.78,2.62,2.7,5684652
2015-06-09/00:00:00,2.7,2.71,2.61,2.67,6882175
2015-06-10/00:00:00,2.67,2.74,2.59,2.66,7270684
2015-06-11/00:00:00,2.66,2.65,2.56,2.59,4428392
2015-06-14/00:00:00,2.59,2.64,2.54,2.57,3119575
2015-06-15/00:00:00,2.57,2.6,2.54,2.58,6479612
2015-06-16/00:00:00,2.58,2.66,2.59,2.62,5268607
2015-06-17/00:00:00,2.62,2.65,2.6,2.62,3813004
2015-06-18/00:00:00,2.62,2.62,2.58,2.6,6349824
2015-06-21/00:00:00,2.6,2.61,2.56,2.58,1928352
2015-06-22/00:00:00,2.58,2.58,2.47,2.52,8385559
2015-06-23/00:00:00,2.52,2.52,2.46,2.48,4836451
2015-06-24/00:00:00,2.48,2.55,2.43,2.5,6401736
2015-06-25/00:00:00,2.5,2.54,2.41,2.48,9019252
2015-06-28/00:00:00,2.48,2.58,2.51,2.55,5523888
2015-06-29/00:00:00,2.55,2.55,2.46,2.51,6413425
2015-07-02/00:00:00,2.51,2.52,2.46,2.48,6383634
2015-07-05/00:00:00,2.48,2.56,2.35,2.51,9957848
2015-07-06/00:00:00,2.51,2.46,2.3,2.35,6142868
2015-07-07/00:00:00,2.35,2.42,2.26,2.33,7894044
2015-07-08/00:00:00,2.33,2.34,2.24,2.26,7884690
2015-07-09/00:00:00,2.26,2.32,2.26,2.27,3766897
2015-07-12/00:00:00,2.27,2.33,2.26,2.3,5533667
2015-07-13/00:00:00,2.3,2.3,2.18,2.22,8730121
2015-07-14/00:00:00,2.22,2.26,2.21,2.24,5107304
2015-07-15/00:00:00,2.24,2.34,2.26,2.3,8285982
2015-07-16/00:00:00,2.3,2.45,2.35,2.39,14350075
2015-07-21/00:00:00,2.39,2.43,2.37,2.4,5336393
2015-07-22/00:00:00,2.4,2.41,2.37,2.39,7698265
2015-07-26/00:00:00,2.39,2.41,2.24,2.32,6430244
2015-07-27/00:00:00,2.32,2.25,2.17,2.22,25279812
2015-07-28/00:00:00,2.22,2.27,2.17,2.24,8366100
2015-07-29/00:00:00,2.24,2.32,2.26,2.29,8954630
2015-07-30/00:00:00,2.29,2.36,2.28,2.32,12055445
2015-08-02/00:00:00,2.32,2.36,2.27,2.32,10661816
2015-08-03/00:00:00,2.32,2.31,2.26,2.27,8591195
2015-08-04/00:00:00,2.27,2.35,2.3,2.32,5407519
2015-08-05/00:00:00,2.32,2.34,2.27,2.3,5105218
2015-08-09/00:00:00,2.3,2.32,2.21,2.26,5170488
2015-08-10/00:00:00,2.26,2.31,2.21,2.26,5427676
2015-08-11/00:00:00,2.26,2.31,2.26,2.28,7194351
2015-08-12/00:00:00,2.28,2.26,2.2,2.24,4613765
2015-08-13/00:00:00,2.24,2.28,2.24,2.26,6888099
2015-08-16/00:00:00,2.26,2.26,2.07,2.14,11237922
2015-08-17/00:00:00,2.14,2.15,2.07,2.11,19119545
2015-08-18/00:00:00,2.11,2.11,1.97,2.03,15286907
2015-08-19/00:00:00,2.03,2.04,1.93,1.98,30281861
2015-08-20/00:00:00,1.98,1.98,1.91,1.95,17837643
2015-08-23/00:00:00,1.95,1.88,1.76,1.8,20213692
2015-08-24/00:00:00,1.8,1.79,1.64,1.7,13136284
2015-08-25/00:00:00,1.7,1.86,1.69,1.78,16533206
2015-08-26/00:00:00,1.78,1.84,1.78,1.81,9131966
2015-08-27/00:00:00,1.81,1.91,1.87,1.89,17200964
2015-08-30/00:00:00,1.89,1.92,1.83,1.87,13042874
2015-08-31/00:00:00,1.87,1.99,1.82,1.91,21014798
2015-09-01/00:00:00,1.91,1.97,1.88,1.91,15134968
2015-09-02/00:00:00,1.91,1.91,1.87,1.88,21907908
2015-09-03/00:00:00,1.88,1.93,1.89,1.91,10753612
2015-09-06/00:00:00,1.91,1.9,1.87,1.88,4896144
2015-09-07/00:00:00,1.88,1.91,1.76,1.82,19756686
2015-09-08/00:00:00,1.82,1.81,1.67,1.73,15840651
2015-09-09/00:00:00,1.73,1.8,1.74,1.78,14160386
2015-09-10/00:00:00,1.78,1.78,1.73,1.76,7603392
2015-09-13/00:00:00,1.76,1.79,1.74,1.77,6472259
2015-09-14/00:00:00,1.77,1.84,1.77,1.81,16361214
2015-09-15/00:00:00,1.81,1.84,1.8,1.82,6790814
2015-09-16/00:00:00,1.82,1.87,1.82,1.85,12087100
2015-09-17/00:00:00,1.85,1.85,1.8,1.83,14973777
2015-09-20/00:00:00,1.83,1.82,1.77,1.8,4521770
2015-09-21/00:00:00,1.8,1.84,1.8,1.82,6473465
2015-09-22/00:00:00,1.82,1.85,1.8,1.82,3652786
2015-09-28/00:00:00,1.82,1.87,1.8,1.85,9585042
2015-09-29/00:00:00,1.85,1.86,1.81,1.83,4844612
2015-09-30/00:00:00,1.83,1.87,1.82,1.85,15621057
2015-10-01/00:00:00,1.85,1.88,1.86,1.87,5939949
2015-10-04/00:00:00,1.87,1.87,1.83,1.85,3021890
2015-10-05/00:00:00,1.85,1.86,1.82,1.84,2931204
2015-10-07/00:00:00,1.84,1.91,1.84,1.89,17716031
2015-10-08/00:00:00,1.89,1.94,1.9,1.92,14413153
2015-10-11/00:00:00,1.92,1.99,1.9,1.95,17213177
2015-10-12/00:00:00,1.95,2.05,2.0,2.01,12278895
2015-10-13/00:00:00,2.01,2.02,1.96,1.99,11466935
2015-10-15/00:00:00,1.99,2.07,1.95,2.0,18137702
2015-10-18/00:00:00,2.0,2.02,1.97,1.99,8579633
2015-10-19/00:00:00,1.99,2.07,1.97,2.02,11625026
2015-10-20/00:00:00,2.02,2.08,2.01,2.05,14478847
2015-10-21/00:00:00,2.05,2.1,2.02,2.07,18346609
2015-10-22/00:00:00,2.07,2.07,2.01,2.03,9890363
2015-10-25/00:00:00,2.03,2.07,2.03,2.06,9570258
2015-10-26/00:00:00,2.06,2.07,2.0,2.02,9323413
2015-10-27/00:00:00,2.02,2.03,1.98,2.0,12564074
2015-10-28/00:00:00,2.0,2.01,1.94,1.97,10877456
2015-10-29/00:00:00,1.97,2.01,1.93,1.97,12589966
2015-11-01/00:00:00,1.97,1.96,1.88,1.92,6090990
2015-11-02/00:00:00,1.92,1.93,1.87,1.92,6441026
2015-11-03/00:00:00,1.92,1.96,1.91,1.93,15812528
2015-11-04/00:00:00,1.93,2.01,1.93,1.97,16162434
2015-11-05/00:00:00,2.04,2.13,2.01,2.07,29478803
2015-11-08/00:00:00,2.07,2.07,1.93,2.01,18228762
2015-11-09/00:00:00,2.01,1.98,1.88,1.92,20776190
2015-11-10/00:00:00,1.92,1.91,1.77,1.84,14118747
2015-11-11/00:00:00,1.84,1.9,1.79,1.86,18205982
2015-11-12/00:00:00,1.86,1.91,1.88,1.89,10530151
2015-11-15/00:00:00,1.89,1.83,1.72,1.76,12330885
2015-11-16/00:00:00,1.76,1.81,1.7,1.77,16228215
2015-11-17/00:00:00,1.77,1.85,1.73,1.79,13588177
2015-11-18/00:00:00,1.79,1.87,1.75,1.82,11264850
2015-11-19/00:00:00,1.82,1.93,1.87,1.91,14792870
2015-11-22/00:00:00,1.91,1.99,1.91,1.96,11126746
2015-11-23/00:00:00,1.96,2.01,1.92,1.96,21522456
2015-11-24/00:00:00,1.96,1.98,1.91,1.95,10874984
2015-11-25/00:00:00,1.95,2.04,1.96,2.01,12946189
2015-11-26/00:00:00,2.01,2.04,1.97,2.0,7098386
2015-11-29/00:00:00,2.0,2.01,1.97,1.99,2903039
2015-11-30/00:00:00,1.99,1.99,1.92,1.95,7416409
2015-12-01/00:00:00,1.95,1.99,1.92,1.97,5253069
2015-12-02/00:00:00,1.97,2.12,2.0,2.06,16597959
2015-12-03/00:00:00,2.06,2.19,2.09,2.13,19554718
2015-12-06/00:00:00,2.13,2.23,2.09,2.18,15837175
2015-12-07/00:00:00,2.18,2.21,2.05,2.12,21344403
2015-12-08/00:00:00,2.12,2.09,2.04,2.07,14528665
2015-12-09/00:00:00,2.07,2.12,2.05,2.09,9333552
2015-12-10/00:00:00,2.09,2.14,2.06,2.1,7170666
2015-12-13/00:00:00,2.1,2.05,1.98,2.02,5327420
2015-12-14/00:00:00,2.02,2.1,2.04,2.07,6331973
2015-12-15/00:00:00,2.07,2.2,2.06,2.14,14713750
2015-12-16/00:00:00,2.14,2.25,2.18,2.21,10922027
2015-12-17/00:00:00,2.25,2.26,2.21,2.24,20072282
2015-12-20/00:00:00,2.24,2.31,2.18,2.26,12089497
2015-12-21/00:00:00,2.26,2.31,2.25,2.28,13466266
2015-12-22/00:00:00,2.28,2.34,2.28,2.31,11945748
2015-12-24/00:00:00,2.31,2.34,2.25,2.3,13552667
2015-12-27/00:00:00,2.3,2.29,2.24,2.26,6840644
2015-12-28/00:00:00,2.26,2.27,2.23,2.26,4904998
2015-12-29/00:00:00,2.26,2.3,2.22,2.26,12795976
2015-12-30/00:00:00,2.26,2.35,2.3,2.33,15345286
2015-12-31/00:00:00,2.52,2.56,2.44,2.51,10825598
2016-01-03/00:00:00,2.32,2.34,2.27,2.32,9005950
2016-01-04/00:00:00,2.32,2.33,2.23,2.26,9413964
2016-01-05/00:00:00,2.26,2.29,2.21,2.26,10473508
2016-01-06/00:00:00,2.26,2.26,2.15,2.19,14006197
2016-01-10/00:00:00,2.19,2.18,2.12,2.14,12067218
2016-01-11/00:00:00,2.14,2.16,2.05,2.08,18376447
2016-01-12/00:00:00,2.08,2.08,2.01,2.05,20980527
2016-01-13/00:00:00,2.05,2.08,1.86,1.96,33865666
2016-01-14/00:00:00,1.96,1.88,1.77,1.82,14641071
2016-01-17/00:00:00,1.82,1.87,1.67,1.77,13910090
2016-01-18/00:00:00,1.77,1.94,1.82,1.9,17990202
2016-01-19/00:00:00,1.9,2.01,1.95,1.98,12471299
2016-01-20/00:00:00,1.98,1.94,1.79,1.85,26984687
2016-01-21/00:00:00,1.85,1.9,1.76,1.86,14544370
2016-01-24/00:00:00,1.86,1.99,1.93,1.96,15688524
2016-01-26/00:00:00,1.96,2.05,1.91,1.98,23163013
2016-01-27/00:00:00,1.98,2.05,1.98,2.02,13729689
2016-01-28/00:00:00,2.02,2.07,2.0,2.04,12095879
2016-01-31/00:00:00,2.04,2.1,1.9,2.0,26445816
2016-02-01/00:00:00,2.0,1.98,1.9,1.94,9616018
2016-02-02/00:00:00,1.94,2.07,1.98,2.04,25347265
2016-02-03/00:00:00,2.04,2.09,2.03,2.07,14136305
2016-02-04/00:00:00,2.12,2.23,2.11,2.17,36103002
2016-02-07/00:00:00,2.17,2.22,2.11,2.15,29707571
2016-02-08/00:00:00,2.15,2.23,2.1,2.17,34390607
2016-02-09/00:00:00,2.17,2.13,2.07,2.1,14670646
2016-02-10/00:00:00,2.1,2.12,2.06,2.09,10676400
2016-02-11/00:00:00,2.09,2.09,1.93,1.98,21860908
2016-02-14/00:00:00,1.98,2.04,1.97,2.01,17023617
2016-02-15/00:00:00,2.01,2.07,2.03,2.06,11378042
2016-02-16/00:00:00,2.06,2.11,2.07,2.08,10564700
2016-02-17/00:00:00,2.08,2.19,2.05,2.13,24952370
2016-02-18/00:00:00,2.13,2.2,2.13,2.15,11615973
2016-02-21/00:00:00,2.15,2.21,2.16,2.19,7714136
2016-02-22/00:00:00,2.19,2.24,2.19,2.22,11882875
2016-02-23/00:00:00,2.22,2.25,2.18,2.22,8952248
2016-02-24/00:00:00,2.22,2.2,2.14,2.16,9546727
2016-02-25/00:00:00,2.16,2.17,2.11,2.14,12561237
2016-02-28/00:00:00,2.14,2.21,2.14,2.18,10611526
2016-02-29/00:00:00,2.18,2.2,2.1,2.14,13636757
2016-03-01/00:00:00,2.14,2.14,2.11,2.12,5606977
2016-03-02/00:00:00,2.12,2.16,2.07,2.11,11678007
2016-03-03/00:00:00,2.11,2.12,2.08,2.1,6332818
2016-03-06/00:00:00,2.1,2.16,2.11,2.13,8899155
2016-03-07/00:00:00,2.13,2.18,2.1,2.14,12899936
2016-03-08/00:00:00,2.14,2.2,2.14,2.17,12145296
2016-03-09/00:00:00,2.17,2.2,2.13,2.17,10279176
2016-03-10/00:00:00,2.17,2.24,2.18,2.21,24071007
2016-03-13/00:00:00,2.21,2.21,2.13,2.17,14786998
2016-03-14/00:00:00,2.22,2.43,2.21,2.32,60234984
2016-03-15/00:00:00,2.32,2.39,2.29,2.33,39058094
2016-03-16/00:00:00,2.33,2.42,2.33,2.38,38067549
2016-03-17/00:00:00,2.38,2.62,2.38,2.5,63470853
2016-03-20/00:00:00,2.5,2.58,2.46,2.52,24955663
2016-03-21/00:00:00,2.52,2.55,2.46,2.51,20514163
2016-03-22/00:00:00,2.51,2.56,2.44,2.48,23437091
2016-03-23/00:00:00,2.48,2.54,2.46,2.5,15008847
2016-03-24/00:00:00,2.5,2.65,2.52,2.57,27140794
2016-03-27/00:00:00,2.57,2.66,2.55,2.6,19241810
2016-03-28/00:00:00,2.6,2.68,2.58,2.64,18685191
2016-03-29/00:00:00,2.64,2.74,2.62,2.69,27820865
2016-03-30/00:00:00,2.69,2.73,2.64,2.68,10936776
2016-03-31/00:00:00,2.68,2.77,2.68,2.72,33565294
2016-04-03/00:00:00,2.72,2.77,2.71,2.74,12395673
2016-04-04/00:00:00,2.74,2.78,2.71,2.75,17934780
2016-04-05/00:00:00,2.75,2.67,2.63,2.66,32420347
2016-04-06/00:00:00,2.66,2.66,2.46,2.55,21018871
2016-04-07/00:00:00,2.55,2.55,2.47,2.52,16111954
2016-04-10/00:00:00,2.52,2.58,2.48,2.51,13632020
2016-04-11/00:00:00,2.51,2.51,2.41,2.46,13068705
2016-04-12/00:00:00,2.46,2.5,2.42,2.46,11376240
2016-04-13/00:00:00,2.46,2.53,2.45,2.48,14373414
2016-04-14/00:00:00,2.48,2.57,2.46,2.53,19300346
2016-04-17/00:00:00,2.53,2.65,2.54,2.6,14364631
2016-04-18/00:00:00,2.6,2.65,2.6,2.63,12193989
2016-04-19/00:00:00,2.63,2.68,2.62,2.66,23633600
2016-04-20/00:00:00,2.66,2.66,2.54,2.59,24426038
2016-04-21/00:00:00,2.59,2.6,2.49,2.54,11368980
2016-04-24/00:00:00,2.54,2.53,2.47,2.5,6181486
2016-04-26/00:00:00,2.5,2.58,2.51,2.53,10713119
2016-04-27/00:00:00,2.53,2.57,2.44,2.49,13893019
2016-04-28/00:00:00,2.49,2.47,2.44,2.46,7129071
2016-05-03/00:00:00,2.46,2.47,2.27,2.34,18474127
2016-05-04/00:00:00,2.34,2.39,2.26,2.33,13334937
2016-05-05/00:00:00,2.33,2.41,2.34,2.38,13358968
2016-05-08/00:00:00,2.38,2.44,2.34,2.4,9536342
2016-05-09/00:00:00,2.4,2.46,2.41,2.43,14625360
2016-05-10/00:00:00,2.43,2.44,2.32,2.39,9866599
2016-05-11/00:00:00,2.39,2.35,2.3,2.33,7009432
2016-05-12/00:00:00,2.33,2.37,2.28,2.32,10163532
2016-05-15/00:00:00,2.32,2.31,2.22,2.26,7709114
2016-05-16/00:00:00,2.26,2.28,2.25,2.26,13064280
2016-05-17/00:00:00,2.26,2.44,2.26,2.33,15211730
2016-05-18/00:00:00,2.33,2.43,2.36,2.39,11635036
2016-05-19/00:00:00,2.39,2.37,2.3,2.33,10718510
2016-05-22/00:00:00,2.33,2.4,2.33,2.36,6683460
2016-05-23/00:00:00,2.36,2.36,2.3,2.31,6130978
2016-05-24/00:00:00,2.31,2.38,2.32,2.35,7718338
2016-05-25/00:00:00,2.35,2.39,2.34,2.36,7500986
2016-05-26/00:00:00,2.36,2.39,2.32,2.36,8584717
2016-05-29/00:00:00,2.36,2.37,2.31,2.34,4786260
2016-05-30/00:00:00,2.34,2.34,2.3,2.32,3908022
2016-05-31/00:00:00,2.32,2.35,2.28,2.31,9104688
2016-06-01/00:00:00,2.31,2.35,2.29,2.33,9153345
2016-06-02/00:00:00,2.33,2.36,2.3,2.33,12883599
2016-06-05/00:00:00,2.33,2.38,2.32,2.35,11452244
2016-06-06/00:00:00,2.35,2.37,2.34,2.35,7633955
2016-06-07/00:00:00,2.35,2.5,2.35,2.43,20766491
2016-06-08/00:00:00,2.43,2.53,2.46,2.5,18883921
2016-06-09/00:00:00,2.5,2.56,2.47,2.51,11349015
2016-06-12/00:00:00,2.51,2.51,2.47,2.49,3575533
2016-06-13/00:00:00,2.49,2.51,2.43,2.46,12279350
2016-06-14/00:00:00,2.46,2.48,2.38,2.42,7030209
2016-06-15/00:00:00,2.42,2.41,2.36,2.39,5015414
2016-06-16/00:00:00,2.39,2.44,2.38,2.41,4262965
2016-06-19/00:00:00,2.41,2.44,2.33,2.39,3855980
2016-06-20/00:00:00,2.39,2.39,2.26,2.33,9360337
2016-06-21/00:00:00,2.33,2.38,2.26,2.31,8418852
2016-06-22/00:00:00,2.31,2.3,2.26,2.26,6595946
2016-06-23/00:00:00,2.26,2.31,2.26,2.3,7619038
2016-06-26/00:00:00,2.3,2.22,2.12,2.17,12716732
2016-06-27/00:00:00,2.17,2.21,2.15,2.17,5888062
2016-06-28/00:00:00,2.17,2.2,2.16,2.19,5789113
2016-06-29/00:00:00,2.19,2.22,2.17,2.19,4949088
2016-07-03/00:00:00,2.19,2.28,2.2,2.25,6422532
2016-07-04/00:00:00,2.25,2.44,2.29,2.36,10499733
2016-07-10/00:00:00,2.36,2.56,2.42,2.5,23637978
2016-07-11/00:00:00,2.5,2.54,2.39,2.45,25338620
2016-07-12/00:00:00,2.45,2.44,2.34,2.4,19142354
2016-07-13/00:00:00,2.4,2.48,2.42,2.45,20490069
2016-07-14/00:00:00,2.45,2.49,2.43,2.46,17131248
2016-07-17/00:00:00,2.46,2.54,2.43,2.48,25503625
2016-07-18/00:00:00,2.48,2.56,2.48,2.51,15018885
2016-07-19/00:00:00,2.51,2.55,2.47,2.52,15951186
2016-07-20/00:00:00,2.52,2.52,2.4,2.46,13846705
2016-07-21/00:00:00,2.46,2.46,2.41,2.44,14235699
2016-07-24/00:00:00,2.44,2.48,2.43,2.45,4520508
2016-07-25/00:00:00,2.45,2.5,2.44,2.47,14295381
2016-07-26/00:00:00,2.47,2.52,2.42,2.46,12553063
2016-07-27/00:00:00,2.55,2.65,2.52,2.57,42511366
2016-07-28/00:00:00,2.57,2.62,2.53,2.57,22012784
2016-07-31/00:00:00,2.57,2.57,2.5,2.53,12014787
2016-08-01/00:00:00,2.53,2.58,2.49,2.52,21312089
2016-08-02/00:00:00,2.52,2.61,2.56,2.58,23674538
2016-08-03/00:00:00,2.58,2.65,2.6,2.63,15336771
2016-08-04/00:00:00,2.63,2.68,2.61,2.65,21596058
2016-08-07/00:00:00,2.65,2.64,2.6,2.62,5840594
2016-08-08/00:00:00,2.62,2.67,2.63,2.65,11895011
2016-08-09/00:00:00,2.65,2.63,2.55,2.58,19092371
2016-08-10/00:00:00,2.58,2.63,2.56,2.6,22426819
2016-08-11/00:00:00,2.6,2.62,2.55,2.59,17701043
2016-08-14/00:00:00,2.59,2.63,2.55,2.6,10484517
2016-08-15/00:00:00,2.6,2.64,2.56,2.6,7661513
2016-08-16/00:00:00,2.6,2.59,2.5,2.54,12530980
2016-08-17/00:00:00,2.54,2.55,2.5,2.52,9556283
2016-08-18/00:00:00,2.52,2.54,2.48,2.51,18333123
2016-08-21/00:00:00,2.51,2.53,2.49,2.51,13838285
2016-08-22/00:00:00,2.51,2.53,2.42,2.47,10509638
2016-08-23/00:00:00,2.47,2.48,2.43,2.46,7544864
2016-08-24/00:00:00,2.46,2.48,2.44,2.47,8393283
2016-08-25/00:00:00,2.47,2.46,2.4,2.43,5465323
2016-08-28/00:00:00,2.43,2.43,2.39,2.4,4882447
2016-08-29/00:00:00,2.4,2.43,2.36,2.39,5218303
2016-08-30/00:00:00,2.39,2.44,2.38,2.42,6211315
2016-08-31/00:00:00,2.42,2.45,2.4,2.42,9185197
2016-09-01/00:00:00,2.42,2.47,2.41,2.45,17133122
2016-09-04/00:00:00,2.45,2.47,2.44,2.45,18603328
2016-09-05/00:00:00,2.45,2.48,2.42,2.45,9989981
2016-09-06/00:00:00,2.45,2.44,2.37,2.4,9283607
2016-09-07/00:00:00,2.4,2.46,2.37,2.42,12089840
2016-09-08/00:00:00,2.42,2.45,2.41,2.43,7933596
2016-09-14/00:00:00,2.43,2.43,2.39,2.42,6621651
2016-09-15/00:00:00,2.42,2.4,2.37,2.39,6499630
2016-09-18/00:00:00,2.39,2.4,2.31,2.35,7337878
2016-09-19/00:00:00,2.35,2.41,2.35,2.37,29627594
2016-09-20/00:00:00,2.37,2.41,2.36,2.38,12044426
2016-09-21/00:00:00,2.38,2.38,2.32,2.35,16040779
2016-09-22/00:00:00,2.35,2.36,2.31,2.34,6102028
2016-09-25/00:00:00,2.34,2.35,2.3,2.32,3947618
2016-09-26/00:00:00,2.32,2.36,2.32,2.34,8858155
2016-09-27/00:00:00,2.34,2.35,2.31,2.33,21877182
2016-09-28/00:00:00,2.33,2.37,2.32,2.36,17428689
2016-09-29/00:00:00,2.36,2.34,2.3,2.32,7466980
2016-10-03/00:00:00,2.32,2.43,2.32,2.41,29318414
2016-10-04/00:00:00,2.41,2.43,2.35,2.37,14840438
2016-10-05/00:00:00,2.37,2.45,2.36,2.4,33785481
2016-10-09/00:00:00,2.4,2.47,2.37,2.42,18417561
2016-10-10/00:00:00,2.42,2.46,2.35,2.39,18105330
2016-10-11/00:00:00,2.39,2.38,2.34,2.36,7566512
2016-10-12/00:00:00,2.36,2.38,2.34,2.36,4191618
2016-10-13/00:00:00,2.36,2.43,2.38,2.41,18277936
2016-10-16/00:00:00,2.41,2.42,2.34,2.37,6896109
2016-10-17/00:00:00,2.37,2.37,2.22,2.26,33309594
2016-10-18/00:00:00,2.26,2.29,2.25,2.26,3821600
2016-10-19/00:00:00,2.26,2.28,2.17,2.23,11032523
2016-10-20/00:00:00,2.23,2.28,2.24,2.26,9378009
2016-10-23/00:00:00,2.26,2.26,2.22,2.24,5090026
2016-10-24/00:00:00,2.24,2.24,2.2,2.22,7229699
2016-10-25/00:00:00,2.22,2.26,2.21,2.22,6559552
2016-10-26/00:00:00,2.22,2.24,2.19,2.22,6880316
2016-10-27/00:00:00,2.22,2.31,2.22,2.27,24915618
2016-10-30/00:00:00,2.27,2.31,2.24,2.26,14904154
2016-10-31/00:00:00,2.26,2.28,2.24,2.26,9827338
2016-11-01/00:00:00,2.26,2.31,2.26,2.28,23749848
2016-11-02/00:00:00,2.36,2.37,2.28,2.32,20374707
2016-11-03/00:00:00,2.48,2.55,2.26,2.35,31381873
2016-11-06/00:00:00,2.35,2.55,2.31,2.45,35798699
2016-11-07/00:00:00,2.45,2.65,2.49,2.57,45381149
2016-11-08/00:00:00,2.57,2.64,2.49,2.57,37337300
2016-11-09/00:00:00,2.57,2.71,2.44,2.64,57216659
2016-11-10/00:00:00,2.64,2.9,2.69,2.79,56819688
2016-11-13/00:00:00,2.79,2.93,2.8,2.86,43255175
2016-11-14/00:00:00,2.86,2.9,2.79,2.85,34435151
2016-11-15/00:00:00,2.85,3.01,2.8,2.91,59311189
2016-11-16/00:00:00,2.91,3.1,2.98,3.04,42756765
2016-11-17/00:00:00,3.04,3.18,2.9,3.06,43030953
2016-11-20/00:00:00,3.06,3.12,2.98,3.07,19337382
2016-11-21/00:00:00,3.07,3.25,3.06,3.15,45218845
2016-11-22/00:00:00,3.15,3.35,3.14,3.23,45117827
2016-11-23/00:00:00,3.23,3.28,3.13,3.22,24388322
2016-11-24/00:00:00,3.22,3.26,3.06,3.14,26410370
2016-11-27/00:00:00,3.14,3.11,3.02,3.07,13129627
2016-11-28/00:00:00,3.07,3.13,2.95,3.03,38375813
2016-11-29/00:00:00,3.03,3.08,2.96,3.03,31360265
2016-11-30/00:00:00,3.03,3.1,3.04,3.07,17450970
2016-12-01/00:00:00,3.07,3.13,3.07,3.1,26629917
2016-12-04/00:00:00,3.1,3.17,3.09,3.14,29343662
2016-12-05/00:00:00,3.14,3.19,2.98,3.08,23443786
2016-12-06/00:00:00,3.08,3.08,2.99,3.04,16223152
2016-12-07/00:00:00,3.04,3.12,2.96,3.04,28263339
2016-12-08/00:00:00,3.04,3.06,2.97,3.02,14703162
2016-12-12/00:00:00,3.02,3.16,3.0,3.08,22835888
2016-12-13/00:00:00,3.08,3.17,3.05,3.12,30203421
2016-12-14/00:00:00,3.12,3.13,3.02,3.07,9926170
2016-12-15/00:00:00,3.07,3.12,3.04,3.08,14452207
2016-12-18/00:00:00,3.08,3.11,3.01,3.05,16787230
2016-12-19/00:00:00,3.05,3.17,3.01,3.1,47107867
2016-12-20/00:00:00,3.1,3.21,3.12,3.17,56723194
2016-12-21/00:00:00,3.17,3.26,3.17,3.22,49559995
2016-12-22/00:00:00,3.22,3.31,3.14,3.23,57953994
2016-12-25/00:00:00,3.23,3.21,3.08,3.14,19835825
2016-12-26/00:00:00,3.14,3.13,3.06,3.09,19069566
2016-12-27/00:00:00,3.09,3.14,3.05,3.1,18845069
2016-12-28/00:00:00,3.1,3.11,3.04,3.07,12676414
2016-12-29/00:00:00,3.07,3.1,2.96,3.05,30169584
2017-01-02/00:00:00,3.05,3.11,3.03,3.07,12172601
2017-01-03/00:00:00,3.07,3.18,3.08,3.14,19415209
2017-01-04/00:00:00,3.14,3.43,3.17,3.28,66607428
2017-01-05/00:00:00,3.28,3.54,3.39,3.45,47150967
2017-01-08/00:00:00,3.45,3.52,3.38,3.44,18915345
2017-01-09/00:00:00,3.44,3.44,3.34,3.39,17500776
2017-01-10/00:00:00,3.39,3.46,3.37,3.41,19596769
2017-01-11/00:00:00,3.41,3.42,3.34,3.39,14670372
2017-01-12/00:00:00,3.39,3.52,3.43,3.47,24432493
2017-01-15/00:00:00,3.47,3.53,3.4,3.44,32541375
2017-01-16/00:00:00,3.44,3.43,3.31,3.35,17587044
2017-01-17/00:00:00,3.35,3.41,3.33,3.36,24813757
2017-01-18/00:00:00,3.36,3.41,3.19,3.32,19168714
2017-01-19/00:00:00,3.32,3.28,3.0,3.11,15735085
2017-01-22/00:00:00,3.11,3.1,2.95,3.02,14307969
2017-01-23/00:00:00,3.02,3.12,2.99,3.05,9654537
2017-01-24/00:00:00,3.05,3.11,3.0,3.07,16902497
2017-01-26/00:00:00,3.07,3.14,3.06,3.1,9950672
2017-01-29/00:00:00,3.1,3.12,3.03,3.07,8114069
2017-01-30/00:00:00,3.07,3.05,2.85,2.92,21532538
2017-01-31/00:00:00,2.92,2.9,2.76,2.83,12685960
2017-02-01/00:00:00,2.83,2.83,2.73,2.78,9711179
2017-02-02/00:00:00,2.78,2.87,2.79,2.84,8835767
2017-02-05/00:00:00,2.84,2.9,2.78,2.82,14939108
2017-02-06/00:00:00,2.82,2.81,2.74,2.78,8597579
2017-02-07/00:00:00,2.78,3.04,2.79,2.91,26328310
2017-02-08/00:00:00,2.91,3.04,2.9,2.95,12742167
2017-02-09/00:00:00,2.95,3.0,2.9,2.94,7355597
2017-02-12/00:00:00,2.94,2.98,2.88,2.93,7347706
2017-02-13/00:00:00,2.93,2.91,2.81,2.85,9928555
2017-02-14/00:00:00,2.85,2.9,2.78,2.84,6645002
2017-02-15/00:00:00,2.84,2.82,2.75,2.79,20807609
2017-02-16/00:00:00,2.79,2.83,2.79,2.81,11596221
2017-02-19/00:00:00,2.81,2.87,2.77,2.8,10203432
2017-02-20/00:00:00,2.8,2.93,2.75,2.86,16993653
2017-02-21/00:00:00,2.86,3.03,2.93,2.97,21011620
2017-02-22/00:00:00,2.97,3.05,2.94,2.99,19124011
2017-02-23/00:00:00,2.99,3.1,2.93,3.03,26820186
2017-02-26/00:00:00,3.03,3.11,3.03,3.07,9817728
2017-02-27/00:00:00,3.07,3.1,2.94,3.0,20965547
2017-02-28/00:00:00,3.0,3.02,2.91,2.98,14953740
2017-03-01/00:00:00,2.98,3.03,2.98,3.0,6380851
2017-03-02/00:00:00,3.0,3.14,3.02,3.09,16935200
2017-03-05/00:00:00,3.09,3.25,3.13,3.19,21672727
2017-03-06/00:00:00,3.19,3.35,3.18,3.29,25652680
2017-03-07/00:00:00,3.29,3.35,3.16,3.25,18444912
2017-03-08/00:00:00,3.25,3.28,3.22,3.25,9566675
2017-03-09/00:00:00,3.25,3.27,3.15,3.21,12110393
2017-03-12/00:00:00,3.21,3.23,3.16,3.2,12341097
2017-03-13/00:00:00,3.2,3.23,3.13,3.16,8896410
2017-03-14/00:00:00,3.16,3.2,3.03,3.1,26350890
2017-03-15/00:00:00,3.1,3.09,3.02,3.05,20953873
2017-03-16/00:00:00,3.05,3.11,3.05,3.08,14954036
2017-03-19/00:00:00,3.08,3.2,3.09,3.14,13914801
2017-03-20/00:00:00,3.14,3.27,3.17,3.22,18557371
2017-03-21/00:00:00,3.22,3.22,3.14,3.17,6839503
2017-03-22/00:00:00,3.17,3.17,3.11,3.14,4075633
2017-03-23/00:00:00,3.14,3.19,3.15,3.17,13779012
2017-03-26/00:00:00,3.17,3.29,3.2,3.24,13995919
2017-03-27/00:00:00,3.24,3.26,3.18,3.2,6252282
2017-03-28/00:00:00,3.2,3.22,3.17,3.2,4592127
2017-03-29/00:00:00,3.2,3.22,3.17,3.2,6573407
2017-03-30/00:00:00,3.2,3.24,3.16,3.19,5337841
2017-04-02/00:00:00,3.19,3.21,3.11,3.14,4825071
2017-04-03/00:00:00,3.14,3.16,3.11,3.14,8634473
2017-04-04/00:00:00,3.14,3.2,3.15,3.18,8234209
2017-04-05/00:00:00,3.18,3.21,3.13,3.18,5572502
2017-04-06/00:00:00,3.18,3.17,3.11,3.14,4772274
2017-04-09/00:00:00,3.14,3.16,3.07,3.1,4999056
2017-04-10/00:00:00,3.1,3.12,3.06,3.09,4408311
2017-04-11/00:00:00,3.09,3.13,3.1,3.12,1834214
2017-04-12/00:00:00,3.12,3.15,3.1,3.12,1773689
2017-04-13/00:00:00,3.12,3.17,3.09,3.13,3465797
2017-04-18/00:00:00,3.13,3.21,3.07,3.13,14933466
2017-04-19/00:00:00,3.13,3.11,3.06,3.09,4854087
2017-04-20/00:00:00,3.09,3.13,3.03,3.07,3745891
2017-04-23/00:00:00,3.07,3.08,2.86,2.92,17220797
2017-04-24/00:00:00,2.92,2.95,2.89,2.91,6500368
2017-04-26/00:00:00,2.91,2.97,2.92,2.95,4972631
2017-04-27/00:00:00,2.95,2.98,2.86,2.91,8259453
2017-04-30/00:00:00,2.91,2.97,2.85,2.9,6852633
2017-05-02/00:00:00,2.9,2.98,2.92,2.96,3378875
2017-05-03/00:00:00,2.96,2.98,2.92,2.96,2418680
2017-05-04/00:00:00,2.96,3.01,2.97,2.99,6831808
2017-05-07/00:00:00,2.99,3.0,2.96,2.98,5249281
2017-05-08/00:00:00,2.98,3.03,2.97,3.0,8623235
2017-05-09/00:00:00,3.0,3.12,2.98,3.06,14473868
2017-05-10/00:00:00,3.06,3.15,3.07,3.1,14871086
2017-05-11/00:00:00,3.1,3.11,3.05,3.07,4139199
2017-05-14/00:00:00,3.07,3.11,3.06,3.08,2301454
2017-05-15/00:00:00,3.08,3.09,3.06,3.08,2748787
2017-05-16/00:00:00,3.08,3.17,3.08,3.14,8274038
2017-05-17/00:00:00,3.14,3.22,3.14,3.18,9867008
2017-05-18/00:00:00,3.18,3.2,3.11,3.15,3867298
2017-05-21/00:00:00,3.15,3.2,3.13,3.17,5633558
2017-05-22/00:00:00,3.17,3.1,2.86,2.95,30494033
2017-05-23/00:00:00,2.95,2.95,2.88,2.92,13901038
2017-05-24/00:00:00,2.92,2.98,2.93,2.95,13355474
2017-05-25/00:00:00,2.95,3.01,2.95,2.98,6064514
2017-05-28/00:00:00,2.98,3.02,2.96,2.99,13112038
2017-05-29/00:00:00,2.99,3.03,2.97,3.01,11339159
2017-05-30/00:00:00,3.01,3.01,2.97,2.99,6103441
2017-05-31/00:00:00,2.99,3.0,2.91,2.97,11591621
2017-06-01/00:00:00,2.97,3.06,2.98,3.03,14050597
2017-06-04/00:00:00,3.03,3.08,3.01,3.06,12981650
2017-06-05/00:00:00,3.06,3.09,3.0,3.04,8146894
2017-06-06/00:00:00,3.04,3.08,3.02,3.06,14759925
2017-06-07/00:00:00,3.06,3.09,3.05,3.07,5997595
2017-06-08/00:00:00,3.07,3.1,3.05,3.08,8735103
2017-06-11/00:00:00,3.08,3.09,3.05,3.08,3594813
2017-06-12/00:00:00,3.08,3.07,2.97,3.03,7684562
2017-06-13/00:00:00,3.03,3.06,3.0,3.04,8226463
2017-06-14/00:00:00,3.04,3.04,2.98,3.0,3381247
2017-06-15/00:00:00,3.0,3.14,3.02,3.1,26080108
2017-06-18/00:00:00,3.1,3.16,3.1,3.13,17515915
2017-06-19/00:00:00,3.13,3.15,3.05,3.09,7555598
2017-06-20/00:00:00,3.09,3.08,3.04,3.06,3734690
2017-06-21/00:00:00,3.06,3.06,3.02,3.04,4723737
2017-06-22/00:00:00,3.04,3.07,2.97,3.01,25428146
2017-06-28/00:00:00,3.01,3.04,2.98,3.02,9922894
2017-07-02/00:00:00,3.02,3.07,3.02,3.06,11275221
2017-07-03/00:00:00,3.06,3.07,3.01,3.06,15052287
2017-07-04/00:00:00,3.06,3.06,3.02,3.05,6384349
2017-07-05/00:00:00,3.05,3.06,3.03,3.04,2971601
2017-07-06/00:00:00,3.04,3.07,3.03,3.05,11305868
2017-07-09/00:00:00,3.05,3.02,2.97,2.99,11167860
2017-07-10/00:00:00,2.99,3.04,3.0,3.01,18048913
2017-07-11/00:00:00,3.01,3.08,3.02,3.05,32314879
2017-07-12/00:00:00,3.05,3.17,3.07,3.12,38667935
2017-07-13/00:00:00,3.12,3.23,3.12,3.2,30304223
2017-07-16/00:00:00,3.2,3.31,3.23,3.27,18127882
2017-07-17/00:00:00,3.27,3.28,3.21,3.22,8497551
2017-07-18/00:00:00,3.22,3.27,3.15,3.21,17125085
2017-07-19/00:00:00,3.21,3.25,3.19,3.22,7166344
2017-07-20/00:00:00,3.22,3.23,3.16,3.18,2127810
2017-07-24/00:00:00,3.18,3.2,3.12,3.15,4921431
2017-07-25/00:00:00,3.15,3.17,3.12,3.14,7767955
2017-07-26/00:00:00,3.14,3.2,3.15,3.18,5144387
2017-07-27/00:00:00,3.18,3.18,3.09,3.11,6811002
2017-07-30/00:00:00,3.11,3.15,3.07,3.1,5847678
2017-07-31/00:00:00,3.1,3.16,3.08,3.11,8340084
2017-08-01/00:00:00,3.11,3.14,3.07,3.1,6471673
2017-08-02/00:00:00,3.1,3.14,3.02,3.07,6454955
2017-08-03/00:00:00,3.07,3.06,3.02,3.03,15720325
2017-08-06/00:00:00,3.03,3.08,3.05,3.07,11716311
2017-08-07/00:00:00,3.07,3.09,3.02,3.05,9644677
2017-08-08/00:00:00,3.05,3.06,3.01,3.04,8800555
2017-08-09/00:00:00,3.04,3.06,3.02,3.04,8049032
2017-08-10/00:00:00,3.04,3.08,3.0,3.03,12572714
2017-08-13/00:00:00,3.03,3.04,2.99,3.01,4450566
2017-08-14/00:00:00,3.01,3.04,2.94,2.97,9789900
2017-08-15/00:00:00,2.97,2.99,2.87,2.9,12105870
2017-08-16/00:00:00,2.9,2.92,2.88,2.9,5948244
2017-08-17/00:00:00,2.9,2.9,2.81,2.87,6347591
2017-08-20/00:00:00,2.87,2.89,2.79,2.84,5132222
2017-08-21/00:00:00,2.84,2.86,2.82,2.85,6410458
2017-08-22/00:00:00,2.85,2.87,2.78,2.82,5195730
2017-08-23/00:00:00,2.82,2.82,2.75,2.77,3657332
2017-08-24/00:00:00,2.77,2.77,2.72,2.75,2888285
2017-08-27/00:00:00,2.75,2.78,2.72,2.75,2590248
2017-08-28/00:00:00,2.75,2.78,2.75,2.77,5339541
2017-08-29/00:00:00,2.77,2.84,2.78,2.81,4768663
2017-08-30/00:00:00,2.81,2.86,2.8,2.84,5890737
2017-09-05/00:00:00,2.84,2.92,2.86,2.9,10761612
2017-09-06/00:00:00,2.9,2.92,2.87,2.89,5147678
2017-09-07/00:00:00,2.89,2.98,2.88,2.94,10795620
2017-09-10/00:00:00,2.94,3.01,2.97,2.99,6048414
2017-09-11/00:00:00,2.99,3.05,2.99,3.01,10475407
2017-09-12/00:00:00,3.01,3.08,2.99,3.03,11778397
2017-09-13/00:00:00,3.03,3.02,2.95,2.99,6087427
2017-09-14/00:00:00,2.99,3.08,3.01,3.05,13876033
2017-09-17/00:00:00,3.05,3.11,3.05,3.09,11544356
2017-09-18/00:00:00,3.09,3.14,3.04,3.1,17126532
2017-09-19/00:00:00,3.1,3.19,3.13,3.15,22724722
2017-09-20/00:00:00,3.15,3.17,3.08,3.11,9336302
2017-09-24/00:00:00,3.11,3.12,3.07,3.1,2912968
2017-09-25/00:00:00,3.1,3.14,3.09,3.13,9773643
2017-09-26/00:00:00,3.13,3.14,3.04,3.09,8489050
2017-09-27/00:00:00,3.09,3.14,3.07,3.12,11214824
2017-09-28/00:00:00,3.12,3.23,3.14,3.19,33081106
2017-10-01/00:00:00,3.19,3.23,3.18,3.2,5967321
2017-10-02/00:00:00,3.2,3.26,3.08,3.18,13092419
2017-10-03/00:00:00,3.18,3.17,3.04,3.12,5110187
2017-10-04/00:00:00,3.12,3.16,3.08,3.12,4740359
2017-10-08/00:00:00,3.12,3.39,3.17,3.26,26520461
2017-10-09/00:00:00,3.26,3.39,3.25,3.33,20519603
2017-10-10/00:00:00,3.33,3.34,3.25,3.29,10569595
2017-10-11/00:00:00,3.29,3.31,3.25,3.28,4315813
2017-10-12/00:00:00,3.28,3.3,3.2,3.24,4338576
2017-10-15/00:00:00,3.24,3.27,3.18,3.23,5134879
2017-10-16/00:00:00,3.23,3.23,3.1,3.15,5992555
2017-10-17/00:00:00,3.15,3.42,3.1,3.32,19165978
2017-10-18/00:00:00,3.5,3.59,3.42,3.53,49670631
2017-10-19/00:00:00,3.53,3.66,3.5,3.57,22086126
2017-10-22/00:00:00,3.57,3.63,3.46,3.56,7846766
2017-10-23/00:00:00,3.56,3.87,3.61,3.75,28551523
2017-10-24/00:00:00,3.75,3.94,3.76,3.83,13967044
2017-10-25/00:00:00,3.83,3.95,3.77,3.89,8657212
2017-10-26/00:00:00,3.89,3.94,3.86,3.9,33316681
2017-10-29/00:00:00,3.9,4.08,3.86,4.02,19414470
2017-10-30/00:00:00,4.02,4.07,4.0,4.04,5654658
2017-10-31/00:00:00,4.04,4.14,4.0,4.07,12249176
2017-11-01/00:00:00,4.07,4.13,3.94,4.04,9390176
2017-11-02/00:00:00,4.04,4.07,3.89,3.95,17414750
2017-11-05/00:00:00,3.95,4.04,3.78,3.91,8689437
2017-11-06/00:00:00,3.91,4.04,3.84,3.93,14739351
2017-11-07/00:00:00,3.93,4.01,3.84,3.95,6847526
2017-11-08/00:00:00,3.95,4.09,3.94,4.03,20677060
2017-11-09/00:00:00,4.03,4.04,3.94,3.95,15271043
2017-11-12/00:00:00,3.95,4.04,3.94,3.98,5668657
2017-11-13/00:00:00,3.98,3.98,3.94,3.95,8045334
2017-11-14/00:00:00,3.95,3.99,3.91,3.96,5196648
2017-11-15/00:00:00,3.96,4.04,3.86,3.97,9534469
2017-11-16/00:00:00,3.97,3.97,3.94,3.96,5567564
2017-11-19/00:00:00,3.96,3.98,3.85,3.94,4452362
2017-11-20/00:00:00,3.94,3.95,3.83,3.92,7960661
2017-11-21/00:00:00,3.92,4.01,3.92,3.96,5699376
2017-11-22/00:00:00,3.96,4.0,3.94,3.98,5020140
2017-11-23/00:00:00,3.98,4.15,3.97,4.1,17566780
2017-11-26/00:00:00,4.1,4.21,4.07,4.15,9743650
2017-11-27/00:00:00,4.15,4.18,4.1,4.15,3948031
2017-11-28/00:00:00,4.15,4.21,4.09,4.16,9939352
2017-11-29/00:00:00,4.16,4.14,3.99,4.07,10065076
2017-12-03/00:00:00,4.07,4.09,4.0,4.04,7828280
2017-12-04/00:00:00,4.04,4.05,3.91,3.96,9902089
2017-12-05/00:00:00,3.96,4.04,3.92,4.0,9982199
2017-12-06/00:00:00,4.0,4.0,3.92,3.94,7397689
2017-12-07/00:00:00,3.94,3.96,3.89,3.94,5422849
2017-12-10/00:00:00,3.94,4.01,3.93,3.96,3891880
2017-12-11/00:00:00,3.96,4.0,3.92,3.96,3883245
2017-12-12/00:00:00,3.96,4.04,3.96,4.01,7707612
2017-12-13/00:00:00,4.01,4.03,3.92,3.95,3822407
2017-12-14/00:00:00,3.95,3.98,3.93,3.95,9337362
2017-12-17/00:00:00,3.95,4.03,3.94,3.99,5499058
2017-12-18/00:00:00,3.99,4.02,3.94,3.96,5134857
2017-12-19/00:00:00,3.96,3.98,3.82,3.9,10378253
2017-12-20/00:00:00,3.9,3.87,3.74,3.8,7942063
2017-12-21/00:00:00,3.8,3.81,3.75,3.78,2662716
2017-12-24/00:00:00,3.78,3.87,3.78,3.84,4984104
2017-12-25/00:00:00,3.84,3.93,3.83,3.88,5730258
2017-12-26/00:00:00,3.88,3.9,3.83,3.85,4640272
2017-12-27/00:00:00,3.85,3.91,3.84,3.87,5463745
2017-12-28/00:00:00,3.87,3.9,3.86,3.88,4785345
2017-12-31/00:00:00,3.88,3.89,3.79,3.84,2816045
2018-01-02/00:00:00,3.84,3.87,3.82,3.84,4247428
2018-01-03/00:00:00,3.84,3.85,3.75,3.8,3483624
2018-01-04/00:00:00,3.8,3.85,3.66,3.76,8496595
2018-01-08/00:00:00,3.76,4.09,3.68,3.89,25445017
2018-01-09/00:00:00,3.89,4.04,3.89,3.95,14705831
2018-01-10/00:00:00,3.95,4.01,3.89,3.94,5433126
2018-01-11/00:00:00,3.94,3.96,3.89,3.93,12627157
2018-01-14/00:00:00,3.93,3.94,3.87,3.9,18015204
2018-01-15/00:00:00,3.9,3.92,3.8,3.85,14184877
2018-01-16/00:00:00,3.85,3.89,3.81,3.86,11693119
2018-01-17/00:00:00,3.86,3.95,3.88,3.92,8147612
2018-01-18/00:00:00,3.92,3.94,3.86,3.91,9135941
2018-01-21/00:00:00,3.91,3.94,3.83,3.86,10742278
2018-01-22/00:00:00,3.86,3.94,3.84,3.88,9465935
2018-01-23/00:00:00,3.88,3.93,3.85,3.88,2566240
2018-01-24/00:00:00,3.88,3.89,3.71,3.8,17432606
2018-01-28/00:00:00,3.8,3.84,3.73,3.76,14376976
2018-01-29/00:00:00,3.76,3.8,3.72,3.76,15812823
2018-01-30/00:00:00,3.76,3.79,3.7,3.74,10007235
2018-01-31/00:00:00,3.74,3.73,3.63,3.67,9610147
2018-02-01/00:00:00,3.67,3.71,3.66,3.68,5032494
2018-02-04/00:00:00,3.68,3.66,3.59,3.62,6374516
2018-02-05/00:00:00,3.62,3.64,3.59,3.61,3788777
2018-02-06/00:00:00,3.61,3.58,3.39,3.52,18222101
2018-02-07/00:00:00,3.52,3.76,3.59,3.68,14428417
2018-02-08/00:00:00,3.68,3.72,3.59,3.64,9016001
2018-02-11/00:00:00,3.64,3.64,3.55,3.6,7064689
2018-02-12/00:00:00,3.6,3.8,3.64,3.72,13010413
2018-02-13/00:00:00,3.72,3.71,3.58,3.64,4391621
2018-02-14/00:00:00,3.64,3.79,3.59,3.72,14267614
2018-02-15/00:00:00,3.72,3.98,3.74,3.92,28442605
2018-02-18/00:00:00,3.92,4.08,3.97,4.04,24265524
2018-02-19/00:00:00,4.04,4.08,4.0,4.05,14573607
2018-02-20/00:00:00,4.05,4.07,3.96,4.0,9210406
2018-02-21/00:00:00,4.0,4.1,3.94,4.03,9846081
2018-02-22/00:00:00,4.03,4.01,3.89,3.96,9203822
2018-02-25/00:00:00,3.96,4.04,3.92,3.97,8608997
2018-02-26/00:00:00,3.97,4.1,3.99,4.03,24522849
2018-02-27/00:00:00,4.03,4.13,4.04,4.09,15291146
2018-02-28/00:00:00,4.09,4.11,3.95,4.05,6678617
2018-03-01/00:00:00,4.05,4.1,3.93,4.04,6412813
2018-03-04/00:00:00,4.04,4.09,4.03,4.07,9035613
2018-03-05/00:00:00,4.07,4.16,4.05,4.11,11668826
2018-03-06/00:00:00,4.11,4.19,4.1,4.15,17550827
2018-03-07/00:00:00,4.15,4.18,4.0,4.1,9758868
2018-03-08/00:00:00,4.1,4.07,3.99,4.02,14638022
2018-03-11/00:00:00,4.02,4.19,4.01,4.13,19827593
2018-03-12/00:00:00,4.13,4.39,4.19,4.3,24226404
2018-03-13/00:00:00,4.3,4.41,4.24,4.3,13692230
2018-03-14/00:00:00,4.3,4.32,4.19,4.22,7551268
2018-03-15/00:00:00,4.22,4.29,4.19,4.25,6592193
2018-03-18/00:00:00,4.25,4.38,4.22,4.29,15324216
2018-03-19/00:00:00,4.29,4.39,4.19,4.28,12967317
2018-03-20/00:00:00,4.28,4.24,4.15,4.19,5813912
2018-03-21/00:00:00,4.19,4.33,4.17,4.25,11193118
2018-03-22/00:00:00,4.25,4.28,4.15,4.2,8997272
2018-03-25/00:00:00,4.2,4.2,4.13,4.17,3068752
2018-03-26/00:00:00,4.17,4.27,4.13,4.18,6645170
2018-03-27/00:00:00,4.18,4.52,4.19,4.36,26410852
2018-03-28/00:00:00,4.6,5.05,4.53,4.72,33490913
2018-03-29/00:00:00,4.72,5.18,4.88,5.03,21472418
2018-04-01/00:00:00,5.03,5.33,5.01,5.14,10250358
2018-04-02/00:00:00,5.14,5.12,4.97,5.05,11278422
2018-04-03/00:00:00,5.05,5.02,4.78,4.9,11963459
2018-04-04/00:00:00,4.9,5.08,4.76,4.93,17670140
2018-04-05/00:00:00,4.93,5.13,4.82,5.01,11070143
2018-04-10/00:00:00,5.01,5.29,5.11,5.21,12272508
2018-04-11/00:00:00,5.21,5.72,5.35,5.52,26481812
2018-04-12/00:00:00,5.52,5.61,5.22,5.37,16959358
2018-04-15/00:00:00,5.37,5.44,5.24,5.33,6332830
2018-04-16/00:00:00,5.33,5.42,5.32,5.37,3653610
2018-04-17/00:00:00,5.37,5.42,5.26,5.35,3183551
2018-04-18/00:00:00,5.35,5.32,5.05,5.17,7850240
2018-04-19/00:00:00,5.17,5.18,5.02,5.07,5070757
2018-04-22/00:00:00,5.07,5.2,5.07,5.12,2523224
2018-04-23/00:00:00,5.12,5.38,5.13,5.26,9703856
2018-04-24/00:00:00,5.26,5.34,5.11,5.2,4088527
2018-04-26/00:00:00,5.2,5.35,5.2,5.21,34915698
2018-04-29/00:00:00,5.21,5.34,5.18,5.24,1486789
2018-04-30/00:00:00,5.24,5.26,5.07,5.14,1871752
2018-05-02/00:00:00,5.14,5.16,4.63,5.01,2925565
2018-05-03/00:00:00,5.01,4.98,4.78,4.84,5130262
2018-05-06/00:00:00,4.84,4.97,4.73,4.85,4482950
2018-05-07/00:00:00,4.85,5.32,4.78,4.94,7350942
2018-05-08/00:00:00,4.94,5.09,4.94,5.02,8764182
2018-05-09/00:00:00,5.02,5.05,4.64,4.83,8778883
2018-05-10/00:00:00,4.83,4.85,4.66,4.74,10876166
2018-05-13/00:00:00,4.74,4.89,4.69,4.79,6979570
2018-05-14/00:00:00,4.79,4.77,4.49,4.57,8085312
2018-05-15/00:00:00,4.57,4.7,4.59,4.64,3682112
2018-05-16/00:00:00,4.64,4.78,4.57,4.7,4140299
2018-05-17/00:00:00,4.7,4.73,4.63,4.68,2571903
2018-05-20/00:00:00,4.68,4.71,4.53,4.6,2605574
2018-05-21/00:00:00,4.6,4.64,4.54,4.57,2841955
2018-05-22/00:00:00,4.57,4.62,4.5,4.54,4487504
2018-05-23/00:00:00,4.54,4.62,4.55,4.58,3303396
2018-05-24/00:00:00,4.58,4.63,4.54,4.57,3807083
2018-05-27/00:00:00,4.57,4.68,4.58,4.63,2152384
2018-05-28/00:00:00,4.63,4.92,4.68,4.81,10249939
2018-05-29/00:00:00,4.81,5.02,4.85,4.93,5414210
2018-05-30/00:00:00,4.93,4.88,4.81,4.84,6368983
2018-05-31/00:00:00,4.84,4.86,4.59,4.74,8820378
2018-06-03/00:00:00,4.74,4.93,4.76,4.83,5359355
2018-06-04/00:00:00,4.83,4.85,4.63,4.71,5729561
2018-06-05/00:00:00,4.71,4.77,4.54,4.67,6042532
2018-06-06/00:00:00,4.67,4.75,4.35,4.52,3323466
2018-06-07/00:00:00,4.52,4.59,4.41,4.48,2876251
2018-06-10/00:00:00,4.48,4.71,4.49,4.62,4831712
2018-06-11/00:00:00,4.62,4.66,4.44,4.53,2621180
2018-06-12/00:00:00,4.53,4.53,4.38,4.46,5335311
2018-06-13/00:00:00,4.46,4.6,4.42,4.52,6102147
2018-06-14/00:00:00,4.52,4.61,4.46,4.5,4134076
2018-06-19/00:00:00,4.5,4.52,4.37,4.43,2387925
2018-06-20/00:00:00,4.43,4.65,4.43,4.57,5848068
2018-06-21/00:00:00,4.57,4.73,4.56,4.64,4872039
2018-06-24/00:00:00,4.64,4.71,4.59,4.64,3241848
2018-06-25/00:00:00,4.64,4.65,4.46,4.55,3422296
2018-06-26/00:00:00,4.55,4.51,4.4,4.44,1622679
2018-06-27/00:00:00,4.44,4.48,4.35,4.41,3813704
2018-06-28/00:00:00,4.41,4.5,4.35,4.41,3969057
2018-07-02/00:00:00,4.41,4.48,4.37,4.41,2296037
2018-07-03/00:00:00,4.41,4.53,4.38,4.47,7552334
2018-07-04/00:00:00,4.47,4.58,4.29,4.41,12778185
2018-07-05/00:00:00,4.41,4.36,4.18,4.22,14889226
2018-07-08/00:00:00,4.22,4.25,3.89,4.01,9153401
2018-07-09/00:00:00,4.01,4.17,3.88,4.04,15222506
2018-07-10/00:00:00,4.04,4.16,4.05,4.09,3705837
2018-07-11/00:00:00,4.09,4.12,3.99,4.06,10774873
2018-07-12/00:00:00,4.06,4.12,4.06,4.09,4879332
2018-07-15/00:00:00,4.09,4.15,3.96,4.04,4551868
2018-07-16/00:00:00,4.04,4.01,3.91,3.96,3584554
2018-07-17/00:00:00,3.96,4.05,3.93,3.98,7297717
2018-07-18/00:00:00,3.98,4.09,3.99,4.03,6586354
2018-07-19/00:00:00,4.03,4.08,3.95,3.99,4169057
2018-07-22/00:00:00,3.99,3.99,3.89,3.94,3414373
2018-07-24/00:00:00,3.94,4.03,3.86,3.94,4323332
2018-07-25/00:00:00,3.94,3.92,3.71,3.8,3197814
2018-07-26/00:00:00,3.8,3.85,3.7,3.8,2167995
2018-07-29/00:00:00,3.8,3.85,3.77,3.81,2798033
2018-07-30/00:00:00,3.81,3.79,3.71,3.74,1869086
2018-07-31/00:00:00,3.74,3.97,3.76,3.88,8043505
2018-08-01/00:00:00,3.88,4.0,3.81,3.9,7746435
2018-08-02/00:00:00,3.9,3.86,3.52,3.63,31333746
2018-08-05/00:00:00,3.63,3.55,3.36,3.45,11935335
2018-08-06/00:00:00,3.45,3.55,3.4,3.48,8353957
2018-08-07/00:00:00,3.48,3.57,3.51,3.54,3887697
2018-08-08/00:00:00,3.54,3.55,3.44,3.47,6689284
2018-08-09/00:00:00,3.47,3.51,3.22,3.35,11843411
2018-08-12/00:00:00,3.35,3.25,3.07,3.14,15738293
2018-08-13/00:00:00,3.14,3.15,2.87,2.98,14363825
2018-08-14/00:00:00,2.98,3.06,2.93,3.0,9132196
2018-08-15/00:00:00,3.0,3.03,2.96,3.0,4292626
2018-08-16/00:00:00,3.0,3.04,2.91,2.98,4860420
2018-08-19/00:00:00,2.98,2.98,2.91,2.94,2213333
2018-08-26/00:00:00,2.94,3.0,2.93,2.97,2967732
2018-08-27/00:00:00,2.97,3.0,2.92,2.96,2781405
2018-08-28/00:00:00,2.96,3.18,2.99,3.1,14902573
2018-08-29/00:00:00,3.1,3.22,3.13,3.17,4996861
2018-08-30/00:00:00,3.17,3.23,3.13,3.18,6294141
2018-09-02/00:00:00,3.18,3.18,3.06,3.11,3507673
2018-09-03/00:00:00,3.11,3.11,2.95,3.02,9147003
2018-09-04/00:00:00,3.02,3.16,3.06,3.13,9309442
2018-09-05/00:00:00,3.13,3.15,3.04,3.09,4131058
2018-09-06/00:00:00,3.09,3.1,3.06,3.08,834163
2018-09-09/00:00:00,3.08,3.09,3.0,3.04,1896946
2018-09-10/00:00:00,3.04,3.04,2.98,3.0,2811582
2018-09-12/00:00:00,3.0,3.0,2.82,2.89,5547070
2018-09-13/00:00:00,2.89,2.88,2.74,2.8,8106149
2018-09-16/00:00:00,2.8,2.77,2.53,2.64,5510394
2018-09-17/00:00:00,2.64,2.61,2.49,2.57,3500189
2018-09-18/00:00:00,2.57,2.66,2.43,2.54,8853733
2018-09-19/00:00:00,2.54,2.49,2.29,2.33,10564501
2018-09-20/00:00:00,2.33,2.42,2.13,2.29,10653908
2018-09-23/00:00:00,2.29,2.36,2.26,2.31,4439563
2018-09-24/00:00:00,2.31,2.41,2.26,2.33,7613639
2018-09-25/00:00:00,2.33,2.44,2.35,2.39,10423758
2018-09-26/00:00:00,2.39,2.5,2.4,2.45,17197173
2018-09-27/00:00:00,2.45,2.44,2.38,2.41,3197824
2018-09-30/00:00:00,2.41,2.46,2.34,2.37,5076903
2018-10-01/00:00:00,2.37,2.37,2.32,2.35,1740545
2018-10-02/00:00:00,2.35,2.47,2.35,2.42,4720993
2018-10-03/00:00:00,2.42,2.51,2.41,2.47,5580921
2018-10-04/00:00:00,2.47,2.42,2.35,2.37,4617717
2018-10-08/00:00:00,2.37,2.38,2.17,2.23,8701131
2018-10-09/00:00:00,2.23,2.24,2.15,2.19,3513756
2018-10-10/00:00:00,2.19,2.22,2.02,2.06,45290237
2018-10-11/00:00:00,1.99,2.06,1.93,2.01,14841395
2018-10-14/00:00:00,2.01,2.13,2.06,2.1,12479397
2018-10-15/00:00:00,2.1,2.13,2.04,2.1,4982808
2018-10-16/00:00:00,2.1,2.19,2.13,2.16,6004123
2018-10-17/00:00:00,2.16,2.18,2.12,2.15,5552828
2018-10-18/00:00:00,2.15,2.16,2.09,2.12,4560994
2018-10-21/00:00:00,2.12,2.12,2.06,2.1,3460930
2018-10-22/00:00:00,2.1,2.16,2.09,2.14,6442090
2018-10-23/00:00:00,2.14,2.24,2.13,2.2,12932751
2018-10-24/00:00:00,2.2,2.28,2.18,2.23,11556996
2018-10-25/00:00:00,2.23,2.25,2.16,2.2,14513607
2018-10-28/00:00:00,2.2,2.33,2.23,2.29,15102285
2018-10-29/00:00:00,2.29,2.44,2.3,2.38,12999441
2018-10-30/00:00:00,2.38,2.44,2.33,2.37,6419643
2018-10-31/00:00:00,2.37,2.41,2.3,2.35,9708030
2018-11-01/00:00:00,2.35,2.37,2.31,2.34,4211783
2018-11-04/00:00:00,2.34,2.37,2.31,2.35,5389392
2018-11-05/00:00:00,2.35,2.5,2.3,2.39,20260498
2018-11-06/00:00:00,2.39,2.57,2.45,2.51,29886371
2018-11-07/00:00:00,2.51,2.56,2.43,2.49,15080721
2018-11-08/00:00:00,2.49,2.51,2.41,2.46,16038064
2018-11-11/00:00:00,2.46,2.51,2.42,2.46,14779224
2018-11-12/00:00:00,2.46,2.53,2.44,2.48,19005468
2018-11-13/00:00:00,2.48,2.54,2.35,2.45,28168175
2018-11-14/00:00:00,2.45,2.4,2.33,2.36,12935066
2018-11-15/00:00:00,2.45,2.58,2.4,2.5,33678016
2018-11-18/00:00:00,2.5,2.68,2.55,2.63,23853406
2018-11-19/00:00:00,2.63,2.66,2.57,2.62,17302777
2018-11-21/00:00:00,2.62,2.63,2.57,2.6,12700437
2018-11-22/00:00:00,2.6,2.66,2.54,2.6,15346642
2018-11-25/00:00:00,2.6,2.57,2.44,2.49,11488867
2018-11-26/00:00:00,2.49,2.51,2.43,2.48,9872066
2018-11-27/00:00:00,2.48,2.55,2.48,2.5,10625864
2018-11-28/00:00:00,2.5,2.58,2.5,2.54,15357556
2018-11-29/00:00:00,2.54,2.58,2.49,2.53,29639755
2018-12-02/00:00:00,2.53,2.52,2.43,2.46,6405388
2018-12-03/00:00:00,2.46,2.48,2.3,2.37,14728332
2018-12-04/00:00:00,2.37,2.35,2.27,2.31,7209234
2018-12-05/00:00:00,2.31,2.31,2.19,2.24,16705967
2018-12-06/00:00:00,2.24,2.29,2.17,2.23,10090311
2018-12-09/00:00:00,2.23,2.2,2.12,2.17,7373152
2018-12-10/00:00:00,2.17,2.26,2.2,2.24,8008321
2018-12-11/00:00:00,2.24,2.3,2.25,2.28,15806806
2018-12-12/00:00:00,2.28,2.34,2.28,2.31,30342199
2018-12-13/00:00:00,2.31,2.37,2.3,2.34,13806572
2018-12-16/00:00:00,2.34,2.34,2.27,2.31,8035873
2018-12-17/00:00:00,2.31,2.4,2.3,2.36,17274747
2018-12-18/00:00:00,2.36,2.35,2.29,2.32,9359882
2018-12-19/00:00:00,2.32,2.31,2.25,2.28,7923696
2018-12-20/00:00:00,2.28,2.26,2.19,2.23,13540133
2018-12-23/00:00:00,2.23,2.23,2.16,2.2,5736325
2018-12-24/00:00:00,2.2,2.2,2.14,2.16,9451320
2018-12-25/00:00:00,2.16,2.17,2.11,2.14,8737087
2018-12-26/00:00:00,2.14,2.19,2.15,2.17,4535901
2018-12-27/00:00:00,2.17,2.21,2.16,2.18,10559624
2018-12-30/00:00:00,2.18,2.21,2.15,2.18,21540909
2018-12-31/00:00:00,2.18,2.21,2.15,2.18,18955538
2019-01-02/00:00:00,2.18,2.2,2.17,2.19,7493752
2019-01-03/00:00:00,2.19,2.26,2.18,2.23,27269238
2019-01-06/00:00:00,2.23,2.3,2.25,2.27,17798463
2019-01-08/00:00:00,2.27,2.29,2.22,2.25,16304419
2019-01-09/00:00:00,2.25,2.27,2.19,2.23,25902543
2019-01-10/00:00:00,2.23,2.23,2.2,2.22,9421311
2019-01-13/00:00:00,2.22,2.24,2.2,2.22,7410884
2019-01-14/00:00:00,2.22,2.22,2.19,2.2,6854723
2019-01-15/00:00:00,2.2,2.22,2.2,2.21,6873763
2019-01-16/00:00:00,2.21,2.28,2.22,2.25,25709183
2019-01-17/00:00:00,2.25,2.25,2.19,2.22,7772894
2019-01-20/00:00:00,2.22,2.23,2.18,2.2,6390904
2019-01-21/00:00:00,2.2,2.21,2.18,2.19,5656408
2019-01-22/00:00:00,2.19,2.2,2.13,2.16,8514918
2019-01-23/00:00:00,2.16,2.17,2.11,2.14,7241984
2019-01-27/00:00:00,2.14,2.2,2.16,2.18,10442445
2019-01-28/00:00:00,2.18,2.25,2.17,2.21,27547891
2019-01-29/00:00:00,2.21,2.26,2.21,2.24,18909406
2019-01-30/00:00:00,2.24,2.27,2.22,2.25,14781502
2019-01-31/00:00:00,2.25,2.4,2.24,2.33,80032328
2019-02-03/00:00:00,2.4,2.45,2.35,2.39,28412676
2019-02-04/00:00:00,2.39,2.42,2.32,2.38,28622006
2019-02-05/00:00:00,2.38,2.55,2.41,2.48,72926165
2019-02-06/00:00:00,2.48,2.56,2.45,2.52,29345214
2019-02-07/00:00:00,2.52,2.59,2.52,2.56,25117365
2019-02-10/00:00:00,2.56,2.58,2.52,2.55,9859368
2019-02-11/00:00:00,2.55,2.55,2.49,2.52,14211211
2019-02-12/00:00:00,2.52,2.61,2.53,2.59,20810882
2019-02-13/00:00:00,2.59,2.65,2.59,2.63,14571286
2019-02-14/00:00:00,2.63,2.65,2.55,2.6,14103178
2019-02-17/00:00:00,2.72,2.87,2.69,2.77,56363394
2019-02-18/00:00:00,2.77,2.84,2.73,2.78,12916151
2019-02-19/00:00:00,2.78,2.85,2.73,2.81,19461729
2019-02-20/00:00:00,2.81,2.89,2.79,2.83,16457960
2019-02-21/00:00:00,2.83,2.83,2.78,2.81,10428443
2019-02-24/00:00:00,2.81,2.83,2.73,2.77,9447542
2019-02-25/00:00:00,2.77,2.88,2.73,2.83,14310639
2019-02-26/00:00:00,2.83,2.91,2.81,2.84,16886523
2019-02-27/00:00:00,2.84,2.83,2.76,2.79,9866918
2019-02-28/00:00:00,2.79,2.82,2.72,2.77,12150684
2019-03-03/00:00:00,2.77,2.83,2.72,2.75,7097244
2019-03-04/00:00:00,2.75,2.78,2.67,2.72,21696423
2019-03-05/00:00:00,2.72,2.8,2.71,2.75,9325288
2019-03-06/00:00:00,2.75,2.83,2.77,2.81,9879953
2019-03-07/00:00:00,2.81,2.94,2.83,2.89,36089482
2019-03-10/00:00:00,2.89,2.98,2.92,2.94,13899611
2019-03-11/00:00:00,2.94,3.0,2.91,2.95,19412133
2019-03-12/00:00:00,2.95,2.95,2.88,2.91,14720172
2019-03-13/00:00:00,2.91,2.93,2.83,2.88,12891478
2019-03-14/00:00:00,2.88,2.87,2.82,2.85,11587620
2019-03-17/00:00:00,2.85,2.86,2.82,2.84,2906044
2019-03-18/00:00:00,2.84,2.87,2.79,2.82,9040259
2019-03-19/00:00:00,2.82,2.81,2.65,2.72,19794252
2019-03-20/00:00:00,2.72,2.75,2.66,2.71,12037793
2019-03-21/00:00:00,2.71,2.81,2.7,2.76,10378672
2019-03-24/00:00:00,2.76,2.87,2.82,2.84,13664338
2019-03-25/00:00:00,2.84,2.85,2.7,2.74,14710036
2019-03-26/00:00:00,2.74,2.77,2.68,2.72,10144179
2019-03-27/00:00:00,2.72,2.8,2.65,2.7,11998819
2019-03-28/00:00:00,2.7,2.77,2.65,2.74,14270077
2019-03-31/00:00:00,2.74,2.75,2.68,2.72,17054482
2019-04-01/00:00:00,2.72,2.74,2.68,2.71,8717887
2019-04-02/00:00:00,2.71,2.74,2.67,2.7,9953143
2019-04-03/00:00:00,2.7,2.72,2.64,2.67,11939761
2019-04-04/00:00:00,2.67,2.71,2.66,2.68,4945279
2019-04-07/00:00:00,2.68,2.7,2.64,2.67,5187481
2019-04-08/00:00:00,2.67,2.69,2.56,2.62,9312800
2019-04-09/00:00:00,2.62,2.59,2.47,2.52,22086073
2019-04-10/00:00:00,2.52,2.53,2.49,2.52,5406845
2019-04-11/00:00:00,2.52,2.56,2.51,2.54,6157888
2019-04-14/00:00:00,2.54,2.58,2.51,2.55,6735435
2019-04-15/00:00:00,2.55,2.59,2.55,2.57,6812838
2019-04-16/00:00:00,2.57,2.61,2.49,2.54,11271898
2019-04-17/00:00:00,2.54,2.52,2.44,2.49,5935445
2019-04-18/00:00:00,2.49,2.54,2.5,2.51,5346944
2019-04-21/00:00:00,2.51,2.53,2.49,2.51,2635935
2019-04-22/00:00:00,2.51,2.55,2.51,2.52,4943903
2019-04-23/00:00:00,2.52,2.53,2.45,2.47,3899988
2019-04-24/00:00:00,2.47,2.51,2.45,2.48,6293510
2019-04-30/00:00:00,2.48,2.47,2.4,2.43,4610324
2019-05-02/00:00:00,2.43,2.44,2.36,2.4,7683223
2019-05-05/00:00:00,2.4,2.41,2.32,2.38,5998923
2019-05-06/00:00:00,2.38,2.38,2.31,2.35,3818301
2019-05-07/00:00:00,2.35,2.4,2.32,2.36,2034452
2019-05-08/00:00:00,2.36,2.36,2.27,2.31,9245953
2019-05-09/00:00:00,2.31,2.41,2.29,2.35,10473833
2019-05-12/00:00:00,2.35,2.43,2.38,2.4,4154078
2019-05-13/00:00:00,2.4,2.42,2.33,2.38,6455988
2019-05-14/00:00:00,2.38,2.43,2.37,2.4,2521785
2019-05-15/00:00:00,2.4,2.41,2.36,2.37,2825209
2019-05-16/00:00:00,2.37,2.4,2.33,2.38,4229190
2019-05-19/00:00:00,2.38,2.39,2.34,2.35,1184609
2019-05-20/00:00:00,2.35,2.36,2.32,2.34,3536297
2019-05-21/00:00:00,2.34,2.42,2.35,2.4,8155430
2019-05-22/00:00:00,2.4,2.44,2.39,2.42,3718489
2019-05-23/00:00:00,2.42,2.47,2.42,2.45,4816043
2019-05-26/00:00:00,2.45,2.54,2.42,2.5,5392836
2019-05-27/00:00:00,2.5,2.52,2.47,2.5,3210970
2019-05-28/00:00:00,2.5,2.67,2.51,2.6,14211495
2019-05-29/00:00:00,2.6,2.65,2.53,2.58,8916467
2019-05-30/00:00:00,2.58,2.56,2.45,2.49,7914583
2019-06-02/00:00:00,2.49,2.49,2.4,2.42,6344698
2019-06-03/00:00:00,2.42,2.45,2.38,2.41,5564179
2019-06-09/00:00:00,2.41,2.48,2.43,2.45,7835170
2019-06-10/00:00:00,2.45,2.52,2.45,2.49,11270738
2019-06-11/00:00:00,2.49,2.57,2.48,2.53,25795487
2019-06-12/00:00:00,2.53,2.53,2.46,2.49,11423218
2019-06-13/00:00:00,2.49,2.5,2.45,2.48,4132861
2019-06-16/00:00:00,2.48,2.5,2.44,2.47,6247626
2019-06-17/00:00:00,2.47,2.53,2.47,2.5,8482542
2019-06-18/00:00:00,2.5,2.48,2.44,2.45,2626093
2019-06-19/00:00:00,2.45,2.49,2.39,2.43,5264656
2019-06-20/00:00:00,2.43,2.42,2.36,2.39,5423122
2019-06-23/00:00:00,2.39,2.41,2.37,2.38,1232696
2019-06-24/00:00:00,2.38,2.39,2.3,2.33,2870829
2019-06-25/00:00:00,2.33,2.34,2.29,2.32,5105293
2019-06-26/00:00:00,2.32,2.39,2.33,2.36,6537834
2019-06-27/00:00:00,2.36,2.44,2.36,2.4,12250714
2019-07-02/00:00:00,2.4,2.43,2.38,2.41,11638572
2019-07-03/00:00:00,2.41,2.49,2.42,2.45,20396605
2019-07-04/00:00:00,2.45,2.45,2.38,2.41,8122734
2019-07-07/00:00:00,2.41,2.4,2.34,2.37,7733735
2019-07-08/00:00:00,2.37,2.39,2.34,2.37,13044533
2019-07-09/00:00:00,2.37,2.43,2.34,2.39,14571859
2019-07-10/00:00:00,2.39,2.38,2.29,2.33,14795955
2019-07-11/00:00:00,2.33,2.36,2.3,2.32,19727551
2019-07-14/00:00:00,2.32,2.33,2.18,2.25,18468471
2019-07-15/00:00:00,2.25,2.31,2.19,2.26,18369154
2019-07-16/00:00:00,2.26,2.32,2.19,2.26,24396898
2019-07-17/00:00:00,2.26,2.22,2.15,2.17,10932423
2019-07-18/00:00:00,2.17,2.21,2.17,2.19,8905352
2019-07-21/00:00:00,2.19,2.2,2.14,2.17,22558632
2019-07-22/00:00:00,2.17,2.2,2.15,2.17,13695507
2019-07-24/00:00:00,2.17,2.18,2.04,2.09,31600266
2019-07-25/00:00:00,2.09,2.09,2.04,2.06,9112174
2019-07-28/00:00:00,2.06,2.08,2.03,2.06,9848752
2019-07-29/00:00:00,2.06,2.06,2.02,2.04,6641707
2019-07-30/00:00:00,2.04,2.08,1.98,2.02,15150543
2019-07-31/00:00:00,2.02,2.04,1.94,1.99,10607621
2019-08-01/00:00:00,1.97,2.14,2.02,2.04,53089063
2019-08-04/00:00:00,2.04,2.14,2.04,2.08,17668344
2019-08-05/00:00:00,2.08,2.09,2.04,2.06,15982752
2019-08-06/00:00:00,2.06,2.06,2.03,2.05,11756917
2019-08-07/00:00:00,2.05,2.17,2.05,2.11,21661199
2019-08-08/00:00:00,2.11,2.3,2.16,2.25,32165681
2019-08-14/00:00:00,2.25,2.38,2.3,2.34,13752065
2019-08-15/00:00:00,2.34,2.34,2.27,2.3,13203744
2019-08-18/00:00:00,2.3,2.36,2.31,2.34,11838127
2019-08-19/00:00:00,2.34,2.44,2.32,2.39,30509379
2019-08-20/00:00:00,2.39,2.48,2.44,2.46,15437689
2019-08-21/00:00:00,2.46,2.48,2.41,2.43,11057913
2019-08-22/00:00:00,2.43,2.48,2.42,2.45,12382774
2019-08-25/00:00:00,2.52,2.54,2.34,2.42,40091505
2019-08-26/00:00:00,2.42,2.39,2.28,2.34,13679575
2019-08-27/00:00:00,2.34,2.4,2.33,2.36,6703115
2019-08-28/00:00:00,2.36,2.42,2.35,2.39,11249050
2019-08-29/00:00:00,2.39,2.42,2.36,2.38,9506995
2019-09-01/00:00:00,2.38,2.39,2.33,2.36,5523598
2019-09-02/00:00:00,2.36,2.38,2.31,2.34,5005347
2019-09-03/00:00:00,2.34,2.36,2.3,2.32,3846473
2019-09-04/00:00:00,2.32,2.37,2.3,2.34,7022388
2019-09-05/00:00:00,2.34,2.39,2.34,2.36,11379935
2019-09-08/00:00:00,2.36,2.38,2.33,2.35,7713443
2019-09-09/00:00:00,2.35,2.36,2.3,2.32,10346096
2019-09-10/00:00:00,2.32,2.37,2.32,2.35,11588444
2019-09-11/00:00:00,2.35,2.4,2.35,2.38,10662797
2019-09-12/00:00:00,2.38,2.43,2.38,2.4,16555868
2019-09-15/00:00:00,2.4,2.41,2.36,2.38,6903620
2019-09-16/00:00:00,2.38,2.37,2.3,2.33,13344523
2019-09-17/00:00:00,2.33,2.34,2.11,2.2,29144525
2019-09-18/00:00:00,2.2,2.2,2.09,2.13,14242032
2019-09-19/00:00:00,2.13,2.2,2.13,2.18,11261003
2019-09-22/00:00:00,2.18,2.15,1.97,2.01,24152570
2019-09-23/00:00:00,2.01,2.02,1.81,1.89,25940893
2019-09-24/00:00:00,1.89,1.89,1.72,1.8,27673335
2019-09-25/00:00:00,1.8,1.98,1.8,1.91,33703127
2019-09-26/00:00:00,1.91,2.06,1.94,2.0,33550351
2019-09-29/00:00:00,2.15,2.19,2.09,2.14,47266139
2019-09-30/00:00:00,2.14,2.17,2.11,2.13,16846949
2019-10-01/00:00:00,2.13,2.18,2.12,2.15,9582656
2019-10-02/00:00:00,2.15,2.15,2.06,2.1,11174640
2019-10-03/00:00:00,2.1,2.1,2.03,2.07,12451847
2019-10-07/00:00:00,2.07,2.13,2.07,2.1,10087550
2019-10-08/00:00:00,2.1,2.11,2.03,2.06,5649818
2019-10-09/00:00:00,2.06,2.05,2.0,2.03,11079672
2019-10-10/00:00:00,2.03,2.06,1.99,2.02,8771762
2019-10-13/00:00:00,2.02,2.03,1.99,2.01,7005000
2019-10-14/00:00:00,2.01,2.04,1.98,2.02,8384807
2019-10-15/00:00:00,2.02,2.0,1.97,1.98,9386763
2019-10-16/00:00:00,1.98,2.08,1.99,2.03,14794115
2019-10-17/00:00:00,2.03,2.11,2.06,2.09,20858827
2019-10-20/00:00:00,2.09,2.1,2.06,2.07,4480470
2019-10-21/00:00:00,2.07,2.09,2.04,2.06,5304653
2019-10-22/00:00:00,2.06,2.08,2.04,2.06,5212293
2019-10-23/00:00:00,2.06,2.06,1.99,2.02,6496305
2019-10-24/00:00:00,2.02,2.06,2.03,2.05,4530426
2019-10-27/00:00:00,2.05,2.12,2.06,2.09,9331880
2019-10-28/00:00:00,2.09,2.13,2.09,2.11,12296041
2019-10-29/00:00:00,2.11,2.14,2.09,2.12,19380391
2019-10-30/00:00:00,2.12,2.14,2.08,2.11,4834708
2019-10-31/00:00:00,2.11,2.15,2.1,2.13,11258514
2019-11-03/00:00:00,2.13,2.15,2.1,2.13,9831090
2019-11-04/00:00:00,2.13,2.13,2.08,2.09,9839378
2019-11-05/00:00:00,2.09,2.11,2.06,2.09,15441929
2019-11-06/00:00:00,2.09,2.08,2.04,2.06,4681530
2019-11-07/00:00:00,2.06,2.09,2.05,2.06,3853844
2019-11-11/00:00:00,2.06,2.09,2.06,2.08,6904934
2019-11-12/00:00:00,2.08,2.17,2.09,2.14,30317836
2019-11-13/00:00:00,2.14,2.16,2.12,2.14,9405757
2019-11-14/00:00:00,2.14,2.16,2.13,2.14,8157253
2019-11-17/00:00:00,2.14,2.16,2.09,2.12,5581628
2019-11-18/00:00:00,2.12,2.11,2.04,2.07,5152291
2019-11-19/00:00:00,2.07,2.09,2.05,2.06,6804761
2019-11-20/00:00:00,2.06,2.07,2.04,2.06,10022688
2019-11-21/00:00:00,2.06,2.08,2.05,2.06,6439133
2019-11-24/00:00:00,2.06,2.07,2.05,2.06,1453496
2019-11-25/00:00:00,2.06,2.07,2.02,2.05,4153195
2019-11-26/00:00:00,2.05,2.04,2.01,2.02,7220244
2019-11-27/00:00:00,2.02,2.03,1.99,2.01,3349316
2019-11-28/00:00:00,2.01,2.04,1.99,2.01,4236731
2019-12-01/00:00:00,2.01,2.02,1.92,1.95,5723028
2019-12-02/00:00:00,1.95,1.95,1.83,1.87,15899218
2019-12-03/00:00:00,1.87,1.96,1.83,1.91,8656766
2019-12-04/00:00:00,1.91,1.97,1.92,1.94,2747942
2019-12-05/00:00:00,1.94,1.97,1.91,1.93,4775351
2019-12-08/00:00:00,1.93,1.94,1.89,1.91,1191734
2019-12-09/00:00:00,1.91,1.93,1.88,1.89,2319487
2019-12-10/00:00:00,1.89,1.92,1.89,1.91,1734061
2019-12-11/00:00:00,1.91,1.92,1.86,1.88,1281844
2019-12-12/00:00:00,1.88,1.88,1.85,1.86,3197917
2019-12-15/00:00:00,1.86,1.88,1.85,1.86,2333558
2019-12-16/00:00:00,1.86,1.89,1.82,1.84,6897008
2019-12-17/00:00:00,1.84,1.89,1.82,1.87,9551386
2019-12-18/00:00:00,1.87,1.92,1.88,1.9,6420860
2019-12-19/00:00:00,1.9,1.9,1.85,1.86,7426661
2019-12-22/00:00:00,1.86,1.88,1.85,1.86,2369990
2019-12-23/00:00:00,1.86,1.87,1.85,1.86,3879237
2019-12-24/00:00:00,1.86,1.85,1.81,1.83,10370781
2019-12-25/00:00:00,1.83,1.84,1.82,1.82,4223976
2019-12-26/00:00:00,1.82,1.83,1.81,1.82,6093276
2019-12-29/00:00:00,1.82,1.83,1.79,1.81,6161530
2019-12-30/00:00:00,1.81,1.81,1.74,1.76,25824355
2019-12-31/00:00:00,1.76,1.79,1.72,1.75,6984550
2020-01-02/00:00:00,1.75,1.77,1.74,1.75,2390823
2020-01-05/00:00:00,1.75,1.72,1.58,1.6,16720687
2020-01-06/00:00:00,1.6,1.58,1.45,1.54,17586634
2020-01-08/00:00:00,1.54,1.68,1.51,1.61,14424470
2020-01-09/00:00:00,1.61,1.71,1.64,1.67,12771577
2020-01-12/00:00:00,1.67,1.68,1.65,1.66,11749507
2020-01-13/00:00:00,1.66,1.67,1.56,1.62,16875218
2020-01-14/00:00:00,1.62,1.64,1.6,1.61,5870465
2020-01-15/00:00:00,1.61,1.63,1.59,1.61,2701544
2020-01-16/00:00:00,1.61,1.63,1.6,1.62,7372773
2020-01-19/00:00:00,1.62,1.63,1.58,1.6,6038838
2020-01-20/00:00:00,1.6,1.61,1.53,1.56,11004837
2020-01-21/00:00:00,1.56,1.6,1.51,1.54,14080279
2020-01-22/00:00:00,1.54,1.6,1.56,1.58,15973046
2020-01-23/00:00:00,1.58,1.62,1.56,1.59,10324600
2020-01-26/00:00:00,1.59,1.62,1.59,1.6,5055680
2020-01-27/00:00:00,1.6,1.61,1.56,1.58,3203590
2020-01-28/00:00:00,1.58,1.59,1.55,1.56,5726263
2020-01-29/00:00:00,1.56,1.6,1.57,1.59,4091721
2020-01-30/00:00:00,1.59,1.68,1.59,1.64,28096772
2020-02-02/00:00:00,1.64,1.66,1.6,1.63,22585779
2020-02-03/00:00:00,1.63,1.63,1.6,1.61,5433396
2020-02-04/00:00:00,1.61,1.64,1.6,1.62,3767564
2020-02-05/00:00:00,1.62,1.63,1.61,1.61,19054932
2020-02-06/00:00:00,1.61,1.64,1.62,1.63,6783064
2020-02-09/00:00:00,1.63,1.65,1.62,1.63,3329757
2020-02-10/00:00:00,1.63,1.62,1.6,1.61,4336584
2020-02-11/00:00:00,1.61,1.63,1.6,1.61,3623700
2020-02-12/00:00:00,1.61,1.61,1.57,1.59,4068404
2020-02-13/00:00:00,1.59,1.6,1.56,1.58,8240409
2020-02-16/00:00:00,1.58,1.57,1.54,1.56,8073767
2020-02-17/00:00:00,1.56,1.56,1.53,1.55,6065505
2020-02-18/00:00:00,1.55,1.55,1.47,1.5,11212541
2020-02-19/00:00:00,1.5,1.51,1.48,1.49,4301284
2020-02-20/00:00:00,1.49,1.52,1.48,1.49,11546859
2020-02-23/00:00:00,1.49,1.52,1.47,1.49,6873941
2020-02-24/00:00:00,1.49,1.47,1.37,1.41,17992469
2020-02-25/00:00:00,1.41,1.46,1.38,1.43,10676685
2020-02-26/00:00:00,1.43,1.46,1.4,1.42,8481431
2020-02-27/00:00:00,1.42,1.46,1.37,1.41,17821768
2020-03-01/00:00:00,1.41,1.31,1.27,1.28,17064797
2020-03-02/00:00:00,1.28,1.34,1.2,1.31,17900765
2020-03-03/00:00:00,1.31,1.41,1.35,1.38,11363191
2020-03-04/00:00:00,1.38,1.4,1.32,1.37,13620528
2020-03-05/00:00:00,1.37,1.43,1.4,1.41,9240807
2020-03-08/00:00:00,1.41,1.36,1.31,1.34,11257311
2020-03-09/00:00:00,1.34,1.29,1.21,1.25,24006247
2020-03-10/00:00:00,1.25,1.3,1.24,1.27,12671364
2020-03-11/00:00:00,1.27,1.29,1.24,1.27,15030874
2020-03-15/00:00:00,1.27,1.24,1.14,1.16,22295348
2020-03-16/00:00:00,1.16,1.13,1.05,1.06,11768849
2020-03-17/00:00:00,1.06,1.02,0.95,0.97,24364409
2020-03-18/00:00:00,0.97,0.97,0.87,0.88,20135541
2020-03-19/00:00:00,0.88,0.96,0.79,0.87,35472548
2020-03-22/00:00:00,0.87,0.96,0.91,0.93,13443749
2020-03-23/00:00:00,0.93,1.03,0.98,1.01,15273066
2020-03-24/00:00:00,1.01,1.05,0.99,1.02,14194873
2020-03-25/00:00:00,1.02,1.05,1.02,1.04,9192049
2020-03-26/00:00:00,1.04,1.06,1.03,1.05,10357530
2020-03-29/00:00:00,1.05,1.06,1.03,1.05,7593794
2020-03-30/00:00:00,1.05,1.05,1.02,1.04,5748963
2020-03-31/00:00:00,1.04,1.09,1.05,1.07,9910753
2020-04-01/00:00:00,1.07,1.08,1.04,1.05,6370478
2020-04-02/00:00:00,1.05,1.1,1.05,1.06,9630387
2020-04-05/00:00:00,1.06,1.06,1.02,1.04,3225010
2020-04-06/00:00:00,1.04,1.06,1.04,1.06,6961894
2020-04-07/00:00:00,1.06,1.16,1.06,1.11,50540593
2020-04-08/00:00:00,1.11,1.17,1.14,1.15,30457021
2020-04-09/00:00:00,1.15,1.19,1.14,1.16,33205902
2020-04-12/00:00:00,1.16,1.17,1.1,1.12,28127576
2020-04-13/00:00:00,1.12,1.17,1.13,1.15,22467196
2020-04-14/00:00:00,1.15,1.21,1.16,1.19,31107240
2020-04-15/00:00:00,1.19,1.21,1.14,1.17,16418576
2020-04-16/00:00:00,1.17,1.19,1.14,1.17,6718854
2020-04-21/00:00:00,1.17,1.17,1.12,1.15,6038333
2020-04-22/00:00:00,1.15,1.16,1.11,1.14,18940826
2020-04-23/00:00:00,1.14,1.18,1.15,1.18,9048287
2020-04-26/00:00:00,1.18,1.26,1.2,1.24,24141698
2020-04-27/00:00:00,1.24,1.29,1.2,1.25,45042073
2020-04-28/00:00:00,1.25,1.32,1.29,1.31,27719812
2020-04-29/00:00:00,1.31,1.32,1.27,1.29,21480242
2020-04-30/00:00:00,1.29,1.3,1.28,1.29,12514038
2020-05-03/00:00:00,1.29,1.28,1.16,1.21,19565354
2020-05-04/00:00:00,1.21,1.19,1.14,1.18,21353697
2020-05-05/00:00:00,1.18,1.22,1.17,1.19,20888219
2020-05-06/00:00:00,1.19,1.21,1.18,1.2,14132297
2020-05-07/00:00:00,1.2,1.2,1.1,1.14,30700308
2020-05-10/00:00:00,1.14,1.12,1.07,1.1,16911519
2020-05-11/00:00:00,1.1,1.12,1.05,1.09,14197499
2020-05-12/00:00:00,1.09,1.16,1.12,1.14,18874457
2020-05-13/00:00:00,1.14,1.16,1.11,1.13,11931804
2020-05-14/00:00:00,1.13,1.12,1.08,1.1,11685037
2020-05-17/00:00:00,1.1,1.11,1.09,1.1,7489153
2020-05-18/00:00:00,1.1,1.1,1.07,1.08,6318730
2020-05-19/00:00:00,1.08,1.11,1.08,1.1,11153524
2020-05-20/00:00:00,1.1,1.1,1.06,1.07,6568025
2020-05-21/00:00:00,1.07,1.09,1.06,1.07,10832215
2020-05-31/00:00:00,1.07,1.1,1.08,1.08,8261076
2020-06-01/00:00:00,1.08,1.1,1.07,1.08,7467383
2020-06-02/00:00:00,1.08,1.11,1.08,1.09,15502092
2020-06-03/00:00:00,1.09,1.14,1.1,1.11,20571101
2020-06-04/00:00:00,1.11,1.16,1.11,1.14,26860395
2020-06-07/00:00:00,1.14,1.2,1.17,1.19,23145814
2020-06-08/00:00:00,1.19,1.21,1.18,1.19,23833012
2020-06-09/00:00:00,1.19,1.19,1.15,1.17,21182379
2020-06-10/00:00:00,1.17,1.17,1.14,1.16,11790202
2020-06-11/00:00:00,1.16,1.19,1.15,1.15,10131782
2020-06-14/00:00:00,1.15,1.15,1.11,1.13,13122730
2020-06-15/00:00:00,1.13,1.15,1.11,1.13,7805076
2020-06-16/00:00:00,1.13,1.18,1.16,1.17,15054972
2020-06-17/00:00:00,1.17,1.2,1.17,1.18,28699290
2020-06-18/00:00:00,1.18,1.18,1.15,1.16,12038164
2020-06-21/00:00:00,1.16,1.16,1.12,1.14,16139419
2020-06-22/00:00:00,1.14,1.16,1.11,1.13,18134199
2020-06-23/00:00:00,1.13,1.15,1.11,1.14,9533817
2020-06-24/00:00:00,1.14,1.19,1.15,1.17,20887721
2020-06-25/00:00:00,1.17,1.17,1.14,1.15,10710111
2020-06-28/00:00:00,1.15,1.17,1.14,1.15,6875349
2020-06-29/00:00:00,1.15,1.15,1.14,1.14,6687054
2020-06-30/00:00:00,1.14,1.18,1.13,1.16,14451586
2020-07-05/00:00:00,1.16,1.25,1.18,1.22,50813554
2020-07-06/00:00:00,1.22,1.27,1.23,1.25,30224285
2020-07-07/00:00:00,1.25,1.26,1.22,1.24,17371019
2020-07-08/00:00:00,1.24,1.31,1.24,1.28,53989742
2020-07-09/00:00:00,1.28,1.35,1.24,1.29,50938080
2020-07-12/00:00:00,1.29,1.42,1.35,1.39,38909178
2020-07-13/00:00:00,1.39,1.47,1.4,1.43,444211407
2020-07-14/00:00:00,1.43,1.42,1.36,1.38,37831266
2020-07-15/00:00:00,1.38,1.4,1.25,1.3,37208166
2020-07-16/00:00:00,1.3,1.3,1.23,1.27,19551438
2020-07-19/00:00:00,1.27,1.31,1.24,1.26,10549957
2020-07-20/00:00:00,1.26,1.29,1.27,1.28,6809415
2020-07-21/00:00:00,1.28,1.35,1.29,1.32,14313855
2020-07-22/00:00:00,1.32,1.36,1.32,1.34,12279321
2020-07-26/00:00:00,1.34,1.36,1.33,1.34,5439521
2020-07-27/00:00:00,1.34,1.38,1.33,1.36,10820947
2020-07-28/00:00:00,1.36,1.4,1.36,1.39,13007006
2020-07-29/00:00:00,1.39,1.4,1.38,1.39,10628108
2020-08-04/00:00:00,1.39,1.42,1.4,1.41,10640686
2020-08-05/00:00:00,1.41,1.43,1.4,1.41,10741921
2020-08-06/00:00:00,1.41,1.43,1.4,1.42,12629349
2020-08-09/00:00:00,1.42,1.47,1.41,1.45,26980657
2020-08-10/00:00:00,1.45,1.48,1.44,1.46,9341351
2020-08-11/00:00:00,1.46,1.58,1.43,1.51,49449152
2020-08-12/00:00:00,1.51,1.55,1.5,1.52,13905041
2020-08-13/00:00:00,1.52,1.52,1.5,1.51,5150099
2020-08-16/00:00:00,1.51,1.55,1.52,1.53,10749138
2020-08-17/00:00:00,1.53,1.55,1.47,1.51,11126025
2020-08-18/00:00:00,1.51,1.5,1.47,1.48,9052534
2020-08-19/00:00:00,1.48,1.52,1.49,1.5,7125763
2020-08-23/00:00:00,1.5,1.55,1.52,1.54,12895875
2020-08-24/00:00:00,1.54,1.59,1.52,1.55,30122056
2020-08-25/00:00:00,1.55,1.54,1.5,1.51,14200406
2020-08-26/00:00:00,1.51,1.53,1.5,1.51,6832031
2020-08-27/00:00:00,1.51,1.53,1.49,1.51,9840439
2020-08-30/00:00:00,1.51,1.53,1.51,1.52,6946279
2020-08-31/00:00:00,1.52,1.58,1.49,1.54,19908616
2020-09-01/00:00:00,1.54,1.51,1.46,1.49,10893594
2020-09-02/00:00:00,1.49,1.49,1.44,1.47,11569719
2020-09-03/00:00:00,1.47,1.48,1.45,1.47,9403827
2020-09-06/00:00:00,1.47,1.48,1.43,1.45,10259055
2020-09-07/00:00:00,1.45,1.46,1.41,1.43,14908177
2020-09-08/00:00:00,1.43,1.43,1.36,1.38,16339501
2020-09-09/00:00:00,1.38,1.37,1.34,1.36,14298286
2020-09-10/00:00:00,1.36,1.39,1.36,1.38,13070879
2020-09-13/00:00:00,1.38,1.4,1.38,1.39,9247282
2020-09-14/00:00:00,1.39,1.41,1.37,1.39,8815307
2020-09-15/00:00:00,1.39,1.39,1.36,1.37,5180288
2020-09-16/00:00:00,1.37,1.43,1.37,1.41,11401417
2020-09-17/00:00:00,1.41,1.43,1.39,1.4,6703442
2020-09-20/00:00:00,1.4,1.41,1.39,1.4,2979334
2020-09-21/00:00:00,1.4,1.43,1.34,1.39,22055258
2020-09-22/00:00:00,1.39,1.4,1.35,1.38,7694123
2020-09-23/00:00:00,1.38,1.41,1.37,1.38,6329941
2020-09-24/00:00:00,1.38,1.39,1.36,1.37,6960917
2020-09-27/00:00:00,1.37,1.44,1.38,1.4,9187207
2020-09-28/00:00:00,1.4,1.45,1.39,1.43,17624342
2020-09-29/00:00:00,1.43,1.48,1.41,1.45,12668755
2020-09-30/00:00:00,1.45,1.43,1.4,1.42,9832414
2020-10-01/00:00:00,1.42,1.45,1.42,1.44,8092663
2020-10-04/00:00:00,1.44,1.46,1.43,1.44,4093112
2020-10-05/00:00:00,1.44,1.44,1.4,1.42,4096828
2020-10-06/00:00:00,1.42,1.47,1.43,1.45,10040458
2020-10-07/00:00:00,1.45,1.51,1.47,1.49,21383067
2020-10-11/00:00:00,1.49,1.51,1.48,1.49,7155180
2020-10-12/00:00:00,1.49,1.52,1.47,1.5,12053301
2020-10-13/00:00:00,1.5,1.49,1.45,1.46,10483041
2020-10-14/00:00:00,1.46,1.48,1.46,1.46,4407550
2020-10-15/00:00:00,1.46,1.48,1.44,1.45,11526003
2020-10-18/00:00:00,1.45,1.46,1.42,1.43,5106182
2020-10-19/00:00:00,1.43,1.44,1.4,1.41,8114489
2020-10-20/00:00:00,1.41,1.41,1.39,1.4,5231600
2020-10-21/00:00:00,1.4,1.41,1.36,1.37,8766017
2020-10-22/00:00:00,1.37,1.38,1.3,1.34,16597296
2020-10-25/00:00:00,1.34,1.34,1.28,1.32,16674503
2020-10-26/00:00:00,1.32,1.35,1.31,1.32,2570743
2020-10-27/00:00:00,1.32,1.36,1.33,1.35,6151881
2020-10-28/00:00:00,1.35,1.35,1.31,1.33,7440250
2020-11-01/00:00:00,1.33,1.34,1.27,1.3,12047629
2020-11-02/00:00:00,1.3,1.3,1.22,1.26,11770647
2020-11-03/00:00:00,1.26,1.27,1.23,1.25,14837887
2020-11-04/00:00:00,1.25,1.27,1.25,1.26,5143068
2020-11-05/00:00:00,1.26,1.28,1.25,1.26,9295514
2020-11-08/00:00:00,1.26,1.28,1.25,1.26,7116032
2020-11-09/00:00:00,1.26,1.3,1.26,1.28,14994247
2020-11-10/00:00:00,1.28,1.33,1.3,1.31,19172106
2020-11-11/00:00:00,1.31,1.33,1.31,1.32,5208943
2020-11-12/00:00:00,1.32,1.35,1.32,1.33,16585418
2020-11-15/00:00:00,1.33,1.36,1.33,1.34,7473348
2020-11-16/00:00:00,1.34,1.36,1.34,1.35,7417213
2020-11-17/00:00:00,1.35,1.39,1.36,1.38,14776393
2020-11-18/00:00:00,1.38,1.38,1.34,1.36,4998883
2020-11-19/00:00:00,1.36,1.36,1.33,1.34,5310632
2020-11-22/00:00:00,1.34,1.35,1.33,1.34,2968832
2020-11-23/00:00:00,1.34,1.36,1.34,1.35,6643399
2020-11-24/00:00:00,1.35,1.39,1.36,1.38,16322688
2020-11-25/00:00:00,1.38,1.43,1.37,1.4,15982040
2020-11-26/00:00:00,1.4,1.42,1.35,1.39,10072979
2020-11-29/00:00:00,1.39,1.42,1.4,1.41,6701108
2020-11-30/00:00:00,1.41,1.42,1.39,1.4,4542893
2020-12-01/00:00:00,1.4,1.45,1.39,1.42,15396475
2020-12-02/00:00:00,1.42,1.46,1.42,1.44,14537741
2020-12-03/00:00:00,1.44,1.44,1.41,1.43,4278875
2020-12-06/00:00:00,1.43,1.43,1.42,1.42,2881083
2020-12-07/00:00:00,1.42,1.45,1.43,1.44,6205928
2020-12-08/00:00:00,1.44,1.46,1.44,1.45,13038984
2020-12-09/00:00:00,1.45,1.46,1.42,1.45,5328204
2020-12-10/00:00:00,1.45,1.43,1.39,1.41,4944818
2020-12-13/00:00:00,1.41,1.42,1.39,1.4,2169876
2020-12-14/00:00:00,1.4,1.43,1.4,1.42,3696406
2020-12-15/00:00:00,1.42,1.45,1.4,1.43,9785245
2020-12-16/00:00:00,1.43,1.43,1.36,1.39,6975413
2020-12-17/00:00:00,1.39,1.38,1.35,1.37,4777147
2020-12-20/00:00:00,1.37,1.4,1.37,1.39,2643014
2020-12-21/00:00:00,1.39,1.38,1.28,1.31,9257676
2020-12-22/00:00:00,1.31,1.33,1.27,1.31,2998564
2020-12-23/00:00:00,1.31,1.34,1.32,1.33,2664078
2020-12-24/00:00:00,1.33,1.35,1.32,1.34,4520987
2020-12-27/00:00:00,1.34,1.34,1.29,1.3,8905336
2020-12-28/00:00:00,1.3,1.33,1.3,1.31,5181271
2020-12-29/00:00:00,1.31,1.33,1.3,1.31,6697536
2020-12-30/00:00:00,1.31,1.35,1.32,1.33,12635758
2020-12-31/00:00:00,1.33,1.39,1.34,1.36,11849976
2021-01-03/00:00:00,1.36,1.42,1.38,1.4,7957294
2021-01-04/00:00:00,1.4,1.41,1.36,1.39,8138339
2021-01-05/00:00:00,1.39,1.41,1.37,1.39,5526296
2021-01-06/00:00:00,1.39,1.43,1.39,1.41,8475696
2021-01-10/00:00:00,1.41,1.43,1.41,1.42,8054106
2021-01-11/00:00:00,1.42,1.43,1.4,1.41,9036544
2021-01-12/00:00:00,1.41,1.45,1.4,1.43,18303241
2021-01-13/00:00:00,1.43,1.49,1.45,1.47,32112744
2021-01-14/00:00:00,1.47,1.48,1.45,1.47,9951709
2021-01-17/00:00:00,1.47,1.48,1.45,1.46,11583233
2021-01-18/00:00:00,1.46,1.47,1.44,1.45,7292352
2021-01-19/00:00:00,1.45,1.5,1.46,1.49,33926896
2021-01-20/00:00:00,1.51,1.53,1.51,1.52,38243992
2021-01-21/00:00:00,1.52,1.54,1.51,1.52,16459006
2021-01-24/00:00:00,1.52,1.52,1.49,1.51,14652968
2021-01-25/00:00:00,1.51,1.56,1.52,1.55,35125579
2021-01-26/00:00:00,1.55,1.6,1.56,1.58,30620381
2021-01-27/00:00:00,1.58,1.59,1.55,1.57,22323615
2021-01-31/00:00:00,1.57,1.57,1.54,1.55,15972453
2021-02-01/00:00:00,1.55,1.67,1.56,1.63,53094761
2021-02-02/00:00:00,1.63,1.75,1.68,1.72,46865006
2021-02-03/00:00:00,1.72,1.74,1.71,1.72,17813311
2021-02-04/00:00:00,1.72,1.73,1.69,1.7,8964663
2021-02-07/00:00:00,1.7,1.74,1.7,1.72,9581526
2021-02-08/00:00:00,1.72,1.74,1.68,1.71,11057905
2021-02-09/00:00:00,1.71,1.7,1.66,1.68,5173201
2021-02-10/00:00:00,1.68,1.74,1.68,1.71,16748670
2021-02-11/00:00:00,1.71,1.78,1.72,1.76,16004839
2021-02-14/00:00:00,1.76,1.79,1.73,1.76,11557207
2021-02-15/00:00:00,1.76,1.82,1.72,1.78,26347188
2021-02-16/00:00:00,1.78,1.83,1.75,1.8,11708425
2021-02-17/00:00:00,1.8,1.81,1.74,1.76,7272615
2021-02-18/00:00:00,1.76,1.76,1.69,1.71,15883632
2021-02-21/00:00:00,1.71,1.72,1.68,1.7,3485497
2021-02-22/00:00:00,1.7,1.73,1.68,1.71,9055595
2021-02-23/00:00:00,1.71,1.71,1.66,1.67,4220463
2021-02-24/00:00:00,1.67,1.67,1.63,1.65,3962047
2021-02-25/00:00:00,1.65,1.74,1.64,1.67,16599352
2021-02-28/00:00:00,1.67,1.74,1.68,1.69,2897891
2021-03-01/00:00:00,1.69,1.72,1.63,1.68,756904
2021-03-02/00:00:00,1.68,1.73,1.68,1.71,7588723
2021-03-03/00:00:00,1.71,1.73,1.64,1.7,7100816
2021-03-04/00:00:00,1.7,1.72,1.67,1.72,9995167
2021-03-07/00:00:00,1.72,1.73,1.71,1.72,1102290
2021-03-08/00:00:00,1.72,1.72,1.68,1.7,2753172
2021-03-09/00:00:00,1.7,1.72,1.69,1.71,4897009
2021-03-10/00:00:00,1.71,1.71,1.66,1.68,1415980
2021-03-11/00:00:00,1.68,1.72,1.67,1.7,1720559
2021-03-14/00:00:00,1.7,1.72,1.67,1.71,5074449
2021-03-15/00:00:00,1.71,1.72,1.64,1.68,2776317
2021-03-16/00:00:00,1.68,1.67,1.6,1.63,1562207
2021-03-17/00:00:00,1.63,1.69,1.65,1.66,1028844
2021-03-18/00:00:00,1.66,1.68,1.64,1.67,1819409
2021-03-21/00:00:00,1.67,1.69,1.64,1.66,3263681
2021-03-22/00:00:00,1.66,1.67,1.6,1.63,3175245
2021-03-23/00:00:00,1.63,1.65,1.55,1.6,4669139
2021-03-24/00:00:00,1.6,1.66,1.61,1.64,3803743
2021-03-25/00:00:00,1.64,1.69,1.61,1.67,3965061
2021-03-28/00:00:00,1.67,1.7,1.66,1.68,1116275
2021-03-29/00:00:00,1.68,1.69,1.63,1.65,1636653
2021-03-30/00:00:00,1.65,1.66,1.63,1.64,1616747
2021-03-31/00:00:00,1.64,1.64,1.59,1.61,4719282
2021-04-01/00:00:00,1.61,1.64,1.61,1.62,2048015
2021-04-04/00:00:00,1.62,1.61,1.57,1.59,1314500
2021-04-05/00:00:00,1.59,1.61,1.55,1.59,2722362
2021-04-06/00:00:00,1.59,1.62,1.58,1.6,3311206
2021-04-07/00:00:00,1.6,1.6,1.58,1.59,3542441
2021-04-08/00:00:00,1.59,1.62,1.59,1.6,1360944
2021-04-11/00:00:00,1.6,1.65,1.6,1.63,2157589
2021-04-12/00:00:00,1.63,1.68,1.64,1.66,4384820
2021-04-13/00:00:00,1.66,1.69,1.65,1.65,1575815
2021-04-14/00:00:00,1.65,1.68,1.58,1.61,3968374
2021-04-15/00:00:00,1.61,1.63,1.58,1.6,2783666
2021-04-18/00:00:00,1.6,1.63,1.6,1.62,1710018
2021-04-19/00:00:00,1.62,1.67,1.63,1.66,2174036
2021-04-20/00:00:00,1.66,1.71,1.66,1.69,5944330
2021-04-21/00:00:00,1.69,1.67,1.6,1.62,5774887
2021-04-22/00:00:00,1.62,1.62,1.59,1.6,1933661
2021-04-25/00:00:00,1.6,1.63,1.6,1.6,2610558
2021-04-26/00:00:00,1.6,1.62,1.6,1.61,1682992
2021-04-27/00:00:00,1.61,1.62,1.6,1.61,2368407
2021-04-28/00:00:00,1.61,1.61,1.59,1.6,2057817
2021-05-04/00:00:00,1.6,1.61,1.57,1.59,2557272
2021-05-05/00:00:00,1.59,1.6,1.57,1.58,4832713
2021-05-06/00:00:00,1.58,1.6,1.58,1.58,1496943
2021-05-09/00:00:00,1.58,1.6,1.57,1.58,2273731
2021-05-10/00:00:00,1.58,1.62,1.58,1.6,1958680
2021-05-11/00:00:00,1.6,1.64,1.61,1.63,1627126
2021-05-17/00:00:00,1.63,1.65,1.62,1.64,2775365
2021-05-18/00:00:00,1.64,1.69,1.64,1.68,4657394
2021-05-19/00:00:00,1.68,1.69,1.66,1.67,4656468
2021-05-20/00:00:00,1.67,1.68,1.64,1.66,4245966
2021-05-23/00:00:00,1.66,1.68,1.65,1.66,3161424
2021-05-24/00:00:00,1.66,1.67,1.64,1.65,2072770
2021-05-25/00:00:00,1.65,1.63,1.6,1.61,3576001
2021-05-26/00:00:00,1.61,1.68,1.61,1.63,1209978
2021-05-27/00:00:00,1.63,1.69,1.64,1.66,4214620
2021-05-30/00:00:00,1.66,1.76,1.66,1.73,7826611
2021-05-31/00:00:00,1.73,1.78,1.68,1.72,9469838
2021-06-01/00:00:00,1.72,1.72,1.66,1.68,3903960
2021-06-02/00:00:00,1.68,1.7,1.63,1.66,3972948
2021-06-03/00:00:00,1.66,1.67,1.63,1.64,3031137
2021-06-06/00:00:00,1.64,1.65,1.62,1.64,2644262
2021-06-07/00:00:00,1.64,1.72,1.64,1.69,5403694
2021-06-08/00:00:00,1.69,1.73,1.65,1.68,5719229
2021-06-09/00:00:00,1.68,1.7,1.68,1.69,999842
2021-06-10/00:00:00,1.69,1.7,1.66,1.67,1631205
2021-06-13/00:00:00,1.67,1.68,1.65,1.66,1527320
2021-06-14/00:00:00,1.66,1.69,1.65,1.67,458995
2021-06-15/00:00:00,1.67,1.68,1.65,1.66,2640403
2021-06-16/00:00:00,1.66,1.67,1.64,1.66,1499055
2021-06-17/00:00:00,1.66,1.66,1.64,1.65,4937815
2021-06-20/00:00:00,1.65,1.68,1.63,1.65,2323695
2021-06-21/00:00:00,1.65,1.72,1.67,1.7,3958779
2021-06-22/00:00:00,1.7,1.84,1.71,1.8,42897654
2021-06-23/00:00:00,1.8,1.83,1.78,1.8,4076122
2021-06-24/00:00:00,1.8,1.81,1.78,1.79,1594154
2021-06-27/00:00:00,1.79,1.87,1.77,1.84,5173558
2021-06-28/00:00:00,1.84,1.86,1.77,1.79,3661490
2021-06-29/00:00:00,1.79,1.78,1.7,1.75,2455105
2021-06-30/00:00:00,1.75,1.8,1.75,1.78,3115240
2021-07-04/00:00:00,1.78,1.84,1.77,1.81,3159288
2021-07-05/00:00:00,1.81,1.89,1.78,1.84,13390701
2021-07-06/00:00:00,1.84,1.85,1.8,1.82,6089102
2021-07-07/00:00:00,1.82,1.88,1.82,1.85,4232998
2021-07-08/00:00:00,1.85,1.96,1.85,1.91,34927120
2021-07-11/00:00:00,1.91,1.96,1.86,1.91,3624221
2021-07-12/00:00:00,1.91,1.91,1.84,1.86,3393301
2021-07-13/00:00:00,1.86,1.9,1.84,1.88,2425898
2021-07-14/00:00:00,1.88,1.93,1.86,1.89,1934085
2021-07-15/00:00:00,1.89,1.9,1.86,1.88,1639831
2021-07-18/00:00:00,1.88,1.9,1.86,1.87,1200663
2021-07-25/00:00:00,1.87,1.92,1.88,1.89,1499940
2021-07-26/00:00:00,1.89,1.9,1.85,1.86,2343723
2021-07-27/00:00:00,1.86,1.89,1.87,1.88,3307754
2021-07-28/00:00:00,1.88,1.89,1.87,1.88,1519467
2021-07-29/00:00:00,1.88,1.88,1.85,1.86,5315037
2021-08-01/00:00:00,1.86,1.88,1.85,1.86,2985648
2021-08-02/00:00:00,1.86,1.88,1.83,1.86,4084256
2021-08-03/00:00:00,1.86,1.86,1.79,1.81,2721702
2021-08-04/00:00:00,1.81,1.82,1.78,1.8,1767494
2021-08-05/00:00:00,1.8,1.82,1.79,1.8,1943125
2021-08-08/00:00:00,1.8,1.81,1.76,1.79,3090564
2021-08-09/00:00:00,1.79,1.79,1.74,1.76,4360658
2021-08-10/00:00:00,1.76,1.8,1.76,1.78,4234834
2021-08-11/00:00:00,1.78,1.8,1.74,1.75,3400700
2021-08-15/00:00:00,1.75,1.77,1.73,1.75,2960532
2021-08-16/00:00:00,1.75,1.76,1.73,1.74,2319390
2021-08-17/00:00:00,1.74,1.76,1.73,1.75,1777883
2021-08-18/00:00:00,1.75,1.78,1.74,1.75,3143167
2021-08-19/00:00:00,1.75,1.8,1.75,1.79,5153866
2021-08-22/00:00:00,1.79,1.78,1.75,1.77,771997
2021-08-23/00:00:00,1.77,1.8,1.77,1.78,1417232
2021-08-24/00:00:00,1.78,1.81,1.76,1.8,3030084
2021-08-25/00:00:00,1.8,1.89,1.81,1.86,9665803
2021-08-26/00:00:00,1.86,1.9,1.84,1.86,4385705
2021-08-29/00:00:00,1.86,1.94,1.83,1.92,6733859
2021-08-30/00:00:00,1.92,2.02,1.91,1.97,17144302
2021-08-31/00:00:00,1.97,1.98,1.92,1.95,3888231
2021-09-01/00:00:00,1.95,2.01,1.95,2.0,7359228
2021-09-02/00:00:00,2.0,2.06,1.99,2.02,5553927
2021-09-05/00:00:00,2.03,2.01,1.94,1.96,2062913
2021-09-06/00:00:00,1.96,2.0,1.87,1.96,3172567
2021-09-07/00:00:00,1.96,1.99,1.92,1.95,831950
2021-09-08/00:00:00,1.95,1.99,1.94,1.94,363917
2021-09-09/00:00:00,1.94,1.97,1.9,1.92,1085286
2021-09-12/00:00:00,1.92,1.97,1.9,1.95,15614933
2021-09-13/00:00:00,1.95,2.05,1.97,2.04,6831447
2021-09-14/00:00:00,2.04,2.1,2.02,2.08,10322162
2021-09-15/00:00:00,2.08,2.1,2.03,2.09,7030736
2021-09-16/00:00:00,2.09,2.12,2.02,2.04,5530350
2021-09-19/00:00:00,2.04,2.05,1.96,1.97,1691489
2021-09-20/00:00:00,1.97,2.03,1.93,1.94,2293129
2021-09-21/00:00:00,1.94,1.97,1.8,1.91,2488353
2021-09-22/00:00:00,1.91,1.99,1.92,1.99,1658077
2021-09-23/00:00:00,1.99,2.06,1.98,2.0,3113089
2021-09-26/00:00:00,2.0,2.0,1.98,2.0,700658
2021-09-27/00:00:00,2.0,2.0,1.92,1.93,391472
2021-09-28/00:00:00,1.93,1.99,1.89,1.91,1201273
2021-09-29/00:00:00,1.91,1.95,1.9,1.9,720332
2021-09-30/00:00:00,1.9,1.95,1.9,1.94,943453
2021-10-03/00:00:00,1.94,1.95,1.9,1.9,1285382
2021-10-04/00:00:00,1.9,1.95,1.89,1.9,4225985
2021-10-05/00:00:00,1.9,1.94,1.9,1.92,1023637
2021-10-06/00:00:00,1.92,1.94,1.92,1.92,574974
2021-10-10/00:00:00,1.92,1.93,1.9,1.92,1626777
2021-10-11/00:00:00,1.92,1.93,1.9,1.92,278833
2021-10-12/00:00:00,1.92,1.93,1.9,1.92,1903098
2021-10-13/00:00:00,1.92,1.93,1.9,1.93,1756869
2021-10-14/00:00:00,1.93,1.94,1.89,1.91,1042734
2021-10-17/00:00:00,1.91,1.93,1.91,1.91,457605
2021-10-18/00:00:00,1.91,2.06,1.92,1.99,10082023
2021-10-19/00:00:00,1.99,2.01,1.97,1.98,2432254
2021-10-20/00:00:00,1.98,2.0,1.93,1.96,1135553
2021-10-24/00:00:00,1.96,2.04,1.94,1.95,1122949
2021-10-25/00:00:00,1.95,2.0,1.92,1.95,864105
2021-10-26/00:00:00,1.95,1.99,1.94,1.95,5880757
2021-10-27/00:00:00,1.95,1.97,1.9,1.95,16998130
2021-10-28/00:00:00,1.95,1.96,1.9,1.92,3258037
2021-10-31/00:00:00,1.92,1.92,1.9,1.9,585199
2021-11-01/00:00:00,1.9,1.94,1.89,1.9,1057705
2021-11-02/00:00:00,1.9,1.98,1.91,1.97,3310671
2021-11-03/00:00:00,1.97,1.98,1.91,1.92,1030636
2021-11-04/00:00:00,1.92,1.93,1.89,1.91,1639892
2021-11-07/00:00:00,1.91,1.94,1.88,1.88,383686
2021-11-08/00:00:00,1.88,1.92,1.87,1.88,619524
2021-11-09/00:00:00,1.88,1.9,1.85,1.86,843203
2021-11-10/00:00:00,1.86,1.88,1.81,1.83,1827555
2021-11-11/00:00:00,1.83,1.91,1.82,1.85,4104865
2021-11-14/00:00:00,1.85,1.86,1.82,1.83,3082436
2021-11-15/00:00:00,1.83,1.82,1.75,1.75,5004871
2021-11-16/00:00:00,1.75,1.78,1.7,1.71,1472183
2021-11-17/00:00:00,1.71,1.76,1.7,1.71,6259716
2021-11-18/00:00:00,1.71,1.73,1.7,1.71,444539
2021-11-21/00:00:00,1.71,1.76,1.69,1.7,726751
2021-11-22/00:00:00,1.7,1.72,1.65,1.7,2563195
2021-11-23/00:00:00,1.7,1.85,1.72,1.79,5458559
2021-11-24/00:00:00,1.79,1.8,1.76,1.78,280610
2021-11-25/00:00:00,1.78,1.84,1.8,1.82,1192857
2021-11-28/00:00:00,1.82,1.81,1.74,1.77,1275584
2021-11-29/00:00:00,1.77,1.79,1.75,1.77,2460034
2021-11-30/00:00:00,1.77,1.79,1.75,1.79,5676754
2021-12-01/00:00:00,1.79,1.85,1.77,1.84,6885544
2021-12-02/00:00:00,1.84,1.85,1.78,1.79,1751096
2021-12-05/00:00:00,1.79,1.83,1.79,1.82,2967758
2021-12-06/00:00:00,1.82,1.93,1.82,1.91,21072537
2021-12-07/00:00:00,1.91,1.94,1.84,1.86,11308314
2021-12-08/00:00:00,1.86,1.89,1.82,1.83,2599190
2021-12-09/00:00:00,1.83,1.87,1.81,1.82,2093923
2021-12-12/00:00:00,1.82,1.85,1.79,1.81,7276490
2021-12-13/00:00:00,1.81,1.84,1.81,1.83,2016557
2021-12-14/00:00:00,1.83,1.87,1.81,1.81,3187179
2021-12-15/00:00:00,1.81,1.85,1.82,1.85,2413810
2021-12-16/00:00:00,1.85,2.0,1.85,1.98,22861714
2021-12-19/00:00:00,1.98,2.0,1.91,1.92,4565563
2021-12-20/00:00:00,1.92,1.95,1.87,1.89,2449650
2021-12-21/00:00:00,1.89,1.94,1.9,1.91,4041278
2021-12-22/00:00:00,1.91,1.94,1.9,1.92,9245149
2021-12-23/00:00:00,1.92,1.98,1.93,1.96,6291535
2021-12-26/00:00:00,1.96,1.98,1.95,1.97,1372986
2021-12-27/00:00:00,1.97,1.97,1.95,1.95,1399770
2021-12-28/00:00:00,1.95,2.0,1.94,1.99,10125381
2021-12-29/00:00:00,1.99,1.99,1.97,1.97,4844685
2021-12-30/00:00:00,1.97,2.0,1.95,1.99,5419984
2022-01-02/00:00:00,1.99,1.99,1.95,1.95,3982855
2022-01-03/00:00:00,1.95,1.96,1.93,1.93,3008278
2022-01-04/00:00:00,1.93,1.98,1.93,1.94,3505466
2022-01-05/00:00:00,1.94,2.0,1.94,1.99,5362842
2022-01-09/00:00:00,1.99,1.99,1.93,1.93,4257937
2022-01-10/00:00:00,1.93,1.95,1.93,1.94,2323859
2022-01-11/00:00:00,1.94,1.95,1.89,1.9,6765094
2022-01-12/00:00:00,1.9,1.91,1.87,1.88,2964592
2022-01-13/00:00:00,1.88,1.89,1.85,1.86,2289531
2022-01-16/00:00:00,1.86,1.87,1.81,1.82,2449863
2022-01-17/00:00:00,1.82,1.86,1.82,1.86,1958687
2022-01-18/00:00:00,1.86,1.88,1.83,1.84,2069069
2022-01-19/00:00:00,1.84,1.85,1.78,1.8,10792906
2022-01-20/00:00:00,1.8,1.81,1.78,1.79,3557630
2022-01-23/00:00:00,1.79,1.8,1.75,1.75,7574489
2022-01-24/00:00:00,1.75,1.76,1.73,1.73,1450733
2022-01-25/00:00:00,1.73,1.75,1.72,1.72,5814130
2022-01-26/00:00:00,1.72,1.76,1.73,1.74,3057519
2022-01-30/00:00:00,1.74,1.77,1.69,1.7,1730351
2022-01-31/00:00:00,1.7,1.74,1.69,1.74,2076916
2022-02-01/00:00:00,1.74,1.81,1.75,1.8,3858216
2022-02-02/00:00:00,1.8,1.83,1.8,1.81,1407811
2022-02-03/00:00:00,1.81,1.82,1.78,1.79,709176
2022-02-06/00:00:00,1.79,1.81,1.78,1.8,744002
2022-02-07/00:00:00,1.8,1.81,1.77,1.79,1292281
2022-02-08/00:00:00,1.79,1.82,1.79,1.82,1405119
2022-02-09/00:00:00,1.82,1.85,1.82,1.82,2429432
2022-02-10/00:00:00,1.82,1.85,1.75,1.79,3366217
2022-02-13/00:00:00,1.79,1.75,1.7,1.7,6729247
2022-02-14/00:00:00,1.7,1.72,1.66,1.67,3327896
2022-02-15/00:00:00,1.67,1.72,1.67,1.68,1658800
2022-02-16/00:00:00,1.68,1.74,1.68,1.7,4918921
2022-02-17/00:00:00,1.7,1.73,1.7,1.7,487855
2022-02-20/00:00:00,1.7,1.7,1.6,1.62,5193245
2022-02-21/00:00:00,1.62,1.67,1.62,1.66,1390043
2022-02-22/00:00:00,1.66,1.64,1.6,1.61,3347260
2022-02-23/00:00:00,1.61,1.64,1.61,1.63,675081
2022-02-24/00:00:00,1.63,1.59,1.43,1.5,5319368
2022-02-27/00:00:00,1.5,1.6,1.52,1.55,2813132
2022-02-28/00:00:00,1.55,1.59,1.49,1.51,1828558
2022-03-01/00:00:00,1.51,1.58,1.51,1.57,1276530
2022-03-02/00:00:00,1.57,1.57,1.52,1.52,2446128
2022-03-03/00:00:00,1.52,1.55,1.52,1.52,2320756
2022-03-06/00:00:00,1.52,1.55,1.52,1.52,471808
2022-03-07/00:00:00,1.52,1.52,1.46,1.47,1571901
2022-03-08/00:00:00,1.47,1.49,1.44,1.45,684036
2022-03-09/00:00:00,1.45,1.5,1.46,1.48,601475
2022-03-10/00:00:00,1.48,1.5,1.48,1.49,1002405
2022-03-13/00:00:00,1.49,1.52,1.45,1.46,1734041
2022-03-14/00:00:00,1.46,1.48,1.45,1.46,1360636
2022-03-15/00:00:00,1.46,1.47,1.43,1.44,979811
2022-03-16/00:00:00,1.44,1.51,1.46,1.5,1048499
2022-03-17/00:00:00,1.5,1.54,1.5,1.53,1662048
2022-03-20/00:00:00,1.53,1.57,1.52,1.56,866971
2022-03-21/00:00:00,1.56,1.7,1.56,1.67,6277747
2022-03-22/00:00:00,1.67,1.73,1.65,1.66,3297734
2022-03-23/00:00:00,1.66,1.73,1.61,1.69,4177109
2022-03-24/00:00:00,1.69,1.72,1.67,1.67,620294
2022-03-27/00:00:00,1.67,1.67,1.62,1.63,1167415
2022-03-28/00:00:00,1.63,1.65,1.59,1.6,1171314
2022-03-29/00:00:00,1.6,1.64,1.57,1.58,2455942
2022-03-30/00:00:00,1.58,1.63,1.56,1.57,986463
2022-03-31/00:00:00,1.57,1.6,1.55,1.56,468088
2022-04-03/00:00:00,1.56,1.63,1.56,1.62,814405
2022-04-04/00:00:00,1.62,1.7,1.6,1.69,1599823
2022-04-05/00:00:00,1.69,1.7,1.62,1.62,2515830
2022-04-06/00:00:00,1.62,1.65,1.62,1.63,567363
2022-04-07/00:00:00,1.63,1.67,1.59,1.6,840223
2022-04-10/00:00:00,1.6,1.62,1.55,1.55,715057
2022-04-11/00:00:00,1.55,1.6,1.5,1.5,1933772
2022-04-12/00:00:00,1.5,1.53,1.48,1.53,731195
2022-04-13/00:00:00,1.53,1.56,1.49,1.54,1068490
2022-04-14/00:00:00,1.54,1.54,1.46,1.47,855832
2022-04-17/00:00:00,1.47,1.56,1.43,1.45,1108687
2022-04-18/00:00:00,1.45,1.46,1.42,1.45,429362
2022-04-19/00:00:00,1.45,1.51,1.46,1.5,992403
2022-04-20/00:00:00,1.5,1.5,1.45,1.47,1182898
2022-04-21/00:00:00,1.47,1.55,1.5,1.54,1201538
2022-04-26/00:00:00,1.54,1.54,1.5,1.5,3290312
2022-04-27/00:00:00,1.5,1.57,1.53,1.56,12911171
2022-04-28/00:00:00,1.56,1.69,1.55,1.67,4304775
2022-05-08/00:00:00,1.67,1.65,1.6,1.63,2305095
2022-05-09/00:00:00,1.63,1.65,1.59,1.6,2130356
2022-05-10/00:00:00,1.6,1.6,1.56,1.58,1260442
2022-05-11/00:00:00,1.58,1.6,1.56,1.57,1198845
2022-05-12/00:00:00,1.57,1.57,1.48,1.49,6580118
2022-05-15/00:00:00,1.49,1.51,1.45,1.46,1517128
2022-05-16/00:00:00,1.46,1.49,1.45,1.47,2219403
2022-05-17/00:00:00,1.47,1.5,1.48,1.49,801747
2022-05-18/00:00:00,1.49,1.5,1.47,1.49,511127
2022-05-19/00:00:00,1.49,1.48,1.45,1.46,2439624
2022-05-22/00:00:00,1.46,1.47,1.45,1.46,526819
2022-05-23/00:00:00,1.46,1.47,1.44,1.45,2013553
2022-05-24/00:00:00,1.45,1.45,1.36,1.36,8292936
2022-05-25/00:00:00,1.36,1.37,1.28,1.28,14941369
2022-05-26/00:00:00,1.28,1.21,1.16,1.17,15443316
2022-05-29/00:00:00,1.17,1.19,1.16,1.17,3384333
2022-05-30/00:00:00,1.17,1.2,1.17,1.18,4528592
2022-05-31/00:00:00,1.18,1.19,1.07,1.07,37218086
2022-06-01/00:00:00,1.07,1.17,1.1,1.13,22889077
2022-06-02/00:00:00,1.13,1.18,1.13,1.17,8616159
2022-06-05/00:00:00,1.17,1.19,1.17,1.19,3809629
2022-06-06/00:00:00,1.19,1.22,1.17,1.21,4893199
2022-06-07/00:00:00,1.21,1.25,1.22,1.25,7096493
2022-06-08/00:00:00,1.25,1.3,1.26,1.3,10126132
2022-06-09/00:00:00,1.3,1.32,1.27,1.28,5235707
2022-06-12/00:00:00,1.28,1.29,1.25,1.28,3306877
2022-06-13/00:00:00,1.28,1.32,1.26,1.27,6697612
2022-06-14/00:00:00,1.27,1.28,1.24,1.26,2509899
2022-06-15/00:00:00,1.26,1.28,1.24,1.25,11702841
2022-06-16/00:00:00,1.25,1.25,1.23,1.23,4932465
2022-06-19/00:00:00,1.23,1.26,1.23,1.24,1155258
2022-06-20/00:00:00,1.24,1.25,1.22,1.24,3149332
2022-06-21/00:00:00,1.24,1.26,1.22,1.23,30899664
2022-06-22/00:00:00,1.23,1.24,1.22,1.24,4500211
2022-06-23/00:00:00,1.24,1.24,1.22,1.23,1919810
2022-06-26/00:00:00,1.23,1.26,1.22,1.25,4719180
2022-06-27/00:00:00,1.25,1.28,1.21,1.22,11600396
2022-06-28/00:00:00,1.22,1.23,1.17,1.19,3708779
2022-06-29/00:00:00,1.19,1.22,1.18,1.2,2467008
2022-07-03/00:00:00,1.2,1.22,1.15,1.16,1921749
2022-07-04/00:00:00,1.16,1.18,1.1,1.13,1863597
2022-07-05/00:00:00,1.13,1.18,1.14,1.15,4175653
2022-07-06/00:00:00,1.15,1.17,1.13,1.14,1340609
2022-07-07/00:00:00,1.14,1.2,1.16,1.19,3881272
2022-07-17/00:00:00,1.19,1.22,1.18,1.2,924447
2022-07-18/00:00:00,1.2,1.2,1.19,1.2,8471268
2022-07-19/00:00:00,1.2,1.25,1.18,1.24,5389070
2022-07-20/00:00:00,1.24,1.27,1.23,1.25,9091710
2022-07-21/00:00:00,1.25,1.29,1.25,1.27,9890046
2022-07-24/00:00:00,1.27,1.29,1.25,1.26,1668005
2022-07-25/00:00:00,1.26,1.27,1.24,1.24,3822183
2022-07-26/00:00:00,1.24,1.26,1.24,1.24,7052456
2022-07-27/00:00:00,1.24,1.26,1.23,1.23,7930592
2022-07-28/00:00:00,1.23,1.24,1.22,1.23,1543538
2022-07-31/00:00:00,1.23,1.25,1.23,1.24,1955383
2022-08-01/00:00:00,1.24,1.26,1.22,1.23,4110247
2022-08-02/00:00:00,1.23,1.25,1.23,1.23,1358800
2022-08-03/00:00:00,1.23,1.25,1.23,1.24,1541363
2022-08-04/00:00:00,1.24,1.33,1.23,1.32,17425092
2022-08-07/00:00:00,1.32,1.36,1.33,1.35,6520935
2022-08-08/00:00:00,1.35,1.37,1.34,1.35,4387787
2022-08-09/00:00:00,1.35,1.41,1.35,1.38,12251839
2022-08-10/00:00:00,1.38,1.4,1.33,1.35,3474581
2022-08-11/00:00:00,1.35,1.37,1.34,1.35,3078205
2022-08-14/00:00:00,1.35,1.37,1.33,1.34,5952975
2022-08-15/00:00:00,1.34,1.35,1.3,1.31,11140885
2022-08-16/00:00:00,1.31,1.32,1.28,1.29,4795532
2022-08-17/00:00:00,1.29,1.35,1.3,1.3,22917231
2022-08-18/00:00:00,1.3,1.33,1.3,1.31,16281069
2022-08-21/00:00:00,1.31,1.35,1.31,1.34,11946326
2022-08-22/00:00:00,1.34,1.39,1.33,1.39,20508793
2022-08-23/00:00:00,1.39,1.39,1.34,1.36,11718365
2022-08-24/00:00:00,1.36,1.35,1.32,1.33,8671649
2022-08-25/00:00:00,1.33,1.39,1.33,1.39,13378485
2022-08-28/00:00:00,1.39,1.4,1.35,1.4,13181388
2022-08-29/00:00:00,1.4,1.47,1.41,1.43,25992643
2022-08-30/00:00:00,1.43,1.51,1.41,1.48,26274966
2022-08-31/00:00:00,1.48,1.57,1.5,1.53,20872114
2022-09-01/00:00:00,1.53,1.54,1.46,1.47,8588722
2022-09-04/00:00:00,1.47,1.49,1.44,1.47,3047386
2022-09-05/00:00:00,1.47,1.54,1.47,1.53,6465574
2022-09-06/00:00:00,1.53,1.56,1.51,1.52,12189532
2022-09-07/00:00:00,1.52,1.55,1.47,1.48,6814796
2022-09-08/00:00:00,1.48,1.5,1.46,1.48,2621234
2022-09-11/00:00:00,1.48,1.5,1.46,1.47,2208028
2022-09-12/00:00:00,1.47,1.5,1.47,1.47,3336114
2022-09-13/00:00:00,1.47,1.49,1.46,1.47,2334011
2022-09-14/00:00:00,1.47,1.47,1.43,1.43,2741190
2022-09-15/00:00:00,1.43,1.44,1.36,1.36,35274337
2022-09-18/00:00:00,1.36,1.39,1.27,1.29,11448701
2022-09-19/00:00:00,1.29,1.35,1.29,1.33,6644088
2022-09-20/00:00:00,1.33,1.36,1.32,1.35,5199485
2022-09-21/00:00:00,1.35,1.37,1.33,1.34,6822688
2022-09-22/00:00:00,1.34,1.36,1.32,1.35,1539300
2022-09-25/00:00:00,1.35,1.34,1.32,1.33,2658007
2022-09-26/00:00:00,1.33,1.35,1.32,1.33,6218092
2022-09-27/00:00:00,1.33,1.35,1.32,1.34,3157098
2022-09-28/00:00:00,1.34,1.36,1.32,1.33,6949210
2022-09-29/00:00:00,1.33,1.34,1.33,1.33,1644870
2022-10-02/00:00:00,1.33,1.34,1.28,1.29,4987026
2022-10-03/00:00:00,1.29,1.31,1.28,1.29,2375221
2022-10-04/00:00:00,1.29,1.34,1.3,1.33,3833382
2022-10-05/00:00:00,1.33,1.36,1.34,1.36,10446802
2022-10-09/00:00:00,1.36,1.36,1.34,1.35,1487827
2022-10-10/00:00:00,1.35,1.37,1.34,1.36,2527714
2022-10-11/00:00:00,1.36,1.36,1.33,1.34,2058150
2022-10-12/00:00:00,1.34,1.34,1.32,1.32,1750613
2022-10-13/00:00:00,1.32,1.39,1.33,1.34,4069063
2022-10-16/00:00:00,1.34,1.38,1.35,1.36,3754009
2022-10-17/00:00:00,1.36,1.42,1.38,1.4,8314509
2022-10-18/00:00:00,1.4,1.42,1.36,1.4,2095039
2022-10-19/00:00:00,1.4,1.41,1.37,1.38,3951789
2022-10-20/00:00:00,1.38,1.42,1.36,1.41,4155989
2022-10-23/00:00:00,1.41,1.42,1.4,1.41,1798812
2022-10-24/00:00:00,1.41,1.45,1.42,1.42,8871726
2022-10-25/00:00:00,1.42,1.46,1.38,1.45,5809265
2022-10-26/00:00:00,1.45,1.49,1.45,1.47,8373811
2022-10-27/00:00:00,1.47,1.53,1.47,1.49,9591924
2022-10-30/00:00:00,1.49,1.5,1.46,1.47,3182829
2022-10-31/00:00:00,1.47,1.49,1.46,1.48,5262907
2022-11-01/00:00:00,1.48,1.52,1.45,1.46,13635155
2022-11-02/00:00:00,1.46,1.47,1.42,1.43,7529148
2022-11-03/00:00:00,1.43,1.45,1.43,1.43,2943338
2022-11-06/00:00:00,1.43,1.47,1.41,1.42,3353464
2022-11-07/00:00:00,1.42,1.43,1.4,1.41,3057279
2022-11-08/00:00:00,1.41,1.43,1.39,1.39,3733467
2022-11-09/00:00:00,1.39,1.42,1.38,1.38,3857438
2022-11-10/00:00:00,1.38,1.42,1.39,1.4,4053628
2022-11-13/00:00:00,1.4,1.46,1.42,1.46,6602009
2022-11-14/00:00:00,1.46,1.52,1.47,1.51,19606264
2022-11-15/00:00:00,1.51,1.52,1.49,1.51,5351421
2022-11-16/00:00:00,1.51,1.55,1.51,1.55,11332482
2022-11-17/00:00:00,1.55,1.64,1.55,1.63,19742315
2022-11-20/00:00:00,1.63,1.65,1.61,1.63,4086583
2022-11-21/00:00:00,1.63,1.67,1.61,1.65,8499282
2022-11-22/00:00:00,1.65,1.69,1.62,1.69,4683410
2022-11-23/00:00:00,1.69,1.75,1.68,1.69,6447782
2022-11-24/00:00:00,1.69,1.72,1.65,1.71,7479206
2022-11-27/00:00:00,1.71,1.75,1.7,1.75,5765469
2022-11-28/00:00:00,1.75,1.8,1.72,1.75,9300336
2022-11-29/00:00:00,1.75,1.77,1.73,1.75,7708232
2022-11-30/00:00:00,1.75,1.76,1.69,1.71,5123327
2022-12-01/00:00:00,1.71,1.73,1.7,1.72,4811201
2022-12-04/00:00:00,1.72,1.8,1.7,1.74,16090654
2022-12-05/00:00:00,1.74,1.79,1.73,1.76,7236503
2022-12-06/00:00:00,1.76,1.8,1.72,1.8,11954996
2022-12-07/00:00:00,1.8,1.94,1.8,1.86,43421116
2022-12-08/00:00:00,1.86,1.92,1.83,1.83,23811178
2022-12-11/00:00:00,1.83,1.88,1.78,1.81,9981421
2022-12-12/00:00:00,1.81,1.82,1.69,1.8,11836707
2022-12-13/00:00:00,1.8,1.94,1.8,1.92,22114236
2022-12-14/00:00:00,1.92,2.06,1.89,2.03,37047824
2022-12-15/00:00:00,2.03,2.14,2.01,2.05,43719659
2022-12-18/00:00:00,2.05,2.08,1.95,1.96,10936614
2022-12-19/00:00:00,1.96,2.02,1.89,1.94,17925707
2022-12-20/00:00:00,1.94,2.21,1.97,2.15,53370081
2022-12-21/00:00:00,2.15,2.19,2.06,2.15,31237338
2022-12-22/00:00:00,2.15,2.26,2.07,2.1,48565328
2022-12-25/00:00:00,2.1,2.1,1.93,1.95,14471408
2022-12-26/00:00:00,1.95,2.08,1.96,2.06,13555576
2022-12-27/00:00:00,2.06,2.1,1.98,1.99,16072735
2022-12-28/00:00:00,1.99,2.02,1.96,1.98,18256404
2022-12-29/00:00:00,1.98,2.03,1.95,1.96,34050388
2023-01-02/00:00:00,1.96,2.03,1.96,2.01,24747334
2023-01-03/00:00:00,2.01,2.15,2.04,2.11,44035783
2023-01-04/00:00:00,2.11,2.14,1.97,2.12,49028484
2023-01-05/00:00:00,2.12,2.17,2.12,2.12,37971158
2023-01-09/00:00:00,2.13,2.2,2.07,2.12,32993053
2023-01-10/00:00:00,2.12,2.13,1.98,1.98,26861063
2023-01-11/00:00:00,1.98,2.13,1.91,1.91,37735959
2023-01-12/00:00:00,1.91,1.99,1.86,1.92,19196956
2023-01-15/00:00:00,1.92,2.02,1.94,1.95,15689789
2023-01-16/00:00:00,1.95,2.04,1.96,1.99,17050495
2023-01-17/00:00:00,1.99,2.09,2.03,2.06,27143722
2023-01-18/00:00:00,2.06,2.08,1.98,1.98,15571482
2023-01-19/00:00:00,1.98,2.17,1.99,2.17,60294314
2023-01-22/00:00:00,2.17,2.35,2.19,2.28,89232221
2023-01-23/00:00:00,2.28,2.35,2.23,2.24,30362904
2023-01-24/00:00:00,2.24,2.27,2.19,2.23,18426528
2023-01-25/00:00:00,2.23,2.31,2.23,2.26,8014365
2023-01-29/00:00:00,2.26,2.32,2.26,2.3,23288034
2023-01-30/00:00:00,2.3,2.4,2.19,2.22,43777019
2023-01-31/00:00:00,2.22,2.27,2.11,2.13,20808602
2023-02-01/00:00:00,2.13,2.15,2.04,2.11,14476414
2023-02-02/00:00:00,2.11,2.19,2.0,2.03,21040779
2023-02-05/00:00:00,2.03,2.24,1.97,2.24,28466125
2023-02-06/00:00:00,2.24,2.32,2.22,2.27,32251212
2023-02-07/00:00:00,2.27,2.34,2.19,2.23,29302439
2023-02-08/00:00:00,2.23,2.24,2.14,2.15,21452003
2023-02-09/00:00:00,2.15,2.22,2.15,2.21,10141559
2023-02-12/00:00:00,2.21,2.24,2.12,2.14,28070421
2023-02-13/00:00:00,2.14,2.18,2.08,2.11,15337319
2023-02-14/00:00:00,2.11,2.2,2.1,2.19,19185577
2023-02-15/00:00:00,2.19,2.23,2.16,2.18,22129974
2023-02-16/00:00:00,2.18,2.21,2.15,2.16,11221366
2023-02-19/00:00:00,2.16,2.19,2.1,2.12,9852682
2023-02-20/00:00:00,2.12,2.14,2.03,2.05,11846145
2023-02-21/00:00:00,2.05,2.11,2.0,2.1,15062325
2023-02-22/00:00:00,2.1,2.12,1.97,2.0,19714986
2023-02-23/00:00:00,2.0,2.06,1.96,2.04,15413416
2023-02-26/00:00:00,2.04,2.07,2.04,2.05,7645337
2023-02-27/00:00:00,2.05,2.09,2.04,2.05,10005852
2023-02-28/00:00:00,2.05,2.07,2.01,2.03,4666367
2023-03-01/00:00:00,2.03,2.11,2.04,2.11,12312201
2023-03-02/00:00:00,2.11,2.14,2.07,2.07,7648182
2023-03-05/00:00:00,2.07,2.1,2.05,2.06,4366283
2023-03-06/00:00:00,2.06,2.1,2.05,2.05,6125407
2023-03-07/00:00:00,2.05,2.07,1.99,2.0,7021732
2023-03-08/00:00:00,2.0,2.0,1.95,1.97,7971214
2023-03-09/00:00:00,1.97,2.03,1.98,2.01,6527678
2023-03-12/00:00:00,2.01,2.02,1.94,1.95,8160911
2023-03-13/00:00:00,1.95,1.97,1.72,1.77,9664772
2023-03-14/00:00:00,1.77,1.83,1.73,1.8,10117754
2023-03-15/00:00:00,1.8,1.84,1.61,1.66,12228640
2023-03-16/00:00:00,1.66,1.73,1.53,1.67,9963422
2023-03-19/00:00:00,1.67,1.71,1.57,1.63,5464254
2023-03-20/00:00:00,1.63,1.71,1.59,1.67,11961658
2023-03-21/00:00:00,1.67,1.75,1.68,1.73,8775012
2023-03-22/00:00:00,1.73,1.78,1.68,1.69,7183429
2023-03-23/00:00:00,1.69,1.76,1.66,1.76,10871489
2023-03-26/00:00:00,1.76,1.84,1.77,1.83,13369089
2023-03-27/00:00:00,1.83,1.86,1.75,1.78,13259580
2023-03-28/00:00:00,1.78,1.9,1.78,1.86,26412065
2023-03-29/00:00:00,1.86,1.89,1.85,1.86,13264624
2023-03-30/00:00:00,1.86,1.9,1.8,1.83,17514624
2023-04-02/00:00:00,1.83,1.87,1.81,1.87,5667527
2023-04-03/00:00:00,1.87,1.95,1.87,1.95,20360071
2023-04-04/00:00:00,1.95,2.02,1.92,2.01,27071547
2023-04-05/00:00:00,2.01,2.02,1.95,1.96,16624252
2023-04-06/00:00:00,1.96,1.97,1.92,1.93,9713381
2023-04-09/00:00:00,1.93,1.95,1.9,1.93,5824887
2023-04-10/00:00:00,1.93,2.03,1.93,2.03,20352927
2023-04-11/00:00:00,2.03,2.06,2.02,2.04,16497972
2023-04-12/00:00:00,2.04,2.05,1.99,2.0,10088058
2023-04-13/00:00:00,2.0,2.03,1.98,2.02,11353039
2023-04-18/00:00:00,2.02,2.06,2.01,2.04,6687812
2023-04-19/00:00:00,2.04,2.09,2.02,2.04,13320013
2023-04-26/00:00:00,2.04,2.05,2.0,2.01,10053759
2023-04-27/00:00:00,2.01,2.07,2.02,2.05,16209848
2023-04-30/00:00:00,2.05,2.13,2.03,2.04,31856681
2023-05-01/00:00:00,2.04,2.07,1.98,2.0,12100290
2023-05-02/00:00:00,2.0,2.01,1.94,1.95,10828259
2023-05-03/00:00:00,1.95,1.98,1.92,1.94,8276927
2023-05-07/00:00:00,1.94,1.95,1.9,1.93,7413779
2023-05-08/00:00:00,1.93,2.01,1.94,2.01,16124493
2023-05-09/00:00:00,2.01,2.04,1.97,1.97,16475365
2023-05-10/00:00:00,1.97,2.0,1.93,2.0,8520686
2023-05-11/00:00:00,2.0,2.02,1.97,1.97,9174740
2023-05-14/00:00:00,1.97,1.98,1.95,1.97,4930559
2023-05-15/00:00:00,1.97,2.01,1.93,1.94,10987021
2023-05-16/00:00:00,1.94,1.94,1.9,1.93,7304381
2023-05-17/00:00:00,1.93,1.94,1.86,1.86,8460033
2023-05-18/00:00:00,1.86,1.87,1.8,1.85,9490677
2023-05-21/00:00:00,1.85,1.87,1.84,1.84,4798450
2023-05-22/00:00:00,1.84,1.89,1.84,1.84,4249174
2023-05-23/00:00:00,1.84,1.85,1.82,1.85,3937985
2023-05-24/00:00:00,1.85,1.9,1.85,1.88,7155816
2023-05-25/00:00:00,1.88,1.92,1.87,1.87,9491704
2023-05-28/00:00:00,1.87,1.91,1.88,1.9,7995603
2023-05-29/00:00:00,1.9,1.97,1.89,1.97,20685817
2023-05-30/00:00:00,1.97,2.03,1.98,2.01,32057690
2023-05-31/00:00:00,2.01,2.05,1.99,2.0,26308531
2023-06-01/00:00:00,2.0,2.09,2.0,2.07,38143433
2023-06-04/00:00:00,2.07,2.17,2.09,2.12,68606405
2023-06-05/00:00:00,2.12,2.17,2.08,2.1,31475331
2023-06-06/00:00:00,2.1,2.21,2.14,2.16,67469927
2023-06-07/00:00:00,2.16,2.21,2.1,2.1,30271461
2023-06-08/00:00:00,2.1,2.14,2.08,2.1,21725988
2023-06-11/00:00:00,2.1,2.25,2.13,2.25,51261176
2023-06-12/00:00:00,2.25,2.27,2.19,2.21,16621915
2023-06-13/00:00:00,2.21,2.27,2.18,2.21,45761790
2023-06-14/00:00:00,2.21,2.26,2.17,2.17,26539013
2023-06-15/00:00:00,2.17,2.2,2.14,2.14,18175000
2023-06-18/00:00:00,2.14,2.2,2.15,2.18,9002203
2023-06-19/00:00:00,2.18,2.19,2.1,2.12,13028889
2023-06-20/00:00:00,2.12,2.16,2.1,2.11,15375345
2023-06-21/00:00:00,2.11,2.13,2.06,2.07,20002770
2023-06-22/00:00:00,2.07,2.09,2.05,2.08,8901696
2023-06-25/00:00:00,2.08,2.11,2.02,2.02,7818163
2023-06-26/00:00:00,2.02,2.12,2.02,2.12,11123690
2023-07-04/00:00:00,2.12,2.16,2.1,2.1,15485262
2023-07-05/00:00:00,2.1,2.13,2.09,2.1,8725081
2023-07-06/00:00:00,2.1,2.13,2.07,2.08,9358890
2023-07-09/00:00:00,2.08,2.1,2.0,2.02,10531127
2023-07-10/00:00:00,2.02,2.08,1.99,2.07,6745578
2023-07-11/00:00:00,2.07,2.15,2.03,2.12,16226334
2023-07-12/00:00:00,2.12,2.13,2.07,2.09,10397308
2023-07-13/00:00:00,2.09,2.12,2.06,2.06,8909813
2023-07-16/00:00:00,2.06,2.09,2.03,2.05,8541186
2023-07-17/00:00:00,2.05,2.12,2.06,2.07,27474776
2023-07-18/00:00:00,2.07,2.13,2.08,2.11,13699407
2023-07-19/00:00:00,2.11,2.14,2.09,2.09,14379388
2023-07-24/00:00:00,2.09,2.12,2.05,2.05,10942615
2023-07-25/00:00:00,2.05,2.08,2.0,2.01,12050894
2023-07-26/00:00:00,2.01,2.03,1.99,2.0,11776786
2023-07-27/00:00:00,2.0,2.02,1.99,2.0,9041681
2023-07-30/00:00:00,2.0,2.04,1.99,2.02,8822452
2023-07-31/00:00:00,2.02,2.04,2.01,2.04,4910387
2023-08-01/00:00:00,2.04,2.05,2.0,2.02,7572251
2023-08-02/00:00:00,2.02,2.04,1.94,1.96,9063591
2023-08-03/00:00:00,1.96,1.98,1.93,1.96,11093212
2023-08-06/00:00:00,1.96,2.01,1.95,1.99,17054918
2023-08-07/00:00:00,1.99,2.04,1.99,2.0,16803022
2023-08-08/00:00:00,2.0,2.03,1.99,1.99,9105525
2023-08-09/00:00:00,1.99,2.03,1.99,2.01,13480800
2023-08-10/00:00:00,2.01,2.02,1.98,1.98,6130208
2023-08-13/00:00:00,1.98,1.99,1.95,1.98,12561254
2023-08-14/00:00:00,1.98,2.02,1.98,1.98,10721161
2023-08-15/00:00:00,1.98,2.0,1.97,1.97,5220662
2023-08-16/00:00:00,1.97,1.99,1.96,1.96,6545523
2023-08-17/00:00:00,1.96,1.98,1.95,1.95,4656587
2023-08-20/00:00:00,1.95,1.97,1.94,1.94,5185798
2023-08-21/00:00:00,1.94,1.96,1.92,1.94,7105758
2023-08-22/00:00:00,1.94,1.96,1.93,1.95,7807153
2023-08-23/00:00:00,1.95,2.02,1.95,1.96,22263038
2023-08-24/00:00:00,1.96,1.98,1.94,1.95,4360377
2023-08-27/00:00:00,1.95,1.97,1.93,1.94,7221825
2023-08-28/00:00:00,1.94,2.02,1.95,2.02,21977450
2023-08-29/00:00:00,2.02,2.03,1.99,2.01,14421857
2023-08-30/00:00:00,2.01,2.03,1.98,1.99,12713821
2023-08-31/00:00:00,1.99,2.0,1.96,1.96,7001640
2023-09-03/00:00:00,1.96,1.99,1.95,1.96,7095237
2023-09-04/00:00:00,1.96,1.98,1.94,1.95,10213316
2023-09-05/00:00:00,1.95,1.98,1.95,1.95,11115700
2023-09-06/00:00:00,1.95,1.99,1.96,1.96,27356774
2023-09-07/00:00:00,1.96,1.98,1.95,1.96,16850251
2023-09-10/00:00:00,1.96,2.04,1.96,2.03,47089728
2023-09-11/00:00:00,2.03,2.05,2.01,2.01,31409588
2023-09-12/00:00:00,2.01,2.03,1.99,2.0,13349280
2023-09-13/00:00:00,2.0,2.02,1.99,2.0,5027109
2023-09-14/00:00:00,2.0,2.04,2.0,2.04,28432925
2023-09-17/00:00:00,2.04,2.13,2.05,2.11,76838082
2023-09-18/00:00:00,2.11,2.12,2.07,2.11,20444164
2023-09-19/00:00:00,2.11,2.12,2.06,2.06,18683552
2023-09-20/00:00:00,2.06,2.08,1.97,2.01,30239103
2023-09-21/00:00:00,2.01,2.03,1.98,2.03,9578553
2023-09-24/00:00:00,2.03,2.04,2.01,2.02,8227827
2023-09-25/00:00:00,2.02,2.18,2.0,2.16,82433457
2023-09-26/00:00:00,2.16,2.21,2.06,2.09,52339825
2023-09-27/00:00:00,2.09,2.19,2.06,2.15,35948403
2023-10-01/00:00:00,2.15,2.2,2.12,2.16,21968178
2023-10-02/00:00:00,2.16,2.23,2.09,2.12,41107669
2023-10-03/00:00:00,2.12,2.15,2.05,2.07,15280626
2023-10-04/00:00:00,2.07,2.13,2.07,2.11,11704095
2023-10-08/00:00:00,2.11,2.11,1.92,2.0,18767942
2023-10-09/00:00:00,2.0,2.02,1.97,1.98,9810763
2023-10-10/00:00:00,1.98,2.02,1.98,1.99,6863784
2023-10-11/00:00:00,1.99,2.07,1.99,2.0,21238590
2023-10-12/00:00:00,2.0,2.05,2.0,2.0,11751752
2023-10-15/00:00:00,2.0,2.05,2.0,2.02,11939515
2023-10-16/00:00:00,2.02,2.05,1.99,2.0,13060479
2023-10-17/00:00:00,2.0,2.15,2.01,2.12,40828555
2023-10-18/00:00:00,2.12,2.17,2.06,2.1,30500764
2023-10-19/00:00:00,2.1,2.15,2.07,2.12,19086208
2023-10-22/00:00:00,2.12,2.19,2.1,2.16,22995535
2023-10-23/00:00:00,2.16,2.19,2.13,2.14,19891696
2023-10-24/00:00:00,2.14,2.16,2.08,2.11,17969661
2023-10-25/00:00:00,2.11,2.32,2.11,2.31,81013627
2023-10-26/00:00:00,2.31,2.48,2.32,2.44,82715599
2023-10-29/00:00:00,2.44,2.66,2.45,2.56,59612006
2023-10-30/00:00:00,2.56,2.59,2.43,2.47,29036188
2023-10-31/00:00:00,2.47,2.5,2.4,2.41,23653204
2023-11-01/00:00:00,2.41,2.66,2.41,2.64,47209507
2023-11-02/00:00:00,2.64,2.79,2.6,2.64,50286824
2023-11-05/00:00:00,2.64,2.69,2.59,2.64,19968897
2023-11-06/00:00:00,2.64,2.77,2.65,2.66,33799720
2023-11-07/00:00:00,2.66,2.75,2.65,2.7,35532428
2023-11-08/00:00:00,2.7,2.79,2.6,2.63,23056985
2023-11-09/00:00:00,2.63,2.67,2.55,2.59,24219571
2023-11-12/00:00:00,2.59,2.68,2.6,2.63,24695439
2023-11-13/00:00:00,2.63,2.65,2.56,2.6,19388079
2023-11-14/00:00:00,2.6,2.66,2.51,2.65,28325899
2023-11-15/00:00:00,2.65,2.8,2.68,2.8,64579557
2023-11-16/00:00:00,2.8,2.97,2.83,2.94,65843361
2023-11-19/00:00:00,2.94,2.97,2.87,2.87,30921905
2023-11-20/00:00:00,2.87,2.91,2.81,2.84,32944800
2023-11-21/00:00:00,2.84,2.89,2.79,2.86,26725889
2023-11-22/00:00:00,2.86,3.04,2.86,2.99,35646442
2023-11-23/00:00:00,2.99,3.1,2.96,3.03,43171621
2023-11-26/00:00:00,3.03,3.07,2.93,2.99,28900513
2023-11-27/00:00:00,2.99,3.02,2.97,3.02,22743305
2023-11-28/00:00:00,3.02,3.11,3.01,3.03,25038991
2023-11-29/00:00:00,3.03,3.06,2.86,2.88,14300469
2023-11-30/00:00:00,2.88,2.94,2.83,2.86,13270044
2023-12-03/00:00:00,2.86,3.06,2.86,2.97,15868699
2023-12-04/00:00:00,2.97,3.18,2.94,3.11,42605873
2023-12-05/00:00:00,3.11,3.2,3.06,3.07,19905957
2023-12-06/00:00:00,3.07,3.22,3.06,3.14,32674964
2023-12-07/00:00:00,3.14,3.1,2.93,3.07,26386739
2023-12-10/00:00:00,3.07,3.1,2.9,2.9,18153072
2023-12-11/00:00:00,2.9,2.99,2.86,2.95,16639816
2023-12-12/00:00:00,2.95,3.0,2.86,2.9,8600054
2023-12-13/00:00:00,2.9,2.99,2.9,2.99,5834091
2023-12-14/00:00:00,2.99,3.05,3.0,3.0,5081344
2023-12-17/00:00:00,3.0,3.05,2.94,3.01,5952996
2023-12-18/00:00:00,3.01,3.13,2.99,3.08,19119154
2023-12-19/00:00:00,3.08,3.14,3.02,3.02,9761260
2023-12-20/00:00:00,3.02,3.07,2.95,2.96,9108565
2023-12-21/00:00:00,2.96,3.03,2.79,2.81,19369243
2023-12-24/00:00:00,2.81,2.87,2.73,2.74,13180701
2023-12-25/00:00:00,2.74,2.75,2.63,2.75,16776915
2023-12-26/00:00:00,2.75,2.77,2.64,2.65,11809115
2023-12-27/00:00:00,2.65,2.74,2.65,2.69,18753652
2023-12-28/00:00:00,2.69,2.73,2.68,2.68,11805707
2023-12-31/00:00:00,2.68,2.74,2.66,2.66,15101816
2024-01-02/00:00:00,2.66,2.88,2.7,2.88,15446200
2024-01-03/00:00:00,2.88,2.95,2.79,2.9,19126730
2024-01-04/00:00:00,2.9,3.02,2.89,2.95,20160308
2024-01-08/00:00:00,2.95,3.12,2.93,3.1,26769719
2024-01-09/00:00:00,3.1,3.17,3.08,3.08,16257511
2024-01-10/00:00:00,3.08,3.15,3.05,3.14,15339596
2024-01-11/00:00:00,3.14,3.24,3.09,3.2,29554036
2024-01-14/00:00:00,3.2,3.36,3.22,3.32,29950400
2024-01-15/00:00:00,3.32,3.43,3.29,3.33,24932961
2024-01-16/00:00:00,3.33,3.4,3.31,3.35,15873372
2024-01-17/00:00:00,3.35,3.38,3.24,3.27,11593508
2024-01-18/00:00:00,3.27,3.51,3.25,3.46,25245988
2024-01-21/00:00:00,3.46,3.58,3.46,3.58,16398729
2024-01-22/00:00:00,3.58,3.59,3.44,3.49,24022192
2024-01-23/00:00:00,3.49,3.49,3.37,3.38,21020290
2024-01-24/00:00:00,3.38,3.41,3.29,3.3,11403011
2024-01-28/00:00:00,3.3,3.35,3.2,3.27,20871960
2024-01-29/00:00:00,3.27,3.48,3.28,3.34,21702811
2024-01-30/00:00:00,3.34,3.55,3.35,3.5,24934780
2024-01-31/00:00:00,3.5,3.53,3.0,3.13,24654754
2024-02-01/00:00:00,3.13,3.25,2.91,3.22,17736843
2024-02-04/00:00:00,3.22,3.51,3.05,3.46,27834808
2024-02-05/00:00:00,3.46,3.67,3.44,3.61,47175986
2024-02-06/00:00:00,3.61,3.67,3.36,3.65,59436262
2024-02-07/00:00:00,3.65,3.72,3.53,3.55,37181992
2024-02-08/00:00:00,3.55,3.6,3.47,3.56,18932739
2024-02-11/00:00:00,3.56,3.82,3.54,3.54,43056996
2024-02-12/00:00:00,3.54,3.72,3.51,3.65,38347512
2024-02-13/00:00:00,3.65,3.75,3.6,3.65,30715761
2024-02-14/00:00:00,3.65,3.72,3.62,3.69,22531750
2024-02-15/00:00:00,3.69,3.78,3.65,3.76,20489611
2024-02-18/00:00:00,3.76,3.79,3.7,3.71,17915594
2024-02-19/00:00:00,3.71,3.86,3.68,3.85,40478096
2024-02-20/00:00:00,3.85,4.31,3.85,4.24,96309780
2024-02-21/00:00:00,4.24,4.34,4.11,4.24,68196623
2024-02-22/00:00:00,4.24,4.48,4.16,4.48,44086340
2024-02-25/00:00:00,4.48,5.32,4.3,4.94,135192231
2024-02-26/00:00:00,4.94,5.44,4.76,5.06,82064457
2024-02-27/00:00:00,5.06,5.48,5.08,5.1,64105682
2024-02-28/00:00:00,5.1,5.25,4.65,4.83,38843582
2024-02-29/00:00:00,4.83,4.94,4.64,4.77,24562563
2024-03-03/00:00:00,4.77,5.06,4.71,4.84,50307476
2024-03-04/00:00:00,4.84,5.13,4.88,4.98,59721956
2024-03-05/00:00:00,4.98,5.1,4.79,4.86,37902554
2024-03-06/00:00:00,4.86,4.8,4.3,4.3,42193792
2024-03-07/00:00:00,4.3,4.43,3.96,4.3,50523850
2024-03-10/00:00:00,4.3,4.5,4.2,4.21,22149855
2024-03-11/00:00:00,4.21,4.28,3.98,4.04,28674529
2024-03-12/00:00:00,4.04,4.1,3.81,3.9,32311544
2024-03-13/00:00:00,3.9,3.95,3.53,3.66,40370038
2024-03-14/00:00:00,3.66,3.79,3.58,3.74,15568176
2024-03-17/00:00:00,3.74,3.83,3.57,3.6,11346882
2024-03-18/00:00:00,3.6,3.61,3.22,3.28,22258145
2024-03-19/00:00:00,3.28,3.34,3.13,3.3,12129429
2024-03-20/00:00:00,3.3,3.4,3.17,3.2,17622071
2024-03-21/00:00:00,3.2,3.34,3.19,3.3,25939106
2024-03-24/00:00:00,3.3,3.36,3.26,3.27,13994169
2024-03-25/00:00:00,3.27,3.72,3.26,3.64,38603617
2024-03-26/00:00:00,3.64,3.74,3.48,3.49,19926404
2024-03-27/00:00:00,3.49,3.59,3.28,3.3,22849388
2024-03-28/00:00:00,3.3,3.41,3.24,3.38,23375033
2024-03-31/00:00:00,3.38,3.46,3.17,3.29,15104702
2024-04-01/00:00:00,3.29,3.61,3.31,3.6,25856135
2024-04-02/00:00:00,3.6,3.7,3.52,3.58,27683174
2024-04-03/00:00:00,3.58,3.61,3.46,3.56,16355441
2024-04-04/00:00:00,3.56,3.68,3.57,3.61,16990990
2024-04-07/00:00:00,3.61,3.67,3.49,3.52,53832387
2024-04-08/00:00:00,3.52,3.67,3.5,3.65,9665223
2024-04-15/00:00:00,3.65,3.88,3.6,3.85,26912588
2024-04-16/00:00:00,3.85,3.9,3.78,3.87,17193675
2024-04-17/00:00:00,3.87,4.13,3.85,4.07,56822302
2024-04-18/00:00:00,4.07,4.22,3.78,3.86,74388334
2024-04-21/00:00:00,3.86,4.06,3.91,3.94,28347063
2024-04-22/00:00:00,3.94,4.12,3.78,3.84,22270566
2024-04-23/00:00:00,3.84,3.86,3.64,3.68,23245580
2024-04-24/00:00:00,3.68,3.67,3.34,3.43,30669803
2024-04-28/00:00:00,3.43,3.51,3.19,3.2,29203844
2024-04-29/00:00:00,3.2,3.38,3.19,3.36,21699465
2024-04-30/00:00:00,3.36,3.41,3.02,3.1,17247310
2024-05-01/00:00:00,3.1,3.22,3.0,3.2,14106789
2024-05-02/00:00:00,3.2,3.32,3.12,3.26,17684875
2024-05-07/00:00:00,3.26,3.3,3.18,3.27,10472744
2024-05-08/00:00:00,3.27,3.42,3.22,3.25,17518397
2024-05-09/00:00:00,3.25,3.28,3.14,3.22,5607952
2024-05-12/00:00:00,3.22,3.27,3.02,3.07,12915907
2024-05-13/00:00:00,3.07,3.1,2.93,3.07,16044283
2024-05-14/00:00:00,3.07,3.13,2.94,3.02,24820967
2024-05-15/00:00:00,3.02,3.08,2.95,3.0,23236082
2024-05-16/00:00:00,3.0,3.15,3.01,3.15,24930081
2024-05-19/00:00:00,3.15,3.32,3.15,3.32,33193301
2024-05-20/00:00:00,3.32,3.42,3.26,3.32,23839862
2024-05-21/00:00:00,3.32,3.58,3.32,3.5,56424324
2024-05-22/00:00:00,3.5,3.62,3.47,3.57,38047801
2024-05-23/00:00:00,3.57,3.64,3.5,3.55,17288679
2024-05-26/00:00:00,3.55,3.8,3.51,3.75,35806688
2024-05-27/00:00:00,3.75,3.77,3.6,3.63,17136771
2024-05-28/00:00:00,3.63,3.82,3.53,3.76,49804954
2024-05-29/00:00:00,3.76,3.87,3.73,3.77,20865174
2024-05-30/00:00:00,3.77,3.79,3.65,3.73,11228152
2024-06-02/00:00:00,3.73,3.8,3.6,3.7,10471962
2024-06-03/00:00:00,3.7,3.77,3.64,3.7,8773429
2024-06-04/00:00:00,3.7,3.94,3.71,3.85,27350776
2024-06-05/00:00:00,3.85,4.0,3.76,3.92,61201490
2024-06-06/00:00:00,3.92,3.98,3.77,3.79,27024666
2024-06-09/00:00:00,3.79,4.1,3.73,4.05,66895026
2024-06-10/00:00:00,4.05,4.09,3.93,3.95,18529406
2024-06-11/00:00:00,3.95,4.22,3.96,4.12,87529728
2024-06-12/00:00:00,4.12,4.16,4.0,4.04,28504498
2024-06-13/00:00:00,4.04,4.1,3.97,4.01,36070953
2024-06-23/00:00:00,4.01,4.19,4.03,4.12,37519885
2024-06-24/00:00:00,4.12,4.15,4.04,4.04,24358126
2024-06-25/00:00:00,4.04,4.13,3.98,4.11,14983366
2024-06-26/00:00:00,4.11,4.39,4.12,4.31,62494803
2024-06-27/00:00:00,4.31,4.39,4.19,4.21,35967557
2024-07-01/00:00:00,4.21,4.48,4.25,4.43,49497330
2024-07-02/00:00:00,4.43,4.5,4.33,4.37,44749563
2024-07-03/00:00:00,4.37,4.47,4.35,4.38,23179090
2024-07-04/00:00:00,4.38,4.4,4.27,4.3,18947360
2024-07-07/00:00:00,4.3,4.6,4.32,4.48,63837889
2024-07-08/00:00:00,4.48,4.65,4.46,4.56,40673593
2024-07-09/00:00:00,4.56,4.64,4.54,4.6,19332076
2024-07-10/00:00:00,4.6,4.68,4.56,4.57,17457006
2024-07-14/00:00:00,4.57,4.61,4.53,4.53,11379781
2024-07-15/00:00:00,4.53,4.61,4.53,4.57,9745117
2024-07-16/00:00:00,4.57,4.77,4.54,4.77,14617753
2024-07-17/00:00:00,4.77,4.95,4.68,4.9,23127781
2024-07-18/00:00:00,4.9,4.96,4.72,4.75,31016774
2024-07-21/00:00:00,4.75,4.8,4.66,4.8,24652590
2024-07-22/00:00:00,4.8,4.84,4.7,4.7,15159344
2024-07-23/00:00:00,4.7,4.77,4.69,4.72,13064572
2024-07-24/00:00:00,4.72,4.8,4.57,4.65,24850892
2024-07-28/00:00:00,4.65,4.71,4.58,4.61,11967018
2024-07-29/00:00:00,4.61,4.7,4.58,4.65,22414944
2024-07-30/00:00:00,4.65,4.79,4.66,4.72,35009955
2024-07-31/00:00:00,4.72,4.74,4.63,4.63,11641534
2024-08-01/00:00:00,4.63,4.66,4.39,4.42,47315102
2024-08-04/00:00:00,4.42,4.39,4.21,4.27,21065003
2024-08-05/00:00:00,4.27,4.2,3.86,4.03,37061026
2024-08-06/00:00:00,4.03,4.18,4.08,4.16,25610425
2024-08-07/00:00:00,4.16,4.23,4.07,4.19,17891689
2024-08-08/00:00:00,4.19,4.2,4.1,4.13,14814385
2024-08-11/00:00:00,4.13,4.4,4.17,4.38,47002979
2024-08-12/00:00:00,4.38,4.48,4.36,4.43,45323926
2024-08-13/00:00:00,4.43,4.47,4.33,4.36,6099990
2024-08-14/00:00:00,4.36,4.43,4.32,4.42,19516258
2024-08-15/00:00:00,4.42,4.73,4.42,4.67,33790432
2024-08-18/00:00:00,4.67,4.89,4.7,4.74,32808053
2024-08-19/00:00:00,4.74,5.05,4.72,5.04,38260345
2024-08-20/00:00:00,5.04,5.16,5.01,5.02,40140937
2024-08-21/00:00:00,5.02,5.27,4.96,5.2,25842322
2024-08-22/00:00:00,5.2,5.42,5.19,5.36,20898969
2024-08-25/00:00:00,5.36,6.4,5.38,5.99,56884141
2024-08-26/00:00:00,5.99,6.13,5.78,5.91,24592936
2024-08-27/00:00:00,5.91,6.1,5.78,5.92,27253454
2024-08-27/00:00:00,5.91,6.1,5.78,5.92,27253454
2024-08-28/00:00:00,5.92,6.33,5.88,6.3,31563399
2024-08-29/00:00:00,6.3,6.61,6.18,6.37,40821917
2024-09-01/00:00:00,6.37,7.01,6.4,6.89,79459149
2024-09-02/00:00:00,6.89,6.94,6.56,6.58,37477153
2024-09-03/00:00:00,6.58,6.76,6.4,6.47,30482389
2024-09-04/00:00:00,6.47,6.57,6.33,6.41,22096488
2024-09-05/00:00:00,6.41,6.57,6.4,6.44,10518494
2024-09-08/00:00:00,6.44,6.47,6.12,6.31,31707342
2024-09-09/00:00:00,6.31,6.61,6.28,6.54,27829169
2024-09-10/00:00:00,6.54,6.74,6.32,6.35,39597197
2024-09-11/00:00:00,6.35,6.56,6.26,6.53,31697461
2024-09-12/00:00:00,6.53,6.68,6.39,6.42,16223829
2024-09-16/00:00:00,6.42,6.5,6.25,6.28,11666296
2024-09-17/00:00:00,6.28,6.32,6.03,6.06,39413320
2024-09-18/00:00:00,6.06,6.1,5.89,5.94,41867535
2024-09-19/00:00:00,5.94,6.43,5.98,6.37,40520158
2024-09-22/00:00:00,6.37,6.57,6.32,6.45,27565265
2024-09-23/00:00:00,6.45,6.52,6.32,6.35,16678720
2024-09-24/00:00:00,6.35,6.44,6.32,6.33,10173257
2024-09-25/00:00:00,6.33,6.58,6.31,6.47,30360689
2024-09-26/00:00:00,6.47,6.63,6.46,6.52,31895624
2024-09-29/00:00:00,6.52,6.65,6.43,6.51,23053847
2024-09-30/00:00:00,6.51,6.65,6.46,6.65,31195934
2024-10-01/00:00:00,6.65,6.75,6.56,6.56,50159476
2024-10-02/00:00:00,6.56,6.9,6.52,6.74,45031110
2024-10-03/00:00:00,6.74,6.89,6.7,6.77,49040248
2024-10-07/00:00:00,6.77,6.88,6.46,6.46,22411449
2024-10-08/00:00:00,6.46,6.5,6.09,6.23,23623047
2024-10-09/00:00:00,6.23,6.38,6.16,6.27,17608516
2024-10-10/00:00:00,6.27,6.33,6.06,6.09,20772180
2024-10-13/00:00:00,6.09,6.16,5.66,5.71,25178208
2024-10-14/00:00:00,5.71,5.88,5.62,5.84,23397040
2024-10-15/00:00:00,5.84,5.95,5.82,5.9,12263726
2024-10-16/00:00:00,5.9,5.97,5.66,5.66,18192283
2024-10-17/00:00:00,5.66,5.7,5.35,5.35,18473783
2024-10-20/00:00:00,5.35,5.65,5.09,5.14,30647899
2024-10-21/00:00:00,5.14,5.6,5.17,5.6,29768970
2024-10-22/00:00:00,5.6,5.76,5.6,5.75,12626939
2024-10-23/00:00:00,5.75,6.03,5.78,5.79,42061734
2024-10-24/00:00:00,5.79,6.14,5.75,5.89,22711754
2024-10-27/00:00:00,5.89,6.09,5.85,5.95,10255217
2024-10-28/00:00:00,5.95,6.02,5.87,5.89,6418193
2024-10-29/00:00:00,5.89,5.94,5.63,5.65,12027867
2024-10-30/00:00:00,5.65,5.73,5.6,5.67,5940394
2024-10-31/00:00:00,5.67,5.75,5.62,5.65,5683471
2024-11-03/00:00:00,5.65,5.86,5.7,5.74,8660747
2024-11-04/00:00:00,5.74,5.88,5.71,5.76,7776704
2024-11-05/00:00:00,5.76,5.8,5.63,5.69,5820492
2024-11-06/00:00:00,5.69,5.76,5.64,5.72,14204099
2024-11-07/00:00:00,5.72,5.9,5.78,5.81,20154970
2024-11-10/00:00:00,5.81,5.92,5.8,5.8,8602384
2024-11-11/00:00:00,5.8,5.86,5.8,5.81,4997753
2024-11-12/00:00:00,5.81,5.95,5.82,5.89,12911294
2024-11-13/00:00:00,5.89,5.98,5.72,5.76,16410388
2024-11-14/00:00:00,5.76,5.84,5.73,5.78,5129580
2024-11-17/00:00:00,5.78,5.8,5.69,5.7,6015185
2024-11-18/00:00:00,5.7,5.74,5.46,5.47,11235086
2024-11-19/00:00:00,5.47,5.5,5.39,5.41,4252995
2024-11-20/00:00:00,5.41,5.62,5.42,5.6,10790618
2024-11-21/00:00:00,5.6,5.66,5.53,5.58,4321077
2024-11-24/00:00:00,5.58,5.6,5.44,5.45,4105045
2024-11-25/00:00:00,5.45,5.55,5.4,5.41,4805406
2024-11-26/00:00:00,5.41,5.49,5.37,5.38,4766366
2024-11-27/00:00:00,5.38,5.43,5.27,5.28,5865203
2024-11-28/00:00:00,5.28,5.55,5.2,5.45,8196863
2024-12-01/00:00:00,5.45,5.98,5.48,5.91,39783089
2024-12-02/00:00:00,5.91,6.18,5.89,6.18,45915245
2024-12-03/00:00:00,6.18,6.24,5.96,5.96,15274498
2024-12-04/00:00:00,5.96,6.35,6.0,6.23,45722394
2024-12-05/00:00:00,6.23,6.3,6.13,6.17,14224504
2024-12-08/00:00:00,6.17,6.45,6.19,6.45,20778106
2024-12-09/00:00:00,6.45,6.65,6.32,6.5,50724007
2024-12-10/00:00:00,6.5,6.62,6.34,6.46,20988728
2024-12-11/00:00:00,6.46,6.68,6.45,6.56,14676394
2024-12-12/00:00:00,6.56,6.65,6.51,6.64,7443826
2024-12-15/00:00:00,6.64,6.77,6.6,6.73,11091418
2024-12-16/00:00:00,6.73,6.82,6.66,6.66,11044835
2024-12-17/00:00:00,6.66,6.7,6.46,6.48,7862381
2024-12-18/00:00:00,6.48,6.54,6.28,6.35,7474011
2024-12-19/00:00:00,6.35,6.45,6.19,6.37,18232851
2024-12-22/00:00:00,6.37,6.48,6.37,6.39,2417996
2024-12-23/00:00:00,6.39,6.44,6.15,6.2,10796591
2024-12-24/00:00:00,6.2,6.3,6.05,6.13,14191456
2024-12-25/00:00:00,6.13,6.32,6.15,6.26,6744338
2024-12-26/00:00:00,6.26,6.37,6.25,6.3,5653069
2024-12-29/00:00:00,6.3,6.5,6.27,6.5,12422292
2024-12-30/00:00:00,6.5,6.52,6.34,6.4,9153870
2024-12-31/00:00:00,6.4,6.56,6.37,6.54,7606774
2025-01-02/00:00:00,6.54,6.98,6.55,6.94,24347034
2025-01-05/00:00:00,6.94,7.23,6.94,7.06,27955860
2025-01-06/00:00:00,7.06,7.16,6.9,7.15,19561217
2025-01-08/00:00:00,7.15,7.22,7.02,7.11,12615818
2025-01-09/00:00:00,7.11,7.15,7.0,7.01,13340021
2025-01-12/00:00:00,7.01,6.98,6.83,6.83,11594300
2025-01-13/00:00:00,6.83,6.95,6.52,6.52,14360920
2025-01-14/00:00:00,6.52,6.8,6.13,6.56,26079912
2025-01-15/00:00:00,6.56,6.72,6.54,6.61,9940141
2025-01-16/00:00:00,6.61,6.68,6.59,6.6,8858828
2025-01-19/00:00:00,6.6,6.93,6.66,6.78,20149019
2025-01-20/00:00:00,6.78,6.85,6.64,6.74,11334841
2025-01-21/00:00:00,6.74,6.93,6.69,6.81,11412118
2025-01-22/00:00:00,6.81,7.0,6.78,6.9,15742388
2025-01-23/00:00:00,6.9,7.08,6.84,6.88,11899301
2025-01-26/00:00:00,6.88,6.94,6.67,6.7,10805939
2025-01-27/00:00:00,6.7,6.75,6.61,6.61,9969522
2025-01-28/00:00:00,6.61,6.74,6.6,6.6,10875205
2025-01-29/00:00:00,6.6,6.71,6.56,6.64,16936876
2025-01-30/00:00:00,6.64,6.71,6.55,6.55,11979195
2025-02-02/00:00:00,6.55,6.61,6.5,6.51,8032745
2025-02-03/00:00:00,6.51,6.52,6.29,6.34,12182982
2025-02-04/00:00:00,6.34,6.5,6.35,6.4,6719110
2025-02-05/00:00:00,6.4,6.46,6.33,6.43,6198293
2025-02-06/00:00:00,6.43,6.48,6.4,6.48,3246645
2025-02-09/00:00:00,6.48,6.56,6.38,6.4,5240930
2025-02-10/00:00:00,6.4,6.47,6.34,6.44,4254460
2025-02-11/00:00:00,6.44,6.45,6.05,6.1,15666326
2025-02-12/00:00:00,6.1,6.34,5.93,6.29,11259539
2025-02-13/00:00:00,6.29,6.33,6.1,6.19,9142065
2025-02-16/00:00:00,6.19,6.46,6.22,6.45,11732085
2025-02-17/00:00:00,6.45,6.5,6.36,6.37,7959552
2025-02-18/00:00:00,6.37,6.42,6.29,6.35,6656774
2025-02-19/00:00:00,6.35,6.54,6.34,6.36,16868251
2025-02-20/00:00:00,6.36,6.65,6.39,6.65,31682256
2025-02-23/00:00:00,6.65,6.69,6.54,6.54,11483850
2025-02-24/00:00:00,6.54,6.59,6.45,6.47,5406346
2025-02-25/00:00:00,6.47,6.54,6.31,6.37,13813021
2025-02-26/00:00:00,6.37,6.41,6.28,6.28,5243805
2025-02-27/00:00:00,6.28,6.44,6.25,6.25,21647445
2025-03-02/00:00:00,6.25,6.42,6.26,6.4,11539226
2025-03-03/00:00:00,6.4,6.52,6.41,6.46,11753812
2025-03-04/00:00:00,6.46,6.51,6.38,6.4,5565788
2025-03-05/00:00:00,6.4,6.5,6.39,6.5,7168641
2025-03-06/00:00:00,6.5,6.58,6.49,6.54,11258309
2025-03-09/00:00:00,6.54,6.76,6.5,6.76,17252349
2025-03-10/00:00:00,6.76,6.88,6.68,6.68,13919414
2025-03-11/00:00:00,6.68,6.85,6.62,6.84,13613700
2025-03-12/00:00:00,6.84,7.11,6.84,6.94,28989175
2025-03-13/00:00:00,6.94,7.04,6.79,6.81,21255835
2025-03-16/00:00:00,6.81,6.97,6.82,6.85,6678280
2025-03-17/00:00:00,6.85,6.9,6.73,6.73,6141375
2025-03-18/00:00:00,6.73,7.2,6.7,7.2,25746838
2025-03-19/00:00:00,7.2,7.49,7.21,7.35,23476471
2025-03-20/00:00:00,7.35,7.41,7.21,7.28,8653634
2025-03-23/00:00:00,7.28,7.55,7.23,7.48,17767136
2025-03-24/00:00:00,7.48,7.54,7.21,7.27,9881658
2025-03-25/00:00:00,7.27,7.34,7.0,7.02,11192139
2025-03-26/00:00:00,7.02,7.11,6.89,6.96,10897294
2025-03-27/00:00:00,6.96,7.1,6.92,7.07,8706688
2025-04-03/00:00:00,7.07,7.16,6.88,7.1,7122451
2025-04-06/00:00:00,7.1,6.89,6.67,6.77,18460939
2025-04-07/00:00:00,6.77,6.7,6.35,6.65,15802160
2025-04-08/00:00:00,6.65,6.79,6.62,6.66,8457010
2025-04-09/00:00:00,6.66,6.66,6.28,6.29,15578796
2025-04-10/00:00:00,6.29,6.64,6.37,6.41,27431637
2025-04-13/00:00:00,6.41,6.55,6.38,6.53,18933676
2025-04-14/00:00:00,6.53,6.63,6.49,6.52,20194248
2025-04-15/00:00:00,6.52,6.72,6.52,6.66,18390123
2025-04-16/00:00:00,6.66,6.69,6.53,6.54,13333191
2025-04-17/00:00:00,6.54,6.57,6.47,6.52,12667442
2025-04-22/00:00:00,6.52,6.59,6.5,6.53,12649730
2025-04-23/00:00:00,6.53,6.66,6.55,6.62,15612192
2025-04-27/00:00:00,6.62,6.9,6.65,6.86,30424570
2025-04-28/00:00:00,6.86,6.91,6.81,6.86,10917063
2025-04-29/00:00:00,6.86,6.94,6.74,6.76,10149431
2025-04-30/00:00:00,6.76,6.8,6.7,6.72,15307188
2025-05-04/00:00:00,6.72,7.03,6.71,7.03,36574914
2025-05-05/00:00:00,7.03,7.12,6.98,7.08,46507692
2025-05-06/00:00:00,7.08,7.2,7.04,7.07,21378702
2025-05-07/00:00:00,7.07,7.26,6.93,7.01,24475812
2025-05-08/00:00:00,7.01,7.06,6.83,6.9,20831946
2025-05-11/00:00:00,6.9,6.95,6.73,6.73,17106795
2025-05-12/00:00:00,6.73,6.83,6.73,6.76,10108959
2025-05-13/00:00:00,6.76,6.87,6.78,6.84,9145993
2025-05-14/00:00:00,6.84,6.91,6.8,6.89,6101920
2025-05-15/00:00:00,6.89,6.92,6.82,6.87,5971096
2025-05-19/00:00:00,6.79,6.8,6.62,6.64,8115961
2025-05-20/00:00:00,6.64,6.76,6.62,6.74,14618092
2025-05-21/00:00:00,6.74,6.91,6.72,6.82,19767627
2025-05-22/00:00:00,6.82,7.08,6.83,7.05,30840718
2025-05-25/00:00:00,7.05,7.3,7.1,7.29,37809794
2025-05-26/00:00:00,7.29,7.4,7.27,7.36,30151936
2025-05-27/00:00:00,7.36,7.8,7.37,7.7,51644405
2025-05-28/00:00:00,7.7,7.76,7.63,7.67,21441492
2025-06-01/00:00:00,8.02,8.21,7.94,7.99,22252306
2025-06-02/00:00:00,7.99,8.2,7.81,7.95,28328730
2025-06-03/00:00:00,7.95,8.18,7.97,8.04,24498623
2025-06-04/00:00:00,8.04,8.29,8.0,8.23,23712719
2025-06-10/00:00:00,8.23,8.68,8.25,8.57,29689740
2025-06-11/00:00:00,8.57,8.91,8.5,8.5,46691378
2025-06-12/00:00:00,8.5,8.5,8.04,8.15,32859266
2025-06-15/00:00:00,8.15,7.94,7.56,7.94,28500084
2025-06-16/00:00:00,7.94,8.06,7.78,7.83,27953155
2025-06-17/00:00:00,7.83,7.92,7.61,7.71,17716471
2025-06-18/00:00:00,7.71,7.91,7.63,7.83,9115770
2025-06-19/00:00:00,7.83,7.97,7.7,7.75,12716381
2025-06-22/00:00:00,7.75,7.96,7.4,7.96,15735057
2025-06-23/00:00:00,7.96,8.28,8.0,8.22,16552613
2025-06-24/00:00:00,8.22,8.78,8.35,8.67,36666340
2025-06-25/00:00:00,8.67,9.22,8.5,9.06,35596285
2025-06-29/00:00:00,9.06,9.39,9.03,9.03,23574898
2025-06-30/00:00:00,9.03,9.25,8.92,9.0,18316695
2025-07-01/00:00:00,9.0,9.05,8.71,8.8,12219281
2025-07-02/00:00:00,8.8,9.2,8.82,9.17,19332783
2025-07-06/00:00:00,9.17,9.34,9.17,9.2,14187171
2025-07-07/00:00:00,9.2,9.29,9.1,9.16,7242342
2025-07-09/00:00:00,9.16,9.46,9.01,9.44,11242930
2025-07-10/00:00:00,9.44,9.49,9.16,9.16,12132592
2025-07-13/00:00:00,9.16,9.25,8.9,8.96,11947029
2025-07-14/00:00:00,8.96,9.17,8.93,9.1,9464770
2025-07-15/00:00:00,9.1,9.17,8.88,8.92,16997652
2025-07-16/00:00:00,8.92,8.98,8.76,8.8,6774672
2025-07-17/00:00:00,8.8,8.95,8.79,8.83,8189910
2025-07-20/00:00:00,8.83,8.88,8.73,8.77,8753504
2025-07-21/00:00:00,8.77,8.86,8.73,8.73,18612000
2025-07-22/00:00:00,8.73,8.79,8.5,8.56,17171277
2025-07-23/00:00:00,8.56,8.6,8.37,8.6,15383909
2025-07-27/00:00:00,8.6,8.72,8.47,8.51,14054471
2025-07-28/00:00:00,8.51,8.58,8.13,8.19,22909268
2025-07-29/00:00:00,8.19,8.27,8.01,8.07,23765287
2025-07-30/00:00:00,8.07,8.33,8.05,8.16,27141468
2025-07-31/00:00:00,8.16,8.31,8.16,8.29,20130114
2025-08-03/00:00:00,8.29,8.35,8.12,8.15,11294788
2025-08-04/00:00:00,8.15,8.27,8.16,8.23,12525591
2025-08-05/00:00:00,8.23,8.34,8.23,8.26,8442378
2025-08-06/00:00:00,8.26,8.35,8.2,8.28,14005166
2025-08-07/00:00:00,8.28,8.31,8.24,8.28,6785749
2025-08-10/00:00:00,8.28,8.36,8.27,8.35,15499040
2025-08-11/00:00:00,8.35,8.43,8.31,8.31,13732621
2025-08-12/00:00:00,8.31,8.35,8.21,8.21,9504333
2025-08-13/00:00:00,8.21,8.36,8.15,8.19,5133956
2025-08-13/00:00:00,8.21,8.36,8.15,8.19,5133956
2025-08-14/00:00:00,8.19,8.25,8.05,8.08,6671576
2025-08-17/00:00:00,8.08,8.25,8.01,8.17,10838222
2025-08-18/00:00:00,8.17,8.21,7.84,7.94,22889262
2025-08-19/00:00:00,7.94,7.97,7.78,7.96,24338066
2025-08-20/00:00:00,7.96,8.05,7.92,7.95,18025591
2025-08-21/00:00:00,7.95,7.97,7.85,7.9,12942409
2025-08-24/00:00:00,7.9,7.94,7.84,7.85,4174552
2025-08-25/00:00:00,7.85,8.01,7.85,7.86,12966181
2025-08-26/00:00:00,7.86,7.94,7.77,7.78,10527883
2025-08-27/00:00:00,7.78,7.81,7.68,7.75,7065274
2025-08-28/00:00:00,7.75,8.1,7.75,8.09,21796398
2025-08-31/00:00:00,8.09,8.2,7.71,7.71,31543294
2025-09-01/00:00:00,7.71,8.0,7.73,8.0,20825734
2025-09-02/00:00:00,8.0,8.05,7.86,7.96,10364693
2025-09-03/00:00:00,7.96,7.99,7.71,7.71,13456191
2025-09-07/00:00:00,7.71,7.82,7.49,7.52,19448782
2025-09-08/00:00:00,7.52,7.66,7.43,7.49,12172569
2025-09-09/00:00:00,7.49,7.54,7.22,7.3,14998534
2025-09-10/00:00:00,7.3,7.32,7.19,7.26,8551756
2025-09-11/00:00:00,7.26,7.32,7.07,7.1,16633207
2025-09-14/00:00:00,7.1,7.32,7.11,7.32,15358977
2025-09-15/00:00:00,7.32,7.38,7.21,7.21,8559259
2025-09-16/00:00:00,7.21,7.21,6.99,7.05,13184510
2025-09-17/00:00:00,7.05,7.19,7.0,7.07,9377669
2025-09-18/00:00:00,7.07,7.21,7.0,7.17,12703793
2025-09-21/00:00:00,7.17,7.28,7.08,7.13,13129358
2025-09-22/00:00:00,7.13,7.18,7.05,7.16,7016521
2025-09-23/00:00:00,7.16,7.2,7.08,7.08,10739603
2025-09-24/00:00:00,7.08,7.31,7.05,7.3,28270125
2025-09-25/00:00:00,7.3,7.41,7.24,7.3,19244116
2025-09-28/00:00:00,7.3,7.33,7.23,7.29,5687981
2025-09-29/00:00:00,7.29,7.45,7.3,7.42,20663701
2025-09-30/00:00:00,7.42,7.5,7.38,7.38,24422856
2025-10-01/00:00:00,7.38,7.41,7.26,7.36,9702166
2025-10-02/00:00:00,7.36,7.51,7.33,7.43,15617366
2025-10-05/00:00:00,7.43,7.55,7.46,7.5,10140867
2025-10-06/00:00:00,7.5,7.55,7.4,7.41,8493155
2025-10-07/00:00:00,7.41,7.46,7.37,7.4,6937979
2025-10-08/00:00:00,7.4,7.41,7.26,7.31,8768289
2025-10-12/00:00:00,7.31,7.42,7.21,7.41,8343854
2025-10-13/00:00:00,7.41,7.55,7.4,7.52,15926567
2025-10-14/00:00:00,7.52,7.69,7.53,7.64,23141365
2025-10-15/00:00:00,7.64,7.84,7.67,7.75,23380090
2025-10-20/00:00:00,7.97,8.1,7.83,8.03,28337039
2025-10-21/00:00:00,8.03,8.14,7.9,8.01,21555595
2025-10-22/00:00:00,8.01,8.05,7.93,7.97,3880649
2025-10-26/00:00:00,7.93,8.1,7.89,8.07,10339691
2025-10-27/00:00:00,8.07,8.15,8.0,8.01,15217325
2025-10-28/00:00:00,8.01,8.1,7.97,8.0,7620407
2025-10-29/00:00:00,8.0,8.04,7.9,8.0,5183716
2025-10-30/00:00:00,8.0,8.04,7.83,7.86,12718660
2025-11-02/00:00:00,7.86,7.94,7.74,7.77,6063476
2025-11-03/00:00:00,7.77,8.13,7.74,8.12,17223180
2025-11-04/00:00:00,8.12,8.31,8.13,8.2,43604847
2025-11-05/00:00:00,8.2,8.4,8.2,8.35,53069299
2025-11-06/00:00:00,8.35,8.46,8.26,8.28,28821163
2025-11-09/00:00:00,8.28,8.38,8.21,8.3,10188859
2025-11-10/00:00:00,8.3,8.34,8.03,8.07,15424646
2025-11-11/00:00:00,8.07,8.11,7.75,7.9,18852195
2025-11-12/00:00:00,7.9,8.23,7.88,8.16,26037938
2025-11-13/00:00:00,8.16,8.31,8.06,8.18,15301674
2025-11-16/00:00:00,8.18,8.22,8.05,8.17,21263840
2025-11-17/00:00:00,8.17,8.43,8.19,8.36,37448034
2025-11-18/00:00:00,8.36,8.45,8.23,8.23,19272512
2025-11-19/00:00:00,8.23,8.34,8.13,8.24,6392191
2025-11-20/00:00:00,8.24,8.32,8.14,8.14,4805329
2025-11-23/00:00:00,8.14,8.2,8.07,8.09,10831654
2025-11-24/00:00:00,8.09,8.13,7.86,7.9,20542185
2025-11-26/00:00:00,8.0,8.1,7.9,7.92,11391720
2025-11-27/00:00:00,7.92,8.2,7.91,8.09,25716940
2025-11-30/00:00:00,8.09,8.3,8.12,8.29,16842514
2025-12-01/00:00:00,8.29,8.39,8.05,8.16,16280489
2025-12-03/00:00:00,8.05,8.2,8.05,8.1,5284098
2025-12-07/00:00:00,8.08,8.65,8.15,8.6,44928207
2025-12-09/00:00:00,8.63,8.71,8.51,8.6,10855826
2025-12-10/00:00:00,8.6,8.65,8.46,8.5,4456628
2025-12-11/00:00:00,8.5,8.75,8.5,8.5,15489578
2025-12-14/00:00:00,8.5,8.58,8.38,8.43,7228783
2025-12-15/00:00:00,8.43,8.81,8.45,8.67,23108407
2025-12-16/00:00:00,8.67,8.72,8.52,8.55,7114917
2025-12-17/00:00:00,8.55,8.6,8.39,8.45,6459655
2025-12-18/00:00:00,8.45,8.51,8.3,8.3,9229398
2025-12-21/00:00:00,8.3,8.34,8.22,8.3,6696447
2025-12-22/00:00:00,8.3,8.49,8.31,8.37,6617230
2025-12-23/00:00:00,8.37,8.42,8.24,8.25,4817750
2025-12-24/00:00:00,8.25,8.4,8.26,8.35,6278526
2025-12-25/00:00:00,8.35,8.41,8.3,8.4,5048795
2025-12-28/00:00:00,8.4,8.57,8.37,8.55,8693802
2025-12-29/00:00:00,8.55,8.59,8.42,8.49,4496307
2025-12-30/00:00:00,8.49,8.58,8.45,8.51,7734424
2025-12-31/00:00:00,8.51,8.67,8.5,8.61,8464156
2026-01-04/00:00:00,8.61,8.66,8.45,8.48,4258142
2026-01-04/00:00:00,8.61,8.66,8.45,8.48,4258142
2026-01-06/00:00:00,8.4,8.49,8.31,8.37,5824182
2026-01-08/00:00:00,8.37,8.38,8.19,8.2,7044647
2026-01-11/00:00:00,8.2,8.8,8.24,8.79,41382759
2026-01-12/00:00:00,8.79,9.09,8.65,8.7,32485849
2026-01-13/00:00:00,8.7,8.75,8.38,8.4,15285012
2026-01-14/00:00:00,8.4,8.75,8.28,8.44,22197012
2026-01-15/00:00:00,8.44,8.58,8.35,8.46,6128406
2026-01-18/00:00:00,8.46,8.69,8.35,8.5,8620094
2026-01-19/00:00:00,8.5,8.64,8.49,8.57,15485101
2026-01-20/00:00:00,8.57,8.89,8.6,8.73,23260960
2026-01-21/00:00:00,8.73,9.2,8.65,8.97,36347617
2026-01-22/00:00:00,8.97,9.07,8.77,8.8,15887404
2026-01-25/00:00:00,8.8,8.93,8.65,8.85,10146032
2026-01-26/00:00:00,8.85,8.85,8.65,8.71,9624460
2026-01-27/00:00:00,8.71,8.79,8.58,8.7,9715883
2026-01-28/00:00:00,8.7,8.78,8.55,8.6,7133018
2026-02-01/00:00:00,8.6,8.7,8.52,8.7,6193521
2026-02-02/00:00:00,8.7,8.74,8.6,8.7,3837748
2026-02-03/00:00:00,8.7,9.09,8.67,9.05,23785341
2026-02-04/00:00:00,9.05,9.1,8.83,8.86,14374374
2026-02-05/00:00:00,8.86,8.93,8.71,8.83,7849897
2026-02-08/00:00:00,8.83,9.05,8.84,8.91,15066528
2026-02-09/00:00:00,8.91,9.0,8.83,8.91,3268591
2026-02-10/00:00:00,8.91,8.95,8.82,8.89,3602280
2026-02-11/00:00:00,8.89,9.1,8.85,8.96,11003115
2026-02-12/00:00:00,8.96,8.99,8.79,8.81,4859561
2026-02-15/00:00:00,8.85,9.43,8.87,9.3,42186941
2026-02-16/00:00:00,9.3,9.7,9.32,9.38,29280808
2026-02-17/00:00:00,9.38,9.8,9.23,9.7,25362386
2026-02-18/00:00:00,9.7,9.98,9.61,9.74,28188971
2026-02-19/00:00:00,9.74,9.79,9.3,9.4,9905430
2026-02-22/00:00:00,9.4,9.52,8.9,9.26,10792414
2026-02-23/00:00:00,9.26,9.48,9.11,9.44,4315589
2026-02-24/00:00:00,9.44,9.49,9.24,9.25,4043126
2026-02-25/00:00:00,9.25,9.3,8.91,8.99,8012536
2026-02-26/00:00:00,8.99,9.32,8.82,9.05,8449907
2026-03-01/00:00:00,9.05,8.95,8.44,8.9,6635019
2026-03-02/00:00:00,8.9,8.95,8.72,8.85,4573311
2026-03-03/00:00:00,8.85,8.88,8.52,8.72,5805108
2026-03-04/00:00:00,8.72,8.75,8.46,8.67,10237409
2026-03-05/00:00:00,8.67,9.3,8.75,9.24,23408905
2026-03-08/00:00:00,9.24,9.25,8.71,8.75,16868663
2026-03-09/00:00:00,8.75,8.84,8.62,8.67,8781089
2026-03-10/00:00:00,8.67,8.91,8.71,8.9,7391143
2026-03-11/00:00:00,8.9,8.98,8.78,8.8,2972724
2026-03-12/00:00:00,8.8,8.85,8.61,8.68,4296821
2026-03-15/00:00:00,8.68,8.76,8.55,8.6,2566977
2026-03-16/00:00:00,8.6,8.64,8.1,8.2,14947843
2026-03-17/00:00:00,8.2,8.62,8.25,8.49,12317696
2026-03-18/00:00:00,8.49,8.64,8.46,8.51,12729385
2026-03-24/00:00:00,8.51,8.88,8.56,8.66,9890227
2026-03-25/00:00:00,8.66,8.86,8.69,8.7,13416763
2026-03-26/00:00:00,8.7,8.75,8.63,8.63,4580719
2026-03-29/00:00:00,8.63,8.65,8.4,8.46,8173766
2026-03-30/00:00:00,8.46,8.57,8.2,8.28,7731313
2026-03-31/00:00:00,8.28,8.4,7.99,8.39,28931246
2026-04-01/00:00:00,8.39,8.5,8.28,8.35,17734599
2026-04-02/00:00:00,8.35,8.63,8.25,8.46,33224812
2026-04-05/00:00:00,8.46,8.6,8.38,8.42,15033238
2026-04-06/00:00:00,8.42,8.55,8.39,8.46,20621053
2026-04-07/00:00:00,8.46,8.48,8.21,8.25,12625724
2026-04-08/00:00:00,8.25,8.64,8.44,8.63,31608144
2026-04-09/00:00:00,8.63,8.68,8.39,8.43,27762076
2026-04-15/00:00:00,8.55,9.1,8.7,8.88,64408756
2026-04-16/00:00:00,8.88,9.4,8.93,9.3,53052274
2026-04-19/00:00:00,9.3,9.85,9.33,9.66,47821792
2026-04-20/00:00:00,9.66,9.8,9.44,9.76,40932776
2026-04-21/00:00:00,9.76,11.1,9.88,10.97,82964408
2026-04-22/00:00:00,10.97,12.0,10.75,11.5,86290759
2026-04-23/00:00:00,11.5,11.65,11.0,11.2,46877877
2026-04-26/00:00:00,11.2,11.28,10.7,10.97,32485346
2026-04-27/00:00:00,10.97,11.23,10.97,11.05,18362819
2026-04-28/00:00:00,11.05,11.33,11.02,11.13,17314968
2026-04-29/00:00:00,11.13,11.27,11.09,11.16,12441616
