date,symbol,shares,close,market_value,entry_date,bars_held
2015-06-09,COMI,2898.0,18.41,53352.18,2015-06-09,0
2015-06-11,COMI,2898.0,18.67,54105.66,2015-06-09,1
2015-06-15,COMI,2898.0,18.71,54221.58,2015-06-09,2
2015-06-16,COMI,2898.0,18.59,53873.82,2015-06-09,3
2015-06-17,COMI,2898.0,18.49,53584.02,2015-06-09,4
2015-06-21,COMI,2898.0,18.41,53352.18,2015-06-09,5
2015-06-23,COMI,2898.0,18.61,53931.78,2015-06-09,6
2015-06-24,COMI,2898.0,18.49,53584.02,2015-06-09,7
2015-06-24,MCQE,1797.0,29.6,53191.200000000004,2015-06-24,0
2015-06-25,COMI,2898.0,18.3,53033.4,2015-06-09,8
2015-06-25,MCQE,1797.0,29.68,53334.96,2015-06-24,1
2015-06-29,COMI,2898.0,18.01,52192.98,2015-06-09,9
2015-08-03,MCQE,2000.0,29.68,59360.0,2015-08-03,0
2015-08-04,MCQE,1997.0,29.68,59270.96,2015-08-04,0
2015-08-05,MCQE,1997.0,29.68,59270.96,2015-08-04,1
2015-08-10,MCQE,1997.0,29.68,59270.96,2015-08-04,1
2015-08-10,VLMR,62413.0,0.95,59292.35,2015-08-10,0
2015-09-09,EFID,3976.0,16.0,63616.0,2015-09-09,0
2015-09-10,EFID,3976.0,16.47,65484.719999999994,2015-09-09,1
2015-09-14,EFID,3976.0,16.63,66120.87999999999,2015-09-09,2
2015-09-17,EFID,3976.0,16.58,65922.07999999999,2015-09-09,3
2015-09-21,EFID,3976.0,16.17,64291.920000000006,2015-09-09,4
2015-09-29,EFID,3976.0,16.27,64689.52,2015-09-09,5
2015-09-30,EFID,3976.0,17.0,67592.0,2015-09-09,6
2015-10-04,EFID,3976.0,16.25,64610.0,2015-09-09,7
2015-10-08,EFID,3976.0,16.67,66279.92000000001,2015-09-09,8
2015-10-12,EFID,3976.0,16.5,65604.0,2015-09-09,9
2015-10-18,EFID,3976.0,16.06,63854.56,2015-09-09,10
2015-10-18,RAYA,614815.0,0.11,67629.65,2015-10-18,0
2015-10-19,EFID,3976.0,16.5,65604.0,2015-09-09,11
2015-10-19,RAYA,613259.0,0.11,67458.49,2015-10-19,0
2015-10-20,EFID,3976.0,16.62,66081.12000000001,2015-09-09,12
2015-10-20,RAYA,613259.0,0.11,67458.49,2015-10-19,1
2015-10-29,EFID,3976.0,16.75,66598.0,2015-09-09,13
2015-10-29,RAYA,613259.0,0.11,67458.49,2015-10-19,2
2015-11-01,EFID,3976.0,16.75,66598.0,2015-09-09,14
2015-11-01,RAYA,613259.0,0.11,67458.49,2015-10-19,3
2015-11-08,EFID,3976.0,16.5,65604.0,2015-09-09,15
2015-11-08,RAYA,613259.0,0.11,67458.49,2015-10-19,4
2015-11-09,EFID,3976.0,16.75,66598.0,2015-09-09,16
2015-11-09,RAYA,613259.0,0.1,61325.9,2015-10-19,5
2015-11-10,EFID,3976.0,16.63,66120.87999999999,2015-09-09,17
2015-11-11,EFID,3976.0,16.63,66120.87999999999,2015-09-09,18
2015-11-16,EFID,3976.0,16.27,64689.52,2015-09-09,19
2015-11-17,EFID,3976.0,16.55,65802.8,2015-09-09,20
2015-11-18,EFID,3976.0,16.27,64689.52,2015-09-09,21
2015-11-22,EFID,3976.0,16.27,64689.52,2015-09-09,22
2015-11-23,EFID,3976.0,16.76,66637.76000000001,2015-09-09,22
2015-11-29,EFID,3976.0,16.45,65405.2,2015-09-09,23
2015-12-02,EFID,3976.0,16.04,63775.03999999999,2015-09-09,24
2015-12-02,BFTH,66260.0,1.13,74873.79999999999,2015-12-02,0
2015-12-03,BFTH,66260.0,1.13,74873.79999999999,2015-12-02,1
2015-12-07,BFTH,66260.0,1.13,74873.79999999999,2015-12-02,2
2015-12-07,EMFD,23983.0,2.8,67152.4,2015-12-07,0
2015-12-09,BFTH,66260.0,1.13,74873.79999999999,2015-12-02,3
2015-12-09,EMFD,23983.0,2.78,66672.73999999999,2015-12-07,1
2015-12-09,EFID,4171.0,16.15,67361.65,2015-12-09,0
2015-12-10,EMFD,23983.0,2.75,65953.25,2015-12-07,2
2015-12-20,EMFD,24805.0,2.81,69702.05,2015-12-20,0
2015-12-21,EMFD,24805.0,2.8,69454.0,2015-12-20,1
2015-12-21,BFTH,56267.0,1.24,69771.08,2015-12-21,0
2015-12-24,EMFD,24805.0,2.79,69205.95,2015-12-20,2
2015-12-24,BFTH,56267.0,1.23,69208.41,2015-12-21,1
2015-12-30,EMFD,24805.0,2.81,69702.05,2015-12-20,3
2015-12-30,BFTH,56267.0,1.2,67520.4,2015-12-21,2
2015-12-30,EFID,4256.0,16.09,68479.04,2015-12-30,0
2015-12-31,EMFD,24805.0,2.74,67965.70000000001,2015-12-20,4
2015-12-31,BFTH,56267.0,1.17,65832.39,2015-12-21,3
2016-01-03,EMFD,24805.0,2.76,68461.79999999999,2015-12-20,5
2016-01-05,EMFD,24805.0,2.64,65485.200000000004,2015-12-20,6
2016-01-11,BFTH,57511.0,1.15,66137.65,2016-01-11,0
2016-01-12,BFTH,57511.0,1.15,66137.65,2016-01-11,1
2016-01-13,BFTH,57511.0,1.12,64412.32000000001,2016-01-11,1
2016-01-28,BFTH,56929.0,1.18,67176.22,2016-01-28,0
2016-01-31,BFTH,56929.0,1.12,63760.48,2016-01-28,1
2016-02-01,BFTH,56929.0,1.13,64329.77,2016-01-28,2
2016-02-02,BFTH,56929.0,1.18,67176.22,2016-01-28,3
2016-02-04,BFTH,56929.0,1.19,67745.51,2016-01-28,4
2016-02-09,BFTH,56929.0,1.17,66606.93,2016-01-28,5
2016-02-09,PHDC,32731.0,2.1,68735.1,2016-02-09,0
2016-02-11,BFTH,56929.0,1.39,79131.31,2016-01-28,6
2016-02-11,PHDC,32731.0,1.98,64807.38,2016-02-09,1
2016-02-15,BFTH,56929.0,1.69,96210.01,2016-01-28,7
2016-02-16,BFTH,45800.0,1.85,84730.0,2016-02-16,0
2016-02-21,BFTH,45800.0,2.4,109920.0,2016-02-16,1
2016-02-22,PHDC,40208.0,2.22,89261.76000000001,2016-02-22,0
2016-02-23,PHDC,40208.0,2.22,89261.76000000001,2016-02-22,1
2016-02-24,PHDC,40208.0,2.16,86849.28,2016-02-22,2
2016-02-28,PHDC,40208.0,2.18,87653.44,2016-02-22,3
2016-03-02,PHDC,40208.0,2.11,84838.87999999999,2016-02-22,4
2016-03-13,PHDC,40799.0,2.17,88533.83,2016-03-13,0
2016-03-13,HELI,24502.0,3.6,88207.2,2016-03-13,0
2016-03-14,PHDC,40799.0,2.32,94653.68,2016-03-13,1
2016-03-14,HELI,24502.0,3.87,94822.74,2016-03-13,1
2016-03-15,PHDC,40799.0,2.33,95061.67,2016-03-13,2
2016-03-15,HELI,24502.0,3.94,96537.88,2016-03-13,2
2016-03-16,PHDC,40799.0,2.38,97101.62,2016-03-13,3
2016-03-16,HELI,24502.0,4.02,98498.04,2016-03-13,3
2016-03-17,PHDC,40799.0,2.5,101997.5,2016-03-13,4
2016-03-17,HELI,24502.0,4.21,103153.42,2016-03-13,4
2016-03-28,BFTH,19658.0,5.12,100648.96,2016-03-28,0
2016-03-29,BFTH,19658.0,5.16,101435.28,2016-03-28,1
2016-03-30,BFTH,19658.0,4.99,98093.42,2016-03-28,2
2016-04-04,BFTH,19658.0,4.94,97110.52,2016-03-28,3
2016-04-05,BFTH,19658.0,5.08,99862.64,2016-03-28,4
2016-04-06,BFTH,19658.0,5.42,106546.36,2016-03-28,5
2016-04-06,COMI,6507.0,15.74,102420.18000000001,2016-04-06,0
2016-04-12,BFTH,19658.0,5.42,106546.36,2016-03-28,6
2016-04-12,COMI,6507.0,15.75,102485.25,2016-04-06,1
2016-04-14,BFTH,19658.0,5.42,106546.36,2016-03-28,6
2016-04-14,COMI,6507.0,15.85,103135.95,2016-04-06,2
2016-04-17,BFTH,19658.0,5.42,106546.36,2016-03-28,6
2016-04-17,COMI,6507.0,15.76,102550.31999999999,2016-04-06,3
2016-04-17,HRHO,23431.0,4.51,105673.81,2016-04-17,0
2016-04-18,BFTH,19658.0,5.42,106546.36,2016-03-28,6
2016-04-18,COMI,6507.0,16.16,105153.12,2016-04-06,4
2016-04-18,HRHO,23431.0,4.57,107079.67000000001,2016-04-17,1
2016-04-19,BFTH,19658.0,5.42,106546.36,2016-03-28,6
2016-04-19,COMI,6507.0,16.87,109773.09000000001,2016-04-06,5
2016-04-19,HRHO,23431.0,4.7,110125.7,2016-04-17,2
2016-04-20,BFTH,19658.0,5.42,106546.36,2016-03-28,6
2016-04-20,COMI,6507.0,16.94,110228.58,2016-04-06,6
2016-04-20,HRHO,23431.0,4.58,107313.98,2016-04-17,3
2016-04-21,BFTH,19658.0,5.42,106546.36,2016-03-28,6
2016-04-21,COMI,6507.0,17.12,111399.84000000001,2016-04-06,7
2016-04-21,HRHO,23431.0,4.48,104970.88,2016-04-17,4
2016-04-26,BFTH,19658.0,5.42,106546.36,2016-03-28,6
2016-04-26,COMI,6507.0,17.99,117060.93,2016-04-06,8
2016-04-26,HRHO,23431.0,4.54,106376.74,2016-04-17,5
2016-04-27,BFTH,19658.0,5.42,106546.36,2016-03-28,6
2016-04-27,HRHO,23431.0,4.57,107079.67000000001,2016-04-17,6
2016-04-28,BFTH,19658.0,6.21,122076.18,2016-03-28,6
2016-04-28,HRHO,23431.0,4.48,104970.88,2016-04-17,7
2016-04-28,EFID,7059.0,16.91,119367.69,2016-04-28,0
2016-05-03,HRHO,23431.0,4.32,101221.92000000001,2016-04-17,8
2016-05-03,EFID,7059.0,17.16,121132.44,2016-04-28,1
2016-05-05,HRHO,23431.0,4.48,104970.88,2016-04-17,9
2016-05-05,EFID,7059.0,18.49,130520.90999999999,2016-04-28,2
2016-05-09,HRHO,23431.0,4.54,106376.74,2016-04-17,10
2016-05-10,HRHO,23431.0,4.45,104267.95,2016-04-17,11
2016-05-10,ETEL,15783.0,8.02,126579.65999999999,2016-05-10,0
2016-05-10,OIH,44813.0,2.79,125028.27,2016-05-10,0
2016-05-12,HRHO,23431.0,4.46,104502.26,2016-04-17,12
2016-05-12,ETEL,15783.0,7.93,125159.19,2016-05-10,1
2016-05-12,OIH,44813.0,2.75,123235.75,2016-05-10,1
2016-05-17,HRHO,23431.0,4.66,109188.46,2016-04-17,13
2016-05-17,ETEL,15783.0,7.97,125790.51,2016-05-10,2
2016-05-19,HRHO,23431.0,4.66,109188.46,2016-04-17,14
2016-05-19,ETEL,15783.0,7.94,125317.02,2016-05-10,3
2016-05-26,HRHO,23431.0,4.91,115046.21,2016-04-17,15
2016-05-26,ETEL,15783.0,8.33,131472.39,2016-05-10,4
2016-05-29,HRHO,23431.0,4.89,114577.59,2016-04-17,16
2016-05-29,ETEL,15783.0,8.39,132419.37,2016-05-10,5
2016-06-01,HRHO,23431.0,5.12,119966.72,2016-04-17,17
2016-06-01,ETEL,15783.0,9.07,143151.81,2016-05-10,6
2016-06-01,EFID,7328.0,18.01,131977.28,2016-06-01,0
2016-06-02,ETEL,15783.0,9.15,144414.45,2016-05-10,7
2016-06-02,EFID,7328.0,17.94,131464.32,2016-06-01,1
2016-06-02,COMI,6944.0,17.16,119159.04000000001,2016-06-02,0
2016-06-05,ETEL,15783.0,9.06,142993.98,2016-05-10,8
2016-06-05,EFID,7328.0,17.98,131757.44,2016-06-01,2
2016-06-05,COMI,6944.0,17.06,118464.63999999998,2016-06-02,1
2016-06-06,ETEL,15783.0,9.04,142678.31999999998,2016-05-10,9
2016-06-06,EFID,7328.0,17.51,128313.28000000001,2016-06-01,3
2016-06-06,COMI,6944.0,17.42,120964.48000000001,2016-06-02,2
2016-06-07,ETEL,15783.0,9.06,142993.98,2016-05-10,10
2016-06-07,EFID,7328.0,16.7,122377.59999999999,2016-06-01,4
2016-06-07,COMI,6944.0,17.55,121867.20000000001,2016-06-02,3
2016-06-08,ETEL,15783.0,9.32,147097.56,2016-05-10,11
2016-06-08,COMI,6944.0,17.57,122006.08,2016-06-02,4
2016-06-13,ETEL,15783.0,9.56,150885.48,2016-05-10,12
2016-06-13,COMI,6944.0,17.32,120270.08,2016-06-02,5
2016-07-10,COMI,6944.0,17.02,118186.87999999999,2016-06-02,6
2016-07-17,AMOC,56348.0,2.3,129600.4,2016-07-17,0
2016-07-17,HRHO,23953.0,5.31,127190.43,2016-07-17,0
2016-07-18,AMOC,56348.0,2.29,129036.92,2016-07-17,1
2016-07-18,HRHO,23953.0,5.31,127190.43,2016-07-17,1
2016-07-19,AMOC,56348.0,2.29,129036.92,2016-07-17,2
2016-07-19,HRHO,23953.0,5.26,125992.78,2016-07-17,2
2016-07-24,AMOC,56348.0,2.28,128473.43999999999,2016-07-17,3
2016-07-24,HRHO,23953.0,5.18,124076.54,2016-07-17,3
2016-07-26,AMOC,56348.0,2.33,131290.84,2016-07-17,4
2016-07-26,HRHO,23953.0,5.28,126471.84000000001,2016-07-17,4
2016-07-27,AMOC,56348.0,2.36,132981.28,2016-07-17,5
2016-07-27,HRHO,23953.0,5.75,137729.75,2016-07-17,5
2016-07-27,MCQE,4210.0,30.38,127899.8,2016-07-27,0
2016-07-28,AMOC,56348.0,2.33,131290.84,2016-07-17,6
2016-07-28,HRHO,23953.0,5.74,137490.22,2016-07-17,6
2016-07-28,MCQE,4189.0,29.68,124329.52,2016-07-28,0
2016-08-02,AMOC,56348.0,2.39,134671.72,2016-07-17,7
2016-08-02,HRHO,23953.0,5.78,138448.34,2016-07-17,7
2016-08-02,MCQE,4189.0,31.43,131660.27,2016-07-28,1
2016-08-03,AMOC,56348.0,2.39,134671.72,2016-07-17,8
2016-08-03,HRHO,23953.0,5.83,139645.99,2016-07-17,8
2016-08-03,MCQE,4189.0,29.68,124329.52,2016-07-28,2
2016-08-04,AMOC,56348.0,2.38,134108.24,2016-07-17,9
2016-08-04,HRHO,23953.0,5.99,143478.47,2016-07-17,9
2016-08-04,MCQE,4189.0,29.68,124329.52,2016-07-28,3
2016-08-07,AMOC,56348.0,2.43,136925.64,2016-07-17,10
2016-08-07,HRHO,23953.0,5.97,142999.41,2016-07-17,10
2016-08-07,MCQE,4189.0,30.45,127555.05,2016-07-28,4
2016-08-08,AMOC,56348.0,2.51,141433.47999999998,2016-07-17,11
2016-08-08,HRHO,23953.0,6.03,144436.59,2016-07-17,11
2016-08-08,MCQE,4189.0,30.45,127555.05,2016-07-28,5
2016-08-10,AMOC,56348.0,2.53,142560.44,2016-07-17,12
2016-08-10,HRHO,23953.0,5.9,141322.7,2016-07-17,12
2016-08-10,MCQE,4189.0,29.68,124329.52,2016-07-28,6
2016-08-11,AMOC,56348.0,2.53,142560.44,2016-07-17,13
2016-08-11,HRHO,23953.0,5.82,139406.46000000002,2016-07-17,13
2016-08-11,MCQE,4189.0,29.64,124161.96,2016-07-28,7
2016-08-14,AMOC,56348.0,2.53,142560.44,2016-07-17,14
2016-08-14,HRHO,23953.0,5.82,139406.46000000002,2016-07-17,14
2016-08-15,AMOC,56348.0,2.52,141996.96,2016-07-17,15
2016-08-15,HRHO,23953.0,5.83,139645.99,2016-07-17,15
2016-08-16,AMOC,56348.0,2.52,141996.96,2016-07-17,16
2016-08-16,HRHO,23953.0,5.74,137490.22,2016-07-17,16
2016-08-18,AMOC,56348.0,2.46,138616.08,2016-07-17,17
2016-08-18,HRHO,23953.0,5.62,134615.86000000002,2016-07-17,17
2016-08-18,MCQE,4395.0,29.82,131058.9,2016-08-18,0
2016-08-21,AMOC,56348.0,2.47,139179.56,2016-07-17,18
2016-08-21,HRHO,23953.0,5.66,135573.98,2016-07-17,18
2016-08-21,MCQE,4395.0,29.82,131058.9,2016-08-18,1
2016-08-25,AMOC,56348.0,2.55,143687.4,2016-07-17,19
2016-08-25,HRHO,23953.0,5.51,131981.03,2016-07-17,19
2016-08-25,MCQE,4395.0,29.68,130443.6,2016-08-18,2
2016-09-01,AMOC,56348.0,2.55,143687.4,2016-07-17,20
2016-09-01,HRHO,23953.0,5.63,134855.38999999998,2016-07-17,20
2016-09-04,HRHO,23953.0,5.76,137969.28,2016-07-17,21
2016-09-05,HRHO,23953.0,5.78,138448.34,2016-07-17,22
2016-09-05,VLMR,195874.0,0.69,135153.06,2016-09-05,0
2016-09-05,COMI,7073.0,19.75,139691.75,2016-09-05,0
2016-09-07,HRHO,23953.0,5.54,132699.62,2016-07-17,23
2016-09-07,COMI,7073.0,19.65,138984.44999999998,2016-09-05,1
2016-09-07,HELI,29047.0,4.55,132163.85,2016-09-07,0
2016-09-08,HRHO,23953.0,5.49,131501.97,2016-07-17,24
2016-09-08,COMI,7073.0,19.8,140045.4,2016-09-05,2
2016-09-08,HELI,29047.0,4.51,131001.96999999999,2016-09-07,1
2016-09-18,HRHO,23953.0,5.44,130304.32,2016-07-17,25
2016-09-18,COMI,7073.0,19.12,135235.76,2016-09-05,3
2016-09-18,HELI,29047.0,4.31,125192.56999999999,2016-09-07,2
2016-09-20,HRHO,23953.0,5.54,132699.62,2016-07-17,26
2016-09-25,HRHO,23953.0,5.46,130783.38,2016-07-17,27
2016-10-03,HRHO,23953.0,5.78,138448.34,2016-07-17,28
2016-10-03,AMOC,50780.0,2.69,136598.2,2016-10-03,0
2016-10-04,HRHO,23953.0,5.95,142520.35,2016-07-17,29
2016-10-04,AMOC,50780.0,2.69,136598.2,2016-10-03,1
2016-10-04,COMI,6839.0,20.05,137121.95,2016-10-04,0
2016-10-05,HRHO,23953.0,6.11,146352.83000000002,2016-07-17,30
2016-10-05,AMOC,50780.0,2.73,138629.4,2016-10-03,2
2016-10-05,COMI,6839.0,20.71,141635.69,2016-10-04,1
2016-10-09,HRHO,23953.0,6.18,148029.53999999998,2016-07-17,31
2016-10-09,AMOC,50780.0,2.79,141676.2,2016-10-03,3
2016-10-09,COMI,6839.0,21.11,144371.29,2016-10-04,2
2016-10-11,HRHO,23953.0,5.98,143238.94,2016-07-17,32
2016-10-11,AMOC,50780.0,2.77,140660.6,2016-10-03,4
2016-10-11,COMI,6839.0,20.83,142456.37,2016-10-04,3
2016-10-12,HRHO,23953.0,6.02,144197.06,2016-07-17,33
2016-10-12,AMOC,50780.0,2.77,140660.6,2016-10-03,5
2016-10-12,COMI,6839.0,20.45,139857.55,2016-10-04,4
2016-10-13,HRHO,23953.0,6.32,151382.96000000002,2016-07-17,34
2016-10-13,AMOC,50780.0,2.75,139645.0,2016-10-03,6
2016-10-13,COMI,6839.0,21.24,145260.36,2016-10-04,5
2016-10-16,AMOC,50780.0,2.77,140660.6,2016-10-03,7
2016-10-16,COMI,6839.0,20.97,143413.83,2016-10-04,6
2016-10-17,AMOC,50780.0,2.41,122379.8,2016-10-03,8
2016-10-17,COMI,6839.0,20.59,140815.01,2016-10-04,7
2016-10-18,COMI,6839.0,20.75,141909.25,2016-10-04,8
2016-10-23,COMI,6839.0,20.75,141909.25,2016-10-04,9
2016-10-24,COMI,6839.0,20.67,141362.13,2016-10-04,10
2016-10-26,COMI,6839.0,20.54,140473.06,2016-10-04,11
2016-10-27,COMI,6839.0,20.69,141498.91,2016-10-04,12
2016-11-02,COMI,6839.0,20.81,142319.59,2016-10-04,13
2016-11-03,COMI,6839.0,22.0,150458.0,2016-10-04,14
2016-11-03,ORWE,21359.0,6.13,130930.67,2016-11-03,0
2016-11-06,EGAL,38462.0,3.47,133463.14,2016-11-06,0
2016-11-08,EAST,38293.0,3.95,151257.35,2016-11-08,0
2016-11-09,EAST,38293.0,4.31,165042.83,2016-11-08,1
2016-11-10,ORAS,1627.0,94.11,153116.97,2016-11-10,0
2016-11-10,EAST,34023.0,4.74,161269.02000000002,2016-11-10,0
2016-11-13,ORAS,1627.0,93.8,152612.6,2016-11-10,1
2016-11-13,EAST,34023.0,4.71,160248.33,2016-11-10,1
2016-11-13,EGAL,39958.0,3.75,149842.5,2016-11-13,0
2016-11-14,ORAS,1627.0,91.53,148919.31,2016-11-10,2
2016-11-14,EAST,34023.0,4.64,157866.72,2016-11-10,2
2016-11-14,EGAL,39958.0,3.61,144248.38,2016-11-13,1
2016-11-15,ORAS,1627.0,91.14,148284.78,2016-11-10,3
2016-11-15,EAST,34023.0,4.54,154464.42,2016-11-10,3
2016-11-15,EGAL,39958.0,3.71,148244.18,2016-11-13,2
2016-11-16,ORAS,1627.0,92.36,150269.72,2016-11-10,4
2016-11-16,EAST,34023.0,4.54,154464.42,2016-11-10,4
2016-11-16,EGAL,39958.0,3.72,148643.76,2016-11-13,3
2016-11-17,ORAS,1627.0,94.98,154532.46000000002,2016-11-10,5
2016-11-17,EAST,34023.0,4.62,157186.26,2016-11-10,5
2016-11-17,EGAL,39958.0,3.79,151440.82,2016-11-13,4
2016-11-20,ORAS,1627.0,92.51,150513.77000000002,2016-11-10,6
2016-11-20,EAST,34023.0,4.62,157186.26,2016-11-10,6
2016-11-20,EGAL,39958.0,3.94,157434.52,2016-11-13,5
2016-11-21,ORAS,1627.0,95.86,155964.22,2016-11-10,7
2016-11-21,EAST,34023.0,4.69,159567.87000000002,2016-11-10,7
2016-11-21,EGAL,39958.0,4.01,160231.58,2016-11-13,6
2016-11-22,ORAS,1627.0,99.6,162049.19999999998,2016-11-10,8
2016-11-22,EAST,34023.0,4.72,160588.56,2016-11-10,8
2016-11-22,EGAL,39958.0,4.15,165825.7,2016-11-13,7
2016-11-23,ORAS,1627.0,103.73,168768.71000000002,2016-11-10,9
2016-11-23,EAST,34023.0,4.76,161949.47999999998,2016-11-10,9
2016-11-23,EGAL,39958.0,4.32,172618.56,2016-11-13,8
2016-11-28,ORAS,1627.0,100.66,163773.82,2016-11-10,10
2016-11-28,EAST,34023.0,4.76,161949.47999999998,2016-11-10,10
2016-11-28,EGAL,39958.0,4.05,161829.9,2016-11-13,9
2016-11-29,ORAS,1627.0,100.35,163269.44999999998,2016-11-10,11
2016-11-29,EAST,34023.0,4.76,161949.47999999998,2016-11-10,11
2016-11-29,EGAL,39958.0,4.07,162629.06,2016-11-13,10
2016-12-01,ORAS,1627.0,102.95,167499.65,2016-11-10,12
2016-12-01,EAST,34023.0,4.76,161949.47999999998,2016-11-10,12
2016-12-01,EGAL,39958.0,4.22,168622.75999999998,2016-11-13,11
2016-12-05,ORAS,1627.0,101.88,165758.75999999998,2016-11-10,13
2016-12-05,EAST,34023.0,4.65,158206.95,2016-11-10,13
2016-12-05,EGAL,39958.0,4.15,165825.7,2016-11-13,12
2016-12-06,ORAS,1627.0,103.53,168443.31,2016-11-10,14
2016-12-06,EAST,34023.0,4.71,160248.33,2016-11-10,14
2016-12-06,EGAL,39958.0,4.09,163428.22,2016-11-13,13
2016-12-07,ORAS,1627.0,101.63,165352.00999999998,2016-11-10,15
2016-12-07,EAST,34023.0,4.65,158206.95,2016-11-10,15
2016-12-07,EGAL,39958.0,4.03,161030.74000000002,2016-11-13,14
2016-12-13,ORAS,1627.0,102.21,166295.66999999998,2016-11-10,16
2016-12-13,EAST,34023.0,4.6,156505.8,2016-11-10,16
2016-12-13,EGAL,39958.0,4.07,162629.06,2016-11-13,15
2016-12-15,ORAS,1627.0,102.51,166783.77000000002,2016-11-10,17
2016-12-15,EAST,34023.0,4.62,157186.26,2016-11-10,17
2016-12-15,EGAL,39958.0,3.87,154637.46,2016-11-13,16
2016-12-18,ORAS,1627.0,100.05,162781.35,2016-11-10,18
2016-12-18,EAST,34023.0,4.62,157186.26,2016-11-10,18
2016-12-18,EGAL,39958.0,3.89,155436.62,2016-11-13,17
2016-12-19,ORAS,1627.0,102.74,167157.97999999998,2016-11-10,19
2016-12-19,EAST,34023.0,4.62,157186.26,2016-11-10,19
2016-12-19,EGAL,39958.0,3.99,159432.42,2016-11-13,18
2016-12-20,ORAS,1627.0,103.89,169029.03,2016-11-10,20
2016-12-20,EAST,34023.0,4.62,157186.26,2016-11-10,20
2016-12-20,EGAL,39958.0,4.15,165825.7,2016-11-13,19
2016-12-21,ORAS,1627.0,103.23,167955.21000000002,2016-11-10,21
2016-12-21,EAST,34023.0,4.62,157186.26,2016-11-10,21
2016-12-21,EGAL,39958.0,4.13,165026.54,2016-11-13,20
2016-12-22,ORAS,1627.0,106.7,173600.9,2016-11-10,22
2016-12-22,EAST,34023.0,4.62,157186.26,2016-11-10,22
2016-12-22,EGAL,39958.0,4.07,162629.06,2016-11-13,21
2016-12-28,EAST,34023.0,4.56,155144.87999999998,2016-11-10,23
2016-12-28,EGAL,39958.0,4.17,166624.86,2016-11-13,22
2016-12-28,HRHO,16905.0,10.85,183419.25,2016-12-28,0
2016-12-29,EAST,34023.0,4.59,156165.57,2016-11-10,24
2016-12-29,EGAL,39958.0,4.16,166225.28,2016-11-13,23
2016-12-29,HRHO,16905.0,11.34,191702.7,2016-12-28,1
2017-01-02,EAST,34023.0,4.58,155825.34,2016-11-10,25
2017-01-02,EGAL,39958.0,4.16,166225.28,2016-11-13,24
2017-01-02,HRHO,16905.0,11.54,195083.69999999998,2016-12-28,2
2017-01-03,EAST,34023.0,4.62,157186.26,2016-11-10,26
2017-01-03,EGAL,39958.0,4.16,166225.28,2016-11-13,24
2017-01-03,HRHO,16905.0,11.46,193731.30000000002,2016-12-28,3
2017-01-04,EAST,34023.0,4.62,157186.26,2016-11-10,27
2017-01-04,EGAL,39958.0,4.16,166225.28,2016-11-13,25
2017-01-04,HRHO,16905.0,11.74,198464.7,2016-12-28,4
2017-01-05,EAST,34023.0,4.62,157186.26,2016-11-10,28
2017-01-05,EGAL,39958.0,4.25,169821.5,2016-11-13,25
2017-01-05,HRHO,16905.0,12.5,211312.5,2016-12-28,5
2017-01-08,EAST,34023.0,4.63,157526.49,2016-11-10,29
2017-01-08,EGAL,39958.0,4.25,169821.5,2016-11-13,26
2017-01-08,TMGH,24101.0,9.38,226067.38,2017-01-08,0
2017-01-09,EAST,34023.0,4.62,157186.26,2016-11-10,30
2017-01-09,EGAL,39958.0,4.25,169821.5,2016-11-13,27
2017-01-09,TMGH,24101.0,9.24,222693.24,2017-01-08,1
2017-01-10,EAST,34023.0,4.82,163990.86000000002,2016-11-10,31
2017-01-10,EGAL,39958.0,4.25,169821.5,2016-11-13,28
2017-01-10,TMGH,24101.0,9.29,223898.28999999998,2017-01-08,2
2017-01-15,EAST,34023.0,5.1,173517.3,2016-11-10,32
2017-01-15,EGAL,39958.0,4.05,161829.9,2016-11-13,29
2017-01-15,TMGH,24101.0,9.71,234020.71000000002,2017-01-08,3
2017-01-18,EGAL,39958.0,4.23,169022.34000000003,2016-11-13,30
2017-01-18,TMGH,24101.0,9.85,237394.85,2017-01-08,4
2017-01-26,EGAL,39958.0,4.23,169022.34000000003,2016-11-13,31
2017-01-26,TMGH,24101.0,9.28,223657.28,2017-01-08,5
2017-01-29,EGAL,39958.0,4.39,175415.62,2016-11-13,32
2017-01-29,TMGH,24101.0,9.21,221970.21000000002,2017-01-08,6
2017-01-29,ORWE,15444.0,11.63,179613.72,2017-01-29,0
2017-01-31,EGAL,39958.0,5.29,211377.82,2016-11-13,33
2017-01-31,TMGH,24101.0,8.51,205099.51,2017-01-08,7
2017-01-31,ORWE,15444.0,11.39,175907.16,2017-01-29,1
2017-02-07,ORWE,15444.0,12.73,196602.12,2017-01-29,2
2017-02-09,ORWE,15444.0,12.34,190578.96,2017-01-29,3
2017-02-21,ORWE,15444.0,11.77,181775.88,2017-01-29,4
2017-02-21,ADIB,36926.0,5.43,200508.18,2017-02-21,0
2017-02-23,ORWE,15444.0,11.67,180231.48,2017-01-29,5
2017-02-23,ADIB,36926.0,5.1,188322.59999999998,2017-02-21,1
2017-02-23,AMOC,28795.0,6.93,199549.35,2017-02-23,0
2017-03-01,ORWE,15444.0,11.25,173745.0,2017-01-29,6
2017-03-01,AMOC,28837.0,6.47,186575.38999999998,2017-03-01,0
2017-03-06,ORWE,15444.0,11.74,181312.56,2017-01-29,7
2017-03-06,AMOC,28837.0,6.49,187152.13,2017-03-01,1
2017-03-06,RAYA,1028529.0,0.19,195420.51,2017-03-06,0
2017-03-07,ORWE,15444.0,12.04,185945.75999999998,2017-01-29,8
2017-03-07,AMOC,28837.0,6.6,190324.19999999998,2017-03-01,2
2017-03-07,RAYA,1023373.0,0.18,184207.13999999998,2017-03-07,0
2017-03-09,ORWE,15444.0,12.35,190733.4,2017-01-29,9
2017-03-09,AMOC,28837.0,7.12,205319.44,2017-03-01,3
2017-03-09,RAYA,1018241.0,0.18,183283.38,2017-03-09,0
2017-03-12,ORWE,15444.0,12.01,185482.44,2017-01-29,10
2017-03-12,AMOC,28837.0,6.93,199840.41,2017-03-01,4
2017-03-12,RAYA,1018241.0,0.19,193465.79,2017-03-09,1
2017-03-19,ORWE,15444.0,12.62,194903.28,2017-01-29,11
2017-03-19,AMOC,28837.0,7.23,208491.51,2017-03-01,5
2017-03-19,RAYA,1018241.0,0.21,213830.61,2017-03-09,2
2017-03-20,ORWE,15444.0,12.14,187490.16,2017-01-29,12
2017-03-20,AMOC,28837.0,7.29,210221.73,2017-03-01,6
2017-03-20,RAYA,1018241.0,0.22,224013.02,2017-03-09,3
2017-03-21,ORWE,15444.0,12.58,194285.52,2017-01-29,13
2017-03-21,AMOC,28837.0,7.23,208491.51,2017-03-01,7
2017-03-21,RAYA,1018241.0,0.22,224013.02,2017-03-09,4
2017-03-22,ORWE,15444.0,12.45,192277.8,2017-01-29,14
2017-03-22,AMOC,28837.0,7.11,205031.07,2017-03-01,8
2017-03-22,RAYA,1018241.0,0.22,224013.02,2017-03-09,5
2017-03-23,ORWE,15444.0,12.65,195366.6,2017-01-29,15
2017-03-23,AMOC,28837.0,7.09,204454.33,2017-03-01,9
2017-03-23,RAYA,1018241.0,0.22,224013.02,2017-03-09,6
2017-03-26,ORWE,15444.0,12.83,198146.52,2017-01-29,16
2017-03-26,AMOC,28837.0,7.05,203300.85,2017-03-01,10
2017-03-26,RAYA,1018241.0,0.22,224013.02,2017-03-09,7
2017-03-28,ORWE,15444.0,12.19,188262.36,2017-01-29,17
2017-03-28,AMOC,28837.0,6.85,197533.44999999998,2017-03-01,11
2017-03-28,RAYA,1018241.0,0.23,234195.43000000002,2017-03-09,8
2017-04-05,ORWE,15444.0,12.95,199999.8,2017-01-29,18
2017-04-05,AMOC,28837.0,6.97,200993.88999999998,2017-03-01,12
2017-04-05,EAST,49851.0,7.08,352945.08,2017-04-05,0
2017-04-06,ORWE,15444.0,12.85,198455.4,2017-01-29,19
2017-04-06,AMOC,28837.0,7.11,205031.07,2017-03-01,13
2017-04-09,ORWE,15444.0,12.87,198764.28,2017-01-29,20
2017-04-09,AMOC,28837.0,7.17,206761.29,2017-03-01,14
2017-04-10,ORWE,15444.0,12.76,197065.44,2017-01-29,21
2017-04-10,AMOC,28837.0,7.05,203300.85,2017-03-01,15
2017-04-12,ORWE,15444.0,13.17,203397.48,2017-01-29,22
2017-04-12,AMOC,28837.0,7.15,206184.55000000002,2017-03-01,16
2017-04-13,ORWE,15444.0,13.16,203243.04,2017-01-29,23
2017-04-13,AMOC,28837.0,7.0,201859.0,2017-03-01,17
2017-05-02,ORWE,15444.0,12.3,189961.2,2017-01-29,24
2017-05-02,AMOC,28837.0,6.09,175617.33,2017-03-01,18
2017-05-07,ORWE,15444.0,12.66,195521.04,2017-01-29,25
2017-05-07,AMOC,28837.0,6.15,177347.55000000002,2017-03-01,19
2017-05-07,EGAL,31323.0,12.65,396235.95,2017-05-07,0
2017-05-08,ORWE,15444.0,12.69,195984.36,2017-01-29,26
2017-05-08,AMOC,28837.0,6.23,179654.51,2017-03-01,20
2017-05-08,EGAL,31323.0,12.53,392477.19,2017-05-07,1
2017-05-09,ORWE,15444.0,12.65,195366.6,2017-01-29,27
2017-05-09,AMOC,28837.0,6.37,183691.69,2017-03-01,21
2017-05-09,EGAL,31323.0,12.37,387465.50999999995,2017-05-07,2
2017-05-11,ORWE,15444.0,12.66,195521.04,2017-01-29,28
2017-05-11,AMOC,28837.0,6.31,181961.47,2017-03-01,22
2017-05-11,EGAL,31323.0,11.73,367418.79000000004,2017-05-07,3
2017-05-16,ORWE,15444.0,12.86,198609.84,2017-01-29,29
2017-05-16,AMOC,28837.0,6.23,179654.51,2017-03-01,23
2017-05-16,EGAL,31323.0,11.56,362093.88,2017-05-07,4
2017-05-24,ORWE,15444.0,13.19,203706.36,2017-01-29,30
2017-05-24,EGAL,31323.0,11.76,368358.48,2017-05-07,5
2017-05-31,ORWE,15444.0,12.53,193513.31999999998,2017-01-29,31
2017-05-31,EGAL,31323.0,11.51,360527.73,2017-05-07,6
2017-06-01,ORWE,15444.0,12.53,193513.31999999998,2017-01-29,32
2017-06-01,EGAL,31323.0,11.6,363346.8,2017-05-07,7
2017-06-05,ORWE,15444.0,12.51,193204.44,2017-01-29,33
2017-06-05,EGAL,31323.0,11.87,371804.00999999995,2017-05-07,8
2017-06-06,ORWE,15444.0,12.51,193204.44,2017-01-29,34
2017-06-06,EGAL,31323.0,11.71,366792.33,2017-05-07,9
2017-06-08,ORWE,15444.0,12.65,195366.6,2017-01-29,35
2017-06-08,EGAL,31323.0,11.69,366165.87,2017-05-07,10
2017-06-21,ORWE,15444.0,12.26,189343.44,2017-01-29,36
2017-06-21,EGAL,31323.0,12.13,379947.99000000005,2017-05-07,11
2017-06-21,ADIB,26086.0,7.02,183123.72,2017-06-21,0
2017-06-22,EGAL,31323.0,12.15,380574.45,2017-05-07,12
2017-06-22,ADIB,26086.0,6.94,181036.84,2017-06-21,1
2017-06-22,ORHD,80856.0,2.37,191628.72,2017-06-22,0
2017-07-09,EGAL,31323.0,20.11,629905.53,2017-05-07,13
2017-07-09,ORHD,80856.0,2.38,192437.28,2017-06-22,1
2017-07-10,ORHD,80856.0,2.41,194862.96000000002,2017-06-22,2
2017-07-10,EAST,42819.0,9.58,410206.02,2017-07-10,0
2017-07-17,ORHD,80856.0,2.35,190011.6,2017-06-22,3
2017-07-17,EAST,42819.0,9.91,424336.29,2017-07-10,1
2017-07-19,ORHD,80856.0,2.24,181117.44000000003,2017-06-22,4
2017-07-19,EAST,42819.0,10.01,428618.19,2017-07-10,2
2017-07-19,RAYA,1324653.0,0.32,423888.96,2017-07-19,0
2017-07-30,EAST,42819.0,10.24,438466.56,2017-07-10,3
2017-07-30,RAYA,1324653.0,0.31,410642.43,2017-07-19,1
2017-08-14,EAST,42819.0,9.42,403354.98,2017-07-10,4
2017-08-14,RAYA,1324653.0,0.33,437135.49000000005,2017-07-19,2
2017-08-14,BFTH,42375.0,4.58,194077.5,2017-08-14,0
2017-08-15,EAST,42819.0,9.36,400785.83999999997,2017-07-10,5
2017-08-15,RAYA,1324653.0,0.32,423888.96,2017-07-19,3
2017-08-21,RAYA,1324653.0,0.27,357656.31,2017-07-19,4
2017-08-30,EGAL,10133.0,32.87,333071.70999999996,2017-08-30,0
2017-09-07,EGAL,10133.0,31.95,323749.35,2017-08-30,1
2017-09-12,EGAL,10133.0,35.65,361241.45,2017-08-30,2
2017-09-18,EGAL,10133.0,38.59,391032.47000000003,2017-08-30,3
2017-09-19,EGAL,10133.0,40.15,406839.95,2017-08-30,4
2017-09-28,ETEL,29094.0,12.95,376767.3,2017-09-28,0
2017-10-02,ETEL,29094.0,12.96,377058.24000000005,2017-09-28,1
2017-10-09,ETEL,29094.0,13.48,392187.12,2017-09-28,2
2017-10-11,ETEL,29094.0,13.12,381713.27999999997,2017-09-28,3
2017-10-11,CCAP,266660.0,1.39,370657.39999999997,2017-10-11,0
2017-10-11,BFTH,85429.0,4.36,372470.44,2017-10-11,0
2017-10-22,ETEL,29094.0,12.7,369493.8,2017-09-28,4
2017-10-22,CCAP,266660.0,1.3,346658.0,2017-10-11,1
2017-10-22,BFTH,85429.0,4.42,377596.18,2017-10-11,1
2017-10-23,ETEL,29094.0,13.09,380840.46,2017-09-28,5
2017-10-23,BFTH,85429.0,4.5,384430.5,2017-10-11,2
2017-10-23,ORHD,94759.0,3.66,346817.94,2017-10-23,0
2017-11-09,ETEL,29094.0,13.59,395387.46,2017-09-28,6
2017-11-09,BFTH,85429.0,4.2,358801.8,2017-10-11,3
2017-11-09,ORHD,94759.0,3.94,373350.46,2017-10-23,1
2017-11-14,ETEL,29094.0,13.5,392769.0,2017-09-28,7
2017-11-14,ORHD,94759.0,3.81,361031.79,2017-10-23,2
2017-11-22,ETEL,29094.0,12.35,359310.89999999997,2017-09-28,8
2017-11-22,ORHD,94759.0,3.95,374298.05,2017-10-23,3
2017-11-22,VLMR,290068.0,1.28,371287.04,2017-11-22,0
2017-11-23,ETEL,29094.0,12.91,375603.54,2017-09-28,9
2017-11-23,ORHD,94759.0,3.95,374298.05,2017-10-23,4
2017-11-23,VLMR,290068.0,1.32,382889.76,2017-11-22,1
2017-11-28,ETEL,29094.0,13.51,393059.94,2017-09-28,10
2017-11-28,ORHD,94759.0,3.78,358189.01999999996,2017-10-23,5
2017-11-28,VLMR,290068.0,1.31,379989.08,2017-11-22,2
2017-12-03,ETEL,29094.0,13.46,391605.24000000005,2017-09-28,11
2017-12-03,ORHD,94759.0,3.8,360084.2,2017-10-23,6
2017-12-03,VLMR,290068.0,1.29,374187.72000000003,2017-11-22,3
2017-12-06,ETEL,29094.0,13.44,391023.36,2017-09-28,12
2017-12-06,ORHD,94759.0,3.88,367664.92,2017-10-23,7
2017-12-06,VLMR,290068.0,1.26,365485.68,2017-11-22,4
2017-12-11,ETEL,29094.0,13.42,390441.48,2017-09-28,13
2017-12-11,ORHD,94759.0,4.28,405568.52,2017-10-23,8
2017-12-11,VLMR,290068.0,1.26,365485.68,2017-11-22,5
2017-12-12,ETEL,29094.0,13.59,395387.46,2017-09-28,14
2017-12-12,ORHD,94759.0,4.29,406516.11,2017-10-23,9
2017-12-12,VLMR,290068.0,1.31,379989.08,2017-11-22,6
2017-12-13,ETEL,29094.0,13.84,402660.96,2017-09-28,15
2017-12-13,ORHD,94759.0,4.43,419782.37,2017-10-23,10
2017-12-13,VLMR,290068.0,1.31,379989.08,2017-11-22,7
2017-12-14,ETEL,29094.0,13.68,398005.92,2017-09-28,16
2017-12-14,VLMR,290068.0,1.31,379989.08,2017-11-22,8
2017-12-17,ETEL,29094.0,13.79,401206.25999999995,2017-09-28,17
2017-12-17,VLMR,290068.0,1.31,379989.08,2017-11-22,9
2017-12-17,EGCH,63925.0,6.69,427658.25,2017-12-17,0
2017-12-24,ETEL,29094.0,13.32,387532.08,2017-09-28,18
2017-12-24,VLMR,290068.0,1.29,374187.72000000003,2017-11-22,10
2017-12-24,EGCH,63925.0,6.41,409759.25,2017-12-17,1
2017-12-25,ETEL,29094.0,13.89,404115.66000000003,2017-09-28,19
2017-12-25,VLMR,290068.0,1.29,374187.72000000003,2017-11-22,11
2017-12-26,ETEL,29094.0,13.81,401788.14,2017-09-28,20
2017-12-26,VLMR,290068.0,1.29,374187.72000000003,2017-11-22,12
2017-12-26,ORHD,93084.0,4.55,423532.2,2017-12-26,0
2018-01-02,ETEL,29094.0,13.43,390732.42,2017-09-28,21
2018-01-02,VLMR,290068.0,1.35,391591.80000000005,2017-11-22,13
2018-01-02,ORHD,93084.0,4.74,441218.16000000003,2017-12-26,1
2018-01-04,ETEL,29094.0,13.23,384913.62,2017-09-28,22
2018-01-04,ORHD,93084.0,4.71,438425.64,2017-12-26,2
2018-01-08,ETEL,29094.0,13.2,384040.8,2017-09-28,23
2018-01-08,ORHD,93084.0,4.8,446803.2,2017-12-26,3
2018-01-08,JUFO,37173.0,10.97,407787.81,2018-01-08,0
2018-01-09,ETEL,29094.0,13.28,386368.32,2017-09-28,24
2018-01-09,ORHD,93084.0,4.61,429117.24000000005,2017-12-26,4
2018-01-09,JUFO,37173.0,11.25,418196.25,2018-01-08,1
2018-01-14,ETEL,29094.0,13.5,392769.0,2017-09-28,25
2018-01-14,ORHD,93084.0,4.98,463558.32000000007,2017-12-26,5
2018-01-14,JUFO,37173.0,12.0,446076.0,2018-01-08,2
2018-01-15,ETEL,29094.0,13.57,394805.58,2017-09-28,26
2018-01-15,ORHD,93084.0,4.93,458904.12,2017-12-26,6
2018-01-15,JUFO,37173.0,12.0,446076.0,2018-01-08,3
2018-01-17,ETEL,29094.0,13.37,388986.77999999997,2017-09-28,27
2018-01-17,ORHD,93084.0,5.04,469143.36,2017-12-26,7
2018-01-17,JUFO,37173.0,12.0,446076.0,2018-01-08,4
2018-01-21,ETEL,29094.0,13.33,387823.02,2017-09-28,28
2018-01-21,ORHD,93084.0,5.37,499861.08,2017-12-26,8
2018-01-21,JUFO,37173.0,12.0,446076.0,2018-01-08,5
2018-01-22,ETEL,29094.0,13.4,389859.60000000003,2017-09-28,29
2018-01-22,JUFO,37173.0,11.9,442358.7,2018-01-08,6
2018-01-22,ORAS,3410.0,144.91,494143.1,2018-01-22,0
2018-01-23,ETEL,29094.0,13.39,389568.66000000003,2017-09-28,30
2018-01-23,JUFO,37173.0,11.31,420426.63,2018-01-08,7
2018-01-23,ORAS,3410.0,144.63,493188.3,2018-01-22,1
2018-01-28,ETEL,29094.0,13.36,388695.83999999997,2017-09-28,31
2018-01-28,JUFO,37173.0,11.0,408903.0,2018-01-08,8
2018-01-28,ORAS,3410.0,146.64,500042.39999999997,2018-01-22,2
2018-02-06,ETEL,29094.0,13.03,379094.82,2017-09-28,32
2018-02-06,JUFO,37173.0,10.89,404813.97000000003,2018-01-08,9
2018-02-06,ORAS,3410.0,151.63,517058.3,2018-01-22,3
2018-02-15,JUFO,37173.0,11.25,418196.25,2018-01-08,10
2018-02-15,ORAS,3410.0,148.32,505771.19999999995,2018-01-22,4
2018-02-18,JUFO,37173.0,11.25,418196.25,2018-01-08,11
2018-02-18,ORAS,3410.0,148.91,507783.1,2018-01-22,5
2018-02-21,JUFO,37173.0,11.38,423028.74000000005,2018-01-08,12
2018-02-21,ORAS,3410.0,144.98,494381.8,2018-01-22,6
2018-02-21,ABUK,10869.0,31.95,347264.55,2018-02-21,0
2018-02-22,JUFO,37173.0,11.56,429719.88,2018-01-08,13
2018-02-22,ORAS,3410.0,146.74,500383.4,2018-01-22,7
2018-02-22,EAST,20942.0,16.38,343029.95999999996,2018-02-22,0
2018-02-26,JUFO,37173.0,11.53,428604.69,2018-01-08,14
2018-02-26,ORAS,3410.0,146.29,498848.89999999997,2018-01-22,8
2018-02-26,EAST,20942.0,17.4,364390.8,2018-02-22,1
2018-03-04,JUFO,37173.0,11.36,422285.27999999997,2018-01-08,15
2018-03-04,ORAS,3410.0,146.45,499394.49999999994,2018-01-22,9
2018-03-04,EAST,20942.0,18.17,380516.14,2018-02-22,2
2018-03-05,JUFO,37173.0,11.48,426746.04000000004,2018-01-08,16
2018-03-05,ORAS,3410.0,145.77,497075.7,2018-01-22,10
2018-03-05,EAST,20942.0,18.47,386798.74,2018-02-22,3
2018-03-06,JUFO,37173.0,11.05,410761.65,2018-01-08,17
2018-03-06,ORAS,3410.0,147.75,503827.5,2018-01-22,11
2018-03-06,HELI,30703.0,13.17,404358.51,2018-03-06,0
2018-03-07,JUFO,37173.0,10.89,404813.97000000003,2018-01-08,18
2018-03-07,ORAS,3410.0,153.88,524730.7999999999,2018-01-22,12
2018-03-07,HELI,30703.0,12.94,397296.82,2018-03-06,1
2018-03-08,JUFO,37173.0,11.26,418567.98,2018-01-08,19
2018-03-08,ORAS,3410.0,152.05,518490.50000000006,2018-01-22,13
2018-03-08,HELI,30703.0,12.75,391463.25,2018-03-06,2
2018-03-12,JUFO,37173.0,11.98,445332.54000000004,2018-01-08,20
2018-03-12,ORAS,3410.0,160.18,546213.8,2018-01-22,14
2018-03-12,HELI,30703.0,12.85,394533.55,2018-03-06,3
2018-03-13,JUFO,37173.0,12.11,450165.02999999997,2018-01-08,21
2018-03-13,HELI,30703.0,12.76,391770.27999999997,2018-03-06,4
2018-03-13,EFID,31163.0,17.63,549403.69,2018-03-13,0
2018-03-15,HELI,30703.0,12.16,373348.48,2018-03-06,5
2018-03-15,EFID,31163.0,17.64,549715.3200000001,2018-03-13,1
2018-03-27,EFID,31163.0,21.66,674990.58,2018-03-13,2
2018-04-26,EAST,24374.0,19.82,483092.68,2018-04-26,0
2018-04-26,ORHD,73755.0,6.53,481620.15,2018-04-26,0
2018-04-29,EAST,24374.0,19.85,483823.9,2018-04-26,1
2018-04-29,ORHD,73755.0,6.63,488995.64999999997,2018-04-26,1
2018-05-02,EAST,24374.0,20.32,495279.68,2018-04-26,2
2018-05-02,ORHD,73755.0,7.45,549474.75,2018-04-26,2
2018-05-02,PHDC,95786.0,5.01,479887.86,2018-05-02,0
2018-05-06,ORHD,73755.0,7.42,547262.1,2018-04-26,3
2018-05-13,ORHD,73755.0,6.5,479407.5,2018-04-26,4
2018-05-13,GBCO,76029.0,6.33,481263.57,2018-05-13,0
2018-05-16,ORHD,73755.0,6.28,463181.4,2018-04-26,5
2018-05-16,GBCO,76029.0,5.91,449331.39,2018-05-13,1
2018-05-16,CCAP,155320.0,3.06,475279.2,2018-05-16,0
2018-05-31,GBCO,76029.0,5.72,434885.88,2018-05-13,2
2018-05-31,CCAP,155320.0,2.85,442662.0,2018-05-16,1
2018-06-14,AMOC,38223.0,11.52,440328.95999999996,2018-06-14,0
2018-06-27,AMOC,38223.0,11.61,443769.02999999997,2018-06-14,1
2018-06-27,CCAP,139288.0,3.32,462436.16,2018-06-27,0
2018-06-28,AMOC,38223.0,11.72,447973.56,2018-06-14,2
2018-06-28,CCAP,139288.0,3.33,463829.04000000004,2018-06-27,1
2018-07-09,AMOC,38223.0,11.61,443769.02999999997,2018-06-14,3
2018-07-09,CCAP,139288.0,3.55,494472.39999999997,2018-06-27,2
2018-08-07,CCAP,139288.0,3.52,490293.76,2018-06-27,3
2018-08-07,ISPH,61317.0,7.1,435350.69999999995,2018-08-07,0
2018-08-29,CCAP,139288.0,3.5,487508.0,2018-06-27,4
2018-08-29,ISPH,61317.0,6.99,428605.83,2018-08-07,1
2018-08-29,RAYA,1501239.0,0.29,435359.31,2018-08-29,0
2018-09-04,CCAP,139288.0,3.3,459650.39999999997,2018-06-27,5
2018-09-04,ISPH,61317.0,6.94,425539.98000000004,2018-08-07,2
2018-09-23,CCAP,139288.0,2.74,381649.12000000005,2018-06-27,6
2018-12-23,ISPH,58625.0,6.63,388683.75,2018-12-23,0
2018-12-25,ISPH,59720.0,6.39,381610.8,2018-12-25,0
2019-01-06,ORHD,53298.0,7.28,388009.44,2019-01-06,0
2019-01-06,EGCH,68660.0,5.71,392048.6,2019-01-06,0
2019-01-06,ORWE,53298.0,7.39,393872.22,2019-01-06,0
2019-01-08,ORHD,53298.0,7.38,393339.24,2019-01-06,1
2019-01-08,EGCH,68660.0,5.9,405094.0,2019-01-06,1
2019-01-08,ISPH,58933.0,6.65,391904.45,2019-01-08,0
2019-02-05,ORHD,53298.0,7.44,396537.12,2019-01-06,2
2019-02-05,EGCH,68660.0,6.06,416079.6,2019-01-06,2
2019-02-05,ISPH,58933.0,7.39,435514.87,2019-01-08,1
2019-02-14,ORHD,53298.0,7.38,393339.24,2019-01-06,3
2019-02-14,EGCH,68660.0,6.11,419512.60000000003,2019-01-06,3
2019-02-14,ISPH,58933.0,6.79,400155.07,2019-01-08,2
2019-02-19,ORHD,53298.0,7.24,385877.52,2019-01-06,4
2019-02-19,EGCH,68660.0,6.06,416079.6,2019-01-06,4
2019-02-19,ISPH,58933.0,7.01,413120.33,2019-01-08,3
2019-02-21,ORHD,53298.0,7.09,377882.82,2019-01-06,5
2019-02-21,EGCH,68660.0,6.02,413333.19999999995,2019-01-06,5
2019-02-21,ISPH,58933.0,8.01,472053.33,2019-01-08,4
2019-02-28,EGCH,68660.0,5.95,408527.0,2019-01-06,6
2019-04-17,EGCH,68660.0,5.01,343986.6,2019-01-06,7
2019-04-17,VLMR,207180.0,2.15,445437.0,2019-04-17,0
2019-05-21,VLMR,207180.0,2.15,445437.0,2019-04-17,1
2019-05-21,EFID,18172.0,20.0,363440.0,2019-05-21,0
2019-07-09,VLMR,207180.0,2.05,424718.99999999994,2019-04-17,2
2019-07-09,EFID,18172.0,20.0,363440.0,2019-05-21,1
2019-07-11,EFID,18172.0,19.43,353081.96,2019-05-21,1
2019-07-11,COMI,10777.0,36.35,391743.95,2019-07-11,0
2019-09-02,ORHD,54698.0,7.33,400936.34,2019-09-02,0
2019-09-04,ORHD,54698.0,7.23,395466.54000000004,2019-09-02,1
2019-09-09,ORHD,54698.0,7.66,418986.68,2019-09-02,2
2019-09-17,ORHD,54698.0,7.51,410781.98,2019-09-02,3
2019-09-17,EGCH,76365.0,4.94,377243.10000000003,2019-09-17,0
2019-09-23,ORHD,54698.0,6.55,358271.89999999997,2019-09-02,4
2019-10-31,ORAS,3453.0,104.99,362530.47,2019-10-31,0
2019-10-31,AMOC,83986.0,4.48,376257.28,2019-10-31,0
2019-11-03,ORAS,3453.0,104.0,359112.0,2019-10-31,1
2019-11-03,AMOC,83986.0,4.72,396413.92,2019-10-31,1
2019-11-04,AMOC,83986.0,4.55,382136.3,2019-10-31,2
2019-11-04,ORAS,3526.0,108.0,380808.0,2019-11-04,0
2019-11-20,AMOC,83986.0,4.2,352741.2,2019-10-31,3
2019-11-20,ORAS,3526.0,103.57,365187.81999999995,2019-11-04,1
2019-11-21,ORAS,3526.0,103.89,366316.14,2019-11-04,2
2019-11-27,ORAS,3526.0,100.85,355597.1,2019-11-04,3
2020-02-12,ADIB,40482.0,8.87,359075.33999999997,2020-02-12,0
2020-02-16,ADIB,40482.0,9.03,365552.45999999996,2020-02-12,1
2020-02-18,ADIB,40482.0,8.87,359075.33999999997,2020-02-12,2
2020-02-23,ADIB,40482.0,8.79,355836.77999999997,2020-02-12,3
2020-02-24,ADIB,40482.0,8.61,348550.01999999996,2020-02-12,4
2020-06-04,FWRY,135702.0,2.72,369109.44,2020-06-04,0
2020-06-07,FWRY,135702.0,2.69,365038.38,2020-06-04,1
2020-06-07,BFTH,450137.0,0.85,382616.45,2020-06-07,0
2020-06-09,FWRY,135702.0,2.61,354182.22,2020-06-04,2
2020-06-09,BFTH,450137.0,0.81,364610.97000000003,2020-06-07,1
2020-06-17,BFTH,450137.0,0.8,360109.60000000003,2020-06-07,2
2020-06-18,BFTH,450137.0,0.8,360109.60000000003,2020-06-07,3
2020-06-18,FWRY,128737.0,2.91,374624.67000000004,2020-06-18,0
2020-06-21,BFTH,450137.0,0.84,378115.07999999996,2020-06-07,4
2020-06-21,FWRY,128737.0,2.98,383636.26,2020-06-18,1
2020-06-21,ISPH,58165.0,6.4,372256.0,2020-06-21,0
2020-06-22,BFTH,450137.0,0.87,391619.19,2020-06-07,5
2020-06-22,ISPH,58165.0,6.38,371092.7,2020-06-21,1
2020-06-22,FWRY,128094.0,3.13,400934.22,2020-06-22,0
2020-06-23,BFTH,450137.0,0.86,387117.82,2020-06-07,6
2020-06-23,ISPH,58165.0,6.37,370511.05,2020-06-21,2
2020-06-23,FWRY,128094.0,3.37,431676.78,2020-06-22,1
2020-06-29,BFTH,450137.0,0.87,391619.19,2020-06-07,7
2020-06-29,ISPH,58165.0,6.7,389705.5,2020-06-21,3
2020-06-29,FWRY,128094.0,3.43,439362.42000000004,2020-06-22,2
2020-07-06,BFTH,450137.0,1.03,463641.11,2020-06-07,8
2020-07-06,ISPH,58165.0,6.65,386797.25,2020-06-21,4
2020-07-08,ISPH,58165.0,6.52,379235.8,2020-06-21,5
2020-07-08,ORHD,115511.0,4.24,489766.64,2020-07-08,0
2020-07-08,MCQE,93659.0,5.29,495456.11,2020-07-08,0
2020-07-13,ISPH,58165.0,6.35,369347.75,2020-06-21,6
2020-07-13,ORHD,115511.0,4.24,489766.64,2020-07-08,1
2020-07-13,MCQE,93659.0,5.31,497329.29,2020-07-08,1
2020-07-16,ISPH,58165.0,6.16,358296.4,2020-06-21,7
2020-07-16,ORHD,115511.0,3.95,456268.45,2020-07-08,2
2020-07-16,MCQE,93659.0,4.82,451436.38,2020-07-08,2
2020-09-03,MCQE,65513.0,6.47,423869.11,2020-09-03,0
2020-09-03,HELI,68592.0,6.15,421840.80000000005,2020-09-03,0
2020-09-08,MCQE,65513.0,6.05,396353.64999999997,2020-09-03,1
2020-09-08,HELI,68592.0,5.89,404006.88,2020-09-03,1
2020-11-16,FWRY,57135.0,7.31,417656.85,2020-11-16,0
2020-11-16,ORWE,58824.0,7.31,430003.44,2020-11-16,0
2020-11-17,FWRY,57135.0,7.25,414228.75,2020-11-16,1
2020-11-17,ORWE,58824.0,7.44,437650.56,2020-11-16,1
2020-11-17,RAYA,972650.0,0.4,389060.0,2020-11-17,0
2020-11-18,FWRY,57135.0,7.25,414228.75,2020-11-16,2
2020-11-18,ORWE,58824.0,7.4,435297.60000000003,2020-11-16,2
2020-11-19,FWRY,57135.0,7.04,402230.4,2020-11-16,3
2020-11-19,ORWE,58824.0,7.64,449415.36,2020-11-16,3
2020-11-19,ETEL,30338.0,12.55,380741.9,2020-11-19,0
2020-11-22,ORWE,58824.0,7.56,444709.44,2020-11-16,4
2020-11-23,ORWE,58824.0,7.5,441180.0,2020-11-16,5
2020-11-24,ORWE,58824.0,7.49,440591.76,2020-11-16,6
2020-11-25,ORWE,58824.0,7.56,444709.44,2020-11-16,7
2020-11-26,ORWE,58824.0,7.5,441180.0,2020-11-16,8
2020-12-16,ORWE,58824.0,7.2,423532.8,2020-11-16,9
2020-12-20,ORWE,58824.0,7.02,412944.48,2020-11-16,10
2020-12-21,ORWE,58824.0,6.67,392356.08,2020-11-16,11
2020-12-21,GBCO,123286.0,3.04,374789.44,2020-12-21,0
2020-12-21,ORHD,79061.0,4.58,362099.38,2020-12-21,0
2021-01-04,GBCO,107798.0,3.54,381604.92,2021-01-04,0
2021-01-04,ORHD,79407.0,4.73,375595.11000000004,2021-01-04,0
2021-01-04,MCQE,56339.0,6.86,386485.54000000004,2021-01-04,0
2021-01-05,GBCO,107798.0,3.62,390228.76,2021-01-04,1
2021-01-05,ORHD,79407.0,4.75,377183.25,2021-01-04,1
2021-01-05,MCQE,56339.0,6.89,388175.70999999996,2021-01-04,1
2021-01-06,GBCO,107798.0,3.58,385916.84,2021-01-04,2
2021-01-06,ORHD,79407.0,4.73,375595.11000000004,2021-01-04,2
2021-01-06,MCQE,56339.0,6.86,386485.54000000004,2021-01-04,2
2021-01-10,GBCO,107798.0,3.66,394540.68,2021-01-04,3
2021-01-10,ORHD,79407.0,4.79,380359.53,2021-01-04,3
2021-01-10,MCQE,56339.0,7.04,396626.56,2021-01-04,3
2021-01-11,GBCO,107798.0,3.66,394540.68,2021-01-04,4
2021-01-11,ORHD,79407.0,4.9,389094.30000000005,2021-01-04,4
2021-01-11,MCQE,56339.0,7.33,412964.87,2021-01-04,4
2021-01-17,GBCO,107798.0,3.58,385916.84,2021-01-04,5
2021-01-17,ORHD,79407.0,4.86,385918.02,2021-01-04,5
2021-01-17,MCQE,56339.0,7.65,430993.35000000003,2021-01-04,5
2021-01-20,GBCO,107798.0,3.7,398852.60000000003,2021-01-04,6
2021-01-20,ORHD,79407.0,5.12,406563.84,2021-01-04,6
2021-01-20,MCQE,56339.0,8.43,474937.76999999996,2021-01-04,6
2021-01-21,GBCO,107798.0,3.69,397774.62,2021-01-04,7
2021-01-21,ORHD,79407.0,5.18,411328.25999999995,2021-01-04,7
2021-01-27,GBCO,107798.0,3.6,388072.8,2021-01-04,8
2021-01-27,ORHD,79407.0,5.31,421651.17,2021-01-04,8
2021-01-31,GBCO,107798.0,3.58,385916.84,2021-01-04,9
2021-01-31,ORHD,79407.0,5.19,412122.33,2021-01-04,9
2021-02-02,GBCO,107798.0,3.69,397774.62,2021-01-04,10
2021-02-02,ORHD,79407.0,5.23,415298.61000000004,2021-01-04,10
2021-02-03,GBCO,107798.0,3.68,396696.64,2021-01-04,11
2021-02-03,ORHD,79407.0,5.28,419268.96,2021-01-04,11
2021-02-07,GBCO,107798.0,3.82,411788.36,2021-01-04,12
2021-02-07,ORHD,79407.0,5.11,405769.77,2021-01-04,12
2021-02-08,GBCO,107798.0,3.85,415022.3,2021-01-04,13
2021-02-08,ORHD,79407.0,4.97,394652.79,2021-01-04,13
2021-02-09,GBCO,107798.0,3.8,409632.39999999997,2021-01-04,14
2021-02-09,ORHD,79407.0,4.99,396240.93,2021-01-04,14
2021-02-10,GBCO,107798.0,3.85,415022.3,2021-01-04,15
2021-02-10,ORHD,79407.0,5.0,397035.0,2021-01-04,15
2021-02-11,GBCO,107798.0,3.98,429036.04,2021-01-04,16
2021-02-11,ORHD,79407.0,4.95,393064.65,2021-01-04,16
2021-02-14,GBCO,107798.0,3.87,417178.26,2021-01-04,17
2021-02-14,ORHD,79407.0,4.91,389888.37,2021-01-04,17
2021-02-15,GBCO,107798.0,3.84,413944.32,2021-01-04,18
2021-02-15,ORHD,79407.0,4.9,389094.30000000005,2021-01-04,18
2021-02-16,GBCO,107798.0,3.86,416100.27999999997,2021-01-04,19
2021-02-16,ORHD,79407.0,4.86,385918.02,2021-01-04,19
2021-02-18,GBCO,107798.0,3.72,401008.56,2021-01-04,20
2021-02-18,ORHD,79407.0,4.88,387506.16,2021-01-04,20
2021-02-21,GBCO,107798.0,3.8,409632.39999999997,2021-01-04,21
2021-02-21,ORHD,79407.0,4.92,390682.44,2021-01-04,21
2021-02-22,GBCO,107798.0,3.81,410710.38,2021-01-04,22
2021-02-22,ORHD,79407.0,4.87,386712.09,2021-01-04,22
2021-02-23,GBCO,107798.0,3.68,396696.64,2021-01-04,23
2021-02-23,ORHD,79407.0,5.1,404975.69999999995,2021-01-04,23
2021-02-24,GBCO,107798.0,3.73,402086.54,2021-01-04,24
2021-02-24,ORHD,79407.0,5.23,415298.61000000004,2021-01-04,24
2021-02-25,GBCO,107798.0,3.81,410710.38,2021-01-04,25
2021-02-25,ORHD,79407.0,5.69,451825.83,2021-01-04,25
2021-02-28,GBCO,107798.0,3.88,418256.24,2021-01-04,26
2021-02-28,ORHD,79407.0,5.73,455002.11000000004,2021-01-04,26
2021-02-28,RAYA,342228.0,1.3,444896.4,2021-02-28,0
2021-03-01,GBCO,107798.0,3.99,430114.02,2021-01-04,27
2021-03-01,ORHD,79407.0,5.53,439120.71,2021-01-04,27
2021-03-02,GBCO,107798.0,3.95,425802.10000000003,2021-01-04,28
2021-03-02,ORHD,79407.0,5.79,459766.53,2021-01-04,28
2021-03-03,GBCO,107798.0,3.84,413944.32,2021-01-04,29
2021-03-03,ORHD,79407.0,5.6,444679.19999999995,2021-01-04,29
2021-03-03,PHDC,264706.0,1.7,450000.2,2021-03-03,0
2021-03-04,GBCO,107798.0,3.95,425802.10000000003,2021-01-04,30
2021-03-04,ORHD,79407.0,5.72,454208.04,2021-01-04,30
2021-03-07,GBCO,107798.0,4.01,432269.98,2021-01-04,31
2021-03-07,ORHD,79407.0,5.78,458972.46,2021-01-04,31
2021-03-07,PHDC,260321.0,1.72,447752.12,2021-03-07,0
2021-03-08,GBCO,107798.0,3.9,420412.2,2021-01-04,32
2021-03-08,ORHD,79407.0,5.67,450237.69,2021-01-04,32
2021-03-08,PHDC,260321.0,1.7,442545.7,2021-03-07,1
2021-03-15,GBCO,107798.0,4.07,438737.86000000004,2021-01-04,33
2021-03-15,ORHD,79407.0,5.88,466913.16,2021-01-04,33
2021-03-15,PHDC,260321.0,1.68,437339.27999999997,2021-03-07,2
2021-03-17,GBCO,107798.0,4.08,439815.84,2021-01-04,34
2021-03-22,GBCO,107798.0,3.7,398852.60000000003,2021-01-04,35
2021-03-23,GBCO,107798.0,3.8,409632.39999999997,2021-01-04,36
2021-03-24,GBCO,107798.0,3.87,417178.26,2021-01-04,37
2021-04-01,RAYA,333469.0,1.37,456852.53,2021-04-01,0
2021-04-04,RAYA,333469.0,1.49,496868.81,2021-04-01,1
2021-04-05,RAYA,333469.0,1.44,480195.36,2021-04-01,2
2021-04-06,RAYA,333469.0,1.53,510207.57,2021-04-01,3
2021-04-07,RAYA,333469.0,1.55,516876.95,2021-04-01,4
2021-04-08,RAYA,333469.0,1.57,523546.33,2021-04-01,5
2021-04-11,RAYA,333469.0,1.57,523546.33,2021-04-01,6
2021-04-13,RAYA,333469.0,1.41,470191.29,2021-04-01,7
2021-04-13,FWRY,40719.0,10.89,443429.91000000003,2021-04-13,0
2021-04-14,RAYA,333469.0,1.33,443513.77,2021-04-01,8
2021-04-14,FWRY,40719.0,11.47,467046.93000000005,2021-04-13,1
2021-04-15,RAYA,333469.0,1.33,443513.77,2021-04-01,9
2021-04-15,FWRY,40719.0,11.25,458088.75,2021-04-13,2
2021-04-18,RAYA,333469.0,1.3,433509.7,2021-04-01,10
2021-04-18,FWRY,40719.0,11.52,469082.88,2021-04-13,3
2021-04-19,RAYA,333469.0,1.39,463521.91,2021-04-01,11
2021-04-19,FWRY,40719.0,11.41,464603.79,2021-04-13,4
2021-04-21,RAYA,333469.0,1.46,486864.74,2021-04-01,12
2021-04-21,FWRY,40719.0,11.37,462975.02999999997,2021-04-13,5
2021-04-25,RAYA,333469.0,1.45,483530.05,2021-04-01,13
2021-04-25,FWRY,40719.0,11.15,454016.85000000003,2021-04-13,6
2021-04-26,RAYA,333469.0,1.51,503538.19,2021-04-01,14
2021-04-26,FWRY,40719.0,10.81,440172.39,2021-04-13,7
2021-04-26,ORHD,75763.0,5.79,438667.77,2021-04-26,0
2021-05-05,RAYA,333469.0,1.51,503538.19,2021-04-01,15
2021-05-05,FWRY,40719.0,10.83,440986.77,2021-04-13,8
2021-05-05,ORHD,75763.0,6.17,467457.71,2021-04-26,1
2021-05-06,RAYA,333469.0,1.49,496868.81,2021-04-01,16
2021-05-06,FWRY,40719.0,11.01,448316.19,2021-04-13,9
2021-05-06,ORHD,75763.0,6.0,454578.0,2021-04-26,2
2021-05-10,RAYA,333469.0,1.45,483530.05,2021-04-01,17
2021-05-10,FWRY,40719.0,11.31,460531.89,2021-04-13,10
2021-05-10,ORHD,75763.0,6.0,454578.0,2021-04-26,3
2021-05-17,RAYA,333469.0,1.48,493534.12,2021-04-01,18
2021-05-17,FWRY,40719.0,12.47,507765.93000000005,2021-04-13,11
2021-05-17,ORHD,75763.0,5.84,442455.92,2021-04-26,4
2021-05-19,RAYA,333469.0,1.74,580236.0599999999,2021-04-01,19
2021-05-19,ORHD,75763.0,5.82,440940.66000000003,2021-04-26,5
2021-05-19,FWRY,41319.0,12.77,527643.63,2021-05-19,0
2021-05-20,RAYA,333469.0,1.7,566897.2999999999,2021-04-01,20
2021-05-20,ORHD,75763.0,5.8,439425.39999999997,2021-04-26,6
2021-05-20,FWRY,41319.0,12.41,512768.79,2021-05-19,1
2021-05-23,RAYA,333469.0,1.82,606913.5800000001,2021-04-01,21
2021-05-23,ORHD,75763.0,5.83,441698.29,2021-04-26,7
2021-05-23,FWRY,41319.0,12.33,509463.27,2021-05-19,2
2021-05-24,ORHD,75763.0,5.81,440183.02999999997,2021-04-26,8
2021-05-24,FWRY,41319.0,12.17,502852.23,2021-05-19,3
2021-05-24,RAYA,331808.0,1.81,600572.48,2021-05-24,0
2021-05-25,ORHD,75763.0,5.79,438667.77,2021-04-26,9
2021-05-25,FWRY,41319.0,11.86,490043.33999999997,2021-05-19,4
2021-05-26,ORHD,75763.0,5.8,439425.39999999997,2021-04-26,10
2021-05-27,ORHD,75763.0,5.67,429576.21,2021-04-26,11
2021-05-30,ORHD,75763.0,5.74,434879.62,2021-04-26,12
2021-05-30,PHDC,326857.0,1.73,565462.61,2021-05-30,0
2021-05-31,ORHD,75763.0,5.69,431091.47000000003,2021-04-26,13
2021-05-31,PHDC,326857.0,1.72,562194.04,2021-05-30,1
2021-06-01,PHDC,326857.0,1.68,549119.76,2021-05-30,2
2021-06-02,PHDC,326857.0,1.66,542582.62,2021-05-30,3
2021-06-02,EGAL,30311.0,16.34,495281.74,2021-06-02,0
2021-06-03,PHDC,326857.0,1.64,536045.48,2021-05-30,4
2021-06-03,EGAL,30311.0,15.84,480126.24,2021-06-02,1
2021-06-07,PHDC,326857.0,1.69,552388.33,2021-05-30,5
2021-06-07,EGAL,30311.0,16.04,486188.44,2021-06-02,2
2021-06-08,PHDC,326857.0,1.68,549119.76,2021-05-30,6
2021-06-08,EGAL,30311.0,15.53,470729.82999999996,2021-06-02,3
2021-06-08,ARCC,104863.0,4.4,461397.2,2021-06-08,0
2021-06-10,PHDC,326857.0,1.67,545851.19,2021-05-30,7
2021-06-10,EGAL,30311.0,15.76,477701.36,2021-06-02,4
2021-06-13,PHDC,326857.0,1.66,542582.62,2021-05-30,8
2021-06-13,EGAL,30311.0,15.92,482551.12,2021-06-02,5
2021-06-13,ARCC,103007.0,4.53,466621.71,2021-06-13,0
2021-06-14,PHDC,326857.0,1.67,545851.19,2021-05-30,9
2021-06-14,EGAL,30311.0,16.01,485279.11000000004,2021-06-02,6
2021-06-14,ARCC,103007.0,4.49,462501.43,2021-06-13,1
2021-06-16,PHDC,326857.0,1.66,542582.62,2021-05-30,10
2021-06-16,EGAL,30311.0,16.97,514377.67,2021-06-02,7
2021-06-17,PHDC,326857.0,1.65,539314.0499999999,2021-05-30,11
2021-06-17,EGAL,30311.0,17.28,523774.08,2021-06-02,8
2021-06-20,EGAL,30311.0,17.28,523774.08,2021-06-02,9
2021-06-20,ARCC,108075.0,4.47,483095.25,2021-06-20,0
2021-06-21,EGAL,30311.0,17.08,517711.87999999995,2021-06-02,10
2021-06-21,ARCC,108075.0,4.55,491741.25,2021-06-20,1
2021-06-22,EGAL,30311.0,16.81,509527.91,2021-06-02,11
2021-06-22,ARCC,108075.0,4.76,514437.0,2021-06-20,2
2021-06-23,EGAL,30311.0,17.98,544991.78,2021-06-02,12
2021-06-23,ARCC,108075.0,4.88,527406.0,2021-06-20,3
2021-06-23,ORHD,85372.0,5.71,487474.12,2021-06-23,0
2021-06-24,EGAL,30311.0,17.46,529230.06,2021-06-02,13
2021-06-24,ARCC,108075.0,4.78,516598.5,2021-06-20,4
2021-06-24,ORHD,85372.0,5.63,480644.36,2021-06-23,1
2021-06-27,EGAL,30311.0,17.64,534686.04,2021-06-02,14
2021-06-27,ARCC,108075.0,4.75,513356.25,2021-06-20,5
2021-06-27,ORHD,85372.0,5.59,477229.48,2021-06-23,2
2021-06-28,EGAL,30311.0,17.35,525895.8500000001,2021-06-02,15
2021-06-28,ARCC,108075.0,4.64,501467.99999999994,2021-06-20,6
2021-06-29,EGAL,30311.0,17.23,522258.53,2021-06-02,16
2021-06-29,ARCC,108075.0,4.86,525244.5,2021-06-20,7
2021-06-30,EGAL,30311.0,17.46,529230.06,2021-06-02,17
2021-06-30,ARCC,108075.0,5.27,569555.25,2021-06-20,8
2021-07-04,EGAL,30311.0,17.29,524077.19,2021-06-02,18
2021-07-04,ARCC,108075.0,5.38,581443.5,2021-06-20,9
2021-07-05,EGAL,30311.0,17.72,537110.9199999999,2021-06-02,19
2021-07-05,ARCC,108075.0,5.21,563070.75,2021-06-20,10
2021-07-05,AMOC,151034.0,3.27,493881.18,2021-07-05,0
2021-07-07,EGAL,30311.0,16.93,513165.23,2021-06-02,20
2021-07-07,ARCC,108075.0,5.3,572797.5,2021-06-20,11
2021-07-07,AMOC,151034.0,3.22,486329.48000000004,2021-07-05,1
2021-07-08,EGAL,30311.0,16.62,503768.82,2021-06-02,21
2021-07-08,ARCC,108075.0,5.06,546859.5,2021-06-20,12
2021-07-08,AMOC,151034.0,3.22,486329.48000000004,2021-07-05,2
2021-07-11,EGAL,30311.0,16.17,490128.87000000005,2021-06-02,22
2021-07-11,ARCC,108075.0,5.07,547940.25,2021-06-20,13
2021-07-11,AMOC,151034.0,3.17,478777.77999999997,2021-07-05,3
2021-07-12,EGAL,30311.0,16.37,496191.07,2021-06-02,23
2021-07-12,ARCC,108075.0,5.02,542536.5,2021-06-20,14
2021-07-12,AMOC,151034.0,3.18,480288.12,2021-07-05,4
2021-07-13,EGAL,30311.0,16.35,495584.85000000003,2021-06-02,24
2021-07-13,ARCC,108075.0,4.99,539294.25,2021-06-20,15
2021-07-13,AMOC,151034.0,3.22,486329.48000000004,2021-07-05,5
2021-07-14,EGAL,30311.0,16.64,504375.04000000004,2021-06-02,25
2021-07-14,ARCC,108075.0,4.98,538213.5,2021-06-20,16
2021-07-14,AMOC,151034.0,3.27,493881.18,2021-07-05,6
2021-07-15,EGAL,30311.0,17.48,529836.28,2021-06-02,26
2021-07-15,ARCC,108075.0,5.21,563070.75,2021-06-20,17
2021-07-15,AMOC,151034.0,3.41,515025.94,2021-07-05,7
2021-07-18,EGAL,30311.0,18.91,573181.01,2021-06-02,27
2021-07-18,ARCC,108075.0,5.29,571716.75,2021-06-20,18
2021-07-18,AMOC,151034.0,3.62,546743.08,2021-07-05,8
2021-07-25,EGAL,30311.0,20.44,619556.8400000001,2021-06-02,28
2021-07-25,ARCC,108075.0,5.37,580362.75,2021-06-20,19
2021-07-25,AMOC,151034.0,3.7,558825.8,2021-07-05,9
2021-07-26,ARCC,108075.0,5.24,566313.0,2021-06-20,20
2021-07-26,AMOC,151034.0,3.62,546743.08,2021-07-05,10
2021-07-26,EGAL,30159.0,20.89,630021.51,2021-07-26,0
2021-07-28,ARCC,108075.0,5.23,565232.25,2021-06-20,21
2021-07-28,AMOC,151034.0,3.51,530129.34,2021-07-05,11
2021-07-28,EGAL,30159.0,21.08,635751.72,2021-07-26,1
2021-07-29,ARCC,108075.0,5.28,570636.0,2021-06-20,22
2021-07-29,AMOC,151034.0,3.57,539191.38,2021-07-05,12
2021-07-29,EGAL,30159.0,22.01,663799.5900000001,2021-07-26,2
2021-08-01,ARCC,108075.0,5.47,591170.25,2021-06-20,23
2021-08-01,AMOC,151034.0,3.64,549763.76,2021-07-05,13
2021-08-01,EGAL,30159.0,22.66,683402.9400000001,2021-07-26,3
2021-08-02,ARCC,108075.0,5.16,557667.0,2021-06-20,24
2021-08-02,AMOC,151034.0,3.8,573929.2,2021-07-05,14
2021-08-02,EGAL,30159.0,23.41,706022.1900000001,2021-07-26,4
2021-08-03,ARCC,108075.0,5.09,550101.75,2021-06-20,25
2021-08-03,EGAL,30159.0,21.72,655053.48,2021-07-26,5
2021-08-05,ARCC,108075.0,5.47,591170.25,2021-06-20,26
2021-08-05,EGAL,30159.0,21.96,662291.64,2021-07-26,6
2021-08-08,ARCC,108075.0,5.73,619269.75,2021-06-20,27
2021-08-08,EGAL,30159.0,21.6,651434.4,2021-07-26,7
2021-08-09,EGAL,30159.0,20.79,627005.61,2021-07-26,8
2021-08-09,ARCC,104470.0,5.85,611149.5,2021-08-09,0
2021-08-09,TMGH,84550.0,7.07,597768.5,2021-08-09,0
2021-08-10,EGAL,30159.0,21.3,642386.7000000001,2021-07-26,9
2021-08-10,ARCC,104470.0,5.91,617417.7000000001,2021-08-09,1
2021-08-10,TMGH,84550.0,7.2,608760.0,2021-08-09,1
2021-08-15,EGAL,30159.0,22.48,677974.3200000001,2021-07-26,10
2021-08-15,ARCC,104470.0,5.86,612194.2000000001,2021-08-09,2
2021-08-15,TMGH,84550.0,7.02,593541.0,2021-08-09,2
2021-08-16,EGAL,30159.0,21.96,662291.64,2021-07-26,11
2021-08-16,ARCC,104470.0,5.79,604881.3,2021-08-09,3
2021-08-16,TMGH,84550.0,7.07,597768.5,2021-08-09,3
2021-08-17,EGAL,30159.0,21.42,646005.78,2021-07-26,12
2021-08-17,ARCC,104470.0,5.8,605926.0,2021-08-09,4
2021-08-17,TMGH,84550.0,7.1,600305.0,2021-08-09,4
2021-08-18,EGAL,30159.0,21.09,636053.3099999999,2021-07-26,13
2021-08-18,ARCC,104470.0,5.74,599657.8,2021-08-09,5
2021-08-18,TMGH,84550.0,6.99,591004.5,2021-08-09,5
2021-08-19,EGAL,30159.0,20.23,610116.5700000001,2021-07-26,14
2021-08-19,TMGH,84550.0,7.01,592695.5,2021-08-09,6
2021-08-23,EGAL,30159.0,21.36,644196.24,2021-07-26,15
2021-08-23,TMGH,84550.0,6.92,585086.0,2021-08-09,7
2021-08-24,EGAL,30159.0,20.91,630624.6900000001,2021-07-26,16
2021-08-25,EGAL,30159.0,20.97,632434.23,2021-07-26,17
2021-08-26,EGAL,30159.0,20.63,622180.1699999999,2021-07-26,18
2021-08-26,PHDC,316888.0,1.86,589411.68,2021-08-26,0
2021-08-26,AMOC,161483.0,3.73,602331.59,2021-08-26,0
2021-08-29,EGAL,30159.0,21.94,661688.4600000001,2021-07-26,19
2021-08-29,PHDC,316888.0,1.92,608424.96,2021-08-26,1
2021-08-29,AMOC,161483.0,3.77,608790.91,2021-08-26,1
2021-08-30,EGAL,30159.0,24.06,725625.5399999999,2021-07-26,20
2021-08-30,PHDC,316888.0,1.97,624269.36,2021-08-26,2
2021-08-30,AMOC,161483.0,3.73,602331.59,2021-08-26,2
2021-08-31,EGAL,30159.0,25.23,760911.5700000001,2021-07-26,21
2021-08-31,PHDC,316888.0,1.95,617931.6,2021-08-26,3
2021-08-31,AMOC,161483.0,3.68,594257.4400000001,2021-08-26,3
2021-09-01,PHDC,316888.0,2.0,633776.0,2021-08-26,4
2021-09-01,AMOC,161483.0,3.69,595872.27,2021-08-26,4
2021-09-01,EGAL,30403.0,27.13,824833.39,2021-09-01,0
2021-09-02,PHDC,316888.0,2.02,640113.76,2021-08-26,5
2021-09-02,AMOC,161483.0,3.75,605561.25,2021-08-26,5
2021-09-02,EGAL,30403.0,28.03,852196.0900000001,2021-09-01,1
2021-09-05,PHDC,316888.0,1.96,621100.48,2021-08-26,6
2021-09-05,AMOC,161483.0,3.6,581338.8,2021-08-26,6
2021-09-05,EGAL,30403.0,25.8,784397.4,2021-09-01,2
2021-09-06,PHDC,316888.0,1.96,621100.48,2021-08-26,7
2021-09-06,AMOC,161483.0,3.55,573264.65,2021-08-26,7
2021-09-06,EGAL,30403.0,25.01,760379.03,2021-09-01,3
2021-09-07,PHDC,316888.0,1.95,617931.6,2021-08-26,8
2021-09-07,EGAL,30403.0,27.17,826049.51,2021-09-01,4
2021-09-09,PHDC,316888.0,1.92,608424.96,2021-08-26,9
2021-09-09,EGAL,30403.0,27.2,826961.6,2021-09-01,5
2021-09-12,PHDC,316888.0,1.95,617931.6,2021-08-26,10
2021-09-12,EGAL,30403.0,28.61,869829.83,2021-09-01,6
2021-09-14,PHDC,316888.0,2.08,659127.04,2021-08-26,11
2021-09-14,EGAL,30403.0,27.86,847027.58,2021-09-01,7
2021-09-14,MCQE,40570.0,14.18,575282.6,2021-09-14,0
2021-09-15,EGAL,30403.0,26.99,820576.97,2021-09-01,8
2021-09-15,MCQE,40570.0,13.94,565545.7999999999,2021-09-14,1
2021-09-15,AMOC,180175.0,3.65,657638.75,2021-09-15,0
2021-09-16,EGAL,30403.0,26.82,815408.46,2021-09-01,9
2021-09-16,MCQE,40570.0,14.06,570414.2000000001,2021-09-14,2
2021-09-16,AMOC,180175.0,3.5,630612.5,2021-09-15,1
2021-09-19,EGAL,30403.0,26.0,790478.0,2021-09-01,10
2021-09-19,MCQE,40570.0,13.03,528627.1,2021-09-14,3
2021-09-19,AMOC,180175.0,3.56,641423.0,2021-09-15,2
2021-09-20,EGAL,30403.0,25.2,766155.6,2021-09-01,11
2021-09-20,AMOC,180175.0,3.46,623405.5,2021-09-15,3
2021-09-20,ETEL,35879.0,14.49,519886.71,2021-09-20,0
2021-09-21,EGAL,30403.0,24.24,736968.72,2021-09-01,12
2021-09-26,ADIB,58119.0,11.24,653257.56,2021-09-26,0
2021-09-27,ADIB,58119.0,10.65,618967.35,2021-09-26,1
2021-09-28,ADIB,58119.0,10.65,618967.35,2021-09-26,2
2021-10-03,ADIB,58119.0,10.21,593394.9900000001,2021-09-26,3
2021-10-04,ADIB,58119.0,10.15,589907.85,2021-09-26,4
2021-10-05,ADIB,58119.0,10.12,588164.2799999999,2021-09-26,5
2021-10-06,ADIB,58119.0,10.12,588164.2799999999,2021-09-26,6
2021-10-10,ADIB,58119.0,10.19,592232.61,2021-09-26,7
2021-10-11,ADIB,58119.0,10.93,635240.6699999999,2021-09-26,8
2021-10-12,ADIB,58119.0,10.74,624198.06,2021-09-26,9
2021-10-12,EGAL,24661.0,25.83,636993.63,2021-10-12,0
2021-10-13,ADIB,58119.0,10.78,626522.82,2021-09-26,10
2021-10-13,EGAL,24661.0,28.41,700619.01,2021-10-12,1
2021-10-17,ADIB,58119.0,11.21,651513.9900000001,2021-09-26,11
2021-10-17,EGAL,24661.0,28.09,692727.49,2021-10-12,2
2021-10-17,COMI,20556.0,31.32,643813.92,2021-10-17,0
2021-10-18,ADIB,58119.0,11.33,658488.27,2021-09-26,12
2021-10-18,EGAL,24661.0,28.8,710236.8,2021-10-12,3
2021-10-18,COMI,20556.0,31.91,655941.96,2021-10-17,1
2021-10-19,ADIB,58119.0,10.42,605599.98,2021-09-26,13
2021-10-19,EGAL,24661.0,30.07,741556.27,2021-10-12,4
2021-10-19,COMI,20556.0,31.57,648952.92,2021-10-17,2
2021-10-20,EGAL,24661.0,29.3,722567.3,2021-10-12,5
2021-10-20,COMI,20556.0,31.41,645663.96,2021-10-17,3
2021-10-24,EGAL,24661.0,27.79,685329.19,2021-10-12,6
2021-10-24,COMI,20556.0,31.53,648130.68,2021-10-17,4
2021-10-25,EGAL,24661.0,26.69,658202.0900000001,2021-10-12,7
2021-10-25,COMI,20556.0,32.17,661286.52,2021-10-17,5
2021-10-26,EGAL,24661.0,26.62,656475.8200000001,2021-10-12,8
2021-10-26,COMI,20556.0,32.25,662931.0,2021-10-17,6
2021-10-27,EGAL,24661.0,25.26,622936.86,2021-10-12,9
2021-10-27,COMI,20556.0,33.24,683281.4400000001,2021-10-17,7
2021-10-28,EGAL,24661.0,26.06,642665.6599999999,2021-10-12,10
2021-10-31,EGAL,24661.0,24.93,614798.73,2021-10-12,11
2021-11-01,EGAL,24661.0,25.29,623676.69,2021-10-12,12
2021-11-01,AMOC,155715.0,4.25,661788.75,2021-11-01,0
2021-11-02,EGAL,24661.0,25.63,632061.4299999999,2021-10-12,13
2021-11-02,AMOC,155715.0,4.37,680474.55,2021-11-01,1
2021-11-03,EGAL,24661.0,25.44,627375.8400000001,2021-10-12,14
2021-11-03,AMOC,155715.0,4.31,671131.6499999999,2021-11-01,2
2021-11-03,PHDC,328029.0,1.92,629815.6799999999,2021-11-03,0
2021-11-04,EGAL,24661.0,24.98,616031.78,2021-10-12,15
2021-11-04,AMOC,155715.0,4.3,669574.5,2021-11-01,3
2021-11-04,PHDC,328029.0,1.91,626535.39,2021-11-03,1
2021-11-07,EGAL,24661.0,24.1,594330.1000000001,2021-10-12,16
2021-11-07,AMOC,155715.0,4.35,677360.25,2021-11-01,4
2021-11-07,GBCO,142006.0,4.19,595005.14,2021-11-07,0
2021-11-08,AMOC,155715.0,4.07,633760.05,2021-11-01,5
2021-11-15,ABUK,29510.0,20.48,604364.8,2021-11-15,0
2021-11-16,ABUK,29510.0,20.0,590200.0,2021-11-15,1
2021-11-17,ABUK,29510.0,20.0,590200.0,2021-11-15,2
2021-12-01,ORHD,104364.0,5.77,602180.2799999999,2021-12-01,0
2021-12-02,ORHD,104364.0,5.77,602180.2799999999,2021-12-01,1
2021-12-05,ORHD,104364.0,5.77,602180.2799999999,2021-12-01,2
2021-12-06,ORHD,104364.0,5.8,605311.2,2021-12-01,3
2021-12-08,ORHD,104364.0,5.52,576089.2799999999,2021-12-01,4
2021-12-12,COMI,17593.0,35.16,618569.8799999999,2021-12-12,0
2021-12-13,COMI,17593.0,35.1,617514.3,2021-12-12,1
2021-12-13,ABUK,28897.0,20.5,592388.5,2021-12-13,0
2021-12-13,ORHD,103477.0,5.8,600166.6,2021-12-13,0
2021-12-14,COMI,17593.0,34.9,613995.7,2021-12-12,2
2021-12-14,ABUK,28897.0,19.97,577073.09,2021-12-13,1
2021-12-14,ORHD,103477.0,5.9,610514.3,2021-12-13,1
2021-12-15,COMI,17593.0,34.57,608190.01,2021-12-12,3
2021-12-15,ORHD,103477.0,5.9,610514.3,2021-12-13,2
2021-12-16,COMI,17593.0,34.03,598689.79,2021-12-12,4
2021-12-16,ORHD,103477.0,6.01,621896.77,2021-12-13,3
2021-12-21,COMI,17593.0,33.57,590597.01,2021-12-12,5
2021-12-21,ORHD,103477.0,5.67,586714.59,2021-12-13,4
2021-12-23,COMI,17593.0,34.3,603439.8999999999,2021-12-12,6
2021-12-26,COMI,17593.0,34.9,613995.7,2021-12-12,7
2021-12-26,ORHD,100535.0,6.0,603210.0,2021-12-26,0
2021-12-27,COMI,17593.0,35.06,616810.5800000001,2021-12-12,8
2021-12-27,ORHD,100535.0,5.95,598183.25,2021-12-26,1
2021-12-28,COMI,17593.0,35.16,618569.8799999999,2021-12-12,9
2021-12-28,ORHD,100535.0,5.81,584108.35,2021-12-26,2
2021-12-29,COMI,17593.0,35.13,618042.0900000001,2021-12-12,10
2021-12-29,ORHD,100535.0,5.93,596172.5499999999,2021-12-26,3
2022-01-02,COMI,17593.0,35.42,623144.06,2021-12-12,11
2022-01-02,ORHD,100535.0,5.84,587124.4,2021-12-26,4
2022-01-03,COMI,17593.0,35.2,619273.6000000001,2021-12-12,12
2022-01-03,ORHD,100535.0,5.76,579081.6,2021-12-26,5
2022-01-04,COMI,17593.0,35.1,617514.3,2021-12-12,13
2022-01-04,ORHD,100535.0,5.71,574054.85,2021-12-26,6
2022-01-04,HRHO,59666.0,9.9,590693.4,2022-01-04,0
2022-01-05,COMI,17593.0,35.13,618042.0900000001,2021-12-12,14
2022-01-05,ORHD,100535.0,5.86,589135.1,2021-12-26,7
2022-01-05,HRHO,59666.0,9.88,589500.0800000001,2022-01-04,1
2022-01-09,COMI,17593.0,35.0,615755.0,2021-12-12,15
2022-01-09,ORHD,100535.0,5.75,578076.25,2021-12-26,8
2022-01-09,HRHO,59666.0,9.86,588306.76,2022-01-04,2
2022-01-10,COMI,17593.0,35.1,617514.3,2021-12-12,16
2022-01-10,ORHD,100535.0,5.75,578076.25,2021-12-26,9
2022-01-10,HRHO,59666.0,10.15,605609.9,2022-01-04,3
2022-01-11,COMI,17593.0,35.13,618042.0900000001,2021-12-12,17
2022-01-11,ORHD,100535.0,5.73,576065.55,2021-12-26,10
2022-01-11,HRHO,59666.0,10.06,600239.9600000001,2022-01-04,4
2022-01-12,COMI,17593.0,35.65,627190.45,2021-12-12,18
2022-01-12,ORHD,100535.0,5.76,579081.6,2021-12-26,11
2022-01-12,HRHO,59666.0,10.1,602626.6,2022-01-04,5
2022-01-13,COMI,17593.0,35.7,628070.1000000001,2021-12-12,19
2022-01-13,ORHD,100535.0,5.61,564001.35,2021-12-26,12
2022-01-13,HRHO,59666.0,9.87,588903.4199999999,2022-01-04,6
2022-01-16,COMI,17593.0,35.23,619801.3899999999,2021-12-12,20
2022-01-16,ORHD,100535.0,5.6,562996.0,2021-12-26,13
2022-01-16,HRHO,59666.0,9.9,590693.4,2022-01-04,7
2022-01-18,COMI,17593.0,35.23,619801.3899999999,2021-12-12,21
2022-01-18,ORHD,100535.0,5.53,555958.55,2021-12-26,14
2022-01-18,HRHO,59666.0,9.71,579356.8600000001,2022-01-04,8
2022-01-19,COMI,17593.0,34.57,608190.01,2021-12-12,22
2022-01-19,GBCO,116699.0,4.75,554320.25,2022-01-19,0
2022-01-20,COMI,17593.0,34.9,613995.7,2021-12-12,23
2022-01-20,GBCO,116699.0,4.8,560155.2,2022-01-19,1
2022-01-23,COMI,17593.0,35.16,618569.8799999999,2021-12-12,24
2022-01-23,GBCO,116699.0,4.71,549652.29,2022-01-19,2
2022-01-24,COMI,17593.0,35.03,616282.79,2021-12-12,25
2022-01-24,GBCO,116699.0,4.67,544984.33,2022-01-19,3
2022-01-25,COMI,17593.0,34.57,608190.01,2021-12-12,26
2022-01-26,COMI,17593.0,34.47,606430.71,2021-12-12,27
2022-01-30,COMI,17593.0,34.48,606606.6399999999,2021-12-12,28
2022-01-30,GBCO,115321.0,4.69,540855.49,2022-01-30,0
2022-01-31,COMI,17593.0,34.13,600449.0900000001,2021-12-12,29
2022-01-31,GBCO,115321.0,4.81,554694.01,2022-01-30,1
2022-02-01,COMI,17593.0,34.5,606958.5,2021-12-12,30
2022-02-02,COMI,17593.0,34.48,606606.6399999999,2021-12-12,31
2022-02-03,COMI,17593.0,34.3,603439.8999999999,2021-12-12,32
2022-02-03,HELI,85018.0,6.47,550066.46,2022-02-03,0
2022-02-03,ARCC,129103.0,4.32,557724.9600000001,2022-02-03,0
2022-02-06,COMI,17593.0,34.53,607486.29,2021-12-12,33
2022-02-06,HELI,85018.0,6.69,568770.42,2022-02-03,1
2022-02-06,ARCC,129103.0,4.56,588709.6799999999,2022-02-03,1
2022-02-07,COMI,17593.0,33.9,596402.7,2021-12-12,34
2022-02-07,HELI,85018.0,6.48,550916.64,2022-02-03,2
2022-02-07,ARCC,129103.0,4.51,582254.53,2022-02-03,2
2022-02-08,COMI,17593.0,33.77,594115.6100000001,2021-12-12,35
2022-02-08,HELI,85018.0,6.38,542414.84,2022-02-03,3
2022-02-08,ARCC,129103.0,4.51,582254.53,2022-02-03,3
2022-02-09,COMI,17593.0,33.83,595171.19,2021-12-12,36
2022-02-09,HELI,85018.0,6.51,553467.1799999999,2022-02-03,4
2022-02-09,ARCC,129103.0,4.51,582254.53,2022-02-03,4
2022-02-10,COMI,17593.0,33.88,596050.8400000001,2021-12-12,37
2022-02-10,HELI,85018.0,6.28,533913.04,2022-02-03,5
2022-02-10,ARCC,129103.0,4.5,580963.5,2022-02-03,5
2022-02-13,ARCC,129103.0,4.44,573217.3200000001,2022-02-03,6
2022-02-14,ARCC,129103.0,4.44,573217.3200000001,2022-02-03,7
2022-02-15,ARCC,129103.0,4.44,573217.3200000001,2022-02-03,8
2022-02-16,ARCC,129103.0,4.44,573217.3200000001,2022-02-03,9
2022-02-17,ARCC,129103.0,4.44,573217.3200000001,2022-02-03,10
2022-02-17,ABUK,26504.0,21.3,564535.2000000001,2022-02-17,0
2022-02-20,ARCC,129103.0,4.44,573217.3200000001,2022-02-03,11
2022-02-20,ABUK,26504.0,20.71,548897.84,2022-02-17,1
2022-02-21,ARCC,129103.0,4.44,573217.3200000001,2022-02-03,12
2022-02-22,ARCC,129103.0,4.44,573217.3200000001,2022-02-03,13
2022-02-23,ARCC,129103.0,4.44,573217.3200000001,2022-02-03,14
2022-02-24,ARCC,129103.0,4.3,555142.9,2022-02-03,15
2022-03-01,GBCO,96682.0,5.86,566556.52,2022-03-01,0
2022-03-03,GBCO,96682.0,5.86,566556.52,2022-03-01,1
2022-03-06,GBCO,96682.0,5.79,559788.78,2022-03-01,2
2022-03-06,CCAP,373751.0,1.48,553151.48,2022-03-06,0
2022-03-07,GBCO,96682.0,5.51,532717.82,2022-03-01,3
2022-03-07,CCAP,373751.0,1.45,541938.95,2022-03-06,1
2022-03-08,GBCO,96682.0,5.4,522082.80000000005,2022-03-01,4
2022-03-08,CCAP,373751.0,1.42,530726.4199999999,2022-03-06,2
2022-03-13,HRHO,45400.0,11.54,523915.99999999994,2022-03-13,0
2022-03-14,HRHO,45400.0,11.45,519829.99999999994,2022-03-13,1
2022-03-21,HRHO,44902.0,12.18,546906.36,2022-03-21,0
2022-03-22,HRHO,44902.0,12.06,541518.12,2022-03-21,1
2022-03-22,GBCO,97234.0,5.27,512423.17999999993,2022-03-22,0
2022-03-22,CCAP,383305.0,1.37,525127.8500000001,2022-03-22,0
2022-03-23,HRHO,44902.0,12.26,550498.52,2022-03-21,2
2022-03-23,GBCO,97234.0,5.37,522146.58,2022-03-22,1
2022-03-23,CCAP,383305.0,1.38,528960.8999999999,2022-03-22,1
2022-03-24,HRHO,44902.0,12.18,546906.36,2022-03-21,3
2022-03-24,CCAP,383305.0,1.35,517461.75000000006,2022-03-22,2
2022-03-24,ORAS,7023.0,71.8,504251.39999999997,2022-03-24,0
2022-03-27,HRHO,44902.0,12.1,543314.2,2022-03-21,4
2022-03-27,CCAP,383305.0,1.31,502129.55000000005,2022-03-22,3
2022-03-28,HRHO,44902.0,11.74,527149.48,2022-03-21,5
2022-03-29,HRHO,44902.0,11.88,533435.76,2022-03-21,6
2022-03-30,HRHO,44902.0,11.7,525353.4,2022-03-21,7
2022-03-31,HRHO,44902.0,11.79,529394.58,2022-03-21,8
2022-04-03,HRHO,44902.0,12.86,577439.72,2022-03-21,9
2022-04-04,HRHO,44902.0,12.54,563071.08,2022-03-21,10
2022-04-04,ABUK,19908.0,25.31,503871.48,2022-04-04,0
2022-04-04,VLMRA,16307.0,30.82,502581.74,2022-04-04,0
2022-04-05,HRHO,44902.0,13.06,586420.12,2022-03-21,11
2022-04-05,ABUK,19908.0,25.0,497700.0,2022-04-04,1
2022-04-05,VLMRA,16307.0,29.46,480404.22000000003,2022-04-04,1
2022-04-06,HRHO,44902.0,13.13,589563.26,2022-03-21,12
2022-04-06,ABUK,19908.0,24.92,496107.36000000004,2022-04-04,2
2022-04-07,ABUK,19908.0,24.41,485954.28,2022-04-04,3
2022-04-07,HRHO,40542.0,12.66,513261.72000000003,2022-04-07,0
2022-04-11,EGCH,162054.0,2.95,478059.30000000005,2022-04-11,0
2022-04-14,ABUK,19919.0,24.74,492796.06,2022-04-14,0
2022-04-17,ABUK,19919.0,24.21,482238.99,2022-04-14,1
2022-04-18,VLMRA,16167.0,31.35,506835.45,2022-04-18,0
2022-04-19,VLMRA,16167.0,28.89,467064.63,2022-04-18,1
2022-04-28,ABUK,18356.0,28.29,519291.24,2022-04-28,0
2022-04-28,VLMRA,15479.0,31.59,488981.61,2022-04-28,0
2022-05-08,ABUK,18356.0,28.34,520209.04,2022-04-28,1
2022-05-08,VLMRA,15479.0,31.59,488981.61,2022-04-28,1
2022-05-09,ABUK,18356.0,28.1,515803.60000000003,2022-04-28,2
2022-05-09,VLMRA,15479.0,32.18,498114.22,2022-04-28,2
2022-05-10,ABUK,18356.0,27.04,496346.24,2022-04-28,3
2022-05-10,VLMRA,15479.0,31.35,485266.65,2022-04-28,3
2022-05-11,ABUK,18356.0,28.73,527367.88,2022-04-28,4
2022-05-11,VLMRA,15479.0,31.97,494863.63,2022-04-28,4
2022-05-15,ABUK,18356.0,27.16,498548.96,2022-04-28,5
2022-05-15,VLMRA,15479.0,31.14,482016.06,2022-04-28,5
2022-05-16,ABUK,18356.0,27.08,497080.48,2022-04-28,6
2022-05-16,VLMRA,15479.0,31.38,485731.01999999996,2022-04-28,6
2022-05-17,ABUK,18356.0,27.49,504606.43999999994,2022-04-28,7
2022-05-17,VLMRA,15479.0,31.79,492077.41,2022-04-28,7
2022-05-18,ABUK,18356.0,27.2,499283.2,2022-04-28,8
2022-05-18,VLMRA,15479.0,31.31,484647.49,2022-04-28,8
2022-05-23,ABUK,18356.0,26.5,486434.0,2022-04-28,9
2022-05-23,VLMRA,15479.0,31.99,495173.20999999996,2022-04-28,9
2022-05-24,ABUK,18356.0,26.1,479091.60000000003,2022-04-28,10
2022-05-24,VLMRA,15479.0,30.98,479539.42,2022-04-28,10
2022-05-26,ABUK,18356.0,25.25,463489.0,2022-04-28,11
2022-05-26,VLMRA,15479.0,30.78,476443.62,2022-04-28,11
2022-05-29,VLMRA,15479.0,30.35,469787.65,2022-04-28,12
2022-05-30,VLMRA,15479.0,30.34,469632.86,2022-04-28,13
2022-05-31,VLMRA,15479.0,31.05,480622.95,2022-04-28,14
2022-06-01,VLMRA,15479.0,31.25,483718.75,2022-04-28,15
2022-06-05,VLMRA,15479.0,30.87,477836.73000000004,2022-04-28,16
2022-06-06,VLMRA,15479.0,30.75,475979.25,2022-04-28,17
2022-06-07,VLMRA,15479.0,31.14,482016.06,2022-04-28,18
2022-06-08,VLMRA,15479.0,31.11,481551.69,2022-04-28,19
2022-06-09,VLMRA,15479.0,31.01,480003.79000000004,2022-04-28,20
2022-06-09,EGCH,160654.0,3.0,481962.0,2022-06-09,0
2022-06-12,VLMRA,15479.0,30.21,467620.59,2022-04-28,21
2022-06-12,EGCH,160654.0,2.93,470716.22000000003,2022-06-09,1
2022-06-12,EAST,56502.0,8.18,462186.36,2022-06-12,0
2022-06-13,VLMRA,15479.0,29.83,461738.56999999995,2022-04-28,22
2022-07-04,RMDA,319098.0,1.39,443546.22,2022-07-04,0
2022-07-07,RMDA,313492.0,1.46,457698.32,2022-07-07,0
2022-07-17,RMDA,313492.0,1.46,457698.32,2022-07-07,1
2022-07-18,RMDA,313492.0,1.45,454563.39999999997,2022-07-07,2
2022-07-19,RMDA,313492.0,1.47,460833.24,2022-07-07,3
2022-07-20,RMDA,313492.0,1.49,467103.08,2022-07-07,4
2022-08-18,HELI,78940.0,5.83,460220.2,2022-08-18,0
2022-08-21,HELI,78940.0,6.04,476797.6,2022-08-18,1
2022-08-22,HELI,78940.0,6.2,489428.0,2022-08-18,2
2022-08-23,HELI,78940.0,6.06,478376.39999999997,2022-08-18,3
2022-08-24,HELI,78940.0,5.94,468903.60000000003,2022-08-18,4
2022-08-25,HELI,78940.0,6.27,494953.8,2022-08-18,5
2022-08-28,HELI,78940.0,6.21,490217.4,2022-08-18,6
2022-08-29,HELI,78940.0,6.11,482323.4,2022-08-18,7
2022-08-30,HELI,78940.0,6.03,476008.2,2022-08-18,8
2022-08-31,HELI,78940.0,5.94,468903.60000000003,2022-08-18,9
2022-08-31,AMOC,113020.0,4.07,459991.4,2022-08-31,0
2022-09-01,HELI,78940.0,5.91,466535.4,2022-08-18,10
2022-09-01,AMOC,113020.0,4.03,455470.60000000003,2022-08-31,1
2022-09-04,HELI,78940.0,6.04,476797.6,2022-08-18,11
2022-09-04,AMOC,113020.0,4.04,456600.8,2022-08-31,2
2022-09-05,HELI,78940.0,6.2,489428.0,2022-08-18,12
2022-09-06,HELI,78940.0,6.45,509163.0,2022-08-18,13
2022-09-07,HELI,78940.0,6.31,498111.39999999997,2022-08-18,14
2022-09-08,HELI,78940.0,6.38,503637.2,2022-08-18,15
2022-09-11,HELI,78940.0,6.54,516267.6,2022-08-18,16
2022-09-11,MCQE,43228.0,10.82,467726.96,2022-09-11,0
2022-09-12,HELI,78940.0,6.53,515478.2,2022-08-18,17
2022-09-12,MCQE,43228.0,10.61,458649.07999999996,2022-09-11,1
2022-09-12,RMDA,249376.0,1.77,441395.52,2022-09-12,0
2022-09-13,HELI,78940.0,6.45,509163.0,2022-08-18,18
2022-09-13,MCQE,43228.0,10.52,454758.56,2022-09-11,2
2022-09-14,HELI,78940.0,6.18,487849.19999999995,2022-08-18,19
2022-09-14,MCQE,43228.0,10.64,459945.92000000004,2022-09-11,3
2022-09-15,HELI,78940.0,6.16,486270.4,2022-08-18,20
2022-09-15,MCQE,43228.0,10.69,462107.32,2022-09-11,4
2022-09-18,HELI,78940.0,5.64,445221.6,2022-08-18,21
2022-09-18,MCQE,43228.0,10.49,453461.72000000003,2022-09-11,5
2022-09-18,RMDA,239994.0,1.78,427189.32,2022-09-18,0
2022-09-19,MCQE,43228.0,10.62,459081.36,2022-09-11,6
2022-09-19,RMDA,239994.0,1.87,448788.78,2022-09-18,1
2022-09-20,RMDA,239994.0,1.89,453588.66,2022-09-18,2
2022-09-21,RMDA,239994.0,1.84,441588.96,2022-09-18,3
2022-09-22,RMDA,239994.0,1.82,436789.08,2022-09-18,4
2022-09-22,MCQE,41350.0,10.88,449888.00000000006,2022-09-22,0
2022-09-25,RMDA,239994.0,1.8,431989.2,2022-09-18,5
2022-09-25,MCQE,41350.0,11.12,459811.99999999994,2022-09-22,1
2022-09-26,RMDA,239994.0,1.79,429589.26,2022-09-18,6
2022-09-26,MCQE,41350.0,11.0,454850.0,2022-09-22,2
2022-09-27,RMDA,239994.0,1.8,431989.2,2022-09-18,7
2022-09-27,MCQE,41350.0,10.97,453609.5,2022-09-22,3
2022-09-28,RMDA,239994.0,1.78,427189.32,2022-09-18,8
2022-09-28,MCQE,41350.0,10.88,449888.00000000006,2022-09-22,4
2022-09-29,RMDA,239994.0,1.79,429589.26,2022-09-18,9
2022-09-29,MCQE,41350.0,10.88,449888.00000000006,2022-09-22,5
2022-10-02,RMDA,239994.0,1.73,415189.62,2022-09-18,10
2022-10-02,MCQE,41350.0,10.73,443685.5,2022-09-22,6
2022-10-03,MCQE,41350.0,10.66,440791.0,2022-09-22,7
2022-10-04,MCQE,41350.0,10.89,450301.5,2022-09-22,8
2022-10-05,MCQE,41350.0,10.88,449888.00000000006,2022-09-22,9
2022-10-09,MCQE,41350.0,10.79,446166.49999999994,2022-09-22,10
2022-10-10,MCQE,41350.0,10.68,441618.0,2022-09-22,11
2022-10-11,MCQE,41350.0,10.71,442858.50000000006,2022-09-22,12
2022-10-12,MCQE,41350.0,10.63,439550.50000000006,2022-09-22,13
2022-10-13,MCQE,41350.0,10.61,438723.5,2022-09-22,14
2022-10-16,MCQE,41350.0,10.72,443272.0,2022-09-22,15
2022-10-17,MCQE,41350.0,10.97,453609.5,2022-09-22,16
2022-10-18,MCQE,41350.0,11.06,457331.0,2022-09-22,17
2022-10-18,HRHO,44001.0,9.9,435609.9,2022-10-18,0
2022-10-18,EGAL,21726.0,24.1,523596.60000000003,2022-10-18,0
2022-10-19,MCQE,41350.0,11.09,458571.5,2022-09-22,18
2022-10-19,HRHO,44001.0,9.76,429449.76,2022-10-18,1
2022-10-19,EGAL,21726.0,25.5,554013.0,2022-10-18,1
2022-10-20,MCQE,41350.0,11.1,458985.0,2022-09-22,19
2022-10-20,HRHO,44001.0,9.9,435609.9,2022-10-18,2
2022-10-20,EGAL,21618.0,25.0,540450.0,2022-10-20,0
2022-10-23,MCQE,41350.0,10.73,443685.5,2022-09-22,20
2022-10-23,HRHO,44001.0,9.82,432089.82,2022-10-18,3
2022-10-23,EGAL,21510.0,24.06,517530.6,2022-10-23,0
2022-10-24,MCQE,41350.0,10.61,438723.5,2022-09-22,21
2022-10-24,HRHO,44001.0,9.78,430329.77999999997,2022-10-18,4
2022-10-24,EGAL,21510.0,23.5,505485.0,2022-10-23,1
2022-10-25,MCQE,41350.0,10.62,439136.99999999994,2022-09-22,22
2022-10-25,HRHO,44001.0,9.86,433849.86,2022-10-18,5
2022-10-26,MCQE,41350.0,10.99,454436.5,2022-09-22,23
2022-10-26,HRHO,44001.0,10.02,440890.01999999996,2022-10-18,6
2022-10-27,MCQE,41350.0,11.5,475525.0,2022-09-22,24
2022-10-27,HRHO,44001.0,10.4,457610.4,2022-10-18,7
2022-10-30,MCQE,41350.0,11.34,468909.0,2022-09-22,25
2022-10-30,HRHO,44001.0,10.27,451890.26999999996,2022-10-18,8
2022-10-30,RMDA,279423.0,1.8,502961.4,2022-10-30,0
2022-10-31,MCQE,41350.0,11.65,481727.5,2022-09-22,26
2022-10-31,HRHO,44001.0,10.72,471690.72000000003,2022-10-18,9
2022-10-31,RMDA,279423.0,1.76,491784.48,2022-10-30,1
2022-11-01,MCQE,41350.0,11.63,480900.50000000006,2022-09-22,27
2022-11-01,HRHO,44001.0,10.66,469050.66000000003,2022-10-18,10
2022-11-01,RMDA,279423.0,1.76,491784.48,2022-10-30,2
2022-11-02,MCQE,41350.0,11.57,478419.5,2022-09-22,28
2022-11-02,HRHO,44001.0,10.4,457610.4,2022-10-18,11
2022-11-02,RMDA,279423.0,1.76,491784.48,2022-10-30,3
2022-11-03,MCQE,41350.0,11.45,473457.49999999994,2022-09-22,29
2022-11-03,HRHO,44001.0,10.46,460250.46,2022-10-18,12
2022-11-03,RMDA,279423.0,1.76,491784.48,2022-10-30,4
2022-11-06,MCQE,41350.0,11.36,469736.0,2022-09-22,30
2022-11-06,HRHO,44001.0,10.43,458930.43,2022-10-18,13
2022-11-06,RMDA,279423.0,1.78,497372.94,2022-10-30,5
2022-11-07,MCQE,41350.0,11.49,475111.5,2022-09-22,31
2022-11-07,HRHO,44001.0,10.56,464650.56,2022-10-18,14
2022-11-07,RMDA,279423.0,1.79,500167.17,2022-10-30,6
2022-11-08,MCQE,41350.0,11.35,469322.5,2022-09-22,32
2022-11-08,HRHO,44001.0,10.64,468170.64,2022-10-18,15
2022-11-08,RMDA,279423.0,1.76,491784.48,2022-10-30,7
2022-11-09,MCQE,41350.0,11.54,477178.99999999994,2022-09-22,33
2022-11-09,HRHO,44001.0,10.8,475210.80000000005,2022-10-18,16
2022-11-09,RMDA,279423.0,1.74,486196.02,2022-10-30,8
2022-11-10,MCQE,41350.0,11.71,484208.50000000006,2022-09-22,34
2022-11-10,HRHO,44001.0,10.81,475650.81,2022-10-18,17
2022-11-13,MCQE,41350.0,11.96,494546.00000000006,2022-09-22,35
2022-11-13,HRHO,44001.0,10.93,480930.93,2022-10-18,18
2022-11-13,EGCH,139082.0,3.57,496522.74,2022-11-13,0
2022-11-14,MCQE,41350.0,11.87,490824.49999999994,2022-09-22,36
2022-11-14,HRHO,44001.0,10.77,473890.76999999996,2022-10-18,19
2022-11-14,EGCH,139082.0,3.56,495131.92,2022-11-13,1
2022-11-15,MCQE,41350.0,11.76,486276.0,2022-09-22,37
2022-11-15,HRHO,44001.0,10.6,466410.6,2022-10-18,20
2022-11-15,EGCH,139082.0,3.56,495131.92,2022-11-13,2
2022-11-16,HRHO,44001.0,10.88,478730.88000000006,2022-10-18,21
2022-11-16,EGCH,139082.0,3.63,504867.66,2022-11-13,3
2022-11-16,CCAP,369348.0,1.36,502313.28,2022-11-16,0
2022-11-17,HRHO,44001.0,10.8,475210.80000000005,2022-10-18,22
2022-11-17,EGCH,139082.0,3.59,499304.38,2022-11-13,4
2022-11-17,CCAP,369348.0,1.36,502313.28,2022-11-16,1
2022-11-20,HRHO,44001.0,10.81,475650.81,2022-10-18,23
2022-11-20,EGCH,139082.0,3.63,504867.66,2022-11-13,5
2022-11-20,CCAP,369348.0,1.36,502313.28,2022-11-16,2
2022-11-21,HRHO,44001.0,10.71,471250.71,2022-10-18,24
2022-11-21,EGCH,139082.0,3.54,492350.28,2022-11-13,6
2022-11-21,CCAP,369348.0,1.34,494926.32,2022-11-16,3
2022-11-22,HRHO,44001.0,10.94,481370.94,2022-10-18,25
2022-11-22,EGCH,139082.0,3.71,515994.22,2022-11-13,7
2022-11-22,CCAP,369348.0,1.35,498619.80000000005,2022-11-16,4
2022-11-23,HRHO,44001.0,10.94,481370.94,2022-10-18,26
2022-11-23,EGCH,139082.0,4.08,567454.56,2022-11-13,8
2022-11-23,CCAP,369348.0,1.38,509700.23999999993,2022-11-16,5
2022-11-24,HRHO,44001.0,11.21,493251.21,2022-10-18,27
2022-11-24,EGCH,139082.0,4.38,609179.16,2022-11-13,9
2022-11-24,CCAP,369348.0,1.37,506006.76000000007,2022-11-16,6
2022-11-27,HRHO,44001.0,11.42,502491.42,2022-10-18,28
2022-11-27,CCAP,369348.0,1.42,524474.1599999999,2022-11-16,7
2022-11-27,GBCO,126542.0,4.75,601074.5,2022-11-27,0
2022-11-28,CCAP,369348.0,1.45,535554.6,2022-11-16,8
2022-11-28,GBCO,126542.0,4.67,590951.14,2022-11-27,1
2022-11-28,EGCH,102665.0,4.81,493818.64999999997,2022-11-28,0
2022-11-29,CCAP,369348.0,1.45,535554.6,2022-11-16,9
2022-11-29,GBCO,126542.0,4.72,597278.24,2022-11-27,2
2022-11-29,EGCH,102665.0,4.83,495871.95,2022-11-28,1
2022-11-30,CCAP,369348.0,1.44,531861.12,2022-11-16,10
2022-11-30,EGCH,102665.0,4.49,460965.85000000003,2022-11-28,2
2022-11-30,EGAL,20380.0,28.58,582460.4,2022-11-30,0
2022-12-01,CCAP,369348.0,1.5,554022.0,2022-11-16,11
2022-12-01,EGAL,20380.0,29.07,592446.6,2022-11-30,1
2022-12-04,EGAL,20380.0,30.1,613438.0,2022-11-30,2
2022-12-05,EGAL,20380.0,29.52,601617.6,2022-11-30,3
2022-12-06,EGAL,20380.0,28.96,590204.8,2022-11-30,4
2022-12-07,EGAL,20380.0,29.21,595299.8,2022-11-30,5
2022-12-08,EGAL,20380.0,29.33,597745.4,2022-11-30,6
2022-12-08,EAST,49414.0,10.4,513905.60000000003,2022-12-08,0
2022-12-11,EGAL,20380.0,29.61,603451.8,2022-11-30,7
2022-12-11,EAST,49414.0,10.03,495622.42,2022-12-08,1
2022-12-12,EGAL,20380.0,28.69,584702.2000000001,2022-11-30,8
2022-12-12,EAST,49414.0,10.16,502046.24,2022-12-08,2
2022-12-13,EGAL,20380.0,29.53,601821.4,2022-11-30,9
2022-12-13,EAST,49414.0,11.0,543554.0,2022-12-08,3
2022-12-14,EGAL,20380.0,31.3,637894.0,2022-11-30,10
2022-12-14,EAST,49414.0,10.56,521811.84,2022-12-08,4
2022-12-15,EGAL,20380.0,29.66,604470.8,2022-11-30,11
2022-12-15,EAST,49414.0,11.15,550966.1,2022-12-08,5
2022-12-18,EGAL,20380.0,29.41,599375.8,2022-11-30,12
2022-12-18,EAST,49414.0,11.09,548001.26,2022-12-08,6
2022-12-19,EGAL,20380.0,28.92,589389.6,2022-11-30,13
2022-12-19,EAST,49414.0,10.93,540095.02,2022-12-08,7
2022-12-19,ETEL,21072.0,25.25,532068.0,2022-12-19,0
2022-12-20,EGAL,20380.0,28.69,584702.2000000001,2022-11-30,14
2022-12-20,EAST,49414.0,11.19,552942.66,2022-12-08,8
2022-12-20,ETEL,21072.0,26.48,557986.56,2022-12-19,1
2022-12-21,EGAL,20380.0,28.41,578995.8,2022-11-30,15
2022-12-21,EAST,49414.0,11.16,551460.24,2022-12-08,9
2022-12-21,ETEL,21072.0,26.49,558197.2799999999,2022-12-19,2
2022-12-22,EGAL,20380.0,28.58,582460.4,2022-11-30,16
2022-12-22,EAST,49414.0,10.78,532682.9199999999,2022-12-08,10
2022-12-22,ETEL,21072.0,26.07,549347.04,2022-12-19,3
2022-12-25,EGAL,20380.0,28.22,575123.6,2022-11-30,17
2022-12-25,EAST,49414.0,10.56,521811.84,2022-12-08,11
2022-12-25,ETEL,21072.0,24.9,524692.7999999999,2022-12-19,4
2022-12-26,EGAL,20380.0,28.93,589593.4,2022-11-30,18
2022-12-26,EAST,49414.0,10.56,521811.84,2022-12-08,12
2022-12-26,ETEL,21072.0,25.28,532700.16,2022-12-19,5
2022-12-27,EGAL,20380.0,28.84,587759.2,2022-11-30,19
2022-12-27,EAST,49414.0,10.56,521811.84,2022-12-08,13
2022-12-27,ETEL,21072.0,25.0,526800.0,2022-12-19,6
2022-12-28,EGAL,20380.0,28.8,586944.0,2022-11-30,20
2022-12-28,EAST,49414.0,10.56,521811.84,2022-12-08,14
2022-12-28,ETEL,21072.0,25.51,537546.7200000001,2022-12-19,7
2022-12-29,EGAL,20380.0,28.58,582460.4,2022-11-30,21
2022-12-29,EAST,49414.0,10.64,525764.9600000001,2022-12-08,15
2022-12-29,ETEL,21072.0,25.1,528907.2000000001,2022-12-19,8
2023-01-02,EGAL,20380.0,29.03,591631.4,2022-11-30,22
2023-01-02,EAST,49414.0,10.71,529223.9400000001,2022-12-08,16
2023-01-02,ETEL,21072.0,24.73,521110.56,2022-12-19,9
2023-01-03,EGAL,20380.0,29.13,593669.4,2022-11-30,23
2023-01-03,EAST,49414.0,10.54,520823.55999999994,2022-12-08,17
2023-01-03,ETEL,21072.0,25.3,533121.6,2022-12-19,10
2023-01-04,EGAL,20380.0,29.5,601210.0,2022-11-30,24
2023-01-04,EAST,49414.0,10.56,521811.84,2022-12-08,18
2023-01-04,ETEL,21072.0,25.62,539864.64,2022-12-19,11
2023-01-05,EGAL,20380.0,31.24,636671.2,2022-11-30,25
2023-01-05,EAST,49414.0,12.07,596426.98,2022-12-08,19
2023-01-05,ETEL,21072.0,25.97,547239.84,2022-12-19,12
2023-01-09,EGAL,20380.0,32.91,670705.7999999999,2022-11-30,26
2023-01-09,EAST,49414.0,12.15,600380.1,2022-12-08,20
2023-01-09,ETEL,21072.0,25.79,543446.88,2022-12-19,13
2023-01-10,EGAL,20380.0,32.6,664388.0,2022-11-30,27
2023-01-10,ETEL,21072.0,24.35,513103.2,2022-12-19,14
2023-01-10,COMI,13033.0,43.7,569542.1000000001,2023-01-10,0
2023-01-11,EGAL,20380.0,32.72,666833.6,2022-11-30,28
2023-01-11,ETEL,21072.0,24.5,516264.0,2022-12-19,15
2023-01-12,EGAL,20380.0,32.96,671724.8,2022-11-30,29
2023-01-12,ETEL,21072.0,24.2,509942.39999999997,2022-12-19,16
2023-01-15,EGAL,20380.0,35.38,721044.4,2022-11-30,30
2023-01-15,ETEL,21072.0,24.4,514156.8,2022-12-19,17
2023-01-16,ETEL,21072.0,25.37,534596.64,2022-12-19,18
2023-01-16,MCQE,38679.0,16.62,642844.98,2023-01-16,0
2023-01-17,ETEL,21072.0,25.34,533964.48,2022-12-19,19
2023-01-17,MCQE,38679.0,16.94,655222.26,2023-01-16,1
2023-01-18,ETEL,21072.0,24.42,514578.24000000005,2022-12-19,20
2023-01-18,MCQE,38679.0,18.02,696995.58,2023-01-16,2
2023-01-18,GBCO,112059.0,5.49,615203.91,2023-01-18,0
2023-01-19,ETEL,21072.0,24.15,508888.8,2022-12-19,21
2023-01-19,MCQE,38679.0,17.73,685778.67,2023-01-16,3
2023-01-19,GBCO,112059.0,5.47,612962.73,2023-01-18,1
2023-01-22,ETEL,21072.0,24.28,511628.16000000003,2022-12-19,22
2023-01-22,MCQE,38679.0,17.49,676495.71,2023-01-16,4
2023-01-22,GBCO,112059.0,5.49,615203.91,2023-01-18,2
2023-01-23,ETEL,21072.0,24.5,516264.0,2022-12-19,23
2023-01-23,MCQE,38679.0,17.32,669920.28,2023-01-16,5
2023-01-23,GBCO,112059.0,5.4,605118.6000000001,2023-01-18,3
2023-01-24,ETEL,21072.0,24.28,511628.16000000003,2022-12-19,24
2023-01-24,MCQE,38679.0,17.33,670307.07,2023-01-16,6
2023-01-24,COMI,12967.0,48.7,631492.9,2023-01-24,0
2023-01-25,ETEL,21072.0,24.41,514367.52,2022-12-19,25
2023-01-25,MCQE,38679.0,17.25,667212.75,2023-01-16,7
2023-01-25,COMI,12967.0,50.9,660020.2999999999,2023-01-24,1
2023-01-29,ETEL,21072.0,27.99,589805.2799999999,2022-12-19,26
2023-01-29,MCQE,38679.0,17.09,661024.11,2023-01-16,8
2023-01-29,COMI,12967.0,54.0,700218.0,2023-01-24,2
2023-01-30,ETEL,21072.0,26.0,547872.0,2022-12-19,27
2023-01-30,MCQE,38679.0,16.8,649807.2000000001,2023-01-16,9
2023-01-30,COMI,12967.0,52.5,680767.5,2023-01-24,3
2023-01-31,ETEL,21072.0,27.4,577372.7999999999,2022-12-19,28
2023-01-31,MCQE,38679.0,16.32,631241.28,2023-01-16,10
2023-02-01,ETEL,21072.0,26.5,558408.0,2022-12-19,29
2023-02-01,MCQE,38679.0,15.8,611128.2000000001,2023-01-16,11
2023-02-02,ETEL,21072.0,26.11,550189.92,2022-12-19,30
2023-02-05,ETEL,21072.0,25.66,540707.52,2022-12-19,31
2023-02-06,ETEL,21072.0,27.25,574212.0,2022-12-19,32
2023-02-07,ETEL,21072.0,27.4,577372.7999999999,2022-12-19,33
2023-02-07,AMOC,84449.0,7.73,652790.77,2023-02-07,0
2023-02-08,ETEL,21072.0,27.33,575897.76,2022-12-19,34
2023-02-08,AMOC,84449.0,7.63,644345.87,2023-02-07,1
2023-02-09,ETEL,21072.0,27.72,584115.84,2022-12-19,35
2023-02-09,AMOC,84449.0,7.99,674747.51,2023-02-07,2
2023-02-12,ETEL,21072.0,27.03,569576.16,2022-12-19,36
2023-02-12,AMOC,84449.0,7.91,667991.59,2023-02-07,3
2023-02-13,ETEL,21072.0,26.98,568522.56,2022-12-19,37
2023-02-13,AMOC,84449.0,7.77,656168.73,2023-02-07,4
2023-02-13,HELI,65098.0,9.74,634054.52,2023-02-13,0
2023-02-14,AMOC,84449.0,7.85,662924.65,2023-02-07,5
2023-02-14,HELI,65098.0,10.52,684830.96,2023-02-13,1
2023-02-14,EGCH,103039.0,5.48,564653.7200000001,2023-02-14,0
2023-02-15,AMOC,84449.0,8.05,679814.4500000001,2023-02-07,6
2023-02-15,HELI,65098.0,10.6,690038.7999999999,2023-02-13,2
2023-02-15,EGCH,103039.0,5.61,578048.79,2023-02-14,1
2023-02-16,AMOC,84449.0,8.64,729639.3600000001,2023-02-07,7
2023-02-16,HELI,65098.0,10.53,685481.94,2023-02-13,3
2023-02-16,EGCH,103039.0,5.65,582170.3500000001,2023-02-14,2
2023-02-19,AMOC,84449.0,8.42,711060.58,2023-02-07,8
2023-02-19,HELI,65098.0,10.23,665952.54,2023-02-13,4
2023-02-19,EGCH,103039.0,5.54,570836.06,2023-02-14,3
2023-02-20,AMOC,84449.0,8.34,704304.66,2023-02-07,9
2023-02-20,HELI,65098.0,9.71,632101.5800000001,2023-02-13,5
2023-02-20,EGCH,103039.0,5.28,544045.92,2023-02-14,4
2023-02-21,AMOC,84449.0,8.42,711060.58,2023-02-07,10
2023-02-21,HELI,65098.0,10.13,659442.7400000001,2023-02-13,6
2023-02-21,EGCH,103039.0,5.35,551258.6499999999,2023-02-14,5
2023-02-22,AMOC,84449.0,8.35,705149.15,2023-02-07,11
2023-02-22,HELI,65098.0,9.65,628195.7000000001,2023-02-13,7
2023-02-23,AMOC,84449.0,8.33,703460.17,2023-02-07,12
2023-02-23,HELI,65098.0,9.75,634705.5,2023-02-13,8
2023-02-26,AMOC,84449.0,8.33,703460.17,2023-02-07,13
2023-02-26,HELI,65098.0,9.81,638611.38,2023-02-13,9
2023-02-27,AMOC,84449.0,8.47,715283.03,2023-02-07,14
2023-02-27,HELI,65098.0,9.9,644470.2000000001,2023-02-13,10
2023-02-28,AMOC,84449.0,8.49,716972.01,2023-02-07,15
2023-02-28,HELI,65098.0,9.75,634705.5,2023-02-13,11
2023-03-01,AMOC,84449.0,8.51,718660.99,2023-02-07,16
2023-03-01,HELI,65098.0,9.6,624940.7999999999,2023-02-13,12
2023-03-02,AMOC,84449.0,8.7,734706.2999999999,2023-02-07,17
2023-03-02,HELI,65098.0,9.36,609317.2799999999,2023-02-13,13
2023-03-05,AMOC,84449.0,8.6,726261.4,2023-02-07,18
2023-03-05,HELI,65098.0,9.2,598901.6,2023-02-13,14
2023-03-06,AMOC,84449.0,8.61,727105.8899999999,2023-02-07,19
2023-03-07,AMOC,84449.0,8.5,717816.5,2023-02-07,20
2023-03-08,AMOC,84449.0,8.26,697548.74,2023-02-07,21
2023-03-09,AMOC,84449.0,8.49,716972.01,2023-02-07,22
2023-03-12,AMOC,84449.0,8.31,701771.1900000001,2023-02-07,23
2023-03-13,AMOC,84449.0,8.15,688259.35,2023-02-07,24
2023-03-14,AMOC,84449.0,8.0,675592.0,2023-02-07,25
2023-03-15,AMOC,84449.0,7.19,607188.31,2023-02-07,26
2023-03-27,AMOC,72368.0,8.36,604996.48,2023-03-27,0
2023-03-28,AMOC,72368.0,8.74,632496.3200000001,2023-03-27,1
2023-03-29,AMOC,72368.0,9.38,678811.8400000001,2023-03-27,2
2023-03-30,AMOC,72368.0,9.05,654930.4,2023-03-27,3
2023-04-02,AMOC,72368.0,9.34,675917.12,2023-03-27,4
2023-04-03,AMOC,72368.0,9.62,696180.1599999999,2023-03-27,5
2023-04-04,AMOC,72368.0,9.38,678811.8400000001,2023-03-27,6
2023-04-05,AMOC,72368.0,9.19,665061.9199999999,2023-03-27,7
2023-04-06,AMOC,72368.0,9.19,665061.9199999999,2023-03-27,8
2023-04-09,AMOC,72368.0,9.07,656377.76,2023-03-27,9
2023-04-10,AMOC,72368.0,9.16,662890.88,2023-03-27,10
2023-04-10,VLMRA,12907.0,46.84,604563.88,2023-04-10,0
2023-04-11,AMOC,72368.0,9.51,688219.6799999999,2023-03-27,11
2023-04-11,VLMRA,12907.0,46.33,597981.3099999999,2023-04-10,1
2023-04-12,AMOC,72368.0,9.39,679535.52,2023-03-27,12
2023-04-12,VLMRA,12907.0,42.07,542997.49,2023-04-10,2
2023-04-13,AMOC,72368.0,9.6,694732.7999999999,2023-03-27,13
2023-04-18,AMOC,72368.0,9.99,722956.3200000001,2023-03-27,14
2023-04-18,COMI,9670.0,54.6,527982.0,2023-04-18,0
2023-04-19,AMOC,72368.0,10.13,733087.8400000001,2023-03-27,15
2023-04-19,VLMRA,11909.0,45.73,544598.57,2023-04-19,0
2023-04-19,COMI,9992.0,53.6,535571.2000000001,2023-04-19,0
2023-04-26,AMOC,72368.0,10.18,736706.24,2023-03-27,16
2023-04-26,VLMRA,11909.0,45.22,538524.98,2023-04-19,1
2023-04-26,COMI,9992.0,52.4,523580.8,2023-04-19,1
2023-04-27,VLMRA,11909.0,45.71,544360.39,2023-04-19,2
2023-04-30,VLMRA,11909.0,44.57,530784.13,2023-04-19,3
2023-05-01,VLMRA,11909.0,42.6,507323.4,2023-04-19,4
2023-05-09,ORWE,35199.0,16.5,580783.5,2023-05-09,0
2023-05-09,VLMRA,13087.0,44.05,576482.35,2023-05-09,0
2023-05-10,ORWE,35199.0,16.98,597679.02,2023-05-09,1
2023-05-10,VLMRA,13087.0,44.1,577136.7000000001,2023-05-09,1
2023-05-11,ORWE,35199.0,16.92,595567.0800000001,2023-05-09,2
2023-05-11,VLMRA,13087.0,43.65,571247.5499999999,2023-05-09,2
2023-05-14,ORWE,35199.0,17.04,599790.96,2023-05-09,3
2023-05-14,VLMRA,13087.0,42.36,554365.32,2023-05-09,3
2023-05-15,ORWE,35199.0,16.31,574095.69,2023-05-09,4
2023-05-16,ORWE,35199.0,15.52,546288.48,2023-05-09,5
2023-05-24,ORWE,35999.0,15.83,569864.17,2023-05-24,0
2023-05-25,ORWE,35999.0,15.49,557624.51,2023-05-24,1
2023-05-25,COMI,10697.0,52.3,559453.1,2023-05-25,0
2023-05-28,ORWE,35999.0,15.37,553304.63,2023-05-24,2
2023-05-28,COMI,10697.0,52.03,556564.91,2023-05-25,1
2023-05-28,ARCC,70375.0,7.98,561592.5,2023-05-28,0
2023-05-29,ORWE,35999.0,15.14,545024.86,2023-05-24,3
2023-05-29,COMI,10697.0,51.72,553248.84,2023-05-25,2
2023-05-29,ARCC,70375.0,7.93,558073.75,2023-05-28,1
2023-05-30,ORWE,35999.0,15.6,561584.4,2023-05-24,4
2023-05-30,COMI,10697.0,52.5,561592.5,2023-05-25,3
2023-05-30,ARCC,70375.0,7.99,562296.25,2023-05-28,2
2023-05-31,ORWE,35999.0,15.35,552584.65,2023-05-24,5
2023-05-31,COMI,10697.0,52.3,559453.1,2023-05-25,4
2023-05-31,ARCC,70375.0,7.98,561592.5,2023-05-28,3
2023-06-01,ORWE,35999.0,15.72,565904.28,2023-05-24,6
2023-06-01,COMI,10697.0,52.6,562662.2000000001,2023-05-25,5
2023-06-01,ARCC,70375.0,7.99,562296.25,2023-05-28,4
2023-06-04,ORWE,35999.0,15.7,565184.2999999999,2023-05-24,7
2023-06-04,COMI,10697.0,52.24,558811.28,2023-05-25,6
2023-06-04,ARCC,70375.0,7.88,554555.0,2023-05-28,5
2023-06-05,ORWE,35999.0,15.7,565184.2999999999,2023-05-24,8
2023-06-05,COMI,10697.0,52.05,556778.85,2023-05-25,7
2023-06-05,ARCC,70375.0,7.88,554555.0,2023-05-28,6
2023-06-06,ORWE,35999.0,15.48,557264.52,2023-05-24,9
2023-06-06,COMI,10697.0,52.4,560522.7999999999,2023-05-25,8
2023-06-06,ARCC,70375.0,7.88,554555.0,2023-05-28,7
2023-06-07,ORWE,35999.0,15.0,539985.0,2023-05-24,10
2023-06-07,COMI,10697.0,52.5,561592.5,2023-05-25,9
2023-06-07,ARCC,70375.0,7.88,554555.0,2023-05-28,8
2023-06-08,ORWE,35999.0,15.07,542504.93,2023-05-24,11
2023-06-08,COMI,10697.0,53.0,566941.0,2023-05-25,10
2023-06-08,ARCC,70375.0,7.88,554555.0,2023-05-28,9
2023-06-11,ORWE,35999.0,15.59,561224.41,2023-05-24,12
2023-06-11,COMI,10697.0,53.23,569401.3099999999,2023-05-25,11
2023-06-11,ARCC,70375.0,7.88,554555.0,2023-05-28,10
2023-06-12,ORWE,35999.0,15.51,558344.49,2023-05-24,13
2023-06-12,COMI,10697.0,52.15,557848.5499999999,2023-05-25,12
2023-06-12,ARCC,70375.0,7.88,554555.0,2023-05-28,11
2023-06-13,ORWE,35999.0,15.38,553664.62,2023-05-24,14
2023-06-13,COMI,10697.0,52.11,557420.67,2023-05-25,13
2023-06-13,ARCC,70375.0,7.5,527812.5,2023-05-28,12
2023-06-14,ORWE,35999.0,15.07,542504.93,2023-05-24,15
2023-06-14,COMI,10697.0,52.71,563838.87,2023-05-25,14
2023-06-14,ARCC,70375.0,7.26,510922.5,2023-05-28,13
2023-06-15,ORWE,35999.0,14.88,535665.12,2023-05-24,16
2023-06-15,COMI,10697.0,53.0,566941.0,2023-05-25,15
2023-06-15,EGAL,11940.0,43.0,513420.0,2023-06-15,0
2023-06-18,ORWE,35999.0,15.5,557984.5,2023-05-24,17
2023-06-18,COMI,10697.0,52.9,565871.2999999999,2023-05-25,16
2023-06-18,EGAL,11940.0,43.1,514614.0,2023-06-15,1
2023-06-19,ORWE,35999.0,15.39,554024.61,2023-05-24,18
2023-06-19,COMI,10697.0,52.31,559560.0700000001,2023-05-25,17
2023-06-19,EGAL,11940.0,43.6,520584.0,2023-06-15,2
2023-06-20,ORWE,35999.0,15.18,546464.82,2023-05-24,19
2023-06-20,COMI,10697.0,51.96,555816.12,2023-05-25,18
2023-06-20,EGAL,11940.0,44.14,527031.6,2023-06-15,3
2023-06-21,ORWE,35999.0,14.91,536745.09,2023-05-24,20
2023-06-21,EGAL,11940.0,42.98,513181.19999999995,2023-06-15,4
2023-06-22,ORWE,35999.0,15.0,539985.0,2023-05-24,21
2023-06-22,EGAL,11940.0,43.0,513420.0,2023-06-15,5
2023-06-25,ORWE,35999.0,14.62,526305.38,2023-05-24,22
2023-06-25,EGAL,11940.0,42.57,508285.8,2023-06-15,6
2023-07-04,ISPH,204951.0,2.57,526724.07,2023-07-04,0
2023-07-04,CCAP,182413.0,2.86,521701.18,2023-07-04,0
2023-07-04,EGCH,74554.0,7.21,537534.34,2023-07-04,0
2023-07-05,ISPH,204951.0,2.5,512377.5,2023-07-04,1
2023-07-05,CCAP,182413.0,2.87,523525.31,2023-07-04,1
2023-07-05,EGCH,74554.0,7.14,532315.5599999999,2023-07-04,1
2023-07-06,ISPH,204951.0,2.4,491882.39999999997,2023-07-04,2
2023-07-06,CCAP,182413.0,2.92,532645.96,2023-07-04,2
2023-07-06,EGCH,74554.0,6.96,518895.84,2023-07-04,2
2023-07-09,CCAP,182413.0,2.45,446911.85000000003,2023-07-04,3
2023-07-09,EGCH,74554.0,6.58,490565.32,2023-07-04,3
2023-07-16,EGCH,68113.0,6.96,474066.48,2023-07-16,0
2023-07-17,EGCH,68113.0,6.88,468617.44,2023-07-16,1
2023-07-17,HELI,44100.0,10.66,470106.0,2023-07-17,0
2023-07-18,EGCH,68113.0,7.18,489051.33999999997,2023-07-16,2
2023-07-18,HELI,44100.0,11.25,496125.0,2023-07-17,1
2023-07-19,EGCH,68113.0,7.01,477472.13,2023-07-16,3
2023-07-19,HELI,44100.0,11.04,486863.99999999994,2023-07-17,2
2023-07-24,EGCH,68113.0,7.01,477472.13,2023-07-16,4
2023-07-24,HELI,44100.0,10.77,474957.0,2023-07-17,3
2023-07-25,EGCH,68113.0,6.91,470660.83,2023-07-16,5
2023-07-25,HELI,44100.0,10.5,463050.0,2023-07-17,4
2023-07-26,EGCH,68113.0,6.89,469298.57,2023-07-16,6
2023-07-26,HELI,44100.0,10.53,464373.0,2023-07-17,5
2023-07-27,EGCH,68113.0,6.84,465892.92,2023-07-16,7
2023-07-27,HELI,44100.0,10.46,461286.00000000006,2023-07-17,6
2023-07-30,EGCH,68113.0,6.92,471341.96,2023-07-16,8
2023-07-30,HELI,44100.0,10.62,468341.99999999994,2023-07-17,7
2023-07-31,EGCH,68113.0,6.87,467936.31,2023-07-16,9
2023-07-31,HELI,44100.0,11.09,489069.0,2023-07-17,8
2023-08-01,EGCH,68113.0,6.69,455675.97000000003,2023-07-16,10
2023-08-01,HELI,44100.0,10.8,476280.00000000006,2023-07-17,9
2023-08-01,ORHD,44449.0,10.69,475159.81,2023-08-01,0
2023-08-02,HELI,44100.0,10.72,472752.0,2023-07-17,10
2023-08-02,ORAS,3827.0,118.57,453767.38999999996,2023-08-02,0
2023-08-02,GBCO,68205.0,6.39,435829.94999999995,2023-08-02,0
2023-08-03,HELI,44100.0,10.89,480249.0,2023-07-17,11
2023-08-03,ORAS,3827.0,118.05,451777.35,2023-08-02,1
2023-08-06,HELI,44100.0,12.12,534492.0,2023-07-17,12
2023-08-07,HELI,44100.0,12.2,538020.0,2023-07-17,13
2023-08-07,ORHD,40475.0,10.92,441987.0,2023-08-07,0
2023-08-07,GBCO,66908.0,6.59,440923.72,2023-08-07,0
2023-08-08,HELI,44100.0,11.8,520380.00000000006,2023-07-17,14
2023-08-08,ORHD,40475.0,10.93,442391.75,2023-08-07,1
2023-08-08,GBCO,66908.0,6.75,451629.0,2023-08-07,1
2023-08-09,HELI,44100.0,12.26,540666.0,2023-07-17,15
2023-08-09,ORHD,40475.0,10.93,442391.75,2023-08-07,2
2023-08-09,GBCO,66908.0,6.8,454974.39999999997,2023-08-07,2
2023-08-10,HELI,44100.0,12.06,531846.0,2023-07-17,16
2023-08-10,ORHD,40475.0,10.83,438344.25,2023-08-07,3
2023-08-10,GBCO,66908.0,6.72,449621.76,2023-08-07,3
2023-08-13,HELI,44100.0,12.3,542430.0,2023-07-17,17
2023-08-13,ORHD,40475.0,10.71,433487.25000000006,2023-08-07,4
2023-08-13,GBCO,66908.0,6.75,451629.0,2023-08-07,4
2023-08-14,HELI,44100.0,12.33,543753.0,2023-07-17,18
2023-08-14,ORHD,40475.0,10.7,433082.5,2023-08-07,5
2023-08-14,GBCO,66908.0,6.6,441592.8,2023-08-07,5
2023-08-15,HELI,44100.0,12.07,532287.0,2023-07-17,19
2023-08-15,ORHD,40475.0,11.01,445629.75,2023-08-07,6
2023-08-15,GBCO,66908.0,6.5,434902.0,2023-08-07,6
2023-08-16,HELI,44100.0,12.19,537579.0,2023-07-17,20
2023-08-16,ORHD,40475.0,10.86,439558.5,2023-08-07,7
2023-08-16,GBCO,66908.0,6.45,431556.60000000003,2023-08-07,7
2023-08-17,HELI,44100.0,12.35,544635.0,2023-07-17,21
2023-08-17,ORHD,40475.0,10.8,437130.0,2023-08-07,8
2023-08-17,GBCO,66908.0,6.41,428880.28,2023-08-07,8
2023-08-20,HELI,44100.0,12.5,551250.0,2023-07-17,22
2023-08-20,ORHD,40475.0,10.72,433892.0,2023-08-07,9
2023-08-21,HELI,44100.0,12.84,566244.0,2023-07-17,23
2023-08-21,ORHD,40475.0,10.69,432677.75,2023-08-07,10
2023-08-22,ORHD,40475.0,10.74,434701.5,2023-08-07,11
2023-08-23,ORHD,40475.0,10.57,427820.75,2023-08-07,12
2023-08-24,ORHD,40475.0,10.51,425392.25,2023-08-07,13
2023-08-28,ORAS,3830.0,122.83,470438.89999999997,2023-08-28,0
2023-08-29,ORAS,3830.0,123.22,471932.6,2023-08-28,1
2023-08-30,ORAS,3830.0,119.0,455770.0,2023-08-28,2
2023-09-11,HELI,38252.0,12.38,473559.76,2023-09-11,0
2023-09-11,ORAS,3937.0,117.6,462991.19999999995,2023-09-11,0
2023-09-12,HELI,38252.0,12.13,463996.76,2023-09-11,1
2023-09-12,ORAS,3937.0,117.63,463109.31,2023-09-11,1
2023-09-13,HELI,38252.0,12.24,468204.48,2023-09-11,2
2023-09-13,ORAS,3937.0,119.0,468503.0,2023-09-11,2
2023-09-14,HELI,38252.0,12.32,471264.64,2023-09-11,3
2023-09-14,ORAS,3937.0,120.0,472440.0,2023-09-11,3
2023-09-17,HELI,38252.0,12.15,464761.8,2023-09-11,4
2023-09-17,ORAS,3937.0,120.95,476180.15,2023-09-11,4
2023-09-18,HELI,38252.0,12.07,461701.64,2023-09-11,5
2023-09-18,ORAS,3937.0,121.99,480274.63,2023-09-11,5
2023-09-19,HELI,38252.0,12.18,465909.36,2023-09-11,6
2023-09-19,ORAS,3937.0,122.73,483188.01,2023-09-11,6
2023-09-20,HELI,38252.0,11.96,457493.92000000004,2023-09-11,7
2023-09-20,ORAS,3937.0,122.17,480983.29,2023-09-11,7
2023-09-21,HELI,38252.0,11.96,457493.92000000004,2023-09-11,8
2023-09-21,ORAS,3937.0,126.0,496062.0,2023-09-11,8
2023-09-24,HELI,38252.0,11.75,449461.0,2023-09-11,9
2023-09-24,ORAS,3937.0,128.02,504014.74000000005,2023-09-11,9
2023-09-25,ORAS,3937.0,131.98,519605.25999999995,2023-09-11,10
2023-10-02,EAST,25941.0,18.06,468494.45999999996,2023-10-02,0
2023-10-11,TMGH,36062.0,13.11,472772.82,2023-10-11,0
2023-10-11,EAST,26241.0,17.85,468401.85000000003,2023-10-11,0
2023-10-12,TMGH,36062.0,13.15,474215.3,2023-10-11,1
2023-10-12,EAST,26241.0,18.25,478898.25,2023-10-11,1
2023-10-15,TMGH,36062.0,13.07,471330.34,2023-10-11,2
2023-10-15,EAST,26241.0,18.17,476798.97000000003,2023-10-11,2
2023-10-16,TMGH,36062.0,13.5,486837.0,2023-10-11,3
2023-10-16,EAST,26241.0,18.51,485720.91000000003,2023-10-11,3
2023-10-16,ORWE,29939.0,16.2,485011.8,2023-10-16,0
2023-10-17,TMGH,36062.0,15.56,561124.72,2023-10-11,4
2023-10-17,EAST,26241.0,20.0,524820.0,2023-10-11,4
2023-10-17,ORWE,29939.0,18.52,554470.28,2023-10-16,1
2023-10-18,TMGH,36062.0,15.4,555354.8,2023-10-11,5
2023-10-18,EAST,26241.0,20.29,532429.89,2023-10-11,5
2023-10-18,ORWE,29789.0,17.6,524286.4,2023-10-18,0
2023-10-19,TMGH,36062.0,15.73,567255.26,2023-10-11,6
2023-10-19,ORWE,29870.0,16.94,505997.80000000005,2023-10-19,0
2023-10-22,ORWE,29870.0,17.86,533478.2,2023-10-19,1
2023-10-23,ORWE,29870.0,17.51,523023.70000000007,2023-10-19,2
2023-10-24,ORWE,29870.0,17.55,524218.5,2023-10-19,3
2023-10-25,ORWE,29870.0,19.98,596802.6,2023-10-19,4
2023-10-26,ORWE,29870.0,19.16,572309.2,2023-10-19,5
2023-10-29,ORWE,29870.0,19.13,571413.1,2023-10-19,6
2023-10-29,HELI,45882.0,12.65,580407.3,2023-10-29,0
2023-10-30,ORWE,29870.0,18.65,557075.5,2023-10-19,7
2023-10-30,HELI,45882.0,12.13,556548.66,2023-10-29,1
2023-10-31,ORWE,29870.0,18.5,552595.0,2023-10-19,8
2023-10-31,HELI,45882.0,11.75,539113.5,2023-10-29,2
2023-10-31,EAST,26218.0,19.55,512561.9,2023-10-31,0
2023-11-01,ORWE,29870.0,19.0,567530.0,2023-10-19,9
2023-11-01,HELI,45882.0,11.64,534066.48,2023-10-29,3
2023-11-02,ORWE,29870.0,18.9,564543.0,2023-10-19,10
2023-11-05,ORWE,29870.0,18.73,559465.1,2023-10-19,11
2023-11-06,ORWE,29870.0,18.17,542737.9,2023-10-19,12
2023-11-06,EAST,26684.0,19.4,517669.6,2023-11-06,0
2023-11-07,ORWE,29870.0,17.81,531984.7,2023-10-19,13
2023-11-07,EAST,26684.0,20.0,533680.0,2023-11-06,1
2023-11-07,ORAS,2965.0,178.0,527770.0,2023-11-07,0
2023-11-08,ORWE,29870.0,18.12,541244.4,2023-10-19,14
2023-11-08,EAST,26684.0,20.0,533680.0,2023-11-06,2
2023-11-08,ORAS,2965.0,172.76,512233.39999999997,2023-11-07,1
2023-11-09,ORWE,29870.0,17.88,534075.6,2023-10-19,15
2023-11-09,EAST,26684.0,20.07,535547.88,2023-11-06,3
2023-11-09,ORAS,2965.0,171.69,509060.85,2023-11-07,2
2023-11-12,ORWE,29870.0,18.22,544231.4,2023-10-19,16
2023-11-12,EAST,26684.0,20.09,536081.5599999999,2023-11-06,4
2023-11-12,ORAS,2965.0,168.02,498179.30000000005,2023-11-07,3
2023-11-13,ORWE,29870.0,17.71,528997.7000000001,2023-10-19,17
2023-11-13,EAST,26684.0,21.56,575307.0399999999,2023-11-06,5
2023-11-13,ABUK,6073.0,79.0,479767.0,2023-11-13,0
2023-11-14,ORWE,29870.0,17.86,533478.2,2023-10-19,18
2023-11-14,EAST,26684.0,21.01,560630.8400000001,2023-11-06,6
2023-11-14,ABUK,6073.0,81.25,493431.25,2023-11-13,1
2023-11-15,ORWE,29870.0,18.0,537660.0,2023-10-19,19
2023-11-15,EAST,26684.0,20.59,549423.5599999999,2023-11-06,7
2023-11-15,ABUK,6073.0,82.0,497986.0,2023-11-13,2
2023-11-16,ORWE,29870.0,18.31,546919.7,2023-10-19,20
2023-11-16,EAST,26684.0,20.78,554493.52,2023-11-06,8
2023-11-16,ABUK,6073.0,83.55,507399.14999999997,2023-11-13,3
2023-11-19,ORWE,29870.0,18.33,547517.1,2023-10-19,21
2023-11-19,EAST,26684.0,20.81,555294.0399999999,2023-11-06,9
2023-11-19,ABUK,6073.0,85.35,518330.55,2023-11-13,4
2023-11-20,ORWE,29870.0,17.9,534673.0,2023-10-19,22
2023-11-20,EAST,26684.0,20.81,555294.0399999999,2023-11-06,10
2023-11-20,ABUK,6073.0,84.99,516144.26999999996,2023-11-13,5
2023-11-21,ORWE,29870.0,17.9,534673.0,2023-10-19,23
2023-11-21,EAST,26684.0,20.81,555294.0399999999,2023-11-06,11
2023-11-21,ABUK,6073.0,85.43,518816.39,2023-11-13,6
2023-11-22,ORWE,29870.0,17.84,532880.8,2023-10-19,24
2023-11-22,EAST,26684.0,20.31,541952.0399999999,2023-11-06,12
2023-11-22,ABUK,6073.0,84.33,512136.08999999997,2023-11-13,7
2023-11-23,ORWE,29870.0,18.2,543634.0,2023-10-19,25
2023-11-23,EAST,26684.0,20.07,535547.88,2023-11-06,13
2023-11-23,ABUK,6073.0,84.25,511650.25,2023-11-13,8
2023-11-26,ORWE,29870.0,18.67,557672.9,2023-10-19,26
2023-11-26,EAST,26684.0,20.22,539550.48,2023-11-06,14
2023-11-26,ABUK,6073.0,84.0,510132.0,2023-11-13,9
2023-11-27,ORWE,29870.0,19.07,569620.9,2023-10-19,27
2023-11-27,EAST,26684.0,19.88,530477.9199999999,2023-11-06,15
2023-11-27,ABUK,6073.0,82.0,497986.0,2023-11-13,10
2023-11-28,ORWE,29870.0,18.47,551698.9,2023-10-19,28
2023-11-28,EAST,26684.0,19.01,507262.84,2023-11-06,16
2023-11-28,ABUK,6073.0,79.25,481285.25,2023-11-13,11
2023-11-29,ORWE,29870.0,18.0,537660.0,2023-10-19,29
2023-11-29,EAST,26684.0,19.48,519804.32,2023-11-06,17
2023-11-29,ABUK,6073.0,80.0,485840.0,2023-11-13,12
2023-11-30,ORWE,29870.0,18.23,544530.1,2023-10-19,30
2023-11-30,EAST,26684.0,19.25,513667.0,2023-11-06,18
2023-11-30,ABUK,6073.0,79.35,481892.55,2023-11-13,13
2023-12-03,ORWE,29870.0,18.01,537958.7000000001,2023-10-19,31
2023-12-03,ABUK,6073.0,77.21,468896.32999999996,2023-11-13,14
2023-12-04,ORWE,29870.0,18.3,546621.0,2023-10-19,32
2023-12-04,PHDC,166276.0,3.11,517118.36,2023-12-04,0
2023-12-05,ORWE,29870.0,18.9,564543.0,2023-10-19,33
2023-12-05,PHDC,166276.0,3.07,510467.31999999995,2023-12-04,1
2023-12-05,TMGH,20322.0,23.69,481428.18000000005,2023-12-05,0
2023-12-06,ORWE,29870.0,18.14,541841.8,2023-10-19,34
2023-12-06,PHDC,166276.0,3.14,522106.64,2023-12-04,2
2023-12-06,TMGH,20322.0,23.22,471876.83999999997,2023-12-05,1
2023-12-07,ORWE,29870.0,18.09,540348.3,2023-10-19,35
2023-12-07,PHDC,166276.0,3.07,510467.31999999995,2023-12-04,3
2023-12-07,TMGH,20322.0,23.18,471063.96,2023-12-05,2
2023-12-10,ORWE,29870.0,17.75,530192.5,2023-10-19,36
2023-12-10,PHDC,166276.0,2.9,482200.39999999997,2023-12-04,4
2023-12-11,ORWE,29870.0,17.1,510777.00000000006,2023-10-19,37
2023-12-11,PHDC,166276.0,2.95,490514.2,2023-12-04,5
2023-12-12,PHDC,166276.0,2.9,482200.39999999997,2023-12-04,6
2023-12-13,PHDC,166276.0,2.99,497165.24000000005,2023-12-04,7
2023-12-14,PHDC,166276.0,3.0,498828.0,2023-12-04,8
2023-12-14,TMGH,20973.0,22.75,477135.75,2023-12-14,0
2023-12-17,PHDC,166276.0,3.01,500490.75999999995,2023-12-04,9
2023-12-17,TMGH,20973.0,22.95,481330.35,2023-12-14,1
2023-12-18,PHDC,166276.0,3.08,512130.08,2023-12-04,10
2023-12-18,TMGH,20973.0,23.52,493284.95999999996,2023-12-14,2
2023-12-19,PHDC,166276.0,3.02,502153.52,2023-12-04,11
2023-12-19,TMGH,20973.0,25.0,524325.0,2023-12-14,3
2023-12-19,ORAS,2705.0,180.16,487332.8,2023-12-19,0
2023-12-20,PHDC,166276.0,2.96,492176.96,2023-12-04,12
2023-12-20,TMGH,20973.0,25.27,529987.71,2023-12-14,4
2023-12-20,ORAS,2705.0,176.61,477730.05000000005,2023-12-19,1
2023-12-21,PHDC,166276.0,2.81,467235.56,2023-12-04,13
2023-12-21,TMGH,20973.0,24.3,509643.9,2023-12-14,5
2023-12-21,ORAS,2705.0,176.66,477865.3,2023-12-19,2
2023-12-24,TMGH,20973.0,23.66,496221.18,2023-12-14,6
2023-12-24,ORAS,2705.0,171.87,464908.35000000003,2023-12-19,3
2023-12-25,TMGH,20973.0,25.2,528519.6,2023-12-14,7
2023-12-26,TMGH,20973.0,24.5,513838.5,2023-12-14,8
2023-12-26,ORAS,2578.0,178.0,458884.0,2023-12-26,0
2023-12-27,TMGH,20973.0,24.16,506707.68,2023-12-14,9
2023-12-27,ORAS,2578.0,181.0,466618.0,2023-12-26,1
2023-12-28,TMGH,20973.0,23.85,500206.05000000005,2023-12-14,10
2023-12-28,ORAS,2578.0,181.71,468448.38,2023-12-26,2
2023-12-28,ABUK,5613.0,83.35,467843.55,2023-12-28,0
2023-12-31,TMGH,20973.0,24.15,506497.94999999995,2023-12-14,11
2023-12-31,ORAS,2578.0,180.17,464478.25999999995,2023-12-26,3
2023-12-31,ABUK,5613.0,84.0,471492.0,2023-12-28,1
2024-01-02,TMGH,20973.0,24.33,510273.08999999997,2023-12-14,12
2024-01-02,ORAS,2578.0,181.86,468835.08,2023-12-26,4
2024-01-02,ABUK,5613.0,83.4,468124.2,2023-12-28,2
2024-01-03,TMGH,20973.0,24.24,508385.51999999996,2023-12-14,13
2024-01-03,ORAS,2578.0,183.0,471774.0,2023-12-26,5
2024-01-03,ABUK,5613.0,83.51,468741.63,2023-12-28,3
2024-01-04,TMGH,20973.0,23.99,503142.26999999996,2023-12-14,14
2024-01-04,ORAS,2578.0,183.0,471774.0,2023-12-26,6
2024-01-04,ABUK,5613.0,82.0,460266.0,2023-12-28,4
2024-01-08,TMGH,20973.0,23.65,496011.44999999995,2023-12-14,15
2024-01-08,ORAS,2578.0,180.86,466257.08,2023-12-26,7
2024-01-08,ABUK,5613.0,82.2,461388.60000000003,2023-12-28,5
2024-01-09,TMGH,20973.0,23.88,500835.24,2023-12-14,16
2024-01-09,ORAS,2578.0,181.11,466901.58,2023-12-26,8
2024-01-09,ABUK,5613.0,84.95,476824.35000000003,2023-12-28,6
2024-01-10,TMGH,20973.0,23.91,501464.43,2023-12-14,17
2024-01-10,ORAS,2578.0,181.44,467752.32,2023-12-26,9
2024-01-10,ABUK,5613.0,85.61,480528.93,2023-12-28,7
2024-01-11,TMGH,20973.0,23.6,494962.80000000005,2023-12-14,18
2024-01-11,ORAS,2578.0,184.35,475254.3,2023-12-26,10
2024-01-11,ABUK,5613.0,87.59,491642.67000000004,2023-12-28,8
2024-01-14,TMGH,20973.0,25.01,524534.73,2023-12-14,19
2024-01-14,ORAS,2578.0,186.0,479508.0,2023-12-26,11
2024-01-14,ABUK,5613.0,89.1,500118.3,2023-12-28,9
2024-01-15,TMGH,20973.0,25.32,531036.36,2023-12-14,20
2024-01-15,ORAS,2578.0,186.0,479508.0,2023-12-26,12
2024-01-15,ABUK,5613.0,89.31,501297.03,2023-12-28,10
2024-01-16,TMGH,20973.0,28.3,593535.9,2023-12-14,21
2024-01-16,ORAS,2578.0,186.6,481054.8,2023-12-26,13
2024-01-16,ABUK,5613.0,90.0,505170.0,2023-12-28,11
2024-01-17,ORAS,2578.0,192.0,494976.0,2023-12-26,14
2024-01-17,ABUK,5613.0,90.0,505170.0,2023-12-28,12
2024-01-17,TMGH,21221.0,28.0,594188.0,2024-01-17,0
2024-01-18,ORAS,2578.0,190.51,491134.77999999997,2023-12-26,15
2024-01-18,ABUK,5613.0,90.0,505170.0,2023-12-28,13
2024-01-18,TMGH,21221.0,28.1,596310.1,2024-01-17,1
2024-01-21,ORAS,2578.0,192.09,495208.02,2023-12-26,16
2024-01-21,ABUK,5613.0,94.0,527622.0,2023-12-28,14
2024-01-21,TMGH,21221.0,31.48,668037.08,2024-01-17,2
2024-01-22,ORAS,2578.0,194.06,500286.68,2023-12-26,17
2024-01-22,ABUK,5613.0,94.0,527622.0,2023-12-28,15
2024-01-22,TMGH,21221.0,32.85,697109.85,2024-01-17,3
2024-01-23,ORAS,2578.0,193.13,497889.14,2023-12-26,18
2024-01-23,ABUK,5613.0,92.02,516508.25999999995,2023-12-28,16
2024-01-23,TMGH,21221.0,32.05,680133.0499999999,2024-01-17,4
2024-01-24,ORAS,2578.0,194.41,501188.98,2023-12-26,19
2024-01-24,ABUK,5613.0,92.0,516396.0,2023-12-28,17
2024-01-24,TMGH,21221.0,34.75,737429.75,2024-01-17,5
2024-01-28,ORAS,2578.0,203.1,523591.8,2023-12-26,20
2024-01-28,ABUK,5613.0,98.99,555630.87,2023-12-28,18
2024-01-29,ORAS,2578.0,214.5,552981.0,2023-12-26,21
2024-01-31,PHDC,174937.0,3.13,547552.8099999999,2024-01-31,0
2024-02-05,PHDC,171421.0,3.61,618829.8099999999,2024-02-05,0
2024-02-06,PHDC,171421.0,3.65,625686.65,2024-02-05,1
2024-02-07,PHDC,171421.0,3.55,608544.5499999999,2024-02-05,2
2024-02-08,PHDC,171421.0,3.56,610258.76,2024-02-05,3
2024-02-11,PHDC,171421.0,3.54,606830.34,2024-02-05,4
2024-02-12,PHDC,171421.0,3.65,625686.65,2024-02-05,5
2024-02-13,PHDC,171421.0,3.65,625686.65,2024-02-05,6
2024-02-13,ORWE,24288.0,24.14,586312.3200000001,2024-02-13,0
2024-02-14,PHDC,171421.0,3.69,632543.49,2024-02-05,7
2024-02-14,ORWE,24288.0,24.1,585340.8,2024-02-13,1
2024-02-15,PHDC,171421.0,3.76,644542.96,2024-02-05,8
2024-02-15,ORWE,24288.0,24.0,582912.0,2024-02-13,2
2024-02-18,PHDC,171421.0,3.71,635971.91,2024-02-05,9
2024-02-18,ORWE,24288.0,25.21,612300.48,2024-02-13,3
2024-02-19,PHDC,171421.0,3.85,659970.85,2024-02-05,10
2024-02-19,ORWE,24288.0,24.6,597484.8,2024-02-13,4
2024-02-19,MCQE,26502.0,22.29,590729.58,2024-02-19,0
2024-02-20,PHDC,171421.0,4.24,726825.04,2024-02-05,11
2024-02-20,ORWE,24288.0,24.4,592627.2,2024-02-13,5
2024-02-20,MCQE,26502.0,22.15,587019.2999999999,2024-02-19,1
2024-02-21,PHDC,171421.0,4.24,726825.04,2024-02-05,12
2024-02-21,ORWE,24288.0,24.88,604285.44,2024-02-13,6
2024-02-21,MCQE,26502.0,22.54,597355.08,2024-02-19,2
2024-02-22,PHDC,171421.0,4.48,767966.0800000001,2024-02-05,13
2024-02-22,ORWE,24288.0,25.35,615700.8,2024-02-13,7
2024-02-22,MCQE,26502.0,25.95,687726.9,2024-02-19,3
2024-02-25,ORWE,24288.0,20.94,508590.72000000003,2024-02-13,8
2024-03-13,JUFO,28470.0,22.7,646269.0,2024-03-13,0
2024-03-14,JUFO,28673.0,22.23,637400.79,2024-03-14,0
2024-03-17,JUFO,29030.0,22.03,639530.9,2024-03-17,0
2024-03-18,JUFO,29030.0,20.99,609339.7,2024-03-17,1
2024-04-02,TMGH,9747.0,64.0,623808.0,2024-04-02,0
2024-04-02,ORAS,2328.0,276.73,644227.4400000001,2024-04-02,0
2024-04-03,TMGH,9747.0,64.6,629656.2,2024-04-02,1
2024-04-03,ORAS,2328.0,280.0,651840.0,2024-04-02,1
2024-04-04,TMGH,9747.0,68.0,662796.0,2024-04-02,2
2024-04-04,ORAS,2328.0,284.6,662548.8,2024-04-02,2
2024-04-07,TMGH,9747.0,63.5,618934.5,2024-04-02,3
2024-04-07,ORAS,2328.0,285.01,663503.28,2024-04-02,3
2024-04-08,TMGH,9747.0,65.09,634432.23,2024-04-02,4
2024-04-08,ORAS,2328.0,291.0,677448.0,2024-04-02,4
2024-04-15,TMGH,9747.0,68.62,668839.14,2024-04-02,5
2024-04-15,ORAS,2328.0,288.89,672535.9199999999,2024-04-02,5
2024-04-16,TMGH,9747.0,66.87,651781.89,2024-04-02,6
2024-04-16,ORAS,2328.0,284.55,662432.4,2024-04-02,6
2024-04-16,GBCO,52764.0,11.75,619977.0,2024-04-16,0
2024-04-17,TMGH,9747.0,68.57,668351.7899999999,2024-04-02,7
2024-04-17,ORAS,2328.0,286.7,667437.6,2024-04-02,7
2024-04-17,GBCO,52764.0,11.7,617338.7999999999,2024-04-16,1
2024-04-18,TMGH,9747.0,65.05,634042.35,2024-04-02,8
2024-04-18,ORAS,2328.0,270.0,628560.0,2024-04-02,8
2024-04-18,GBCO,52764.0,10.97,578821.0800000001,2024-04-16,2
2024-04-21,TMGH,9747.0,64.16,625367.52,2024-04-02,9
2024-04-21,ORAS,2328.0,274.0,637872.0,2024-04-02,9
2024-04-22,TMGH,9747.0,62.5,609187.5,2024-04-02,10
2024-04-22,ORAS,2328.0,266.25,619830.0,2024-04-02,10
2024-04-23,TMGH,9747.0,58.5,570199.5,2024-04-02,11
2024-04-23,ORAS,2328.0,249.0,579672.0,2024-04-02,11
2024-05-07,EFIH,27565.0,20.13,554883.45,2024-05-07,0
2024-05-08,EFIH,27565.0,19.61,540549.65,2024-05-07,1
2024-05-09,EFIH,27565.0,19.44,535863.6000000001,2024-05-07,2
2024-05-19,EFIH,28123.0,20.49,576240.2699999999,2024-05-19,0
2024-05-20,EFIH,28123.0,19.81,557116.63,2024-05-19,1
2024-05-20,GBCO,47045.0,12.02,565480.9,2024-05-20,0
2024-05-21,EFIH,28123.0,20.73,582989.79,2024-05-19,2
2024-05-21,GBCO,47045.0,11.44,538194.7999999999,2024-05-20,1
2024-05-21,ORAS,2029.0,273.0,553917.0,2024-05-21,0
2024-05-22,EFIH,28123.0,20.54,577646.4199999999,2024-05-19,3
2024-05-22,GBCO,47045.0,11.21,527374.4500000001,2024-05-20,2
2024-05-22,ORAS,2029.0,271.0,549859.0,2024-05-21,1
2024-05-23,EFIH,28123.0,20.4,573709.2,2024-05-19,4
2024-05-23,ORAS,2029.0,268.0,543772.0,2024-05-21,2
2024-05-26,EFIH,28123.0,20.22,568647.0599999999,2024-05-19,5
2024-05-26,ORAS,2029.0,275.74,559476.46,2024-05-21,3
2024-05-27,EFIH,28123.0,20.37,572865.51,2024-05-19,6
2024-05-27,ORAS,2029.0,273.45,554830.0499999999,2024-05-21,4
2024-05-28,EFIH,28123.0,20.0,562460.0,2024-05-19,7
2024-05-28,ORAS,2029.0,269.88,547586.52,2024-05-21,5
2024-05-29,EFIH,28123.0,19.36,544461.28,2024-05-19,8
2024-05-29,ORAS,2029.0,269.7,547221.2999999999,2024-05-21,6
2024-05-30,EFIH,28123.0,19.39,545304.97,2024-05-19,9
2024-05-30,ORAS,2029.0,266.75,541235.75,2024-05-21,7
2024-06-02,EFIH,28123.0,19.96,561335.0800000001,2024-05-19,10
2024-06-02,ORAS,2029.0,268.0,543772.0,2024-05-21,8
2024-06-03,EFIH,28123.0,19.83,557679.09,2024-05-19,11
2024-06-03,ORAS,2029.0,265.84,539389.36,2024-05-21,9
2024-06-04,EFIH,28123.0,19.61,551492.03,2024-05-19,12
2024-06-04,ORAS,2029.0,266.0,539714.0,2024-05-21,10
2024-06-05,EFIH,28123.0,19.74,555148.0199999999,2024-05-19,13
2024-06-05,ORAS,2029.0,264.43,536528.47,2024-05-21,11
2024-06-06,EFIH,28123.0,18.5,520275.5,2024-05-19,14
2024-06-06,ORAS,2029.0,260.7,528960.2999999999,2024-05-21,12
2024-06-09,ORAS,2029.0,251.55,510394.95,2024-05-21,13
2024-06-12,GBCO,45585.0,11.35,517389.75,2024-06-12,0
2024-06-13,GBCO,45585.0,11.72,534256.2000000001,2024-06-12,1
2024-06-13,ORAS,1927.0,271.0,522217.0,2024-06-13,0
2024-06-23,GBCO,45585.0,12.0,547020.0,2024-06-12,2
2024-06-23,ORAS,1927.0,282.0,543414.0,2024-06-13,1
2024-06-23,EFIH,26554.0,20.04,532142.16,2024-06-23,0
2024-06-24,GBCO,45585.0,12.78,582576.2999999999,2024-06-12,3
2024-06-24,ORAS,1927.0,275.02,529963.5399999999,2024-06-13,2
2024-06-24,EFIH,26554.0,20.08,533204.32,2024-06-23,1
2024-06-25,GBCO,45585.0,14.8,674658.0,2024-06-12,4
2024-06-25,ORAS,1927.0,275.23,530368.2100000001,2024-06-13,3
2024-06-25,EFIH,26554.0,20.01,531345.54,2024-06-23,2
2024-06-26,ORAS,1927.0,273.01,526090.27,2024-06-13,4
2024-06-26,EFIH,26554.0,20.37,540904.98,2024-06-23,3
2024-06-27,ORAS,1927.0,272.2,524529.4,2024-06-13,5
2024-06-27,EFIH,26554.0,20.64,548074.56,2024-06-23,4
2024-07-01,ORAS,1927.0,275.0,529925.0,2024-06-13,6
2024-07-01,EFIH,26554.0,21.28,565069.12,2024-06-23,5
2024-07-02,ORAS,1927.0,276.1,532044.7000000001,2024-06-13,7
2024-07-02,EFIH,26554.0,21.46,569848.84,2024-06-23,6
2024-07-03,ORAS,1927.0,274.03,528055.8099999999,2024-06-13,8
2024-07-03,EFIH,26554.0,21.36,567193.44,2024-06-23,7
2024-07-04,ORAS,1927.0,274.5,528961.5,2024-06-13,9
2024-07-04,EFIH,26554.0,21.52,571442.08,2024-06-23,8
2024-07-07,ORAS,1927.0,272.28,524683.5599999999,2024-06-13,10
2024-07-07,EFIH,26554.0,21.68,575690.72,2024-06-23,9
2024-07-08,ORAS,1927.0,264.0,508728.0,2024-06-13,11
2024-07-08,EFIH,26554.0,22.79,605165.66,2024-06-23,10
2024-07-09,ORAS,1927.0,261.12,503178.24,2024-06-13,12
2024-07-09,EFIH,26554.0,23.5,624019.0,2024-06-23,11
2024-07-10,ORAS,1927.0,263.69,508130.63,2024-06-13,13
2024-07-10,EFIH,26554.0,22.82,605962.28,2024-06-23,12
2024-07-10,GBCO,46471.0,14.07,653846.97,2024-07-10,0
2024-07-14,ORAS,1927.0,259.73,500499.71,2024-06-13,14
2024-07-14,EFIH,26554.0,23.0,610742.0,2024-06-23,13
2024-07-14,GBCO,46471.0,13.5,627358.5,2024-07-10,1
2024-07-21,ORWE,24537.0,23.96,587906.52,2024-07-21,0
2024-07-21,GBCO,39121.0,14.53,568428.13,2024-07-21,0
2024-07-21,ORAS,2143.0,269.7,577967.1,2024-07-21,0
2024-07-22,ORWE,24537.0,24.27,595512.99,2024-07-21,1
2024-07-22,GBCO,39121.0,13.93,544955.53,2024-07-21,1
2024-07-22,ORAS,2143.0,268.51,575416.9299999999,2024-07-21,1
2024-07-23,ORWE,24537.0,25.01,613670.37,2024-07-21,2
2024-07-23,GBCO,39121.0,14.05,549650.05,2024-07-21,2
2024-07-23,ORAS,2143.0,265.1,568109.3,2024-07-21,2
2024-07-24,GBCO,39121.0,13.63,533219.23,2024-07-21,3
2024-07-24,AMOC,64761.0,8.93,578315.73,2024-07-24,0
2024-07-28,AMOC,64761.0,8.91,577020.51,2024-07-24,1
2024-07-29,AMOC,64761.0,8.9,576372.9,2024-07-24,2
2024-07-30,AMOC,64761.0,9.07,587382.27,2024-07-24,3
2024-07-31,AMOC,64761.0,9.24,598391.64,2024-07-24,4
2024-07-31,PHDC,118494.0,4.63,548627.22,2024-07-31,0
2024-08-01,AMOC,64761.0,9.14,591915.54,2024-07-24,5
2024-08-01,PHDC,118494.0,4.42,523743.48,2024-07-31,1
2024-08-01,EFIH,23397.0,25.21,589838.37,2024-08-01,0
2024-08-04,AMOC,64761.0,8.8,569896.8,2024-07-24,6
2024-08-04,EFIH,23397.0,23.19,542576.43,2024-08-01,1
2024-08-04,JUFO,24455.0,20.57,503039.35000000003,2024-08-04,0
2024-08-05,JUFO,26048.0,20.0,520960.0,2024-08-05,0
2024-08-12,EFIH,21946.0,24.6,539871.6,2024-08-12,0
2024-08-12,PHDC,121005.0,4.43,536052.15,2024-08-12,0
2024-08-12,GBCO,37429.0,13.95,522134.55,2024-08-12,0
2024-08-13,EFIH,21946.0,24.7,542066.2,2024-08-12,1
2024-08-13,PHDC,121005.0,4.36,527581.8,2024-08-12,1
2024-08-13,GBCO,37429.0,13.64,510531.56,2024-08-12,1
2024-08-14,EFIH,21946.0,24.97,547991.62,2024-08-12,2
2024-08-14,PHDC,121005.0,4.42,534842.1,2024-08-12,2
2024-08-14,GBCO,37429.0,13.62,509782.98,2024-08-12,2
2024-08-15,EFIH,21946.0,23.41,513755.86,2024-08-12,3
2024-08-15,PHDC,121005.0,4.67,565093.35,2024-08-12,3
2024-08-15,GBCO,37429.0,13.5,505291.5,2024-08-12,3
2024-08-18,EFIH,21946.0,23.1,506952.60000000003,2024-08-12,4
2024-08-18,PHDC,121005.0,4.74,573563.7000000001,2024-08-12,4
2024-08-18,GBCO,37429.0,13.51,505665.79,2024-08-12,4
2024-08-19,EFIH,21946.0,23.04,505635.83999999997,2024-08-12,5
2024-08-19,PHDC,121005.0,5.04,609865.2,2024-08-12,5
2024-08-19,GBCO,37429.0,13.66,511280.14,2024-08-12,5
2024-08-20,PHDC,121005.0,5.02,607445.1,2024-08-12,6
2024-08-20,GBCO,37429.0,14.16,529994.64,2024-08-12,6
2024-08-20,EMFD,73340.0,6.89,505312.6,2024-08-20,0
2024-08-21,PHDC,121005.0,5.2,629226.0,2024-08-12,7
2024-08-21,GBCO,37429.0,14.69,549832.01,2024-08-12,7
2024-08-21,EMFD,73340.0,6.99,512646.60000000003,2024-08-20,1
2024-08-22,GBCO,37429.0,14.62,547211.98,2024-08-12,8
2024-08-22,EMFD,73340.0,7.02,514846.8,2024-08-20,2
2024-08-22,HRHO,29644.0,21.61,640606.84,2024-08-22,0
2024-08-25,GBCO,37429.0,14.2,531491.7999999999,2024-08-12,9
2024-08-25,EMFD,73340.0,7.06,517780.39999999997,2024-08-20,3
2024-08-25,HRHO,29644.0,21.8,646239.2000000001,2024-08-22,1
2024-08-26,GBCO,37429.0,13.95,522134.55,2024-08-12,10
2024-08-26,EMFD,73340.0,7.21,528781.4,2024-08-20,4
2024-08-26,HRHO,29644.0,23.19,687444.36,2024-08-22,2
2024-08-27,GBCO,37429.0,14.68,549457.72,2024-08-12,11
2024-08-27,EMFD,73340.0,7.37,540515.8,2024-08-20,5
2024-08-27,HRHO,29644.0,24.0,711456.0,2024-08-22,3
2024-08-28,GBCO,37429.0,14.99,561060.71,2024-08-12,12
2024-08-28,EMFD,73340.0,7.38,541249.2,2024-08-20,6
2024-08-29,GBCO,37429.0,14.75,552077.75,2024-08-12,13
2024-08-29,EMFD,73340.0,7.75,568385.0,2024-08-20,7
2024-09-01,GBCO,37429.0,14.75,552077.75,2024-08-12,14
2024-09-01,EMFD,73340.0,7.98,585253.2000000001,2024-08-20,8
2024-09-02,GBCO,37429.0,14.91,558066.39,2024-08-12,15
2024-09-03,GBCO,37429.0,15.07,564055.03,2024-08-12,16
2024-09-04,GBCO,37429.0,14.9,557692.1,2024-08-12,17
2024-09-04,JUFO,25993.0,24.68,641507.24,2024-09-04,0
2024-09-05,GBCO,37429.0,14.62,547211.98,2024-08-12,18
2024-09-05,JUFO,25993.0,24.84,645666.12,2024-09-04,1
2024-09-08,GBCO,37429.0,13.97,522883.13,2024-08-12,19
2024-09-08,JUFO,25993.0,24.09,626171.37,2024-09-04,2
2024-09-08,MCQE,28728.0,22.28,640059.8400000001,2024-09-08,0
2024-09-09,GBCO,37429.0,14.2,531491.7999999999,2024-08-12,20
2024-09-09,JUFO,25993.0,23.86,620192.98,2024-09-04,3
2024-09-09,MCQE,28728.0,22.21,638048.88,2024-09-08,1
2024-09-10,GBCO,37429.0,14.11,528123.19,2024-08-12,21
2024-09-10,JUFO,25993.0,24.4,634229.2,2024-09-04,4
2024-09-10,MCQE,28728.0,22.06,633739.6799999999,2024-09-08,2
2024-09-11,GBCO,37429.0,13.9,520263.10000000003,2024-08-12,22
2024-09-11,JUFO,25993.0,24.53,637608.29,2024-09-04,5
2024-09-11,MCQE,28728.0,22.0,632016.0,2024-09-08,3
2024-09-12,GBCO,37429.0,13.9,520263.10000000003,2024-08-12,23
2024-09-12,JUFO,25993.0,24.8,644626.4,2024-09-04,6
2024-09-12,HRHO,26771.0,23.15,619748.6499999999,2024-09-12,0
2024-09-16,GBCO,37429.0,13.81,516894.49,2024-08-12,24
2024-09-16,JUFO,25993.0,25.21,655283.53,2024-09-04,7
2024-09-16,HRHO,26771.0,22.82,610914.22,2024-09-12,1
2024-09-17,GBCO,37429.0,13.43,502671.47,2024-08-12,25
2024-09-17,JUFO,25993.0,24.86,646185.98,2024-09-04,8
2024-09-17,HRHO,26771.0,22.91,613323.61,2024-09-12,2
2024-09-18,GBCO,37429.0,13.7,512777.3,2024-08-12,26
2024-09-18,JUFO,25993.0,24.68,641507.24,2024-09-04,9
2024-09-18,HRHO,26771.0,23.65,633134.1499999999,2024-09-12,3
2024-09-19,GBCO,37429.0,14.47,541597.63,2024-08-12,27
2024-09-19,JUFO,25993.0,25.0,649825.0,2024-09-04,10
2024-09-19,HRHO,26771.0,23.0,615733.0,2024-09-12,4
2024-09-22,GBCO,37429.0,14.52,543469.08,2024-08-12,28
2024-09-22,JUFO,25993.0,25.25,656323.25,2024-09-04,11
2024-09-22,HRHO,26771.0,23.79,636882.09,2024-09-12,5
2024-09-23,GBCO,37429.0,14.04,525503.1599999999,2024-08-12,29
2024-09-23,JUFO,25993.0,25.07,651644.51,2024-09-04,12
2024-09-23,HRHO,26771.0,24.35,651873.8500000001,2024-09-12,6
2024-09-24,GBCO,37429.0,14.3,535234.7000000001,2024-08-12,30
2024-09-24,JUFO,25993.0,24.98,649305.14,2024-09-04,13
2024-09-24,HRHO,26771.0,23.67,633669.5700000001,2024-09-12,7
2024-09-25,GBCO,37429.0,14.8,553949.2000000001,2024-08-12,31
2024-09-25,JUFO,25993.0,25.0,649825.0,2024-09-04,14
2024-09-25,HRHO,26771.0,23.8,637149.8,2024-09-12,8
2024-09-26,GBCO,37429.0,14.72,550954.88,2024-08-12,32
2024-09-26,JUFO,25993.0,25.6,665420.8,2024-09-04,15
2024-09-26,HRHO,26771.0,23.95,641165.45,2024-09-12,9
2024-09-29,GBCO,37429.0,14.95,559563.5499999999,2024-08-12,33
2024-09-29,JUFO,25993.0,25.84,671659.12,2024-09-04,16
2024-09-29,HRHO,26771.0,24.59,658298.89,2024-09-12,10
2024-09-30,GBCO,37429.0,14.75,552077.75,2024-08-12,34
2024-09-30,JUFO,25993.0,25.41,660482.13,2024-09-04,17
2024-09-30,HRHO,26771.0,24.45,654550.95,2024-09-12,11
2024-10-01,GBCO,37429.0,15.26,571166.54,2024-08-12,35
2024-10-01,JUFO,25993.0,26.72,694532.96,2024-09-04,18
2024-10-01,HRHO,26771.0,24.93,667401.03,2024-09-12,12
2024-10-02,GBCO,37429.0,14.56,544966.24,2024-08-12,36
2024-10-02,JUFO,25993.0,25.9,673218.7,2024-09-04,19
2024-10-02,HRHO,26771.0,24.35,651873.8500000001,2024-09-12,13
2024-10-03,GBCO,37429.0,14.97,560312.13,2024-08-12,37
2024-10-03,JUFO,25993.0,26.69,693753.17,2024-09-04,20
2024-10-03,HRHO,26771.0,24.65,659905.1499999999,2024-09-12,14
2024-10-07,JUFO,25993.0,29.97,779010.21,2024-09-04,21
2024-10-07,HRHO,26771.0,24.5,655889.5,2024-09-12,15
2024-10-07,MCQE,26249.0,22.65,594539.85,2024-10-07,0
2024-10-08,JUFO,25993.0,29.13,757176.09,2024-09-04,22
2024-10-08,HRHO,26771.0,23.45,627779.95,2024-09-12,16
2024-10-08,MCQE,26249.0,23.26,610551.74,2024-10-07,1
2024-10-09,HRHO,26771.0,23.75,635811.25,2024-09-12,17
2024-10-09,MCQE,26249.0,23.4,614226.6,2024-10-07,2
2024-10-10,HRHO,26771.0,23.3,623764.3,2024-09-12,18
2024-10-10,MCQE,26249.0,22.88,600577.12,2024-10-07,3
2024-10-13,HRHO,26771.0,21.6,578253.6000000001,2024-09-12,19
2024-10-13,MCQE,26249.0,23.4,614226.6,2024-10-07,4
2024-10-14,MCQE,26249.0,25.66,673549.34,2024-10-07,5
2024-10-15,MCQE,26249.0,28.3,742846.7000000001,2024-10-07,6
2024-10-16,JUFO,23581.0,35.07,826985.67,2024-10-16,0
2024-10-17,JUFO,23581.0,31.03,731718.43,2024-10-16,1
2024-10-20,JUFO,22630.0,31.07,703114.1,2024-10-20,0
2024-10-21,JUFO,22630.0,33.61,760594.2999999999,2024-10-20,1
2024-10-22,JUFO,22630.0,34.49,780508.7000000001,2024-10-20,2
2024-10-22,EMFD,88891.0,8.11,720906.0099999999,2024-10-22,0
2024-10-23,JUFO,22630.0,34.34,777114.2000000001,2024-10-20,3
2024-10-23,EMFD,88891.0,8.07,717350.37,2024-10-22,1
2024-10-24,JUFO,22630.0,34.02,769872.6000000001,2024-10-20,4
2024-10-24,EMFD,88891.0,8.1,720017.1,2024-10-22,2
2024-10-27,JUFO,22630.0,32.62,738190.6,2024-10-20,5
2024-10-27,EMFD,88891.0,8.04,714683.6399999999,2024-10-22,3
2024-10-28,JUFO,22630.0,31.78,719181.4,2024-10-20,6
2024-10-28,EMFD,88891.0,8.04,714683.6399999999,2024-10-22,4
2024-10-29,JUFO,22630.0,31.39,710355.7000000001,2024-10-20,7
2024-10-29,EMFD,88891.0,8.2,728906.2,2024-10-22,5
2024-10-30,JUFO,22630.0,31.48,712392.4,2024-10-20,8
2024-10-30,EMFD,88891.0,8.11,720906.0099999999,2024-10-22,6
2024-10-31,JUFO,22630.0,31.13,704471.9,2024-10-20,9
2024-10-31,EMFD,88891.0,8.5,755573.5,2024-10-22,7
2024-11-03,JUFO,22630.0,30.76,696098.8,2024-10-20,10
2024-11-03,EMFD,88891.0,8.41,747573.31,2024-10-22,8
2024-11-04,JUFO,22630.0,31.65,716239.5,2024-10-20,11
2024-11-04,EMFD,88891.0,8.36,743128.7599999999,2024-10-22,9
2024-11-05,JUFO,22630.0,32.03,724838.9,2024-10-20,12
2024-11-05,EMFD,88891.0,8.22,730684.02,2024-10-22,10
2024-11-06,JUFO,22630.0,31.86,720991.7999999999,2024-10-20,13
2024-11-06,EMFD,88891.0,8.6,764462.6,2024-10-22,11
2024-11-06,EAST,25454.0,28.0,712712.0,2024-11-06,0
2024-11-07,JUFO,22630.0,32.5,735475.0,2024-10-20,14
2024-11-07,EMFD,88891.0,8.5,755573.5,2024-10-22,12
2024-11-07,EAST,25454.0,28.2,717802.7999999999,2024-11-06,1
2024-11-10,JUFO,22630.0,33.53,758783.9,2024-10-20,15
2024-11-10,EMFD,88891.0,8.47,752906.77,2024-10-22,13
2024-11-10,EAST,25454.0,27.68,704566.72,2024-11-06,2
2024-11-11,JUFO,22630.0,34.0,769420.0,2024-10-20,16
2024-11-11,EMFD,88891.0,8.57,761795.87,2024-10-22,14
2024-11-11,EAST,25454.0,27.37,696675.98,2024-11-06,3
2024-11-12,JUFO,22630.0,33.02,747242.6000000001,2024-10-20,17
2024-11-12,EMFD,88891.0,8.6,764462.6,2024-10-22,15
2024-11-12,EAST,25454.0,27.0,687258.0,2024-11-06,4
2024-11-13,JUFO,22630.0,32.52,735927.6000000001,2024-10-20,18
2024-11-13,EMFD,88891.0,8.4,746684.4,2024-10-22,16
2024-11-13,ARCC,45528.0,14.82,674724.96,2024-11-13,0
2024-11-14,JUFO,22630.0,32.1,726423.0,2024-10-20,19
2024-11-14,EMFD,88891.0,8.49,754684.59,2024-10-22,17
2024-11-14,ARCC,45528.0,15.0,682920.0,2024-11-13,1
2024-11-17,JUFO,22630.0,33.18,750863.4,2024-10-20,20
2024-11-17,EMFD,88891.0,8.29,736906.3899999999,2024-10-22,18
2024-11-17,ARCC,45528.0,15.0,682920.0,2024-11-13,2
2024-11-18,JUFO,22630.0,34.6,782998.0,2024-10-20,21
2024-11-18,EMFD,88891.0,8.02,712905.82,2024-10-22,19
2024-11-18,ARCC,45528.0,15.36,699310.08,2024-11-13,3
2024-11-19,JUFO,22630.0,34.5,780735.0,2024-10-20,22
2024-11-19,EMFD,88891.0,8.0,711128.0,2024-10-22,20
2024-11-19,ARCC,45528.0,15.09,687017.52,2024-11-13,4
2024-11-20,JUFO,22630.0,33.36,754936.7999999999,2024-10-20,23
2024-11-20,EMFD,88891.0,8.09,719128.19,2024-10-22,21
2024-11-20,ARCC,45528.0,15.0,682920.0,2024-11-13,5
2024-11-21,JUFO,22630.0,33.5,758105.0,2024-10-20,24
2024-11-21,EMFD,88891.0,7.95,706683.4500000001,2024-10-22,22
2024-11-21,ARCC,45528.0,14.97,681554.16,2024-11-13,6
2024-11-24,JUFO,22630.0,33.62,760820.6,2024-10-20,25
2024-11-24,EMFD,88891.0,7.84,696905.44,2024-10-22,23
2024-11-24,ARCC,45528.0,15.0,682920.0,2024-11-13,7
2024-11-25,JUFO,22630.0,32.87,743848.1,2024-10-20,26
2024-11-25,EMFD,88891.0,7.85,697794.35,2024-10-22,24
2024-11-25,ARCC,45528.0,14.78,672903.84,2024-11-13,8
2024-11-26,JUFO,22630.0,32.49,735248.7000000001,2024-10-20,27
2024-11-26,EMFD,88891.0,7.83,696016.53,2024-10-22,25
2024-11-26,ARCC,45528.0,14.85,676090.7999999999,2024-11-13,9
2024-11-27,JUFO,22630.0,31.72,717823.6,2024-10-20,28
2024-11-27,EMFD,88891.0,7.6,675571.6,2024-10-22,26
2024-11-27,ARCC,45528.0,14.72,670172.16,2024-11-13,10
2024-11-28,JUFO,22630.0,32.01,724386.2999999999,2024-10-20,29
2024-11-28,ARCC,45528.0,14.66,667440.48,2024-11-13,11
2024-12-01,JUFO,22630.0,33.48,757652.3999999999,2024-10-20,30
2024-12-01,ARCC,45528.0,15.0,682920.0,2024-11-13,12
2024-12-02,JUFO,22630.0,33.29,753352.7,2024-10-20,31
2024-12-02,ARCC,45528.0,15.02,683830.5599999999,2024-11-13,13
2024-12-03,JUFO,22630.0,32.5,735475.0,2024-10-20,32
2024-12-03,ARCC,45528.0,14.87,677001.36,2024-11-13,14
2024-12-04,JUFO,22630.0,32.54,736380.2,2024-10-20,33
2024-12-04,ARCC,45528.0,15.36,699310.08,2024-11-13,15
2024-12-05,JUFO,22630.0,33.0,746790.0,2024-10-20,34
2024-12-05,ARCC,45528.0,15.74,716610.72,2024-11-13,16
2024-12-08,JUFO,22630.0,32.59,737511.7000000001,2024-10-20,35
2024-12-08,ARCC,45528.0,15.63,711602.64,2024-11-13,17
2024-12-09,JUFO,22630.0,31.65,716239.5,2024-10-20,36
2024-12-09,ARCC,45528.0,15.27,695212.5599999999,2024-11-13,18
2024-12-10,JUFO,22630.0,31.47,712166.1,2024-10-20,37
2024-12-10,ARCC,45528.0,15.47,704318.16,2024-11-13,19
2024-12-10,VLMR,852730.0,0.8,682184.0,2024-12-10,0
2024-12-11,ARCC,45528.0,15.63,711602.64,2024-11-13,20
2024-12-11,VLMR,852730.0,0.8,682184.0,2024-12-10,1
2024-12-12,ARCC,45528.0,16.36,744838.08,2024-11-13,21
2024-12-12,VLMR,852730.0,0.8,682184.0,2024-12-10,2
2024-12-15,ARCC,45528.0,17.01,774431.28,2024-11-13,22
2024-12-15,VLMR,867116.0,0.79,685021.64,2024-12-15,0
2024-12-16,ARCC,45528.0,16.83,766236.2399999999,2024-11-13,23
2024-12-16,VLMR,867116.0,0.79,685021.64,2024-12-15,1
2024-12-17,ARCC,45528.0,17.59,800837.52,2024-11-13,24
2024-12-17,VLMR,867116.0,0.79,685021.64,2024-12-15,2
2024-12-18,ARCC,45528.0,17.0,773976.0,2024-11-13,25
2024-12-18,VLMR,867116.0,0.79,685021.64,2024-12-15,3
2024-12-19,ARCC,45528.0,17.13,779894.6399999999,2024-11-13,26
2024-12-19,VLMR,867116.0,0.79,685021.64,2024-12-15,4
2024-12-22,ARCC,45528.0,17.77,809032.5599999999,2024-11-13,27
2024-12-23,ARCC,45528.0,16.5,751212.0,2024-11-13,28
2024-12-24,ARCC,45528.0,16.39,746203.92,2024-11-13,29
2024-12-25,ARCC,45528.0,16.51,751667.28,2024-11-13,30
2024-12-26,ARCC,45528.0,16.87,768057.3600000001,2024-11-13,31
2024-12-29,ARCC,45528.0,16.8,764870.4,2024-11-13,32
2024-12-30,ARCC,45528.0,16.29,741651.12,2024-11-13,33
2024-12-31,ARCC,45528.0,17.0,773976.0,2024-11-13,34
2024-12-31,JUFO,20977.0,33.5,702729.5,2024-12-31,0
2025-01-02,ARCC,45528.0,16.9,769423.2,2024-11-13,35
2025-01-02,EAST,23675.0,29.23,692020.25,2025-01-02,0
2025-01-02,GBCO,40773.0,17.8,725759.4,2025-01-02,0
2025-01-05,ARCC,45528.0,17.2,783081.6,2024-11-13,36
2025-01-05,EAST,23675.0,29.23,692020.25,2025-01-02,1
2025-01-05,GBCO,40773.0,17.69,721274.37,2025-01-02,1
2025-01-06,ARCC,45528.0,17.29,787179.12,2024-11-13,37
2025-01-06,EAST,23675.0,28.02,663373.5,2025-01-02,2
2025-01-06,GBCO,40773.0,17.41,709857.93,2025-01-02,2
2025-01-08,GBCO,40773.0,17.3,705372.9,2025-01-02,3
2025-01-08,ARCC,41738.0,15.8,659460.4,2025-01-08,0
2025-01-09,GBCO,40773.0,16.86,687432.78,2025-01-02,4
2025-01-12,GBCO,40773.0,17.05,695179.65,2025-01-02,5
2025-01-13,GBCO,40773.0,16.5,672754.5,2025-01-02,6
2025-01-19,ARCC,41865.0,17.34,725939.1,2025-01-19,0
2025-01-20,ARCC,41865.0,16.6,694959.0000000001,2025-01-19,1
2025-01-21,ARCC,41865.0,17.95,751476.75,2025-01-19,2
2025-01-22,ARCC,41865.0,17.63,738079.95,2025-01-19,3
2025-01-22,ORWE,25849.0,27.27,704902.23,2025-01-22,0
2025-01-23,ARCC,41865.0,18.8,787062.0,2025-01-19,4
2025-01-23,ORWE,25849.0,26.41,682672.09,2025-01-22,1
2025-01-26,ARCC,41865.0,19.3,807994.5,2025-01-19,5
2025-01-26,ORWE,25849.0,26.42,682930.5800000001,2025-01-22,2
2025-01-27,ORWE,25849.0,25.84,667938.16,2025-01-22,3
2025-01-27,GBCO,44263.0,16.35,723700.05,2025-01-27,0
2025-01-28,GBCO,44263.0,16.5,730339.5,2025-01-27,1
2025-01-29,GBCO,44263.0,16.94,749815.2200000001,2025-01-27,2
2025-01-30,GBCO,44263.0,16.75,741405.25,2025-01-27,3
2025-02-02,GBCO,44263.0,16.61,735208.4299999999,2025-01-27,4
2025-02-03,GBCO,44263.0,16.52,731224.76,2025-01-27,5
2025-02-04,GBCO,44263.0,16.26,719716.3800000001,2025-01-27,6
2025-02-10,ARCC,36589.0,20.4,746415.6,2025-02-10,0
2025-02-11,ARCC,36589.0,19.83,725559.87,2025-02-10,1
2025-02-12,ARCC,36589.0,20.5,750074.5,2025-02-10,2
2025-02-13,ARCC,36589.0,20.09,735073.01,2025-02-10,3
2025-02-16,ARCC,36589.0,20.59,753367.51,2025-02-10,4
2025-02-17,ARCC,36589.0,21.53,787761.17,2025-02-10,5
2025-02-18,ARCC,36589.0,21.75,795810.75,2025-02-10,6
2025-02-18,ORHD,38911.0,18.2,708180.2,2025-02-18,0
2025-02-18,GBCO,42289.0,16.6,701997.4,2025-02-18,0
2025-02-19,ARCC,36589.0,21.46,785199.9400000001,2025-02-10,7
2025-02-19,ORHD,38911.0,19.2,747091.2,2025-02-18,1
2025-02-19,GBCO,42289.0,16.7,706226.2999999999,2025-02-18,1
2025-02-20,ARCC,36589.0,23.0,841547.0,2025-02-10,8
2025-02-20,ORHD,38911.0,20.1,782111.1000000001,2025-02-18,2
2025-02-20,GBCO,42289.0,16.71,706649.1900000001,2025-02-18,2
2025-02-23,ARCC,36589.0,22.99,841181.11,2025-02-10,9
2025-02-23,ORHD,38911.0,20.06,780554.6599999999,2025-02-18,3
2025-02-23,GBCO,42289.0,17.37,734559.93,2025-02-18,3
2025-02-24,ARCC,36589.0,23.56,862036.84,2025-02-10,10
2025-02-24,GBCO,42289.0,17.29,731176.8099999999,2025-02-18,4
2025-02-24,EGAL,5109.0,150.72,770028.48,2025-02-24,0
2025-02-25,ARCC,36589.0,22.97,840449.33,2025-02-10,11
2025-02-25,GBCO,42289.0,17.2,727370.7999999999,2025-02-18,5
2025-02-25,EGAL,5109.0,152.0,776568.0,2025-02-24,1
2025-02-26,ARCC,36589.0,22.93,838985.77,2025-02-10,12
2025-02-26,GBCO,42289.0,16.88,713838.32,2025-02-18,6
2025-02-26,EGAL,5109.0,156.4,799047.6,2025-02-24,2
2025-02-27,ARCC,36589.0,23.0,841547.0,2025-02-10,13
2025-02-27,GBCO,42289.0,16.95,716798.5499999999,2025-02-18,7
2025-02-27,EGAL,5109.0,157.98,807119.82,2025-02-24,3
2025-03-02,ARCC,36589.0,23.26,851060.14,2025-02-10,14
2025-03-02,GBCO,42289.0,17.19,726947.91,2025-02-18,8
2025-03-02,EGAL,5109.0,158.32,808856.88,2025-02-24,4
2025-03-03,ARCC,36589.0,23.08,844474.12,2025-02-10,15
2025-03-03,GBCO,42289.0,17.51,740480.39,2025-02-18,9
2025-03-03,EGAL,5109.0,157.11,802674.9900000001,2025-02-24,5
2025-03-04,ARCC,36589.0,23.73,868256.97,2025-02-10,16
2025-03-04,GBCO,42289.0,17.25,729485.25,2025-02-18,10
2025-03-04,EGAL,5109.0,159.0,812331.0,2025-02-24,6
2025-03-05,ARCC,36589.0,22.88,837156.32,2025-02-10,17
2025-03-05,GBCO,42289.0,17.0,718913.0,2025-02-18,11
2025-03-05,EGAL,5109.0,161.0,822549.0,2025-02-24,7
2025-03-06,ARCC,36589.0,22.6,826911.4,2025-02-10,18
2025-03-06,GBCO,42289.0,17.11,723564.7899999999,2025-02-18,12
2025-03-06,EGAL,5109.0,161.0,822549.0,2025-02-24,8
2025-03-09,ARCC,36589.0,22.67,829472.63,2025-02-10,19
2025-03-09,GBCO,42289.0,17.03,720181.67,2025-02-18,13
2025-03-09,EGAL,5109.0,160.1,817950.9,2025-02-24,9
2025-03-10,ARCC,36589.0,23.96,876672.4400000001,2025-02-10,20
2025-03-10,GBCO,42289.0,17.01,719335.89,2025-02-18,14
2025-03-10,EGAL,5109.0,159.34,814068.06,2025-02-24,10
2025-03-11,ARCC,36589.0,23.72,867891.08,2025-02-10,21
2025-03-11,GBCO,42289.0,17.0,718913.0,2025-02-18,15
2025-03-11,EGAL,5109.0,158.5,809776.5,2025-02-24,11
2025-03-12,GBCO,42289.0,18.5,782346.5,2025-02-18,16
2025-03-12,EGAL,5109.0,163.77,836700.93,2025-02-24,12
2025-03-12,ARCC,36831.0,22.6,832380.6000000001,2025-03-12,0
2025-03-13,GBCO,42289.0,18.5,782346.5,2025-02-18,17
2025-03-13,EGAL,5109.0,174.0,888966.0,2025-02-24,13
2025-03-13,ARCC,36831.0,22.79,839378.49,2025-03-12,1
2025-03-16,GBCO,42289.0,18.47,781077.83,2025-02-18,18
2025-03-16,EGAL,5109.0,173.09,884316.81,2025-02-24,14
2025-03-16,CCAP,284077.0,3.08,874957.16,2025-03-16,0
2025-03-17,GBCO,42289.0,18.4,778117.6,2025-02-18,19
2025-03-17,CCAP,284077.0,3.0,852231.0,2025-03-16,1
2025-03-18,GBCO,42289.0,18.36,776426.0399999999,2025-02-18,20
2025-03-18,CCAP,284077.0,3.01,855071.7699999999,2025-03-16,2
2025-03-19,GBCO,42289.0,18.03,762470.67,2025-02-18,21
2025-03-19,CCAP,284077.0,2.93,832345.6100000001,2025-03-16,3
2025-03-20,GBCO,42289.0,19.5,824635.5,2025-02-18,22
2025-03-20,CCAP,284077.0,3.01,855071.7699999999,2025-03-16,4
2025-03-20,ARCC,37586.0,22.64,850947.04,2025-03-20,0
2025-03-23,CCAP,284077.0,3.04,863594.08,2025-03-16,5
2025-03-23,ARCC,37586.0,22.49,845309.1399999999,2025-03-20,1
2025-03-24,CCAP,284077.0,3.0,852231.0,2025-03-16,6
2025-03-24,ARCC,37586.0,22.51,846060.8600000001,2025-03-20,2
2025-03-25,CCAP,284077.0,2.96,840867.92,2025-03-16,7
2025-03-26,CCAP,284077.0,2.92,829504.84,2025-03-16,8
2025-03-27,CCAP,284077.0,2.97,843708.6900000001,2025-03-16,9
2025-04-03,CCAP,284077.0,2.99,849390.2300000001,2025-03-16,10
2025-04-06,CCAP,284077.0,2.8,795415.6,2025-03-16,11
2025-04-06,ORHD,34129.0,23.0,784967.0,2025-04-06,0
2025-04-14,HRHO,28715.0,28.62,821823.3,2025-04-14,0
2025-04-15,HRHO,28715.0,28.64,822397.6,2025-04-14,1
2025-04-15,ARCC,35432.0,22.61,801117.52,2025-04-15,0
2025-04-16,HRHO,28715.0,28.06,805742.8999999999,2025-04-14,2
2025-04-16,ARCC,35432.0,22.11,783401.52,2025-04-15,1
2025-04-17,HRHO,28715.0,28.2,809763.0,2025-04-14,3
2025-04-17,ARCC,35432.0,21.88,775252.1599999999,2025-04-15,2
2025-04-22,HRHO,28715.0,27.76,797128.4,2025-04-14,4
2025-04-22,ARCC,35432.0,22.05,781275.6,2025-04-15,3
2025-04-23,HRHO,28715.0,28.45,816941.75,2025-04-14,5
2025-04-23,ARCC,35432.0,22.98,814227.36,2025-04-15,4
2025-04-27,HRHO,28715.0,28.57,820387.55,2025-04-14,6
2025-04-27,ARCC,35432.0,23.08,817770.5599999999,2025-04-15,5
2025-04-27,EGAL,4807.0,170.63,820218.41,2025-04-27,0
2025-04-28,HRHO,28715.0,29.19,838190.8500000001,2025-04-14,7
2025-04-28,ARCC,35432.0,24.0,850368.0,2025-04-15,6
2025-04-28,EGAL,4807.0,169.05,812623.3500000001,2025-04-27,1
2025-04-29,HRHO,28715.0,28.85,828427.75,2025-04-14,8
2025-04-29,ARCC,35432.0,24.1,853911.2000000001,2025-04-15,7
2025-04-29,EGAL,4807.0,174.97,841080.79,2025-04-27,2
2025-04-30,HRHO,28715.0,28.51,818664.65,2025-04-14,9
2025-04-30,ARCC,35432.0,23.94,848242.0800000001,2025-04-15,8
2025-04-30,EGAL,4807.0,171.1,822477.7,2025-04-27,3
2025-05-04,HRHO,28715.0,28.7,824120.5,2025-04-14,10
2025-05-04,ARCC,35432.0,24.04,851785.28,2025-04-15,9
2025-05-04,EGAL,4807.0,174.21,837427.4700000001,2025-04-27,4
2025-05-05,HRHO,28715.0,28.5,818377.5,2025-04-14,11
2025-05-05,ARCC,35432.0,24.5,868084.0,2025-04-15,10
2025-05-05,EGAL,4807.0,168.26,808825.82,2025-04-27,5
2025-05-06,HRHO,28715.0,28.25,811198.75,2025-04-14,12
2025-05-06,ARCC,35432.0,24.45,866312.4,2025-04-15,11
2025-05-06,EGAL,4807.0,167.6,805653.2,2025-04-27,6
2025-05-07,HRHO,28715.0,28.0,804020.0,2025-04-14,13
2025-05-07,ARCC,35432.0,25.0,885800.0,2025-04-15,12
2025-05-07,EGAL,4807.0,164.37,790126.59,2025-04-27,7
2025-05-08,HRHO,28715.0,27.8,798277.0,2025-04-14,14
2025-05-08,ARCC,35432.0,26.78,948868.9600000001,2025-04-15,13
2025-05-08,EGAL,4807.0,161.0,773927.0,2025-04-27,8
2025-05-11,HRHO,28715.0,27.7,795405.5,2025-04-14,15
2025-05-11,ARCC,35432.0,26.4,935404.7999999999,2025-04-15,14
2025-05-12,HRHO,28715.0,27.93,802009.95,2025-04-14,16
2025-05-12,ARCC,35432.0,25.53,904578.9600000001,2025-04-15,15
2025-05-12,ISPH,85172.0,9.24,786989.28,2025-05-12,0
2025-05-13,HRHO,28715.0,28.0,804020.0,2025-04-14,17
2025-05-13,ARCC,35432.0,25.79,913791.28,2025-04-15,16
2025-05-13,ISPH,85172.0,9.5,809134.0,2025-05-12,1
2025-05-14,HRHO,28715.0,28.0,804020.0,2025-04-14,18
2025-05-14,ARCC,35432.0,26.09,924420.88,2025-04-15,17
2025-05-14,ISPH,85172.0,9.7,826168.3999999999,2025-05-12,2
2025-05-15,HRHO,28715.0,28.75,825556.25,2025-04-14,19
2025-05-15,ARCC,35432.0,25.86,916271.52,2025-04-15,18
2025-05-15,ISPH,85172.0,9.5,809134.0,2025-05-12,3
2025-05-18,HRHO,28715.0,28.75,825556.25,2025-04-14,20
2025-05-18,ARCC,35432.0,25.86,916271.52,2025-04-15,19
2025-05-18,ISPH,85172.0,9.5,809134.0,2025-05-12,4
2025-05-19,HRHO,28715.0,29.7,852835.5,2025-04-14,20
2025-05-19,ARCC,35432.0,25.82,914854.24,2025-04-15,19
2025-05-19,ISPH,85172.0,9.41,801468.52,2025-05-12,4
2025-05-20,HRHO,28715.0,30.3,870064.5,2025-04-14,21
2025-05-20,ARCC,35432.0,26.27,930798.64,2025-04-15,20
2025-05-20,ISPH,85172.0,10.0,851720.0,2025-05-12,5
2025-05-21,HRHO,28715.0,30.81,884709.1499999999,2025-04-14,22
2025-05-21,ARCC,35432.0,26.49,938593.6799999999,2025-04-15,21
2025-05-21,ISPH,85172.0,9.9,843202.8,2025-05-12,6
2025-05-22,HRHO,28715.0,31.75,911701.25,2025-04-14,23
2025-05-22,ARCC,35432.0,26.5,938948.0,2025-04-15,22
2025-05-22,ISPH,85172.0,9.75,830427.0,2025-05-12,7
2025-05-25,HRHO,28715.0,31.11,893323.65,2025-04-14,24
2025-05-25,ARCC,35432.0,26.51,939302.3200000001,2025-04-15,23
2025-05-25,ISPH,85172.0,9.5,809134.0,2025-05-12,8
2025-05-26,ARCC,35432.0,26.53,940010.9600000001,2025-04-15,24
2025-05-26,ISPH,85172.0,9.3,792099.6000000001,2025-05-12,9
2025-05-27,ARCC,35432.0,26.76,948160.3200000001,2025-04-15,25
2025-05-27,ISPH,85172.0,9.5,809134.0,2025-05-12,10
2025-05-27,GBCO,41151.0,22.96,944826.9600000001,2025-05-27,0
2025-05-28,ARCC,35432.0,26.51,939302.3200000001,2025-04-15,26
2025-05-28,ISPH,85172.0,9.43,803171.96,2025-05-12,11
2025-05-28,GBCO,41151.0,22.5,925897.5,2025-05-27,1
2025-05-29,ARCC,35432.0,26.51,939302.3200000001,2025-04-15,27
2025-05-29,ISPH,85172.0,9.43,803171.96,2025-05-12,12
2025-05-29,GBCO,41151.0,22.5,925897.5,2025-05-27,2
2025-06-01,ARCC,35432.0,31.01,1098746.32,2025-04-15,27
2025-06-01,ISPH,85172.0,9.16,780175.52,2025-05-12,12
2025-06-01,GBCO,41151.0,23.71,975690.2100000001,2025-05-27,2
2025-06-02,ISPH,85172.0,9.37,798061.6399999999,2025-05-12,13
2025-06-02,GBCO,41151.0,23.02,947296.02,2025-05-27,3
2025-06-03,ISPH,85172.0,9.24,786989.28,2025-05-12,14
2025-06-03,GBCO,41151.0,22.37,920547.87,2025-05-27,4
2025-06-04,ISPH,85172.0,9.28,790396.1599999999,2025-05-12,15
2025-06-04,GBCO,41151.0,24.0,987624.0,2025-05-27,5
2025-06-10,ISPH,85172.0,9.45,804875.3999999999,2025-05-12,16
2025-06-10,GBCO,41151.0,23.54,968694.5399999999,2025-05-27,6
2025-06-11,ISPH,85172.0,9.33,794654.76,2025-05-12,17
2025-06-11,GBCO,41151.0,24.49,1007787.99,2025-05-27,7
2025-06-11,FWRY,96353.0,11.2,1079153.5999999999,2025-06-11,0
2025-06-12,ISPH,85172.0,9.23,786137.56,2025-05-12,18
2025-06-12,GBCO,41151.0,24.09,991327.59,2025-05-27,8
2025-06-12,FWRY,96353.0,11.1,1069518.3,2025-06-11,1
2025-06-15,ISPH,85172.0,8.89,757179.0800000001,2025-05-12,19
2025-06-15,GBCO,41151.0,21.82,897914.8200000001,2025-05-27,9
2025-06-15,FWRY,96353.0,11.0,1059883.0,2025-06-11,2
2025-06-16,GBCO,41151.0,22.0,905322.0,2025-05-27,10
2025-06-17,GBCO,41151.0,21.86,899560.86,2025-05-27,11
2025-06-17,MCQE,21250.0,45.72,971550.0,2025-06-17,0
2025-06-18,GBCO,41151.0,21.88,900383.88,2025-05-27,12
2025-06-18,MCQE,21250.0,47.75,1014687.5,2025-06-17,1
2025-06-19,GBCO,41151.0,21.8,897091.8,2025-05-27,13
2025-06-19,MCQE,21250.0,49.47,1051237.5,2025-06-17,2
2025-06-22,GBCO,41151.0,22.64,931658.64,2025-05-27,14
2025-06-22,MCQE,21250.0,48.8,1036999.9999999999,2025-06-17,3
2025-06-23,GBCO,41151.0,22.5,925897.5,2025-05-27,15
2025-06-23,MCQE,21250.0,49.05,1042312.4999999999,2025-06-17,4
2025-06-23,FWRY,77200.0,12.01,927172.0,2025-06-23,0
2025-06-24,GBCO,41151.0,22.8,938242.8,2025-05-27,16
2025-06-24,MCQE,21250.0,51.39,1092037.5,2025-06-17,5
2025-06-24,FWRY,77200.0,12.35,953420.0,2025-06-23,1
2025-06-25,GBCO,41151.0,23.69,974867.1900000001,2025-05-27,17
2025-06-25,MCQE,21250.0,57.68,1225700.0,2025-06-17,6
2025-06-25,FWRY,77200.0,12.65,976580.0,2025-06-23,2
2025-06-29,GBCO,41151.0,23.49,966636.99,2025-05-27,18
2025-06-29,FWRY,77200.0,12.47,962684.0,2025-06-23,3
2025-06-29,ISPH,128784.0,9.4,1210569.6,2025-06-29,0
2025-06-30,GBCO,41151.0,22.9,942357.8999999999,2025-05-27,19
2025-06-30,FWRY,77200.0,12.05,930260.0,2025-06-23,4
2025-06-30,ISPH,128784.0,9.14,1177085.76,2025-06-29,1
2025-07-01,GBCO,41151.0,21.55,886804.05,2025-05-27,20
2025-07-01,FWRY,77200.0,12.05,930260.0,2025-06-23,5
2025-07-01,ISPH,128784.0,9.09,1170646.56,2025-06-29,2
2025-07-02,GBCO,41151.0,21.9,901206.8999999999,2025-05-27,21
2025-07-02,FWRY,77200.0,12.2,941840.0,2025-06-23,6
2025-07-06,GBCO,41151.0,22.2,913552.2,2025-05-27,22
2025-07-06,FWRY,77200.0,12.56,969632.0,2025-06-23,7
2025-07-07,GBCO,41151.0,21.94,902852.9400000001,2025-05-27,23
2025-07-07,FWRY,77200.0,12.86,992792.0,2025-06-23,8
2025-07-09,GBCO,41151.0,23.0,946473.0,2025-05-27,24
2025-07-09,FWRY,77200.0,13.01,1004372.0,2025-06-23,9
2025-07-10,GBCO,41151.0,23.56,969517.5599999999,2025-05-27,25
2025-07-10,FWRY,77200.0,13.02,1005144.0,2025-06-23,10
2025-07-13,GBCO,41151.0,23.75,977336.25,2025-05-27,26
2025-07-13,FWRY,77200.0,13.25,1022900.0,2025-06-23,11
2025-07-14,GBCO,41151.0,23.5,967048.5,2025-05-27,27
2025-07-14,FWRY,77200.0,13.13,1013636.0000000001,2025-06-23,12
2025-07-15,GBCO,41151.0,24.0,987624.0,2025-05-27,28
2025-07-15,FWRY,77200.0,12.65,976580.0,2025-06-23,13
2025-07-15,MCQE,22140.0,53.0,1173420.0,2025-07-15,0
2025-07-16,GBCO,41151.0,24.13,992973.63,2025-05-27,29
2025-07-16,FWRY,77200.0,12.29,948787.9999999999,2025-06-23,14
2025-07-16,MCQE,22140.0,52.3,1157922.0,2025-07-15,1
2025-07-17,GBCO,41151.0,24.81,1020956.3099999999,2025-05-27,30
2025-07-17,FWRY,77200.0,12.45,961140.0,2025-06-23,15
2025-07-17,MCQE,22140.0,53.8,1191132.0,2025-07-15,2
2025-07-20,GBCO,41151.0,24.88,1023836.88,2025-05-27,31
2025-07-20,FWRY,77200.0,12.69,979668.0,2025-06-23,16
2025-07-20,MCQE,22140.0,61.0,1350540.0,2025-07-15,3
2025-07-21,GBCO,41151.0,24.01,988035.51,2025-05-27,32
2025-07-21,FWRY,77200.0,12.53,967316.0,2025-06-23,17
2025-07-21,MCQE,22140.0,58.3,1290762.0,2025-07-15,4
2025-07-22,GBCO,41151.0,23.41,963344.91,2025-05-27,33
2025-07-22,FWRY,77200.0,12.5,965000.0,2025-06-23,18
2025-07-22,MCQE,22140.0,60.0,1328400.0,2025-07-15,5
2025-07-23,GBCO,41151.0,23.43,964167.9299999999,2025-05-27,34
2025-07-23,FWRY,77200.0,12.39,956508.0,2025-06-23,19
2025-07-23,MCQE,22140.0,59.0,1306260.0,2025-07-15,6
2025-07-27,GBCO,41151.0,23.6,971163.6000000001,2025-05-27,35
2025-07-27,FWRY,77200.0,13.01,1004372.0,2025-06-23,20
2025-07-27,MCQE,22140.0,60.09,1330392.6,2025-07-15,7
2025-07-28,GBCO,41151.0,24.1,991739.1000000001,2025-05-27,36
2025-07-28,FWRY,77200.0,13.05,1007460.0,2025-06-23,21
2025-07-28,MCQE,22140.0,61.0,1350540.0,2025-07-15,8
2025-07-29,GBCO,41151.0,24.5,1008199.5,2025-05-27,37
2025-07-29,FWRY,77200.0,13.04,1006687.9999999999,2025-06-23,22
2025-07-29,MCQE,22140.0,63.13,1397698.2,2025-07-15,9
2025-07-30,FWRY,77200.0,12.5,965000.0,2025-06-23,23
2025-07-30,MCQE,22140.0,75.7,1675998.0,2025-07-15,10
2025-07-30,ARCC,27484.0,38.0,1044392.0,2025-07-30,0
2025-07-31,FWRY,77200.0,12.85,992020.0,2025-06-23,24
2025-07-31,ARCC,27484.0,39.03,1072700.52,2025-07-30,1
2025-07-31,GBCO,68628.0,25.49,1749327.72,2025-07-31,0
2025-08-03,FWRY,77200.0,12.84,991248.0,2025-06-23,25
2025-08-03,ARCC,27484.0,39.0,1071876.0,2025-07-30,2
2025-08-03,GBCO,68628.0,25.23,1731484.44,2025-07-31,1
2025-08-04,FWRY,77200.0,12.66,977352.0,2025-06-23,26
2025-08-04,ARCC,27484.0,38.61,1061157.24,2025-07-30,3
2025-08-04,GBCO,68628.0,25.09,1721876.52,2025-07-31,2
2025-08-05,FWRY,77200.0,12.85,992020.0,2025-06-23,27
2025-08-05,ARCC,27484.0,39.0,1071876.0,2025-07-30,4
2025-08-05,GBCO,68628.0,24.8,1701974.4000000001,2025-07-31,3
2025-08-06,FWRY,77200.0,13.1,1011320.0,2025-06-23,28
2025-08-06,ARCC,27484.0,39.0,1071876.0,2025-07-30,5
2025-08-06,GBCO,68628.0,24.21,1661483.8800000001,2025-07-31,4
2025-08-07,FWRY,77200.0,13.02,1005144.0,2025-06-23,29
2025-08-07,ARCC,27484.0,38.5,1058134.0,2025-07-30,6
2025-08-07,GBCO,68628.0,24.5,1681386.0,2025-07-31,5
2025-08-10,FWRY,77200.0,13.02,1005144.0,2025-06-23,30
2025-08-10,ARCC,27484.0,38.95,1070501.8,2025-07-30,7
2025-08-10,GBCO,68628.0,24.5,1681386.0,2025-07-31,6
2025-08-11,FWRY,77200.0,13.38,1032936.0000000001,2025-06-23,30
2025-08-11,ARCC,27484.0,38.99,1071601.1600000001,2025-07-30,8
2025-08-11,GBCO,68628.0,24.8,1701974.4000000001,2025-07-31,7
2025-08-12,FWRY,77200.0,13.4,1034480.0,2025-06-23,31
2025-08-12,ARCC,27484.0,39.0,1071876.0,2025-07-30,9
2025-08-12,GBCO,68628.0,24.9,1708837.2,2025-07-31,8
2025-08-13,FWRY,77200.0,13.13,1013636.0000000001,2025-06-23,32
2025-08-13,ARCC,27484.0,39.08,1074074.72,2025-07-30,10
2025-08-13,GBCO,68628.0,24.51,1682072.28,2025-07-31,9
2025-08-14,FWRY,77200.0,13.2,1019040.0,2025-06-23,33
2025-08-14,ARCC,27484.0,40.91,1124370.44,2025-07-30,11
2025-08-14,GBCO,68628.0,24.98,1714327.44,2025-07-31,10
2025-08-17,FWRY,77200.0,13.29,1025987.9999999999,2025-06-23,34
2025-08-17,ARCC,27484.0,41.47,1139761.48,2025-07-30,12
2025-08-17,GBCO,68628.0,25.3,1736288.4000000001,2025-07-31,11
2025-08-18,FWRY,77200.0,13.49,1041428.0,2025-06-23,35
2025-08-18,ARCC,27484.0,43.8,1203799.2,2025-07-30,13
2025-08-18,GBCO,68628.0,26.51,1819328.28,2025-07-31,12
2025-08-19,FWRY,77200.0,13.78,1063816.0,2025-06-23,36
2025-08-19,GBCO,68628.0,26.47,1816583.16,2025-07-31,13
2025-08-20,FWRY,77200.0,13.66,1054552.0,2025-06-23,37
2025-08-20,GBCO,68628.0,25.79,1769916.1199999999,2025-07-31,14
2025-08-21,GBCO,68628.0,26.09,1790504.52,2025-07-31,15
2025-08-24,GBCO,68628.0,26.0,1784328.0,2025-07-31,16
2025-08-25,GBCO,68628.0,25.8,1770602.4000000001,2025-07-31,17
2025-08-26,GBCO,68628.0,25.59,1756190.52,2025-07-31,18
2025-08-27,GBCO,68628.0,25.17,1727366.76,2025-07-31,19
2025-08-28,GBCO,68628.0,25.5,1750014.0,2025-07-31,20
2025-08-28,ORAS,2908.0,389.99,1134090.92,2025-08-28,0
2025-08-31,GBCO,68628.0,24.97,1713641.16,2025-07-31,21
2025-08-31,ORAS,2908.0,400.0,1163200.0,2025-08-28,1
2025-08-31,FWRY,81793.0,13.32,1089482.76,2025-08-31,0
2025-09-01,GBCO,68628.0,24.99,1715013.72,2025-07-31,22
2025-09-01,ORAS,2908.0,405.0,1177740.0,2025-08-28,2
2025-09-02,GBCO,68628.0,24.94,1711582.32,2025-07-31,23
2025-09-02,ORAS,2908.0,396.6,1153312.8,2025-08-28,3
2025-09-03,GBCO,68628.0,24.17,1658738.76,2025-07-31,24
2025-09-03,ORAS,2908.0,393.7,1144879.5999999999,2025-08-28,4
2025-09-03,ETEL,23685.0,45.05,1067009.25,2025-09-03,0
2025-09-07,GBCO,68628.0,23.6,1619620.8,2025-07-31,25
2025-09-07,ORAS,2908.0,393.38,1143949.04,2025-08-28,5
2025-09-07,ETEL,23685.0,45.0,1065825.0,2025-09-03,1
2025-09-08,ORAS,2908.0,392.0,1139936.0,2025-08-28,6
2025-09-08,EGCH,118863.0,11.21,1332454.2300000002,2025-09-08,0
2025-09-09,ORAS,2908.0,392.0,1139936.0,2025-08-28,7
2025-09-09,EGCH,118863.0,11.2,1331265.5999999999,2025-09-08,1
2025-09-10,ORAS,2908.0,394.45,1147060.5999999999,2025-08-28,8
2025-09-10,EGCH,118863.0,11.23,1334831.49,2025-09-08,2
2025-09-11,ORAS,2908.0,400.0,1163200.0,2025-08-28,9
2025-09-11,EGCH,118863.0,11.5,1366924.5,2025-09-08,3
2025-09-14,ORAS,2908.0,418.99,1218422.92,2025-08-28,10
2025-09-14,EGCH,118863.0,11.7,1390697.0999999999,2025-09-08,4
2025-09-14,ETEL,29031.0,46.96,1363295.76,2025-09-14,0
2025-09-15,ORAS,2908.0,423.95,1232846.5999999999,2025-08-28,11
2025-09-15,EGCH,118863.0,11.5,1366924.5,2025-09-08,5
2025-09-15,ETEL,29031.0,47.71,1385069.01,2025-09-14,1
2025-09-16,EGCH,118863.0,11.25,1337208.75,2025-09-08,6
2025-09-16,ETEL,29031.0,46.9,1361553.9,2025-09-14,2
2025-09-16,ARCC,30553.0,38.9,1188511.7,2025-09-16,0
2025-09-17,EGCH,118863.0,11.31,1344340.53,2025-09-08,7
2025-09-17,ETEL,29031.0,46.5,1349941.5,2025-09-14,3
2025-09-17,COMI,12190.0,98.4,1199496.0,2025-09-17,0
2025-09-18,EGCH,118863.0,11.22,1333642.86,2025-09-08,8
2025-09-18,ETEL,29031.0,47.25,1371714.75,2025-09-14,4
2025-09-18,COMI,12190.0,98.98,1206566.2,2025-09-17,1
2025-09-21,EGCH,118863.0,11.26,1338397.38,2025-09-08,9
2025-09-21,ETEL,29031.0,46.83,1359521.73,2025-09-14,5
2025-09-21,COMI,12190.0,97.0,1182430.0,2025-09-17,2
2025-09-22,EGCH,118863.0,11.2,1331265.5999999999,2025-09-08,10
2025-09-22,ETEL,29031.0,46.5,1349941.5,2025-09-14,6
2025-09-22,COMI,12190.0,96.0,1170240.0,2025-09-17,3
2025-09-23,EGCH,118863.0,11.03,1311058.89,2025-09-08,11
2025-09-23,ETEL,29031.0,46.69,1355457.39,2025-09-14,7
2025-09-24,EGCH,118863.0,11.19,1330076.97,2025-09-08,12
2025-09-24,ETEL,29031.0,46.94,1362715.14,2025-09-14,8
2025-09-25,EGCH,118863.0,11.22,1333642.86,2025-09-08,13
2025-09-25,ETEL,29031.0,47.0,1364457.0,2025-09-14,9
2025-09-25,COMI,11791.0,97.5,1149622.5,2025-09-25,0
2025-09-28,EGCH,118863.0,11.46,1362169.9800000002,2025-09-08,14
2025-09-28,ETEL,29031.0,48.5,1408003.5,2025-09-14,10
2025-09-28,COMI,11791.0,99.4,1172025.4000000001,2025-09-25,1
2025-09-29,EGCH,118863.0,11.75,1396640.25,2025-09-08,15
2025-09-29,ETEL,29031.0,49.99,1451259.69,2025-09-14,11
2025-09-29,COMI,11791.0,99.75,1176152.25,2025-09-25,2
2025-09-30,EGCH,118863.0,12.26,1457260.38,2025-09-08,16
2025-09-30,ETEL,29031.0,51.0,1480581.0,2025-09-14,12
2025-09-30,COMI,11791.0,101.0,1190891.0,2025-09-25,3
2025-10-01,EGCH,118863.0,11.85,1408526.55,2025-09-08,17
2025-10-01,COMI,11791.0,102.01,1202799.9100000001,2025-09-25,4
2025-10-01,EFID,75831.0,20.0,1516620.0,2025-10-01,0
2025-10-02,EGCH,118863.0,11.87,1410903.8099999998,2025-09-08,18
2025-10-02,COMI,11791.0,103.29,1217892.3900000001,2025-09-25,5
2025-10-02,EFID,75831.0,21.9,1660698.9,2025-10-01,1
2025-10-05,EGCH,118863.0,12.17,1446562.71,2025-09-08,19
2025-10-05,COMI,11791.0,105.05,1238644.55,2025-09-25,6
2025-10-05,EFID,75831.0,22.0,1668282.0,2025-10-01,2
2025-10-06,EGCH,118863.0,12.05,1432299.1500000001,2025-09-08,20
2025-10-06,COMI,11791.0,104.55,1232749.05,2025-09-25,7
2025-10-06,EFID,75831.0,21.4,1622783.4,2025-10-01,3
2025-10-07,EGCH,118863.0,11.95,1420412.8499999999,2025-09-08,21
2025-10-07,COMI,11791.0,105.0,1238055.0,2025-09-25,8
2025-10-07,EFID,75831.0,22.4,1698614.4,2025-10-01,4
2025-10-08,EGCH,118863.0,11.91,1415658.33,2025-09-08,22
2025-10-08,COMI,11791.0,105.9,1248666.9000000001,2025-09-25,9
2025-10-08,EFID,75831.0,22.6,1713780.6,2025-10-01,5
2025-10-09,EGCH,118863.0,11.91,1415658.33,2025-09-08,23
2025-10-09,COMI,11791.0,105.9,1248666.9000000001,2025-09-25,10
2025-10-09,EFID,75831.0,22.6,1713780.6,2025-10-01,6
2025-10-12,EGCH,118863.0,11.6,1378810.8,2025-09-08,23
2025-10-12,COMI,11791.0,104.05,1226853.55,2025-09-25,10
2025-10-12,EFID,75831.0,23.38,1772928.78,2025-10-01,6
2025-10-13,EGCH,118863.0,11.41,1356226.83,2025-09-08,24
2025-10-13,COMI,11791.0,104.11,1227561.01,2025-09-25,11
2025-10-13,ORAS,3760.0,476.0,1789760.0,2025-10-13,0
2025-10-14,EGCH,118863.0,11.5,1366924.5,2025-09-08,25
2025-10-14,COMI,11791.0,104.55,1232749.05,2025-09-25,12
2025-10-14,ORAS,3760.0,466.0,1752160.0,2025-10-13,1
2025-10-15,EGCH,118863.0,11.38,1352660.9400000002,2025-09-08,26
2025-10-15,COMI,11791.0,106.0,1249846.0,2025-09-25,13
2025-10-15,ORAS,3760.0,474.49,1784082.4000000001,2025-10-13,2
2025-10-16,EGCH,118863.0,11.38,1352660.9400000002,2025-09-08,27
2025-10-16,COMI,11791.0,106.0,1249846.0,2025-09-25,14
2025-10-16,ORAS,3760.0,474.49,1784082.4000000001,2025-10-13,3
2025-10-19,EGCH,118863.0,11.38,1352660.9400000002,2025-09-08,27
2025-10-19,COMI,11791.0,106.0,1249846.0,2025-09-25,14
2025-10-19,ORAS,3760.0,474.49,1784082.4000000001,2025-10-13,3
2025-10-20,EGCH,118863.0,11.5,1366924.5,2025-09-08,27
2025-10-20,COMI,11791.0,105.31,1241710.21,2025-09-25,14
2025-10-20,ORAS,3760.0,472.0,1774720.0,2025-10-13,3
2025-10-21,EGCH,118863.0,11.53,1370490.39,2025-09-08,28
2025-10-21,COMI,11791.0,104.07,1227089.3699999999,2025-09-25,15
2025-10-21,ORAS,3760.0,467.99,1759642.4000000001,2025-10-13,4
2025-10-22,EGCH,118863.0,11.44,1359792.72,2025-09-08,29
2025-10-22,COMI,11791.0,104.16,1228150.56,2025-09-25,16
2025-10-22,ORAS,3760.0,468.01,1759717.5999999999,2025-10-13,5
2025-10-23,EGCH,118863.0,11.44,1359792.72,2025-09-08,30
2025-10-23,COMI,11791.0,104.16,1228150.56,2025-09-25,17
2025-10-23,ORAS,3760.0,468.01,1759717.5999999999,2025-10-13,6
2025-10-26,EGCH,118863.0,11.33,1346717.79,2025-09-08,30
2025-10-26,COMI,11791.0,105.0,1238055.0,2025-09-25,17
2025-10-26,ORAS,3760.0,463.0,1740880.0,2025-10-13,6
2025-10-27,EGCH,118863.0,11.27,1339586.01,2025-09-08,31
2025-10-27,COMI,11791.0,104.76,1235225.1600000001,2025-09-25,18
2025-10-27,ORAS,3760.0,461.15,1733924.0,2025-10-13,7
2025-10-28,EGCH,118863.0,11.43,1358604.0899999999,2025-09-08,32
2025-10-28,COMI,11791.0,105.4,1242771.4000000001,2025-09-25,19
2025-10-28,ORAS,3760.0,460.93,1733096.8,2025-10-13,8
2025-10-29,EGCH,118863.0,11.4,1355038.2,2025-09-08,33
2025-10-29,COMI,11791.0,104.56,1232866.96,2025-09-25,20
2025-10-30,EGCH,118863.0,11.3,1343151.9000000001,2025-09-08,34
2025-10-30,COMI,11791.0,105.49,1243832.5899999999,2025-09-25,21
2025-11-02,EGCH,118863.0,11.3,1343151.9000000001,2025-09-08,35
2025-11-02,COMI,11791.0,104.0,1226264.0,2025-09-25,22
2025-11-03,EGCH,118863.0,11.2,1331265.5999999999,2025-09-08,36
2025-11-03,COMI,11791.0,105.99,1249728.0899999999,2025-09-25,23
2025-11-04,EGCH,118863.0,11.06,1314624.78,2025-09-08,37
2025-11-04,COMI,11791.0,107.0,1261637.0,2025-09-25,24
2025-11-04,ETEL,33472.0,53.5,1790752.0,2025-11-04,0
2025-11-05,ETEL,33472.0,53.8,1800793.5999999999,2025-11-04,1
2025-11-06,ETEL,33472.0,52.86,1769329.92,2025-11-04,2
2025-11-09,ETEL,33472.0,52.48,1756610.5599999998,2025-11-04,3
2025-11-10,ETEL,33472.0,52.49,1756945.28,2025-11-04,4
2025-11-10,ARCC,26983.0,48.52,1309215.1600000001,2025-11-10,0
2025-11-11,ETEL,33472.0,53.43,1788408.96,2025-11-04,5
2025-11-11,ARCC,26983.0,48.5,1308675.5,2025-11-10,1
2025-11-12,ETEL,33472.0,52.64,1761966.08,2025-11-04,6
2025-11-12,ARCC,26983.0,55.02,1484604.6600000001,2025-11-10,2
2025-11-13,ETEL,33472.0,56.0,1874432.0,2025-11-04,7
2025-11-13,EFID,57501.0,23.95,1377148.95,2025-11-13,0
2025-11-13,ARCC,25072.0,53.0,1328816.0,2025-11-13,0
2025-11-16,ETEL,33472.0,62.68,2098024.96,2025-11-04,8
2025-11-16,EFID,57501.0,24.0,1380024.0,2025-11-13,1
2025-11-16,ARCC,25072.0,52.5,1316280.0,2025-11-13,1
2025-11-17,EFID,57501.0,23.5,1351273.5,2025-11-13,2
2025-12-01,TMGH,20721.0,75.45,1563399.45,2025-12-01,0
2025-12-02,TMGH,20721.0,75.45,1563399.45,2025-12-01,1
2025-12-03,TMGH,20721.0,77.15,1598625.1500000001,2025-12-01,1
2025-12-04,TMGH,20721.0,77.15,1598625.1500000001,2025-12-01,2
2025-12-07,TMGH,20721.0,75.12,1556561.52,2025-12-01,2
2025-12-08,TMGH,20721.0,75.12,1556561.52,2025-12-01,3
2025-12-09,TMGH,20721.0,75.95,1573759.95,2025-12-01,3
2025-12-10,ETEL,24651.0,63.65,1569036.15,2025-12-10,0
2025-12-10,EFID,62196.0,25.3,1573558.8,2025-12-10,0
2025-12-11,ETEL,24651.0,64.65,1593687.1500000001,2025-12-10,1
2025-12-11,EFID,62196.0,25.58,1590973.68,2025-12-10,1
2025-12-14,ETEL,24651.0,66.0,1626966.0,2025-12-10,2
2025-12-14,EFID,62196.0,25.57,1590351.72,2025-12-10,2
2025-12-15,ETEL,24651.0,66.15,1630663.6500000001,2025-12-10,3
2025-12-15,EFID,62196.0,25.71,1599059.1600000001,2025-12-10,3
2025-12-16,ETEL,24651.0,64.01,1577910.5100000002,2025-12-10,4
2025-12-16,EFID,62196.0,26.09,1622693.64,2025-12-10,4
2025-12-16,TMGH,20759.0,75.55,1568342.45,2025-12-16,0
2025-12-17,ETEL,24651.0,63.0,1553013.0,2025-12-10,5
2025-12-17,EFID,62196.0,25.6,1592217.6,2025-12-10,5
2025-12-17,TMGH,20759.0,74.7,1550697.3,2025-12-16,1
2025-12-18,ETEL,24651.0,63.13,1556217.6300000001,2025-12-10,6
2025-12-18,EFID,62196.0,25.59,1591595.64,2025-12-10,6
2025-12-18,TMGH,20759.0,74.2,1540317.8,2025-12-16,2
2025-12-21,ETEL,24651.0,64.0,1577664.0,2025-12-10,7
2025-12-21,EFID,62196.0,25.55,1589107.8,2025-12-10,7
2025-12-21,TMGH,20759.0,74.66,1549866.94,2025-12-16,3
2025-12-22,ETEL,24651.0,62.8,1548082.7999999998,2025-12-10,8
2025-12-22,EFID,62196.0,26.21,1630157.1600000001,2025-12-10,8
2025-12-22,TMGH,20759.0,75.5,1567304.5,2025-12-16,4
2025-12-23,ETEL,24651.0,63.0,1553013.0,2025-12-10,9
2025-12-23,EFID,62196.0,26.75,1663743.0,2025-12-10,9
2025-12-23,TMGH,20759.0,75.0,1556925.0,2025-12-16,5
2025-12-24,ETEL,24651.0,63.0,1553013.0,2025-12-10,10
2025-12-24,EFID,62196.0,26.76,1664364.9600000002,2025-12-10,10
2025-12-24,TMGH,20759.0,74.61,1548828.99,2025-12-16,6
2025-12-25,ETEL,24651.0,62.83,1548822.3299999998,2025-12-10,11
2025-12-25,EFID,62196.0,26.65,1657523.4,2025-12-10,11
2025-12-25,TMGH,20759.0,75.0,1556925.0,2025-12-16,7
2025-12-28,ETEL,24651.0,64.22,1583087.22,2025-12-10,12
2025-12-28,EFID,62196.0,26.56,1651925.76,2025-12-10,12
2025-12-28,TMGH,20759.0,76.1,1579759.9,2025-12-16,8
2025-12-29,ETEL,24651.0,64.8,1597384.7999999998,2025-12-10,13
2025-12-29,EFID,62196.0,26.8,1666852.8,2025-12-10,13
2025-12-29,TMGH,20759.0,77.0,1598443.0,2025-12-16,9
2025-12-30,ETEL,24651.0,64.79,1597138.2900000003,2025-12-10,14
2025-12-30,EFID,62196.0,27.13,1687377.48,2025-12-10,14
2025-12-30,TMGH,20759.0,79.26,1645358.34,2025-12-16,10
2025-12-31,ETEL,24651.0,65.77,1621296.2699999998,2025-12-10,15
2025-12-31,EFID,62196.0,27.5,1710390.0,2025-12-10,15
2025-12-31,TMGH,20759.0,80.0,1660720.0,2025-12-16,11
2026-01-04,ETEL,24651.0,65.31,1609956.81,2025-12-10,16
2026-01-04,EFID,62196.0,27.77,1727182.92,2025-12-10,16
2026-01-04,TMGH,20759.0,77.0,1598443.0,2025-12-16,12
2026-01-05,ETEL,24651.0,65.31,1609956.81,2025-12-10,17
2026-01-05,EFID,62196.0,27.77,1727182.92,2025-12-10,17
2026-01-05,TMGH,20759.0,77.0,1598443.0,2025-12-16,13
2026-01-06,ETEL,24651.0,65.25,1608477.75,2025-12-10,17
2026-01-06,EFID,62196.0,28.6,1778805.6,2025-12-10,17
2026-01-06,TMGH,20759.0,77.85,1616088.15,2025-12-16,13
2026-01-08,ETEL,24651.0,68.72,1694016.72,2025-12-10,18
2026-01-08,EFID,62196.0,28.5,1772586.0,2025-12-10,18
2026-01-08,TMGH,20759.0,77.72,1613389.48,2025-12-16,14
2026-01-11,ETEL,24651.0,71.0,1750221.0,2025-12-10,19
2026-01-11,EFID,62196.0,28.22,1755171.1199999999,2025-12-10,19
2026-01-11,TMGH,20759.0,77.99,1618994.41,2025-12-16,15
2026-01-12,ETEL,24651.0,69.15,1704616.6500000001,2025-12-10,20
2026-01-12,EFID,62196.0,27.52,1711633.92,2025-12-10,20
2026-01-12,TMGH,20759.0,77.8,1615050.2,2025-12-16,16
2026-01-13,ETEL,24651.0,69.01,1701165.5100000002,2025-12-10,21
2026-01-13,EFID,62196.0,27.16,1689243.36,2025-12-10,21
2026-01-13,TMGH,20759.0,78.48,1629166.32,2025-12-16,17
2026-01-14,ETEL,24651.0,68.5,1688593.5,2025-12-10,22
2026-01-14,EFID,62196.0,27.49,1709768.0399999998,2025-12-10,22
2026-01-14,TMGH,20759.0,76.5,1588063.5,2025-12-16,18
2026-01-15,ETEL,24651.0,68.25,1682430.75,2025-12-10,23
2026-01-15,TMGH,20759.0,76.15,1580797.85,2025-12-16,19
2026-01-18,ETEL,24651.0,67.95,1675035.4500000002,2025-12-10,24
2026-01-18,TMGH,20759.0,76.2,1581835.8,2025-12-16,20
2026-01-19,ETEL,24651.0,73.88,1821215.88,2025-12-10,25
2026-01-19,TMGH,20759.0,82.02,1702653.18,2025-12-16,21
2026-01-19,MCQE,9834.0,174.0,1711116.0,2026-01-19,0
2026-01-20,ETEL,24651.0,80.11,1974791.6099999999,2025-12-10,26
2026-01-20,TMGH,20759.0,83.75,1738566.25,2025-12-16,22
2026-01-20,MCQE,9834.0,172.96,1700888.6400000001,2026-01-19,1
2026-01-21,TMGH,20759.0,82.95,1721959.05,2025-12-16,23
2026-01-21,MCQE,9834.0,173.53,1706494.02,2026-01-19,2
2026-01-21,EFID,67529.0,28.8,1944835.2,2026-01-21,0
2026-01-22,TMGH,20759.0,83.5,1733376.5,2025-12-16,24
2026-01-22,MCQE,9834.0,172.0,1691448.0,2026-01-19,3
2026-01-22,EFID,67529.0,28.8,1944835.2,2026-01-21,1
2026-01-25,TMGH,20759.0,86.44,1794407.96,2025-12-16,25
2026-01-25,MCQE,9834.0,168.22,1654275.48,2026-01-19,4
2026-01-25,EFID,67529.0,29.09,1964418.61,2026-01-21,2
2026-01-26,MCQE,9834.0,169.0,1661946.0,2026-01-19,5
2026-01-26,EFID,67529.0,29.31,1979274.99,2026-01-21,3
2026-01-26,TMGH,20655.0,86.47,1786037.8499999999,2026-01-26,0
2026-01-27,MCQE,9834.0,171.0,1681614.0,2026-01-19,6
2026-01-27,EFID,67529.0,29.08,1963743.3199999998,2026-01-21,4
2026-01-27,TMGH,20655.0,87.21,1801322.5499999998,2026-01-26,1
2026-01-28,MCQE,9834.0,167.35,1645719.9,2026-01-19,7
2026-01-28,EFID,67529.0,28.85,1948211.6500000001,2026-01-21,5
2026-01-28,TMGH,20655.0,86.49,1786450.95,2026-01-26,2
2026-02-01,MCQE,9834.0,166.0,1632444.0,2026-01-19,8
2026-02-01,TMGH,20655.0,86.0,1776330.0,2026-01-26,3
2026-02-02,MCQE,9834.0,166.2,1634410.7999999998,2026-01-19,9
2026-02-02,TMGH,20655.0,86.78,1792440.9000000001,2026-01-26,4
2026-02-03,MCQE,9834.0,168.93,1661257.62,2026-01-19,10
2026-02-03,TMGH,20655.0,88.44,1826728.2,2026-01-26,5
2026-02-04,MCQE,9834.0,168.04,1652505.3599999999,2026-01-19,11
2026-02-04,TMGH,20655.0,90.2,1863081.0,2026-01-26,6
2026-02-05,MCQE,9834.0,164.03,1613071.02,2026-01-19,12
2026-02-05,TMGH,20655.0,88.02,1818053.0999999999,2026-01-26,7
2026-02-08,TMGH,20655.0,88.6,1830032.9999999998,2026-01-26,8
2026-02-09,TMGH,20655.0,89.97,1858330.3499999999,2026-01-26,9
2026-02-10,TMGH,20655.0,88.97,1837675.3499999999,2026-01-26,10
2026-02-10,MCQE,10112.0,175.8,1777689.6,2026-02-10,0
2026-02-11,TMGH,20655.0,87.21,1801322.5499999998,2026-01-26,11
2026-02-11,MCQE,10112.0,171.02,1729354.24,2026-02-10,1
2026-02-12,TMGH,20655.0,88.32,1824249.5999999999,2026-01-26,12
2026-02-12,MCQE,10112.0,172.74,1746746.8800000001,2026-02-10,2
2026-02-15,TMGH,20655.0,91.6,1891997.9999999998,2026-01-26,13
2026-02-15,MCQE,10112.0,174.59,1765454.08,2026-02-10,3
2026-02-16,TMGH,20655.0,92.0,1900260.0,2026-01-26,14
2026-02-16,MCQE,10112.0,176.4,1783756.8,2026-02-10,4
2026-02-17,TMGH,20655.0,95.7,1976683.5,2026-01-26,15
2026-02-17,MCQE,10112.0,180.88,1829058.56,2026-02-10,5
2026-02-18,TMGH,20655.0,96.37,1990522.35,2026-01-26,16
2026-02-18,MCQE,10112.0,192.5,1946560.0,2026-02-10,6
2026-02-19,TMGH,20655.0,91.55,1890965.25,2026-01-26,17
2026-02-19,MCQE,10112.0,190.07,1921987.8399999999,2026-02-10,7
2026-02-22,TMGH,20655.0,90.49,1869070.95,2026-01-26,18
2026-02-22,MCQE,10112.0,194.0,1961728.0,2026-02-10,8
2026-02-23,TMGH,20655.0,92.97,1920295.3499999999,2026-01-26,19
2026-02-23,MCQE,10112.0,197.01,1992165.1199999999,2026-02-10,9
2026-02-24,TMGH,20655.0,91.5,1889932.5,2026-01-26,20
2026-02-24,MCQE,10112.0,202.98,2052533.76,2026-02-10,10
2026-02-25,TMGH,20655.0,87.85,1814541.7499999998,2026-01-26,21
2026-02-25,MCQE,10112.0,192.85,1950099.2,2026-02-10,11
2026-02-26,TMGH,20655.0,87.1,1799050.4999999998,2026-01-26,22
2026-02-26,MCQE,10112.0,193.61,1957784.32,2026-02-10,12
2026-03-01,TMGH,20655.0,85.24,1760632.2,2026-01-26,23
2026-03-01,MCQE,10112.0,185.75,1878304.0,2026-02-10,13
2026-03-01,ABUK,25635.0,68.8,1763688.0,2026-03-01,0
2026-03-02,MCQE,10112.0,196.61,1988120.32,2026-02-10,14
2026-03-03,MCQE,10112.0,190.0,1921280.0,2026-02-10,15
2026-03-04,MCQE,10112.0,189.6,1917235.2,2026-02-10,16
2026-03-04,ABUK,22511.0,78.64,1770265.04,2026-03-04,0
2026-03-05,MCQE,10112.0,188.99,1911066.8800000001,2026-02-10,17
2026-03-05,ABUK,22511.0,77.93,1754282.2300000002,2026-03-04,1
2026-03-08,MCQE,10112.0,185.2,1872742.4,2026-02-10,18
2026-03-08,ABUK,22511.0,87.0,1958457.0,2026-03-04,2
2026-03-09,MCQE,10112.0,182.35,1843923.2,2026-02-10,19
2026-03-09,ABUK,22511.0,84.1,1893175.0999999999,2026-03-04,3
2026-03-10,MCQE,10112.0,183.69,1857473.28,2026-02-10,20
2026-03-10,ABUK,22511.0,79.9,1798628.9000000001,2026-03-04,4
2026-03-11,MCQE,10112.0,186.82,1889123.8399999999,2026-02-10,21
2026-03-11,ABUK,22511.0,85.0,1913435.0,2026-03-04,5
2026-03-12,MCQE,10112.0,184.74,1868090.8800000001,2026-02-10,22
2026-03-12,ABUK,22511.0,88.06,1982318.6600000001,2026-03-04,6
2026-03-15,MCQE,10112.0,181.01,1830373.1199999999,2026-02-10,23
2026-03-15,ABUK,22511.0,86.0,1935946.0,2026-03-04,7
2026-03-16,MCQE,10112.0,178.9,1809036.8,2026-02-10,24
2026-03-16,ABUK,22511.0,86.67,1951028.37,2026-03-04,8
2026-03-17,MCQE,10112.0,177.02,1790026.24,2026-02-10,25
2026-03-17,ABUK,22511.0,87.55,1970838.05,2026-03-04,9
2026-03-18,MCQE,10112.0,178.0,1799936.0,2026-02-10,26
2026-03-18,ABUK,22511.0,87.0,1958457.0,2026-03-04,10
2026-03-24,MCQE,10112.0,175.89,1778599.68,2026-02-10,27
2026-03-24,ABUK,22511.0,94.0,2116034.0,2026-03-04,11
2026-03-25,MCQE,10112.0,175.0,1769600.0,2026-02-10,28
2026-03-26,MCQE,10112.0,175.81,1777790.72,2026-02-10,29
2026-03-29,MCQE,10112.0,173.72,1756656.64,2026-02-10,30
2026-03-30,MCQE,10112.0,168.5,1703872.0,2026-02-10,31
2026-04-01,VLMRA,57245.0,32.17,1841571.6500000001,2026-04-01,0
2026-04-02,VLMRA,57245.0,32.77,1875918.6500000001,2026-04-01,1
2026-04-05,VLMRA,57245.0,32.5,1860462.5,2026-04-01,2
