date,open,high,low,close,volume,symbol,holding_name,weight
2005-09-29,5.07,6.06,5.07,5.75,58429830,AMOC,Alexandria Mineral Oils Company,0.007824696481287205
2005-10-02,6.27,6.27,5.94,6.07,21264990,AMOC,Alexandria Mineral Oils Company,0.007824696481287205
2005-10-03,5.93,6.0,5.7,5.86,22889790,AMOC,Alexandria Mineral Oils Company,0.007824696481287205
2005-10-04,5.69,5.7,5.53,5.61,10002465,AMOC,Alexandria Mineral Oils Company,0.007824696481287205
2005-10-05,5.51,5.86,5.48,5.59,11976975,AMOC,Alexandria Mineral Oils Company,0.007824696481287205
2005-10-09,5.87,6.03,5.67,5.95,14967165,AMOC,Alexandria Mineral Oils Company,0.007824696481287205
2005-10-10,6.0,6.13,5.94,6.01,7122690,AMOC,Alexandria Mineral Oils Company,0.007824696481287205
2005-10-11,5.93,6.03,5.87,5.98,5184390,AMOC,Alexandria Mineral Oils Company,0.007824696481287205
2005-10-12,5.97,6.09,5.93,5.99,7591605,AMOC,Alexandria Mineral Oils Company,0.007824696481287205
2005-10-13,5.97,6.09,5.94,6.0,4300905,AMOC,Alexandria Mineral Oils Company,0.007824696481287205
2005-10-16,5.93,6.03,5.93,6.0,5223825,AMOC,Alexandria Mineral Oils Company,0.007824696481287205
2005-10-17,6.0,6.02,5.93,5.97,5822460,AMOC,Alexandria Mineral Oils Company,0.007824696481287205
2005-10-18,5.95,6.0,5.73,5.91,3553725,AMOC,Alexandria Mineral Oils Company,0.007824696481287205
2005-10-19,5.83,5.83,5.69,5.75,3604140,AMOC,Alexandria Mineral Oils Company,0.007824696481287205
2005-10-20,5.74,5.87,5.74,5.79,2397885,AMOC,Alexandria Mineral Oils Company,0.007824696481287205
2005-10-23,5.77,5.87,5.75,5.8,3135270,AMOC,Alexandria Mineral Oils Company,0.007824696481287205
2005-10-24,5.77,5.9,5.73,5.83,3103890,AMOC,Alexandria Mineral Oils Company,0.007824696481287205
2005-10-25,5.73,6.0,5.73,5.92,6075375,AMOC,Alexandria Mineral Oils Company,0.007824696481287205
2005-10-26,5.8,5.93,5.74,5.82,2040540,AMOC,Alexandria Mineral Oils Company,0.007824696481287205
2005-10-27,5.85,5.87,5.71,5.75,3348855,AMOC,Alexandria Mineral Oils Company,0.007824696481287205
2005-10-30,5.73,5.77,5.69,5.73,1986825,AMOC,Alexandria Mineral Oils Company,0.007824696481287205
2005-10-31,5.76,5.87,5.72,5.79,3400455,AMOC,Alexandria Mineral Oils Company,0.007824696481287205
2005-11-01,5.77,5.93,5.77,5.85,2026905,AMOC,Alexandria Mineral Oils Company,0.007824696481287205
2005-11-06,5.87,5.9,5.81,5.86,4611165,AMOC,Alexandria Mineral Oils Company,0.007824696481287205
2005-11-07,5.83,5.87,5.73,5.78,2769780,AMOC,Alexandria Mineral Oils Company,0.007824696481287205
2005-11-08,5.74,5.82,5.73,5.77,3093660,AMOC,Alexandria Mineral Oils Company,0.007824696481287205
2005-11-09,5.8,5.8,5.67,5.69,2866320,AMOC,Alexandria Mineral Oils Company,0.007824696481287205
2005-11-10,5.67,5.8,5.67,5.74,2897070,AMOC,Alexandria Mineral Oils Company,0.007824696481287205
2005-11-13,5.72,5.72,5.57,5.65,1646115,AMOC,Alexandria Mineral Oils Company,0.007824696481287205
2005-11-14,5.57,5.6,5.4,5.51,2316960,AMOC,Alexandria Mineral Oils Company,0.007824696481287205
2005-11-15,5.43,5.56,5.41,5.51,1414395,AMOC,Alexandria Mineral Oils Company,0.007824696481287205
2005-11-16,5.57,5.6,5.44,5.5,1408785,AMOC,Alexandria Mineral Oils Company,0.007824696481287205
2005-11-17,5.45,5.49,5.43,5.46,788790,AMOC,Alexandria Mineral Oils Company,0.007824696481287205
2005-11-20,5.43,5.47,5.41,5.45,1312485,AMOC,Alexandria Mineral Oils Company,0.007824696481287205
2005-11-21,5.47,5.47,5.4,5.44,1601490,AMOC,Alexandria Mineral Oils Company,0.007824696481287205
2005-11-22,5.41,5.47,5.2,5.33,1823730,AMOC,Alexandria Mineral Oils Company,0.007824696481287205
2005-11-23,5.2,5.25,5.08,5.19,2707005,AMOC,Alexandria Mineral Oils Company,0.007824696481287205
2005-11-24,5.2,5.23,5.09,5.2,891735,AMOC,Alexandria Mineral Oils Company,0.007824696481287205
2005-11-27,5.2,5.22,5.13,5.16,2071155,AMOC,Alexandria Mineral Oils Company,0.007824696481287205
2005-11-28,5.14,5.23,5.14,5.19,2025615,AMOC,Alexandria Mineral Oils Company,0.007824696481287205
2005-11-29,5.15,5.2,5.09,5.15,1851210,AMOC,Alexandria Mineral Oils Company,0.007824696481287205
2005-11-30,5.07,5.13,5.07,5.08,2373765,AMOC,Alexandria Mineral Oils Company,0.007824696481287205
2005-12-01,5.03,5.2,5.03,5.13,1757775,AMOC,Alexandria Mineral Oils Company,0.007824696481287205
2005-12-04,5.17,5.49,5.17,5.38,3155070,AMOC,Alexandria Mineral Oils Company,0.007824696481287205
2005-12-05,5.49,5.53,5.37,5.44,1062285,AMOC,Alexandria Mineral Oils Company,0.007824696481287205
2005-12-06,5.39,5.47,5.33,5.41,853455,AMOC,Alexandria Mineral Oils Company,0.007824696481287205
2005-12-07,5.47,5.83,5.47,5.77,2563500,AMOC,Alexandria Mineral Oils Company,0.007824696481287205
2005-12-08,5.83,5.93,5.68,5.82,3479475,AMOC,Alexandria Mineral Oils Company,0.007824696481287205
2005-12-11,5.87,5.93,5.67,5.74,2427360,AMOC,Alexandria Mineral Oils Company,0.007824696481287205
2005-12-12,5.77,5.8,5.59,5.65,2485680,AMOC,Alexandria Mineral Oils Company,0.007824696481287205
2005-12-13,5.57,5.6,5.43,5.53,1822575,AMOC,Alexandria Mineral Oils Company,0.007824696481287205
2005-12-18,5.47,5.47,5.29,5.34,2220810,AMOC,Alexandria Mineral Oils Company,0.007824696481287205
2005-12-19,5.29,5.37,5.2,5.31,3911835,AMOC,Alexandria Mineral Oils Company,0.007824696481287205
2005-12-20,5.23,5.27,5.19,5.22,1277760,AMOC,Alexandria Mineral Oils Company,0.007824696481287205
2005-12-21,5.23,5.3,5.2,5.24,1225515,AMOC,Alexandria Mineral Oils Company,0.007824696481287205
2005-12-22,5.2,5.27,5.13,5.17,1341585,AMOC,Alexandria Mineral Oils Company,0.007824696481287205
2005-12-25,5.19,5.26,5.14,5.16,1212795,AMOC,Alexandria Mineral Oils Company,0.007824696481287205
2005-12-26,5.18,5.2,5.14,5.17,1881945,AMOC,Alexandria Mineral Oils Company,0.007824696481287205
2005-12-27,5.2,5.2,5.13,5.15,1193565,AMOC,Alexandria Mineral Oils Company,0.007824696481287205
2005-12-28,5.17,5.23,5.17,5.2,2193375,AMOC,Alexandria Mineral Oils Company,0.007824696481287205
2005-12-29,5.2,5.26,5.19,5.21,2041245,AMOC,Alexandria Mineral Oils Company,0.007824696481287205
2006-01-02,5.27,6.0,5.27,5.81,18316260,AMOC,Alexandria Mineral Oils Company,0.007824696481287205
2006-01-03,6.07,6.2,5.8,6.08,10435605,AMOC,Alexandria Mineral Oils Company,0.007824696481287205
2006-01-04,5.67,5.9,5.67,5.79,4133505,AMOC,Alexandria Mineral Oils Company,0.007824696481287205
2006-01-05,5.72,5.79,5.67,5.72,2932590,AMOC,Alexandria Mineral Oils Company,0.007824696481287205
2006-01-08,5.67,6.77,5.67,6.28,19330830,AMOC,Alexandria Mineral Oils Company,0.007824696481287205
2006-01-12,6.6,6.97,6.6,6.79,6579165,AMOC,Alexandria Mineral Oils Company,0.007824696481287205
2006-01-15,6.33,7.0,6.33,6.79,8629185,AMOC,Alexandria Mineral Oils Company,0.007824696481287205
2006-01-16,6.67,6.87,6.47,6.59,8784855,AMOC,Alexandria Mineral Oils Company,0.007824696481287205
2006-01-17,6.55,6.67,6.4,6.53,2700180,AMOC,Alexandria Mineral Oils Company,0.007824696481287205
2006-01-18,6.47,6.53,6.17,6.32,2441610,AMOC,Alexandria Mineral Oils Company,0.007824696481287205
2006-01-19,6.18,6.47,6.07,6.25,4620015,AMOC,Alexandria Mineral Oils Company,0.007824696481287205
2006-01-22,6.39,6.57,6.16,6.36,7396800,AMOC,Alexandria Mineral Oils Company,0.007824696481287205
2006-01-23,6.27,6.47,6.07,6.19,2862435,AMOC,Alexandria Mineral Oils Company,0.007824696481287205
2006-01-24,6.05,6.17,5.81,5.97,2899995,AMOC,Alexandria Mineral Oils Company,0.007824696481287205
2006-01-25,6.0,6.07,5.93,6.0,1291830,AMOC,Alexandria Mineral Oils Company,0.007824696481287205
2006-01-26,6.13,6.2,5.99,6.03,12678645,AMOC,Alexandria Mineral Oils Company,0.007824696481287205
2006-01-29,6.13,6.87,6.07,6.56,11342265,AMOC,Alexandria Mineral Oils Company,0.007824696481287205
2006-01-30,6.42,6.87,6.33,6.64,10374945,AMOC,Alexandria Mineral Oils Company,0.007824696481287205
2006-02-01,6.67,7.13,6.67,6.95,10459515,AMOC,Alexandria Mineral Oils Company,0.007824696481287205
2006-02-02,6.73,6.88,6.4,6.6,4292040,AMOC,Alexandria Mineral Oils Company,0.007824696481287205
2006-02-05,6.41,6.53,6.37,6.44,4632225,AMOC,Alexandria Mineral Oils Company,0.007824696481287205
2006-02-06,6.37,6.53,6.35,6.45,3296160,AMOC,Alexandria Mineral Oils Company,0.007824696481287205
2006-02-07,6.45,6.53,6.27,6.42,4564770,AMOC,Alexandria Mineral Oils Company,0.007824696481287205
2006-02-08,6.35,6.35,6.0,6.16,2436480,AMOC,Alexandria Mineral Oils Company,0.007824696481287205
2006-02-09,6.0,6.13,5.87,5.97,6806475,AMOC,Alexandria Mineral Oils Company,0.007824696481287205
2006-02-12,6.27,6.27,5.9,5.98,2809350,AMOC,Alexandria Mineral Oils Company,0.007824696481287205
2006-02-13,5.93,5.93,5.4,5.61,4057185,AMOC,Alexandria Mineral Oils Company,0.007824696481287205
2006-02-14,5.73,5.87,5.57,5.73,1582500,AMOC,Alexandria Mineral Oils Company,0.007824696481287205
2006-02-15,5.87,5.87,5.53,5.67,4119345,AMOC,Alexandria Mineral Oils Company,0.007824696481287205
2006-02-16,5.53,5.6,5.2,5.31,4094070,AMOC,Alexandria Mineral Oils Company,0.007824696481287205
2006-02-19,5.4,5.63,5.27,5.51,2417505,AMOC,Alexandria Mineral Oils Company,0.007824696481287205
2006-02-20,5.6,5.73,5.47,5.56,3125715,AMOC,Alexandria Mineral Oils Company,0.007824696481287205
2006-02-21,5.6,5.6,5.34,5.46,3537000,AMOC,Alexandria Mineral Oils Company,0.007824696481287205
2006-02-22,5.43,5.63,5.43,5.56,872625,AMOC,Alexandria Mineral Oils Company,0.007824696481287205
2006-02-23,5.6,5.7,5.51,5.62,4322730,AMOC,Alexandria Mineral Oils Company,0.007824696481287205
2006-02-26,5.8,5.8,5.57,5.65,1545285,AMOC,Alexandria Mineral Oils Company,0.007824696481287205
2006-02-27,5.59,5.6,5.47,5.53,1209150,AMOC,Alexandria Mineral Oils Company,0.007824696481287205
2006-02-28,5.54,5.61,5.49,5.53,1053840,AMOC,Alexandria Mineral Oils Company,0.007824696481287205
2006-03-01,5.47,5.6,5.47,5.54,591630,AMOC,Alexandria Mineral Oils Company,0.007824696481287205
2006-03-02,5.47,5.57,5.33,5.42,1684035,AMOC,Alexandria Mineral Oils Company,0.007824696481287205
2006-03-05,5.37,5.37,4.96,5.13,3839715,AMOC,Alexandria Mineral Oils Company,0.007824696481287205
2006-03-06,5.23,5.33,5.15,5.24,991230,AMOC,Alexandria Mineral Oils Company,0.007824696481287205
2006-03-07,5.25,5.25,5.0,5.15,1972200,AMOC,Alexandria Mineral Oils Company,0.007824696481287205
2006-03-08,5.13,5.17,5.03,5.08,4299780,AMOC,Alexandria Mineral Oils Company,0.007824696481287205
2006-03-09,5.2,5.2,5.1,5.15,934485,AMOC,Alexandria Mineral Oils Company,0.007824696481287205
2006-03-12,5.1,5.13,5.04,5.08,1752150,AMOC,Alexandria Mineral Oils Company,0.007824696481287205
2006-03-13,5.04,5.11,4.7,4.85,2017545,AMOC,Alexandria Mineral Oils Company,0.007824696481287205
2006-03-14,4.67,4.93,4.0,4.55,5887650,AMOC,Alexandria Mineral Oils Company,0.007824696481287205
2006-03-15,4.99,5.0,4.6,4.75,2973030,AMOC,Alexandria Mineral Oils Company,0.007824696481287205
2006-03-16,4.72,4.87,4.67,4.74,1970250,AMOC,Alexandria Mineral Oils Company,0.007824696481287205
2006-03-19,4.8,5.05,4.73,4.93,2296470,AMOC,Alexandria Mineral Oils Company,0.007824696481287205
2006-03-20,5.03,5.03,4.9,4.93,1194420,AMOC,Alexandria Mineral Oils Company,0.007824696481287205
2006-03-21,4.87,4.92,4.81,4.87,1014405,AMOC,Alexandria Mineral Oils Company,0.007824696481287205
2006-03-22,4.87,4.92,4.83,4.88,1414170,AMOC,Alexandria Mineral Oils Company,0.007824696481287205
2006-03-23,4.81,5.0,4.8,4.91,2261385,AMOC,Alexandria Mineral Oils Company,0.007824696481287205
2006-03-26,4.9,4.99,4.9,4.95,879975,AMOC,Alexandria Mineral Oils Company,0.007824696481287205
2006-03-27,4.97,5.53,4.97,5.23,3023235,AMOC,Alexandria Mineral Oils Company,0.007824696481287205
2006-03-28,5.15,5.27,5.1,5.2,948570,AMOC,Alexandria Mineral Oils Company,0.007824696481287205
2006-03-29,5.17,5.23,5.11,5.16,813660,AMOC,Alexandria Mineral Oils Company,0.007824696481287205
2006-03-30,5.19,5.19,4.97,5.05,1663575,AMOC,Alexandria Mineral Oils Company,0.007824696481287205
2006-04-02,5.01,5.15,5.01,5.12,671265,AMOC,Alexandria Mineral Oils Company,0.007824696481287205
2006-04-03,5.13,5.17,5.07,5.11,933675,AMOC,Alexandria Mineral Oils Company,0.007824696481287205
2006-04-04,5.1,5.15,5.07,5.13,789555,AMOC,Alexandria Mineral Oils Company,0.007824696481287205
2006-04-05,5.16,5.29,5.13,5.23,1896345,AMOC,Alexandria Mineral Oils Company,0.007824696481287205
2006-04-06,5.3,5.37,5.25,5.33,2718300,AMOC,Alexandria Mineral Oils Company,0.007824696481287205
2006-04-09,5.23,5.33,5.23,5.3,1357335,AMOC,Alexandria Mineral Oils Company,0.007824696481287205
2006-04-11,5.27,5.33,5.25,5.27,1404945,AMOC,Alexandria Mineral Oils Company,0.007824696481287205
2006-04-12,5.33,5.67,5.27,5.48,5729985,AMOC,Alexandria Mineral Oils Company,0.007824696481287205
2006-04-13,5.67,5.67,5.27,5.47,3080400,AMOC,Alexandria Mineral Oils Company,0.007824696481287205
2006-04-16,5.53,5.53,5.07,5.23,3058230,AMOC,Alexandria Mineral Oils Company,0.007824696481287205
2006-04-17,5.23,5.4,5.07,5.26,3029535,AMOC,Alexandria Mineral Oils Company,0.007824696481287205
2006-04-18,5.07,5.19,4.81,5.1,2012790,AMOC,Alexandria Mineral Oils Company,0.007824696481287205
2006-04-19,5.2,5.23,5.1,5.15,1559850,AMOC,Alexandria Mineral Oils Company,0.007824696481287205
2006-04-20,5.17,5.4,5.16,5.31,2025135,AMOC,Alexandria Mineral Oils Company,0.007824696481287205
2006-04-26,5.2,5.27,5.13,5.19,868965,AMOC,Alexandria Mineral Oils Company,0.007824696481287205
2006-04-27,5.3,5.3,5.13,5.18,1165065,AMOC,Alexandria Mineral Oils Company,0.007824696481287205
2006-04-30,5.14,5.27,5.13,5.16,1767540,AMOC,Alexandria Mineral Oils Company,0.007824696481287205
2006-05-02,5.2,5.2,5.14,5.17,873045,AMOC,Alexandria Mineral Oils Company,0.007824696481287205
2006-05-03,5.13,5.19,5.01,5.07,1722585,AMOC,Alexandria Mineral Oils Company,0.007824696481287205
2006-05-04,5.0,5.13,4.96,5.04,2089140,AMOC,Alexandria Mineral Oils Company,0.007824696481287205
2006-05-07,5.01,5.07,4.92,4.98,971505,AMOC,Alexandria Mineral Oils Company,0.007824696481287205
2006-05-08,4.95,4.98,4.87,4.9,1007355,AMOC,Alexandria Mineral Oils Company,0.007824696481287205
2006-05-09,4.87,4.93,4.67,4.8,1333470,AMOC,Alexandria Mineral Oils Company,0.007824696481287205
2006-05-10,4.53,4.9,4.53,4.77,1311795,AMOC,Alexandria Mineral Oils Company,0.007824696481287205
2006-05-11,4.9,4.93,4.57,4.67,1644375,AMOC,Alexandria Mineral Oils Company,0.007824696481287205
2006-05-14,4.86,4.86,4.63,4.7,818505,AMOC,Alexandria Mineral Oils Company,0.007824696481287205
2006-05-15,4.67,4.67,4.33,4.49,1371420,AMOC,Alexandria Mineral Oils Company,0.007824696481287205
2006-05-16,4.65,4.87,4.65,4.79,2268675,AMOC,Alexandria Mineral Oils Company,0.007824696481287205
2006-05-17,4.7,4.8,4.6,4.75,1057965,AMOC,Alexandria Mineral Oils Company,0.007824696481287205
2006-05-18,4.73,4.9,4.73,4.85,1464600,AMOC,Alexandria Mineral Oils Company,0.007824696481287205
2006-05-21,4.9,4.9,4.67,4.75,1385700,AMOC,Alexandria Mineral Oils Company,0.007824696481287205
2006-05-22,4.61,4.73,4.49,4.6,4544565,AMOC,Alexandria Mineral Oils Company,0.007824696481287205
2006-05-23,4.53,4.7,4.47,4.58,3932010,AMOC,Alexandria Mineral Oils Company,0.007824696481287205
2006-05-24,4.47,4.88,4.0,4.67,3224145,AMOC,Alexandria Mineral Oils Company,0.007824696481287205
2006-05-25,4.54,4.61,4.49,4.56,725820,AMOC,Alexandria Mineral Oils Company,0.007824696481287205
2006-05-28,4.73,4.77,4.6,4.65,1091490,AMOC,Alexandria Mineral Oils Company,0.007824696481287205
2006-05-29,4.61,4.67,4.55,4.61,2302140,AMOC,Alexandria Mineral Oils Company,0.007824696481287205
2006-05-30,4.66,4.67,4.61,4.65,1597860,AMOC,Alexandria Mineral Oils Company,0.007824696481287205
2006-05-31,4.6,4.77,4.6,4.69,1876215,AMOC,Alexandria Mineral Oils Company,0.007824696481287205
2006-06-01,4.76,4.87,4.74,4.8,1244745,AMOC,Alexandria Mineral Oils Company,0.007824696481287205
2006-06-04,4.8,5.09,4.8,4.99,4741395,AMOC,Alexandria Mineral Oils Company,0.007824696481287205
2006-06-05,4.93,5.27,4.93,5.16,4080330,AMOC,Alexandria Mineral Oils Company,0.007824696481287205
2006-06-06,5.08,5.17,5.04,5.11,1009995,AMOC,Alexandria Mineral Oils Company,0.007824696481287205
2006-06-07,5.07,5.12,5.02,5.05,712485,AMOC,Alexandria Mineral Oils Company,0.007824696481287205
2006-06-08,5.0,5.1,5.0,5.05,758835,AMOC,Alexandria Mineral Oils Company,0.007824696481287205
2006-06-11,5.0,5.07,4.87,4.97,1224675,AMOC,Alexandria Mineral Oils Company,0.007824696481287205
2006-06-12,4.83,4.93,4.75,4.83,1189590,AMOC,Alexandria Mineral Oils Company,0.007824696481287205
2006-06-13,4.8,4.87,4.77,4.81,902970,AMOC,Alexandria Mineral Oils Company,0.007824696481287205
2006-06-14,4.75,4.75,4.49,4.61,2235270,AMOC,Alexandria Mineral Oils Company,0.007824696481287205
2006-06-15,4.57,4.87,4.57,4.73,1125540,AMOC,Alexandria Mineral Oils Company,0.007824696481287205
2006-06-18,4.79,4.93,4.67,4.85,1176225,AMOC,Alexandria Mineral Oils Company,0.007824696481287205
2006-06-19,4.87,4.89,4.74,4.82,788490,AMOC,Alexandria Mineral Oils Company,0.007824696481287205
2006-06-20,4.69,4.86,4.67,4.77,636285,AMOC,Alexandria Mineral Oils Company,0.007824696481287205
2006-06-21,4.7,4.75,4.63,4.66,1061280,AMOC,Alexandria Mineral Oils Company,0.007824696481287205
2006-06-22,4.7,4.7,4.67,4.69,474705,AMOC,Alexandria Mineral Oils Company,0.007824696481287205
2006-06-25,4.64,4.8,4.64,4.77,741150,AMOC,Alexandria Mineral Oils Company,0.007824696481287205
2006-06-26,4.67,4.73,4.6,4.65,1542990,AMOC,Alexandria Mineral Oils Company,0.007824696481287205
2006-06-27,4.59,4.66,4.59,4.63,435690,AMOC,Alexandria Mineral Oils Company,0.007824696481287205
2006-06-28,4.61,4.73,4.61,4.69,520215,AMOC,Alexandria Mineral Oils Company,0.007824696481287205
2006-06-29,4.7,4.8,4.65,4.73,1217250,AMOC,Alexandria Mineral Oils Company,0.007824696481287205
2006-07-02,4.87,4.87,4.74,4.82,431910,AMOC,Alexandria Mineral Oils Company,0.007824696481287205
2006-07-03,4.77,4.87,4.68,4.76,580950,AMOC,Alexandria Mineral Oils Company,0.007824696481287205
2006-07-04,4.73,4.8,4.65,4.73,639075,AMOC,Alexandria Mineral Oils Company,0.007824696481287205
2006-07-05,4.8,4.93,4.73,4.86,1180095,AMOC,Alexandria Mineral Oils Company,0.007824696481287205
2006-07-06,4.89,5.02,4.87,4.96,2074065,AMOC,Alexandria Mineral Oils Company,0.007824696481287205
2006-07-09,4.93,5.03,4.87,4.94,2102040,AMOC,Alexandria Mineral Oils Company,0.007824696481287205
2006-07-10,5.0,5.33,4.93,5.26,6581250,AMOC,Alexandria Mineral Oils Company,0.007824696481287205
2006-07-11,5.23,5.7,5.23,5.59,10387125,AMOC,Alexandria Mineral Oils Company,0.007824696481287205
2006-07-12,5.47,5.59,5.33,5.43,4040625,AMOC,Alexandria Mineral Oils Company,0.007824696481287205
2006-07-13,5.34,5.47,5.23,5.35,2465055,AMOC,Alexandria Mineral Oils Company,0.007824696481287205
2006-07-16,5.14,5.6,4.87,5.35,3021645,AMOC,Alexandria Mineral Oils Company,0.007824696481287205
2006-07-17,5.53,5.59,5.45,5.53,2659110,AMOC,Alexandria Mineral Oils Company,0.007824696481287205
2006-07-18,5.46,5.77,5.46,5.66,2963325,AMOC,Alexandria Mineral Oils Company,0.007824696481287205
2006-07-19,5.63,5.67,5.54,5.6,1501230,AMOC,Alexandria Mineral Oils Company,0.007824696481287205
2006-07-20,5.59,5.63,5.53,5.59,849840,AMOC,Alexandria Mineral Oils Company,0.007824696481287205
2006-07-24,5.55,5.72,5.55,5.65,2276385,AMOC,Alexandria Mineral Oils Company,0.007824696481287205
2006-07-25,5.66,5.67,5.57,5.63,1402080,AMOC,Alexandria Mineral Oils Company,0.007824696481287205
2006-07-26,5.57,5.61,5.53,5.57,1053285,AMOC,Alexandria Mineral Oils Company,0.007824696481287205
2006-07-27,5.59,5.66,5.55,5.59,4718130,AMOC,Alexandria Mineral Oils Company,0.007824696481287205
2006-07-30,5.67,5.89,5.6,5.83,3987855,AMOC,Alexandria Mineral Oils Company,0.007824696481287205
2006-07-31,5.8,5.83,5.72,5.77,1048605,AMOC,Alexandria Mineral Oils Company,0.007824696481287205
2006-08-01,5.8,5.8,5.73,5.77,2963145,AMOC,Alexandria Mineral Oils Company,0.007824696481287205
2006-08-02,5.8,5.88,5.73,5.83,2861850,AMOC,Alexandria Mineral Oils Company,0.007824696481287205
2006-08-03,5.8,6.0,5.8,5.95,4564860,AMOC,Alexandria Mineral Oils Company,0.007824696481287205
2006-08-06,5.93,5.97,5.78,5.85,1680780,AMOC,Alexandria Mineral Oils Company,0.007824696481287205
2006-08-07,5.87,5.88,5.73,5.83,1824285,AMOC,Alexandria Mineral Oils Company,0.007824696481287205
2006-08-08,5.89,5.89,5.75,5.79,1723815,AMOC,Alexandria Mineral Oils Company,0.007824696481287205
2006-08-09,5.81,5.83,5.73,5.78,937515,AMOC,Alexandria Mineral Oils Company,0.007824696481287205
2006-08-10,5.78,5.8,5.73,5.76,1538850,AMOC,Alexandria Mineral Oils Company,0.007824696481287205
2006-08-13,5.83,5.97,5.8,5.89,1458615,AMOC,Alexandria Mineral Oils Company,0.007824696481287205
2006-08-14,5.92,5.93,5.79,5.81,3454800,AMOC,Alexandria Mineral Oils Company,0.007824696481287205
2006-08-15,5.8,5.86,5.75,5.79,2434050,AMOC,Alexandria Mineral Oils Company,0.007824696481287205
2006-08-16,5.75,5.81,5.65,5.73,2784015,AMOC,Alexandria Mineral Oils Company,0.007824696481287205
2006-08-17,5.67,5.73,5.61,5.67,1481520,AMOC,Alexandria Mineral Oils Company,0.007824696481287205
2006-08-20,5.73,5.88,5.7,5.82,1884060,AMOC,Alexandria Mineral Oils Company,0.007824696481287205
2006-08-21,5.83,5.9,5.83,5.87,2512410,AMOC,Alexandria Mineral Oils Company,0.007824696481287205
2006-08-22,5.77,5.97,5.77,5.9,3673350,AMOC,Alexandria Mineral Oils Company,0.007824696481287205
2006-08-23,5.87,6.03,5.87,5.95,2589450,AMOC,Alexandria Mineral Oils Company,0.007824696481287205
2006-08-24,6.03,6.2,6.0,6.15,4731150,AMOC,Alexandria Mineral Oils Company,0.007824696481287205
2006-08-27,6.23,6.3,6.09,6.17,4608300,AMOC,Alexandria Mineral Oils Company,0.007824696481287205
2006-08-28,6.13,6.27,6.12,6.2,2871585,AMOC,Alexandria Mineral Oils Company,0.007824696481287205
2006-08-29,6.13,6.2,6.09,6.13,3503655,AMOC,Alexandria Mineral Oils Company,0.007824696481287205
2006-08-30,6.13,6.23,6.09,6.19,4866765,AMOC,Alexandria Mineral Oils Company,0.007824696481287205
2006-08-31,5.6,5.83,5.6,5.77,2107110,AMOC,Alexandria Mineral Oils Company,0.007824696481287205
2006-08-31,4.5,8.0,4.5,7.22,140474,AMOC,Alexandria Mineral Oils Company,0.007824696481287205
2006-09-03,5.73,5.83,5.73,5.79,1855110,AMOC,Alexandria Mineral Oils Company,0.007824696481287205
2006-09-04,5.8,6.0,5.77,5.87,7036470,AMOC,Alexandria Mineral Oils Company,0.007824696481287205
2006-09-05,5.8,5.87,5.72,5.76,3086625,AMOC,Alexandria Mineral Oils Company,0.007824696481287205
2006-09-06,5.73,5.75,5.66,5.71,2921415,AMOC,Alexandria Mineral Oils Company,0.007824696481287205
2006-09-07,5.7,5.77,5.68,5.73,5782935,AMOC,Alexandria Mineral Oils Company,0.007824696481287205
2006-09-10,5.8,5.92,5.72,5.79,7505715,AMOC,Alexandria Mineral Oils Company,0.007824696481287205
2006-09-11,5.74,5.83,5.74,5.8,2876925,AMOC,Alexandria Mineral Oils Company,0.007824696481287205
2006-09-12,5.8,5.8,5.71,5.75,3079350,AMOC,Alexandria Mineral Oils Company,0.007824696481287205
2006-09-13,5.77,6.0,5.71,5.85,11173185,AMOC,Alexandria Mineral Oils Company,0.007824696481287205
2006-09-14,6.07,6.19,5.97,6.06,11864775,AMOC,Alexandria Mineral Oils Company,0.007824696481287205
2006-09-17,6.2,6.27,5.99,6.11,10770825,AMOC,Alexandria Mineral Oils Company,0.007824696481287205
2006-09-18,6.07,6.07,5.81,5.93,5513265,AMOC,Alexandria Mineral Oils Company,0.007824696481287205
2006-09-19,5.85,5.97,5.83,5.86,3150840,AMOC,Alexandria Mineral Oils Company,0.007824696481287205
2006-09-20,5.87,5.93,5.83,5.87,2361915,AMOC,Alexandria Mineral Oils Company,0.007824696481287205
2006-09-21,5.93,6.06,5.87,5.95,6314880,AMOC,Alexandria Mineral Oils Company,0.007824696481287205
2006-09-24,5.9,5.99,5.84,5.87,1941750,AMOC,Alexandria Mineral Oils Company,0.007824696481287205
2006-09-25,5.87,5.9,5.82,5.85,1040430,AMOC,Alexandria Mineral Oils Company,0.007824696481287205
2006-09-26,5.86,5.87,5.74,5.8,1475715,AMOC,Alexandria Mineral Oils Company,0.007824696481287205
2006-09-27,5.8,5.87,5.77,5.83,1671045,AMOC,Alexandria Mineral Oils Company,0.007824696481287205
2006-09-28,5.8,5.87,5.74,5.79,1274205,AMOC,Alexandria Mineral Oils Company,0.007824696481287205
2006-10-01,5.8,5.8,5.63,5.68,2142810,AMOC,Alexandria Mineral Oils Company,0.007824696481287205
2006-10-02,5.63,5.66,5.53,5.59,2019255,AMOC,Alexandria Mineral Oils Company,0.007824696481287205
2006-10-03,5.59,5.59,5.37,5.45,2154975,AMOC,Alexandria Mineral Oils Company,0.007824696481287205
2006-10-04,5.4,5.47,5.39,5.43,1582335,AMOC,Alexandria Mineral Oils Company,0.007824696481287205
2006-10-08,5.47,5.47,5.34,5.4,1994820,AMOC,Alexandria Mineral Oils Company,0.007824696481287205
2006-10-09,5.34,5.35,5.23,5.27,3527280,AMOC,Alexandria Mineral Oils Company,0.007824696481287205
2006-10-10,5.27,5.3,5.23,5.27,2149350,AMOC,Alexandria Mineral Oils Company,0.007824696481287205
2006-10-11,5.33,5.33,5.27,5.31,1689795,AMOC,Alexandria Mineral Oils Company,0.007824696481287205
2006-10-12,5.33,5.39,5.3,5.33,1673280,AMOC,Alexandria Mineral Oils Company,0.007824696481287205
2006-10-15,5.33,5.5,5.29,5.43,1870980,AMOC,Alexandria Mineral Oils Company,0.007824696481287205
2006-10-16,5.5,5.5,5.34,5.42,1510875,AMOC,Alexandria Mineral Oils Company,0.007824696481287205
2006-10-17,5.4,5.4,5.33,5.35,2246250,AMOC,Alexandria Mineral Oils Company,0.007824696481287205
2006-10-18,5.37,5.39,5.34,5.35,439890,AMOC,Alexandria Mineral Oils Company,0.007824696481287205
2006-10-19,5.37,5.39,5.3,5.35,1190400,AMOC,Alexandria Mineral Oils Company,0.007824696481287205
2006-10-22,5.34,5.53,5.34,5.49,2061600,AMOC,Alexandria Mineral Oils Company,0.007824696481287205
2006-10-29,5.53,5.57,5.47,5.5,1484220,AMOC,Alexandria Mineral Oils Company,0.007824696481287205
2006-10-30,5.5,5.5,5.39,5.41,3193695,AMOC,Alexandria Mineral Oils Company,0.007824696481287205
2006-10-31,5.35,5.43,5.35,5.38,1990380,AMOC,Alexandria Mineral Oils Company,0.007824696481287205
2006-11-01,5.35,5.41,5.27,5.34,4069065,AMOC,Alexandria Mineral Oils Company,0.007824696481287205
2006-11-02,5.33,5.38,5.27,5.34,2342955,AMOC,Alexandria Mineral Oils Company,0.007824696481287205
2006-11-05,5.31,5.35,5.21,5.29,2181315,AMOC,Alexandria Mineral Oils Company,0.007824696481287205
2006-11-06,5.21,5.33,4.99,5.05,6502770,AMOC,Alexandria Mineral Oils Company,0.007824696481287205
2006-11-07,5.1,5.17,5.02,5.1,3433935,AMOC,Alexandria Mineral Oils Company,0.007824696481287205
2006-11-08,5.14,5.15,4.95,5.05,2311095,AMOC,Alexandria Mineral Oils Company,0.007824696481287205
2006-11-09,5.07,5.07,4.95,4.97,4531215,AMOC,Alexandria Mineral Oils Company,0.007824696481287205
2006-11-12,5.0,5.04,4.94,4.97,2853870,AMOC,Alexandria Mineral Oils Company,0.007824696481287205
2006-11-13,5.01,5.07,4.97,5.01,2745120,AMOC,Alexandria Mineral Oils Company,0.007824696481287205
2006-11-14,5.02,5.1,4.97,5.04,5767695,AMOC,Alexandria Mineral Oils Company,0.007824696481287205
2006-11-15,5.04,5.33,5.03,5.19,5962935,AMOC,Alexandria Mineral Oils Company,0.007824696481287205
2006-11-16,5.33,5.4,5.14,5.23,2430855,AMOC,Alexandria Mineral Oils Company,0.007824696481287205
2006-11-19,5.24,5.24,5.07,5.14,2948055,AMOC,Alexandria Mineral Oils Company,0.007824696481287205
2006-11-20,5.13,5.28,5.13,5.23,3051045,AMOC,Alexandria Mineral Oils Company,0.007824696481287205
2006-11-21,5.29,5.37,5.23,5.27,2405505,AMOC,Alexandria Mineral Oils Company,0.007824696481287205
2006-11-22,5.27,5.27,5.16,5.21,1555500,AMOC,Alexandria Mineral Oils Company,0.007824696481287205
2006-11-23,5.17,5.21,5.13,5.16,1494180,AMOC,Alexandria Mineral Oils Company,0.007824696481287205
2006-11-26,5.23,5.23,5.15,5.19,930255,AMOC,Alexandria Mineral Oils Company,0.007824696481287205
2006-11-27,5.22,5.22,5.08,5.13,1593735,AMOC,Alexandria Mineral Oils Company,0.007824696481287205
2006-11-28,5.13,5.13,4.99,5.05,4309395,AMOC,Alexandria Mineral Oils Company,0.007824696481287205
2006-11-29,5.0,5.07,4.96,5.01,2489790,AMOC,Alexandria Mineral Oils Company,0.007824696481287205
2006-11-30,5.1,5.23,5.04,5.15,2169120,AMOC,Alexandria Mineral Oils Company,0.007824696481287205
2006-12-03,5.19,5.23,5.05,5.13,1413480,AMOC,Alexandria Mineral Oils Company,0.007824696481287205
2006-12-04,5.17,5.19,5.01,5.07,2179290,AMOC,Alexandria Mineral Oils Company,0.007824696481287205
2006-12-05,5.02,5.3,5.0,5.15,5757225,AMOC,Alexandria Mineral Oils Company,0.007824696481287205
2006-12-06,5.31,5.53,5.24,5.4,6234960,AMOC,Alexandria Mineral Oils Company,0.007824696481287205
2006-12-07,5.33,5.47,5.21,5.35,6152355,AMOC,Alexandria Mineral Oils Company,0.007824696481287205
2006-12-10,5.4,5.47,5.23,5.37,3887790,AMOC,Alexandria Mineral Oils Company,0.007824696481287205
2006-12-11,5.29,5.37,5.24,5.31,3821955,AMOC,Alexandria Mineral Oils Company,0.007824696481287205
2006-12-12,5.25,5.33,5.2,5.26,2803710,AMOC,Alexandria Mineral Oils Company,0.007824696481287205
2006-12-13,5.23,5.26,5.15,5.19,1596120,AMOC,Alexandria Mineral Oils Company,0.007824696481287205
2006-12-14,5.2,5.33,5.17,5.29,3787425,AMOC,Alexandria Mineral Oils Company,0.007824696481287205
2006-12-17,5.33,5.4,5.24,5.32,2529435,AMOC,Alexandria Mineral Oils Company,0.007824696481287205
2006-12-18,5.37,5.38,5.21,5.26,1893075,AMOC,Alexandria Mineral Oils Company,0.007824696481287205
2006-12-19,5.23,5.33,5.17,5.24,3044670,AMOC,Alexandria Mineral Oils Company,0.007824696481287205
2006-12-20,5.17,5.2,5.14,5.18,2064105,AMOC,Alexandria Mineral Oils Company,0.007824696481287205
2006-12-21,5.2,5.25,5.16,5.2,2429640,AMOC,Alexandria Mineral Oils Company,0.007824696481287205
2006-12-24,5.2,5.21,5.14,5.19,1843455,AMOC,Alexandria Mineral Oils Company,0.007824696481287205
2006-12-25,5.2,5.21,5.14,5.17,1568145,AMOC,Alexandria Mineral Oils Company,0.007824696481287205
2006-12-26,5.2,5.22,5.15,5.19,1589445,AMOC,Alexandria Mineral Oils Company,0.007824696481287205
2006-12-27,5.17,5.24,5.17,5.19,1496775,AMOC,Alexandria Mineral Oils Company,0.007824696481287205
2006-12-28,5.2,5.27,5.17,5.21,1523295,AMOC,Alexandria Mineral Oils Company,0.007824696481287205
2007-01-03,5.03,5.33,5.03,5.2,1716630,AMOC,Alexandria Mineral Oils Company,0.007824696481287205
2007-01-04,5.13,5.37,5.13,5.25,2939265,AMOC,Alexandria Mineral Oils Company,0.007824696481287205
2007-01-08,5.35,5.37,5.23,5.29,1478835,AMOC,Alexandria Mineral Oils Company,0.007824696481287205
2007-01-09,5.47,5.58,5.32,5.38,5935950,AMOC,Alexandria Mineral Oils Company,0.007824696481287205
2007-01-10,5.4,5.4,5.24,5.31,1895820,AMOC,Alexandria Mineral Oils Company,0.007824696481287205
2007-01-11,5.25,5.33,5.23,5.26,799500,AMOC,Alexandria Mineral Oils Company,0.007824696481287205
2007-01-14,5.33,5.33,5.19,5.21,1782195,AMOC,Alexandria Mineral Oils Company,0.007824696481287205
2007-01-15,5.23,5.29,5.17,5.23,2931315,AMOC,Alexandria Mineral Oils Company,0.007824696481287205
2007-01-16,5.2,5.29,5.15,5.2,1423380,AMOC,Alexandria Mineral Oils Company,0.007824696481287205
2007-01-17,5.17,5.19,5.1,5.15,1128750,AMOC,Alexandria Mineral Oils Company,0.007824696481287205
2007-01-18,5.13,5.16,5.01,5.07,1292730,AMOC,Alexandria Mineral Oils Company,0.007824696481287205
2007-01-22,5.1,5.13,4.96,5.01,1161060,AMOC,Alexandria Mineral Oils Company,0.007824696481287205
2007-01-23,4.96,5.05,4.95,4.99,540615,AMOC,Alexandria Mineral Oils Company,0.007824696481287205
2007-01-24,5.12,5.12,4.87,4.97,1583820,AMOC,Alexandria Mineral Oils Company,0.007824696481287205
2007-01-25,4.93,4.93,4.77,4.83,1543500,AMOC,Alexandria Mineral Oils Company,0.007824696481287205
2007-01-28,4.87,4.95,4.71,4.81,1669200,AMOC,Alexandria Mineral Oils Company,0.007824696481287205
2007-01-29,4.8,4.9,4.74,4.85,1780095,AMOC,Alexandria Mineral Oils Company,0.007824696481287205
2007-01-30,4.87,5.03,4.83,4.93,4268430,AMOC,Alexandria Mineral Oils Company,0.007824696481287205
2007-01-31,4.81,5.03,4.81,4.95,3932370,AMOC,Alexandria Mineral Oils Company,0.007824696481287205
2007-02-01,4.87,4.93,4.82,4.91,907335,AMOC,Alexandria Mineral Oils Company,0.007824696481287205
2007-02-04,4.96,5.0,4.89,4.97,1524015,AMOC,Alexandria Mineral Oils Company,0.007824696481287205
2007-02-05,5.0,5.0,4.94,4.97,2934255,AMOC,Alexandria Mineral Oils Company,0.007824696481287205
2007-02-06,4.99,5.15,4.95,5.07,2009190,AMOC,Alexandria Mineral Oils Company,0.007824696481287205
2007-02-07,5.07,5.09,5.01,5.05,699765,AMOC,Alexandria Mineral Oils Company,0.007824696481287205
2007-02-08,5.02,5.06,4.99,5.02,654885,AMOC,Alexandria Mineral Oils Company,0.007824696481287205
2007-02-11,5.0,5.01,4.97,5.0,472500,AMOC,Alexandria Mineral Oils Company,0.007824696481287205
2007-02-12,4.99,5.01,4.95,4.99,722370,AMOC,Alexandria Mineral Oils Company,0.007824696481287205
2007-02-13,5.03,5.03,4.96,4.97,356730,AMOC,Alexandria Mineral Oils Company,0.007824696481287205
2007-02-14,5.0,5.11,4.99,5.07,2305770,AMOC,Alexandria Mineral Oils Company,0.007824696481287205
2007-02-15,5.09,5.37,5.05,5.19,7661160,AMOC,Alexandria Mineral Oils Company,0.007824696481287205
2007-02-18,5.31,5.39,5.24,5.31,3543750,AMOC,Alexandria Mineral Oils Company,0.007824696481287205
2007-02-19,5.33,5.33,5.13,5.19,2663565,AMOC,Alexandria Mineral Oils Company,0.007824696481287205
2007-02-20,5.14,5.33,5.13,5.19,1928955,AMOC,Alexandria Mineral Oils Company,0.007824696481287205
2007-02-21,5.17,5.33,5.17,5.25,1167840,AMOC,Alexandria Mineral Oils Company,0.007824696481287205
2007-02-22,5.15,5.2,5.15,5.18,689190,AMOC,Alexandria Mineral Oils Company,0.007824696481287205
2007-02-25,5.19,5.27,5.16,5.18,584370,AMOC,Alexandria Mineral Oils Company,0.007824696481287205
2007-02-26,5.15,5.27,5.15,5.18,1297950,AMOC,Alexandria Mineral Oils Company,0.007824696481287205
2007-02-27,5.23,5.27,5.13,5.18,1518030,AMOC,Alexandria Mineral Oils Company,0.007824696481287205
2007-02-28,5.13,5.13,5.01,5.07,1409610,AMOC,Alexandria Mineral Oils Company,0.007824696481287205
2007-03-01,5.07,5.13,5.02,5.11,1263675,AMOC,Alexandria Mineral Oils Company,0.007824696481287205
2007-03-04,5.13,5.13,5.06,5.09,694470,AMOC,Alexandria Mineral Oils Company,0.007824696481287205
2007-03-05,5.09,5.1,4.99,5.02,1690740,AMOC,Alexandria Mineral Oils Company,0.007824696481287205
2007-03-06,5.08,5.08,5.0,5.07,1368645,AMOC,Alexandria Mineral Oils Company,0.007824696481287205
2007-03-07,5.07,5.1,5.05,5.07,1440645,AMOC,Alexandria Mineral Oils Company,0.007824696481287205
2007-03-08,5.09,5.2,5.07,5.17,2219340,AMOC,Alexandria Mineral Oils Company,0.007824696481287205
2007-03-11,5.19,5.33,5.13,5.23,3160635,AMOC,Alexandria Mineral Oils Company,0.007824696481287205
2007-03-12,5.23,5.28,5.19,5.23,1559205,AMOC,Alexandria Mineral Oils Company,0.007824696481287205
2007-03-13,5.2,5.33,5.18,5.27,2358720,AMOC,Alexandria Mineral Oils Company,0.007824696481287205
2007-03-14,5.21,5.27,5.17,5.21,939120,AMOC,Alexandria Mineral Oils Company,0.007824696481287205
2007-03-15,5.17,5.29,5.17,5.24,1793280,AMOC,Alexandria Mineral Oils Company,0.007824696481287205
2007-03-18,5.21,5.28,5.19,5.24,1528665,AMOC,Alexandria Mineral Oils Company,0.007824696481287205
2007-03-19,5.25,5.25,5.13,5.16,1705905,AMOC,Alexandria Mineral Oils Company,0.007824696481287205
2007-03-20,5.16,5.19,5.05,5.09,2499390,AMOC,Alexandria Mineral Oils Company,0.007824696481287205
2007-03-21,5.03,5.13,5.0,5.06,2784750,AMOC,Alexandria Mineral Oils Company,0.007824696481287205
2007-03-22,5.13,5.13,5.05,5.07,2413410,AMOC,Alexandria Mineral Oils Company,0.007824696481287205
2007-03-25,5.05,5.09,5.05,5.07,1034985,AMOC,Alexandria Mineral Oils Company,0.007824696481287205
2007-03-26,5.07,5.07,5.04,5.06,1403415,AMOC,Alexandria Mineral Oils Company,0.007824696481287205
2007-03-27,5.07,5.07,5.03,5.07,1752510,AMOC,Alexandria Mineral Oils Company,0.007824696481287205
2007-03-28,5.03,5.13,5.03,5.06,1232190,AMOC,Alexandria Mineral Oils Company,0.007824696481287205
2007-03-29,5.04,5.2,5.04,5.11,868455,AMOC,Alexandria Mineral Oils Company,0.007824696481287205
2007-04-02,5.1,5.13,5.05,5.07,268005,AMOC,Alexandria Mineral Oils Company,0.007824696481287205
2007-04-03,5.05,5.09,5.05,5.07,343095,AMOC,Alexandria Mineral Oils Company,0.007824696481287205
2007-04-04,5.05,5.08,5.05,5.07,314250,AMOC,Alexandria Mineral Oils Company,0.007824696481287205
2007-04-05,5.06,5.2,5.06,5.17,1088355,AMOC,Alexandria Mineral Oils Company,0.007824696481287205
2007-04-10,5.09,5.2,5.09,5.2,3844650,AMOC,Alexandria Mineral Oils Company,0.007824696481287205
2007-04-11,5.17,5.2,5.11,5.14,604095,AMOC,Alexandria Mineral Oils Company,0.007824696481287205
2007-04-12,5.1,5.13,5.07,5.09,721980,AMOC,Alexandria Mineral Oils Company,0.007824696481287205
2007-04-15,5.07,5.1,5.07,5.07,276900,AMOC,Alexandria Mineral Oils Company,0.007824696481287205
2007-04-16,5.07,5.11,5.07,5.09,461550,AMOC,Alexandria Mineral Oils Company,0.007824696481287205
2007-04-17,5.07,5.1,5.05,5.07,501915,AMOC,Alexandria Mineral Oils Company,0.007824696481287205
2007-04-18,5.06,5.1,5.05,5.07,231690,AMOC,Alexandria Mineral Oils Company,0.007824696481287205
2007-04-19,5.07,5.09,5.03,5.05,649485,AMOC,Alexandria Mineral Oils Company,0.007824696481287205
2007-04-22,5.07,5.09,5.03,5.07,824235,AMOC,Alexandria Mineral Oils Company,0.007824696481287205
2007-04-23,5.04,5.08,5.04,5.07,1292625,AMOC,Alexandria Mineral Oils Company,0.007824696481287205
2007-04-24,5.07,5.13,5.04,5.09,1013130,AMOC,Alexandria Mineral Oils Company,0.007824696481287205
2007-04-26,5.13,5.21,5.04,5.19,2483880,AMOC,Alexandria Mineral Oils Company,0.007824696481287205
2007-04-29,5.22,5.24,5.1,5.21,1672335,AMOC,Alexandria Mineral Oils Company,0.007824696481287205
2007-04-30,5.21,5.25,5.16,5.21,1955475,AMOC,Alexandria Mineral Oils Company,0.007824696481287205
2007-05-02,5.2,5.24,5.19,5.21,1840935,AMOC,Alexandria Mineral Oils Company,0.007824696481287205
2007-05-03,5.23,5.23,5.17,5.2,2625930,AMOC,Alexandria Mineral Oils Company,0.007824696481287205
2007-05-06,5.17,5.28,5.17,5.24,1776705,AMOC,Alexandria Mineral Oils Company,0.007824696481287205
2007-05-07,5.27,5.3,5.2,5.25,673020,AMOC,Alexandria Mineral Oils Company,0.007824696481287205
2007-05-08,5.27,5.27,5.22,5.24,1084230,AMOC,Alexandria Mineral Oils Company,0.007824696481287205
2007-05-09,5.27,5.3,5.2,5.27,1734990,AMOC,Alexandria Mineral Oils Company,0.007824696481287205
2007-05-10,5.23,5.27,5.23,5.25,472605,AMOC,Alexandria Mineral Oils Company,0.007824696481287205
2007-05-13,5.23,5.25,5.23,5.23,857130,AMOC,Alexandria Mineral Oils Company,0.007824696481287205
2007-05-14,5.22,5.29,5.22,5.25,2215620,AMOC,Alexandria Mineral Oils Company,0.007824696481287205
2007-05-15,5.23,5.25,5.19,5.21,424800,AMOC,Alexandria Mineral Oils Company,0.007824696481287205
2007-05-16,5.17,5.2,5.15,5.17,316815,AMOC,Alexandria Mineral Oils Company,0.007824696481287205
2007-05-17,5.15,5.19,5.13,5.15,742920,AMOC,Alexandria Mineral Oils Company,0.007824696481287205
2007-05-20,5.13,5.17,5.11,5.13,551955,AMOC,Alexandria Mineral Oils Company,0.007824696481287205
2007-05-21,5.11,5.13,5.1,5.13,462435,AMOC,Alexandria Mineral Oils Company,0.007824696481287205
2007-05-22,5.13,5.13,5.07,5.1,337695,AMOC,Alexandria Mineral Oils Company,0.007824696481287205
2007-05-23,5.08,5.13,5.07,5.11,727695,AMOC,Alexandria Mineral Oils Company,0.007824696481287205
2007-05-24,5.08,5.19,5.07,5.11,626040,AMOC,Alexandria Mineral Oils Company,0.007824696481287205
2007-05-27,5.13,5.13,5.09,5.11,570105,AMOC,Alexandria Mineral Oils Company,0.007824696481287205
2007-05-28,5.1,5.13,5.09,5.1,477690,AMOC,Alexandria Mineral Oils Company,0.007824696481287205
2007-05-29,5.11,5.16,5.1,5.12,313455,AMOC,Alexandria Mineral Oils Company,0.007824696481287205
2007-05-30,5.13,5.2,5.1,5.11,1160235,AMOC,Alexandria Mineral Oils Company,0.007824696481287205
2007-05-31,5.12,5.2,5.1,5.15,1250910,AMOC,Alexandria Mineral Oils Company,0.007824696481287205
2007-06-03,5.13,5.2,5.12,5.14,505050,AMOC,Alexandria Mineral Oils Company,0.007824696481287205
2007-06-04,5.13,5.17,5.13,5.15,490635,AMOC,Alexandria Mineral Oils Company,0.007824696481287205
2007-06-05,5.14,5.2,5.13,5.17,1121550,AMOC,Alexandria Mineral Oils Company,0.007824696481287205
2007-06-06,5.2,5.21,5.15,5.19,1556895,AMOC,Alexandria Mineral Oils Company,0.007824696481287205
2007-06-07,5.19,5.19,5.13,5.15,824430,AMOC,Alexandria Mineral Oils Company,0.007824696481287205
2007-06-10,5.15,5.23,5.11,5.2,745665,AMOC,Alexandria Mineral Oils Company,0.007824696481287205
2007-06-11,5.23,5.37,5.2,5.3,2746605,AMOC,Alexandria Mineral Oils Company,0.007824696481287205
2007-06-12,5.29,5.4,5.25,5.34,4052340,AMOC,Alexandria Mineral Oils Company,0.007824696481287205
2007-06-13,5.35,5.4,5.28,5.33,1486455,AMOC,Alexandria Mineral Oils Company,0.007824696481287205
2007-06-14,5.33,5.42,5.3,5.39,3203250,AMOC,Alexandria Mineral Oils Company,0.007824696481287205
2007-06-17,5.43,5.47,5.35,5.41,1028025,AMOC,Alexandria Mineral Oils Company,0.007824696481287205
2007-06-18,5.41,5.42,5.33,5.39,1063500,AMOC,Alexandria Mineral Oils Company,0.007824696481287205
2007-06-19,5.36,5.37,5.31,5.33,1050915,AMOC,Alexandria Mineral Oils Company,0.007824696481287205
2007-06-20,5.31,5.37,5.31,5.33,1128285,AMOC,Alexandria Mineral Oils Company,0.007824696481287205
2007-06-21,5.34,5.41,5.34,5.39,1221825,AMOC,Alexandria Mineral Oils Company,0.007824696481287205
2007-06-24,5.35,5.39,5.3,5.33,1549365,AMOC,Alexandria Mineral Oils Company,0.007824696481287205
2007-06-25,5.3,5.33,5.29,5.31,917055,AMOC,Alexandria Mineral Oils Company,0.007824696481287205
2007-06-26,5.31,5.37,5.29,5.33,841470,AMOC,Alexandria Mineral Oils Company,0.007824696481287205
2007-06-27,5.31,5.34,5.27,5.29,953925,AMOC,Alexandria Mineral Oils Company,0.007824696481287205
2007-06-28,5.28,5.67,5.22,5.39,2569935,AMOC,Alexandria Mineral Oils Company,0.007824696481287205
2007-07-02,5.47,5.47,5.39,5.41,455550,AMOC,Alexandria Mineral Oils Company,0.007824696481287205
2007-07-03,5.4,5.41,5.29,5.35,1078095,AMOC,Alexandria Mineral Oils Company,0.007824696481287205
2007-07-04,5.33,5.33,5.28,5.31,597990,AMOC,Alexandria Mineral Oils Company,0.007824696481287205
2007-07-05,5.37,5.37,5.29,5.33,921240,AMOC,Alexandria Mineral Oils Company,0.007824696481287205
2007-07-08,5.33,5.33,5.27,5.27,3196125,AMOC,Alexandria Mineral Oils Company,0.007824696481287205
2007-07-09,5.27,5.37,5.27,5.33,466755,AMOC,Alexandria Mineral Oils Company,0.007824696481287205
2007-07-10,5.39,5.39,5.26,5.31,2394405,AMOC,Alexandria Mineral Oils Company,0.007824696481287205
2007-07-11,5.27,5.3,5.25,5.27,3529230,AMOC,Alexandria Mineral Oils Company,0.007824696481287205
2007-07-12,5.25,5.33,5.25,5.27,1380765,AMOC,Alexandria Mineral Oils Company,0.007824696481287205
2007-07-15,5.33,5.33,5.25,5.27,1622370,AMOC,Alexandria Mineral Oils Company,0.007824696481287205
2007-07-16,5.27,5.33,5.27,5.32,1114920,AMOC,Alexandria Mineral Oils Company,0.007824696481287205
2007-07-17,5.33,5.45,5.31,5.41,3371700,AMOC,Alexandria Mineral Oils Company,0.007824696481287205
2007-07-18,5.47,5.53,5.43,5.47,2308485,AMOC,Alexandria Mineral Oils Company,0.007824696481287205
2007-07-19,5.4,5.47,5.33,5.37,4133610,AMOC,Alexandria Mineral Oils Company,0.007824696481287205
2007-07-22,5.4,5.43,5.37,5.4,689340,AMOC,Alexandria Mineral Oils Company,0.007824696481287205
2007-07-24,5.43,5.43,5.33,5.37,4167720,AMOC,Alexandria Mineral Oils Company,0.007824696481287205
2007-07-25,5.39,5.4,5.33,5.34,2702985,AMOC,Alexandria Mineral Oils Company,0.007824696481287205
2007-07-26,5.37,5.37,5.27,5.32,3338895,AMOC,Alexandria Mineral Oils Company,0.007824696481287205
2007-07-29,5.3,5.3,5.2,5.23,4428870,AMOC,Alexandria Mineral Oils Company,0.007824696481287205
2007-07-30,5.23,5.27,5.17,5.2,2257110,AMOC,Alexandria Mineral Oils Company,0.007824696481287205
2007-07-31,5.2,5.25,5.16,5.17,2492055,AMOC,Alexandria Mineral Oils Company,0.007824696481287205
2007-08-01,5.17,5.2,5.13,5.14,2353245,AMOC,Alexandria Mineral Oils Company,0.007824696481287205
2007-08-02,5.15,5.17,5.09,5.13,3891300,AMOC,Alexandria Mineral Oils Company,0.007824696481287205
2007-08-05,5.13,5.2,5.13,5.16,1115025,AMOC,Alexandria Mineral Oils Company,0.007824696481287205
2007-08-06,5.19,5.2,5.11,5.13,1613865,AMOC,Alexandria Mineral Oils Company,0.007824696481287205
2007-08-07,5.17,5.17,5.11,5.13,1061010,AMOC,Alexandria Mineral Oils Company,0.007824696481287205
2007-08-08,5.13,5.16,5.12,5.13,1087680,AMOC,Alexandria Mineral Oils Company,0.007824696481287205
2007-08-09,5.13,5.2,5.12,5.13,1361070,AMOC,Alexandria Mineral Oils Company,0.007824696481287205
2007-08-12,5.19,5.23,5.13,5.15,3847995,AMOC,Alexandria Mineral Oils Company,0.007824696481287205
2007-08-13,5.23,5.38,5.19,5.31,3052710,AMOC,Alexandria Mineral Oils Company,0.007824696481287205
2007-08-14,5.31,5.33,5.22,5.27,648270,AMOC,Alexandria Mineral Oils Company,0.007824696481287205
2007-08-15,5.27,5.28,5.21,5.23,965475,AMOC,Alexandria Mineral Oils Company,0.007824696481287205
2007-08-16,5.21,5.23,5.14,5.17,2043795,AMOC,Alexandria Mineral Oils Company,0.007824696481287205
2007-08-19,5.21,5.43,5.21,5.37,4263630,AMOC,Alexandria Mineral Oils Company,0.007824696481287205
2007-08-20,5.4,5.46,5.33,5.39,3255225,AMOC,Alexandria Mineral Oils Company,0.007824696481287205
2007-08-21,5.39,5.4,5.3,5.33,2076030,AMOC,Alexandria Mineral Oils Company,0.007824696481287205
2007-08-22,5.31,5.35,5.31,5.33,1709625,AMOC,Alexandria Mineral Oils Company,0.007824696481287205
2007-08-23,5.33,5.33,5.29,5.31,1263210,AMOC,Alexandria Mineral Oils Company,0.007824696481287205
2007-08-26,5.33,5.36,5.3,5.33,517230,AMOC,Alexandria Mineral Oils Company,0.007824696481287205
2007-08-27,5.33,5.39,5.32,5.35,620670,AMOC,Alexandria Mineral Oils Company,0.007824696481287205
2007-08-28,5.39,5.47,5.35,5.41,2325225,AMOC,Alexandria Mineral Oils Company,0.007824696481287205
2007-08-29,5.47,5.47,5.33,5.36,660660,AMOC,Alexandria Mineral Oils Company,0.007824696481287205
2007-08-30,5.35,5.44,5.35,5.39,946560,AMOC,Alexandria Mineral Oils Company,0.007824696481287205
2007-09-02,5.46,5.53,5.4,5.51,2172075,AMOC,Alexandria Mineral Oils Company,0.007824696481287205
2007-09-03,5.53,5.53,5.5,5.51,283935,AMOC,Alexandria Mineral Oils Company,0.007824696481287205
2007-09-04,5.53,5.56,5.47,5.53,2186175,AMOC,Alexandria Mineral Oils Company,0.007824696481287205
2007-09-05,5.57,5.57,5.5,5.53,627690,AMOC,Alexandria Mineral Oils Company,0.007824696481287205
2007-09-06,5.53,5.53,5.51,5.52,859380,AMOC,Alexandria Mineral Oils Company,0.007824696481287205
2007-09-09,5.53,5.53,5.46,5.49,1321470,AMOC,Alexandria Mineral Oils Company,0.007824696481287205
2007-09-10,5.47,5.5,5.45,5.47,1550445,AMOC,Alexandria Mineral Oils Company,0.007824696481287205
2007-09-11,5.45,5.49,5.45,5.47,3855420,AMOC,Alexandria Mineral Oils Company,0.007824696481287205
2007-09-12,5.2,5.2,4.87,4.97,2758845,AMOC,Alexandria Mineral Oils Company,0.007824696481287205
2007-09-13,4.92,4.97,4.91,4.92,893790,AMOC,Alexandria Mineral Oils Company,0.007824696481287205
2007-09-16,4.91,4.95,4.9,4.92,742860,AMOC,Alexandria Mineral Oils Company,0.007824696481287205
2007-09-17,4.91,4.93,4.89,4.9,484275,AMOC,Alexandria Mineral Oils Company,0.007824696481287205
2007-09-18,4.93,4.93,4.85,4.87,728310,AMOC,Alexandria Mineral Oils Company,0.007824696481287205
2007-09-19,4.85,4.89,4.83,4.86,1118700,AMOC,Alexandria Mineral Oils Company,0.007824696481287205
2007-09-20,4.87,4.89,4.84,4.87,1709805,AMOC,Alexandria Mineral Oils Company,0.007824696481287205
2007-09-23,4.86,4.89,4.85,4.87,880305,AMOC,Alexandria Mineral Oils Company,0.007824696481287205
2007-09-24,4.89,4.9,4.86,4.87,2417280,AMOC,Alexandria Mineral Oils Company,0.007824696481287205
2007-09-25,4.87,4.87,4.82,4.85,1056225,AMOC,Alexandria Mineral Oils Company,0.007824696481287205
2007-09-26,4.83,4.83,4.77,4.8,808740,AMOC,Alexandria Mineral Oils Company,0.007824696481287205
2007-09-27,4.8,4.8,4.67,4.74,1765740,AMOC,Alexandria Mineral Oils Company,0.007824696481287205
2007-09-30,4.8,4.81,4.73,4.79,1917225,AMOC,Alexandria Mineral Oils Company,0.007824696481287205
2007-10-01,4.8,4.8,4.73,4.77,663105,AMOC,Alexandria Mineral Oils Company,0.007824696481287205
2007-10-02,4.73,4.8,4.73,4.79,1015965,AMOC,Alexandria Mineral Oils Company,0.007824696481287205
2007-10-03,4.8,4.8,4.77,4.78,424785,AMOC,Alexandria Mineral Oils Company,0.007824696481287205
2007-10-04,4.77,4.77,4.73,4.75,903960,AMOC,Alexandria Mineral Oils Company,0.007824696481287205
2007-10-08,4.74,4.83,4.73,4.8,1093620,AMOC,Alexandria Mineral Oils Company,0.007824696481287205
2007-10-09,4.83,4.85,4.8,4.83,654495,AMOC,Alexandria Mineral Oils Company,0.007824696481287205
2007-10-10,4.85,4.9,4.83,4.87,1089180,AMOC,Alexandria Mineral Oils Company,0.007824696481287205
2007-10-11,4.84,4.93,4.84,4.91,451515,AMOC,Alexandria Mineral Oils Company,0.007824696481287205
2007-10-16,4.8,4.99,4.8,4.94,1376520,AMOC,Alexandria Mineral Oils Company,0.007824696481287205
2007-10-17,4.93,4.99,4.91,4.95,1747050,AMOC,Alexandria Mineral Oils Company,0.007824696481287205
2007-10-18,4.95,4.99,4.87,4.93,1063305,AMOC,Alexandria Mineral Oils Company,0.007824696481287205
2007-10-21,4.87,5.23,4.87,5.11,11061315,AMOC,Alexandria Mineral Oils Company,0.007824696481287205
2007-10-22,5.2,5.33,5.17,5.25,8144220,AMOC,Alexandria Mineral Oils Company,0.007824696481287205
2007-10-23,5.21,5.37,5.21,5.33,4166490,AMOC,Alexandria Mineral Oils Company,0.007824696481287205
2007-10-24,5.33,5.38,5.27,5.33,7073775,AMOC,Alexandria Mineral Oils Company,0.007824696481287205
2007-10-25,5.35,5.41,5.32,5.36,2925375,AMOC,Alexandria Mineral Oils Company,0.007824696481287205
2007-10-28,5.42,5.55,5.33,5.49,7174365,AMOC,Alexandria Mineral Oils Company,0.007824696481287205
2007-10-29,5.5,5.67,5.47,5.59,5253615,AMOC,Alexandria Mineral Oils Company,0.007824696481287205
2007-10-30,5.63,5.67,5.55,5.61,5547330,AMOC,Alexandria Mineral Oils Company,0.007824696481287205
2007-10-31,5.59,5.67,5.53,5.61,5037330,AMOC,Alexandria Mineral Oils Company,0.007824696481287205
2007-11-01,5.6,5.62,5.47,5.53,1598220,AMOC,Alexandria Mineral Oils Company,0.007824696481287205
2007-11-04,5.47,5.53,5.37,5.42,2111085,AMOC,Alexandria Mineral Oils Company,0.007824696481287205
2007-11-05,5.41,5.47,5.4,5.42,1176465,AMOC,Alexandria Mineral Oils Company,0.007824696481287205
2007-11-06,5.41,5.41,5.3,5.36,2033430,AMOC,Alexandria Mineral Oils Company,0.007824696481287205
2007-11-07,5.27,5.33,5.17,5.24,2316900,AMOC,Alexandria Mineral Oils Company,0.007824696481287205
2007-11-08,5.17,5.3,5.16,5.24,823455,AMOC,Alexandria Mineral Oils Company,0.007824696481287205
2007-11-11,5.25,5.27,5.2,5.21,218550,AMOC,Alexandria Mineral Oils Company,0.007824696481287205
2007-11-12,5.23,5.27,5.22,5.24,519270,AMOC,Alexandria Mineral Oils Company,0.007824696481287205
2007-11-13,5.26,5.47,5.25,5.33,2001615,AMOC,Alexandria Mineral Oils Company,0.007824696481287205
2007-11-14,5.3,5.33,5.21,5.25,584880,AMOC,Alexandria Mineral Oils Company,0.007824696481287205
2007-11-15,5.22,5.27,5.22,5.25,1416810,AMOC,Alexandria Mineral Oils Company,0.007824696481287205
2007-11-18,5.22,5.27,5.19,5.21,726705,AMOC,Alexandria Mineral Oils Company,0.007824696481287205
2007-11-19,5.19,5.39,5.19,5.31,2329230,AMOC,Alexandria Mineral Oils Company,0.007824696481287205
2007-11-20,5.37,5.47,5.27,5.37,2815980,AMOC,Alexandria Mineral Oils Company,0.007824696481287205
2007-11-21,5.35,5.43,5.25,5.31,763620,AMOC,Alexandria Mineral Oils Company,0.007824696481287205
2007-11-22,5.33,5.39,5.27,5.29,495900,AMOC,Alexandria Mineral Oils Company,0.007824696481287205
2007-11-25,5.27,5.37,5.13,5.33,992235,AMOC,Alexandria Mineral Oils Company,0.007824696481287205
2007-11-26,5.33,5.4,5.31,5.35,4458930,AMOC,Alexandria Mineral Oils Company,0.007824696481287205
2007-11-27,5.33,5.36,5.3,5.33,840195,AMOC,Alexandria Mineral Oils Company,0.007824696481287205
2007-11-28,5.27,5.41,5.27,5.37,2070630,AMOC,Alexandria Mineral Oils Company,0.007824696481287205
2007-11-29,5.39,5.45,5.35,5.43,3457035,AMOC,Alexandria Mineral Oils Company,0.007824696481287205
2007-12-02,5.43,5.66,5.41,5.59,13858110,AMOC,Alexandria Mineral Oils Company,0.007824696481287205
2007-12-03,5.59,5.63,5.46,5.5,1403715,AMOC,Alexandria Mineral Oils Company,0.007824696481287205
2007-12-04,5.47,5.53,5.46,5.49,1017075,AMOC,Alexandria Mineral Oils Company,0.007824696481287205
2007-12-05,5.48,5.52,5.43,5.47,1119075,AMOC,Alexandria Mineral Oils Company,0.007824696481287205
2007-12-06,5.52,5.67,5.43,5.51,2446125,AMOC,Alexandria Mineral Oils Company,0.007824696481287205
2007-12-09,5.49,5.49,5.43,5.45,555600,AMOC,Alexandria Mineral Oils Company,0.007824696481287205
2007-12-10,5.44,5.47,5.32,5.35,1034670,AMOC,Alexandria Mineral Oils Company,0.007824696481287205
2007-12-11,5.37,5.37,5.2,5.28,838725,AMOC,Alexandria Mineral Oils Company,0.007824696481287205
2007-12-12,5.22,5.36,5.22,5.33,656100,AMOC,Alexandria Mineral Oils Company,0.007824696481287205
2007-12-13,5.34,5.34,5.29,5.31,191370,AMOC,Alexandria Mineral Oils Company,0.007824696481287205
2007-12-16,5.33,5.33,5.28,5.31,104805,AMOC,Alexandria Mineral Oils Company,0.007824696481287205
2007-12-17,5.37,5.4,5.27,5.32,344190,AMOC,Alexandria Mineral Oils Company,0.007824696481287205
2007-12-23,5.33,5.36,5.33,5.34,129420,AMOC,Alexandria Mineral Oils Company,0.007824696481287205
2007-12-24,5.33,5.38,5.33,5.35,255405,AMOC,Alexandria Mineral Oils Company,0.007824696481287205
2007-12-25,5.35,5.43,5.33,5.34,975615,AMOC,Alexandria Mineral Oils Company,0.007824696481287205
2007-12-26,5.33,5.35,5.27,5.3,308925,AMOC,Alexandria Mineral Oils Company,0.007824696481287205
2007-12-27,5.3,5.33,5.27,5.3,1364655,AMOC,Alexandria Mineral Oils Company,0.007824696481287205
2007-12-30,5.29,5.33,5.25,5.27,557940,AMOC,Alexandria Mineral Oils Company,0.007824696481287205
2007-12-31,5.25,5.29,5.2,5.23,986160,AMOC,Alexandria Mineral Oils Company,0.007824696481287205
2008-01-02,5.27,5.4,5.23,5.31,1328850,AMOC,Alexandria Mineral Oils Company,0.007824696481287205
2008-01-03,5.37,5.37,5.27,5.3,1180560,AMOC,Alexandria Mineral Oils Company,0.007824696481287205
2008-01-06,5.25,5.37,5.25,5.33,851055,AMOC,Alexandria Mineral Oils Company,0.007824696481287205
2008-01-08,5.36,5.49,5.36,5.45,2360250,AMOC,Alexandria Mineral Oils Company,0.007824696481287205
2008-01-10,5.41,5.53,5.41,5.49,2581140,AMOC,Alexandria Mineral Oils Company,0.007824696481287205
2008-01-13,5.44,5.53,5.44,5.47,1149975,AMOC,Alexandria Mineral Oils Company,0.007824696481287205
2008-01-14,5.48,5.5,5.37,5.45,3009300,AMOC,Alexandria Mineral Oils Company,0.007824696481287205
2008-01-15,5.4,5.43,5.39,5.4,439095,AMOC,Alexandria Mineral Oils Company,0.007824696481287205
2008-01-16,5.43,5.52,5.35,5.4,2031105,AMOC,Alexandria Mineral Oils Company,0.007824696481287205
2008-01-17,5.46,5.57,5.43,5.5,9494145,AMOC,Alexandria Mineral Oils Company,0.007824696481287205
2008-01-20,5.47,5.47,5.31,5.37,1482540,AMOC,Alexandria Mineral Oils Company,0.007824696481287205
2008-01-21,5.33,5.33,5.2,5.25,1057440,AMOC,Alexandria Mineral Oils Company,0.007824696481287205
2008-01-22,5.21,5.33,5.17,5.23,1677840,AMOC,Alexandria Mineral Oils Company,0.007824696481287205
2008-01-23,5.23,5.42,5.23,5.37,1825785,AMOC,Alexandria Mineral Oils Company,0.007824696481287205
2008-01-24,5.33,5.35,5.23,5.28,874635,AMOC,Alexandria Mineral Oils Company,0.007824696481287205
2008-01-27,5.33,5.33,5.25,5.29,683910,AMOC,Alexandria Mineral Oils Company,0.007824696481287205
2008-01-28,5.23,5.32,5.23,5.24,463050,AMOC,Alexandria Mineral Oils Company,0.007824696481287205
2008-01-29,5.27,5.29,5.23,5.25,292530,AMOC,Alexandria Mineral Oils Company,0.007824696481287205
2008-01-30,5.3,5.3,5.2,5.23,1682415,AMOC,Alexandria Mineral Oils Company,0.007824696481287205
2008-01-31,5.23,5.24,5.17,5.21,1488450,AMOC,Alexandria Mineral Oils Company,0.007824696481287205
2008-02-03,5.27,5.27,5.15,5.17,3168450,AMOC,Alexandria Mineral Oils Company,0.007824696481287205
2008-02-04,5.21,5.21,5.16,5.17,3130365,AMOC,Alexandria Mineral Oils Company,0.007824696481287205
2008-02-05,5.19,5.23,5.09,5.15,6371265,AMOC,Alexandria Mineral Oils Company,0.007824696481287205
2008-02-06,5.09,5.1,5.01,5.05,3294615,AMOC,Alexandria Mineral Oils Company,0.007824696481287205
2008-02-07,5.07,5.09,4.99,5.01,2728110,AMOC,Alexandria Mineral Oils Company,0.007824696481287205
2008-02-10,5.01,5.06,5.0,5.03,775140,AMOC,Alexandria Mineral Oils Company,0.007824696481287205
2008-02-11,5.05,5.06,4.97,5.0,1752150,AMOC,Alexandria Mineral Oils Company,0.007824696481287205
2008-02-12,5.0,5.0,4.96,4.97,1419030,AMOC,Alexandria Mineral Oils Company,0.007824696481287205
2008-02-13,4.99,5.0,4.97,4.98,1172235,AMOC,Alexandria Mineral Oils Company,0.007824696481287205
2008-02-14,5.0,5.03,4.97,5.01,1186950,AMOC,Alexandria Mineral Oils Company,0.007824696481287205
2008-02-17,5.0,5.07,5.0,5.05,610275,AMOC,Alexandria Mineral Oils Company,0.007824696481287205
2008-02-18,5.05,5.08,5.01,5.06,632490,AMOC,Alexandria Mineral Oils Company,0.007824696481287205
2008-02-19,5.03,5.08,4.99,5.04,1891425,AMOC,Alexandria Mineral Oils Company,0.007824696481287205
2008-02-20,5.0,5.07,4.99,5.01,1521150,AMOC,Alexandria Mineral Oils Company,0.007824696481287205
2008-02-21,4.99,5.05,4.99,5.02,1008240,AMOC,Alexandria Mineral Oils Company,0.007824696481287205
2008-02-24,5.05,5.11,5.04,5.07,3295740,AMOC,Alexandria Mineral Oils Company,0.007824696481287205
2008-02-25,5.09,5.19,5.07,5.14,2051145,AMOC,Alexandria Mineral Oils Company,0.007824696481287205
2008-02-26,5.15,5.19,5.11,5.14,1282215,AMOC,Alexandria Mineral Oils Company,0.007824696481287205
2008-02-27,5.11,5.12,5.07,5.09,685860,AMOC,Alexandria Mineral Oils Company,0.007824696481287205
2008-02-28,5.09,5.13,4.95,5.07,1047630,AMOC,Alexandria Mineral Oils Company,0.007824696481287205
2008-03-02,5.01,5.27,5.01,5.2,1762095,AMOC,Alexandria Mineral Oils Company,0.007824696481287205
2008-03-03,5.13,5.47,5.13,5.32,6306705,AMOC,Alexandria Mineral Oils Company,0.007824696481287205
2008-03-04,5.3,5.37,5.25,5.28,1721310,AMOC,Alexandria Mineral Oils Company,0.007824696481287205
2008-03-05,5.24,5.3,5.21,5.25,1268655,AMOC,Alexandria Mineral Oils Company,0.007824696481287205
2008-03-06,5.27,5.37,5.21,5.32,3245355,AMOC,Alexandria Mineral Oils Company,0.007824696481287205
2008-03-09,5.33,5.57,5.33,5.45,5892375,AMOC,Alexandria Mineral Oils Company,0.007824696481287205
2008-03-10,5.45,5.5,5.04,5.31,5441520,AMOC,Alexandria Mineral Oils Company,0.007824696481287205
2008-03-11,5.27,5.33,5.14,5.26,3411405,AMOC,Alexandria Mineral Oils Company,0.007824696481287205
2008-03-12,5.24,5.36,5.24,5.32,2394810,AMOC,Alexandria Mineral Oils Company,0.007824696481287205
2008-03-13,5.27,5.31,5.21,5.26,2212365,AMOC,Alexandria Mineral Oils Company,0.007824696481287205
2008-03-16,5.21,5.21,5.16,5.19,1982310,AMOC,Alexandria Mineral Oils Company,0.007824696481287205
2008-03-17,5.19,5.2,5.02,5.12,2095065,AMOC,Alexandria Mineral Oils Company,0.007824696481287205
2008-03-18,5.07,5.15,5.02,5.07,1933665,AMOC,Alexandria Mineral Oils Company,0.007824696481287205
2008-03-19,5.19,5.19,5.03,5.07,1344870,AMOC,Alexandria Mineral Oils Company,0.007824696481287205
2008-03-23,5.05,5.13,4.99,5.03,1328130,AMOC,Alexandria Mineral Oils Company,0.007824696481287205
2008-03-24,5.0,5.13,5.0,5.02,1423185,AMOC,Alexandria Mineral Oils Company,0.007824696481287205
2008-03-25,5.01,5.19,4.99,5.1,1442040,AMOC,Alexandria Mineral Oils Company,0.007824696481287205
2008-03-26,5.17,5.27,5.13,5.22,1706235,AMOC,Alexandria Mineral Oils Company,0.007824696481287205
2008-03-27,5.13,5.2,5.13,5.15,885165,AMOC,Alexandria Mineral Oils Company,0.007824696481287205
2008-03-30,5.16,5.22,5.14,5.2,833205,AMOC,Alexandria Mineral Oils Company,0.007824696481287205
2008-03-31,5.19,5.23,5.19,5.2,934890,AMOC,Alexandria Mineral Oils Company,0.007824696481287205
2008-04-01,5.17,5.2,5.14,5.18,324900,AMOC,Alexandria Mineral Oils Company,0.007824696481287205
2008-04-02,5.15,5.19,5.15,5.17,967320,AMOC,Alexandria Mineral Oils Company,0.007824696481287205
2008-04-03,5.15,5.19,5.11,5.14,1910235,AMOC,Alexandria Mineral Oils Company,0.007824696481287205
2008-04-06,5.17,5.2,5.07,5.15,1864125,AMOC,Alexandria Mineral Oils Company,0.007824696481287205
2008-04-07,5.19,5.19,5.1,5.15,812520,AMOC,Alexandria Mineral Oils Company,0.007824696481287205
2008-04-08,5.15,5.23,5.13,5.18,1190775,AMOC,Alexandria Mineral Oils Company,0.007824696481287205
2008-04-09,5.15,5.19,5.14,5.17,674775,AMOC,Alexandria Mineral Oils Company,0.007824696481287205
2008-04-10,5.2,5.2,5.14,5.15,741885,AMOC,Alexandria Mineral Oils Company,0.007824696481287205
2008-04-13,5.14,5.17,5.13,5.13,373005,AMOC,Alexandria Mineral Oils Company,0.007824696481287205
2008-04-14,5.13,5.19,5.11,5.15,457140,AMOC,Alexandria Mineral Oils Company,0.007824696481287205
2008-04-15,5.13,5.23,5.12,5.17,1035840,AMOC,Alexandria Mineral Oils Company,0.007824696481287205
2008-04-16,5.2,5.25,5.15,5.19,5390190,AMOC,Alexandria Mineral Oils Company,0.007824696481287205
2008-04-17,5.13,5.2,5.11,5.16,599970,AMOC,Alexandria Mineral Oils Company,0.007824696481287205
2008-04-20,5.13,5.13,5.03,5.09,1723080,AMOC,Alexandria Mineral Oils Company,0.007824696481287205
2008-04-21,5.03,5.13,5.03,5.07,1230630,AMOC,Alexandria Mineral Oils Company,0.007824696481287205
2008-04-22,5.05,5.13,5.04,5.08,392850,AMOC,Alexandria Mineral Oils Company,0.007824696481287205
2008-04-23,5.1,5.13,5.05,5.08,584280,AMOC,Alexandria Mineral Oils Company,0.007824696481287205
2008-04-24,5.12,5.12,5.05,5.06,649305,AMOC,Alexandria Mineral Oils Company,0.007824696481287205
2008-04-29,5.07,5.17,5.05,5.14,1494975,AMOC,Alexandria Mineral Oils Company,0.007824696481287205
2008-04-30,5.14,5.23,5.09,5.18,983520,AMOC,Alexandria Mineral Oils Company,0.007824696481287205
2008-05-04,5.2,5.25,5.19,5.21,784005,AMOC,Alexandria Mineral Oils Company,0.007824696481287205
2008-05-05,5.25,5.25,5.21,5.21,1131525,AMOC,Alexandria Mineral Oils Company,0.007824696481287205
2008-05-06,5.24,5.25,5.2,5.21,595470,AMOC,Alexandria Mineral Oils Company,0.007824696481287205
2008-05-07,5.23,5.23,5.18,5.22,699630,AMOC,Alexandria Mineral Oils Company,0.007824696481287205
2008-05-08,5.23,5.25,5.21,5.22,615270,AMOC,Alexandria Mineral Oils Company,0.007824696481287205
2008-05-11,5.21,5.23,5.11,5.17,1014870,AMOC,Alexandria Mineral Oils Company,0.007824696481287205
2008-05-12,5.13,5.13,5.04,5.09,1169385,AMOC,Alexandria Mineral Oils Company,0.007824696481287205
2008-05-13,5.05,5.13,4.97,5.01,1357365,AMOC,Alexandria Mineral Oils Company,0.007824696481287205
2008-05-14,5.0,5.07,4.99,5.01,1043925,AMOC,Alexandria Mineral Oils Company,0.007824696481287205
2008-05-15,5.0,5.0,4.85,4.91,1233495,AMOC,Alexandria Mineral Oils Company,0.007824696481287205
2008-05-18,4.93,5.0,4.93,4.96,995715,AMOC,Alexandria Mineral Oils Company,0.007824696481287205
2008-05-19,5.0,5.0,4.92,4.96,1663725,AMOC,Alexandria Mineral Oils Company,0.007824696481287205
2008-05-20,5.0,5.0,4.97,4.99,1559715,AMOC,Alexandria Mineral Oils Company,0.007824696481287205
2008-05-21,5.01,5.01,4.97,4.99,289110,AMOC,Alexandria Mineral Oils Company,0.007824696481287205
2008-05-22,4.97,5.0,4.97,4.99,1053525,AMOC,Alexandria Mineral Oils Company,0.007824696481287205
2008-05-25,5.0,5.05,4.99,5.01,953175,AMOC,Alexandria Mineral Oils Company,0.007824696481287205
2008-05-26,5.0,5.01,4.99,5.0,1198740,AMOC,Alexandria Mineral Oils Company,0.007824696481287205
2008-05-27,5.01,5.05,5.0,5.01,4462320,AMOC,Alexandria Mineral Oils Company,0.007824696481287205
2008-05-28,5.0,5.06,5.0,5.04,755280,AMOC,Alexandria Mineral Oils Company,0.007824696481287205
2008-05-29,5.03,5.05,5.0,5.03,975015,AMOC,Alexandria Mineral Oils Company,0.007824696481287205
2008-06-01,5.07,5.07,4.99,5.01,401775,AMOC,Alexandria Mineral Oils Company,0.007824696481287205
2008-06-02,5.01,5.06,4.95,4.99,309810,AMOC,Alexandria Mineral Oils Company,0.007824696481287205
2008-06-03,5.0,5.02,4.93,4.98,406185,AMOC,Alexandria Mineral Oils Company,0.007824696481287205
2008-06-04,4.97,5.03,4.97,5.01,258915,AMOC,Alexandria Mineral Oils Company,0.007824696481287205
2008-06-05,5.0,5.03,4.99,5.01,219435,AMOC,Alexandria Mineral Oils Company,0.007824696481287205
2008-06-08,5.03,5.03,4.99,5.01,218940,AMOC,Alexandria Mineral Oils Company,0.007824696481287205
2008-06-09,5.0,5.01,4.92,4.96,956550,AMOC,Alexandria Mineral Oils Company,0.007824696481287205
2008-06-10,4.97,5.0,4.92,4.93,702075,AMOC,Alexandria Mineral Oils Company,0.007824696481287205
2008-06-11,4.93,4.99,4.93,4.94,101115,AMOC,Alexandria Mineral Oils Company,0.007824696481287205
2008-06-12,4.95,4.99,4.93,4.95,306690,AMOC,Alexandria Mineral Oils Company,0.007824696481287205
2008-06-15,4.95,4.99,4.92,4.97,549795,AMOC,Alexandria Mineral Oils Company,0.007824696481287205
2008-06-16,4.99,5.03,4.97,5.0,485880,AMOC,Alexandria Mineral Oils Company,0.007824696481287205
2008-06-17,4.97,4.97,4.93,4.94,345765,AMOC,Alexandria Mineral Oils Company,0.007824696481287205
2008-06-18,4.95,4.96,4.93,4.94,408660,AMOC,Alexandria Mineral Oils Company,0.007824696481287205
2008-06-19,4.95,4.97,4.92,4.93,308895,AMOC,Alexandria Mineral Oils Company,0.007824696481287205
2008-06-22,4.93,4.97,4.93,4.94,127005,AMOC,Alexandria Mineral Oils Company,0.007824696481287205
2008-06-23,4.97,5.0,4.94,4.97,138525,AMOC,Alexandria Mineral Oils Company,0.007824696481287205
2008-06-24,4.97,4.98,4.92,4.94,464445,AMOC,Alexandria Mineral Oils Company,0.007824696481287205
2008-06-25,4.93,4.93,4.85,4.9,1041315,AMOC,Alexandria Mineral Oils Company,0.007824696481287205
2008-06-26,4.87,4.93,4.83,4.87,371415,AMOC,Alexandria Mineral Oils Company,0.007824696481287205
2008-06-29,4.93,4.93,4.86,4.89,311160,AMOC,Alexandria Mineral Oils Company,0.007824696481287205
2008-06-30,4.88,4.92,4.85,4.87,243729060,AMOC,Alexandria Mineral Oils Company,0.007824696481287205
2008-07-02,4.87,4.91,4.87,4.89,339240,AMOC,Alexandria Mineral Oils Company,0.007824696481287205
2008-07-03,4.9,4.91,4.84,4.87,756105,AMOC,Alexandria Mineral Oils Company,0.007824696481287205
2008-07-06,4.87,4.92,4.81,4.83,284145,AMOC,Alexandria Mineral Oils Company,0.007824696481287205
2008-07-07,4.83,4.9,4.78,4.82,365955,AMOC,Alexandria Mineral Oils Company,0.007824696481287205
2008-07-08,4.85,4.85,4.75,4.77,481530,AMOC,Alexandria Mineral Oils Company,0.007824696481287205
2008-07-09,4.8,4.83,4.74,4.77,672375,AMOC,Alexandria Mineral Oils Company,0.007824696481287205
2008-07-10,4.8,4.83,4.73,4.79,287040,AMOC,Alexandria Mineral Oils Company,0.007824696481287205
2008-07-13,4.77,4.8,4.73,4.75,275250,AMOC,Alexandria Mineral Oils Company,0.007824696481287205
2008-07-14,4.79,4.8,4.73,4.75,526845,AMOC,Alexandria Mineral Oils Company,0.007824696481287205
2008-07-15,4.77,4.82,4.73,4.77,528825,AMOC,Alexandria Mineral Oils Company,0.007824696481287205
2008-07-16,4.75,4.75,4.64,4.68,556455,AMOC,Alexandria Mineral Oils Company,0.007824696481287205
2008-07-17,4.7,4.7,4.64,4.67,1665555,AMOC,Alexandria Mineral Oils Company,0.007824696481287205
2008-07-20,4.67,4.73,4.67,4.67,830640,AMOC,Alexandria Mineral Oils Company,0.007824696481287205
2008-07-21,4.68,4.8,4.67,4.71,430635,AMOC,Alexandria Mineral Oils Company,0.007824696481287205
2008-07-22,4.69,4.77,4.67,4.71,301935,AMOC,Alexandria Mineral Oils Company,0.007824696481287205
2008-07-24,4.79,4.79,4.73,4.75,154935,AMOC,Alexandria Mineral Oils Company,0.007824696481287205
2008-07-27,4.77,4.85,4.73,4.81,586710,AMOC,Alexandria Mineral Oils Company,0.007824696481287205
2008-07-28,4.85,4.98,4.82,4.88,514680,AMOC,Alexandria Mineral Oils Company,0.007824696481287205
2008-07-29,4.88,4.93,4.79,4.82,729195,AMOC,Alexandria Mineral Oils Company,0.007824696481287205
2008-07-30,4.77,4.83,4.77,4.79,183720,AMOC,Alexandria Mineral Oils Company,0.007824696481287205
2008-07-31,4.87,4.87,4.79,4.82,759900,AMOC,Alexandria Mineral Oils Company,0.007824696481287205
2008-08-03,4.9,4.9,4.77,4.81,644790,AMOC,Alexandria Mineral Oils Company,0.007824696481287205
2008-08-04,4.83,4.83,4.72,4.76,1236915,AMOC,Alexandria Mineral Oils Company,0.007824696481287205
2008-08-05,4.77,4.77,4.59,4.65,4570440,AMOC,Alexandria Mineral Oils Company,0.007824696481287205
2008-08-06,4.62,4.73,4.6,4.69,321420,AMOC,Alexandria Mineral Oils Company,0.007824696481287205
2008-08-07,4.73,4.73,4.63,4.67,516960,AMOC,Alexandria Mineral Oils Company,0.007824696481287205
2008-08-10,4.71,4.71,4.47,4.55,2195385,AMOC,Alexandria Mineral Oils Company,0.007824696481287205
2008-08-11,4.58,4.58,4.37,4.42,1238550,AMOC,Alexandria Mineral Oils Company,0.007824696481287205
2008-08-12,4.37,4.47,4.34,4.42,517155,AMOC,Alexandria Mineral Oils Company,0.007824696481287205
2008-08-13,4.4,4.53,4.34,4.47,1995765,AMOC,Alexandria Mineral Oils Company,0.007824696481287205
2008-08-14,4.47,4.65,4.47,4.59,1152165,AMOC,Alexandria Mineral Oils Company,0.007824696481287205
2008-08-17,4.69,4.73,4.67,4.71,987135,AMOC,Alexandria Mineral Oils Company,0.007824696481287205
2008-08-18,4.77,4.97,4.77,4.82,1756725,AMOC,Alexandria Mineral Oils Company,0.007824696481287205
2008-08-19,4.79,4.8,4.75,4.77,753930,AMOC,Alexandria Mineral Oils Company,0.007824696481287205
2008-08-20,4.73,4.79,4.67,4.75,760110,AMOC,Alexandria Mineral Oils Company,0.007824696481287205
2008-08-21,4.8,4.83,4.71,4.75,842760,AMOC,Alexandria Mineral Oils Company,0.007824696481287205
2008-08-24,4.8,4.87,4.8,4.82,1328055,AMOC,Alexandria Mineral Oils Company,0.007824696481287205
2008-08-25,4.87,4.87,4.8,4.83,921135,AMOC,Alexandria Mineral Oils Company,0.007824696481287205
2008-08-26,4.83,4.91,4.8,4.87,1137045,AMOC,Alexandria Mineral Oils Company,0.007824696481287205
2008-08-27,4.91,4.98,4.9,4.94,679425,AMOC,Alexandria Mineral Oils Company,0.007824696481287205
2008-08-28,4.97,5.04,4.95,5.02,1790670,AMOC,Alexandria Mineral Oils Company,0.007824696481287205
2008-08-31,5.04,5.12,4.98,5.06,1242930,AMOC,Alexandria Mineral Oils Company,0.007824696481287205
2008-09-01,5.12,5.13,5.04,5.07,368820,AMOC,Alexandria Mineral Oils Company,0.007824696481287205
2008-09-02,5.04,5.1,5.0,5.05,1030470,AMOC,Alexandria Mineral Oils Company,0.007824696481287205
2008-09-03,5.09,5.15,5.03,5.11,1336920,AMOC,Alexandria Mineral Oils Company,0.007824696481287205
2008-09-04,5.15,5.17,5.12,5.14,551325,AMOC,Alexandria Mineral Oils Company,0.007824696481287205
2008-09-07,5.15,5.19,5.12,5.16,986550,AMOC,Alexandria Mineral Oils Company,0.007824696481287205
2008-09-08,5.17,5.21,5.13,5.18,1355775,AMOC,Alexandria Mineral Oils Company,0.007824696481287205
2008-09-09,5.17,5.21,5.17,5.19,2160855,AMOC,Alexandria Mineral Oils Company,0.007824696481287205
2008-09-10,5.21,5.21,5.15,5.2,1696530,AMOC,Alexandria Mineral Oils Company,0.007824696481287205
2008-09-11,5.21,5.23,5.17,5.21,5891520,AMOC,Alexandria Mineral Oils Company,0.007824696481287205
2008-09-14,4.65,4.67,4.57,4.59,579915,AMOC,Alexandria Mineral Oils Company,0.007824696481287205
2008-09-15,4.57,4.57,4.43,4.49,1006950,AMOC,Alexandria Mineral Oils Company,0.007824696481287205
2008-09-16,4.41,4.42,4.33,4.39,1259415,AMOC,Alexandria Mineral Oils Company,0.007824696481287205
2008-09-17,4.27,4.43,4.27,4.4,497775,AMOC,Alexandria Mineral Oils Company,0.007824696481287205
2008-09-18,4.37,4.4,4.2,4.31,1044780,AMOC,Alexandria Mineral Oils Company,0.007824696481287205
2008-09-21,4.4,4.43,4.27,4.38,409500,AMOC,Alexandria Mineral Oils Company,0.007824696481287205
2008-09-22,4.27,4.42,4.27,4.39,832980,AMOC,Alexandria Mineral Oils Company,0.007824696481287205
2008-09-23,4.33,4.33,4.26,4.27,153435,AMOC,Alexandria Mineral Oils Company,0.007824696481287205
2008-09-24,4.33,4.33,4.19,4.22,382170,AMOC,Alexandria Mineral Oils Company,0.007824696481287205
2008-09-25,4.2,4.24,4.2,4.22,279525,AMOC,Alexandria Mineral Oils Company,0.007824696481287205
2008-09-28,4.2,4.23,4.14,4.19,472005,AMOC,Alexandria Mineral Oils Company,0.007824696481287205
2008-09-29,4.17,4.2,4.15,4.18,178980,AMOC,Alexandria Mineral Oils Company,0.007824696481287205
2008-10-07,4.0,4.03,2.67,3.83,1274625,AMOC,Alexandria Mineral Oils Company,0.007824696481287205
2008-10-08,3.63,4.4,3.57,4.22,2234610,AMOC,Alexandria Mineral Oils Company,0.007824696481287205
2008-10-09,4.23,4.25,4.06,4.17,5014845,AMOC,Alexandria Mineral Oils Company,0.007824696481287205
2008-10-12,4.0,4.21,3.93,4.09,569310,AMOC,Alexandria Mineral Oils Company,0.007824696481287205
2008-10-13,4.2,4.2,4.11,4.14,321195,AMOC,Alexandria Mineral Oils Company,0.007824696481287205
2008-10-14,4.17,4.23,4.17,4.2,589560,AMOC,Alexandria Mineral Oils Company,0.007824696481287205
2008-10-15,4.17,4.17,4.03,4.13,778350,AMOC,Alexandria Mineral Oils Company,0.007824696481287205
2008-10-16,4.1,4.2,4.04,4.13,600345,AMOC,Alexandria Mineral Oils Company,0.007824696481287205
2008-10-19,4.1,4.18,4.04,4.11,125130,AMOC,Alexandria Mineral Oils Company,0.007824696481287205
2008-10-20,4.07,4.13,4.04,4.1,433905,AMOC,Alexandria Mineral Oils Company,0.007824696481287205
2008-10-21,4.1,4.13,4.0,4.06,404790,AMOC,Alexandria Mineral Oils Company,0.007824696481287205
2008-10-22,3.94,4.03,3.74,3.94,564765,AMOC,Alexandria Mineral Oils Company,0.007824696481287205
2008-10-23,3.8,4.14,3.8,4.07,3354360,AMOC,Alexandria Mineral Oils Company,0.007824696481287205
2008-10-26,3.89,3.89,3.73,3.81,468450,AMOC,Alexandria Mineral Oils Company,0.007824696481287205
2008-10-27,3.77,3.82,3.71,3.75,220680,AMOC,Alexandria Mineral Oils Company,0.007824696481287205
2008-10-28,3.79,4.0,3.69,3.95,3662415,AMOC,Alexandria Mineral Oils Company,0.007824696481287205
2008-10-29,4.0,4.0,3.74,3.82,350145,AMOC,Alexandria Mineral Oils Company,0.007824696481287205
2008-10-30,3.82,3.83,3.67,3.73,1266945,AMOC,Alexandria Mineral Oils Company,0.007824696481287205
2008-11-02,3.71,3.86,3.71,3.78,1361790,AMOC,Alexandria Mineral Oils Company,0.007824696481287205
2008-11-03,3.73,3.85,3.73,3.79,989565,AMOC,Alexandria Mineral Oils Company,0.007824696481287205
2008-11-04,3.74,3.83,3.7,3.76,986460,AMOC,Alexandria Mineral Oils Company,0.007824696481287205
2008-11-05,3.8,3.81,3.71,3.75,446940,AMOC,Alexandria Mineral Oils Company,0.007824696481287205
2008-11-06,3.71,3.73,3.65,3.68,672150,AMOC,Alexandria Mineral Oils Company,0.007824696481287205
2008-11-09,3.67,3.75,3.66,3.67,881100,AMOC,Alexandria Mineral Oils Company,0.007824696481287205
2008-11-10,3.67,3.72,3.64,3.67,3218100,AMOC,Alexandria Mineral Oils Company,0.007824696481287205
2008-11-11,3.74,3.74,3.65,3.69,716880,AMOC,Alexandria Mineral Oils Company,0.007824696481287205
2008-11-12,3.64,3.67,3.46,3.5,2317140,AMOC,Alexandria Mineral Oils Company,0.007824696481287205
2008-11-13,3.34,3.51,3.34,3.47,987795,AMOC,Alexandria Mineral Oils Company,0.007824696481287205
2008-11-16,3.46,3.46,3.23,3.33,974520,AMOC,Alexandria Mineral Oils Company,0.007824696481287205
2008-11-17,3.27,3.33,3.15,3.23,743625,AMOC,Alexandria Mineral Oils Company,0.007824696481287205
2008-11-18,3.14,3.26,2.96,3.03,1637040,AMOC,Alexandria Mineral Oils Company,0.007824696481287205
2008-11-19,3.0,3.05,2.97,3.0,672885,AMOC,Alexandria Mineral Oils Company,0.007824696481287205
2008-11-20,2.93,3.0,2.83,2.9,926655,AMOC,Alexandria Mineral Oils Company,0.007824696481287205
2008-11-23,2.84,2.99,2.8,2.81,524865,AMOC,Alexandria Mineral Oils Company,0.007824696481287205
2008-11-24,2.81,2.87,2.53,2.63,1155525,AMOC,Alexandria Mineral Oils Company,0.007824696481287205
2008-11-25,2.54,2.78,2.54,2.64,2481765,AMOC,Alexandria Mineral Oils Company,0.007824696481287205
2008-11-26,2.67,2.83,2.67,2.76,510360,AMOC,Alexandria Mineral Oils Company,0.007824696481287205
2008-11-27,2.8,2.8,2.68,2.76,224745,AMOC,Alexandria Mineral Oils Company,0.007824696481287205
2008-11-30,2.73,2.86,2.73,2.8,289755,AMOC,Alexandria Mineral Oils Company,0.007824696481287205
2008-12-01,2.8,2.89,2.71,2.84,1879875,AMOC,Alexandria Mineral Oils Company,0.007824696481287205
2008-12-02,2.73,2.73,2.63,2.69,456330,AMOC,Alexandria Mineral Oils Company,0.007824696481287205
2008-12-03,2.7,2.77,2.66,2.69,162960,AMOC,Alexandria Mineral Oils Company,0.007824696481287205
2008-12-04,2.73,2.86,2.7,2.81,1334835,AMOC,Alexandria Mineral Oils Company,0.007824696481287205
2008-12-10,2.86,2.89,2.8,2.85,437355,AMOC,Alexandria Mineral Oils Company,0.007824696481287205
2008-12-11,2.87,2.97,2.85,2.91,1604505,AMOC,Alexandria Mineral Oils Company,0.007824696481287205
2008-12-14,2.93,2.99,2.87,2.93,677805,AMOC,Alexandria Mineral Oils Company,0.007824696481287205
2008-12-15,2.9,3.07,2.9,3.03,2664675,AMOC,Alexandria Mineral Oils Company,0.007824696481287205
2008-12-16,3.06,3.24,3.01,3.17,2443560,AMOC,Alexandria Mineral Oils Company,0.007824696481287205
2008-12-17,3.2,3.35,3.2,3.3,2776320,AMOC,Alexandria Mineral Oils Company,0.007824696481287205
2008-12-18,3.33,3.46,3.33,3.34,1254885,AMOC,Alexandria Mineral Oils Company,0.007824696481287205
2008-12-21,3.35,3.35,3.15,3.19,94260,AMOC,Alexandria Mineral Oils Company,0.007824696481287205
2008-12-22,3.16,3.23,3.15,3.19,512670,AMOC,Alexandria Mineral Oils Company,0.007824696481287205
2008-12-23,3.17,3.2,3.14,3.16,69945,AMOC,Alexandria Mineral Oils Company,0.007824696481287205
2008-12-24,3.19,3.2,3.17,3.17,24000,AMOC,Alexandria Mineral Oils Company,0.007824696481287205
2008-12-25,3.2,3.2,3.13,3.16,124560,AMOC,Alexandria Mineral Oils Company,0.007824696481287205
2008-12-28,3.19,3.19,3.13,3.14,55335,AMOC,Alexandria Mineral Oils Company,0.007824696481287205
2008-12-30,3.12,3.19,3.12,3.16,83340,AMOC,Alexandria Mineral Oils Company,0.007824696481287205
2008-12-31,21.51,22.33,21.22,21.6,16516,AMOC,Alexandria Mineral Oils Company,0.007824696481287205
2009-01-04,3.2,3.3,3.2,3.27,63570,AMOC,Alexandria Mineral Oils Company,0.007824696481287205
2009-01-05,3.23,3.3,3.23,3.26,43425,AMOC,Alexandria Mineral Oils Company,0.007824696481287205
2009-01-06,3.27,3.31,3.27,3.28,96090,AMOC,Alexandria Mineral Oils Company,0.007824696481287205
2009-01-08,3.3,3.3,3.21,3.25,19230,AMOC,Alexandria Mineral Oils Company,0.007824696481287205
2009-01-11,3.22,3.27,3.18,3.22,126315,AMOC,Alexandria Mineral Oils Company,0.007824696481287205
2009-01-12,3.2,3.33,3.2,3.27,328200,AMOC,Alexandria Mineral Oils Company,0.007824696481287205
2009-01-13,3.23,3.23,3.17,3.2,147345,AMOC,Alexandria Mineral Oils Company,0.007824696481287205
2009-01-14,3.14,3.2,3.14,3.17,68460,AMOC,Alexandria Mineral Oils Company,0.007824696481287205
2009-01-15,3.17,3.26,3.13,3.16,384825,AMOC,Alexandria Mineral Oils Company,0.007824696481287205
2009-01-18,20.0,20.95,20.0,20.95,4027,AMOC,Alexandria Mineral Oils Company,0.007824696481287205
2009-01-19,3.17,3.17,3.13,3.17,39030,AMOC,Alexandria Mineral Oils Company,0.007824696481287205
2009-01-20,3.13,3.13,3.09,3.11,202410,AMOC,Alexandria Mineral Oils Company,0.007824696481287205
2009-01-21,3.05,3.05,2.93,2.99,465150,AMOC,Alexandria Mineral Oils Company,0.007824696481287205
2009-01-22,3.03,3.07,2.98,3.0,487560,AMOC,Alexandria Mineral Oils Company,0.007824696481287205
2009-01-25,3.06,3.26,2.87,2.95,263970,AMOC,Alexandria Mineral Oils Company,0.007824696481287205
2009-01-26,2.82,3.1,2.82,3.0,245085,AMOC,Alexandria Mineral Oils Company,0.007824696481287205
2009-01-27,2.93,3.13,2.93,3.04,49965,AMOC,Alexandria Mineral Oils Company,0.007824696481287205
2009-01-28,3.0,3.15,3.0,3.09,89025,AMOC,Alexandria Mineral Oils Company,0.007824696481287205
2009-01-29,3.07,3.13,3.03,3.04,78465,AMOC,Alexandria Mineral Oils Company,0.007824696481287205
2009-02-01,3.0,3.0,2.77,2.85,410550,AMOC,Alexandria Mineral Oils Company,0.007824696481287205
2009-02-02,2.81,2.93,2.62,2.72,510930,AMOC,Alexandria Mineral Oils Company,0.007824696481287205
2009-02-03,2.63,2.69,2.61,2.67,109125,AMOC,Alexandria Mineral Oils Company,0.007824696481287205
2009-02-04,2.67,2.67,2.61,2.62,326250,AMOC,Alexandria Mineral Oils Company,0.007824696481287205
2009-02-05,2.58,2.59,2.5,2.56,71550,AMOC,Alexandria Mineral Oils Company,0.007824696481287205
2009-02-08,2.59,2.59,2.51,2.55,46500,AMOC,Alexandria Mineral Oils Company,0.007824696481287205
2009-02-09,2.51,2.55,2.47,2.49,396945,AMOC,Alexandria Mineral Oils Company,0.007824696481287205
2009-02-10,2.49,2.53,2.49,2.5,81750,AMOC,Alexandria Mineral Oils Company,0.007824696481287205
2009-02-11,2.51,2.55,2.47,2.52,47220,AMOC,Alexandria Mineral Oils Company,0.007824696481287205
2009-02-12,2.52,2.53,2.51,2.51,37155,AMOC,Alexandria Mineral Oils Company,0.007824696481287205
2009-02-15,2.55,2.63,2.55,2.56,37425,AMOC,Alexandria Mineral Oils Company,0.007824696481287205
2009-02-16,2.63,2.67,2.53,2.6,52935,AMOC,Alexandria Mineral Oils Company,0.007824696481287205
2009-02-17,2.51,2.59,2.51,2.55,107460,AMOC,Alexandria Mineral Oils Company,0.007824696481287205
2009-02-18,2.52,2.53,2.45,2.47,253365,AMOC,Alexandria Mineral Oils Company,0.007824696481287205
2009-02-19,2.5,2.5,2.41,2.45,165510,AMOC,Alexandria Mineral Oils Company,0.007824696481287205
2009-02-22,2.44,2.44,2.4,2.43,98055,AMOC,Alexandria Mineral Oils Company,0.007824696481287205
2009-02-23,2.44,2.45,2.41,2.43,230505,AMOC,Alexandria Mineral Oils Company,0.007824696481287205
2009-02-24,2.4,2.43,2.36,2.38,141150,AMOC,Alexandria Mineral Oils Company,0.007824696481287205
2009-02-25,2.39,2.4,2.36,2.38,174345,AMOC,Alexandria Mineral Oils Company,0.007824696481287205
2009-02-26,2.36,2.36,2.33,2.34,465930,AMOC,Alexandria Mineral Oils Company,0.007824696481287205
2009-03-01,2.35,2.4,2.35,2.37,120000,AMOC,Alexandria Mineral Oils Company,0.007824696481287205
2009-03-02,2.39,2.4,2.36,2.38,90330,AMOC,Alexandria Mineral Oils Company,0.007824696481287205
2009-03-03,2.38,2.38,2.33,2.34,168195,AMOC,Alexandria Mineral Oils Company,0.007824696481287205
2009-03-04,2.37,2.38,2.33,2.35,116100,AMOC,Alexandria Mineral Oils Company,0.007824696481287205
2009-03-05,2.4,2.4,2.33,2.37,36735,AMOC,Alexandria Mineral Oils Company,0.007824696481287205
2009-03-08,2.35,2.39,2.33,2.34,208365,AMOC,Alexandria Mineral Oils Company,0.007824696481287205
2009-03-10,2.33,2.36,2.33,2.33,279270,AMOC,Alexandria Mineral Oils Company,0.007824696481287205
2009-03-11,2.34,2.37,2.32,2.34,225930,AMOC,Alexandria Mineral Oils Company,0.007824696481287205
2009-03-12,2.32,2.33,2.31,2.32,394530,AMOC,Alexandria Mineral Oils Company,0.007824696481287205
2009-03-15,2.35,2.37,2.32,2.33,369225,AMOC,Alexandria Mineral Oils Company,0.007824696481287205
2009-03-16,2.35,2.37,2.31,2.34,652350,AMOC,Alexandria Mineral Oils Company,0.007824696481287205
2009-03-17,2.37,2.47,2.35,2.38,362220,AMOC,Alexandria Mineral Oils Company,0.007824696481287205
2009-03-18,2.42,2.42,2.37,2.39,842940,AMOC,Alexandria Mineral Oils Company,0.007824696481287205
2009-03-19,2.43,2.43,2.39,2.41,794130,AMOC,Alexandria Mineral Oils Company,0.007824696481287205
2009-03-22,2.4,2.49,2.4,2.45,990105,AMOC,Alexandria Mineral Oils Company,0.007824696481287205
2009-03-23,2.53,2.53,2.46,2.47,567135,AMOC,Alexandria Mineral Oils Company,0.007824696481287205
2009-03-24,2.52,2.56,2.47,2.49,297480,AMOC,Alexandria Mineral Oils Company,0.007824696481287205
2009-03-25,2.49,2.53,2.47,2.49,701145,AMOC,Alexandria Mineral Oils Company,0.007824696481287205
2009-03-26,2.53,2.53,2.47,2.49,422625,AMOC,Alexandria Mineral Oils Company,0.007824696481287205
2009-03-29,2.53,2.75,2.5,2.63,1140930,AMOC,Alexandria Mineral Oils Company,0.007824696481287205
2009-03-30,2.67,2.77,2.61,2.67,1222695,AMOC,Alexandria Mineral Oils Company,0.007824696481287205
2009-03-31,2.61,2.93,2.57,2.76,948390,AMOC,Alexandria Mineral Oils Company,0.007824696481287205
2009-04-01,2.79,2.8,2.73,2.76,322575,AMOC,Alexandria Mineral Oils Company,0.007824696481287205
2009-04-02,2.8,2.85,2.75,2.82,324120,AMOC,Alexandria Mineral Oils Company,0.007824696481287205
2009-04-05,2.8,2.87,2.8,2.83,344370,AMOC,Alexandria Mineral Oils Company,0.007824696481287205
2009-04-06,2.84,2.9,2.83,2.86,283545,AMOC,Alexandria Mineral Oils Company,0.007824696481287205
2009-04-07,2.87,2.87,2.8,2.82,400860,AMOC,Alexandria Mineral Oils Company,0.007824696481287205
2009-04-08,2.8,2.81,2.77,2.79,178650,AMOC,Alexandria Mineral Oils Company,0.007824696481287205
2009-04-09,2.8,2.81,2.78,2.8,277965,AMOC,Alexandria Mineral Oils Company,0.007824696481287205
2009-04-12,2.83,2.88,2.81,2.85,177270,AMOC,Alexandria Mineral Oils Company,0.007824696481287205
2009-04-13,2.87,2.87,2.8,2.81,209160,AMOC,Alexandria Mineral Oils Company,0.007824696481287205
2009-04-14,2.87,2.87,2.81,2.84,127680,AMOC,Alexandria Mineral Oils Company,0.007824696481287205
2009-04-15,2.87,2.87,2.79,2.81,149700,AMOC,Alexandria Mineral Oils Company,0.007824696481287205
2009-04-16,2.81,2.87,2.8,2.84,178905,AMOC,Alexandria Mineral Oils Company,0.007824696481287205
2009-04-21,2.84,2.87,2.82,2.84,234750,AMOC,Alexandria Mineral Oils Company,0.007824696481287205
2009-04-22,2.82,2.86,2.82,2.83,204690,AMOC,Alexandria Mineral Oils Company,0.007824696481287205
2009-04-23,2.82,2.85,2.77,2.81,316905,AMOC,Alexandria Mineral Oils Company,0.007824696481287205
2009-04-26,14.26,14.27,13.5,14.0,10366,AMOC,Alexandria Mineral Oils Company,0.007824696481287205
2009-04-27,2.77,2.77,2.73,2.76,250650,AMOC,Alexandria Mineral Oils Company,0.007824696481287205
2009-04-28,2.73,2.79,2.67,2.73,407025,AMOC,Alexandria Mineral Oils Company,0.007824696481287205
2009-04-29,2.72,2.76,2.71,2.73,115770,AMOC,Alexandria Mineral Oils Company,0.007824696481287205
2009-04-30,2.73,2.77,2.72,2.74,284745,AMOC,Alexandria Mineral Oils Company,0.007824696481287205
2009-05-03,2.75,2.77,2.74,2.75,93330,AMOC,Alexandria Mineral Oils Company,0.007824696481287205
2009-05-04,2.75,2.76,2.7,2.72,303345,AMOC,Alexandria Mineral Oils Company,0.007824696481287205
2009-05-05,2.72,2.76,2.67,2.7,446025,AMOC,Alexandria Mineral Oils Company,0.007824696481287205
2009-05-06,2.73,2.75,2.72,2.74,264960,AMOC,Alexandria Mineral Oils Company,0.007824696481287205
2009-05-07,2.77,2.81,2.75,2.78,491835,AMOC,Alexandria Mineral Oils Company,0.007824696481287205
2009-05-10,2.83,3.06,2.83,2.89,828555,AMOC,Alexandria Mineral Oils Company,0.007824696481287205
2009-05-11,2.91,2.96,2.87,2.91,643650,AMOC,Alexandria Mineral Oils Company,0.007824696481287205
2009-05-12,2.92,3.05,2.87,2.95,1575015,AMOC,Alexandria Mineral Oils Company,0.007824696481287205
2009-05-13,3.05,3.05,2.88,2.94,612495,AMOC,Alexandria Mineral Oils Company,0.007824696481287205
2009-05-14,2.87,2.9,2.8,2.83,415365,AMOC,Alexandria Mineral Oils Company,0.007824696481287205
2009-05-17,2.8,2.82,2.79,2.8,629100,AMOC,Alexandria Mineral Oils Company,0.007824696481287205
2009-05-18,2.81,2.83,2.79,2.8,390615,AMOC,Alexandria Mineral Oils Company,0.007824696481287205
2009-05-19,2.83,2.86,2.8,2.82,440130,AMOC,Alexandria Mineral Oils Company,0.007824696481287205
2009-05-20,2.81,2.89,2.79,2.81,651720,AMOC,Alexandria Mineral Oils Company,0.007824696481287205
2009-05-21,2.79,2.9,2.73,2.81,864060,AMOC,Alexandria Mineral Oils Company,0.007824696481287205
2009-05-24,2.8,2.9,2.8,2.84,328320,AMOC,Alexandria Mineral Oils Company,0.007824696481287205
2009-05-25,2.81,2.86,2.81,2.82,94065,AMOC,Alexandria Mineral Oils Company,0.007824696481287205
2009-05-26,2.82,2.87,2.8,2.85,420525,AMOC,Alexandria Mineral Oils Company,0.007824696481287205
2009-05-27,2.87,2.87,2.82,2.84,207585,AMOC,Alexandria Mineral Oils Company,0.007824696481287205
2009-05-28,2.82,2.83,2.79,2.81,710115,AMOC,Alexandria Mineral Oils Company,0.007824696481287205
2009-05-31,2.83,2.87,2.83,2.86,318480,AMOC,Alexandria Mineral Oils Company,0.007824696481287205
2009-06-01,2.88,2.92,2.88,2.9,303870,AMOC,Alexandria Mineral Oils Company,0.007824696481287205
2009-06-02,2.91,2.97,2.9,2.93,470850,AMOC,Alexandria Mineral Oils Company,0.007824696481287205
2009-06-03,2.91,2.99,2.87,2.94,608415,AMOC,Alexandria Mineral Oils Company,0.007824696481287205
2009-06-04,3.0,3.07,2.97,3.03,1264035,AMOC,Alexandria Mineral Oils Company,0.007824696481287205
2009-06-07,3.07,3.07,3.02,3.05,472230,AMOC,Alexandria Mineral Oils Company,0.007824696481287205
2009-06-08,3.05,3.07,3.01,3.05,279225,AMOC,Alexandria Mineral Oils Company,0.007824696481287205
2009-06-09,3.07,3.07,2.98,3.03,1002375,AMOC,Alexandria Mineral Oils Company,0.007824696481287205
2009-06-10,3.04,3.07,3.02,3.03,421995,AMOC,Alexandria Mineral Oils Company,0.007824696481287205
2009-06-11,3.07,3.13,3.02,3.07,820125,AMOC,Alexandria Mineral Oils Company,0.007824696481287205
2009-06-14,3.1,3.4,3.1,3.27,1618545,AMOC,Alexandria Mineral Oils Company,0.007824696481287205
2009-06-15,3.33,3.52,3.31,3.44,891120,AMOC,Alexandria Mineral Oils Company,0.007824696481287205
2009-06-16,3.4,3.51,3.32,3.42,1034850,AMOC,Alexandria Mineral Oils Company,0.007824696481287205
2009-06-17,3.4,3.43,3.37,3.39,764970,AMOC,Alexandria Mineral Oils Company,0.007824696481287205
2009-06-18,3.37,3.43,3.31,3.37,775995,AMOC,Alexandria Mineral Oils Company,0.007824696481287205
2009-06-21,3.35,3.43,3.33,3.36,261765,AMOC,Alexandria Mineral Oils Company,0.007824696481287205
2009-06-22,3.33,3.37,3.2,3.29,696855,AMOC,Alexandria Mineral Oils Company,0.007824696481287205
2009-06-23,3.2,3.27,3.11,3.17,836580,AMOC,Alexandria Mineral Oils Company,0.007824696481287205
2009-06-24,3.17,3.17,3.07,3.14,621345,AMOC,Alexandria Mineral Oils Company,0.007824696481287205
2009-06-25,3.08,3.13,3.06,3.09,413580,AMOC,Alexandria Mineral Oils Company,0.007824696481287205
2009-06-28,3.13,3.13,3.05,3.09,251745,AMOC,Alexandria Mineral Oils Company,0.007824696481287205
2009-06-29,3.1,3.1,3.04,3.07,946260,AMOC,Alexandria Mineral Oils Company,0.007824696481287205
2009-06-30,3.11,3.21,3.11,3.19,410505,AMOC,Alexandria Mineral Oils Company,0.007824696481287205
2009-07-02,3.2,3.33,3.16,3.24,629490,AMOC,Alexandria Mineral Oils Company,0.007824696481287205
2009-07-05,3.2,3.27,3.14,3.22,131760,AMOC,Alexandria Mineral Oils Company,0.007824696481287205
2009-07-06,3.18,3.27,3.12,3.15,764385,AMOC,Alexandria Mineral Oils Company,0.007824696481287205
2009-07-07,3.19,3.2,3.13,3.19,180900,AMOC,Alexandria Mineral Oils Company,0.007824696481287205
2009-07-08,3.14,3.14,3.07,3.09,405915,AMOC,Alexandria Mineral Oils Company,0.007824696481287205
2009-07-09,3.07,3.13,3.07,3.09,196125,AMOC,Alexandria Mineral Oils Company,0.007824696481287205
2009-07-12,3.13,3.13,2.99,3.03,373110,AMOC,Alexandria Mineral Oils Company,0.007824696481287205
2009-07-13,2.97,3.07,2.93,2.97,326625,AMOC,Alexandria Mineral Oils Company,0.007824696481287205
2009-07-14,3.07,3.1,3.03,3.06,195570,AMOC,Alexandria Mineral Oils Company,0.007824696481287205
2009-07-15,3.03,3.07,2.97,3.03,597615,AMOC,Alexandria Mineral Oils Company,0.007824696481287205
2009-07-16,3.08,3.13,3.07,3.11,201855,AMOC,Alexandria Mineral Oils Company,0.007824696481287205
2009-07-19,3.04,3.18,3.04,3.11,66810,AMOC,Alexandria Mineral Oils Company,0.007824696481287205
2009-07-20,3.1,3.15,3.1,3.13,193335,AMOC,Alexandria Mineral Oils Company,0.007824696481287205
2009-07-21,3.16,3.19,3.13,3.16,165015,AMOC,Alexandria Mineral Oils Company,0.007824696481287205
2009-07-22,3.15,3.2,3.15,3.19,292020,AMOC,Alexandria Mineral Oils Company,0.007824696481287205
2009-07-26,3.2,3.3,3.2,3.25,441600,AMOC,Alexandria Mineral Oils Company,0.007824696481287205
2009-07-27,3.23,3.27,3.2,3.25,2926650,AMOC,Alexandria Mineral Oils Company,0.007824696481287205
2009-07-28,3.25,3.26,2.8,3.13,438465,AMOC,Alexandria Mineral Oils Company,0.007824696481287205
2009-07-29,3.18,3.2,3.13,3.17,384150,AMOC,Alexandria Mineral Oils Company,0.007824696481287205
2009-07-30,3.17,3.23,3.17,3.19,725745,AMOC,Alexandria Mineral Oils Company,0.007824696481287205
2009-08-02,3.27,3.27,3.19,3.21,983535,AMOC,Alexandria Mineral Oils Company,0.007824696481287205
2009-08-03,3.26,3.27,3.19,3.2,780795,AMOC,Alexandria Mineral Oils Company,0.007824696481287205
2009-08-04,3.27,3.27,3.18,3.21,796695,AMOC,Alexandria Mineral Oils Company,0.007824696481287205
2009-08-05,3.2,3.26,3.2,3.23,769605,AMOC,Alexandria Mineral Oils Company,0.007824696481287205
2009-08-06,3.24,3.27,3.21,3.25,612585,AMOC,Alexandria Mineral Oils Company,0.007824696481287205
2009-08-09,3.27,3.27,3.25,3.27,645120,AMOC,Alexandria Mineral Oils Company,0.007824696481287205
2009-08-10,3.27,3.27,3.23,3.26,917445,AMOC,Alexandria Mineral Oils Company,0.007824696481287205
2009-08-11,3.26,3.47,3.25,3.31,2805030,AMOC,Alexandria Mineral Oils Company,0.007824696481287205
2009-08-12,3.36,3.37,3.27,3.32,618705,AMOC,Alexandria Mineral Oils Company,0.007824696481287205
2009-08-13,3.37,3.37,3.31,3.33,1106850,AMOC,Alexandria Mineral Oils Company,0.007824696481287205
2009-08-16,3.27,3.33,3.25,3.27,1233810,AMOC,Alexandria Mineral Oils Company,0.007824696481287205
2009-08-17,3.27,3.28,3.22,3.25,918540,AMOC,Alexandria Mineral Oils Company,0.007824696481287205
2009-08-18,3.22,3.25,3.2,3.23,644385,AMOC,Alexandria Mineral Oils Company,0.007824696481287205
2009-08-19,3.21,3.23,3.19,3.21,1284510,AMOC,Alexandria Mineral Oils Company,0.007824696481287205
2009-08-20,3.23,3.26,3.2,3.21,369795,AMOC,Alexandria Mineral Oils Company,0.007824696481287205
2009-08-23,3.25,3.3,3.23,3.27,360825,AMOC,Alexandria Mineral Oils Company,0.007824696481287205
2009-08-24,3.27,3.29,3.25,3.26,300465,AMOC,Alexandria Mineral Oils Company,0.007824696481287205
2009-08-25,3.21,3.31,3.21,3.29,288540,AMOC,Alexandria Mineral Oils Company,0.007824696481287205
2009-08-26,3.27,3.32,3.27,3.3,194025,AMOC,Alexandria Mineral Oils Company,0.007824696481287205
2009-08-27,3.28,3.29,3.27,3.28,374385,AMOC,Alexandria Mineral Oils Company,0.007824696481287205
2009-08-30,3.29,3.29,3.27,3.28,298245,AMOC,Alexandria Mineral Oils Company,0.007824696481287205
2009-08-31,3.27,3.29,3.27,3.28,213495,AMOC,Alexandria Mineral Oils Company,0.007824696481287205
2009-09-01,3.29,3.3,3.25,3.27,380790,AMOC,Alexandria Mineral Oils Company,0.007824696481287205
2009-09-02,3.25,3.33,3.23,3.29,303285,AMOC,Alexandria Mineral Oils Company,0.007824696481287205
2009-09-03,3.3,3.31,3.28,3.29,827580,AMOC,Alexandria Mineral Oils Company,0.007824696481287205
2009-09-06,3.33,3.33,3.28,3.31,1231770,AMOC,Alexandria Mineral Oils Company,0.007824696481287205
2009-09-07,3.33,3.33,3.28,3.31,1292040,AMOC,Alexandria Mineral Oils Company,0.007824696481287205
2009-09-08,3.06,3.06,2.99,3.01,474420,AMOC,Alexandria Mineral Oils Company,0.007824696481287205
2009-09-09,3.0,3.0,2.97,2.99,569490,AMOC,Alexandria Mineral Oils Company,0.007824696481287205
2009-09-10,2.97,3.01,2.97,2.99,172905,AMOC,Alexandria Mineral Oils Company,0.007824696481287205
2009-09-13,2.97,3.02,2.97,2.99,241140,AMOC,Alexandria Mineral Oils Company,0.007824696481287205
2009-09-14,3.01,3.01,2.96,2.97,266850,AMOC,Alexandria Mineral Oils Company,0.007824696481287205
2009-09-15,2.97,2.98,2.95,2.97,395550,AMOC,Alexandria Mineral Oils Company,0.007824696481287205
2009-09-16,2.97,2.97,2.95,2.97,491145,AMOC,Alexandria Mineral Oils Company,0.007824696481287205
2009-09-17,3.0,3.02,2.96,2.97,350445,AMOC,Alexandria Mineral Oils Company,0.007824696481287205
2009-09-22,2.99,3.06,2.98,3.03,617325,AMOC,Alexandria Mineral Oils Company,0.007824696481287205
2009-09-23,3.0,3.03,2.99,3.01,294780,AMOC,Alexandria Mineral Oils Company,0.007824696481287205
2009-09-24,3.0,3.02,2.99,3.0,266895,AMOC,Alexandria Mineral Oils Company,0.007824696481287205
2009-09-27,2.97,3.0,2.97,2.99,104760,AMOC,Alexandria Mineral Oils Company,0.007824696481287205
2009-09-28,2.98,3.0,2.95,2.98,372915,AMOC,Alexandria Mineral Oils Company,0.007824696481287205
2009-09-29,2.95,2.98,2.91,2.95,404820,AMOC,Alexandria Mineral Oils Company,0.007824696481287205
2009-09-30,2.95,2.97,2.91,2.93,92865,AMOC,Alexandria Mineral Oils Company,0.007824696481287205
2009-10-01,2.93,2.97,2.92,2.93,192570,AMOC,Alexandria Mineral Oils Company,0.007824696481287205
2009-10-04,2.92,3.0,2.9,2.93,527805,AMOC,Alexandria Mineral Oils Company,0.007824696481287205
2009-10-05,2.93,2.97,2.91,2.93,301245,AMOC,Alexandria Mineral Oils Company,0.007824696481287205
2009-10-07,2.93,2.93,2.87,2.91,347655,AMOC,Alexandria Mineral Oils Company,0.007824696481287205
2009-10-08,2.88,2.92,2.86,2.87,195540,AMOC,Alexandria Mineral Oils Company,0.007824696481287205
2009-10-11,2.93,2.95,2.89,2.91,194070,AMOC,Alexandria Mineral Oils Company,0.007824696481287205
2009-10-12,2.93,2.93,2.87,2.89,291075,AMOC,Alexandria Mineral Oils Company,0.007824696481287205
2009-10-13,2.89,2.93,2.86,2.89,348210,AMOC,Alexandria Mineral Oils Company,0.007824696481287205
2009-10-14,2.9,2.95,2.87,2.92,555825,AMOC,Alexandria Mineral Oils Company,0.007824696481287205
2009-10-15,2.95,2.95,2.92,2.93,170655,AMOC,Alexandria Mineral Oils Company,0.007824696481287205
2009-10-18,2.9,2.94,2.9,2.91,79365,AMOC,Alexandria Mineral Oils Company,0.007824696481287205
2009-10-19,2.94,2.97,2.91,2.94,196755,AMOC,Alexandria Mineral Oils Company,0.007824696481287205
2009-10-20,2.98,2.98,2.93,2.96,511080,AMOC,Alexandria Mineral Oils Company,0.007824696481287205
2009-10-21,2.98,2.98,2.9,2.93,294945,AMOC,Alexandria Mineral Oils Company,0.007824696481287205
2009-10-22,2.9,2.93,2.89,2.9,279990,AMOC,Alexandria Mineral Oils Company,0.007824696481287205
2009-10-25,2.89,2.92,2.88,2.89,251835,AMOC,Alexandria Mineral Oils Company,0.007824696481287205
2009-10-26,2.9,2.91,2.86,2.87,457995,AMOC,Alexandria Mineral Oils Company,0.007824696481287205
2009-10-27,2.85,2.9,2.85,2.86,260910,AMOC,Alexandria Mineral Oils Company,0.007824696481287205
2009-10-28,2.87,2.92,2.79,2.82,394335,AMOC,Alexandria Mineral Oils Company,0.007824696481287205
2009-10-29,2.79,2.81,2.73,2.77,309600,AMOC,Alexandria Mineral Oils Company,0.007824696481287205
2009-11-01,2.77,2.77,2.63,2.69,409590,AMOC,Alexandria Mineral Oils Company,0.007824696481287205
2009-11-02,2.68,2.73,2.67,2.67,118755,AMOC,Alexandria Mineral Oils Company,0.007824696481287205
2009-11-03,2.68,2.69,2.55,2.59,496035,AMOC,Alexandria Mineral Oils Company,0.007824696481287205
2009-11-04,2.59,2.63,2.55,2.61,59895,AMOC,Alexandria Mineral Oils Company,0.007824696481287205
2009-11-05,2.6,2.6,2.53,2.57,235260,AMOC,Alexandria Mineral Oils Company,0.007824696481287205
2009-11-08,2.6,2.66,2.59,2.61,75255,AMOC,Alexandria Mineral Oils Company,0.007824696481287205
2009-11-09,2.58,2.63,2.58,2.61,312930,AMOC,Alexandria Mineral Oils Company,0.007824696481287205
2009-11-10,2.65,2.65,2.61,2.63,203880,AMOC,Alexandria Mineral Oils Company,0.007824696481287205
2009-11-11,2.65,2.67,2.57,2.61,257130,AMOC,Alexandria Mineral Oils Company,0.007824696481287205
2009-11-12,2.58,2.59,2.57,2.57,262170,AMOC,Alexandria Mineral Oils Company,0.007824696481287205
2009-11-15,2.57,2.59,2.55,2.57,73350,AMOC,Alexandria Mineral Oils Company,0.007824696481287205
2009-11-16,2.59,2.59,2.55,2.57,158145,AMOC,Alexandria Mineral Oils Company,0.007824696481287205
2009-11-17,2.59,2.59,2.52,2.55,393255,AMOC,Alexandria Mineral Oils Company,0.007824696481287205
2009-11-18,2.55,2.55,2.52,2.53,259350,AMOC,Alexandria Mineral Oils Company,0.007824696481287205
2009-11-19,2.52,2.58,2.52,2.55,120240,AMOC,Alexandria Mineral Oils Company,0.007824696481287205
2009-11-22,2.53,2.55,2.52,2.53,65115,AMOC,Alexandria Mineral Oils Company,0.007824696481287205
2009-11-23,2.53,2.62,2.53,2.59,241785,AMOC,Alexandria Mineral Oils Company,0.007824696481287205
2009-11-24,2.57,2.62,2.57,2.59,100965,AMOC,Alexandria Mineral Oils Company,0.007824696481287205
2009-11-25,2.56,2.59,2.53,2.54,265410,AMOC,Alexandria Mineral Oils Company,0.007824696481287205
2009-11-30,2.47,2.53,2.45,2.49,370365,AMOC,Alexandria Mineral Oils Company,0.007824696481287205
2009-12-01,2.52,2.53,2.45,2.51,182310,AMOC,Alexandria Mineral Oils Company,0.007824696481287205
2009-12-02,2.53,2.53,2.5,2.51,68670,AMOC,Alexandria Mineral Oils Company,0.007824696481287205
2009-12-03,2.53,2.55,2.52,2.53,100080,AMOC,Alexandria Mineral Oils Company,0.007824696481287205
2009-12-06,2.53,2.6,2.52,2.57,92760,AMOC,Alexandria Mineral Oils Company,0.007824696481287205
2009-12-07,2.52,2.57,2.52,2.53,89325,AMOC,Alexandria Mineral Oils Company,0.007824696481287205
2009-12-08,2.52,2.53,2.51,2.52,113130,AMOC,Alexandria Mineral Oils Company,0.007824696481287205
2009-12-09,2.51,2.51,2.47,2.49,292485,AMOC,Alexandria Mineral Oils Company,0.007824696481287205
2009-12-10,2.47,2.51,2.47,2.47,294510,AMOC,Alexandria Mineral Oils Company,0.007824696481287205
2009-12-13,2.51,2.52,2.49,2.5,69225,AMOC,Alexandria Mineral Oils Company,0.007824696481287205
2009-12-14,2.52,2.56,2.5,2.54,349560,AMOC,Alexandria Mineral Oils Company,0.007824696481287205
2009-12-15,2.51,2.56,2.51,2.55,170985,AMOC,Alexandria Mineral Oils Company,0.007824696481287205
2009-12-16,2.53,2.57,2.51,2.53,48615,AMOC,Alexandria Mineral Oils Company,0.007824696481287205
2009-12-17,2.53,2.54,2.52,2.53,128430,AMOC,Alexandria Mineral Oils Company,0.007824696481287205
2009-12-20,2.53,2.53,2.52,2.53,36045,AMOC,Alexandria Mineral Oils Company,0.007824696481287205
2009-12-21,2.53,2.54,2.51,2.53,87360,AMOC,Alexandria Mineral Oils Company,0.007824696481287205
2009-12-22,2.53,2.55,2.53,2.53,213810,AMOC,Alexandria Mineral Oils Company,0.007824696481287205
2009-12-23,2.53,2.53,2.51,2.52,57855,AMOC,Alexandria Mineral Oils Company,0.007824696481287205
2009-12-24,2.54,2.54,2.47,2.5,48300,AMOC,Alexandria Mineral Oils Company,0.007824696481287205
2009-12-27,2.51,2.53,2.49,2.51,72090,AMOC,Alexandria Mineral Oils Company,0.007824696481287205
2009-12-28,2.5,2.52,2.47,2.51,95760,AMOC,Alexandria Mineral Oils Company,0.007824696481287205
2009-12-29,2.52,2.53,2.49,2.51,523035,AMOC,Alexandria Mineral Oils Company,0.007824696481287205
2009-12-30,2.47,2.53,2.47,2.5,189540,AMOC,Alexandria Mineral Oils Company,0.007824696481287205
2009-12-31,2.5,2.53,2.49,2.51,62190,AMOC,Alexandria Mineral Oils Company,0.007824696481287205
2010-01-03,2.47,2.6,2.47,2.55,41430,AMOC,Alexandria Mineral Oils Company,0.007824696481287205
2010-01-04,2.58,2.61,2.53,2.58,155010,AMOC,Alexandria Mineral Oils Company,0.007824696481287205
2010-01-05,2.55,2.6,2.55,2.59,276420,AMOC,Alexandria Mineral Oils Company,0.007824696481287205
2010-01-06,2.6,2.63,2.58,2.6,59625,AMOC,Alexandria Mineral Oils Company,0.007824696481287205
2010-01-10,2.57,2.6,2.56,2.59,207960,AMOC,Alexandria Mineral Oils Company,0.007824696481287205
2010-01-11,2.6,2.65,2.59,2.6,199335,AMOC,Alexandria Mineral Oils Company,0.007824696481287205
2010-01-12,2.6,2.67,2.59,2.64,272445,AMOC,Alexandria Mineral Oils Company,0.007824696481287205
2010-01-13,2.67,2.69,2.62,2.64,204255,AMOC,Alexandria Mineral Oils Company,0.007824696481287205
2010-01-14,2.65,2.65,2.61,2.63,157530,AMOC,Alexandria Mineral Oils Company,0.007824696481287205
2010-01-17,2.61,2.67,2.57,2.61,457095,AMOC,Alexandria Mineral Oils Company,0.007824696481287205
2010-01-18,2.58,2.65,2.58,2.62,225405,AMOC,Alexandria Mineral Oils Company,0.007824696481287205
2010-01-19,2.62,2.66,2.6,2.61,313485,AMOC,Alexandria Mineral Oils Company,0.007824696481287205
2010-01-20,2.61,2.61,2.59,2.6,167970,AMOC,Alexandria Mineral Oils Company,0.007824696481287205
2010-01-21,2.6,2.61,2.59,2.61,192660,AMOC,Alexandria Mineral Oils Company,0.007824696481287205
2010-01-24,2.59,2.6,2.55,2.57,213945,AMOC,Alexandria Mineral Oils Company,0.007824696481287205
2010-01-26,2.55,2.59,2.53,2.56,81315,AMOC,Alexandria Mineral Oils Company,0.007824696481287205
2010-01-27,2.53,2.58,2.5,2.53,170415,AMOC,Alexandria Mineral Oils Company,0.007824696481287205
2010-01-28,2.54,2.59,2.54,2.57,62130,AMOC,Alexandria Mineral Oils Company,0.007824696481287205
2010-01-31,2.55,2.57,2.53,2.56,60945,AMOC,Alexandria Mineral Oils Company,0.007824696481287205
2010-02-01,2.54,2.58,2.54,2.57,53385,AMOC,Alexandria Mineral Oils Company,0.007824696481287205
2010-02-02,2.55,2.59,2.55,2.57,72510,AMOC,Alexandria Mineral Oils Company,0.007824696481287205
2010-02-03,2.55,2.62,2.55,2.59,189945,AMOC,Alexandria Mineral Oils Company,0.007824696481287205
2010-02-04,2.57,2.63,2.57,2.63,1885200,AMOC,Alexandria Mineral Oils Company,0.007824696481287205
2010-02-07,2.58,2.67,2.58,2.63,230850,AMOC,Alexandria Mineral Oils Company,0.007824696481287205
2010-02-08,2.72,2.8,2.65,2.73,698160,AMOC,Alexandria Mineral Oils Company,0.007824696481287205
2010-02-09,2.67,2.8,2.67,2.74,220215,AMOC,Alexandria Mineral Oils Company,0.007824696481287205
2010-02-10,2.78,2.78,2.68,2.71,198270,AMOC,Alexandria Mineral Oils Company,0.007824696481287205
2010-02-11,2.76,2.76,2.67,2.7,192375,AMOC,Alexandria Mineral Oils Company,0.007824696481287205
2010-02-14,2.73,2.75,2.67,2.69,144105,AMOC,Alexandria Mineral Oils Company,0.007824696481287205
2010-02-15,2.73,2.75,2.69,2.71,452505,AMOC,Alexandria Mineral Oils Company,0.007824696481287205
2010-02-16,2.71,2.75,2.71,2.73,520905,AMOC,Alexandria Mineral Oils Company,0.007824696481287205
2010-02-17,2.75,2.79,2.69,2.73,1119750,AMOC,Alexandria Mineral Oils Company,0.007824696481287205
2010-02-18,2.77,2.77,2.73,2.74,320535,AMOC,Alexandria Mineral Oils Company,0.007824696481287205
2010-02-21,2.77,2.79,2.73,2.75,576270,AMOC,Alexandria Mineral Oils Company,0.007824696481287205
2010-02-22,2.74,2.76,2.69,2.74,174105,AMOC,Alexandria Mineral Oils Company,0.007824696481287205
2010-02-23,2.77,2.77,2.7,2.71,221415,AMOC,Alexandria Mineral Oils Company,0.007824696481287205
2010-02-24,2.69,2.74,2.67,2.7,402825,AMOC,Alexandria Mineral Oils Company,0.007824696481287205
2010-02-25,2.74,2.79,2.69,2.73,559230,AMOC,Alexandria Mineral Oils Company,0.007824696481287205
2010-02-28,2.74,2.77,2.73,2.73,343155,AMOC,Alexandria Mineral Oils Company,0.007824696481287205
2010-03-01,2.75,2.76,2.73,2.74,179370,AMOC,Alexandria Mineral Oils Company,0.007824696481287205
2010-03-02,2.73,2.79,2.73,2.77,252060,AMOC,Alexandria Mineral Oils Company,0.007824696481287205
2010-03-03,2.77,2.8,2.76,2.79,384750,AMOC,Alexandria Mineral Oils Company,0.007824696481287205
2010-03-04,2.76,2.83,2.75,2.81,211875,AMOC,Alexandria Mineral Oils Company,0.007824696481287205
2010-03-07,2.71,2.77,2.71,2.74,55290,AMOC,Alexandria Mineral Oils Company,0.007824696481287205
2010-03-08,2.77,2.78,2.74,2.77,337530,AMOC,Alexandria Mineral Oils Company,0.007824696481287205
2010-03-09,2.74,2.79,2.74,2.75,195420,AMOC,Alexandria Mineral Oils Company,0.007824696481287205
2010-03-10,2.73,2.81,2.73,2.79,493905,AMOC,Alexandria Mineral Oils Company,0.007824696481287205
2010-03-11,2.8,2.81,2.77,2.79,49755,AMOC,Alexandria Mineral Oils Company,0.007824696481287205
2010-03-14,2.77,2.77,2.73,2.74,324555,AMOC,Alexandria Mineral Oils Company,0.007824696481287205
2010-03-15,2.73,2.74,2.63,2.67,593760,AMOC,Alexandria Mineral Oils Company,0.007824696481287205
2010-03-16,2.67,2.77,2.63,2.73,313365,AMOC,Alexandria Mineral Oils Company,0.007824696481287205
2010-03-17,2.77,2.8,2.71,2.77,280365,AMOC,Alexandria Mineral Oils Company,0.007824696481287205
2010-03-18,2.79,2.83,2.73,2.8,776490,AMOC,Alexandria Mineral Oils Company,0.007824696481287205
2010-03-21,2.83,2.83,2.78,2.8,133155,AMOC,Alexandria Mineral Oils Company,0.007824696481287205
2010-03-22,2.78,2.8,2.74,2.77,111000,AMOC,Alexandria Mineral Oils Company,0.007824696481287205
2010-03-23,2.8,2.86,2.75,2.83,373860,AMOC,Alexandria Mineral Oils Company,0.007824696481287205
2010-03-24,2.87,2.89,2.83,2.87,653760,AMOC,Alexandria Mineral Oils Company,0.007824696481287205
2010-03-25,2.81,2.87,2.81,2.85,487695,AMOC,Alexandria Mineral Oils Company,0.007824696481287205
2010-03-28,2.86,2.86,2.84,2.85,59985,AMOC,Alexandria Mineral Oils Company,0.007824696481287205
2010-03-29,2.83,2.87,2.83,2.85,108375,AMOC,Alexandria Mineral Oils Company,0.007824696481287205
2010-03-30,2.83,2.84,2.81,2.83,39960,AMOC,Alexandria Mineral Oils Company,0.007824696481287205
2010-03-31,2.82,2.85,2.82,2.83,136680,AMOC,Alexandria Mineral Oils Company,0.007824696481287205
2010-04-01,2.85,2.9,2.85,2.89,236535,AMOC,Alexandria Mineral Oils Company,0.007824696481287205
2010-04-06,2.91,2.93,2.89,2.91,146355,AMOC,Alexandria Mineral Oils Company,0.007824696481287205
2010-04-07,2.93,2.95,2.93,2.93,394680,AMOC,Alexandria Mineral Oils Company,0.007824696481287205
2010-04-08,2.95,2.97,2.9,2.94,386325,AMOC,Alexandria Mineral Oils Company,0.007824696481287205
2010-04-11,2.97,3.04,2.93,3.0,845145,AMOC,Alexandria Mineral Oils Company,0.007824696481287205
2010-04-12,2.98,3.07,2.98,3.02,732210,AMOC,Alexandria Mineral Oils Company,0.007824696481287205
2010-04-13,3.02,3.07,3.0,3.04,283470,AMOC,Alexandria Mineral Oils Company,0.007824696481287205
2010-04-14,3.05,3.07,3.01,3.05,559785,AMOC,Alexandria Mineral Oils Company,0.007824696481287205
2010-04-15,3.03,3.07,2.96,2.99,663120,AMOC,Alexandria Mineral Oils Company,0.007824696481287205
2010-04-18,3.0,3.03,2.97,3.0,74550,AMOC,Alexandria Mineral Oils Company,0.007824696481287205
2010-04-19,2.97,3.01,2.97,2.99,246375,AMOC,Alexandria Mineral Oils Company,0.007824696481287205
2010-04-20,2.98,3.0,2.96,2.97,906195,AMOC,Alexandria Mineral Oils Company,0.007824696481287205
2010-04-21,3.0,3.0,2.95,2.97,131115,AMOC,Alexandria Mineral Oils Company,0.007824696481287205
2010-04-22,2.95,3.0,2.95,2.96,457350,AMOC,Alexandria Mineral Oils Company,0.007824696481287205
2010-04-26,3.02,3.02,2.94,2.97,192825,AMOC,Alexandria Mineral Oils Company,0.007824696481287205
2010-04-27,2.95,3.0,2.95,3.0,102615,AMOC,Alexandria Mineral Oils Company,0.007824696481287205
2010-04-28,2.98,3.0,2.97,2.99,102540,AMOC,Alexandria Mineral Oils Company,0.007824696481287205
2010-04-29,2.97,3.0,2.97,2.97,50190,AMOC,Alexandria Mineral Oils Company,0.007824696481287205
2010-05-02,2.97,3.01,2.97,2.99,93465,AMOC,Alexandria Mineral Oils Company,0.007824696481287205
2010-05-03,2.97,3.02,2.97,3.01,44220,AMOC,Alexandria Mineral Oils Company,0.007824696481287205
2010-05-04,3.02,3.03,2.99,3.01,241710,AMOC,Alexandria Mineral Oils Company,0.007824696481287205
2010-05-05,2.98,2.99,2.97,2.98,227850,AMOC,Alexandria Mineral Oils Company,0.007824696481287205
2010-05-06,3.0,3.03,2.99,3.01,548820,AMOC,Alexandria Mineral Oils Company,0.007824696481287205
2010-05-09,2.99,2.99,2.9,2.94,352830,AMOC,Alexandria Mineral Oils Company,0.007824696481287205
2010-05-10,2.97,3.02,2.97,3.0,586740,AMOC,Alexandria Mineral Oils Company,0.007824696481287205
2010-05-11,3.0,3.01,2.99,3.0,369045,AMOC,Alexandria Mineral Oils Company,0.007824696481287205
2010-05-12,3.0,3.03,3.0,3.01,286440,AMOC,Alexandria Mineral Oils Company,0.007824696481287205
2010-05-13,3.01,3.02,3.0,3.01,341760,AMOC,Alexandria Mineral Oils Company,0.007824696481287205
2010-05-16,2.97,3.0,2.9,2.97,175515,AMOC,Alexandria Mineral Oils Company,0.007824696481287205
2010-05-17,2.95,2.95,2.89,2.9,132105,AMOC,Alexandria Mineral Oils Company,0.007824696481287205
2010-05-18,2.95,2.97,2.92,2.94,75465,AMOC,Alexandria Mineral Oils Company,0.007824696481287205
2010-05-19,2.93,2.93,2.83,2.87,94425,AMOC,Alexandria Mineral Oils Company,0.007824696481287205
2010-05-20,2.87,2.89,2.85,2.87,137715,AMOC,Alexandria Mineral Oils Company,0.007824696481287205
2010-05-23,2.87,2.87,2.75,2.81,146730,AMOC,Alexandria Mineral Oils Company,0.007824696481287205
2010-05-24,2.77,2.82,2.64,2.7,201060,AMOC,Alexandria Mineral Oils Company,0.007824696481287205
2010-05-25,2.67,2.67,2.6,2.63,616290,AMOC,Alexandria Mineral Oils Company,0.007824696481287205
2010-05-26,2.6,2.77,2.6,2.66,169155,AMOC,Alexandria Mineral Oils Company,0.007824696481287205
2010-05-27,2.67,2.8,2.67,2.75,176865,AMOC,Alexandria Mineral Oils Company,0.007824696481287205
2010-05-30,2.8,2.8,2.73,2.75,149535,AMOC,Alexandria Mineral Oils Company,0.007824696481287205
2010-05-31,2.77,2.77,2.71,2.73,195435,AMOC,Alexandria Mineral Oils Company,0.007824696481287205
2010-06-01,2.71,2.72,2.7,2.71,15615,AMOC,Alexandria Mineral Oils Company,0.007824696481287205
2010-06-02,2.67,2.79,2.67,2.71,54705,AMOC,Alexandria Mineral Oils Company,0.007824696481287205
2010-06-03,2.79,2.79,2.71,2.74,41100,AMOC,Alexandria Mineral Oils Company,0.007824696481287205
2010-06-06,2.67,2.72,2.67,2.71,40185,AMOC,Alexandria Mineral Oils Company,0.007824696481287205
2010-06-07,2.7,2.75,2.69,2.72,56220,AMOC,Alexandria Mineral Oils Company,0.007824696481287205
2010-06-08,2.75,2.75,2.7,2.73,78750,AMOC,Alexandria Mineral Oils Company,0.007824696481287205
2010-06-09,2.72,2.75,2.71,2.72,33450,AMOC,Alexandria Mineral Oils Company,0.007824696481287205
2010-06-10,2.71,2.77,2.71,2.77,74595,AMOC,Alexandria Mineral Oils Company,0.007824696481287205
2010-06-13,2.77,2.8,2.75,2.77,480180,AMOC,Alexandria Mineral Oils Company,0.007824696481287205
2010-06-14,2.73,2.77,2.7,2.72,728655,AMOC,Alexandria Mineral Oils Company,0.007824696481287205
2010-06-15,2.71,2.71,2.65,2.69,369390,AMOC,Alexandria Mineral Oils Company,0.007824696481287205
2010-06-16,2.71,2.71,2.67,2.69,120585,AMOC,Alexandria Mineral Oils Company,0.007824696481287205
2010-06-17,2.68,2.68,2.54,2.61,4045365,AMOC,Alexandria Mineral Oils Company,0.007824696481287205
2010-06-20,2.67,2.7,2.63,2.67,88320,AMOC,Alexandria Mineral Oils Company,0.007824696481287205
2010-06-21,2.64,2.64,2.59,2.61,598680,AMOC,Alexandria Mineral Oils Company,0.007824696481287205
2010-06-22,2.59,2.63,2.58,2.6,364575,AMOC,Alexandria Mineral Oils Company,0.007824696481287205
2010-06-23,2.6,2.62,2.6,2.61,143910,AMOC,Alexandria Mineral Oils Company,0.007824696481287205
2010-06-24,2.61,2.65,2.61,2.64,238140,AMOC,Alexandria Mineral Oils Company,0.007824696481287205
2010-06-27,2.63,2.65,2.63,2.64,80460,AMOC,Alexandria Mineral Oils Company,0.007824696481287205
2010-06-28,2.65,2.77,2.63,2.77,196869195,AMOC,Alexandria Mineral Oils Company,0.007824696481287205
2010-06-29,2.64,2.64,2.6,2.61,512715,AMOC,Alexandria Mineral Oils Company,0.007824696481287205
2010-06-30,2.63,2.66,2.59,2.63,990975,AMOC,Alexandria Mineral Oils Company,0.007824696481287205
2010-07-04,2.6,2.62,2.59,2.6,299310,AMOC,Alexandria Mineral Oils Company,0.007824696481287205
2010-07-05,2.59,2.61,2.59,2.59,297495,AMOC,Alexandria Mineral Oils Company,0.007824696481287205
2010-07-06,2.63,2.63,2.6,2.61,84630,AMOC,Alexandria Mineral Oils Company,0.007824696481287205
2010-07-07,2.6,2.61,2.59,2.6,828045,AMOC,Alexandria Mineral Oils Company,0.007824696481287205
2010-07-08,2.6,2.68,2.6,2.61,1293375,AMOC,Alexandria Mineral Oils Company,0.007824696481287205
2010-07-11,2.63,2.7,2.63,2.67,134925,AMOC,Alexandria Mineral Oils Company,0.007824696481287205
2010-07-12,2.67,2.73,2.65,2.67,243555,AMOC,Alexandria Mineral Oils Company,0.007824696481287205
2010-07-13,2.65,2.7,2.65,2.68,43995,AMOC,Alexandria Mineral Oils Company,0.007824696481287205
2010-07-14,2.71,2.73,2.67,2.69,262290,AMOC,Alexandria Mineral Oils Company,0.007824696481287205
2010-07-15,2.66,2.72,2.66,2.7,430545,AMOC,Alexandria Mineral Oils Company,0.007824696481287205
2010-07-18,2.67,2.71,2.67,2.69,77190,AMOC,Alexandria Mineral Oils Company,0.007824696481287205
2010-07-19,2.68,2.7,2.67,2.67,275100,AMOC,Alexandria Mineral Oils Company,0.007824696481287205
2010-07-20,2.65,2.67,2.64,2.65,94620,AMOC,Alexandria Mineral Oils Company,0.007824696481287205
2010-07-21,2.67,2.69,2.65,2.67,112590,AMOC,Alexandria Mineral Oils Company,0.007824696481287205
2010-07-22,2.67,2.71,2.67,2.7,197760,AMOC,Alexandria Mineral Oils Company,0.007824696481287205
2010-07-25,2.71,2.71,2.69,2.7,105555,AMOC,Alexandria Mineral Oils Company,0.007824696481287205
2010-07-26,2.69,2.71,2.67,2.69,134460,AMOC,Alexandria Mineral Oils Company,0.007824696481287205
2010-07-27,2.71,2.73,2.7,2.71,333555,AMOC,Alexandria Mineral Oils Company,0.007824696481287205
2010-07-28,2.72,2.73,2.67,2.7,334725,AMOC,Alexandria Mineral Oils Company,0.007824696481287205
2010-07-29,2.71,2.79,2.71,2.75,564735,AMOC,Alexandria Mineral Oils Company,0.007824696481287205
2010-08-01,2.79,2.81,2.77,2.81,290370,AMOC,Alexandria Mineral Oils Company,0.007824696481287205
2010-08-02,2.81,2.83,2.79,2.81,157770,AMOC,Alexandria Mineral Oils Company,0.007824696481287205
2010-08-03,2.82,2.87,2.81,2.83,584565,AMOC,Alexandria Mineral Oils Company,0.007824696481287205
2010-08-04,2.87,2.9,2.87,2.89,309525,AMOC,Alexandria Mineral Oils Company,0.007824696481287205
2010-08-05,2.9,2.96,2.9,2.92,468585,AMOC,Alexandria Mineral Oils Company,0.007824696481287205
2010-08-08,2.97,2.97,2.93,2.95,191760,AMOC,Alexandria Mineral Oils Company,0.007824696481287205
2010-08-09,2.96,3.02,2.96,2.99,735600,AMOC,Alexandria Mineral Oils Company,0.007824696481287205
2010-08-10,3.02,3.03,2.99,3.01,315765,AMOC,Alexandria Mineral Oils Company,0.007824696481287205
2010-08-11,3.01,3.01,2.95,2.97,213360,AMOC,Alexandria Mineral Oils Company,0.007824696481287205
2010-08-12,2.96,2.97,2.93,2.95,179925,AMOC,Alexandria Mineral Oils Company,0.007824696481287205
2010-08-15,2.94,2.97,2.94,2.96,101400,AMOC,Alexandria Mineral Oils Company,0.007824696481287205
2010-08-16,2.97,2.98,2.95,2.96,87345,AMOC,Alexandria Mineral Oils Company,0.007824696481287205
2010-08-17,2.95,2.97,2.92,2.96,206145,AMOC,Alexandria Mineral Oils Company,0.007824696481287205
2010-08-18,2.97,2.99,2.93,2.95,424575,AMOC,Alexandria Mineral Oils Company,0.007824696481287205
2010-08-19,2.93,2.98,2.93,2.94,465720,AMOC,Alexandria Mineral Oils Company,0.007824696481287205
2010-08-22,2.94,2.98,2.94,2.96,138405,AMOC,Alexandria Mineral Oils Company,0.007824696481287205
2010-08-23,3.0,3.2,3.0,3.12,2175255,AMOC,Alexandria Mineral Oils Company,0.007824696481287205
2010-08-24,3.2,3.2,3.15,3.17,437910,AMOC,Alexandria Mineral Oils Company,0.007824696481287205
2010-08-25,3.17,3.18,3.13,3.15,522150,AMOC,Alexandria Mineral Oils Company,0.007824696481287205
2010-08-26,3.17,3.17,3.13,3.15,349815,AMOC,Alexandria Mineral Oils Company,0.007824696481287205
2010-08-29,3.16,3.17,3.13,3.15,468075,AMOC,Alexandria Mineral Oils Company,0.007824696481287205
2010-08-30,3.14,3.14,3.13,3.13,383625,AMOC,Alexandria Mineral Oils Company,0.007824696481287205
2010-08-31,3.13,3.13,3.11,3.12,802845,AMOC,Alexandria Mineral Oils Company,0.007824696481287205
2010-09-01,3.13,3.15,3.13,3.13,147735,AMOC,Alexandria Mineral Oils Company,0.007824696481287205
2010-09-02,3.13,3.17,3.13,3.14,456420,AMOC,Alexandria Mineral Oils Company,0.007824696481287205
2010-09-05,3.12,3.17,3.12,3.14,135900,AMOC,Alexandria Mineral Oils Company,0.007824696481287205
2010-09-06,3.13,3.15,3.13,3.13,346500,AMOC,Alexandria Mineral Oils Company,0.007824696481287205
2010-09-07,3.13,3.13,3.11,3.12,405525,AMOC,Alexandria Mineral Oils Company,0.007824696481287205
2010-09-08,3.13,3.13,3.11,3.13,624300,AMOC,Alexandria Mineral Oils Company,0.007824696481287205
2010-09-13,3.17,3.17,3.13,3.14,543945,AMOC,Alexandria Mineral Oils Company,0.007824696481287205
2010-09-14,3.14,3.16,3.13,3.13,660885,AMOC,Alexandria Mineral Oils Company,0.007824696481287205
2010-09-15,3.13,3.13,3.11,3.12,464550,AMOC,Alexandria Mineral Oils Company,0.007824696481287205
2010-09-16,3.11,3.13,3.1,3.12,1873725,AMOC,Alexandria Mineral Oils Company,0.007824696481287205
2010-09-19,2.73,2.73,2.68,2.71,743985,AMOC,Alexandria Mineral Oils Company,0.007824696481287205
2010-09-20,2.71,2.73,2.69,2.69,535635,AMOC,Alexandria Mineral Oils Company,0.007824696481287205
2010-09-21,2.69,2.72,2.69,2.71,564060,AMOC,Alexandria Mineral Oils Company,0.007824696481287205
2010-09-22,2.69,2.75,2.69,2.73,1013550,AMOC,Alexandria Mineral Oils Company,0.007824696481287205
2010-09-23,2.76,2.76,2.7,2.71,124080,AMOC,Alexandria Mineral Oils Company,0.007824696481287205
2010-09-26,2.77,2.77,2.71,2.72,316110,AMOC,Alexandria Mineral Oils Company,0.007824696481287205
2010-09-27,2.71,2.73,2.71,2.72,122070,AMOC,Alexandria Mineral Oils Company,0.007824696481287205
2010-09-28,2.71,2.72,2.7,2.71,151515,AMOC,Alexandria Mineral Oils Company,0.007824696481287205
2010-09-29,2.72,2.73,2.7,2.71,247965,AMOC,Alexandria Mineral Oils Company,0.007824696481287205
2010-09-30,2.7,2.73,2.69,2.72,299805,AMOC,Alexandria Mineral Oils Company,0.007824696481287205
2010-10-03,2.69,2.73,2.69,2.72,209745,AMOC,Alexandria Mineral Oils Company,0.007824696481287205
2010-10-04,2.71,2.73,2.71,2.71,209520,AMOC,Alexandria Mineral Oils Company,0.007824696481287205
2010-10-05,2.71,2.73,2.69,2.71,488040,AMOC,Alexandria Mineral Oils Company,0.007824696481287205
2010-10-07,2.71,2.73,2.67,2.69,904845,AMOC,Alexandria Mineral Oils Company,0.007824696481287205
2010-10-10,2.68,2.7,2.68,2.68,55800,AMOC,Alexandria Mineral Oils Company,0.007824696481287205
2010-10-11,2.7,2.7,2.69,2.69,289005,AMOC,Alexandria Mineral Oils Company,0.007824696481287205
2010-10-12,2.69,2.71,2.68,2.7,1081440,AMOC,Alexandria Mineral Oils Company,0.007824696481287205
2010-10-13,2.7,2.75,2.7,2.73,824730,AMOC,Alexandria Mineral Oils Company,0.007824696481287205
2010-10-14,2.75,2.76,2.73,2.74,330675,AMOC,Alexandria Mineral Oils Company,0.007824696481287205
2010-10-17,22.65,23.19,22.65,23.18,16267,AMOC,Alexandria Mineral Oils Company,0.007824696481287205
2010-10-18,2.75,2.76,2.75,2.75,520005,AMOC,Alexandria Mineral Oils Company,0.007824696481287205
2010-10-19,2.75,2.78,2.75,2.76,383235,AMOC,Alexandria Mineral Oils Company,0.007824696481287205
2010-10-20,2.76,2.77,2.75,2.76,276960,AMOC,Alexandria Mineral Oils Company,0.007824696481287205
2010-10-21,2.78,2.79,2.76,2.78,149310,AMOC,Alexandria Mineral Oils Company,0.007824696481287205
2010-10-24,2.79,2.86,2.79,2.83,719805,AMOC,Alexandria Mineral Oils Company,0.007824696481287205
2010-10-25,2.86,2.92,2.86,2.91,700830,AMOC,Alexandria Mineral Oils Company,0.007824696481287205
2010-10-26,2.91,2.91,2.88,2.89,411525,AMOC,Alexandria Mineral Oils Company,0.007824696481287205
2010-10-27,2.89,2.91,2.84,2.88,186060,AMOC,Alexandria Mineral Oils Company,0.007824696481287205
2010-10-28,2.87,2.9,2.85,2.87,204405,AMOC,Alexandria Mineral Oils Company,0.007824696481287205
2010-10-31,2.9,2.91,2.87,2.88,222885,AMOC,Alexandria Mineral Oils Company,0.007824696481287205
2010-11-01,2.89,2.9,2.86,2.87,440355,AMOC,Alexandria Mineral Oils Company,0.007824696481287205
2010-11-02,2.87,2.91,2.87,2.9,362730,AMOC,Alexandria Mineral Oils Company,0.007824696481287205
2010-11-03,2.91,2.95,2.91,2.94,681405,AMOC,Alexandria Mineral Oils Company,0.007824696481287205
2010-11-04,2.95,3.0,2.93,2.96,294255,AMOC,Alexandria Mineral Oils Company,0.007824696481287205
2010-11-07,2.97,2.99,2.97,2.98,254835,AMOC,Alexandria Mineral Oils Company,0.007824696481287205
2010-11-08,2.95,3.02,2.95,2.99,232305,AMOC,Alexandria Mineral Oils Company,0.007824696481287205
2010-11-09,2.99,3.01,2.95,2.97,614025,AMOC,Alexandria Mineral Oils Company,0.007824696481287205
2010-11-10,2.97,2.97,2.95,2.96,412260,AMOC,Alexandria Mineral Oils Company,0.007824696481287205
2010-11-11,2.97,2.97,2.93,2.95,515835,AMOC,Alexandria Mineral Oils Company,0.007824696481287205
2010-11-14,2.97,2.98,2.95,2.96,408705,AMOC,Alexandria Mineral Oils Company,0.007824696481287205
2010-11-18,2.97,2.97,2.96,2.97,59685,AMOC,Alexandria Mineral Oils Company,0.007824696481287205
2010-11-21,2.96,3.03,2.96,3.0,614295,AMOC,Alexandria Mineral Oils Company,0.007824696481287205
2010-11-22,3.01,3.04,3.0,3.03,865920,AMOC,Alexandria Mineral Oils Company,0.007824696481287205
2010-11-23,3.01,3.03,3.01,3.03,264360,AMOC,Alexandria Mineral Oils Company,0.007824696481287205
2010-11-24,3.03,3.1,3.03,3.08,799845,AMOC,Alexandria Mineral Oils Company,0.007824696481287205
2010-11-25,3.03,3.17,3.03,3.15,815295,AMOC,Alexandria Mineral Oils Company,0.007824696481287205
2010-11-28,3.13,3.13,3.1,3.11,80490,AMOC,Alexandria Mineral Oils Company,0.007824696481287205
2010-11-29,3.11,3.11,3.11,3.11,167835,AMOC,Alexandria Mineral Oils Company,0.007824696481287205
2010-11-30,3.13,3.13,3.11,3.12,276120,AMOC,Alexandria Mineral Oils Company,0.007824696481287205
2010-12-01,3.09,3.13,3.09,3.13,220845,AMOC,Alexandria Mineral Oils Company,0.007824696481287205
2010-12-02,3.13,3.14,3.12,3.13,147765,AMOC,Alexandria Mineral Oils Company,0.007824696481287205
2010-12-05,3.11,3.15,3.11,3.13,125055,AMOC,Alexandria Mineral Oils Company,0.007824696481287205
2010-12-06,3.13,3.2,3.13,3.15,507750,AMOC,Alexandria Mineral Oils Company,0.007824696481287205
2010-12-08,3.18,3.21,3.15,3.19,475155,AMOC,Alexandria Mineral Oils Company,0.007824696481287205
2010-12-09,3.19,3.2,3.15,3.19,405585,AMOC,Alexandria Mineral Oils Company,0.007824696481287205
2010-12-12,3.2,3.23,3.17,3.2,402885,AMOC,Alexandria Mineral Oils Company,0.007824696481287205
2010-12-13,3.2,3.2,3.18,3.2,228210,AMOC,Alexandria Mineral Oils Company,0.007824696481287205
2010-12-14,3.19,3.21,3.17,3.2,335175,AMOC,Alexandria Mineral Oils Company,0.007824696481287205
2010-12-15,3.17,3.17,3.05,3.09,1345650,AMOC,Alexandria Mineral Oils Company,0.007824696481287205
2010-12-16,3.07,3.07,3.0,3.01,2230335,AMOC,Alexandria Mineral Oils Company,0.007824696481287205
2010-12-19,3.0,3.0,2.87,2.93,3460440,AMOC,Alexandria Mineral Oils Company,0.007824696481287205
2010-12-20,2.91,2.99,2.88,2.95,483720,AMOC,Alexandria Mineral Oils Company,0.007824696481287205
2010-12-21,2.93,3.0,2.93,2.98,1178820,AMOC,Alexandria Mineral Oils Company,0.007824696481287205
2010-12-22,3.0,3.0,2.92,2.95,1225605,AMOC,Alexandria Mineral Oils Company,0.007824696481287205
2010-12-23,3.0,3.0,2.92,2.95,1338075,AMOC,Alexandria Mineral Oils Company,0.007824696481287205
2010-12-26,2.94,2.94,2.92,2.93,403380,AMOC,Alexandria Mineral Oils Company,0.007824696481287205
2010-12-27,2.92,2.93,2.92,2.93,1464195,AMOC,Alexandria Mineral Oils Company,0.007824696481287205
2010-12-28,2.93,2.99,2.93,2.93,1138545,AMOC,Alexandria Mineral Oils Company,0.007824696481287205
2010-12-29,2.93,2.97,2.92,2.93,487965,AMOC,Alexandria Mineral Oils Company,0.007824696481287205
2010-12-30,2.93,2.94,2.92,2.93,1600065,AMOC,Alexandria Mineral Oils Company,0.007824696481287205
2011-01-02,2.94,3.0,2.94,3.0,249600,AMOC,Alexandria Mineral Oils Company,0.007824696481287205
2011-01-03,3.01,3.02,2.98,3.01,235830,AMOC,Alexandria Mineral Oils Company,0.007824696481287205
2011-01-04,3.0,3.1,3.0,3.06,614100,AMOC,Alexandria Mineral Oils Company,0.007824696481287205
2011-01-05,3.07,3.13,3.03,3.1,556920,AMOC,Alexandria Mineral Oils Company,0.007824696481287205
2011-01-06,3.07,3.17,3.05,3.14,714435,AMOC,Alexandria Mineral Oils Company,0.007824696481287205
2011-01-10,3.17,3.19,3.13,3.17,438375,AMOC,Alexandria Mineral Oils Company,0.007824696481287205
2011-01-11,3.17,3.19,3.13,3.15,803055,AMOC,Alexandria Mineral Oils Company,0.007824696481287205
2011-01-12,3.14,3.31,3.14,3.25,1822710,AMOC,Alexandria Mineral Oils Company,0.007824696481287205
2011-01-13,3.27,3.47,3.27,3.39,3575610,AMOC,Alexandria Mineral Oils Company,0.007824696481287205
2011-01-16,3.43,3.47,3.33,3.39,1619415,AMOC,Alexandria Mineral Oils Company,0.007824696481287205
2011-01-17,3.39,3.47,3.31,3.37,1977345,AMOC,Alexandria Mineral Oils Company,0.007824696481287205
2011-01-18,3.33,3.37,3.25,3.3,2013780,AMOC,Alexandria Mineral Oils Company,0.007824696481287205
2011-01-19,3.3,3.45,3.27,3.38,2074815,AMOC,Alexandria Mineral Oils Company,0.007824696481287205
2011-01-20,3.39,3.68,3.39,3.61,4578825,AMOC,Alexandria Mineral Oils Company,0.007824696481287205
2011-01-23,3.67,3.9,3.67,3.8,4463175,AMOC,Alexandria Mineral Oils Company,0.007824696481287205
2011-01-24,3.8,3.88,3.78,3.86,3399840,AMOC,Alexandria Mineral Oils Company,0.007824696481287205
2011-01-26,3.67,3.67,3.4,3.55,3163875,AMOC,Alexandria Mineral Oils Company,0.007824696481287205
2011-01-27,3.44,3.53,3.03,3.27,3300735,AMOC,Alexandria Mineral Oils Company,0.007824696481287205
2011-03-23,2.95,3.21,2.95,2.96,2121735,AMOC,Alexandria Mineral Oils Company,0.007824696481287205
2011-03-24,3.07,3.26,3.07,3.19,1797810,AMOC,Alexandria Mineral Oils Company,0.007824696481287205
2011-03-27,3.33,3.49,3.29,3.38,1677390,AMOC,Alexandria Mineral Oils Company,0.007824696481287205
2011-03-28,3.46,3.46,3.33,3.39,1648170,AMOC,Alexandria Mineral Oils Company,0.007824696481287205
2011-03-29,3.4,3.5,3.33,3.41,1037895,AMOC,Alexandria Mineral Oils Company,0.007824696481287205
2011-03-30,3.47,3.6,3.4,3.53,2709855,AMOC,Alexandria Mineral Oils Company,0.007824696481287205
2011-03-31,3.57,3.72,3.54,3.66,2173380,AMOC,Alexandria Mineral Oils Company,0.007824696481287205
2011-04-03,3.72,3.74,3.6,3.71,399510,AMOC,Alexandria Mineral Oils Company,0.007824696481287205
2011-04-04,3.7,3.73,3.64,3.68,381435,AMOC,Alexandria Mineral Oils Company,0.007824696481287205
2011-04-05,3.7,3.93,3.69,3.86,3070755,AMOC,Alexandria Mineral Oils Company,0.007824696481287205
2011-04-06,4.0,4.0,3.8,3.85,937620,AMOC,Alexandria Mineral Oils Company,0.007824696481287205
2011-04-07,3.77,3.8,3.71,3.73,429780,AMOC,Alexandria Mineral Oils Company,0.007824696481287205
2011-04-10,3.67,3.75,3.67,3.71,292830,AMOC,Alexandria Mineral Oils Company,0.007824696481287205
2011-04-11,3.68,3.73,3.62,3.67,1066395,AMOC,Alexandria Mineral Oils Company,0.007824696481287205
2011-04-12,3.67,3.73,3.64,3.67,236010,AMOC,Alexandria Mineral Oils Company,0.007824696481287205
2011-04-13,3.71,3.83,3.71,3.8,660465,AMOC,Alexandria Mineral Oils Company,0.007824696481287205
2011-04-14,3.83,3.83,3.76,3.81,495045,AMOC,Alexandria Mineral Oils Company,0.007824696481287205
2011-04-17,3.71,3.83,3.69,3.74,296910,AMOC,Alexandria Mineral Oils Company,0.007824696481287205
2011-04-18,3.67,3.73,3.6,3.67,424680,AMOC,Alexandria Mineral Oils Company,0.007824696481287205
2011-04-19,3.75,3.8,3.71,3.74,641490,AMOC,Alexandria Mineral Oils Company,0.007824696481287205
2011-04-20,3.69,3.74,3.67,3.71,443340,AMOC,Alexandria Mineral Oils Company,0.007824696481287205
2011-04-21,3.7,3.8,3.7,3.75,67050,AMOC,Alexandria Mineral Oils Company,0.007824696481287205
2011-04-26,3.79,3.83,3.75,3.79,177750,AMOC,Alexandria Mineral Oils Company,0.007824696481287205
2011-04-27,3.76,3.82,3.74,3.79,166155,AMOC,Alexandria Mineral Oils Company,0.007824696481287205
2011-04-28,3.83,3.87,3.78,3.84,308475,AMOC,Alexandria Mineral Oils Company,0.007824696481287205
2011-05-02,3.85,4.0,3.85,3.95,822075,AMOC,Alexandria Mineral Oils Company,0.007824696481287205
2011-05-03,4.13,4.3,3.93,4.2,3657960,AMOC,Alexandria Mineral Oils Company,0.007824696481287205
2011-05-04,4.61,4.61,4.24,4.3,1037130,AMOC,Alexandria Mineral Oils Company,0.007824696481287205
2011-05-05,4.73,4.73,4.27,4.33,868875,AMOC,Alexandria Mineral Oils Company,0.007824696481287205
2011-05-08,4.27,4.3,4.13,4.21,912150,AMOC,Alexandria Mineral Oils Company,0.007824696481287205
2011-05-09,4.27,4.41,4.2,4.37,584475,AMOC,Alexandria Mineral Oils Company,0.007824696481287205
2011-05-10,4.81,4.81,4.37,4.42,647355,AMOC,Alexandria Mineral Oils Company,0.007824696481287205
2011-05-11,4.42,4.43,4.4,4.43,161880,AMOC,Alexandria Mineral Oils Company,0.007824696481287205
2011-05-12,4.43,4.43,4.37,4.42,588315,AMOC,Alexandria Mineral Oils Company,0.007824696481287205
2011-05-15,4.4,4.43,4.34,4.39,269415,AMOC,Alexandria Mineral Oils Company,0.007824696481287205
2011-05-16,4.37,4.43,4.32,4.35,428925,AMOC,Alexandria Mineral Oils Company,0.007824696481287205
2011-05-17,4.38,4.43,4.37,4.41,207915,AMOC,Alexandria Mineral Oils Company,0.007824696481287205
2011-05-18,4.38,4.41,4.36,4.39,143760,AMOC,Alexandria Mineral Oils Company,0.007824696481287205
2011-05-19,4.38,4.38,4.35,4.36,176730,AMOC,Alexandria Mineral Oils Company,0.007824696481287205
2011-05-22,4.4,4.4,4.36,4.39,459840,AMOC,Alexandria Mineral Oils Company,0.007824696481287205
2011-05-23,4.36,4.4,4.34,4.36,260730,AMOC,Alexandria Mineral Oils Company,0.007824696481287205
2011-05-24,4.35,4.37,4.34,4.35,56205,AMOC,Alexandria Mineral Oils Company,0.007824696481287205
2011-05-25,4.35,4.38,4.33,4.35,152940,AMOC,Alexandria Mineral Oils Company,0.007824696481287205
2011-05-26,4.35,4.44,4.33,4.35,2726340,AMOC,Alexandria Mineral Oils Company,0.007824696481287205
2011-05-29,4.43,4.49,4.4,4.45,442755,AMOC,Alexandria Mineral Oils Company,0.007824696481287205
2011-05-30,4.89,4.89,4.43,4.49,308115,AMOC,Alexandria Mineral Oils Company,0.007824696481287205
2011-05-31,4.95,4.95,4.47,4.52,532185,AMOC,Alexandria Mineral Oils Company,0.007824696481287205
2011-06-01,4.53,4.53,4.49,4.51,109890,AMOC,Alexandria Mineral Oils Company,0.007824696481287205
2011-06-02,4.47,4.49,4.34,4.43,462585,AMOC,Alexandria Mineral Oils Company,0.007824696481287205
2011-06-05,4.43,4.7,4.43,4.62,703170,AMOC,Alexandria Mineral Oils Company,0.007824696481287205
2011-06-06,5.09,5.09,4.62,4.66,417855,AMOC,Alexandria Mineral Oils Company,0.007824696481287205
2011-06-07,4.67,4.67,4.57,4.59,144780,AMOC,Alexandria Mineral Oils Company,0.007824696481287205
2011-06-08,4.57,4.68,4.53,4.66,525240,AMOC,Alexandria Mineral Oils Company,0.007824696481287205
2011-06-09,5.13,5.13,4.67,4.77,1151430,AMOC,Alexandria Mineral Oils Company,0.007824696481287205
2011-06-12,4.79,4.79,4.73,4.77,521415,AMOC,Alexandria Mineral Oils Company,0.007824696481287205
2011-06-13,4.75,4.8,4.74,4.77,355740,AMOC,Alexandria Mineral Oils Company,0.007824696481287205
2011-06-14,5.25,5.25,4.73,4.76,304095,AMOC,Alexandria Mineral Oils Company,0.007824696481287205
2011-06-15,4.77,4.77,4.75,4.75,176415,AMOC,Alexandria Mineral Oils Company,0.007824696481287205
2011-06-16,4.73,4.73,4.67,4.71,1084275,AMOC,Alexandria Mineral Oils Company,0.007824696481287205
2011-06-19,4.7,4.71,4.65,4.66,263010,AMOC,Alexandria Mineral Oils Company,0.007824696481287205
2011-06-20,4.65,4.65,4.43,4.51,4381755,AMOC,Alexandria Mineral Oils Company,0.007824696481287205
2011-06-21,4.53,4.56,4.45,4.51,1134495,AMOC,Alexandria Mineral Oils Company,0.007824696481287205
2011-06-22,4.51,4.51,4.41,4.46,719565,AMOC,Alexandria Mineral Oils Company,0.007824696481287205
2011-06-23,4.46,4.47,4.42,4.46,59861790,AMOC,Alexandria Mineral Oils Company,0.007824696481287205
2011-06-26,4.45,4.45,4.33,4.37,888510,AMOC,Alexandria Mineral Oils Company,0.007824696481287205
2011-06-27,4.37,4.43,4.32,4.39,644475,AMOC,Alexandria Mineral Oils Company,0.007824696481287205
2011-06-28,4.41,4.43,4.37,4.41,1113690,AMOC,Alexandria Mineral Oils Company,0.007824696481287205
2011-06-29,4.36,4.39,4.26,4.33,1537380,AMOC,Alexandria Mineral Oils Company,0.007824696481287205
2011-06-30,4.33,4.43,4.33,4.4,664530,AMOC,Alexandria Mineral Oils Company,0.007824696481287205
2011-07-03,4.45,4.45,4.34,4.37,308535,AMOC,Alexandria Mineral Oils Company,0.007824696481287205
2011-07-04,4.37,4.37,4.33,4.33,603045,AMOC,Alexandria Mineral Oils Company,0.007824696481287205
2011-07-05,4.32,4.37,4.32,4.35,79020,AMOC,Alexandria Mineral Oils Company,0.007824696481287205
2011-07-06,4.31,4.31,4.17,4.25,368340,AMOC,Alexandria Mineral Oils Company,0.007824696481287205
2011-07-07,4.21,4.37,4.2,4.27,352470,AMOC,Alexandria Mineral Oils Company,0.007824696481287205
2011-07-10,4.4,4.67,4.34,4.55,1423125,AMOC,Alexandria Mineral Oils Company,0.007824696481287205
2011-07-11,4.57,4.6,4.5,4.55,379485,AMOC,Alexandria Mineral Oils Company,0.007824696481287205
2011-07-12,4.57,4.57,4.44,4.47,882255,AMOC,Alexandria Mineral Oils Company,0.007824696481287205
2011-07-13,4.53,4.6,4.53,4.58,333615,AMOC,Alexandria Mineral Oils Company,0.007824696481287205
2011-07-14,4.57,4.59,4.55,4.57,134220,AMOC,Alexandria Mineral Oils Company,0.007824696481287205
2011-07-17,4.6,4.66,4.57,4.61,285195,AMOC,Alexandria Mineral Oils Company,0.007824696481287205
2011-07-18,4.61,4.61,4.53,4.57,158805,AMOC,Alexandria Mineral Oils Company,0.007824696481287205
2011-07-19,4.59,4.59,4.53,4.56,42900,AMOC,Alexandria Mineral Oils Company,0.007824696481287205
2011-07-20,4.59,4.69,4.59,4.65,537345,AMOC,Alexandria Mineral Oils Company,0.007824696481287205
2011-07-21,4.67,4.76,4.65,4.71,825210,AMOC,Alexandria Mineral Oils Company,0.007824696481287205
2011-07-25,4.64,4.9,4.6,4.8,1017795,AMOC,Alexandria Mineral Oils Company,0.007824696481287205
2011-07-26,4.89,4.91,4.79,4.83,562020,AMOC,Alexandria Mineral Oils Company,0.007824696481287205
2011-07-27,4.86,4.86,4.75,4.79,168135,AMOC,Alexandria Mineral Oils Company,0.007824696481287205
2011-07-28,4.83,4.87,4.82,4.84,559140,AMOC,Alexandria Mineral Oils Company,0.007824696481287205
2011-07-31,4.87,5.0,4.87,4.97,1361130,AMOC,Alexandria Mineral Oils Company,0.007824696481287205
2011-08-01,5.04,5.05,4.93,5.03,706785,AMOC,Alexandria Mineral Oils Company,0.007824696481287205
2011-08-02,5.53,5.53,4.93,4.99,475200,AMOC,Alexandria Mineral Oils Company,0.007824696481287205
2011-08-03,4.99,5.02,4.99,5.0,432735,AMOC,Alexandria Mineral Oils Company,0.007824696481287205
2011-08-04,5.03,5.08,5.03,5.06,506250,AMOC,Alexandria Mineral Oils Company,0.007824696481287205
2011-08-07,4.95,4.97,4.87,4.91,1035900,AMOC,Alexandria Mineral Oils Company,0.007824696481287205
2011-08-08,4.93,4.93,4.81,4.87,1088010,AMOC,Alexandria Mineral Oils Company,0.007824696481287205
2011-08-09,4.8,4.8,4.64,4.73,1672020,AMOC,Alexandria Mineral Oils Company,0.007824696481287205
2011-08-10,4.93,4.93,4.79,4.83,1144725,AMOC,Alexandria Mineral Oils Company,0.007824696481287205
2011-08-11,4.79,4.93,4.79,4.87,552915,AMOC,Alexandria Mineral Oils Company,0.007824696481287205
2011-08-14,4.93,5.13,4.93,5.07,2634630,AMOC,Alexandria Mineral Oils Company,0.007824696481287205
2011-08-15,5.11,5.23,5.07,5.19,2495535,AMOC,Alexandria Mineral Oils Company,0.007824696481287205
2011-08-16,5.2,5.23,5.13,5.2,6841440,AMOC,Alexandria Mineral Oils Company,0.007824696481287205
2011-08-17,5.17,5.2,5.07,5.12,583740,AMOC,Alexandria Mineral Oils Company,0.007824696481287205
2011-08-18,5.13,5.13,5.1,5.11,1302660,AMOC,Alexandria Mineral Oils Company,0.007824696481287205
2011-08-21,5.02,5.05,4.87,4.95,915345,AMOC,Alexandria Mineral Oils Company,0.007824696481287205
2011-08-22,5.03,5.07,4.99,5.0,4406745,AMOC,Alexandria Mineral Oils Company,0.007824696481287205
2011-08-23,5.0,5.01,4.91,4.95,1387755,AMOC,Alexandria Mineral Oils Company,0.007824696481287205
2011-08-24,4.96,4.97,4.9,4.92,1083240,AMOC,Alexandria Mineral Oils Company,0.007824696481287205
2011-08-25,4.8,4.8,4.43,4.45,32460,AMOC,Alexandria Mineral Oils Company,0.007824696481287205
2011-08-28,4.23,4.33,4.2,4.27,128100,AMOC,Alexandria Mineral Oils Company,0.007824696481287205
2011-08-29,4.27,4.33,4.27,4.33,126690,AMOC,Alexandria Mineral Oils Company,0.007824696481287205
2011-09-04,4.39,4.39,4.27,4.31,385920,AMOC,Alexandria Mineral Oils Company,0.007824696481287205
2011-09-05,4.27,4.27,4.22,4.25,1373730,AMOC,Alexandria Mineral Oils Company,0.007824696481287205
2011-09-06,4.27,4.27,4.2,4.21,179865,AMOC,Alexandria Mineral Oils Company,0.007824696481287205
2011-09-07,4.23,4.23,4.2,4.21,259350,AMOC,Alexandria Mineral Oils Company,0.007824696481287205
2011-09-08,4.23,4.25,4.2,4.22,164790,AMOC,Alexandria Mineral Oils Company,0.007824696481287205
2011-09-11,4.2,4.22,4.14,4.21,375420,AMOC,Alexandria Mineral Oils Company,0.007824696481287205
2011-09-12,4.2,4.2,4.15,4.17,199830,AMOC,Alexandria Mineral Oils Company,0.007824696481287205
2011-09-13,4.19,4.2,4.07,4.16,296505,AMOC,Alexandria Mineral Oils Company,0.007824696481287205
2011-09-14,4.2,4.2,4.0,4.03,250470,AMOC,Alexandria Mineral Oils Company,0.007824696481287205
2011-09-15,4.01,4.02,3.97,4.0,808395,AMOC,Alexandria Mineral Oils Company,0.007824696481287205
2011-09-18,3.99,4.02,3.9,3.95,121305,AMOC,Alexandria Mineral Oils Company,0.007824696481287205
2011-09-19,3.87,3.97,3.87,3.93,225900,AMOC,Alexandria Mineral Oils Company,0.007824696481287205
2011-09-20,3.94,4.0,3.91,3.93,563130,AMOC,Alexandria Mineral Oils Company,0.007824696481287205
2011-09-21,3.93,4.0,3.93,3.94,315555,AMOC,Alexandria Mineral Oils Company,0.007824696481287205
2011-09-22,3.91,3.93,3.89,3.9,248160,AMOC,Alexandria Mineral Oils Company,0.007824696481287205
2011-09-25,3.87,3.87,3.67,3.77,171945,AMOC,Alexandria Mineral Oils Company,0.007824696481287205
2011-09-26,3.73,3.85,3.73,3.75,336210,AMOC,Alexandria Mineral Oils Company,0.007824696481287205
2011-09-27,3.83,3.9,3.74,3.82,316575,AMOC,Alexandria Mineral Oils Company,0.007824696481287205
2011-09-28,3.67,3.83,3.67,3.8,1373580,AMOC,Alexandria Mineral Oils Company,0.007824696481287205
2011-09-29,3.69,3.8,3.69,3.77,123495,AMOC,Alexandria Mineral Oils Company,0.007824696481287205
2011-10-02,3.8,3.82,3.77,3.8,79725,AMOC,Alexandria Mineral Oils Company,0.007824696481287205
2011-10-03,3.8,3.8,3.73,3.76,63075,AMOC,Alexandria Mineral Oils Company,0.007824696481287205
2011-10-04,3.73,3.79,3.71,3.73,147780,AMOC,Alexandria Mineral Oils Company,0.007824696481287205
2011-10-05,3.74,3.74,3.67,3.71,150420,AMOC,Alexandria Mineral Oils Company,0.007824696481287205
2011-10-09,3.76,3.76,3.72,3.75,43965,AMOC,Alexandria Mineral Oils Company,0.007824696481287205
2011-10-10,3.67,3.75,3.67,3.71,184650,AMOC,Alexandria Mineral Oils Company,0.007824696481287205
2011-10-11,3.73,3.8,3.73,3.77,67200,AMOC,Alexandria Mineral Oils Company,0.007824696481287205
2011-10-12,3.79,3.8,3.77,3.79,160110,AMOC,Alexandria Mineral Oils Company,0.007824696481287205
2011-10-13,3.8,3.86,3.8,3.84,111300,AMOC,Alexandria Mineral Oils Company,0.007824696481287205
2011-10-16,3.87,4.2,3.87,4.08,750885,AMOC,Alexandria Mineral Oils Company,0.007824696481287205
2011-10-17,4.1,4.45,4.1,4.34,835260,AMOC,Alexandria Mineral Oils Company,0.007824696481287205
2011-10-18,4.33,4.39,4.29,4.32,655530,AMOC,Alexandria Mineral Oils Company,0.007824696481287205
2011-10-19,4.3,4.3,4.27,4.28,125100,AMOC,Alexandria Mineral Oils Company,0.007824696481287205
2011-10-20,4.27,4.43,4.27,4.37,785625,AMOC,Alexandria Mineral Oils Company,0.007824696481287205
2011-10-23,4.43,4.5,4.42,4.46,563130,AMOC,Alexandria Mineral Oils Company,0.007824696481287205
2011-10-24,4.4,4.47,4.34,4.42,190035,AMOC,Alexandria Mineral Oils Company,0.007824696481287205
2011-10-25,4.46,4.47,4.42,4.46,311340,AMOC,Alexandria Mineral Oils Company,0.007824696481287205
2011-10-26,4.47,4.51,4.4,4.46,625890,AMOC,Alexandria Mineral Oils Company,0.007824696481287205
2011-10-27,4.47,4.53,4.47,4.47,1652910,AMOC,Alexandria Mineral Oils Company,0.007824696481287205
2011-10-30,4.53,4.55,4.47,4.51,403275,AMOC,Alexandria Mineral Oils Company,0.007824696481287205
2011-10-31,4.49,4.52,4.47,4.49,72825,AMOC,Alexandria Mineral Oils Company,0.007824696481287205
2011-11-01,4.47,4.47,4.43,4.47,326085,AMOC,Alexandria Mineral Oils Company,0.007824696481287205
2011-11-02,4.47,4.47,4.41,4.44,61155,AMOC,Alexandria Mineral Oils Company,0.007824696481287205
2011-11-03,4.44,4.46,4.42,4.44,46650,AMOC,Alexandria Mineral Oils Company,0.007824696481287205
2011-11-09,4.47,4.47,4.4,4.41,72240,AMOC,Alexandria Mineral Oils Company,0.007824696481287205
2011-11-10,4.41,4.41,4.35,4.37,287595,AMOC,Alexandria Mineral Oils Company,0.007824696481287205
2011-11-13,4.35,4.35,4.27,4.29,171810,AMOC,Alexandria Mineral Oils Company,0.007824696481287205
2011-11-14,4.25,4.25,4.2,4.22,260235,AMOC,Alexandria Mineral Oils Company,0.007824696481287205
2011-11-15,4.23,4.33,4.23,4.28,148425,AMOC,Alexandria Mineral Oils Company,0.007824696481287205
2011-11-16,4.25,4.27,4.25,4.26,98820,AMOC,Alexandria Mineral Oils Company,0.007824696481287205
2011-11-17,4.23,4.27,4.21,4.27,57990,AMOC,Alexandria Mineral Oils Company,0.007824696481287205
2011-11-20,4.19,4.2,4.14,4.16,260280,AMOC,Alexandria Mineral Oils Company,0.007824696481287205
2011-11-21,4.14,4.14,3.97,4.01,270150,AMOC,Alexandria Mineral Oils Company,0.007824696481287205
2011-11-22,3.98,3.98,3.87,3.93,773640,AMOC,Alexandria Mineral Oils Company,0.007824696481287205
2011-11-23,4.0,4.15,4.0,4.07,165870,AMOC,Alexandria Mineral Oils Company,0.007824696481287205
2011-11-24,4.07,4.13,4.03,4.09,228345,AMOC,Alexandria Mineral Oils Company,0.007824696481287205
2011-11-29,4.2,4.27,4.2,4.21,651795,AMOC,Alexandria Mineral Oils Company,0.007824696481287205
2011-11-30,4.64,4.64,4.23,4.27,306075,AMOC,Alexandria Mineral Oils Company,0.007824696481287205
2011-12-01,4.27,4.3,4.27,4.27,620340,AMOC,Alexandria Mineral Oils Company,0.007824696481287205
2011-12-04,4.31,4.32,4.24,4.27,156060,AMOC,Alexandria Mineral Oils Company,0.007824696481287205
2011-12-05,4.21,4.3,4.21,4.28,168750,AMOC,Alexandria Mineral Oils Company,0.007824696481287205
2011-12-06,4.27,4.3,4.27,4.28,187455,AMOC,Alexandria Mineral Oils Company,0.007824696481287205
2011-12-07,4.28,4.3,4.26,4.28,570375,AMOC,Alexandria Mineral Oils Company,0.007824696481287205
2011-12-08,4.27,4.33,4.27,4.29,169425,AMOC,Alexandria Mineral Oils Company,0.007824696481287205
2011-12-11,4.33,4.49,4.33,4.45,798765,AMOC,Alexandria Mineral Oils Company,0.007824696481287205
2011-12-12,4.36,4.47,4.36,4.41,216840,AMOC,Alexandria Mineral Oils Company,0.007824696481287205
2011-12-13,4.43,4.47,4.43,4.46,529005,AMOC,Alexandria Mineral Oils Company,0.007824696481287205
2011-12-14,4.47,4.69,4.47,4.64,1441095,AMOC,Alexandria Mineral Oils Company,0.007824696481287205
2011-12-15,4.57,4.64,4.45,4.55,1128750,AMOC,Alexandria Mineral Oils Company,0.007824696481287205
2011-12-18,4.43,4.46,4.37,4.43,108765,AMOC,Alexandria Mineral Oils Company,0.007824696481287205
2011-12-19,4.46,4.47,4.43,4.46,325320,AMOC,Alexandria Mineral Oils Company,0.007824696481287205
2011-12-20,4.43,4.43,4.37,4.39,101745,AMOC,Alexandria Mineral Oils Company,0.007824696481287205
2011-12-21,4.37,4.43,4.37,4.43,76530,AMOC,Alexandria Mineral Oils Company,0.007824696481287205
2011-12-22,4.4,4.45,4.37,4.41,279465,AMOC,Alexandria Mineral Oils Company,0.007824696481287205
2011-12-25,4.47,4.47,4.41,4.43,577905,AMOC,Alexandria Mineral Oils Company,0.007824696481287205
2011-12-26,4.44,4.46,4.43,4.43,966420,AMOC,Alexandria Mineral Oils Company,0.007824696481287205
2011-12-27,4.45,4.46,4.37,4.41,89895,AMOC,Alexandria Mineral Oils Company,0.007824696481287205
2011-12-28,4.37,4.4,4.27,4.35,233325,AMOC,Alexandria Mineral Oils Company,0.007824696481287205
2011-12-29,4.31,4.53,4.31,4.46,379050,AMOC,Alexandria Mineral Oils Company,0.007824696481287205
2012-01-02,4.45,4.55,4.45,4.53,786810,AMOC,Alexandria Mineral Oils Company,0.007824696481287205
2012-01-03,4.53,4.57,4.49,4.53,962580,AMOC,Alexandria Mineral Oils Company,0.007824696481287205
2012-01-04,4.53,4.57,4.53,4.53,872130,AMOC,Alexandria Mineral Oils Company,0.007824696481287205
2012-01-05,4.57,4.69,4.53,4.56,992760,AMOC,Alexandria Mineral Oils Company,0.007824696481287205
2012-01-09,4.67,4.87,4.67,4.79,439560,AMOC,Alexandria Mineral Oils Company,0.007824696481287205
2012-01-10,4.83,4.93,4.7,4.79,759975,AMOC,Alexandria Mineral Oils Company,0.007824696481287205
2012-01-11,4.72,4.77,4.67,4.74,336030,AMOC,Alexandria Mineral Oils Company,0.007824696481287205
2012-01-12,4.69,4.75,4.67,4.72,175515,AMOC,Alexandria Mineral Oils Company,0.007824696481287205
2012-01-15,4.82,4.82,4.71,4.78,145365,AMOC,Alexandria Mineral Oils Company,0.007824696481287205
2012-01-16,4.76,4.76,4.67,4.69,69420,AMOC,Alexandria Mineral Oils Company,0.007824696481287205
2012-01-17,4.77,4.83,4.67,4.79,369540,AMOC,Alexandria Mineral Oils Company,0.007824696481287205
2012-01-18,4.8,4.8,4.74,4.77,159555,AMOC,Alexandria Mineral Oils Company,0.007824696481287205
2012-01-19,4.73,4.77,4.71,4.73,265980,AMOC,Alexandria Mineral Oils Company,0.007824696481287205
2012-01-22,4.87,4.87,4.7,4.73,193305,AMOC,Alexandria Mineral Oils Company,0.007824696481287205
2012-01-23,4.73,4.83,4.73,4.81,335130,AMOC,Alexandria Mineral Oils Company,0.007824696481287205
2012-01-24,4.77,4.83,4.77,4.79,335055,AMOC,Alexandria Mineral Oils Company,0.007824696481287205
2012-01-26,4.84,5.12,4.83,5.01,1432230,AMOC,Alexandria Mineral Oils Company,0.007824696481287205
2012-01-29,4.94,5.13,4.94,5.05,261330,AMOC,Alexandria Mineral Oils Company,0.007824696481287205
2012-01-30,5.02,5.06,4.95,5.02,285285,AMOC,Alexandria Mineral Oils Company,0.007824696481287205
2012-01-31,5.02,5.23,5.02,5.15,1667670,AMOC,Alexandria Mineral Oils Company,0.007824696481287205
2012-02-01,5.14,5.28,5.13,5.23,739410,AMOC,Alexandria Mineral Oils Company,0.007824696481287205
2012-02-02,5.75,5.75,5.07,5.14,780030,AMOC,Alexandria Mineral Oils Company,0.007824696481287205
2012-02-06,5.07,5.09,5.02,5.05,361560,AMOC,Alexandria Mineral Oils Company,0.007824696481287205
2012-02-07,5.13,5.2,5.13,5.17,320940,AMOC,Alexandria Mineral Oils Company,0.007824696481287205
2012-02-08,5.23,5.37,5.23,5.31,1180650,AMOC,Alexandria Mineral Oils Company,0.007824696481287205
2012-02-09,5.2,5.37,5.2,5.27,432705,AMOC,Alexandria Mineral Oils Company,0.007824696481287205
2012-02-12,5.2,5.27,5.2,5.25,714930,AMOC,Alexandria Mineral Oils Company,0.007824696481287205
2012-02-13,5.27,5.37,5.27,5.31,906765,AMOC,Alexandria Mineral Oils Company,0.007824696481287205
2012-02-14,5.3,5.35,5.27,5.32,419745,AMOC,Alexandria Mineral Oils Company,0.007824696481287205
2012-02-15,5.28,5.33,5.26,5.3,439590,AMOC,Alexandria Mineral Oils Company,0.007824696481287205
2012-02-16,5.27,5.3,5.24,5.27,165255,AMOC,Alexandria Mineral Oils Company,0.007824696481287205
2012-02-19,5.33,5.5,5.31,5.43,1283865,AMOC,Alexandria Mineral Oils Company,0.007824696481287205
2012-02-20,5.97,5.97,5.43,5.5,557250,AMOC,Alexandria Mineral Oils Company,0.007824696481287205
2012-02-21,5.46,5.52,5.35,5.43,582075,AMOC,Alexandria Mineral Oils Company,0.007824696481287205
2012-02-22,5.43,5.51,5.35,5.48,604410,AMOC,Alexandria Mineral Oils Company,0.007824696481287205
2012-02-23,5.4,5.63,5.4,5.56,530235,AMOC,Alexandria Mineral Oils Company,0.007824696481287205
2012-02-26,5.65,5.65,5.59,5.61,131655,AMOC,Alexandria Mineral Oils Company,0.007824696481287205
2012-02-27,5.6,5.62,5.57,5.6,1272300,AMOC,Alexandria Mineral Oils Company,0.007824696481287205
2012-02-28,5.6,5.67,5.53,5.63,216765,AMOC,Alexandria Mineral Oils Company,0.007824696481287205
2012-02-29,5.67,5.81,5.67,5.75,638880,AMOC,Alexandria Mineral Oils Company,0.007824696481287205
2012-03-01,5.8,5.87,5.75,5.83,627570,AMOC,Alexandria Mineral Oils Company,0.007824696481287205
2012-03-04,5.87,5.9,5.81,5.86,281715,AMOC,Alexandria Mineral Oils Company,0.007824696481287205
2012-03-05,5.88,6.02,5.83,5.96,674385,AMOC,Alexandria Mineral Oils Company,0.007824696481287205
2012-03-06,6.0,6.17,6.0,6.07,509850,AMOC,Alexandria Mineral Oils Company,0.007824696481287205
2012-03-07,6.17,6.3,6.09,6.23,723540,AMOC,Alexandria Mineral Oils Company,0.007824696481287205
2012-03-08,6.13,6.27,6.04,6.13,372225,AMOC,Alexandria Mineral Oils Company,0.007824696481287205
2012-03-11,6.07,6.07,5.96,6.0,441105,AMOC,Alexandria Mineral Oils Company,0.007824696481287205
2012-03-12,6.0,6.0,5.85,5.95,571590,AMOC,Alexandria Mineral Oils Company,0.007824696481287205
2012-03-13,5.86,5.87,5.61,5.79,720045,AMOC,Alexandria Mineral Oils Company,0.007824696481287205
2012-03-14,5.79,5.84,5.67,5.73,885060,AMOC,Alexandria Mineral Oils Company,0.007824696481287205
2012-03-15,5.73,5.93,5.73,5.91,376335,AMOC,Alexandria Mineral Oils Company,0.007824696481287205
2012-03-18,5.91,5.91,5.73,5.79,189615,AMOC,Alexandria Mineral Oils Company,0.007824696481287205
2012-03-19,5.79,5.91,5.77,5.81,164325,AMOC,Alexandria Mineral Oils Company,0.007824696481287205
2012-03-20,5.81,6.16,5.77,6.0,863895,AMOC,Alexandria Mineral Oils Company,0.007824696481287205
2012-03-21,6.0,6.17,6.0,6.11,289245,AMOC,Alexandria Mineral Oils Company,0.007824696481287205
2012-03-22,6.11,6.13,6.01,6.07,152700,AMOC,Alexandria Mineral Oils Company,0.007824696481287205
2012-03-25,6.07,6.07,5.87,5.91,333615,AMOC,Alexandria Mineral Oils Company,0.007824696481287205
2012-03-26,5.91,5.99,5.8,5.89,277680,AMOC,Alexandria Mineral Oils Company,0.007824696481287205
2012-03-27,5.89,6.07,5.89,6.0,206460,AMOC,Alexandria Mineral Oils Company,0.007824696481287205
2012-03-28,6.0,6.1,5.93,6.01,245565,AMOC,Alexandria Mineral Oils Company,0.007824696481287205
2012-03-29,6.01,6.1,5.95,6.01,184665,AMOC,Alexandria Mineral Oils Company,0.007824696481287205
2012-04-01,6.01,6.03,5.94,5.98,81555,AMOC,Alexandria Mineral Oils Company,0.007824696481287205
2012-04-02,5.98,6.07,5.95,6.02,622155,AMOC,Alexandria Mineral Oils Company,0.007824696481287205
2012-04-03,6.02,6.07,6.02,6.06,329400,AMOC,Alexandria Mineral Oils Company,0.007824696481287205
2012-04-04,6.06,6.06,5.89,5.97,116010,AMOC,Alexandria Mineral Oils Company,0.007824696481287205
2012-04-05,5.97,5.97,5.83,5.88,334575,AMOC,Alexandria Mineral Oils Company,0.007824696481287205
2012-04-08,5.88,5.93,5.8,5.83,219045,AMOC,Alexandria Mineral Oils Company,0.007824696481287205
2012-04-09,5.83,5.97,5.8,5.85,249060,AMOC,Alexandria Mineral Oils Company,0.007824696481287205
2012-04-10,5.85,5.93,5.77,5.85,983460,AMOC,Alexandria Mineral Oils Company,0.007824696481287205
2012-04-11,5.85,5.9,5.8,5.85,383790,AMOC,Alexandria Mineral Oils Company,0.007824696481287205
2012-04-12,5.85,5.85,5.76,5.78,160320,AMOC,Alexandria Mineral Oils Company,0.007824696481287205
2012-04-17,5.78,5.78,5.65,5.7,481335,AMOC,Alexandria Mineral Oils Company,0.007824696481287205
2012-04-18,5.7,5.71,5.5,5.61,469080,AMOC,Alexandria Mineral Oils Company,0.007824696481287205
2012-04-19,5.61,5.67,5.57,5.62,175590,AMOC,Alexandria Mineral Oils Company,0.007824696481287205
2012-04-22,5.62,5.77,5.62,5.74,186000,AMOC,Alexandria Mineral Oils Company,0.007824696481287205
2012-04-23,5.74,5.8,5.74,5.79,174330,AMOC,Alexandria Mineral Oils Company,0.007824696481287205
2012-04-24,5.79,5.79,5.67,5.69,45405,AMOC,Alexandria Mineral Oils Company,0.007824696481287205
2012-04-26,5.69,5.73,5.67,5.69,114060,AMOC,Alexandria Mineral Oils Company,0.007824696481287205
2012-04-29,5.69,5.73,5.67,5.71,296325,AMOC,Alexandria Mineral Oils Company,0.007824696481287205
2012-04-30,5.71,5.74,5.67,5.72,228390,AMOC,Alexandria Mineral Oils Company,0.007824696481287205
2012-05-02,5.72,5.72,5.64,5.68,150135,AMOC,Alexandria Mineral Oils Company,0.007824696481287205
2012-05-03,5.68,5.73,5.61,5.69,79500,AMOC,Alexandria Mineral Oils Company,0.007824696481287205
2012-05-06,5.69,5.8,5.69,5.75,97365,AMOC,Alexandria Mineral Oils Company,0.007824696481287205
2012-05-07,5.75,5.77,5.73,5.75,489420,AMOC,Alexandria Mineral Oils Company,0.007824696481287205
2012-05-08,5.75,5.83,5.73,5.79,427305,AMOC,Alexandria Mineral Oils Company,0.007824696481287205
2012-05-09,5.79,5.83,5.79,5.8,135900,AMOC,Alexandria Mineral Oils Company,0.007824696481287205
2012-05-10,5.8,5.8,5.73,5.74,248340,AMOC,Alexandria Mineral Oils Company,0.007824696481287205
2012-05-13,5.74,5.8,5.74,5.79,316950,AMOC,Alexandria Mineral Oils Company,0.007824696481287205
2012-05-14,56.89,56.89,56.32,56.48,22445,AMOC,Alexandria Mineral Oils Company,0.007824696481287205
2012-05-15,5.75,5.75,5.67,5.7,302640,AMOC,Alexandria Mineral Oils Company,0.007824696481287205
2012-05-16,5.7,5.7,5.65,5.67,183225,AMOC,Alexandria Mineral Oils Company,0.007824696481287205
2012-05-17,5.67,5.67,5.6,5.62,176010,AMOC,Alexandria Mineral Oils Company,0.007824696481287205
2012-05-20,5.62,5.7,5.59,5.63,710955,AMOC,Alexandria Mineral Oils Company,0.007824696481287205
2012-05-21,5.63,5.65,5.6,5.6,105555,AMOC,Alexandria Mineral Oils Company,0.007824696481287205
2012-05-22,5.53,5.53,5.46,5.47,223950,AMOC,Alexandria Mineral Oils Company,0.007824696481287205
2012-05-23,5.64,5.77,5.63,5.69,129255,AMOC,Alexandria Mineral Oils Company,0.007824696481287205
2012-05-24,5.69,5.77,5.67,5.69,46890,AMOC,Alexandria Mineral Oils Company,0.007824696481287205
2012-05-27,5.69,5.89,5.53,5.59,200880,AMOC,Alexandria Mineral Oils Company,0.007824696481287205
2012-05-28,5.59,5.67,5.55,5.62,272100,AMOC,Alexandria Mineral Oils Company,0.007824696481287205
2012-05-29,5.62,5.62,5.53,5.55,107310,AMOC,Alexandria Mineral Oils Company,0.007824696481287205
2012-05-30,5.55,5.67,5.52,5.55,198330,AMOC,Alexandria Mineral Oils Company,0.007824696481287205
2012-05-31,5.55,5.59,5.42,5.53,191160,AMOC,Alexandria Mineral Oils Company,0.007824696481287205
2012-06-03,5.53,5.53,5.42,5.49,111915,AMOC,Alexandria Mineral Oils Company,0.007824696481287205
2012-06-04,5.49,5.53,5.49,5.53,30870,AMOC,Alexandria Mineral Oils Company,0.007824696481287205
2012-06-05,5.53,5.53,5.46,5.47,223950,AMOC,Alexandria Mineral Oils Company,0.007824696481287205
2012-06-06,5.47,5.53,5.45,5.46,102630,AMOC,Alexandria Mineral Oils Company,0.007824696481287205
2012-06-07,5.46,5.49,5.45,5.47,100110,AMOC,Alexandria Mineral Oils Company,0.007824696481287205
2012-06-10,5.47,5.47,5.47,5.47,184470,AMOC,Alexandria Mineral Oils Company,0.007824696481287205
2012-06-11,5.47,5.47,5.43,5.46,114570,AMOC,Alexandria Mineral Oils Company,0.007824696481287205
2012-06-12,5.46,5.5,5.46,5.47,58575,AMOC,Alexandria Mineral Oils Company,0.007824696481287205
2012-06-13,5.47,5.53,5.47,5.48,157005,AMOC,Alexandria Mineral Oils Company,0.007824696481287205
2012-06-14,5.48,5.55,5.47,5.47,375405,AMOC,Alexandria Mineral Oils Company,0.007824696481287205
2012-06-18,5.47,5.5,5.46,5.47,1078140,AMOC,Alexandria Mineral Oils Company,0.007824696481287205
2012-06-19,5.47,5.47,5.37,5.43,263580,AMOC,Alexandria Mineral Oils Company,0.007824696481287205
2012-06-20,5.43,5.53,5.37,5.45,189555,AMOC,Alexandria Mineral Oils Company,0.007824696481287205
2012-06-21,5.45,5.53,5.45,5.48,48030,AMOC,Alexandria Mineral Oils Company,0.007824696481287205
2012-06-24,5.48,5.6,5.48,5.55,45810,AMOC,Alexandria Mineral Oils Company,0.007824696481287205
2012-06-25,5.55,5.83,5.55,5.77,664245,AMOC,Alexandria Mineral Oils Company,0.007824696481287205
2012-06-26,5.77,5.83,5.77,5.83,206760,AMOC,Alexandria Mineral Oils Company,0.007824696481287205
2012-06-27,5.83,5.83,5.75,5.78,458520,AMOC,Alexandria Mineral Oils Company,0.007824696481287205
2012-06-28,5.78,5.8,5.75,5.79,928860,AMOC,Alexandria Mineral Oils Company,0.007824696481287205
2012-07-02,5.79,5.87,5.79,5.85,761865,AMOC,Alexandria Mineral Oils Company,0.007824696481287205
2012-07-03,5.85,5.93,5.73,5.85,161100,AMOC,Alexandria Mineral Oils Company,0.007824696481287205
2012-07-04,5.85,5.87,5.8,5.85,180960,AMOC,Alexandria Mineral Oils Company,0.007824696481287205
2012-07-05,5.85,5.87,5.73,5.77,317385,AMOC,Alexandria Mineral Oils Company,0.007824696481287205
2012-07-08,5.77,5.77,5.65,5.68,250905,AMOC,Alexandria Mineral Oils Company,0.007824696481287205
2012-07-09,5.68,5.68,5.53,5.6,74925,AMOC,Alexandria Mineral Oils Company,0.007824696481287205
2012-07-10,5.6,5.63,5.6,5.62,141045,AMOC,Alexandria Mineral Oils Company,0.007824696481287205
2012-07-11,5.62,5.73,5.62,5.69,117420,AMOC,Alexandria Mineral Oils Company,0.007824696481287205
2012-07-12,5.69,5.75,5.65,5.68,100230,AMOC,Alexandria Mineral Oils Company,0.007824696481287205
2012-07-15,5.68,5.68,5.61,5.63,110025,AMOC,Alexandria Mineral Oils Company,0.007824696481287205
2012-07-16,5.63,5.67,5.58,5.6,73815,AMOC,Alexandria Mineral Oils Company,0.007824696481287205
2012-07-17,5.6,5.72,5.6,5.68,217230,AMOC,Alexandria Mineral Oils Company,0.007824696481287205
2012-07-18,5.68,5.72,5.65,5.67,340395,AMOC,Alexandria Mineral Oils Company,0.007824696481287205
2012-07-19,5.67,5.67,5.63,5.65,233100,AMOC,Alexandria Mineral Oils Company,0.007824696481287205
2012-07-22,5.65,5.72,5.63,5.64,207510,AMOC,Alexandria Mineral Oils Company,0.007824696481287205
2012-07-24,5.64,5.67,5.62,5.63,247695,AMOC,Alexandria Mineral Oils Company,0.007824696481287205
2012-07-25,5.63,5.67,5.62,5.66,163545,AMOC,Alexandria Mineral Oils Company,0.007824696481287205
2012-07-26,5.66,5.72,5.63,5.67,647940,AMOC,Alexandria Mineral Oils Company,0.007824696481287205
2012-07-29,5.67,5.72,5.67,5.69,56010,AMOC,Alexandria Mineral Oils Company,0.007824696481287205
2012-07-30,5.69,5.72,5.67,5.71,92790,AMOC,Alexandria Mineral Oils Company,0.007824696481287205
2012-07-31,5.71,5.73,5.67,5.71,171150,AMOC,Alexandria Mineral Oils Company,0.007824696481287205
2012-08-01,5.71,5.75,5.7,5.73,269400,AMOC,Alexandria Mineral Oils Company,0.007824696481287205
2012-08-02,5.73,5.75,5.67,5.71,213675,AMOC,Alexandria Mineral Oils Company,0.007824696481287205
2012-08-05,5.71,5.75,5.69,5.72,122670,AMOC,Alexandria Mineral Oils Company,0.007824696481287205
2012-08-06,5.72,5.8,5.72,5.77,1213215,AMOC,Alexandria Mineral Oils Company,0.007824696481287205
2012-08-07,5.77,5.8,5.75,5.77,1149435,AMOC,Alexandria Mineral Oils Company,0.007824696481287205
2012-08-08,5.77,5.77,5.73,5.74,650070,AMOC,Alexandria Mineral Oils Company,0.007824696481287205
2012-08-09,5.74,5.77,5.73,5.74,415665,AMOC,Alexandria Mineral Oils Company,0.007824696481287205
2012-08-12,5.74,5.79,5.7,5.73,251220,AMOC,Alexandria Mineral Oils Company,0.007824696481287205
2012-08-13,5.73,5.77,5.72,5.74,484830,AMOC,Alexandria Mineral Oils Company,0.007824696481287205
2012-08-14,5.74,5.77,5.73,5.75,627660,AMOC,Alexandria Mineral Oils Company,0.007824696481287205
2012-08-15,5.75,5.79,5.75,5.77,183360,AMOC,Alexandria Mineral Oils Company,0.007824696481287205
2012-08-16,5.77,5.79,5.74,5.76,351525,AMOC,Alexandria Mineral Oils Company,0.007824696481287205
2012-08-21,5.76,5.79,5.73,5.76,565155,AMOC,Alexandria Mineral Oils Company,0.007824696481287205
2012-08-22,5.76,5.77,5.74,5.77,455160,AMOC,Alexandria Mineral Oils Company,0.007824696481287205
2012-08-23,5.77,5.79,5.77,5.77,725475,AMOC,Alexandria Mineral Oils Company,0.007824696481287205
2012-08-26,5.77,5.81,5.72,5.79,2629035,AMOC,Alexandria Mineral Oils Company,0.007824696481287205
2012-08-27,5.79,5.81,5.79,5.8,1326765,AMOC,Alexandria Mineral Oils Company,0.007824696481287205
2012-08-28,5.8,5.8,5.22,5.28,770805,AMOC,Alexandria Mineral Oils Company,0.007824696481287205
2012-08-29,5.28,5.3,5.25,5.26,189510,AMOC,Alexandria Mineral Oils Company,0.007824696481287205
2012-08-30,5.26,5.3,5.23,5.27,337950,AMOC,Alexandria Mineral Oils Company,0.007824696481287205
2012-09-02,5.27,5.31,5.27,5.29,231615,AMOC,Alexandria Mineral Oils Company,0.007824696481287205
2012-09-03,5.29,5.33,5.25,5.3,580470,AMOC,Alexandria Mineral Oils Company,0.007824696481287205
2012-09-04,5.3,5.37,5.3,5.34,357495,AMOC,Alexandria Mineral Oils Company,0.007824696481287205
2012-09-05,5.34,5.34,5.27,5.31,434310,AMOC,Alexandria Mineral Oils Company,0.007824696481287205
2012-09-06,5.31,5.33,5.27,5.3,352035,AMOC,Alexandria Mineral Oils Company,0.007824696481287205
2012-09-09,5.3,5.33,5.27,5.29,94485,AMOC,Alexandria Mineral Oils Company,0.007824696481287205
2012-09-10,5.29,5.33,5.23,5.32,752505,AMOC,Alexandria Mineral Oils Company,0.007824696481287205
2012-09-11,5.32,5.33,5.25,5.31,441960,AMOC,Alexandria Mineral Oils Company,0.007824696481287205
2012-09-12,5.31,5.33,5.25,5.28,154995,AMOC,Alexandria Mineral Oils Company,0.007824696481287205
2012-09-13,5.28,5.29,5.24,5.25,219915,AMOC,Alexandria Mineral Oils Company,0.007824696481287205
2012-09-16,5.25,5.33,5.25,5.3,1383000,AMOC,Alexandria Mineral Oils Company,0.007824696481287205
2012-09-17,5.3,5.33,5.0,5.28,430155,AMOC,Alexandria Mineral Oils Company,0.007824696481287205
2012-09-18,5.28,5.28,5.21,5.25,219960,AMOC,Alexandria Mineral Oils Company,0.007824696481287205
2012-09-19,5.25,5.25,5.17,5.2,255150,AMOC,Alexandria Mineral Oils Company,0.007824696481287205
2012-09-20,5.2,5.26,5.19,5.21,266970,AMOC,Alexandria Mineral Oils Company,0.007824696481287205
2012-09-23,5.21,5.23,5.17,5.21,361785,AMOC,Alexandria Mineral Oils Company,0.007824696481287205
2012-09-24,5.21,5.27,5.19,5.21,233010,AMOC,Alexandria Mineral Oils Company,0.007824696481287205
2012-09-25,5.21,5.29,5.21,5.27,565800,AMOC,Alexandria Mineral Oils Company,0.007824696481287205
2012-09-26,5.27,5.3,5.25,5.27,895605,AMOC,Alexandria Mineral Oils Company,0.007824696481287205
2012-09-27,5.27,5.3,5.27,5.27,198375,AMOC,Alexandria Mineral Oils Company,0.007824696481287205
2012-09-30,5.27,5.33,5.23,5.28,264975,AMOC,Alexandria Mineral Oils Company,0.007824696481287205
2012-10-01,5.28,5.29,5.21,5.27,482535,AMOC,Alexandria Mineral Oils Company,0.007824696481287205
2012-10-02,5.27,5.27,5.19,5.21,45495,AMOC,Alexandria Mineral Oils Company,0.007824696481287205
2012-10-03,5.21,5.24,5.2,5.23,154170,AMOC,Alexandria Mineral Oils Company,0.007824696481287205
2012-10-04,5.23,5.29,5.22,5.25,153165,AMOC,Alexandria Mineral Oils Company,0.007824696481287205
2012-10-08,5.25,5.25,5.15,5.19,185445,AMOC,Alexandria Mineral Oils Company,0.007824696481287205
2012-10-09,5.19,5.23,5.19,5.21,69645,AMOC,Alexandria Mineral Oils Company,0.007824696481287205
2012-10-10,5.21,5.31,5.2,5.29,384540,AMOC,Alexandria Mineral Oils Company,0.007824696481287205
2012-10-11,5.29,5.29,5.21,5.27,211545,AMOC,Alexandria Mineral Oils Company,0.007824696481287205
2012-10-14,5.27,5.27,5.21,5.26,57660,AMOC,Alexandria Mineral Oils Company,0.007824696481287205
2012-10-15,5.26,5.27,5.21,5.25,119505,AMOC,Alexandria Mineral Oils Company,0.007824696481287205
2012-10-16,5.25,5.26,5.23,5.23,446400,AMOC,Alexandria Mineral Oils Company,0.007824696481287205
2012-10-17,5.23,5.29,5.23,5.27,164985,AMOC,Alexandria Mineral Oils Company,0.007824696481287205
2012-10-18,5.27,5.29,5.23,5.27,189945,AMOC,Alexandria Mineral Oils Company,0.007824696481287205
2012-10-21,5.27,5.27,5.2,5.23,1898550,AMOC,Alexandria Mineral Oils Company,0.007824696481287205
2012-10-22,5.23,5.23,5.12,5.17,424590,AMOC,Alexandria Mineral Oils Company,0.007824696481287205
2012-10-23,5.17,5.2,5.15,5.19,131715,AMOC,Alexandria Mineral Oils Company,0.007824696481287205
2012-10-24,5.19,5.2,5.17,5.19,161790,AMOC,Alexandria Mineral Oils Company,0.007824696481287205
2012-10-29,5.19,5.21,5.19,5.2,259950,AMOC,Alexandria Mineral Oils Company,0.007824696481287205
2012-10-30,5.2,5.23,5.19,5.2,279180,AMOC,Alexandria Mineral Oils Company,0.007824696481287205
2012-10-31,5.2,5.2,5.2,5.2,174270,AMOC,Alexandria Mineral Oils Company,0.007824696481287205
2012-11-01,5.2,5.21,5.2,5.2,322800,AMOC,Alexandria Mineral Oils Company,0.007824696481287205
2012-11-04,5.2,5.2,5.2,5.2,296505,AMOC,Alexandria Mineral Oils Company,0.007824696481287205
2012-11-05,5.2,5.2,5.19,5.2,2651715,AMOC,Alexandria Mineral Oils Company,0.007824696481287205
2012-11-06,5.2,5.22,5.19,5.2,189975,AMOC,Alexandria Mineral Oils Company,0.007824696481287205
2012-11-07,5.2,5.22,5.19,5.2,808485,AMOC,Alexandria Mineral Oils Company,0.007824696481287205
2012-11-08,5.2,5.2,5.17,5.18,271005,AMOC,Alexandria Mineral Oils Company,0.007824696481287205
2012-11-11,5.18,5.18,5.11,5.12,77745,AMOC,Alexandria Mineral Oils Company,0.007824696481287205
2012-11-12,5.12,5.19,5.1,5.14,123450,AMOC,Alexandria Mineral Oils Company,0.007824696481287205
2012-11-13,5.14,5.17,5.13,5.14,15435,AMOC,Alexandria Mineral Oils Company,0.007824696481287205
2012-11-14,5.14,5.17,5.13,5.13,410085,AMOC,Alexandria Mineral Oils Company,0.007824696481287205
2012-11-18,5.13,5.2,5.09,5.19,795375,AMOC,Alexandria Mineral Oils Company,0.007824696481287205
2012-11-19,5.19,5.19,5.07,5.12,54990,AMOC,Alexandria Mineral Oils Company,0.007824696481287205
2012-11-20,5.12,5.21,5.07,5.18,394440,AMOC,Alexandria Mineral Oils Company,0.007824696481287205
2012-11-21,5.18,5.18,5.13,5.17,421170,AMOC,Alexandria Mineral Oils Company,0.007824696481287205
2012-11-22,5.17,5.17,5.11,5.15,56415,AMOC,Alexandria Mineral Oils Company,0.007824696481287205
2012-11-25,5.15,5.15,4.67,4.72,439350,AMOC,Alexandria Mineral Oils Company,0.007824696481287205
2012-11-26,4.72,5.13,4.27,4.69,317910,AMOC,Alexandria Mineral Oils Company,0.007824696481287205
2012-11-27,4.69,4.9,4.69,4.81,61950,AMOC,Alexandria Mineral Oils Company,0.007824696481287205
2012-11-28,4.81,4.87,4.6,4.66,396615,AMOC,Alexandria Mineral Oils Company,0.007824696481287205
2012-11-29,4.66,4.73,4.64,4.67,151755,AMOC,Alexandria Mineral Oils Company,0.007824696481287205
2012-12-02,4.67,4.79,4.6,4.69,106575,AMOC,Alexandria Mineral Oils Company,0.007824696481287205
2012-12-03,4.69,4.7,4.5,4.61,236100,AMOC,Alexandria Mineral Oils Company,0.007824696481287205
2012-12-04,4.61,5.06,4.61,4.79,156885,AMOC,Alexandria Mineral Oils Company,0.007824696481287205
2012-12-05,4.79,4.93,4.77,4.85,47895,AMOC,Alexandria Mineral Oils Company,0.007824696481287205
2012-12-06,4.85,4.85,4.63,4.67,82920,AMOC,Alexandria Mineral Oils Company,0.007824696481287205
2012-12-09,4.67,4.93,4.67,4.9,403575,AMOC,Alexandria Mineral Oils Company,0.007824696481287205
2012-12-10,4.91,4.91,4.73,4.83,244530,AMOC,Alexandria Mineral Oils Company,0.007824696481287205
2012-12-11,4.83,4.87,4.8,4.83,225630,AMOC,Alexandria Mineral Oils Company,0.007824696481287205
2012-12-12,4.83,4.99,4.83,4.89,119970,AMOC,Alexandria Mineral Oils Company,0.007824696481287205
2012-12-13,4.89,4.93,4.89,4.93,186705,AMOC,Alexandria Mineral Oils Company,0.007824696481287205
2012-12-16,4.93,4.99,4.67,4.93,73005,AMOC,Alexandria Mineral Oils Company,0.007824696481287205
2012-12-17,4.93,4.93,4.87,4.88,74085,AMOC,Alexandria Mineral Oils Company,0.007824696481287205
2012-12-18,4.88,4.97,4.84,4.88,37935,AMOC,Alexandria Mineral Oils Company,0.007824696481287205
2012-12-19,4.88,4.93,4.88,4.89,499860,AMOC,Alexandria Mineral Oils Company,0.007824696481287205
2012-12-20,4.89,4.93,4.87,4.9,200445,AMOC,Alexandria Mineral Oils Company,0.007824696481287205
2012-12-23,4.9,4.93,4.89,4.9,111210,AMOC,Alexandria Mineral Oils Company,0.007824696481287205
2012-12-24,4.9,4.91,4.85,4.87,131355,AMOC,Alexandria Mineral Oils Company,0.007824696481287205
2012-12-25,4.87,4.88,4.84,4.88,2115315,AMOC,Alexandria Mineral Oils Company,0.007824696481287205
2012-12-26,4.88,4.88,4.8,4.86,207915,AMOC,Alexandria Mineral Oils Company,0.007824696481287205
2012-12-27,4.86,4.97,4.85,4.87,1174320,AMOC,Alexandria Mineral Oils Company,0.007824696481287205
2012-12-30,4.87,4.89,4.87,4.89,5595,AMOC,Alexandria Mineral Oils Company,0.007824696481287205
2012-12-31,4.89,4.9,4.87,4.88,91035,AMOC,Alexandria Mineral Oils Company,0.007824696481287205
2013-01-02,4.88,5.0,4.88,4.97,433305,AMOC,Alexandria Mineral Oils Company,0.007824696481287205
2013-01-03,4.97,4.97,4.89,4.91,234390,AMOC,Alexandria Mineral Oils Company,0.007824696481287205
2013-01-06,4.91,4.93,4.87,4.89,116550,AMOC,Alexandria Mineral Oils Company,0.007824696481287205
2013-01-08,4.89,5.0,4.89,4.95,171720,AMOC,Alexandria Mineral Oils Company,0.007824696481287205
2013-01-09,4.95,5.0,4.93,4.99,358290,AMOC,Alexandria Mineral Oils Company,0.007824696481287205
2013-01-10,4.99,5.01,4.99,4.99,511830,AMOC,Alexandria Mineral Oils Company,0.007824696481287205
2013-01-13,4.99,5.05,4.97,5.0,453120,AMOC,Alexandria Mineral Oils Company,0.007824696481287205
2013-01-14,5.0,5.02,4.87,5.0,616725,AMOC,Alexandria Mineral Oils Company,0.007824696481287205
2013-01-15,5.0,5.0,4.87,4.91,17490,AMOC,Alexandria Mineral Oils Company,0.007824696481287205
2013-01-16,4.91,5.0,4.87,4.95,351825,AMOC,Alexandria Mineral Oils Company,0.007824696481287205
2013-01-17,4.95,4.95,4.81,4.83,259065,AMOC,Alexandria Mineral Oils Company,0.007824696481287205
2013-01-20,4.83,4.83,4.73,4.79,42345,AMOC,Alexandria Mineral Oils Company,0.007824696481287205
2013-01-21,4.79,4.79,4.62,4.67,224280,AMOC,Alexandria Mineral Oils Company,0.007824696481287205
2013-01-22,4.67,4.8,4.67,4.75,380445,AMOC,Alexandria Mineral Oils Company,0.007824696481287205
2013-01-23,4.75,4.77,4.74,4.75,370710,AMOC,Alexandria Mineral Oils Company,0.007824696481287205
2013-01-27,4.75,4.77,4.59,4.75,364200,AMOC,Alexandria Mineral Oils Company,0.007824696481287205
2013-01-28,4.75,4.75,4.66,4.67,796065,AMOC,Alexandria Mineral Oils Company,0.007824696481287205
2013-01-29,4.67,4.67,4.57,4.59,649935,AMOC,Alexandria Mineral Oils Company,0.007824696481287205
2013-01-30,4.59,4.65,4.57,4.61,299205,AMOC,Alexandria Mineral Oils Company,0.007824696481287205
2013-01-31,4.61,4.61,4.53,4.58,658680,AMOC,Alexandria Mineral Oils Company,0.007824696481287205
2013-02-03,4.58,4.7,4.58,4.65,425145,AMOC,Alexandria Mineral Oils Company,0.007824696481287205
2013-02-04,4.65,4.69,4.63,4.64,679020,AMOC,Alexandria Mineral Oils Company,0.007824696481287205
2013-02-05,4.64,4.7,4.64,4.69,58695,AMOC,Alexandria Mineral Oils Company,0.007824696481287205
2013-02-06,4.69,4.7,4.64,4.67,176580,AMOC,Alexandria Mineral Oils Company,0.007824696481287205
2013-02-07,4.67,4.7,4.64,4.67,102660,AMOC,Alexandria Mineral Oils Company,0.007824696481287205
2013-02-10,4.67,4.67,4.63,4.65,64095,AMOC,Alexandria Mineral Oils Company,0.007824696481287205
2013-02-11,4.65,4.66,4.6,4.61,147900,AMOC,Alexandria Mineral Oils Company,0.007824696481287205
2013-02-12,4.61,4.66,4.6,4.61,229950,AMOC,Alexandria Mineral Oils Company,0.007824696481287205
2013-02-13,4.61,4.62,4.57,4.6,169095,AMOC,Alexandria Mineral Oils Company,0.007824696481287205
2013-02-14,4.6,4.65,4.6,4.62,51510,AMOC,Alexandria Mineral Oils Company,0.007824696481287205
2013-02-17,4.62,4.62,4.6,4.6,111075,AMOC,Alexandria Mineral Oils Company,0.007824696481287205
2013-02-18,4.6,4.61,4.58,4.6,212160,AMOC,Alexandria Mineral Oils Company,0.007824696481287205
2013-02-19,4.6,4.6,4.4,4.58,1059840,AMOC,Alexandria Mineral Oils Company,0.007824696481287205
2013-02-20,4.58,4.58,4.5,4.53,96795,AMOC,Alexandria Mineral Oils Company,0.007824696481287205
2013-02-21,4.53,4.53,4.48,4.49,67665,AMOC,Alexandria Mineral Oils Company,0.007824696481287205
2013-02-24,4.49,4.5,4.4,4.47,389160,AMOC,Alexandria Mineral Oils Company,0.007824696481287205
2013-02-25,4.47,4.47,4.4,4.41,70890,AMOC,Alexandria Mineral Oils Company,0.007824696481287205
2013-02-26,4.41,4.47,4.39,4.41,598650,AMOC,Alexandria Mineral Oils Company,0.007824696481287205
2013-02-27,4.41,4.41,4.4,4.4,454935,AMOC,Alexandria Mineral Oils Company,0.007824696481287205
2013-02-28,4.4,4.47,4.39,4.41,122775,AMOC,Alexandria Mineral Oils Company,0.007824696481287205
2013-03-03,4.41,4.45,4.4,4.45,1080300,AMOC,Alexandria Mineral Oils Company,0.007824696481287205
2013-03-04,4.45,4.45,4.37,4.4,328350,AMOC,Alexandria Mineral Oils Company,0.007824696481287205
2013-03-05,4.4,4.43,4.36,4.4,463620,AMOC,Alexandria Mineral Oils Company,0.007824696481287205
2013-03-06,4.4,4.57,4.37,4.43,1061265,AMOC,Alexandria Mineral Oils Company,0.007824696481287205
2013-03-07,4.43,4.58,4.43,4.53,658185,AMOC,Alexandria Mineral Oils Company,0.007824696481287205
2013-03-10,4.53,4.59,4.53,4.59,33930,AMOC,Alexandria Mineral Oils Company,0.007824696481287205
2013-03-11,4.59,4.59,4.53,4.56,35025,AMOC,Alexandria Mineral Oils Company,0.007824696481287205
2013-03-12,4.56,4.59,4.53,4.54,119580,AMOC,Alexandria Mineral Oils Company,0.007824696481287205
2013-03-13,4.54,4.59,4.53,4.55,268905,AMOC,Alexandria Mineral Oils Company,0.007824696481287205
2013-03-14,4.55,4.55,4.53,4.53,386130,AMOC,Alexandria Mineral Oils Company,0.007824696481287205
2013-03-17,4.53,4.53,4.47,4.52,32190,AMOC,Alexandria Mineral Oils Company,0.007824696481287205
2013-03-18,4.52,4.55,4.52,4.53,109980,AMOC,Alexandria Mineral Oils Company,0.007824696481287205
2013-03-19,4.53,4.57,4.53,4.53,116055,AMOC,Alexandria Mineral Oils Company,0.007824696481287205
2013-03-20,4.53,4.53,4.53,4.53,63285,AMOC,Alexandria Mineral Oils Company,0.007824696481287205
2013-03-21,4.53,4.6,4.53,4.56,63045,AMOC,Alexandria Mineral Oils Company,0.007824696481287205
2013-03-24,4.56,4.61,4.53,4.57,12690,AMOC,Alexandria Mineral Oils Company,0.007824696481287205
2013-03-25,4.57,4.6,4.53,4.54,50580,AMOC,Alexandria Mineral Oils Company,0.007824696481287205
2013-03-26,4.54,4.6,4.53,4.54,244875,AMOC,Alexandria Mineral Oils Company,0.007824696481287205
2013-03-27,4.54,4.56,4.53,4.53,752355,AMOC,Alexandria Mineral Oils Company,0.007824696481287205
2013-03-28,4.53,4.55,4.53,4.54,44475,AMOC,Alexandria Mineral Oils Company,0.007824696481287205
2013-03-31,4.54,4.57,4.53,4.53,92790,AMOC,Alexandria Mineral Oils Company,0.007824696481287205
2013-04-01,4.53,4.59,4.53,4.59,85185,AMOC,Alexandria Mineral Oils Company,0.007824696481287205
2013-04-02,4.59,4.59,4.53,4.55,16950,AMOC,Alexandria Mineral Oils Company,0.007824696481287205
2013-04-03,4.55,4.62,4.53,4.55,606900,AMOC,Alexandria Mineral Oils Company,0.007824696481287205
2013-04-04,4.55,4.63,4.54,4.59,55050,AMOC,Alexandria Mineral Oils Company,0.007824696481287205
2013-04-07,4.59,4.63,4.57,4.61,6360,AMOC,Alexandria Mineral Oils Company,0.007824696481287205
2013-04-08,4.61,4.61,4.59,4.61,63435,AMOC,Alexandria Mineral Oils Company,0.007824696481287205
2013-04-09,4.61,4.67,4.6,4.65,90255,AMOC,Alexandria Mineral Oils Company,0.007824696481287205
2013-04-10,4.65,4.67,4.6,4.61,320910,AMOC,Alexandria Mineral Oils Company,0.007824696481287205
2013-04-11,4.61,4.68,4.61,4.64,19395,AMOC,Alexandria Mineral Oils Company,0.007824696481287205
2013-04-14,4.64,4.64,4.6,4.61,33765,AMOC,Alexandria Mineral Oils Company,0.007824696481287205
2013-04-15,4.61,4.66,4.54,4.58,96120,AMOC,Alexandria Mineral Oils Company,0.007824696481287205
2013-04-16,4.58,4.58,4.53,4.54,39075,AMOC,Alexandria Mineral Oils Company,0.007824696481287205
2013-04-17,4.54,4.56,4.54,4.54,127080,AMOC,Alexandria Mineral Oils Company,0.007824696481287205
2013-04-18,4.54,4.57,4.54,4.57,7770,AMOC,Alexandria Mineral Oils Company,0.007824696481287205
2013-04-21,4.57,4.67,4.57,4.67,824970,AMOC,Alexandria Mineral Oils Company,0.007824696481287205
2013-04-22,4.67,4.67,4.6,4.67,393000,AMOC,Alexandria Mineral Oils Company,0.007824696481287205
2013-04-23,4.67,4.68,4.67,4.67,957540,AMOC,Alexandria Mineral Oils Company,0.007824696481287205
2013-04-24,4.67,4.67,4.6,4.6,91140,AMOC,Alexandria Mineral Oils Company,0.007824696481287205
2013-04-28,4.6,4.62,4.59,4.61,167460,AMOC,Alexandria Mineral Oils Company,0.007824696481287205
2013-04-29,4.61,4.61,4.55,4.59,59670,AMOC,Alexandria Mineral Oils Company,0.007824696481287205
2013-04-30,4.59,4.59,4.55,4.55,79515,AMOC,Alexandria Mineral Oils Company,0.007824696481287205
2013-05-02,4.55,4.57,4.54,4.57,450075,AMOC,Alexandria Mineral Oils Company,0.007824696481287205
2013-05-07,4.57,4.59,4.56,4.57,912495,AMOC,Alexandria Mineral Oils Company,0.007824696481287205
2013-05-08,4.57,4.6,4.57,4.59,38445,AMOC,Alexandria Mineral Oils Company,0.007824696481287205
2013-05-09,4.59,4.59,4.55,4.57,99780,AMOC,Alexandria Mineral Oils Company,0.007824696481287205
2013-05-12,4.57,4.6,4.56,4.57,148590,AMOC,Alexandria Mineral Oils Company,0.007824696481287205
2013-05-13,4.57,4.57,4.46,4.47,1302015,AMOC,Alexandria Mineral Oils Company,0.007824696481287205
2013-05-14,4.47,4.53,4.45,4.47,159270,AMOC,Alexandria Mineral Oils Company,0.007824696481287205
2013-05-15,4.47,4.5,4.47,4.48,65880,AMOC,Alexandria Mineral Oils Company,0.007824696481287205
2013-05-16,4.48,4.53,4.47,4.5,528090,AMOC,Alexandria Mineral Oils Company,0.007824696481287205
2013-05-19,4.5,4.53,4.5,4.53,42405,AMOC,Alexandria Mineral Oils Company,0.007824696481287205
2013-05-20,4.53,4.53,4.51,4.53,190665,AMOC,Alexandria Mineral Oils Company,0.007824696481287205
2013-05-21,4.53,4.53,4.48,4.5,36915,AMOC,Alexandria Mineral Oils Company,0.007824696481287205
2013-05-22,4.5,4.53,4.5,4.51,55680,AMOC,Alexandria Mineral Oils Company,0.007824696481287205
2013-05-23,4.51,4.52,4.51,4.51,41565,AMOC,Alexandria Mineral Oils Company,0.007824696481287205
2013-05-26,4.51,4.51,4.49,4.5,52920,AMOC,Alexandria Mineral Oils Company,0.007824696481287205
2013-05-27,4.5,4.53,4.49,4.5,55650,AMOC,Alexandria Mineral Oils Company,0.007824696481287205
2013-05-28,4.5,4.53,4.49,4.5,91590,AMOC,Alexandria Mineral Oils Company,0.007824696481287205
2013-05-29,4.5,4.53,4.49,4.5,145905,AMOC,Alexandria Mineral Oils Company,0.007824696481287205
2013-05-30,4.5,4.67,4.49,4.65,1037835,AMOC,Alexandria Mineral Oils Company,0.007824696481287205
2013-06-02,4.65,4.65,4.59,4.59,23640,AMOC,Alexandria Mineral Oils Company,0.007824696481287205
2013-06-03,4.59,4.59,4.56,4.57,62760,AMOC,Alexandria Mineral Oils Company,0.007824696481287205
2013-06-04,4.57,4.57,4.52,4.53,14115,AMOC,Alexandria Mineral Oils Company,0.007824696481287205
2013-06-05,4.53,4.53,4.47,4.49,197685,AMOC,Alexandria Mineral Oils Company,0.007824696481287205
2013-06-06,4.49,4.5,4.47,4.48,50310,AMOC,Alexandria Mineral Oils Company,0.007824696481287205
2013-06-09,4.48,4.53,4.41,4.44,151635,AMOC,Alexandria Mineral Oils Company,0.007824696481287205
2013-06-10,4.44,4.45,4.4,4.41,175275,AMOC,Alexandria Mineral Oils Company,0.007824696481287205
2013-06-11,4.41,4.42,4.37,4.38,52785,AMOC,Alexandria Mineral Oils Company,0.007824696481287205
2013-06-12,4.38,4.38,4.23,4.3,410760,AMOC,Alexandria Mineral Oils Company,0.007824696481287205
2013-06-13,4.3,4.3,4.07,4.15,56535,AMOC,Alexandria Mineral Oils Company,0.007824696481287205
2013-06-16,4.15,4.19,4.14,4.15,50685,AMOC,Alexandria Mineral Oils Company,0.007824696481287205
2013-06-17,4.15,4.22,4.13,4.19,23760,AMOC,Alexandria Mineral Oils Company,0.007824696481287205
2013-06-18,4.19,4.22,4.16,4.18,50040,AMOC,Alexandria Mineral Oils Company,0.007824696481287205
2013-06-19,4.18,4.18,4.14,4.17,122040,AMOC,Alexandria Mineral Oils Company,0.007824696481287205
2013-06-20,4.17,4.22,4.15,4.18,28560,AMOC,Alexandria Mineral Oils Company,0.007824696481287205
2013-06-23,4.18,4.18,4.13,4.14,85335,AMOC,Alexandria Mineral Oils Company,0.007824696481287205
2013-06-24,4.14,4.19,4.1,4.13,16110,AMOC,Alexandria Mineral Oils Company,0.007824696481287205
2013-06-25,4.13,4.17,4.13,4.17,72900,AMOC,Alexandria Mineral Oils Company,0.007824696481287205
2013-06-26,4.17,4.17,4.13,4.14,25650,AMOC,Alexandria Mineral Oils Company,0.007824696481287205
2013-06-27,4.14,4.2,4.14,4.19,122955,AMOC,Alexandria Mineral Oils Company,0.007824696481287205
2013-06-30,4.19,4.26,4.19,4.24,9210,AMOC,Alexandria Mineral Oils Company,0.007824696481287205
2013-07-02,4.24,4.26,4.1,4.11,1795440,AMOC,Alexandria Mineral Oils Company,0.007824696481287205
2013-07-03,4.11,4.25,4.11,4.17,41565,AMOC,Alexandria Mineral Oils Company,0.007824696481287205
2013-07-04,4.17,4.59,4.17,4.54,1215600,AMOC,Alexandria Mineral Oils Company,0.007824696481287205
2013-07-07,4.54,4.54,4.47,4.5,254655,AMOC,Alexandria Mineral Oils Company,0.007824696481287205
2013-07-08,4.5,4.5,4.34,4.37,234705,AMOC,Alexandria Mineral Oils Company,0.007824696481287205
2013-07-09,4.37,4.51,4.37,4.46,170790,AMOC,Alexandria Mineral Oils Company,0.007824696481287205
2013-07-10,4.46,4.51,4.43,4.5,158070,AMOC,Alexandria Mineral Oils Company,0.007824696481287205
2013-07-11,4.5,4.5,4.44,4.48,59100,AMOC,Alexandria Mineral Oils Company,0.007824696481287205
2013-07-14,4.48,4.53,4.47,4.48,60105,AMOC,Alexandria Mineral Oils Company,0.007824696481287205
2013-07-15,4.48,4.5,4.47,4.47,200910,AMOC,Alexandria Mineral Oils Company,0.007824696481287205
2013-07-16,4.47,4.5,4.47,4.49,66120,AMOC,Alexandria Mineral Oils Company,0.007824696481287205
2013-07-17,4.49,4.53,4.48,4.49,65970,AMOC,Alexandria Mineral Oils Company,0.007824696481287205
2013-07-18,4.49,4.53,4.47,4.49,93435,AMOC,Alexandria Mineral Oils Company,0.007824696481287205
2013-07-21,4.49,4.53,4.49,4.53,262800,AMOC,Alexandria Mineral Oils Company,0.007824696481287205
2013-07-22,4.53,4.54,4.5,4.53,190965,AMOC,Alexandria Mineral Oils Company,0.007824696481287205
2013-07-24,4.53,4.53,4.49,4.51,159975,AMOC,Alexandria Mineral Oils Company,0.007824696481287205
2013-07-25,4.51,4.53,4.41,4.5,27915,AMOC,Alexandria Mineral Oils Company,0.007824696481287205
2013-07-28,4.5,4.57,4.5,4.53,14055,AMOC,Alexandria Mineral Oils Company,0.007824696481287205
2013-07-29,4.53,4.53,4.49,4.52,57450,AMOC,Alexandria Mineral Oils Company,0.007824696481287205
2013-07-30,4.52,4.57,4.52,4.55,36165,AMOC,Alexandria Mineral Oils Company,0.007824696481287205
2013-07-31,4.55,4.63,4.55,4.6,720210,AMOC,Alexandria Mineral Oils Company,0.007824696481287205
2013-08-01,4.6,4.66,4.6,4.61,24825,AMOC,Alexandria Mineral Oils Company,0.007824696481287205
2013-08-04,4.61,4.77,4.61,4.72,549885,AMOC,Alexandria Mineral Oils Company,0.007824696481287205
2013-08-05,4.72,4.83,4.72,4.8,304800,AMOC,Alexandria Mineral Oils Company,0.007824696481287205
2013-08-06,4.8,4.87,4.8,4.83,598860,AMOC,Alexandria Mineral Oils Company,0.007824696481287205
2013-08-07,4.83,4.87,4.82,4.86,187395,AMOC,Alexandria Mineral Oils Company,0.007824696481287205
2013-08-12,4.86,4.86,4.8,4.82,86430,AMOC,Alexandria Mineral Oils Company,0.007824696481287205
2013-08-13,4.82,4.87,4.78,4.82,158400,AMOC,Alexandria Mineral Oils Company,0.007824696481287205
2013-08-14,4.82,4.82,4.67,4.71,156105,AMOC,Alexandria Mineral Oils Company,0.007824696481287205
2013-08-18,4.71,4.71,4.64,4.67,141165,AMOC,Alexandria Mineral Oils Company,0.007824696481287205
2013-08-19,4.67,4.7,4.67,4.68,7155,AMOC,Alexandria Mineral Oils Company,0.007824696481287205
2013-08-20,4.68,4.76,4.67,4.68,671160,AMOC,Alexandria Mineral Oils Company,0.007824696481287205
2013-08-21,4.68,4.73,4.67,4.71,367650,AMOC,Alexandria Mineral Oils Company,0.007824696481287205
2013-08-22,4.71,4.8,4.7,4.74,337530,AMOC,Alexandria Mineral Oils Company,0.007824696481287205
2013-08-25,4.74,4.81,4.74,4.8,70575,AMOC,Alexandria Mineral Oils Company,0.007824696481287205
2013-08-26,4.8,4.8,4.77,4.78,72825,AMOC,Alexandria Mineral Oils Company,0.007824696481287205
2013-08-27,4.78,4.78,4.69,4.71,789870,AMOC,Alexandria Mineral Oils Company,0.007824696481287205
2013-08-28,4.71,4.8,4.6,4.65,146055,AMOC,Alexandria Mineral Oils Company,0.007824696481287205
2013-08-29,4.65,4.73,4.65,4.68,78000,AMOC,Alexandria Mineral Oils Company,0.007824696481287205
2013-09-01,4.68,4.73,4.67,4.68,92055,AMOC,Alexandria Mineral Oils Company,0.007824696481287205
2013-09-02,4.68,4.68,4.62,4.63,149775,AMOC,Alexandria Mineral Oils Company,0.007824696481287205
2013-09-03,4.63,4.67,4.61,4.63,2151705,AMOC,Alexandria Mineral Oils Company,0.007824696481287205
2013-09-04,4.63,4.67,4.6,4.63,18360,AMOC,Alexandria Mineral Oils Company,0.007824696481287205
2013-09-05,4.63,4.67,4.63,4.67,4365,AMOC,Alexandria Mineral Oils Company,0.007824696481287205
2013-09-08,4.67,4.69,4.63,4.65,242670,AMOC,Alexandria Mineral Oils Company,0.007824696481287205
2013-09-09,4.65,4.67,4.65,4.65,866805,AMOC,Alexandria Mineral Oils Company,0.007824696481287205
2013-09-10,4.65,4.75,4.65,4.73,177045,AMOC,Alexandria Mineral Oils Company,0.007824696481287205
2013-09-11,4.73,4.77,4.71,4.73,646380,AMOC,Alexandria Mineral Oils Company,0.007824696481287205
2013-09-12,4.73,4.77,4.72,4.73,183915,AMOC,Alexandria Mineral Oils Company,0.007824696481287205
2013-09-15,4.73,4.8,4.73,4.78,81210,AMOC,Alexandria Mineral Oils Company,0.007824696481287205
2013-09-16,4.78,4.8,4.78,4.79,165045,AMOC,Alexandria Mineral Oils Company,0.007824696481287205
2013-09-17,4.79,4.79,4.75,4.77,103710,AMOC,Alexandria Mineral Oils Company,0.007824696481287205
2013-09-18,4.77,4.77,4.71,4.73,44955,AMOC,Alexandria Mineral Oils Company,0.007824696481287205
2013-09-19,4.73,4.79,4.73,4.73,607590,AMOC,Alexandria Mineral Oils Company,0.007824696481287205
2013-09-22,4.73,5.0,4.73,4.89,811035,AMOC,Alexandria Mineral Oils Company,0.007824696481287205
2013-09-23,4.89,4.97,4.89,4.93,4136250,AMOC,Alexandria Mineral Oils Company,0.007824696481287205
2013-09-24,4.93,4.96,4.93,4.93,324090,AMOC,Alexandria Mineral Oils Company,0.007824696481287205
2013-09-25,4.93,4.99,4.93,4.95,741915,AMOC,Alexandria Mineral Oils Company,0.007824696481287205
2013-09-26,4.95,4.98,4.95,4.97,494925,AMOC,Alexandria Mineral Oils Company,0.007824696481287205
2013-09-29,4.97,4.99,4.89,4.92,278295,AMOC,Alexandria Mineral Oils Company,0.007824696481287205
2013-09-30,4.92,4.93,4.85,4.87,962010,AMOC,Alexandria Mineral Oils Company,0.007824696481287205
2013-10-01,4.87,4.93,4.85,4.9,2107890,AMOC,Alexandria Mineral Oils Company,0.007824696481287205
2013-10-02,4.9,4.9,4.37,4.42,282180,AMOC,Alexandria Mineral Oils Company,0.007824696481287205
2013-10-03,4.42,4.47,4.41,4.43,248760,AMOC,Alexandria Mineral Oils Company,0.007824696481287205
2013-10-07,4.43,4.47,4.42,4.45,110220,AMOC,Alexandria Mineral Oils Company,0.007824696481287205
2013-10-08,4.45,4.47,4.4,4.43,610350,AMOC,Alexandria Mineral Oils Company,0.007824696481287205
2013-10-09,4.43,4.46,4.43,4.45,109125,AMOC,Alexandria Mineral Oils Company,0.007824696481287205
2013-10-10,4.45,4.45,4.42,4.43,248130,AMOC,Alexandria Mineral Oils Company,0.007824696481287205
2013-10-13,4.43,4.45,4.41,4.42,128430,AMOC,Alexandria Mineral Oils Company,0.007824696481287205
2013-10-20,4.42,4.45,4.41,4.43,116655,AMOC,Alexandria Mineral Oils Company,0.007824696481287205
2013-10-21,4.43,4.44,4.41,4.43,592620,AMOC,Alexandria Mineral Oils Company,0.007824696481287205
2013-10-22,4.43,4.43,4.4,4.42,85515,AMOC,Alexandria Mineral Oils Company,0.007824696481287205
2013-10-23,4.42,4.42,4.33,4.39,208755,AMOC,Alexandria Mineral Oils Company,0.007824696481287205
2013-10-24,4.39,4.39,4.28,4.33,151230,AMOC,Alexandria Mineral Oils Company,0.007824696481287205
2013-10-27,4.33,4.39,4.3,4.33,103410,AMOC,Alexandria Mineral Oils Company,0.007824696481287205
2013-10-28,4.33,4.33,4.26,4.27,286335,AMOC,Alexandria Mineral Oils Company,0.007824696481287205
2013-10-29,4.27,4.3,4.25,4.27,413400,AMOC,Alexandria Mineral Oils Company,0.007824696481287205
2013-10-30,4.27,4.32,4.27,4.29,144165,AMOC,Alexandria Mineral Oils Company,0.007824696481287205
2013-10-31,4.29,4.29,4.2,4.21,393420,AMOC,Alexandria Mineral Oils Company,0.007824696481287205
2013-11-03,4.21,4.3,4.2,4.24,178095,AMOC,Alexandria Mineral Oils Company,0.007824696481287205
2013-11-04,4.24,4.25,4.22,4.24,318540,AMOC,Alexandria Mineral Oils Company,0.007824696481287205
2013-11-06,4.24,4.27,4.23,4.24,3197220,AMOC,Alexandria Mineral Oils Company,0.007824696481287205
2013-11-07,4.24,4.3,4.24,4.27,2807625,AMOC,Alexandria Mineral Oils Company,0.007824696481287205
2013-11-10,4.27,4.27,4.23,4.23,302385,AMOC,Alexandria Mineral Oils Company,0.007824696481287205
2013-11-11,4.23,4.26,4.21,4.23,347355,AMOC,Alexandria Mineral Oils Company,0.007824696481287205
2013-11-12,4.23,4.27,4.23,4.24,402720,AMOC,Alexandria Mineral Oils Company,0.007824696481287205
2013-11-13,4.24,4.27,4.22,4.23,379560,AMOC,Alexandria Mineral Oils Company,0.007824696481287205
2013-11-14,4.23,4.25,4.23,4.23,922575,AMOC,Alexandria Mineral Oils Company,0.007824696481287205
2013-11-17,4.23,4.27,4.22,4.24,142920,AMOC,Alexandria Mineral Oils Company,0.007824696481287205
2013-11-18,4.24,4.26,4.22,4.24,1206810,AMOC,Alexandria Mineral Oils Company,0.007824696481287205
2013-11-19,4.24,4.24,4.2,4.21,641145,AMOC,Alexandria Mineral Oils Company,0.007824696481287205
2013-11-20,4.21,4.23,4.19,4.23,346140,AMOC,Alexandria Mineral Oils Company,0.007824696481287205
2013-11-21,4.23,4.25,4.22,4.23,277350,AMOC,Alexandria Mineral Oils Company,0.007824696481287205
2013-11-24,4.23,4.29,4.22,4.24,11535,AMOC,Alexandria Mineral Oils Company,0.007824696481287205
2013-11-25,4.24,4.24,4.13,4.17,698535,AMOC,Alexandria Mineral Oils Company,0.007824696481287205
2013-11-26,4.17,4.17,4.13,4.13,330600,AMOC,Alexandria Mineral Oils Company,0.007824696481287205
2013-11-27,4.13,4.13,4.09,4.11,386010,AMOC,Alexandria Mineral Oils Company,0.007824696481287205
2013-11-28,4.11,4.13,4.09,4.12,50160,AMOC,Alexandria Mineral Oils Company,0.007824696481287205
2013-12-01,4.12,4.19,4.12,4.17,124980,AMOC,Alexandria Mineral Oils Company,0.007824696481287205
2013-12-02,4.17,4.17,4.12,4.12,395100,AMOC,Alexandria Mineral Oils Company,0.007824696481287205
2013-12-03,4.12,4.13,4.11,4.12,1940055,AMOC,Alexandria Mineral Oils Company,0.007824696481287205
2013-12-04,4.12,4.15,4.12,4.13,49560,AMOC,Alexandria Mineral Oils Company,0.007824696481287205
2013-12-05,4.13,4.13,4.11,4.12,366825,AMOC,Alexandria Mineral Oils Company,0.007824696481287205
2013-12-08,4.12,4.16,4.12,4.15,16155,AMOC,Alexandria Mineral Oils Company,0.007824696481287205
2013-12-09,4.15,4.15,4.11,4.13,45120,AMOC,Alexandria Mineral Oils Company,0.007824696481287205
2013-12-10,4.13,4.13,4.13,4.13,138435,AMOC,Alexandria Mineral Oils Company,0.007824696481287205
2013-12-11,4.13,4.13,4.13,4.13,27000,AMOC,Alexandria Mineral Oils Company,0.007824696481287205
2013-12-12,4.13,4.15,4.13,4.13,382305,AMOC,Alexandria Mineral Oils Company,0.007824696481287205
2013-12-15,4.13,4.17,4.13,4.15,101010,AMOC,Alexandria Mineral Oils Company,0.007824696481287205
2013-12-16,4.15,4.23,4.14,4.15,1949895,AMOC,Alexandria Mineral Oils Company,0.007824696481287205
2013-12-17,4.15,4.19,4.15,4.17,151515,AMOC,Alexandria Mineral Oils Company,0.007824696481287205
2013-12-18,4.17,4.18,4.17,4.17,125385,AMOC,Alexandria Mineral Oils Company,0.007824696481287205
2013-12-19,4.17,4.21,4.17,4.19,2336145,AMOC,Alexandria Mineral Oils Company,0.007824696481287205
2013-12-22,4.19,4.23,4.19,4.21,112275,AMOC,Alexandria Mineral Oils Company,0.007824696481287205
2013-12-23,4.21,4.25,4.2,4.23,114060,AMOC,Alexandria Mineral Oils Company,0.007824696481287205
2013-12-24,4.23,4.3,4.15,4.27,589335,AMOC,Alexandria Mineral Oils Company,0.007824696481287205
2013-12-25,4.27,4.33,4.27,4.29,165765,AMOC,Alexandria Mineral Oils Company,0.007824696481287205
2013-12-26,4.29,4.33,4.27,4.28,75120,AMOC,Alexandria Mineral Oils Company,0.007824696481287205
2013-12-29,4.28,4.33,4.25,4.29,118320,AMOC,Alexandria Mineral Oils Company,0.007824696481287205
2013-12-30,4.29,4.29,4.27,4.27,62550,AMOC,Alexandria Mineral Oils Company,0.007824696481287205
2013-12-31,50.27,50.45,50.16,50.24,3933,AMOC,Alexandria Mineral Oils Company,0.007824696481287205
2014-01-02,4.27,4.27,4.24,4.26,67875,AMOC,Alexandria Mineral Oils Company,0.007824696481287205
2014-01-05,4.26,4.31,4.24,4.26,45300,AMOC,Alexandria Mineral Oils Company,0.007824696481287205
2014-01-06,4.26,4.27,4.25,4.26,83940,AMOC,Alexandria Mineral Oils Company,0.007824696481287205
2014-01-08,4.26,4.35,4.26,4.33,297765,AMOC,Alexandria Mineral Oils Company,0.007824696481287205
2014-01-09,4.33,4.33,4.31,4.33,290265,AMOC,Alexandria Mineral Oils Company,0.007824696481287205
2014-01-12,4.33,4.4,4.33,4.36,169485,AMOC,Alexandria Mineral Oils Company,0.007824696481287205
2014-01-14,4.36,4.4,4.34,4.39,669555,AMOC,Alexandria Mineral Oils Company,0.007824696481287205
2014-01-15,4.39,4.39,4.29,4.32,291255,AMOC,Alexandria Mineral Oils Company,0.007824696481287205
2014-01-16,4.32,4.33,4.29,4.33,328650,AMOC,Alexandria Mineral Oils Company,0.007824696481287205
2014-01-19,4.33,4.33,4.27,4.29,442950,AMOC,Alexandria Mineral Oils Company,0.007824696481287205
2014-01-20,4.29,4.29,4.25,4.27,187380,AMOC,Alexandria Mineral Oils Company,0.007824696481287205
2014-01-21,4.27,4.33,4.27,4.27,65550,AMOC,Alexandria Mineral Oils Company,0.007824696481287205
2014-01-22,4.27,4.3,4.27,4.29,2190765,AMOC,Alexandria Mineral Oils Company,0.007824696481287205
2014-01-23,4.29,4.29,4.27,4.27,448245,AMOC,Alexandria Mineral Oils Company,0.007824696481287205
2014-01-26,4.27,4.27,4.25,4.27,85530,AMOC,Alexandria Mineral Oils Company,0.007824696481287205
2014-01-27,4.27,4.27,4.23,4.25,134805,AMOC,Alexandria Mineral Oils Company,0.007824696481287205
2014-01-28,4.25,4.27,4.21,4.23,293430,AMOC,Alexandria Mineral Oils Company,0.007824696481287205
2014-01-29,4.23,4.26,4.22,4.23,198375,AMOC,Alexandria Mineral Oils Company,0.007824696481287205
2014-01-30,4.23,4.23,4.21,4.23,233145,AMOC,Alexandria Mineral Oils Company,0.007824696481287205
2014-02-02,4.23,4.27,4.22,4.23,162285,AMOC,Alexandria Mineral Oils Company,0.007824696481287205
2014-02-03,4.23,4.25,4.22,4.23,46710,AMOC,Alexandria Mineral Oils Company,0.007824696481287205
2014-02-04,4.23,4.26,4.23,4.23,629625,AMOC,Alexandria Mineral Oils Company,0.007824696481287205
2014-02-05,4.23,4.27,4.23,4.27,450285,AMOC,Alexandria Mineral Oils Company,0.007824696481287205
2014-02-06,4.27,4.33,4.27,4.29,743685,AMOC,Alexandria Mineral Oils Company,0.007824696481287205
2014-02-09,4.29,4.37,4.29,4.36,173235,AMOC,Alexandria Mineral Oils Company,0.007824696481287205
2014-02-10,4.36,4.37,4.29,4.35,93930,AMOC,Alexandria Mineral Oils Company,0.007824696481287205
2014-02-11,4.35,4.35,4.29,4.32,502875,AMOC,Alexandria Mineral Oils Company,0.007824696481287205
2014-02-12,4.32,4.35,4.32,4.35,27930,AMOC,Alexandria Mineral Oils Company,0.007824696481287205
2014-02-13,4.35,4.39,4.35,4.37,938925,AMOC,Alexandria Mineral Oils Company,0.007824696481287205
2014-02-16,4.37,4.4,4.37,4.39,303945,AMOC,Alexandria Mineral Oils Company,0.007824696481287205
2014-02-17,4.39,4.43,4.37,4.41,152805,AMOC,Alexandria Mineral Oils Company,0.007824696481287205
2014-02-18,4.41,4.5,4.41,4.43,1290240,AMOC,Alexandria Mineral Oils Company,0.007824696481287205
2014-02-19,4.43,4.57,4.43,4.53,622275,AMOC,Alexandria Mineral Oils Company,0.007824696481287205
2014-02-20,4.53,4.59,4.51,4.53,360525,AMOC,Alexandria Mineral Oils Company,0.007824696481287205
2014-02-23,4.53,4.61,4.53,4.6,831060,AMOC,Alexandria Mineral Oils Company,0.007824696481287205
2014-02-24,4.6,4.6,4.53,4.55,157935,AMOC,Alexandria Mineral Oils Company,0.007824696481287205
2014-02-25,4.55,4.57,4.51,4.53,423045,AMOC,Alexandria Mineral Oils Company,0.007824696481287205
2014-02-26,4.53,4.6,4.53,4.55,1283655,AMOC,Alexandria Mineral Oils Company,0.007824696481287205
2014-02-27,4.55,4.67,4.55,4.63,655350,AMOC,Alexandria Mineral Oils Company,0.007824696481287205
2014-03-02,4.63,4.67,4.53,4.58,188085,AMOC,Alexandria Mineral Oils Company,0.007824696481287205
2014-03-03,4.58,4.58,4.51,4.53,335220,AMOC,Alexandria Mineral Oils Company,0.007824696481287205
2014-03-04,4.53,4.61,4.5,4.58,1633455,AMOC,Alexandria Mineral Oils Company,0.007824696481287205
2014-03-05,4.58,4.63,4.57,4.61,57810,AMOC,Alexandria Mineral Oils Company,0.007824696481287205
2014-03-06,4.61,4.67,4.6,4.62,168705,AMOC,Alexandria Mineral Oils Company,0.007824696481287205
2014-03-09,4.62,4.67,4.6,4.63,74445,AMOC,Alexandria Mineral Oils Company,0.007824696481287205
2014-03-10,4.63,4.67,4.54,4.66,80025,AMOC,Alexandria Mineral Oils Company,0.007824696481287205
2014-03-11,4.66,4.67,4.6,4.67,175425,AMOC,Alexandria Mineral Oils Company,0.007824696481287205
2014-03-12,4.67,4.67,4.62,4.63,1210470,AMOC,Alexandria Mineral Oils Company,0.007824696481287205
2014-03-13,4.63,4.65,4.59,4.6,324510,AMOC,Alexandria Mineral Oils Company,0.007824696481287205
2014-03-16,4.6,4.63,4.57,4.59,63285,AMOC,Alexandria Mineral Oils Company,0.007824696481287205
2014-03-17,4.59,4.63,4.47,4.55,423345,AMOC,Alexandria Mineral Oils Company,0.007824696481287205
2014-03-18,4.55,4.6,4.55,4.58,18870,AMOC,Alexandria Mineral Oils Company,0.007824696481287205
2014-03-19,4.58,4.59,4.54,4.59,109320,AMOC,Alexandria Mineral Oils Company,0.007824696481287205
2014-03-20,4.59,4.63,4.53,4.59,1729380,AMOC,Alexandria Mineral Oils Company,0.007824696481287205
2014-03-23,4.59,4.63,4.59,4.6,178740,AMOC,Alexandria Mineral Oils Company,0.007824696481287205
2014-03-24,4.6,4.65,4.57,4.6,1065780,AMOC,Alexandria Mineral Oils Company,0.007824696481287205
2014-03-25,4.6,4.66,4.6,4.62,196125,AMOC,Alexandria Mineral Oils Company,0.007824696481287205
2014-03-26,4.62,4.75,4.62,4.71,2149590,AMOC,Alexandria Mineral Oils Company,0.007824696481287205
2014-03-27,4.71,4.73,4.61,4.67,1061460,AMOC,Alexandria Mineral Oils Company,0.007824696481287205
2014-03-30,4.67,4.67,4.6,4.66,1761975,AMOC,Alexandria Mineral Oils Company,0.007824696481287205
2014-03-31,4.66,4.66,4.51,4.57,455085,AMOC,Alexandria Mineral Oils Company,0.007824696481287205
2014-04-01,4.57,4.63,4.53,4.6,169665,AMOC,Alexandria Mineral Oils Company,0.007824696481287205
2014-04-02,4.6,4.62,4.6,4.6,171255,AMOC,Alexandria Mineral Oils Company,0.007824696481287205
2014-04-03,4.6,4.61,4.53,4.59,277110,AMOC,Alexandria Mineral Oils Company,0.007824696481287205
2014-04-06,4.59,4.61,4.53,4.56,254445,AMOC,Alexandria Mineral Oils Company,0.007824696481287205
2014-04-07,4.56,4.6,4.53,4.59,64170,AMOC,Alexandria Mineral Oils Company,0.007824696481287205
2014-04-08,4.59,4.68,4.55,4.67,2767605,AMOC,Alexandria Mineral Oils Company,0.007824696481287205
2014-04-09,4.67,4.7,4.67,4.7,556875,AMOC,Alexandria Mineral Oils Company,0.007824696481287205
2014-04-10,4.7,4.7,4.64,4.68,52410,AMOC,Alexandria Mineral Oils Company,0.007824696481287205
2014-04-13,4.68,4.7,4.65,4.67,165345,AMOC,Alexandria Mineral Oils Company,0.007824696481287205
2014-04-14,4.67,4.69,4.67,4.67,607845,AMOC,Alexandria Mineral Oils Company,0.007824696481287205
2014-04-15,4.67,4.76,4.67,4.71,1738140,AMOC,Alexandria Mineral Oils Company,0.007824696481287205
2014-04-16,4.71,4.93,4.71,4.81,2725680,AMOC,Alexandria Mineral Oils Company,0.007824696481287205
2014-04-17,4.81,4.97,4.81,4.93,892680,AMOC,Alexandria Mineral Oils Company,0.007824696481287205
2014-04-22,4.93,5.07,4.93,5.03,2398440,AMOC,Alexandria Mineral Oils Company,0.007824696481287205
2014-04-23,5.03,5.03,4.95,4.99,106080,AMOC,Alexandria Mineral Oils Company,0.007824696481287205
2014-04-27,4.99,5.17,4.99,5.15,1793370,AMOC,Alexandria Mineral Oils Company,0.007824696481287205
2014-04-28,5.15,5.16,5.11,5.14,854595,AMOC,Alexandria Mineral Oils Company,0.007824696481287205
2014-04-29,5.14,5.15,5.13,5.13,632415,AMOC,Alexandria Mineral Oils Company,0.007824696481287205
2014-04-30,5.13,5.2,5.13,5.19,577455,AMOC,Alexandria Mineral Oils Company,0.007824696481287205
2014-05-04,5.19,5.2,5.13,5.2,506490,AMOC,Alexandria Mineral Oils Company,0.007824696481287205
2014-05-05,5.2,5.23,5.2,5.21,222060,AMOC,Alexandria Mineral Oils Company,0.007824696481287205
2014-05-06,5.21,5.37,5.21,5.36,8855310,AMOC,Alexandria Mineral Oils Company,0.007824696481287205
2014-05-07,5.36,5.4,5.31,5.36,143760,AMOC,Alexandria Mineral Oils Company,0.007824696481287205
2014-05-08,5.36,5.36,5.27,5.33,161625,AMOC,Alexandria Mineral Oils Company,0.007824696481287205
2014-05-11,5.33,5.33,5.27,5.29,136860,AMOC,Alexandria Mineral Oils Company,0.007824696481287205
2014-05-12,5.29,5.33,5.27,5.32,98880,AMOC,Alexandria Mineral Oils Company,0.007824696481287205
2014-05-13,5.32,5.4,5.29,5.38,196380,AMOC,Alexandria Mineral Oils Company,0.007824696481287205
2014-05-14,5.38,5.44,5.38,5.41,295065,AMOC,Alexandria Mineral Oils Company,0.007824696481287205
2014-05-15,5.41,5.5,5.4,5.47,664530,AMOC,Alexandria Mineral Oils Company,0.007824696481287205
2014-05-18,5.47,5.47,5.37,5.4,4548045,AMOC,Alexandria Mineral Oils Company,0.007824696481287205
2014-05-19,5.4,5.47,5.32,5.35,420060,AMOC,Alexandria Mineral Oils Company,0.007824696481287205
2014-05-20,5.35,5.35,5.27,5.31,163305,AMOC,Alexandria Mineral Oils Company,0.007824696481287205
2014-05-21,5.31,5.31,5.27,5.27,240225,AMOC,Alexandria Mineral Oils Company,0.007824696481287205
2014-05-22,5.27,5.33,5.22,5.3,1564530,AMOC,Alexandria Mineral Oils Company,0.007824696481287205
2014-05-25,5.3,5.33,5.28,5.33,199125,AMOC,Alexandria Mineral Oils Company,0.007824696481287205
2014-05-26,5.33,5.33,5.28,5.31,222300,AMOC,Alexandria Mineral Oils Company,0.007824696481287205
2014-05-28,5.31,5.31,5.27,5.27,139125,AMOC,Alexandria Mineral Oils Company,0.007824696481287205
2014-05-29,5.27,5.33,5.1,5.19,694815,AMOC,Alexandria Mineral Oils Company,0.007824696481287205
2014-06-01,5.19,5.19,4.8,4.99,65100,AMOC,Alexandria Mineral Oils Company,0.007824696481287205
2014-06-02,4.99,5.17,4.99,5.12,203715,AMOC,Alexandria Mineral Oils Company,0.007824696481287205
2014-06-03,5.12,5.12,5.07,5.07,180225,AMOC,Alexandria Mineral Oils Company,0.007824696481287205
2014-06-04,5.07,5.16,5.07,5.13,52380,AMOC,Alexandria Mineral Oils Company,0.007824696481287205
2014-06-05,5.13,5.29,5.13,5.23,248940,AMOC,Alexandria Mineral Oils Company,0.007824696481287205
2014-06-09,5.23,5.33,5.22,5.29,65670,AMOC,Alexandria Mineral Oils Company,0.007824696481287205
2014-06-10,5.29,5.37,5.27,5.34,315855,AMOC,Alexandria Mineral Oils Company,0.007824696481287205
2014-06-11,5.34,5.41,5.34,5.4,461910,AMOC,Alexandria Mineral Oils Company,0.007824696481287205
2014-06-12,5.4,5.46,5.4,5.44,495900,AMOC,Alexandria Mineral Oils Company,0.007824696481287205
2014-06-15,5.44,5.44,5.27,5.35,22800,AMOC,Alexandria Mineral Oils Company,0.007824696481287205
2014-06-16,5.35,5.37,5.33,5.34,157965,AMOC,Alexandria Mineral Oils Company,0.007824696481287205
2014-06-17,5.34,5.34,5.27,5.29,81645,AMOC,Alexandria Mineral Oils Company,0.007824696481287205
2014-06-18,5.29,5.33,5.29,5.33,61545,AMOC,Alexandria Mineral Oils Company,0.007824696481287205
2014-06-19,5.33,5.33,5.23,5.27,509835,AMOC,Alexandria Mineral Oils Company,0.007824696481287205
2014-06-22,5.27,5.33,5.27,5.32,19500,AMOC,Alexandria Mineral Oils Company,0.007824696481287205
2014-06-23,5.32,5.32,5.29,5.29,16080,AMOC,Alexandria Mineral Oils Company,0.007824696481287205
2014-06-24,5.29,5.29,5.27,5.27,189645,AMOC,Alexandria Mineral Oils Company,0.007824696481287205
2014-06-25,5.27,5.27,5.24,5.27,87480,AMOC,Alexandria Mineral Oils Company,0.007824696481287205
2014-06-26,5.27,5.27,5.23,5.27,806460,AMOC,Alexandria Mineral Oils Company,0.007824696481287205
2014-06-29,5.27,5.38,5.21,5.31,1500510,AMOC,Alexandria Mineral Oils Company,0.007824696481287205
2014-06-30,5.31,5.6,5.27,5.47,1406190,AMOC,Alexandria Mineral Oils Company,0.007824696481287205
2014-07-02,5.47,5.53,5.37,5.41,319515,AMOC,Alexandria Mineral Oils Company,0.007824696481287205
2014-07-03,5.41,5.47,5.4,5.45,605250,AMOC,Alexandria Mineral Oils Company,0.007824696481287205
2014-07-06,5.45,5.53,5.41,5.51,236340,AMOC,Alexandria Mineral Oils Company,0.007824696481287205
2014-07-07,5.51,5.53,5.5,5.53,107820,AMOC,Alexandria Mineral Oils Company,0.007824696481287205
2014-07-08,5.53,5.53,5.49,5.5,173880,AMOC,Alexandria Mineral Oils Company,0.007824696481287205
2014-07-09,5.5,5.57,5.5,5.54,76365,AMOC,Alexandria Mineral Oils Company,0.007824696481287205
2014-07-10,5.54,5.56,5.47,5.53,22755,AMOC,Alexandria Mineral Oils Company,0.007824696481287205
2014-07-13,5.53,5.55,5.45,5.48,606330,AMOC,Alexandria Mineral Oils Company,0.007824696481287205
2014-07-14,5.48,5.53,5.47,5.49,73005,AMOC,Alexandria Mineral Oils Company,0.007824696481287205
2014-07-15,5.49,5.55,5.47,5.54,119415,AMOC,Alexandria Mineral Oils Company,0.007824696481287205
2014-07-16,5.54,5.54,5.5,5.53,296805,AMOC,Alexandria Mineral Oils Company,0.007824696481287205
2014-07-17,5.53,5.59,5.5,5.53,178365,AMOC,Alexandria Mineral Oils Company,0.007824696481287205
2014-07-20,5.53,5.53,5.47,5.49,16620,AMOC,Alexandria Mineral Oils Company,0.007824696481287205
2014-07-21,5.49,5.53,5.47,5.53,94365,AMOC,Alexandria Mineral Oils Company,0.007824696481287205
2014-07-22,5.53,5.53,5.48,5.53,174495,AMOC,Alexandria Mineral Oils Company,0.007824696481287205
2014-07-24,5.53,5.53,5.5,5.51,66165,AMOC,Alexandria Mineral Oils Company,0.007824696481287205
2014-07-27,5.51,5.53,5.51,5.53,146025,AMOC,Alexandria Mineral Oils Company,0.007824696481287205
2014-07-31,5.53,5.53,5.47,5.49,273735,AMOC,Alexandria Mineral Oils Company,0.007824696481287205
2014-08-03,5.49,5.49,5.46,5.47,422850,AMOC,Alexandria Mineral Oils Company,0.007824696481287205
2014-08-04,5.47,5.5,5.46,5.47,917745,AMOC,Alexandria Mineral Oils Company,0.007824696481287205
2014-08-05,5.47,5.53,5.42,5.44,98100,AMOC,Alexandria Mineral Oils Company,0.007824696481287205
2014-08-06,5.44,5.44,5.41,5.43,50070,AMOC,Alexandria Mineral Oils Company,0.007824696481287205
2014-08-07,5.43,5.44,5.37,5.42,299625,AMOC,Alexandria Mineral Oils Company,0.007824696481287205
2014-08-10,5.42,5.43,5.4,5.43,80445,AMOC,Alexandria Mineral Oils Company,0.007824696481287205
2014-08-11,5.43,5.5,5.37,5.41,173085,AMOC,Alexandria Mineral Oils Company,0.007824696481287205
2014-08-12,5.41,5.47,5.41,5.45,49680,AMOC,Alexandria Mineral Oils Company,0.007824696481287205
2014-08-13,5.45,5.45,5.4,5.41,132975,AMOC,Alexandria Mineral Oils Company,0.007824696481287205
2014-08-14,5.41,5.43,5.4,5.42,72435,AMOC,Alexandria Mineral Oils Company,0.007824696481287205
2014-08-17,5.42,5.43,5.4,5.41,47415,AMOC,Alexandria Mineral Oils Company,0.007824696481287205
2014-08-18,5.41,5.48,5.37,5.42,120840,AMOC,Alexandria Mineral Oils Company,0.007824696481287205
2014-08-19,5.42,5.42,5.37,5.39,32430,AMOC,Alexandria Mineral Oils Company,0.007824696481287205
2014-08-20,5.39,5.41,5.33,5.36,87645,AMOC,Alexandria Mineral Oils Company,0.007824696481287205
2014-08-21,5.36,5.36,5.32,5.33,78540,AMOC,Alexandria Mineral Oils Company,0.007824696481287205
2014-08-24,5.33,5.37,5.33,5.34,66420,AMOC,Alexandria Mineral Oils Company,0.007824696481287205
2014-08-25,5.34,5.34,5.29,5.3,89895,AMOC,Alexandria Mineral Oils Company,0.007824696481287205
2014-08-26,5.3,5.33,5.24,5.28,46815,AMOC,Alexandria Mineral Oils Company,0.007824696481287205
2014-08-27,5.28,5.3,5.24,5.26,170640,AMOC,Alexandria Mineral Oils Company,0.007824696481287205
2014-08-28,5.26,5.27,5.2,5.24,141900,AMOC,Alexandria Mineral Oils Company,0.007824696481287205
2014-08-31,5.24,5.27,5.23,5.27,77730,AMOC,Alexandria Mineral Oils Company,0.007824696481287205
2014-09-01,5.27,5.33,5.25,5.27,212940,AMOC,Alexandria Mineral Oils Company,0.007824696481287205
2014-09-02,5.27,5.27,5.23,5.25,511500,AMOC,Alexandria Mineral Oils Company,0.007824696481287205
2014-09-03,5.25,5.27,5.24,5.27,112980,AMOC,Alexandria Mineral Oils Company,0.007824696481287205
2014-09-04,5.27,5.32,5.23,5.25,98910,AMOC,Alexandria Mineral Oils Company,0.007824696481287205
2014-09-07,5.25,5.25,5.2,5.24,26145,AMOC,Alexandria Mineral Oils Company,0.007824696481287205
2014-09-08,5.24,5.24,5.17,5.19,204645,AMOC,Alexandria Mineral Oils Company,0.007824696481287205
2014-09-09,5.19,5.2,5.07,5.12,197925,AMOC,Alexandria Mineral Oils Company,0.007824696481287205
2014-09-10,5.12,5.23,5.1,5.15,37770,AMOC,Alexandria Mineral Oils Company,0.007824696481287205
2014-09-11,5.15,5.2,5.1,5.15,226500,AMOC,Alexandria Mineral Oils Company,0.007824696481287205
2014-09-14,5.15,5.4,5.13,5.34,502770,AMOC,Alexandria Mineral Oils Company,0.007824696481287205
2014-09-15,5.34,5.4,5.34,5.4,704175,AMOC,Alexandria Mineral Oils Company,0.007824696481287205
2014-09-16,5.4,5.47,5.4,5.45,226530,AMOC,Alexandria Mineral Oils Company,0.007824696481287205
2014-09-17,5.45,5.53,5.4,5.5,342255,AMOC,Alexandria Mineral Oils Company,0.007824696481287205
2014-09-18,5.5,5.57,5.5,5.54,297480,AMOC,Alexandria Mineral Oils Company,0.007824696481287205
2014-09-21,5.54,5.57,5.33,5.45,1156590,AMOC,Alexandria Mineral Oils Company,0.007824696481287205
2014-09-22,5.45,5.45,5.27,5.27,1426605,AMOC,Alexandria Mineral Oils Company,0.007824696481287205
2014-09-23,5.27,5.33,5.27,5.29,265830,AMOC,Alexandria Mineral Oils Company,0.007824696481287205
2014-09-24,5.29,5.4,5.29,5.36,235290,AMOC,Alexandria Mineral Oils Company,0.007824696481287205
2014-09-25,5.36,5.4,5.33,5.33,4382850,AMOC,Alexandria Mineral Oils Company,0.007824696481287205
2014-09-28,5.33,5.37,5.27,5.31,186255,AMOC,Alexandria Mineral Oils Company,0.007824696481287205
2014-09-29,5.31,5.38,5.31,5.36,198840,AMOC,Alexandria Mineral Oils Company,0.007824696481287205
2014-09-30,5.36,5.36,5.33,5.33,58590,AMOC,Alexandria Mineral Oils Company,0.007824696481287205
2014-10-01,5.33,5.37,5.31,5.33,55395,AMOC,Alexandria Mineral Oils Company,0.007824696481287205
2014-10-02,5.33,5.43,5.33,5.39,117870,AMOC,Alexandria Mineral Oils Company,0.007824696481287205
2014-10-08,5.39,5.43,5.35,5.4,223125,AMOC,Alexandria Mineral Oils Company,0.007824696481287205
2014-10-09,5.4,5.43,5.35,5.4,229530,AMOC,Alexandria Mineral Oils Company,0.007824696481287205
2014-10-12,5.4,5.42,5.1,5.24,209220,AMOC,Alexandria Mineral Oils Company,0.007824696481287205
2014-10-13,5.24,5.24,4.71,4.75,238095,AMOC,Alexandria Mineral Oils Company,0.007824696481287205
2014-10-14,4.75,4.79,4.47,4.62,162585,AMOC,Alexandria Mineral Oils Company,0.007824696481287205
2014-10-15,4.62,4.73,4.62,4.69,77400,AMOC,Alexandria Mineral Oils Company,0.007824696481287205
2014-10-16,4.69,4.69,4.53,4.54,177585,AMOC,Alexandria Mineral Oils Company,0.007824696481287205
2014-10-19,4.54,4.67,4.5,4.65,165090,AMOC,Alexandria Mineral Oils Company,0.007824696481287205
2014-10-20,4.65,4.67,4.6,4.62,106590,AMOC,Alexandria Mineral Oils Company,0.007824696481287205
2014-10-21,4.62,4.67,4.62,4.67,2351580,AMOC,Alexandria Mineral Oils Company,0.007824696481287205
2014-10-22,4.67,4.67,4.55,4.67,676605,AMOC,Alexandria Mineral Oils Company,0.007824696481287205
2014-10-23,4.67,4.67,4.63,4.66,63735,AMOC,Alexandria Mineral Oils Company,0.007824696481287205
2014-10-26,4.66,4.67,4.63,4.67,136185,AMOC,Alexandria Mineral Oils Company,0.007824696481287205
2014-10-27,4.67,4.68,4.65,4.67,210855,AMOC,Alexandria Mineral Oils Company,0.007824696481287205
2014-10-28,4.67,4.67,4.63,4.66,30630,AMOC,Alexandria Mineral Oils Company,0.007824696481287205
2014-10-29,4.66,4.67,4.64,4.65,4020,AMOC,Alexandria Mineral Oils Company,0.007824696481287205
2014-10-30,4.65,4.68,4.65,4.67,387795,AMOC,Alexandria Mineral Oils Company,0.007824696481287205
2014-11-02,4.67,4.67,4.65,4.67,39165,AMOC,Alexandria Mineral Oils Company,0.007824696481287205
2014-11-03,4.67,4.67,4.63,4.67,946725,AMOC,Alexandria Mineral Oils Company,0.007824696481287205
2014-11-04,4.67,4.68,4.66,4.67,695085,AMOC,Alexandria Mineral Oils Company,0.007824696481287205
2014-11-05,4.67,4.67,4.67,4.67,465450,AMOC,Alexandria Mineral Oils Company,0.007824696481287205
2014-11-06,4.67,4.67,4.67,4.67,55965,AMOC,Alexandria Mineral Oils Company,0.007824696481287205
2014-11-09,4.67,4.68,4.63,4.67,228510,AMOC,Alexandria Mineral Oils Company,0.007824696481287205
2014-11-10,4.67,4.67,4.67,4.67,387330,AMOC,Alexandria Mineral Oils Company,0.007824696481287205
2014-11-11,4.67,4.67,4.65,4.67,61710,AMOC,Alexandria Mineral Oils Company,0.007824696481287205
2014-11-12,4.67,4.67,4.59,4.64,20100,AMOC,Alexandria Mineral Oils Company,0.007824696481287205
2014-11-13,4.64,4.64,4.57,4.64,1320,AMOC,Alexandria Mineral Oils Company,0.007824696481287205
2014-11-16,4.64,4.64,4.57,4.64,840,AMOC,Alexandria Mineral Oils Company,0.007824696481287205
2014-11-17,4.64,4.64,4.55,4.57,297240,AMOC,Alexandria Mineral Oils Company,0.007824696481287205
2014-11-18,4.57,4.6,4.53,4.55,11370,AMOC,Alexandria Mineral Oils Company,0.007824696481287205
2014-11-19,4.55,4.66,4.54,4.6,120495,AMOC,Alexandria Mineral Oils Company,0.007824696481287205
2014-11-20,4.6,4.6,4.6,4.6,27390,AMOC,Alexandria Mineral Oils Company,0.007824696481287205
2014-11-23,4.6,4.6,4.55,4.55,27165,AMOC,Alexandria Mineral Oils Company,0.007824696481287205
2014-11-24,4.55,4.6,4.55,4.59,2368590,AMOC,Alexandria Mineral Oils Company,0.007824696481287205
2014-11-25,4.59,4.67,4.57,4.6,1221525,AMOC,Alexandria Mineral Oils Company,0.007824696481287205
2014-11-26,4.6,4.73,4.6,4.63,184470,AMOC,Alexandria Mineral Oils Company,0.007824696481287205
2014-11-27,4.63,4.77,4.61,4.65,51795,AMOC,Alexandria Mineral Oils Company,0.007824696481287205
2014-11-30,4.65,4.67,4.65,4.65,985500,AMOC,Alexandria Mineral Oils Company,0.007824696481287205
2014-12-01,4.65,4.65,4.6,4.65,17880,AMOC,Alexandria Mineral Oils Company,0.007824696481287205
2014-12-02,4.65,4.65,4.6,4.6,16215,AMOC,Alexandria Mineral Oils Company,0.007824696481287205
2014-12-03,4.6,4.63,4.6,4.63,268965,AMOC,Alexandria Mineral Oils Company,0.007824696481287205
2014-12-04,4.63,4.63,4.61,4.62,380985,AMOC,Alexandria Mineral Oils Company,0.007824696481287205
2014-12-07,4.62,4.65,4.6,4.61,67020,AMOC,Alexandria Mineral Oils Company,0.007824696481287205
2014-12-08,4.61,4.61,4.57,4.6,475125,AMOC,Alexandria Mineral Oils Company,0.007824696481287205
2014-12-09,4.6,4.63,4.54,4.56,15495,AMOC,Alexandria Mineral Oils Company,0.007824696481287205
2014-12-10,4.56,4.6,4.56,4.59,123330,AMOC,Alexandria Mineral Oils Company,0.007824696481287205
2014-12-11,4.59,4.59,4.5,4.53,263745,AMOC,Alexandria Mineral Oils Company,0.007824696481287205
2014-12-14,4.53,4.67,4.3,4.35,266160,AMOC,Alexandria Mineral Oils Company,0.007824696481287205
2014-12-15,4.35,4.35,4.27,4.3,582750,AMOC,Alexandria Mineral Oils Company,0.007824696481287205
2014-12-16,4.3,4.3,4.15,4.21,260520,AMOC,Alexandria Mineral Oils Company,0.007824696481287205
2014-12-17,4.21,4.21,4.03,4.07,499845,AMOC,Alexandria Mineral Oils Company,0.007824696481287205
2014-12-18,4.07,4.15,4.07,4.07,308670,AMOC,Alexandria Mineral Oils Company,0.007824696481287205
2014-12-21,4.07,4.2,4.05,4.07,529590,AMOC,Alexandria Mineral Oils Company,0.007824696481287205
2014-12-22,4.07,4.07,4.05,4.06,191970,AMOC,Alexandria Mineral Oils Company,0.007824696481287205
2014-12-23,4.06,4.07,4.05,4.05,713970,AMOC,Alexandria Mineral Oils Company,0.007824696481287205
2014-12-24,4.05,4.07,4.01,4.06,12855,AMOC,Alexandria Mineral Oils Company,0.007824696481287205
2014-12-25,4.06,4.06,3.87,4.05,404595,AMOC,Alexandria Mineral Oils Company,0.007824696481287205
2014-12-29,4.05,4.13,4.05,4.09,3600,AMOC,Alexandria Mineral Oils Company,0.007824696481287205
2014-12-30,4.09,4.11,4.06,4.08,12660,AMOC,Alexandria Mineral Oils Company,0.007824696481287205
2014-12-31,4.08,4.13,4.0,4.07,74220,AMOC,Alexandria Mineral Oils Company,0.007824696481287205
2015-01-04,4.07,4.07,4.07,4.07,750,AMOC,Alexandria Mineral Oils Company,0.007824696481287205
2015-01-05,4.07,4.13,3.94,4.0,69105,AMOC,Alexandria Mineral Oils Company,0.007824696481287205
2015-01-06,4.0,4.0,3.97,3.99,36975,AMOC,Alexandria Mineral Oils Company,0.007824696481287205
2015-01-08,3.99,4.0,3.95,4.0,40050,AMOC,Alexandria Mineral Oils Company,0.007824696481287205
2015-01-11,4.0,4.0,3.9,3.98,18330,AMOC,Alexandria Mineral Oils Company,0.007824696481287205
2015-01-12,3.98,4.07,3.98,4.07,84525,AMOC,Alexandria Mineral Oils Company,0.007824696481287205
2015-01-13,4.07,4.17,3.97,4.05,61230,AMOC,Alexandria Mineral Oils Company,0.007824696481287205
2015-01-14,4.05,4.05,3.97,3.98,83295,AMOC,Alexandria Mineral Oils Company,0.007824696481287205
2015-01-15,3.98,4.0,3.91,3.93,139440,AMOC,Alexandria Mineral Oils Company,0.007824696481287205
2015-01-18,3.93,3.93,3.85,3.87,241950,AMOC,Alexandria Mineral Oils Company,0.007824696481287205
2015-01-19,3.87,3.87,3.8,3.83,224625,AMOC,Alexandria Mineral Oils Company,0.007824696481287205
2015-01-20,3.83,3.87,3.75,3.79,105960,AMOC,Alexandria Mineral Oils Company,0.007824696481287205
2015-01-21,3.79,3.79,3.74,3.77,822255,AMOC,Alexandria Mineral Oils Company,0.007824696481287205
2015-01-22,3.77,3.77,3.75,3.77,316590,AMOC,Alexandria Mineral Oils Company,0.007824696481287205
2015-01-26,3.77,4.13,3.74,3.83,186480,AMOC,Alexandria Mineral Oils Company,0.007824696481287205
2015-01-27,3.83,3.87,3.78,3.82,3377385,AMOC,Alexandria Mineral Oils Company,0.007824696481287205
2015-01-28,3.82,3.83,3.74,3.79,210225,AMOC,Alexandria Mineral Oils Company,0.007824696481287205
2015-01-29,3.79,3.8,3.73,3.74,241005,AMOC,Alexandria Mineral Oils Company,0.007824696481287205
2015-02-01,3.74,3.87,3.74,3.87,2415885,AMOC,Alexandria Mineral Oils Company,0.007824696481287205
2015-02-02,3.87,3.97,3.87,3.92,341580,AMOC,Alexandria Mineral Oils Company,0.007824696481287205
2015-02-03,3.92,3.96,3.88,3.91,167355,AMOC,Alexandria Mineral Oils Company,0.007824696481287205
2015-02-04,3.91,3.99,3.91,3.95,134910,AMOC,Alexandria Mineral Oils Company,0.007824696481287205
2015-02-05,3.95,4.0,3.93,3.98,87720,AMOC,Alexandria Mineral Oils Company,0.007824696481287205
2015-02-08,3.98,3.99,3.94,3.97,155625,AMOC,Alexandria Mineral Oils Company,0.007824696481287205
2015-02-09,3.97,3.97,3.93,3.94,258435,AMOC,Alexandria Mineral Oils Company,0.007824696481287205
2015-02-10,3.94,3.98,3.87,3.91,45000,AMOC,Alexandria Mineral Oils Company,0.007824696481287205
2015-02-11,3.94,3.94,3.87,3.91,319320,AMOC,Alexandria Mineral Oils Company,0.007824696481287205
2015-02-12,3.91,3.93,3.91,3.91,2520,AMOC,Alexandria Mineral Oils Company,0.007824696481287205
2015-02-15,3.91,3.91,3.87,3.88,14865,AMOC,Alexandria Mineral Oils Company,0.007824696481287205
2015-02-16,3.88,3.89,3.85,3.87,21390,AMOC,Alexandria Mineral Oils Company,0.007824696481287205
2015-02-17,3.87,3.87,3.77,3.8,72690,AMOC,Alexandria Mineral Oils Company,0.007824696481287205
2015-02-18,3.8,3.8,3.8,3.8,124950,AMOC,Alexandria Mineral Oils Company,0.007824696481287205
2015-02-19,3.8,3.8,3.69,3.75,149475,AMOC,Alexandria Mineral Oils Company,0.007824696481287205
2015-02-22,3.75,4.0,3.75,3.81,157275,AMOC,Alexandria Mineral Oils Company,0.007824696481287205
2015-02-23,3.81,3.81,3.77,3.77,72750,AMOC,Alexandria Mineral Oils Company,0.007824696481287205
2015-02-24,3.77,3.78,3.73,3.78,83805,AMOC,Alexandria Mineral Oils Company,0.007824696481287205
2015-02-25,3.78,3.78,3.74,3.76,5640,AMOC,Alexandria Mineral Oils Company,0.007824696481287205
2015-02-26,3.76,3.79,3.73,3.76,145965,AMOC,Alexandria Mineral Oils Company,0.007824696481287205
2015-03-01,3.76,3.76,3.73,3.76,2010,AMOC,Alexandria Mineral Oils Company,0.007824696481287205
2015-03-02,3.76,3.76,3.67,3.74,56220,AMOC,Alexandria Mineral Oils Company,0.007824696481287205
2015-03-03,3.74,3.74,3.72,3.73,254355,AMOC,Alexandria Mineral Oils Company,0.007824696481287205
2015-03-04,3.73,3.73,3.7,3.72,35040,AMOC,Alexandria Mineral Oils Company,0.007824696481287205
2015-03-05,3.72,3.73,3.72,3.73,47655,AMOC,Alexandria Mineral Oils Company,0.007824696481287205
2015-03-08,3.73,3.73,3.71,3.73,37395,AMOC,Alexandria Mineral Oils Company,0.007824696481287205
2015-03-09,3.73,3.73,3.72,3.73,3945,AMOC,Alexandria Mineral Oils Company,0.007824696481287205
2015-03-10,3.73,3.73,3.69,3.73,102825,AMOC,Alexandria Mineral Oils Company,0.007824696481287205
2015-03-11,3.73,3.73,3.69,3.72,16440,AMOC,Alexandria Mineral Oils Company,0.007824696481287205
2015-03-12,3.72,3.73,3.72,3.73,372210,AMOC,Alexandria Mineral Oils Company,0.007824696481287205
2015-03-15,3.73,3.73,3.73,3.73,28485,AMOC,Alexandria Mineral Oils Company,0.007824696481287205
2015-03-16,3.73,3.73,3.69,3.73,1230,AMOC,Alexandria Mineral Oils Company,0.007824696481287205
2015-03-17,3.73,3.73,3.69,3.71,21855,AMOC,Alexandria Mineral Oils Company,0.007824696481287205
2015-03-18,3.71,3.72,3.67,3.68,34860,AMOC,Alexandria Mineral Oils Company,0.007824696481287205
2015-03-19,3.68,3.68,3.63,3.63,10500,AMOC,Alexandria Mineral Oils Company,0.007824696481287205
2015-03-22,3.63,3.63,3.59,3.61,11430,AMOC,Alexandria Mineral Oils Company,0.007824696481287205
2015-03-23,3.61,3.61,3.51,3.57,37905,AMOC,Alexandria Mineral Oils Company,0.007824696481287205
2015-03-24,3.57,3.57,3.44,3.47,266670,AMOC,Alexandria Mineral Oils Company,0.007824696481287205
2015-03-25,3.47,3.47,3.4,3.41,30720,AMOC,Alexandria Mineral Oils Company,0.007824696481287205
2015-03-26,3.41,3.41,3.34,3.35,292605,AMOC,Alexandria Mineral Oils Company,0.007824696481287205
2015-03-29,3.35,3.45,3.35,3.41,7605,AMOC,Alexandria Mineral Oils Company,0.007824696481287205
2015-03-30,3.41,3.41,3.4,3.4,14475,AMOC,Alexandria Mineral Oils Company,0.007824696481287205
2015-03-31,3.4,3.47,3.3,3.33,296385,AMOC,Alexandria Mineral Oils Company,0.007824696481287205
2015-04-01,3.33,3.4,3.33,3.35,57165,AMOC,Alexandria Mineral Oils Company,0.007824696481287205
2015-04-02,3.35,3.35,3.34,3.34,7515,AMOC,Alexandria Mineral Oils Company,0.007824696481287205
2015-04-05,3.34,3.34,3.3,3.33,25080,AMOC,Alexandria Mineral Oils Company,0.007824696481287205
2015-04-06,3.33,3.33,3.27,3.27,165000,AMOC,Alexandria Mineral Oils Company,0.007824696481287205
2015-04-07,3.27,3.39,3.27,3.35,34320,AMOC,Alexandria Mineral Oils Company,0.007824696481287205
2015-04-08,3.35,3.4,3.35,3.39,88290,AMOC,Alexandria Mineral Oils Company,0.007824696481287205
2015-04-09,3.39,3.42,3.39,3.4,72090,AMOC,Alexandria Mineral Oils Company,0.007824696481287205
2015-04-14,3.4,3.4,3.37,3.39,86265,AMOC,Alexandria Mineral Oils Company,0.007824696481287205
2015-04-15,3.39,3.39,3.33,3.37,73380,AMOC,Alexandria Mineral Oils Company,0.007824696481287205
2015-04-16,3.37,3.37,3.33,3.33,85500,AMOC,Alexandria Mineral Oils Company,0.007824696481287205
2015-04-19,3.33,3.33,3.31,3.33,160080,AMOC,Alexandria Mineral Oils Company,0.007824696481287205
2015-04-20,3.33,3.33,3.23,3.29,56670,AMOC,Alexandria Mineral Oils Company,0.007824696481287205
2015-04-21,3.29,3.3,3.17,3.24,58605,AMOC,Alexandria Mineral Oils Company,0.007824696481287205
2015-04-22,3.24,3.25,3.24,3.25,3345,AMOC,Alexandria Mineral Oils Company,0.007824696481287205
2015-04-23,3.25,3.3,3.23,3.25,20760,AMOC,Alexandria Mineral Oils Company,0.007824696481287205
2015-04-26,3.25,3.25,3.2,3.25,555,AMOC,Alexandria Mineral Oils Company,0.007824696481287205
2015-04-27,3.25,3.25,3.1,3.13,23250,AMOC,Alexandria Mineral Oils Company,0.007824696481287205
2015-04-28,3.13,3.13,3.07,3.07,16455,AMOC,Alexandria Mineral Oils Company,0.007824696481287205
2015-04-29,3.07,3.13,3.07,3.1,93885,AMOC,Alexandria Mineral Oils Company,0.007824696481287205
2015-04-30,3.1,3.14,3.1,3.13,99930,AMOC,Alexandria Mineral Oils Company,0.007824696481287205
2015-05-03,3.13,3.2,3.07,3.11,167250,AMOC,Alexandria Mineral Oils Company,0.007824696481287205
2015-05-04,3.11,3.19,3.07,3.08,79035,AMOC,Alexandria Mineral Oils Company,0.007824696481287205
2015-05-05,3.08,3.2,3.08,3.15,313575,AMOC,Alexandria Mineral Oils Company,0.007824696481287205
2015-05-06,3.15,3.15,3.06,3.08,227970,AMOC,Alexandria Mineral Oils Company,0.007824696481287205
2015-05-07,3.08,3.08,3.06,3.07,71850,AMOC,Alexandria Mineral Oils Company,0.007824696481287205
2015-05-10,3.07,3.07,3.03,3.05,51480,AMOC,Alexandria Mineral Oils Company,0.007824696481287205
2015-05-11,3.05,3.07,3.03,3.03,2773980,AMOC,Alexandria Mineral Oils Company,0.007824696481287205
2015-05-12,3.03,3.03,3.01,3.02,253425,AMOC,Alexandria Mineral Oils Company,0.007824696481287205
2015-05-13,3.02,3.02,2.99,3.0,96465,AMOC,Alexandria Mineral Oils Company,0.007824696481287205
2015-05-14,3.0,3.07,2.99,2.99,420150,AMOC,Alexandria Mineral Oils Company,0.007824696481287205
2015-05-17,2.99,3.07,2.99,3.03,27435,AMOC,Alexandria Mineral Oils Company,0.007824696481287205
2015-05-18,3.03,3.19,3.03,3.13,506820,AMOC,Alexandria Mineral Oils Company,0.007824696481287205
2015-05-19,3.13,3.2,3.04,3.11,191805,AMOC,Alexandria Mineral Oils Company,0.007824696481287205
2015-05-20,3.11,3.11,3.06,3.07,147045,AMOC,Alexandria Mineral Oils Company,0.007824696481287205
2015-05-21,3.07,3.13,3.07,3.12,278700,AMOC,Alexandria Mineral Oils Company,0.007824696481287205
2015-05-24,3.12,3.13,3.1,3.13,97530,AMOC,Alexandria Mineral Oils Company,0.007824696481287205
2015-05-25,3.13,3.13,3.1,3.12,132420,AMOC,Alexandria Mineral Oils Company,0.007824696481287205
2015-05-26,3.12,3.12,3.1,3.1,40500,AMOC,Alexandria Mineral Oils Company,0.007824696481287205
2015-05-27,3.1,3.1,3.1,3.1,63450,AMOC,Alexandria Mineral Oils Company,0.007824696481287205
2015-05-28,3.1,3.1,3.07,3.1,134745,AMOC,Alexandria Mineral Oils Company,0.007824696481287205
2015-05-31,3.1,3.1,3.04,3.07,51645,AMOC,Alexandria Mineral Oils Company,0.007824696481287205
2015-06-01,3.07,3.13,3.07,3.1,468420,AMOC,Alexandria Mineral Oils Company,0.007824696481287205
2015-06-02,3.1,3.1,3.09,3.1,96855,AMOC,Alexandria Mineral Oils Company,0.007824696481287205
2015-06-03,3.1,3.1,3.09,3.1,302760,AMOC,Alexandria Mineral Oils Company,0.007824696481287205
2015-06-04,3.1,3.1,3.07,3.1,315765,AMOC,Alexandria Mineral Oils Company,0.007824696481287205
2015-06-07,3.1,3.1,3.07,3.07,158610,AMOC,Alexandria Mineral Oils Company,0.007824696481287205
2015-06-08,3.07,3.13,3.07,3.13,61275,AMOC,Alexandria Mineral Oils Company,0.007824696481287205
2015-06-09,3.13,3.13,3.1,3.13,220500,AMOC,Alexandria Mineral Oils Company,0.007824696481287205
2015-06-10,3.13,3.15,3.11,3.12,43050,AMOC,Alexandria Mineral Oils Company,0.007824696481287205
2015-06-11,3.12,3.13,3.11,3.13,52875,AMOC,Alexandria Mineral Oils Company,0.007824696481287205
2015-06-14,3.13,3.13,3.07,3.09,219630,AMOC,Alexandria Mineral Oils Company,0.007824696481287205
2015-06-15,3.09,3.13,3.09,3.12,88350,AMOC,Alexandria Mineral Oils Company,0.007824696481287205
2015-06-16,3.12,3.17,3.12,3.15,127500,AMOC,Alexandria Mineral Oils Company,0.007824696481287205
2015-06-17,3.15,3.19,3.13,3.15,611340,AMOC,Alexandria Mineral Oils Company,0.007824696481287205
2015-06-18,3.15,3.15,3.15,3.15,398535,AMOC,Alexandria Mineral Oils Company,0.007824696481287205
2015-06-21,3.15,3.2,3.13,3.18,64785,AMOC,Alexandria Mineral Oils Company,0.007824696481287205
2015-06-22,3.18,3.18,3.1,3.15,662085,AMOC,Alexandria Mineral Oils Company,0.007824696481287205
2015-06-23,3.15,3.15,3.07,3.09,36390,AMOC,Alexandria Mineral Oils Company,0.007824696481287205
2015-06-24,3.09,3.09,2.93,3.0,564660,AMOC,Alexandria Mineral Oils Company,0.007824696481287205
2015-06-25,3.0,3.0,2.93,2.93,883275,AMOC,Alexandria Mineral Oils Company,0.007824696481287205
2015-06-28,2.93,2.98,2.92,2.93,497805,AMOC,Alexandria Mineral Oils Company,0.007824696481287205
2015-06-29,2.93,2.93,2.8,2.83,421395,AMOC,Alexandria Mineral Oils Company,0.007824696481287205
2015-07-02,2.83,3.0,2.82,2.88,1659525,AMOC,Alexandria Mineral Oils Company,0.007824696481287205
2015-07-05,2.88,2.88,2.87,2.87,7425,AMOC,Alexandria Mineral Oils Company,0.007824696481287205
2015-07-06,2.87,2.99,2.82,2.83,20145,AMOC,Alexandria Mineral Oils Company,0.007824696481287205
2015-07-07,2.83,2.83,2.67,2.75,289350,AMOC,Alexandria Mineral Oils Company,0.007824696481287205
2015-07-08,2.75,2.75,2.5,2.54,1159815,AMOC,Alexandria Mineral Oils Company,0.007824696481287205
2015-07-09,2.54,2.63,2.54,2.59,83550,AMOC,Alexandria Mineral Oils Company,0.007824696481287205
2015-07-12,2.59,2.6,2.53,2.55,84000,AMOC,Alexandria Mineral Oils Company,0.007824696481287205
2015-07-13,2.55,2.55,2.49,2.52,253155,AMOC,Alexandria Mineral Oils Company,0.007824696481287205
2015-07-14,2.52,2.53,2.51,2.53,288930,AMOC,Alexandria Mineral Oils Company,0.007824696481287205
2015-07-15,2.53,2.64,2.53,2.6,102825,AMOC,Alexandria Mineral Oils Company,0.007824696481287205
2015-07-16,2.6,2.63,2.57,2.59,210435,AMOC,Alexandria Mineral Oils Company,0.007824696481287205
2015-07-21,2.59,2.6,2.55,2.57,733260,AMOC,Alexandria Mineral Oils Company,0.007824696481287205
2015-07-22,2.57,2.6,2.57,2.6,189495,AMOC,Alexandria Mineral Oils Company,0.007824696481287205
2015-07-26,2.6,2.63,2.57,2.6,701985,AMOC,Alexandria Mineral Oils Company,0.007824696481287205
2015-07-27,2.6,2.63,2.59,2.6,890685,AMOC,Alexandria Mineral Oils Company,0.007824696481287205
2015-07-28,2.6,2.63,2.53,2.56,483630,AMOC,Alexandria Mineral Oils Company,0.007824696481287205
2015-07-29,2.56,2.6,2.53,2.55,381705,AMOC,Alexandria Mineral Oils Company,0.007824696481287205
2015-07-30,2.55,2.59,2.53,2.54,631575,AMOC,Alexandria Mineral Oils Company,0.007824696481287205
2015-08-02,2.54,2.54,2.5,2.51,115755,AMOC,Alexandria Mineral Oils Company,0.007824696481287205
2015-08-03,2.51,2.51,2.47,2.47,910350,AMOC,Alexandria Mineral Oils Company,0.007824696481287205
2015-08-04,2.47,2.52,2.47,2.49,61530,AMOC,Alexandria Mineral Oils Company,0.007824696481287205
2015-08-05,2.49,2.52,2.43,2.48,248685,AMOC,Alexandria Mineral Oils Company,0.007824696481287205
2015-08-09,2.48,2.5,2.43,2.44,280455,AMOC,Alexandria Mineral Oils Company,0.007824696481287205
2015-08-10,2.44,2.5,2.44,2.47,47325,AMOC,Alexandria Mineral Oils Company,0.007824696481287205
2015-08-11,2.47,2.51,2.46,2.49,35295,AMOC,Alexandria Mineral Oils Company,0.007824696481287205
2015-08-12,2.49,2.49,2.45,2.47,34950,AMOC,Alexandria Mineral Oils Company,0.007824696481287205
2015-08-13,2.47,2.51,2.45,2.47,231570,AMOC,Alexandria Mineral Oils Company,0.007824696481287205
2015-08-16,2.47,2.47,2.36,2.41,156495,AMOC,Alexandria Mineral Oils Company,0.007824696481287205
2015-08-17,2.41,2.42,2.4,2.41,41145,AMOC,Alexandria Mineral Oils Company,0.007824696481287205
2015-08-18,2.41,2.47,2.39,2.41,90900,AMOC,Alexandria Mineral Oils Company,0.007824696481287205
2015-08-19,2.41,2.41,2.35,2.38,37800,AMOC,Alexandria Mineral Oils Company,0.007824696481287205
2015-08-20,2.38,2.4,2.35,2.4,540420,AMOC,Alexandria Mineral Oils Company,0.007824696481287205
2015-08-23,2.4,2.4,2.23,2.29,130980,AMOC,Alexandria Mineral Oils Company,0.007824696481287205
2015-08-24,2.29,2.3,2.18,2.23,159210,AMOC,Alexandria Mineral Oils Company,0.007824696481287205
2015-08-25,2.23,2.27,2.2,2.27,104865,AMOC,Alexandria Mineral Oils Company,0.007824696481287205
2015-08-26,2.27,2.27,2.2,2.23,249210,AMOC,Alexandria Mineral Oils Company,0.007824696481287205
2015-08-27,2.23,2.28,2.23,2.25,226875,AMOC,Alexandria Mineral Oils Company,0.007824696481287205
2015-08-30,2.25,2.27,2.25,2.27,61785,AMOC,Alexandria Mineral Oils Company,0.007824696481287205
2015-08-31,2.27,2.34,2.24,2.31,399840,AMOC,Alexandria Mineral Oils Company,0.007824696481287205
2015-09-01,2.31,2.37,2.31,2.33,241905,AMOC,Alexandria Mineral Oils Company,0.007824696481287205
2015-09-02,2.33,2.35,2.33,2.33,842790,AMOC,Alexandria Mineral Oils Company,0.007824696481287205
2015-09-03,2.33,2.39,2.33,2.35,446475,AMOC,Alexandria Mineral Oils Company,0.007824696481287205
2015-09-06,2.35,2.37,2.35,2.36,343380,AMOC,Alexandria Mineral Oils Company,0.007824696481287205
2015-09-07,2.36,2.4,2.33,2.34,237060,AMOC,Alexandria Mineral Oils Company,0.007824696481287205
2015-09-08,2.34,2.34,2.27,2.3,533070,AMOC,Alexandria Mineral Oils Company,0.007824696481287205
2015-09-09,2.3,2.32,2.27,2.3,86760,AMOC,Alexandria Mineral Oils Company,0.007824696481287205
2015-09-10,2.3,2.33,2.29,2.31,194490,AMOC,Alexandria Mineral Oils Company,0.007824696481287205
2015-09-13,2.31,2.33,2.31,2.32,127905,AMOC,Alexandria Mineral Oils Company,0.007824696481287205
2015-09-14,2.32,2.35,2.3,2.31,63345,AMOC,Alexandria Mineral Oils Company,0.007824696481287205
2015-09-15,2.31,2.31,2.27,2.29,343905,AMOC,Alexandria Mineral Oils Company,0.007824696481287205
2015-09-16,2.29,2.33,2.29,2.33,188640,AMOC,Alexandria Mineral Oils Company,0.007824696481287205
2015-09-17,2.33,2.33,2.31,2.32,61635,AMOC,Alexandria Mineral Oils Company,0.007824696481287205
2015-09-20,2.32,2.55,2.32,2.52,2283045,AMOC,Alexandria Mineral Oils Company,0.007824696481287205
2015-09-21,2.6,2.6,2.43,2.49,2662230,AMOC,Alexandria Mineral Oils Company,0.007824696481287205
2015-09-22,2.49,2.49,2.43,2.45,3976230,AMOC,Alexandria Mineral Oils Company,0.007824696481287205
2015-09-28,2.45,2.5,2.42,2.45,1577730,AMOC,Alexandria Mineral Oils Company,0.007824696481287205
2015-09-29,2.45,2.45,2.32,2.36,4696065,AMOC,Alexandria Mineral Oils Company,0.007824696481287205
2015-09-30,2.36,2.37,2.27,2.31,4350885,AMOC,Alexandria Mineral Oils Company,0.007824696481287205
2015-10-01,2.31,2.33,2.23,2.27,5556720,AMOC,Alexandria Mineral Oils Company,0.007824696481287205
2015-10-04,2.27,2.27,2.22,2.24,5748930,AMOC,Alexandria Mineral Oils Company,0.007824696481287205
2015-10-05,2.24,2.32,2.24,2.29,3378690,AMOC,Alexandria Mineral Oils Company,0.007824696481287205
2015-10-07,2.29,2.33,2.29,2.3,3355035,AMOC,Alexandria Mineral Oils Company,0.007824696481287205
2015-10-08,2.3,2.33,2.29,2.31,2330460,AMOC,Alexandria Mineral Oils Company,0.007824696481287205
2015-10-11,2.31,2.35,2.31,2.33,3742590,AMOC,Alexandria Mineral Oils Company,0.007824696481287205
2015-10-12,2.33,2.33,2.0,2.01,1843365,AMOC,Alexandria Mineral Oils Company,0.007824696481287205
2015-10-13,2.01,2.03,1.99,2.0,1153500,AMOC,Alexandria Mineral Oils Company,0.007824696481287205
2015-10-15,2.0,2.01,1.98,2.0,773865,AMOC,Alexandria Mineral Oils Company,0.007824696481287205
2015-10-18,2.0,2.01,1.99,2.0,2988900,AMOC,Alexandria Mineral Oils Company,0.007824696481287205
2015-10-19,2.0,2.08,2.0,2.03,2330310,AMOC,Alexandria Mineral Oils Company,0.007824696481287205
2015-10-20,2.03,2.07,2.03,2.05,609465,AMOC,Alexandria Mineral Oils Company,0.007824696481287205
2015-10-21,2.05,2.05,2.01,2.03,948810,AMOC,Alexandria Mineral Oils Company,0.007824696481287205
2015-10-22,2.03,2.03,2.01,2.02,696405,AMOC,Alexandria Mineral Oils Company,0.007824696481287205
2015-10-25,2.02,2.07,2.02,2.05,455190,AMOC,Alexandria Mineral Oils Company,0.007824696481287205
2015-10-26,2.05,2.06,2.02,2.03,597825,AMOC,Alexandria Mineral Oils Company,0.007824696481287205
2015-10-27,2.03,2.03,2.0,2.01,556785,AMOC,Alexandria Mineral Oils Company,0.007824696481287205
2015-10-28,2.01,2.03,1.99,2.01,939000,AMOC,Alexandria Mineral Oils Company,0.007824696481287205
2015-10-29,2.01,2.03,1.99,2.0,761295,AMOC,Alexandria Mineral Oils Company,0.007824696481287205
2015-11-01,2.0,2.01,2.0,2.0,1146945,AMOC,Alexandria Mineral Oils Company,0.007824696481287205
2015-11-02,2.0,2.01,2.0,2.0,144000,AMOC,Alexandria Mineral Oils Company,0.007824696481287205
2015-11-03,2.0,2.01,2.0,2.0,351810,AMOC,Alexandria Mineral Oils Company,0.007824696481287205
2015-11-04,2.0,2.01,2.0,2.0,169035,AMOC,Alexandria Mineral Oils Company,0.007824696481287205
2015-11-05,2.0,2.03,2.0,2.01,228975,AMOC,Alexandria Mineral Oils Company,0.007824696481287205
2015-11-08,2.01,2.01,1.96,1.97,363810,AMOC,Alexandria Mineral Oils Company,0.007824696481287205
2015-11-09,1.97,1.98,1.95,1.97,1158225,AMOC,Alexandria Mineral Oils Company,0.007824696481287205
2015-11-10,1.97,1.99,1.9,1.92,2116755,AMOC,Alexandria Mineral Oils Company,0.007824696481287205
2015-11-11,1.92,1.93,1.9,1.91,238695,AMOC,Alexandria Mineral Oils Company,0.007824696481287205
2015-11-12,1.91,1.95,1.91,1.93,403425,AMOC,Alexandria Mineral Oils Company,0.007824696481287205
2015-11-15,1.93,1.93,1.83,1.87,255300,AMOC,Alexandria Mineral Oils Company,0.007824696481287205
2015-11-16,1.87,1.9,1.83,1.85,179295,AMOC,Alexandria Mineral Oils Company,0.007824696481287205
2015-11-17,1.85,1.86,1.8,1.82,748290,AMOC,Alexandria Mineral Oils Company,0.007824696481287205
2015-11-18,1.82,1.83,1.79,1.8,505665,AMOC,Alexandria Mineral Oils Company,0.007824696481287205
2015-11-19,1.8,1.87,1.8,1.85,136905,AMOC,Alexandria Mineral Oils Company,0.007824696481287205
2015-11-22,1.85,1.97,1.82,1.89,106095,AMOC,Alexandria Mineral Oils Company,0.007824696481287205
2015-11-23,1.89,1.91,1.82,1.83,645225,AMOC,Alexandria Mineral Oils Company,0.007824696481287205
2015-11-24,1.83,1.83,1.82,1.83,273375,AMOC,Alexandria Mineral Oils Company,0.007824696481287205
2015-11-25,1.83,1.84,1.82,1.83,153150,AMOC,Alexandria Mineral Oils Company,0.007824696481287205
2015-11-26,1.83,1.85,1.81,1.83,279930,AMOC,Alexandria Mineral Oils Company,0.007824696481287205
2015-11-29,1.83,1.83,1.79,1.8,187305,AMOC,Alexandria Mineral Oils Company,0.007824696481287205
2015-11-30,1.8,1.8,1.67,1.72,2543205,AMOC,Alexandria Mineral Oils Company,0.007824696481287205
2015-12-01,1.72,1.73,1.71,1.72,110670,AMOC,Alexandria Mineral Oils Company,0.007824696481287205
2015-12-02,1.72,1.8,1.72,1.77,328845,AMOC,Alexandria Mineral Oils Company,0.007824696481287205
2015-12-03,1.77,1.83,1.75,1.79,287550,AMOC,Alexandria Mineral Oils Company,0.007824696481287205
2015-12-06,1.79,1.8,1.77,1.78,180120,AMOC,Alexandria Mineral Oils Company,0.007824696481287205
2015-12-07,1.78,1.78,1.76,1.77,185610,AMOC,Alexandria Mineral Oils Company,0.007824696481287205
2015-12-08,1.77,1.77,1.71,1.73,213285,AMOC,Alexandria Mineral Oils Company,0.007824696481287205
2015-12-09,1.73,1.73,1.72,1.73,131850,AMOC,Alexandria Mineral Oils Company,0.007824696481287205
2015-12-10,1.73,1.73,1.7,1.71,287415,AMOC,Alexandria Mineral Oils Company,0.007824696481287205
2015-12-13,1.71,1.71,1.63,1.66,824955,AMOC,Alexandria Mineral Oils Company,0.007824696481287205
2015-12-14,1.66,1.67,1.64,1.65,232500,AMOC,Alexandria Mineral Oils Company,0.007824696481287205
2015-12-15,1.65,1.67,1.63,1.64,895065,AMOC,Alexandria Mineral Oils Company,0.007824696481287205
2015-12-16,1.64,1.67,1.63,1.65,262140,AMOC,Alexandria Mineral Oils Company,0.007824696481287205
2015-12-17,1.65,1.67,1.63,1.65,367485,AMOC,Alexandria Mineral Oils Company,0.007824696481287205
2015-12-20,1.65,1.66,1.63,1.65,88005,AMOC,Alexandria Mineral Oils Company,0.007824696481287205
2015-12-21,1.65,1.66,1.63,1.64,391410,AMOC,Alexandria Mineral Oils Company,0.007824696481287205
2015-12-22,1.64,1.65,1.63,1.64,303090,AMOC,Alexandria Mineral Oils Company,0.007824696481287205
2015-12-24,1.64,1.66,1.63,1.64,402120,AMOC,Alexandria Mineral Oils Company,0.007824696481287205
2015-12-27,1.64,1.66,1.64,1.65,226905,AMOC,Alexandria Mineral Oils Company,0.007824696481287205
2015-12-28,1.65,1.65,1.64,1.65,129345,AMOC,Alexandria Mineral Oils Company,0.007824696481287205
2015-12-29,1.65,1.68,1.64,1.65,321060,AMOC,Alexandria Mineral Oils Company,0.007824696481287205
2015-12-30,1.65,1.69,1.65,1.67,271920,AMOC,Alexandria Mineral Oils Company,0.007824696481287205
2015-12-31,1.67,1.68,1.65,1.67,2364435,AMOC,Alexandria Mineral Oils Company,0.007824696481287205
2016-01-03,1.67,1.73,1.67,1.71,1201065,AMOC,Alexandria Mineral Oils Company,0.007824696481287205
2016-01-04,1.71,1.72,1.67,1.7,907065,AMOC,Alexandria Mineral Oils Company,0.007824696481287205
2016-01-05,1.7,1.87,1.7,1.84,3923910,AMOC,Alexandria Mineral Oils Company,0.007824696481287205
2016-01-06,1.84,1.94,1.84,1.89,1825680,AMOC,Alexandria Mineral Oils Company,0.007824696481287205
2016-01-10,1.89,1.95,1.87,1.91,2050125,AMOC,Alexandria Mineral Oils Company,0.007824696481287205
2016-01-11,1.91,1.91,1.77,1.82,1371975,AMOC,Alexandria Mineral Oils Company,0.007824696481287205
2016-01-12,1.82,1.84,1.77,1.8,728595,AMOC,Alexandria Mineral Oils Company,0.007824696481287205
2016-01-13,1.8,1.85,1.67,1.7,934275,AMOC,Alexandria Mineral Oils Company,0.007824696481287205
2016-01-14,1.7,1.7,1.59,1.61,1122960,AMOC,Alexandria Mineral Oils Company,0.007824696481287205
2016-01-17,1.61,1.61,1.47,1.55,914295,AMOC,Alexandria Mineral Oils Company,0.007824696481287205
2016-01-18,1.55,1.63,1.53,1.57,542730,AMOC,Alexandria Mineral Oils Company,0.007824696481287205
2016-01-19,1.57,1.63,1.57,1.6,1732095,AMOC,Alexandria Mineral Oils Company,0.007824696481287205
2016-01-20,1.6,1.6,1.51,1.53,552960,AMOC,Alexandria Mineral Oils Company,0.007824696481287205
2016-01-21,1.53,1.57,1.53,1.55,392040,AMOC,Alexandria Mineral Oils Company,0.007824696481287205
2016-01-24,1.59,1.65,1.57,1.6,1367130,AMOC,Alexandria Mineral Oils Company,0.007824696481287205
2016-01-26,1.6,1.6,1.55,1.57,3311640,AMOC,Alexandria Mineral Oils Company,0.007824696481287205
2016-01-27,1.57,1.59,1.56,1.57,840630,AMOC,Alexandria Mineral Oils Company,0.007824696481287205
2016-01-28,1.57,1.63,1.56,1.6,2410995,AMOC,Alexandria Mineral Oils Company,0.007824696481287205
2016-01-31,1.63,1.66,1.57,1.62,1250265,AMOC,Alexandria Mineral Oils Company,0.007824696481287205
2016-02-01,1.62,1.62,1.56,1.57,568785,AMOC,Alexandria Mineral Oils Company,0.007824696481287205
2016-02-02,1.57,1.6,1.56,1.58,763275,AMOC,Alexandria Mineral Oils Company,0.007824696481287205
2016-02-03,1.58,1.58,1.54,1.56,2035545,AMOC,Alexandria Mineral Oils Company,0.007824696481287205
2016-02-04,1.56,1.59,1.55,1.56,1157175,AMOC,Alexandria Mineral Oils Company,0.007824696481287205
2016-02-07,1.56,1.57,1.53,1.54,658755,AMOC,Alexandria Mineral Oils Company,0.007824696481287205
2016-02-08,1.54,1.54,1.51,1.53,1049550,AMOC,Alexandria Mineral Oils Company,0.007824696481287205
2016-02-09,1.53,1.53,1.51,1.52,441600,AMOC,Alexandria Mineral Oils Company,0.007824696481287205
2016-02-10,1.52,1.53,1.51,1.51,254880,AMOC,Alexandria Mineral Oils Company,0.007824696481287205
2016-02-11,1.51,1.51,1.42,1.47,1024260,AMOC,Alexandria Mineral Oils Company,0.007824696481287205
2016-02-14,1.47,1.47,1.45,1.46,275835,AMOC,Alexandria Mineral Oils Company,0.007824696481287205
2016-02-15,1.46,1.48,1.45,1.47,279285,AMOC,Alexandria Mineral Oils Company,0.007824696481287205
2016-02-16,1.47,1.53,1.47,1.5,2844600,AMOC,Alexandria Mineral Oils Company,0.007824696481287205
2016-02-17,1.5,1.51,1.49,1.51,1208985,AMOC,Alexandria Mineral Oils Company,0.007824696481287205
2016-02-18,1.51,1.53,1.49,1.51,314745,AMOC,Alexandria Mineral Oils Company,0.007824696481287205
2016-02-21,1.51,1.52,1.49,1.51,500415,AMOC,Alexandria Mineral Oils Company,0.007824696481287205
2016-02-22,1.51,1.51,1.49,1.5,294585,AMOC,Alexandria Mineral Oils Company,0.007824696481287205
2016-02-23,1.5,1.51,1.47,1.49,1722345,AMOC,Alexandria Mineral Oils Company,0.007824696481287205
2016-02-24,1.49,1.49,1.46,1.47,204585,AMOC,Alexandria Mineral Oils Company,0.007824696481287205
2016-02-25,1.47,1.49,1.47,1.48,410925,AMOC,Alexandria Mineral Oils Company,0.007824696481287205
2016-02-28,1.48,1.5,1.48,1.5,320700,AMOC,Alexandria Mineral Oils Company,0.007824696481287205
2016-02-29,1.5,1.57,1.5,1.53,1030605,AMOC,Alexandria Mineral Oils Company,0.007824696481287205
2016-03-01,1.53,1.68,1.52,1.65,3571275,AMOC,Alexandria Mineral Oils Company,0.007824696481287205
2016-03-02,1.65,1.77,1.61,1.72,3169620,AMOC,Alexandria Mineral Oils Company,0.007824696481287205
2016-03-03,1.72,1.72,1.62,1.66,402750,AMOC,Alexandria Mineral Oils Company,0.007824696481287205
2016-03-06,1.66,1.73,1.66,1.7,672600,AMOC,Alexandria Mineral Oils Company,0.007824696481287205
2016-03-07,1.7,1.72,1.63,1.67,314205,AMOC,Alexandria Mineral Oils Company,0.007824696481287205
2016-03-08,1.67,1.73,1.67,1.71,1771695,AMOC,Alexandria Mineral Oils Company,0.007824696481287205
2016-03-09,1.71,1.71,1.68,1.7,729165,AMOC,Alexandria Mineral Oils Company,0.007824696481287205
2016-03-10,1.7,1.74,1.7,1.73,1340415,AMOC,Alexandria Mineral Oils Company,0.007824696481287205
2016-03-13,1.73,1.77,1.7,1.73,504135,AMOC,Alexandria Mineral Oils Company,0.007824696481287205
2016-03-14,1.73,1.82,1.73,1.79,1871010,AMOC,Alexandria Mineral Oils Company,0.007824696481287205
2016-03-15,1.79,1.8,1.73,1.77,709410,AMOC,Alexandria Mineral Oils Company,0.007824696481287205
2016-03-16,1.77,1.77,1.7,1.73,1308045,AMOC,Alexandria Mineral Oils Company,0.007824696481287205
2016-03-17,1.73,1.77,1.73,1.73,1943700,AMOC,Alexandria Mineral Oils Company,0.007824696481287205
2016-03-20,1.73,1.77,1.69,1.73,879450,AMOC,Alexandria Mineral Oils Company,0.007824696481287205
2016-03-21,1.73,1.73,1.7,1.71,971160,AMOC,Alexandria Mineral Oils Company,0.007824696481287205
2016-03-22,1.71,1.73,1.67,1.68,2131095,AMOC,Alexandria Mineral Oils Company,0.007824696481287205
2016-03-23,1.68,1.77,1.67,1.73,2802705,AMOC,Alexandria Mineral Oils Company,0.007824696481287205
2016-03-24,1.79,1.8,1.74,1.77,1315995,AMOC,Alexandria Mineral Oils Company,0.007824696481287205
2016-03-27,1.77,1.79,1.7,1.73,1260330,AMOC,Alexandria Mineral Oils Company,0.007824696481287205
2016-03-28,1.73,1.75,1.71,1.73,194925,AMOC,Alexandria Mineral Oils Company,0.007824696481287205
2016-03-29,1.73,1.76,1.71,1.74,893655,AMOC,Alexandria Mineral Oils Company,0.007824696481287205
2016-03-30,1.74,1.74,1.71,1.72,413310,AMOC,Alexandria Mineral Oils Company,0.007824696481287205
2016-03-31,1.72,1.76,1.71,1.74,375450,AMOC,Alexandria Mineral Oils Company,0.007824696481287205
2016-04-03,1.74,1.77,1.72,1.75,429705,AMOC,Alexandria Mineral Oils Company,0.007824696481287205
2016-04-04,1.75,1.75,1.73,1.73,240555,AMOC,Alexandria Mineral Oils Company,0.007824696481287205
2016-04-05,1.73,1.73,1.72,1.73,524145,AMOC,Alexandria Mineral Oils Company,0.007824696481287205
2016-04-06,1.73,1.73,1.65,1.69,1474470,AMOC,Alexandria Mineral Oils Company,0.007824696481287205
2016-04-07,1.69,1.7,1.67,1.68,5309130,AMOC,Alexandria Mineral Oils Company,0.007824696481287205
2016-04-10,1.68,1.69,1.68,1.69,268650,AMOC,Alexandria Mineral Oils Company,0.007824696481287205
2016-04-11,1.69,1.69,1.67,1.68,778800,AMOC,Alexandria Mineral Oils Company,0.007824696481287205
2016-04-12,1.68,1.69,1.67,1.69,113985,AMOC,Alexandria Mineral Oils Company,0.007824696481287205
2016-04-13,1.69,1.75,1.69,1.73,832230,AMOC,Alexandria Mineral Oils Company,0.007824696481287205
2016-04-14,1.73,1.81,1.73,1.79,1953675,AMOC,Alexandria Mineral Oils Company,0.007824696481287205
2016-04-17,1.79,1.88,1.79,1.85,1806060,AMOC,Alexandria Mineral Oils Company,0.007824696481287205
2016-04-18,1.85,1.91,1.83,1.87,826740,AMOC,Alexandria Mineral Oils Company,0.007824696481287205
2016-04-19,1.87,1.88,1.85,1.87,455655,AMOC,Alexandria Mineral Oils Company,0.007824696481287205
2016-04-20,1.87,1.87,1.81,1.83,483945,AMOC,Alexandria Mineral Oils Company,0.007824696481287205
2016-04-21,1.83,1.88,1.83,1.87,1730880,AMOC,Alexandria Mineral Oils Company,0.007824696481287205
2016-04-24,1.87,1.87,1.83,1.84,558960,AMOC,Alexandria Mineral Oils Company,0.007824696481287205
2016-04-26,1.84,1.87,1.83,1.84,80025,AMOC,Alexandria Mineral Oils Company,0.007824696481287205
2016-04-27,1.84,1.86,1.82,1.84,404235,AMOC,Alexandria Mineral Oils Company,0.007824696481287205
2016-04-28,1.84,1.86,1.82,1.84,274695,AMOC,Alexandria Mineral Oils Company,0.007824696481287205
2016-05-03,1.84,1.86,1.79,1.81,538365,AMOC,Alexandria Mineral Oils Company,0.007824696481287205
2016-05-04,1.81,1.81,1.77,1.78,502650,AMOC,Alexandria Mineral Oils Company,0.007824696481287205
2016-05-05,1.78,1.83,1.78,1.8,235905,AMOC,Alexandria Mineral Oils Company,0.007824696481287205
2016-05-08,1.8,1.83,1.8,1.81,89775,AMOC,Alexandria Mineral Oils Company,0.007824696481287205
2016-05-09,1.81,1.81,1.8,1.81,442140,AMOC,Alexandria Mineral Oils Company,0.007824696481287205
2016-05-10,1.81,1.81,1.76,1.78,258915,AMOC,Alexandria Mineral Oils Company,0.007824696481287205
2016-05-11,1.78,1.79,1.76,1.77,14265,AMOC,Alexandria Mineral Oils Company,0.007824696481287205
2016-05-12,1.77,1.81,1.77,1.8,127620,AMOC,Alexandria Mineral Oils Company,0.007824696481287205
2016-05-15,1.8,1.8,1.78,1.79,52335,AMOC,Alexandria Mineral Oils Company,0.007824696481287205
2016-05-16,1.79,1.81,1.79,1.8,383160,AMOC,Alexandria Mineral Oils Company,0.007824696481287205
2016-05-17,1.8,1.89,1.8,1.84,965955,AMOC,Alexandria Mineral Oils Company,0.007824696481287205
2016-05-18,1.84,1.87,1.84,1.86,742500,AMOC,Alexandria Mineral Oils Company,0.007824696481287205
2016-05-19,1.86,1.93,1.8,1.87,591945,AMOC,Alexandria Mineral Oils Company,0.007824696481287205
2016-05-22,1.87,1.94,1.87,1.93,693555,AMOC,Alexandria Mineral Oils Company,0.007824696481287205
2016-05-23,1.93,1.95,1.93,1.93,1587060,AMOC,Alexandria Mineral Oils Company,0.007824696481287205
2016-05-24,1.93,2.03,1.93,1.98,1334175,AMOC,Alexandria Mineral Oils Company,0.007824696481287205
2016-05-25,1.98,2.13,1.98,2.09,1895970,AMOC,Alexandria Mineral Oils Company,0.007824696481287205
2016-05-26,2.09,2.1,2.03,2.06,514050,AMOC,Alexandria Mineral Oils Company,0.007824696481287205
2016-05-29,2.06,2.09,1.99,2.02,513975,AMOC,Alexandria Mineral Oils Company,0.007824696481287205
2016-05-30,2.02,2.07,2.01,2.03,191400,AMOC,Alexandria Mineral Oils Company,0.007824696481287205
2016-05-31,2.03,2.07,2.02,2.04,1522560,AMOC,Alexandria Mineral Oils Company,0.007824696481287205
2016-06-01,2.04,2.05,2.02,2.03,671670,AMOC,Alexandria Mineral Oils Company,0.007824696481287205
2016-06-02,2.03,2.06,2.02,2.04,352215,AMOC,Alexandria Mineral Oils Company,0.007824696481287205
2016-06-05,2.04,2.1,2.04,2.08,743265,AMOC,Alexandria Mineral Oils Company,0.007824696481287205
2016-06-06,2.08,2.14,2.07,2.12,502275,AMOC,Alexandria Mineral Oils Company,0.007824696481287205
2016-06-07,2.12,2.13,2.1,2.12,107250,AMOC,Alexandria Mineral Oils Company,0.007824696481287205
2016-06-08,2.12,2.15,2.12,2.13,1270350,AMOC,Alexandria Mineral Oils Company,0.007824696481287205
2016-06-09,2.13,2.19,2.13,2.17,475410,AMOC,Alexandria Mineral Oils Company,0.007824696481287205
2016-06-12,2.17,2.22,2.17,2.19,630105,AMOC,Alexandria Mineral Oils Company,0.007824696481287205
2016-06-13,2.19,2.21,2.14,2.17,1489515,AMOC,Alexandria Mineral Oils Company,0.007824696481287205
2016-06-14,2.17,2.19,2.14,2.15,674745,AMOC,Alexandria Mineral Oils Company,0.007824696481287205
2016-06-15,2.15,2.15,2.1,2.11,1267050,AMOC,Alexandria Mineral Oils Company,0.007824696481287205
2016-06-16,2.11,2.12,2.05,2.08,990645,AMOC,Alexandria Mineral Oils Company,0.007824696481287205
2016-06-19,2.08,2.13,2.03,2.06,726285,AMOC,Alexandria Mineral Oils Company,0.007824696481287205
2016-06-20,2.06,2.06,1.99,2.01,1644165,AMOC,Alexandria Mineral Oils Company,0.007824696481287205
2016-06-21,2.01,2.03,1.98,2.0,457815,AMOC,Alexandria Mineral Oils Company,0.007824696481287205
2016-06-22,2.0,2.02,1.97,1.97,1064250,AMOC,Alexandria Mineral Oils Company,0.007824696481287205
2016-06-23,1.97,2.05,1.97,2.03,274440,AMOC,Alexandria Mineral Oils Company,0.007824696481287205
2016-06-26,1.97,1.99,1.87,1.94,1083225,AMOC,Alexandria Mineral Oils Company,0.007824696481287205
2016-06-27,1.94,1.99,1.94,1.96,83100,AMOC,Alexandria Mineral Oils Company,0.007824696481287205
2016-06-28,1.96,1.97,1.96,1.97,337650,AMOC,Alexandria Mineral Oils Company,0.007824696481287205
2016-06-29,1.97,2.0,1.96,1.97,878415,AMOC,Alexandria Mineral Oils Company,0.007824696481287205
2016-07-03,1.97,2.08,1.97,2.07,478605,AMOC,Alexandria Mineral Oils Company,0.007824696481287205
2016-07-04,2.07,2.1,2.03,2.09,379740,AMOC,Alexandria Mineral Oils Company,0.007824696481287205
2016-07-10,2.09,2.16,2.09,2.14,646080,AMOC,Alexandria Mineral Oils Company,0.007824696481287205
2016-07-11,2.14,2.23,2.1,2.16,3509355,AMOC,Alexandria Mineral Oils Company,0.007824696481287205
2016-07-12,2.16,2.29,2.16,2.25,2270865,AMOC,Alexandria Mineral Oils Company,0.007824696481287205
2016-07-13,2.25,2.25,2.23,2.23,1083285,AMOC,Alexandria Mineral Oils Company,0.007824696481287205
2016-07-14,2.23,2.28,2.23,2.27,720405,AMOC,Alexandria Mineral Oils Company,0.007824696481287205
2016-07-17,2.27,2.32,2.27,2.3,546960,AMOC,Alexandria Mineral Oils Company,0.007824696481287205
2016-07-18,2.3,2.3,2.29,2.29,159540,AMOC,Alexandria Mineral Oils Company,0.007824696481287205
2016-07-19,2.29,2.3,2.28,2.29,246705,AMOC,Alexandria Mineral Oils Company,0.007824696481287205
2016-07-20,2.29,2.3,2.27,2.28,442590,AMOC,Alexandria Mineral Oils Company,0.007824696481287205
2016-07-21,2.28,2.28,2.25,2.27,156690,AMOC,Alexandria Mineral Oils Company,0.007824696481287205
2016-07-24,2.27,2.29,2.27,2.28,81570,AMOC,Alexandria Mineral Oils Company,0.007824696481287205
2016-07-25,2.28,2.3,2.27,2.29,238980,AMOC,Alexandria Mineral Oils Company,0.007824696481287205
2016-07-26,2.29,2.33,2.29,2.33,1048395,AMOC,Alexandria Mineral Oils Company,0.007824696481287205
2016-07-27,2.33,2.4,2.33,2.36,384240,AMOC,Alexandria Mineral Oils Company,0.007824696481287205
2016-07-28,2.36,2.37,2.29,2.33,1921890,AMOC,Alexandria Mineral Oils Company,0.007824696481287205
2016-07-31,2.33,2.45,2.29,2.4,1061610,AMOC,Alexandria Mineral Oils Company,0.007824696481287205
2016-08-01,2.4,2.43,2.4,2.43,924750,AMOC,Alexandria Mineral Oils Company,0.007824696481287205
2016-08-02,2.43,2.45,2.37,2.39,484770,AMOC,Alexandria Mineral Oils Company,0.007824696481287205
2016-08-03,2.39,2.41,2.37,2.39,106380,AMOC,Alexandria Mineral Oils Company,0.007824696481287205
2016-08-04,2.39,2.4,2.37,2.38,200955,AMOC,Alexandria Mineral Oils Company,0.007824696481287205
2016-08-07,2.38,2.47,2.37,2.43,883260,AMOC,Alexandria Mineral Oils Company,0.007824696481287205
2016-08-08,2.43,2.56,2.43,2.51,976875,AMOC,Alexandria Mineral Oils Company,0.007824696481287205
2016-08-09,2.51,2.53,2.49,2.53,2071590,AMOC,Alexandria Mineral Oils Company,0.007824696481287205
2016-08-10,2.53,2.53,2.51,2.53,345975,AMOC,Alexandria Mineral Oils Company,0.007824696481287205
2016-08-11,2.53,2.54,2.51,2.53,472560,AMOC,Alexandria Mineral Oils Company,0.007824696481287205
2016-08-14,2.53,2.55,2.52,2.53,176265,AMOC,Alexandria Mineral Oils Company,0.007824696481287205
2016-08-15,2.53,2.53,2.49,2.52,305460,AMOC,Alexandria Mineral Oils Company,0.007824696481287205
2016-08-16,2.52,2.55,2.5,2.52,1407270,AMOC,Alexandria Mineral Oils Company,0.007824696481287205
2016-08-17,2.52,2.52,2.47,2.5,1320990,AMOC,Alexandria Mineral Oils Company,0.007824696481287205
2016-08-18,2.5,2.5,2.45,2.46,673665,AMOC,Alexandria Mineral Oils Company,0.007824696481287205
2016-08-21,2.46,2.48,2.46,2.47,163500,AMOC,Alexandria Mineral Oils Company,0.007824696481287205
2016-08-22,2.47,2.47,2.45,2.46,285525,AMOC,Alexandria Mineral Oils Company,0.007824696481287205
2016-08-23,2.46,2.47,2.45,2.47,461160,AMOC,Alexandria Mineral Oils Company,0.007824696481287205
2016-08-24,2.47,2.53,2.47,2.51,610905,AMOC,Alexandria Mineral Oils Company,0.007824696481287205
2016-08-25,2.51,2.56,2.51,2.55,5740350,AMOC,Alexandria Mineral Oils Company,0.007824696481287205
2016-08-28,2.55,2.63,2.54,2.59,1075635,AMOC,Alexandria Mineral Oils Company,0.007824696481287205
2016-08-29,2.59,2.59,2.53,2.55,241680,AMOC,Alexandria Mineral Oils Company,0.007824696481287205
2016-08-30,2.55,2.55,2.53,2.54,563865,AMOC,Alexandria Mineral Oils Company,0.007824696481287205
2016-08-31,2.54,2.56,2.53,2.53,622095,AMOC,Alexandria Mineral Oils Company,0.007824696481287205
2016-09-01,2.53,2.57,2.53,2.55,424125,AMOC,Alexandria Mineral Oils Company,0.007824696481287205
2016-09-04,2.55,2.57,2.55,2.56,12270,AMOC,Alexandria Mineral Oils Company,0.007824696481287205
2016-09-05,2.56,2.63,2.56,2.59,1904640,AMOC,Alexandria Mineral Oils Company,0.007824696481287205
2016-09-06,2.59,2.63,2.57,2.61,480360,AMOC,Alexandria Mineral Oils Company,0.007824696481287205
2016-09-07,2.61,2.63,2.52,2.57,1140990,AMOC,Alexandria Mineral Oils Company,0.007824696481287205
2016-09-08,2.57,2.57,2.49,2.52,673575,AMOC,Alexandria Mineral Oils Company,0.007824696481287205
2016-09-14,2.52,2.58,2.51,2.56,26445,AMOC,Alexandria Mineral Oils Company,0.007824696481287205
2016-09-15,2.56,2.57,2.47,2.53,147990,AMOC,Alexandria Mineral Oils Company,0.007824696481287205
2016-09-18,2.53,2.53,2.5,2.51,24345,AMOC,Alexandria Mineral Oils Company,0.007824696481287205
2016-09-19,2.51,2.53,2.51,2.53,113250,AMOC,Alexandria Mineral Oils Company,0.007824696481287205
2016-09-20,2.53,2.55,2.51,2.53,190905,AMOC,Alexandria Mineral Oils Company,0.007824696481287205
2016-09-21,2.53,2.53,2.47,2.5,370710,AMOC,Alexandria Mineral Oils Company,0.007824696481287205
2016-09-22,2.5,2.53,2.45,2.48,321555,AMOC,Alexandria Mineral Oils Company,0.007824696481287205
2016-09-25,2.65,2.67,2.56,2.59,2274870,AMOC,Alexandria Mineral Oils Company,0.007824696481287205
2016-09-26,2.59,2.6,2.54,2.56,834945,AMOC,Alexandria Mineral Oils Company,0.007824696481287205
2016-09-27,2.56,2.82,2.56,2.73,86287200,AMOC,Alexandria Mineral Oils Company,0.007824696481287205
2016-09-28,2.73,2.73,2.62,2.63,1040445,AMOC,Alexandria Mineral Oils Company,0.007824696481287205
2016-09-29,2.63,2.68,2.63,2.66,2568240,AMOC,Alexandria Mineral Oils Company,0.007824696481287205
2016-10-03,2.66,2.72,2.65,2.69,1413645,AMOC,Alexandria Mineral Oils Company,0.007824696481287205
2016-10-04,2.69,2.73,2.67,2.69,1246320,AMOC,Alexandria Mineral Oils Company,0.007824696481287205
2016-10-05,2.69,2.76,2.69,2.73,1045740,AMOC,Alexandria Mineral Oils Company,0.007824696481287205
2016-10-09,2.73,2.81,2.73,2.79,1050285,AMOC,Alexandria Mineral Oils Company,0.007824696481287205
2016-10-10,2.79,2.83,2.76,2.8,782880,AMOC,Alexandria Mineral Oils Company,0.007824696481287205
2016-10-11,2.8,2.8,2.75,2.77,628110,AMOC,Alexandria Mineral Oils Company,0.007824696481287205
2016-10-12,2.77,2.79,2.74,2.77,828510,AMOC,Alexandria Mineral Oils Company,0.007824696481287205
2016-10-13,2.77,2.78,2.73,2.75,2946240,AMOC,Alexandria Mineral Oils Company,0.007824696481287205
2016-10-16,2.75,2.79,2.75,2.77,3757875,AMOC,Alexandria Mineral Oils Company,0.007824696481287205
2016-10-17,2.77,2.77,2.4,2.41,1839915,AMOC,Alexandria Mineral Oils Company,0.007824696481287205
2016-10-18,2.41,2.41,2.33,2.37,685935,AMOC,Alexandria Mineral Oils Company,0.007824696481287205
2016-10-19,2.37,2.47,2.37,2.42,595455,AMOC,Alexandria Mineral Oils Company,0.007824696481287205
2016-10-20,2.42,2.59,2.42,2.53,697635,AMOC,Alexandria Mineral Oils Company,0.007824696481287205
2016-10-23,2.53,2.55,2.53,2.53,149115,AMOC,Alexandria Mineral Oils Company,0.007824696481287205
2016-10-24,2.53,2.53,2.49,2.53,300375,AMOC,Alexandria Mineral Oils Company,0.007824696481287205
2016-10-25,2.53,2.53,2.49,2.51,177855,AMOC,Alexandria Mineral Oils Company,0.007824696481287205
2016-10-26,2.51,2.53,2.5,2.53,470550,AMOC,Alexandria Mineral Oils Company,0.007824696481287205
2016-10-27,2.53,2.69,2.53,2.63,797490,AMOC,Alexandria Mineral Oils Company,0.007824696481287205
2016-10-30,2.63,2.64,2.6,2.6,253425,AMOC,Alexandria Mineral Oils Company,0.007824696481287205
2016-10-31,2.6,2.66,2.6,2.64,569895,AMOC,Alexandria Mineral Oils Company,0.007824696481287205
2016-11-01,2.64,2.64,2.63,2.63,1021995,AMOC,Alexandria Mineral Oils Company,0.007824696481287205
2016-11-02,2.63,2.65,2.54,2.61,108675,AMOC,Alexandria Mineral Oils Company,0.007824696481287205
2016-11-03,2.61,2.66,2.47,2.56,808575,AMOC,Alexandria Mineral Oils Company,0.007824696481287205
2016-11-06,2.56,2.6,2.47,2.55,222720,AMOC,Alexandria Mineral Oils Company,0.007824696481287205
2016-11-07,2.55,2.6,2.53,2.57,823380,AMOC,Alexandria Mineral Oils Company,0.007824696481287205
2016-11-08,2.57,2.59,2.54,2.57,490395,AMOC,Alexandria Mineral Oils Company,0.007824696481287205
2016-11-09,2.57,2.82,2.57,2.71,2864430,AMOC,Alexandria Mineral Oils Company,0.007824696481287205
2016-11-10,2.71,2.99,2.71,2.99,1579455,AMOC,Alexandria Mineral Oils Company,0.007824696481287205
2016-11-13,3.29,3.61,3.23,3.53,3915570,AMOC,Alexandria Mineral Oils Company,0.007824696481287205
2016-11-14,3.53,3.8,3.43,3.58,1554945,AMOC,Alexandria Mineral Oils Company,0.007824696481287205
2016-11-15,3.58,3.73,3.42,3.51,1471575,AMOC,Alexandria Mineral Oils Company,0.007824696481287205
2016-11-16,3.51,3.66,3.51,3.55,512670,AMOC,Alexandria Mineral Oils Company,0.007824696481287205
2016-11-17,3.55,3.59,3.47,3.48,715995,AMOC,Alexandria Mineral Oils Company,0.007824696481287205
2016-11-20,3.48,3.53,3.47,3.48,555000,AMOC,Alexandria Mineral Oils Company,0.007824696481287205
2016-11-21,3.48,3.53,3.47,3.51,686820,AMOC,Alexandria Mineral Oils Company,0.007824696481287205
2016-11-22,3.51,3.59,3.47,3.53,1102665,AMOC,Alexandria Mineral Oils Company,0.007824696481287205
2016-11-23,3.53,3.7,3.53,3.66,988365,AMOC,Alexandria Mineral Oils Company,0.007824696481287205
2016-11-24,3.66,3.73,3.55,3.63,1539600,AMOC,Alexandria Mineral Oils Company,0.007824696481287205
2016-11-27,3.63,3.65,3.53,3.58,270735,AMOC,Alexandria Mineral Oils Company,0.007824696481287205
2016-11-28,3.58,3.73,3.56,3.67,1060965,AMOC,Alexandria Mineral Oils Company,0.007824696481287205
2016-11-29,3.67,3.76,3.6,3.69,1205655,AMOC,Alexandria Mineral Oils Company,0.007824696481287205
2016-11-30,3.69,4.05,3.69,3.97,1828710,AMOC,Alexandria Mineral Oils Company,0.007824696481287205
2016-12-01,3.97,4.37,3.97,4.37,854910,AMOC,Alexandria Mineral Oils Company,0.007824696481287205
2016-12-04,4.37,4.79,4.37,4.59,1495755,AMOC,Alexandria Mineral Oils Company,0.007824696481287205
2016-12-05,4.59,4.59,4.14,4.34,765750,AMOC,Alexandria Mineral Oils Company,0.007824696481287205
2016-12-06,4.34,4.4,4.08,4.19,480840,AMOC,Alexandria Mineral Oils Company,0.007824696481287205
2016-12-07,4.19,4.23,3.82,3.99,1243860,AMOC,Alexandria Mineral Oils Company,0.007824696481287205
2016-12-08,3.99,4.07,3.87,3.98,3775440,AMOC,Alexandria Mineral Oils Company,0.007824696481287205
2016-12-12,3.98,4.23,3.98,4.14,445185,AMOC,Alexandria Mineral Oils Company,0.007824696481287205
2016-12-13,4.14,4.14,4.0,4.05,289005,AMOC,Alexandria Mineral Oils Company,0.007824696481287205
2016-12-14,4.05,4.13,3.93,4.01,215340,AMOC,Alexandria Mineral Oils Company,0.007824696481287205
2016-12-15,4.01,4.03,3.93,3.99,112395,AMOC,Alexandria Mineral Oils Company,0.007824696481287205
2016-12-18,3.99,4.09,3.99,4.04,64380,AMOC,Alexandria Mineral Oils Company,0.007824696481287205
2016-12-19,4.04,4.17,4.01,4.1,1399380,AMOC,Alexandria Mineral Oils Company,0.007824696481287205
2016-12-20,4.1,4.25,4.1,4.19,992475,AMOC,Alexandria Mineral Oils Company,0.007824696481287205
2016-12-21,4.19,4.27,4.19,4.23,349365,AMOC,Alexandria Mineral Oils Company,0.007824696481287205
2016-12-22,4.23,4.61,4.23,4.49,1742580,AMOC,Alexandria Mineral Oils Company,0.007824696481287205
2016-12-25,4.69,5.13,4.68,4.96,3889365,AMOC,Alexandria Mineral Oils Company,0.007824696481287205
2016-12-26,5.13,5.13,5.01,5.07,969045,AMOC,Alexandria Mineral Oils Company,0.007824696481287205
2016-12-27,5.07,5.27,5.03,5.15,1958835,AMOC,Alexandria Mineral Oils Company,0.007824696481287205
2016-12-28,5.15,5.15,4.87,4.95,1125735,AMOC,Alexandria Mineral Oils Company,0.007824696481287205
2016-12-29,4.95,4.97,4.9,4.93,831615,AMOC,Alexandria Mineral Oils Company,0.007824696481287205
2017-01-02,4.93,5.17,4.87,5.05,1271085,AMOC,Alexandria Mineral Oils Company,0.007824696481287205
2017-01-03,5.05,5.05,4.93,4.99,2728590,AMOC,Alexandria Mineral Oils Company,0.007824696481287205
2017-01-04,4.99,5.03,4.92,4.97,243480,AMOC,Alexandria Mineral Oils Company,0.007824696481287205
2017-01-05,4.97,5.0,4.93,4.94,3235530,AMOC,Alexandria Mineral Oils Company,0.007824696481287205
2017-01-08,4.94,5.0,4.9,4.97,1499370,AMOC,Alexandria Mineral Oils Company,0.007824696481287205
2017-01-09,4.97,5.0,4.91,4.95,1287990,AMOC,Alexandria Mineral Oils Company,0.007824696481287205
2017-01-10,4.95,5.0,4.9,4.94,1027560,AMOC,Alexandria Mineral Oils Company,0.007824696481287205
2017-01-11,4.94,5.32,4.93,5.17,3142170,AMOC,Alexandria Mineral Oils Company,0.007824696481287205
2017-01-12,5.17,5.37,5.15,5.31,3302775,AMOC,Alexandria Mineral Oils Company,0.007824696481287205
2017-01-15,5.31,5.37,5.23,5.33,1267575,AMOC,Alexandria Mineral Oils Company,0.007824696481287205
2017-01-16,5.33,5.33,5.07,5.25,698010,AMOC,Alexandria Mineral Oils Company,0.007824696481287205
2017-01-17,5.25,5.27,5.17,5.21,801450,AMOC,Alexandria Mineral Oils Company,0.007824696481287205
2017-01-18,5.21,5.31,5.0,5.19,1249485,AMOC,Alexandria Mineral Oils Company,0.007824696481287205
2017-01-19,5.19,5.19,4.87,4.99,753210,AMOC,Alexandria Mineral Oils Company,0.007824696481287205
2017-01-22,4.99,5.36,4.93,5.29,1914285,AMOC,Alexandria Mineral Oils Company,0.007824696481287205
2017-01-23,5.29,5.59,5.29,5.47,1897215,AMOC,Alexandria Mineral Oils Company,0.007824696481287205
2017-01-24,5.47,5.72,5.47,5.63,2764845,AMOC,Alexandria Mineral Oils Company,0.007824696481287205
2017-01-26,5.63,5.73,5.56,5.61,1679820,AMOC,Alexandria Mineral Oils Company,0.007824696481287205
2017-01-29,5.61,5.72,5.57,5.67,434985,AMOC,Alexandria Mineral Oils Company,0.007824696481287205
2017-01-30,5.67,5.67,5.44,5.49,549375,AMOC,Alexandria Mineral Oils Company,0.007824696481287205
2017-01-31,5.49,5.53,5.37,5.47,655530,AMOC,Alexandria Mineral Oils Company,0.007824696481287205
2017-02-01,5.47,5.73,5.47,5.63,1253085,AMOC,Alexandria Mineral Oils Company,0.007824696481287205
2017-02-02,5.63,6.19,5.6,6.03,2940480,AMOC,Alexandria Mineral Oils Company,0.007824696481287205
2017-02-05,6.27,6.89,6.27,6.8,2773455,AMOC,Alexandria Mineral Oils Company,0.007824696481287205
2017-02-06,7.34,8.07,7.13,7.68,3290550,AMOC,Alexandria Mineral Oils Company,0.007824696481287205
2017-02-07,7.68,7.8,6.95,7.35,3741945,AMOC,Alexandria Mineral Oils Company,0.007824696481287205
2017-02-08,7.35,7.53,6.9,7.21,5898540,AMOC,Alexandria Mineral Oils Company,0.007824696481287205
2017-02-09,7.21,7.4,6.93,7.17,3688995,AMOC,Alexandria Mineral Oils Company,0.007824696481287205
2017-02-12,7.17,7.17,6.57,6.86,3930450,AMOC,Alexandria Mineral Oils Company,0.007824696481287205
2017-02-13,6.87,6.87,6.5,6.64,3871860,AMOC,Alexandria Mineral Oils Company,0.007824696481287205
2017-02-14,6.64,6.8,6.07,6.36,3373200,AMOC,Alexandria Mineral Oils Company,0.007824696481287205
2017-02-15,6.36,6.39,6.13,6.26,2610390,AMOC,Alexandria Mineral Oils Company,0.007824696481287205
2017-02-16,6.26,6.45,6.23,6.33,3363435,AMOC,Alexandria Mineral Oils Company,0.007824696481287205
2017-02-19,6.33,6.43,6.17,6.27,2941140,AMOC,Alexandria Mineral Oils Company,0.007824696481287205
2017-02-20,6.27,6.31,6.0,6.16,2415870,AMOC,Alexandria Mineral Oils Company,0.007824696481287205
2017-02-21,6.16,6.77,6.16,6.52,7281990,AMOC,Alexandria Mineral Oils Company,0.007824696481287205
2017-02-22,7.17,7.47,6.77,7.13,10931550,AMOC,Alexandria Mineral Oils Company,0.007824696481287205
2017-02-23,7.13,7.2,6.53,6.93,5996775,AMOC,Alexandria Mineral Oils Company,0.007824696481287205
2017-02-26,6.93,7.0,6.55,6.77,4575570,AMOC,Alexandria Mineral Oils Company,0.007824696481287205
2017-02-27,6.77,6.77,6.27,6.52,2923665,AMOC,Alexandria Mineral Oils Company,0.007824696481287205
2017-02-28,6.52,6.55,6.15,6.42,2197650,AMOC,Alexandria Mineral Oils Company,0.007824696481287205
2017-03-01,6.42,6.63,6.37,6.47,1104795,AMOC,Alexandria Mineral Oils Company,0.007824696481287205
2017-03-02,6.47,6.73,6.47,6.59,5807265,AMOC,Alexandria Mineral Oils Company,0.007824696481287205
2017-03-05,6.59,6.67,6.49,6.57,1260465,AMOC,Alexandria Mineral Oils Company,0.007824696481287205
2017-03-06,6.57,6.59,6.43,6.49,2692335,AMOC,Alexandria Mineral Oils Company,0.007824696481287205
2017-03-07,6.49,6.73,6.47,6.6,4526715,AMOC,Alexandria Mineral Oils Company,0.007824696481287205
2017-03-08,6.6,7.2,6.53,6.94,7524840,AMOC,Alexandria Mineral Oils Company,0.007824696481287205
2017-03-09,7.25,7.33,6.93,7.12,7399800,AMOC,Alexandria Mineral Oils Company,0.007824696481287205
2017-03-12,7.12,7.12,6.79,6.93,2698680,AMOC,Alexandria Mineral Oils Company,0.007824696481287205
2017-03-13,6.93,7.17,6.93,7.05,5966880,AMOC,Alexandria Mineral Oils Company,0.007824696481287205
2017-03-14,7.05,7.05,6.8,6.92,3736440,AMOC,Alexandria Mineral Oils Company,0.007824696481287205
2017-03-15,6.92,7.03,6.78,6.87,4160460,AMOC,Alexandria Mineral Oils Company,0.007824696481287205
2017-03-16,6.87,7.2,6.87,7.05,6398250,AMOC,Alexandria Mineral Oils Company,0.007824696481287205
2017-03-19,7.05,7.32,7.05,7.23,4086495,AMOC,Alexandria Mineral Oils Company,0.007824696481287205
2017-03-20,7.23,7.46,7.07,7.29,6180390,AMOC,Alexandria Mineral Oils Company,0.007824696481287205
2017-03-21,7.29,7.46,7.13,7.23,4427100,AMOC,Alexandria Mineral Oils Company,0.007824696481287205
2017-03-22,7.23,7.23,7.0,7.11,3616545,AMOC,Alexandria Mineral Oils Company,0.007824696481287205
2017-03-23,7.11,7.19,7.05,7.09,2617320,AMOC,Alexandria Mineral Oils Company,0.007824696481287205
2017-03-26,7.09,7.13,7.0,7.05,2609595,AMOC,Alexandria Mineral Oils Company,0.007824696481287205
2017-03-27,7.05,7.05,6.8,6.87,3850950,AMOC,Alexandria Mineral Oils Company,0.007824696481287205
2017-03-28,6.87,6.96,6.74,6.85,4893690,AMOC,Alexandria Mineral Oils Company,0.007824696481287205
2017-03-29,6.9,7.04,6.9,6.97,4114785,AMOC,Alexandria Mineral Oils Company,0.007824696481287205
2017-03-30,6.97,7.07,6.92,6.99,3598155,AMOC,Alexandria Mineral Oils Company,0.007824696481287205
2017-04-02,6.99,7.1,6.95,7.02,1544250,AMOC,Alexandria Mineral Oils Company,0.007824696481287205
2017-04-03,7.02,7.07,6.97,7.0,2992650,AMOC,Alexandria Mineral Oils Company,0.007824696481287205
2017-04-04,7.03,7.06,6.89,6.97,6352380,AMOC,Alexandria Mineral Oils Company,0.007824696481287205
2017-04-05,6.97,7.07,6.87,6.97,3830685,AMOC,Alexandria Mineral Oils Company,0.007824696481287205
2017-04-06,6.97,7.31,6.93,7.11,11532015,AMOC,Alexandria Mineral Oils Company,0.007824696481287205
2017-04-09,7.11,7.38,6.99,7.17,6522405,AMOC,Alexandria Mineral Oils Company,0.007824696481287205
2017-04-10,7.17,7.17,6.97,7.05,2943405,AMOC,Alexandria Mineral Oils Company,0.007824696481287205
2017-04-11,7.06,7.13,7.02,7.05,2605560,AMOC,Alexandria Mineral Oils Company,0.007824696481287205
2017-04-12,7.33,7.37,7.01,7.15,8098395,AMOC,Alexandria Mineral Oils Company,0.007824696481287205
2017-04-13,7.15,7.15,6.92,7.0,3488085,AMOC,Alexandria Mineral Oils Company,0.007824696481287205
2017-04-18,7.0,7.19,6.87,6.95,7320030,AMOC,Alexandria Mineral Oils Company,0.007824696481287205
2017-04-19,6.95,6.97,6.7,6.8,1614521,AMOC,Alexandria Mineral Oils Company,0.007824696481287205
2017-04-20,6.8,6.8,6.27,6.45,5989658,AMOC,Alexandria Mineral Oils Company,0.007824696481287205
2017-04-23,6.45,6.45,5.93,6.06,4880109,AMOC,Alexandria Mineral Oils Company,0.007824696481287205
2017-04-24,6.06,6.2,5.93,6.04,2603457,AMOC,Alexandria Mineral Oils Company,0.007824696481287205
2017-04-26,6.04,6.35,6.0,6.22,6738227,AMOC,Alexandria Mineral Oils Company,0.007824696481287205
2017-04-27,6.22,6.34,6.06,6.21,2626061,AMOC,Alexandria Mineral Oils Company,0.007824696481287205
2017-04-30,6.21,6.21,6.0,6.09,2028222,AMOC,Alexandria Mineral Oils Company,0.007824696481287205
2017-05-02,6.09,6.19,6.02,6.09,1311762,AMOC,Alexandria Mineral Oils Company,0.007824696481287205
2017-05-03,6.09,6.21,6.0,6.09,2922179,AMOC,Alexandria Mineral Oils Company,0.007824696481287205
2017-05-04,6.09,6.2,6.07,6.13,2162216,AMOC,Alexandria Mineral Oils Company,0.007824696481287205
2017-05-07,6.13,6.2,6.1,6.15,1775255,AMOC,Alexandria Mineral Oils Company,0.007824696481287205
2017-05-08,6.15,6.29,6.15,6.23,2496996,AMOC,Alexandria Mineral Oils Company,0.007824696481287205
2017-05-09,6.23,6.43,6.23,6.37,3644429,AMOC,Alexandria Mineral Oils Company,0.007824696481287205
2017-05-10,6.37,6.4,6.21,6.29,3054180,AMOC,Alexandria Mineral Oils Company,0.007824696481287205
2017-05-11,6.29,6.39,6.23,6.31,2513649,AMOC,Alexandria Mineral Oils Company,0.007824696481287205
2017-05-14,6.31,6.34,6.22,6.25,1215267,AMOC,Alexandria Mineral Oils Company,0.007824696481287205
2017-05-15,6.25,6.31,6.19,6.23,1344267,AMOC,Alexandria Mineral Oils Company,0.007824696481287205
2017-05-16,6.23,6.29,6.21,6.23,894669,AMOC,Alexandria Mineral Oils Company,0.007824696481287205
2017-05-17,6.23,6.27,6.14,6.18,1713488,AMOC,Alexandria Mineral Oils Company,0.007824696481287205
2017-05-18,6.18,6.2,6.1,6.15,1277478,AMOC,Alexandria Mineral Oils Company,0.007824696481287205
2017-05-21,6.15,6.38,6.11,6.31,2920406,AMOC,Alexandria Mineral Oils Company,0.007824696481287205
2017-05-22,6.31,6.31,5.96,6.12,2047053,AMOC,Alexandria Mineral Oils Company,0.007824696481287205
2017-05-23,6.12,6.25,6.11,6.18,1265606,AMOC,Alexandria Mineral Oils Company,0.007824696481287205
2017-05-24,6.18,6.58,6.18,6.44,5186291,AMOC,Alexandria Mineral Oils Company,0.007824696481287205
2017-05-25,6.61,6.66,6.49,6.59,3219471,AMOC,Alexandria Mineral Oils Company,0.007824696481287205
2017-05-28,6.59,6.59,6.41,6.49,804596,AMOC,Alexandria Mineral Oils Company,0.007824696481287205
2017-05-29,6.49,6.57,6.37,6.43,1396524,AMOC,Alexandria Mineral Oils Company,0.007824696481287205
2017-05-30,6.43,6.45,6.33,6.37,514094,AMOC,Alexandria Mineral Oils Company,0.007824696481287205
2017-05-31,6.37,6.45,6.27,6.33,1452839,AMOC,Alexandria Mineral Oils Company,0.007824696481287205
2017-06-01,6.33,6.47,6.33,6.41,758708,AMOC,Alexandria Mineral Oils Company,0.007824696481287205
2017-06-04,6.41,6.43,6.35,6.37,274587,AMOC,Alexandria Mineral Oils Company,0.007824696481287205
2017-06-05,6.37,6.43,6.28,6.35,2747847,AMOC,Alexandria Mineral Oils Company,0.007824696481287205
2017-06-06,6.35,6.39,6.29,6.33,713166,AMOC,Alexandria Mineral Oils Company,0.007824696481287205
2017-06-07,6.33,6.37,6.28,6.33,1091054,AMOC,Alexandria Mineral Oils Company,0.007824696481287205
2017-06-08,6.33,6.37,6.3,6.32,1296839,AMOC,Alexandria Mineral Oils Company,0.007824696481287205
2017-06-11,6.32,6.36,6.27,6.29,1115468,AMOC,Alexandria Mineral Oils Company,0.007824696481287205
2017-06-12,6.29,6.47,6.27,6.37,3638492,AMOC,Alexandria Mineral Oils Company,0.007824696481287205
2017-06-13,6.37,6.6,6.37,6.52,3940008,AMOC,Alexandria Mineral Oils Company,0.007824696481287205
2017-06-14,6.52,6.76,6.52,6.66,4982114,AMOC,Alexandria Mineral Oils Company,0.007824696481287205
2017-06-15,6.66,7.15,6.63,6.97,7793936,AMOC,Alexandria Mineral Oils Company,0.007824696481287205
2017-06-18,7.07,7.12,6.85,6.96,1320995,AMOC,Alexandria Mineral Oils Company,0.007824696481287205
2017-06-19,6.96,7.0,6.81,6.88,708162,AMOC,Alexandria Mineral Oils Company,0.007824696481287205
2017-06-20,6.88,6.93,6.79,6.83,746918,AMOC,Alexandria Mineral Oils Company,0.007824696481287205
2017-06-21,6.83,6.98,6.8,6.87,1045265,AMOC,Alexandria Mineral Oils Company,0.007824696481287205
2017-06-22,6.87,6.93,6.8,6.83,682827,AMOC,Alexandria Mineral Oils Company,0.007824696481287205
2017-06-28,6.83,6.96,6.8,6.89,650376,AMOC,Alexandria Mineral Oils Company,0.007824696481287205
2017-07-02,6.89,7.2,6.89,7.09,2260623,AMOC,Alexandria Mineral Oils Company,0.007824696481287205
2017-07-03,7.09,7.09,6.93,7.01,1166652,AMOC,Alexandria Mineral Oils Company,0.007824696481287205
2017-07-04,7.01,7.23,7.01,7.15,2148234,AMOC,Alexandria Mineral Oils Company,0.007824696481287205
2017-07-05,7.15,7.18,6.98,7.03,558276,AMOC,Alexandria Mineral Oils Company,0.007824696481287205
2017-07-06,7.03,7.13,6.97,7.03,1218879,AMOC,Alexandria Mineral Oils Company,0.007824696481287205
2017-07-09,7.03,7.23,6.87,7.07,2480237,AMOC,Alexandria Mineral Oils Company,0.007824696481287205
2017-07-10,7.07,7.19,7.05,7.09,1332410,AMOC,Alexandria Mineral Oils Company,0.007824696481287205
2017-07-11,7.09,7.2,7.0,7.1,1931021,AMOC,Alexandria Mineral Oils Company,0.007824696481287205
2017-07-12,7.1,7.12,6.96,7.01,787530,AMOC,Alexandria Mineral Oils Company,0.007824696481287205
2017-07-13,7.01,7.25,7.01,7.17,3381264,AMOC,Alexandria Mineral Oils Company,0.007824696481287205
2017-07-16,7.17,7.29,7.08,7.16,2205957,AMOC,Alexandria Mineral Oils Company,0.007824696481287205
2017-07-17,7.16,7.17,6.95,7.02,3224681,AMOC,Alexandria Mineral Oils Company,0.007824696481287205
2017-07-18,7.02,7.07,6.8,6.89,1538429,AMOC,Alexandria Mineral Oils Company,0.007824696481287205
2017-07-19,6.89,6.99,6.87,6.93,963950,AMOC,Alexandria Mineral Oils Company,0.007824696481287205
2017-07-20,6.93,7.06,6.9,6.95,788900,AMOC,Alexandria Mineral Oils Company,0.007824696481287205
2017-07-24,6.95,6.99,6.9,6.93,959163,AMOC,Alexandria Mineral Oils Company,0.007824696481287205
2017-07-25,6.93,7.01,6.89,6.93,1593923,AMOC,Alexandria Mineral Oils Company,0.007824696481287205
2017-07-26,6.93,7.01,6.91,6.97,1506876,AMOC,Alexandria Mineral Oils Company,0.007824696481287205
2017-07-27,6.97,7.03,6.87,6.91,1352154,AMOC,Alexandria Mineral Oils Company,0.007824696481287205
2017-07-30,6.91,6.93,6.8,6.83,979757,AMOC,Alexandria Mineral Oils Company,0.007824696481287205
2017-07-31,6.83,6.93,6.8,6.85,914244,AMOC,Alexandria Mineral Oils Company,0.007824696481287205
2017-08-01,6.85,7.01,6.85,6.95,2457186,AMOC,Alexandria Mineral Oils Company,0.007824696481287205
2017-08-02,6.95,7.0,6.78,6.83,3378918,AMOC,Alexandria Mineral Oils Company,0.007824696481287205
2017-08-03,6.83,6.97,6.82,6.92,1474017,AMOC,Alexandria Mineral Oils Company,0.007824696481287205
2017-08-06,6.92,7.11,6.92,7.03,2418552,AMOC,Alexandria Mineral Oils Company,0.007824696481287205
2017-08-07,7.03,7.16,7.03,7.09,1632617,AMOC,Alexandria Mineral Oils Company,0.007824696481287205
2017-08-08,7.09,7.15,7.02,7.09,2127647,AMOC,Alexandria Mineral Oils Company,0.007824696481287205
2017-08-09,7.09,7.13,7.03,7.07,1108029,AMOC,Alexandria Mineral Oils Company,0.007824696481287205
2017-08-10,7.07,7.08,7.0,7.03,862223,AMOC,Alexandria Mineral Oils Company,0.007824696481287205
2017-08-13,7.03,7.06,6.89,6.95,814394,AMOC,Alexandria Mineral Oils Company,0.007824696481287205
2017-08-14,6.95,7.03,6.9,6.97,1154360,AMOC,Alexandria Mineral Oils Company,0.007824696481287205
2017-08-15,6.97,7.14,6.93,7.06,2686571,AMOC,Alexandria Mineral Oils Company,0.007824696481287205
2017-08-16,7.06,7.17,7.03,7.1,1118567,AMOC,Alexandria Mineral Oils Company,0.007824696481287205
2017-08-17,7.1,7.14,6.98,7.08,1026603,AMOC,Alexandria Mineral Oils Company,0.007824696481287205
2017-08-20,7.08,7.17,6.99,7.09,942107,AMOC,Alexandria Mineral Oils Company,0.007824696481287205
2017-08-21,7.09,7.11,6.99,7.08,1211832,AMOC,Alexandria Mineral Oils Company,0.007824696481287205
2017-08-22,7.08,7.13,7.05,7.09,219101,AMOC,Alexandria Mineral Oils Company,0.007824696481287205
2017-08-23,7.09,7.11,6.93,6.99,775542,AMOC,Alexandria Mineral Oils Company,0.007824696481287205
2017-08-24,6.99,7.04,6.85,6.9,822971,AMOC,Alexandria Mineral Oils Company,0.007824696481287205
2017-08-27,6.9,6.99,6.9,6.95,224267,AMOC,Alexandria Mineral Oils Company,0.007824696481287205
2017-08-28,6.95,7.0,6.91,6.95,421755,AMOC,Alexandria Mineral Oils Company,0.007824696481287205
2017-08-29,6.95,7.02,6.93,6.99,832836,AMOC,Alexandria Mineral Oils Company,0.007824696481287205
2017-08-30,6.99,7.01,6.93,6.97,1309233,AMOC,Alexandria Mineral Oils Company,0.007824696481287205
2017-09-05,6.97,7.0,6.88,6.97,1790244,AMOC,Alexandria Mineral Oils Company,0.007824696481287205
2017-09-06,6.97,6.99,6.92,6.95,660605,AMOC,Alexandria Mineral Oils Company,0.007824696481287205
2017-09-07,6.95,7.02,6.95,6.99,2401166,AMOC,Alexandria Mineral Oils Company,0.007824696481287205
2017-09-10,7.05,7.11,7.0,7.04,809561,AMOC,Alexandria Mineral Oils Company,0.007824696481287205
2017-09-11,7.04,7.07,6.97,7.01,1999197,AMOC,Alexandria Mineral Oils Company,0.007824696481287205
2017-09-12,6.95,7.09,6.88,6.99,8780612,AMOC,Alexandria Mineral Oils Company,0.007824696481287205
2017-09-13,6.99,7.45,6.99,7.24,12078773,AMOC,Alexandria Mineral Oils Company,0.007824696481287205
2017-09-14,7.44,7.65,7.42,7.53,6554145,AMOC,Alexandria Mineral Oils Company,0.007824696481287205
2017-09-17,7.71,7.73,7.43,7.56,2505512,AMOC,Alexandria Mineral Oils Company,0.007824696481287205
2017-09-18,7.56,7.6,7.43,7.5,1848060,AMOC,Alexandria Mineral Oils Company,0.007824696481287205
2017-09-19,7.5,7.69,7.5,7.65,1461413,AMOC,Alexandria Mineral Oils Company,0.007824696481287205
2017-09-20,7.65,7.8,7.58,7.74,2262759,AMOC,Alexandria Mineral Oils Company,0.007824696481287205
2017-09-24,7.74,7.96,7.71,7.83,1800353,AMOC,Alexandria Mineral Oils Company,0.007824696481287205
2017-09-25,7.83,7.89,7.69,7.79,1290129,AMOC,Alexandria Mineral Oils Company,0.007824696481287205
2017-09-26,7.79,8.08,7.79,7.97,3146372,AMOC,Alexandria Mineral Oils Company,0.007824696481287205
2017-09-27,7.97,8.01,7.87,7.93,2274981,AMOC,Alexandria Mineral Oils Company,0.007824696481287205
2017-09-28,7.93,8.03,7.88,7.93,1220760,AMOC,Alexandria Mineral Oils Company,0.007824696481287205
2017-10-01,7.93,8.43,7.93,8.26,3152468,AMOC,Alexandria Mineral Oils Company,0.007824696481287205
2017-10-02,8.43,8.5,8.13,8.32,1382630,AMOC,Alexandria Mineral Oils Company,0.007824696481287205
2017-10-03,8.32,8.38,8.17,8.29,805431,AMOC,Alexandria Mineral Oils Company,0.007824696481287205
2017-10-04,8.29,8.86,8.27,8.61,3219891,AMOC,Alexandria Mineral Oils Company,0.007824696481287205
2017-10-08,8.88,9.6,8.88,9.33,2831985,AMOC,Alexandria Mineral Oils Company,0.007824696481287205
2017-10-09,9.33,9.77,9.2,9.4,3739935,AMOC,Alexandria Mineral Oils Company,0.007824696481287205
2017-10-10,9.4,9.5,9.13,9.27,2234900,AMOC,Alexandria Mineral Oils Company,0.007824696481287205
2017-10-11,9.17,9.27,9.05,9.13,2238464,AMOC,Alexandria Mineral Oils Company,0.007824696481287205
2017-10-12,9.13,9.21,9.1,9.15,1125663,AMOC,Alexandria Mineral Oils Company,0.007824696481287205
2017-10-15,9.15,9.29,9.08,9.16,2133959,AMOC,Alexandria Mineral Oils Company,0.007824696481287205
2017-10-16,8.73,8.73,8.27,8.45,2276199,AMOC,Alexandria Mineral Oils Company,0.007824696481287205
2017-10-17,8.45,8.45,8.03,8.29,1626864,AMOC,Alexandria Mineral Oils Company,0.007824696481287205
2017-10-18,8.29,8.5,8.23,8.35,1184474,AMOC,Alexandria Mineral Oils Company,0.007824696481287205
2017-10-19,8.35,8.41,8.17,8.23,1453803,AMOC,Alexandria Mineral Oils Company,0.007824696481287205
2017-10-22,8.23,8.26,8.03,8.11,673913,AMOC,Alexandria Mineral Oils Company,0.007824696481287205
2017-10-23,8.11,8.5,8.11,8.29,2671844,AMOC,Alexandria Mineral Oils Company,0.007824696481287205
2017-10-24,8.29,8.63,8.29,8.52,2830905,AMOC,Alexandria Mineral Oils Company,0.007824696481287205
2017-10-25,8.52,8.55,8.4,8.49,1444338,AMOC,Alexandria Mineral Oils Company,0.007824696481287205
2017-10-26,8.49,8.75,8.49,8.69,3022995,AMOC,Alexandria Mineral Oils Company,0.007824696481287205
2017-10-29,8.69,8.88,8.67,8.77,995336,AMOC,Alexandria Mineral Oils Company,0.007824696481287205
2017-10-30,8.77,9.04,8.77,8.95,2851917,AMOC,Alexandria Mineral Oils Company,0.007824696481287205
2017-10-31,8.95,9.0,8.67,8.79,1636308,AMOC,Alexandria Mineral Oils Company,0.007824696481287205
2017-11-01,8.79,8.85,8.63,8.69,1111728,AMOC,Alexandria Mineral Oils Company,0.007824696481287205
2017-11-02,8.69,8.83,8.6,8.7,1138661,AMOC,Alexandria Mineral Oils Company,0.007824696481287205
2017-11-05,8.7,8.77,8.54,8.64,764843,AMOC,Alexandria Mineral Oils Company,0.007824696481287205
2017-11-06,8.64,8.8,8.34,8.57,1427418,AMOC,Alexandria Mineral Oils Company,0.007824696481287205
2017-11-07,8.57,8.71,8.45,8.6,1409484,AMOC,Alexandria Mineral Oils Company,0.007824696481287205
2017-11-08,8.6,8.67,8.45,8.53,1131707,AMOC,Alexandria Mineral Oils Company,0.007824696481287205
2017-11-09,8.53,8.74,8.53,8.63,1183350,AMOC,Alexandria Mineral Oils Company,0.007824696481287205
2017-11-12,8.63,8.63,8.37,8.46,1097654,AMOC,Alexandria Mineral Oils Company,0.007824696481287205
2017-11-13,8.46,8.67,8.46,8.57,1149246,AMOC,Alexandria Mineral Oils Company,0.007824696481287205
2017-11-14,8.57,8.67,8.4,8.54,1186383,AMOC,Alexandria Mineral Oils Company,0.007824696481287205
2017-11-15,8.54,9.01,8.54,8.83,4331375,AMOC,Alexandria Mineral Oils Company,0.007824696481287205
2017-11-16,8.83,8.91,8.71,8.81,1218104,AMOC,Alexandria Mineral Oils Company,0.007824696481287205
2017-11-19,8.81,9.01,8.73,8.91,1435632,AMOC,Alexandria Mineral Oils Company,0.007824696481287205
2017-11-20,8.91,8.91,8.5,8.69,1314281,AMOC,Alexandria Mineral Oils Company,0.007824696481287205
2017-11-21,8.69,8.71,8.43,8.55,1579185,AMOC,Alexandria Mineral Oils Company,0.007824696481287205
2017-11-22,8.55,8.59,8.45,8.51,802581,AMOC,Alexandria Mineral Oils Company,0.007824696481287205
2017-11-23,8.51,8.77,8.51,8.69,2070738,AMOC,Alexandria Mineral Oils Company,0.007824696481287205
2017-11-26,8.69,8.81,8.6,8.71,718632,AMOC,Alexandria Mineral Oils Company,0.007824696481287205
2017-11-27,8.71,9.0,8.61,8.91,2560389,AMOC,Alexandria Mineral Oils Company,0.007824696481287205
2017-11-28,9.02,9.13,8.82,8.98,3949371,AMOC,Alexandria Mineral Oils Company,0.007824696481287205
2017-11-29,8.98,8.99,8.77,8.85,1953554,AMOC,Alexandria Mineral Oils Company,0.007824696481287205
2017-12-03,8.85,8.91,8.78,8.84,472116,AMOC,Alexandria Mineral Oils Company,0.007824696481287205
2017-12-04,8.84,8.87,8.65,8.73,837090,AMOC,Alexandria Mineral Oils Company,0.007824696481287205
2017-12-05,8.73,8.8,8.6,8.67,2171177,AMOC,Alexandria Mineral Oils Company,0.007824696481287205
2017-12-06,8.67,8.85,8.63,8.72,3435698,AMOC,Alexandria Mineral Oils Company,0.007824696481287205
2017-12-07,8.72,8.73,8.55,8.65,1378496,AMOC,Alexandria Mineral Oils Company,0.007824696481287205
2017-12-10,8.65,8.75,8.62,8.67,567656,AMOC,Alexandria Mineral Oils Company,0.007824696481287205
2017-12-11,8.67,8.73,8.57,8.61,1581032,AMOC,Alexandria Mineral Oils Company,0.007824696481287205
2017-12-12,8.61,8.7,8.57,8.63,1627865,AMOC,Alexandria Mineral Oils Company,0.007824696481287205
2017-12-13,8.63,8.78,8.6,8.67,1656986,AMOC,Alexandria Mineral Oils Company,0.007824696481287205
2017-12-14,8.67,8.77,8.62,8.69,2477678,AMOC,Alexandria Mineral Oils Company,0.007824696481287205
2017-12-17,8.69,8.79,8.65,8.72,944118,AMOC,Alexandria Mineral Oils Company,0.007824696481287205
2017-12-18,8.72,9.2,8.69,9.02,8736480,AMOC,Alexandria Mineral Oils Company,0.007824696481287205
2017-12-19,9.33,9.55,9.17,9.36,9658239,AMOC,Alexandria Mineral Oils Company,0.007824696481287205
2017-12-20,9.36,9.36,9.1,9.19,3004229,AMOC,Alexandria Mineral Oils Company,0.007824696481287205
2017-12-21,9.19,9.27,9.07,9.14,1290456,AMOC,Alexandria Mineral Oils Company,0.007824696481287205
2017-12-24,9.14,9.21,9.07,9.13,1191204,AMOC,Alexandria Mineral Oils Company,0.007824696481287205
2017-12-25,9.13,9.23,9.12,9.17,1337963,AMOC,Alexandria Mineral Oils Company,0.007824696481287205
2017-12-26,9.17,9.23,9.11,9.17,1676391,AMOC,Alexandria Mineral Oils Company,0.007824696481287205
2017-12-27,9.17,9.27,9.1,9.17,1508399,AMOC,Alexandria Mineral Oils Company,0.007824696481287205
2017-12-28,9.17,9.3,9.09,9.17,1463568,AMOC,Alexandria Mineral Oils Company,0.007824696481287205
2017-12-31,9.17,9.32,9.17,9.25,772880,AMOC,Alexandria Mineral Oils Company,0.007824696481287205
2018-01-02,9.25,9.37,9.1,9.21,1891187,AMOC,Alexandria Mineral Oils Company,0.007824696481287205
2018-01-03,9.21,9.21,8.95,9.03,2554634,AMOC,Alexandria Mineral Oils Company,0.007824696481287205
2018-01-04,8.99,9.13,8.58,8.81,2384814,AMOC,Alexandria Mineral Oils Company,0.007824696481287205
2018-01-08,8.81,8.85,8.6,8.68,1467480,AMOC,Alexandria Mineral Oils Company,0.007824696481287205
2018-01-09,8.68,8.81,8.65,8.71,1119613,AMOC,Alexandria Mineral Oils Company,0.007824696481287205
2018-01-10,8.71,8.89,8.67,8.8,1434926,AMOC,Alexandria Mineral Oils Company,0.007824696481287205
2018-01-11,8.8,9.2,8.8,9.1,2987175,AMOC,Alexandria Mineral Oils Company,0.007824696481287205
2018-01-14,9.1,9.23,9.04,9.14,1060116,AMOC,Alexandria Mineral Oils Company,0.007824696481287205
2018-01-15,9.14,9.14,8.88,8.96,812995,AMOC,Alexandria Mineral Oils Company,0.007824696481287205
2018-01-16,8.96,9.19,8.9,9.05,1332016,AMOC,Alexandria Mineral Oils Company,0.007824696481287205
2018-01-17,9.05,9.42,9.0,9.29,3821102,AMOC,Alexandria Mineral Oils Company,0.007824696481287205
2018-01-18,9.29,9.5,9.17,9.32,2828180,AMOC,Alexandria Mineral Oils Company,0.007824696481287205
2018-01-21,9.32,9.35,9.1,9.16,955511,AMOC,Alexandria Mineral Oils Company,0.007824696481287205
2018-01-22,9.16,9.24,8.9,9.03,2700624,AMOC,Alexandria Mineral Oils Company,0.007824696481287205
2018-01-23,9.03,9.15,9.0,9.06,933536,AMOC,Alexandria Mineral Oils Company,0.007824696481287205
2018-01-24,9.06,9.17,9.04,9.1,692665,AMOC,Alexandria Mineral Oils Company,0.007824696481287205
2018-01-28,9.1,9.27,9.1,9.2,959704,AMOC,Alexandria Mineral Oils Company,0.007824696481287205
2018-01-29,9.2,9.35,9.17,9.26,2742790,AMOC,Alexandria Mineral Oils Company,0.007824696481287205
2018-01-30,9.26,9.77,9.26,9.55,6667663,AMOC,Alexandria Mineral Oils Company,0.007824696481287205
2018-01-31,9.55,9.89,9.5,9.71,2896257,AMOC,Alexandria Mineral Oils Company,0.007824696481287205
2018-02-01,9.71,9.73,9.41,9.53,1206552,AMOC,Alexandria Mineral Oils Company,0.007824696481287205
2018-02-04,9.36,9.36,9.13,9.23,1705029,AMOC,Alexandria Mineral Oils Company,0.007824696481287205
2018-02-05,9.23,9.36,9.2,9.29,1201354,AMOC,Alexandria Mineral Oils Company,0.007824696481287205
2018-02-06,9.06,9.33,8.91,9.17,2182224,AMOC,Alexandria Mineral Oils Company,0.007824696481287205
2018-02-07,9.17,9.45,9.11,9.24,943013,AMOC,Alexandria Mineral Oils Company,0.007824696481287205
2018-02-08,9.24,9.28,9.11,9.18,1611724,AMOC,Alexandria Mineral Oils Company,0.007824696481287205
2018-02-11,9.18,9.24,8.97,9.09,1232211,AMOC,Alexandria Mineral Oils Company,0.007824696481287205
2018-02-12,9.09,9.31,9.06,9.23,2226390,AMOC,Alexandria Mineral Oils Company,0.007824696481287205
2018-02-13,9.23,9.3,9.03,9.15,1658385,AMOC,Alexandria Mineral Oils Company,0.007824696481287205
2018-02-14,9.15,9.23,9.1,9.17,1034005,AMOC,Alexandria Mineral Oils Company,0.007824696481287205
2018-02-15,9.17,9.37,9.15,9.26,1355290,AMOC,Alexandria Mineral Oils Company,0.007824696481287205
2018-02-18,9.26,9.36,9.11,9.19,1400706,AMOC,Alexandria Mineral Oils Company,0.007824696481287205
2018-02-19,9.19,9.24,9.13,9.19,1571157,AMOC,Alexandria Mineral Oils Company,0.007824696481287205
2018-02-20,9.19,9.23,9.13,9.17,774392,AMOC,Alexandria Mineral Oils Company,0.007824696481287205
2018-02-21,9.17,9.19,9.01,9.07,755934,AMOC,Alexandria Mineral Oils Company,0.007824696481287205
2018-02-22,9.07,9.15,8.97,9.05,1789854,AMOC,Alexandria Mineral Oils Company,0.007824696481287205
2018-02-25,9.05,9.21,9.05,9.15,537315,AMOC,Alexandria Mineral Oils Company,0.007824696481287205
2018-02-26,9.15,9.22,9.07,9.15,990915,AMOC,Alexandria Mineral Oils Company,0.007824696481287205
2018-02-27,9.15,9.2,9.06,9.1,918652,AMOC,Alexandria Mineral Oils Company,0.007824696481287205
2018-02-28,9.1,9.13,8.97,9.02,2094812,AMOC,Alexandria Mineral Oils Company,0.007824696481287205
2018-03-01,9.02,9.07,8.9,8.96,1328543,AMOC,Alexandria Mineral Oils Company,0.007824696481287205
2018-03-04,8.96,9.23,8.9,9.11,1541763,AMOC,Alexandria Mineral Oils Company,0.007824696481287205
2018-03-05,9.11,9.36,9.11,9.25,2395668,AMOC,Alexandria Mineral Oils Company,0.007824696481287205
2018-03-06,9.25,9.26,9.15,9.19,748528,AMOC,Alexandria Mineral Oils Company,0.007824696481287205
2018-03-07,9.19,9.22,9.06,9.13,642846,AMOC,Alexandria Mineral Oils Company,0.007824696481287205
2018-03-08,9.13,9.15,8.99,9.04,1736865,AMOC,Alexandria Mineral Oils Company,0.007824696481287205
2018-03-11,9.04,9.11,9.0,9.04,367725,AMOC,Alexandria Mineral Oils Company,0.007824696481287205
2018-03-12,9.04,9.35,9.04,9.25,2763130,AMOC,Alexandria Mineral Oils Company,0.007824696481287205
2018-03-13,9.36,9.55,9.28,9.42,4284035,AMOC,Alexandria Mineral Oils Company,0.007824696481287205
2018-03-14,9.42,9.6,9.23,9.45,5199415,AMOC,Alexandria Mineral Oils Company,0.007824696481287205
2018-03-15,9.45,9.45,9.23,9.33,1016782,AMOC,Alexandria Mineral Oils Company,0.007824696481287205
2018-03-18,9.33,9.45,9.25,9.32,1618440,AMOC,Alexandria Mineral Oils Company,0.007824696481287205
2018-03-19,9.45,9.45,9.28,9.37,2501976,AMOC,Alexandria Mineral Oils Company,0.007824696481287205
2018-03-20,9.37,10.3,9.37,9.85,8971286,AMOC,Alexandria Mineral Oils Company,0.007824696481287205
2018-03-21,10.47,10.83,10.04,10.44,5347004,AMOC,Alexandria Mineral Oils Company,0.007824696481287205
2018-03-22,10.44,10.55,10.02,10.25,3459323,AMOC,Alexandria Mineral Oils Company,0.007824696481287205
2018-03-25,10.25,10.41,9.92,10.25,1980902,AMOC,Alexandria Mineral Oils Company,0.007824696481287205
2018-03-26,10.25,10.38,10.1,10.19,788261,AMOC,Alexandria Mineral Oils Company,0.007824696481287205
2018-03-27,10.19,10.27,9.9,10.03,2174242,AMOC,Alexandria Mineral Oils Company,0.007824696481287205
2018-03-28,10.03,10.08,9.81,9.9,1134574,AMOC,Alexandria Mineral Oils Company,0.007824696481287205
2018-03-29,9.9,10.4,9.9,10.19,2679404,AMOC,Alexandria Mineral Oils Company,0.007824696481287205
2018-04-01,10.19,10.93,10.19,10.67,3879099,AMOC,Alexandria Mineral Oils Company,0.007824696481287205
2018-04-02,10.67,11.31,10.67,10.99,3654479,AMOC,Alexandria Mineral Oils Company,0.007824696481287205
2018-04-03,10.99,10.99,10.37,10.52,3073978,AMOC,Alexandria Mineral Oils Company,0.007824696481287205
2018-04-04,10.52,10.74,10.0,10.24,2591521,AMOC,Alexandria Mineral Oils Company,0.007824696481287205
2018-04-05,10.24,10.29,10.0,10.15,929620,AMOC,Alexandria Mineral Oils Company,0.007824696481287205
2018-04-10,10.15,10.74,10.15,10.62,3009038,AMOC,Alexandria Mineral Oils Company,0.007824696481287205
2018-04-11,10.62,11.05,10.62,10.89,4272579,AMOC,Alexandria Mineral Oils Company,0.007824696481287205
2018-04-12,10.97,11.34,10.9,11.18,4255165,AMOC,Alexandria Mineral Oils Company,0.007824696481287205
2018-04-15,11.18,11.45,10.85,11.05,1339484,AMOC,Alexandria Mineral Oils Company,0.007824696481287205
2018-04-16,11.05,11.17,10.95,11.04,838069,AMOC,Alexandria Mineral Oils Company,0.007824696481287205
2018-04-17,11.04,11.4,11.0,11.18,1808179,AMOC,Alexandria Mineral Oils Company,0.007824696481287205
2018-04-18,11.18,11.2,10.72,10.89,1685270,AMOC,Alexandria Mineral Oils Company,0.007824696481287205
2018-04-19,10.89,11.0,10.7,10.84,1173380,AMOC,Alexandria Mineral Oils Company,0.007824696481287205
2018-04-22,10.84,11.2,10.84,11.02,1013496,AMOC,Alexandria Mineral Oils Company,0.007824696481287205
2018-04-23,11.02,11.14,10.87,11.0,1471209,AMOC,Alexandria Mineral Oils Company,0.007824696481287205
2018-04-24,11.0,11.19,10.9,11.05,940235,AMOC,Alexandria Mineral Oils Company,0.007824696481287205
2018-04-26,11.05,11.3,11.02,11.12,954123,AMOC,Alexandria Mineral Oils Company,0.007824696481287205
2018-04-29,11.12,11.28,11.05,11.1,522961,AMOC,Alexandria Mineral Oils Company,0.007824696481287205
2018-04-30,11.1,11.21,11.03,11.13,576446,AMOC,Alexandria Mineral Oils Company,0.007824696481287205
2018-05-02,11.13,11.26,10.02,11.12,748080,AMOC,Alexandria Mineral Oils Company,0.007824696481287205
2018-05-03,11.12,11.15,10.9,10.98,607309,AMOC,Alexandria Mineral Oils Company,0.007824696481287205
2018-05-06,10.98,11.4,10.94,11.22,1778335,AMOC,Alexandria Mineral Oils Company,0.007824696481287205
2018-05-07,11.22,11.52,11.02,11.33,3229897,AMOC,Alexandria Mineral Oils Company,0.007824696481287205
2018-05-08,11.33,11.75,11.33,11.64,2534768,AMOC,Alexandria Mineral Oils Company,0.007824696481287205
2018-05-09,11.64,12.1,11.4,11.78,3294771,AMOC,Alexandria Mineral Oils Company,0.007824696481287205
2018-05-10,11.78,12.1,11.43,11.92,2653850,AMOC,Alexandria Mineral Oils Company,0.007824696481287205
2018-05-13,11.92,12.22,11.92,12.11,1167333,AMOC,Alexandria Mineral Oils Company,0.007824696481287205
2018-05-14,12.11,12.21,11.76,11.94,1034856,AMOC,Alexandria Mineral Oils Company,0.007824696481287205
2018-05-15,11.94,12.09,11.85,11.99,1686066,AMOC,Alexandria Mineral Oils Company,0.007824696481287205
2018-05-16,11.99,12.34,11.9,12.15,881413,AMOC,Alexandria Mineral Oils Company,0.007824696481287205
2018-05-17,12.15,12.59,12.15,12.4,1162294,AMOC,Alexandria Mineral Oils Company,0.007824696481287205
2018-05-20,12.4,12.75,12.4,12.62,267824,AMOC,Alexandria Mineral Oils Company,0.007824696481287205
2018-05-21,12.62,12.72,12.47,12.57,393437,AMOC,Alexandria Mineral Oils Company,0.007824696481287205
2018-05-22,12.57,12.57,12.33,12.53,2890533,AMOC,Alexandria Mineral Oils Company,0.007824696481287205
2018-05-23,12.53,12.7,12.41,12.59,523544,AMOC,Alexandria Mineral Oils Company,0.007824696481287205
2018-05-24,12.59,12.69,12.39,12.51,511156,AMOC,Alexandria Mineral Oils Company,0.007824696481287205
2018-05-27,12.51,12.51,12.0,12.26,703881,AMOC,Alexandria Mineral Oils Company,0.007824696481287205
2018-05-28,12.26,12.26,12.03,12.1,296259,AMOC,Alexandria Mineral Oils Company,0.007824696481287205
2018-05-29,12.1,12.4,12.1,12.27,294572,AMOC,Alexandria Mineral Oils Company,0.007824696481287205
2018-05-30,12.27,12.69,12.23,12.45,1602661,AMOC,Alexandria Mineral Oils Company,0.007824696481287205
2018-05-31,12.45,12.63,12.34,12.49,1563250,AMOC,Alexandria Mineral Oils Company,0.007824696481287205
2018-06-03,12.49,12.63,12.39,12.42,160040,AMOC,Alexandria Mineral Oils Company,0.007824696481287205
2018-06-04,12.42,12.55,12.07,12.26,256151,AMOC,Alexandria Mineral Oils Company,0.007824696481287205
2018-06-05,12.26,12.3,11.75,11.86,1294421,AMOC,Alexandria Mineral Oils Company,0.007824696481287205
2018-06-06,11.86,12.18,11.21,11.71,671573,AMOC,Alexandria Mineral Oils Company,0.007824696481287205
2018-06-07,11.71,11.71,11.0,11.36,1587927,AMOC,Alexandria Mineral Oils Company,0.007824696481287205
2018-06-10,11.36,11.64,11.36,11.54,246134,AMOC,Alexandria Mineral Oils Company,0.007824696481287205
2018-06-11,11.54,11.85,11.54,11.69,367652,AMOC,Alexandria Mineral Oils Company,0.007824696481287205
2018-06-12,11.69,11.83,11.69,11.75,112699,AMOC,Alexandria Mineral Oils Company,0.007824696481287205
2018-06-13,11.75,11.9,11.61,11.77,127547,AMOC,Alexandria Mineral Oils Company,0.007824696481287205
2018-06-14,11.77,11.77,11.4,11.52,1134914,AMOC,Alexandria Mineral Oils Company,0.007824696481287205
2018-06-19,11.52,11.76,11.45,11.59,243509,AMOC,Alexandria Mineral Oils Company,0.007824696481287205
2018-06-20,11.59,11.78,11.53,11.62,141082,AMOC,Alexandria Mineral Oils Company,0.007824696481287205
2018-06-21,11.62,11.8,11.58,11.69,237438,AMOC,Alexandria Mineral Oils Company,0.007824696481287205
2018-06-24,11.69,11.7,11.46,11.55,361681,AMOC,Alexandria Mineral Oils Company,0.007824696481287205
2018-06-25,11.55,12.24,11.55,11.98,1270055,AMOC,Alexandria Mineral Oils Company,0.007824696481287205
2018-06-26,11.98,12.2,11.67,11.92,628009,AMOC,Alexandria Mineral Oils Company,0.007824696481287205
2018-06-27,11.92,12.0,11.46,11.61,930860,AMOC,Alexandria Mineral Oils Company,0.007824696481287205
2018-06-28,11.61,11.85,11.6,11.72,626994,AMOC,Alexandria Mineral Oils Company,0.007824696481287205
2018-07-02,11.72,11.96,11.71,11.85,940754,AMOC,Alexandria Mineral Oils Company,0.007824696481287205
2018-07-03,11.85,11.9,11.72,11.78,308774,AMOC,Alexandria Mineral Oils Company,0.007824696481287205
2018-07-04,11.78,11.78,11.6,11.67,213353,AMOC,Alexandria Mineral Oils Company,0.007824696481287205
2018-07-05,11.67,11.93,11.6,11.71,1636656,AMOC,Alexandria Mineral Oils Company,0.007824696481287205
2018-07-08,11.71,11.88,11.5,11.64,477427,AMOC,Alexandria Mineral Oils Company,0.007824696481287205
2018-07-09,11.64,11.8,11.31,11.61,521946,AMOC,Alexandria Mineral Oils Company,0.007824696481287205
2018-07-10,11.61,12.0,11.61,11.9,883200,AMOC,Alexandria Mineral Oils Company,0.007824696481287205
2018-07-11,11.9,12.17,11.8,11.96,807728,AMOC,Alexandria Mineral Oils Company,0.007824696481287205
2018-07-12,11.96,12.0,11.78,11.85,215015,AMOC,Alexandria Mineral Oils Company,0.007824696481287205
2018-07-15,11.85,11.9,11.71,11.8,231990,AMOC,Alexandria Mineral Oils Company,0.007824696481287205
2018-07-16,11.8,11.8,11.6,11.67,193145,AMOC,Alexandria Mineral Oils Company,0.007824696481287205
2018-07-17,11.67,11.68,11.45,11.54,304593,AMOC,Alexandria Mineral Oils Company,0.007824696481287205
2018-07-18,11.54,11.79,11.54,11.73,913736,AMOC,Alexandria Mineral Oils Company,0.007824696481287205
2018-07-19,11.73,11.76,11.56,11.71,582082,AMOC,Alexandria Mineral Oils Company,0.007824696481287205
2018-07-22,11.71,11.71,11.53,11.59,109582,AMOC,Alexandria Mineral Oils Company,0.007824696481287205
2018-07-24,11.59,11.75,11.55,11.59,423679,AMOC,Alexandria Mineral Oils Company,0.007824696481287205
2018-07-25,11.59,11.7,11.1,11.22,547196,AMOC,Alexandria Mineral Oils Company,0.007824696481287205
2018-07-26,11.22,11.44,11.07,11.31,301327,AMOC,Alexandria Mineral Oils Company,0.007824696481287205
2018-07-29,11.31,11.4,11.2,11.27,360832,AMOC,Alexandria Mineral Oils Company,0.007824696481287205
2018-07-30,11.27,11.27,10.8,10.95,943442,AMOC,Alexandria Mineral Oils Company,0.007824696481287205
2018-07-31,10.95,11.09,10.92,11.01,612866,AMOC,Alexandria Mineral Oils Company,0.007824696481287205
2018-08-01,11.01,11.17,10.87,10.96,579162,AMOC,Alexandria Mineral Oils Company,0.007824696481287205
2018-08-02,10.96,10.97,10.8,10.86,358333,AMOC,Alexandria Mineral Oils Company,0.007824696481287205
2018-08-05,10.86,10.93,10.47,10.59,998046,AMOC,Alexandria Mineral Oils Company,0.007824696481287205
2018-08-06,10.59,10.67,10.44,10.54,200004,AMOC,Alexandria Mineral Oils Company,0.007824696481287205
2018-08-07,10.54,10.66,10.5,10.59,551463,AMOC,Alexandria Mineral Oils Company,0.007824696481287205
2018-08-08,10.59,10.76,10.56,10.66,816324,AMOC,Alexandria Mineral Oils Company,0.007824696481287205
2018-08-09,10.66,10.85,10.59,10.73,602780,AMOC,Alexandria Mineral Oils Company,0.007824696481287205
2018-08-12,10.73,10.83,10.58,10.75,645346,AMOC,Alexandria Mineral Oils Company,0.007824696481287205
2018-08-13,10.75,10.86,10.5,10.7,621488,AMOC,Alexandria Mineral Oils Company,0.007824696481287205
2018-08-14,10.7,10.86,10.68,10.74,519743,AMOC,Alexandria Mineral Oils Company,0.007824696481287205
2018-08-15,10.74,10.8,10.61,10.71,516373,AMOC,Alexandria Mineral Oils Company,0.007824696481287205
2018-08-16,10.71,10.75,10.57,10.61,225090,AMOC,Alexandria Mineral Oils Company,0.007824696481287205
2018-08-19,10.61,10.73,10.56,10.62,92716,AMOC,Alexandria Mineral Oils Company,0.007824696481287205
2018-08-26,10.62,10.75,10.57,10.64,76231,AMOC,Alexandria Mineral Oils Company,0.007824696481287205
2018-08-27,10.64,11.4,10.57,10.99,2326220,AMOC,Alexandria Mineral Oils Company,0.007824696481287205
2018-08-28,10.99,11.5,10.99,11.29,999870,AMOC,Alexandria Mineral Oils Company,0.007824696481287205
2018-08-29,11.29,11.63,11.2,11.47,1541588,AMOC,Alexandria Mineral Oils Company,0.007824696481287205
2018-08-30,11.47,11.68,11.3,11.51,586574,AMOC,Alexandria Mineral Oils Company,0.007824696481287205
2018-09-02,11.51,11.68,11.26,11.36,270023,AMOC,Alexandria Mineral Oils Company,0.007824696481287205
2018-09-03,11.36,11.46,11.2,11.3,562790,AMOC,Alexandria Mineral Oils Company,0.007824696481287205
2018-09-04,11.3,11.46,11.29,11.37,1070495,AMOC,Alexandria Mineral Oils Company,0.007824696481287205
2018-09-05,11.37,11.55,11.36,11.46,893022,AMOC,Alexandria Mineral Oils Company,0.007824696481287205
2018-09-06,11.46,11.6,11.46,11.52,278725,AMOC,Alexandria Mineral Oils Company,0.007824696481287205
2018-09-09,11.52,11.79,11.4,11.69,1536443,AMOC,Alexandria Mineral Oils Company,0.007824696481287205
2018-09-10,11.69,11.73,11.0,11.2,2369333,AMOC,Alexandria Mineral Oils Company,0.007824696481287205
2018-09-12,11.2,11.2,10.75,10.94,1643265,AMOC,Alexandria Mineral Oils Company,0.007824696481287205
2018-09-13,10.94,11.07,10.79,10.92,1217642,AMOC,Alexandria Mineral Oils Company,0.007824696481287205
2018-09-16,10.92,11.09,10.63,10.92,2167433,AMOC,Alexandria Mineral Oils Company,0.007824696481287205
2018-09-17,10.92,11.37,10.5,11.06,1931056,AMOC,Alexandria Mineral Oils Company,0.007824696481287205
2018-09-18,11.06,11.39,11.0,11.21,1436678,AMOC,Alexandria Mineral Oils Company,0.007824696481287205
2018-09-19,11.21,11.21,10.61,10.9,3008886,AMOC,Alexandria Mineral Oils Company,0.007824696481287205
2018-09-20,10.9,11.26,10.8,11.1,9317862,AMOC,Alexandria Mineral Oils Company,0.007824696481287205
2018-09-23,11.1,11.18,10.95,11.02,163516,AMOC,Alexandria Mineral Oils Company,0.007824696481287205
2018-09-24,11.02,11.17,10.95,11.06,955506,AMOC,Alexandria Mineral Oils Company,0.007824696481287205
2018-09-25,11.06,11.17,11.02,11.08,1007334,AMOC,Alexandria Mineral Oils Company,0.007824696481287205
2018-09-26,11.08,11.14,10.98,11.04,1142694,AMOC,Alexandria Mineral Oils Company,0.007824696481287205
2018-09-27,11.04,11.18,10.93,11.03,911681,AMOC,Alexandria Mineral Oils Company,0.007824696481287205
2018-09-30,11.03,11.21,11.02,11.11,1028227,AMOC,Alexandria Mineral Oils Company,0.007824696481287205
2018-10-01,10.5,10.57,10.25,10.39,804772,AMOC,Alexandria Mineral Oils Company,0.007824696481287205
2018-10-02,10.39,10.6,10.3,10.5,716428,AMOC,Alexandria Mineral Oils Company,0.007824696481287205
2018-10-03,10.5,10.8,10.5,10.74,1013555,AMOC,Alexandria Mineral Oils Company,0.007824696481287205
2018-10-04,10.74,10.79,10.62,10.72,537948,AMOC,Alexandria Mineral Oils Company,0.007824696481287205
2018-10-08,10.72,10.72,10.25,10.41,656034,AMOC,Alexandria Mineral Oils Company,0.007824696481287205
2018-10-09,10.41,10.5,10.1,10.22,901262,AMOC,Alexandria Mineral Oils Company,0.007824696481287205
2018-10-10,10.22,10.25,9.85,9.95,1052633,AMOC,Alexandria Mineral Oils Company,0.007824696481287205
2018-10-11,9.95,9.95,9.5,9.67,469699,AMOC,Alexandria Mineral Oils Company,0.007824696481287205
2018-10-14,9.67,10.01,9.6,9.86,662444,AMOC,Alexandria Mineral Oils Company,0.007824696481287205
2018-10-15,9.86,9.86,9.52,9.63,71609,AMOC,Alexandria Mineral Oils Company,0.007824696481287205
2018-10-16,9.63,9.92,9.63,9.8,267286,AMOC,Alexandria Mineral Oils Company,0.007824696481287205
2018-10-17,9.8,9.85,9.71,9.77,69047,AMOC,Alexandria Mineral Oils Company,0.007824696481287205
2018-10-18,9.77,10.17,9.65,9.91,951777,AMOC,Alexandria Mineral Oils Company,0.007824696481287205
2018-10-21,9.91,9.91,9.45,9.6,290415,AMOC,Alexandria Mineral Oils Company,0.007824696481287205
2018-10-22,9.6,9.7,8.64,8.79,6106047,AMOC,Alexandria Mineral Oils Company,0.007824696481287205
2018-10-23,8.62,8.62,7.76,7.95,10635820,AMOC,Alexandria Mineral Oils Company,0.007824696481287205
2018-10-24,7.95,7.95,7.16,7.45,5133008,AMOC,Alexandria Mineral Oils Company,0.007824696481287205
2018-10-25,6.93,7.2,6.86,7.06,5588156,AMOC,Alexandria Mineral Oils Company,0.007824696481287205
2018-10-28,7.21,7.22,6.93,7.03,3331424,AMOC,Alexandria Mineral Oils Company,0.007824696481287205
2018-10-29,7.03,7.04,6.82,6.9,4024515,AMOC,Alexandria Mineral Oils Company,0.007824696481287205
2018-10-30,6.9,7.02,6.81,6.92,3039055,AMOC,Alexandria Mineral Oils Company,0.007824696481287205
2018-10-31,6.92,7.09,6.92,6.99,2380735,AMOC,Alexandria Mineral Oils Company,0.007824696481287205
2018-11-01,6.99,7.05,6.9,6.97,1643007,AMOC,Alexandria Mineral Oils Company,0.007824696481287205
2018-11-04,6.97,7.01,6.9,6.96,934473,AMOC,Alexandria Mineral Oils Company,0.007824696481287205
2018-11-05,6.96,7.09,6.96,7.03,1543960,AMOC,Alexandria Mineral Oils Company,0.007824696481287205
2018-11-06,7.03,7.49,7.03,7.28,5300807,AMOC,Alexandria Mineral Oils Company,0.007824696481287205
2018-11-07,7.28,7.5,7.22,7.38,3733243,AMOC,Alexandria Mineral Oils Company,0.007824696481287205
2018-11-08,7.38,7.38,7.1,7.21,2625016,AMOC,Alexandria Mineral Oils Company,0.007824696481287205
2018-11-11,7.21,7.21,7.03,7.09,1050024,AMOC,Alexandria Mineral Oils Company,0.007824696481287205
2018-11-12,7.09,7.18,7.09,7.14,1160672,AMOC,Alexandria Mineral Oils Company,0.007824696481287205
2018-11-13,7.14,7.16,6.9,6.98,1604023,AMOC,Alexandria Mineral Oils Company,0.007824696481287205
2018-11-14,6.98,6.98,6.84,6.9,1081559,AMOC,Alexandria Mineral Oils Company,0.007824696481287205
2018-11-15,6.9,7.03,6.9,6.96,882659,AMOC,Alexandria Mineral Oils Company,0.007824696481287205
2018-11-18,6.96,7.09,6.96,7.03,1074814,AMOC,Alexandria Mineral Oils Company,0.007824696481287205
2018-11-19,7.03,7.18,7.0,7.08,2154234,AMOC,Alexandria Mineral Oils Company,0.007824696481287205
2018-11-21,7.03,7.03,6.95,6.99,1675947,AMOC,Alexandria Mineral Oils Company,0.007824696481287205
2018-11-22,6.99,7.09,6.88,6.95,1971611,AMOC,Alexandria Mineral Oils Company,0.007824696481287205
2018-11-25,6.95,6.95,6.5,6.69,1967716,AMOC,Alexandria Mineral Oils Company,0.007824696481287205
2018-11-26,6.69,6.7,6.49,6.58,1438187,AMOC,Alexandria Mineral Oils Company,0.007824696481287205
2018-11-27,6.58,6.66,6.54,6.6,1364660,AMOC,Alexandria Mineral Oils Company,0.007824696481287205
2018-11-28,6.6,6.73,6.54,6.64,1562716,AMOC,Alexandria Mineral Oils Company,0.007824696481287205
2018-11-29,6.64,6.67,6.51,6.56,839024,AMOC,Alexandria Mineral Oils Company,0.007824696481287205
2018-12-02,6.56,6.56,6.43,6.47,581129,AMOC,Alexandria Mineral Oils Company,0.007824696481287205
2018-12-03,6.47,6.65,6.26,6.51,1595641,AMOC,Alexandria Mineral Oils Company,0.007824696481287205
2018-12-04,6.51,6.51,6.09,6.18,1685294,AMOC,Alexandria Mineral Oils Company,0.007824696481287205
2018-12-05,6.18,6.18,5.92,6.05,1678532,AMOC,Alexandria Mineral Oils Company,0.007824696481287205
2018-12-06,6.05,6.14,5.89,5.99,1522596,AMOC,Alexandria Mineral Oils Company,0.007824696481287205
2018-12-09,5.99,5.99,5.75,5.84,552522,AMOC,Alexandria Mineral Oils Company,0.007824696481287205
2018-12-10,5.84,6.24,5.84,6.11,2456294,AMOC,Alexandria Mineral Oils Company,0.007824696481287205
2018-12-11,6.11,6.26,6.11,6.19,1086879,AMOC,Alexandria Mineral Oils Company,0.007824696481287205
2018-12-12,6.19,6.31,6.09,6.21,2064128,AMOC,Alexandria Mineral Oils Company,0.007824696481287205
2018-12-13,6.21,6.39,6.2,6.3,1822060,AMOC,Alexandria Mineral Oils Company,0.007824696481287205
2018-12-16,6.3,6.39,6.13,6.27,1360717,AMOC,Alexandria Mineral Oils Company,0.007824696481287205
2018-12-17,6.27,6.46,6.27,6.41,1458586,AMOC,Alexandria Mineral Oils Company,0.007824696481287205
2018-12-18,6.41,6.56,6.33,6.49,3410922,AMOC,Alexandria Mineral Oils Company,0.007824696481287205
2018-12-19,6.49,6.54,6.28,6.39,1790343,AMOC,Alexandria Mineral Oils Company,0.007824696481287205
2018-12-20,6.39,6.4,6.22,6.33,1208538,AMOC,Alexandria Mineral Oils Company,0.007824696481287205
2018-12-23,6.33,6.38,6.13,6.23,1205168,AMOC,Alexandria Mineral Oils Company,0.007824696481287205
2018-12-24,6.23,6.26,6.09,6.17,925620,AMOC,Alexandria Mineral Oils Company,0.007824696481287205
2018-12-25,6.1,6.19,6.07,6.12,1468297,AMOC,Alexandria Mineral Oils Company,0.007824696481287205
2018-12-26,6.12,6.25,6.12,6.19,1281136,AMOC,Alexandria Mineral Oils Company,0.007824696481287205
2018-12-27,6.19,6.26,6.15,6.2,1344651,AMOC,Alexandria Mineral Oils Company,0.007824696481287205
2018-12-30,6.2,6.23,6.14,6.17,516100,AMOC,Alexandria Mineral Oils Company,0.007824696481287205
2018-12-31,6.17,6.28,6.17,6.24,1234263,AMOC,Alexandria Mineral Oils Company,0.007824696481287205
2019-01-02,6.24,6.45,6.24,6.38,2520824,AMOC,Alexandria Mineral Oils Company,0.007824696481287205
2019-01-03,6.45,6.56,6.4,6.48,2718795,AMOC,Alexandria Mineral Oils Company,0.007824696481287205
2019-01-06,6.48,6.6,6.46,6.51,1021300,AMOC,Alexandria Mineral Oils Company,0.007824696481287205
2019-01-08,6.51,6.63,6.49,6.58,2281604,AMOC,Alexandria Mineral Oils Company,0.007824696481287205
2019-01-09,6.58,6.66,6.45,6.57,1583727,AMOC,Alexandria Mineral Oils Company,0.007824696481287205
2019-01-10,6.57,6.57,6.45,6.49,576363,AMOC,Alexandria Mineral Oils Company,0.007824696481287205
2019-01-13,6.49,6.58,6.43,6.49,641310,AMOC,Alexandria Mineral Oils Company,0.007824696481287205
2019-01-14,6.49,6.5,6.28,6.36,2241496,AMOC,Alexandria Mineral Oils Company,0.007824696481287205
2019-01-15,6.36,6.4,6.3,6.33,355936,AMOC,Alexandria Mineral Oils Company,0.007824696481287205
2019-01-16,6.33,6.4,6.24,6.3,733285,AMOC,Alexandria Mineral Oils Company,0.007824696481287205
2019-01-17,6.3,6.37,6.2,6.24,703602,AMOC,Alexandria Mineral Oils Company,0.007824696481287205
2019-01-20,6.24,6.31,6.14,6.19,582382,AMOC,Alexandria Mineral Oils Company,0.007824696481287205
2019-01-21,6.19,6.22,6.14,6.18,375764,AMOC,Alexandria Mineral Oils Company,0.007824696481287205
2019-01-22,6.18,6.22,6.07,6.13,583671,AMOC,Alexandria Mineral Oils Company,0.007824696481287205
2019-01-23,6.13,6.13,5.52,5.68,8850026,AMOC,Alexandria Mineral Oils Company,0.007824696481287205
2019-01-27,5.68,5.77,5.6,5.68,2043221,AMOC,Alexandria Mineral Oils Company,0.007824696481287205
2019-01-28,5.68,5.71,5.55,5.59,1904046,AMOC,Alexandria Mineral Oils Company,0.007824696481287205
2019-01-29,5.59,5.7,5.57,5.64,1831083,AMOC,Alexandria Mineral Oils Company,0.007824696481287205
2019-01-30,5.64,5.85,5.64,5.77,2896784,AMOC,Alexandria Mineral Oils Company,0.007824696481287205
2019-01-31,5.77,5.79,5.66,5.72,1491874,AMOC,Alexandria Mineral Oils Company,0.007824696481287205
2019-02-03,5.72,5.85,5.71,5.77,1194664,AMOC,Alexandria Mineral Oils Company,0.007824696481287205
2019-02-04,5.77,5.9,5.75,5.83,1813655,AMOC,Alexandria Mineral Oils Company,0.007824696481287205
2019-02-05,5.83,6.09,5.83,6.01,5966223,AMOC,Alexandria Mineral Oils Company,0.007824696481287205
2019-02-06,6.01,6.12,5.96,6.04,2357137,AMOC,Alexandria Mineral Oils Company,0.007824696481287205
2019-02-07,6.04,6.19,6.03,6.12,2706608,AMOC,Alexandria Mineral Oils Company,0.007824696481287205
2019-02-10,6.12,6.22,6.09,6.15,1989461,AMOC,Alexandria Mineral Oils Company,0.007824696481287205
2019-02-11,6.15,6.18,6.03,6.11,2138431,AMOC,Alexandria Mineral Oils Company,0.007824696481287205
2019-02-12,6.11,6.19,6.07,6.15,1691396,AMOC,Alexandria Mineral Oils Company,0.007824696481287205
2019-02-13,6.15,6.36,6.15,6.28,3554376,AMOC,Alexandria Mineral Oils Company,0.007824696481287205
2019-02-14,6.28,6.44,6.28,6.35,2237272,AMOC,Alexandria Mineral Oils Company,0.007824696481287205
2019-02-17,6.35,6.43,6.3,6.35,1240030,AMOC,Alexandria Mineral Oils Company,0.007824696481287205
2019-02-18,6.35,6.42,6.27,6.35,1449521,AMOC,Alexandria Mineral Oils Company,0.007824696481287205
2019-02-19,6.35,6.36,6.28,6.3,718625,AMOC,Alexandria Mineral Oils Company,0.007824696481287205
2019-02-20,6.3,6.37,6.23,6.27,1661850,AMOC,Alexandria Mineral Oils Company,0.007824696481287205
2019-02-21,6.27,6.41,6.21,6.27,1371732,AMOC,Alexandria Mineral Oils Company,0.007824696481287205
2019-02-24,6.27,6.27,6.18,6.22,714036,AMOC,Alexandria Mineral Oils Company,0.007824696481287205
2019-02-25,6.22,6.29,6.15,6.22,811316,AMOC,Alexandria Mineral Oils Company,0.007824696481287205
2019-02-26,6.22,6.34,6.17,6.23,830943,AMOC,Alexandria Mineral Oils Company,0.007824696481287205
2019-02-27,6.23,6.25,6.17,6.19,898816,AMOC,Alexandria Mineral Oils Company,0.007824696481287205
2019-02-28,6.19,6.2,6.06,6.13,831215,AMOC,Alexandria Mineral Oils Company,0.007824696481287205
2019-03-03,6.13,6.19,5.88,5.99,1315749,AMOC,Alexandria Mineral Oils Company,0.007824696481287205
2019-03-04,5.99,6.04,5.81,5.91,1409011,AMOC,Alexandria Mineral Oils Company,0.007824696481287205
2019-03-05,5.91,6.0,5.85,5.9,1327913,AMOC,Alexandria Mineral Oils Company,0.007824696481287205
2019-03-06,5.9,5.96,5.84,5.87,975064,AMOC,Alexandria Mineral Oils Company,0.007824696481287205
2019-03-07,5.87,6.0,5.87,5.95,1354487,AMOC,Alexandria Mineral Oils Company,0.007824696481287205
2019-03-10,5.95,6.08,5.95,6.04,920540,AMOC,Alexandria Mineral Oils Company,0.007824696481287205
2019-03-11,6.04,6.12,5.98,6.03,2120499,AMOC,Alexandria Mineral Oils Company,0.007824696481287205
2019-03-12,6.03,6.08,5.97,6.01,1059406,AMOC,Alexandria Mineral Oils Company,0.007824696481287205
2019-03-13,6.01,6.09,5.93,6.0,914767,AMOC,Alexandria Mineral Oils Company,0.007824696481287205
2019-03-14,6.0,6.31,5.99,6.19,8593970,AMOC,Alexandria Mineral Oils Company,0.007824696481287205
2019-03-17,6.19,6.32,6.19,6.25,2170478,AMOC,Alexandria Mineral Oils Company,0.007824696481287205
2019-03-18,6.25,6.36,6.17,6.26,2287131,AMOC,Alexandria Mineral Oils Company,0.007824696481287205
2019-03-19,6.26,6.26,6.06,6.11,1156121,AMOC,Alexandria Mineral Oils Company,0.007824696481287205
2019-03-20,6.11,6.21,6.09,6.13,2880932,AMOC,Alexandria Mineral Oils Company,0.007824696481287205
2019-03-21,6.13,6.17,6.08,6.13,704179,AMOC,Alexandria Mineral Oils Company,0.007824696481287205
2019-03-24,6.13,6.22,6.05,6.1,526688,AMOC,Alexandria Mineral Oils Company,0.007824696481287205
2019-03-25,6.1,6.1,5.9,5.95,1623087,AMOC,Alexandria Mineral Oils Company,0.007824696481287205
2019-03-26,5.95,6.0,5.85,5.93,514415,AMOC,Alexandria Mineral Oils Company,0.007824696481287205
2019-03-27,5.93,6.03,5.88,5.91,761849,AMOC,Alexandria Mineral Oils Company,0.007824696481287205
2019-03-28,5.91,6.02,5.88,5.96,553591,AMOC,Alexandria Mineral Oils Company,0.007824696481287205
2019-03-31,5.96,6.12,5.96,6.04,764255,AMOC,Alexandria Mineral Oils Company,0.007824696481287205
2019-04-01,6.04,6.04,5.93,5.99,389280,AMOC,Alexandria Mineral Oils Company,0.007824696481287205
2019-04-02,5.99,6.08,5.98,6.01,337411,AMOC,Alexandria Mineral Oils Company,0.007824696481287205
2019-04-03,6.01,6.24,5.99,6.12,2505977,AMOC,Alexandria Mineral Oils Company,0.007824696481287205
2019-04-04,6.12,6.27,6.12,6.21,1414812,AMOC,Alexandria Mineral Oils Company,0.007824696481287205
2019-04-07,6.21,6.27,6.08,6.15,771247,AMOC,Alexandria Mineral Oils Company,0.007824696481287205
2019-04-08,6.15,6.2,6.05,6.12,362371,AMOC,Alexandria Mineral Oils Company,0.007824696481287205
2019-04-09,6.12,6.19,6.02,6.12,670111,AMOC,Alexandria Mineral Oils Company,0.007824696481287205
2019-04-10,6.12,6.24,6.12,6.18,1504887,AMOC,Alexandria Mineral Oils Company,0.007824696481287205
2019-04-11,6.18,6.21,6.14,6.17,373737,AMOC,Alexandria Mineral Oils Company,0.007824696481287205
2019-04-14,6.17,6.21,6.13,6.17,208191,AMOC,Alexandria Mineral Oils Company,0.007824696481287205
2019-04-15,6.17,6.17,6.08,6.1,413241,AMOC,Alexandria Mineral Oils Company,0.007824696481287205
2019-04-16,6.1,6.18,6.01,6.1,1133896,AMOC,Alexandria Mineral Oils Company,0.007824696481287205
2019-04-17,6.1,6.16,6.0,6.09,1131932,AMOC,Alexandria Mineral Oils Company,0.007824696481287205
2019-04-18,6.09,6.15,5.68,5.91,5496578,AMOC,Alexandria Mineral Oils Company,0.007824696481287205
2019-04-21,5.91,5.91,5.66,5.71,678811,AMOC,Alexandria Mineral Oils Company,0.007824696481287205
2019-04-22,5.71,5.8,5.66,5.73,419327,AMOC,Alexandria Mineral Oils Company,0.007824696481287205
2019-04-23,5.73,5.77,5.55,5.63,868355,AMOC,Alexandria Mineral Oils Company,0.007824696481287205
2019-04-24,5.63,5.66,5.56,5.61,699041,AMOC,Alexandria Mineral Oils Company,0.007824696481287205
2019-04-30,5.61,5.65,5.52,5.56,566336,AMOC,Alexandria Mineral Oils Company,0.007824696481287205
2019-05-02,5.56,5.62,5.52,5.56,345427,AMOC,Alexandria Mineral Oils Company,0.007824696481287205
2019-05-05,5.56,5.56,5.27,5.34,979964,AMOC,Alexandria Mineral Oils Company,0.007824696481287205
2019-05-06,5.34,5.34,5.02,5.13,514336,AMOC,Alexandria Mineral Oils Company,0.007824696481287205
2019-05-07,5.13,5.13,4.86,5.0,575346,AMOC,Alexandria Mineral Oils Company,0.007824696481287205
2019-05-08,5.0,5.0,4.5,4.61,1533298,AMOC,Alexandria Mineral Oils Company,0.007824696481287205
2019-05-09,4.61,4.7,4.3,4.53,1151568,AMOC,Alexandria Mineral Oils Company,0.007824696481287205
2019-05-12,4.53,4.7,4.53,4.6,756523,AMOC,Alexandria Mineral Oils Company,0.007824696481287205
2019-05-13,4.6,4.6,4.39,4.46,799994,AMOC,Alexandria Mineral Oils Company,0.007824696481287205
2019-05-14,4.46,4.57,4.43,4.48,527593,AMOC,Alexandria Mineral Oils Company,0.007824696481287205
2019-05-15,4.48,4.54,4.25,4.32,626369,AMOC,Alexandria Mineral Oils Company,0.007824696481287205
2019-05-16,4.32,4.35,4.06,4.16,1115785,AMOC,Alexandria Mineral Oils Company,0.007824696481287205
2019-05-19,4.16,4.16,3.85,4.0,2624619,AMOC,Alexandria Mineral Oils Company,0.007824696481287205
2019-05-20,4.0,4.0,3.81,3.87,1005280,AMOC,Alexandria Mineral Oils Company,0.007824696481287205
2019-05-21,3.87,4.25,3.87,4.14,4037671,AMOC,Alexandria Mineral Oils Company,0.007824696481287205
2019-05-22,4.14,4.45,4.14,4.37,1840731,AMOC,Alexandria Mineral Oils Company,0.007824696481287205
2019-05-23,4.37,4.69,4.37,4.57,2540357,AMOC,Alexandria Mineral Oils Company,0.007824696481287205
2019-05-26,4.57,4.8,4.57,4.74,987788,AMOC,Alexandria Mineral Oils Company,0.007824696481287205
2019-05-27,4.74,4.74,4.5,4.59,1813381,AMOC,Alexandria Mineral Oils Company,0.007824696481287205
2019-05-28,4.59,4.92,4.59,4.82,2518454,AMOC,Alexandria Mineral Oils Company,0.007824696481287205
2019-05-29,4.82,5.0,4.68,4.84,1559668,AMOC,Alexandria Mineral Oils Company,0.007824696481287205
2019-05-30,4.84,4.84,4.51,4.63,850949,AMOC,Alexandria Mineral Oils Company,0.007824696481287205
2019-06-02,4.63,4.63,4.47,4.54,274057,AMOC,Alexandria Mineral Oils Company,0.007824696481287205
2019-06-03,4.54,4.63,4.53,4.6,526761,AMOC,Alexandria Mineral Oils Company,0.007824696481287205
2019-06-09,4.6,4.75,4.6,4.71,362598,AMOC,Alexandria Mineral Oils Company,0.007824696481287205
2019-06-10,4.71,4.85,4.7,4.73,2790019,AMOC,Alexandria Mineral Oils Company,0.007824696481287205
2019-06-11,4.73,4.8,4.54,4.63,1920216,AMOC,Alexandria Mineral Oils Company,0.007824696481287205
2019-06-12,4.63,4.64,4.55,4.6,527348,AMOC,Alexandria Mineral Oils Company,0.007824696481287205
2019-06-13,4.6,4.63,4.48,4.53,1053440,AMOC,Alexandria Mineral Oils Company,0.007824696481287205
2019-06-16,4.53,4.68,4.52,4.61,794123,AMOC,Alexandria Mineral Oils Company,0.007824696481287205
2019-06-17,4.61,4.66,4.58,4.61,470130,AMOC,Alexandria Mineral Oils Company,0.007824696481287205
2019-06-18,4.61,4.63,4.5,4.56,426143,AMOC,Alexandria Mineral Oils Company,0.007824696481287205
2019-06-19,4.56,4.62,4.46,4.53,679544,AMOC,Alexandria Mineral Oils Company,0.007824696481287205
2019-06-20,4.53,4.59,4.45,4.53,964220,AMOC,Alexandria Mineral Oils Company,0.007824696481287205
2019-06-23,4.53,4.61,4.48,4.53,366980,AMOC,Alexandria Mineral Oils Company,0.007824696481287205
2019-06-24,4.53,4.6,4.42,4.49,359480,AMOC,Alexandria Mineral Oils Company,0.007824696481287205
2019-06-25,4.49,4.53,4.3,4.35,605811,AMOC,Alexandria Mineral Oils Company,0.007824696481287205
2019-06-26,4.35,4.51,4.35,4.45,318396,AMOC,Alexandria Mineral Oils Company,0.007824696481287205
2019-06-27,4.45,4.57,4.42,4.5,658525,AMOC,Alexandria Mineral Oils Company,0.007824696481287205
2019-07-02,4.5,4.58,4.47,4.53,695626,AMOC,Alexandria Mineral Oils Company,0.007824696481287205
2019-07-03,4.53,4.58,4.48,4.53,918794,AMOC,Alexandria Mineral Oils Company,0.007824696481287205
2019-07-04,4.53,4.56,4.36,4.43,761554,AMOC,Alexandria Mineral Oils Company,0.007824696481287205
2019-07-07,4.43,4.5,4.38,4.42,108535,AMOC,Alexandria Mineral Oils Company,0.007824696481287205
2019-07-08,4.42,4.49,4.42,4.45,280215,AMOC,Alexandria Mineral Oils Company,0.007824696481287205
2019-07-09,4.45,4.52,4.41,4.45,921111,AMOC,Alexandria Mineral Oils Company,0.007824696481287205
2019-07-10,4.45,4.45,4.32,4.38,397694,AMOC,Alexandria Mineral Oils Company,0.007824696481287205
2019-07-11,4.38,4.4,4.08,4.17,1077809,AMOC,Alexandria Mineral Oils Company,0.007824696481287205
2019-07-14,4.17,4.22,4.0,4.07,459153,AMOC,Alexandria Mineral Oils Company,0.007824696481287205
2019-07-15,4.07,4.17,4.0,4.11,649473,AMOC,Alexandria Mineral Oils Company,0.007824696481287205
2019-07-16,4.11,4.19,4.08,4.13,283379,AMOC,Alexandria Mineral Oils Company,0.007824696481287205
2019-07-17,4.13,4.16,4.04,4.08,489100,AMOC,Alexandria Mineral Oils Company,0.007824696481287205
2019-07-18,4.08,4.15,4.05,4.09,185362,AMOC,Alexandria Mineral Oils Company,0.007824696481287205
2019-07-21,4.09,4.09,3.99,4.01,746885,AMOC,Alexandria Mineral Oils Company,0.007824696481287205
2019-07-22,4.01,4.08,4.0,4.03,543151,AMOC,Alexandria Mineral Oils Company,0.007824696481287205
2019-07-24,4.03,4.12,3.9,4.01,764653,AMOC,Alexandria Mineral Oils Company,0.007824696481287205
2019-07-25,4.01,4.01,3.87,3.9,556531,AMOC,Alexandria Mineral Oils Company,0.007824696481287205
2019-07-28,3.9,3.97,3.82,3.88,435674,AMOC,Alexandria Mineral Oils Company,0.007824696481287205
2019-07-29,3.88,3.95,3.82,3.86,715768,AMOC,Alexandria Mineral Oils Company,0.007824696481287205
2019-07-30,3.86,3.9,3.6,3.75,1071755,AMOC,Alexandria Mineral Oils Company,0.007824696481287205
2019-07-31,3.75,3.75,3.55,3.65,904337,AMOC,Alexandria Mineral Oils Company,0.007824696481287205
2019-08-01,3.65,3.81,3.65,3.72,1358774,AMOC,Alexandria Mineral Oils Company,0.007824696481287205
2019-08-04,3.72,3.78,3.67,3.72,681059,AMOC,Alexandria Mineral Oils Company,0.007824696481287205
2019-08-05,3.72,3.72,3.63,3.65,802688,AMOC,Alexandria Mineral Oils Company,0.007824696481287205
2019-08-06,3.65,3.82,3.62,3.73,949327,AMOC,Alexandria Mineral Oils Company,0.007824696481287205
2019-08-07,3.73,3.86,3.72,3.82,1907409,AMOC,Alexandria Mineral Oils Company,0.007824696481287205
2019-08-08,3.82,4.18,3.82,4.03,2916350,AMOC,Alexandria Mineral Oils Company,0.007824696481287205
2019-08-14,4.03,4.4,4.03,4.28,1859030,AMOC,Alexandria Mineral Oils Company,0.007824696481287205
2019-08-15,4.28,4.35,4.14,4.21,1390640,AMOC,Alexandria Mineral Oils Company,0.007824696481287205
2019-08-18,4.21,4.32,4.21,4.27,1007379,AMOC,Alexandria Mineral Oils Company,0.007824696481287205
2019-08-19,4.27,4.34,4.19,4.27,1026446,AMOC,Alexandria Mineral Oils Company,0.007824696481287205
2019-08-20,4.38,4.64,4.38,4.53,4962497,AMOC,Alexandria Mineral Oils Company,0.007824696481287205
2019-08-21,4.53,4.69,4.5,4.6,2674761,AMOC,Alexandria Mineral Oils Company,0.007824696481287205
2019-08-22,4.6,4.64,4.52,4.56,1015816,AMOC,Alexandria Mineral Oils Company,0.007824696481287205
2019-08-25,4.62,4.66,4.38,4.48,1241869,AMOC,Alexandria Mineral Oils Company,0.007824696481287205
2019-08-26,4.48,4.48,4.36,4.41,995586,AMOC,Alexandria Mineral Oils Company,0.007824696481287205
2019-08-27,4.41,4.46,4.3,4.36,1630994,AMOC,Alexandria Mineral Oils Company,0.007824696481287205
2019-08-28,4.36,4.48,4.34,4.42,1663389,AMOC,Alexandria Mineral Oils Company,0.007824696481287205
2019-08-29,4.42,4.51,4.36,4.42,2541650,AMOC,Alexandria Mineral Oils Company,0.007824696481287205
2019-09-01,4.42,4.5,4.39,4.45,1733761,AMOC,Alexandria Mineral Oils Company,0.007824696481287205
2019-09-02,4.45,4.56,4.4,4.49,2580550,AMOC,Alexandria Mineral Oils Company,0.007824696481287205
2019-09-03,4.49,4.67,4.49,4.61,4115568,AMOC,Alexandria Mineral Oils Company,0.007824696481287205
2019-09-04,4.61,4.65,4.54,4.59,916102,AMOC,Alexandria Mineral Oils Company,0.007824696481287205
2019-09-05,4.59,4.6,4.55,4.57,684164,AMOC,Alexandria Mineral Oils Company,0.007824696481287205
2019-09-08,4.57,4.61,4.54,4.57,438305,AMOC,Alexandria Mineral Oils Company,0.007824696481287205
2019-09-09,4.57,4.65,4.56,4.61,886744,AMOC,Alexandria Mineral Oils Company,0.007824696481287205
2019-09-10,4.61,4.67,4.58,4.63,1206070,AMOC,Alexandria Mineral Oils Company,0.007824696481287205
2019-09-11,4.63,4.63,4.48,4.53,1486984,AMOC,Alexandria Mineral Oils Company,0.007824696481287205
2019-09-12,4.53,4.55,4.46,4.49,917120,AMOC,Alexandria Mineral Oils Company,0.007824696481287205
2019-09-15,4.49,4.52,4.43,4.46,195603,AMOC,Alexandria Mineral Oils Company,0.007824696481287205
2019-09-16,4.46,4.58,4.46,4.51,768783,AMOC,Alexandria Mineral Oils Company,0.007824696481287205
2019-09-17,4.55,4.56,4.16,4.35,1390671,AMOC,Alexandria Mineral Oils Company,0.007824696481287205
2019-09-18,4.35,4.35,4.15,4.21,844753,AMOC,Alexandria Mineral Oils Company,0.007824696481287205
2019-09-19,4.21,4.33,3.8,4.29,789629,AMOC,Alexandria Mineral Oils Company,0.007824696481287205
2019-09-22,4.2,4.2,3.78,3.89,1734601,AMOC,Alexandria Mineral Oils Company,0.007824696481287205
2019-09-23,3.89,3.99,3.61,3.79,1881483,AMOC,Alexandria Mineral Oils Company,0.007824696481287205
2019-09-24,3.79,3.85,3.65,3.75,1228002,AMOC,Alexandria Mineral Oils Company,0.007824696481287205
2019-09-25,3.75,3.93,3.75,3.86,700043,AMOC,Alexandria Mineral Oils Company,0.007824696481287205
2019-09-26,3.86,3.96,3.82,3.91,773708,AMOC,Alexandria Mineral Oils Company,0.007824696481287205
2019-09-29,4.12,4.23,4.0,4.15,1928539,AMOC,Alexandria Mineral Oils Company,0.007824696481287205
2019-09-30,4.15,4.28,4.15,4.22,867853,AMOC,Alexandria Mineral Oils Company,0.007824696481287205
2019-10-01,4.22,4.31,4.17,4.27,450817,AMOC,Alexandria Mineral Oils Company,0.007824696481287205
2019-10-02,4.27,4.27,4.11,4.15,516779,AMOC,Alexandria Mineral Oils Company,0.007824696481287205
2019-10-03,4.15,4.26,4.05,4.18,1433860,AMOC,Alexandria Mineral Oils Company,0.007824696481287205
2019-10-07,4.18,4.4,4.18,4.33,1176284,AMOC,Alexandria Mineral Oils Company,0.007824696481287205
2019-10-08,4.33,4.37,4.23,4.3,654653,AMOC,Alexandria Mineral Oils Company,0.007824696481287205
2019-10-09,4.3,4.31,4.2,4.26,619624,AMOC,Alexandria Mineral Oils Company,0.007824696481287205
2019-10-10,4.26,4.37,4.26,4.31,862209,AMOC,Alexandria Mineral Oils Company,0.007824696481287205
2019-10-13,4.31,4.32,4.25,4.29,528829,AMOC,Alexandria Mineral Oils Company,0.007824696481287205
2019-10-14,4.29,4.38,4.24,4.31,1186878,AMOC,Alexandria Mineral Oils Company,0.007824696481287205
2019-10-15,4.31,4.39,4.3,4.35,863900,AMOC,Alexandria Mineral Oils Company,0.007824696481287205
2019-10-16,4.35,4.5,4.35,4.44,1765127,AMOC,Alexandria Mineral Oils Company,0.007824696481287205
2019-10-17,4.44,4.49,4.36,4.41,1187017,AMOC,Alexandria Mineral Oils Company,0.007824696481287205
2019-10-20,4.41,4.45,4.34,4.4,1351165,AMOC,Alexandria Mineral Oils Company,0.007824696481287205
2019-10-21,4.4,4.47,4.36,4.4,2261924,AMOC,Alexandria Mineral Oils Company,0.007824696481287205
2019-10-22,4.15,4.15,4.06,4.1,1290865,AMOC,Alexandria Mineral Oils Company,0.007824696481287205
2019-10-23,4.1,4.1,4.02,4.04,397912,AMOC,Alexandria Mineral Oils Company,0.007824696481287205
2019-10-24,4.04,4.08,4.03,4.04,255598,AMOC,Alexandria Mineral Oils Company,0.007824696481287205
2019-10-27,4.04,4.09,4.03,4.05,489509,AMOC,Alexandria Mineral Oils Company,0.007824696481287205
2019-10-28,4.05,4.09,4.05,4.06,414022,AMOC,Alexandria Mineral Oils Company,0.007824696481287205
2019-10-29,4.06,4.32,4.06,4.24,6921281,AMOC,Alexandria Mineral Oils Company,0.007824696481287205
2019-10-30,4.3,4.44,4.25,4.36,5511693,AMOC,Alexandria Mineral Oils Company,0.007824696481287205
2019-10-31,4.36,4.63,4.26,4.48,7168991,AMOC,Alexandria Mineral Oils Company,0.007824696481287205
2019-11-03,4.69,4.8,4.61,4.72,6375632,AMOC,Alexandria Mineral Oils Company,0.007824696481287205
2019-11-04,4.72,4.72,4.48,4.55,1990674,AMOC,Alexandria Mineral Oils Company,0.007824696481287205
2019-11-05,4.55,4.7,4.49,4.59,3355420,AMOC,Alexandria Mineral Oils Company,0.007824696481287205
2019-11-06,4.59,4.88,4.59,4.79,6077899,AMOC,Alexandria Mineral Oils Company,0.007824696481287205
2019-11-07,4.9,4.98,4.76,4.89,7180081,AMOC,Alexandria Mineral Oils Company,0.007824696481287205
2019-11-11,4.89,4.89,4.61,4.68,5277759,AMOC,Alexandria Mineral Oils Company,0.007824696481287205
2019-11-12,4.68,4.68,4.51,4.58,2568240,AMOC,Alexandria Mineral Oils Company,0.007824696481287205
2019-11-13,4.58,4.64,4.45,4.52,3754732,AMOC,Alexandria Mineral Oils Company,0.007824696481287205
2019-11-14,4.52,4.52,4.1,4.34,3183747,AMOC,Alexandria Mineral Oils Company,0.007824696481287205
2019-11-17,4.34,4.37,4.13,4.2,2729825,AMOC,Alexandria Mineral Oils Company,0.007824696481287205
2019-11-18,4.2,4.23,4.1,4.14,1099752,AMOC,Alexandria Mineral Oils Company,0.007824696481287205
2019-11-19,4.14,4.22,4.11,4.15,920707,AMOC,Alexandria Mineral Oils Company,0.007824696481287205
2019-11-20,4.15,4.24,4.15,4.2,1598722,AMOC,Alexandria Mineral Oils Company,0.007824696481287205
2019-11-21,4.2,4.27,4.16,4.23,1445231,AMOC,Alexandria Mineral Oils Company,0.007824696481287205
2019-11-24,4.23,4.3,4.2,4.26,869993,AMOC,Alexandria Mineral Oils Company,0.007824696481287205
2019-11-25,4.26,4.26,4.16,4.19,800854,AMOC,Alexandria Mineral Oils Company,0.007824696481287205
2019-11-26,4.19,4.2,3.87,4.0,8580662,AMOC,Alexandria Mineral Oils Company,0.007824696481287205
2019-11-27,4.0,4.0,3.8,3.87,3569625,AMOC,Alexandria Mineral Oils Company,0.007824696481287205
2019-11-28,3.87,3.95,3.84,3.9,1140087,AMOC,Alexandria Mineral Oils Company,0.007824696481287205
2019-12-01,3.94,3.95,3.82,3.88,1146795,AMOC,Alexandria Mineral Oils Company,0.007824696481287205
2019-12-02,3.88,3.88,3.55,3.69,3462211,AMOC,Alexandria Mineral Oils Company,0.007824696481287205
2019-12-03,3.69,3.8,3.55,3.68,1906062,AMOC,Alexandria Mineral Oils Company,0.007824696481287205
2019-12-04,3.68,3.88,3.68,3.8,2089922,AMOC,Alexandria Mineral Oils Company,0.007824696481287205
2019-12-05,3.8,3.97,3.74,3.85,3775926,AMOC,Alexandria Mineral Oils Company,0.007824696481287205
2019-12-08,3.85,3.87,3.73,3.78,910012,AMOC,Alexandria Mineral Oils Company,0.007824696481287205
2019-12-09,3.78,3.8,3.66,3.71,1206811,AMOC,Alexandria Mineral Oils Company,0.007824696481287205
2019-12-10,3.71,3.77,3.7,3.73,1199907,AMOC,Alexandria Mineral Oils Company,0.007824696481287205
2019-12-11,3.82,3.88,3.62,3.73,3114520,AMOC,Alexandria Mineral Oils Company,0.007824696481287205
2019-12-12,3.73,3.73,3.65,3.69,753652,AMOC,Alexandria Mineral Oils Company,0.007824696481287205
2019-12-15,3.69,3.74,3.68,3.71,681724,AMOC,Alexandria Mineral Oils Company,0.007824696481287205
2019-12-16,3.71,3.74,3.67,3.71,1221214,AMOC,Alexandria Mineral Oils Company,0.007824696481287205
2019-12-17,3.71,3.79,3.7,3.76,1254547,AMOC,Alexandria Mineral Oils Company,0.007824696481287205
2019-12-18,3.76,3.85,3.76,3.82,1456574,AMOC,Alexandria Mineral Oils Company,0.007824696481287205
2019-12-19,3.82,3.82,3.72,3.75,1495303,AMOC,Alexandria Mineral Oils Company,0.007824696481287205
2019-12-22,3.75,3.83,3.75,3.8,1360659,AMOC,Alexandria Mineral Oils Company,0.007824696481287205
2019-12-23,3.8,3.8,3.7,3.74,832404,AMOC,Alexandria Mineral Oils Company,0.007824696481287205
2019-12-24,3.74,3.74,3.66,3.69,262771,AMOC,Alexandria Mineral Oils Company,0.007824696481287205
2019-12-25,3.69,3.76,3.69,3.73,711052,AMOC,Alexandria Mineral Oils Company,0.007824696481287205
2019-12-26,3.73,3.74,3.69,3.71,365740,AMOC,Alexandria Mineral Oils Company,0.007824696481287205
2019-12-29,3.71,3.76,3.65,3.68,748548,AMOC,Alexandria Mineral Oils Company,0.007824696481287205
2019-12-30,3.68,3.71,3.65,3.68,541615,AMOC,Alexandria Mineral Oils Company,0.007824696481287205
2019-12-31,3.68,3.73,3.6,3.63,1486070,AMOC,Alexandria Mineral Oils Company,0.007824696481287205
2020-01-02,3.63,3.7,3.6,3.64,445065,AMOC,Alexandria Mineral Oils Company,0.007824696481287205
2020-01-05,3.57,3.57,3.22,3.32,2740470,AMOC,Alexandria Mineral Oils Company,0.007824696481287205
2020-01-06,3.32,3.32,3.1,3.24,1856229,AMOC,Alexandria Mineral Oils Company,0.007824696481287205
2020-01-08,3.24,3.4,3.16,3.33,1385996,AMOC,Alexandria Mineral Oils Company,0.007824696481287205
2020-01-09,3.33,3.52,3.33,3.47,1564728,AMOC,Alexandria Mineral Oils Company,0.007824696481287205
2020-01-12,3.47,3.54,3.44,3.5,928472,AMOC,Alexandria Mineral Oils Company,0.007824696481287205
2020-01-13,3.5,3.54,3.42,3.45,782533,AMOC,Alexandria Mineral Oils Company,0.007824696481287205
2020-01-14,3.45,3.5,3.42,3.45,252078,AMOC,Alexandria Mineral Oils Company,0.007824696481287205
2020-01-15,3.45,3.48,3.4,3.44,567061,AMOC,Alexandria Mineral Oils Company,0.007824696481287205
2020-01-16,3.44,3.47,3.42,3.43,155109,AMOC,Alexandria Mineral Oils Company,0.007824696481287205
2020-01-19,3.43,3.5,3.38,3.44,678237,AMOC,Alexandria Mineral Oils Company,0.007824696481287205
2020-01-20,3.44,3.44,3.31,3.34,282218,AMOC,Alexandria Mineral Oils Company,0.007824696481287205
2020-01-21,3.34,3.34,3.22,3.29,733106,AMOC,Alexandria Mineral Oils Company,0.007824696481287205
2020-01-22,3.29,3.4,3.29,3.36,385075,AMOC,Alexandria Mineral Oils Company,0.007824696481287205
2020-01-23,3.36,3.4,3.33,3.37,419566,AMOC,Alexandria Mineral Oils Company,0.007824696481287205
2020-01-26,3.37,3.45,3.35,3.39,363463,AMOC,Alexandria Mineral Oils Company,0.007824696481287205
2020-01-27,3.39,3.42,3.29,3.32,468737,AMOC,Alexandria Mineral Oils Company,0.007824696481287205
2020-01-28,3.32,3.39,3.3,3.35,352781,AMOC,Alexandria Mineral Oils Company,0.007824696481287205
2020-01-29,3.35,3.55,3.35,3.47,2034364,AMOC,Alexandria Mineral Oils Company,0.007824696481287205
2020-01-30,3.47,3.73,3.47,3.65,4897224,AMOC,Alexandria Mineral Oils Company,0.007824696481287205
2020-02-02,3.6,3.63,3.51,3.57,1160986,AMOC,Alexandria Mineral Oils Company,0.007824696481287205
2020-02-03,3.57,3.7,3.5,3.64,2647698,AMOC,Alexandria Mineral Oils Company,0.007824696481287205
2020-02-04,3.64,3.66,3.54,3.58,826880,AMOC,Alexandria Mineral Oils Company,0.007824696481287205
2020-02-05,3.58,3.62,3.54,3.57,640298,AMOC,Alexandria Mineral Oils Company,0.007824696481287205
2020-02-06,3.57,3.61,3.54,3.58,1233319,AMOC,Alexandria Mineral Oils Company,0.007824696481287205
2020-02-09,3.58,3.65,3.53,3.58,790573,AMOC,Alexandria Mineral Oils Company,0.007824696481287205
2020-02-10,3.58,3.58,3.45,3.48,645997,AMOC,Alexandria Mineral Oils Company,0.007824696481287205
2020-02-11,3.48,3.53,3.41,3.45,1207148,AMOC,Alexandria Mineral Oils Company,0.007824696481287205
2020-02-12,3.45,3.45,3.33,3.36,1244054,AMOC,Alexandria Mineral Oils Company,0.007824696481287205
2020-02-13,3.36,3.4,3.31,3.34,784131,AMOC,Alexandria Mineral Oils Company,0.007824696481287205
2020-02-16,3.34,3.34,3.19,3.23,1064174,AMOC,Alexandria Mineral Oils Company,0.007824696481287205
2020-02-17,3.23,3.37,3.23,3.3,424272,AMOC,Alexandria Mineral Oils Company,0.007824696481287205
2020-02-18,3.3,3.33,3.16,3.2,759973,AMOC,Alexandria Mineral Oils Company,0.007824696481287205
2020-02-19,3.2,3.25,3.17,3.21,368451,AMOC,Alexandria Mineral Oils Company,0.007824696481287205
2020-02-20,3.21,3.25,3.21,3.22,227539,AMOC,Alexandria Mineral Oils Company,0.007824696481287205
2020-02-23,3.22,3.26,3.15,3.19,468370,AMOC,Alexandria Mineral Oils Company,0.007824696481287205
2020-02-24,3.19,3.19,3.01,3.07,1256923,AMOC,Alexandria Mineral Oils Company,0.007824696481287205
2020-02-25,3.07,3.15,3.07,3.11,1139294,AMOC,Alexandria Mineral Oils Company,0.007824696481287205
2020-02-26,3.11,3.15,2.97,3.03,2572620,AMOC,Alexandria Mineral Oils Company,0.007824696481287205
2020-02-27,3.08,3.08,2.88,2.94,1720820,AMOC,Alexandria Mineral Oils Company,0.007824696481287205
2020-03-01,2.94,2.94,2.65,2.67,1486674,AMOC,Alexandria Mineral Oils Company,0.007824696481287205
2020-03-02,2.67,2.75,2.41,2.59,1741613,AMOC,Alexandria Mineral Oils Company,0.007824696481287205
2020-03-03,2.68,2.69,2.6,2.64,959679,AMOC,Alexandria Mineral Oils Company,0.007824696481287205
2020-03-04,2.64,2.65,2.54,2.57,2228408,AMOC,Alexandria Mineral Oils Company,0.007824696481287205
2020-03-05,2.62,2.67,2.61,2.65,1039357,AMOC,Alexandria Mineral Oils Company,0.007824696481287205
2020-03-08,2.5,2.5,2.4,2.44,745286,AMOC,Alexandria Mineral Oils Company,0.007824696481287205
2020-03-09,2.44,2.44,2.2,2.23,1689670,AMOC,Alexandria Mineral Oils Company,0.007824696481287205
2020-03-10,2.26,2.34,2.12,2.23,1858866,AMOC,Alexandria Mineral Oils Company,0.007824696481287205
2020-03-11,2.23,2.33,2.1,2.18,2893418,AMOC,Alexandria Mineral Oils Company,0.007824696481287205
2020-03-15,2.05,2.06,1.85,1.9,2335434,AMOC,Alexandria Mineral Oils Company,0.007824696481287205
2020-03-16,1.9,1.9,1.71,1.75,2396915,AMOC,Alexandria Mineral Oils Company,0.007824696481287205
2020-03-17,1.75,1.75,1.6,1.64,1347192,AMOC,Alexandria Mineral Oils Company,0.007824696481287205
2020-03-18,1.64,1.72,1.5,1.56,1944737,AMOC,Alexandria Mineral Oils Company,0.007824696481287205
2020-03-19,1.56,1.71,1.41,1.62,2004237,AMOC,Alexandria Mineral Oils Company,0.007824696481287205
2020-03-22,1.62,1.77,1.62,1.74,1619666,AMOC,Alexandria Mineral Oils Company,0.007824696481287205
2020-03-23,1.83,2.02,1.81,1.93,2248429,AMOC,Alexandria Mineral Oils Company,0.007824696481287205
2020-03-24,1.93,2.02,1.88,1.96,1639887,AMOC,Alexandria Mineral Oils Company,0.007824696481287205
2020-03-25,1.96,2.15,1.96,2.08,2361831,AMOC,Alexandria Mineral Oils Company,0.007824696481287205
2020-03-26,2.08,2.18,2.08,2.15,1522932,AMOC,Alexandria Mineral Oils Company,0.007824696481287205
2020-03-29,2.15,2.15,2.06,2.11,968385,AMOC,Alexandria Mineral Oils Company,0.007824696481287205
2020-03-30,2.11,2.11,2.05,2.07,750101,AMOC,Alexandria Mineral Oils Company,0.007824696481287205
2020-03-31,2.07,2.2,2.07,2.16,1300823,AMOC,Alexandria Mineral Oils Company,0.007824696481287205
2020-04-01,2.16,2.17,2.08,2.11,1291744,AMOC,Alexandria Mineral Oils Company,0.007824696481287205
2020-04-02,2.11,2.17,2.11,2.14,1549977,AMOC,Alexandria Mineral Oils Company,0.007824696481287205
2020-04-05,2.14,2.15,2.03,2.06,1829783,AMOC,Alexandria Mineral Oils Company,0.007824696481287205
2020-04-06,2.06,2.24,2.06,2.17,3356404,AMOC,Alexandria Mineral Oils Company,0.007824696481287205
2020-04-07,2.17,2.38,2.17,2.31,3067046,AMOC,Alexandria Mineral Oils Company,0.007824696481287205
2020-04-08,2.31,2.43,2.31,2.37,2680873,AMOC,Alexandria Mineral Oils Company,0.007824696481287205
2020-04-09,2.37,2.42,2.29,2.34,1099177,AMOC,Alexandria Mineral Oils Company,0.007824696481287205
2020-04-12,2.34,2.35,2.25,2.27,1779360,AMOC,Alexandria Mineral Oils Company,0.007824696481287205
2020-04-13,2.27,2.35,2.27,2.32,2216966,AMOC,Alexandria Mineral Oils Company,0.007824696481287205
2020-04-14,2.32,2.47,2.31,2.4,3646362,AMOC,Alexandria Mineral Oils Company,0.007824696481287205
2020-04-15,2.45,2.45,2.33,2.37,2172802,AMOC,Alexandria Mineral Oils Company,0.007824696481287205
2020-04-16,2.37,2.4,2.33,2.36,1454122,AMOC,Alexandria Mineral Oils Company,0.007824696481287205
2020-04-21,2.36,2.36,2.17,2.26,1623385,AMOC,Alexandria Mineral Oils Company,0.007824696481287205
2020-04-22,2.26,2.31,2.18,2.25,2251149,AMOC,Alexandria Mineral Oils Company,0.007824696481287205
2020-04-23,2.25,2.37,2.25,2.34,1537224,AMOC,Alexandria Mineral Oils Company,0.007824696481287205
2020-04-26,2.34,2.46,2.34,2.43,2337605,AMOC,Alexandria Mineral Oils Company,0.007824696481287205
2020-04-27,2.43,2.45,2.33,2.37,1576759,AMOC,Alexandria Mineral Oils Company,0.007824696481287205
2020-04-28,2.37,2.44,2.34,2.41,1703254,AMOC,Alexandria Mineral Oils Company,0.007824696481287205
2020-04-29,2.41,2.57,2.4,2.49,7625575,AMOC,Alexandria Mineral Oils Company,0.007824696481287205
2020-04-30,2.49,2.69,2.49,2.61,8833198,AMOC,Alexandria Mineral Oils Company,0.007824696481287205
2020-05-03,2.61,2.7,2.41,2.56,4580235,AMOC,Alexandria Mineral Oils Company,0.007824696481287205
2020-05-04,2.56,2.57,2.35,2.44,2633916,AMOC,Alexandria Mineral Oils Company,0.007824696481287205
2020-05-05,2.44,2.52,2.41,2.48,2098370,AMOC,Alexandria Mineral Oils Company,0.007824696481287205
2020-05-06,2.48,2.61,2.48,2.57,4189478,AMOC,Alexandria Mineral Oils Company,0.007824696481287205
2020-05-07,2.57,2.57,2.32,2.37,4890668,AMOC,Alexandria Mineral Oils Company,0.007824696481287205
2020-05-10,2.37,2.41,2.27,2.32,1857581,AMOC,Alexandria Mineral Oils Company,0.007824696481287205
2020-05-11,2.32,2.34,2.19,2.27,1235324,AMOC,Alexandria Mineral Oils Company,0.007824696481287205
2020-05-12,2.27,2.4,2.27,2.37,1075065,AMOC,Alexandria Mineral Oils Company,0.007824696481287205
2020-05-13,2.37,2.38,2.21,2.29,955635,AMOC,Alexandria Mineral Oils Company,0.007824696481287205
2020-05-14,2.29,2.32,2.21,2.24,1526420,AMOC,Alexandria Mineral Oils Company,0.007824696481287205
2020-05-17,2.24,2.28,2.22,2.24,614172,AMOC,Alexandria Mineral Oils Company,0.007824696481287205
2020-05-18,2.24,2.28,2.2,2.21,802114,AMOC,Alexandria Mineral Oils Company,0.007824696481287205
2020-05-19,2.21,2.3,2.21,2.26,636182,AMOC,Alexandria Mineral Oils Company,0.007824696481287205
2020-05-20,2.26,2.26,2.21,2.22,415457,AMOC,Alexandria Mineral Oils Company,0.007824696481287205
2020-05-21,2.22,2.27,2.19,2.23,1138651,AMOC,Alexandria Mineral Oils Company,0.007824696481287205
2020-05-31,2.23,2.34,2.23,2.31,1359455,AMOC,Alexandria Mineral Oils Company,0.007824696481287205
2020-06-01,2.31,2.36,2.26,2.33,966362,AMOC,Alexandria Mineral Oils Company,0.007824696481287205
2020-06-02,2.33,2.43,2.33,2.4,2050067,AMOC,Alexandria Mineral Oils Company,0.007824696481287205
2020-06-03,2.47,2.51,2.41,2.46,3359014,AMOC,Alexandria Mineral Oils Company,0.007824696481287205
2020-06-04,2.46,2.5,2.41,2.45,2503068,AMOC,Alexandria Mineral Oils Company,0.007824696481287205
2020-06-07,2.45,2.61,2.45,2.55,4599171,AMOC,Alexandria Mineral Oils Company,0.007824696481287205
2020-06-08,2.55,2.66,2.53,2.61,3880097,AMOC,Alexandria Mineral Oils Company,0.007824696481287205
2020-06-09,2.61,2.62,2.49,2.55,1818314,AMOC,Alexandria Mineral Oils Company,0.007824696481287205
2020-06-10,2.55,2.55,2.45,2.49,875477,AMOC,Alexandria Mineral Oils Company,0.007824696481287205
2020-06-11,2.49,2.49,2.3,2.37,4996014,AMOC,Alexandria Mineral Oils Company,0.007824696481287205
2020-06-14,2.37,2.38,2.3,2.34,1343919,AMOC,Alexandria Mineral Oils Company,0.007824696481287205
2020-06-15,2.34,2.39,2.3,2.34,1034250,AMOC,Alexandria Mineral Oils Company,0.007824696481287205
2020-06-16,2.34,2.42,2.34,2.38,1184471,AMOC,Alexandria Mineral Oils Company,0.007824696481287205
2020-06-17,2.38,2.4,2.33,2.36,979501,AMOC,Alexandria Mineral Oils Company,0.007824696481287205
2020-06-18,2.36,2.39,2.33,2.36,1045363,AMOC,Alexandria Mineral Oils Company,0.007824696481287205
2020-06-21,2.36,2.37,2.29,2.34,993578,AMOC,Alexandria Mineral Oils Company,0.007824696481287205
2020-06-22,2.34,2.41,2.27,2.32,1681802,AMOC,Alexandria Mineral Oils Company,0.007824696481287205
2020-06-23,2.32,2.35,2.27,2.3,1351825,AMOC,Alexandria Mineral Oils Company,0.007824696481287205
2020-06-24,2.3,2.39,2.3,2.36,1604753,AMOC,Alexandria Mineral Oils Company,0.007824696481287205
2020-06-25,2.36,2.36,2.28,2.31,1268625,AMOC,Alexandria Mineral Oils Company,0.007824696481287205
2020-06-28,2.31,2.33,2.27,2.29,818732,AMOC,Alexandria Mineral Oils Company,0.007824696481287205
2020-06-29,2.29,2.31,2.25,2.27,1371981,AMOC,Alexandria Mineral Oils Company,0.007824696481287205
2020-06-30,2.27,2.3,2.25,2.27,1230133,AMOC,Alexandria Mineral Oils Company,0.007824696481287205
2020-07-05,2.27,2.44,2.27,2.39,4338070,AMOC,Alexandria Mineral Oils Company,0.007824696481287205
2020-07-06,2.39,2.43,2.37,2.4,3040699,AMOC,Alexandria Mineral Oils Company,0.007824696481287205
2020-07-07,2.4,2.44,2.34,2.4,1856265,AMOC,Alexandria Mineral Oils Company,0.007824696481287205
2020-07-08,2.4,2.44,2.34,2.4,1791781,AMOC,Alexandria Mineral Oils Company,0.007824696481287205
2020-07-09,2.4,2.4,2.26,2.29,3712875,AMOC,Alexandria Mineral Oils Company,0.007824696481287205
2020-07-12,2.29,2.39,2.29,2.36,2207759,AMOC,Alexandria Mineral Oils Company,0.007824696481287205
2020-07-13,2.4,2.51,2.36,2.45,9452127,AMOC,Alexandria Mineral Oils Company,0.007824696481287205
2020-07-14,2.45,2.47,2.35,2.41,3747129,AMOC,Alexandria Mineral Oils Company,0.007824696481287205
2020-07-15,2.41,2.42,2.17,2.24,4258848,AMOC,Alexandria Mineral Oils Company,0.007824696481287205
2020-07-16,2.24,2.29,2.17,2.24,2029533,AMOC,Alexandria Mineral Oils Company,0.007824696481287205
2020-07-19,2.24,2.28,2.1,2.18,2172763,AMOC,Alexandria Mineral Oils Company,0.007824696481287205
2020-07-20,2.18,2.23,2.16,2.2,1216499,AMOC,Alexandria Mineral Oils Company,0.007824696481287205
2020-07-21,2.25,2.28,2.21,2.25,1876150,AMOC,Alexandria Mineral Oils Company,0.007824696481287205
2020-07-22,2.25,2.28,2.24,2.26,1335827,AMOC,Alexandria Mineral Oils Company,0.007824696481287205
2020-07-26,2.26,2.36,2.26,2.32,3452452,AMOC,Alexandria Mineral Oils Company,0.007824696481287205
2020-07-27,2.32,2.37,2.29,2.33,1478009,AMOC,Alexandria Mineral Oils Company,0.007824696481287205
2020-07-28,2.33,2.39,2.29,2.36,1896240,AMOC,Alexandria Mineral Oils Company,0.007824696481287205
2020-07-29,2.36,2.46,2.36,2.41,6447967,AMOC,Alexandria Mineral Oils Company,0.007824696481287205
2020-08-04,2.41,2.47,2.41,2.43,3641575,AMOC,Alexandria Mineral Oils Company,0.007824696481287205
2020-08-05,2.43,2.44,2.36,2.4,1821695,AMOC,Alexandria Mineral Oils Company,0.007824696481287205
2020-08-06,2.4,2.45,2.39,2.41,1475088,AMOC,Alexandria Mineral Oils Company,0.007824696481287205
2020-08-09,2.41,2.49,2.39,2.45,5054174,AMOC,Alexandria Mineral Oils Company,0.007824696481287205
2020-08-10,2.45,2.57,2.44,2.51,10310941,AMOC,Alexandria Mineral Oils Company,0.007824696481287205
2020-08-11,2.58,2.6,2.53,2.56,4723796,AMOC,Alexandria Mineral Oils Company,0.007824696481287205
2020-08-12,2.56,2.57,2.48,2.52,2563010,AMOC,Alexandria Mineral Oils Company,0.007824696481287205
2020-08-13,2.52,2.52,2.46,2.5,1904510,AMOC,Alexandria Mineral Oils Company,0.007824696481287205
2020-08-16,2.5,2.6,2.5,2.56,3459917,AMOC,Alexandria Mineral Oils Company,0.007824696481287205
2020-08-17,2.56,2.59,2.46,2.53,2016319,AMOC,Alexandria Mineral Oils Company,0.007824696481287205
2020-08-18,2.53,2.53,2.45,2.49,1314107,AMOC,Alexandria Mineral Oils Company,0.007824696481287205
2020-08-19,2.49,2.56,2.49,2.53,2530561,AMOC,Alexandria Mineral Oils Company,0.007824696481287205
2020-08-23,2.53,2.78,2.53,2.7,9820975,AMOC,Alexandria Mineral Oils Company,0.007824696481287205
2020-08-24,2.82,2.86,2.71,2.79,7025372,AMOC,Alexandria Mineral Oils Company,0.007824696481287205
2020-08-25,2.79,2.88,2.73,2.81,4960063,AMOC,Alexandria Mineral Oils Company,0.007824696481287205
2020-08-26,2.81,2.83,2.71,2.77,4417486,AMOC,Alexandria Mineral Oils Company,0.007824696481287205
2020-08-27,2.77,2.84,2.71,2.79,3408699,AMOC,Alexandria Mineral Oils Company,0.007824696481287205
2020-08-30,2.83,2.93,2.78,2.87,8068451,AMOC,Alexandria Mineral Oils Company,0.007824696481287205
2020-08-31,2.87,2.94,2.78,2.83,3565037,AMOC,Alexandria Mineral Oils Company,0.007824696481287205
2020-09-01,2.83,2.83,2.72,2.78,1991647,AMOC,Alexandria Mineral Oils Company,0.007824696481287205
2020-09-02,2.78,2.93,2.75,2.87,4026694,AMOC,Alexandria Mineral Oils Company,0.007824696481287205
2020-09-03,2.87,2.93,2.77,2.85,2458088,AMOC,Alexandria Mineral Oils Company,0.007824696481287205
2020-09-06,2.85,2.85,2.63,2.69,4951468,AMOC,Alexandria Mineral Oils Company,0.007824696481287205
2020-09-07,2.69,2.75,2.6,2.65,3035303,AMOC,Alexandria Mineral Oils Company,0.007824696481287205
2020-09-08,2.65,2.68,2.46,2.54,4301543,AMOC,Alexandria Mineral Oils Company,0.007824696481287205
2020-09-09,2.54,2.65,2.48,2.58,4145087,AMOC,Alexandria Mineral Oils Company,0.007824696481287205
2020-09-10,2.58,2.69,2.58,2.65,3253117,AMOC,Alexandria Mineral Oils Company,0.007824696481287205
2020-09-13,2.65,2.7,2.61,2.65,1903254,AMOC,Alexandria Mineral Oils Company,0.007824696481287205
2020-09-14,2.65,2.67,2.53,2.57,1730412,AMOC,Alexandria Mineral Oils Company,0.007824696481287205
2020-09-15,2.57,2.62,2.54,2.58,1669364,AMOC,Alexandria Mineral Oils Company,0.007824696481287205
2020-09-16,2.58,2.62,2.55,2.59,1295046,AMOC,Alexandria Mineral Oils Company,0.007824696481287205
2020-09-17,2.59,2.6,2.55,2.57,1131723,AMOC,Alexandria Mineral Oils Company,0.007824696481287205
2020-09-20,2.57,2.64,2.56,2.6,1534628,AMOC,Alexandria Mineral Oils Company,0.007824696481287205
2020-09-21,2.6,2.65,2.46,2.54,2040047,AMOC,Alexandria Mineral Oils Company,0.007824696481287205
2020-09-22,2.54,2.79,2.46,2.72,9226512,AMOC,Alexandria Mineral Oils Company,0.007824696481287205
2020-09-23,2.87,2.91,2.71,2.78,5666766,AMOC,Alexandria Mineral Oils Company,0.007824696481287205
2020-09-24,2.7,2.83,2.66,2.75,2869554,AMOC,Alexandria Mineral Oils Company,0.007824696481287205
2020-09-27,2.75,2.8,2.67,2.71,1156418,AMOC,Alexandria Mineral Oils Company,0.007824696481287205
2020-09-28,2.71,2.75,2.65,2.69,1287108,AMOC,Alexandria Mineral Oils Company,0.007824696481287205
2020-09-29,2.69,2.7,2.62,2.65,1410060,AMOC,Alexandria Mineral Oils Company,0.007824696481287205
2020-09-30,2.65,2.65,2.59,2.62,1171689,AMOC,Alexandria Mineral Oils Company,0.007824696481287205
2020-10-01,2.62,2.71,2.62,2.67,1337557,AMOC,Alexandria Mineral Oils Company,0.007824696481287205
2020-10-04,2.67,2.76,2.65,2.7,2474272,AMOC,Alexandria Mineral Oils Company,0.007824696481287205
2020-10-05,2.7,2.7,2.64,2.67,1010710,AMOC,Alexandria Mineral Oils Company,0.007824696481287205
2020-10-06,2.67,2.72,2.64,2.67,1185915,AMOC,Alexandria Mineral Oils Company,0.007824696481287205
2020-10-07,2.67,2.71,2.66,2.69,1311701,AMOC,Alexandria Mineral Oils Company,0.007824696481287205
2020-10-11,2.69,2.75,2.68,2.72,1485340,AMOC,Alexandria Mineral Oils Company,0.007824696481287205
2020-10-12,2.75,2.82,2.7,2.77,3902808,AMOC,Alexandria Mineral Oils Company,0.007824696481287205
2020-10-13,2.77,2.77,2.66,2.69,1103487,AMOC,Alexandria Mineral Oils Company,0.007824696481287205
2020-10-14,2.69,2.72,2.67,2.7,1774430,AMOC,Alexandria Mineral Oils Company,0.007824696481287205
2020-10-15,2.7,2.73,2.64,2.68,2415698,AMOC,Alexandria Mineral Oils Company,0.007824696481287205
2020-10-18,2.68,2.7,2.6,2.65,1214288,AMOC,Alexandria Mineral Oils Company,0.007824696481287205
2020-10-19,2.65,2.65,2.56,2.6,1802185,AMOC,Alexandria Mineral Oils Company,0.007824696481287205
2020-10-20,2.6,2.6,2.53,2.56,722136,AMOC,Alexandria Mineral Oils Company,0.007824696481287205
2020-10-21,2.56,2.58,2.4,2.5,1770526,AMOC,Alexandria Mineral Oils Company,0.007824696481287205
2020-10-22,2.5,2.51,2.33,2.4,2396909,AMOC,Alexandria Mineral Oils Company,0.007824696481287205
2020-10-25,2.31,2.41,2.3,2.37,1201086,AMOC,Alexandria Mineral Oils Company,0.007824696481287205
2020-10-26,2.37,2.44,2.35,2.39,905644,AMOC,Alexandria Mineral Oils Company,0.007824696481287205
2020-10-27,2.39,2.47,2.39,2.42,2680379,AMOC,Alexandria Mineral Oils Company,0.007824696481287205
2020-10-28,2.42,2.43,2.36,2.39,1155889,AMOC,Alexandria Mineral Oils Company,0.007824696481287205
2020-11-01,2.39,2.39,2.31,2.33,664239,AMOC,Alexandria Mineral Oils Company,0.007824696481287205
2020-11-02,2.33,2.5,2.32,2.4,3546454,AMOC,Alexandria Mineral Oils Company,0.007824696481287205
2020-11-03,2.4,2.43,2.31,2.39,887885,AMOC,Alexandria Mineral Oils Company,0.007824696481287205
2020-11-04,2.39,2.4,2.37,2.39,102453,AMOC,Alexandria Mineral Oils Company,0.007824696481287205
2020-11-05,2.39,2.42,2.36,2.37,555748,AMOC,Alexandria Mineral Oils Company,0.007824696481287205
2020-11-08,2.37,2.41,2.36,2.38,408709,AMOC,Alexandria Mineral Oils Company,0.007824696481287205
2020-11-09,2.38,2.47,2.38,2.44,2097237,AMOC,Alexandria Mineral Oils Company,0.007824696481287205
2020-11-10,2.54,2.54,2.48,2.51,3033220,AMOC,Alexandria Mineral Oils Company,0.007824696481287205
2020-11-11,2.51,2.58,2.48,2.54,2407773,AMOC,Alexandria Mineral Oils Company,0.007824696481287205
2020-11-12,2.54,2.59,2.53,2.56,1068179,AMOC,Alexandria Mineral Oils Company,0.007824696481287205
2020-11-15,2.6,2.6,2.53,2.56,1505188,AMOC,Alexandria Mineral Oils Company,0.007824696481287205
2020-11-16,2.56,2.59,2.54,2.57,942409,AMOC,Alexandria Mineral Oils Company,0.007824696481287205
2020-11-17,2.57,2.63,2.56,2.59,2847916,AMOC,Alexandria Mineral Oils Company,0.007824696481287205
2020-11-18,2.59,2.59,2.52,2.55,1577550,AMOC,Alexandria Mineral Oils Company,0.007824696481287205
2020-11-19,2.55,2.57,2.49,2.52,1213945,AMOC,Alexandria Mineral Oils Company,0.007824696481287205
2020-11-22,2.52,2.52,2.48,2.49,741538,AMOC,Alexandria Mineral Oils Company,0.007824696481287205
2020-11-23,2.49,2.55,2.49,2.51,2004409,AMOC,Alexandria Mineral Oils Company,0.007824696481287205
2020-11-24,2.51,2.6,2.51,2.57,2340736,AMOC,Alexandria Mineral Oils Company,0.007824696481287205
2020-11-25,2.57,2.65,2.56,2.61,4483975,AMOC,Alexandria Mineral Oils Company,0.007824696481287205
2020-11-26,2.61,2.75,2.55,2.67,10258103,AMOC,Alexandria Mineral Oils Company,0.007824696481287205
2020-11-29,2.67,2.8,2.67,2.76,4742946,AMOC,Alexandria Mineral Oils Company,0.007824696481287205
2020-11-30,2.76,2.78,2.66,2.69,2942999,AMOC,Alexandria Mineral Oils Company,0.007824696481287205
2020-12-01,2.69,2.73,2.66,2.7,1898807,AMOC,Alexandria Mineral Oils Company,0.007824696481287205
2020-12-02,2.7,2.73,2.62,2.67,3644998,AMOC,Alexandria Mineral Oils Company,0.007824696481287205
2020-12-03,2.67,2.73,2.64,2.7,2773760,AMOC,Alexandria Mineral Oils Company,0.007824696481287205
2020-12-06,2.7,2.78,2.7,2.75,3728182,AMOC,Alexandria Mineral Oils Company,0.007824696481287205
2020-12-07,2.75,2.8,2.74,2.77,2323747,AMOC,Alexandria Mineral Oils Company,0.007824696481287205
2020-12-08,2.77,3.04,2.75,2.95,20902226,AMOC,Alexandria Mineral Oils Company,0.007824696481287205
2020-12-09,3.07,3.1,2.92,3.03,9275015,AMOC,Alexandria Mineral Oils Company,0.007824696481287205
2020-12-10,3.03,3.2,2.92,3.11,14181517,AMOC,Alexandria Mineral Oils Company,0.007824696481287205
2020-12-13,3.23,3.39,3.17,3.3,12129495,AMOC,Alexandria Mineral Oils Company,0.007824696481287205
2020-12-14,3.3,3.3,3.13,3.2,9234855,AMOC,Alexandria Mineral Oils Company,0.007824696481287205
2020-12-15,3.22,3.3,3.14,3.22,6381020,AMOC,Alexandria Mineral Oils Company,0.007824696481287205
2020-12-16,3.22,3.26,3.1,3.17,7967560,AMOC,Alexandria Mineral Oils Company,0.007824696481287205
2020-12-17,3.17,3.2,3.09,3.15,3754440,AMOC,Alexandria Mineral Oils Company,0.007824696481287205
2020-12-20,3.15,3.25,3.14,3.18,3296889,AMOC,Alexandria Mineral Oils Company,0.007824696481287205
2020-12-21,3.18,3.18,2.87,2.91,4849163,AMOC,Alexandria Mineral Oils Company,0.007824696481287205
2020-12-22,2.91,2.93,2.78,2.88,3548072,AMOC,Alexandria Mineral Oils Company,0.007824696481287205
2020-12-23,2.88,3.05,2.88,2.98,5531858,AMOC,Alexandria Mineral Oils Company,0.007824696481287205
2020-12-24,2.98,3.04,2.86,2.93,4392725,AMOC,Alexandria Mineral Oils Company,0.007824696481287205
2020-12-27,2.93,2.95,2.79,2.85,2569258,AMOC,Alexandria Mineral Oils Company,0.007824696481287205
2020-12-28,2.85,3.02,2.85,2.95,4832826,AMOC,Alexandria Mineral Oils Company,0.007824696481287205
2020-12-29,3.05,3.19,3.05,3.13,9785120,AMOC,Alexandria Mineral Oils Company,0.007824696481287205
2020-12-30,3.2,3.24,3.1,3.17,7451868,AMOC,Alexandria Mineral Oils Company,0.007824696481287205
2020-12-31,3.17,3.17,3.09,3.12,3685443,AMOC,Alexandria Mineral Oils Company,0.007824696481287205
2021-01-03,3.12,3.18,3.11,3.14,2102682,AMOC,Alexandria Mineral Oils Company,0.007824696481287205
2021-01-04,3.14,3.16,3.06,3.11,3173792,AMOC,Alexandria Mineral Oils Company,0.007824696481287205
2021-01-05,3.11,3.21,3.08,3.17,5331145,AMOC,Alexandria Mineral Oils Company,0.007824696481287205
2021-01-06,3.17,3.37,3.17,3.28,23864656,AMOC,Alexandria Mineral Oils Company,0.007824696481287205
2021-01-10,3.45,3.52,3.39,3.46,11013861,AMOC,Alexandria Mineral Oils Company,0.007824696481287205
2021-01-11,3.45,3.48,3.3,3.37,9519017,AMOC,Alexandria Mineral Oils Company,0.007824696481287205
2021-01-12,3.37,3.37,3.26,3.32,4035988,AMOC,Alexandria Mineral Oils Company,0.007824696481287205
2021-01-13,3.32,3.36,3.25,3.28,2747899,AMOC,Alexandria Mineral Oils Company,0.007824696481287205
2021-01-14,3.28,3.44,3.25,3.36,6547070,AMOC,Alexandria Mineral Oils Company,0.007824696481287205
2021-01-17,3.36,3.39,3.27,3.31,4184190,AMOC,Alexandria Mineral Oils Company,0.007824696481287205
2021-01-18,3.31,3.31,3.21,3.25,3263857,AMOC,Alexandria Mineral Oils Company,0.007824696481287205
2021-01-19,3.25,3.3,3.22,3.27,1858244,AMOC,Alexandria Mineral Oils Company,0.007824696481287205
2021-01-20,3.27,3.32,3.26,3.29,2218160,AMOC,Alexandria Mineral Oils Company,0.007824696481287205
2021-01-21,3.29,3.32,3.24,3.28,1639931,AMOC,Alexandria Mineral Oils Company,0.007824696481287205
2021-01-24,3.28,3.29,3.23,3.25,1631257,AMOC,Alexandria Mineral Oils Company,0.007824696481287205
2021-01-25,3.25,3.27,3.2,3.22,2205834,AMOC,Alexandria Mineral Oils Company,0.007824696481287205
2021-01-26,3.22,3.25,3.2,3.22,1832254,AMOC,Alexandria Mineral Oils Company,0.007824696481287205
2021-01-27,3.22,3.29,3.22,3.25,2327466,AMOC,Alexandria Mineral Oils Company,0.007824696481287205
2021-01-31,3.25,3.28,3.18,3.23,2669749,AMOC,Alexandria Mineral Oils Company,0.007824696481287205
2021-02-01,3.23,3.37,3.23,3.32,5276817,AMOC,Alexandria Mineral Oils Company,0.007824696481287205
2021-02-02,3.32,3.41,3.32,3.36,2700647,AMOC,Alexandria Mineral Oils Company,0.007824696481287205
2021-02-03,3.36,3.38,3.26,3.31,3569303,AMOC,Alexandria Mineral Oils Company,0.007824696481287205
2021-02-04,3.31,3.31,3.24,3.26,1318327,AMOC,Alexandria Mineral Oils Company,0.007824696481287205
2021-02-07,3.26,3.32,3.26,3.3,2392861,AMOC,Alexandria Mineral Oils Company,0.007824696481287205
2021-02-08,3.3,3.42,3.24,3.35,7304615,AMOC,Alexandria Mineral Oils Company,0.007824696481287205
2021-02-09,3.35,3.35,3.25,3.28,1612099,AMOC,Alexandria Mineral Oils Company,0.007824696481287205
2021-02-10,3.28,3.33,3.26,3.3,1822827,AMOC,Alexandria Mineral Oils Company,0.007824696481287205
2021-02-11,3.3,3.35,3.27,3.31,1391287,AMOC,Alexandria Mineral Oils Company,0.007824696481287205
2021-02-14,3.31,3.34,3.23,3.27,1377475,AMOC,Alexandria Mineral Oils Company,0.007824696481287205
2021-02-15,3.27,3.29,3.18,3.24,1349573,AMOC,Alexandria Mineral Oils Company,0.007824696481287205
2021-02-16,3.24,3.3,3.22,3.27,819243,AMOC,Alexandria Mineral Oils Company,0.007824696481287205
2021-02-17,3.27,3.27,3.17,3.21,1420395,AMOC,Alexandria Mineral Oils Company,0.007824696481287205
2021-02-18,3.21,3.25,3.15,3.21,2286184,AMOC,Alexandria Mineral Oils Company,0.007824696481287205
2021-02-21,3.21,3.25,3.19,3.22,1039441,AMOC,Alexandria Mineral Oils Company,0.007824696481287205
2021-02-22,3.22,3.22,3.14,3.18,1468340,AMOC,Alexandria Mineral Oils Company,0.007824696481287205
2021-02-23,3.18,3.2,3.09,3.12,1632353,AMOC,Alexandria Mineral Oils Company,0.007824696481287205
2021-02-24,3.12,3.15,3.08,3.11,860251,AMOC,Alexandria Mineral Oils Company,0.007824696481287205
2021-02-25,3.11,3.18,3.11,3.14,1447321,AMOC,Alexandria Mineral Oils Company,0.007824696481287205
2021-02-28,3.14,3.14,2.97,3.03,2565023,AMOC,Alexandria Mineral Oils Company,0.007824696481287205
2021-03-01,3.03,3.05,2.98,3.01,1050039,AMOC,Alexandria Mineral Oils Company,0.007824696481287205
2021-03-02,3.01,3.1,2.95,3.03,2194331,AMOC,Alexandria Mineral Oils Company,0.007824696481287205
2021-03-03,3.03,3.05,2.82,2.94,1625795,AMOC,Alexandria Mineral Oils Company,0.007824696481287205
2021-03-04,2.94,2.94,2.85,2.9,946066,AMOC,Alexandria Mineral Oils Company,0.007824696481287205
2021-03-07,2.98,3.23,2.97,3.13,6432406,AMOC,Alexandria Mineral Oils Company,0.007824696481287205
2021-03-08,3.13,3.31,3.12,3.23,5903483,AMOC,Alexandria Mineral Oils Company,0.007824696481287205
2021-03-09,3.23,3.26,3.1,3.16,1203878,AMOC,Alexandria Mineral Oils Company,0.007824696481287205
2021-03-10,3.16,3.19,3.06,3.13,1179676,AMOC,Alexandria Mineral Oils Company,0.007824696481287205
2021-03-11,3.13,3.2,3.09,3.14,814430,AMOC,Alexandria Mineral Oils Company,0.007824696481287205
2021-03-14,3.14,3.14,3.0,3.06,1448134,AMOC,Alexandria Mineral Oils Company,0.007824696481287205
2021-03-15,3.06,3.14,2.93,3.03,1501989,AMOC,Alexandria Mineral Oils Company,0.007824696481287205
2021-03-16,3.03,3.04,2.9,2.98,805689,AMOC,Alexandria Mineral Oils Company,0.007824696481287205
2021-03-17,2.98,3.04,2.95,2.99,900110,AMOC,Alexandria Mineral Oils Company,0.007824696481287205
2021-03-18,2.99,2.99,2.92,2.94,650823,AMOC,Alexandria Mineral Oils Company,0.007824696481287205
2021-03-21,2.94,2.99,2.75,2.87,788741,AMOC,Alexandria Mineral Oils Company,0.007824696481287205
2021-03-22,2.87,2.87,2.59,2.66,1909991,AMOC,Alexandria Mineral Oils Company,0.007824696481287205
2021-03-23,2.66,2.79,2.42,2.62,2211514,AMOC,Alexandria Mineral Oils Company,0.007824696481287205
2021-03-24,2.62,2.77,2.57,2.65,1327563,AMOC,Alexandria Mineral Oils Company,0.007824696481287205
2021-03-25,2.65,2.65,2.5,2.58,2375779,AMOC,Alexandria Mineral Oils Company,0.007824696481287205
2021-03-28,2.58,2.66,2.58,2.61,1423195,AMOC,Alexandria Mineral Oils Company,0.007824696481287205
2021-03-29,2.61,2.64,2.58,2.6,2451599,AMOC,Alexandria Mineral Oils Company,0.007824696481287205
2021-03-30,2.6,2.65,2.59,2.61,2055226,AMOC,Alexandria Mineral Oils Company,0.007824696481287205
2021-03-31,2.61,2.61,2.55,2.58,1158289,AMOC,Alexandria Mineral Oils Company,0.007824696481287205
2021-04-01,2.58,2.64,2.58,2.61,907694,AMOC,Alexandria Mineral Oils Company,0.007824696481287205
2021-04-04,2.61,2.61,2.53,2.56,967891,AMOC,Alexandria Mineral Oils Company,0.007824696481287205
2021-04-05,2.56,2.56,2.35,2.42,1961311,AMOC,Alexandria Mineral Oils Company,0.007824696481287205
2021-04-06,2.42,2.47,2.33,2.41,806017,AMOC,Alexandria Mineral Oils Company,0.007824696481287205
2021-04-07,2.41,2.57,2.4,2.47,1784467,AMOC,Alexandria Mineral Oils Company,0.007824696481287205
2021-04-08,2.47,2.53,2.46,2.5,848507,AMOC,Alexandria Mineral Oils Company,0.007824696481287205
2021-04-11,2.5,2.58,2.5,2.55,1177655,AMOC,Alexandria Mineral Oils Company,0.007824696481287205
2021-04-12,2.55,2.8,2.55,2.72,4740043,AMOC,Alexandria Mineral Oils Company,0.007824696481287205
2021-04-13,2.99,3.28,2.99,3.13,13619644,AMOC,Alexandria Mineral Oils Company,0.007824696481287205
2021-04-14,3.13,3.13,2.82,2.89,12259068,AMOC,Alexandria Mineral Oils Company,0.007824696481287205
2021-04-15,2.89,2.9,2.72,2.81,1114148,AMOC,Alexandria Mineral Oils Company,0.007824696481287205
2021-04-18,2.81,2.93,2.8,2.87,2618768,AMOC,Alexandria Mineral Oils Company,0.007824696481287205
2021-04-19,2.87,2.94,2.87,2.89,3116678,AMOC,Alexandria Mineral Oils Company,0.007824696481287205
2021-04-20,2.89,3.11,2.83,3.01,4474785,AMOC,Alexandria Mineral Oils Company,0.007824696481287205
2021-04-21,3.01,3.16,3.0,3.09,2165271,AMOC,Alexandria Mineral Oils Company,0.007824696481287205
2021-04-22,3.09,3.09,3.02,3.04,874799,AMOC,Alexandria Mineral Oils Company,0.007824696481287205
2021-04-25,3.04,3.09,2.96,3.0,899804,AMOC,Alexandria Mineral Oils Company,0.007824696481287205
2021-04-26,3.0,3.0,2.94,2.98,1019330,AMOC,Alexandria Mineral Oils Company,0.007824696481287205
2021-04-27,2.98,3.08,2.95,3.03,782701,AMOC,Alexandria Mineral Oils Company,0.007824696481287205
2021-04-28,3.03,3.03,2.97,2.99,508025,AMOC,Alexandria Mineral Oils Company,0.007824696481287205
2021-05-04,2.99,3.03,2.96,3.0,939811,AMOC,Alexandria Mineral Oils Company,0.007824696481287205
2021-05-05,3.0,3.05,2.99,3.01,743204,AMOC,Alexandria Mineral Oils Company,0.007824696481287205
2021-05-06,3.01,3.15,3.01,3.12,1994224,AMOC,Alexandria Mineral Oils Company,0.007824696481287205
2021-05-09,3.12,3.15,3.09,3.12,763524,AMOC,Alexandria Mineral Oils Company,0.007824696481287205
2021-05-10,3.12,3.14,3.08,3.1,1043349,AMOC,Alexandria Mineral Oils Company,0.007824696481287205
2021-05-11,3.1,3.17,3.07,3.11,5071266,AMOC,Alexandria Mineral Oils Company,0.007824696481287205
2021-05-17,3.11,3.14,3.07,3.09,2033588,AMOC,Alexandria Mineral Oils Company,0.007824696481287205
2021-05-18,3.09,3.22,3.09,3.16,4933624,AMOC,Alexandria Mineral Oils Company,0.007824696481287205
2021-05-19,3.16,3.24,3.1,3.18,3643612,AMOC,Alexandria Mineral Oils Company,0.007824696481287205
2021-05-20,3.18,3.18,3.08,3.12,2852083,AMOC,Alexandria Mineral Oils Company,0.007824696481287205
2021-05-23,3.12,3.17,3.11,3.13,1300915,AMOC,Alexandria Mineral Oils Company,0.007824696481287205
2021-05-24,3.13,3.18,2.96,3.04,2056739,AMOC,Alexandria Mineral Oils Company,0.007824696481287205
2021-05-25,3.04,3.04,2.83,2.92,1565141,AMOC,Alexandria Mineral Oils Company,0.007824696481287205
2021-05-26,2.92,3.02,2.91,2.95,548299,AMOC,Alexandria Mineral Oils Company,0.007824696481287205
2021-05-27,2.95,2.96,2.88,2.9,1349178,AMOC,Alexandria Mineral Oils Company,0.007824696481287205
2021-05-30,2.9,3.05,2.89,2.96,1055834,AMOC,Alexandria Mineral Oils Company,0.007824696481287205
2021-05-31,2.96,3.02,2.89,2.93,1012571,AMOC,Alexandria Mineral Oils Company,0.007824696481287205
2021-06-01,2.93,2.96,2.87,2.92,1020037,AMOC,Alexandria Mineral Oils Company,0.007824696481287205
2021-06-02,2.92,2.95,2.8,2.87,1794424,AMOC,Alexandria Mineral Oils Company,0.007824696481287205
2021-06-03,2.87,2.87,2.8,2.83,1571367,AMOC,Alexandria Mineral Oils Company,0.007824696481287205
2021-06-06,2.83,2.9,2.83,2.87,1479044,AMOC,Alexandria Mineral Oils Company,0.007824696481287205
2021-06-07,2.87,2.93,2.87,2.89,1715089,AMOC,Alexandria Mineral Oils Company,0.007824696481287205
2021-06-08,2.89,2.94,2.83,2.89,1369006,AMOC,Alexandria Mineral Oils Company,0.007824696481287205
2021-06-09,2.89,3.08,2.89,3.01,5199981,AMOC,Alexandria Mineral Oils Company,0.007824696481287205
2021-06-10,3.01,3.03,2.94,2.98,1259157,AMOC,Alexandria Mineral Oils Company,0.007824696481287205
2021-06-13,2.98,3.01,2.85,2.9,1104626,AMOC,Alexandria Mineral Oils Company,0.007824696481287205
2021-06-14,2.9,2.94,2.85,2.91,433729,AMOC,Alexandria Mineral Oils Company,0.007824696481287205
2021-06-15,2.91,2.91,2.78,2.83,880376,AMOC,Alexandria Mineral Oils Company,0.007824696481287205
2021-06-16,2.83,2.94,2.8,2.89,2043452,AMOC,Alexandria Mineral Oils Company,0.007824696481287205
2021-06-17,2.89,3.05,2.89,2.98,4214841,AMOC,Alexandria Mineral Oils Company,0.007824696481287205
2021-06-20,2.98,3.06,2.93,3.01,3048209,AMOC,Alexandria Mineral Oils Company,0.007824696481287205
2021-06-21,3.01,3.17,3.01,3.11,4496082,AMOC,Alexandria Mineral Oils Company,0.007824696481287205
2021-06-22,3.11,3.38,3.06,3.23,8978573,AMOC,Alexandria Mineral Oils Company,0.007824696481287205
2021-06-23,3.23,3.48,3.23,3.37,15484849,AMOC,Alexandria Mineral Oils Company,0.007824696481287205
2021-06-24,3.37,3.46,3.32,3.37,4619152,AMOC,Alexandria Mineral Oils Company,0.007824696481287205
2021-06-27,3.37,3.37,3.25,3.29,4553232,AMOC,Alexandria Mineral Oils Company,0.007824696481287205
2021-06-28,3.29,3.3,3.18,3.23,2332976,AMOC,Alexandria Mineral Oils Company,0.007824696481287205
2021-06-29,3.23,3.23,3.09,3.14,3339381,AMOC,Alexandria Mineral Oils Company,0.007824696481287205
2021-06-30,3.14,3.22,3.11,3.16,3661108,AMOC,Alexandria Mineral Oils Company,0.007824696481287205
2021-07-04,3.16,3.25,3.16,3.21,2445188,AMOC,Alexandria Mineral Oils Company,0.007824696481287205
2021-07-05,3.21,3.33,3.2,3.27,5394834,AMOC,Alexandria Mineral Oils Company,0.007824696481287205
2021-07-06,3.27,3.27,3.14,3.18,2045888,AMOC,Alexandria Mineral Oils Company,0.007824696481287205
2021-07-07,3.18,3.25,3.16,3.22,2397033,AMOC,Alexandria Mineral Oils Company,0.007824696481287205
2021-07-08,3.22,3.27,3.15,3.22,3225642,AMOC,Alexandria Mineral Oils Company,0.007824696481287205
2021-07-11,3.22,3.22,3.14,3.17,976600,AMOC,Alexandria Mineral Oils Company,0.007824696481287205
2021-07-12,3.17,3.21,3.15,3.18,1012420,AMOC,Alexandria Mineral Oils Company,0.007824696481287205
2021-07-13,3.18,3.25,3.16,3.22,962661,AMOC,Alexandria Mineral Oils Company,0.007824696481287205
2021-07-14,3.22,3.3,3.22,3.27,1316570,AMOC,Alexandria Mineral Oils Company,0.007824696481287205
2021-07-15,3.27,3.47,3.27,3.41,6911120,AMOC,Alexandria Mineral Oils Company,0.007824696481287205
2021-07-18,3.41,3.72,3.36,3.62,7941000,AMOC,Alexandria Mineral Oils Company,0.007824696481287205
2021-07-25,3.62,3.82,3.62,3.7,3898836,AMOC,Alexandria Mineral Oils Company,0.007824696481287205
2021-07-26,3.7,3.73,3.57,3.62,3724283,AMOC,Alexandria Mineral Oils Company,0.007824696481287205
2021-07-27,3.62,3.64,3.57,3.6,6335100,AMOC,Alexandria Mineral Oils Company,0.007824696481287205
2021-07-28,3.6,3.61,3.45,3.51,15592056,AMOC,Alexandria Mineral Oils Company,0.007824696481287205
2021-07-29,3.51,3.67,3.49,3.57,13436607,AMOC,Alexandria Mineral Oils Company,0.007824696481287205
2021-08-01,3.57,3.7,3.57,3.64,4350146,AMOC,Alexandria Mineral Oils Company,0.007824696481287205
2021-08-02,3.64,3.91,3.64,3.8,11027886,AMOC,Alexandria Mineral Oils Company,0.007824696481287205
2021-08-03,3.8,3.9,3.71,3.78,6397164,AMOC,Alexandria Mineral Oils Company,0.007824696481287205
2021-08-04,3.78,3.86,3.71,3.79,5423796,AMOC,Alexandria Mineral Oils Company,0.007824696481287205
2021-08-05,3.79,3.92,3.76,3.88,5527697,AMOC,Alexandria Mineral Oils Company,0.007824696481287205
2021-08-08,3.88,3.96,3.81,3.88,2569206,AMOC,Alexandria Mineral Oils Company,0.007824696481287205
2021-08-09,3.88,3.89,3.69,3.74,1619568,AMOC,Alexandria Mineral Oils Company,0.007824696481287205
2021-08-10,3.74,3.76,3.63,3.72,4509244,AMOC,Alexandria Mineral Oils Company,0.007824696481287205
2021-08-11,3.72,3.79,3.69,3.71,2425848,AMOC,Alexandria Mineral Oils Company,0.007824696481287205
2021-08-15,3.71,3.83,3.7,3.75,1005425,AMOC,Alexandria Mineral Oils Company,0.007824696481287205
2021-08-16,3.75,3.75,3.62,3.67,1076105,AMOC,Alexandria Mineral Oils Company,0.007824696481287205
2021-08-17,3.67,3.69,3.6,3.62,1303988,AMOC,Alexandria Mineral Oils Company,0.007824696481287205
2021-08-18,3.62,3.69,3.61,3.62,686928,AMOC,Alexandria Mineral Oils Company,0.007824696481287205
2021-08-19,3.62,3.62,3.51,3.54,1375239,AMOC,Alexandria Mineral Oils Company,0.007824696481287205
2021-08-22,3.54,3.55,3.41,3.45,2465679,AMOC,Alexandria Mineral Oils Company,0.007824696481287205
2021-08-23,3.45,3.51,3.38,3.44,3150654,AMOC,Alexandria Mineral Oils Company,0.007824696481287205
2021-08-24,3.44,3.44,3.3,3.38,6311771,AMOC,Alexandria Mineral Oils Company,0.007824696481287205
2021-08-25,3.38,3.71,3.38,3.65,14095691,AMOC,Alexandria Mineral Oils Company,0.007824696481287205
2021-08-26,3.65,3.8,3.62,3.73,6194897,AMOC,Alexandria Mineral Oils Company,0.007824696481287205
2021-08-29,3.73,3.85,3.63,3.77,7687414,AMOC,Alexandria Mineral Oils Company,0.007824696481287205
2021-08-30,3.77,3.85,3.65,3.73,3754860,AMOC,Alexandria Mineral Oils Company,0.007824696481287205
2021-08-31,3.73,3.81,3.63,3.68,1647233,AMOC,Alexandria Mineral Oils Company,0.007824696481287205
2021-09-01,3.68,3.74,3.65,3.69,1146285,AMOC,Alexandria Mineral Oils Company,0.007824696481287205
2021-09-02,3.69,3.8,3.69,3.75,2767699,AMOC,Alexandria Mineral Oils Company,0.007824696481287205
2021-09-05,3.75,3.77,3.56,3.6,1576382,AMOC,Alexandria Mineral Oils Company,0.007824696481287205
2021-09-06,3.6,3.6,3.45,3.55,1886988,AMOC,Alexandria Mineral Oils Company,0.007824696481287205
2021-09-07,3.55,3.59,3.48,3.56,654464,AMOC,Alexandria Mineral Oils Company,0.007824696481287205
2021-09-08,3.56,3.62,3.56,3.6,1118221,AMOC,Alexandria Mineral Oils Company,0.007824696481287205
2021-09-09,3.6,3.6,3.54,3.55,814150,AMOC,Alexandria Mineral Oils Company,0.007824696481287205
2021-09-12,3.55,3.57,3.53,3.55,523130,AMOC,Alexandria Mineral Oils Company,0.007824696481287205
2021-09-13,3.55,3.6,3.54,3.55,2596780,AMOC,Alexandria Mineral Oils Company,0.007824696481287205
2021-09-14,3.55,3.76,3.55,3.64,5022670,AMOC,Alexandria Mineral Oils Company,0.007824696481287205
2021-09-15,3.64,3.75,3.63,3.65,1539781,AMOC,Alexandria Mineral Oils Company,0.007824696481287205
2021-09-16,3.65,3.77,3.5,3.5,20257796,AMOC,Alexandria Mineral Oils Company,0.007824696481287205
2021-09-19,3.5,3.66,3.5,3.56,6096137,AMOC,Alexandria Mineral Oils Company,0.007824696481287205
2021-09-20,3.56,3.62,3.41,3.46,1459403,AMOC,Alexandria Mineral Oils Company,0.007824696481287205
2021-09-21,3.46,3.46,3.16,3.2,5120125,AMOC,Alexandria Mineral Oils Company,0.007824696481287205
2021-09-22,3.2,3.31,3.2,3.29,1433331,AMOC,Alexandria Mineral Oils Company,0.007824696481287205
2021-09-23,3.29,3.55,3.28,3.49,7394113,AMOC,Alexandria Mineral Oils Company,0.007824696481287205
2021-09-26,3.49,3.58,3.46,3.48,1796196,AMOC,Alexandria Mineral Oils Company,0.007824696481287205
2021-09-27,3.48,3.52,3.4,3.44,2263121,AMOC,Alexandria Mineral Oils Company,0.007824696481287205
2021-09-28,3.44,3.45,3.36,3.4,855218,AMOC,Alexandria Mineral Oils Company,0.007824696481287205
2021-09-29,3.4,3.66,3.36,3.66,5769379,AMOC,Alexandria Mineral Oils Company,0.007824696481287205
2021-09-30,3.66,3.82,3.58,3.8,8229296,AMOC,Alexandria Mineral Oils Company,0.007824696481287205
2021-10-03,3.8,3.87,3.73,3.8,3404300,AMOC,Alexandria Mineral Oils Company,0.007824696481287205
2021-10-04,3.8,3.8,3.7,3.8,2471143,AMOC,Alexandria Mineral Oils Company,0.007824696481287205
2021-10-05,3.8,3.98,3.8,3.89,6233935,AMOC,Alexandria Mineral Oils Company,0.007824696481287205
2021-10-06,3.89,4.0,3.86,3.89,3873321,AMOC,Alexandria Mineral Oils Company,0.007824696481287205
2021-10-10,3.89,4.07,3.89,4.0,5699280,AMOC,Alexandria Mineral Oils Company,0.007824696481287205
2021-10-11,4.0,4.1,4.0,4.06,2752971,AMOC,Alexandria Mineral Oils Company,0.007824696481287205
2021-10-12,4.06,4.07,3.89,3.9,2851241,AMOC,Alexandria Mineral Oils Company,0.007824696481287205
2021-10-13,3.9,4.13,3.9,4.1,4795037,AMOC,Alexandria Mineral Oils Company,0.007824696481287205
2021-10-14,4.1,4.18,4.07,4.11,3577085,AMOC,Alexandria Mineral Oils Company,0.007824696481287205
2021-10-17,4.11,4.18,4.06,4.1,2659653,AMOC,Alexandria Mineral Oils Company,0.007824696481287205
2021-10-18,4.1,4.1,3.96,4.0,2262758,AMOC,Alexandria Mineral Oils Company,0.007824696481287205
2021-10-19,4.0,4.2,3.98,4.05,5597947,AMOC,Alexandria Mineral Oils Company,0.007824696481287205
2021-10-20,4.05,4.1,3.9,4.07,3149809,AMOC,Alexandria Mineral Oils Company,0.007824696481287205
2021-10-24,4.07,4.15,4.05,4.1,1895330,AMOC,Alexandria Mineral Oils Company,0.007824696481287205
2021-10-25,4.1,4.17,3.91,3.99,6062297,AMOC,Alexandria Mineral Oils Company,0.007824696481287205
2021-10-26,3.99,4.3,3.99,4.18,6505436,AMOC,Alexandria Mineral Oils Company,0.007824696481287205
2021-10-27,4.18,4.27,4.08,4.09,2134536,AMOC,Alexandria Mineral Oils Company,0.007824696481287205
2021-10-28,4.09,4.27,4.09,4.2,3860942,AMOC,Alexandria Mineral Oils Company,0.007824696481287205
2021-10-31,4.2,4.2,4.05,4.15,1669301,AMOC,Alexandria Mineral Oils Company,0.007824696481287205
2021-11-01,4.15,4.31,4.15,4.25,3060098,AMOC,Alexandria Mineral Oils Company,0.007824696481287205
2021-11-02,4.25,4.48,4.25,4.37,9506566,AMOC,Alexandria Mineral Oils Company,0.007824696481287205
2021-11-03,4.37,4.4,4.25,4.31,2629718,AMOC,Alexandria Mineral Oils Company,0.007824696481287205
2021-11-04,4.31,4.33,4.12,4.3,3478124,AMOC,Alexandria Mineral Oils Company,0.007824696481287205
2021-11-07,4.3,4.37,4.23,4.35,1185627,AMOC,Alexandria Mineral Oils Company,0.007824696481287205
2021-11-08,4.35,4.44,3.96,4.07,5524091,AMOC,Alexandria Mineral Oils Company,0.007824696481287205
2021-11-09,4.07,4.13,3.91,3.93,3246542,AMOC,Alexandria Mineral Oils Company,0.007824696481287205
2021-11-10,3.93,3.95,3.65,3.8,2477097,AMOC,Alexandria Mineral Oils Company,0.007824696481287205
2021-11-11,3.8,3.99,3.8,3.96,1234695,AMOC,Alexandria Mineral Oils Company,0.007824696481287205
2021-11-14,3.96,4.0,3.84,3.85,1502421,AMOC,Alexandria Mineral Oils Company,0.007824696481287205
2021-11-15,3.85,3.9,3.76,3.78,807341,AMOC,Alexandria Mineral Oils Company,0.007824696481287205
2021-11-16,3.78,3.78,3.64,3.67,642733,AMOC,Alexandria Mineral Oils Company,0.007824696481287205
2021-11-17,3.67,3.77,3.67,3.76,456668,AMOC,Alexandria Mineral Oils Company,0.007824696481287205
2021-11-18,3.76,3.82,3.65,3.66,625878,AMOC,Alexandria Mineral Oils Company,0.007824696481287205
2021-11-21,3.66,3.72,3.51,3.58,631864,AMOC,Alexandria Mineral Oils Company,0.007824696481287205
2021-11-22,3.58,3.68,3.52,3.65,322731,AMOC,Alexandria Mineral Oils Company,0.007824696481287205
2021-11-23,3.65,3.8,3.65,3.74,479873,AMOC,Alexandria Mineral Oils Company,0.007824696481287205
2021-11-24,3.74,3.77,3.68,3.7,247337,AMOC,Alexandria Mineral Oils Company,0.007824696481287205
2021-11-25,3.7,3.77,3.68,3.7,529738,AMOC,Alexandria Mineral Oils Company,0.007824696481287205
2021-11-28,3.7,3.7,3.33,3.51,699162,AMOC,Alexandria Mineral Oils Company,0.007824696481287205
2021-11-29,3.51,3.6,3.36,3.42,2517711,AMOC,Alexandria Mineral Oils Company,0.007824696481287205
2021-11-30,3.42,3.56,3.4,3.48,4292950,AMOC,Alexandria Mineral Oils Company,0.007824696481287205
2021-12-01,3.48,3.54,3.45,3.49,2188989,AMOC,Alexandria Mineral Oils Company,0.007824696481287205
2021-12-02,3.49,3.55,3.45,3.47,1695454,AMOC,Alexandria Mineral Oils Company,0.007824696481287205
2021-12-05,3.47,3.49,3.43,3.49,835962,AMOC,Alexandria Mineral Oils Company,0.007824696481287205
2021-12-06,3.49,3.53,3.43,3.45,1717821,AMOC,Alexandria Mineral Oils Company,0.007824696481287205
2021-12-07,3.45,3.65,3.45,3.54,4909635,AMOC,Alexandria Mineral Oils Company,0.007824696481287205
2021-12-08,3.54,3.61,3.5,3.59,3156705,AMOC,Alexandria Mineral Oils Company,0.007824696481287205
2021-12-09,3.59,3.74,3.59,3.7,2152318,AMOC,Alexandria Mineral Oils Company,0.007824696481287205
2021-12-12,3.7,3.81,3.69,3.74,2892684,AMOC,Alexandria Mineral Oils Company,0.007824696481287205
2021-12-13,3.74,3.75,3.62,3.62,2100434,AMOC,Alexandria Mineral Oils Company,0.007824696481287205
2021-12-14,3.62,3.7,3.59,3.6,830088,AMOC,Alexandria Mineral Oils Company,0.007824696481287205
2021-12-15,3.6,3.65,3.56,3.57,556257,AMOC,Alexandria Mineral Oils Company,0.007824696481287205
2021-12-16,3.57,3.67,3.57,3.63,607560,AMOC,Alexandria Mineral Oils Company,0.007824696481287205
2021-12-19,3.63,3.72,3.61,3.62,862593,AMOC,Alexandria Mineral Oils Company,0.007824696481287205
2021-12-20,3.62,3.62,3.4,3.43,4354065,AMOC,Alexandria Mineral Oils Company,0.007824696481287205
2021-12-21,3.43,3.51,3.41,3.42,2852229,AMOC,Alexandria Mineral Oils Company,0.007824696481287205
2021-12-22,3.42,3.49,3.41,3.48,1471961,AMOC,Alexandria Mineral Oils Company,0.007824696481287205
2021-12-23,3.48,3.56,3.48,3.54,1994932,AMOC,Alexandria Mineral Oils Company,0.007824696481287205
2021-12-26,3.54,3.64,3.51,3.55,2166863,AMOC,Alexandria Mineral Oils Company,0.007824696481287205
2021-12-27,3.55,3.66,3.53,3.55,2054186,AMOC,Alexandria Mineral Oils Company,0.007824696481287205
2021-12-28,3.55,3.68,3.55,3.64,2867644,AMOC,Alexandria Mineral Oils Company,0.007824696481287205
2021-12-29,3.64,3.69,3.63,3.64,1622825,AMOC,Alexandria Mineral Oils Company,0.007824696481287205
2021-12-30,3.64,3.7,3.62,3.66,1500836,AMOC,Alexandria Mineral Oils Company,0.007824696481287205
2022-01-02,3.66,3.76,3.63,3.7,2730503,AMOC,Alexandria Mineral Oils Company,0.007824696481287205
2022-01-03,3.7,3.77,3.7,3.75,2376099,AMOC,Alexandria Mineral Oils Company,0.007824696481287205
2022-01-04,3.75,4.04,3.75,3.99,12381940,AMOC,Alexandria Mineral Oils Company,0.007824696481287205
2022-01-05,3.99,4.03,3.88,3.9,6862032,AMOC,Alexandria Mineral Oils Company,0.007824696481287205
2022-01-09,3.9,3.93,3.83,3.84,1173801,AMOC,Alexandria Mineral Oils Company,0.007824696481287205
2022-01-10,3.84,3.98,3.84,3.91,5118297,AMOC,Alexandria Mineral Oils Company,0.007824696481287205
2022-01-11,3.91,3.93,3.83,3.87,1458973,AMOC,Alexandria Mineral Oils Company,0.007824696481287205
2022-01-12,3.87,4.1,3.87,4.08,16133253,AMOC,Alexandria Mineral Oils Company,0.007824696481287205
2022-01-13,4.08,4.17,3.99,4.02,7262461,AMOC,Alexandria Mineral Oils Company,0.007824696481287205
2022-01-16,4.02,4.09,3.97,4.08,5408778,AMOC,Alexandria Mineral Oils Company,0.007824696481287205
2022-01-17,4.08,4.21,4.08,4.1,8986496,AMOC,Alexandria Mineral Oils Company,0.007824696481287205
2022-01-18,4.1,4.2,4.08,4.12,4322609,AMOC,Alexandria Mineral Oils Company,0.007824696481287205
2022-01-19,4.12,4.12,3.99,4.01,4024412,AMOC,Alexandria Mineral Oils Company,0.007824696481287205
2022-01-20,4.01,4.04,3.88,3.89,10273741,AMOC,Alexandria Mineral Oils Company,0.007824696481287205
2022-01-23,3.89,3.89,3.74,3.76,5521275,AMOC,Alexandria Mineral Oils Company,0.007824696481287205
2022-01-24,3.76,3.8,3.67,3.73,7148551,AMOC,Alexandria Mineral Oils Company,0.007824696481287205
2022-01-25,3.73,3.74,3.61,3.65,2653021,AMOC,Alexandria Mineral Oils Company,0.007824696481287205
2022-01-26,3.65,3.68,3.63,3.65,1068097,AMOC,Alexandria Mineral Oils Company,0.007824696481287205
2022-01-30,3.65,3.79,3.65,3.68,8016406,AMOC,Alexandria Mineral Oils Company,0.007824696481287205
2022-01-31,3.68,3.79,3.65,3.78,1866805,AMOC,Alexandria Mineral Oils Company,0.007824696481287205
2022-02-01,3.78,3.84,3.78,3.84,2276112,AMOC,Alexandria Mineral Oils Company,0.007824696481287205
2022-02-02,3.84,3.94,3.84,3.85,3893744,AMOC,Alexandria Mineral Oils Company,0.007824696481287205
2022-02-03,3.85,3.88,3.77,3.8,1847484,AMOC,Alexandria Mineral Oils Company,0.007824696481287205
2022-02-06,3.8,3.92,3.8,3.9,1708841,AMOC,Alexandria Mineral Oils Company,0.007824696481287205
2022-02-07,3.9,3.94,3.82,3.84,1996325,AMOC,Alexandria Mineral Oils Company,0.007824696481287205
2022-02-08,3.84,3.85,3.77,3.78,1409238,AMOC,Alexandria Mineral Oils Company,0.007824696481287205
2022-02-09,3.78,3.85,3.78,3.79,1218234,AMOC,Alexandria Mineral Oils Company,0.007824696481287205
2022-02-10,3.79,3.83,3.64,3.67,2997823,AMOC,Alexandria Mineral Oils Company,0.007824696481287205
2022-02-13,3.67,3.75,3.61,3.64,2682962,AMOC,Alexandria Mineral Oils Company,0.007824696481287205
2022-02-14,3.64,3.7,3.57,3.67,1715003,AMOC,Alexandria Mineral Oils Company,0.007824696481287205
2022-02-15,3.67,3.79,3.67,3.75,1641025,AMOC,Alexandria Mineral Oils Company,0.007824696481287205
2022-02-16,3.75,3.82,3.7,3.72,1760621,AMOC,Alexandria Mineral Oils Company,0.007824696481287205
2022-02-17,3.72,3.79,3.66,3.75,1126627,AMOC,Alexandria Mineral Oils Company,0.007824696481287205
2022-02-20,3.75,3.79,3.63,3.64,1359040,AMOC,Alexandria Mineral Oils Company,0.007824696481287205
2022-02-21,3.64,3.7,3.62,3.66,946576,AMOC,Alexandria Mineral Oils Company,0.007824696481287205
2022-02-22,3.66,3.66,3.52,3.58,4759709,AMOC,Alexandria Mineral Oils Company,0.007824696481287205
2022-02-23,3.58,3.62,3.55,3.59,1780283,AMOC,Alexandria Mineral Oils Company,0.007824696481287205
2022-02-24,3.59,3.59,3.4,3.5,4476807,AMOC,Alexandria Mineral Oils Company,0.007824696481287205
2022-02-27,3.5,3.63,3.5,3.58,1179825,AMOC,Alexandria Mineral Oils Company,0.007824696481287205
2022-02-28,3.58,3.58,3.53,3.55,1027088,AMOC,Alexandria Mineral Oils Company,0.007824696481287205
2022-03-01,3.55,3.68,3.55,3.6,1739233,AMOC,Alexandria Mineral Oils Company,0.007824696481287205
2022-03-02,3.6,3.75,3.6,3.7,2564667,AMOC,Alexandria Mineral Oils Company,0.007824696481287205
2022-03-03,3.7,3.94,3.7,3.92,8747610,AMOC,Alexandria Mineral Oils Company,0.007824696481287205
2022-03-06,3.92,3.98,3.86,3.93,1695713,AMOC,Alexandria Mineral Oils Company,0.007824696481287205
2022-03-07,3.93,4.05,3.82,3.84,5046029,AMOC,Alexandria Mineral Oils Company,0.007824696481287205
2022-03-08,3.84,3.85,3.7,3.74,2324016,AMOC,Alexandria Mineral Oils Company,0.007824696481287205
2022-03-09,3.74,3.9,3.74,3.87,3457381,AMOC,Alexandria Mineral Oils Company,0.007824696481287205
2022-03-10,3.87,3.87,3.78,3.81,3753573,AMOC,Alexandria Mineral Oils Company,0.007824696481287205
2022-03-13,3.81,3.9,3.77,3.79,1409817,AMOC,Alexandria Mineral Oils Company,0.007824696481287205
2022-03-14,3.79,3.82,3.73,3.75,1392203,AMOC,Alexandria Mineral Oils Company,0.007824696481287205
2022-03-15,3.75,3.75,3.56,3.63,2410927,AMOC,Alexandria Mineral Oils Company,0.007824696481287205
2022-03-16,3.63,3.85,3.63,3.8,3815623,AMOC,Alexandria Mineral Oils Company,0.007824696481287205
2022-03-17,3.8,3.89,3.72,3.74,4078642,AMOC,Alexandria Mineral Oils Company,0.007824696481287205
2022-03-20,3.74,3.8,3.73,3.76,1075404,AMOC,Alexandria Mineral Oils Company,0.007824696481287205
2022-03-21,3.76,4.38,3.76,4.28,16683396,AMOC,Alexandria Mineral Oils Company,0.007824696481287205
2022-03-22,4.28,4.44,4.15,4.16,11721405,AMOC,Alexandria Mineral Oils Company,0.007824696481287205
2022-03-23,4.16,4.25,4.08,4.23,6977059,AMOC,Alexandria Mineral Oils Company,0.007824696481287205
2022-03-24,4.23,4.4,4.23,4.27,11503071,AMOC,Alexandria Mineral Oils Company,0.007824696481287205
2022-03-27,4.27,4.36,4.19,4.33,7842217,AMOC,Alexandria Mineral Oils Company,0.007824696481287205
2022-03-28,4.33,4.46,4.07,4.08,15096704,AMOC,Alexandria Mineral Oils Company,0.007824696481287205
2022-03-29,4.08,4.21,3.96,4.18,5539209,AMOC,Alexandria Mineral Oils Company,0.007824696481287205
2022-03-30,4.18,4.24,4.07,4.1,2654720,AMOC,Alexandria Mineral Oils Company,0.007824696481287205
2022-03-31,4.1,4.14,3.88,3.92,5009798,AMOC,Alexandria Mineral Oils Company,0.007824696481287205
2022-04-03,3.92,3.99,3.89,3.92,2078540,AMOC,Alexandria Mineral Oils Company,0.007824696481287205
2022-04-04,3.92,3.96,3.82,3.84,2799850,AMOC,Alexandria Mineral Oils Company,0.007824696481287205
2022-04-05,3.84,3.9,3.78,3.8,4549514,AMOC,Alexandria Mineral Oils Company,0.007824696481287205
2022-04-06,3.8,3.87,3.79,3.81,2406136,AMOC,Alexandria Mineral Oils Company,0.007824696481287205
2022-04-07,3.81,3.85,3.73,3.79,5337162,AMOC,Alexandria Mineral Oils Company,0.007824696481287205
2022-04-10,3.79,3.8,3.67,3.7,2017617,AMOC,Alexandria Mineral Oils Company,0.007824696481287205
2022-04-11,3.7,3.75,3.58,3.61,2523261,AMOC,Alexandria Mineral Oils Company,0.007824696481287205
2022-04-12,3.61,3.67,3.58,3.61,3255970,AMOC,Alexandria Mineral Oils Company,0.007824696481287205
2022-04-13,3.61,3.69,3.57,3.61,2740675,AMOC,Alexandria Mineral Oils Company,0.007824696481287205
2022-04-14,3.61,3.61,3.28,3.28,11271513,AMOC,Alexandria Mineral Oils Company,0.007824696481287205
2022-04-17,3.28,3.44,3.21,3.29,9076580,AMOC,Alexandria Mineral Oils Company,0.007824696481287205
2022-04-18,3.29,3.58,3.29,3.58,6321821,AMOC,Alexandria Mineral Oils Company,0.007824696481287205
2022-04-19,3.58,3.69,3.56,3.58,4866544,AMOC,Alexandria Mineral Oils Company,0.007824696481287205
2022-04-20,3.58,3.6,3.47,3.49,2049997,AMOC,Alexandria Mineral Oils Company,0.007824696481287205
2022-04-21,3.49,3.59,3.49,3.53,2223619,AMOC,Alexandria Mineral Oils Company,0.007824696481287205
2022-04-26,3.53,3.72,3.53,3.72,4645737,AMOC,Alexandria Mineral Oils Company,0.007824696481287205
2022-04-27,3.72,3.75,3.64,3.71,3152199,AMOC,Alexandria Mineral Oils Company,0.007824696481287205
2022-04-28,3.71,3.92,3.68,3.89,6382826,AMOC,Alexandria Mineral Oils Company,0.007824696481287205
2022-05-08,3.89,3.95,3.81,3.91,3757497,AMOC,Alexandria Mineral Oils Company,0.007824696481287205
2022-05-09,3.91,3.94,3.78,3.82,2885668,AMOC,Alexandria Mineral Oils Company,0.007824696481287205
2022-05-10,3.82,3.83,3.75,3.78,1241708,AMOC,Alexandria Mineral Oils Company,0.007824696481287205
2022-05-11,3.78,3.94,3.77,3.92,3431583,AMOC,Alexandria Mineral Oils Company,0.007824696481287205
2022-05-12,3.92,3.92,3.76,3.85,3413102,AMOC,Alexandria Mineral Oils Company,0.007824696481287205
2022-05-15,3.85,4.0,3.83,3.84,8014940,AMOC,Alexandria Mineral Oils Company,0.007824696481287205
2022-05-16,3.84,3.86,3.79,3.83,3476435,AMOC,Alexandria Mineral Oils Company,0.007824696481287205
2022-05-17,3.83,3.89,3.83,3.85,1530150,AMOC,Alexandria Mineral Oils Company,0.007824696481287205
2022-05-18,3.85,3.91,3.84,3.89,1780071,AMOC,Alexandria Mineral Oils Company,0.007824696481287205
2022-05-19,3.89,3.89,3.78,3.81,2765479,AMOC,Alexandria Mineral Oils Company,0.007824696481287205
2022-05-22,3.81,3.85,3.72,3.73,2741202,AMOC,Alexandria Mineral Oils Company,0.007824696481287205
2022-05-23,3.73,3.77,3.64,3.71,4039580,AMOC,Alexandria Mineral Oils Company,0.007824696481287205
2022-05-24,3.71,3.72,3.57,3.62,3034693,AMOC,Alexandria Mineral Oils Company,0.007824696481287205
2022-05-25,3.62,3.66,3.51,3.53,2699257,AMOC,Alexandria Mineral Oils Company,0.007824696481287205
2022-05-26,3.53,3.57,3.42,3.51,3184921,AMOC,Alexandria Mineral Oils Company,0.007824696481287205
2022-05-29,3.51,3.56,3.48,3.54,1501853,AMOC,Alexandria Mineral Oils Company,0.007824696481287205
2022-05-30,3.54,3.64,3.51,3.63,1826496,AMOC,Alexandria Mineral Oils Company,0.007824696481287205
2022-05-31,3.63,3.68,3.62,3.67,963109,AMOC,Alexandria Mineral Oils Company,0.007824696481287205
2022-06-01,3.67,3.67,3.55,3.59,1027134,AMOC,Alexandria Mineral Oils Company,0.007824696481287205
2022-06-02,3.59,3.59,3.5,3.57,871316,AMOC,Alexandria Mineral Oils Company,0.007824696481287205
2022-06-05,3.57,3.6,3.54,3.57,625380,AMOC,Alexandria Mineral Oils Company,0.007824696481287205
2022-06-06,3.57,3.62,3.57,3.58,617699,AMOC,Alexandria Mineral Oils Company,0.007824696481287205
2022-06-07,3.58,3.67,3.57,3.65,728880,AMOC,Alexandria Mineral Oils Company,0.007824696481287205
2022-06-08,3.65,3.8,3.65,3.79,2270096,AMOC,Alexandria Mineral Oils Company,0.007824696481287205
2022-06-09,3.79,3.81,3.72,3.75,868917,AMOC,Alexandria Mineral Oils Company,0.007824696481287205
2022-06-12,3.75,3.75,3.68,3.7,1357176,AMOC,Alexandria Mineral Oils Company,0.007824696481287205
2022-06-13,3.7,3.72,3.63,3.63,976554,AMOC,Alexandria Mineral Oils Company,0.007824696481287205
2022-06-14,3.63,3.67,3.62,3.64,886546,AMOC,Alexandria Mineral Oils Company,0.007824696481287205
2022-06-15,3.64,3.69,3.57,3.6,2452415,AMOC,Alexandria Mineral Oils Company,0.007824696481287205
2022-06-16,3.6,3.64,3.57,3.58,1287188,AMOC,Alexandria Mineral Oils Company,0.007824696481287205
2022-06-19,3.58,3.61,3.51,3.52,1367521,AMOC,Alexandria Mineral Oils Company,0.007824696481287205
2022-06-20,3.52,3.55,3.48,3.5,814075,AMOC,Alexandria Mineral Oils Company,0.007824696481287205
2022-06-21,3.5,3.6,3.5,3.55,1369128,AMOC,Alexandria Mineral Oils Company,0.007824696481287205
2022-06-22,3.55,3.56,3.46,3.48,2505761,AMOC,Alexandria Mineral Oils Company,0.007824696481287205
2022-06-23,3.48,3.52,3.43,3.5,923296,AMOC,Alexandria Mineral Oils Company,0.007824696481287205
2022-06-26,3.5,3.55,3.48,3.5,665483,AMOC,Alexandria Mineral Oils Company,0.007824696481287205
2022-06-27,3.5,3.51,3.45,3.47,855620,AMOC,Alexandria Mineral Oils Company,0.007824696481287205
2022-06-28,3.47,3.48,3.34,3.44,1836983,AMOC,Alexandria Mineral Oils Company,0.007824696481287205
2022-06-29,3.44,3.57,3.44,3.56,1184053,AMOC,Alexandria Mineral Oils Company,0.007824696481287205
2022-07-03,3.56,3.62,3.5,3.56,1848348,AMOC,Alexandria Mineral Oils Company,0.007824696481287205
2022-07-04,3.56,3.57,3.44,3.48,1244857,AMOC,Alexandria Mineral Oils Company,0.007824696481287205
2022-07-05,3.48,3.55,3.46,3.51,837967,AMOC,Alexandria Mineral Oils Company,0.007824696481287205
2022-07-06,3.51,3.59,3.49,3.57,2141920,AMOC,Alexandria Mineral Oils Company,0.007824696481287205
2022-07-07,3.57,3.59,3.54,3.57,895220,AMOC,Alexandria Mineral Oils Company,0.007824696481287205
2022-07-17,3.57,3.59,3.52,3.54,390431,AMOC,Alexandria Mineral Oils Company,0.007824696481287205
2022-07-18,3.54,3.6,3.54,3.57,650203,AMOC,Alexandria Mineral Oils Company,0.007824696481287205
2022-07-19,3.57,3.66,3.57,3.64,689550,AMOC,Alexandria Mineral Oils Company,0.007824696481287205
2022-07-20,3.64,3.74,3.64,3.73,1901724,AMOC,Alexandria Mineral Oils Company,0.007824696481287205
2022-07-21,3.73,3.94,3.71,3.91,4701178,AMOC,Alexandria Mineral Oils Company,0.007824696481287205
2022-07-24,3.91,3.93,3.85,3.87,894850,AMOC,Alexandria Mineral Oils Company,0.007824696481287205
2022-07-25,3.87,3.9,3.8,3.81,900814,AMOC,Alexandria Mineral Oils Company,0.007824696481287205
2022-07-26,3.81,3.9,3.8,3.86,1290162,AMOC,Alexandria Mineral Oils Company,0.007824696481287205
2022-07-27,3.86,3.89,3.82,3.83,442591,AMOC,Alexandria Mineral Oils Company,0.007824696481287205
2022-07-28,3.83,3.87,3.81,3.83,520112,AMOC,Alexandria Mineral Oils Company,0.007824696481287205
2022-07-31,3.83,3.96,3.83,3.9,3276656,AMOC,Alexandria Mineral Oils Company,0.007824696481287205
2022-08-01,3.9,3.97,3.86,3.89,2890449,AMOC,Alexandria Mineral Oils Company,0.007824696481287205
2022-08-02,3.89,3.92,3.87,3.89,992993,AMOC,Alexandria Mineral Oils Company,0.007824696481287205
2022-08-03,3.89,3.91,3.87,3.87,672800,AMOC,Alexandria Mineral Oils Company,0.007824696481287205
2022-08-04,3.87,3.97,3.87,3.95,2898112,AMOC,Alexandria Mineral Oils Company,0.007824696481287205
2022-08-07,3.95,4.07,3.95,4.02,5433620,AMOC,Alexandria Mineral Oils Company,0.007824696481287205
2022-08-08,4.02,4.04,3.95,3.97,2646274,AMOC,Alexandria Mineral Oils Company,0.007824696481287205
2022-08-09,3.97,4.04,3.9,3.93,3084146,AMOC,Alexandria Mineral Oils Company,0.007824696481287205
2022-08-10,3.93,3.96,3.9,3.91,1183244,AMOC,Alexandria Mineral Oils Company,0.007824696481287205
2022-08-11,3.91,3.97,3.9,3.95,1342751,AMOC,Alexandria Mineral Oils Company,0.007824696481287205
2022-08-14,3.95,4.15,3.95,4.15,5132268,AMOC,Alexandria Mineral Oils Company,0.007824696481287205
2022-08-15,4.15,4.15,4.03,4.04,2855051,AMOC,Alexandria Mineral Oils Company,0.007824696481287205
2022-08-16,4.04,4.05,3.96,3.97,913978,AMOC,Alexandria Mineral Oils Company,0.007824696481287205
2022-08-17,3.97,4.03,3.94,4.0,1895891,AMOC,Alexandria Mineral Oils Company,0.007824696481287205
2022-08-18,4.0,4.07,3.97,3.99,1181840,AMOC,Alexandria Mineral Oils Company,0.007824696481287205
2022-08-21,3.99,4.17,3.99,4.14,4069351,AMOC,Alexandria Mineral Oils Company,0.007824696481287205
2022-08-22,4.14,4.18,4.08,4.09,1741179,AMOC,Alexandria Mineral Oils Company,0.007824696481287205
2022-08-23,4.09,4.12,4.01,4.03,1882408,AMOC,Alexandria Mineral Oils Company,0.007824696481287205
2022-08-24,4.03,4.07,3.97,3.99,1650623,AMOC,Alexandria Mineral Oils Company,0.007824696481287205
2022-08-25,3.99,4.08,3.99,4.05,1495695,AMOC,Alexandria Mineral Oils Company,0.007824696481287205
2022-08-28,4.05,4.06,4.0,4.02,670457,AMOC,Alexandria Mineral Oils Company,0.007824696481287205
2022-08-29,4.02,4.06,4.0,4.03,2129659,AMOC,Alexandria Mineral Oils Company,0.007824696481287205
2022-08-30,4.03,4.13,4.01,4.1,2084480,AMOC,Alexandria Mineral Oils Company,0.007824696481287205
2022-08-31,4.1,4.14,4.05,4.07,1319756,AMOC,Alexandria Mineral Oils Company,0.007824696481287205
2022-09-01,4.07,4.09,4.02,4.03,1402432,AMOC,Alexandria Mineral Oils Company,0.007824696481287205
2022-09-04,4.03,4.07,3.99,4.04,1340231,AMOC,Alexandria Mineral Oils Company,0.007824696481287205
2022-09-05,4.04,4.1,4.04,4.1,1237889,AMOC,Alexandria Mineral Oils Company,0.007824696481287205
2022-09-06,4.1,4.23,4.1,4.19,4319207,AMOC,Alexandria Mineral Oils Company,0.007824696481287205
2022-09-07,4.19,4.3,4.16,4.25,3946931,AMOC,Alexandria Mineral Oils Company,0.007824696481287205
2022-09-08,4.25,4.28,4.17,4.18,2222258,AMOC,Alexandria Mineral Oils Company,0.007824696481287205
2022-09-11,4.18,4.32,4.18,4.25,2096109,AMOC,Alexandria Mineral Oils Company,0.007824696481287205
2022-09-12,4.25,4.29,4.22,4.23,1659992,AMOC,Alexandria Mineral Oils Company,0.007824696481287205
2022-09-13,4.23,4.25,4.2,4.21,1138838,AMOC,Alexandria Mineral Oils Company,0.007824696481287205
2022-09-14,4.21,4.21,4.13,4.14,2055733,AMOC,Alexandria Mineral Oils Company,0.007824696481287205
2022-09-15,4.14,4.19,4.08,4.19,1713902,AMOC,Alexandria Mineral Oils Company,0.007824696481287205
2022-09-18,4.19,4.19,3.96,4.03,3376198,AMOC,Alexandria Mineral Oils Company,0.007824696481287205
2022-09-19,4.03,4.07,3.93,4.06,1553796,AMOC,Alexandria Mineral Oils Company,0.007824696481287205
2022-09-20,4.06,4.09,4.01,4.07,735860,AMOC,Alexandria Mineral Oils Company,0.007824696481287205
2022-09-21,4.07,4.08,4.04,4.05,485953,AMOC,Alexandria Mineral Oils Company,0.007824696481287205
2022-09-22,4.05,4.13,4.0,4.12,1356649,AMOC,Alexandria Mineral Oils Company,0.007824696481287205
2022-09-25,4.12,4.18,4.09,4.1,2690008,AMOC,Alexandria Mineral Oils Company,0.007824696481287205
2022-09-26,4.1,4.19,4.1,4.12,1956555,AMOC,Alexandria Mineral Oils Company,0.007824696481287205
2022-09-27,4.12,4.18,4.12,4.12,988019,AMOC,Alexandria Mineral Oils Company,0.007824696481287205
2022-09-28,4.12,4.13,4.05,4.1,2186492,AMOC,Alexandria Mineral Oils Company,0.007824696481287205
2022-09-29,4.1,4.15,4.06,4.15,1697874,AMOC,Alexandria Mineral Oils Company,0.007824696481287205
2022-10-02,4.15,4.15,4.05,4.06,1520408,AMOC,Alexandria Mineral Oils Company,0.007824696481287205
2022-10-03,4.06,4.14,4.05,4.06,2071293,AMOC,Alexandria Mineral Oils Company,0.007824696481287205
2022-10-04,4.06,4.16,4.06,4.13,2194089,AMOC,Alexandria Mineral Oils Company,0.007824696481287205
2022-10-05,4.13,4.21,4.13,4.21,2096460,AMOC,Alexandria Mineral Oils Company,0.007824696481287205
2022-10-09,4.21,4.35,4.18,4.27,2534537,AMOC,Alexandria Mineral Oils Company,0.007824696481287205
2022-10-10,4.27,4.33,4.23,4.24,1438745,AMOC,Alexandria Mineral Oils Company,0.007824696481287205
2022-10-11,4.24,4.27,4.19,4.22,1442762,AMOC,Alexandria Mineral Oils Company,0.007824696481287205
2022-10-12,4.22,4.25,4.14,4.16,1061404,AMOC,Alexandria Mineral Oils Company,0.007824696481287205
2022-10-13,4.16,4.23,4.16,4.22,1112826,AMOC,Alexandria Mineral Oils Company,0.007824696481287205
2022-10-16,4.22,4.3,4.22,4.28,2687720,AMOC,Alexandria Mineral Oils Company,0.007824696481287205
2022-10-17,4.28,4.31,4.24,4.27,4579381,AMOC,Alexandria Mineral Oils Company,0.007824696481287205
2022-10-18,4.27,4.27,3.78,3.8,7793433,AMOC,Alexandria Mineral Oils Company,0.007824696481287205
2022-10-19,3.8,3.84,3.75,3.81,2459074,AMOC,Alexandria Mineral Oils Company,0.007824696481287205
2022-10-20,3.81,3.85,3.79,3.85,1543057,AMOC,Alexandria Mineral Oils Company,0.007824696481287205
2022-10-23,3.85,3.85,3.8,3.81,733468,AMOC,Alexandria Mineral Oils Company,0.007824696481287205
2022-10-24,3.81,3.83,3.78,3.79,904066,AMOC,Alexandria Mineral Oils Company,0.007824696481287205
2022-10-25,3.79,3.8,3.73,3.79,1486073,AMOC,Alexandria Mineral Oils Company,0.007824696481287205
2022-10-26,3.79,3.81,3.77,3.79,714418,AMOC,Alexandria Mineral Oils Company,0.007824696481287205
2022-10-27,3.79,4.14,3.79,4.05,11868091,AMOC,Alexandria Mineral Oils Company,0.007824696481287205
2022-10-30,4.05,4.14,3.92,3.96,8384702,AMOC,Alexandria Mineral Oils Company,0.007824696481287205
2022-10-31,3.96,4.07,3.91,4.02,3321699,AMOC,Alexandria Mineral Oils Company,0.007824696481287205
2022-11-01,4.02,4.1,4.02,4.05,3585187,AMOC,Alexandria Mineral Oils Company,0.007824696481287205
2022-11-02,4.05,4.08,3.96,3.96,3335111,AMOC,Alexandria Mineral Oils Company,0.007824696481287205
2022-11-03,3.96,4.0,3.92,4.0,1545657,AMOC,Alexandria Mineral Oils Company,0.007824696481287205
2022-11-06,4.0,4.01,3.9,3.91,1326658,AMOC,Alexandria Mineral Oils Company,0.007824696481287205
2022-11-07,3.91,4.04,3.91,4.01,1987495,AMOC,Alexandria Mineral Oils Company,0.007824696481287205
2022-11-08,4.01,4.07,3.97,3.98,2412344,AMOC,Alexandria Mineral Oils Company,0.007824696481287205
2022-11-09,3.98,3.98,3.91,3.94,2000987,AMOC,Alexandria Mineral Oils Company,0.007824696481287205
2022-11-10,3.94,4.06,3.94,4.01,2170386,AMOC,Alexandria Mineral Oils Company,0.007824696481287205
2022-11-13,4.01,4.1,4.01,4.07,1719465,AMOC,Alexandria Mineral Oils Company,0.007824696481287205
2022-11-14,4.07,4.09,4.03,4.07,1387385,AMOC,Alexandria Mineral Oils Company,0.007824696481287205
2022-11-15,4.07,4.1,4.01,4.01,1842066,AMOC,Alexandria Mineral Oils Company,0.007824696481287205
2022-11-16,4.01,4.28,4.01,4.26,9383546,AMOC,Alexandria Mineral Oils Company,0.007824696481287205
2022-11-17,4.26,4.31,4.14,4.23,3105503,AMOC,Alexandria Mineral Oils Company,0.007824696481287205
2022-11-20,4.23,4.24,4.16,4.17,1602176,AMOC,Alexandria Mineral Oils Company,0.007824696481287205
2022-11-21,4.17,4.24,4.15,4.21,2619375,AMOC,Alexandria Mineral Oils Company,0.007824696481287205
2022-11-22,4.21,4.25,4.2,4.23,2061987,AMOC,Alexandria Mineral Oils Company,0.007824696481287205
2022-11-23,4.23,4.3,4.15,4.22,4868721,AMOC,Alexandria Mineral Oils Company,0.007824696481287205
2022-11-24,4.22,4.38,4.22,4.3,5468071,AMOC,Alexandria Mineral Oils Company,0.007824696481287205
2022-11-27,4.3,4.74,4.3,4.7,16630873,AMOC,Alexandria Mineral Oils Company,0.007824696481287205
2022-11-28,4.7,4.87,4.64,4.68,8233634,AMOC,Alexandria Mineral Oils Company,0.007824696481287205
2022-11-29,4.68,4.8,4.61,4.64,5122571,AMOC,Alexandria Mineral Oils Company,0.007824696481287205
2022-11-30,4.64,4.71,4.61,4.64,2639835,AMOC,Alexandria Mineral Oils Company,0.007824696481287205
2022-12-01,4.64,5.13,4.64,5.09,16861782,AMOC,Alexandria Mineral Oils Company,0.007824696481287205
2022-12-04,5.09,5.7,5.09,5.65,11489809,AMOC,Alexandria Mineral Oils Company,0.007824696481287205
2022-12-05,5.65,5.85,5.42,5.56,10425487,AMOC,Alexandria Mineral Oils Company,0.007824696481287205
2022-12-06,5.56,5.76,5.47,5.73,9578647,AMOC,Alexandria Mineral Oils Company,0.007824696481287205
2022-12-07,5.73,5.88,5.58,5.72,11140112,AMOC,Alexandria Mineral Oils Company,0.007824696481287205
2022-12-08,5.72,6.18,5.68,6.16,10987445,AMOC,Alexandria Mineral Oils Company,0.007824696481287205
2022-12-11,6.16,6.75,6.12,6.16,14374276,AMOC,Alexandria Mineral Oils Company,0.007824696481287205
2022-12-12,6.16,6.25,5.87,6.22,9312783,AMOC,Alexandria Mineral Oils Company,0.007824696481287205
2022-12-13,6.22,6.53,6.22,6.44,6982045,AMOC,Alexandria Mineral Oils Company,0.007824696481287205
2022-12-14,6.44,6.58,6.25,6.28,6282079,AMOC,Alexandria Mineral Oils Company,0.007824696481287205
2022-12-15,6.28,6.45,6.03,6.09,6919293,AMOC,Alexandria Mineral Oils Company,0.007824696481287205
2022-12-18,6.09,6.22,5.86,6.16,5359933,AMOC,Alexandria Mineral Oils Company,0.007824696481287205
2022-12-19,6.16,6.27,5.95,6.17,5552005,AMOC,Alexandria Mineral Oils Company,0.007824696481287205
2022-12-20,6.17,6.5,6.05,6.09,11738460,AMOC,Alexandria Mineral Oils Company,0.007824696481287205
2022-12-21,6.09,6.14,5.94,6.02,4374133,AMOC,Alexandria Mineral Oils Company,0.007824696481287205
2022-12-22,6.02,6.11,5.93,5.94,3718857,AMOC,Alexandria Mineral Oils Company,0.007824696481287205
2022-12-25,5.94,6.0,5.7,5.87,3899151,AMOC,Alexandria Mineral Oils Company,0.007824696481287205
2022-12-26,5.87,6.07,5.85,6.04,2444904,AMOC,Alexandria Mineral Oils Company,0.007824696481287205
2022-12-27,6.04,6.29,6.04,6.14,4356308,AMOC,Alexandria Mineral Oils Company,0.007824696481287205
2022-12-28,6.14,6.41,6.14,6.37,5558393,AMOC,Alexandria Mineral Oils Company,0.007824696481287205
2022-12-29,6.37,6.48,6.3,6.32,3452009,AMOC,Alexandria Mineral Oils Company,0.007824696481287205
2023-01-02,6.32,6.53,6.3,6.44,5062466,AMOC,Alexandria Mineral Oils Company,0.007824696481287205
2023-01-03,6.44,6.68,6.44,6.57,4732888,AMOC,Alexandria Mineral Oils Company,0.007824696481287205
2023-01-04,6.57,6.98,6.06,6.91,10657254,AMOC,Alexandria Mineral Oils Company,0.007824696481287205
2023-01-05,6.91,7.39,6.91,7.2,10831982,AMOC,Alexandria Mineral Oils Company,0.007824696481287205
2023-01-09,7.2,7.55,7.2,7.26,9173512,AMOC,Alexandria Mineral Oils Company,0.007824696481287205
2023-01-10,7.26,7.33,6.97,7.01,4447909,AMOC,Alexandria Mineral Oils Company,0.007824696481287205
2023-01-11,7.01,7.7,6.91,7.5,8307556,AMOC,Alexandria Mineral Oils Company,0.007824696481287205
2023-01-12,7.5,7.93,7.3,7.84,8541977,AMOC,Alexandria Mineral Oils Company,0.007824696481287205
2023-01-15,7.84,7.98,7.6,7.7,6608230,AMOC,Alexandria Mineral Oils Company,0.007824696481287205
2023-01-16,7.7,8.16,7.7,7.93,10177920,AMOC,Alexandria Mineral Oils Company,0.007824696481287205
2023-01-17,7.93,8.06,7.83,7.85,4104805,AMOC,Alexandria Mineral Oils Company,0.007824696481287205
2023-01-18,7.85,7.96,7.25,7.36,8552201,AMOC,Alexandria Mineral Oils Company,0.007824696481287205
2023-01-19,7.36,7.56,7.24,7.49,6564294,AMOC,Alexandria Mineral Oils Company,0.007824696481287205
2023-01-22,7.49,7.7,7.41,7.45,2912483,AMOC,Alexandria Mineral Oils Company,0.007824696481287205
2023-01-23,7.45,7.6,7.4,7.44,4986649,AMOC,Alexandria Mineral Oils Company,0.007824696481287205
2023-01-24,7.44,7.74,7.44,7.52,12148316,AMOC,Alexandria Mineral Oils Company,0.007824696481287205
2023-01-25,7.52,7.69,7.52,7.63,6336110,AMOC,Alexandria Mineral Oils Company,0.007824696481287205
2023-01-29,7.63,7.74,7.58,7.72,4149319,AMOC,Alexandria Mineral Oils Company,0.007824696481287205
2023-01-30,7.72,7.79,7.28,7.4,7892666,AMOC,Alexandria Mineral Oils Company,0.007824696481287205
2023-01-31,7.4,7.59,7.28,7.47,3489600,AMOC,Alexandria Mineral Oils Company,0.007824696481287205
2023-02-01,7.47,7.63,7.26,7.54,4204328,AMOC,Alexandria Mineral Oils Company,0.007824696481287205
2023-02-02,7.54,7.6,7.33,7.4,3529689,AMOC,Alexandria Mineral Oils Company,0.007824696481287205
2023-02-05,7.4,7.55,7.12,7.42,3194941,AMOC,Alexandria Mineral Oils Company,0.007824696481287205
2023-02-06,7.42,7.71,7.42,7.67,4873194,AMOC,Alexandria Mineral Oils Company,0.007824696481287205
2023-02-07,7.67,7.88,7.67,7.73,4556930,AMOC,Alexandria Mineral Oils Company,0.007824696481287205
2023-02-08,7.73,7.79,7.52,7.63,3714452,AMOC,Alexandria Mineral Oils Company,0.007824696481287205
2023-02-09,7.63,7.99,7.6,7.99,6213461,AMOC,Alexandria Mineral Oils Company,0.007824696481287205
2023-02-12,7.99,8.19,7.89,7.91,6108783,AMOC,Alexandria Mineral Oils Company,0.007824696481287205
2023-02-13,7.91,8.07,7.73,7.77,5092014,AMOC,Alexandria Mineral Oils Company,0.007824696481287205
2023-02-14,7.77,7.88,7.73,7.85,2436505,AMOC,Alexandria Mineral Oils Company,0.007824696481287205
2023-02-15,7.85,8.07,7.85,8.05,5107281,AMOC,Alexandria Mineral Oils Company,0.007824696481287205
2023-02-16,8.05,8.73,8.05,8.64,17128856,AMOC,Alexandria Mineral Oils Company,0.007824696481287205
2023-02-19,8.64,8.88,8.39,8.42,7396188,AMOC,Alexandria Mineral Oils Company,0.007824696481287205
2023-02-20,8.42,8.51,8.11,8.34,3961389,AMOC,Alexandria Mineral Oils Company,0.007824696481287205
2023-02-21,8.34,8.46,8.21,8.42,4182126,AMOC,Alexandria Mineral Oils Company,0.007824696481287205
2023-02-22,8.42,8.65,8.15,8.35,5356166,AMOC,Alexandria Mineral Oils Company,0.007824696481287205
2023-02-23,8.35,8.39,8.17,8.33,2395802,AMOC,Alexandria Mineral Oils Company,0.007824696481287205
2023-02-26,8.33,8.48,8.27,8.33,3170445,AMOC,Alexandria Mineral Oils Company,0.007824696481287205
2023-02-27,8.33,8.5,8.3,8.47,3193235,AMOC,Alexandria Mineral Oils Company,0.007824696481287205
2023-02-28,8.47,8.58,8.42,8.49,2680370,AMOC,Alexandria Mineral Oils Company,0.007824696481287205
2023-03-01,8.49,8.55,8.41,8.51,2613730,AMOC,Alexandria Mineral Oils Company,0.007824696481287205
2023-03-02,8.51,8.83,8.51,8.7,5164794,AMOC,Alexandria Mineral Oils Company,0.007824696481287205
2023-03-05,8.7,8.78,8.57,8.6,2592037,AMOC,Alexandria Mineral Oils Company,0.007824696481287205
2023-03-06,8.6,8.74,8.5,8.61,2272393,AMOC,Alexandria Mineral Oils Company,0.007824696481287205
2023-03-07,8.61,8.65,8.45,8.5,3035179,AMOC,Alexandria Mineral Oils Company,0.007824696481287205
2023-03-08,8.5,8.5,8.2,8.26,3261641,AMOC,Alexandria Mineral Oils Company,0.007824696481287205
2023-03-09,8.26,8.58,8.22,8.49,2343021,AMOC,Alexandria Mineral Oils Company,0.007824696481287205
2023-03-12,8.49,8.49,8.22,8.31,1655346,AMOC,Alexandria Mineral Oils Company,0.007824696481287205
2023-03-13,8.31,8.44,7.52,8.15,3799802,AMOC,Alexandria Mineral Oils Company,0.007824696481287205
2023-03-14,8.15,8.15,7.67,8.0,1794463,AMOC,Alexandria Mineral Oils Company,0.007824696481287205
2023-03-15,8.0,8.22,6.41,7.19,2824906,AMOC,Alexandria Mineral Oils Company,0.007824696481287205
2023-03-16,7.19,7.71,6.75,7.27,5972960,AMOC,Alexandria Mineral Oils Company,0.007824696481287205
2023-03-19,7.27,7.34,6.93,7.07,3513696,AMOC,Alexandria Mineral Oils Company,0.007824696481287205
2023-03-20,7.07,7.39,7.0,7.23,4955599,AMOC,Alexandria Mineral Oils Company,0.007824696481287205
2023-03-21,7.23,7.53,7.23,7.5,1802309,AMOC,Alexandria Mineral Oils Company,0.007824696481287205
2023-03-22,7.5,7.62,7.2,7.23,2774428,AMOC,Alexandria Mineral Oils Company,0.007824696481287205
2023-03-23,7.23,7.45,7.22,7.38,777092,AMOC,Alexandria Mineral Oils Company,0.007824696481287205
2023-03-26,7.38,8.4,7.38,8.1,4877065,AMOC,Alexandria Mineral Oils Company,0.007824696481287205
2023-03-27,8.1,8.7,8.07,8.36,5857451,AMOC,Alexandria Mineral Oils Company,0.007824696481287205
2023-03-28,8.36,8.88,8.16,8.74,5935448,AMOC,Alexandria Mineral Oils Company,0.007824696481287205
2023-03-29,8.74,9.85,8.74,9.38,7646065,AMOC,Alexandria Mineral Oils Company,0.007824696481287205
2023-03-30,9.38,9.74,8.91,9.05,9486093,AMOC,Alexandria Mineral Oils Company,0.007824696481287205
2023-04-02,9.05,9.45,9.05,9.34,3025827,AMOC,Alexandria Mineral Oils Company,0.007824696481287205
2023-04-03,9.34,10.0,9.34,9.62,6583535,AMOC,Alexandria Mineral Oils Company,0.007824696481287205
2023-04-04,9.62,9.7,9.33,9.38,2029809,AMOC,Alexandria Mineral Oils Company,0.007824696481287205
2023-04-05,9.38,9.44,9.13,9.19,2434833,AMOC,Alexandria Mineral Oils Company,0.007824696481287205
2023-04-06,9.19,9.36,9.1,9.19,2227316,AMOC,Alexandria Mineral Oils Company,0.007824696481287205
2023-04-09,9.19,9.27,8.92,9.07,1129888,AMOC,Alexandria Mineral Oils Company,0.007824696481287205
2023-04-10,9.07,9.34,9.07,9.16,2348579,AMOC,Alexandria Mineral Oils Company,0.007824696481287205
2023-04-11,9.16,9.61,9.16,9.51,3455720,AMOC,Alexandria Mineral Oils Company,0.007824696481287205
2023-04-12,9.51,9.6,9.3,9.39,3366721,AMOC,Alexandria Mineral Oils Company,0.007824696481287205
2023-04-13,9.39,9.65,9.32,9.6,5428320,AMOC,Alexandria Mineral Oils Company,0.007824696481287205
2023-04-18,9.6,10.09,9.58,9.99,6343711,AMOC,Alexandria Mineral Oils Company,0.007824696481287205
2023-04-19,9.99,10.23,9.9,10.13,4845174,AMOC,Alexandria Mineral Oils Company,0.007824696481287205
2023-04-26,10.13,10.28,9.94,10.18,2888228,AMOC,Alexandria Mineral Oils Company,0.007824696481287205
2023-04-27,10.18,10.79,10.18,10.74,7165916,AMOC,Alexandria Mineral Oils Company,0.007824696481287205
2023-04-30,10.74,11.08,10.48,10.52,4870472,AMOC,Alexandria Mineral Oils Company,0.007824696481287205
2023-05-01,10.52,10.6,9.39,9.39,15332276,AMOC,Alexandria Mineral Oils Company,0.007824696481287205
2023-05-02,9.39,9.64,9.35,9.42,9158926,AMOC,Alexandria Mineral Oils Company,0.007824696481287205
2023-05-03,9.42,9.62,9.08,9.31,9496345,AMOC,Alexandria Mineral Oils Company,0.007824696481287205
2023-05-07,9.31,9.32,9.0,9.09,8719054,AMOC,Alexandria Mineral Oils Company,0.007824696481287205
2023-05-08,9.09,9.76,9.09,9.75,10543985,AMOC,Alexandria Mineral Oils Company,0.007824696481287205
2023-05-09,9.75,9.97,9.41,9.41,8163755,AMOC,Alexandria Mineral Oils Company,0.007824696481287205
2023-05-10,9.41,9.61,9.27,9.6,5722908,AMOC,Alexandria Mineral Oils Company,0.007824696481287205
2023-05-11,9.6,9.69,9.32,9.32,6597982,AMOC,Alexandria Mineral Oils Company,0.007824696481287205
2023-05-14,9.32,9.45,9.01,9.19,8119681,AMOC,Alexandria Mineral Oils Company,0.007824696481287205
2023-05-15,9.19,9.32,8.89,8.93,7482115,AMOC,Alexandria Mineral Oils Company,0.007824696481287205
2023-05-16,8.93,8.93,8.52,8.7,10059254,AMOC,Alexandria Mineral Oils Company,0.007824696481287205
2023-05-17,8.7,8.81,8.25,8.34,5399709,AMOC,Alexandria Mineral Oils Company,0.007824696481287205
2023-05-18,8.34,8.44,8.05,8.34,5025675,AMOC,Alexandria Mineral Oils Company,0.007824696481287205
2023-05-21,8.34,8.49,8.24,8.26,4378618,AMOC,Alexandria Mineral Oils Company,0.007824696481287205
2023-05-22,8.26,8.43,8.15,8.15,5100071,AMOC,Alexandria Mineral Oils Company,0.007824696481287205
2023-05-23,8.15,8.25,8.0,8.2,4386173,AMOC,Alexandria Mineral Oils Company,0.007824696481287205
2023-05-24,8.2,8.5,8.2,8.5,3966565,AMOC,Alexandria Mineral Oils Company,0.007824696481287205
2023-05-25,8.5,8.6,8.31,8.34,4760819,AMOC,Alexandria Mineral Oils Company,0.007824696481287205
2023-05-28,8.34,8.42,8.2,8.25,4209854,AMOC,Alexandria Mineral Oils Company,0.007824696481287205
2023-05-29,8.25,8.34,8.13,8.24,5451223,AMOC,Alexandria Mineral Oils Company,0.007824696481287205
2023-05-30,8.24,8.57,8.24,8.5,7404374,AMOC,Alexandria Mineral Oils Company,0.007824696481287205
2023-05-31,8.5,8.64,8.33,8.36,5755065,AMOC,Alexandria Mineral Oils Company,0.007824696481287205
2023-06-01,8.36,8.47,8.35,8.37,1952593,AMOC,Alexandria Mineral Oils Company,0.007824696481287205
2023-06-04,8.37,8.5,8.25,8.36,3253106,AMOC,Alexandria Mineral Oils Company,0.007824696481287205
2023-06-05,8.36,8.41,8.1,8.17,3534708,AMOC,Alexandria Mineral Oils Company,0.007824696481287205
2023-06-06,8.17,8.37,8.14,8.26,9207485,AMOC,Alexandria Mineral Oils Company,0.007824696481287205
2023-06-07,8.26,8.35,8.15,8.15,4073065,AMOC,Alexandria Mineral Oils Company,0.007824696481287205
2023-06-08,8.15,8.32,8.15,8.3,3173539,AMOC,Alexandria Mineral Oils Company,0.007824696481287205
2023-06-11,8.3,8.55,8.3,8.48,6083388,AMOC,Alexandria Mineral Oils Company,0.007824696481287205
2023-06-12,8.48,8.64,8.46,8.52,2466588,AMOC,Alexandria Mineral Oils Company,0.007824696481287205
2023-06-13,8.52,8.71,8.51,8.54,5826665,AMOC,Alexandria Mineral Oils Company,0.007824696481287205
2023-06-14,8.54,8.62,8.4,8.43,3729714,AMOC,Alexandria Mineral Oils Company,0.007824696481287205
2023-06-15,8.43,8.46,8.3,8.3,2586468,AMOC,Alexandria Mineral Oils Company,0.007824696481287205
2023-06-18,8.3,8.4,8.29,8.4,2786190,AMOC,Alexandria Mineral Oils Company,0.007824696481287205
2023-06-19,8.4,8.44,8.28,8.31,3420475,AMOC,Alexandria Mineral Oils Company,0.007824696481287205
2023-06-20,8.31,8.38,8.29,8.3,3005935,AMOC,Alexandria Mineral Oils Company,0.007824696481287205
2023-06-21,8.3,8.35,8.15,8.15,2444301,AMOC,Alexandria Mineral Oils Company,0.007824696481287205
2023-06-22,8.15,8.2,8.05,8.15,3311652,AMOC,Alexandria Mineral Oils Company,0.007824696481287205
2023-06-25,8.15,8.26,8.06,8.07,2718413,AMOC,Alexandria Mineral Oils Company,0.007824696481287205
2023-06-26,8.07,8.13,8.06,8.12,2509349,AMOC,Alexandria Mineral Oils Company,0.007824696481287205
2023-07-04,8.12,8.25,8.05,8.08,2494651,AMOC,Alexandria Mineral Oils Company,0.007824696481287205
2023-07-05,8.08,8.22,8.05,8.08,3148665,AMOC,Alexandria Mineral Oils Company,0.007824696481287205
2023-07-06,8.08,8.16,8.0,8.0,2119070,AMOC,Alexandria Mineral Oils Company,0.007824696481287205
2023-07-09,8.0,8.02,7.6,7.66,2557779,AMOC,Alexandria Mineral Oils Company,0.007824696481287205
2023-07-10,7.66,7.95,7.6,7.88,1254946,AMOC,Alexandria Mineral Oils Company,0.007824696481287205
2023-07-11,7.88,8.23,7.83,8.14,4256004,AMOC,Alexandria Mineral Oils Company,0.007824696481287205
2023-07-12,8.14,8.22,8.06,8.06,2276407,AMOC,Alexandria Mineral Oils Company,0.007824696481287205
2023-07-13,8.06,8.75,8.06,8.68,14527766,AMOC,Alexandria Mineral Oils Company,0.007824696481287205
2023-07-16,8.68,8.77,8.45,8.47,4928453,AMOC,Alexandria Mineral Oils Company,0.007824696481287205
2023-07-17,8.47,8.56,8.4,8.48,2038881,AMOC,Alexandria Mineral Oils Company,0.007824696481287205
2023-07-18,8.48,8.64,8.46,8.57,2555780,AMOC,Alexandria Mineral Oils Company,0.007824696481287205
2023-07-19,8.57,8.6,8.43,8.5,1533560,AMOC,Alexandria Mineral Oils Company,0.007824696481287205
2023-07-24,8.5,8.54,8.34,8.4,734874,AMOC,Alexandria Mineral Oils Company,0.007824696481287205
2023-07-25,8.4,8.58,8.39,8.44,1563155,AMOC,Alexandria Mineral Oils Company,0.007824696481287205
2023-07-26,8.44,8.49,8.37,8.48,1327513,AMOC,Alexandria Mineral Oils Company,0.007824696481287205
2023-07-27,8.48,8.54,8.42,8.54,1911131,AMOC,Alexandria Mineral Oils Company,0.007824696481287205
2023-07-30,8.54,9.0,8.54,8.89,9326126,AMOC,Alexandria Mineral Oils Company,0.007824696481287205
2023-07-31,8.89,8.97,8.73,8.87,2321871,AMOC,Alexandria Mineral Oils Company,0.007824696481287205
2023-08-01,8.87,8.9,8.33,8.4,16793031,AMOC,Alexandria Mineral Oils Company,0.007824696481287205
2023-08-02,8.4,8.42,8.03,8.07,8096828,AMOC,Alexandria Mineral Oils Company,0.007824696481287205
2023-08-03,8.07,8.15,8.02,8.08,2371298,AMOC,Alexandria Mineral Oils Company,0.007824696481287205
2023-08-06,8.08,8.19,8.07,8.18,2189710,AMOC,Alexandria Mineral Oils Company,0.007824696481287205
2023-08-07,8.18,8.28,8.17,8.21,2130198,AMOC,Alexandria Mineral Oils Company,0.007824696481287205
2023-08-08,8.21,8.35,8.17,8.19,2163042,AMOC,Alexandria Mineral Oils Company,0.007824696481287205
2023-08-09,8.19,8.24,8.1,8.1,2251936,AMOC,Alexandria Mineral Oils Company,0.007824696481287205
2023-08-10,8.1,8.22,8.08,8.1,1811033,AMOC,Alexandria Mineral Oils Company,0.007824696481287205
2023-08-13,8.1,8.29,8.1,8.22,1613342,AMOC,Alexandria Mineral Oils Company,0.007824696481287205
2023-08-14,8.22,8.34,8.2,8.21,2204413,AMOC,Alexandria Mineral Oils Company,0.007824696481287205
2023-08-15,8.21,8.29,8.16,8.18,1464593,AMOC,Alexandria Mineral Oils Company,0.007824696481287205
2023-08-16,8.18,8.25,8.12,8.15,1166871,AMOC,Alexandria Mineral Oils Company,0.007824696481287205
2023-08-17,8.15,8.21,8.07,8.12,713120,AMOC,Alexandria Mineral Oils Company,0.007824696481287205
2023-08-20,8.12,8.2,8.12,8.12,636219,AMOC,Alexandria Mineral Oils Company,0.007824696481287205
2023-08-21,8.12,8.18,8.08,8.1,817439,AMOC,Alexandria Mineral Oils Company,0.007824696481287205
2023-08-22,8.1,8.22,8.1,8.14,1595139,AMOC,Alexandria Mineral Oils Company,0.007824696481287205
2023-08-23,8.14,8.36,8.14,8.19,3129320,AMOC,Alexandria Mineral Oils Company,0.007824696481287205
2023-08-24,8.19,8.26,8.15,8.17,1062700,AMOC,Alexandria Mineral Oils Company,0.007824696481287205
2023-08-27,8.17,8.32,8.17,8.29,2120703,AMOC,Alexandria Mineral Oils Company,0.007824696481287205
2023-08-28,8.29,8.44,8.27,8.27,2255784,AMOC,Alexandria Mineral Oils Company,0.007824696481287205
2023-08-29,8.27,8.37,8.25,8.26,1923951,AMOC,Alexandria Mineral Oils Company,0.007824696481287205
2023-08-30,8.26,8.32,8.21,8.24,1977989,AMOC,Alexandria Mineral Oils Company,0.007824696481287205
2023-08-31,8.24,8.3,8.22,8.27,979237,AMOC,Alexandria Mineral Oils Company,0.007824696481287205
2023-09-03,8.27,8.46,8.26,8.34,4612372,AMOC,Alexandria Mineral Oils Company,0.007824696481287205
2023-09-04,8.34,8.43,8.3,8.31,1792796,AMOC,Alexandria Mineral Oils Company,0.007824696481287205
2023-09-05,8.31,8.39,8.27,8.27,1147601,AMOC,Alexandria Mineral Oils Company,0.007824696481287205
2023-09-06,8.27,8.43,8.27,8.38,2470907,AMOC,Alexandria Mineral Oils Company,0.007824696481287205
2023-09-07,8.38,8.55,8.38,8.54,2982568,AMOC,Alexandria Mineral Oils Company,0.007824696481287205
2023-09-10,8.54,8.82,8.54,8.79,6275500,AMOC,Alexandria Mineral Oils Company,0.007824696481287205
2023-09-11,8.79,8.89,8.68,8.79,4244413,AMOC,Alexandria Mineral Oils Company,0.007824696481287205
2023-09-12,8.79,8.89,8.67,8.86,2908970,AMOC,Alexandria Mineral Oils Company,0.007824696481287205
2023-09-13,8.86,8.97,8.85,8.9,3754803,AMOC,Alexandria Mineral Oils Company,0.007824696481287205
2023-09-14,8.9,8.95,8.76,8.79,1193693,AMOC,Alexandria Mineral Oils Company,0.007824696481287205
2023-09-17,8.79,8.95,8.78,8.83,1938091,AMOC,Alexandria Mineral Oils Company,0.007824696481287205
2023-09-18,8.83,8.91,8.83,8.87,1273228,AMOC,Alexandria Mineral Oils Company,0.007824696481287205
2023-09-19,8.87,8.91,8.8,8.9,1750190,AMOC,Alexandria Mineral Oils Company,0.007824696481287205
2023-09-20,8.9,9.73,8.88,9.35,13712124,AMOC,Alexandria Mineral Oils Company,0.007824696481287205
2023-09-21,9.35,9.61,9.15,9.59,7856256,AMOC,Alexandria Mineral Oils Company,0.007824696481287205
2023-09-24,9.59,9.91,9.46,9.53,7225715,AMOC,Alexandria Mineral Oils Company,0.007824696481287205
2023-09-25,9.53,9.85,9.46,9.53,3510332,AMOC,Alexandria Mineral Oils Company,0.007824696481287205
2023-09-26,9.53,9.71,9.22,9.31,3676356,AMOC,Alexandria Mineral Oils Company,0.007824696481287205
2023-09-27,9.31,9.7,9.3,9.6,6098364,AMOC,Alexandria Mineral Oils Company,0.007824696481287205
2023-10-01,9.6,9.77,9.55,9.6,2909597,AMOC,Alexandria Mineral Oils Company,0.007824696481287205
2023-10-02,9.6,9.7,8.92,9.29,3618445,AMOC,Alexandria Mineral Oils Company,0.007824696481287205
2023-10-03,9.29,9.3,8.56,8.56,3766298,AMOC,Alexandria Mineral Oils Company,0.007824696481287205
2023-10-04,8.56,9.09,8.56,9.06,1972005,AMOC,Alexandria Mineral Oils Company,0.007824696481287205
2023-10-08,9.06,9.06,8.1,8.85,2785803,AMOC,Alexandria Mineral Oils Company,0.007824696481287205
2023-10-09,8.85,8.85,8.57,8.79,1521567,AMOC,Alexandria Mineral Oils Company,0.007824696481287205
2023-10-10,8.79,9.04,8.67,8.97,1912937,AMOC,Alexandria Mineral Oils Company,0.007824696481287205
2023-10-11,8.97,9.05,8.6,8.64,2121149,AMOC,Alexandria Mineral Oils Company,0.007824696481287205
2023-10-12,8.64,8.8,8.46,8.6,2391926,AMOC,Alexandria Mineral Oils Company,0.007824696481287205
2023-10-15,8.6,9.45,8.6,9.06,5355092,AMOC,Alexandria Mineral Oils Company,0.007824696481287205
2023-10-16,9.06,9.6,9.06,9.37,6837435,AMOC,Alexandria Mineral Oils Company,0.007824696481287205
2023-10-17,9.37,9.85,9.14,9.85,8279335,AMOC,Alexandria Mineral Oils Company,0.007824696481287205
2023-10-18,9.85,10.59,9.85,10.26,23079500,AMOC,Alexandria Mineral Oils Company,0.007824696481287205
2023-10-19,10.26,11.1,10.26,10.51,21068667,AMOC,Alexandria Mineral Oils Company,0.007824696481287205
2023-10-22,10.51,10.95,10.51,10.61,5702027,AMOC,Alexandria Mineral Oils Company,0.007824696481287205
2023-10-23,10.61,11.65,10.61,11.49,24761898,AMOC,Alexandria Mineral Oils Company,0.007824696481287205
2023-10-24,11.49,12.36,11.49,12.16,18565158,AMOC,Alexandria Mineral Oils Company,0.007824696481287205
2023-10-25,12.16,12.51,11.93,12.08,9833718,AMOC,Alexandria Mineral Oils Company,0.007824696481287205
2023-10-26,12.08,12.28,11.51,11.69,6863032,AMOC,Alexandria Mineral Oils Company,0.007824696481287205
2023-10-29,11.69,11.81,11.14,11.32,6384219,AMOC,Alexandria Mineral Oils Company,0.007824696481287205
2023-10-30,11.32,12.0,11.3,11.9,7245516,AMOC,Alexandria Mineral Oils Company,0.007824696481287205
2023-10-31,11.9,12.2,11.17,11.25,6048562,AMOC,Alexandria Mineral Oils Company,0.007824696481287205
2023-11-01,11.25,11.7,11.15,11.51,3899896,AMOC,Alexandria Mineral Oils Company,0.007824696481287205
2023-11-02,11.51,11.7,11.28,11.28,4185267,AMOC,Alexandria Mineral Oils Company,0.007824696481287205
2023-11-05,11.28,11.6,10.85,11.2,7741247,AMOC,Alexandria Mineral Oils Company,0.007824696481287205
2023-11-06,11.2,11.2,10.2,10.27,8650811,AMOC,Alexandria Mineral Oils Company,0.007824696481287205
2023-11-07,10.27,10.4,9.93,10.18,7220066,AMOC,Alexandria Mineral Oils Company,0.007824696481287205
2023-11-08,10.18,10.4,10.05,10.16,8124955,AMOC,Alexandria Mineral Oils Company,0.007824696481287205
2023-11-09,10.16,10.26,9.93,9.95,8015180,AMOC,Alexandria Mineral Oils Company,0.007824696481287205
2023-11-12,9.95,10.13,9.65,9.77,5873135,AMOC,Alexandria Mineral Oils Company,0.007824696481287205
2023-11-13,9.77,9.82,9.67,9.72,3298651,AMOC,Alexandria Mineral Oils Company,0.007824696481287205
2023-11-14,9.72,10.24,9.72,10.02,7529458,AMOC,Alexandria Mineral Oils Company,0.007824696481287205
2023-11-15,10.02,10.21,9.81,9.88,5585209,AMOC,Alexandria Mineral Oils Company,0.007824696481287205
2023-11-16,9.88,9.98,9.85,9.88,5107561,AMOC,Alexandria Mineral Oils Company,0.007824696481287205
2023-11-19,9.88,10.22,9.88,10.22,11846423,AMOC,Alexandria Mineral Oils Company,0.007824696481287205
2023-11-20,10.22,10.48,10.06,10.11,11583347,AMOC,Alexandria Mineral Oils Company,0.007824696481287205
2023-11-21,10.11,10.18,9.96,10.0,10928317,AMOC,Alexandria Mineral Oils Company,0.007824696481287205
2023-11-22,10.0,10.12,9.99,10.06,4961310,AMOC,Alexandria Mineral Oils Company,0.007824696481287205
2023-11-23,10.06,10.17,10.06,10.11,4792662,AMOC,Alexandria Mineral Oils Company,0.007824696481287205
2023-11-26,10.11,10.21,10.04,10.05,4080593,AMOC,Alexandria Mineral Oils Company,0.007824696481287205
2023-11-27,10.05,10.14,9.9,9.95,5049428,AMOC,Alexandria Mineral Oils Company,0.007824696481287205
2023-11-28,9.95,10.05,9.87,9.91,4158824,AMOC,Alexandria Mineral Oils Company,0.007824696481287205
2023-11-29,9.91,10.25,9.91,10.25,7967294,AMOC,Alexandria Mineral Oils Company,0.007824696481287205
2023-11-30,10.25,10.75,10.25,10.63,20116956,AMOC,Alexandria Mineral Oils Company,0.007824696481287205
2023-12-03,10.63,10.95,10.63,10.87,8573445,AMOC,Alexandria Mineral Oils Company,0.007824696481287205
2023-12-04,10.87,10.98,10.74,10.75,5748243,AMOC,Alexandria Mineral Oils Company,0.007824696481287205
2023-12-05,10.75,10.83,10.56,10.58,5341291,AMOC,Alexandria Mineral Oils Company,0.007824696481287205
2023-12-06,10.58,10.67,10.2,10.22,5051172,AMOC,Alexandria Mineral Oils Company,0.007824696481287205
2023-12-07,10.22,10.22,9.91,10.22,4588572,AMOC,Alexandria Mineral Oils Company,0.007824696481287205
2023-12-10,10.22,10.28,9.9,9.93,2899528,AMOC,Alexandria Mineral Oils Company,0.007824696481287205
2023-12-11,9.93,9.93,9.57,9.6,3361696,AMOC,Alexandria Mineral Oils Company,0.007824696481287205
2023-12-12,9.6,9.83,9.5,9.53,3061225,AMOC,Alexandria Mineral Oils Company,0.007824696481287205
2023-12-13,9.53,9.98,9.53,9.96,5863230,AMOC,Alexandria Mineral Oils Company,0.007824696481287205
2023-12-14,9.96,10.09,9.82,9.86,3215349,AMOC,Alexandria Mineral Oils Company,0.007824696481287205
2023-12-17,9.86,10.07,9.86,9.99,1803888,AMOC,Alexandria Mineral Oils Company,0.007824696481287205
2023-12-18,9.99,10.2,9.99,10.06,3032151,AMOC,Alexandria Mineral Oils Company,0.007824696481287205
2023-12-19,10.06,10.16,9.96,9.97,2923199,AMOC,Alexandria Mineral Oils Company,0.007824696481287205
2023-12-20,9.97,10.08,9.95,9.96,2863143,AMOC,Alexandria Mineral Oils Company,0.007824696481287205
2023-12-21,9.96,10.07,9.77,9.83,3726518,AMOC,Alexandria Mineral Oils Company,0.007824696481287205
2023-12-24,9.83,9.93,9.3,9.34,3257797,AMOC,Alexandria Mineral Oils Company,0.007824696481287205
2023-12-25,9.34,9.38,8.92,9.16,4040960,AMOC,Alexandria Mineral Oils Company,0.007824696481287205
2023-12-26,9.16,9.4,9.16,9.38,6361177,AMOC,Alexandria Mineral Oils Company,0.007824696481287205
2023-12-27,9.38,9.93,9.38,9.91,3933597,AMOC,Alexandria Mineral Oils Company,0.007824696481287205
2023-12-28,9.91,9.97,9.78,9.84,3008109,AMOC,Alexandria Mineral Oils Company,0.007824696481287205
2023-12-31,9.84,9.9,9.8,9.86,2265893,AMOC,Alexandria Mineral Oils Company,0.007824696481287205
2024-01-02,9.86,10.1,9.86,10.06,2005886,AMOC,Alexandria Mineral Oils Company,0.007824696481287205
2024-01-03,10.06,10.15,10.02,10.05,1939994,AMOC,Alexandria Mineral Oils Company,0.007824696481287205
2024-01-04,10.05,10.16,10.02,10.03,1581511,AMOC,Alexandria Mineral Oils Company,0.007824696481287205
2024-01-08,10.03,10.07,9.94,9.97,1499163,AMOC,Alexandria Mineral Oils Company,0.007824696481287205
2024-01-09,9.97,10.14,9.97,10.13,1654483,AMOC,Alexandria Mineral Oils Company,0.007824696481287205
2024-01-10,10.13,10.35,10.13,10.17,3878781,AMOC,Alexandria Mineral Oils Company,0.007824696481287205
2024-01-11,10.17,10.23,10.0,10.1,1610729,AMOC,Alexandria Mineral Oils Company,0.007824696481287205
2024-01-14,10.1,10.28,10.07,10.15,6356464,AMOC,Alexandria Mineral Oils Company,0.007824696481287205
2024-01-15,10.15,10.23,10.09,10.13,4307446,AMOC,Alexandria Mineral Oils Company,0.007824696481287205
2024-01-16,10.13,10.55,10.05,10.5,15334815,AMOC,Alexandria Mineral Oils Company,0.007824696481287205
2024-01-17,10.5,10.7,10.36,10.4,10092559,AMOC,Alexandria Mineral Oils Company,0.007824696481287205
2024-01-18,10.4,10.48,10.31,10.37,2177702,AMOC,Alexandria Mineral Oils Company,0.007824696481287205
2024-01-21,10.37,10.95,10.37,10.94,14437801,AMOC,Alexandria Mineral Oils Company,0.007824696481287205
2024-01-22,10.94,11.12,10.72,10.78,14584345,AMOC,Alexandria Mineral Oils Company,0.007824696481287205
2024-01-23,10.78,10.9,10.55,10.56,5176597,AMOC,Alexandria Mineral Oils Company,0.007824696481287205
2024-01-24,10.56,10.75,10.55,10.72,4390994,AMOC,Alexandria Mineral Oils Company,0.007824696481287205
2024-01-28,10.72,11.9,10.72,11.36,20446637,AMOC,Alexandria Mineral Oils Company,0.007824696481287205
2024-01-29,11.36,11.55,11.01,11.07,12368338,AMOC,Alexandria Mineral Oils Company,0.007824696481287205
2024-01-30,11.07,11.2,10.77,10.8,9456689,AMOC,Alexandria Mineral Oils Company,0.007824696481287205
2024-01-31,10.8,10.93,9.5,9.63,19639231,AMOC,Alexandria Mineral Oils Company,0.007824696481287205
2024-02-01,9.63,10.07,8.0,10.0,11441774,AMOC,Alexandria Mineral Oils Company,0.007824696481287205
2024-02-04,10.0,10.04,9.65,9.77,4345484,AMOC,Alexandria Mineral Oils Company,0.007824696481287205
2024-02-05,9.77,9.94,9.77,9.84,3441949,AMOC,Alexandria Mineral Oils Company,0.007824696481287205
2024-02-06,9.84,10.18,9.38,9.47,8299765,AMOC,Alexandria Mineral Oils Company,0.007824696481287205
2024-02-07,9.47,9.85,9.47,9.8,3130911,AMOC,Alexandria Mineral Oils Company,0.007824696481287205
2024-02-08,9.8,10.0,9.77,9.9,2638252,AMOC,Alexandria Mineral Oils Company,0.007824696481287205
2024-02-11,9.9,9.95,9.61,9.69,2848785,AMOC,Alexandria Mineral Oils Company,0.007824696481287205
2024-02-12,9.69,9.75,9.39,9.6,2384530,AMOC,Alexandria Mineral Oils Company,0.007824696481287205
2024-02-13,9.6,9.86,9.6,9.71,2935375,AMOC,Alexandria Mineral Oils Company,0.007824696481287205
2024-02-14,9.71,10.18,9.71,10.18,7932627,AMOC,Alexandria Mineral Oils Company,0.007824696481287205
2024-02-15,10.18,10.35,10.04,10.05,7794278,AMOC,Alexandria Mineral Oils Company,0.007824696481287205
2024-02-18,10.05,10.09,9.89,9.91,5766269,AMOC,Alexandria Mineral Oils Company,0.007824696481287205
2024-02-19,9.91,10.15,9.9,10.05,20626348,AMOC,Alexandria Mineral Oils Company,0.007824696481287205
2024-02-20,10.05,10.33,10.0,10.0,8106261,AMOC,Alexandria Mineral Oils Company,0.007824696481287205
2024-02-21,10.0,10.08,9.9,9.93,4220526,AMOC,Alexandria Mineral Oils Company,0.007824696481287205
2024-02-22,9.93,10.08,9.88,9.96,5088608,AMOC,Alexandria Mineral Oils Company,0.007824696481287205
2024-02-25,9.96,9.96,9.0,9.0,10174757,AMOC,Alexandria Mineral Oils Company,0.007824696481287205
2024-02-26,9.0,9.56,9.0,9.32,7113182,AMOC,Alexandria Mineral Oils Company,0.007824696481287205
2024-02-27,9.32,9.5,9.15,9.2,5260822,AMOC,Alexandria Mineral Oils Company,0.007824696481287205
2024-02-28,9.2,9.37,9.14,9.27,3328775,AMOC,Alexandria Mineral Oils Company,0.007824696481287205
2024-02-29,9.27,9.41,9.06,9.24,2929938,AMOC,Alexandria Mineral Oils Company,0.007824696481287205
2024-03-03,9.24,9.29,8.88,8.92,4334313,AMOC,Alexandria Mineral Oils Company,0.007824696481287205
2024-03-04,8.92,9.35,8.92,9.35,4621314,AMOC,Alexandria Mineral Oils Company,0.007824696481287205
2024-03-05,9.35,9.41,9.15,9.25,2522849,AMOC,Alexandria Mineral Oils Company,0.007824696481287205
2024-03-06,9.25,10.19,9.25,9.37,11780473,AMOC,Alexandria Mineral Oils Company,0.007824696481287205
2024-03-07,9.37,9.66,9.17,9.25,2700523,AMOC,Alexandria Mineral Oils Company,0.007824696481287205
2024-03-10,9.25,9.46,9.23,9.34,3463355,AMOC,Alexandria Mineral Oils Company,0.007824696481287205
2024-03-11,9.34,9.49,9.09,9.17,6380249,AMOC,Alexandria Mineral Oils Company,0.007824696481287205
2024-03-12,9.17,9.25,8.9,8.9,2647781,AMOC,Alexandria Mineral Oils Company,0.007824696481287205
2024-03-13,8.9,8.95,8.16,8.2,6165164,AMOC,Alexandria Mineral Oils Company,0.007824696481287205
2024-03-14,8.2,8.35,8.0,8.17,6300776,AMOC,Alexandria Mineral Oils Company,0.007824696481287205
2024-03-17,8.17,8.28,7.84,7.84,5886675,AMOC,Alexandria Mineral Oils Company,0.007824696481287205
2024-03-18,7.84,7.9,7.04,7.04,4768795,AMOC,Alexandria Mineral Oils Company,0.007824696481287205
2024-03-19,7.04,7.32,6.95,7.3,7172248,AMOC,Alexandria Mineral Oils Company,0.007824696481287205
2024-03-20,7.3,7.51,7.15,7.21,4594248,AMOC,Alexandria Mineral Oils Company,0.007824696481287205
2024-03-21,7.21,7.42,7.12,7.4,4264189,AMOC,Alexandria Mineral Oils Company,0.007824696481287205
2024-03-24,7.4,7.76,7.4,7.75,7028152,AMOC,Alexandria Mineral Oils Company,0.007824696481287205
2024-03-25,7.75,7.83,7.64,7.78,2423274,AMOC,Alexandria Mineral Oils Company,0.007824696481287205
2024-03-26,7.78,7.85,7.58,7.6,4016368,AMOC,Alexandria Mineral Oils Company,0.007824696481287205
2024-03-27,7.6,7.62,7.35,7.52,3960768,AMOC,Alexandria Mineral Oils Company,0.007824696481287205
2024-03-28,7.52,7.55,7.38,7.49,1501704,AMOC,Alexandria Mineral Oils Company,0.007824696481287205
2024-03-31,7.49,7.53,7.25,7.33,1262999,AMOC,Alexandria Mineral Oils Company,0.007824696481287205
2024-04-01,7.33,7.58,7.33,7.56,1593735,AMOC,Alexandria Mineral Oils Company,0.007824696481287205
2024-04-02,7.56,7.85,7.51,7.77,3667760,AMOC,Alexandria Mineral Oils Company,0.007824696481287205
2024-04-03,7.77,7.86,7.66,7.84,3355481,AMOC,Alexandria Mineral Oils Company,0.007824696481287205
2024-04-04,7.84,8.13,7.84,7.95,5472747,AMOC,Alexandria Mineral Oils Company,0.007824696481287205
2024-04-07,7.95,8.36,7.95,8.21,7801534,AMOC,Alexandria Mineral Oils Company,0.007824696481287205
2024-04-08,8.21,8.33,8.15,8.31,2502968,AMOC,Alexandria Mineral Oils Company,0.007824696481287205
2024-04-15,8.31,8.47,8.28,8.47,6882688,AMOC,Alexandria Mineral Oils Company,0.007824696481287205
2024-04-16,8.47,8.49,8.33,8.35,3656368,AMOC,Alexandria Mineral Oils Company,0.007824696481287205
2024-04-17,8.35,8.41,8.3,8.35,3091423,AMOC,Alexandria Mineral Oils Company,0.007824696481287205
2024-04-18,8.35,8.4,7.72,7.8,2984519,AMOC,Alexandria Mineral Oils Company,0.007824696481287205
2024-04-21,7.8,8.06,7.8,8.03,3286407,AMOC,Alexandria Mineral Oils Company,0.007824696481287205
2024-04-22,8.03,8.1,7.87,7.9,1169214,AMOC,Alexandria Mineral Oils Company,0.007824696481287205
2024-04-23,7.9,7.95,7.14,7.27,2989250,AMOC,Alexandria Mineral Oils Company,0.007824696481287205
2024-04-24,7.27,7.34,6.97,7.16,4247364,AMOC,Alexandria Mineral Oils Company,0.007824696481287205
2024-04-28,7.16,7.24,6.96,7.01,2148815,AMOC,Alexandria Mineral Oils Company,0.007824696481287205
2024-04-29,7.01,7.22,7.0,7.21,5662641,AMOC,Alexandria Mineral Oils Company,0.007824696481287205
2024-04-30,7.21,7.38,6.88,6.89,5222390,AMOC,Alexandria Mineral Oils Company,0.007824696481287205
2024-05-01,6.89,7.1,6.8,7.02,4339604,AMOC,Alexandria Mineral Oils Company,0.007824696481287205
2024-05-02,7.02,7.17,6.97,7.11,2163288,AMOC,Alexandria Mineral Oils Company,0.007824696481287205
2024-05-07,7.11,7.34,7.04,7.18,6298948,AMOC,Alexandria Mineral Oils Company,0.007824696481287205
2024-05-08,7.18,7.26,7.14,7.15,2018960,AMOC,Alexandria Mineral Oils Company,0.007824696481287205
2024-05-09,7.15,7.22,7.07,7.12,1517417,AMOC,Alexandria Mineral Oils Company,0.007824696481287205
2024-05-12,7.12,7.18,6.85,6.85,1365982,AMOC,Alexandria Mineral Oils Company,0.007824696481287205
2024-05-13,6.85,6.94,6.58,6.8,1799514,AMOC,Alexandria Mineral Oils Company,0.007824696481287205
2024-05-14,6.8,6.89,6.61,6.64,1230536,AMOC,Alexandria Mineral Oils Company,0.007824696481287205
2024-05-15,6.64,6.68,6.55,6.58,1523129,AMOC,Alexandria Mineral Oils Company,0.007824696481287205
2024-05-16,6.58,6.86,6.58,6.84,1937311,AMOC,Alexandria Mineral Oils Company,0.007824696481287205
2024-05-19,6.84,8.2,6.84,8.2,17514716,AMOC,Alexandria Mineral Oils Company,0.007824696481287205
2024-05-20,8.2,8.39,7.96,8.3,9315823,AMOC,Alexandria Mineral Oils Company,0.007824696481287205
2024-05-21,8.3,9.11,8.25,8.76,20646869,AMOC,Alexandria Mineral Oils Company,0.007824696481287205
2024-05-22,8.76,8.76,8.41,8.59,5016208,AMOC,Alexandria Mineral Oils Company,0.007824696481287205
2024-05-23,8.59,8.68,8.38,8.44,2894466,AMOC,Alexandria Mineral Oils Company,0.007824696481287205
2024-05-26,8.44,9.19,8.42,9.08,10117364,AMOC,Alexandria Mineral Oils Company,0.007824696481287205
2024-05-27,9.08,9.19,8.64,8.86,6093466,AMOC,Alexandria Mineral Oils Company,0.007824696481287205
2024-05-28,8.86,8.92,8.5,8.87,2391798,AMOC,Alexandria Mineral Oils Company,0.007824696481287205
2024-05-29,8.87,9.3,8.85,9.09,13665151,AMOC,Alexandria Mineral Oils Company,0.007824696481287205
2024-05-30,9.09,9.18,8.94,9.1,4596644,AMOC,Alexandria Mineral Oils Company,0.007824696481287205
2024-06-02,9.1,9.85,9.1,9.62,23509074,AMOC,Alexandria Mineral Oils Company,0.007824696481287205
2024-06-03,9.62,9.68,9.28,9.35,7171224,AMOC,Alexandria Mineral Oils Company,0.007824696481287205
2024-06-04,9.35,9.51,9.24,9.3,4990718,AMOC,Alexandria Mineral Oils Company,0.007824696481287205
2024-06-05,9.3,9.35,8.7,9.1,8433558,AMOC,Alexandria Mineral Oils Company,0.007824696481287205
2024-06-06,9.1,9.17,8.82,8.82,3870467,AMOC,Alexandria Mineral Oils Company,0.007824696481287205
2024-06-09,8.82,8.9,8.65,8.73,4846278,AMOC,Alexandria Mineral Oils Company,0.007824696481287205
2024-06-10,8.73,9.25,8.7,9.19,8324813,AMOC,Alexandria Mineral Oils Company,0.007824696481287205
2024-06-11,9.19,9.35,9.03,9.15,4851431,AMOC,Alexandria Mineral Oils Company,0.007824696481287205
2024-06-12,9.15,9.23,9.07,9.1,2894457,AMOC,Alexandria Mineral Oils Company,0.007824696481287205
2024-06-13,9.1,9.4,9.03,9.2,4267608,AMOC,Alexandria Mineral Oils Company,0.007824696481287205
2024-06-23,9.2,9.37,9.19,9.31,1416992,AMOC,Alexandria Mineral Oils Company,0.007824696481287205
2024-06-24,9.31,9.47,9.25,9.25,3685342,AMOC,Alexandria Mineral Oils Company,0.007824696481287205
2024-06-25,9.25,9.29,9.0,9.22,1777736,AMOC,Alexandria Mineral Oils Company,0.007824696481287205
2024-06-26,9.22,9.7,9.17,9.52,13141076,AMOC,Alexandria Mineral Oils Company,0.007824696481287205
2024-06-27,9.52,9.8,9.52,9.7,4387041,AMOC,Alexandria Mineral Oils Company,0.007824696481287205
2024-07-01,9.7,9.8,9.49,9.5,2976632,AMOC,Alexandria Mineral Oils Company,0.007824696481287205
2024-07-02,9.5,9.59,9.18,9.2,4381169,AMOC,Alexandria Mineral Oils Company,0.007824696481287205
2024-07-03,9.2,9.3,9.09,9.13,2564309,AMOC,Alexandria Mineral Oils Company,0.007824696481287205
2024-07-04,9.13,9.4,9.13,9.22,4059758,AMOC,Alexandria Mineral Oils Company,0.007824696481287205
2024-07-07,9.22,9.29,9.02,9.02,2025764,AMOC,Alexandria Mineral Oils Company,0.007824696481287205
2024-07-08,9.02,9.2,9.02,9.06,2751871,AMOC,Alexandria Mineral Oils Company,0.007824696481287205
2024-07-09,9.06,9.12,8.81,8.83,3143202,AMOC,Alexandria Mineral Oils Company,0.007824696481287205
2024-07-10,8.83,9.03,8.68,8.7,2310841,AMOC,Alexandria Mineral Oils Company,0.007824696481287205
2024-07-14,8.7,8.84,8.52,8.54,1648266,AMOC,Alexandria Mineral Oils Company,0.007824696481287205
2024-07-15,8.54,8.71,8.54,8.62,915203,AMOC,Alexandria Mineral Oils Company,0.007824696481287205
2024-07-16,8.62,8.7,8.59,8.65,807822,AMOC,Alexandria Mineral Oils Company,0.007824696481287205
2024-07-17,8.65,8.86,8.6,8.8,1888422,AMOC,Alexandria Mineral Oils Company,0.007824696481287205
2024-07-18,8.8,8.96,8.75,8.75,1442671,AMOC,Alexandria Mineral Oils Company,0.007824696481287205
2024-07-21,8.75,8.93,8.71,8.84,4270840,AMOC,Alexandria Mineral Oils Company,0.007824696481287205
2024-07-22,8.84,9.36,8.84,9.1,9360963,AMOC,Alexandria Mineral Oils Company,0.007824696481287205
2024-07-23,9.1,9.23,9.08,9.08,1787402,AMOC,Alexandria Mineral Oils Company,0.007824696481287205
2024-07-24,9.08,9.17,8.92,8.93,1463471,AMOC,Alexandria Mineral Oils Company,0.007824696481287205
2024-07-28,8.93,9.27,8.87,8.91,4196927,AMOC,Alexandria Mineral Oils Company,0.007824696481287205
2024-07-29,8.91,9.1,8.87,8.9,2788549,AMOC,Alexandria Mineral Oils Company,0.007824696481287205
2024-07-30,8.9,9.09,8.88,9.07,2990439,AMOC,Alexandria Mineral Oils Company,0.007824696481287205
2024-07-31,9.07,9.24,9.02,9.24,3760925,AMOC,Alexandria Mineral Oils Company,0.007824696481287205
2024-08-01,9.24,9.39,9.14,9.14,4281728,AMOC,Alexandria Mineral Oils Company,0.007824696481287205
2024-08-04,9.14,9.14,8.72,8.8,3027140,AMOC,Alexandria Mineral Oils Company,0.007824696481287205
2024-08-05,8.8,8.8,7.5,8.29,3205822,AMOC,Alexandria Mineral Oils Company,0.007824696481287205
2024-08-06,8.29,8.96,8.29,8.91,4824227,AMOC,Alexandria Mineral Oils Company,0.007824696481287205
2024-08-07,8.91,9.0,8.77,8.87,2485851,AMOC,Alexandria Mineral Oils Company,0.007824696481287205
2024-08-08,8.87,9.0,8.8,8.81,1187901,AMOC,Alexandria Mineral Oils Company,0.007824696481287205
2024-08-11,8.81,9.1,8.81,9.0,1729966,AMOC,Alexandria Mineral Oils Company,0.007824696481287205
2024-08-12,9.0,9.14,9.0,9.05,1786566,AMOC,Alexandria Mineral Oils Company,0.007824696481287205
2024-08-13,9.05,9.12,8.89,8.92,837323,AMOC,Alexandria Mineral Oils Company,0.007824696481287205
2024-08-14,8.92,9.21,8.92,9.2,2308813,AMOC,Alexandria Mineral Oils Company,0.007824696481287205
2024-08-15,9.2,9.49,9.2,9.36,7630779,AMOC,Alexandria Mineral Oils Company,0.007824696481287205
2024-08-18,9.36,9.49,9.23,9.28,1568175,AMOC,Alexandria Mineral Oils Company,0.007824696481287205
2024-08-19,9.28,9.63,9.28,9.51,5322544,AMOC,Alexandria Mineral Oils Company,0.007824696481287205
2024-08-20,9.51,9.66,9.34,9.54,2235300,AMOC,Alexandria Mineral Oils Company,0.007824696481287205
2024-08-21,9.54,9.61,9.45,9.47,2756376,AMOC,Alexandria Mineral Oils Company,0.007824696481287205
2024-08-22,9.47,9.55,9.4,9.44,1173927,AMOC,Alexandria Mineral Oils Company,0.007824696481287205
2024-08-25,9.44,9.51,9.39,9.45,1873062,AMOC,Alexandria Mineral Oils Company,0.007824696481287205
2024-08-26,9.45,9.5,9.28,9.36,1326004,AMOC,Alexandria Mineral Oils Company,0.007824696481287205
2024-08-27,9.36,9.52,9.3,9.4,1541440,AMOC,Alexandria Mineral Oils Company,0.007824696481287205
2024-08-27,9.36,9.52,9.3,9.4,1541440,AMOC,Alexandria Mineral Oils Company,0.007824696481287205
2024-08-28,9.4,9.47,9.32,9.4,945793,AMOC,Alexandria Mineral Oils Company,0.007824696481287205
2024-08-29,9.4,9.62,9.33,9.35,5318813,AMOC,Alexandria Mineral Oils Company,0.007824696481287205
2024-09-01,9.35,9.49,9.31,9.39,2032741,AMOC,Alexandria Mineral Oils Company,0.007824696481287205
2024-09-02,9.39,9.74,9.39,9.62,7779549,AMOC,Alexandria Mineral Oils Company,0.007824696481287205
2024-09-03,9.62,9.79,9.62,9.71,4066771,AMOC,Alexandria Mineral Oils Company,0.007824696481287205
2024-09-04,9.71,9.71,9.49,9.67,3194602,AMOC,Alexandria Mineral Oils Company,0.007824696481287205
2024-09-05,9.67,9.9,9.67,9.77,4716707,AMOC,Alexandria Mineral Oils Company,0.007824696481287205
2024-09-08,9.77,9.86,9.5,9.59,2917853,AMOC,Alexandria Mineral Oils Company,0.007824696481287205
2024-09-09,9.59,9.68,9.46,9.48,2214408,AMOC,Alexandria Mineral Oils Company,0.007824696481287205
2024-09-10,9.48,9.6,9.21,9.22,2132885,AMOC,Alexandria Mineral Oils Company,0.007824696481287205
2024-09-11,9.22,9.27,9.0,9.03,5742090,AMOC,Alexandria Mineral Oils Company,0.007824696481287205
2024-09-12,9.03,9.15,8.72,8.72,10276679,AMOC,Alexandria Mineral Oils Company,0.007824696481287205
2024-09-16,8.72,8.79,8.54,8.6,2270042,AMOC,Alexandria Mineral Oils Company,0.007824696481287205
2024-09-17,8.6,8.72,8.53,8.57,2475169,AMOC,Alexandria Mineral Oils Company,0.007824696481287205
2024-09-18,8.57,8.77,8.57,8.69,4181358,AMOC,Alexandria Mineral Oils Company,0.007824696481287205
2024-09-19,8.69,8.9,8.69,8.81,4037265,AMOC,Alexandria Mineral Oils Company,0.007824696481287205
2024-09-22,8.81,8.99,8.81,8.92,2971113,AMOC,Alexandria Mineral Oils Company,0.007824696481287205
2024-09-23,8.92,9.04,8.84,8.89,2818031,AMOC,Alexandria Mineral Oils Company,0.007824696481287205
2024-09-24,8.89,8.96,8.87,8.89,1759600,AMOC,Alexandria Mineral Oils Company,0.007824696481287205
2024-09-25,8.89,9.0,8.89,8.91,1870249,AMOC,Alexandria Mineral Oils Company,0.007824696481287205
2024-09-26,8.91,8.99,8.88,8.91,2207284,AMOC,Alexandria Mineral Oils Company,0.007824696481287205
2024-09-29,8.91,8.96,8.86,8.91,1527354,AMOC,Alexandria Mineral Oils Company,0.007824696481287205
2024-09-30,8.91,8.97,8.88,8.89,2170399,AMOC,Alexandria Mineral Oils Company,0.007824696481287205
2024-10-01,8.89,8.96,8.89,8.91,1214165,AMOC,Alexandria Mineral Oils Company,0.007824696481287205
2024-10-02,8.91,9.47,8.82,9.13,12880078,AMOC,Alexandria Mineral Oils Company,0.007824696481287205
2024-10-03,9.13,9.33,9.13,9.23,2199661,AMOC,Alexandria Mineral Oils Company,0.007824696481287205
2024-10-07,9.23,9.32,9.1,9.2,1594961,AMOC,Alexandria Mineral Oils Company,0.007824696481287205
2024-10-08,9.2,9.25,8.7,8.78,3815756,AMOC,Alexandria Mineral Oils Company,0.007824696481287205
2024-10-09,8.78,8.97,8.78,8.93,2695678,AMOC,Alexandria Mineral Oils Company,0.007824696481287205
2024-10-10,8.93,8.93,8.2,8.28,4281052,AMOC,Alexandria Mineral Oils Company,0.007824696481287205
2024-10-13,8.28,8.37,8.02,8.02,1099246,AMOC,Alexandria Mineral Oils Company,0.007824696481287205
2024-10-14,8.02,8.25,7.9,8.13,1455853,AMOC,Alexandria Mineral Oils Company,0.007824696481287205
2024-10-15,8.13,8.23,8.0,8.04,2161507,AMOC,Alexandria Mineral Oils Company,0.007824696481287205
2024-10-16,8.04,8.2,8.03,8.04,2386135,AMOC,Alexandria Mineral Oils Company,0.007824696481287205
2024-10-17,8.04,8.07,7.85,7.87,3568449,AMOC,Alexandria Mineral Oils Company,0.007824696481287205
2024-10-20,7.87,8.0,7.5,7.6,4623167,AMOC,Alexandria Mineral Oils Company,0.007824696481287205
2024-10-21,7.6,7.73,7.54,7.7,1641787,AMOC,Alexandria Mineral Oils Company,0.007824696481287205
2024-10-22,7.7,7.83,7.7,7.83,3050397,AMOC,Alexandria Mineral Oils Company,0.007824696481287205
2024-10-23,7.83,8.06,7.8,7.89,2952721,AMOC,Alexandria Mineral Oils Company,0.007824696481287205
2024-10-24,7.89,8.0,7.85,7.97,2592417,AMOC,Alexandria Mineral Oils Company,0.007824696481287205
2024-10-27,7.97,8.05,7.84,7.85,6633716,AMOC,Alexandria Mineral Oils Company,0.007824696481287205
2024-10-28,7.85,7.9,7.6,7.68,6982074,AMOC,Alexandria Mineral Oils Company,0.007824696481287205
2024-10-29,7.68,7.72,7.52,7.52,8119202,AMOC,Alexandria Mineral Oils Company,0.007824696481287205
2024-10-30,7.52,7.59,7.5,7.54,3214447,AMOC,Alexandria Mineral Oils Company,0.007824696481287205
2024-10-31,7.54,7.81,7.54,7.76,5211673,AMOC,Alexandria Mineral Oils Company,0.007824696481287205
2024-11-03,7.76,7.95,7.76,7.9,6655006,AMOC,Alexandria Mineral Oils Company,0.007824696481287205
2024-11-04,7.9,7.98,7.8,7.8,5264480,AMOC,Alexandria Mineral Oils Company,0.007824696481287205
2024-11-05,7.8,7.86,7.74,7.75,1841409,AMOC,Alexandria Mineral Oils Company,0.007824696481287205
2024-11-06,7.75,7.87,7.75,7.79,1887961,AMOC,Alexandria Mineral Oils Company,0.007824696481287205
2024-11-07,7.79,7.85,7.78,7.8,1803395,AMOC,Alexandria Mineral Oils Company,0.007824696481287205
2024-11-10,7.8,7.86,7.73,7.75,2379320,AMOC,Alexandria Mineral Oils Company,0.007824696481287205
2024-11-11,7.75,7.83,7.72,7.73,3602393,AMOC,Alexandria Mineral Oils Company,0.007824696481287205
2024-11-12,7.73,8.07,7.71,8.04,7024191,AMOC,Alexandria Mineral Oils Company,0.007824696481287205
2024-11-13,8.04,8.15,7.92,7.95,6992949,AMOC,Alexandria Mineral Oils Company,0.007824696481287205
2024-11-14,7.95,8.21,7.95,8.02,6608020,AMOC,Alexandria Mineral Oils Company,0.007824696481287205
2024-11-17,8.02,8.11,7.93,8.1,3377938,AMOC,Alexandria Mineral Oils Company,0.007824696481287205
2024-11-18,8.1,8.15,8.05,8.1,6622856,AMOC,Alexandria Mineral Oils Company,0.007824696481287205
2024-11-19,8.1,8.14,7.98,8.01,4512490,AMOC,Alexandria Mineral Oils Company,0.007824696481287205
2024-11-20,8.01,8.09,7.88,7.9,3056003,AMOC,Alexandria Mineral Oils Company,0.007824696481287205
2024-11-21,7.9,8.01,7.87,7.87,1297070,AMOC,Alexandria Mineral Oils Company,0.007824696481287205
2024-11-24,7.87,7.95,7.76,7.77,820318,AMOC,Alexandria Mineral Oils Company,0.007824696481287205
2024-11-25,7.77,7.84,7.72,7.72,1116572,AMOC,Alexandria Mineral Oils Company,0.007824696481287205
2024-11-26,7.72,7.84,7.72,7.74,975021,AMOC,Alexandria Mineral Oils Company,0.007824696481287205
2024-11-27,7.74,7.81,7.58,7.63,1734515,AMOC,Alexandria Mineral Oils Company,0.007824696481287205
2024-11-28,7.63,7.66,7.52,7.63,2126558,AMOC,Alexandria Mineral Oils Company,0.007824696481287205
2024-12-01,7.63,7.74,7.63,7.68,2402416,AMOC,Alexandria Mineral Oils Company,0.007824696481287205
2024-12-02,7.68,7.82,7.68,7.73,1518698,AMOC,Alexandria Mineral Oils Company,0.007824696481287205
2024-12-03,7.73,7.76,7.66,7.66,1036454,AMOC,Alexandria Mineral Oils Company,0.007824696481287205
2024-12-04,7.66,7.74,7.66,7.67,708336,AMOC,Alexandria Mineral Oils Company,0.007824696481287205
2024-12-05,7.67,7.8,7.67,7.79,1449328,AMOC,Alexandria Mineral Oils Company,0.007824696481287205
2024-12-08,7.79,7.92,7.79,7.81,1580688,AMOC,Alexandria Mineral Oils Company,0.007824696481287205
2024-12-09,7.81,7.87,7.71,7.71,895586,AMOC,Alexandria Mineral Oils Company,0.007824696481287205
2024-12-10,7.71,7.77,7.63,7.65,1518815,AMOC,Alexandria Mineral Oils Company,0.007824696481287205
2024-12-11,7.65,7.7,7.6,7.6,795739,AMOC,Alexandria Mineral Oils Company,0.007824696481287205
2024-12-12,7.6,7.69,7.6,7.62,1139561,AMOC,Alexandria Mineral Oils Company,0.007824696481287205
2024-12-15,7.62,7.69,7.59,7.63,646926,AMOC,Alexandria Mineral Oils Company,0.007824696481287205
2024-12-16,7.63,7.68,7.6,7.6,738819,AMOC,Alexandria Mineral Oils Company,0.007824696481287205
2024-12-17,7.6,7.8,7.58,7.79,2471244,AMOC,Alexandria Mineral Oils Company,0.007824696481287205
2024-12-18,7.79,7.85,7.6,7.62,1729665,AMOC,Alexandria Mineral Oils Company,0.007824696481287205
2024-12-19,7.62,7.67,7.52,7.66,1218746,AMOC,Alexandria Mineral Oils Company,0.007824696481287205
2024-12-22,7.66,7.74,7.62,7.63,432686,AMOC,Alexandria Mineral Oils Company,0.007824696481287205
2024-12-23,7.63,7.71,7.61,7.7,1696477,AMOC,Alexandria Mineral Oils Company,0.007824696481287205
2024-12-24,7.7,7.7,7.54,7.6,811302,AMOC,Alexandria Mineral Oils Company,0.007824696481287205
2024-12-25,7.6,7.8,7.6,7.77,1833167,AMOC,Alexandria Mineral Oils Company,0.007824696481287205
2024-12-26,7.77,7.8,7.68,7.69,460855,AMOC,Alexandria Mineral Oils Company,0.007824696481287205
2024-12-29,7.69,7.76,7.58,7.58,511049,AMOC,Alexandria Mineral Oils Company,0.007824696481287205
2024-12-30,7.58,7.65,7.2,7.25,1749445,AMOC,Alexandria Mineral Oils Company,0.007824696481287205
2024-12-31,7.25,7.49,7.25,7.37,1277099,AMOC,Alexandria Mineral Oils Company,0.007824696481287205
2025-01-02,7.37,7.6,7.37,7.52,740413,AMOC,Alexandria Mineral Oils Company,0.007824696481287205
2025-01-05,7.52,7.61,7.52,7.52,1216384,AMOC,Alexandria Mineral Oils Company,0.007824696481287205
2025-01-06,7.52,7.57,7.43,7.43,1005215,AMOC,Alexandria Mineral Oils Company,0.007824696481287205
2025-01-08,7.43,7.52,7.41,7.44,713591,AMOC,Alexandria Mineral Oils Company,0.007824696481287205
2025-01-09,7.44,7.49,7.43,7.45,628476,AMOC,Alexandria Mineral Oils Company,0.007824696481287205
2025-01-12,7.45,7.77,7.37,7.76,4615832,AMOC,Alexandria Mineral Oils Company,0.007824696481287205
2025-01-13,7.76,7.92,7.53,7.53,5428172,AMOC,Alexandria Mineral Oils Company,0.007824696481287205
2025-01-14,7.53,7.7,7.43,7.54,1216198,AMOC,Alexandria Mineral Oils Company,0.007824696481287205
2025-01-15,7.54,7.85,7.54,7.8,2330847,AMOC,Alexandria Mineral Oils Company,0.007824696481287205
2025-01-16,7.8,7.91,7.78,7.8,2027203,AMOC,Alexandria Mineral Oils Company,0.007824696481287205
2025-01-19,7.8,7.9,7.78,7.81,974663,AMOC,Alexandria Mineral Oils Company,0.007824696481287205
2025-01-20,7.81,7.86,7.69,7.69,927181,AMOC,Alexandria Mineral Oils Company,0.007824696481287205
2025-01-21,7.69,7.77,7.66,7.7,590871,AMOC,Alexandria Mineral Oils Company,0.007824696481287205
2025-01-22,7.7,7.79,7.7,7.75,862741,AMOC,Alexandria Mineral Oils Company,0.007824696481287205
2025-01-23,7.75,7.81,7.69,7.7,1154453,AMOC,Alexandria Mineral Oils Company,0.007824696481287205
2025-01-26,7.7,8.35,7.7,8.27,13901243,AMOC,Alexandria Mineral Oils Company,0.007824696481287205
2025-01-27,8.27,8.39,8.0,8.0,6314396,AMOC,Alexandria Mineral Oils Company,0.007824696481287205
2025-01-28,8.0,8.08,7.9,8.0,2850651,AMOC,Alexandria Mineral Oils Company,0.007824696481287205
2025-01-29,8.27,8.27,8.1,8.13,2756030,AMOC,Alexandria Mineral Oils Company,0.007824696481287205
2025-01-30,8.13,8.2,7.99,8.0,1672209,AMOC,Alexandria Mineral Oils Company,0.007824696481287205
2025-02-02,8.0,8.21,7.87,8.04,2801545,AMOC,Alexandria Mineral Oils Company,0.007824696481287205
2025-02-03,8.04,8.2,7.9,7.92,3429382,AMOC,Alexandria Mineral Oils Company,0.007824696481287205
2025-02-04,7.92,8.08,7.89,7.92,1370138,AMOC,Alexandria Mineral Oils Company,0.007824696481287205
2025-02-05,7.92,8.02,7.87,7.88,1066164,AMOC,Alexandria Mineral Oils Company,0.007824696481287205
2025-02-06,7.88,7.94,7.77,7.8,3426035,AMOC,Alexandria Mineral Oils Company,0.007824696481287205
2025-02-09,7.8,7.93,7.74,7.75,2617579,AMOC,Alexandria Mineral Oils Company,0.007824696481287205
2025-02-10,7.75,7.83,7.72,7.75,1769269,AMOC,Alexandria Mineral Oils Company,0.007824696481287205
2025-02-11,7.75,7.85,7.66,7.66,3888916,AMOC,Alexandria Mineral Oils Company,0.007824696481287205
2025-02-12,7.66,7.83,7.51,7.8,4482605,AMOC,Alexandria Mineral Oils Company,0.007824696481287205
2025-02-13,7.8,7.93,7.75,7.8,2892979,AMOC,Alexandria Mineral Oils Company,0.007824696481287205
2025-02-16,7.8,7.89,7.77,7.8,7037166,AMOC,Alexandria Mineral Oils Company,0.007824696481287205
2025-02-17,7.8,7.87,7.75,7.75,2071585,AMOC,Alexandria Mineral Oils Company,0.007824696481287205
2025-02-18,7.75,8.05,7.74,7.98,4541935,AMOC,Alexandria Mineral Oils Company,0.007824696481287205
2025-02-19,7.98,8.15,7.98,8.01,2390978,AMOC,Alexandria Mineral Oils Company,0.007824696481287205
2025-02-20,8.01,8.12,7.98,8.11,2072657,AMOC,Alexandria Mineral Oils Company,0.007824696481287205
2025-02-23,8.11,8.13,8.01,8.08,1704124,AMOC,Alexandria Mineral Oils Company,0.007824696481287205
2025-02-24,8.08,8.1,7.96,7.96,1109368,AMOC,Alexandria Mineral Oils Company,0.007824696481287205
2025-02-25,7.96,8.08,7.96,8.0,2749679,AMOC,Alexandria Mineral Oils Company,0.007824696481287205
2025-02-26,8.0,8.04,7.9,7.9,805661,AMOC,Alexandria Mineral Oils Company,0.007824696481287205
2025-02-27,7.9,8.01,7.9,7.9,602479,AMOC,Alexandria Mineral Oils Company,0.007824696481287205
2025-03-02,7.9,8.0,7.9,7.95,378608,AMOC,Alexandria Mineral Oils Company,0.007824696481287205
2025-03-03,7.95,8.04,7.93,7.94,1138817,AMOC,Alexandria Mineral Oils Company,0.007824696481287205
2025-03-04,7.94,7.99,7.85,7.88,2013415,AMOC,Alexandria Mineral Oils Company,0.007824696481287205
2025-03-05,7.88,7.96,7.73,7.74,1890705,AMOC,Alexandria Mineral Oils Company,0.007824696481287205
2025-03-06,7.74,7.83,7.7,7.76,6005793,AMOC,Alexandria Mineral Oils Company,0.007824696481287205
2025-03-09,7.76,7.83,7.75,7.76,1323974,AMOC,Alexandria Mineral Oils Company,0.007824696481287205
2025-03-10,7.76,7.92,7.76,7.86,1958407,AMOC,Alexandria Mineral Oils Company,0.007824696481287205
2025-03-11,7.86,7.9,7.8,7.9,722929,AMOC,Alexandria Mineral Oils Company,0.007824696481287205
2025-03-12,7.9,7.9,7.81,7.81,881090,AMOC,Alexandria Mineral Oils Company,0.007824696481287205
2025-03-13,7.81,7.93,7.77,7.82,2569862,AMOC,Alexandria Mineral Oils Company,0.007824696481287205
2025-03-16,7.82,8.02,7.82,7.94,2459563,AMOC,Alexandria Mineral Oils Company,0.007824696481287205
2025-03-17,7.94,8.02,7.84,7.85,1467947,AMOC,Alexandria Mineral Oils Company,0.007824696481287205
2025-03-18,7.85,7.9,7.77,7.78,2874941,AMOC,Alexandria Mineral Oils Company,0.007824696481287205
2025-03-19,7.78,7.84,7.73,7.73,2345822,AMOC,Alexandria Mineral Oils Company,0.007824696481287205
2025-03-20,7.73,7.8,7.66,7.69,1627420,AMOC,Alexandria Mineral Oils Company,0.007824696481287205
2025-03-23,7.69,7.84,7.65,7.73,2560381,AMOC,Alexandria Mineral Oils Company,0.007824696481287205
2025-03-24,7.73,7.78,7.66,7.68,884078,AMOC,Alexandria Mineral Oils Company,0.007824696481287205
2025-03-25,7.68,7.73,7.66,7.68,950549,AMOC,Alexandria Mineral Oils Company,0.007824696481287205
2025-03-26,7.68,7.71,7.65,7.7,692753,AMOC,Alexandria Mineral Oils Company,0.007824696481287205
2025-03-27,7.7,8.01,7.7,8.0,3197265,AMOC,Alexandria Mineral Oils Company,0.007824696481287205
2025-04-03,8.0,8.0,7.86,7.93,976870,AMOC,Alexandria Mineral Oils Company,0.007824696481287205
2025-04-06,7.93,7.93,7.4,7.54,2396227,AMOC,Alexandria Mineral Oils Company,0.007824696481287205
2025-04-07,7.54,7.61,7.36,7.57,1545157,AMOC,Alexandria Mineral Oils Company,0.007824696481287205
2025-04-08,7.57,7.71,7.57,7.67,1958451,AMOC,Alexandria Mineral Oils Company,0.007824696481287205
2025-04-09,7.67,7.7,7.3,7.42,3023429,AMOC,Alexandria Mineral Oils Company,0.007824696481287205
2025-04-10,7.42,7.65,7.42,7.55,1114355,AMOC,Alexandria Mineral Oils Company,0.007824696481287205
2025-04-13,7.55,7.66,7.55,7.63,948811,AMOC,Alexandria Mineral Oils Company,0.007824696481287205
2025-04-14,7.63,7.69,7.63,7.69,825106,AMOC,Alexandria Mineral Oils Company,0.007824696481287205
2025-04-15,7.69,7.76,7.65,7.71,989169,AMOC,Alexandria Mineral Oils Company,0.007824696481287205
2025-04-16,7.71,7.74,7.64,7.68,903053,AMOC,Alexandria Mineral Oils Company,0.007824696481287205
2025-04-17,7.68,7.7,7.6,7.64,946018,AMOC,Alexandria Mineral Oils Company,0.007824696481287205
2025-04-22,7.64,7.69,7.6,7.65,577672,AMOC,Alexandria Mineral Oils Company,0.007824696481287205
2025-04-23,7.65,7.73,7.63,7.73,899798,AMOC,Alexandria Mineral Oils Company,0.007824696481287205
2025-04-27,7.73,7.85,7.7,7.8,1480355,AMOC,Alexandria Mineral Oils Company,0.007824696481287205
2025-04-28,7.8,7.85,7.72,7.8,1075330,AMOC,Alexandria Mineral Oils Company,0.007824696481287205
2025-04-29,7.8,7.82,7.75,7.8,991939,AMOC,Alexandria Mineral Oils Company,0.007824696481287205
2025-04-30,7.8,7.8,7.74,7.75,919533,AMOC,Alexandria Mineral Oils Company,0.007824696481287205
2025-05-04,7.75,7.85,7.75,7.77,1021861,AMOC,Alexandria Mineral Oils Company,0.007824696481287205
2025-05-05,7.77,7.83,7.71,7.74,1183647,AMOC,Alexandria Mineral Oils Company,0.007824696481287205
2025-05-06,7.74,7.8,7.72,7.72,1077811,AMOC,Alexandria Mineral Oils Company,0.007824696481287205
2025-05-07,7.72,7.77,7.65,7.66,2178055,AMOC,Alexandria Mineral Oils Company,0.007824696481287205
2025-05-08,7.66,7.68,7.5,7.62,1987974,AMOC,Alexandria Mineral Oils Company,0.007824696481287205
2025-05-11,7.62,7.67,7.54,7.56,780150,AMOC,Alexandria Mineral Oils Company,0.007824696481287205
2025-05-12,7.56,7.61,7.53,7.56,804418,AMOC,Alexandria Mineral Oils Company,0.007824696481287205
2025-05-13,7.56,7.6,7.52,7.52,1006016,AMOC,Alexandria Mineral Oils Company,0.007824696481287205
2025-05-14,7.52,7.6,7.5,7.5,1394587,AMOC,Alexandria Mineral Oils Company,0.007824696481287205
2025-05-15,7.5,7.53,7.46,7.47,1142816,AMOC,Alexandria Mineral Oils Company,0.007824696481287205
2025-05-19,7.43,7.49,7.4,7.4,778296,AMOC,Alexandria Mineral Oils Company,0.007824696481287205
2025-05-20,7.4,7.5,7.4,7.42,1025570,AMOC,Alexandria Mineral Oils Company,0.007824696481287205
2025-05-21,7.42,7.46,7.39,7.42,1275784,AMOC,Alexandria Mineral Oils Company,0.007824696481287205
2025-05-22,7.42,7.45,7.4,7.44,898300,AMOC,Alexandria Mineral Oils Company,0.007824696481287205
2025-05-25,7.44,7.58,7.43,7.53,1475881,AMOC,Alexandria Mineral Oils Company,0.007824696481287205
2025-05-26,7.53,7.58,7.51,7.52,768602,AMOC,Alexandria Mineral Oils Company,0.007824696481287205
2025-05-27,7.52,7.53,7.49,7.52,680933,AMOC,Alexandria Mineral Oils Company,0.007824696481287205
2025-05-28,7.52,7.56,7.5,7.5,949336,AMOC,Alexandria Mineral Oils Company,0.007824696481287205
2025-06-01,7.46,7.5,7.41,7.45,596934,AMOC,Alexandria Mineral Oils Company,0.007824696481287205
2025-06-02,7.45,7.53,7.43,7.45,917190,AMOC,Alexandria Mineral Oils Company,0.007824696481287205
2025-06-03,7.45,7.55,7.45,7.48,912765,AMOC,Alexandria Mineral Oils Company,0.007824696481287205
2025-06-04,7.48,7.52,7.46,7.49,796879,AMOC,Alexandria Mineral Oils Company,0.007824696481287205
2025-06-10,7.49,7.59,7.49,7.56,1734371,AMOC,Alexandria Mineral Oils Company,0.007824696481287205
2025-06-11,7.56,7.63,7.53,7.54,1733392,AMOC,Alexandria Mineral Oils Company,0.007824696481287205
2025-06-12,7.54,7.54,7.42,7.44,1427616,AMOC,Alexandria Mineral Oils Company,0.007824696481287205
2025-06-15,7.44,7.44,7.01,7.22,1684670,AMOC,Alexandria Mineral Oils Company,0.007824696481287205
2025-06-16,7.22,7.38,7.19,7.19,1061994,AMOC,Alexandria Mineral Oils Company,0.007824696481287205
2025-06-17,7.19,7.24,7.08,7.09,878677,AMOC,Alexandria Mineral Oils Company,0.007824696481287205
2025-06-18,7.09,7.14,7.02,7.06,848276,AMOC,Alexandria Mineral Oils Company,0.007824696481287205
2025-06-19,7.06,7.1,6.97,7.01,1033667,AMOC,Alexandria Mineral Oils Company,0.007824696481287205
2025-06-22,7.01,7.07,6.81,7.05,1047359,AMOC,Alexandria Mineral Oils Company,0.007824696481287205
2025-06-23,7.05,7.62,7.05,7.61,7001870,AMOC,Alexandria Mineral Oils Company,0.007824696481287205
2025-06-24,7.61,7.63,7.52,7.55,1669330,AMOC,Alexandria Mineral Oils Company,0.007824696481287205
2025-06-25,7.55,7.59,7.49,7.54,1469392,AMOC,Alexandria Mineral Oils Company,0.007824696481287205
2025-06-29,7.54,7.76,7.54,7.65,3508114,AMOC,Alexandria Mineral Oils Company,0.007824696481287205
2025-06-30,7.65,7.68,7.4,7.43,5450817,AMOC,Alexandria Mineral Oils Company,0.007824696481287205
2025-07-01,7.43,7.48,7.36,7.36,1685796,AMOC,Alexandria Mineral Oils Company,0.007824696481287205
2025-07-02,7.36,7.43,7.36,7.39,852752,AMOC,Alexandria Mineral Oils Company,0.007824696481287205
2025-07-06,7.39,7.45,7.39,7.41,1284724,AMOC,Alexandria Mineral Oils Company,0.007824696481287205
2025-07-07,7.41,7.72,7.39,7.7,9442763,AMOC,Alexandria Mineral Oils Company,0.007824696481287205
2025-07-09,7.7,7.88,7.62,7.7,5083683,AMOC,Alexandria Mineral Oils Company,0.007824696481287205
2025-07-10,7.7,7.74,7.6,7.6,1891772,AMOC,Alexandria Mineral Oils Company,0.007824696481287205
2025-07-13,7.6,7.65,7.5,7.55,2607197,AMOC,Alexandria Mineral Oils Company,0.007824696481287205
2025-07-14,7.55,7.77,7.52,7.59,5986754,AMOC,Alexandria Mineral Oils Company,0.007824696481287205
2025-07-15,7.59,7.82,7.59,7.71,17035464,AMOC,Alexandria Mineral Oils Company,0.007824696481287205
2025-07-16,7.71,8.07,7.71,7.87,44218112,AMOC,Alexandria Mineral Oils Company,0.007824696481287205
2025-07-17,7.87,8.0,7.77,7.77,18047070,AMOC,Alexandria Mineral Oils Company,0.007824696481287205
2025-07-20,7.77,7.85,7.75,7.75,12842334,AMOC,Alexandria Mineral Oils Company,0.007824696481287205
2025-07-21,7.75,7.82,7.66,7.68,20391084,AMOC,Alexandria Mineral Oils Company,0.007824696481287205
2025-07-22,7.68,7.75,7.52,7.52,33608017,AMOC,Alexandria Mineral Oils Company,0.007824696481287205
2025-07-23,7.52,7.62,7.45,7.5,12703816,AMOC,Alexandria Mineral Oils Company,0.007824696481287205
2025-07-27,7.5,7.76,7.5,7.65,14420544,AMOC,Alexandria Mineral Oils Company,0.007824696481287205
2025-07-28,7.65,7.81,7.53,7.55,20391971,AMOC,Alexandria Mineral Oils Company,0.007824696481287205
2025-07-29,7.55,7.59,7.44,7.47,9663171,AMOC,Alexandria Mineral Oils Company,0.007824696481287205
2025-07-30,7.47,7.64,7.21,7.25,16906679,AMOC,Alexandria Mineral Oils Company,0.007824696481287205
2025-07-31,7.25,7.42,7.23,7.37,10810829,AMOC,Alexandria Mineral Oils Company,0.007824696481287205
2025-08-03,7.37,7.37,7.26,7.31,6506737,AMOC,Alexandria Mineral Oils Company,0.007824696481287205
2025-08-04,7.31,7.44,7.31,7.4,10355159,AMOC,Alexandria Mineral Oils Company,0.007824696481287205
2025-08-05,7.4,7.51,7.4,7.43,9791961,AMOC,Alexandria Mineral Oils Company,0.007824696481287205
2025-08-06,7.43,7.54,7.39,7.39,8338193,AMOC,Alexandria Mineral Oils Company,0.007824696481287205
2025-08-07,7.39,7.43,7.34,7.38,8616779,AMOC,Alexandria Mineral Oils Company,0.007824696481287205
2025-08-10,7.38,7.42,7.36,7.37,4421056,AMOC,Alexandria Mineral Oils Company,0.007824696481287205
2025-08-11,7.37,7.41,7.31,7.31,10647703,AMOC,Alexandria Mineral Oils Company,0.007824696481287205
2025-08-12,7.31,7.36,7.3,7.3,5433186,AMOC,Alexandria Mineral Oils Company,0.007824696481287205
2025-08-13,7.3,7.35,7.25,7.26,4790572,AMOC,Alexandria Mineral Oils Company,0.007824696481287205
2025-08-13,7.3,7.35,7.25,7.26,4790572,AMOC,Alexandria Mineral Oils Company,0.007824696481287205
2025-08-14,7.26,7.32,7.23,7.27,3005252,AMOC,Alexandria Mineral Oils Company,0.007824696481287205
2025-08-17,7.27,7.29,7.24,7.27,2830524,AMOC,Alexandria Mineral Oils Company,0.007824696481287205
2025-08-18,7.27,7.5,7.27,7.5,8767109,AMOC,Alexandria Mineral Oils Company,0.007824696481287205
2025-08-19,7.5,7.66,7.47,7.48,10076452,AMOC,Alexandria Mineral Oils Company,0.007824696481287205
2025-08-20,7.48,7.52,7.42,7.44,5976452,AMOC,Alexandria Mineral Oils Company,0.007824696481287205
2025-08-21,7.44,7.48,7.4,7.41,2832588,AMOC,Alexandria Mineral Oils Company,0.007824696481287205
2025-08-24,7.41,7.49,7.4,7.45,2398241,AMOC,Alexandria Mineral Oils Company,0.007824696481287205
2025-08-25,7.45,7.47,7.39,7.42,2425029,AMOC,Alexandria Mineral Oils Company,0.007824696481287205
2025-08-26,7.42,7.44,7.33,7.33,2648596,AMOC,Alexandria Mineral Oils Company,0.007824696481287205
2025-08-27,7.33,7.41,7.33,7.38,2079599,AMOC,Alexandria Mineral Oils Company,0.007824696481287205
2025-08-28,7.38,7.47,7.38,7.4,3410705,AMOC,Alexandria Mineral Oils Company,0.007824696481287205
2025-08-31,7.4,7.46,7.34,7.36,2186391,AMOC,Alexandria Mineral Oils Company,0.007824696481287205
2025-09-01,7.36,7.4,7.31,7.38,1844989,AMOC,Alexandria Mineral Oils Company,0.007824696481287205
2025-09-02,7.38,7.42,7.35,7.37,1615393,AMOC,Alexandria Mineral Oils Company,0.007824696481287205
2025-09-03,7.37,7.39,7.3,7.31,2089598,AMOC,Alexandria Mineral Oils Company,0.007824696481287205
2025-09-07,7.31,7.36,7.29,7.31,1516134,AMOC,Alexandria Mineral Oils Company,0.007824696481287205
2025-09-08,7.31,7.34,7.3,7.32,1761846,AMOC,Alexandria Mineral Oils Company,0.007824696481287205
2025-09-09,7.32,7.36,7.31,7.31,1918538,AMOC,Alexandria Mineral Oils Company,0.007824696481287205
2025-09-10,7.31,7.45,7.31,7.42,2134598,AMOC,Alexandria Mineral Oils Company,0.007824696481287205
2025-09-11,7.42,7.46,7.41,7.41,1345377,AMOC,Alexandria Mineral Oils Company,0.007824696481287205
2025-09-14,7.41,7.45,7.41,7.43,1047843,AMOC,Alexandria Mineral Oils Company,0.007824696481287205
2025-09-15,7.43,7.45,7.38,7.39,1464675,AMOC,Alexandria Mineral Oils Company,0.007824696481287205
2025-09-16,7.39,7.41,7.3,7.35,2412521,AMOC,Alexandria Mineral Oils Company,0.007824696481287205
2025-09-17,7.35,7.46,7.31,7.44,2554650,AMOC,Alexandria Mineral Oils Company,0.007824696481287205
2025-09-18,7.44,7.5,7.42,7.43,2019258,AMOC,Alexandria Mineral Oils Company,0.007824696481287205
2025-09-21,7.43,7.48,7.41,7.42,990317,AMOC,Alexandria Mineral Oils Company,0.007824696481287205
2025-09-22,7.42,7.46,7.38,7.39,1307901,AMOC,Alexandria Mineral Oils Company,0.007824696481287205
2025-09-23,7.39,7.45,7.35,7.38,1156973,AMOC,Alexandria Mineral Oils Company,0.007824696481287205
2025-09-24,7.38,7.48,7.38,7.48,2243577,AMOC,Alexandria Mineral Oils Company,0.007824696481287205
2025-09-25,7.48,7.63,7.48,7.52,3869462,AMOC,Alexandria Mineral Oils Company,0.007824696481287205
2025-09-28,7.52,7.65,7.52,7.58,3784332,AMOC,Alexandria Mineral Oils Company,0.007824696481287205
2025-09-29,7.58,7.66,7.53,7.55,4792329,AMOC,Alexandria Mineral Oils Company,0.007824696481287205
2025-09-30,7.55,7.61,7.55,7.57,5248273,AMOC,Alexandria Mineral Oils Company,0.007824696481287205
2025-10-01,7.57,7.61,7.52,7.55,4142639,AMOC,Alexandria Mineral Oils Company,0.007824696481287205
2025-10-02,7.55,7.61,7.53,7.56,1763694,AMOC,Alexandria Mineral Oils Company,0.007824696481287205
2025-10-05,7.56,7.69,7.56,7.69,3408551,AMOC,Alexandria Mineral Oils Company,0.007824696481287205
2025-10-06,7.69,7.78,7.67,7.7,7276364,AMOC,Alexandria Mineral Oils Company,0.007824696481287205
2025-10-07,7.7,7.75,7.67,7.68,2516053,AMOC,Alexandria Mineral Oils Company,0.007824696481287205
2025-10-08,7.68,7.69,7.62,7.62,3669189,AMOC,Alexandria Mineral Oils Company,0.007824696481287205
2025-10-12,7.62,7.64,7.54,7.56,6998296,AMOC,Alexandria Mineral Oils Company,0.007824696481287205
2025-10-13,7.56,7.56,6.77,6.9,8265182,AMOC,Alexandria Mineral Oils Company,0.007824696481287205
2025-10-14,6.9,6.95,6.88,6.88,2724602,AMOC,Alexandria Mineral Oils Company,0.007824696481287205
2025-10-15,6.88,6.89,6.84,6.86,1617553,AMOC,Alexandria Mineral Oils Company,0.007824696481287205
2025-10-20,6.91,6.96,6.9,6.9,2610415,AMOC,Alexandria Mineral Oils Company,0.007824696481287205
2025-10-21,6.9,6.91,6.87,6.88,2052207,AMOC,Alexandria Mineral Oils Company,0.007824696481287205
2025-10-22,6.88,6.92,6.85,6.85,2998561,AMOC,Alexandria Mineral Oils Company,0.007824696481287205
2025-10-26,6.9,7.04,6.9,6.98,6345091,AMOC,Alexandria Mineral Oils Company,0.007824696481287205
2025-10-27,6.98,7.03,6.91,6.94,2523855,AMOC,Alexandria Mineral Oils Company,0.007824696481287205
2025-10-28,6.94,7.09,6.94,7.02,9422608,AMOC,Alexandria Mineral Oils Company,0.007824696481287205
2025-10-29,7.02,7.07,6.99,7.01,2038286,AMOC,Alexandria Mineral Oils Company,0.007824696481287205
2025-10-30,7.01,7.04,6.99,7.0,1667233,AMOC,Alexandria Mineral Oils Company,0.007824696481287205
2025-11-02,7.0,7.04,6.89,6.95,2421658,AMOC,Alexandria Mineral Oils Company,0.007824696481287205
2025-11-03,6.95,6.99,6.89,6.94,1515239,AMOC,Alexandria Mineral Oils Company,0.007824696481287205
2025-11-04,6.94,7.01,6.91,6.93,2655788,AMOC,Alexandria Mineral Oils Company,0.007824696481287205
2025-11-05,6.93,6.98,6.85,6.87,2443377,AMOC,Alexandria Mineral Oils Company,0.007824696481287205
2025-11-06,6.87,6.93,6.86,6.9,1476356,AMOC,Alexandria Mineral Oils Company,0.007824696481287205
2025-11-09,6.9,6.96,6.88,6.88,1707031,AMOC,Alexandria Mineral Oils Company,0.007824696481287205
2025-11-10,6.88,6.92,6.85,6.88,1070382,AMOC,Alexandria Mineral Oils Company,0.007824696481287205
2025-11-11,6.88,6.91,6.86,6.88,1708076,AMOC,Alexandria Mineral Oils Company,0.007824696481287205
2025-11-12,6.88,6.91,6.86,6.87,2086959,AMOC,Alexandria Mineral Oils Company,0.007824696481287205
2025-11-13,6.87,6.89,6.86,6.87,1227768,AMOC,Alexandria Mineral Oils Company,0.007824696481287205
2025-11-16,6.87,6.9,6.86,6.87,1124031,AMOC,Alexandria Mineral Oils Company,0.007824696481287205
2025-11-17,6.87,6.91,6.86,6.86,1796775,AMOC,Alexandria Mineral Oils Company,0.007824696481287205
2025-11-18,6.86,6.95,6.85,6.85,2705146,AMOC,Alexandria Mineral Oils Company,0.007824696481287205
2025-11-19,6.85,6.89,6.85,6.86,1213301,AMOC,Alexandria Mineral Oils Company,0.007824696481287205
2025-11-20,6.86,6.88,6.84,6.85,2320376,AMOC,Alexandria Mineral Oils Company,0.007824696481287205
2025-11-23,6.85,6.89,6.84,6.84,1395195,AMOC,Alexandria Mineral Oils Company,0.007824696481287205
2025-11-24,6.84,6.88,6.8,6.81,2088371,AMOC,Alexandria Mineral Oils Company,0.007824696481287205
2025-11-26,6.79,6.82,6.77,6.77,1363213,AMOC,Alexandria Mineral Oils Company,0.007824696481287205
2025-11-27,6.77,6.8,6.76,6.77,1338868,AMOC,Alexandria Mineral Oils Company,0.007824696481287205
2025-11-30,6.77,6.82,6.75,6.76,1718563,AMOC,Alexandria Mineral Oils Company,0.007824696481287205
2025-12-01,6.76,6.79,6.75,6.76,1616431,AMOC,Alexandria Mineral Oils Company,0.007824696481287205
2025-12-03,6.72,6.74,6.66,6.68,1763798,AMOC,Alexandria Mineral Oils Company,0.007824696481287205
2025-12-07,6.69,6.82,6.69,6.82,1562066,AMOC,Alexandria Mineral Oils Company,0.007824696481287205
2025-12-09,6.87,6.98,6.87,6.9,1561286,AMOC,Alexandria Mineral Oils Company,0.007824696481287205
2025-12-10,6.9,7.05,6.9,7.05,6720462,AMOC,Alexandria Mineral Oils Company,0.007824696481287205
2025-12-11,7.05,7.12,6.98,6.99,2612840,AMOC,Alexandria Mineral Oils Company,0.007824696481287205
2025-12-14,6.99,7.1,6.99,7.02,2602674,AMOC,Alexandria Mineral Oils Company,0.007824696481287205
2025-12-15,7.02,7.07,6.98,7.0,1395428,AMOC,Alexandria Mineral Oils Company,0.007824696481287205
2025-12-16,7.0,7.08,6.94,6.94,2954017,AMOC,Alexandria Mineral Oils Company,0.007824696481287205
2025-12-17,6.94,6.99,6.84,6.86,4673073,AMOC,Alexandria Mineral Oils Company,0.007824696481287205
2025-12-18,6.86,7.07,6.86,6.95,7756056,AMOC,Alexandria Mineral Oils Company,0.007824696481287205
2025-12-21,6.95,7.02,6.93,6.94,1710903,AMOC,Alexandria Mineral Oils Company,0.007824696481287205
2025-12-22,6.94,7.03,6.93,6.93,4582851,AMOC,Alexandria Mineral Oils Company,0.007824696481287205
2025-12-23,6.93,7.02,6.93,6.94,5645124,AMOC,Alexandria Mineral Oils Company,0.007824696481287205
2025-12-24,6.94,7.0,6.86,6.9,9356256,AMOC,Alexandria Mineral Oils Company,0.007824696481287205
2025-12-25,6.9,7.01,6.88,6.95,4972653,AMOC,Alexandria Mineral Oils Company,0.007824696481287205
2025-12-28,6.95,7.01,6.93,6.95,4618271,AMOC,Alexandria Mineral Oils Company,0.007824696481287205
2025-12-29,6.95,7.0,6.95,6.96,3026073,AMOC,Alexandria Mineral Oils Company,0.007824696481287205
2025-12-30,6.96,7.0,6.92,6.92,2860855,AMOC,Alexandria Mineral Oils Company,0.007824696481287205
2025-12-31,6.92,6.96,6.92,6.93,1546103,AMOC,Alexandria Mineral Oils Company,0.007824696481287205
2026-01-04,6.93,6.98,6.93,6.95,2533544,AMOC,Alexandria Mineral Oils Company,0.007824696481287205
2026-01-04,6.93,6.98,6.93,6.95,2533544,AMOC,Alexandria Mineral Oils Company,0.007824696481287205
2026-01-06,7.12,7.21,7.1,7.15,4200887,AMOC,Alexandria Mineral Oils Company,0.007824696481287205
2026-01-08,7.15,7.2,7.09,7.11,4440884,AMOC,Alexandria Mineral Oils Company,0.007824696481287205
2026-01-11,7.11,7.16,7.08,7.09,5632535,AMOC,Alexandria Mineral Oils Company,0.007824696481287205
2026-01-12,7.09,7.14,7.01,7.07,2791022,AMOC,Alexandria Mineral Oils Company,0.007824696481287205
2026-01-13,7.07,7.07,6.89,6.91,4175629,AMOC,Alexandria Mineral Oils Company,0.007824696481287205
2026-01-14,6.91,6.95,6.8,6.84,3963167,AMOC,Alexandria Mineral Oils Company,0.007824696481287205
2026-01-15,6.84,6.89,6.8,6.8,1744811,AMOC,Alexandria Mineral Oils Company,0.007824696481287205
2026-01-18,6.8,6.97,6.8,6.84,1068916,AMOC,Alexandria Mineral Oils Company,0.007824696481287205
2026-01-19,6.84,6.95,6.84,6.91,1926584,AMOC,Alexandria Mineral Oils Company,0.007824696481287205
2026-01-20,6.91,6.97,6.88,6.95,1957651,AMOC,Alexandria Mineral Oils Company,0.007824696481287205
2026-01-21,6.95,6.97,6.88,6.95,1599655,AMOC,Alexandria Mineral Oils Company,0.007824696481287205
2026-01-22,6.95,7.16,6.95,7.08,6773369,AMOC,Alexandria Mineral Oils Company,0.007824696481287205
2026-01-25,7.08,7.38,7.08,7.2,13290462,AMOC,Alexandria Mineral Oils Company,0.007824696481287205
2026-01-26,7.2,7.27,7.15,7.17,3149065,AMOC,Alexandria Mineral Oils Company,0.007824696481287205
2026-01-27,7.17,7.19,7.07,7.12,2465888,AMOC,Alexandria Mineral Oils Company,0.007824696481287205
2026-01-28,7.12,7.24,7.06,7.07,4140893,AMOC,Alexandria Mineral Oils Company,0.007824696481287205
2026-02-01,7.07,7.18,6.96,7.0,2696760,AMOC,Alexandria Mineral Oils Company,0.007824696481287205
2026-02-02,7.0,7.05,6.97,7.04,2993540,AMOC,Alexandria Mineral Oils Company,0.007824696481287205
2026-02-03,7.04,7.15,7.03,7.04,4646287,AMOC,Alexandria Mineral Oils Company,0.007824696481287205
2026-02-04,7.04,7.15,7.04,7.1,5087474,AMOC,Alexandria Mineral Oils Company,0.007824696481287205
2026-02-05,7.1,7.15,7.02,7.02,3580801,AMOC,Alexandria Mineral Oils Company,0.007824696481287205
2026-02-08,7.02,7.2,7.02,7.17,5345551,AMOC,Alexandria Mineral Oils Company,0.007824696481287205
2026-02-09,7.17,7.3,7.15,7.21,8055736,AMOC,Alexandria Mineral Oils Company,0.007824696481287205
2026-02-10,7.21,7.25,7.18,7.19,3272068,AMOC,Alexandria Mineral Oils Company,0.007824696481287205
2026-02-11,7.19,7.22,7.09,7.11,6211871,AMOC,Alexandria Mineral Oils Company,0.007824696481287205
2026-02-12,7.11,7.18,7.08,7.12,1964197,AMOC,Alexandria Mineral Oils Company,0.007824696481287205
2026-02-15,7.1,7.22,7.08,7.11,14261343,AMOC,Alexandria Mineral Oils Company,0.007824696481287205
2026-02-16,7.11,7.37,7.11,7.24,29967877,AMOC,Alexandria Mineral Oils Company,0.007824696481287205
2026-02-17,7.24,7.51,7.21,7.41,20883034,AMOC,Alexandria Mineral Oils Company,0.007824696481287205
2026-02-18,7.41,7.54,7.39,7.45,15552758,AMOC,Alexandria Mineral Oils Company,0.007824696481287205
2026-02-19,7.45,7.51,7.2,7.22,8316045,AMOC,Alexandria Mineral Oils Company,0.007824696481287205
2026-02-22,7.22,7.28,7.1,7.15,7386993,AMOC,Alexandria Mineral Oils Company,0.007824696481287205
2026-02-23,7.15,7.25,7.15,7.25,3955966,AMOC,Alexandria Mineral Oils Company,0.007824696481287205
2026-02-24,7.25,7.47,7.23,7.33,11538214,AMOC,Alexandria Mineral Oils Company,0.007824696481287205
2026-02-25,7.33,7.48,7.04,7.13,62176889,AMOC,Alexandria Mineral Oils Company,0.007824696481287205
2026-02-26,7.13,7.24,7.1,7.11,7941745,AMOC,Alexandria Mineral Oils Company,0.007824696481287205
2026-03-01,7.11,7.11,6.79,7.03,7420677,AMOC,Alexandria Mineral Oils Company,0.007824696481287205
2026-03-02,7.03,7.11,6.99,7.04,4318982,AMOC,Alexandria Mineral Oils Company,0.007824696481287205
2026-03-03,7.04,7.47,6.95,7.39,21552959,AMOC,Alexandria Mineral Oils Company,0.007824696481287205
2026-03-04,7.39,7.85,7.39,7.53,33229029,AMOC,Alexandria Mineral Oils Company,0.007824696481287205
2026-03-05,7.53,7.7,7.48,7.61,12537659,AMOC,Alexandria Mineral Oils Company,0.007824696481287205
2026-03-08,7.61,8.85,7.61,8.81,60034686,AMOC,Alexandria Mineral Oils Company,0.007824696481287205
2026-03-09,8.81,9.85,8.81,9.31,84259785,AMOC,Alexandria Mineral Oils Company,0.007824696481287205
2026-03-10,9.31,9.31,8.35,8.57,33435271,AMOC,Alexandria Mineral Oils Company,0.007824696481287205
2026-03-11,8.57,9.0,8.57,8.88,32050162,AMOC,Alexandria Mineral Oils Company,0.007824696481287205
2026-03-12,8.88,9.4,8.88,9.12,42297837,AMOC,Alexandria Mineral Oils Company,0.007824696481287205
2026-03-15,9.12,9.51,9.12,9.38,34063498,AMOC,Alexandria Mineral Oils Company,0.007824696481287205
2026-03-16,9.38,9.64,9.13,9.2,33308985,AMOC,Alexandria Mineral Oils Company,0.007824696481287205
2026-03-17,9.2,9.3,8.91,9.0,16605421,AMOC,Alexandria Mineral Oils Company,0.007824696481287205
2026-03-18,9.0,9.04,8.63,8.77,18773626,AMOC,Alexandria Mineral Oils Company,0.007824696481287205
2026-03-24,8.77,8.89,8.65,8.75,24910660,AMOC,Alexandria Mineral Oils Company,0.007824696481287205
2026-03-25,8.75,8.85,8.54,8.6,16735821,AMOC,Alexandria Mineral Oils Company,0.007824696481287205
2026-03-26,8.6,8.65,8.46,8.5,12270991,AMOC,Alexandria Mineral Oils Company,0.007824696481287205
2026-03-29,8.5,8.76,8.5,8.65,28322668,AMOC,Alexandria Mineral Oils Company,0.007824696481287205
2026-03-30,8.65,8.72,8.27,8.3,18056079,AMOC,Alexandria Mineral Oils Company,0.007824696481287205
2026-03-31,8.3,8.4,8.2,8.28,11951880,AMOC,Alexandria Mineral Oils Company,0.007824696481287205
2026-04-01,8.28,8.42,8.28,8.38,10598323,AMOC,Alexandria Mineral Oils Company,0.007824696481287205
2026-04-02,8.38,8.64,8.38,8.49,15032851,AMOC,Alexandria Mineral Oils Company,0.007824696481287205
2026-04-05,8.49,8.74,8.48,8.7,8165379,AMOC,Alexandria Mineral Oils Company,0.007824696481287205
2026-04-06,8.7,8.75,8.56,8.57,5571326,AMOC,Alexandria Mineral Oils Company,0.007824696481287205
2026-04-07,8.57,8.68,8.56,8.6,9302167,AMOC,Alexandria Mineral Oils Company,0.007824696481287205
2026-04-08,8.6,8.6,8.08,8.29,21166013,AMOC,Alexandria Mineral Oils Company,0.007824696481287205
2026-04-09,8.29,8.39,8.19,8.23,11608151,AMOC,Alexandria Mineral Oils Company,0.007824696481287205
