date,open,high,low,close,volume,symbol,holding_name,weight
2001-05-31,0.24,0.24,0.24,0.24,121171,EGCH,Egyptian Chemical Industries (Kima),0.0028
2001-06-03,0.24,0.24,0.24,0.24,371594,EGCH,Egyptian Chemical Industries (Kima),0.0028
2001-06-05,0.24,0.24,0.24,0.24,52293,EGCH,Egyptian Chemical Industries (Kima),0.0028
2001-06-10,0.24,0.24,0.24,0.24,12738,EGCH,Egyptian Chemical Industries (Kima),0.0028
2001-06-11,0.24,0.24,0.24,0.24,6591124,EGCH,Egyptian Chemical Industries (Kima),0.0028
2001-06-14,0.24,0.24,0.24,0.24,16123,EGCH,Egyptian Chemical Industries (Kima),0.0028
2001-06-21,0.24,0.24,0.24,0.24,8040,EGCH,Egyptian Chemical Industries (Kima),0.0028
2001-06-25,0.24,0.24,0.24,0.24,80766,EGCH,Egyptian Chemical Industries (Kima),0.0028
2001-06-27,0.24,0.24,0.24,0.24,37831,EGCH,Egyptian Chemical Industries (Kima),0.0028
2001-06-28,0.24,0.24,0.24,0.24,76492,EGCH,Egyptian Chemical Industries (Kima),0.0028
2001-07-05,0.24,0.24,0.24,0.24,80766,EGCH,Egyptian Chemical Industries (Kima),0.0028
2001-07-08,0.24,0.24,0.24,0.24,161537,EGCH,Egyptian Chemical Industries (Kima),0.0028
2001-07-09,0.24,0.24,0.24,0.24,1078243,EGCH,Egyptian Chemical Industries (Kima),0.0028
2001-07-11,0.24,0.24,0.24,0.24,32284,EGCH,Egyptian Chemical Industries (Kima),0.0028
2001-07-16,0.24,0.24,0.24,0.24,16123,EGCH,Egyptian Chemical Industries (Kima),0.0028
2001-07-19,0.24,0.24,0.24,0.24,13589,EGCH,Egyptian Chemical Industries (Kima),0.0028
2001-08-12,0.24,0.24,0.24,0.24,24200,EGCH,Egyptian Chemical Industries (Kima),0.0028
2001-08-13,0.24,0.24,0.24,0.24,19968,EGCH,Egyptian Chemical Industries (Kima),0.0028
2001-08-15,0.24,0.24,0.24,0.24,34451,EGCH,Egyptian Chemical Industries (Kima),0.0028
2001-08-19,0.24,0.24,0.24,0.24,227457,EGCH,Egyptian Chemical Industries (Kima),0.0028
2001-08-20,0.24,0.24,0.24,0.24,1561247,EGCH,Egyptian Chemical Industries (Kima),0.0028
2001-08-21,0.24,0.24,0.24,0.24,639456,EGCH,Egyptian Chemical Industries (Kima),0.0028
2001-08-26,0.24,0.24,0.24,0.24,8040,EGCH,Egyptian Chemical Industries (Kima),0.0028
2001-08-27,0.24,0.24,0.24,0.24,403879,EGCH,Egyptian Chemical Industries (Kima),0.0028
2001-08-28,0.24,0.24,0.24,0.24,443449,EGCH,Egyptian Chemical Industries (Kima),0.0028
2001-08-29,0.24,0.24,0.24,0.24,8040,EGCH,Egyptian Chemical Industries (Kima),0.0028
2001-09-06,0.24,0.24,0.24,0.24,24200,EGCH,Egyptian Chemical Industries (Kima),0.0028
2001-09-11,0.24,0.24,0.24,0.24,161537,EGCH,Egyptian Chemical Industries (Kima),0.0028
2001-09-12,0.24,0.24,0.24,0.24,64604,EGCH,Egyptian Chemical Industries (Kima),0.0028
2001-09-16,0.24,0.24,0.24,0.24,105431,EGCH,Egyptian Chemical Industries (Kima),0.0028
2001-09-17,0.24,0.24,0.24,0.24,40363,EGCH,Egyptian Chemical Industries (Kima),0.0028
2001-09-19,0.24,0.24,0.24,0.24,32284,EGCH,Egyptian Chemical Industries (Kima),0.0028
2001-09-20,0.24,0.24,0.24,0.24,484684,EGCH,Egyptian Chemical Industries (Kima),0.0028
2001-09-23,0.24,0.24,0.24,0.24,80766,EGCH,Egyptian Chemical Industries (Kima),0.0028
2001-09-24,0.24,0.24,0.24,0.24,525087,EGCH,Egyptian Chemical Industries (Kima),0.0028
2001-09-25,0.24,0.24,0.24,0.24,242343,EGCH,Egyptian Chemical Industries (Kima),0.0028
2001-09-26,0.24,0.24,0.24,0.24,205745,EGCH,Egyptian Chemical Industries (Kima),0.0028
2001-10-03,0.24,0.24,0.24,0.24,19968,EGCH,Egyptian Chemical Industries (Kima),0.0028
2001-10-04,0.24,0.24,0.24,0.24,28049,EGCH,Egyptian Chemical Industries (Kima),0.0028
2001-10-07,0.24,0.24,0.24,0.24,80766,EGCH,Egyptian Chemical Industries (Kima),0.0028
2001-10-10,0.24,0.24,0.24,0.24,255932,EGCH,Egyptian Chemical Industries (Kima),0.0028
2001-10-16,0.24,0.24,0.24,0.24,80766,EGCH,Egyptian Chemical Industries (Kima),0.0028
2001-10-17,0.24,0.24,0.24,0.24,161537,EGCH,Egyptian Chemical Industries (Kima),0.0028
2001-10-18,0.24,0.24,0.24,0.24,11889,EGCH,Egyptian Chemical Industries (Kima),0.0028
2001-10-29,0.24,0.24,0.24,0.24,8040,EGCH,Egyptian Chemical Industries (Kima),0.0028
2001-10-30,0.24,0.24,0.24,0.24,80766,EGCH,Egyptian Chemical Industries (Kima),0.0028
2001-11-01,0.24,0.24,0.24,0.24,19968,EGCH,Egyptian Chemical Industries (Kima),0.0028
2001-11-04,0.24,0.24,0.24,0.24,19968,EGCH,Egyptian Chemical Industries (Kima),0.0028
2001-11-06,0.24,0.24,0.24,0.24,19968,EGCH,Egyptian Chemical Industries (Kima),0.0028
2001-11-07,0.24,0.24,0.24,0.24,40363,EGCH,Egyptian Chemical Industries (Kima),0.0028
2001-11-11,0.24,0.24,0.24,0.24,734275,EGCH,Egyptian Chemical Industries (Kima),0.0028
2001-11-12,0.24,0.24,0.24,0.24,275049,EGCH,Egyptian Chemical Industries (Kima),0.0028
2001-11-14,0.24,0.24,0.24,0.24,178972,EGCH,Egyptian Chemical Industries (Kima),0.0028
2001-11-20,0.24,0.24,0.24,0.24,32284,EGCH,Egyptian Chemical Industries (Kima),0.0028
2001-11-25,0.24,0.24,0.24,0.24,100735,EGCH,Egyptian Chemical Industries (Kima),0.0028
2001-11-27,0.24,0.24,0.24,0.24,210445,EGCH,Egyptian Chemical Industries (Kima),0.0028
2001-12-03,0.24,0.24,0.24,0.24,80766,EGCH,Egyptian Chemical Industries (Kima),0.0028
2001-12-06,0.24,0.24,0.24,0.24,161537,EGCH,Egyptian Chemical Industries (Kima),0.0028
2001-12-09,0.24,0.24,0.24,0.24,169614,EGCH,Egyptian Chemical Industries (Kima),0.0028
2001-12-11,0.24,0.24,0.24,0.24,1211732,EGCH,Egyptian Chemical Industries (Kima),0.0028
2001-12-12,0.24,0.24,0.24,0.24,170041,EGCH,Egyptian Chemical Industries (Kima),0.0028
2001-12-19,0.24,0.24,0.24,0.24,1212152,EGCH,Egyptian Chemical Industries (Kima),0.0028
2001-12-23,0.24,0.24,0.24,0.24,856296,EGCH,Egyptian Chemical Industries (Kima),0.0028
2001-12-24,0.24,0.24,0.24,0.24,165381,EGCH,Egyptian Chemical Industries (Kima),0.0028
2001-12-25,0.24,0.24,0.24,0.24,60373,EGCH,Egyptian Chemical Industries (Kima),0.0028
2001-12-26,0.24,0.24,0.24,0.24,1666254,EGCH,Egyptian Chemical Industries (Kima),0.0028
2001-12-27,0.24,0.24,0.24,0.24,6360,EGCH,Egyptian Chemical Industries (Kima),0.0028
2001-12-30,0.24,0.24,0.24,0.24,37831,EGCH,Egyptian Chemical Industries (Kima),0.0028
2001-12-31,0.24,0.24,0.24,0.24,80766,EGCH,Egyptian Chemical Industries (Kima),0.0028
2002-01-02,0.24,0.24,0.24,0.24,19968,EGCH,Egyptian Chemical Industries (Kima),0.0028
2002-01-07,0.24,0.24,0.24,0.24,807813,EGCH,Egyptian Chemical Industries (Kima),0.0028
2002-01-08,0.24,0.24,0.24,0.24,229987,EGCH,Egyptian Chemical Industries (Kima),0.0028
2002-01-10,0.24,0.24,0.24,0.24,121596,EGCH,Egyptian Chemical Industries (Kima),0.0028
2002-01-15,0.24,0.24,0.24,0.24,309965,EGCH,Egyptian Chemical Industries (Kima),0.0028
2002-01-16,0.24,0.24,0.24,0.24,1749597,EGCH,Egyptian Chemical Industries (Kima),0.0028
2002-01-17,0.24,0.24,0.24,0.24,436199,EGCH,Egyptian Chemical Industries (Kima),0.0028
2002-01-20,0.24,0.24,0.24,0.24,80766,EGCH,Egyptian Chemical Industries (Kima),0.0028
2002-01-21,0.24,0.24,0.24,0.24,403879,EGCH,Egyptian Chemical Industries (Kima),0.0028
2002-01-23,0.24,0.24,0.24,0.24,137292,EGCH,Egyptian Chemical Industries (Kima),0.0028
2002-01-24,0.24,0.24,0.24,0.24,40363,EGCH,Egyptian Chemical Industries (Kima),0.0028
2002-01-27,0.24,0.24,0.24,0.24,444280,EGCH,Egyptian Chemical Industries (Kima),0.0028
2002-01-28,0.24,0.24,0.24,0.24,154728,EGCH,Egyptian Chemical Industries (Kima),0.0028
2002-01-29,0.24,0.24,0.24,0.24,40363,EGCH,Egyptian Chemical Industries (Kima),0.0028
2002-02-05,0.24,0.24,0.24,0.24,176013,EGCH,Egyptian Chemical Industries (Kima),0.0028
2002-02-06,0.24,0.24,0.24,0.24,242343,EGCH,Egyptian Chemical Industries (Kima),0.0028
2002-02-07,0.24,0.24,0.24,0.24,197665,EGCH,Egyptian Chemical Industries (Kima),0.0028
2002-02-10,0.24,0.24,0.24,0.24,420037,EGCH,Egyptian Chemical Industries (Kima),0.0028
2002-02-11,0.24,0.24,0.24,0.24,172613,EGCH,Egyptian Chemical Industries (Kima),0.0028
2002-02-12,0.24,0.24,0.24,0.24,40363,EGCH,Egyptian Chemical Industries (Kima),0.0028
2002-02-17,0.24,0.24,0.24,0.24,403047,EGCH,Egyptian Chemical Industries (Kima),0.0028
2002-02-18,0.24,0.24,0.24,0.24,8040,EGCH,Egyptian Chemical Industries (Kima),0.0028
2002-02-19,0.24,0.24,0.24,0.24,19968,EGCH,Egyptian Chemical Industries (Kima),0.0028
2002-03-03,0.24,0.24,0.24,0.24,418356,EGCH,Egyptian Chemical Industries (Kima),0.0028
2002-03-04,0.24,0.24,0.24,0.24,148371,EGCH,Egyptian Chemical Industries (Kima),0.0028
2002-03-05,0.24,0.24,0.24,0.24,80766,EGCH,Egyptian Chemical Industries (Kima),0.0028
2002-03-06,0.24,0.24,0.24,0.24,8040,EGCH,Egyptian Chemical Industries (Kima),0.0028
2002-03-07,0.24,0.24,0.24,0.24,423887,EGCH,Egyptian Chemical Industries (Kima),0.0028
2002-03-10,0.24,0.24,0.24,0.24,198556,EGCH,Egyptian Chemical Industries (Kima),0.0028
2002-03-11,0.24,0.24,0.24,0.24,323110,EGCH,Egyptian Chemical Industries (Kima),0.0028
2002-03-17,0.24,0.24,0.24,0.24,423887,EGCH,Egyptian Chemical Industries (Kima),0.0028
2002-03-18,0.24,0.24,0.24,0.24,16123,EGCH,Egyptian Chemical Industries (Kima),0.0028
2002-03-20,0.24,0.24,0.24,0.24,84574,EGCH,Egyptian Chemical Industries (Kima),0.0028
2002-03-24,0.24,0.24,0.24,0.24,80766,EGCH,Egyptian Chemical Industries (Kima),0.0028
2002-03-26,0.24,0.24,0.24,0.24,79917,EGCH,Egyptian Chemical Industries (Kima),0.0028
2002-03-27,0.24,0.24,0.24,0.24,12738,EGCH,Egyptian Chemical Industries (Kima),0.0028
2002-03-28,0.24,0.24,0.24,0.24,161537,EGCH,Egyptian Chemical Industries (Kima),0.0028
2002-03-31,0.24,0.24,0.24,0.24,323110,EGCH,Egyptian Chemical Industries (Kima),0.0028
2002-04-01,0.24,0.24,0.24,0.24,8040,EGCH,Egyptian Chemical Industries (Kima),0.0028
2002-04-03,0.24,0.24,0.24,0.24,2959,EGCH,Egyptian Chemical Industries (Kima),0.0028
2002-04-07,0.24,0.24,0.24,0.24,7191,EGCH,Egyptian Chemical Industries (Kima),0.0028
2002-04-10,0.24,0.24,0.24,0.24,937063,EGCH,Egyptian Chemical Industries (Kima),0.0028
2002-04-16,0.24,0.24,0.24,0.24,40363,EGCH,Egyptian Chemical Industries (Kima),0.0028
2002-04-17,0.24,0.24,0.24,0.24,40363,EGCH,Egyptian Chemical Industries (Kima),0.0028
2002-04-18,0.24,0.24,0.24,0.24,80766,EGCH,Egyptian Chemical Industries (Kima),0.0028
2002-04-22,0.24,0.24,0.24,0.24,19968,EGCH,Egyptian Chemical Industries (Kima),0.0028
2002-04-23,0.24,0.24,0.24,0.24,256783,EGCH,Egyptian Chemical Industries (Kima),0.0028
2002-05-02,0.24,0.24,0.24,0.24,11040,EGCH,Egyptian Chemical Industries (Kima),0.0028
2002-05-09,0.24,0.24,0.24,0.24,201938,EGCH,Egyptian Chemical Industries (Kima),0.0028
2002-05-13,0.24,0.24,0.24,0.24,21670,EGCH,Egyptian Chemical Industries (Kima),0.0028
2002-05-20,0.24,0.24,0.24,0.24,355432,EGCH,Egyptian Chemical Industries (Kima),0.0028
2002-05-22,0.24,0.24,0.24,0.24,15272,EGCH,Egyptian Chemical Industries (Kima),0.0028
2002-05-26,0.24,0.24,0.24,0.24,28049,EGCH,Egyptian Chemical Industries (Kima),0.0028
2002-05-27,0.24,0.24,0.24,0.24,113092,EGCH,Egyptian Chemical Industries (Kima),0.0028
2002-05-28,0.24,0.24,0.24,0.24,8040,EGCH,Egyptian Chemical Industries (Kima),0.0028
2002-05-30,0.24,0.24,0.24,0.24,161537,EGCH,Egyptian Chemical Industries (Kima),0.0028
2002-06-02,0.24,0.24,0.24,0.24,80766,EGCH,Egyptian Chemical Industries (Kima),0.0028
2002-06-05,0.24,0.24,0.24,0.24,141140,EGCH,Egyptian Chemical Industries (Kima),0.0028
2002-06-09,0.24,0.24,0.24,0.24,40363,EGCH,Egyptian Chemical Industries (Kima),0.0028
2002-06-13,0.24,0.24,0.24,0.24,3807,EGCH,Egyptian Chemical Industries (Kima),0.0028
2002-06-16,0.24,0.24,0.24,0.24,60373,EGCH,Egyptian Chemical Industries (Kima),0.0028
2002-06-17,0.24,0.24,0.24,0.24,9356,EGCH,Egyptian Chemical Industries (Kima),0.0028
2002-06-18,0.24,0.24,0.24,0.24,1405626,EGCH,Egyptian Chemical Industries (Kima),0.0028
2002-06-19,0.24,0.24,0.24,0.24,64604,EGCH,Egyptian Chemical Industries (Kima),0.0028
2002-06-20,0.24,0.24,0.24,0.24,121171,EGCH,Egyptian Chemical Industries (Kima),0.0028
2002-06-24,0.24,0.24,0.24,0.24,500847,EGCH,Egyptian Chemical Industries (Kima),0.0028
2002-06-25,0.24,0.24,0.24,0.24,3807,EGCH,Egyptian Chemical Industries (Kima),0.0028
2002-06-30,0.24,0.24,0.24,0.24,19968,EGCH,Egyptian Chemical Industries (Kima),0.0028
2002-07-02,0.24,0.24,0.24,0.24,80766,EGCH,Egyptian Chemical Industries (Kima),0.0028
2002-07-11,0.24,0.24,0.24,0.24,403879,EGCH,Egyptian Chemical Industries (Kima),0.0028
2002-07-15,0.24,0.24,0.24,0.24,24200,EGCH,Egyptian Chemical Industries (Kima),0.0028
2002-07-18,0.24,0.24,0.24,0.24,379674,EGCH,Egyptian Chemical Industries (Kima),0.0028
2002-07-28,0.24,0.24,0.24,0.24,80766,EGCH,Egyptian Chemical Industries (Kima),0.0028
2002-07-29,0.24,0.24,0.24,0.24,767451,EGCH,Egyptian Chemical Industries (Kima),0.0028
2002-07-30,0.24,0.24,0.24,0.24,40363,EGCH,Egyptian Chemical Industries (Kima),0.0028
2002-07-31,0.24,0.24,0.24,0.24,22520,EGCH,Egyptian Chemical Industries (Kima),0.0028
2002-08-06,0.24,0.24,0.24,0.24,19968,EGCH,Egyptian Chemical Industries (Kima),0.0028
2002-08-07,0.24,0.24,0.24,0.24,11889,EGCH,Egyptian Chemical Industries (Kima),0.0028
2002-08-08,0.24,0.24,0.24,0.24,270391,EGCH,Egyptian Chemical Industries (Kima),0.0028
2002-08-11,0.24,0.24,0.24,0.24,807813,EGCH,Egyptian Chemical Industries (Kima),0.0028
2002-08-18,0.24,0.24,0.24,0.24,37831,EGCH,Egyptian Chemical Industries (Kima),0.0028
2002-08-19,0.24,0.24,0.24,0.24,16123,EGCH,Egyptian Chemical Industries (Kima),0.0028
2002-08-26,0.24,0.24,0.24,0.24,8040,EGCH,Egyptian Chemical Industries (Kima),0.0028
2002-08-28,0.24,0.24,0.24,0.24,19968,EGCH,Egyptian Chemical Industries (Kima),0.0028
2002-09-01,0.24,0.24,0.24,0.24,210020,EGCH,Egyptian Chemical Industries (Kima),0.0028
2002-09-09,0.24,0.24,0.24,0.24,80766,EGCH,Egyptian Chemical Industries (Kima),0.0028
2002-09-11,0.24,0.24,0.24,0.24,80766,EGCH,Egyptian Chemical Industries (Kima),0.0028
2002-09-12,0.24,0.24,0.24,0.24,201938,EGCH,Egyptian Chemical Industries (Kima),0.0028
2002-09-15,0.24,0.24,0.24,0.24,19968,EGCH,Egyptian Chemical Industries (Kima),0.0028
2002-09-16,0.24,0.24,0.24,0.24,242343,EGCH,Egyptian Chemical Industries (Kima),0.0028
2002-09-18,0.24,0.24,0.24,0.24,19968,EGCH,Egyptian Chemical Industries (Kima),0.0028
2002-09-19,0.24,0.24,0.24,0.24,658995,EGCH,Egyptian Chemical Industries (Kima),0.0028
2002-09-22,0.24,0.24,0.24,0.24,19968,EGCH,Egyptian Chemical Industries (Kima),0.0028
2002-09-23,0.24,0.24,0.24,0.24,205745,EGCH,Egyptian Chemical Industries (Kima),0.0028
2002-09-24,0.24,0.24,0.24,0.24,813342,EGCH,Egyptian Chemical Industries (Kima),0.0028
2002-09-26,0.24,0.24,0.24,0.24,3807,EGCH,Egyptian Chemical Industries (Kima),0.0028
2002-09-29,0.24,0.24,0.24,0.24,601602,EGCH,Egyptian Chemical Industries (Kima),0.0028
2002-10-02,0.24,0.24,0.24,0.24,2959,EGCH,Egyptian Chemical Industries (Kima),0.0028
2002-10-07,0.24,0.24,0.24,0.24,19968,EGCH,Egyptian Chemical Industries (Kima),0.0028
2002-10-08,0.24,0.24,0.24,0.24,2664991,EGCH,Egyptian Chemical Industries (Kima),0.0028
2002-10-09,0.24,0.24,0.24,0.24,80766,EGCH,Egyptian Chemical Industries (Kima),0.0028
2002-10-10,0.24,0.24,0.24,0.24,2439659,EGCH,Egyptian Chemical Industries (Kima),0.0028
2002-10-14,0.24,0.24,0.24,0.24,8845861,EGCH,Egyptian Chemical Industries (Kima),0.0028
2002-10-15,0.24,0.24,0.24,0.24,383479,EGCH,Egyptian Chemical Industries (Kima),0.0028
2002-10-16,0.24,0.24,0.24,0.24,162810,EGCH,Egyptian Chemical Industries (Kima),0.0028
2002-10-17,0.24,0.24,0.24,0.24,1050198,EGCH,Egyptian Chemical Industries (Kima),0.0028
2002-10-20,0.24,0.24,0.24,0.24,3807,EGCH,Egyptian Chemical Industries (Kima),0.0028
2002-10-21,0.24,0.24,0.24,0.24,864377,EGCH,Egyptian Chemical Industries (Kima),0.0028
2002-10-22,0.24,0.24,0.24,0.24,80766,EGCH,Egyptian Chemical Industries (Kima),0.0028
2002-10-23,0.24,0.24,0.24,0.24,3958419,EGCH,Egyptian Chemical Industries (Kima),0.0028
2002-10-24,0.24,0.24,0.24,0.24,1050198,EGCH,Egyptian Chemical Industries (Kima),0.0028
2002-10-27,0.24,0.24,0.24,0.24,242343,EGCH,Egyptian Chemical Industries (Kima),0.0028
2002-10-28,0.24,0.24,0.24,0.24,2959,EGCH,Egyptian Chemical Industries (Kima),0.0028
2002-10-30,0.24,0.24,0.24,0.24,40363,EGCH,Egyptian Chemical Industries (Kima),0.0028
2002-11-03,0.24,0.24,0.24,0.24,36131,EGCH,Egyptian Chemical Industries (Kima),0.0028
2002-11-04,0.24,0.24,0.24,0.24,1050198,EGCH,Egyptian Chemical Industries (Kima),0.0028
2002-11-05,0.24,0.24,0.24,0.24,80766,EGCH,Egyptian Chemical Industries (Kima),0.0028
2002-11-06,0.24,0.24,0.24,0.24,164530,EGCH,Egyptian Chemical Industries (Kima),0.0028
2002-11-07,0.24,0.24,0.24,0.24,1615645,EGCH,Egyptian Chemical Industries (Kima),0.0028
2002-11-11,0.24,0.24,0.24,0.24,423887,EGCH,Egyptian Chemical Industries (Kima),0.0028
2002-11-13,0.24,0.24,0.24,0.24,88848,EGCH,Egyptian Chemical Industries (Kima),0.0028
2002-11-14,0.24,0.24,0.24,0.24,234262,EGCH,Egyptian Chemical Industries (Kima),0.0028
2002-11-17,0.24,0.24,0.24,0.24,80766,EGCH,Egyptian Chemical Industries (Kima),0.0028
2002-11-18,0.24,0.24,0.24,0.24,282705,EGCH,Egyptian Chemical Industries (Kima),0.0028
2002-11-19,0.24,0.24,0.24,0.24,484684,EGCH,Egyptian Chemical Industries (Kima),0.0028
2002-11-20,0.24,0.24,0.24,0.24,242343,EGCH,Egyptian Chemical Industries (Kima),0.0028
2002-11-21,0.24,0.24,0.24,0.24,242343,EGCH,Egyptian Chemical Industries (Kima),0.0028
2002-11-24,0.24,0.24,0.24,0.24,1784472,EGCH,Egyptian Chemical Industries (Kima),0.0028
2002-11-25,0.24,0.24,0.24,0.24,521663,EGCH,Egyptian Chemical Industries (Kima),0.0028
2002-11-26,0.24,0.24,0.24,0.24,1171366,EGCH,Egyptian Chemical Industries (Kima),0.0028
2002-11-27,0.24,0.24,0.24,0.24,484684,EGCH,Egyptian Chemical Industries (Kima),0.0028
2002-11-28,0.24,0.24,0.24,0.24,2047633,EGCH,Egyptian Chemical Industries (Kima),0.0028
2002-12-01,0.24,0.24,0.24,0.24,1352909,EGCH,Egyptian Chemical Industries (Kima),0.0028
2002-12-02,0.24,0.24,0.24,0.24,100735,EGCH,Egyptian Chemical Industries (Kima),0.0028
2002-12-03,0.24,0.24,0.24,0.24,403879,EGCH,Egyptian Chemical Industries (Kima),0.0028
2002-12-04,0.24,0.24,0.24,0.24,181544,EGCH,Egyptian Chemical Industries (Kima),0.0028
2002-12-09,0.24,0.24,0.24,0.24,403879,EGCH,Egyptian Chemical Industries (Kima),0.0028
2002-12-10,0.24,0.24,0.24,0.24,3352950,EGCH,Egyptian Chemical Industries (Kima),0.0028
2002-12-11,0.24,0.24,0.24,0.24,99887,EGCH,Egyptian Chemical Industries (Kima),0.0028
2002-12-12,0.24,0.24,0.24,0.24,1171791,EGCH,Egyptian Chemical Industries (Kima),0.0028
2002-12-15,0.24,0.24,0.24,0.24,681558,EGCH,Egyptian Chemical Industries (Kima),0.0028
2002-12-16,0.24,0.24,0.24,0.24,161537,EGCH,Egyptian Chemical Industries (Kima),0.0028
2002-12-17,0.24,0.24,0.24,0.24,161537,EGCH,Egyptian Chemical Industries (Kima),0.0028
2002-12-19,0.24,0.24,0.24,0.24,525087,EGCH,Egyptian Chemical Industries (Kima),0.0028
2002-12-24,0.24,0.24,0.24,0.24,1034032,EGCH,Egyptian Chemical Industries (Kima),0.0028
2002-12-25,0.24,0.24,0.24,0.24,80766,EGCH,Egyptian Chemical Industries (Kima),0.0028
2002-12-26,0.24,0.24,0.24,0.24,80766,EGCH,Egyptian Chemical Industries (Kima),0.0028
2002-12-30,0.24,0.24,0.24,0.24,674328,EGCH,Egyptian Chemical Industries (Kima),0.0028
2002-12-31,0.24,0.24,0.24,0.24,80766,EGCH,Egyptian Chemical Industries (Kima),0.0028
2003-01-02,0.24,0.24,0.24,0.24,484684,EGCH,Egyptian Chemical Industries (Kima),0.0028
2003-01-05,0.24,0.24,0.24,0.24,484684,EGCH,Egyptian Chemical Industries (Kima),0.0028
2003-01-06,0.24,0.24,0.24,0.24,61223,EGCH,Egyptian Chemical Industries (Kima),0.0028
2003-01-08,0.24,0.24,0.24,0.24,80766,EGCH,Egyptian Chemical Industries (Kima),0.0028
2003-01-12,0.24,0.24,0.24,0.24,80766,EGCH,Egyptian Chemical Industries (Kima),0.0028
2003-01-14,0.24,0.24,0.24,0.24,803581,EGCH,Egyptian Chemical Industries (Kima),0.0028
2003-01-15,0.24,0.24,0.24,0.24,1574411,EGCH,Egyptian Chemical Industries (Kima),0.0028
2003-01-20,0.24,0.24,0.24,0.24,779340,EGCH,Egyptian Chemical Industries (Kima),0.0028
2003-01-21,0.24,0.24,0.24,0.24,80766,EGCH,Egyptian Chemical Industries (Kima),0.0028
2003-01-23,0.24,0.24,0.24,0.24,96927,EGCH,Egyptian Chemical Industries (Kima),0.0028
2003-01-26,0.24,0.24,0.24,0.24,147541,EGCH,Egyptian Chemical Industries (Kima),0.0028
2003-01-27,0.24,0.24,0.24,0.24,853746,EGCH,Egyptian Chemical Industries (Kima),0.0028
2003-01-28,0.24,0.24,0.24,0.24,19968,EGCH,Egyptian Chemical Industries (Kima),0.0028
2003-01-29,0.24,0.24,0.24,0.24,752544,EGCH,Egyptian Chemical Industries (Kima),0.0028
2003-01-30,0.24,0.24,0.24,0.24,114370,EGCH,Egyptian Chemical Industries (Kima),0.0028
2003-02-02,0.24,0.24,0.24,0.24,161537,EGCH,Egyptian Chemical Industries (Kima),0.0028
2003-02-03,0.24,0.24,0.24,0.24,80766,EGCH,Egyptian Chemical Industries (Kima),0.0028
2003-02-04,0.24,0.24,0.24,0.24,405195,EGCH,Egyptian Chemical Industries (Kima),0.0028
2003-02-06,0.24,0.24,0.24,0.24,114370,EGCH,Egyptian Chemical Industries (Kima),0.0028
2003-02-18,0.24,0.24,0.24,0.24,403879,EGCH,Egyptian Chemical Industries (Kima),0.0028
2003-02-19,0.24,0.24,0.24,0.24,782720,EGCH,Egyptian Chemical Industries (Kima),0.0028
2003-02-20,0.24,0.24,0.24,0.24,899658,EGCH,Egyptian Chemical Industries (Kima),0.0028
2003-02-23,0.24,0.24,0.24,0.24,403879,EGCH,Egyptian Chemical Industries (Kima),0.0028
2003-02-24,0.24,0.24,0.24,0.24,1130962,EGCH,Egyptian Chemical Industries (Kima),0.0028
2003-02-26,0.24,0.24,0.24,0.24,1130962,EGCH,Egyptian Chemical Industries (Kima),0.0028
2003-02-27,0.24,0.24,0.24,0.24,242343,EGCH,Egyptian Chemical Industries (Kima),0.0028
2003-03-03,0.24,0.24,0.24,0.24,2403954,EGCH,Egyptian Chemical Industries (Kima),0.0028
2003-03-06,0.24,0.24,0.24,0.24,444280,EGCH,Egyptian Chemical Industries (Kima),0.0028
2003-03-11,0.24,0.24,0.24,0.24,525087,EGCH,Egyptian Chemical Industries (Kima),0.0028
2003-03-13,0.24,0.24,0.24,0.24,8040,EGCH,Egyptian Chemical Industries (Kima),0.0028
2003-03-24,0.24,0.24,0.24,0.24,8040,EGCH,Egyptian Chemical Industries (Kima),0.0028
2003-03-27,0.24,0.24,0.24,0.24,60373,EGCH,Egyptian Chemical Industries (Kima),0.0028
2003-04-02,0.24,0.24,0.24,0.24,403879,EGCH,Egyptian Chemical Industries (Kima),0.0028
2003-04-10,0.24,0.24,0.24,0.24,150072,EGCH,Egyptian Chemical Industries (Kima),0.0028
2003-04-13,0.24,0.24,0.24,0.24,80766,EGCH,Egyptian Chemical Industries (Kima),0.0028
2003-04-14,0.24,0.24,0.24,0.24,121171,EGCH,Egyptian Chemical Industries (Kima),0.0028
2003-04-15,0.24,0.24,0.24,0.24,1373302,EGCH,Egyptian Chemical Industries (Kima),0.0028
2003-04-17,0.24,0.24,0.24,0.24,395836,EGCH,Egyptian Chemical Industries (Kima),0.0028
2003-04-23,0.24,0.24,0.24,0.24,80766,EGCH,Egyptian Chemical Industries (Kima),0.0028
2003-04-24,0.24,0.24,0.24,0.24,2221561,EGCH,Egyptian Chemical Industries (Kima),0.0028
2003-04-29,0.24,0.24,0.24,0.24,229987,EGCH,Egyptian Chemical Industries (Kima),0.0028
2003-04-30,0.24,0.24,0.24,0.24,383479,EGCH,Egyptian Chemical Industries (Kima),0.0028
2003-05-04,0.24,0.24,0.24,0.24,403879,EGCH,Egyptian Chemical Industries (Kima),0.0028
2003-05-06,0.24,0.24,0.24,0.24,1623724,EGCH,Egyptian Chemical Industries (Kima),0.0028
2003-05-08,0.24,0.24,0.24,0.24,507204,EGCH,Egyptian Chemical Industries (Kima),0.0028
2003-05-11,0.24,0.24,0.24,0.24,161537,EGCH,Egyptian Chemical Industries (Kima),0.0028
2003-05-12,0.24,0.24,0.24,0.24,815042,EGCH,Egyptian Chemical Industries (Kima),0.0028
2003-05-15,0.24,0.24,0.24,0.24,282705,EGCH,Egyptian Chemical Industries (Kima),0.0028
2003-05-19,0.24,0.24,0.24,0.24,11040,EGCH,Egyptian Chemical Industries (Kima),0.0028
2003-05-20,0.24,0.24,0.24,0.24,807813,EGCH,Egyptian Chemical Industries (Kima),0.0028
2003-05-21,0.24,0.24,0.24,0.24,80766,EGCH,Egyptian Chemical Industries (Kima),0.0028
2003-05-22,0.24,0.24,0.24,0.24,8040,EGCH,Egyptian Chemical Industries (Kima),0.0028
2003-05-25,0.24,0.24,0.24,0.24,11040,EGCH,Egyptian Chemical Industries (Kima),0.0028
2003-05-26,0.24,0.24,0.24,0.24,484684,EGCH,Egyptian Chemical Industries (Kima),0.0028
2003-05-27,0.24,0.24,0.24,0.24,11040,EGCH,Egyptian Chemical Industries (Kima),0.0028
2003-05-29,0.24,0.24,0.24,0.24,23350,EGCH,Egyptian Chemical Industries (Kima),0.0028
2003-06-01,0.24,0.24,0.24,0.24,400494,EGCH,Egyptian Chemical Industries (Kima),0.0028
2003-06-02,0.24,0.24,0.24,0.24,161537,EGCH,Egyptian Chemical Industries (Kima),0.0028
2003-06-03,0.24,0.24,0.24,0.24,40363,EGCH,Egyptian Chemical Industries (Kima),0.0028
2003-06-05,0.24,0.24,0.24,0.24,8040,EGCH,Egyptian Chemical Industries (Kima),0.0028
2003-06-10,0.24,0.24,0.24,0.24,403879,EGCH,Egyptian Chemical Industries (Kima),0.0028
2003-06-12,0.24,0.24,0.24,0.24,40363,EGCH,Egyptian Chemical Industries (Kima),0.0028
2003-06-17,0.24,0.24,0.24,0.24,363514,EGCH,Egyptian Chemical Industries (Kima),0.0028
2003-06-18,0.24,0.24,0.24,0.24,80766,EGCH,Egyptian Chemical Industries (Kima),0.0028
2003-06-19,0.24,0.24,0.24,0.24,354602,EGCH,Egyptian Chemical Industries (Kima),0.0028
2003-06-22,0.24,0.24,0.24,0.24,427288,EGCH,Egyptian Chemical Industries (Kima),0.0028
2003-06-23,0.24,0.24,0.24,0.24,19968,EGCH,Egyptian Chemical Industries (Kima),0.0028
2003-06-24,0.24,0.24,0.24,0.24,690487,EGCH,Egyptian Chemical Industries (Kima),0.0028
2003-06-25,0.24,0.24,0.24,0.24,11889,EGCH,Egyptian Chemical Industries (Kima),0.0028
2003-06-29,0.24,0.24,0.24,0.24,928985,EGCH,Egyptian Chemical Industries (Kima),0.0028
2003-06-30,0.24,0.24,0.24,0.24,358406,EGCH,Egyptian Chemical Industries (Kima),0.0028
2003-07-02,0.24,0.24,0.24,0.24,80766,EGCH,Egyptian Chemical Industries (Kima),0.0028
2003-07-03,0.24,0.24,0.24,0.24,9356,EGCH,Egyptian Chemical Industries (Kima),0.0028
2003-07-08,0.24,0.24,0.24,0.24,40363,EGCH,Egyptian Chemical Industries (Kima),0.0028
2003-07-14,0.24,0.24,0.24,0.24,141992,EGCH,Egyptian Chemical Industries (Kima),0.0028
2003-07-20,0.24,0.24,0.24,0.24,91806,EGCH,Egyptian Chemical Industries (Kima),0.0028
2003-07-21,0.24,0.24,0.24,0.24,19968,EGCH,Egyptian Chemical Industries (Kima),0.0028
2003-07-27,0.24,0.24,0.24,0.24,11889,EGCH,Egyptian Chemical Industries (Kima),0.0028
2003-07-29,0.24,0.24,0.24,0.24,789099,EGCH,Egyptian Chemical Industries (Kima),0.0028
2003-07-30,0.24,0.24,0.24,0.24,210020,EGCH,Egyptian Chemical Industries (Kima),0.0028
2003-08-14,0.24,0.24,0.24,0.24,80766,EGCH,Egyptian Chemical Industries (Kima),0.0028
2003-08-20,0.24,0.24,0.24,0.24,8040,EGCH,Egyptian Chemical Industries (Kima),0.0028
2003-08-21,0.24,0.24,0.24,0.24,121171,EGCH,Egyptian Chemical Industries (Kima),0.0028
2003-08-25,0.24,0.24,0.24,0.24,20821,EGCH,Egyptian Chemical Industries (Kima),0.0028
2003-08-26,0.24,0.24,0.24,0.24,201938,EGCH,Egyptian Chemical Industries (Kima),0.0028
2003-08-28,0.24,0.24,0.24,0.24,40363,EGCH,Egyptian Chemical Industries (Kima),0.0028
2003-09-04,0.24,0.24,0.24,0.24,80766,EGCH,Egyptian Chemical Industries (Kima),0.0028
2003-09-09,0.24,0.24,0.24,0.24,48442,EGCH,Egyptian Chemical Industries (Kima),0.0028
2003-09-14,0.24,0.24,0.24,0.24,40363,EGCH,Egyptian Chemical Industries (Kima),0.0028
2003-09-15,0.24,0.24,0.24,0.24,21670,EGCH,Egyptian Chemical Industries (Kima),0.0028
2003-09-16,0.24,0.24,0.24,0.24,403879,EGCH,Egyptian Chemical Industries (Kima),0.0028
2003-09-17,0.24,0.24,0.24,0.24,149221,EGCH,Egyptian Chemical Industries (Kima),0.0028
2003-09-18,0.24,0.24,0.24,0.24,48442,EGCH,Egyptian Chemical Industries (Kima),0.0028
2003-09-21,0.24,0.24,0.24,0.24,525087,EGCH,Egyptian Chemical Industries (Kima),0.0028
2003-09-24,0.24,0.24,0.24,0.24,1211732,EGCH,Egyptian Chemical Industries (Kima),0.0028
2003-09-29,0.24,0.24,0.24,0.24,96927,EGCH,Egyptian Chemical Industries (Kima),0.0028
2003-09-30,0.24,0.24,0.24,0.24,151770,EGCH,Egyptian Chemical Industries (Kima),0.0028
2003-10-01,0.24,0.24,0.24,0.24,274625,EGCH,Egyptian Chemical Industries (Kima),0.0028
2003-10-07,0.24,0.24,0.24,0.24,88848,EGCH,Egyptian Chemical Industries (Kima),0.0028
2003-10-08,0.24,0.24,0.24,0.24,218099,EGCH,Egyptian Chemical Industries (Kima),0.0028
2003-10-09,0.24,0.24,0.24,0.24,16123,EGCH,Egyptian Chemical Industries (Kima),0.0028
2003-10-14,0.24,0.24,0.24,0.24,80766,EGCH,Egyptian Chemical Industries (Kima),0.0028
2003-10-20,0.24,0.24,0.24,0.24,892428,EGCH,Egyptian Chemical Industries (Kima),0.0028
2003-10-21,0.24,0.24,0.24,0.24,137292,EGCH,Egyptian Chemical Industries (Kima),0.0028
2003-10-22,0.24,0.24,0.24,0.24,646279,EGCH,Egyptian Chemical Industries (Kima),0.0028
2003-10-23,0.24,0.24,0.24,0.24,738934,EGCH,Egyptian Chemical Industries (Kima),0.0028
2003-10-26,0.24,0.24,0.24,0.24,370766,EGCH,Egyptian Chemical Industries (Kima),0.0028
2003-10-27,0.24,0.24,0.24,0.24,868183,EGCH,Egyptian Chemical Industries (Kima),0.0028
2003-11-02,0.24,0.24,0.24,0.24,84574,EGCH,Egyptian Chemical Industries (Kima),0.0028
2003-11-06,0.24,0.24,0.24,0.24,80766,EGCH,Egyptian Chemical Industries (Kima),0.0028
2003-11-09,0.24,0.24,0.24,0.24,565472,EGCH,Egyptian Chemical Industries (Kima),0.0028
2003-11-10,0.24,0.24,0.24,0.24,565472,EGCH,Egyptian Chemical Industries (Kima),0.0028
2003-11-11,0.24,0.24,0.24,0.24,343929,EGCH,Egyptian Chemical Industries (Kima),0.0028
2003-11-12,0.24,0.24,0.24,0.24,592669,EGCH,Egyptian Chemical Industries (Kima),0.0028
2003-11-13,0.24,0.24,0.24,0.24,525514,EGCH,Egyptian Chemical Industries (Kima),0.0028
2003-11-16,0.24,0.24,0.24,0.24,528060,EGCH,Egyptian Chemical Industries (Kima),0.0028
2003-11-18,0.24,0.24,0.24,0.24,8040,EGCH,Egyptian Chemical Industries (Kima),0.0028
2003-11-19,0.24,0.24,0.24,0.24,282705,EGCH,Egyptian Chemical Industries (Kima),0.0028
2003-11-23,0.24,0.24,0.24,0.24,52293,EGCH,Egyptian Chemical Industries (Kima),0.0028
2003-12-04,0.24,0.24,0.24,0.24,1472402,EGCH,Egyptian Chemical Industries (Kima),0.0028
2003-12-07,0.24,0.24,0.24,0.24,40363,EGCH,Egyptian Chemical Industries (Kima),0.0028
2003-12-09,0.24,0.24,0.24,0.24,80766,EGCH,Egyptian Chemical Industries (Kima),0.0028
2003-12-10,0.24,0.24,0.24,0.24,242343,EGCH,Egyptian Chemical Industries (Kima),0.0028
2003-12-11,0.24,0.24,0.24,0.24,80766,EGCH,Egyptian Chemical Industries (Kima),0.0028
2003-12-14,0.24,0.24,0.24,0.24,323110,EGCH,Egyptian Chemical Industries (Kima),0.0028
2003-12-15,0.24,0.24,0.24,0.24,400494,EGCH,Egyptian Chemical Industries (Kima),0.0028
2003-12-16,0.24,0.24,0.24,0.24,625844,EGCH,Egyptian Chemical Industries (Kima),0.0028
2003-12-17,0.24,0.24,0.24,0.24,80766,EGCH,Egyptian Chemical Industries (Kima),0.0028
2003-12-18,0.24,0.24,0.24,0.24,84574,EGCH,Egyptian Chemical Industries (Kima),0.0028
2003-12-22,0.24,0.24,0.24,0.24,16123,EGCH,Egyptian Chemical Industries (Kima),0.0028
2003-12-30,0.24,0.24,0.24,0.24,153454,EGCH,Egyptian Chemical Industries (Kima),0.0028
2004-01-05,0.24,0.24,0.24,0.24,403879,EGCH,Egyptian Chemical Industries (Kima),0.0028
2004-01-06,0.24,0.24,0.24,0.24,2596962,EGCH,Egyptian Chemical Industries (Kima),0.0028
2004-01-08,0.24,0.24,0.24,0.24,1110570,EGCH,Egyptian Chemical Industries (Kima),0.0028
2004-01-11,0.24,0.24,0.24,0.24,363514,EGCH,Egyptian Chemical Industries (Kima),0.0028
2004-01-12,0.24,0.24,0.24,0.24,331616,EGCH,Egyptian Chemical Industries (Kima),0.0028
2004-01-13,0.24,0.24,0.24,0.24,24200,EGCH,Egyptian Chemical Industries (Kima),0.0028
2004-01-14,0.24,0.24,0.24,0.24,807813,EGCH,Egyptian Chemical Industries (Kima),0.0028
2004-01-15,0.24,0.24,0.24,0.24,8040,EGCH,Egyptian Chemical Industries (Kima),0.0028
2004-01-18,0.24,0.24,0.24,0.24,204913,EGCH,Egyptian Chemical Industries (Kima),0.0028
2004-01-21,0.24,0.24,0.24,0.24,1725354,EGCH,Egyptian Chemical Industries (Kima),0.0028
2004-01-22,0.24,0.24,0.24,0.24,1494478,EGCH,Egyptian Chemical Industries (Kima),0.0028
2004-01-25,0.24,0.24,0.24,0.24,969390,EGCH,Egyptian Chemical Industries (Kima),0.0028
2004-01-26,0.24,0.24,0.24,0.24,1656048,EGCH,Egyptian Chemical Industries (Kima),0.0028
2004-01-27,0.24,0.24,0.24,0.24,484684,EGCH,Egyptian Chemical Industries (Kima),0.0028
2004-01-28,0.24,0.24,0.24,0.24,282705,EGCH,Egyptian Chemical Industries (Kima),0.0028
2004-01-29,0.24,0.24,0.24,0.24,19968,EGCH,Egyptian Chemical Industries (Kima),0.0028
2004-02-03,0.24,0.24,0.24,0.24,80766,EGCH,Egyptian Chemical Industries (Kima),0.0028
2004-02-04,0.24,0.24,0.24,0.24,100735,EGCH,Egyptian Chemical Industries (Kima),0.0028
2004-02-05,0.24,0.24,0.24,0.24,19968,EGCH,Egyptian Chemical Industries (Kima),0.0028
2004-02-08,0.24,0.24,0.24,0.24,161537,EGCH,Egyptian Chemical Industries (Kima),0.0028
2004-02-09,0.24,0.24,0.24,0.24,19968,EGCH,Egyptian Chemical Industries (Kima),0.0028
2004-02-10,0.24,0.24,0.24,0.24,80766,EGCH,Egyptian Chemical Industries (Kima),0.0028
2004-02-11,0.24,0.24,0.24,0.24,161537,EGCH,Egyptian Chemical Industries (Kima),0.0028
2004-02-12,0.24,0.24,0.24,0.24,40363,EGCH,Egyptian Chemical Industries (Kima),0.0028
2004-02-15,0.24,0.24,0.24,0.24,787418,EGCH,Egyptian Chemical Industries (Kima),0.0028
2004-02-16,0.24,0.24,0.24,0.24,80766,EGCH,Egyptian Chemical Industries (Kima),0.0028
2004-02-17,0.24,0.24,0.24,0.24,605874,EGCH,Egyptian Chemical Industries (Kima),0.0028
2004-02-18,0.24,0.24,0.24,0.24,105008,EGCH,Egyptian Chemical Industries (Kima),0.0028
2004-02-19,0.24,0.24,0.24,0.24,173462,EGCH,Egyptian Chemical Industries (Kima),0.0028
2004-02-22,0.24,0.24,0.24,0.24,80766,EGCH,Egyptian Chemical Industries (Kima),0.0028
2004-02-23,0.24,0.24,0.24,0.24,272093,EGCH,Egyptian Chemical Industries (Kima),0.0028
2004-02-24,0.24,0.24,0.24,0.24,44208,EGCH,Egyptian Chemical Industries (Kima),0.0028
2004-02-29,0.24,0.24,0.24,0.24,121171,EGCH,Egyptian Chemical Industries (Kima),0.0028
2004-03-01,0.24,0.24,0.24,0.24,41642,EGCH,Egyptian Chemical Industries (Kima),0.0028
2004-03-02,0.24,0.24,0.24,0.24,948996,EGCH,Egyptian Chemical Industries (Kima),0.0028
2004-03-03,0.24,0.24,0.24,0.24,161537,EGCH,Egyptian Chemical Industries (Kima),0.0028
2004-03-04,0.24,0.24,0.24,0.24,40363,EGCH,Egyptian Chemical Industries (Kima),0.0028
2004-03-08,0.24,0.24,0.24,0.24,189626,EGCH,Egyptian Chemical Industries (Kima),0.0028
2004-03-09,0.24,0.24,0.24,0.24,6360,EGCH,Egyptian Chemical Industries (Kima),0.0028
2004-03-10,0.24,0.24,0.24,0.24,80766,EGCH,Egyptian Chemical Industries (Kima),0.0028
2004-03-14,0.24,0.24,0.24,0.24,312497,EGCH,Egyptian Chemical Industries (Kima),0.0028
2004-03-15,0.24,0.24,0.24,0.24,179822,EGCH,Egyptian Chemical Industries (Kima),0.0028
2004-03-16,0.24,0.24,0.24,0.24,64604,EGCH,Egyptian Chemical Industries (Kima),0.0028
2004-03-17,0.24,0.24,0.24,0.24,282705,EGCH,Egyptian Chemical Industries (Kima),0.0028
2004-03-21,0.24,0.24,0.24,0.24,205745,EGCH,Egyptian Chemical Industries (Kima),0.0028
2004-03-22,0.24,0.24,0.24,0.24,682409,EGCH,Egyptian Chemical Industries (Kima),0.0028
2004-03-24,0.24,0.24,0.24,0.24,282705,EGCH,Egyptian Chemical Industries (Kima),0.0028
2004-03-25,0.24,0.24,0.24,0.24,1293812,EGCH,Egyptian Chemical Industries (Kima),0.0028
2004-03-28,0.24,0.24,0.24,0.24,3807,EGCH,Egyptian Chemical Industries (Kima),0.0028
2004-03-29,0.24,0.24,0.24,0.24,40363,EGCH,Egyptian Chemical Industries (Kima),0.0028
2004-04-05,0.24,0.24,0.24,0.24,242343,EGCH,Egyptian Chemical Industries (Kima),0.0028
2004-04-06,0.24,0.24,0.24,0.24,97355,EGCH,Egyptian Chemical Industries (Kima),0.0028
2004-04-08,0.24,0.24,0.24,0.24,646279,EGCH,Egyptian Chemical Industries (Kima),0.0028
2004-04-13,0.24,0.24,0.24,0.24,323110,EGCH,Egyptian Chemical Industries (Kima),0.0028
2004-04-14,0.24,0.24,0.24,0.24,508095,EGCH,Egyptian Chemical Industries (Kima),0.0028
2004-04-19,0.24,0.24,0.24,0.24,32284,EGCH,Egyptian Chemical Industries (Kima),0.0028
2004-04-20,0.24,0.24,0.24,0.24,28049,EGCH,Egyptian Chemical Industries (Kima),0.0028
2004-04-22,0.24,0.24,0.24,0.24,80766,EGCH,Egyptian Chemical Industries (Kima),0.0028
2004-04-26,0.24,0.24,0.24,0.24,453637,EGCH,Egyptian Chemical Industries (Kima),0.0028
2004-04-27,0.24,0.24,0.24,0.24,30604,EGCH,Egyptian Chemical Industries (Kima),0.0028
2004-04-28,0.24,0.24,0.24,0.24,29751,EGCH,Egyptian Chemical Industries (Kima),0.0028
2004-04-29,0.24,0.24,0.24,0.24,30604,EGCH,Egyptian Chemical Industries (Kima),0.0028
2004-05-05,0.24,0.24,0.24,0.24,10208,EGCH,Egyptian Chemical Industries (Kima),0.0028
2004-05-06,0.24,0.24,0.24,0.24,242343,EGCH,Egyptian Chemical Industries (Kima),0.0028
2004-05-09,0.24,0.24,0.24,0.24,452362,EGCH,Egyptian Chemical Industries (Kima),0.0028
2004-05-11,0.24,0.24,0.24,0.24,201938,EGCH,Egyptian Chemical Industries (Kima),0.0028
2004-05-13,0.24,0.24,0.24,0.24,251700,EGCH,Egyptian Chemical Industries (Kima),0.0028
2004-05-16,0.24,0.24,0.24,0.24,121171,EGCH,Egyptian Chemical Industries (Kima),0.0028
2004-05-17,0.24,0.24,0.24,0.24,221906,EGCH,Egyptian Chemical Industries (Kima),0.0028
2004-05-23,0.24,0.24,0.24,0.24,16123,EGCH,Egyptian Chemical Industries (Kima),0.0028
2004-06-10,0.24,0.24,0.24,0.24,1167094,EGCH,Egyptian Chemical Industries (Kima),0.0028
2004-06-16,0.24,0.24,0.24,0.24,108819,EGCH,Egyptian Chemical Industries (Kima),0.0028
2004-06-17,0.24,0.24,0.24,0.24,484684,EGCH,Egyptian Chemical Industries (Kima),0.0028
2004-06-20,0.24,0.24,0.24,0.24,666248,EGCH,Egyptian Chemical Industries (Kima),0.0028
2004-06-21,0.24,0.24,0.24,0.24,3807,EGCH,Egyptian Chemical Industries (Kima),0.0028
2004-06-23,0.24,0.24,0.24,0.24,500847,EGCH,Egyptian Chemical Industries (Kima),0.0028
2004-06-24,0.24,0.24,0.24,0.24,80766,EGCH,Egyptian Chemical Industries (Kima),0.0028
2004-06-28,0.24,0.24,0.24,0.24,32284,EGCH,Egyptian Chemical Industries (Kima),0.0028
2004-06-30,0.24,0.24,0.24,0.24,60373,EGCH,Egyptian Chemical Industries (Kima),0.0028
2004-07-05,0.24,0.24,0.24,0.24,19118,EGCH,Egyptian Chemical Industries (Kima),0.0028
2004-07-08,0.24,0.24,0.24,0.24,97355,EGCH,Egyptian Chemical Industries (Kima),0.0028
2004-07-11,0.24,0.24,0.24,0.24,747014,EGCH,Egyptian Chemical Industries (Kima),0.0028
2004-07-12,0.24,0.24,0.24,0.24,364790,EGCH,Egyptian Chemical Industries (Kima),0.0028
2004-07-13,0.24,0.24,0.24,0.24,381802,EGCH,Egyptian Chemical Industries (Kima),0.0028
2004-07-18,0.24,0.24,0.24,0.24,500847,EGCH,Egyptian Chemical Industries (Kima),0.0028
2004-07-21,0.24,0.24,0.24,0.24,295484,EGCH,Egyptian Chemical Industries (Kima),0.0028
2004-07-28,0.24,0.24,0.24,0.24,80766,EGCH,Egyptian Chemical Industries (Kima),0.0028
2004-07-29,0.24,0.24,0.24,0.24,1947300,EGCH,Egyptian Chemical Industries (Kima),0.0028
2004-08-02,0.24,0.24,0.24,0.24,1363544,EGCH,Egyptian Chemical Industries (Kima),0.0028
2004-08-03,0.24,0.24,0.24,0.24,1050198,EGCH,Egyptian Chemical Industries (Kima),0.0028
2004-08-04,0.24,0.24,0.24,0.24,93506,EGCH,Egyptian Chemical Industries (Kima),0.0028
2004-08-08,0.24,0.24,0.24,0.24,181544,EGCH,Egyptian Chemical Industries (Kima),0.0028
2004-08-09,0.24,0.24,0.24,0.24,3236882,EGCH,Egyptian Chemical Industries (Kima),0.0028
2004-08-10,0.24,0.24,0.24,0.24,8040,EGCH,Egyptian Chemical Industries (Kima),0.0028
2004-08-11,0.24,0.24,0.24,0.24,19968,EGCH,Egyptian Chemical Industries (Kima),0.0028
2004-08-12,0.24,0.24,0.24,0.24,60373,EGCH,Egyptian Chemical Industries (Kima),0.0028
2004-08-15,0.24,0.24,0.24,0.24,226180,EGCH,Egyptian Chemical Industries (Kima),0.0028
2004-08-18,0.24,0.24,0.24,0.24,40363,EGCH,Egyptian Chemical Industries (Kima),0.0028
2004-08-25,0.24,0.24,0.24,0.24,40363,EGCH,Egyptian Chemical Industries (Kima),0.0028
2004-08-26,0.24,0.24,0.24,0.24,40363,EGCH,Egyptian Chemical Industries (Kima),0.0028
2004-09-01,0.24,0.24,0.24,0.24,16123,EGCH,Egyptian Chemical Industries (Kima),0.0028
2004-09-02,0.24,0.24,0.24,0.24,58651,EGCH,Egyptian Chemical Industries (Kima),0.0028
2004-09-06,0.24,0.24,0.24,0.24,19968,EGCH,Egyptian Chemical Industries (Kima),0.0028
2004-09-07,0.24,0.24,0.24,0.24,16123,EGCH,Egyptian Chemical Industries (Kima),0.0028
2004-09-09,0.24,0.24,0.24,0.24,16123,EGCH,Egyptian Chemical Industries (Kima),0.0028
2004-09-16,0.24,0.24,0.24,0.24,484684,EGCH,Egyptian Chemical Industries (Kima),0.0028
2004-09-19,0.24,0.24,0.24,0.24,100735,EGCH,Egyptian Chemical Industries (Kima),0.0028
2004-09-20,0.24,0.24,0.24,0.24,36131,EGCH,Egyptian Chemical Industries (Kima),0.0028
2004-09-22,0.24,0.24,0.24,0.24,80766,EGCH,Egyptian Chemical Industries (Kima),0.0028
2004-09-27,0.24,0.24,0.24,0.24,52293,EGCH,Egyptian Chemical Industries (Kima),0.0028
2004-09-28,0.24,0.24,0.24,0.24,100735,EGCH,Egyptian Chemical Industries (Kima),0.0028
2004-10-05,0.24,0.24,0.24,0.24,40363,EGCH,Egyptian Chemical Industries (Kima),0.0028
2004-10-10,0.24,0.24,0.24,0.24,48442,EGCH,Egyptian Chemical Industries (Kima),0.0028
2004-10-11,0.24,0.24,0.24,0.24,403879,EGCH,Egyptian Chemical Industries (Kima),0.0028
2004-10-12,0.24,0.24,0.24,0.24,1196885,EGCH,Egyptian Chemical Industries (Kima),0.0028
2004-10-13,0.24,0.24,0.24,0.24,349476,EGCH,Egyptian Chemical Industries (Kima),0.0028
2004-10-14,0.24,0.24,0.24,0.24,16123,EGCH,Egyptian Chemical Industries (Kima),0.0028
2004-10-19,0.24,0.24,0.24,0.24,9356,EGCH,Egyptian Chemical Industries (Kima),0.0028
2004-10-20,0.24,0.24,0.24,0.24,236386,EGCH,Egyptian Chemical Industries (Kima),0.0028
2004-10-21,0.24,0.24,0.24,0.24,80766,EGCH,Egyptian Chemical Industries (Kima),0.0028
2004-10-25,0.24,0.24,0.24,0.24,701956,EGCH,Egyptian Chemical Industries (Kima),0.0028
2004-10-26,0.24,0.24,0.24,0.24,969390,EGCH,Egyptian Chemical Industries (Kima),0.0028
2004-10-27,0.24,0.24,0.24,0.24,170892,EGCH,Egyptian Chemical Industries (Kima),0.0028
2004-10-28,0.24,0.24,0.24,0.24,1957934,EGCH,Egyptian Chemical Industries (Kima),0.0028
2004-10-31,0.24,0.24,0.24,0.24,949846,EGCH,Egyptian Chemical Industries (Kima),0.0028
2004-11-01,0.24,0.24,0.24,0.24,1050198,EGCH,Egyptian Chemical Industries (Kima),0.0028
2004-11-02,0.24,0.24,0.24,0.24,80766,EGCH,Egyptian Chemical Industries (Kima),0.0028
2004-11-03,0.24,0.24,0.24,0.24,1050198,EGCH,Egyptian Chemical Industries (Kima),0.0028
2004-11-04,0.24,0.24,0.24,0.24,549309,EGCH,Egyptian Chemical Industries (Kima),0.0028
2004-11-10,0.24,0.24,0.24,0.24,24200,EGCH,Egyptian Chemical Industries (Kima),0.0028
2004-11-16,0.24,0.24,0.24,0.24,80766,EGCH,Egyptian Chemical Industries (Kima),0.0028
2004-11-17,0.24,0.24,0.24,0.24,1122881,EGCH,Egyptian Chemical Industries (Kima),0.0028
2004-12-06,0.24,0.24,0.24,0.24,121171,EGCH,Egyptian Chemical Industries (Kima),0.0028
2004-12-09,0.24,0.24,0.24,0.24,20381802,EGCH,Egyptian Chemical Industries (Kima),0.0028
2004-12-12,0.24,0.24,0.24,0.24,121171,EGCH,Egyptian Chemical Industries (Kima),0.0028
2004-12-13,0.24,0.24,0.24,0.24,121171,EGCH,Egyptian Chemical Industries (Kima),0.0028
2004-12-14,0.24,0.24,0.24,0.24,155619,EGCH,Egyptian Chemical Industries (Kima),0.0028
2004-12-15,0.24,0.24,0.24,0.24,622441,EGCH,Egyptian Chemical Industries (Kima),0.0028
2004-12-16,0.24,0.24,0.24,0.24,318007,EGCH,Egyptian Chemical Industries (Kima),0.0028
2004-12-21,0.24,0.24,0.24,0.24,368168,EGCH,Egyptian Chemical Industries (Kima),0.0028
2004-12-22,0.24,0.24,0.24,0.24,463418,EGCH,Egyptian Chemical Industries (Kima),0.0028
2004-12-23,0.24,0.24,0.24,0.24,738934,EGCH,Egyptian Chemical Industries (Kima),0.0028
2004-12-26,0.24,0.24,0.24,0.24,484684,EGCH,Egyptian Chemical Industries (Kima),0.0028
2004-12-28,0.24,0.24,0.24,0.24,80766,EGCH,Egyptian Chemical Industries (Kima),0.0028
2004-12-29,0.24,0.24,0.24,0.24,169614,EGCH,Egyptian Chemical Industries (Kima),0.0028
2004-12-30,0.24,0.24,0.24,0.24,64604,EGCH,Egyptian Chemical Industries (Kima),0.0028
2005-01-02,0.42,0.43,0.42,0.43,971,EGCH,Egyptian Chemical Industries (Kima),0.0028
2005-01-03,0.43,0.43,0.43,0.43,971,EGCH,Egyptian Chemical Industries (Kima),0.0028
2005-01-04,0.43,0.43,0.43,0.43,36943,EGCH,Egyptian Chemical Industries (Kima),0.0028
2005-01-05,0.43,0.43,0.43,0.43,2898,EGCH,Egyptian Chemical Industries (Kima),0.0028
2005-01-06,0.43,0.43,0.43,0.43,68312,EGCH,Egyptian Chemical Industries (Kima),0.0028
2005-01-09,0.43,0.43,0.43,0.43,1357,EGCH,Egyptian Chemical Industries (Kima),0.0028
2005-01-10,0.43,0.43,0.43,0.43,28514,EGCH,Egyptian Chemical Industries (Kima),0.0028
2005-01-12,0.43,0.43,0.43,0.43,13205,EGCH,Egyptian Chemical Industries (Kima),0.0028
2005-01-13,0.44,0.45,0.43,0.44,49029,EGCH,Egyptian Chemical Industries (Kima),0.0028
2005-01-16,0.47,0.47,0.47,0.47,70340,EGCH,Egyptian Chemical Industries (Kima),0.0028
2005-01-17,0.47,0.48,0.47,0.48,58874,EGCH,Egyptian Chemical Industries (Kima),0.0028
2005-01-18,0.47,0.47,0.47,0.47,5390,EGCH,Egyptian Chemical Industries (Kima),0.0028
2005-01-24,0.48,0.48,0.48,0.48,35746,EGCH,Egyptian Chemical Industries (Kima),0.0028
2005-01-25,0.47,0.5,0.47,0.5,10428,EGCH,Egyptian Chemical Industries (Kima),0.0028
2005-01-27,0.5,0.52,0.5,0.5,10590,EGCH,Egyptian Chemical Industries (Kima),0.0028
2005-01-30,0.47,0.48,0.47,0.48,27908,EGCH,Egyptian Chemical Industries (Kima),0.0028
2005-01-31,0.48,0.48,0.48,0.48,3846,EGCH,Egyptian Chemical Industries (Kima),0.0028
2005-02-02,0.51,0.51,0.51,0.51,19239,EGCH,Egyptian Chemical Industries (Kima),0.0028
2005-02-03,0.51,0.53,0.51,0.53,33294,EGCH,Egyptian Chemical Industries (Kima),0.0028
2005-02-06,0.54,0.54,0.54,0.54,24627,EGCH,Egyptian Chemical Industries (Kima),0.0028
2005-02-07,0.58,0.58,0.58,0.58,17317,EGCH,Egyptian Chemical Industries (Kima),0.0028
2005-02-08,0.55,0.55,0.54,0.54,9621,EGCH,Egyptian Chemical Industries (Kima),0.0028
2005-02-09,0.53,0.53,0.53,0.53,38096,EGCH,Egyptian Chemical Industries (Kima),0.0028
2005-02-13,0.52,0.52,0.49,0.52,4434,EGCH,Egyptian Chemical Industries (Kima),0.0028
2005-02-14,0.52,0.52,0.5,0.5,26937,EGCH,Egyptian Chemical Industries (Kima),0.0028
2005-02-15,0.51,0.51,0.5,0.5,1926,EGCH,Egyptian Chemical Industries (Kima),0.0028
2005-02-16,0.51,0.52,0.51,0.52,50227,EGCH,Egyptian Chemical Industries (Kima),0.0028
2005-02-21,0.51,0.54,0.51,0.54,7129,EGCH,Egyptian Chemical Industries (Kima),0.0028
2005-02-22,0.54,0.57,0.54,0.57,6845,EGCH,Egyptian Chemical Industries (Kima),0.0028
2005-02-24,0.57,0.57,0.57,0.57,3846,EGCH,Egyptian Chemical Industries (Kima),0.0028
2005-02-27,0.54,0.54,0.54,0.54,30401,EGCH,Egyptian Chemical Industries (Kima),0.0028
2005-02-28,0.52,0.54,0.52,0.54,387,EGCH,Egyptian Chemical Industries (Kima),0.0028
2005-03-01,0.55,0.55,0.55,0.55,24062,EGCH,Egyptian Chemical Industries (Kima),0.0028
2005-03-03,0.55,0.55,0.55,0.55,9314,EGCH,Egyptian Chemical Industries (Kima),0.0028
2005-03-07,0.55,0.55,0.55,0.55,71187,EGCH,Egyptian Chemical Industries (Kima),0.0028
2005-03-08,0.55,0.55,0.55,0.55,9621,EGCH,Egyptian Chemical Industries (Kima),0.0028
2005-03-09,0.54,0.54,0.54,0.54,44250,EGCH,Egyptian Chemical Industries (Kima),0.0028
2005-03-10,0.54,0.55,0.54,0.54,18775,EGCH,Egyptian Chemical Industries (Kima),0.0028
2005-03-13,0.55,0.55,0.54,0.54,82,EGCH,Egyptian Chemical Industries (Kima),0.0028
2005-03-14,0.53,0.54,0.53,0.54,4314,EGCH,Egyptian Chemical Industries (Kima),0.0028
2005-03-15,0.54,0.54,0.54,0.54,80890,EGCH,Egyptian Chemical Industries (Kima),0.0028
2005-03-16,0.55,0.55,0.55,0.55,21164,EGCH,Egyptian Chemical Industries (Kima),0.0028
2005-03-17,0.55,0.58,0.54,0.55,89475,EGCH,Egyptian Chemical Industries (Kima),0.0028
2005-03-20,0.58,0.58,0.55,0.55,23293,EGCH,Egyptian Chemical Industries (Kima),0.0028
2005-03-21,0.55,0.55,0.55,0.55,1357,EGCH,Egyptian Chemical Industries (Kima),0.0028
2005-03-22,0.55,0.55,0.54,0.54,24891,EGCH,Egyptian Chemical Industries (Kima),0.0028
2005-03-23,0.54,0.54,0.54,0.54,7049,EGCH,Egyptian Chemical Industries (Kima),0.0028
2005-03-27,0.58,0.58,0.54,0.55,17133,EGCH,Egyptian Chemical Industries (Kima),0.0028
2005-03-28,0.55,0.55,0.54,0.54,7820,EGCH,Egyptian Chemical Industries (Kima),0.0028
2005-03-29,0.54,0.54,0.54,0.54,4314,EGCH,Egyptian Chemical Industries (Kima),0.0028
2005-03-30,0.54,0.54,0.52,0.54,1741,EGCH,Egyptian Chemical Industries (Kima),0.0028
2005-03-31,0.54,0.54,0.54,0.54,23085,EGCH,Egyptian Chemical Industries (Kima),0.0028
2005-04-03,0.52,0.54,0.51,0.54,2898,EGCH,Egyptian Chemical Industries (Kima),0.0028
2005-04-05,0.51,0.54,0.51,0.54,2898,EGCH,Egyptian Chemical Industries (Kima),0.0028
2005-04-06,0.52,0.54,0.52,0.54,185635,EGCH,Egyptian Chemical Industries (Kima),0.0028
2005-04-07,0.54,0.54,0.52,0.54,80461,EGCH,Egyptian Chemical Industries (Kima),0.0028
2005-04-10,0.54,0.54,0.54,0.54,24062,EGCH,Egyptian Chemical Industries (Kima),0.0028
2005-04-11,0.54,0.54,0.52,0.52,21751,EGCH,Egyptian Chemical Industries (Kima),0.0028
2005-04-17,0.52,0.52,0.52,0.52,387,EGCH,Egyptian Chemical Industries (Kima),0.0028
2005-04-19,0.52,0.52,0.5,0.51,47877,EGCH,Egyptian Chemical Industries (Kima),0.0028
2005-04-20,0.5,0.5,0.5,0.5,9846,EGCH,Egyptian Chemical Industries (Kima),0.0028
2005-04-27,0.48,0.5,0.48,0.5,892,EGCH,Egyptian Chemical Industries (Kima),0.0028
2005-04-28,0.48,0.5,0.48,0.5,159,EGCH,Egyptian Chemical Industries (Kima),0.0028
2005-05-04,0.54,0.54,0.49,0.54,61994,EGCH,Egyptian Chemical Industries (Kima),0.0028
2005-05-05,0.5,0.54,0.5,0.54,7699,EGCH,Egyptian Chemical Industries (Kima),0.0028
2005-05-08,0.54,0.54,0.53,0.54,46177,EGCH,Egyptian Chemical Industries (Kima),0.0028
2005-05-12,0.5,0.5,0.5,0.5,19239,EGCH,Egyptian Chemical Industries (Kima),0.0028
2005-05-16,0.49,0.5,0.49,0.5,2569,EGCH,Egyptian Chemical Industries (Kima),0.0028
2005-05-17,0.5,0.5,0.5,0.5,5390,EGCH,Egyptian Chemical Industries (Kima),0.0028
2005-05-18,0.51,0.51,0.51,0.51,7699,EGCH,Egyptian Chemical Industries (Kima),0.0028
2005-05-23,0.51,0.51,0.51,0.51,3846,EGCH,Egyptian Chemical Industries (Kima),0.0028
2005-05-24,0.54,0.54,0.48,0.52,78884,EGCH,Egyptian Chemical Industries (Kima),0.0028
2005-05-29,0.52,0.52,0.52,0.52,11506,EGCH,Egyptian Chemical Industries (Kima),0.0028
2005-05-30,0.53,0.53,0.49,0.51,23126,EGCH,Egyptian Chemical Industries (Kima),0.0028
2005-05-31,0.51,0.51,0.51,0.51,1926,EGCH,Egyptian Chemical Industries (Kima),0.0028
2005-06-05,0.49,0.51,0.49,0.51,82,EGCH,Egyptian Chemical Industries (Kima),0.0028
2005-06-06,0.49,0.51,0.49,0.51,468,EGCH,Egyptian Chemical Industries (Kima),0.0028
2005-06-07,0.49,0.49,0.49,0.49,39857,EGCH,Egyptian Chemical Industries (Kima),0.0028
2005-06-08,0.52,0.52,0.52,0.52,3971,EGCH,Egyptian Chemical Industries (Kima),0.0028
2005-06-09,0.54,0.54,0.49,0.5,13632,EGCH,Egyptian Chemical Industries (Kima),0.0028
2005-06-12,0.54,0.54,0.54,0.54,11423,EGCH,Egyptian Chemical Industries (Kima),0.0028
2005-06-14,0.54,0.54,0.54,0.54,6319,EGCH,Egyptian Chemical Industries (Kima),0.0028
2005-06-15,0.54,0.54,0.52,0.54,19849,EGCH,Egyptian Chemical Industries (Kima),0.0028
2005-06-16,0.52,0.52,0.52,0.52,12819,EGCH,Egyptian Chemical Industries (Kima),0.0028
2005-06-19,0.5,0.5,0.5,0.5,96202,EGCH,Egyptian Chemical Industries (Kima),0.0028
2005-06-21,0.5,0.5,0.5,0.5,3281,EGCH,Egyptian Chemical Industries (Kima),0.0028
2005-06-22,0.5,0.5,0.5,0.5,25396,EGCH,Egyptian Chemical Industries (Kima),0.0028
2005-06-23,0.5,0.5,0.5,0.5,4049,EGCH,Egyptian Chemical Industries (Kima),0.0028
2005-06-27,0.5,0.5,0.5,0.5,971,EGCH,Egyptian Chemical Industries (Kima),0.0028
2005-06-28,0.54,0.54,0.5,0.5,2128,EGCH,Egyptian Chemical Industries (Kima),0.0028
2005-06-30,0.54,0.54,0.5,0.5,1542,EGCH,Egyptian Chemical Industries (Kima),0.0028
2005-07-05,0.52,0.52,0.49,0.5,6158,EGCH,Egyptian Chemical Industries (Kima),0.0028
2005-07-07,0.5,0.51,0.5,0.51,24404,EGCH,Egyptian Chemical Industries (Kima),0.0028
2005-07-12,0.54,0.54,0.51,0.52,15978,EGCH,Egyptian Chemical Industries (Kima),0.0028
2005-07-13,0.51,0.52,0.51,0.52,1741,EGCH,Egyptian Chemical Industries (Kima),0.0028
2005-07-14,0.54,0.54,0.54,0.54,5773,EGCH,Egyptian Chemical Industries (Kima),0.0028
2005-07-17,0.51,0.54,0.51,0.54,387,EGCH,Egyptian Chemical Industries (Kima),0.0028
2005-07-19,0.54,0.55,0.54,0.54,129455,EGCH,Egyptian Chemical Industries (Kima),0.0028
2005-07-20,0.58,0.58,0.58,0.58,74651,EGCH,Egyptian Chemical Industries (Kima),0.0028
2005-07-21,0.6,0.6,0.6,0.6,155500,EGCH,Egyptian Chemical Industries (Kima),0.0028
2005-07-24,0.64,0.64,0.58,0.64,50797,EGCH,Egyptian Chemical Industries (Kima),0.0028
2005-07-25,0.6,0.6,0.6,0.6,5001,EGCH,Egyptian Chemical Industries (Kima),0.0028
2005-07-26,0.58,0.63,0.58,0.62,63111,EGCH,Egyptian Chemical Industries (Kima),0.0028
2005-07-28,0.65,0.65,0.6,0.64,12901,EGCH,Egyptian Chemical Industries (Kima),0.0028
2005-07-31,0.62,0.62,0.62,0.62,12921,EGCH,Egyptian Chemical Industries (Kima),0.0028
2005-08-01,0.62,0.62,0.62,0.62,50487,EGCH,Egyptian Chemical Industries (Kima),0.0028
2005-08-03,0.58,0.62,0.58,0.62,3036,EGCH,Egyptian Chemical Industries (Kima),0.0028
2005-08-04,0.64,0.64,0.58,0.6,88423,EGCH,Egyptian Chemical Industries (Kima),0.0028
2005-08-08,0.62,0.62,0.62,0.62,3846,EGCH,Egyptian Chemical Industries (Kima),0.0028
2005-08-09,0.58,0.62,0.58,0.62,118,EGCH,Egyptian Chemical Industries (Kima),0.0028
2005-08-11,0.58,0.6,0.58,0.59,130405,EGCH,Egyptian Chemical Industries (Kima),0.0028
2005-08-14,0.59,0.6,0.59,0.6,12316,EGCH,Egyptian Chemical Industries (Kima),0.0028
2005-08-15,0.6,0.6,0.6,0.6,19239,EGCH,Egyptian Chemical Industries (Kima),0.0028
2005-08-18,0.6,0.6,0.58,0.58,55795,EGCH,Egyptian Chemical Industries (Kima),0.0028
2005-08-21,0.55,0.6,0.55,0.57,10125,EGCH,Egyptian Chemical Industries (Kima),0.0028
2005-08-22,0.58,0.58,0.55,0.57,29448,EGCH,Egyptian Chemical Industries (Kima),0.0028
2005-08-23,0.55,0.55,0.55,0.55,47167,EGCH,Egyptian Chemical Industries (Kima),0.0028
2005-08-28,0.55,0.55,0.55,0.55,1196,EGCH,Egyptian Chemical Industries (Kima),0.0028
2005-08-29,0.58,0.58,0.58,0.58,19239,EGCH,Egyptian Chemical Industries (Kima),0.0028
2005-08-30,0.62,0.62,0.62,0.62,4820,EGCH,Egyptian Chemical Industries (Kima),0.0028
2005-08-31,0.65,0.65,0.65,0.65,3846,EGCH,Egyptian Chemical Industries (Kima),0.0028
2005-09-01,0.69,0.69,0.69,0.69,47451,EGCH,Egyptian Chemical Industries (Kima),0.0028
2005-09-04,0.71,0.71,0.69,0.71,87735,EGCH,Egyptian Chemical Industries (Kima),0.0028
2005-09-05,0.71,0.74,0.71,0.74,170001,EGCH,Egyptian Chemical Industries (Kima),0.0028
2005-09-07,0.75,0.78,0.73,0.76,109749,EGCH,Egyptian Chemical Industries (Kima),0.0028
2005-09-08,0.73,0.76,0.73,0.76,1926,EGCH,Egyptian Chemical Industries (Kima),0.0028
2005-09-11,0.75,0.76,0.75,0.76,1926,EGCH,Egyptian Chemical Industries (Kima),0.0028
2005-09-13,0.73,0.73,0.73,0.73,14237,EGCH,Egyptian Chemical Industries (Kima),0.0028
2005-09-14,0.69,0.69,0.69,0.69,42590,EGCH,Egyptian Chemical Industries (Kima),0.0028
2005-09-15,0.68,0.68,0.67,0.67,26937,EGCH,Egyptian Chemical Industries (Kima),0.0028
2005-09-18,0.69,0.69,0.69,0.69,7699,EGCH,Egyptian Chemical Industries (Kima),0.0028
2005-09-19,0.73,0.74,0.73,0.73,5773,EGCH,Egyptian Chemical Industries (Kima),0.0028
2005-09-22,0.69,0.73,0.69,0.73,971,EGCH,Egyptian Chemical Industries (Kima),0.0028
2005-09-25,0.74,0.77,0.74,0.74,12316,EGCH,Egyptian Chemical Industries (Kima),0.0028
2005-09-26,0.79,0.79,0.79,0.79,13467,EGCH,Egyptian Chemical Industries (Kima),0.0028
2005-09-27,0.83,0.83,0.83,0.83,273975,EGCH,Egyptian Chemical Industries (Kima),0.0028
2005-09-28,0.83,0.83,0.83,0.83,39631,EGCH,Egyptian Chemical Industries (Kima),0.0028
2005-10-02,0.81,0.84,0.81,0.84,7699,EGCH,Egyptian Chemical Industries (Kima),0.0028
2005-10-03,0.83,0.87,0.81,0.84,50797,EGCH,Egyptian Chemical Industries (Kima),0.0028
2005-10-05,0.81,0.81,0.81,0.81,3846,EGCH,Egyptian Chemical Industries (Kima),0.0028
2005-10-10,0.76,0.76,0.76,0.76,17317,EGCH,Egyptian Chemical Industries (Kima),0.0028
2005-10-12,0.73,0.73,0.73,0.73,60495,EGCH,Egyptian Chemical Industries (Kima),0.0028
2005-10-13,0.74,0.74,0.73,0.73,102355,EGCH,Egyptian Chemical Industries (Kima),0.0028
2005-10-16,0.73,0.73,0.73,0.73,346662,EGCH,Egyptian Chemical Industries (Kima),0.0028
2005-10-17,0.73,0.73,0.73,0.73,93770,EGCH,Egyptian Chemical Industries (Kima),0.0028
2005-10-18,0.7,0.7,0.7,0.7,19239,EGCH,Egyptian Chemical Industries (Kima),0.0028
2005-10-19,0.69,0.69,0.69,0.69,52556,EGCH,Egyptian Chemical Industries (Kima),0.0028
2005-10-20,0.65,0.65,0.65,0.65,23085,EGCH,Egyptian Chemical Industries (Kima),0.0028
2005-10-23,0.69,0.69,0.69,0.69,53871,EGCH,Egyptian Chemical Industries (Kima),0.0028
2005-10-24,0.65,0.65,0.65,0.65,19239,EGCH,Egyptian Chemical Industries (Kima),0.0028
2005-10-25,0.69,0.69,0.65,0.69,21164,EGCH,Egyptian Chemical Industries (Kima),0.0028
2005-10-26,0.65,0.65,0.65,0.65,11545,EGCH,Egyptian Chemical Industries (Kima),0.0028
2005-10-27,0.65,0.65,0.65,0.65,12517,EGCH,Egyptian Chemical Industries (Kima),0.0028
2005-10-30,0.69,0.69,0.69,0.69,42531,EGCH,Egyptian Chemical Industries (Kima),0.0028
2005-10-31,0.69,0.69,0.69,0.69,730,EGCH,Egyptian Chemical Industries (Kima),0.0028
2005-11-01,0.7,0.71,0.7,0.71,5773,EGCH,Egyptian Chemical Industries (Kima),0.0028
2005-11-06,0.74,0.74,0.74,0.74,60495,EGCH,Egyptian Chemical Industries (Kima),0.0028
2005-11-07,0.73,0.79,0.73,0.75,63653,EGCH,Egyptian Chemical Industries (Kima),0.0028
2005-11-08,0.73,0.79,0.71,0.78,9356,EGCH,Egyptian Chemical Industries (Kima),0.0028
2005-11-09,0.79,0.81,0.75,0.8,21629,EGCH,Egyptian Chemical Industries (Kima),0.0028
2005-11-10,0.83,0.83,0.79,0.83,12959,EGCH,Egyptian Chemical Industries (Kima),0.0028
2005-11-13,0.84,0.84,0.84,0.84,89879,EGCH,Egyptian Chemical Industries (Kima),0.0028
2005-11-14,0.84,0.88,0.84,0.88,84049,EGCH,Egyptian Chemical Industries (Kima),0.0028
2005-11-15,0.84,0.88,0.84,0.88,812,EGCH,Egyptian Chemical Industries (Kima),0.0028
2005-11-16,0.84,0.88,0.84,0.84,34833,EGCH,Egyptian Chemical Industries (Kima),0.0028
2005-11-17,0.83,0.83,0.83,0.83,16464,EGCH,Egyptian Chemical Industries (Kima),0.0028
2005-11-20,0.83,0.83,0.83,0.83,196249,EGCH,Egyptian Chemical Industries (Kima),0.0028
2005-11-21,0.83,0.83,0.83,0.83,2855,EGCH,Egyptian Chemical Industries (Kima),0.0028
2005-11-22,0.81,0.81,0.79,0.8,113515,EGCH,Egyptian Chemical Industries (Kima),0.0028
2005-11-23,0.76,0.76,0.76,0.76,69262,EGCH,Egyptian Chemical Industries (Kima),0.0028
2005-11-24,0.77,0.78,0.77,0.77,5773,EGCH,Egyptian Chemical Industries (Kima),0.0028
2005-11-28,0.81,0.81,0.81,0.81,5608,EGCH,Egyptian Chemical Industries (Kima),0.0028
2005-11-29,0.84,0.84,0.84,0.84,130832,EGCH,Egyptian Chemical Industries (Kima),0.0028
2005-12-04,0.84,0.84,0.84,0.84,32910,EGCH,Egyptian Chemical Industries (Kima),0.0028
2005-12-05,0.84,0.88,0.84,0.84,23856,EGCH,Egyptian Chemical Industries (Kima),0.0028
2005-12-06,0.88,0.88,0.84,0.84,7699,EGCH,Egyptian Chemical Industries (Kima),0.0028
2005-12-07,0.84,0.84,0.84,0.84,6845,EGCH,Egyptian Chemical Industries (Kima),0.0028
2005-12-08,0.8,0.84,0.8,0.8,7513,EGCH,Egyptian Chemical Industries (Kima),0.0028
2005-12-11,0.84,0.84,0.8,0.8,3807,EGCH,Egyptian Chemical Industries (Kima),0.0028
2005-12-12,0.83,0.84,0.83,0.84,13508,EGCH,Egyptian Chemical Industries (Kima),0.0028
2005-12-18,0.81,0.81,0.81,0.81,1926,EGCH,Egyptian Chemical Industries (Kima),0.0028
2005-12-19,0.84,0.84,0.76,0.79,32930,EGCH,Egyptian Chemical Industries (Kima),0.0028
2005-12-20,0.75,0.79,0.75,0.79,1926,EGCH,Egyptian Chemical Industries (Kima),0.0028
2005-12-21,0.79,0.79,0.79,0.79,971,EGCH,Egyptian Chemical Industries (Kima),0.0028
2005-12-25,0.76,0.79,0.76,0.79,587,EGCH,Egyptian Chemical Industries (Kima),0.0028
2005-12-26,0.77,0.83,0.77,0.8,12316,EGCH,Egyptian Chemical Industries (Kima),0.0028
2006-01-02,0.83,0.83,0.83,0.83,7699,EGCH,Egyptian Chemical Industries (Kima),0.0028
2006-01-03,0.84,0.84,0.84,0.84,3846,EGCH,Egyptian Chemical Industries (Kima),0.0028
2006-01-04,0.9,0.9,0.88,0.88,11201,EGCH,Egyptian Chemical Industries (Kima),0.0028
2006-01-05,0.88,0.88,0.88,0.88,11545,EGCH,Egyptian Chemical Industries (Kima),0.0028
2006-01-08,0.84,0.84,0.84,0.84,17703,EGCH,Egyptian Chemical Industries (Kima),0.0028
2006-01-12,0.84,0.88,0.84,0.84,19239,EGCH,Egyptian Chemical Industries (Kima),0.0028
2006-01-15,0.88,0.88,0.88,0.88,9621,EGCH,Egyptian Chemical Industries (Kima),0.0028
2006-01-16,0.88,0.88,0.88,0.88,7898,EGCH,Egyptian Chemical Industries (Kima),0.0028
2006-01-17,0.84,0.88,0.84,0.88,387,EGCH,Egyptian Chemical Industries (Kima),0.0028
2006-01-19,0.88,0.89,0.88,0.89,31330,EGCH,Egyptian Chemical Industries (Kima),0.0028
2006-01-22,0.94,0.94,0.94,0.94,5589,EGCH,Egyptian Chemical Industries (Kima),0.0028
2006-01-26,0.92,0.94,0.92,0.93,27827,EGCH,Egyptian Chemical Industries (Kima),0.0028
2006-02-02,0.9,0.9,0.88,0.89,4232,EGCH,Egyptian Chemical Industries (Kima),0.0028
2006-02-06,0.88,0.89,0.88,0.89,3463,EGCH,Egyptian Chemical Industries (Kima),0.0028
2006-02-08,0.9,0.9,0.84,0.87,6158,EGCH,Egyptian Chemical Industries (Kima),0.0028
2006-02-12,0.84,0.84,0.84,0.84,33294,EGCH,Egyptian Chemical Industries (Kima),0.0028
2006-02-14,0.84,0.84,0.8,0.81,4351,EGCH,Egyptian Chemical Industries (Kima),0.0028
2006-02-20,0.77,0.77,0.77,0.77,17783,EGCH,Egyptian Chemical Industries (Kima),0.0028
2006-02-27,0.75,0.77,0.75,0.77,1926,EGCH,Egyptian Chemical Industries (Kima),0.0028
2006-02-28,0.74,0.77,0.74,0.77,2898,EGCH,Egyptian Chemical Industries (Kima),0.0028
2006-03-01,0.74,0.74,0.74,0.74,3846,EGCH,Egyptian Chemical Industries (Kima),0.0028
2006-03-05,0.75,0.75,0.74,0.74,1926,EGCH,Egyptian Chemical Industries (Kima),0.0028
2006-03-12,0.75,0.75,0.74,0.74,2898,EGCH,Egyptian Chemical Industries (Kima),0.0028
2006-03-13,0.75,0.75,0.74,0.74,1157,EGCH,Egyptian Chemical Industries (Kima),0.0028
2006-03-14,0.75,0.75,0.74,0.74,769,EGCH,Egyptian Chemical Industries (Kima),0.0028
2006-03-16,0.71,0.74,0.71,0.74,971,EGCH,Egyptian Chemical Industries (Kima),0.0028
2006-03-23,0.73,0.79,0.73,0.78,4072,EGCH,Egyptian Chemical Industries (Kima),0.0028
2006-04-03,0.81,0.81,0.81,0.81,6804,EGCH,Egyptian Chemical Industries (Kima),0.0028
2006-04-06,0.79,0.79,0.76,0.78,5390,EGCH,Egyptian Chemical Industries (Kima),0.0028
2006-04-09,0.81,0.81,0.81,0.81,3846,EGCH,Egyptian Chemical Industries (Kima),0.0028
2006-04-11,0.78,0.78,0.78,0.78,9399,EGCH,Egyptian Chemical Industries (Kima),0.0028
2006-04-13,0.74,0.74,0.74,0.74,3846,EGCH,Egyptian Chemical Industries (Kima),0.0028
2006-04-18,0.7,0.74,0.7,0.74,2898,EGCH,Egyptian Chemical Industries (Kima),0.0028
2006-04-19,0.79,0.79,0.79,0.79,3846,EGCH,Egyptian Chemical Industries (Kima),0.0028
2006-04-30,0.74,0.79,0.74,0.79,1926,EGCH,Egyptian Chemical Industries (Kima),0.0028
2006-05-04,0.74,0.79,0.74,0.79,971,EGCH,Egyptian Chemical Industries (Kima),0.0028
2006-05-09,0.75,0.79,0.75,0.79,971,EGCH,Egyptian Chemical Industries (Kima),0.0028
2006-05-11,0.75,0.75,0.74,0.74,75623,EGCH,Egyptian Chemical Industries (Kima),0.0028
2006-05-18,0.7,0.7,0.7,0.7,8667,EGCH,Egyptian Chemical Industries (Kima),0.0028
2006-05-22,0.68,0.68,0.68,0.68,35562,EGCH,Egyptian Chemical Industries (Kima),0.0028
2006-05-23,0.64,0.64,0.64,0.64,59038,EGCH,Egyptian Chemical Industries (Kima),0.0028
2006-05-29,0.6,0.6,0.6,0.6,7699,EGCH,Egyptian Chemical Industries (Kima),0.0028
2006-05-30,0.59,0.59,0.59,0.59,19239,EGCH,Egyptian Chemical Industries (Kima),0.0028
2006-06-07,0.62,0.62,0.59,0.59,971,EGCH,Egyptian Chemical Industries (Kima),0.0028
2006-06-11,0.62,0.62,0.59,0.59,387,EGCH,Egyptian Chemical Industries (Kima),0.0028
2006-06-15,0.6,0.6,0.58,0.6,20213,EGCH,Egyptian Chemical Industries (Kima),0.0028
2006-06-19,0.59,0.59,0.59,0.59,7699,EGCH,Egyptian Chemical Industries (Kima),0.0028
2006-06-21,0.59,0.59,0.59,0.59,1741,EGCH,Egyptian Chemical Industries (Kima),0.0028
2006-06-22,0.6,0.6,0.59,0.59,1926,EGCH,Egyptian Chemical Industries (Kima),0.0028
2006-06-27,0.6,0.6,0.6,0.6,10615,EGCH,Egyptian Chemical Industries (Kima),0.0028
2006-07-19,0.6,0.6,0.6,0.6,159,EGCH,Egyptian Chemical Industries (Kima),0.0028
2006-07-26,0.63,0.63,0.6,0.6,1926,EGCH,Egyptian Chemical Industries (Kima),0.0028
2006-08-01,0.6,0.6,0.6,0.6,9621,EGCH,Egyptian Chemical Industries (Kima),0.0028
2006-08-03,0.58,0.6,0.58,0.58,32749,EGCH,Egyptian Chemical Industries (Kima),0.0028
2006-08-06,0.58,0.58,0.58,0.58,2228,EGCH,Egyptian Chemical Industries (Kima),0.0028
2006-08-10,0.6,0.6,0.58,0.59,3846,EGCH,Egyptian Chemical Industries (Kima),0.0028
2006-08-15,0.62,0.62,0.59,0.59,1579,EGCH,Egyptian Chemical Industries (Kima),0.0028
2006-08-16,0.6,0.6,0.59,0.59,1926,EGCH,Egyptian Chemical Industries (Kima),0.0028
2006-08-23,0.62,0.62,0.59,0.59,769,EGCH,Egyptian Chemical Industries (Kima),0.0028
2006-08-29,0.62,0.62,0.59,0.59,118,EGCH,Egyptian Chemical Industries (Kima),0.0028
2006-08-31,0.62,0.62,0.59,0.59,304,EGCH,Egyptian Chemical Industries (Kima),0.0028
2006-09-03,0.62,0.62,0.59,0.59,1542,EGCH,Egyptian Chemical Industries (Kima),0.0028
2006-09-11,0.62,0.62,0.59,0.59,1357,EGCH,Egyptian Chemical Industries (Kima),0.0028
2006-09-12,0.62,0.62,0.59,0.59,1926,EGCH,Egyptian Chemical Industries (Kima),0.0028
2006-09-14,0.62,0.62,0.62,0.62,3846,EGCH,Egyptian Chemical Industries (Kima),0.0028
2006-09-17,0.65,0.65,0.65,0.65,83927,EGCH,Egyptian Chemical Industries (Kima),0.0028
2006-09-18,0.69,0.69,0.69,0.69,40406,EGCH,Egyptian Chemical Industries (Kima),0.0028
2006-09-19,0.73,0.73,0.73,0.73,38479,EGCH,Egyptian Chemical Industries (Kima),0.0028
2006-09-20,0.76,0.76,0.76,0.76,107178,EGCH,Egyptian Chemical Industries (Kima),0.0028
2006-09-21,0.77,0.8,0.77,0.8,141831,EGCH,Egyptian Chemical Industries (Kima),0.0028
2006-09-24,0.8,0.8,0.8,0.8,11465,EGCH,Egyptian Chemical Industries (Kima),0.0028
2006-09-25,0.84,0.84,0.84,0.84,32708,EGCH,Egyptian Chemical Industries (Kima),0.0028
2006-09-26,0.88,0.88,0.8,0.85,4150,EGCH,Egyptian Chemical Industries (Kima),0.0028
2006-09-27,0.9,0.9,0.88,0.89,24627,EGCH,Egyptian Chemical Industries (Kima),0.0028
2006-09-28,0.84,0.84,0.84,0.84,20213,EGCH,Egyptian Chemical Industries (Kima),0.0028
2006-10-01,0.84,0.84,0.81,0.83,89395,EGCH,Egyptian Chemical Industries (Kima),0.0028
2006-10-02,0.84,0.84,0.78,0.84,42330,EGCH,Egyptian Chemical Industries (Kima),0.0028
2006-10-03,0.81,0.81,0.81,0.81,59077,EGCH,Egyptian Chemical Industries (Kima),0.0028
2006-10-04,0.84,0.84,0.77,0.84,21125,EGCH,Egyptian Chemical Industries (Kima),0.0028
2006-10-08,0.84,0.88,0.84,0.85,19239,EGCH,Egyptian Chemical Industries (Kima),0.0028
2006-10-09,0.84,0.84,0.83,0.84,23085,EGCH,Egyptian Chemical Industries (Kima),0.0028
2006-10-10,0.84,0.84,0.84,0.84,19239,EGCH,Egyptian Chemical Industries (Kima),0.0028
2006-10-11,0.8,0.8,0.8,0.8,3846,EGCH,Egyptian Chemical Industries (Kima),0.0028
2006-10-12,0.84,0.84,0.79,0.8,8465,EGCH,Egyptian Chemical Industries (Kima),0.0028
2006-10-15,0.79,0.84,0.79,0.83,3846,EGCH,Egyptian Chemical Industries (Kima),0.0028
2006-10-16,0.83,0.83,0.8,0.83,2512,EGCH,Egyptian Chemical Industries (Kima),0.0028
2006-10-17,0.84,0.84,0.84,0.84,11545,EGCH,Egyptian Chemical Industries (Kima),0.0028
2006-10-18,0.84,0.87,0.84,0.85,63229,EGCH,Egyptian Chemical Industries (Kima),0.0028
2006-10-19,0.9,0.9,0.9,0.9,71228,EGCH,Egyptian Chemical Industries (Kima),0.0028
2006-10-22,0.95,0.95,0.91,0.95,127370,EGCH,Egyptian Chemical Industries (Kima),0.0028
2006-10-29,0.98,0.98,0.91,0.98,123944,EGCH,Egyptian Chemical Industries (Kima),0.0028
2006-10-30,0.91,0.92,0.91,0.91,74997,EGCH,Egyptian Chemical Industries (Kima),0.0028
2006-10-31,0.91,0.91,0.88,0.91,2959,EGCH,Egyptian Chemical Industries (Kima),0.0028
2006-11-01,0.88,0.94,0.87,0.9,182132,EGCH,Egyptian Chemical Industries (Kima),0.0028
2006-11-02,0.95,0.95,0.88,0.93,84089,EGCH,Egyptian Chemical Industries (Kima),0.0028
2006-11-05,0.93,0.97,0.93,0.94,173846,EGCH,Egyptian Chemical Industries (Kima),0.0028
2006-11-08,0.88,0.88,0.83,0.88,58022,EGCH,Egyptian Chemical Industries (Kima),0.0028
2006-11-14,0.84,0.87,0.84,0.84,82082,EGCH,Egyptian Chemical Industries (Kima),0.0028
2006-11-15,0.84,0.88,0.84,0.87,125100,EGCH,Egyptian Chemical Industries (Kima),0.0028
2006-11-16,0.88,0.91,0.88,0.88,110702,EGCH,Egyptian Chemical Industries (Kima),0.0028
2006-11-19,0.88,0.88,0.88,0.88,1275,EGCH,Egyptian Chemical Industries (Kima),0.0028
2006-11-21,0.84,0.89,0.84,0.87,7699,EGCH,Egyptian Chemical Industries (Kima),0.0028
2006-11-22,0.88,0.88,0.88,0.88,3846,EGCH,Egyptian Chemical Industries (Kima),0.0028
2006-11-26,0.84,0.84,0.84,0.84,38479,EGCH,Egyptian Chemical Industries (Kima),0.0028
2006-11-27,0.84,0.87,0.84,0.84,40406,EGCH,Egyptian Chemical Industries (Kima),0.0028
2006-11-29,0.84,0.84,0.81,0.84,115357,EGCH,Egyptian Chemical Industries (Kima),0.0028
2006-11-30,0.84,0.89,0.84,0.85,37913,EGCH,Egyptian Chemical Industries (Kima),0.0028
2006-12-03,0.9,0.9,0.89,0.9,64912,EGCH,Egyptian Chemical Industries (Kima),0.0028
2006-12-05,0.84,0.9,0.84,0.9,1113,EGCH,Egyptian Chemical Industries (Kima),0.0028
2006-12-07,0.84,0.94,0.84,0.9,80806,EGCH,Egyptian Chemical Industries (Kima),0.0028
2006-12-10,0.84,0.95,0.84,0.93,380221,EGCH,Egyptian Chemical Industries (Kima),0.0028
2006-12-11,0.97,0.99,0.9,0.99,219334,EGCH,Egyptian Chemical Industries (Kima),0.0028
2006-12-12,1.03,1.03,1.03,1.03,42330,EGCH,Egyptian Chemical Industries (Kima),0.0028
2006-12-13,1.09,1.09,0.99,1.06,86621,EGCH,Egyptian Chemical Industries (Kima),0.0028
2006-12-14,1.11,1.11,1.06,1.1,59643,EGCH,Egyptian Chemical Industries (Kima),0.0028
2006-12-18,1.1,1.15,1.1,1.15,103895,EGCH,Egyptian Chemical Industries (Kima),0.0028
2006-12-19,1.1,1.14,1.1,1.1,21164,EGCH,Egyptian Chemical Industries (Kima),0.0028
2006-12-24,1.12,1.12,1.12,1.12,15392,EGCH,Egyptian Chemical Industries (Kima),0.0028
2006-12-25,1.06,1.18,1.06,1.17,62175,EGCH,Egyptian Chemical Industries (Kima),0.0028
2006-12-26,1.2,1.2,1.2,1.2,7699,EGCH,Egyptian Chemical Industries (Kima),0.0028
2006-12-27,1.19,1.19,1.15,1.19,11745,EGCH,Egyptian Chemical Industries (Kima),0.0028
2006-12-28,1.21,1.25,1.21,1.25,16709,EGCH,Egyptian Chemical Industries (Kima),0.0028
2007-01-03,1.28,1.28,1.28,1.28,115440,EGCH,Egyptian Chemical Industries (Kima),0.0028
2007-01-08,1.25,1.25,1.25,1.25,14847,EGCH,Egyptian Chemical Industries (Kima),0.0028
2007-01-15,1.24,1.3,1.24,1.29,368412,EGCH,Egyptian Chemical Industries (Kima),0.0028
2007-01-16,1.3,1.3,1.3,1.3,76961,EGCH,Egyptian Chemical Industries (Kima),0.0028
2007-01-17,1.34,1.34,1.3,1.32,28899,EGCH,Egyptian Chemical Industries (Kima),0.0028
2007-01-18,1.32,1.4,1.32,1.34,432206,EGCH,Egyptian Chemical Industries (Kima),0.0028
2007-01-22,1.41,1.41,1.41,1.41,30280,EGCH,Egyptian Chemical Industries (Kima),0.0028
2007-01-23,1.5,1.5,1.5,1.5,257633,EGCH,Egyptian Chemical Industries (Kima),0.0028
2007-01-24,1.41,1.5,1.4,1.5,1926,EGCH,Egyptian Chemical Industries (Kima),0.0028
2007-01-25,1.4,1.55,1.4,1.52,27525,EGCH,Egyptian Chemical Industries (Kima),0.0028
2007-01-28,1.44,1.44,1.44,1.44,3846,EGCH,Egyptian Chemical Industries (Kima),0.0028
2007-01-29,1.36,1.36,1.36,1.36,34833,EGCH,Egyptian Chemical Industries (Kima),0.0028
2007-01-30,1.3,1.3,1.3,1.3,3846,EGCH,Egyptian Chemical Industries (Kima),0.0028
2007-02-01,1.23,1.23,1.23,1.23,3846,EGCH,Egyptian Chemical Industries (Kima),0.0028
2007-02-06,1.18,1.19,1.18,1.18,31289,EGCH,Egyptian Chemical Industries (Kima),0.0028
2007-02-07,1.12,1.12,1.12,1.12,7699,EGCH,Egyptian Chemical Industries (Kima),0.0028
2007-02-08,1.06,1.06,1.06,1.06,12395,EGCH,Egyptian Chemical Industries (Kima),0.0028
2007-02-11,1.02,1.09,1.02,1.07,33294,EGCH,Egyptian Chemical Industries (Kima),0.0028
2007-02-12,1.02,1.02,1.02,1.02,7699,EGCH,Egyptian Chemical Industries (Kima),0.0028
2007-02-13,1.02,1.02,1.02,1.02,587,EGCH,Egyptian Chemical Industries (Kima),0.0028
2007-02-14,0.99,0.99,0.98,0.98,121799,EGCH,Egyptian Chemical Industries (Kima),0.0028
2007-02-15,1.02,1.02,0.91,0.94,61063,EGCH,Egyptian Chemical Industries (Kima),0.0028
2007-02-20,0.99,1.0,0.99,1.0,18735,EGCH,Egyptian Chemical Industries (Kima),0.0028
2007-02-21,1.05,1.05,1.05,1.05,3846,EGCH,Egyptian Chemical Industries (Kima),0.0028
2007-02-22,1.1,1.1,1.1,1.1,26168,EGCH,Egyptian Chemical Industries (Kima),0.0028
2007-02-25,1.1,1.15,1.1,1.15,24891,EGCH,Egyptian Chemical Industries (Kima),0.0028
2007-02-26,1.1,1.1,1.1,1.1,40221,EGCH,Egyptian Chemical Industries (Kima),0.0028
2007-02-27,1.03,1.15,1.03,1.1,41254,EGCH,Egyptian Chemical Industries (Kima),0.0028
2007-02-28,1.1,1.17,1.1,1.15,38603,EGCH,Egyptian Chemical Industries (Kima),0.0028
2007-03-01,1.19,1.19,1.15,1.15,1620,EGCH,Egyptian Chemical Industries (Kima),0.0028
2007-03-04,1.19,1.19,1.1,1.19,8077,EGCH,Egyptian Chemical Industries (Kima),0.0028
2007-03-06,1.13,1.19,1.13,1.19,587,EGCH,Egyptian Chemical Industries (Kima),0.0028
2007-03-07,1.13,1.13,1.13,1.13,9621,EGCH,Egyptian Chemical Industries (Kima),0.0028
2007-03-08,1.08,1.12,1.08,1.1,13853,EGCH,Egyptian Chemical Industries (Kima),0.0028
2007-03-11,1.15,1.15,1.15,1.15,19239,EGCH,Egyptian Chemical Industries (Kima),0.0028
2007-03-12,1.1,1.15,1.1,1.15,769,EGCH,Egyptian Chemical Industries (Kima),0.0028
2007-03-13,1.19,1.2,1.19,1.2,33354,EGCH,Egyptian Chemical Industries (Kima),0.0028
2007-03-14,1.2,1.21,1.2,1.21,10590,EGCH,Egyptian Chemical Industries (Kima),0.0028
2007-03-18,1.18,1.18,1.18,1.18,30786,EGCH,Egyptian Chemical Industries (Kima),0.0028
2007-03-21,1.11,1.18,1.11,1.18,1542,EGCH,Egyptian Chemical Industries (Kima),0.0028
2007-03-22,1.11,1.18,1.11,1.18,200,EGCH,Egyptian Chemical Industries (Kima),0.0028
2007-03-26,1.13,1.13,1.11,1.13,10976,EGCH,Egyptian Chemical Industries (Kima),0.0028
2007-03-27,1.08,1.13,1.08,1.13,1926,EGCH,Egyptian Chemical Industries (Kima),0.0028
2007-03-29,1.08,1.13,1.08,1.13,3077,EGCH,Egyptian Chemical Industries (Kima),0.0028
2007-04-03,1.1,1.13,1.1,1.13,1357,EGCH,Egyptian Chemical Industries (Kima),0.0028
2007-04-05,1.08,1.08,1.08,1.08,39798,EGCH,Egyptian Chemical Industries (Kima),0.0028
2007-04-10,1.05,1.06,1.05,1.06,17906,EGCH,Egyptian Chemical Industries (Kima),0.0028
2007-04-12,1.11,1.11,1.11,1.11,9235,EGCH,Egyptian Chemical Industries (Kima),0.0028
2007-04-15,1.12,1.18,1.12,1.18,16748,EGCH,Egyptian Chemical Industries (Kima),0.0028
2007-04-18,1.1,1.1,1.1,1.1,7614,EGCH,Egyptian Chemical Industries (Kima),0.0028
2007-04-19,1.06,1.1,1.06,1.1,1926,EGCH,Egyptian Chemical Industries (Kima),0.0028
2007-04-23,1.05,1.05,1.05,1.05,3846,EGCH,Egyptian Chemical Industries (Kima),0.0028
2007-04-26,1.06,1.06,1.05,1.05,118,EGCH,Egyptian Chemical Industries (Kima),0.0028
2007-04-29,1.1,1.1,1.01,1.05,2512,EGCH,Egyptian Chemical Industries (Kima),0.0028
2007-05-02,1.07,1.07,1.07,1.07,15005,EGCH,Egyptian Chemical Industries (Kima),0.0028
2007-05-03,1.05,1.05,1.05,1.05,5773,EGCH,Egyptian Chemical Industries (Kima),0.0028
2007-05-06,1.1,1.1,1.1,1.1,20474,EGCH,Egyptian Chemical Industries (Kima),0.0028
2007-05-07,1.15,1.15,1.15,1.15,37587,EGCH,Egyptian Chemical Industries (Kima),0.0028
2007-05-08,1.1,1.15,1.1,1.15,2898,EGCH,Egyptian Chemical Industries (Kima),0.0028
2007-05-09,1.19,1.19,1.19,1.19,15778,EGCH,Egyptian Chemical Industries (Kima),0.0028
2007-05-10,1.14,1.19,1.14,1.19,387,EGCH,Egyptian Chemical Industries (Kima),0.0028
2007-05-13,1.21,1.25,1.21,1.23,15392,EGCH,Egyptian Chemical Industries (Kima),0.0028
2007-05-14,1.29,1.29,1.18,1.28,8667,EGCH,Egyptian Chemical Industries (Kima),0.0028
2007-05-15,1.33,1.33,1.33,1.33,7436,EGCH,Egyptian Chemical Industries (Kima),0.0028
2007-05-16,1.28,1.4,1.28,1.33,18286,EGCH,Egyptian Chemical Industries (Kima),0.0028
2007-05-17,1.4,1.4,1.4,1.4,4273,EGCH,Egyptian Chemical Industries (Kima),0.0028
2007-05-20,1.48,1.48,1.4,1.45,3846,EGCH,Egyptian Chemical Industries (Kima),0.0028
2007-05-21,1.38,1.38,1.38,1.38,19239,EGCH,Egyptian Chemical Industries (Kima),0.0028
2007-05-22,1.3,1.4,1.3,1.38,7311,EGCH,Egyptian Chemical Industries (Kima),0.0028
2007-05-23,1.31,1.44,1.3,1.38,426,EGCH,Egyptian Chemical Industries (Kima),0.0028
2007-05-24,1.3,1.3,1.3,1.3,7699,EGCH,Egyptian Chemical Industries (Kima),0.0028
2007-05-28,1.3,1.31,1.3,1.3,9235,EGCH,Egyptian Chemical Industries (Kima),0.0028
2007-05-29,1.3,1.38,1.3,1.38,21469,EGCH,Egyptian Chemical Industries (Kima),0.0028
2007-05-30,1.4,1.44,1.3,1.42,7148,EGCH,Egyptian Chemical Industries (Kima),0.0028
2007-06-04,1.4,1.5,1.34,1.4,14077,EGCH,Egyptian Chemical Industries (Kima),0.0028
2007-06-05,1.48,1.48,1.45,1.47,25742,EGCH,Egyptian Chemical Industries (Kima),0.0028
2007-06-06,1.55,1.55,1.41,1.52,54984,EGCH,Egyptian Chemical Industries (Kima),0.0028
2007-06-07,1.44,1.44,1.44,1.44,7049,EGCH,Egyptian Chemical Industries (Kima),0.0028
2007-06-11,1.36,1.36,1.36,1.36,23170,EGCH,Egyptian Chemical Industries (Kima),0.0028
2007-06-12,1.4,1.44,1.4,1.4,67541,EGCH,Egyptian Chemical Industries (Kima),0.0028
2007-06-13,1.34,1.34,1.33,1.33,39451,EGCH,Egyptian Chemical Industries (Kima),0.0028
2007-06-14,1.29,1.3,1.29,1.3,10734,EGCH,Egyptian Chemical Industries (Kima),0.0028
2007-06-17,1.35,1.35,1.28,1.34,7898,EGCH,Egyptian Chemical Industries (Kima),0.0028
2007-06-18,1.3,1.3,1.3,1.3,3846,EGCH,Egyptian Chemical Industries (Kima),0.0028
2007-06-19,1.3,1.3,1.3,1.3,7699,EGCH,Egyptian Chemical Industries (Kima),0.0028
2007-06-20,1.24,1.36,1.24,1.35,27198,EGCH,Egyptian Chemical Industries (Kima),0.0028
2007-06-21,1.34,1.34,1.3,1.3,66389,EGCH,Egyptian Chemical Industries (Kima),0.0028
2007-06-24,1.3,1.3,1.3,1.3,2613,EGCH,Egyptian Chemical Industries (Kima),0.0028
2007-06-27,1.25,1.3,1.25,1.3,850,EGCH,Egyptian Chemical Industries (Kima),0.0028
2007-07-03,1.25,1.25,1.25,1.25,14662,EGCH,Egyptian Chemical Industries (Kima),0.0028
2007-07-04,1.24,1.25,1.24,1.25,200,EGCH,Egyptian Chemical Industries (Kima),0.0028
2007-07-05,1.25,1.25,1.25,1.25,3381,EGCH,Egyptian Chemical Industries (Kima),0.0028
2007-07-09,1.3,1.31,1.3,1.3,28353,EGCH,Egyptian Chemical Industries (Kima),0.0028
2007-07-15,1.25,1.25,1.25,1.25,3846,EGCH,Egyptian Chemical Industries (Kima),0.0028
2007-07-18,1.25,1.25,1.25,1.25,15392,EGCH,Egyptian Chemical Industries (Kima),0.0028
2007-07-19,1.25,1.25,1.25,1.25,26937,EGCH,Egyptian Chemical Industries (Kima),0.0028
2007-07-22,1.25,1.25,1.25,1.25,6360,EGCH,Egyptian Chemical Industries (Kima),0.0028
2007-07-24,1.25,1.25,1.25,1.25,1417,EGCH,Egyptian Chemical Industries (Kima),0.0028
2007-07-25,1.25,1.25,1.25,1.25,23595,EGCH,Egyptian Chemical Industries (Kima),0.0028
2007-07-29,1.25,1.25,1.25,1.25,971,EGCH,Egyptian Chemical Industries (Kima),0.0028
2007-07-30,1.25,1.25,1.25,1.25,200,EGCH,Egyptian Chemical Industries (Kima),0.0028
2007-07-31,1.25,1.25,1.23,1.25,971,EGCH,Egyptian Chemical Industries (Kima),0.0028
2007-08-01,1.23,1.25,1.23,1.25,3463,EGCH,Egyptian Chemical Industries (Kima),0.0028
2007-08-02,1.25,1.25,1.25,1.25,649,EGCH,Egyptian Chemical Industries (Kima),0.0028
2007-08-06,1.3,1.3,1.3,1.3,18005,EGCH,Egyptian Chemical Industries (Kima),0.0028
2007-08-07,1.38,1.38,1.38,1.38,9739,EGCH,Egyptian Chemical Industries (Kima),0.0028
2007-08-08,1.44,1.44,1.44,1.44,9621,EGCH,Egyptian Chemical Industries (Kima),0.0028
2007-08-09,1.36,1.43,1.36,1.42,4232,EGCH,Egyptian Chemical Industries (Kima),0.0028
2007-08-12,1.5,1.5,1.4,1.45,13467,EGCH,Egyptian Chemical Industries (Kima),0.0028
2007-08-13,1.38,1.38,1.38,1.38,9621,EGCH,Egyptian Chemical Industries (Kima),0.0028
2007-08-14,1.3,1.3,1.3,1.3,73619,EGCH,Egyptian Chemical Industries (Kima),0.0028
2007-08-19,1.31,1.31,1.31,1.31,11545,EGCH,Egyptian Chemical Industries (Kima),0.0028
2007-08-20,1.28,1.3,1.28,1.3,40868,EGCH,Egyptian Chemical Industries (Kima),0.0028
2007-08-21,1.25,1.25,1.25,1.25,5206,EGCH,Egyptian Chemical Industries (Kima),0.0028
2007-08-22,1.3,1.3,1.3,1.3,5347,EGCH,Egyptian Chemical Industries (Kima),0.0028
2007-08-23,1.3,1.3,1.3,1.3,13467,EGCH,Egyptian Chemical Industries (Kima),0.0028
2007-08-26,1.3,1.35,1.3,1.32,77811,EGCH,Egyptian Chemical Industries (Kima),0.0028
2007-08-27,1.4,1.4,1.4,1.4,13692,EGCH,Egyptian Chemical Industries (Kima),0.0028
2007-08-28,1.47,1.47,1.4,1.42,10308,EGCH,Egyptian Chemical Industries (Kima),0.0028
2007-08-29,1.34,1.34,1.34,1.34,5773,EGCH,Egyptian Chemical Industries (Kima),0.0028
2007-08-30,1.3,1.3,1.3,1.3,3846,EGCH,Egyptian Chemical Industries (Kima),0.0028
2007-09-03,1.25,1.3,1.25,1.3,769,EGCH,Egyptian Chemical Industries (Kima),0.0028
2007-09-04,1.35,1.35,1.3,1.3,3077,EGCH,Egyptian Chemical Industries (Kima),0.0028
2007-09-05,1.29,1.35,1.25,1.29,14316,EGCH,Egyptian Chemical Industries (Kima),0.0028
2007-09-06,1.25,1.29,1.25,1.29,3666,EGCH,Egyptian Chemical Industries (Kima),0.0028
2007-09-09,1.34,1.34,1.34,1.34,19239,EGCH,Egyptian Chemical Industries (Kima),0.0028
2007-09-10,1.35,1.35,1.35,1.35,11380,EGCH,Egyptian Chemical Industries (Kima),0.0028
2007-09-12,1.3,1.35,1.3,1.34,8667,EGCH,Egyptian Chemical Industries (Kima),0.0028
2007-09-17,1.29,1.29,1.29,1.29,24545,EGCH,Egyptian Chemical Industries (Kima),0.0028
2007-09-19,1.34,1.34,1.34,1.34,3846,EGCH,Egyptian Chemical Industries (Kima),0.0028
2007-09-20,1.41,1.41,1.32,1.4,5773,EGCH,Egyptian Chemical Industries (Kima),0.0028
2007-09-23,1.47,1.47,1.47,1.47,3846,EGCH,Egyptian Chemical Industries (Kima),0.0028
2007-09-24,1.4,1.47,1.4,1.47,2309,EGCH,Egyptian Chemical Industries (Kima),0.0028
2007-09-26,1.4,1.47,1.4,1.47,2086,EGCH,Egyptian Chemical Industries (Kima),0.0028
2007-09-30,1.43,1.54,1.43,1.43,19239,EGCH,Egyptian Chemical Industries (Kima),0.0028
2007-10-03,1.44,1.44,1.44,1.44,19239,EGCH,Egyptian Chemical Industries (Kima),0.0028
2007-10-09,1.43,1.44,1.43,1.44,387,EGCH,Egyptian Chemical Industries (Kima),0.0028
2007-10-11,1.45,1.53,1.45,1.47,19239,EGCH,Egyptian Chemical Industries (Kima),0.0028
2007-10-17,1.4,1.47,1.4,1.47,387,EGCH,Egyptian Chemical Industries (Kima),0.0028
2007-10-22,1.4,1.47,1.4,1.47,1741,EGCH,Egyptian Chemical Industries (Kima),0.0028
2007-10-23,1.47,1.55,1.47,1.55,42713,EGCH,Egyptian Chemical Industries (Kima),0.0028
2007-10-24,1.5,1.58,1.5,1.54,38259,EGCH,Egyptian Chemical Industries (Kima),0.0028
2007-10-25,1.45,1.45,1.45,1.45,28514,EGCH,Egyptian Chemical Industries (Kima),0.0028
2007-10-29,1.4,1.54,1.4,1.51,18168,EGCH,Egyptian Chemical Industries (Kima),0.0028
2007-10-30,1.55,1.55,1.51,1.55,9621,EGCH,Egyptian Chemical Industries (Kima),0.0028
2007-11-01,1.51,1.51,1.51,1.51,4618,EGCH,Egyptian Chemical Industries (Kima),0.0028
2007-11-04,1.51,1.58,1.51,1.58,25942,EGCH,Egyptian Chemical Industries (Kima),0.0028
2007-11-05,1.51,1.59,1.51,1.52,23085,EGCH,Egyptian Chemical Industries (Kima),0.0028
2007-11-06,1.44,1.5,1.44,1.45,3846,EGCH,Egyptian Chemical Industries (Kima),0.0028
2007-11-07,1.38,1.43,1.38,1.41,15978,EGCH,Egyptian Chemical Industries (Kima),0.0028
2007-11-08,1.5,1.5,1.38,1.46,23085,EGCH,Egyptian Chemical Industries (Kima),0.0028
2007-11-11,1.39,1.51,1.39,1.4,10166,EGCH,Egyptian Chemical Industries (Kima),0.0028
2007-11-12,1.4,1.4,1.34,1.39,9621,EGCH,Egyptian Chemical Industries (Kima),0.0028
2007-11-13,1.32,1.39,1.31,1.39,992,EGCH,Egyptian Chemical Industries (Kima),0.0028
2007-11-22,1.32,1.45,1.32,1.33,30280,EGCH,Egyptian Chemical Industries (Kima),0.0028
2007-11-25,1.4,1.4,1.33,1.33,3807,EGCH,Egyptian Chemical Industries (Kima),0.0028
2007-11-26,1.32,1.33,1.32,1.33,1926,EGCH,Egyptian Chemical Industries (Kima),0.0028
2007-11-27,1.28,1.33,1.28,1.33,344,EGCH,Egyptian Chemical Industries (Kima),0.0028
2007-11-28,1.34,1.34,1.34,1.34,9621,EGCH,Egyptian Chemical Industries (Kima),0.0028
2007-12-02,1.41,1.41,1.34,1.34,2531,EGCH,Egyptian Chemical Industries (Kima),0.0028
2007-12-03,1.3,1.41,1.3,1.4,12189,EGCH,Egyptian Chemical Industries (Kima),0.0028
2007-12-04,1.33,1.33,1.33,1.33,16243,EGCH,Egyptian Chemical Industries (Kima),0.0028
2007-12-05,1.4,1.4,1.4,1.4,24665,EGCH,Egyptian Chemical Industries (Kima),0.0028
2007-12-06,1.47,1.47,1.43,1.47,42288,EGCH,Egyptian Chemical Industries (Kima),0.0028
2007-12-09,1.55,1.55,1.55,1.55,579163,EGCH,Egyptian Chemical Industries (Kima),0.0028
2007-12-10,1.62,1.62,1.47,1.62,128866,EGCH,Egyptian Chemical Industries (Kima),0.0028
2007-12-12,1.55,1.62,1.55,1.62,387,EGCH,Egyptian Chemical Industries (Kima),0.0028
2007-12-13,1.55,1.55,1.55,1.55,90165,EGCH,Egyptian Chemical Industries (Kima),0.0028
2007-12-16,1.46,1.46,1.46,1.46,101081,EGCH,Egyptian Chemical Industries (Kima),0.0028
2007-12-17,1.4,1.45,1.4,1.4,197563,EGCH,Egyptian Chemical Industries (Kima),0.0028
2007-12-23,1.3,1.43,1.3,1.4,40991,EGCH,Egyptian Chemical Industries (Kima),0.0028
2007-12-24,1.54,1.82,1.51,1.65,430791,EGCH,Egyptian Chemical Industries (Kima),0.0028
2007-12-25,1.82,2.21,1.8,1.96,315998,EGCH,Egyptian Chemical Industries (Kima),0.0028
2007-12-26,2.26,2.3,2.04,2.16,485191,EGCH,Egyptian Chemical Industries (Kima),0.0028
2007-12-27,2.18,2.18,1.96,2.07,180126,EGCH,Egyptian Chemical Industries (Kima),0.0028
2007-12-30,2.07,2.21,1.94,2.0,202989,EGCH,Egyptian Chemical Industries (Kima),0.0028
2007-12-31,2.0,2.06,1.86,1.96,184523,EGCH,Egyptian Chemical Industries (Kima),0.0028
2008-01-02,2.07,2.21,1.86,1.96,113436,EGCH,Egyptian Chemical Industries (Kima),0.0028
2008-01-03,1.9,2.18,1.9,2.07,232034,EGCH,Egyptian Chemical Industries (Kima),0.0028
2008-01-06,2.18,2.21,2.1,2.18,177656,EGCH,Egyptian Chemical Industries (Kima),0.0028
2008-01-08,2.17,2.26,2.11,2.18,285902,EGCH,Egyptian Chemical Industries (Kima),0.0028
2008-01-10,2.09,2.13,2.07,2.09,44334,EGCH,Egyptian Chemical Industries (Kima),0.0028
2008-01-13,2.18,2.33,2.18,2.3,307334,EGCH,Egyptian Chemical Industries (Kima),0.0028
2008-01-14,2.21,2.43,2.18,2.3,299112,EGCH,Egyptian Chemical Industries (Kima),0.0028
2008-01-15,2.18,2.31,2.18,2.28,21751,EGCH,Egyptian Chemical Industries (Kima),0.0028
2008-01-16,2.3,2.3,2.17,2.24,160622,EGCH,Egyptian Chemical Industries (Kima),0.0028
2008-01-17,2.43,2.43,2.21,2.3,160966,EGCH,Egyptian Chemical Industries (Kima),0.0028
2008-01-20,2.23,2.3,2.11,2.18,136441,EGCH,Egyptian Chemical Industries (Kima),0.0028
2008-01-21,2.12,2.23,1.97,2.16,59806,EGCH,Egyptian Chemical Industries (Kima),0.0028
2008-01-22,2.04,2.11,1.75,1.91,90427,EGCH,Egyptian Chemical Industries (Kima),0.0028
2008-01-23,2.07,2.18,1.96,2.07,38521,EGCH,Egyptian Chemical Industries (Kima),0.0028
2008-01-24,2.04,2.14,2.04,2.07,105355,EGCH,Egyptian Chemical Industries (Kima),0.0028
2008-01-27,2.21,2.29,2.14,2.18,43015,EGCH,Egyptian Chemical Industries (Kima),0.0028
2008-01-28,2.17,2.17,2.05,2.07,59948,EGCH,Egyptian Chemical Industries (Kima),0.0028
2008-01-29,2.18,2.18,2.11,2.14,56385,EGCH,Egyptian Chemical Industries (Kima),0.0028
2008-01-30,2.22,2.33,2.18,2.27,53871,EGCH,Egyptian Chemical Industries (Kima),0.0028
2008-01-31,2.21,2.44,2.21,2.33,379066,EGCH,Egyptian Chemical Industries (Kima),0.0028
2008-02-03,2.48,4.17,2.48,2.81,329388,EGCH,Egyptian Chemical Industries (Kima),0.0028
2008-02-12,2.74,3.9,2.74,2.96,21751,EGCH,Egyptian Chemical Industries (Kima),0.0028
2008-02-14,3.9,4.15,3.9,4.05,4820,EGCH,Egyptian Chemical Industries (Kima),0.0028
2008-02-17,4.36,4.64,3.66,4.24,574280,EGCH,Egyptian Chemical Industries (Kima),0.0028
2008-02-18,4.03,4.25,3.78,3.94,292671,EGCH,Egyptian Chemical Industries (Kima),0.0028
2008-02-19,3.76,4.28,3.76,3.9,444220,EGCH,Egyptian Chemical Industries (Kima),0.0028
2008-02-20,3.86,4.06,3.73,3.8,200480,EGCH,Egyptian Chemical Industries (Kima),0.0028
2008-02-21,3.7,4.03,3.69,3.92,279363,EGCH,Egyptian Chemical Industries (Kima),0.0028
2008-02-24,4.12,4.48,3.9,4.09,212063,EGCH,Egyptian Chemical Industries (Kima),0.0028
2008-02-25,3.9,4.1,3.79,3.95,243457,EGCH,Egyptian Chemical Industries (Kima),0.0028
2008-02-26,4.17,4.41,3.97,4.12,200705,EGCH,Egyptian Chemical Industries (Kima),0.0028
2008-02-27,4.03,4.2,3.88,4.0,315354,EGCH,Egyptian Chemical Industries (Kima),0.0028
2008-02-28,3.82,4.48,3.12,4.04,504674,EGCH,Egyptian Chemical Industries (Kima),0.0028
2008-03-02,4.54,4.91,4.54,4.86,48097,EGCH,Egyptian Chemical Industries (Kima),0.0028
2008-03-03,4.84,5.29,4.54,4.98,813808,EGCH,Egyptian Chemical Industries (Kima),0.0028
2008-03-04,5.2,5.2,4.8,4.98,228105,EGCH,Egyptian Chemical Industries (Kima),0.0028
2008-03-05,4.68,5.07,4.68,4.91,311950,EGCH,Egyptian Chemical Industries (Kima),0.0028
2008-03-06,4.78,4.78,4.49,4.53,49455,EGCH,Egyptian Chemical Industries (Kima),0.0028
2008-03-09,4.55,4.87,4.51,4.72,67461,EGCH,Egyptian Chemical Industries (Kima),0.0028
2008-03-10,4.8,4.87,4.42,4.54,97616,EGCH,Egyptian Chemical Industries (Kima),0.0028
2008-03-11,4.74,4.76,4.47,4.6,38479,EGCH,Egyptian Chemical Industries (Kima),0.0028
2008-03-12,4.57,4.71,4.42,4.54,121210,EGCH,Egyptian Chemical Industries (Kima),0.0028
2008-03-13,4.03,4.6,4.03,4.45,88806,EGCH,Egyptian Chemical Industries (Kima),0.0028
2008-03-16,4.54,4.67,4.47,4.53,154081,EGCH,Egyptian Chemical Industries (Kima),0.0028
2008-03-17,4.46,4.46,4.19,4.24,124368,EGCH,Egyptian Chemical Industries (Kima),0.0028
2008-03-18,4.2,4.36,4.17,4.22,104869,EGCH,Egyptian Chemical Industries (Kima),0.0028
2008-03-19,4.3,4.3,4.17,4.22,58022,EGCH,Egyptian Chemical Industries (Kima),0.0028
2008-03-23,4.6,5.03,4.42,4.75,463418,EGCH,Egyptian Chemical Industries (Kima),0.0028
2008-03-24,5.01,5.2,4.61,5.01,91117,EGCH,Egyptian Chemical Industries (Kima),0.0028
2008-03-25,4.54,4.87,4.46,4.57,63571,EGCH,Egyptian Chemical Industries (Kima),0.0028
2008-03-26,4.8,4.8,4.42,4.5,137594,EGCH,Egyptian Chemical Industries (Kima),0.0028
2008-03-27,4.48,4.48,4.14,4.24,68758,EGCH,Egyptian Chemical Industries (Kima),0.0028
2008-03-30,4.19,4.48,4.19,4.3,55451,EGCH,Egyptian Chemical Industries (Kima),0.0028
2008-03-31,4.42,4.68,4.28,4.47,27321,EGCH,Egyptian Chemical Industries (Kima),0.0028
2008-04-01,4.42,4.6,4.42,4.51,36009,EGCH,Egyptian Chemical Industries (Kima),0.0028
2008-04-02,4.67,4.67,4.19,4.27,66610,EGCH,Egyptian Chemical Industries (Kima),0.0028
2008-04-03,4.2,4.42,4.2,4.26,34512,EGCH,Egyptian Chemical Industries (Kima),0.0028
2008-04-06,4.42,4.63,4.28,4.53,127631,EGCH,Egyptian Chemical Industries (Kima),0.0028
2008-04-07,4.6,5.07,4.53,4.87,201977,EGCH,Egyptian Chemical Industries (Kima),0.0028
2008-04-08,4.74,4.94,4.63,4.87,390652,EGCH,Egyptian Chemical Industries (Kima),0.0028
2008-04-09,4.78,4.78,4.6,4.72,12189,EGCH,Egyptian Chemical Industries (Kima),0.0028
2008-04-10,4.51,4.68,4.5,4.53,51403,EGCH,Egyptian Chemical Industries (Kima),0.0028
2008-04-13,4.5,4.67,4.42,4.49,45407,EGCH,Egyptian Chemical Industries (Kima),0.0028
2008-04-14,4.63,4.63,4.42,4.47,139559,EGCH,Egyptian Chemical Industries (Kima),0.0028
2008-04-15,4.55,4.71,4.5,4.6,86925,EGCH,Egyptian Chemical Industries (Kima),0.0028
2008-04-16,4.53,4.67,4.25,4.43,91927,EGCH,Egyptian Chemical Industries (Kima),0.0028
2008-04-17,4.36,4.42,4.22,4.3,77001,EGCH,Egyptian Chemical Industries (Kima),0.0028
2008-04-20,4.3,4.3,4.24,4.25,40184,EGCH,Egyptian Chemical Industries (Kima),0.0028
2008-04-21,4.39,4.39,4.17,4.22,119633,EGCH,Egyptian Chemical Industries (Kima),0.0028
2008-04-22,4.18,4.18,3.94,4.1,105213,EGCH,Egyptian Chemical Industries (Kima),0.0028
2008-04-23,3.9,3.97,3.78,3.88,66023,EGCH,Egyptian Chemical Industries (Kima),0.0028
2008-04-24,3.92,4.03,3.64,3.8,67379,EGCH,Egyptian Chemical Industries (Kima),0.0028
2008-04-29,3.92,3.92,3.66,3.8,3163,EGCH,Egyptian Chemical Industries (Kima),0.0028
2008-04-30,3.82,3.84,3.74,3.75,43686,EGCH,Egyptian Chemical Industries (Kima),0.0028
2008-05-04,4.03,4.05,3.97,4.05,46680,EGCH,Egyptian Chemical Industries (Kima),0.0028
2008-05-05,4.0,4.0,3.64,3.66,236996,EGCH,Egyptian Chemical Industries (Kima),0.0028
2008-05-06,3.69,3.86,3.64,3.66,308041,EGCH,Egyptian Chemical Industries (Kima),0.0028
2008-05-07,3.66,3.7,3.66,3.66,41014,EGCH,Egyptian Chemical Industries (Kima),0.0028
2008-05-08,3.59,3.69,3.55,3.58,38907,EGCH,Egyptian Chemical Industries (Kima),0.0028
2008-05-11,3.64,3.64,3.33,3.42,145072,EGCH,Egyptian Chemical Industries (Kima),0.0028
2008-05-12,3.49,3.49,3.24,3.33,48141,EGCH,Egyptian Chemical Industries (Kima),0.0028
2008-05-13,3.33,3.33,2.75,3.04,90891,EGCH,Egyptian Chemical Industries (Kima),0.0028
2008-05-14,3.34,3.34,2.91,3.04,54804,EGCH,Egyptian Chemical Industries (Kima),0.0028
2008-05-15,2.99,3.04,2.51,2.73,81740,EGCH,Egyptian Chemical Industries (Kima),0.0028
2008-05-18,2.85,3.23,2.85,3.04,42370,EGCH,Egyptian Chemical Industries (Kima),0.0028
2008-05-19,3.04,3.08,2.93,3.0,71392,EGCH,Egyptian Chemical Industries (Kima),0.0028
2008-05-20,3.12,3.12,2.93,3.04,19624,EGCH,Egyptian Chemical Industries (Kima),0.0028
2008-05-21,3.06,3.66,3.06,3.3,182210,EGCH,Egyptian Chemical Industries (Kima),0.0028
2008-05-22,3.15,3.51,3.15,3.25,73154,EGCH,Egyptian Chemical Industries (Kima),0.0028
2008-05-25,5.69,5.74,5.45,5.45,22794,EGCH,Egyptian Chemical Industries (Kima),0.0028
2008-05-26,3.23,3.37,3.23,3.3,79612,EGCH,Egyptian Chemical Industries (Kima),0.0028
2008-05-27,3.37,3.9,3.37,3.58,87471,EGCH,Egyptian Chemical Industries (Kima),0.0028
2008-05-28,3.45,3.45,3.3,3.43,36050,EGCH,Egyptian Chemical Industries (Kima),0.0028
2008-05-29,3.34,3.51,3.24,3.39,64080,EGCH,Egyptian Chemical Industries (Kima),0.0028
2008-06-01,3.45,3.67,3.41,3.49,22965,EGCH,Egyptian Chemical Industries (Kima),0.0028
2008-06-02,3.34,3.54,3.24,3.42,40911,EGCH,Egyptian Chemical Industries (Kima),0.0028
2008-06-03,3.18,3.43,3.16,3.24,35908,EGCH,Egyptian Chemical Industries (Kima),0.0028
2008-06-04,3.18,3.43,3.12,3.2,74651,EGCH,Egyptian Chemical Industries (Kima),0.0028
2008-06-05,3.17,3.19,3.04,3.15,70681,EGCH,Egyptian Chemical Industries (Kima),0.0028
2008-06-08,3.2,3.28,3.15,3.18,39898,EGCH,Egyptian Chemical Industries (Kima),0.0028
2008-06-09,3.23,3.23,3.08,3.11,62925,EGCH,Egyptian Chemical Industries (Kima),0.0028
2008-06-10,3.09,3.28,3.09,3.15,59461,EGCH,Egyptian Chemical Industries (Kima),0.0028
2008-06-11,3.04,3.15,3.04,3.15,3036,EGCH,Egyptian Chemical Industries (Kima),0.0028
2008-06-12,3.28,3.34,3.06,3.15,30985,EGCH,Egyptian Chemical Industries (Kima),0.0028
2008-06-15,3.32,3.98,3.29,3.75,534405,EGCH,Egyptian Chemical Industries (Kima),0.0028
2008-06-16,3.9,4.25,3.78,4.12,186202,EGCH,Egyptian Chemical Industries (Kima),0.0028
2008-06-17,3.9,4.16,3.78,3.97,323151,EGCH,Egyptian Chemical Industries (Kima),0.0028
2008-06-18,4.15,4.15,3.74,3.86,126338,EGCH,Egyptian Chemical Industries (Kima),0.0028
2008-06-19,3.69,3.73,3.54,3.64,87695,EGCH,Egyptian Chemical Industries (Kima),0.0028
2008-06-22,3.85,4.24,3.64,3.7,100735,EGCH,Egyptian Chemical Industries (Kima),0.0028
2008-06-23,3.64,3.66,3.38,3.56,46177,EGCH,Egyptian Chemical Industries (Kima),0.0028
2008-06-24,3.52,3.61,3.43,3.48,33821,EGCH,Egyptian Chemical Industries (Kima),0.0028
2008-06-25,3.44,3.44,3.15,3.39,76618,EGCH,Egyptian Chemical Industries (Kima),0.0028
2008-06-26,3.15,3.37,3.12,3.24,111631,EGCH,Egyptian Chemical Industries (Kima),0.0028
2008-06-29,3.37,3.37,3.2,3.34,19322,EGCH,Egyptian Chemical Industries (Kima),0.0028
2008-06-30,3.2,3.2,3.04,3.12,45609,EGCH,Egyptian Chemical Industries (Kima),0.0028
2008-07-02,3.37,3.43,3.2,3.29,81357,EGCH,Egyptian Chemical Industries (Kima),0.0028
2008-07-03,3.19,3.19,3.04,3.09,87549,EGCH,Egyptian Chemical Industries (Kima),0.0028
2008-07-06,3.33,3.33,2.93,3.04,89740,EGCH,Egyptian Chemical Industries (Kima),0.0028
2008-07-07,3.04,3.04,2.75,2.96,54256,EGCH,Egyptian Chemical Industries (Kima),0.0028
2008-07-08,2.98,3.08,2.75,2.94,84696,EGCH,Egyptian Chemical Industries (Kima),0.0028
2008-07-09,3.04,3.04,2.77,2.83,27707,EGCH,Egyptian Chemical Industries (Kima),0.0028
2008-07-10,2.77,2.78,2.6,2.74,135025,EGCH,Egyptian Chemical Industries (Kima),0.0028
2008-07-13,2.67,2.85,2.57,2.7,137254,EGCH,Egyptian Chemical Industries (Kima),0.0028
2008-07-14,2.8,2.93,2.74,2.78,46948,EGCH,Egyptian Chemical Industries (Kima),0.0028
2008-07-15,3.01,3.01,2.74,2.81,66185,EGCH,Egyptian Chemical Industries (Kima),0.0028
2008-07-16,2.73,2.74,2.33,2.56,96970,EGCH,Egyptian Chemical Industries (Kima),0.0028
2008-07-17,2.48,2.52,2.37,2.42,76413,EGCH,Egyptian Chemical Industries (Kima),0.0028
2008-07-20,2.48,2.48,2.48,2.48,22135,EGCH,Egyptian Chemical Industries (Kima),0.0028
2008-07-21,2.52,2.52,2.22,2.35,36779,EGCH,Egyptian Chemical Industries (Kima),0.0028
2008-07-22,2.23,2.33,2.23,2.27,26753,EGCH,Egyptian Chemical Industries (Kima),0.0028
2008-07-24,2.37,2.55,2.33,2.4,48097,EGCH,Egyptian Chemical Industries (Kima),0.0028
2008-07-27,2.4,2.5,2.4,2.44,98631,EGCH,Egyptian Chemical Industries (Kima),0.0028
2008-07-28,2.53,2.53,2.42,2.43,46985,EGCH,Egyptian Chemical Industries (Kima),0.0028
2008-07-29,2.42,2.42,2.22,2.27,115440,EGCH,Egyptian Chemical Industries (Kima),0.0028
2008-07-30,2.18,2.26,2.17,2.18,85465,EGCH,Egyptian Chemical Industries (Kima),0.0028
2008-07-31,2.23,2.27,2.17,2.18,147843,EGCH,Egyptian Chemical Industries (Kima),0.0028
2008-08-03,2.14,2.14,2.14,2.14,15816,EGCH,Egyptian Chemical Industries (Kima),0.0028
2008-08-04,2.14,2.14,2.02,2.07,55534,EGCH,Egyptian Chemical Industries (Kima),0.0028
2008-08-05,2.04,2.04,2.02,2.03,26206,EGCH,Egyptian Chemical Industries (Kima),0.0028
2008-08-07,2.07,2.14,1.96,2.02,31393,EGCH,Egyptian Chemical Industries (Kima),0.0028
2008-08-11,1.96,1.96,1.74,1.87,109706,EGCH,Egyptian Chemical Industries (Kima),0.0028
2008-08-12,2.21,2.21,1.94,2.01,17703,EGCH,Egyptian Chemical Industries (Kima),0.0028
2008-08-13,1.86,1.96,1.86,1.91,30745,EGCH,Egyptian Chemical Industries (Kima),0.0028
2008-08-14,1.94,2.04,1.82,1.89,32323,EGCH,Egyptian Chemical Industries (Kima),0.0028
2008-08-17,1.88,2.17,1.88,1.92,52031,EGCH,Egyptian Chemical Industries (Kima),0.0028
2008-08-18,1.86,1.86,1.86,1.86,56060,EGCH,Egyptian Chemical Industries (Kima),0.0028
2008-08-19,1.88,1.88,1.82,1.84,17518,EGCH,Egyptian Chemical Industries (Kima),0.0028
2008-08-20,1.77,1.9,1.56,1.75,24200,EGCH,Egyptian Chemical Industries (Kima),0.0028
2008-08-21,1.72,1.83,1.7,1.71,20598,EGCH,Egyptian Chemical Industries (Kima),0.0028
2008-08-24,1.74,1.81,1.72,1.74,18308,EGCH,Egyptian Chemical Industries (Kima),0.0028
2008-08-25,1.81,1.82,1.7,1.73,5267,EGCH,Egyptian Chemical Industries (Kima),0.0028
2008-08-26,1.86,1.86,1.74,1.81,25093,EGCH,Egyptian Chemical Industries (Kima),0.0028
2008-08-27,1.85,1.85,1.77,1.81,7919,EGCH,Egyptian Chemical Industries (Kima),0.0028
2008-08-28,1.74,1.85,1.74,1.85,44553,EGCH,Egyptian Chemical Industries (Kima),0.0028
2008-08-31,1.94,1.99,1.9,1.92,23293,EGCH,Egyptian Chemical Industries (Kima),0.0028
2008-09-03,1.74,2.03,1.74,1.88,19624,EGCH,Egyptian Chemical Industries (Kima),0.0028
2008-09-04,1.8,1.91,1.79,1.81,22441,EGCH,Egyptian Chemical Industries (Kima),0.0028
2008-09-07,1.85,1.85,1.82,1.82,88504,EGCH,Egyptian Chemical Industries (Kima),0.0028
2008-09-08,1.92,2.0,1.85,1.95,59257,EGCH,Egyptian Chemical Industries (Kima),0.0028
2008-09-09,1.96,2.06,1.85,1.91,29833,EGCH,Egyptian Chemical Industries (Kima),0.0028
2008-09-10,2.06,2.14,2.02,2.07,58326,EGCH,Egyptian Chemical Industries (Kima),0.0028
2008-09-11,2.14,2.17,2.07,2.11,25215,EGCH,Egyptian Chemical Industries (Kima),0.0028
2008-09-14,2.11,2.17,2.07,2.11,29851,EGCH,Egyptian Chemical Industries (Kima),0.0028
2008-09-15,1.94,2.07,1.94,1.99,20130,EGCH,Egyptian Chemical Industries (Kima),0.0028
2008-09-17,1.92,1.94,1.91,1.92,9115,EGCH,Egyptian Chemical Industries (Kima),0.0028
2008-09-18,1.82,1.82,1.64,1.75,78842,EGCH,Egyptian Chemical Industries (Kima),0.0028
2008-09-21,1.72,1.82,1.7,1.73,24748,EGCH,Egyptian Chemical Industries (Kima),0.0028
2008-09-22,1.71,1.71,1.63,1.66,30786,EGCH,Egyptian Chemical Industries (Kima),0.0028
2008-09-28,1.85,1.85,1.66,1.71,41823,EGCH,Egyptian Chemical Industries (Kima),0.0028
2008-09-29,1.66,1.66,1.59,1.63,19239,EGCH,Egyptian Chemical Industries (Kima),0.0028
2008-10-07,1.55,1.55,1.23,1.28,8548,EGCH,Egyptian Chemical Industries (Kima),0.0028
2008-10-08,1.55,1.55,1.28,1.28,1964,EGCH,Egyptian Chemical Industries (Kima),0.0028
2008-10-09,1.4,1.48,1.3,1.38,36758,EGCH,Egyptian Chemical Industries (Kima),0.0028
2008-10-12,1.1,1.32,1.1,1.15,50957,EGCH,Egyptian Chemical Industries (Kima),0.0028
2008-10-13,1.19,1.25,1.19,1.21,30239,EGCH,Egyptian Chemical Industries (Kima),0.0028
2008-10-14,1.45,1.45,1.32,1.35,17358,EGCH,Egyptian Chemical Industries (Kima),0.0028
2008-10-15,1.31,1.43,1.31,1.33,31372,EGCH,Egyptian Chemical Industries (Kima),0.0028
2008-10-16,1.34,1.34,1.3,1.33,2389,EGCH,Egyptian Chemical Industries (Kima),0.0028
2008-10-19,1.43,1.55,1.38,1.47,112581,EGCH,Egyptian Chemical Industries (Kima),0.0028
2008-10-20,1.55,1.55,1.46,1.52,18937,EGCH,Egyptian Chemical Industries (Kima),0.0028
2008-10-21,1.51,1.54,1.46,1.51,124027,EGCH,Egyptian Chemical Industries (Kima),0.0028
2008-10-22,1.51,1.51,1.3,1.38,193168,EGCH,Egyptian Chemical Industries (Kima),0.0028
2008-10-23,1.21,1.38,1.21,1.28,67420,EGCH,Egyptian Chemical Industries (Kima),0.0028
2008-10-29,1.51,1.54,1.34,1.51,379027,EGCH,Egyptian Chemical Industries (Kima),0.0028
2008-10-30,1.78,1.78,1.62,1.68,162039,EGCH,Egyptian Chemical Industries (Kima),0.0028
2008-11-03,1.81,2.01,1.81,1.96,348973,EGCH,Egyptian Chemical Industries (Kima),0.0028
2008-11-04,2.01,2.07,1.82,1.96,143348,EGCH,Egyptian Chemical Industries (Kima),0.0028
2008-11-05,1.92,2.0,1.82,1.85,133140,EGCH,Egyptian Chemical Industries (Kima),0.0028
2008-11-06,1.85,1.9,1.82,1.85,15856,EGCH,Egyptian Chemical Industries (Kima),0.0028
2008-11-09,1.85,1.94,1.79,1.84,83118,EGCH,Egyptian Chemical Industries (Kima),0.0028
2008-11-10,1.93,1.96,1.82,1.92,114102,EGCH,Egyptian Chemical Industries (Kima),0.0028
2008-11-11,1.77,1.96,1.77,1.81,71574,EGCH,Egyptian Chemical Industries (Kima),0.0028
2008-11-12,1.66,1.71,1.66,1.69,24445,EGCH,Egyptian Chemical Industries (Kima),0.0028
2008-11-13,1.77,1.82,1.74,1.78,62641,EGCH,Egyptian Chemical Industries (Kima),0.0028
2008-11-16,1.71,1.96,1.71,1.8,118092,EGCH,Egyptian Chemical Industries (Kima),0.0028
2008-11-17,1.66,1.71,1.63,1.69,104100,EGCH,Egyptian Chemical Industries (Kima),0.0028
2008-11-18,1.58,1.63,1.34,1.54,27827,EGCH,Egyptian Chemical Industries (Kima),0.0028
2008-11-19,1.51,1.6,1.5,1.55,80241,EGCH,Egyptian Chemical Industries (Kima),0.0028
2008-11-20,1.45,1.6,1.45,1.55,106327,EGCH,Egyptian Chemical Industries (Kima),0.0028
2008-11-23,1.55,1.55,1.55,1.55,3846,EGCH,Egyptian Chemical Industries (Kima),0.0028
2008-11-24,1.4,1.43,1.25,1.32,43866,EGCH,Egyptian Chemical Industries (Kima),0.0028
2008-11-25,1.45,1.59,1.45,1.55,71652,EGCH,Egyptian Chemical Industries (Kima),0.0028
2008-11-26,1.8,1.82,1.8,1.81,37711,EGCH,Egyptian Chemical Industries (Kima),0.0028
2008-11-27,1.82,1.82,1.82,1.82,10590,EGCH,Egyptian Chemical Industries (Kima),0.0028
2008-11-30,1.85,1.85,1.82,1.82,1926,EGCH,Egyptian Chemical Industries (Kima),0.0028
2008-12-01,1.7,1.72,1.7,1.71,5773,EGCH,Egyptian Chemical Industries (Kima),0.0028
2008-12-02,1.7,1.7,1.7,1.7,5589,EGCH,Egyptian Chemical Industries (Kima),0.0028
2008-12-03,1.58,1.69,1.58,1.62,20050,EGCH,Egyptian Chemical Industries (Kima),0.0028
2008-12-04,1.72,1.72,1.72,1.72,6158,EGCH,Egyptian Chemical Industries (Kima),0.0028
2008-12-11,1.82,1.83,1.82,1.82,3846,EGCH,Egyptian Chemical Industries (Kima),0.0028
2008-12-14,1.9,1.92,1.7,1.75,13674,EGCH,Egyptian Chemical Industries (Kima),0.0028
2008-12-15,1.66,1.75,1.66,1.75,3463,EGCH,Egyptian Chemical Industries (Kima),0.0028
2008-12-16,1.74,1.77,1.61,1.72,25903,EGCH,Egyptian Chemical Industries (Kima),0.0028
2008-12-17,1.6,1.63,1.6,1.62,7699,EGCH,Egyptian Chemical Industries (Kima),0.0028
2008-12-18,1.61,1.61,1.6,1.6,10857,EGCH,Egyptian Chemical Industries (Kima),0.0028
2008-12-21,1.54,1.7,1.51,1.53,44334,EGCH,Egyptian Chemical Industries (Kima),0.0028
2008-12-22,1.55,1.56,1.55,1.55,6158,EGCH,Egyptian Chemical Industries (Kima),0.0028
2008-12-23,1.43,1.74,1.4,1.51,21366,EGCH,Egyptian Chemical Industries (Kima),0.0028
2008-12-24,1.66,1.66,1.63,1.65,6541,EGCH,Egyptian Chemical Industries (Kima),0.0028
2008-12-25,1.72,1.72,1.5,1.55,41375,EGCH,Egyptian Chemical Industries (Kima),0.0028
2008-12-28,1.58,1.58,1.45,1.51,14053,EGCH,Egyptian Chemical Industries (Kima),0.0028
2008-12-30,1.58,1.58,1.51,1.51,1926,EGCH,Egyptian Chemical Industries (Kima),0.0028
2008-12-31,1.43,1.55,1.43,1.51,7699,EGCH,Egyptian Chemical Industries (Kima),0.0028
2009-01-04,1.55,1.6,1.55,1.55,23293,EGCH,Egyptian Chemical Industries (Kima),0.0028
2009-01-05,1.5,1.66,1.5,1.65,63916,EGCH,Egyptian Chemical Industries (Kima),0.0028
2009-01-06,1.71,1.71,1.71,1.71,6158,EGCH,Egyptian Chemical Industries (Kima),0.0028
2009-01-08,1.69,1.7,1.66,1.68,8465,EGCH,Egyptian Chemical Industries (Kima),0.0028
2009-01-11,1.51,1.63,1.51,1.56,68312,EGCH,Egyptian Chemical Industries (Kima),0.0028
2009-01-12,1.55,1.68,1.54,1.58,96077,EGCH,Egyptian Chemical Industries (Kima),0.0028
2009-01-13,1.71,1.89,1.63,1.8,275353,EGCH,Egyptian Chemical Industries (Kima),0.0028
2009-01-14,1.86,2.12,1.86,2.04,151875,EGCH,Egyptian Chemical Industries (Kima),0.0028
2009-01-15,1.94,2.06,1.85,1.91,104198,EGCH,Egyptian Chemical Industries (Kima),0.0028
2009-01-18,1.86,1.94,1.81,1.87,109404,EGCH,Egyptian Chemical Industries (Kima),0.0028
2009-01-19,1.85,1.86,1.72,1.78,126338,EGCH,Egyptian Chemical Industries (Kima),0.0028
2009-01-20,1.7,1.74,1.66,1.68,41254,EGCH,Egyptian Chemical Industries (Kima),0.0028
2009-01-21,1.6,1.71,1.55,1.58,31289,EGCH,Egyptian Chemical Industries (Kima),0.0028
2009-01-22,1.55,1.6,1.5,1.56,47025,EGCH,Egyptian Chemical Industries (Kima),0.0028
2009-01-25,1.51,1.51,1.45,1.5,9438,EGCH,Egyptian Chemical Industries (Kima),0.0028
2009-01-26,1.47,1.62,1.44,1.51,47591,EGCH,Egyptian Chemical Industries (Kima),0.0028
2009-01-27,1.66,1.74,1.54,1.64,54336,EGCH,Egyptian Chemical Industries (Kima),0.0028
2009-01-28,1.6,1.6,1.55,1.59,35708,EGCH,Egyptian Chemical Industries (Kima),0.0028
2009-01-29,1.58,1.6,1.5,1.55,56220,EGCH,Egyptian Chemical Industries (Kima),0.0028
2009-02-01,1.51,1.55,1.5,1.54,20555,EGCH,Egyptian Chemical Industries (Kima),0.0028
2009-02-02,1.55,1.55,1.4,1.47,30786,EGCH,Egyptian Chemical Industries (Kima),0.0028
2009-02-03,1.5,1.54,1.5,1.51,19057,EGCH,Egyptian Chemical Industries (Kima),0.0028
2009-02-04,1.5,1.5,1.43,1.45,15816,EGCH,Egyptian Chemical Industries (Kima),0.0028
2009-02-05,1.4,1.4,1.3,1.35,54256,EGCH,Egyptian Chemical Industries (Kima),0.0028
2009-02-08,1.38,1.38,1.34,1.36,10308,EGCH,Egyptian Chemical Industries (Kima),0.0028
2009-02-09,1.41,1.5,1.41,1.44,30985,EGCH,Egyptian Chemical Industries (Kima),0.0028
2009-02-10,1.52,1.52,1.52,1.52,3846,EGCH,Egyptian Chemical Industries (Kima),0.0028
2009-02-11,1.52,1.52,1.38,1.44,36294,EGCH,Egyptian Chemical Industries (Kima),0.0028
2009-02-12,1.47,1.51,1.43,1.44,29709,EGCH,Egyptian Chemical Industries (Kima),0.0028
2009-02-15,1.6,1.62,1.6,1.62,3846,EGCH,Egyptian Chemical Industries (Kima),0.0028
2009-02-16,1.47,1.58,1.47,1.55,36557,EGCH,Egyptian Chemical Industries (Kima),0.0028
2009-02-17,1.81,2.07,1.72,1.85,300140,EGCH,Egyptian Chemical Industries (Kima),0.0028
2009-02-18,1.68,1.77,1.6,1.73,36252,EGCH,Egyptian Chemical Industries (Kima),0.0028
2009-02-19,1.6,1.73,1.6,1.66,84819,EGCH,Egyptian Chemical Industries (Kima),0.0028
2009-02-22,1.55,1.77,1.55,1.72,119106,EGCH,Egyptian Chemical Industries (Kima),0.0028
2009-02-23,1.74,1.74,1.66,1.69,32524,EGCH,Egyptian Chemical Industries (Kima),0.0028
2009-02-24,1.62,1.74,1.58,1.65,102743,EGCH,Egyptian Chemical Industries (Kima),0.0028
2009-02-25,1.74,1.82,1.72,1.79,145188,EGCH,Egyptian Chemical Industries (Kima),0.0028
2009-02-26,1.74,1.84,1.74,1.81,57497,EGCH,Egyptian Chemical Industries (Kima),0.0028
2009-03-04,1.92,2.18,1.82,2.07,393994,EGCH,Egyptian Chemical Industries (Kima),0.0028
2009-03-05,2.04,2.43,2.04,2.42,221033,EGCH,Egyptian Chemical Industries (Kima),0.0028
2009-03-08,2.65,2.87,2.65,2.85,323773,EGCH,Egyptian Chemical Industries (Kima),0.0028
2009-03-10,2.99,3.58,2.99,3.52,397960,EGCH,Egyptian Chemical Industries (Kima),0.0028
2009-03-11,4.15,4.15,3.3,3.52,534911,EGCH,Egyptian Chemical Industries (Kima),0.0028
2009-03-12,3.29,3.64,3.04,3.37,179703,EGCH,Egyptian Chemical Industries (Kima),0.0028
2009-03-15,3.39,3.64,3.06,3.43,221646,EGCH,Egyptian Chemical Industries (Kima),0.0028
2009-03-16,3.2,3.73,3.2,3.51,120401,EGCH,Egyptian Chemical Industries (Kima),0.0028
2009-03-17,3.53,3.53,3.18,3.23,243415,EGCH,Egyptian Chemical Industries (Kima),0.0028
2009-03-18,3.33,3.36,3.01,3.18,132292,EGCH,Egyptian Chemical Industries (Kima),0.0028
2009-03-19,3.23,3.28,3.06,3.08,70925,EGCH,Egyptian Chemical Industries (Kima),0.0028
2009-03-22,3.24,3.3,3.06,3.2,106975,EGCH,Egyptian Chemical Industries (Kima),0.0028
2009-03-23,3.24,3.52,3.2,3.33,156187,EGCH,Egyptian Chemical Industries (Kima),0.0028
2009-03-24,3.23,3.33,2.99,3.08,328009,EGCH,Egyptian Chemical Industries (Kima),0.0028
2009-03-25,3.18,3.29,3.06,3.19,93892,EGCH,Egyptian Chemical Industries (Kima),0.0028
2009-03-26,3.12,3.34,3.12,3.21,116716,EGCH,Egyptian Chemical Industries (Kima),0.0028
2009-03-29,3.24,3.37,3.19,3.28,125181,EGCH,Egyptian Chemical Industries (Kima),0.0028
2009-03-30,3.23,3.37,3.09,3.23,178972,EGCH,Egyptian Chemical Industries (Kima),0.0028
2009-03-31,3.15,3.19,3.04,3.09,119633,EGCH,Egyptian Chemical Industries (Kima),0.0028
2009-04-01,3.18,3.2,3.05,3.08,51725,EGCH,Egyptian Chemical Industries (Kima),0.0028
2009-04-02,3.18,3.34,3.18,3.28,146488,EGCH,Egyptian Chemical Industries (Kima),0.0028
2009-04-06,3.37,3.94,3.37,3.86,786690,EGCH,Egyptian Chemical Industries (Kima),0.0028
2009-04-07,4.05,4.24,3.71,4.1,225836,EGCH,Egyptian Chemical Industries (Kima),0.0028
2009-04-08,3.94,4.0,3.76,3.86,100169,EGCH,Egyptian Chemical Industries (Kima),0.0028
2009-04-09,3.88,3.88,3.49,3.61,115827,EGCH,Egyptian Chemical Industries (Kima),0.0028
2009-04-12,3.58,3.85,3.45,3.55,113333,EGCH,Egyptian Chemical Industries (Kima),0.0028
2009-04-14,3.45,4.05,3.34,3.53,74855,EGCH,Egyptian Chemical Industries (Kima),0.0028
2009-04-15,3.35,3.59,3.24,3.44,82163,EGCH,Egyptian Chemical Industries (Kima),0.0028
2009-04-16,3.34,3.43,3.34,3.36,49414,EGCH,Egyptian Chemical Industries (Kima),0.0028
2009-04-21,3.51,3.64,3.45,3.52,48569,EGCH,Egyptian Chemical Industries (Kima),0.0028
2009-04-22,3.64,3.82,3.45,3.66,44597,EGCH,Egyptian Chemical Industries (Kima),0.0028
2009-04-23,3.67,3.67,3.34,3.39,63793,EGCH,Egyptian Chemical Industries (Kima),0.0028
2009-04-26,6.19,6.33,5.95,6.05,25921,EGCH,Egyptian Chemical Industries (Kima),0.0028
2009-04-27,3.49,3.49,3.24,3.34,115440,EGCH,Egyptian Chemical Industries (Kima),0.0028
2009-04-28,3.2,3.37,3.2,3.23,64383,EGCH,Egyptian Chemical Industries (Kima),0.0028
2009-04-29,5.95,5.95,5.8,5.81,29048,EGCH,Egyptian Chemical Industries (Kima),0.0028
2009-04-30,3.43,3.43,3.18,3.23,66914,EGCH,Egyptian Chemical Industries (Kima),0.0028
2009-05-03,3.34,3.34,3.18,3.23,66185,EGCH,Egyptian Chemical Industries (Kima),0.0028
2009-05-04,3.34,3.34,3.19,3.21,128726,EGCH,Egyptian Chemical Industries (Kima),0.0028
2009-05-05,3.2,3.3,3.19,3.21,44637,EGCH,Egyptian Chemical Industries (Kima),0.0028
2009-05-06,3.2,3.24,3.19,3.21,41519,EGCH,Egyptian Chemical Industries (Kima),0.0028
2009-05-07,3.19,3.82,3.19,3.42,194626,EGCH,Egyptian Chemical Industries (Kima),0.0028
2009-05-10,3.78,4.1,3.56,3.96,564700,EGCH,Egyptian Chemical Industries (Kima),0.0028
2009-05-11,4.08,4.42,3.94,4.12,370299,EGCH,Egyptian Chemical Industries (Kima),0.0028
2009-05-12,4.03,4.03,3.76,3.92,176078,EGCH,Egyptian Chemical Industries (Kima),0.0028
2009-05-13,3.66,3.76,3.45,3.63,114102,EGCH,Egyptian Chemical Industries (Kima),0.0028
2009-05-14,3.64,3.75,3.39,3.52,105355,EGCH,Egyptian Chemical Industries (Kima),0.0028
2009-05-17,3.41,3.7,3.41,3.44,28252,EGCH,Egyptian Chemical Industries (Kima),0.0028
2009-05-18,3.73,3.76,3.64,3.72,83623,EGCH,Egyptian Chemical Industries (Kima),0.0028
2009-05-19,3.78,3.88,3.66,3.84,81802,EGCH,Egyptian Chemical Industries (Kima),0.0028
2009-05-20,3.79,3.79,3.52,3.55,80890,EGCH,Egyptian Chemical Industries (Kima),0.0028
2009-05-21,3.49,3.64,3.2,3.33,94112,EGCH,Egyptian Chemical Industries (Kima),0.0028
2009-05-24,3.64,3.73,3.37,3.45,39451,EGCH,Egyptian Chemical Industries (Kima),0.0028
2009-05-25,3.35,3.58,3.24,3.39,122570,EGCH,Egyptian Chemical Industries (Kima),0.0028
2009-05-26,3.61,3.61,3.38,3.47,75034,EGCH,Egyptian Chemical Industries (Kima),0.0028
2009-05-27,3.47,3.49,3.28,3.39,100514,EGCH,Egyptian Chemical Industries (Kima),0.0028
2009-05-28,3.26,3.37,3.24,3.27,87270,EGCH,Egyptian Chemical Industries (Kima),0.0028
2009-05-31,3.41,3.55,3.37,3.43,35018,EGCH,Egyptian Chemical Industries (Kima),0.0028
2009-06-01,3.52,3.54,3.43,3.45,19363,EGCH,Egyptian Chemical Industries (Kima),0.0028
2009-06-02,3.41,3.52,3.33,3.39,146812,EGCH,Egyptian Chemical Industries (Kima),0.0028
2009-06-03,3.29,3.43,3.28,3.37,34025,EGCH,Egyptian Chemical Industries (Kima),0.0028
2009-06-04,3.33,3.45,3.31,3.35,72809,EGCH,Egyptian Chemical Industries (Kima),0.0028
2009-06-07,3.52,3.64,3.33,3.42,116633,EGCH,Egyptian Chemical Industries (Kima),0.0028
2009-06-08,3.52,3.54,3.41,3.52,24121,EGCH,Egyptian Chemical Industries (Kima),0.0028
2009-06-09,3.53,3.53,3.28,3.37,65417,EGCH,Egyptian Chemical Industries (Kima),0.0028
2009-06-10,3.49,3.49,3.36,3.41,61385,EGCH,Egyptian Chemical Industries (Kima),0.0028
2009-06-11,3.48,3.75,3.42,3.6,373031,EGCH,Egyptian Chemical Industries (Kima),0.0028
2009-06-14,3.76,3.97,3.74,3.86,267050,EGCH,Egyptian Chemical Industries (Kima),0.0028
2009-06-15,3.74,3.86,3.54,3.65,251577,EGCH,Egyptian Chemical Industries (Kima),0.0028
2009-06-16,3.61,3.76,3.55,3.64,65030,EGCH,Egyptian Chemical Industries (Kima),0.0028
2009-06-17,3.58,4.25,3.54,3.9,541837,EGCH,Egyptian Chemical Industries (Kima),0.0028
2009-06-18,4.17,4.28,4.03,4.19,240722,EGCH,Egyptian Chemical Industries (Kima),0.0028
2009-06-21,4.36,5.01,4.3,4.68,978378,EGCH,Egyptian Chemical Industries (Kima),0.0028
2009-06-22,4.63,5.42,4.63,5.17,570271,EGCH,Egyptian Chemical Industries (Kima),0.0028
2009-06-23,5.07,5.2,4.68,4.88,515062,EGCH,Egyptian Chemical Industries (Kima),0.0028
2009-06-24,4.68,4.87,4.47,4.67,284952,EGCH,Egyptian Chemical Industries (Kima),0.0028
2009-06-25,4.87,4.87,4.34,4.51,188896,EGCH,Egyptian Chemical Industries (Kima),0.0028
2009-06-28,4.68,4.87,4.35,4.66,79390,EGCH,Egyptian Chemical Industries (Kima),0.0028
2009-06-29,4.85,4.85,4.3,4.48,237967,EGCH,Egyptian Chemical Industries (Kima),0.0028
2009-06-30,4.55,4.63,4.28,4.4,159850,EGCH,Egyptian Chemical Industries (Kima),0.0028
2009-07-02,4.6,4.85,4.6,4.75,281513,EGCH,Egyptian Chemical Industries (Kima),0.0028
2009-07-05,4.81,4.83,4.6,4.63,90165,EGCH,Egyptian Chemical Industries (Kima),0.0028
2009-07-06,4.5,4.53,4.33,4.43,139603,EGCH,Egyptian Chemical Industries (Kima),0.0028
2009-07-07,4.42,4.53,4.39,4.46,62599,EGCH,Egyptian Chemical Industries (Kima),0.0028
2009-07-08,4.25,4.49,4.17,4.26,151995,EGCH,Egyptian Chemical Industries (Kima),0.0028
2009-07-09,4.28,4.36,4.08,4.19,58105,EGCH,Egyptian Chemical Industries (Kima),0.0028
2009-07-12,4.19,4.36,4.04,4.17,83623,EGCH,Egyptian Chemical Industries (Kima),0.0028
2009-07-13,4.17,4.24,4.08,4.15,52919,EGCH,Egyptian Chemical Industries (Kima),0.0028
2009-07-14,4.17,4.36,4.16,4.29,72302,EGCH,Egyptian Chemical Industries (Kima),0.0028
2009-07-15,4.06,4.3,4.06,4.24,70621,EGCH,Egyptian Chemical Industries (Kima),0.0028
2009-07-16,4.3,4.61,4.3,4.42,89395,EGCH,Egyptian Chemical Industries (Kima),0.0028
2009-07-19,4.49,4.54,4.39,4.49,143834,EGCH,Egyptian Chemical Industries (Kima),0.0028
2009-07-20,4.41,4.68,4.41,4.61,36294,EGCH,Egyptian Chemical Industries (Kima),0.0028
2009-07-21,4.54,4.54,4.42,4.49,85974,EGCH,Egyptian Chemical Industries (Kima),0.0028
2009-07-22,4.42,4.54,4.34,4.47,95734,EGCH,Egyptian Chemical Industries (Kima),0.0028
2009-07-26,4.47,4.47,4.42,4.45,83319,EGCH,Egyptian Chemical Industries (Kima),0.0028
2009-07-27,4.58,4.58,4.42,4.47,69083,EGCH,Egyptian Chemical Industries (Kima),0.0028
2009-07-28,4.42,4.55,4.36,4.46,266240,EGCH,Egyptian Chemical Industries (Kima),0.0028
2009-07-29,4.42,4.42,4.29,4.38,76776,EGCH,Egyptian Chemical Industries (Kima),0.0028
2009-07-30,4.41,4.41,4.29,4.33,73070,EGCH,Egyptian Chemical Industries (Kima),0.0028
2009-08-02,4.42,4.87,4.42,4.55,187598,EGCH,Egyptian Chemical Industries (Kima),0.0028
2009-08-03,4.48,4.53,4.42,4.48,81231,EGCH,Egyptian Chemical Industries (Kima),0.0028
2009-08-04,4.48,4.53,4.28,4.41,137579,EGCH,Egyptian Chemical Industries (Kima),0.0028
2009-08-05,4.42,4.49,4.42,4.44,78118,EGCH,Egyptian Chemical Industries (Kima),0.0028
2009-08-06,4.53,4.53,4.39,4.44,87307,EGCH,Egyptian Chemical Industries (Kima),0.0028
2009-08-09,4.42,4.48,4.3,4.38,95246,EGCH,Egyptian Chemical Industries (Kima),0.0028
2009-08-10,4.39,4.41,4.3,4.33,106710,EGCH,Egyptian Chemical Industries (Kima),0.0028
2009-08-11,4.41,4.53,4.35,4.44,56447,EGCH,Egyptian Chemical Industries (Kima),0.0028
2009-08-12,4.3,4.39,4.25,4.3,80847,EGCH,Egyptian Chemical Industries (Kima),0.0028
2009-08-13,4.45,5.04,4.45,4.8,725506,EGCH,Egyptian Chemical Industries (Kima),0.0028
2009-08-16,4.94,5.24,4.94,5.08,246152,EGCH,Egyptian Chemical Industries (Kima),0.0028
2009-08-17,5.07,5.07,4.68,4.79,328963,EGCH,Egyptian Chemical Industries (Kima),0.0028
2009-08-18,4.68,5.05,4.68,4.79,174962,EGCH,Egyptian Chemical Industries (Kima),0.0028
2009-08-19,4.97,5.2,4.75,4.93,155579,EGCH,Egyptian Chemical Industries (Kima),0.0028
2009-08-20,5.05,5.05,4.75,4.85,136261,EGCH,Egyptian Chemical Industries (Kima),0.0028
2009-08-23,4.94,5.05,4.8,4.86,50023,EGCH,Egyptian Chemical Industries (Kima),0.0028
2009-08-24,4.75,4.83,4.75,4.76,64000,EGCH,Egyptian Chemical Industries (Kima),0.0028
2009-08-25,4.75,4.75,4.71,4.75,44839,EGCH,Egyptian Chemical Industries (Kima),0.0028
2009-08-26,4.74,4.74,4.67,4.68,72425,EGCH,Egyptian Chemical Industries (Kima),0.0028
2009-08-27,4.68,4.8,4.54,4.68,73883,EGCH,Egyptian Chemical Industries (Kima),0.0028
2009-08-30,4.83,4.83,4.71,4.75,36211,EGCH,Egyptian Chemical Industries (Kima),0.0028
2009-08-31,4.74,4.79,4.68,4.73,62155,EGCH,Egyptian Chemical Industries (Kima),0.0028
2009-09-01,4.68,4.87,4.67,4.73,85770,EGCH,Egyptian Chemical Industries (Kima),0.0028
2009-09-02,4.68,5.05,4.54,4.81,307108,EGCH,Egyptian Chemical Industries (Kima),0.0028
2009-09-03,5.05,5.18,4.87,4.97,103733,EGCH,Egyptian Chemical Industries (Kima),0.0028
2009-09-06,5.16,5.16,4.84,4.96,97355,EGCH,Egyptian Chemical Industries (Kima),0.0028
2009-09-07,4.97,5.85,4.83,5.42,788229,EGCH,Egyptian Chemical Industries (Kima),0.0028
2009-09-08,5.79,5.96,5.65,5.79,355597,EGCH,Egyptian Chemical Industries (Kima),0.0028
2009-09-09,5.78,5.78,5.42,5.49,352355,EGCH,Egyptian Chemical Industries (Kima),0.0028
2009-09-10,5.46,5.89,5.46,5.61,119328,EGCH,Egyptian Chemical Industries (Kima),0.0028
2009-09-13,5.65,5.78,5.42,5.58,185673,EGCH,Egyptian Chemical Industries (Kima),0.0028
2009-09-14,5.48,5.56,5.41,5.47,200826,EGCH,Egyptian Chemical Industries (Kima),0.0028
2009-09-15,5.54,5.58,5.35,5.42,133868,EGCH,Egyptian Chemical Industries (Kima),0.0028
2009-09-16,5.67,5.74,5.47,5.66,127530,EGCH,Egyptian Chemical Industries (Kima),0.0028
2009-09-17,5.72,5.79,5.51,5.58,105089,EGCH,Egyptian Chemical Industries (Kima),0.0028
2009-09-22,5.78,5.84,5.57,5.71,215102,EGCH,Egyptian Chemical Industries (Kima),0.0028
2009-09-23,5.81,6.15,5.72,5.95,282280,EGCH,Egyptian Chemical Industries (Kima),0.0028
2009-09-24,5.85,6.05,5.79,5.92,200014,EGCH,Egyptian Chemical Industries (Kima),0.0028
2009-09-27,5.96,5.96,5.75,5.79,147541,EGCH,Egyptian Chemical Industries (Kima),0.0028
2009-09-28,5.78,5.9,5.65,5.75,249511,EGCH,Egyptian Chemical Industries (Kima),0.0028
2009-09-29,5.72,5.76,5.65,5.69,88081,EGCH,Egyptian Chemical Industries (Kima),0.0028
2009-09-30,5.66,5.72,5.51,5.61,116716,EGCH,Egyptian Chemical Industries (Kima),0.0028
2009-10-01,5.68,5.9,5.65,5.79,178750,EGCH,Egyptian Chemical Industries (Kima),0.0028
2009-10-04,5.65,5.85,5.65,5.75,104320,EGCH,Egyptian Chemical Industries (Kima),0.0028
2009-10-05,5.82,5.99,5.67,5.83,452098,EGCH,Egyptian Chemical Industries (Kima),0.0028
2009-10-07,5.99,5.99,5.65,5.75,160725,EGCH,Egyptian Chemical Industries (Kima),0.0028
2009-10-08,5.51,5.72,5.5,5.62,124492,EGCH,Egyptian Chemical Industries (Kima),0.0028
2009-10-11,5.69,5.78,5.54,5.65,119834,EGCH,Egyptian Chemical Industries (Kima),0.0028
2009-10-12,5.61,5.65,4.63,5.24,297835,EGCH,Egyptian Chemical Industries (Kima),0.0028
2009-10-13,5.31,5.31,4.8,5.05,112099,EGCH,Egyptian Chemical Industries (Kima),0.0028
2009-10-14,5.24,5.27,4.97,5.07,166398,EGCH,Egyptian Chemical Industries (Kima),0.0028
2009-10-15,5.2,5.24,4.98,5.07,58533,EGCH,Egyptian Chemical Industries (Kima),0.0028
2009-10-18,5.2,5.24,5.07,5.17,81113,EGCH,Egyptian Chemical Industries (Kima),0.0028
2009-10-19,5.24,5.29,5.16,5.24,57295,EGCH,Egyptian Chemical Industries (Kima),0.0028
2009-10-20,5.18,5.18,5.04,5.17,25780,EGCH,Egyptian Chemical Industries (Kima),0.0028
2009-10-21,5.09,5.09,4.98,5.04,34065,EGCH,Egyptian Chemical Industries (Kima),0.0028
2009-10-22,4.94,5.09,4.8,4.91,245075,EGCH,Egyptian Chemical Industries (Kima),0.0028
2009-10-25,4.97,5.05,4.94,4.98,112443,EGCH,Egyptian Chemical Industries (Kima),0.0028
2009-10-26,4.94,5.05,4.87,4.93,116675,EGCH,Egyptian Chemical Industries (Kima),0.0028
2009-10-27,4.91,4.97,4.78,4.86,122145,EGCH,Egyptian Chemical Industries (Kima),0.0028
2009-10-28,4.87,4.87,4.5,4.75,139641,EGCH,Egyptian Chemical Industries (Kima),0.0028
2009-10-29,4.54,4.8,4.42,4.5,144602,EGCH,Egyptian Chemical Industries (Kima),0.0028
2009-11-01,4.54,4.94,4.53,4.75,96503,EGCH,Egyptian Chemical Industries (Kima),0.0028
2009-11-02,4.97,5.03,4.79,4.9,79777,EGCH,Egyptian Chemical Industries (Kima),0.0028
2009-11-03,4.63,4.74,4.42,4.55,123986,EGCH,Egyptian Chemical Industries (Kima),0.0028
2009-11-04,4.54,4.78,4.54,4.65,44372,EGCH,Egyptian Chemical Industries (Kima),0.0028
2009-11-05,4.5,4.63,4.49,4.53,81920,EGCH,Egyptian Chemical Industries (Kima),0.0028
2009-11-08,4.68,4.68,4.57,4.63,69650,EGCH,Egyptian Chemical Industries (Kima),0.0028
2009-11-09,4.67,4.74,4.67,4.68,58187,EGCH,Egyptian Chemical Industries (Kima),0.0028
2009-11-10,4.71,4.73,4.54,4.68,45224,EGCH,Egyptian Chemical Industries (Kima),0.0028
2009-11-11,4.68,4.78,4.57,4.63,37408,EGCH,Egyptian Chemical Industries (Kima),0.0028
2009-11-12,4.54,4.71,4.54,4.55,7737,EGCH,Egyptian Chemical Industries (Kima),0.0028
2009-11-15,4.68,4.72,4.6,4.68,11465,EGCH,Egyptian Chemical Industries (Kima),0.0028
2009-11-16,4.68,4.75,4.6,4.68,45671,EGCH,Egyptian Chemical Industries (Kima),0.0028
2009-11-17,4.42,4.42,4.36,4.37,3846,EGCH,Egyptian Chemical Industries (Kima),0.0028
2009-11-18,4.53,4.53,4.42,4.49,20130,EGCH,Egyptian Chemical Industries (Kima),0.0028
2009-11-19,4.42,4.53,4.37,4.46,29122,EGCH,Egyptian Chemical Industries (Kima),0.0028
2009-11-22,4.42,4.5,4.36,4.41,42675,EGCH,Egyptian Chemical Industries (Kima),0.0028
2009-11-23,4.39,4.42,4.35,4.4,22965,EGCH,Egyptian Chemical Industries (Kima),0.0028
2009-11-24,4.33,4.47,4.33,4.35,57724,EGCH,Egyptian Chemical Industries (Kima),0.0028
2009-11-30,4.39,4.41,4.03,4.14,82730,EGCH,Egyptian Chemical Industries (Kima),0.0028
2009-12-01,4.25,4.25,4.16,4.17,46560,EGCH,Egyptian Chemical Industries (Kima),0.0028
2009-12-02,4.17,4.25,4.17,4.22,16548,EGCH,Egyptian Chemical Industries (Kima),0.0028
2009-12-03,4.2,4.3,4.19,4.22,13286,EGCH,Egyptian Chemical Industries (Kima),0.0028
2009-12-06,4.17,4.19,4.17,4.18,12130,EGCH,Egyptian Chemical Industries (Kima),0.0028
2009-12-07,4.08,4.08,4.0,4.05,21042,EGCH,Egyptian Chemical Industries (Kima),0.0028
2009-12-08,4.03,4.03,3.85,3.94,23209,EGCH,Egyptian Chemical Industries (Kima),0.0028
2009-12-09,3.79,3.79,3.59,3.64,66652,EGCH,Egyptian Chemical Industries (Kima),0.0028
2009-12-10,3.76,3.78,3.64,3.67,36169,EGCH,Egyptian Chemical Industries (Kima),0.0028
2009-12-13,3.85,3.85,3.66,3.72,18308,EGCH,Egyptian Chemical Industries (Kima),0.0028
2009-12-14,3.78,3.78,3.62,3.64,41335,EGCH,Egyptian Chemical Industries (Kima),0.0028
2009-12-15,3.64,3.66,3.62,3.64,16165,EGCH,Egyptian Chemical Industries (Kima),0.0028
2009-12-16,3.64,3.68,3.64,3.64,13508,EGCH,Egyptian Chemical Industries (Kima),0.0028
2009-12-17,3.73,3.82,3.64,3.7,58710,EGCH,Egyptian Chemical Industries (Kima),0.0028
2009-12-20,3.67,3.75,3.64,3.65,45629,EGCH,Egyptian Chemical Industries (Kima),0.0028
2009-12-21,3.65,3.75,3.64,3.64,25516,EGCH,Egyptian Chemical Industries (Kima),0.0028
2009-12-22,3.64,3.64,3.54,3.58,21366,EGCH,Egyptian Chemical Industries (Kima),0.0028
2009-12-23,3.54,3.54,3.36,3.41,7699,EGCH,Egyptian Chemical Industries (Kima),0.0028
2009-12-24,3.26,3.61,3.25,3.47,70419,EGCH,Egyptian Chemical Industries (Kima),0.0028
2009-12-27,3.64,3.73,3.37,3.52,32365,EGCH,Egyptian Chemical Industries (Kima),0.0028
2009-12-28,3.52,3.54,3.37,3.49,30702,EGCH,Egyptian Chemical Industries (Kima),0.0028
2009-12-29,3.52,3.56,3.52,3.52,22154,EGCH,Egyptian Chemical Industries (Kima),0.0028
2009-12-30,3.49,3.49,3.44,3.48,28353,EGCH,Egyptian Chemical Industries (Kima),0.0028
2009-12-31,7.26,7.33,7.19,7.26,77963,EGCH,Egyptian Chemical Industries (Kima),0.0028
2010-01-03,3.56,3.64,3.52,3.58,16464,EGCH,Egyptian Chemical Industries (Kima),0.0028
2010-01-04,3.64,3.76,3.64,3.69,37287,EGCH,Egyptian Chemical Industries (Kima),0.0028
2010-01-05,3.78,4.12,3.78,3.94,54459,EGCH,Egyptian Chemical Industries (Kima),0.0028
2010-01-06,4.0,4.39,4.0,4.24,38907,EGCH,Egyptian Chemical Industries (Kima),0.0028
2010-01-10,4.42,4.57,4.31,4.48,123781,EGCH,Egyptian Chemical Industries (Kima),0.0028
2010-01-11,4.42,4.42,4.35,4.4,21769,EGCH,Egyptian Chemical Industries (Kima),0.0028
2010-01-12,4.35,4.45,4.24,4.32,31169,EGCH,Egyptian Chemical Industries (Kima),0.0028
2010-01-13,4.24,4.53,4.24,4.41,34978,EGCH,Egyptian Chemical Industries (Kima),0.0028
2010-01-14,4.36,4.38,4.36,4.37,11281,EGCH,Egyptian Chemical Industries (Kima),0.0028
2010-01-17,4.42,4.5,4.25,4.34,17358,EGCH,Egyptian Chemical Industries (Kima),0.0028
2010-01-18,4.28,4.5,4.24,4.41,22096,EGCH,Egyptian Chemical Industries (Kima),0.0028
2010-01-19,4.49,4.5,4.3,4.38,13812,EGCH,Egyptian Chemical Industries (Kima),0.0028
2010-01-20,4.3,4.46,4.3,4.38,8851,EGCH,Egyptian Chemical Industries (Kima),0.0028
2010-01-21,4.47,4.94,4.47,4.63,75239,EGCH,Egyptian Chemical Industries (Kima),0.0028
2010-01-24,4.53,4.74,4.41,4.49,54562,EGCH,Egyptian Chemical Industries (Kima),0.0028
2010-01-26,4.5,4.75,4.42,4.65,93083,EGCH,Egyptian Chemical Industries (Kima),0.0028
2010-01-27,4.78,4.91,4.71,4.81,34833,EGCH,Egyptian Chemical Industries (Kima),0.0028
2010-01-28,4.72,4.79,4.64,4.68,32239,EGCH,Egyptian Chemical Industries (Kima),0.0028
2010-01-31,4.68,4.79,4.42,4.58,36779,EGCH,Egyptian Chemical Industries (Kima),0.0028
2010-02-01,4.53,4.66,4.53,4.6,5589,EGCH,Egyptian Chemical Industries (Kima),0.0028
2010-02-02,4.54,4.54,4.54,4.54,20516,EGCH,Egyptian Chemical Industries (Kima),0.0028
2010-02-03,4.5,4.5,4.38,4.46,33864,EGCH,Egyptian Chemical Industries (Kima),0.0028
2010-02-04,4.36,4.57,4.36,4.49,13892,EGCH,Egyptian Chemical Industries (Kima),0.0028
2010-02-07,4.46,4.46,4.3,4.41,21429,EGCH,Egyptian Chemical Industries (Kima),0.0028
2010-02-08,4.48,4.63,4.39,4.49,26329,EGCH,Egyptian Chemical Industries (Kima),0.0028
2010-02-09,4.42,4.51,4.42,4.43,19827,EGCH,Egyptian Chemical Industries (Kima),0.0028
2010-02-10,4.41,4.53,4.37,4.44,38398,EGCH,Egyptian Chemical Industries (Kima),0.0028
2010-02-11,4.53,4.53,4.39,4.47,5589,EGCH,Egyptian Chemical Industries (Kima),0.0028
2010-02-14,4.5,4.6,4.42,4.5,49029,EGCH,Egyptian Chemical Industries (Kima),0.0028
2010-02-15,4.57,4.68,4.42,4.5,74184,EGCH,Egyptian Chemical Industries (Kima),0.0028
2010-02-16,4.48,4.53,4.4,4.42,85628,EGCH,Egyptian Chemical Industries (Kima),0.0028
2010-02-17,4.42,4.42,4.33,4.38,76189,EGCH,Egyptian Chemical Industries (Kima),0.0028
2010-02-18,4.42,4.42,4.19,4.32,47151,EGCH,Egyptian Chemical Industries (Kima),0.0028
2010-02-21,4.47,4.75,4.47,4.61,196671,EGCH,Egyptian Chemical Industries (Kima),0.0028
2010-02-22,4.68,4.74,4.42,4.49,79695,EGCH,Egyptian Chemical Industries (Kima),0.0028
2010-02-23,4.54,4.54,4.29,4.42,44454,EGCH,Egyptian Chemical Industries (Kima),0.0028
2010-02-24,4.31,4.48,4.31,4.43,36252,EGCH,Egyptian Chemical Industries (Kima),0.0028
2010-02-25,4.34,4.5,4.34,4.41,14503,EGCH,Egyptian Chemical Industries (Kima),0.0028
2010-02-28,4.53,4.6,4.42,4.53,50797,EGCH,Egyptian Chemical Industries (Kima),0.0028
2010-03-01,4.6,4.6,4.42,4.5,65920,EGCH,Egyptian Chemical Industries (Kima),0.0028
2010-03-02,4.42,4.53,4.38,4.48,14316,EGCH,Egyptian Chemical Industries (Kima),0.0028
2010-03-03,4.57,4.57,4.5,4.53,45629,EGCH,Egyptian Chemical Industries (Kima),0.0028
2010-03-04,4.68,4.93,4.57,4.75,206090,EGCH,Egyptian Chemical Industries (Kima),0.0028
2010-03-07,4.78,5.07,4.78,4.96,175935,EGCH,Egyptian Chemical Industries (Kima),0.0028
2010-03-08,4.94,5.06,4.76,4.87,145411,EGCH,Egyptian Chemical Industries (Kima),0.0028
2010-03-09,4.79,4.91,4.68,4.73,37448,EGCH,Egyptian Chemical Industries (Kima),0.0028
2010-03-10,4.91,5.2,4.91,5.03,62682,EGCH,Egyptian Chemical Industries (Kima),0.0028
2010-03-11,5.05,5.16,4.94,4.99,51948,EGCH,Egyptian Chemical Industries (Kima),0.0028
2010-03-14,5.12,5.12,4.54,4.8,48141,EGCH,Egyptian Chemical Industries (Kima),0.0028
2010-03-15,4.68,4.68,4.31,4.47,107824,EGCH,Egyptian Chemical Industries (Kima),0.0028
2010-03-16,4.28,4.78,4.28,4.68,16365,EGCH,Egyptian Chemical Industries (Kima),0.0028
2010-03-17,4.81,4.81,4.5,4.59,91542,EGCH,Egyptian Chemical Industries (Kima),0.0028
2010-03-18,4.74,4.9,4.68,4.78,53830,EGCH,Egyptian Chemical Industries (Kima),0.0028
2010-03-21,4.87,4.87,4.57,4.69,113515,EGCH,Egyptian Chemical Industries (Kima),0.0028
2010-03-22,4.67,4.67,4.54,4.57,33216,EGCH,Egyptian Chemical Industries (Kima),0.0028
2010-03-23,4.76,4.83,4.68,4.73,45020,EGCH,Egyptian Chemical Industries (Kima),0.0028
2010-03-24,4.86,4.87,4.64,4.71,50409,EGCH,Egyptian Chemical Industries (Kima),0.0028
2010-03-25,4.78,4.78,4.63,4.67,60795,EGCH,Egyptian Chemical Industries (Kima),0.0028
2010-03-28,4.75,4.8,4.49,4.72,71452,EGCH,Egyptian Chemical Industries (Kima),0.0028
2010-03-29,4.74,4.74,4.6,4.68,61003,EGCH,Egyptian Chemical Industries (Kima),0.0028
2010-03-30,4.74,4.75,4.6,4.6,22237,EGCH,Egyptian Chemical Industries (Kima),0.0028
2010-04-01,4.94,4.97,4.75,4.87,40323,EGCH,Egyptian Chemical Industries (Kima),0.0028
2010-04-06,4.87,4.94,4.71,4.79,17133,EGCH,Egyptian Chemical Industries (Kima),0.0028
2010-04-07,4.73,4.78,4.68,4.7,84778,EGCH,Egyptian Chemical Industries (Kima),0.0028
2010-04-08,4.8,4.8,4.68,4.72,24200,EGCH,Egyptian Chemical Industries (Kima),0.0028
2010-04-11,4.79,5.29,4.79,5.17,266969,EGCH,Egyptian Chemical Industries (Kima),0.0028
2010-04-12,5.17,5.2,4.98,5.1,33942,EGCH,Egyptian Chemical Industries (Kima),0.0028
2010-04-13,5.03,5.07,4.9,4.94,69384,EGCH,Egyptian Chemical Industries (Kima),0.0028
2010-04-14,5.07,5.2,4.88,4.98,44515,EGCH,Egyptian Chemical Industries (Kima),0.0028
2010-04-15,4.94,5.05,4.83,4.91,33294,EGCH,Egyptian Chemical Industries (Kima),0.0028
2010-04-18,4.87,5.09,4.81,4.94,74264,EGCH,Egyptian Chemical Industries (Kima),0.0028
2010-04-19,5.07,5.07,4.85,4.87,35018,EGCH,Egyptian Chemical Industries (Kima),0.0028
2010-04-20,5.05,5.05,4.91,4.91,29062,EGCH,Egyptian Chemical Industries (Kima),0.0028
2010-04-21,4.94,4.94,4.79,4.81,20781,EGCH,Egyptian Chemical Industries (Kima),0.0028
2010-04-22,4.91,4.91,4.6,4.68,31553,EGCH,Egyptian Chemical Industries (Kima),0.0028
2010-04-26,4.8,4.8,4.72,4.75,12437,EGCH,Egyptian Chemical Industries (Kima),0.0028
2010-04-27,4.78,4.87,4.72,4.75,31474,EGCH,Egyptian Chemical Industries (Kima),0.0028
2010-04-28,4.72,4.81,4.64,4.75,14583,EGCH,Egyptian Chemical Industries (Kima),0.0028
2010-04-29,4.87,5.07,4.81,4.91,118174,EGCH,Egyptian Chemical Industries (Kima),0.0028
2010-05-02,4.94,5.91,4.94,5.61,618915,EGCH,Egyptian Chemical Industries (Kima),0.0028
2010-05-03,6.24,6.62,5.91,6.38,223607,EGCH,Egyptian Chemical Industries (Kima),0.0028
2010-05-04,5.96,6.76,5.96,6.42,458499,EGCH,Egyptian Chemical Industries (Kima),0.0028
2010-05-05,6.37,7.67,6.36,7.07,718499,EGCH,Egyptian Chemical Industries (Kima),0.0028
2010-05-06,7.29,7.54,6.84,7.21,233614,EGCH,Egyptian Chemical Industries (Kima),0.0028
2010-05-09,6.45,6.96,6.4,6.77,238067,EGCH,Egyptian Chemical Industries (Kima),0.0028
2010-05-10,6.91,7.04,6.24,6.6,291112,EGCH,Egyptian Chemical Industries (Kima),0.0028
2010-05-11,6.5,6.6,5.92,6.25,184277,EGCH,Egyptian Chemical Industries (Kima),0.0028
2010-05-12,6.2,6.41,5.87,6.13,358205,EGCH,Egyptian Chemical Industries (Kima),0.0028
2010-05-13,6.33,6.64,6.15,6.36,287139,EGCH,Egyptian Chemical Industries (Kima),0.0028
2010-05-16,6.32,6.49,5.96,6.2,275978,EGCH,Egyptian Chemical Industries (Kima),0.0028
2010-05-17,6.09,6.13,5.64,5.83,438975,EGCH,Egyptian Chemical Industries (Kima),0.0028
2010-05-18,6.08,6.11,5.68,5.79,346581,EGCH,Egyptian Chemical Industries (Kima),0.0028
2010-05-19,5.65,5.66,5.16,5.39,286170,EGCH,Egyptian Chemical Industries (Kima),0.0028
2010-05-20,5.38,5.54,5.12,5.24,269015,EGCH,Egyptian Chemical Industries (Kima),0.0028
2010-05-23,5.29,5.31,4.98,5.18,186202,EGCH,Egyptian Chemical Industries (Kima),0.0028
2010-05-24,5.21,5.24,4.68,4.91,242503,EGCH,Egyptian Chemical Industries (Kima),0.0028
2010-05-25,4.68,4.83,4.0,4.25,263851,EGCH,Egyptian Chemical Industries (Kima),0.0028
2010-05-26,4.28,4.54,4.24,4.38,220101,EGCH,Egyptian Chemical Industries (Kima),0.0028
2010-05-27,4.3,4.94,4.3,4.66,269564,EGCH,Egyptian Chemical Industries (Kima),0.0028
2010-05-30,4.9,5.16,4.71,4.87,178770,EGCH,Egyptian Chemical Industries (Kima),0.0028
2010-05-31,4.68,4.98,4.54,4.78,219985,EGCH,Egyptian Chemical Industries (Kima),0.0028
2010-06-01,4.79,4.91,4.64,4.73,148149,EGCH,Egyptian Chemical Industries (Kima),0.0028
2010-06-02,4.68,4.87,4.57,4.74,131479,EGCH,Egyptian Chemical Industries (Kima),0.0028
2010-06-03,4.96,5.12,4.87,4.98,134033,EGCH,Egyptian Chemical Industries (Kima),0.0028
2010-06-06,4.87,5.07,4.8,4.93,215264,EGCH,Egyptian Chemical Industries (Kima),0.0028
2010-06-07,4.87,5.83,4.72,5.24,357824,EGCH,Egyptian Chemical Industries (Kima),0.0028
2010-06-08,5.54,5.79,5.18,5.42,238067,EGCH,Egyptian Chemical Industries (Kima),0.0028
2010-06-09,5.46,5.85,5.35,5.59,242423,EGCH,Egyptian Chemical Industries (Kima),0.0028
2010-06-10,5.41,5.91,5.24,5.69,388099,EGCH,Egyptian Chemical Industries (Kima),0.0028
2010-06-13,5.96,6.45,5.95,6.24,501816,EGCH,Egyptian Chemical Industries (Kima),0.0028
2010-06-14,6.25,6.35,5.93,6.13,300062,EGCH,Egyptian Chemical Industries (Kima),0.0028
2010-06-15,5.91,6.17,5.85,5.97,162164,EGCH,Egyptian Chemical Industries (Kima),0.0028
2010-06-16,6.05,6.45,6.05,6.26,300872,EGCH,Egyptian Chemical Industries (Kima),0.0028
2010-06-17,6.45,6.74,6.32,6.62,352294,EGCH,Egyptian Chemical Industries (Kima),0.0028
2010-06-20,6.9,6.91,6.51,6.67,317884,EGCH,Egyptian Chemical Industries (Kima),0.0028
2010-06-21,6.51,6.73,6.32,6.43,280337,EGCH,Egyptian Chemical Industries (Kima),0.0028
2010-06-22,6.33,6.33,6.05,6.21,280297,EGCH,Egyptian Chemical Industries (Kima),0.0028
2010-06-23,6.2,6.53,6.2,6.35,343119,EGCH,Egyptian Chemical Industries (Kima),0.0028
2010-06-24,6.4,6.51,6.28,6.42,184479,EGCH,Egyptian Chemical Industries (Kima),0.0028
2010-06-27,6.45,6.54,6.2,6.35,162224,EGCH,Egyptian Chemical Industries (Kima),0.0028
2010-06-28,6.17,6.36,6.07,6.17,269946,EGCH,Egyptian Chemical Industries (Kima),0.0028
2010-06-29,6.03,6.13,5.91,6.01,192056,EGCH,Egyptian Chemical Industries (Kima),0.0028
2010-06-30,5.79,5.99,5.78,5.89,104869,EGCH,Egyptian Chemical Industries (Kima),0.0028
2010-07-04,5.74,5.96,5.31,5.69,330742,EGCH,Egyptian Chemical Industries (Kima),0.0028
2010-07-05,5.46,5.61,5.38,5.54,189441,EGCH,Egyptian Chemical Industries (Kima),0.0028
2010-07-06,5.67,5.78,5.52,5.61,290218,EGCH,Egyptian Chemical Industries (Kima),0.0028
2010-07-07,5.52,5.52,5.39,5.45,114509,EGCH,Egyptian Chemical Industries (Kima),0.0028
2010-07-08,5.54,5.65,5.47,5.54,95165,EGCH,Egyptian Chemical Industries (Kima),0.0028
2010-07-11,5.62,5.79,5.62,5.69,183428,EGCH,Egyptian Chemical Industries (Kima),0.0028
2010-07-12,5.72,5.79,5.48,5.57,228146,EGCH,Egyptian Chemical Industries (Kima),0.0028
2010-07-13,5.46,5.56,5.46,5.49,109628,EGCH,Egyptian Chemical Industries (Kima),0.0028
2010-07-14,5.64,5.7,5.47,5.57,100271,EGCH,Egyptian Chemical Industries (Kima),0.0028
2010-07-15,5.59,5.59,5.38,5.46,133221,EGCH,Egyptian Chemical Industries (Kima),0.0028
2010-07-18,5.38,5.46,5.3,5.37,108169,EGCH,Egyptian Chemical Industries (Kima),0.0028
2010-07-19,5.27,5.42,5.27,5.31,89149,EGCH,Egyptian Chemical Industries (Kima),0.0028
2010-07-20,5.38,5.69,5.27,5.54,437130,EGCH,Egyptian Chemical Industries (Kima),0.0028
2010-07-21,5.59,5.62,5.36,5.48,92355,EGCH,Egyptian Chemical Industries (Kima),0.0028
2010-07-22,5.34,5.51,5.31,5.41,64344,EGCH,Egyptian Chemical Industries (Kima),0.0028
2010-07-25,5.56,5.61,5.41,5.42,133022,EGCH,Egyptian Chemical Industries (Kima),0.0028
2010-07-26,5.48,5.67,5.48,5.58,196551,EGCH,Egyptian Chemical Industries (Kima),0.0028
2010-07-27,5.66,5.66,5.48,5.54,104016,EGCH,Egyptian Chemical Industries (Kima),0.0028
2010-07-28,5.6,5.86,5.6,5.71,371939,EGCH,Egyptian Chemical Industries (Kima),0.0028
2010-07-29,5.76,5.78,5.67,5.72,98551,EGCH,Egyptian Chemical Industries (Kima),0.0028
2010-08-01,5.81,5.81,5.59,5.68,136725,EGCH,Egyptian Chemical Industries (Kima),0.0028
2010-08-02,5.61,5.69,5.54,5.6,144118,EGCH,Egyptian Chemical Industries (Kima),0.0028
2010-08-03,5.57,5.64,5.42,5.54,168503,EGCH,Egyptian Chemical Industries (Kima),0.0028
2010-08-04,5.41,5.51,5.41,5.42,71268,EGCH,Egyptian Chemical Industries (Kima),0.0028
2010-08-05,5.56,5.56,5.42,5.42,119066,EGCH,Egyptian Chemical Industries (Kima),0.0028
2010-08-08,5.56,5.72,5.54,5.66,248034,EGCH,Egyptian Chemical Industries (Kima),0.0028
2010-08-09,5.54,5.76,5.54,5.69,132595,EGCH,Egyptian Chemical Industries (Kima),0.0028
2010-08-10,5.59,5.62,5.54,5.54,68758,EGCH,Egyptian Chemical Industries (Kima),0.0028
2010-08-11,5.54,5.54,5.42,5.46,50146,EGCH,Egyptian Chemical Industries (Kima),0.0028
2010-08-12,5.41,5.54,5.41,5.48,40911,EGCH,Egyptian Chemical Industries (Kima),0.0028
2010-08-15,5.57,5.6,5.42,5.48,46560,EGCH,Egyptian Chemical Industries (Kima),0.0028
2010-08-16,5.42,5.6,5.42,5.54,50574,EGCH,Egyptian Chemical Industries (Kima),0.0028
2010-08-17,5.54,5.62,5.54,5.57,22785,EGCH,Egyptian Chemical Industries (Kima),0.0028
2010-08-18,5.54,5.54,5.49,5.51,43221,EGCH,Egyptian Chemical Industries (Kima),0.0028
2010-08-19,5.47,5.54,5.47,5.5,39938,EGCH,Egyptian Chemical Industries (Kima),0.0028
2010-08-22,5.47,5.47,5.42,5.42,49942,EGCH,Egyptian Chemical Industries (Kima),0.0028
2010-08-23,5.46,5.54,5.42,5.46,67301,EGCH,Egyptian Chemical Industries (Kima),0.0028
2010-08-24,5.42,5.48,5.41,5.42,65579,EGCH,Egyptian Chemical Industries (Kima),0.0028
2010-08-25,5.31,5.61,5.31,5.42,61729,EGCH,Egyptian Chemical Industries (Kima),0.0028
2010-08-26,5.48,5.54,5.41,5.48,56951,EGCH,Egyptian Chemical Industries (Kima),0.0028
2010-08-29,5.42,5.54,5.35,5.41,72342,EGCH,Egyptian Chemical Industries (Kima),0.0028
2010-08-30,5.41,5.42,5.31,5.38,24466,EGCH,Egyptian Chemical Industries (Kima),0.0028
2010-08-31,5.31,5.42,5.2,5.24,144421,EGCH,Egyptian Chemical Industries (Kima),0.0028
2010-09-01,5.24,5.38,5.24,5.3,15695,EGCH,Egyptian Chemical Industries (Kima),0.0028
2010-09-02,5.31,5.42,5.24,5.31,50797,EGCH,Egyptian Chemical Industries (Kima),0.0028
2010-09-05,5.2,5.4,5.2,5.25,56303,EGCH,Egyptian Chemical Industries (Kima),0.0028
2010-09-06,5.24,5.31,5.2,5.24,31553,EGCH,Egyptian Chemical Industries (Kima),0.0028
2010-09-07,5.2,5.24,5.16,5.2,27928,EGCH,Egyptian Chemical Industries (Kima),0.0028
2010-09-13,5.35,5.46,5.35,5.42,67301,EGCH,Egyptian Chemical Industries (Kima),0.0028
2010-09-14,5.36,5.42,5.24,5.31,69731,EGCH,Egyptian Chemical Industries (Kima),0.0028
2010-09-15,5.35,5.38,5.24,5.27,38521,EGCH,Egyptian Chemical Industries (Kima),0.0028
2010-09-16,5.41,5.41,5.2,5.26,64259,EGCH,Egyptian Chemical Industries (Kima),0.0028
2010-09-19,5.24,5.24,5.18,5.21,51300,EGCH,Egyptian Chemical Industries (Kima),0.0028
2010-09-20,5.2,5.24,5.08,5.18,88284,EGCH,Egyptian Chemical Industries (Kima),0.0028
2010-09-21,5.07,5.38,5.07,5.24,84110,EGCH,Egyptian Chemical Industries (Kima),0.0028
2010-09-22,5.18,5.31,5.18,5.24,82389,EGCH,Egyptian Chemical Industries (Kima),0.0028
2010-09-23,5.35,5.39,5.26,5.34,114328,EGCH,Egyptian Chemical Industries (Kima),0.0028
2010-09-26,5.79,6.4,5.69,5.83,325234,EGCH,Egyptian Chemical Industries (Kima),0.0028
2010-09-27,5.72,5.8,5.54,5.67,154343,EGCH,Egyptian Chemical Industries (Kima),0.0028
2010-09-28,5.54,6.09,5.54,5.91,310309,EGCH,Egyptian Chemical Industries (Kima),0.0028
2010-09-29,6.1,6.25,5.87,5.97,123177,EGCH,Egyptian Chemical Industries (Kima),0.0028
2010-09-30,5.87,5.92,5.8,5.85,64138,EGCH,Egyptian Chemical Industries (Kima),0.0028
2010-10-03,5.95,6.15,5.95,6.05,156431,EGCH,Egyptian Chemical Industries (Kima),0.0028
2010-10-04,5.95,6.03,5.87,5.92,24404,EGCH,Egyptian Chemical Industries (Kima),0.0028
2010-10-05,5.99,6.24,5.95,6.05,222110,EGCH,Egyptian Chemical Industries (Kima),0.0028
2010-10-07,6.17,6.17,5.92,5.96,140493,EGCH,Egyptian Chemical Industries (Kima),0.0028
2010-10-10,5.96,5.96,5.78,5.87,106021,EGCH,Egyptian Chemical Industries (Kima),0.0028
2010-10-11,5.84,5.92,5.8,5.83,72462,EGCH,Egyptian Chemical Industries (Kima),0.0028
2010-10-12,5.82,5.95,5.72,5.91,88706,EGCH,Egyptian Chemical Industries (Kima),0.0028
2010-10-13,5.96,6.05,5.82,5.91,63448,EGCH,Egyptian Chemical Industries (Kima),0.0028
2010-10-14,5.92,5.92,5.81,5.83,76961,EGCH,Egyptian Chemical Industries (Kima),0.0028
2010-10-24,5.91,5.96,5.72,5.79,97778,EGCH,Egyptian Chemical Industries (Kima),0.0028
2010-10-25,5.78,5.91,5.67,5.69,65962,EGCH,Egyptian Chemical Industries (Kima),0.0028
2010-10-26,5.79,5.82,5.61,5.69,77930,EGCH,Egyptian Chemical Industries (Kima),0.0028
2010-10-27,5.61,5.61,5.31,5.46,105172,EGCH,Egyptian Chemical Industries (Kima),0.0028
2010-10-28,5.6,5.6,5.36,5.45,65193,EGCH,Egyptian Chemical Industries (Kima),0.0028
2010-10-31,5.58,5.61,5.29,5.38,150497,EGCH,Egyptian Chemical Industries (Kima),0.0028
2010-11-01,5.46,5.46,5.29,5.31,24788,EGCH,Egyptian Chemical Industries (Kima),0.0028
2010-11-02,5.46,5.46,5.38,5.45,59866,EGCH,Egyptian Chemical Industries (Kima),0.0028
2010-11-03,5.51,5.51,5.42,5.42,25274,EGCH,Egyptian Chemical Industries (Kima),0.0028
2010-11-04,5.39,5.46,5.39,5.39,60067,EGCH,Egyptian Chemical Industries (Kima),0.0028
2010-11-07,5.46,5.48,5.41,5.45,15594,EGCH,Egyptian Chemical Industries (Kima),0.0028
2010-11-08,5.45,5.45,5.31,5.37,88284,EGCH,Egyptian Chemical Industries (Kima),0.0028
2010-11-09,5.42,5.42,5.35,5.39,9073,EGCH,Egyptian Chemical Industries (Kima),0.0028
2010-11-10,5.31,5.41,5.31,5.35,67683,EGCH,Egyptian Chemical Industries (Kima),0.0028
2010-11-11,5.29,5.82,5.29,5.57,110135,EGCH,Egyptian Chemical Industries (Kima),0.0028
2010-11-14,5.79,5.82,5.65,5.72,60757,EGCH,Egyptian Chemical Industries (Kima),0.0028
2010-11-18,5.67,5.78,5.67,5.72,36557,EGCH,Egyptian Chemical Industries (Kima),0.0028
2010-11-21,5.67,5.79,5.54,5.7,52595,EGCH,Egyptian Chemical Industries (Kima),0.0028
2010-11-22,5.79,6.11,5.79,5.96,242809,EGCH,Egyptian Chemical Industries (Kima),0.0028
2010-11-23,6.03,6.03,5.95,5.98,62297,EGCH,Egyptian Chemical Industries (Kima),0.0028
2010-11-24,5.96,6.92,5.96,6.54,654461,EGCH,Egyptian Chemical Industries (Kima),0.0028
2010-11-25,6.72,7.02,6.54,6.77,160196,EGCH,Egyptian Chemical Industries (Kima),0.0028
2010-11-28,6.95,7.62,6.95,7.4,634027,EGCH,Egyptian Chemical Industries (Kima),0.0028
2010-11-29,7.27,7.41,6.91,7.13,277642,EGCH,Egyptian Chemical Industries (Kima),0.0028
2010-11-30,7.4,7.4,7.03,7.17,123299,EGCH,Egyptian Chemical Industries (Kima),0.0028
2010-12-01,7.11,7.14,6.76,6.89,293258,EGCH,Egyptian Chemical Industries (Kima),0.0028
2010-12-02,6.76,7.27,6.7,6.97,227922,EGCH,Egyptian Chemical Industries (Kima),0.0028
2010-12-05,13.0,13.24,12.62,12.62,85478,EGCH,Egyptian Chemical Industries (Kima),0.0028
2010-12-06,6.86,7.02,6.73,6.8,114023,EGCH,Egyptian Chemical Industries (Kima),0.0028
2010-12-08,6.76,7.02,6.76,6.91,67174,EGCH,Egyptian Chemical Industries (Kima),0.0028
2010-12-09,6.76,6.91,6.72,6.78,116208,EGCH,Egyptian Chemical Industries (Kima),0.0028
2010-12-12,6.73,6.96,6.67,6.76,104100,EGCH,Egyptian Chemical Industries (Kima),0.0028
2010-12-13,6.7,6.73,6.55,6.67,86195,EGCH,Egyptian Chemical Industries (Kima),0.0028
2010-12-14,6.6,6.68,6.54,6.61,41760,EGCH,Egyptian Chemical Industries (Kima),0.0028
2010-12-15,6.55,6.7,6.51,6.52,106853,EGCH,Egyptian Chemical Industries (Kima),0.0028
2010-12-16,6.68,7.62,6.67,7.33,588661,EGCH,Egyptian Chemical Industries (Kima),0.0028
2010-12-19,7.65,8.71,7.38,8.04,748390,EGCH,Egyptian Chemical Industries (Kima),0.0028
2010-12-20,8.57,9.19,8.31,8.72,712461,EGCH,Egyptian Chemical Industries (Kima),0.0028
2010-12-21,8.77,8.96,8.44,8.72,554027,EGCH,Egyptian Chemical Industries (Kima),0.0028
2010-12-22,8.79,9.48,8.79,9.23,555992,EGCH,Egyptian Chemical Industries (Kima),0.0028
2010-12-23,9.16,9.35,8.68,8.92,462262,EGCH,Egyptian Chemical Industries (Kima),0.0028
2010-12-26,8.85,8.85,8.18,8.56,383218,EGCH,Egyptian Chemical Industries (Kima),0.0028
2010-12-27,8.31,8.44,8.18,8.26,214370,EGCH,Egyptian Chemical Industries (Kima),0.0028
2010-12-28,8.22,8.6,8.16,8.39,366146,EGCH,Egyptian Chemical Industries (Kima),0.0028
2010-12-29,8.79,9.11,8.6,8.86,387028,EGCH,Egyptian Chemical Industries (Kima),0.0028
2010-12-30,8.74,9.04,8.57,8.74,591315,EGCH,Egyptian Chemical Industries (Kima),0.0028
2011-01-02,8.85,9.45,8.73,9.15,550647,EGCH,Egyptian Chemical Industries (Kima),0.0028
2011-01-03,10.09,10.34,9.48,9.82,831710,EGCH,Egyptian Chemical Industries (Kima),0.0028
2011-01-04,9.92,10.01,9.61,9.77,435978,EGCH,Egyptian Chemical Industries (Kima),0.0028
2011-01-05,9.77,9.86,9.53,9.64,476463,EGCH,Egyptian Chemical Industries (Kima),0.0028
2011-01-06,9.61,10.08,9.61,9.9,441910,EGCH,Egyptian Chemical Industries (Kima),0.0028
2011-01-10,10.07,10.9,10.07,10.46,696832,EGCH,Egyptian Chemical Industries (Kima),0.0028
2011-01-11,10.59,11.28,10.59,11.05,474840,EGCH,Egyptian Chemical Industries (Kima),0.0028
2011-01-12,11.18,11.39,10.86,11.12,480452,EGCH,Egyptian Chemical Industries (Kima),0.0028
2011-01-13,10.98,11.51,10.8,11.28,473078,EGCH,Egyptian Chemical Industries (Kima),0.0028
2011-01-16,11.28,11.54,11.05,11.27,261782,EGCH,Egyptian Chemical Industries (Kima),0.0028
2011-01-17,11.44,11.67,9.11,10.66,835902,EGCH,Egyptian Chemical Industries (Kima),0.0028
2011-01-18,10.38,10.59,9.13,9.71,631758,EGCH,Egyptian Chemical Industries (Kima),0.0028
2011-01-19,9.35,10.03,9.35,9.71,468766,EGCH,Egyptian Chemical Industries (Kima),0.0028
2011-01-20,10.01,10.34,9.87,10.12,316527,EGCH,Egyptian Chemical Industries (Kima),0.0028
2011-01-23,10.14,10.45,10.03,10.28,443123,EGCH,Egyptian Chemical Industries (Kima),0.0028
2011-01-24,10.57,10.89,10.31,10.53,503967,EGCH,Egyptian Chemical Industries (Kima),0.0028
2011-01-26,10.14,10.14,8.48,9.23,576692,EGCH,Egyptian Chemical Industries (Kima),0.0028
2011-01-27,7.99,8.57,7.4,7.58,584041,EGCH,Egyptian Chemical Industries (Kima),0.0028
2011-03-23,6.81,6.81,6.81,6.81,3846,EGCH,Egyptian Chemical Industries (Kima),0.0028
2011-03-24,6.15,7.22,6.15,6.54,308485,EGCH,Egyptian Chemical Industries (Kima),0.0028
2011-03-27,7.16,7.2,6.73,7.07,298059,EGCH,Egyptian Chemical Industries (Kima),0.0028
2011-03-28,7.21,7.21,6.76,6.95,290016,EGCH,Egyptian Chemical Industries (Kima),0.0028
2011-03-29,7.66,7.66,7.16,7.52,311991,EGCH,Egyptian Chemical Industries (Kima),0.0028
2011-03-30,8.18,8.26,8.18,8.25,206028,EGCH,Egyptian Chemical Industries (Kima),0.0028
2011-03-31,9.1,9.1,8.96,9.09,565697,EGCH,Egyptian Chemical Industries (Kima),0.0028
2011-04-03,9.98,9.98,9.82,9.96,304966,EGCH,Egyptian Chemical Industries (Kima),0.0028
2011-04-04,10.94,10.94,9.65,10.18,558928,EGCH,Egyptian Chemical Industries (Kima),0.0028
2011-04-05,9.9,10.11,9.61,9.9,390146,EGCH,Egyptian Chemical Industries (Kima),0.0028
2011-04-06,10.14,10.14,9.66,9.83,283375,EGCH,Egyptian Chemical Industries (Kima),0.0028
2011-04-07,9.64,9.85,9.12,9.58,411772,EGCH,Egyptian Chemical Industries (Kima),0.0028
2011-04-10,9.61,10.08,9.61,9.82,301378,EGCH,Egyptian Chemical Industries (Kima),0.0028
2011-04-11,9.9,9.92,9.33,9.51,332083,EGCH,Egyptian Chemical Industries (Kima),0.0028
2011-04-12,9.42,9.66,9.17,9.48,386560,EGCH,Egyptian Chemical Industries (Kima),0.0028
2011-04-13,9.77,9.77,8.71,9.34,498091,EGCH,Egyptian Chemical Industries (Kima),0.0028
2011-04-14,9.38,9.38,8.68,8.86,172512,EGCH,Egyptian Chemical Industries (Kima),0.0028
2011-04-17,8.5,8.72,7.99,8.15,243921,EGCH,Egyptian Chemical Industries (Kima),0.0028
2011-04-18,7.75,8.19,7.41,7.83,248318,EGCH,Egyptian Chemical Industries (Kima),0.0028
2011-04-19,7.94,8.52,7.94,8.35,164795,EGCH,Egyptian Chemical Industries (Kima),0.0028
2011-04-20,8.89,8.89,7.99,8.49,398471,EGCH,Egyptian Chemical Industries (Kima),0.0028
2011-04-21,8.79,9.1,8.59,8.9,223567,EGCH,Egyptian Chemical Industries (Kima),0.0028
2011-04-26,9.13,9.25,8.77,9.09,224094,EGCH,Egyptian Chemical Industries (Kima),0.0028
2011-04-27,9.17,9.98,8.86,9.44,721598,EGCH,Egyptian Chemical Industries (Kima),0.0028
2011-04-28,10.37,10.37,10.37,10.37,131497,EGCH,Egyptian Chemical Industries (Kima),0.0028
2011-05-02,11.43,11.43,10.48,11.28,1184165,EGCH,Egyptian Chemical Industries (Kima),0.0028
2011-05-03,11.5,11.5,10.73,11.06,569197,EGCH,Egyptian Chemical Industries (Kima),0.0028
2011-05-04,10.67,11.05,10.47,10.73,345447,EGCH,Egyptian Chemical Industries (Kima),0.0028
2011-05-05,10.47,10.96,10.47,10.64,242484,EGCH,Egyptian Chemical Industries (Kima),0.0028
2011-05-08,10.31,10.9,9.91,10.56,433811,EGCH,Egyptian Chemical Industries (Kima),0.0028
2011-05-09,10.61,11.05,10.57,10.83,259761,EGCH,Egyptian Chemical Industries (Kima),0.0028
2011-05-10,10.87,10.9,10.61,10.75,267901,EGCH,Egyptian Chemical Industries (Kima),0.0028
2011-05-11,10.67,11.79,10.67,11.28,832762,EGCH,Egyptian Chemical Industries (Kima),0.0028
2011-05-12,11.61,12.1,11.61,11.84,427855,EGCH,Egyptian Chemical Industries (Kima),0.0028
2011-05-15,11.68,11.95,11.46,11.64,422427,EGCH,Egyptian Chemical Industries (Kima),0.0028
2011-05-16,11.61,12.05,11.46,11.84,311627,EGCH,Egyptian Chemical Industries (Kima),0.0028
2011-05-17,11.85,12.34,11.85,12.12,491607,EGCH,Egyptian Chemical Industries (Kima),0.0028
2011-05-18,12.17,12.55,11.79,12.17,549229,EGCH,Egyptian Chemical Industries (Kima),0.0028
2011-05-19,12.31,12.47,11.96,12.11,248924,EGCH,Egyptian Chemical Industries (Kima),0.0028
2011-05-22,12.4,12.64,12.16,12.39,518223,EGCH,Egyptian Chemical Industries (Kima),0.0028
2011-05-23,12.21,12.29,11.8,12.05,513808,EGCH,Egyptian Chemical Industries (Kima),0.0028
2011-05-24,11.79,12.16,11.41,11.76,480715,EGCH,Egyptian Chemical Industries (Kima),0.0028
2011-05-25,11.65,12.05,11.35,11.79,325842,EGCH,Egyptian Chemical Industries (Kima),0.0028
2011-05-26,11.99,11.99,11.61,11.75,180045,EGCH,Egyptian Chemical Industries (Kima),0.0028
2011-05-29,12.1,12.26,11.85,12.09,527578,EGCH,Egyptian Chemical Industries (Kima),0.0028
2011-05-30,11.99,12.05,11.72,11.87,258930,EGCH,Egyptian Chemical Industries (Kima),0.0028
2011-05-31,11.79,11.99,11.68,11.79,234383,EGCH,Egyptian Chemical Industries (Kima),0.0028
2011-06-01,11.79,11.95,11.66,11.76,148068,EGCH,Egyptian Chemical Industries (Kima),0.0028
2011-06-02,11.65,11.76,11.43,11.58,313956,EGCH,Egyptian Chemical Industries (Kima),0.0028
2011-06-05,11.76,12.02,11.7,11.86,305083,EGCH,Egyptian Chemical Industries (Kima),0.0028
2011-06-06,11.95,12.92,11.95,12.45,1016354,EGCH,Egyptian Chemical Industries (Kima),0.0028
2011-06-07,13.32,13.32,12.77,12.97,613693,EGCH,Egyptian Chemical Industries (Kima),0.0028
2011-06-08,12.84,12.98,12.62,12.85,359443,EGCH,Egyptian Chemical Industries (Kima),0.0028
2011-06-09,12.96,13.31,12.77,12.99,462688,EGCH,Egyptian Chemical Industries (Kima),0.0028
2011-06-12,12.92,13.12,12.77,12.92,214795,EGCH,Egyptian Chemical Industries (Kima),0.0028
2011-06-13,13.07,13.07,12.73,12.85,193839,EGCH,Egyptian Chemical Industries (Kima),0.0028
2011-06-14,12.74,13.03,12.71,12.87,258302,EGCH,Egyptian Chemical Industries (Kima),0.0028
2011-06-15,12.75,12.98,12.64,12.74,176460,EGCH,Egyptian Chemical Industries (Kima),0.0028
2011-06-16,12.92,13.22,12.75,12.99,204269,EGCH,Egyptian Chemical Industries (Kima),0.0028
2011-06-19,13.13,13.13,12.73,12.81,206616,EGCH,Egyptian Chemical Industries (Kima),0.0028
2011-06-20,12.73,12.77,12.36,12.52,280884,EGCH,Egyptian Chemical Industries (Kima),0.0028
2011-06-21,12.36,12.62,12.12,12.31,229746,EGCH,Egyptian Chemical Industries (Kima),0.0028
2011-06-22,12.34,12.34,11.85,12.1,446447,EGCH,Egyptian Chemical Industries (Kima),0.0028
2011-06-23,12.1,12.83,12.08,12.62,1167011,EGCH,Egyptian Chemical Industries (Kima),0.0028
2011-06-26,12.96,12.96,12.47,12.71,199995,EGCH,Egyptian Chemical Industries (Kima),0.0028
2011-06-27,12.47,12.58,12.21,12.36,148371,EGCH,Egyptian Chemical Industries (Kima),0.0028
2011-06-28,12.34,12.39,12.02,12.17,159648,EGCH,Egyptian Chemical Industries (Kima),0.0028
2011-06-29,11.95,12.06,11.35,11.67,361305,EGCH,Egyptian Chemical Industries (Kima),0.0028
2011-06-30,11.46,11.79,11.39,11.61,255103,EGCH,Egyptian Chemical Industries (Kima),0.0028
2011-07-03,11.9,12.5,11.9,12.1,178990,EGCH,Egyptian Chemical Industries (Kima),0.0028
2011-07-04,11.76,12.0,11.7,11.8,124027,EGCH,Egyptian Chemical Industries (Kima),0.0028
2011-07-05,11.91,11.91,11.61,11.67,101386,EGCH,Egyptian Chemical Industries (Kima),0.0028
2011-07-06,11.61,11.7,11.06,11.4,215550,EGCH,Egyptian Chemical Industries (Kima),0.0028
2011-07-07,11.28,11.65,11.25,11.47,242604,EGCH,Egyptian Chemical Industries (Kima),0.0028
2011-07-10,11.65,11.79,11.28,11.47,124027,EGCH,Egyptian Chemical Industries (Kima),0.0028
2011-07-11,10.91,11.4,10.9,11.2,250159,EGCH,Egyptian Chemical Industries (Kima),0.0028
2011-07-12,11.18,11.2,10.13,10.7,227558,EGCH,Egyptian Chemical Industries (Kima),0.0028
2011-07-13,11.12,11.69,11.12,11.41,195640,EGCH,Egyptian Chemical Industries (Kima),0.0028
2011-07-14,11.5,11.61,11.28,11.46,126273,EGCH,Egyptian Chemical Industries (Kima),0.0028
2011-07-17,12.6,12.6,11.63,12.05,740839,EGCH,Egyptian Chemical Industries (Kima),0.0028
2011-07-18,11.61,11.74,11.12,11.35,401952,EGCH,Egyptian Chemical Industries (Kima),0.0028
2011-07-19,11.29,11.29,10.82,10.98,341479,EGCH,Egyptian Chemical Industries (Kima),0.0028
2011-07-20,11.85,11.85,9.92,10.36,693790,EGCH,Egyptian Chemical Industries (Kima),0.0028
2011-07-21,9.87,10.27,9.77,10.02,291636,EGCH,Egyptian Chemical Industries (Kima),0.0028
2011-07-25,9.97,9.98,9.53,9.64,425243,EGCH,Egyptian Chemical Industries (Kima),0.0028
2011-07-26,9.67,9.67,8.89,9.12,552185,EGCH,Egyptian Chemical Industries (Kima),0.0028
2011-07-27,8.99,9.28,8.89,9.1,264740,EGCH,Egyptian Chemical Industries (Kima),0.0028
2011-07-28,9.14,9.37,8.96,9.15,454245,EGCH,Egyptian Chemical Industries (Kima),0.0028
2011-07-31,9.12,9.15,8.47,8.7,466113,EGCH,Egyptian Chemical Industries (Kima),0.0028
2011-08-01,8.56,8.59,8.21,8.41,873451,EGCH,Egyptian Chemical Industries (Kima),0.0028
2011-08-02,9.25,9.25,9.25,9.25,259,EGCH,Egyptian Chemical Industries (Kima),0.0028
2011-08-03,10.18,10.18,9.25,9.25,3,EGCH,Egyptian Chemical Industries (Kima),0.0028
2011-08-04,10.18,10.18,10.18,10.18,369,EGCH,Egyptian Chemical Industries (Kima),0.0028
2011-08-07,11.19,11.19,11.19,11.19,19681,EGCH,Egyptian Chemical Industries (Kima),0.0028
2011-08-08,12.3,12.3,12.3,12.3,1706,EGCH,Egyptian Chemical Industries (Kima),0.0028
2011-08-09,13.52,13.52,12.56,13.43,116452,EGCH,Egyptian Chemical Industries (Kima),0.0028
2011-08-10,14.75,14.75,14.75,14.75,1666,EGCH,Egyptian Chemical Industries (Kima),0.0028
2011-08-11,16.24,16.24,16.24,16.24,22265,EGCH,Egyptian Chemical Industries (Kima),0.0028
2011-08-14,17.85,17.85,17.85,17.85,3748,EGCH,Egyptian Chemical Industries (Kima),0.0028
2011-08-15,19.64,19.64,19.64,19.64,7359,EGCH,Egyptian Chemical Industries (Kima),0.0028
2011-08-16,21.61,21.61,18.27,20.24,203157,EGCH,Egyptian Chemical Industries (Kima),0.0028
2011-08-17,18.23,19.42,18.23,18.39,62968,EGCH,Egyptian Chemical Industries (Kima),0.0028
2011-08-18,16.56,18.49,16.56,17.66,76491,EGCH,Egyptian Chemical Industries (Kima),0.0028
2011-08-21,17.57,17.57,15.95,16.5,40216,EGCH,Egyptian Chemical Industries (Kima),0.0028
2011-08-22,16.37,17.05,15.42,16.33,48120,EGCH,Egyptian Chemical Industries (Kima),0.0028
2011-08-23,16.5,16.5,15.42,15.7,36537,EGCH,Egyptian Chemical Industries (Kima),0.0028
2011-08-24,15.82,15.97,15.04,15.38,28583,EGCH,Egyptian Chemical Industries (Kima),0.0028
2011-08-25,15.38,16.91,15.38,16.61,45647,EGCH,Egyptian Chemical Industries (Kima),0.0028
2011-08-28,18.25,18.25,18.25,18.25,24054,EGCH,Egyptian Chemical Industries (Kima),0.0028
2011-08-29,20.08,20.08,19.09,19.93,132769,EGCH,Egyptian Chemical Industries (Kima),0.0028
2011-09-04,20.19,21.21,19.11,19.65,71890,EGCH,Egyptian Chemical Industries (Kima),0.0028
2011-09-05,19.42,19.42,18.05,18.81,40579,EGCH,Egyptian Chemical Industries (Kima),0.0028
2011-09-06,18.44,19.63,18.06,18.84,30660,EGCH,Egyptian Chemical Industries (Kima),0.0028
2011-09-07,18.56,19.08,18.03,18.37,23505,EGCH,Egyptian Chemical Industries (Kima),0.0028
2011-09-08,18.81,19.02,17.68,18.03,52265,EGCH,Egyptian Chemical Industries (Kima),0.0028
2011-09-11,17.99,18.4,17.18,17.99,20199,EGCH,Egyptian Chemical Industries (Kima),0.0028
2011-09-12,18.81,18.81,17.73,17.89,28882,EGCH,Egyptian Chemical Industries (Kima),0.0028
2011-09-13,18.46,18.46,16.91,17.62,42400,EGCH,Egyptian Chemical Industries (Kima),0.0028
2011-09-14,17.26,17.26,16.37,16.8,39056,EGCH,Egyptian Chemical Industries (Kima),0.0028
2011-09-15,17.28,17.28,15.82,16.39,27518,EGCH,Egyptian Chemical Industries (Kima),0.0028
2011-09-18,16.93,18.03,16.92,17.88,104205,EGCH,Egyptian Chemical Industries (Kima),0.0028
2011-09-19,17.55,18.43,17.27,17.57,29662,EGCH,Egyptian Chemical Industries (Kima),0.0028
2011-09-20,17.47,17.47,16.8,16.98,18962,EGCH,Egyptian Chemical Industries (Kima),0.0028
2011-09-21,17.18,17.47,16.42,16.85,30451,EGCH,Egyptian Chemical Industries (Kima),0.0028
2011-09-22,16.42,16.87,15.83,16.25,36754,EGCH,Egyptian Chemical Industries (Kima),0.0028
2011-09-25,16.24,16.24,14.85,15.32,27097,EGCH,Egyptian Chemical Industries (Kima),0.0028
2011-09-26,14.73,15.5,14.45,14.98,30369,EGCH,Egyptian Chemical Industries (Kima),0.0028
2011-09-27,15.05,15.26,13.5,14.35,53858,EGCH,Egyptian Chemical Industries (Kima),0.0028
2011-09-28,13.14,13.15,12.92,12.96,17239,EGCH,Egyptian Chemical Industries (Kima),0.0028
2011-09-29,12.26,13.92,12.08,12.79,46905,EGCH,Egyptian Chemical Industries (Kima),0.0028
2011-10-02,13.92,14.08,13.92,14.04,7304,EGCH,Egyptian Chemical Industries (Kima),0.0028
2011-10-03,15.45,15.45,13.1,14.22,65304,EGCH,Egyptian Chemical Industries (Kima),0.0028
2011-10-04,13.63,14.68,13.49,13.96,30221,EGCH,Egyptian Chemical Industries (Kima),0.0028
2011-10-05,13.45,13.68,12.95,13.45,33734,EGCH,Egyptian Chemical Industries (Kima),0.0028
2011-10-09,14.19,14.19,13.11,13.35,14177,EGCH,Egyptian Chemical Industries (Kima),0.0028
2011-10-10,12.05,13.13,12.05,12.92,20723,EGCH,Egyptian Chemical Industries (Kima),0.0028
2011-10-11,13.13,13.63,12.56,13.03,26711,EGCH,Egyptian Chemical Industries (Kima),0.0028
2011-10-12,13.13,13.13,12.92,13.03,20200,EGCH,Egyptian Chemical Industries (Kima),0.0028
2011-10-13,13.54,13.54,12.66,13.12,28986,EGCH,Egyptian Chemical Industries (Kima),0.0028
2011-10-16,13.63,14.41,13.22,14.19,35361,EGCH,Egyptian Chemical Industries (Kima),0.0028
2011-10-17,14.2,14.66,13.73,14.04,57210,EGCH,Egyptian Chemical Industries (Kima),0.0028
2011-10-18,13.64,14.44,13.64,14.19,32760,EGCH,Egyptian Chemical Industries (Kima),0.0028
2011-10-19,14.19,14.35,13.95,14.09,34518,EGCH,Egyptian Chemical Industries (Kima),0.0028
2011-10-20,13.84,14.16,13.78,13.89,31734,EGCH,Egyptian Chemical Industries (Kima),0.0028
2011-10-23,14.14,14.37,13.8,14.04,22875,EGCH,Egyptian Chemical Industries (Kima),0.0028
2011-10-24,13.87,14.01,13.16,13.67,19875,EGCH,Egyptian Chemical Industries (Kima),0.0028
2011-10-25,13.77,13.78,13.41,13.55,6396,EGCH,Egyptian Chemical Industries (Kima),0.0028
2011-10-26,13.37,13.5,13.27,13.42,17085,EGCH,Egyptian Chemical Industries (Kima),0.0028
2011-10-27,13.26,13.51,12.89,13.14,60880,EGCH,Egyptian Chemical Industries (Kima),0.0028
2011-10-30,13.63,13.63,12.92,13.18,18542,EGCH,Egyptian Chemical Industries (Kima),0.0028
2011-10-31,13.1,13.1,12.14,12.57,55115,EGCH,Egyptian Chemical Industries (Kima),0.0028
2011-11-01,12.22,12.55,12.01,12.11,41597,EGCH,Egyptian Chemical Industries (Kima),0.0028
2011-11-02,11.86,11.88,10.92,11.3,54329,EGCH,Egyptian Chemical Industries (Kima),0.0028
2011-11-03,10.19,10.9,10.19,10.2,135972,EGCH,Egyptian Chemical Industries (Kima),0.0028
2011-11-09,9.16,9.16,9.16,9.16,21779,EGCH,Egyptian Chemical Industries (Kima),0.0028
2011-11-10,8.26,8.26,8.26,8.26,75545,EGCH,Egyptian Chemical Industries (Kima),0.0028
2011-11-13,7.43,7.43,7.43,7.43,352538,EGCH,Egyptian Chemical Industries (Kima),0.0028
2011-11-14,6.7,6.7,6.7,6.7,127936,EGCH,Egyptian Chemical Industries (Kima),0.0028
2011-11-15,6.03,7.34,6.03,6.57,4009980,EGCH,Egyptian Chemical Industries (Kima),0.0028
2011-11-16,7.08,7.08,6.68,6.82,894405,EGCH,Egyptian Chemical Industries (Kima),0.0028
2011-11-17,6.17,6.87,6.17,6.69,1236527,EGCH,Egyptian Chemical Industries (Kima),0.0028
2011-11-20,6.41,6.64,6.2,6.39,1162120,EGCH,Egyptian Chemical Industries (Kima),0.0028
2011-11-21,6.05,6.17,5.74,5.8,1438598,EGCH,Egyptian Chemical Industries (Kima),0.0028
2011-11-22,5.24,5.42,5.24,5.25,587221,EGCH,Egyptian Chemical Industries (Kima),0.0028
2011-11-23,4.86,5.6,4.8,5.31,989238,EGCH,Egyptian Chemical Industries (Kima),0.0028
2011-11-24,5.42,5.58,5.28,5.48,1020500,EGCH,Egyptian Chemical Industries (Kima),0.0028
2011-11-29,5.71,6.03,5.71,6.02,233072,EGCH,Egyptian Chemical Industries (Kima),0.0028
2011-11-30,6.62,6.62,6.2,6.33,1279145,EGCH,Egyptian Chemical Industries (Kima),0.0028
2011-12-01,6.22,6.54,6.22,6.47,906052,EGCH,Egyptian Chemical Industries (Kima),0.0028
2011-12-04,6.39,6.52,6.17,6.28,1121586,EGCH,Egyptian Chemical Industries (Kima),0.0028
2011-12-05,6.17,6.32,6.05,6.19,678837,EGCH,Egyptian Chemical Industries (Kima),0.0028
2011-12-06,6.17,6.33,6.09,6.23,589496,EGCH,Egyptian Chemical Industries (Kima),0.0028
2011-12-07,6.3,6.3,6.06,6.17,642706,EGCH,Egyptian Chemical Industries (Kima),0.0028
2011-12-08,6.1,6.2,6.03,6.11,581001,EGCH,Egyptian Chemical Industries (Kima),0.0028
2011-12-11,6.22,6.24,6.01,6.11,576981,EGCH,Egyptian Chemical Industries (Kima),0.0028
2011-12-12,6.05,6.06,5.79,5.9,576383,EGCH,Egyptian Chemical Industries (Kima),0.0028
2011-12-13,5.79,5.99,5.79,5.89,625438,EGCH,Egyptian Chemical Industries (Kima),0.0028
2011-12-14,5.87,6.11,5.85,5.99,990692,EGCH,Egyptian Chemical Industries (Kima),0.0028
2011-12-15,6.02,6.05,5.91,5.96,437022,EGCH,Egyptian Chemical Industries (Kima),0.0028
2011-12-18,5.39,5.8,5.39,5.51,1065645,EGCH,Egyptian Chemical Industries (Kima),0.0028
2011-12-19,5.42,5.6,5.39,5.48,594198,EGCH,Egyptian Chemical Industries (Kima),0.0028
2011-12-20,5.52,5.52,5.05,5.2,664915,EGCH,Egyptian Chemical Industries (Kima),0.0028
2011-12-21,5.28,5.28,5.03,5.13,502409,EGCH,Egyptian Chemical Industries (Kima),0.0028
2011-12-22,4.91,5.12,4.87,4.96,537430,EGCH,Egyptian Chemical Industries (Kima),0.0028
2011-12-25,5.45,5.45,5.12,5.18,290536,EGCH,Egyptian Chemical Industries (Kima),0.0028
2011-12-26,5.13,5.18,5.04,5.07,371509,EGCH,Egyptian Chemical Industries (Kima),0.0028
2011-12-27,5.09,5.13,4.91,4.98,307467,EGCH,Egyptian Chemical Industries (Kima),0.0028
2011-12-28,4.91,4.91,4.69,4.79,635807,EGCH,Egyptian Chemical Industries (Kima),0.0028
2011-12-29,4.8,4.94,4.79,4.87,392258,EGCH,Egyptian Chemical Industries (Kima),0.0028
2012-01-02,5.03,5.03,4.91,4.97,267426,EGCH,Egyptian Chemical Industries (Kima),0.0028
2012-01-03,4.97,4.97,4.81,4.87,249216,EGCH,Egyptian Chemical Industries (Kima),0.0028
2012-01-04,4.9,4.9,4.81,4.83,214984,EGCH,Egyptian Chemical Industries (Kima),0.0028
2012-01-05,4.79,4.79,4.73,4.76,225429,EGCH,Egyptian Chemical Industries (Kima),0.0028
2012-01-09,4.75,4.77,4.5,4.64,693753,EGCH,Egyptian Chemical Industries (Kima),0.0028
2012-01-10,4.64,4.75,4.57,4.68,375774,EGCH,Egyptian Chemical Industries (Kima),0.0028
2012-01-11,4.77,4.78,4.64,4.72,328116,EGCH,Egyptian Chemical Industries (Kima),0.0028
2012-01-12,4.67,4.75,4.64,4.71,323407,EGCH,Egyptian Chemical Industries (Kima),0.0028
2012-01-15,4.75,4.93,4.74,4.84,505570,EGCH,Egyptian Chemical Industries (Kima),0.0028
2012-01-16,4.79,4.83,4.68,4.74,273914,EGCH,Egyptian Chemical Industries (Kima),0.0028
2012-01-17,4.68,4.75,4.65,4.72,448243,EGCH,Egyptian Chemical Industries (Kima),0.0028
2012-01-18,4.72,4.86,4.7,4.77,416444,EGCH,Egyptian Chemical Industries (Kima),0.0028
2012-01-19,4.72,4.75,4.6,4.64,298006,EGCH,Egyptian Chemical Industries (Kima),0.0028
2012-01-22,4.6,4.69,4.53,4.58,292974,EGCH,Egyptian Chemical Industries (Kima),0.0028
2012-01-23,4.55,4.68,4.55,4.64,202870,EGCH,Egyptian Chemical Industries (Kima),0.0028
2012-01-24,4.68,4.8,4.64,4.75,543120,EGCH,Egyptian Chemical Industries (Kima),0.0028
2012-01-26,4.83,5.2,4.83,5.05,903339,EGCH,Egyptian Chemical Industries (Kima),0.0028
2012-01-29,5.18,5.3,5.05,5.17,692034,EGCH,Egyptian Chemical Industries (Kima),0.0028
2012-01-30,5.05,5.18,4.91,5.05,678263,EGCH,Egyptian Chemical Industries (Kima),0.0028
2012-01-31,5.09,5.42,5.09,5.27,722192,EGCH,Egyptian Chemical Industries (Kima),0.0028
2012-02-01,5.39,5.5,5.27,5.37,584691,EGCH,Egyptian Chemical Industries (Kima),0.0028
2012-02-02,5.2,5.2,4.91,5.07,712960,EGCH,Egyptian Chemical Industries (Kima),0.0028
2012-02-06,5.46,5.46,4.96,5.05,413810,EGCH,Egyptian Chemical Industries (Kima),0.0028
2012-02-07,5.09,5.18,5.07,5.15,274170,EGCH,Egyptian Chemical Industries (Kima),0.0028
2012-02-08,5.17,5.28,5.14,5.19,547730,EGCH,Egyptian Chemical Industries (Kima),0.0028
2012-02-09,5.13,5.31,5.08,5.24,621100,EGCH,Egyptian Chemical Industries (Kima),0.0028
2012-02-12,5.26,5.74,5.24,5.54,1893575,EGCH,Egyptian Chemical Industries (Kima),0.0028
2012-02-13,6.03,6.03,5.7,5.79,536527,EGCH,Egyptian Chemical Industries (Kima),0.0028
2012-02-14,5.79,5.99,5.54,5.79,1340730,EGCH,Egyptian Chemical Industries (Kima),0.0028
2012-02-15,5.24,5.87,5.24,5.72,698988,EGCH,Egyptian Chemical Industries (Kima),0.0028
2012-02-16,5.65,5.84,5.54,5.72,744740,EGCH,Egyptian Chemical Industries (Kima),0.0028
2012-02-19,5.84,5.96,5.82,5.92,645836,EGCH,Egyptian Chemical Industries (Kima),0.0028
2012-02-20,5.95,6.23,5.95,6.11,1937299,EGCH,Egyptian Chemical Industries (Kima),0.0028
2012-02-21,5.98,6.13,5.74,5.95,796244,EGCH,Egyptian Chemical Industries (Kima),0.0028
2012-02-22,5.8,5.96,5.72,5.83,836379,EGCH,Egyptian Chemical Industries (Kima),0.0028
2012-02-23,5.91,6.05,5.85,5.95,681734,EGCH,Egyptian Chemical Industries (Kima),0.0028
2012-02-26,6.01,6.05,5.91,5.98,691593,EGCH,Egyptian Chemical Industries (Kima),0.0028
2012-02-27,6.0,6.03,5.85,5.92,525268,EGCH,Egyptian Chemical Industries (Kima),0.0028
2012-02-28,5.91,5.98,5.85,5.91,422997,EGCH,Egyptian Chemical Industries (Kima),0.0028
2012-02-29,5.87,6.51,5.87,6.36,2756235,EGCH,Egyptian Chemical Industries (Kima),0.0028
2012-03-01,6.54,6.99,6.54,6.84,1909960,EGCH,Egyptian Chemical Industries (Kima),0.0028
2012-03-04,6.99,7.03,6.73,6.86,2184747,EGCH,Egyptian Chemical Industries (Kima),0.0028
2012-03-05,6.77,6.91,6.69,6.81,1127336,EGCH,Egyptian Chemical Industries (Kima),0.0028
2012-03-06,6.84,6.99,6.71,6.83,804906,EGCH,Egyptian Chemical Industries (Kima),0.0028
2012-03-07,6.77,6.82,6.36,6.62,1115037,EGCH,Egyptian Chemical Industries (Kima),0.0028
2012-03-08,6.48,6.6,6.28,6.41,833058,EGCH,Egyptian Chemical Industries (Kima),0.0028
2012-03-11,6.51,6.51,6.2,6.28,641737,EGCH,Egyptian Chemical Industries (Kima),0.0028
2012-03-12,6.01,6.42,5.8,6.1,878077,EGCH,Egyptian Chemical Industries (Kima),0.0028
2012-03-13,6.05,6.11,5.58,5.79,912446,EGCH,Egyptian Chemical Industries (Kima),0.0028
2012-03-14,5.79,5.91,5.6,5.76,582547,EGCH,Egyptian Chemical Industries (Kima),0.0028
2012-03-15,5.76,5.91,5.7,5.8,406495,EGCH,Egyptian Chemical Industries (Kima),0.0028
2012-03-18,5.8,5.8,5.58,5.68,310706,EGCH,Egyptian Chemical Industries (Kima),0.0028
2012-03-19,5.68,5.78,5.52,5.6,416001,EGCH,Egyptian Chemical Industries (Kima),0.0028
2012-03-20,5.6,5.79,5.35,5.59,492289,EGCH,Egyptian Chemical Industries (Kima),0.0028
2012-03-21,5.59,5.79,5.59,5.69,340228,EGCH,Egyptian Chemical Industries (Kima),0.0028
2012-03-22,5.69,5.78,5.6,5.68,379685,EGCH,Egyptian Chemical Industries (Kima),0.0028
2012-03-25,5.68,5.68,5.25,5.39,531451,EGCH,Egyptian Chemical Industries (Kima),0.0028
2012-03-26,5.39,5.39,5.07,5.24,412029,EGCH,Egyptian Chemical Industries (Kima),0.0028
2012-03-27,5.24,5.39,5.19,5.27,279644,EGCH,Egyptian Chemical Industries (Kima),0.0028
2012-03-28,5.27,5.39,5.17,5.27,365528,EGCH,Egyptian Chemical Industries (Kima),0.0028
2012-03-29,5.27,5.36,5.17,5.24,344080,EGCH,Egyptian Chemical Industries (Kima),0.0028
2012-04-01,5.24,5.25,4.94,5.08,228376,EGCH,Egyptian Chemical Industries (Kima),0.0028
2012-04-02,5.08,5.09,4.91,4.98,252552,EGCH,Egyptian Chemical Industries (Kima),0.0028
2012-04-03,4.98,5.06,4.91,5.01,185730,EGCH,Egyptian Chemical Industries (Kima),0.0028
2012-04-04,5.01,5.05,4.88,4.94,211590,EGCH,Egyptian Chemical Industries (Kima),0.0028
2012-04-05,4.94,4.99,4.87,4.91,217088,EGCH,Egyptian Chemical Industries (Kima),0.0028
2012-04-08,4.91,5.05,4.79,4.87,324512,EGCH,Egyptian Chemical Industries (Kima),0.0028
2012-04-09,4.87,4.9,4.75,4.81,261383,EGCH,Egyptian Chemical Industries (Kima),0.0028
2012-04-10,4.81,4.94,4.68,4.79,226772,EGCH,Egyptian Chemical Industries (Kima),0.0028
2012-04-11,4.79,4.94,4.75,4.86,201460,EGCH,Egyptian Chemical Industries (Kima),0.0028
2012-04-12,4.86,4.98,4.83,4.9,199972,EGCH,Egyptian Chemical Industries (Kima),0.0028
2012-04-17,4.9,4.91,4.76,4.79,122065,EGCH,Egyptian Chemical Industries (Kima),0.0028
2012-04-18,4.79,4.9,4.78,4.81,87146,EGCH,Egyptian Chemical Industries (Kima),0.0028
2012-04-19,4.81,4.87,4.79,4.86,138082,EGCH,Egyptian Chemical Industries (Kima),0.0028
2012-04-22,4.86,5.07,4.86,5.03,412462,EGCH,Egyptian Chemical Industries (Kima),0.0028
2012-04-23,5.03,5.14,4.98,5.06,421578,EGCH,Egyptian Chemical Industries (Kima),0.0028
2012-04-24,5.06,5.08,4.91,4.98,244017,EGCH,Egyptian Chemical Industries (Kima),0.0028
2012-04-26,4.98,5.03,4.91,4.98,142534,EGCH,Egyptian Chemical Industries (Kima),0.0028
2012-04-29,4.98,5.09,4.87,5.01,436844,EGCH,Egyptian Chemical Industries (Kima),0.0028
2012-04-30,5.01,5.29,5.01,5.21,632298,EGCH,Egyptian Chemical Industries (Kima),0.0028
2012-05-02,5.21,5.24,4.96,5.07,329120,EGCH,Egyptian Chemical Industries (Kima),0.0028
2012-05-03,5.07,5.07,4.91,4.99,240703,EGCH,Egyptian Chemical Industries (Kima),0.0028
2012-05-06,4.99,5.21,4.98,5.15,289385,EGCH,Egyptian Chemical Industries (Kima),0.0028
2012-05-07,5.15,5.24,5.07,5.17,346705,EGCH,Egyptian Chemical Industries (Kima),0.0028
2012-05-08,5.17,5.21,5.09,5.17,181667,EGCH,Egyptian Chemical Industries (Kima),0.0028
2012-05-09,5.17,5.21,5.09,5.16,174750,EGCH,Egyptian Chemical Industries (Kima),0.0028
2012-05-10,5.16,5.16,5.07,5.09,114466,EGCH,Egyptian Chemical Industries (Kima),0.0028
2012-05-13,5.09,5.2,5.09,5.17,130939,EGCH,Egyptian Chemical Industries (Kima),0.0028
2012-05-14,5.17,5.19,5.05,5.09,163154,EGCH,Egyptian Chemical Industries (Kima),0.0028
2012-05-15,5.09,5.09,4.94,4.98,166342,EGCH,Egyptian Chemical Industries (Kima),0.0028
2012-05-16,4.98,5.01,4.91,4.95,119785,EGCH,Egyptian Chemical Industries (Kima),0.0028
2012-05-17,4.95,4.95,4.83,4.87,219400,EGCH,Egyptian Chemical Industries (Kima),0.0028
2012-05-20,4.87,4.87,4.75,4.8,55421,EGCH,Egyptian Chemical Industries (Kima),0.0028
2012-05-21,4.8,4.91,4.8,4.86,128283,EGCH,Egyptian Chemical Industries (Kima),0.0028
2012-05-22,4.86,4.91,4.8,4.86,194690,EGCH,Egyptian Chemical Industries (Kima),0.0028
2012-05-23,4.86,5.13,4.85,5.05,194554,EGCH,Egyptian Chemical Industries (Kima),0.0028
2012-05-24,5.05,5.13,5.01,5.05,110590,EGCH,Egyptian Chemical Industries (Kima),0.0028
2012-05-27,5.05,5.05,4.79,4.86,216229,EGCH,Egyptian Chemical Industries (Kima),0.0028
2012-05-28,4.86,4.95,4.79,4.84,104198,EGCH,Egyptian Chemical Industries (Kima),0.0028
2012-05-29,4.84,4.84,4.75,4.79,88824,EGCH,Egyptian Chemical Industries (Kima),0.0028
2012-05-30,4.79,4.87,4.75,4.79,96177,EGCH,Egyptian Chemical Industries (Kima),0.0028
2012-05-31,4.79,4.8,4.71,4.75,133455,EGCH,Egyptian Chemical Industries (Kima),0.0028
2012-06-03,4.75,5.07,4.5,4.72,53469,EGCH,Egyptian Chemical Industries (Kima),0.0028
2012-06-04,4.72,4.81,4.68,4.71,117144,EGCH,Egyptian Chemical Industries (Kima),0.0028
2012-06-05,4.71,4.71,4.59,4.67,112149,EGCH,Egyptian Chemical Industries (Kima),0.0028
2012-06-06,4.67,4.69,4.53,4.6,117718,EGCH,Egyptian Chemical Industries (Kima),0.0028
2012-06-07,4.6,4.68,4.55,4.59,99680,EGCH,Egyptian Chemical Industries (Kima),0.0028
2012-06-10,4.59,4.75,4.59,4.68,134986,EGCH,Egyptian Chemical Industries (Kima),0.0028
2012-06-11,4.68,4.68,4.49,4.53,140597,EGCH,Egyptian Chemical Industries (Kima),0.0028
2012-06-12,4.53,4.61,4.5,4.55,86641,EGCH,Egyptian Chemical Industries (Kima),0.0028
2012-06-13,4.55,4.55,4.44,4.47,151955,EGCH,Egyptian Chemical Industries (Kima),0.0028
2012-06-14,4.47,4.63,4.47,4.55,302440,EGCH,Egyptian Chemical Industries (Kima),0.0028
2012-06-18,4.55,4.57,4.36,4.4,125979,EGCH,Egyptian Chemical Industries (Kima),0.0028
2012-06-19,4.4,4.4,4.17,4.25,99581,EGCH,Egyptian Chemical Industries (Kima),0.0028
2012-06-20,4.25,4.29,4.18,4.24,39278,EGCH,Egyptian Chemical Industries (Kima),0.0028
2012-06-21,4.24,4.24,4.17,4.19,130705,EGCH,Egyptian Chemical Industries (Kima),0.0028
2012-06-24,4.19,4.4,4.19,4.33,144966,EGCH,Egyptian Chemical Industries (Kima),0.0028
2012-06-25,4.33,4.76,4.33,4.75,253966,EGCH,Egyptian Chemical Industries (Kima),0.0028
2012-06-26,4.75,5.01,4.75,4.91,446369,EGCH,Egyptian Chemical Industries (Kima),0.0028
2012-06-27,4.91,5.07,4.91,4.98,316339,EGCH,Egyptian Chemical Industries (Kima),0.0028
2012-06-28,4.98,5.13,4.91,5.05,271929,EGCH,Egyptian Chemical Industries (Kima),0.0028
2012-07-02,5.05,5.24,4.97,5.16,302598,EGCH,Egyptian Chemical Industries (Kima),0.0028
2012-07-03,5.16,5.17,5.03,5.1,247742,EGCH,Egyptian Chemical Industries (Kima),0.0028
2012-07-04,5.1,5.16,5.01,5.05,226827,EGCH,Egyptian Chemical Industries (Kima),0.0028
2012-07-05,5.05,5.15,4.98,5.06,154907,EGCH,Egyptian Chemical Industries (Kima),0.0028
2012-07-08,5.06,5.07,4.91,4.96,246609,EGCH,Egyptian Chemical Industries (Kima),0.0028
2012-07-09,4.96,4.96,4.72,4.81,239545,EGCH,Egyptian Chemical Industries (Kima),0.0028
2012-07-10,4.81,4.87,4.67,4.78,58184,EGCH,Egyptian Chemical Industries (Kima),0.0028
2012-07-11,4.78,4.94,4.75,4.86,97609,EGCH,Egyptian Chemical Industries (Kima),0.0028
2012-07-12,4.86,4.98,4.75,4.84,140883,EGCH,Egyptian Chemical Industries (Kima),0.0028
2012-07-15,4.84,4.91,4.69,4.75,102836,EGCH,Egyptian Chemical Industries (Kima),0.0028
2012-07-16,4.75,4.79,4.65,4.69,95655,EGCH,Egyptian Chemical Industries (Kima),0.0028
2012-07-17,4.69,4.87,4.69,4.79,70507,EGCH,Egyptian Chemical Industries (Kima),0.0028
2012-07-18,4.79,4.79,4.69,4.74,60585,EGCH,Egyptian Chemical Industries (Kima),0.0028
2012-07-19,4.74,4.87,4.74,4.83,67107,EGCH,Egyptian Chemical Industries (Kima),0.0028
2012-07-24,4.83,4.91,4.75,4.84,93443,EGCH,Egyptian Chemical Industries (Kima),0.0028
2012-07-25,4.84,4.9,4.75,4.84,80030,EGCH,Egyptian Chemical Industries (Kima),0.0028
2012-07-26,4.84,5.09,4.76,4.98,689436,EGCH,Egyptian Chemical Industries (Kima),0.0028
2012-07-29,4.98,5.28,4.98,5.18,394655,EGCH,Egyptian Chemical Industries (Kima),0.0028
2012-07-30,5.18,5.18,5.01,5.09,318929,EGCH,Egyptian Chemical Industries (Kima),0.0028
2012-07-31,5.09,5.2,5.07,5.1,197454,EGCH,Egyptian Chemical Industries (Kima),0.0028
2012-08-01,5.1,5.21,5.07,5.15,281190,EGCH,Egyptian Chemical Industries (Kima),0.0028
2012-08-02,5.15,5.16,5.06,5.08,148078,EGCH,Egyptian Chemical Industries (Kima),0.0028
2012-08-05,5.08,5.18,5.01,5.06,196830,EGCH,Egyptian Chemical Industries (Kima),0.0028
2012-08-06,5.06,5.17,4.91,5.06,368265,EGCH,Egyptian Chemical Industries (Kima),0.0028
2012-08-07,5.06,5.17,5.05,5.09,128506,EGCH,Egyptian Chemical Industries (Kima),0.0028
2012-08-08,5.09,5.09,4.98,5.03,73787,EGCH,Egyptian Chemical Industries (Kima),0.0028
2012-08-09,5.03,5.05,4.93,4.99,57806,EGCH,Egyptian Chemical Industries (Kima),0.0028
2012-08-12,4.99,5.03,4.91,4.95,118679,EGCH,Egyptian Chemical Industries (Kima),0.0028
2012-08-13,4.95,5.05,4.91,4.98,106996,EGCH,Egyptian Chemical Industries (Kima),0.0028
2012-08-14,4.98,5.09,4.94,5.05,103734,EGCH,Egyptian Chemical Industries (Kima),0.0028
2012-08-15,5.05,5.07,5.01,5.05,104953,EGCH,Egyptian Chemical Industries (Kima),0.0028
2012-08-16,5.05,5.17,4.97,5.12,170999,EGCH,Egyptian Chemical Industries (Kima),0.0028
2012-08-21,5.12,5.21,5.1,5.17,246915,EGCH,Egyptian Chemical Industries (Kima),0.0028
2012-08-22,5.17,5.18,5.08,5.14,210164,EGCH,Egyptian Chemical Industries (Kima),0.0028
2012-08-23,5.14,5.37,5.14,5.28,648454,EGCH,Egyptian Chemical Industries (Kima),0.0028
2012-08-26,5.28,5.57,5.28,5.46,823318,EGCH,Egyptian Chemical Industries (Kima),0.0028
2012-08-27,5.46,6.0,5.46,5.79,1948065,EGCH,Egyptian Chemical Industries (Kima),0.0028
2012-08-28,5.79,6.24,5.79,6.1,1027470,EGCH,Egyptian Chemical Industries (Kima),0.0028
2012-08-29,6.1,6.1,5.91,5.96,934114,EGCH,Egyptian Chemical Industries (Kima),0.0028
2012-08-30,5.96,6.17,5.96,6.08,738118,EGCH,Egyptian Chemical Industries (Kima),0.0028
2012-09-02,6.08,6.22,6.08,6.17,785721,EGCH,Egyptian Chemical Industries (Kima),0.0028
2012-09-03,6.17,6.17,5.96,6.08,753622,EGCH,Egyptian Chemical Industries (Kima),0.0028
2012-09-04,6.08,6.43,6.08,6.24,1512008,EGCH,Egyptian Chemical Industries (Kima),0.0028
2012-09-05,6.24,6.68,6.17,6.51,1611942,EGCH,Egyptian Chemical Industries (Kima),0.0028
2012-09-06,6.51,6.7,6.5,6.6,1218843,EGCH,Egyptian Chemical Industries (Kima),0.0028
2012-09-09,6.6,6.82,6.6,6.73,1053376,EGCH,Egyptian Chemical Industries (Kima),0.0028
2012-09-10,6.73,6.8,6.54,6.7,884725,EGCH,Egyptian Chemical Industries (Kima),0.0028
2012-09-11,6.7,7.28,6.7,7.03,2416061,EGCH,Egyptian Chemical Industries (Kima),0.0028
2012-09-12,7.03,7.5,7.03,7.27,1923956,EGCH,Egyptian Chemical Industries (Kima),0.0028
2012-09-13,7.27,8.0,7.07,7.55,2631237,EGCH,Egyptian Chemical Industries (Kima),0.0028
2012-09-16,7.55,8.3,7.55,8.23,777964,EGCH,Egyptian Chemical Industries (Kima),0.0028
2012-09-17,8.23,8.67,8.04,8.35,2761415,EGCH,Egyptian Chemical Industries (Kima),0.0028
2012-09-18,8.35,8.44,7.89,8.23,1549760,EGCH,Egyptian Chemical Industries (Kima),0.0028
2012-09-19,8.23,8.52,7.82,8.16,1432120,EGCH,Egyptian Chemical Industries (Kima),0.0028
2012-09-20,8.16,8.16,7.78,7.92,1176669,EGCH,Egyptian Chemical Industries (Kima),0.0028
2012-09-23,7.92,8.05,7.51,7.8,821906,EGCH,Egyptian Chemical Industries (Kima),0.0028
2012-09-24,7.8,7.8,7.45,7.62,1135785,EGCH,Egyptian Chemical Industries (Kima),0.0028
2012-09-25,7.62,8.37,7.62,8.16,1715757,EGCH,Egyptian Chemical Industries (Kima),0.0028
2012-09-26,8.16,8.93,8.16,8.68,1732190,EGCH,Egyptian Chemical Industries (Kima),0.0028
2012-09-27,8.68,8.68,8.14,8.41,958595,EGCH,Egyptian Chemical Industries (Kima),0.0028
2012-09-30,8.41,8.41,7.79,8.03,859369,EGCH,Egyptian Chemical Industries (Kima),0.0028
2012-10-01,8.03,8.07,7.24,7.54,782015,EGCH,Egyptian Chemical Industries (Kima),0.0028
2012-10-02,7.54,7.54,6.79,7.27,1152550,EGCH,Egyptian Chemical Industries (Kima),0.0028
2012-10-03,7.27,7.47,7.17,7.32,527314,EGCH,Egyptian Chemical Industries (Kima),0.0028
2012-10-04,7.32,7.62,7.06,7.39,1218896,EGCH,Egyptian Chemical Industries (Kima),0.0028
2012-10-08,7.39,7.75,7.18,7.49,1340352,EGCH,Egyptian Chemical Industries (Kima),0.0028
2012-10-09,7.49,7.72,7.41,7.62,904753,EGCH,Egyptian Chemical Industries (Kima),0.0028
2012-10-10,7.62,7.99,7.62,7.89,785736,EGCH,Egyptian Chemical Industries (Kima),0.0028
2012-10-11,7.89,7.92,7.66,7.8,758363,EGCH,Egyptian Chemical Industries (Kima),0.0028
2012-10-14,7.8,7.91,7.51,7.67,499707,EGCH,Egyptian Chemical Industries (Kima),0.0028
2012-10-15,7.67,7.67,7.31,7.43,529881,EGCH,Egyptian Chemical Industries (Kima),0.0028
2012-10-16,7.43,7.6,7.17,7.41,389654,EGCH,Egyptian Chemical Industries (Kima),0.0028
2012-10-17,7.41,7.74,7.41,7.55,106820,EGCH,Egyptian Chemical Industries (Kima),0.0028
2012-10-18,7.55,7.63,7.31,7.41,345559,EGCH,Egyptian Chemical Industries (Kima),0.0028
2012-10-21,7.41,7.52,7.25,7.33,256501,EGCH,Egyptian Chemical Industries (Kima),0.0028
2012-10-22,7.33,7.44,7.21,7.29,230937,EGCH,Egyptian Chemical Industries (Kima),0.0028
2012-10-23,7.29,7.41,7.23,7.31,351559,EGCH,Egyptian Chemical Industries (Kima),0.0028
2012-10-24,7.31,7.61,7.31,7.49,396910,EGCH,Egyptian Chemical Industries (Kima),0.0028
2012-10-29,7.49,7.69,7.49,7.59,275234,EGCH,Egyptian Chemical Industries (Kima),0.0028
2012-10-30,7.59,7.59,7.32,7.41,406776,EGCH,Egyptian Chemical Industries (Kima),0.0028
2012-10-31,7.41,7.41,7.16,7.24,351381,EGCH,Egyptian Chemical Industries (Kima),0.0028
2012-11-01,7.24,7.34,6.64,6.89,902463,EGCH,Egyptian Chemical Industries (Kima),0.0028
2012-11-04,6.89,6.91,6.2,6.38,875288,EGCH,Egyptian Chemical Industries (Kima),0.0028
2012-11-05,6.38,6.54,5.99,6.29,635954,EGCH,Egyptian Chemical Industries (Kima),0.0028
2012-11-06,6.29,6.73,6.29,6.57,551154,EGCH,Egyptian Chemical Industries (Kima),0.0028
2012-11-07,6.57,6.79,6.47,6.62,409078,EGCH,Egyptian Chemical Industries (Kima),0.0028
2012-11-08,6.62,6.73,6.47,6.58,448461,EGCH,Egyptian Chemical Industries (Kima),0.0028
2012-11-11,6.58,6.77,6.4,6.54,504678,EGCH,Egyptian Chemical Industries (Kima),0.0028
2012-11-12,6.54,6.54,6.17,6.43,357052,EGCH,Egyptian Chemical Industries (Kima),0.0028
2012-11-13,6.43,6.66,6.43,6.57,320622,EGCH,Egyptian Chemical Industries (Kima),0.0028
2012-11-14,6.57,6.67,6.5,6.56,372521,EGCH,Egyptian Chemical Industries (Kima),0.0028
2012-11-18,6.56,6.56,6.05,6.21,519803,EGCH,Egyptian Chemical Industries (Kima),0.0028
2012-11-19,6.21,6.3,5.91,6.17,684641,EGCH,Egyptian Chemical Industries (Kima),0.0028
2012-11-20,6.17,6.25,5.8,6.03,564479,EGCH,Egyptian Chemical Industries (Kima),0.0028
2012-11-21,6.03,6.22,5.95,6.05,348208,EGCH,Egyptian Chemical Industries (Kima),0.0028
2012-11-22,6.05,6.11,5.95,6.0,317150,EGCH,Egyptian Chemical Industries (Kima),0.0028
2012-11-25,6.0,6.0,5.41,5.42,164518,EGCH,Egyptian Chemical Industries (Kima),0.0028
2012-11-26,5.42,5.42,4.87,5.18,967102,EGCH,Egyptian Chemical Industries (Kima),0.0028
2012-11-27,5.18,5.56,5.13,5.46,285291,EGCH,Egyptian Chemical Industries (Kima),0.0028
2012-11-28,5.46,5.48,4.94,5.21,710601,EGCH,Egyptian Chemical Industries (Kima),0.0028
2012-11-29,5.21,5.4,4.98,5.28,449065,EGCH,Egyptian Chemical Industries (Kima),0.0028
2012-12-02,5.28,5.6,5.28,5.46,337218,EGCH,Egyptian Chemical Industries (Kima),0.0028
2012-12-03,5.46,5.46,5.09,5.24,443925,EGCH,Egyptian Chemical Industries (Kima),0.0028
2012-12-04,5.24,5.65,5.24,5.5,496530,EGCH,Egyptian Chemical Industries (Kima),0.0028
2012-12-05,5.5,5.76,5.46,5.64,587892,EGCH,Egyptian Chemical Industries (Kima),0.0028
2012-12-06,5.64,5.64,5.07,5.41,343078,EGCH,Egyptian Chemical Industries (Kima),0.0028
2012-12-09,5.41,5.8,5.41,5.58,413277,EGCH,Egyptian Chemical Industries (Kima),0.0028
2012-12-10,5.69,5.69,5.48,5.6,223300,EGCH,Egyptian Chemical Industries (Kima),0.0028
2012-12-11,5.59,5.68,5.54,5.64,181640,EGCH,Egyptian Chemical Industries (Kima),0.0028
2012-12-12,5.64,6.05,5.64,5.89,640961,EGCH,Egyptian Chemical Industries (Kima),0.0028
2012-12-13,5.89,6.2,5.89,6.1,408176,EGCH,Egyptian Chemical Industries (Kima),0.0028
2012-12-16,6.1,6.38,6.1,6.28,560607,EGCH,Egyptian Chemical Industries (Kima),0.0028
2012-12-17,6.28,6.33,6.11,6.2,617691,EGCH,Egyptian Chemical Industries (Kima),0.0028
2012-12-18,6.2,6.27,6.03,6.16,374083,EGCH,Egyptian Chemical Industries (Kima),0.0028
2012-12-19,6.16,6.6,6.16,6.45,786631,EGCH,Egyptian Chemical Industries (Kima),0.0028
2012-12-20,6.45,6.73,6.45,6.62,629098,EGCH,Egyptian Chemical Industries (Kima),0.0028
2012-12-23,6.62,6.91,6.28,6.52,649066,EGCH,Egyptian Chemical Industries (Kima),0.0028
2012-12-24,6.52,6.59,6.32,6.47,352474,EGCH,Egyptian Chemical Industries (Kima),0.0028
2012-12-25,6.47,6.52,6.1,6.23,964519,EGCH,Egyptian Chemical Industries (Kima),0.0028
2012-12-26,6.23,6.33,6.02,6.17,395808,EGCH,Egyptian Chemical Industries (Kima),0.0028
2012-12-27,6.17,6.5,6.17,6.42,430418,EGCH,Egyptian Chemical Industries (Kima),0.0028
2012-12-30,6.42,6.5,6.24,6.33,496076,EGCH,Egyptian Chemical Industries (Kima),0.0028
2012-12-31,6.33,6.35,6.16,6.26,351887,EGCH,Egyptian Chemical Industries (Kima),0.0028
2013-01-02,6.26,6.5,6.26,6.43,427579,EGCH,Egyptian Chemical Industries (Kima),0.0028
2013-01-03,6.43,6.63,6.36,6.53,730177,EGCH,Egyptian Chemical Industries (Kima),0.0028
2013-01-06,6.53,6.7,6.45,6.58,615482,EGCH,Egyptian Chemical Industries (Kima),0.0028
2013-01-08,6.58,6.63,6.5,6.55,363203,EGCH,Egyptian Chemical Industries (Kima),0.0028
2013-01-09,6.55,6.77,6.54,6.7,1059268,EGCH,Egyptian Chemical Industries (Kima),0.0028
2013-01-10,6.7,6.7,6.5,6.54,491439,EGCH,Egyptian Chemical Industries (Kima),0.0028
2013-01-13,6.54,6.58,6.39,6.43,354907,EGCH,Egyptian Chemical Industries (Kima),0.0028
2013-01-14,6.43,6.5,6.28,6.4,319090,EGCH,Egyptian Chemical Industries (Kima),0.0028
2013-01-15,6.4,6.4,5.91,6.16,503586,EGCH,Egyptian Chemical Industries (Kima),0.0028
2013-01-16,6.16,6.2,5.96,6.16,233398,EGCH,Egyptian Chemical Industries (Kima),0.0028
2013-01-17,6.16,6.22,5.91,5.99,293503,EGCH,Egyptian Chemical Industries (Kima),0.0028
2013-01-20,5.99,6.12,5.72,5.79,464551,EGCH,Egyptian Chemical Industries (Kima),0.0028
2013-01-21,5.79,5.79,5.49,5.64,344751,EGCH,Egyptian Chemical Industries (Kima),0.0028
2013-01-22,5.64,5.95,5.64,5.85,320537,EGCH,Egyptian Chemical Industries (Kima),0.0028
2013-01-23,5.85,5.95,5.69,5.87,240734,EGCH,Egyptian Chemical Industries (Kima),0.0028
2013-01-27,5.87,5.91,5.57,5.75,214000,EGCH,Egyptian Chemical Industries (Kima),0.0028
2013-01-28,5.75,5.89,5.62,5.69,244410,EGCH,Egyptian Chemical Industries (Kima),0.0028
2013-01-29,5.69,5.69,5.35,5.46,547443,EGCH,Egyptian Chemical Industries (Kima),0.0028
2013-01-30,5.46,5.68,5.46,5.61,171970,EGCH,Egyptian Chemical Industries (Kima),0.0028
2013-01-31,5.61,5.84,5.48,5.69,513401,EGCH,Egyptian Chemical Industries (Kima),0.0028
2013-02-03,5.69,6.25,5.69,6.17,781206,EGCH,Egyptian Chemical Industries (Kima),0.0028
2013-02-04,6.17,6.48,6.17,6.29,634128,EGCH,Egyptian Chemical Industries (Kima),0.0028
2013-02-05,6.29,6.48,6.22,6.33,414126,EGCH,Egyptian Chemical Industries (Kima),0.0028
2013-02-06,6.33,6.47,6.13,6.3,524727,EGCH,Egyptian Chemical Industries (Kima),0.0028
2013-02-07,6.3,6.36,6.21,6.26,119695,EGCH,Egyptian Chemical Industries (Kima),0.0028
2013-02-10,6.26,6.4,6.19,6.28,186576,EGCH,Egyptian Chemical Industries (Kima),0.0028
2013-02-11,6.28,6.33,6.2,6.24,76403,EGCH,Egyptian Chemical Industries (Kima),0.0028
2013-02-12,6.24,6.48,6.24,6.36,554118,EGCH,Egyptian Chemical Industries (Kima),0.0028
2013-02-13,6.36,6.42,6.25,6.32,249068,EGCH,Egyptian Chemical Industries (Kima),0.0028
2013-02-14,6.32,6.36,6.27,6.32,86583,EGCH,Egyptian Chemical Industries (Kima),0.0028
2013-02-17,6.32,6.69,6.29,6.51,788333,EGCH,Egyptian Chemical Industries (Kima),0.0028
2013-02-18,6.51,6.56,6.33,6.41,261364,EGCH,Egyptian Chemical Industries (Kima),0.0028
2013-02-19,6.41,6.41,5.87,6.17,809500,EGCH,Egyptian Chemical Industries (Kima),0.0028
2013-02-20,6.17,6.17,5.91,6.01,318436,EGCH,Egyptian Chemical Industries (Kima),0.0028
2013-02-21,6.01,6.15,6.0,6.06,178404,EGCH,Egyptian Chemical Industries (Kima),0.0028
2013-02-24,6.06,6.06,5.86,5.95,173808,EGCH,Egyptian Chemical Industries (Kima),0.0028
2013-02-25,5.95,6.05,5.87,5.95,249302,EGCH,Egyptian Chemical Industries (Kima),0.0028
2013-02-26,5.95,6.16,5.95,6.05,158870,EGCH,Egyptian Chemical Industries (Kima),0.0028
2013-02-27,6.05,6.08,5.87,5.92,203637,EGCH,Egyptian Chemical Industries (Kima),0.0028
2013-02-28,5.92,5.98,5.86,5.91,144874,EGCH,Egyptian Chemical Industries (Kima),0.0028
2013-03-03,5.91,5.95,5.79,5.9,95112,EGCH,Egyptian Chemical Industries (Kima),0.0028
2013-03-04,5.9,5.9,5.42,5.56,428431,EGCH,Egyptian Chemical Industries (Kima),0.0028
2013-03-05,5.56,5.59,5.39,5.46,230120,EGCH,Egyptian Chemical Industries (Kima),0.0028
2013-03-06,5.46,5.59,5.42,5.46,114349,EGCH,Egyptian Chemical Industries (Kima),0.0028
2013-03-07,5.46,5.67,5.46,5.58,172420,EGCH,Egyptian Chemical Industries (Kima),0.0028
2013-03-10,5.58,5.7,5.57,5.65,146095,EGCH,Egyptian Chemical Industries (Kima),0.0028
2013-03-11,5.65,5.79,5.65,5.71,145986,EGCH,Egyptian Chemical Industries (Kima),0.0028
2013-03-12,5.71,5.72,5.5,5.56,291588,EGCH,Egyptian Chemical Industries (Kima),0.0028
2013-03-13,5.56,5.6,5.46,5.54,100607,EGCH,Egyptian Chemical Industries (Kima),0.0028
2013-03-14,5.54,5.58,5.48,5.54,116229,EGCH,Egyptian Chemical Industries (Kima),0.0028
2013-03-17,5.54,5.61,5.54,5.54,121026,EGCH,Egyptian Chemical Industries (Kima),0.0028
2013-03-18,5.54,5.57,5.42,5.54,148251,EGCH,Egyptian Chemical Industries (Kima),0.0028
2013-03-19,5.54,5.62,5.45,5.5,269738,EGCH,Egyptian Chemical Industries (Kima),0.0028
2013-03-20,5.5,5.54,5.42,5.45,146496,EGCH,Egyptian Chemical Industries (Kima),0.0028
2013-03-21,5.45,5.59,5.45,5.54,159957,EGCH,Egyptian Chemical Industries (Kima),0.0028
2013-03-24,5.54,5.61,5.54,5.58,235306,EGCH,Egyptian Chemical Industries (Kima),0.0028
2013-03-25,5.58,5.61,5.48,5.54,71433,EGCH,Egyptian Chemical Industries (Kima),0.0028
2013-03-26,5.54,5.54,5.4,5.42,251695,EGCH,Egyptian Chemical Industries (Kima),0.0028
2013-03-27,5.42,5.46,5.35,5.4,147617,EGCH,Egyptian Chemical Industries (Kima),0.0028
2013-03-28,5.4,5.46,5.31,5.39,107302,EGCH,Egyptian Chemical Industries (Kima),0.0028
2013-03-31,5.39,5.39,5.13,5.21,294256,EGCH,Egyptian Chemical Industries (Kima),0.0028
2013-04-01,5.21,5.31,5.16,5.24,175966,EGCH,Egyptian Chemical Industries (Kima),0.0028
2013-04-02,5.24,5.35,5.21,5.24,100102,EGCH,Egyptian Chemical Industries (Kima),0.0028
2013-04-03,5.24,5.24,5.03,5.09,127988,EGCH,Egyptian Chemical Industries (Kima),0.0028
2013-04-04,5.09,5.28,5.09,5.24,180203,EGCH,Egyptian Chemical Industries (Kima),0.0028
2013-04-07,5.24,5.75,5.24,5.35,43311,EGCH,Egyptian Chemical Industries (Kima),0.0028
2013-04-08,5.35,5.47,5.28,5.42,220349,EGCH,Egyptian Chemical Industries (Kima),0.0028
2013-04-09,5.42,5.54,5.38,5.48,174912,EGCH,Egyptian Chemical Industries (Kima),0.0028
2013-04-10,5.48,5.6,5.29,5.54,178096,EGCH,Egyptian Chemical Industries (Kima),0.0028
2013-04-11,5.54,5.91,5.54,5.76,450256,EGCH,Egyptian Chemical Industries (Kima),0.0028
2013-04-14,5.76,5.91,5.76,5.83,136227,EGCH,Egyptian Chemical Industries (Kima),0.0028
2013-04-15,5.83,5.83,5.68,5.74,221140,EGCH,Egyptian Chemical Industries (Kima),0.0028
2013-04-16,5.74,5.8,5.68,5.71,195059,EGCH,Egyptian Chemical Industries (Kima),0.0028
2013-04-17,5.71,5.79,5.58,5.64,155760,EGCH,Egyptian Chemical Industries (Kima),0.0028
2013-04-18,5.64,5.75,5.61,5.68,84459,EGCH,Egyptian Chemical Industries (Kima),0.0028
2013-04-21,5.68,5.84,5.65,5.74,126993,EGCH,Egyptian Chemical Industries (Kima),0.0028
2013-04-22,5.74,5.74,5.57,5.61,144730,EGCH,Egyptian Chemical Industries (Kima),0.0028
2013-04-23,5.61,5.7,5.54,5.58,90424,EGCH,Egyptian Chemical Industries (Kima),0.0028
2013-04-24,5.58,5.6,5.52,5.56,91770,EGCH,Egyptian Chemical Industries (Kima),0.0028
2013-04-28,5.56,5.68,5.54,5.6,140999,EGCH,Egyptian Chemical Industries (Kima),0.0028
2013-04-29,5.6,5.65,5.54,5.56,72039,EGCH,Egyptian Chemical Industries (Kima),0.0028
2013-04-30,5.56,5.64,5.54,5.58,126424,EGCH,Egyptian Chemical Industries (Kima),0.0028
2013-05-02,5.58,5.61,5.58,5.6,31511,EGCH,Egyptian Chemical Industries (Kima),0.0028
2013-05-07,5.6,5.8,5.6,5.74,266746,EGCH,Egyptian Chemical Industries (Kima),0.0028
2013-05-08,5.74,6.09,5.74,5.91,475071,EGCH,Egyptian Chemical Industries (Kima),0.0028
2013-05-09,5.91,6.11,5.91,5.96,166010,EGCH,Egyptian Chemical Industries (Kima),0.0028
2013-05-12,5.96,5.99,5.85,5.95,177763,EGCH,Egyptian Chemical Industries (Kima),0.0028
2013-05-13,5.95,5.95,5.72,5.79,137138,EGCH,Egyptian Chemical Industries (Kima),0.0028
2013-05-14,5.79,5.87,5.72,5.8,194154,EGCH,Egyptian Chemical Industries (Kima),0.0028
2013-05-15,5.8,5.96,5.8,5.91,192079,EGCH,Egyptian Chemical Industries (Kima),0.0028
2013-05-16,5.91,5.91,5.79,5.84,208511,EGCH,Egyptian Chemical Industries (Kima),0.0028
2013-05-19,5.84,5.95,5.83,5.87,83627,EGCH,Egyptian Chemical Industries (Kima),0.0028
2013-05-20,5.87,5.87,5.75,5.79,129933,EGCH,Egyptian Chemical Industries (Kima),0.0028
2013-05-21,5.79,5.83,5.74,5.76,105344,EGCH,Egyptian Chemical Industries (Kima),0.0028
2013-05-22,5.76,5.91,5.75,5.79,103883,EGCH,Egyptian Chemical Industries (Kima),0.0028
2013-05-23,5.79,5.86,5.65,5.69,128641,EGCH,Egyptian Chemical Industries (Kima),0.0028
2013-05-26,5.69,5.79,5.61,5.67,104150,EGCH,Egyptian Chemical Industries (Kima),0.0028
2013-05-27,5.67,5.69,5.57,5.64,86371,EGCH,Egyptian Chemical Industries (Kima),0.0028
2013-05-28,5.64,5.75,5.61,5.67,149785,EGCH,Egyptian Chemical Industries (Kima),0.0028
2013-05-29,5.67,5.67,5.4,5.5,168355,EGCH,Egyptian Chemical Industries (Kima),0.0028
2013-05-30,5.5,5.57,5.42,5.5,188584,EGCH,Egyptian Chemical Industries (Kima),0.0028
2013-06-02,5.5,5.57,5.39,5.46,141833,EGCH,Egyptian Chemical Industries (Kima),0.0028
2013-06-03,5.46,5.46,5.21,5.35,95135,EGCH,Egyptian Chemical Industries (Kima),0.0028
2013-06-04,5.35,5.35,5.01,5.08,85775,EGCH,Egyptian Chemical Industries (Kima),0.0028
2013-06-05,5.08,5.08,4.87,4.91,220210,EGCH,Egyptian Chemical Industries (Kima),0.0028
2013-06-06,4.91,5.05,4.87,4.98,88454,EGCH,Egyptian Chemical Industries (Kima),0.0028
2013-06-09,4.98,4.98,4.49,4.72,125511,EGCH,Egyptian Chemical Industries (Kima),0.0028
2013-06-10,4.72,4.72,4.24,4.28,364965,EGCH,Egyptian Chemical Industries (Kima),0.0028
2013-06-11,4.28,4.42,4.22,4.3,128137,EGCH,Egyptian Chemical Industries (Kima),0.0028
2013-06-12,4.3,4.3,3.89,4.02,238355,EGCH,Egyptian Chemical Industries (Kima),0.0028
2013-06-13,4.02,4.09,3.82,3.99,69334,EGCH,Egyptian Chemical Industries (Kima),0.0028
2013-06-16,3.99,3.99,3.82,3.86,41796,EGCH,Egyptian Chemical Industries (Kima),0.0028
2013-06-17,3.86,4.05,3.85,3.96,75105,EGCH,Egyptian Chemical Industries (Kima),0.0028
2013-06-18,3.96,4.12,3.92,3.97,53322,EGCH,Egyptian Chemical Industries (Kima),0.0028
2013-06-19,3.97,3.97,3.82,3.86,118654,EGCH,Egyptian Chemical Industries (Kima),0.0028
2013-06-20,3.86,3.9,3.77,3.85,105557,EGCH,Egyptian Chemical Industries (Kima),0.0028
2013-06-23,3.85,3.85,3.72,3.77,76572,EGCH,Egyptian Chemical Industries (Kima),0.0028
2013-06-24,3.77,3.94,3.76,3.85,188130,EGCH,Egyptian Chemical Industries (Kima),0.0028
2013-06-25,3.85,4.23,3.85,3.97,173789,EGCH,Egyptian Chemical Industries (Kima),0.0028
2013-06-26,3.97,3.97,3.92,3.93,53269,EGCH,Egyptian Chemical Industries (Kima),0.0028
2013-06-27,3.93,4.09,3.9,3.98,110810,EGCH,Egyptian Chemical Industries (Kima),0.0028
2013-06-30,3.98,4.04,3.86,3.95,89215,EGCH,Egyptian Chemical Industries (Kima),0.0028
2013-07-02,3.95,4.35,3.95,4.33,306689,EGCH,Egyptian Chemical Industries (Kima),0.0028
2013-07-03,4.33,4.64,4.0,4.42,393233,EGCH,Egyptian Chemical Industries (Kima),0.0028
2013-07-04,4.42,4.87,4.42,4.86,19073,EGCH,Egyptian Chemical Industries (Kima),0.0028
2013-07-07,4.86,5.18,4.86,5.09,366752,EGCH,Egyptian Chemical Industries (Kima),0.0028
2013-07-08,5.09,5.09,4.68,4.87,268387,EGCH,Egyptian Chemical Industries (Kima),0.0028
2013-07-09,4.87,5.35,4.87,5.24,148011,EGCH,Egyptian Chemical Industries (Kima),0.0028
2013-07-10,5.24,5.5,5.24,5.41,235384,EGCH,Egyptian Chemical Industries (Kima),0.0028
2013-07-11,5.41,5.46,5.3,5.38,146626,EGCH,Egyptian Chemical Industries (Kima),0.0028
2013-07-14,5.38,5.42,5.26,5.3,118307,EGCH,Egyptian Chemical Industries (Kima),0.0028
2013-07-15,5.3,5.3,5.08,5.2,101240,EGCH,Egyptian Chemical Industries (Kima),0.0028
2013-07-16,5.2,5.4,5.2,5.35,99920,EGCH,Egyptian Chemical Industries (Kima),0.0028
2013-07-17,5.35,5.54,5.28,5.39,139967,EGCH,Egyptian Chemical Industries (Kima),0.0028
2013-07-18,5.39,5.39,5.24,5.34,79394,EGCH,Egyptian Chemical Industries (Kima),0.0028
2013-07-21,5.34,5.6,5.34,5.5,150317,EGCH,Egyptian Chemical Industries (Kima),0.0028
2013-07-22,5.5,5.8,5.5,5.69,507813,EGCH,Egyptian Chemical Industries (Kima),0.0028
2013-07-24,5.69,5.72,5.24,5.48,359571,EGCH,Egyptian Chemical Industries (Kima),0.0028
2013-07-25,5.48,5.48,5.24,5.42,382385,EGCH,Egyptian Chemical Industries (Kima),0.0028
2013-07-28,5.42,5.56,5.41,5.46,178376,EGCH,Egyptian Chemical Industries (Kima),0.0028
2013-07-29,5.46,5.46,5.28,5.37,149364,EGCH,Egyptian Chemical Industries (Kima),0.0028
2013-07-30,5.37,5.4,5.2,5.27,140157,EGCH,Egyptian Chemical Industries (Kima),0.0028
2013-07-31,5.27,5.48,5.21,5.31,182778,EGCH,Egyptian Chemical Industries (Kima),0.0028
2013-08-01,5.31,5.45,5.31,5.4,187445,EGCH,Egyptian Chemical Industries (Kima),0.0028
2013-08-04,5.4,5.6,5.4,5.54,255331,EGCH,Egyptian Chemical Industries (Kima),0.0028
2013-08-05,5.54,5.61,5.51,5.56,123730,EGCH,Egyptian Chemical Industries (Kima),0.0028
2013-08-06,5.56,5.59,5.46,5.54,190452,EGCH,Egyptian Chemical Industries (Kima),0.0028
2013-08-07,5.54,5.8,5.54,5.74,556854,EGCH,Egyptian Chemical Industries (Kima),0.0028
2013-08-12,5.74,5.74,5.57,5.65,171261,EGCH,Egyptian Chemical Industries (Kima),0.0028
2013-08-13,5.65,5.79,5.6,5.68,211707,EGCH,Egyptian Chemical Industries (Kima),0.0028
2013-08-14,5.68,5.68,5.29,5.46,339512,EGCH,Egyptian Chemical Industries (Kima),0.0028
2013-08-18,5.46,5.46,5.09,5.2,190104,EGCH,Egyptian Chemical Industries (Kima),0.0028
2013-08-19,5.2,5.36,5.17,5.27,107895,EGCH,Egyptian Chemical Industries (Kima),0.0028
2013-08-20,5.27,5.45,5.27,5.39,182376,EGCH,Egyptian Chemical Industries (Kima),0.0028
2013-08-21,5.39,5.57,5.24,5.46,247000,EGCH,Egyptian Chemical Industries (Kima),0.0028
2013-08-22,5.46,5.54,5.4,5.48,108817,EGCH,Egyptian Chemical Industries (Kima),0.0028
2013-08-25,5.48,5.61,5.48,5.54,264080,EGCH,Egyptian Chemical Industries (Kima),0.0028
2013-08-26,5.54,5.78,5.54,5.69,598417,EGCH,Egyptian Chemical Industries (Kima),0.0028
2013-08-27,5.69,5.76,5.46,5.54,236688,EGCH,Egyptian Chemical Industries (Kima),0.0028
2013-08-28,5.54,5.54,5.17,5.35,297835,EGCH,Egyptian Chemical Industries (Kima),0.0028
2013-08-29,5.35,5.58,5.35,5.49,335422,EGCH,Egyptian Chemical Industries (Kima),0.0028
2013-09-01,5.49,5.7,5.49,5.65,506843,EGCH,Egyptian Chemical Industries (Kima),0.0028
2013-09-02,5.65,5.69,5.54,5.61,280507,EGCH,Egyptian Chemical Industries (Kima),0.0028
2013-09-03,5.61,5.68,5.46,5.54,269812,EGCH,Egyptian Chemical Industries (Kima),0.0028
2013-09-04,5.54,5.57,5.3,5.47,455714,EGCH,Egyptian Chemical Industries (Kima),0.0028
2013-09-05,5.47,5.75,5.42,5.54,340346,EGCH,Egyptian Chemical Industries (Kima),0.0028
2013-09-08,5.54,5.6,5.46,5.52,178995,EGCH,Egyptian Chemical Industries (Kima),0.0028
2013-09-09,5.52,5.64,5.48,5.58,352464,EGCH,Egyptian Chemical Industries (Kima),0.0028
2013-09-10,5.58,5.84,5.58,5.76,432978,EGCH,Egyptian Chemical Industries (Kima),0.0028
2013-09-11,5.78,5.87,5.67,5.72,276019,EGCH,Egyptian Chemical Industries (Kima),0.0028
2013-09-12,5.72,5.75,5.66,5.7,257586,EGCH,Egyptian Chemical Industries (Kima),0.0028
2013-09-15,5.7,6.2,5.67,5.95,1031234,EGCH,Egyptian Chemical Industries (Kima),0.0028
2013-09-16,5.95,6.3,5.95,6.21,994756,EGCH,Egyptian Chemical Industries (Kima),0.0028
2013-09-17,6.21,6.54,6.15,6.45,1474506,EGCH,Egyptian Chemical Industries (Kima),0.0028
2013-09-18,6.45,6.69,6.38,6.53,1063166,EGCH,Egyptian Chemical Industries (Kima),0.0028
2013-09-19,6.53,6.67,6.38,6.54,1018441,EGCH,Egyptian Chemical Industries (Kima),0.0028
2013-09-22,6.54,6.87,6.54,6.69,763338,EGCH,Egyptian Chemical Industries (Kima),0.0028
2013-09-23,6.69,7.14,6.69,7.04,1781316,EGCH,Egyptian Chemical Industries (Kima),0.0028
2013-09-24,7.04,7.42,7.04,7.29,2006698,EGCH,Egyptian Chemical Industries (Kima),0.0028
2013-09-25,7.29,7.38,7.04,7.17,1060790,EGCH,Egyptian Chemical Industries (Kima),0.0028
2013-09-26,7.17,7.28,7.07,7.17,613493,EGCH,Egyptian Chemical Industries (Kima),0.0028
2013-09-29,7.17,7.17,6.92,7.03,753641,EGCH,Egyptian Chemical Industries (Kima),0.0028
2013-09-30,7.03,7.07,6.92,6.99,300507,EGCH,Egyptian Chemical Industries (Kima),0.0028
2013-10-01,6.99,7.14,6.99,7.09,213216,EGCH,Egyptian Chemical Industries (Kima),0.0028
2013-10-02,7.09,7.11,6.67,7.03,211762,EGCH,Egyptian Chemical Industries (Kima),0.0028
2013-10-03,7.03,7.1,6.95,7.03,200228,EGCH,Egyptian Chemical Industries (Kima),0.0028
2013-10-07,7.03,7.07,6.95,6.99,84310,EGCH,Egyptian Chemical Industries (Kima),0.0028
2013-10-08,6.99,6.99,6.86,6.91,134549,EGCH,Egyptian Chemical Industries (Kima),0.0028
2013-10-09,6.91,7.07,6.91,7.01,331033,EGCH,Egyptian Chemical Industries (Kima),0.0028
2013-10-10,7.01,7.17,6.99,7.09,318687,EGCH,Egyptian Chemical Industries (Kima),0.0028
2013-10-13,7.09,7.23,7.03,7.16,423026,EGCH,Egyptian Chemical Industries (Kima),0.0028
2013-10-20,7.16,7.55,7.16,7.44,1039309,EGCH,Egyptian Chemical Industries (Kima),0.0028
2013-10-21,7.44,7.65,7.43,7.58,804450,EGCH,Egyptian Chemical Industries (Kima),0.0028
2013-10-22,7.58,7.78,7.43,7.58,525577,EGCH,Egyptian Chemical Industries (Kima),0.0028
2013-10-23,7.58,7.62,7.27,7.44,798904,EGCH,Egyptian Chemical Industries (Kima),0.0028
2013-10-24,7.44,7.47,7.32,7.4,286082,EGCH,Egyptian Chemical Industries (Kima),0.0028
2013-10-27,7.4,7.5,7.16,7.32,317227,EGCH,Egyptian Chemical Industries (Kima),0.0028
2013-10-28,7.32,7.32,7.07,7.14,298976,EGCH,Egyptian Chemical Industries (Kima),0.0028
2013-10-29,7.14,7.29,7.11,7.21,256950,EGCH,Egyptian Chemical Industries (Kima),0.0028
2013-10-30,7.21,7.29,7.18,7.24,292376,EGCH,Egyptian Chemical Industries (Kima),0.0028
2013-10-31,7.24,7.44,7.09,7.32,840079,EGCH,Egyptian Chemical Industries (Kima),0.0028
2013-11-03,7.32,7.52,7.24,7.44,421480,EGCH,Egyptian Chemical Industries (Kima),0.0028
2013-11-04,7.44,7.81,7.44,7.67,1277984,EGCH,Egyptian Chemical Industries (Kima),0.0028
2013-11-06,7.67,8.03,7.67,7.89,989835,EGCH,Egyptian Chemical Industries (Kima),0.0028
2013-11-07,7.89,7.92,7.67,7.77,818610,EGCH,Egyptian Chemical Industries (Kima),0.0028
2013-11-10,7.77,7.77,7.55,7.66,286780,EGCH,Egyptian Chemical Industries (Kima),0.0028
2013-11-11,7.66,7.66,7.44,7.55,225017,EGCH,Egyptian Chemical Industries (Kima),0.0028
2013-11-12,7.55,7.7,7.47,7.58,390380,EGCH,Egyptian Chemical Industries (Kima),0.0028
2013-11-13,7.58,7.58,7.38,7.43,186481,EGCH,Egyptian Chemical Industries (Kima),0.0028
2013-11-14,7.43,7.55,7.29,7.42,201356,EGCH,Egyptian Chemical Industries (Kima),0.0028
2013-11-17,7.42,7.55,7.38,7.48,164830,EGCH,Egyptian Chemical Industries (Kima),0.0028
2013-11-18,7.48,7.62,7.47,7.59,202689,EGCH,Egyptian Chemical Industries (Kima),0.0028
2013-11-19,7.59,7.62,7.48,7.53,79802,EGCH,Egyptian Chemical Industries (Kima),0.0028
2013-11-20,7.53,7.72,7.43,7.58,407416,EGCH,Egyptian Chemical Industries (Kima),0.0028
2013-11-21,7.58,7.59,7.43,7.47,56204,EGCH,Egyptian Chemical Industries (Kima),0.0028
2013-11-24,7.47,7.52,7.43,7.48,71452,EGCH,Egyptian Chemical Industries (Kima),0.0028
2013-11-25,7.48,7.51,7.29,7.37,192405,EGCH,Egyptian Chemical Industries (Kima),0.0028
2013-11-26,7.37,7.37,7.17,7.29,171037,EGCH,Egyptian Chemical Industries (Kima),0.0028
2013-11-27,7.29,7.38,7.03,7.14,218526,EGCH,Egyptian Chemical Industries (Kima),0.0028
2013-11-28,7.14,7.32,7.02,7.21,226101,EGCH,Egyptian Chemical Industries (Kima),0.0028
2013-12-01,7.21,7.4,7.21,7.29,32131,EGCH,Egyptian Chemical Industries (Kima),0.0028
2013-12-02,7.29,7.38,7.11,7.2,51360,EGCH,Egyptian Chemical Industries (Kima),0.0028
2013-12-03,7.2,7.23,7.11,7.14,129455,EGCH,Egyptian Chemical Industries (Kima),0.0028
2013-12-04,7.14,7.47,7.14,7.4,413296,EGCH,Egyptian Chemical Industries (Kima),0.0028
2013-12-05,7.4,7.43,7.23,7.35,158906,EGCH,Egyptian Chemical Industries (Kima),0.0028
2013-12-08,7.35,7.47,7.25,7.35,43869,EGCH,Egyptian Chemical Industries (Kima),0.0028
2013-12-09,7.35,7.4,7.07,7.21,86587,EGCH,Egyptian Chemical Industries (Kima),0.0028
2013-12-10,7.21,7.39,7.08,7.25,107838,EGCH,Egyptian Chemical Industries (Kima),0.0028
2013-12-11,7.25,7.32,7.21,7.25,46720,EGCH,Egyptian Chemical Industries (Kima),0.0028
2013-12-12,7.25,7.38,7.23,7.33,273875,EGCH,Egyptian Chemical Industries (Kima),0.0028
2013-12-15,7.33,7.43,7.23,7.32,81146,EGCH,Egyptian Chemical Industries (Kima),0.0028
2013-12-16,7.32,7.32,7.13,7.17,348992,EGCH,Egyptian Chemical Industries (Kima),0.0028
2013-12-17,7.17,7.32,7.17,7.29,85983,EGCH,Egyptian Chemical Industries (Kima),0.0028
2013-12-18,7.29,7.29,7.18,7.24,76889,EGCH,Egyptian Chemical Industries (Kima),0.0028
2013-12-19,7.24,7.91,7.23,7.35,677502,EGCH,Egyptian Chemical Industries (Kima),0.0028
2013-12-22,7.35,7.38,7.21,7.28,123856,EGCH,Egyptian Chemical Industries (Kima),0.0028
2013-12-23,7.28,7.31,7.13,7.24,72246,EGCH,Egyptian Chemical Industries (Kima),0.0028
2013-12-24,7.24,7.29,7.14,7.22,102647,EGCH,Egyptian Chemical Industries (Kima),0.0028
2013-12-25,7.22,7.66,7.22,7.39,587751,EGCH,Egyptian Chemical Industries (Kima),0.0028
2013-12-26,7.39,7.62,7.26,7.44,656991,EGCH,Egyptian Chemical Industries (Kima),0.0028
2013-12-29,7.44,7.51,7.21,7.28,111522,EGCH,Egyptian Chemical Industries (Kima),0.0028
2013-12-30,7.28,7.32,7.21,7.24,128850,EGCH,Egyptian Chemical Industries (Kima),0.0028
2013-12-31,7.24,7.31,7.11,7.17,291354,EGCH,Egyptian Chemical Industries (Kima),0.0028
2014-01-02,7.17,7.42,7.17,7.36,475917,EGCH,Egyptian Chemical Industries (Kima),0.0028
2014-01-05,7.36,7.48,7.29,7.4,400021,EGCH,Egyptian Chemical Industries (Kima),0.0028
2014-01-06,7.4,7.59,7.24,7.35,309912,EGCH,Egyptian Chemical Industries (Kima),0.0028
2014-01-08,7.35,7.43,7.25,7.36,368464,EGCH,Egyptian Chemical Industries (Kima),0.0028
2014-01-09,7.36,7.67,7.36,7.53,881642,EGCH,Egyptian Chemical Industries (Kima),0.0028
2014-01-12,7.53,7.62,7.4,7.51,641906,EGCH,Egyptian Chemical Industries (Kima),0.0028
2014-01-14,7.51,7.58,7.43,7.49,274355,EGCH,Egyptian Chemical Industries (Kima),0.0028
2014-01-15,7.49,7.57,7.32,7.44,395028,EGCH,Egyptian Chemical Industries (Kima),0.0028
2014-01-16,7.44,7.44,7.18,7.27,143212,EGCH,Egyptian Chemical Industries (Kima),0.0028
2014-01-19,7.27,7.27,6.95,7.11,217122,EGCH,Egyptian Chemical Industries (Kima),0.0028
2014-01-20,7.11,7.21,7.06,7.09,218729,EGCH,Egyptian Chemical Industries (Kima),0.0028
2014-01-21,7.09,7.22,7.08,7.13,63437,EGCH,Egyptian Chemical Industries (Kima),0.0028
2014-01-22,7.13,7.23,7.11,7.18,93920,EGCH,Egyptian Chemical Industries (Kima),0.0028
2014-01-23,7.18,7.26,7.17,7.22,170450,EGCH,Egyptian Chemical Industries (Kima),0.0028
2014-01-26,7.22,7.32,7.17,7.25,241091,EGCH,Egyptian Chemical Industries (Kima),0.0028
2014-01-27,7.25,7.33,7.2,7.29,160814,EGCH,Egyptian Chemical Industries (Kima),0.0028
2014-01-28,7.29,7.6,7.26,7.48,491167,EGCH,Egyptian Chemical Industries (Kima),0.0028
2014-01-29,7.48,7.59,7.26,7.44,547851,EGCH,Egyptian Chemical Industries (Kima),0.0028
2014-01-30,7.44,7.48,7.32,7.36,232852,EGCH,Egyptian Chemical Industries (Kima),0.0028
2014-02-02,7.36,7.48,7.29,7.37,245282,EGCH,Egyptian Chemical Industries (Kima),0.0028
2014-02-03,7.37,7.37,7.23,7.28,149390,EGCH,Egyptian Chemical Industries (Kima),0.0028
2014-02-04,7.28,7.35,7.17,7.22,183853,EGCH,Egyptian Chemical Industries (Kima),0.0028
2014-02-05,7.22,7.37,7.17,7.29,106171,EGCH,Egyptian Chemical Industries (Kima),0.0028
2014-02-06,7.29,7.4,7.24,7.31,278099,EGCH,Egyptian Chemical Industries (Kima),0.0028
2014-02-09,7.31,7.58,7.29,7.44,582511,EGCH,Egyptian Chemical Industries (Kima),0.0028
2014-02-10,7.44,7.61,7.4,7.53,745317,EGCH,Egyptian Chemical Industries (Kima),0.0028
2014-02-11,7.53,7.53,7.38,7.43,242439,EGCH,Egyptian Chemical Industries (Kima),0.0028
2014-02-12,7.43,8.18,7.43,7.8,1922952,EGCH,Egyptian Chemical Industries (Kima),0.0028
2014-02-13,7.8,7.92,7.66,7.73,656618,EGCH,Egyptian Chemical Industries (Kima),0.0028
2014-02-16,7.73,7.8,7.58,7.67,1215317,EGCH,Egyptian Chemical Industries (Kima),0.0028
2014-02-17,7.67,7.92,7.67,7.79,572724,EGCH,Egyptian Chemical Industries (Kima),0.0028
2014-02-18,7.79,7.92,7.67,7.78,662806,EGCH,Egyptian Chemical Industries (Kima),0.0028
2014-02-19,7.78,7.8,7.61,7.66,536113,EGCH,Egyptian Chemical Industries (Kima),0.0028
2014-02-20,7.66,7.72,7.55,7.62,362149,EGCH,Egyptian Chemical Industries (Kima),0.0028
2014-02-23,7.62,7.79,7.55,7.66,301946,EGCH,Egyptian Chemical Industries (Kima),0.0028
2014-02-24,7.66,7.74,7.55,7.66,312456,EGCH,Egyptian Chemical Industries (Kima),0.0028
2014-02-25,7.66,7.81,7.55,7.69,414668,EGCH,Egyptian Chemical Industries (Kima),0.0028
2014-02-26,7.69,7.69,7.51,7.62,161012,EGCH,Egyptian Chemical Industries (Kima),0.0028
2014-02-27,7.62,7.85,7.62,7.78,779575,EGCH,Egyptian Chemical Industries (Kima),0.0028
2014-03-02,7.78,7.85,7.55,7.7,625310,EGCH,Egyptian Chemical Industries (Kima),0.0028
2014-03-03,7.7,7.72,7.32,7.48,244259,EGCH,Egyptian Chemical Industries (Kima),0.0028
2014-03-04,7.48,7.59,7.36,7.5,180181,EGCH,Egyptian Chemical Industries (Kima),0.0028
2014-03-05,7.5,7.65,7.5,7.58,368329,EGCH,Egyptian Chemical Industries (Kima),0.0028
2014-03-06,7.58,8.24,6.82,7.61,273895,EGCH,Egyptian Chemical Industries (Kima),0.0028
2014-03-09,7.61,7.61,7.35,7.44,255848,EGCH,Egyptian Chemical Industries (Kima),0.0028
2014-03-10,7.44,7.55,7.37,7.47,146905,EGCH,Egyptian Chemical Industries (Kima),0.0028
2014-03-11,7.47,7.59,7.4,7.47,319640,EGCH,Egyptian Chemical Industries (Kima),0.0028
2014-03-12,7.47,7.57,7.34,7.48,330174,EGCH,Egyptian Chemical Industries (Kima),0.0028
2014-03-13,7.48,7.59,7.47,7.55,349483,EGCH,Egyptian Chemical Industries (Kima),0.0028
2014-03-16,7.55,7.55,7.25,7.35,295180,EGCH,Egyptian Chemical Industries (Kima),0.0028
2014-03-17,7.35,7.37,7.23,7.29,136765,EGCH,Egyptian Chemical Industries (Kima),0.0028
2014-03-18,7.29,7.4,7.26,7.31,137746,EGCH,Egyptian Chemical Industries (Kima),0.0028
2014-03-19,7.31,7.41,7.26,7.29,182409,EGCH,Egyptian Chemical Industries (Kima),0.0028
2014-03-20,7.29,7.39,7.18,7.29,425301,EGCH,Egyptian Chemical Industries (Kima),0.0028
2014-03-23,7.29,7.43,7.24,7.32,205091,EGCH,Egyptian Chemical Industries (Kima),0.0028
2014-03-24,7.32,7.34,7.24,7.29,178291,EGCH,Egyptian Chemical Industries (Kima),0.0028
2014-03-25,7.29,7.51,7.25,7.38,365189,EGCH,Egyptian Chemical Industries (Kima),0.0028
2014-03-26,7.38,7.96,7.17,7.72,2449479,EGCH,Egyptian Chemical Industries (Kima),0.0028
2014-03-27,7.72,7.98,6.95,7.51,663449,EGCH,Egyptian Chemical Industries (Kima),0.0028
2014-03-30,7.51,7.51,6.86,7.11,536409,EGCH,Egyptian Chemical Industries (Kima),0.0028
2014-03-31,7.11,7.78,6.57,6.78,347601,EGCH,Egyptian Chemical Industries (Kima),0.0028
2014-04-01,6.78,7.07,6.57,6.79,181483,EGCH,Egyptian Chemical Industries (Kima),0.0028
2014-04-02,6.79,6.94,6.51,6.69,207476,EGCH,Egyptian Chemical Industries (Kima),0.0028
2014-04-03,6.69,6.69,6.09,6.19,257724,EGCH,Egyptian Chemical Industries (Kima),0.0028
2014-04-06,6.19,6.4,5.62,5.92,247999,EGCH,Egyptian Chemical Industries (Kima),0.0028
2014-04-07,5.92,6.52,5.82,6.27,298403,EGCH,Egyptian Chemical Industries (Kima),0.0028
2014-04-08,6.27,6.66,6.24,6.47,197187,EGCH,Egyptian Chemical Industries (Kima),0.0028
2014-04-09,6.47,6.69,6.24,6.51,229118,EGCH,Egyptian Chemical Industries (Kima),0.0028
2014-04-10,6.51,6.73,6.42,6.63,215486,EGCH,Egyptian Chemical Industries (Kima),0.0028
2014-04-13,6.63,6.72,6.39,6.52,153241,EGCH,Egyptian Chemical Industries (Kima),0.0028
2014-04-14,6.52,6.57,6.35,6.46,133839,EGCH,Egyptian Chemical Industries (Kima),0.0028
2014-04-15,6.46,6.64,6.46,6.56,134942,EGCH,Egyptian Chemical Industries (Kima),0.0028
2014-04-16,6.56,6.73,6.51,6.68,619183,EGCH,Egyptian Chemical Industries (Kima),0.0028
2014-04-17,6.68,6.99,6.66,6.86,671664,EGCH,Egyptian Chemical Industries (Kima),0.0028
2014-04-22,6.86,7.02,6.72,6.84,363547,EGCH,Egyptian Chemical Industries (Kima),0.0028
2014-04-23,6.84,6.84,6.63,6.71,381067,EGCH,Egyptian Chemical Industries (Kima),0.0028
2014-04-27,6.71,6.76,6.54,6.64,480561,EGCH,Egyptian Chemical Industries (Kima),0.0028
2014-04-28,6.64,6.67,6.32,6.47,240149,EGCH,Egyptian Chemical Industries (Kima),0.0028
2014-04-29,6.47,6.47,6.13,6.28,213410,EGCH,Egyptian Chemical Industries (Kima),0.0028
2014-04-30,6.28,6.51,6.28,6.43,103062,EGCH,Egyptian Chemical Industries (Kima),0.0028
2014-05-04,6.43,6.47,6.37,6.41,226011,EGCH,Egyptian Chemical Industries (Kima),0.0028
2014-05-05,6.41,6.42,6.21,6.35,84144,EGCH,Egyptian Chemical Industries (Kima),0.0028
2014-05-06,6.35,6.55,6.35,6.47,99690,EGCH,Egyptian Chemical Industries (Kima),0.0028
2014-05-07,6.47,6.47,6.28,6.36,111981,EGCH,Egyptian Chemical Industries (Kima),0.0028
2014-05-08,6.36,6.36,6.23,6.28,99818,EGCH,Egyptian Chemical Industries (Kima),0.0028
2014-05-11,6.28,6.42,6.28,6.36,109749,EGCH,Egyptian Chemical Industries (Kima),0.0028
2014-05-12,6.36,6.42,6.28,6.33,74489,EGCH,Egyptian Chemical Industries (Kima),0.0028
2014-05-13,6.33,6.5,6.29,6.38,97854,EGCH,Egyptian Chemical Industries (Kima),0.0028
2014-05-14,6.38,6.49,6.35,6.41,177908,EGCH,Egyptian Chemical Industries (Kima),0.0028
2014-05-15,6.41,6.51,6.37,6.42,190501,EGCH,Egyptian Chemical Industries (Kima),0.0028
2014-05-18,6.42,6.84,6.28,6.64,831720,EGCH,Egyptian Chemical Industries (Kima),0.0028
2014-05-19,6.64,6.91,6.64,6.84,592678,EGCH,Egyptian Chemical Industries (Kima),0.0028
2014-05-20,6.84,6.88,6.62,6.78,612118,EGCH,Egyptian Chemical Industries (Kima),0.0028
2014-05-21,6.78,6.78,6.66,6.7,118049,EGCH,Egyptian Chemical Industries (Kima),0.0028
2014-05-22,6.7,6.74,6.67,6.7,192484,EGCH,Egyptian Chemical Industries (Kima),0.0028
2014-05-25,6.7,6.88,6.58,6.77,326972,EGCH,Egyptian Chemical Industries (Kima),0.0028
2014-05-26,6.77,6.91,6.66,6.79,273796,EGCH,Egyptian Chemical Industries (Kima),0.0028
2014-05-28,6.79,6.79,6.52,6.57,285460,EGCH,Egyptian Chemical Industries (Kima),0.0028
2014-05-29,6.57,6.64,5.96,6.26,388041,EGCH,Egyptian Chemical Industries (Kima),0.0028
2014-06-01,6.26,6.26,5.72,5.91,103836,EGCH,Egyptian Chemical Industries (Kima),0.0028
2014-06-02,5.91,6.15,5.8,5.95,65986,EGCH,Egyptian Chemical Industries (Kima),0.0028
2014-06-03,5.95,6.11,5.8,5.87,86886,EGCH,Egyptian Chemical Industries (Kima),0.0028
2014-06-04,5.87,6.27,5.83,6.17,123474,EGCH,Egyptian Chemical Industries (Kima),0.0028
2014-06-05,6.17,6.52,6.17,6.41,160506,EGCH,Egyptian Chemical Industries (Kima),0.0028
2014-06-09,6.41,6.68,6.41,6.54,203914,EGCH,Egyptian Chemical Industries (Kima),0.0028
2014-06-10,6.54,6.54,6.39,6.43,42108,EGCH,Egyptian Chemical Industries (Kima),0.0028
2014-06-11,6.43,6.82,6.43,6.73,456002,EGCH,Egyptian Chemical Industries (Kima),0.0028
2014-06-12,6.73,7.01,6.66,6.81,377329,EGCH,Egyptian Chemical Industries (Kima),0.0028
2014-06-15,6.81,6.83,6.59,6.67,177492,EGCH,Egyptian Chemical Industries (Kima),0.0028
2014-06-16,6.67,6.72,6.29,6.49,377603,EGCH,Egyptian Chemical Industries (Kima),0.0028
2014-06-17,6.49,6.68,6.22,6.36,165613,EGCH,Egyptian Chemical Industries (Kima),0.0028
2014-06-18,6.36,6.51,6.33,6.39,120411,EGCH,Egyptian Chemical Industries (Kima),0.0028
2014-06-19,6.39,6.49,6.24,6.3,162745,EGCH,Egyptian Chemical Industries (Kima),0.0028
2014-06-22,6.3,6.33,6.13,6.27,60615,EGCH,Egyptian Chemical Industries (Kima),0.0028
2014-06-23,6.27,6.39,6.2,6.26,75576,EGCH,Egyptian Chemical Industries (Kima),0.0028
2014-06-24,6.26,6.36,5.8,6.12,304281,EGCH,Egyptian Chemical Industries (Kima),0.0028
2014-06-25,6.12,6.12,5.69,5.87,57318,EGCH,Egyptian Chemical Industries (Kima),0.0028
2014-06-26,5.87,6.2,5.87,6.01,190704,EGCH,Egyptian Chemical Industries (Kima),0.0028
2014-06-29,6.01,6.01,5.6,5.78,377454,EGCH,Egyptian Chemical Industries (Kima),0.0028
2014-06-30,5.78,5.95,5.78,5.87,179842,EGCH,Egyptian Chemical Industries (Kima),0.0028
2014-07-02,5.87,6.06,5.68,5.95,268220,EGCH,Egyptian Chemical Industries (Kima),0.0028
2014-07-03,5.95,6.06,5.91,5.98,209381,EGCH,Egyptian Chemical Industries (Kima),0.0028
2014-07-06,5.98,6.17,5.98,6.06,173166,EGCH,Egyptian Chemical Industries (Kima),0.0028
2014-07-07,6.06,6.06,5.81,5.93,201540,EGCH,Egyptian Chemical Industries (Kima),0.0028
2014-07-08,5.93,6.05,5.93,5.98,202448,EGCH,Egyptian Chemical Industries (Kima),0.0028
2014-07-09,5.98,6.13,5.95,6.05,340184,EGCH,Egyptian Chemical Industries (Kima),0.0028
2014-07-10,6.05,6.32,5.98,6.2,487637,EGCH,Egyptian Chemical Industries (Kima),0.0028
2014-07-13,6.2,6.24,6.06,6.11,87998,EGCH,Egyptian Chemical Industries (Kima),0.0028
2014-07-14,6.11,6.17,6.08,6.13,73536,EGCH,Egyptian Chemical Industries (Kima),0.0028
2014-07-15,6.13,6.22,6.13,6.19,115427,EGCH,Egyptian Chemical Industries (Kima),0.0028
2014-07-16,6.19,6.2,6.1,6.17,182655,EGCH,Egyptian Chemical Industries (Kima),0.0028
2014-07-17,6.17,6.36,6.17,6.26,481617,EGCH,Egyptian Chemical Industries (Kima),0.0028
2014-07-20,6.26,6.27,6.11,6.16,184600,EGCH,Egyptian Chemical Industries (Kima),0.0028
2014-07-21,6.16,6.2,6.11,6.16,103185,EGCH,Egyptian Chemical Industries (Kima),0.0028
2014-07-22,6.16,6.2,6.12,6.15,79892,EGCH,Egyptian Chemical Industries (Kima),0.0028
2014-07-24,6.15,6.25,6.1,6.2,85234,EGCH,Egyptian Chemical Industries (Kima),0.0028
2014-07-27,6.2,6.22,6.17,6.18,59583,EGCH,Egyptian Chemical Industries (Kima),0.0028
2014-07-31,6.18,6.35,6.18,6.27,290135,EGCH,Egyptian Chemical Industries (Kima),0.0028
2014-08-03,6.27,6.27,6.16,6.19,221992,EGCH,Egyptian Chemical Industries (Kima),0.0028
2014-08-04,6.19,6.62,6.19,6.52,815057,EGCH,Egyptian Chemical Industries (Kima),0.0028
2014-08-05,6.52,6.7,6.51,6.59,569670,EGCH,Egyptian Chemical Industries (Kima),0.0028
2014-08-06,6.59,6.62,6.43,6.51,318957,EGCH,Egyptian Chemical Industries (Kima),0.0028
2014-08-07,6.51,6.58,6.43,6.51,477949,EGCH,Egyptian Chemical Industries (Kima),0.0028
2014-08-10,6.51,6.54,6.35,6.47,219023,EGCH,Egyptian Chemical Industries (Kima),0.0028
2014-08-11,6.47,6.78,6.47,6.62,439737,EGCH,Egyptian Chemical Industries (Kima),0.0028
2014-08-12,6.62,6.62,6.47,6.51,198410,EGCH,Egyptian Chemical Industries (Kima),0.0028
2014-08-13,6.51,6.54,6.37,6.45,317317,EGCH,Egyptian Chemical Industries (Kima),0.0028
2014-08-14,6.45,6.51,6.39,6.45,158901,EGCH,Egyptian Chemical Industries (Kima),0.0028
2014-08-17,6.45,6.52,6.36,6.43,295984,EGCH,Egyptian Chemical Industries (Kima),0.0028
2014-08-18,6.43,6.45,6.3,6.36,190969,EGCH,Egyptian Chemical Industries (Kima),0.0028
2014-08-19,6.36,6.49,6.3,6.43,184239,EGCH,Egyptian Chemical Industries (Kima),0.0028
2014-08-20,6.43,6.82,6.43,6.68,992393,EGCH,Egyptian Chemical Industries (Kima),0.0028
2014-08-21,6.68,6.72,6.51,6.62,559934,EGCH,Egyptian Chemical Industries (Kima),0.0028
2014-08-24,6.62,6.67,6.47,6.54,301596,EGCH,Egyptian Chemical Industries (Kima),0.0028
2014-08-25,6.54,6.71,6.42,6.62,449662,EGCH,Egyptian Chemical Industries (Kima),0.0028
2014-08-26,6.62,7.03,6.57,6.88,2550108,EGCH,Egyptian Chemical Industries (Kima),0.0028
2014-08-27,6.88,7.24,6.88,7.11,1381049,EGCH,Egyptian Chemical Industries (Kima),0.0028
2014-08-28,7.11,7.11,6.89,6.99,1109455,EGCH,Egyptian Chemical Industries (Kima),0.0028
2014-08-31,6.99,7.02,6.8,6.9,562175,EGCH,Egyptian Chemical Industries (Kima),0.0028
2014-09-01,6.9,7.03,6.81,6.92,578574,EGCH,Egyptian Chemical Industries (Kima),0.0028
2014-09-02,6.92,7.0,6.82,6.88,346941,EGCH,Egyptian Chemical Industries (Kima),0.0028
2014-09-03,6.88,6.91,6.62,6.73,568757,EGCH,Egyptian Chemical Industries (Kima),0.0028
2014-09-04,6.73,6.8,6.67,6.72,292025,EGCH,Egyptian Chemical Industries (Kima),0.0028
2014-09-07,6.72,6.88,6.7,6.8,432655,EGCH,Egyptian Chemical Industries (Kima),0.0028
2014-09-08,6.8,6.82,6.51,6.63,222837,EGCH,Egyptian Chemical Industries (Kima),0.0028
2014-09-09,6.63,6.63,6.37,6.45,274706,EGCH,Egyptian Chemical Industries (Kima),0.0028
2014-09-10,6.45,6.54,6.1,6.29,351742,EGCH,Egyptian Chemical Industries (Kima),0.0028
2014-09-11,6.29,6.29,5.96,6.13,225738,EGCH,Egyptian Chemical Industries (Kima),0.0028
2014-09-14,6.13,6.32,6.09,6.2,225761,EGCH,Egyptian Chemical Industries (Kima),0.0028
2014-09-15,6.2,6.28,6.15,6.21,139450,EGCH,Egyptian Chemical Industries (Kima),0.0028
2014-09-16,6.21,6.42,6.2,6.27,252617,EGCH,Egyptian Chemical Industries (Kima),0.0028
2014-09-17,6.27,6.27,6.17,6.2,93154,EGCH,Egyptian Chemical Industries (Kima),0.0028
2014-09-18,6.2,6.39,6.2,6.28,302618,EGCH,Egyptian Chemical Industries (Kima),0.0028
2014-09-21,6.28,6.5,6.22,6.38,630639,EGCH,Egyptian Chemical Industries (Kima),0.0028
2014-09-22,6.38,6.39,6.2,6.25,302393,EGCH,Egyptian Chemical Industries (Kima),0.0028
2014-09-23,6.25,6.27,6.17,6.2,260788,EGCH,Egyptian Chemical Industries (Kima),0.0028
2014-09-24,6.2,6.2,6.06,6.12,146995,EGCH,Egyptian Chemical Industries (Kima),0.0028
2014-09-25,6.12,6.17,5.95,6.03,209428,EGCH,Egyptian Chemical Industries (Kima),0.0028
2014-09-28,6.03,6.11,5.96,6.03,118277,EGCH,Egyptian Chemical Industries (Kima),0.0028
2014-09-29,6.03,6.13,5.97,6.03,301722,EGCH,Egyptian Chemical Industries (Kima),0.0028
2014-09-30,6.03,6.17,6.03,6.1,168484,EGCH,Egyptian Chemical Industries (Kima),0.0028
2014-10-01,6.1,6.17,6.05,6.1,61994,EGCH,Egyptian Chemical Industries (Kima),0.0028
2014-10-02,6.1,6.3,6.1,6.24,368965,EGCH,Egyptian Chemical Industries (Kima),0.0028
2014-10-08,6.24,6.38,6.17,6.24,195610,EGCH,Egyptian Chemical Industries (Kima),0.0028
2014-10-09,6.24,6.26,6.17,6.21,169066,EGCH,Egyptian Chemical Industries (Kima),0.0028
2014-10-12,6.21,6.21,5.75,6.0,334279,EGCH,Egyptian Chemical Industries (Kima),0.0028
2014-10-13,6.0,6.0,5.62,5.83,186950,EGCH,Egyptian Chemical Industries (Kima),0.0028
2014-10-14,5.83,5.91,5.28,5.65,312779,EGCH,Egyptian Chemical Industries (Kima),0.0028
2014-10-15,5.65,5.79,5.6,5.69,88910,EGCH,Egyptian Chemical Industries (Kima),0.0028
2014-10-16,5.69,5.69,5.26,5.4,125554,EGCH,Egyptian Chemical Industries (Kima),0.0028
2014-10-19,5.4,5.74,5.29,5.41,211396,EGCH,Egyptian Chemical Industries (Kima),0.0028
2014-10-20,5.41,5.57,5.36,5.48,150768,EGCH,Egyptian Chemical Industries (Kima),0.0028
2014-10-21,5.48,5.61,5.47,5.54,185778,EGCH,Egyptian Chemical Industries (Kima),0.0028
2014-10-22,5.54,5.69,5.54,5.58,112574,EGCH,Egyptian Chemical Industries (Kima),0.0028
2014-10-23,5.58,5.6,5.46,5.5,125891,EGCH,Egyptian Chemical Industries (Kima),0.0028
2014-10-26,5.5,5.6,5.38,5.47,123645,EGCH,Egyptian Chemical Industries (Kima),0.0028
2014-10-27,5.47,5.47,5.27,5.3,85577,EGCH,Egyptian Chemical Industries (Kima),0.0028
2014-10-28,5.3,5.54,5.28,5.42,206725,EGCH,Egyptian Chemical Industries (Kima),0.0028
2014-10-29,5.42,5.54,5.4,5.46,119137,EGCH,Egyptian Chemical Industries (Kima),0.0028
2014-10-30,5.46,5.64,5.46,5.54,246094,EGCH,Egyptian Chemical Industries (Kima),0.0028
2014-11-02,5.54,5.65,5.54,5.59,121288,EGCH,Egyptian Chemical Industries (Kima),0.0028
2014-11-03,5.59,5.65,5.5,5.54,143391,EGCH,Egyptian Chemical Industries (Kima),0.0028
2014-11-04,5.54,5.65,5.5,5.57,188553,EGCH,Egyptian Chemical Industries (Kima),0.0028
2014-11-05,5.57,5.71,5.57,5.66,293607,EGCH,Egyptian Chemical Industries (Kima),0.0028
2014-11-06,5.66,5.79,5.57,5.67,282068,EGCH,Egyptian Chemical Industries (Kima),0.0028
2014-11-09,5.67,5.85,5.6,5.74,289632,EGCH,Egyptian Chemical Industries (Kima),0.0028
2014-11-10,5.74,5.91,5.7,5.83,269285,EGCH,Egyptian Chemical Industries (Kima),0.0028
2014-11-11,5.83,5.98,5.8,5.87,413651,EGCH,Egyptian Chemical Industries (Kima),0.0028
2014-11-12,5.87,6.17,5.82,5.98,795396,EGCH,Egyptian Chemical Industries (Kima),0.0028
2014-11-13,5.98,6.01,5.8,5.91,334506,EGCH,Egyptian Chemical Industries (Kima),0.0028
2014-11-16,5.91,5.95,5.74,5.8,150562,EGCH,Egyptian Chemical Industries (Kima),0.0028
2014-11-17,5.8,5.87,5.67,5.76,118427,EGCH,Egyptian Chemical Industries (Kima),0.0028
2014-11-18,5.76,5.95,5.76,5.82,108741,EGCH,Egyptian Chemical Industries (Kima),0.0028
2014-11-19,5.82,5.87,5.75,5.78,206487,EGCH,Egyptian Chemical Industries (Kima),0.0028
2014-11-20,5.78,5.92,5.71,5.8,213745,EGCH,Egyptian Chemical Industries (Kima),0.0028
2014-11-23,5.8,5.87,5.68,5.72,170915,EGCH,Egyptian Chemical Industries (Kima),0.0028
2014-11-24,5.72,5.75,5.51,5.6,148215,EGCH,Egyptian Chemical Industries (Kima),0.0028
2014-11-25,5.6,5.69,5.47,5.59,170847,EGCH,Egyptian Chemical Industries (Kima),0.0028
2014-11-26,5.59,5.68,5.56,5.6,124547,EGCH,Egyptian Chemical Industries (Kima),0.0028
2014-11-27,5.6,5.72,5.57,5.65,127676,EGCH,Egyptian Chemical Industries (Kima),0.0028
2014-11-30,5.65,5.72,5.6,5.66,79064,EGCH,Egyptian Chemical Industries (Kima),0.0028
2014-12-01,5.66,5.71,5.6,5.61,116399,EGCH,Egyptian Chemical Industries (Kima),0.0028
2014-12-02,5.61,5.61,5.49,5.54,149637,EGCH,Egyptian Chemical Industries (Kima),0.0028
2014-12-03,5.54,5.62,5.49,5.58,78973,EGCH,Egyptian Chemical Industries (Kima),0.0028
2014-12-04,5.58,5.65,5.39,5.47,4690998,EGCH,Egyptian Chemical Industries (Kima),0.0028
2014-12-07,5.47,5.75,5.46,5.51,2799679,EGCH,Egyptian Chemical Industries (Kima),0.0028
2014-12-08,5.51,5.71,5.49,5.6,2762614,EGCH,Egyptian Chemical Industries (Kima),0.0028
2014-12-09,5.6,5.65,5.41,5.54,1448510,EGCH,Egyptian Chemical Industries (Kima),0.0028
2014-12-10,5.54,5.54,5.37,5.42,477488,EGCH,Egyptian Chemical Industries (Kima),0.0028
2014-12-11,5.42,5.42,5.12,5.2,1516029,EGCH,Egyptian Chemical Industries (Kima),0.0028
2014-12-14,5.2,5.2,4.69,4.77,1089903,EGCH,Egyptian Chemical Industries (Kima),0.0028
2014-12-15,4.77,4.81,4.53,4.68,1111002,EGCH,Egyptian Chemical Industries (Kima),0.0028
2014-12-16,4.68,4.68,4.37,4.44,865046,EGCH,Egyptian Chemical Industries (Kima),0.0028
2014-12-17,4.44,4.51,3.99,4.16,1069492,EGCH,Egyptian Chemical Industries (Kima),0.0028
2014-12-18,4.16,4.28,4.09,4.19,805122,EGCH,Egyptian Chemical Industries (Kima),0.0028
2014-12-21,4.19,4.41,4.19,4.32,617905,EGCH,Egyptian Chemical Industries (Kima),0.0028
2014-12-22,4.32,4.39,4.24,4.32,364326,EGCH,Egyptian Chemical Industries (Kima),0.0028
2014-12-23,4.32,4.42,4.27,4.33,322576,EGCH,Egyptian Chemical Industries (Kima),0.0028
2014-12-24,4.33,4.41,4.29,4.34,292833,EGCH,Egyptian Chemical Industries (Kima),0.0028
2014-12-25,4.34,4.39,4.27,4.3,292428,EGCH,Egyptian Chemical Industries (Kima),0.0028
2014-12-28,4.3,4.44,4.27,4.35,333203,EGCH,Egyptian Chemical Industries (Kima),0.0028
2014-12-29,4.35,4.51,4.29,4.43,474974,EGCH,Egyptian Chemical Industries (Kima),0.0028
2014-12-30,4.43,4.48,4.34,4.4,374710,EGCH,Egyptian Chemical Industries (Kima),0.0028
2014-12-31,6.14,6.21,6.01,6.08,290005,EGCH,Egyptian Chemical Industries (Kima),0.0028
2015-01-04,4.35,4.65,4.35,4.54,608744,EGCH,Egyptian Chemical Industries (Kima),0.0028
2015-01-05,4.54,4.69,4.51,4.59,710212,EGCH,Egyptian Chemical Industries (Kima),0.0028
2015-01-06,4.59,4.59,4.32,4.43,472728,EGCH,Egyptian Chemical Industries (Kima),0.0028
2015-01-08,4.43,4.57,4.43,4.51,280266,EGCH,Egyptian Chemical Industries (Kima),0.0028
2015-01-11,4.51,4.54,4.4,4.43,162171,EGCH,Egyptian Chemical Industries (Kima),0.0028
2015-01-12,4.43,4.54,4.38,4.49,159241,EGCH,Egyptian Chemical Industries (Kima),0.0028
2015-01-13,4.49,4.58,4.43,4.53,448181,EGCH,Egyptian Chemical Industries (Kima),0.0028
2015-01-14,4.53,4.68,4.51,4.6,680967,EGCH,Egyptian Chemical Industries (Kima),0.0028
2015-01-15,4.6,4.6,4.45,4.5,319434,EGCH,Egyptian Chemical Industries (Kima),0.0028
2015-01-18,4.5,4.54,4.46,4.5,227797,EGCH,Egyptian Chemical Industries (Kima),0.0028
2015-01-19,4.5,4.51,4.43,4.49,166700,EGCH,Egyptian Chemical Industries (Kima),0.0028
2015-01-20,4.49,4.57,4.46,4.53,429973,EGCH,Egyptian Chemical Industries (Kima),0.0028
2015-01-21,4.53,4.54,4.49,4.51,310951,EGCH,Egyptian Chemical Industries (Kima),0.0028
2015-01-22,4.51,4.64,4.49,4.55,1096279,EGCH,Egyptian Chemical Industries (Kima),0.0028
2015-01-26,4.55,4.55,4.48,4.5,252184,EGCH,Egyptian Chemical Industries (Kima),0.0028
2015-01-27,4.5,4.64,4.5,4.54,1087945,EGCH,Egyptian Chemical Industries (Kima),0.0028
2015-01-28,4.54,4.58,4.5,4.53,446504,EGCH,Egyptian Chemical Industries (Kima),0.0028
2015-01-29,4.53,4.54,4.47,4.49,449748,EGCH,Egyptian Chemical Industries (Kima),0.0028
2015-02-01,4.49,4.5,4.41,4.48,310207,EGCH,Egyptian Chemical Industries (Kima),0.0028
2015-02-02,4.48,4.61,4.45,4.53,573170,EGCH,Egyptian Chemical Industries (Kima),0.0028
2015-02-03,4.53,4.7,4.53,4.66,1234046,EGCH,Egyptian Chemical Industries (Kima),0.0028
2015-02-04,4.66,4.79,4.66,4.74,900422,EGCH,Egyptian Chemical Industries (Kima),0.0028
2015-02-05,4.74,4.75,4.66,4.69,328097,EGCH,Egyptian Chemical Industries (Kima),0.0028
2015-02-08,4.69,4.86,4.69,4.77,576939,EGCH,Egyptian Chemical Industries (Kima),0.0028
2015-02-09,4.77,4.77,4.66,4.69,356245,EGCH,Egyptian Chemical Industries (Kima),0.0028
2015-02-10,4.69,4.75,4.6,4.65,270097,EGCH,Egyptian Chemical Industries (Kima),0.0028
2015-02-11,4.65,4.66,4.5,4.54,394903,EGCH,Egyptian Chemical Industries (Kima),0.0028
2015-02-12,4.54,4.59,4.5,4.54,257366,EGCH,Egyptian Chemical Industries (Kima),0.0028
2015-02-15,4.54,4.63,4.54,4.55,181907,EGCH,Egyptian Chemical Industries (Kima),0.0028
2015-02-16,4.55,4.64,4.39,4.5,257156,EGCH,Egyptian Chemical Industries (Kima),0.0028
2015-02-17,4.5,4.5,4.2,4.28,565338,EGCH,Egyptian Chemical Industries (Kima),0.0028
2015-02-18,4.28,4.38,4.24,4.28,595856,EGCH,Egyptian Chemical Industries (Kima),0.0028
2015-02-19,4.28,4.37,4.24,4.29,311132,EGCH,Egyptian Chemical Industries (Kima),0.0028
2015-02-22,4.29,4.29,4.2,4.24,321259,EGCH,Egyptian Chemical Industries (Kima),0.0028
2015-02-23,4.24,4.29,4.06,4.19,430647,EGCH,Egyptian Chemical Industries (Kima),0.0028
2015-02-24,4.19,4.2,4.1,4.16,429451,EGCH,Egyptian Chemical Industries (Kima),0.0028
2015-02-25,4.16,4.18,4.05,4.09,246656,EGCH,Egyptian Chemical Industries (Kima),0.0028
2015-02-26,4.09,4.09,3.99,4.04,247511,EGCH,Egyptian Chemical Industries (Kima),0.0028
2015-03-01,4.04,4.12,3.99,4.07,165575,EGCH,Egyptian Chemical Industries (Kima),0.0028
2015-03-02,4.07,4.16,4.07,4.12,305259,EGCH,Egyptian Chemical Industries (Kima),0.0028
2015-03-03,4.12,4.17,4.06,4.12,173836,EGCH,Egyptian Chemical Industries (Kima),0.0028
2015-03-04,4.12,4.19,4.07,4.16,329515,EGCH,Egyptian Chemical Industries (Kima),0.0028
2015-03-05,4.16,4.24,4.14,4.18,649884,EGCH,Egyptian Chemical Industries (Kima),0.0028
2015-03-08,4.18,4.24,4.16,4.2,325669,EGCH,Egyptian Chemical Industries (Kima),0.0028
2015-03-09,4.2,4.2,4.17,4.19,165341,EGCH,Egyptian Chemical Industries (Kima),0.0028
2015-03-10,4.19,4.24,4.07,4.17,394288,EGCH,Egyptian Chemical Industries (Kima),0.0028
2015-03-11,4.17,4.17,3.99,4.05,418236,EGCH,Egyptian Chemical Industries (Kima),0.0028
2015-03-12,4.05,4.12,4.0,4.05,304201,EGCH,Egyptian Chemical Industries (Kima),0.0028
2015-03-15,4.05,4.09,4.03,4.06,144567,EGCH,Egyptian Chemical Industries (Kima),0.0028
2015-03-16,4.06,4.06,3.92,3.99,208731,EGCH,Egyptian Chemical Industries (Kima),0.0028
2015-03-17,3.99,4.05,3.92,3.97,121403,EGCH,Egyptian Chemical Industries (Kima),0.0028
2015-03-18,3.97,3.97,3.86,3.88,308190,EGCH,Egyptian Chemical Industries (Kima),0.0028
2015-03-19,3.88,3.93,3.82,3.87,276717,EGCH,Egyptian Chemical Industries (Kima),0.0028
2015-03-22,3.87,3.87,3.75,3.78,242276,EGCH,Egyptian Chemical Industries (Kima),0.0028
2015-03-23,3.78,3.84,3.72,3.78,138690,EGCH,Egyptian Chemical Industries (Kima),0.0028
2015-03-24,3.78,3.83,3.7,3.76,158857,EGCH,Egyptian Chemical Industries (Kima),0.0028
2015-03-25,3.76,3.76,3.56,3.64,221415,EGCH,Egyptian Chemical Industries (Kima),0.0028
2015-03-26,3.64,3.64,3.45,3.52,255756,EGCH,Egyptian Chemical Industries (Kima),0.0028
2015-03-29,3.52,3.64,3.52,3.59,265383,EGCH,Egyptian Chemical Industries (Kima),0.0028
2015-03-30,3.59,3.77,3.58,3.69,320245,EGCH,Egyptian Chemical Industries (Kima),0.0028
2015-03-31,3.69,3.78,3.68,3.73,179856,EGCH,Egyptian Chemical Industries (Kima),0.0028
2015-04-01,3.73,3.75,3.64,3.67,259823,EGCH,Egyptian Chemical Industries (Kima),0.0028
2015-04-02,3.67,3.7,3.53,3.62,227927,EGCH,Egyptian Chemical Industries (Kima),0.0028
2015-04-05,3.62,3.62,3.44,3.52,196631,EGCH,Egyptian Chemical Industries (Kima),0.0028
2015-04-06,3.52,3.54,3.35,3.48,260582,EGCH,Egyptian Chemical Industries (Kima),0.0028
2015-04-07,3.48,3.61,3.48,3.58,224187,EGCH,Egyptian Chemical Industries (Kima),0.0028
2015-04-08,3.58,3.66,3.47,3.6,221208,EGCH,Egyptian Chemical Industries (Kima),0.0028
2015-04-09,3.6,3.6,3.54,3.56,41624,EGCH,Egyptian Chemical Industries (Kima),0.0028
2015-04-14,3.56,3.59,3.47,3.52,278348,EGCH,Egyptian Chemical Industries (Kima),0.0028
2015-04-15,3.52,3.59,3.28,3.38,462392,EGCH,Egyptian Chemical Industries (Kima),0.0028
2015-04-16,3.38,3.43,3.3,3.38,100928,EGCH,Egyptian Chemical Industries (Kima),0.0028
2015-04-19,3.38,3.52,3.36,3.43,230901,EGCH,Egyptian Chemical Industries (Kima),0.0028
2015-04-20,3.43,3.43,3.34,3.36,97715,EGCH,Egyptian Chemical Industries (Kima),0.0028
2015-04-21,3.36,3.41,3.31,3.34,105506,EGCH,Egyptian Chemical Industries (Kima),0.0028
2015-04-22,3.34,3.43,3.32,3.37,212355,EGCH,Egyptian Chemical Industries (Kima),0.0028
2015-04-23,3.37,3.39,3.34,3.37,63942,EGCH,Egyptian Chemical Industries (Kima),0.0028
2015-04-26,3.37,3.37,3.28,3.31,107837,EGCH,Egyptian Chemical Industries (Kima),0.0028
2015-04-27,3.31,3.34,3.18,3.26,138472,EGCH,Egyptian Chemical Industries (Kima),0.0028
2015-04-28,3.26,3.26,3.11,3.15,244179,EGCH,Egyptian Chemical Industries (Kima),0.0028
2015-04-29,3.15,3.29,3.11,3.2,469629,EGCH,Egyptian Chemical Industries (Kima),0.0028
2015-04-30,3.2,3.3,3.2,3.26,243024,EGCH,Egyptian Chemical Industries (Kima),0.0028
2015-05-03,3.26,3.41,3.16,3.31,961837,EGCH,Egyptian Chemical Industries (Kima),0.0028
2015-05-04,3.31,3.43,3.29,3.34,532041,EGCH,Egyptian Chemical Industries (Kima),0.0028
2015-05-05,3.34,3.38,3.32,3.35,305851,EGCH,Egyptian Chemical Industries (Kima),0.0028
2015-05-06,3.35,3.38,3.28,3.3,221181,EGCH,Egyptian Chemical Industries (Kima),0.0028
2015-05-07,3.3,3.34,3.2,3.25,290526,EGCH,Egyptian Chemical Industries (Kima),0.0028
2015-05-10,3.25,3.26,3.15,3.18,649296,EGCH,Egyptian Chemical Industries (Kima),0.0028
2015-05-11,3.18,3.25,3.11,3.17,492118,EGCH,Egyptian Chemical Industries (Kima),0.0028
2015-05-12,3.17,3.19,3.11,3.13,547852,EGCH,Egyptian Chemical Industries (Kima),0.0028
2015-05-13,3.13,3.15,2.98,3.05,488815,EGCH,Egyptian Chemical Industries (Kima),0.0028
2015-05-14,3.05,3.05,2.8,2.89,437934,EGCH,Egyptian Chemical Industries (Kima),0.0028
2015-05-17,2.89,2.91,2.76,2.81,201069,EGCH,Egyptian Chemical Industries (Kima),0.0028
2015-05-18,2.81,3.09,2.8,3.05,212619,EGCH,Egyptian Chemical Industries (Kima),0.0028
2015-05-19,3.05,3.23,3.02,3.13,752764,EGCH,Egyptian Chemical Industries (Kima),0.0028
2015-05-20,3.13,3.37,3.07,3.26,2228492,EGCH,Egyptian Chemical Industries (Kima),0.0028
2015-05-21,3.26,3.51,3.26,3.37,1286152,EGCH,Egyptian Chemical Industries (Kima),0.0028
2015-05-24,3.37,3.59,3.37,3.52,1619197,EGCH,Egyptian Chemical Industries (Kima),0.0028
2015-05-25,3.52,3.59,3.47,3.52,1184450,EGCH,Egyptian Chemical Industries (Kima),0.0028
2015-05-26,3.52,3.56,3.47,3.52,684339,EGCH,Egyptian Chemical Industries (Kima),0.0028
2015-05-27,3.52,3.52,3.38,3.45,766756,EGCH,Egyptian Chemical Industries (Kima),0.0028
2015-05-28,3.45,3.47,3.3,3.37,384178,EGCH,Egyptian Chemical Industries (Kima),0.0028
2015-05-31,3.37,3.37,3.23,3.28,353159,EGCH,Egyptian Chemical Industries (Kima),0.0028
2015-06-01,3.28,3.41,3.25,3.31,675809,EGCH,Egyptian Chemical Industries (Kima),0.0028
2015-06-02,3.31,3.38,3.27,3.33,343422,EGCH,Egyptian Chemical Industries (Kima),0.0028
2015-06-03,3.33,3.36,3.26,3.28,255390,EGCH,Egyptian Chemical Industries (Kima),0.0028
2015-06-04,3.28,3.28,3.19,3.23,208322,EGCH,Egyptian Chemical Industries (Kima),0.0028
2015-06-07,3.23,3.27,3.19,3.22,251927,EGCH,Egyptian Chemical Industries (Kima),0.0028
2015-06-08,3.22,3.22,3.05,3.13,458401,EGCH,Egyptian Chemical Industries (Kima),0.0028
2015-06-09,3.13,3.18,3.04,3.11,207921,EGCH,Egyptian Chemical Industries (Kima),0.0028
2015-06-10,3.11,3.21,3.04,3.08,767286,EGCH,Egyptian Chemical Industries (Kima),0.0028
2015-06-11,3.08,3.17,3.04,3.09,413985,EGCH,Egyptian Chemical Industries (Kima),0.0028
2015-06-14,3.09,3.09,3.02,3.05,265328,EGCH,Egyptian Chemical Industries (Kima),0.0028
2015-06-15,3.05,3.09,3.02,3.04,156279,EGCH,Egyptian Chemical Industries (Kima),0.0028
2015-06-16,3.04,3.13,3.04,3.09,440818,EGCH,Egyptian Chemical Industries (Kima),0.0028
2015-06-17,3.09,3.22,3.08,3.18,746278,EGCH,Egyptian Chemical Industries (Kima),0.0028
2015-06-18,3.18,3.19,3.12,3.15,334445,EGCH,Egyptian Chemical Industries (Kima),0.0028
2015-06-21,3.15,3.16,3.07,3.13,211890,EGCH,Egyptian Chemical Industries (Kima),0.0028
2015-06-22,3.13,3.13,3.04,3.05,240485,EGCH,Egyptian Chemical Industries (Kima),0.0028
2015-06-23,3.05,3.06,3.01,3.04,73502,EGCH,Egyptian Chemical Industries (Kima),0.0028
2015-06-24,3.04,3.08,2.96,3.01,225041,EGCH,Egyptian Chemical Industries (Kima),0.0028
2015-06-25,3.01,3.07,2.96,3.04,129749,EGCH,Egyptian Chemical Industries (Kima),0.0028
2015-06-28,3.04,3.12,3.04,3.09,212491,EGCH,Egyptian Chemical Industries (Kima),0.0028
2015-06-29,3.09,3.09,2.97,3.04,278833,EGCH,Egyptian Chemical Industries (Kima),0.0028
2015-07-02,3.04,3.07,2.97,3.04,204765,EGCH,Egyptian Chemical Industries (Kima),0.0028
2015-07-05,3.04,3.05,2.77,2.95,454991,EGCH,Egyptian Chemical Industries (Kima),0.0028
2015-07-06,2.95,2.95,2.76,2.81,205667,EGCH,Egyptian Chemical Industries (Kima),0.0028
2015-07-07,2.81,2.81,2.73,2.74,260968,EGCH,Egyptian Chemical Industries (Kima),0.0028
2015-07-08,2.74,2.8,2.65,2.72,315056,EGCH,Egyptian Chemical Industries (Kima),0.0028
2015-07-09,2.72,2.76,2.66,2.74,115713,EGCH,Egyptian Chemical Industries (Kima),0.0028
2015-07-12,2.74,2.81,2.71,2.76,347699,EGCH,Egyptian Chemical Industries (Kima),0.0028
2015-07-13,2.76,2.76,2.67,2.71,150288,EGCH,Egyptian Chemical Industries (Kima),0.0028
2015-07-14,2.71,2.78,2.68,2.75,131229,EGCH,Egyptian Chemical Industries (Kima),0.0028
2015-07-15,2.75,2.85,2.75,2.81,165681,EGCH,Egyptian Chemical Industries (Kima),0.0028
2015-07-16,2.81,2.87,2.81,2.85,208734,EGCH,Egyptian Chemical Industries (Kima),0.0028
2015-07-21,2.85,2.88,2.78,2.85,395335,EGCH,Egyptian Chemical Industries (Kima),0.0028
2015-07-22,2.85,2.93,2.83,2.88,265830,EGCH,Egyptian Chemical Industries (Kima),0.0028
2015-07-26,2.88,3.04,2.85,2.95,794513,EGCH,Egyptian Chemical Industries (Kima),0.0028
2015-07-27,2.95,3.02,2.89,2.93,297333,EGCH,Egyptian Chemical Industries (Kima),0.0028
2015-07-28,2.93,3.04,2.9,2.99,332218,EGCH,Egyptian Chemical Industries (Kima),0.0028
2015-07-29,2.99,3.05,2.98,3.04,219593,EGCH,Egyptian Chemical Industries (Kima),0.0028
2015-07-30,3.04,3.08,3.0,3.05,686854,EGCH,Egyptian Chemical Industries (Kima),0.0028
2015-08-02,3.05,3.19,3.05,3.11,640943,EGCH,Egyptian Chemical Industries (Kima),0.0028
2015-08-03,3.11,3.11,3.04,3.06,252285,EGCH,Egyptian Chemical Industries (Kima),0.0028
2015-08-04,3.06,3.11,3.05,3.08,153618,EGCH,Egyptian Chemical Industries (Kima),0.0028
2015-08-05,3.08,3.11,3.0,3.04,237028,EGCH,Egyptian Chemical Industries (Kima),0.0028
2015-08-09,3.04,3.04,2.93,2.96,132999,EGCH,Egyptian Chemical Industries (Kima),0.0028
2015-08-10,2.96,3.05,2.93,2.99,86839,EGCH,Egyptian Chemical Industries (Kima),0.0028
2015-08-11,2.99,3.05,2.96,2.99,149235,EGCH,Egyptian Chemical Industries (Kima),0.0028
2015-08-12,2.99,2.99,2.87,2.93,66046,EGCH,Egyptian Chemical Industries (Kima),0.0028
2015-08-13,2.93,3.0,2.86,2.93,118243,EGCH,Egyptian Chemical Industries (Kima),0.0028
2015-08-16,2.93,2.95,2.77,2.83,151972,EGCH,Egyptian Chemical Industries (Kima),0.0028
2015-08-17,2.83,2.86,2.75,2.84,99067,EGCH,Egyptian Chemical Industries (Kima),0.0028
2015-08-18,2.84,2.86,2.67,2.75,235406,EGCH,Egyptian Chemical Industries (Kima),0.0028
2015-08-19,2.75,2.75,2.64,2.68,164399,EGCH,Egyptian Chemical Industries (Kima),0.0028
2015-08-20,2.68,2.68,2.6,2.65,198483,EGCH,Egyptian Chemical Industries (Kima),0.0028
2015-08-23,2.65,2.65,2.42,2.49,152492,EGCH,Egyptian Chemical Industries (Kima),0.0028
2015-08-24,2.49,2.49,2.24,2.29,419970,EGCH,Egyptian Chemical Industries (Kima),0.0028
2015-08-25,2.29,2.4,2.27,2.34,310204,EGCH,Egyptian Chemical Industries (Kima),0.0028
2015-08-26,2.34,2.4,2.3,2.34,148489,EGCH,Egyptian Chemical Industries (Kima),0.0028
2015-08-27,2.34,2.45,2.34,2.43,366896,EGCH,Egyptian Chemical Industries (Kima),0.0028
2015-08-30,2.43,2.49,2.33,2.41,184080,EGCH,Egyptian Chemical Industries (Kima),0.0028
2015-08-31,2.41,2.55,2.33,2.49,585227,EGCH,Egyptian Chemical Industries (Kima),0.0028
2015-09-01,2.49,2.61,2.44,2.53,1297451,EGCH,Egyptian Chemical Industries (Kima),0.0028
2015-09-02,2.53,2.55,2.5,2.53,434071,EGCH,Egyptian Chemical Industries (Kima),0.0028
2015-09-03,2.53,2.6,2.52,2.55,442489,EGCH,Egyptian Chemical Industries (Kima),0.0028
2015-09-06,2.55,2.55,2.5,2.52,150993,EGCH,Egyptian Chemical Industries (Kima),0.0028
2015-09-07,2.52,2.52,2.4,2.46,131497,EGCH,Egyptian Chemical Industries (Kima),0.0028
2015-09-08,2.46,2.47,2.25,2.33,459514,EGCH,Egyptian Chemical Industries (Kima),0.0028
2015-09-09,2.33,2.43,2.33,2.37,223336,EGCH,Egyptian Chemical Industries (Kima),0.0028
2015-09-10,2.37,2.43,2.3,2.37,366411,EGCH,Egyptian Chemical Industries (Kima),0.0028
2015-09-13,2.37,2.42,2.37,2.4,105540,EGCH,Egyptian Chemical Industries (Kima),0.0028
2015-09-14,2.4,2.43,2.37,2.41,133078,EGCH,Egyptian Chemical Industries (Kima),0.0028
2015-09-15,2.41,2.51,2.37,2.44,733793,EGCH,Egyptian Chemical Industries (Kima),0.0028
2015-09-16,2.44,2.46,2.4,2.43,176201,EGCH,Egyptian Chemical Industries (Kima),0.0028
2015-09-17,2.43,2.44,2.39,2.4,181474,EGCH,Egyptian Chemical Industries (Kima),0.0028
2015-09-20,2.4,2.52,2.35,2.44,486393,EGCH,Egyptian Chemical Industries (Kima),0.0028
2015-09-21,2.44,2.47,2.42,2.44,213288,EGCH,Egyptian Chemical Industries (Kima),0.0028
2015-09-22,2.44,2.52,2.43,2.48,170946,EGCH,Egyptian Chemical Industries (Kima),0.0028
2015-09-28,2.48,2.49,2.42,2.44,47525,EGCH,Egyptian Chemical Industries (Kima),0.0028
2015-09-29,2.44,2.44,2.39,2.4,161893,EGCH,Egyptian Chemical Industries (Kima),0.0028
2015-09-30,2.4,2.44,2.4,2.42,132720,EGCH,Egyptian Chemical Industries (Kima),0.0028
2015-10-01,2.42,2.43,2.4,2.42,132143,EGCH,Egyptian Chemical Industries (Kima),0.0028
2015-10-04,2.42,2.44,2.4,2.41,65536,EGCH,Egyptian Chemical Industries (Kima),0.0028
2015-10-05,2.41,2.43,2.37,2.4,106072,EGCH,Egyptian Chemical Industries (Kima),0.0028
2015-10-07,2.4,2.44,2.4,2.44,97776,EGCH,Egyptian Chemical Industries (Kima),0.0028
2015-10-08,2.44,2.48,2.43,2.46,287578,EGCH,Egyptian Chemical Industries (Kima),0.0028
2015-10-11,2.46,2.52,2.44,2.48,316976,EGCH,Egyptian Chemical Industries (Kima),0.0028
2015-10-12,2.48,2.54,2.48,2.52,301582,EGCH,Egyptian Chemical Industries (Kima),0.0028
2015-10-13,2.52,2.74,2.5,2.63,2699955,EGCH,Egyptian Chemical Industries (Kima),0.0028
2015-10-15,2.63,2.77,2.62,2.71,920205,EGCH,Egyptian Chemical Industries (Kima),0.0028
2015-10-18,2.71,2.71,2.61,2.64,173072,EGCH,Egyptian Chemical Industries (Kima),0.0028
2015-10-19,2.64,2.75,2.64,2.71,354912,EGCH,Egyptian Chemical Industries (Kima),0.0028
2015-10-20,2.71,2.74,2.65,2.68,405947,EGCH,Egyptian Chemical Industries (Kima),0.0028
2015-10-21,2.68,2.78,2.65,2.74,682414,EGCH,Egyptian Chemical Industries (Kima),0.0028
2015-10-22,2.74,2.74,2.65,2.67,315945,EGCH,Egyptian Chemical Industries (Kima),0.0028
2015-10-25,2.67,2.7,2.61,2.66,266320,EGCH,Egyptian Chemical Industries (Kima),0.0028
2015-10-26,2.66,2.67,2.55,2.59,281791,EGCH,Egyptian Chemical Industries (Kima),0.0028
2015-10-27,2.59,2.62,2.55,2.55,226119,EGCH,Egyptian Chemical Industries (Kima),0.0028
2015-10-28,2.55,2.63,2.53,2.56,417408,EGCH,Egyptian Chemical Industries (Kima),0.0028
2015-10-29,2.56,2.68,2.55,2.61,373941,EGCH,Egyptian Chemical Industries (Kima),0.0028
2015-11-01,2.61,2.61,2.44,2.49,298925,EGCH,Egyptian Chemical Industries (Kima),0.0028
2015-11-02,2.49,2.52,2.46,2.5,199991,EGCH,Egyptian Chemical Industries (Kima),0.0028
2015-11-03,2.5,2.55,2.43,2.49,244315,EGCH,Egyptian Chemical Industries (Kima),0.0028
2015-11-04,2.49,2.55,2.47,2.51,160995,EGCH,Egyptian Chemical Industries (Kima),0.0028
2015-11-05,2.51,2.55,2.51,2.53,272496,EGCH,Egyptian Chemical Industries (Kima),0.0028
2015-11-08,2.53,2.53,2.37,2.42,269448,EGCH,Egyptian Chemical Industries (Kima),0.0028
2015-11-09,2.42,2.43,2.31,2.37,234714,EGCH,Egyptian Chemical Industries (Kima),0.0028
2015-11-10,2.37,2.39,2.24,2.29,220104,EGCH,Egyptian Chemical Industries (Kima),0.0028
2015-11-11,2.29,2.3,2.18,2.25,185581,EGCH,Egyptian Chemical Industries (Kima),0.0028
2015-11-12,2.25,2.33,2.25,2.3,95353,EGCH,Egyptian Chemical Industries (Kima),0.0028
2015-11-15,2.3,2.3,2.18,2.2,327307,EGCH,Egyptian Chemical Industries (Kima),0.0028
2015-11-16,2.2,2.3,2.18,2.23,461364,EGCH,Egyptian Chemical Industries (Kima),0.0028
2015-11-17,2.23,2.33,2.14,2.23,408466,EGCH,Egyptian Chemical Industries (Kima),0.0028
2015-11-18,2.23,2.26,2.18,2.23,235596,EGCH,Egyptian Chemical Industries (Kima),0.0028
2015-11-19,2.23,2.4,2.23,2.33,704281,EGCH,Egyptian Chemical Industries (Kima),0.0028
2015-11-22,2.33,2.48,2.33,2.44,986096,EGCH,Egyptian Chemical Industries (Kima),0.0028
2015-11-23,2.44,2.46,2.33,2.39,827871,EGCH,Egyptian Chemical Industries (Kima),0.0028
2015-11-24,2.39,2.39,2.28,2.31,259565,EGCH,Egyptian Chemical Industries (Kima),0.0028
2015-11-25,2.31,2.39,2.28,2.32,480860,EGCH,Egyptian Chemical Industries (Kima),0.0028
2015-11-26,2.32,2.39,2.3,2.32,277240,EGCH,Egyptian Chemical Industries (Kima),0.0028
2015-11-29,2.32,2.32,2.24,2.27,423139,EGCH,Egyptian Chemical Industries (Kima),0.0028
2015-11-30,2.27,2.28,2.18,2.21,284129,EGCH,Egyptian Chemical Industries (Kima),0.0028
2015-12-01,2.21,2.28,2.21,2.25,244006,EGCH,Egyptian Chemical Industries (Kima),0.0028
2015-12-02,2.25,2.34,2.25,2.3,438444,EGCH,Egyptian Chemical Industries (Kima),0.0028
2015-12-03,2.3,2.42,2.3,2.35,673261,EGCH,Egyptian Chemical Industries (Kima),0.0028
2015-12-06,2.35,2.45,2.3,2.39,1314008,EGCH,Egyptian Chemical Industries (Kima),0.0028
2015-12-07,2.39,2.45,2.31,2.4,841476,EGCH,Egyptian Chemical Industries (Kima),0.0028
2015-12-08,2.4,2.4,2.28,2.3,356848,EGCH,Egyptian Chemical Industries (Kima),0.0028
2015-12-09,2.3,2.33,2.26,2.3,445533,EGCH,Egyptian Chemical Industries (Kima),0.0028
2015-12-10,2.3,2.3,2.24,2.26,261170,EGCH,Egyptian Chemical Industries (Kima),0.0028
2015-12-13,2.26,2.26,2.11,2.16,620351,EGCH,Egyptian Chemical Industries (Kima),0.0028
2015-12-14,2.16,2.2,2.13,2.18,294846,EGCH,Egyptian Chemical Industries (Kima),0.0028
2015-12-15,2.18,2.2,2.18,2.18,196014,EGCH,Egyptian Chemical Industries (Kima),0.0028
2015-12-16,2.18,2.22,2.18,2.21,288106,EGCH,Egyptian Chemical Industries (Kima),0.0028
2015-12-17,2.21,2.29,2.21,2.26,735855,EGCH,Egyptian Chemical Industries (Kima),0.0028
2015-12-20,2.26,2.29,2.23,2.26,322107,EGCH,Egyptian Chemical Industries (Kima),0.0028
2015-12-21,2.26,2.34,2.22,2.3,733325,EGCH,Egyptian Chemical Industries (Kima),0.0028
2015-12-22,2.3,2.31,2.26,2.28,830751,EGCH,Egyptian Chemical Industries (Kima),0.0028
2015-12-24,2.28,2.37,2.28,2.32,1173284,EGCH,Egyptian Chemical Industries (Kima),0.0028
2015-12-27,2.32,2.35,2.28,2.32,640435,EGCH,Egyptian Chemical Industries (Kima),0.0028
2015-12-28,2.32,2.35,2.3,2.32,360775,EGCH,Egyptian Chemical Industries (Kima),0.0028
2015-12-29,2.32,2.42,2.3,2.39,1570238,EGCH,Egyptian Chemical Industries (Kima),0.0028
2015-12-30,2.39,2.45,2.39,2.43,1202980,EGCH,Egyptian Chemical Industries (Kima),0.0028
2015-12-31,2.43,2.44,2.35,2.4,468201,EGCH,Egyptian Chemical Industries (Kima),0.0028
2016-01-03,2.4,2.63,2.37,2.54,3389965,EGCH,Egyptian Chemical Industries (Kima),0.0028
2016-01-04,2.54,2.68,2.51,2.62,3394972,EGCH,Egyptian Chemical Industries (Kima),0.0028
2016-01-05,2.62,2.85,2.59,2.75,4195372,EGCH,Egyptian Chemical Industries (Kima),0.0028
2016-01-06,2.75,2.93,2.74,2.81,2511560,EGCH,Egyptian Chemical Industries (Kima),0.0028
2016-01-10,2.81,2.81,2.59,2.7,2249442,EGCH,Egyptian Chemical Industries (Kima),0.0028
2016-01-11,2.7,2.7,2.46,2.55,1429306,EGCH,Egyptian Chemical Industries (Kima),0.0028
2016-01-12,2.55,2.55,2.42,2.51,1776542,EGCH,Egyptian Chemical Industries (Kima),0.0028
2016-01-13,2.51,2.52,2.25,2.34,1731819,EGCH,Egyptian Chemical Industries (Kima),0.0028
2016-01-14,2.34,2.34,2.12,2.14,771458,EGCH,Egyptian Chemical Industries (Kima),0.0028
2016-01-17,2.14,2.22,1.92,2.16,866053,EGCH,Egyptian Chemical Industries (Kima),0.0028
2016-01-18,2.16,2.29,2.16,2.23,832033,EGCH,Egyptian Chemical Industries (Kima),0.0028
2016-01-19,2.23,2.44,2.23,2.35,2415209,EGCH,Egyptian Chemical Industries (Kima),0.0028
2016-01-20,2.35,2.41,2.21,2.3,1514900,EGCH,Egyptian Chemical Industries (Kima),0.0028
2016-01-21,2.3,2.41,2.22,2.33,1359958,EGCH,Egyptian Chemical Industries (Kima),0.0028
2016-01-24,2.33,2.5,2.33,2.44,3029564,EGCH,Egyptian Chemical Industries (Kima),0.0028
2016-01-26,2.44,2.47,2.4,2.44,1927851,EGCH,Egyptian Chemical Industries (Kima),0.0028
2016-01-27,2.44,2.56,2.44,2.52,3288442,EGCH,Egyptian Chemical Industries (Kima),0.0028
2016-01-28,2.52,2.61,2.52,2.55,2147044,EGCH,Egyptian Chemical Industries (Kima),0.0028
2016-01-31,2.55,2.61,2.41,2.52,1894753,EGCH,Egyptian Chemical Industries (Kima),0.0028
2016-02-01,2.52,2.52,2.42,2.44,934679,EGCH,Egyptian Chemical Industries (Kima),0.0028
2016-02-02,2.44,2.55,2.44,2.51,2091328,EGCH,Egyptian Chemical Industries (Kima),0.0028
2016-02-03,2.51,2.56,2.49,2.55,1637709,EGCH,Egyptian Chemical Industries (Kima),0.0028
2016-02-04,2.55,2.55,2.48,2.52,861141,EGCH,Egyptian Chemical Industries (Kima),0.0028
2016-02-07,2.52,2.52,2.44,2.45,347347,EGCH,Egyptian Chemical Industries (Kima),0.0028
2016-02-08,2.45,2.52,2.37,2.44,595985,EGCH,Egyptian Chemical Industries (Kima),0.0028
2016-02-09,2.44,2.44,2.3,2.35,505624,EGCH,Egyptian Chemical Industries (Kima),0.0028
2016-02-10,2.35,2.44,2.33,2.4,744264,EGCH,Egyptian Chemical Industries (Kima),0.0028
2016-02-11,2.4,2.4,2.18,2.23,1061206,EGCH,Egyptian Chemical Industries (Kima),0.0028
2016-02-14,2.23,2.37,2.23,2.33,977805,EGCH,Egyptian Chemical Industries (Kima),0.0028
2016-02-15,2.33,2.45,2.33,2.43,801564,EGCH,Egyptian Chemical Industries (Kima),0.0028
2016-02-16,2.43,2.46,2.37,2.42,635468,EGCH,Egyptian Chemical Industries (Kima),0.0028
2016-02-17,2.42,2.42,2.31,2.37,355569,EGCH,Egyptian Chemical Industries (Kima),0.0028
2016-02-18,2.37,2.41,2.33,2.37,508875,EGCH,Egyptian Chemical Industries (Kima),0.0028
2016-02-21,2.37,2.45,2.35,2.42,1190261,EGCH,Egyptian Chemical Industries (Kima),0.0028
2016-02-22,2.42,2.44,2.4,2.42,467445,EGCH,Egyptian Chemical Industries (Kima),0.0028
2016-02-23,2.42,2.62,2.4,2.52,4717133,EGCH,Egyptian Chemical Industries (Kima),0.0028
2016-02-24,2.52,2.64,2.52,2.59,3003167,EGCH,Egyptian Chemical Industries (Kima),0.0028
2016-02-25,2.59,2.63,2.55,2.59,1851497,EGCH,Egyptian Chemical Industries (Kima),0.0028
2016-02-28,2.59,2.85,2.59,2.77,4470713,EGCH,Egyptian Chemical Industries (Kima),0.0028
2016-02-29,2.77,2.93,2.74,2.81,2837389,EGCH,Egyptian Chemical Industries (Kima),0.0028
2016-03-01,2.81,2.81,2.66,2.74,1621272,EGCH,Egyptian Chemical Industries (Kima),0.0028
2016-03-02,2.74,2.83,2.68,2.75,1476830,EGCH,Egyptian Chemical Industries (Kima),0.0028
2016-03-03,2.75,2.81,2.68,2.75,1534922,EGCH,Egyptian Chemical Industries (Kima),0.0028
2016-03-06,2.75,2.85,2.74,2.78,1366692,EGCH,Egyptian Chemical Industries (Kima),0.0028
2016-03-07,2.78,2.78,2.7,2.74,1990083,EGCH,Egyptian Chemical Industries (Kima),0.0028
2016-03-08,2.74,2.84,2.74,2.8,1051630,EGCH,Egyptian Chemical Industries (Kima),0.0028
2016-03-09,2.8,2.81,2.76,2.78,456762,EGCH,Egyptian Chemical Industries (Kima),0.0028
2016-03-10,2.85,2.91,2.78,2.85,1594968,EGCH,Egyptian Chemical Industries (Kima),0.0028
2016-03-13,2.85,2.85,2.78,2.81,776553,EGCH,Egyptian Chemical Industries (Kima),0.0028
2016-03-14,2.81,3.07,2.81,2.96,3175847,EGCH,Egyptian Chemical Industries (Kima),0.0028
2016-03-15,2.96,3.09,2.96,3.04,2676493,EGCH,Egyptian Chemical Industries (Kima),0.0028
2016-03-16,3.04,3.16,3.04,3.11,1575379,EGCH,Egyptian Chemical Industries (Kima),0.0028
2016-03-17,3.11,3.19,3.04,3.11,1465961,EGCH,Egyptian Chemical Industries (Kima),0.0028
2016-03-20,3.11,3.12,2.96,3.05,594535,EGCH,Egyptian Chemical Industries (Kima),0.0028
2016-03-21,3.05,3.11,3.01,3.05,595435,EGCH,Egyptian Chemical Industries (Kima),0.0028
2016-03-22,3.05,3.09,2.99,3.04,784724,EGCH,Egyptian Chemical Industries (Kima),0.0028
2016-03-23,3.04,3.18,3.04,3.12,1611301,EGCH,Egyptian Chemical Industries (Kima),0.0028
2016-03-24,3.12,3.3,3.12,3.25,1444156,EGCH,Egyptian Chemical Industries (Kima),0.0028
2016-03-27,3.25,3.29,3.11,3.18,919692,EGCH,Egyptian Chemical Industries (Kima),0.0028
2016-03-28,3.18,3.22,3.11,3.17,415820,EGCH,Egyptian Chemical Industries (Kima),0.0028
2016-03-29,3.17,3.25,3.11,3.18,883020,EGCH,Egyptian Chemical Industries (Kima),0.0028
2016-03-30,3.18,3.31,3.15,3.25,1755326,EGCH,Egyptian Chemical Industries (Kima),0.0028
2016-03-31,3.25,3.32,3.18,3.26,2204683,EGCH,Egyptian Chemical Industries (Kima),0.0028
2016-04-03,3.26,3.44,3.23,3.34,1677132,EGCH,Egyptian Chemical Industries (Kima),0.0028
2016-04-04,3.34,3.43,3.33,3.37,1038855,EGCH,Egyptian Chemical Industries (Kima),0.0028
2016-04-05,3.37,3.38,3.27,3.31,564124,EGCH,Egyptian Chemical Industries (Kima),0.0028
2016-04-06,3.31,3.33,3.05,3.19,1011195,EGCH,Egyptian Chemical Industries (Kima),0.0028
2016-04-07,3.19,3.19,3.05,3.13,464979,EGCH,Egyptian Chemical Industries (Kima),0.0028
2016-04-10,3.13,3.26,3.07,3.19,726187,EGCH,Egyptian Chemical Industries (Kima),0.0028
2016-04-11,3.19,3.19,3.05,3.11,218879,EGCH,Egyptian Chemical Industries (Kima),0.0028
2016-04-12,3.11,3.18,3.05,3.15,214193,EGCH,Egyptian Chemical Industries (Kima),0.0028
2016-04-13,3.15,3.23,3.11,3.16,783376,EGCH,Egyptian Chemical Industries (Kima),0.0028
2016-04-14,3.16,3.19,3.11,3.16,372903,EGCH,Egyptian Chemical Industries (Kima),0.0028
2016-04-17,3.16,3.25,3.15,3.21,840016,EGCH,Egyptian Chemical Industries (Kima),0.0028
2016-04-18,3.21,3.27,3.19,3.23,563058,EGCH,Egyptian Chemical Industries (Kima),0.0028
2016-04-19,3.23,3.41,3.22,3.33,2170605,EGCH,Egyptian Chemical Industries (Kima),0.0028
2016-04-20,3.33,3.37,3.22,3.28,1013730,EGCH,Egyptian Chemical Industries (Kima),0.0028
2016-04-21,3.28,3.33,3.19,3.25,575355,EGCH,Egyptian Chemical Industries (Kima),0.0028
2016-04-24,3.25,3.25,3.18,3.22,163128,EGCH,Egyptian Chemical Industries (Kima),0.0028
2016-04-26,3.22,3.27,3.21,3.23,273717,EGCH,Egyptian Chemical Industries (Kima),0.0028
2016-04-27,3.23,3.27,3.11,3.2,485590,EGCH,Egyptian Chemical Industries (Kima),0.0028
2016-04-28,3.2,3.2,3.09,3.12,262480,EGCH,Egyptian Chemical Industries (Kima),0.0028
2016-05-03,3.12,3.12,3.0,3.04,200312,EGCH,Egyptian Chemical Industries (Kima),0.0028
2016-05-04,3.04,3.08,2.96,3.04,137031,EGCH,Egyptian Chemical Industries (Kima),0.0028
2016-05-05,3.04,3.11,3.04,3.08,148781,EGCH,Egyptian Chemical Industries (Kima),0.0028
2016-05-08,3.08,3.16,3.04,3.09,167823,EGCH,Egyptian Chemical Industries (Kima),0.0028
2016-05-09,3.09,3.16,3.07,3.12,168443,EGCH,Egyptian Chemical Industries (Kima),0.0028
2016-05-10,3.12,3.15,3.04,3.08,232811,EGCH,Egyptian Chemical Industries (Kima),0.0028
2016-05-11,3.08,3.08,3.02,3.04,150995,EGCH,Egyptian Chemical Industries (Kima),0.0028
2016-05-12,3.04,3.08,3.02,3.05,169382,EGCH,Egyptian Chemical Industries (Kima),0.0028
2016-05-15,3.05,3.05,2.89,2.96,177820,EGCH,Egyptian Chemical Industries (Kima),0.0028
2016-05-16,2.96,3.05,2.96,3.0,154553,EGCH,Egyptian Chemical Industries (Kima),0.0028
2016-05-17,3.0,3.07,2.99,3.05,277235,EGCH,Egyptian Chemical Industries (Kima),0.0028
2016-05-18,3.05,3.11,2.98,3.04,137828,EGCH,Egyptian Chemical Industries (Kima),0.0028
2016-05-19,3.04,3.04,2.96,2.99,268372,EGCH,Egyptian Chemical Industries (Kima),0.0028
2016-05-22,2.99,3.11,2.99,3.05,479473,EGCH,Egyptian Chemical Industries (Kima),0.0028
2016-05-23,3.05,3.05,2.97,3.01,149892,EGCH,Egyptian Chemical Industries (Kima),0.0028
2016-05-24,3.01,3.06,2.99,3.04,227798,EGCH,Egyptian Chemical Industries (Kima),0.0028
2016-05-25,3.04,3.05,3.0,3.04,91369,EGCH,Egyptian Chemical Industries (Kima),0.0028
2016-05-26,3.04,3.04,2.96,2.98,198242,EGCH,Egyptian Chemical Industries (Kima),0.0028
2016-05-29,2.98,3.0,2.9,2.95,201831,EGCH,Egyptian Chemical Industries (Kima),0.0028
2016-05-30,2.95,3.01,2.89,2.95,369401,EGCH,Egyptian Chemical Industries (Kima),0.0028
2016-05-31,2.95,2.96,2.87,2.9,130137,EGCH,Egyptian Chemical Industries (Kima),0.0028
2016-06-01,2.9,2.96,2.9,2.93,159896,EGCH,Egyptian Chemical Industries (Kima),0.0028
2016-06-02,2.93,2.96,2.9,2.93,116823,EGCH,Egyptian Chemical Industries (Kima),0.0028
2016-06-05,2.93,3.08,2.93,3.04,1063790,EGCH,Egyptian Chemical Industries (Kima),0.0028
2016-06-06,3.04,3.05,2.97,3.04,89373,EGCH,Egyptian Chemical Industries (Kima),0.0028
2016-06-07,3.04,3.05,3.0,3.04,207329,EGCH,Egyptian Chemical Industries (Kima),0.0028
2016-06-08,3.04,3.15,3.04,3.08,413111,EGCH,Egyptian Chemical Industries (Kima),0.0028
2016-06-09,3.08,3.08,3.02,3.04,90233,EGCH,Egyptian Chemical Industries (Kima),0.0028
2016-06-12,3.04,3.04,2.99,3.02,55991,EGCH,Egyptian Chemical Industries (Kima),0.0028
2016-06-13,3.02,3.05,2.96,3.0,87491,EGCH,Egyptian Chemical Industries (Kima),0.0028
2016-06-14,3.0,3.0,2.89,2.93,76166,EGCH,Egyptian Chemical Industries (Kima),0.0028
2016-06-15,2.93,2.93,2.78,2.83,171321,EGCH,Egyptian Chemical Industries (Kima),0.0028
2016-06-16,2.83,2.87,2.8,2.84,94634,EGCH,Egyptian Chemical Industries (Kima),0.0028
2016-06-19,2.84,2.93,2.76,2.81,57832,EGCH,Egyptian Chemical Industries (Kima),0.0028
2016-06-20,2.81,2.81,2.68,2.74,64458,EGCH,Egyptian Chemical Industries (Kima),0.0028
2016-06-21,2.74,2.81,2.72,2.74,222711,EGCH,Egyptian Chemical Industries (Kima),0.0028
2016-06-22,2.74,2.8,2.73,2.74,181349,EGCH,Egyptian Chemical Industries (Kima),0.0028
2016-06-23,2.74,2.78,2.67,2.74,102469,EGCH,Egyptian Chemical Industries (Kima),0.0028
2016-06-26,2.74,2.74,2.49,2.52,262826,EGCH,Egyptian Chemical Industries (Kima),0.0028
2016-06-27,2.52,2.57,2.52,2.54,61593,EGCH,Egyptian Chemical Industries (Kima),0.0028
2016-06-28,2.54,2.6,2.53,2.55,137484,EGCH,Egyptian Chemical Industries (Kima),0.0028
2016-06-29,2.55,2.77,2.55,2.68,441665,EGCH,Egyptian Chemical Industries (Kima),0.0028
2016-07-03,2.68,2.78,2.68,2.76,43162,EGCH,Egyptian Chemical Industries (Kima),0.0028
2016-07-04,2.76,2.85,2.74,2.81,42770,EGCH,Egyptian Chemical Industries (Kima),0.0028
2016-07-10,2.81,2.93,2.81,2.85,186940,EGCH,Egyptian Chemical Industries (Kima),0.0028
2016-07-11,2.85,2.88,2.71,2.77,179806,EGCH,Egyptian Chemical Industries (Kima),0.0028
2016-07-12,2.77,2.77,2.67,2.73,200838,EGCH,Egyptian Chemical Industries (Kima),0.0028
2016-07-13,2.73,2.77,2.73,2.74,109146,EGCH,Egyptian Chemical Industries (Kima),0.0028
2016-07-14,2.74,2.78,2.73,2.75,110884,EGCH,Egyptian Chemical Industries (Kima),0.0028
2016-07-17,2.75,2.84,2.66,2.76,321631,EGCH,Egyptian Chemical Industries (Kima),0.0028
2016-07-18,2.76,2.85,2.74,2.76,131021,EGCH,Egyptian Chemical Industries (Kima),0.0028
2016-07-19,2.76,2.76,2.72,2.74,50950,EGCH,Egyptian Chemical Industries (Kima),0.0028
2016-07-20,2.74,2.74,2.67,2.68,62511,EGCH,Egyptian Chemical Industries (Kima),0.0028
2016-07-21,2.68,2.75,2.67,2.71,89944,EGCH,Egyptian Chemical Industries (Kima),0.0028
2016-07-24,2.71,2.76,2.68,2.74,113940,EGCH,Egyptian Chemical Industries (Kima),0.0028
2016-07-25,2.74,2.8,2.71,2.76,252480,EGCH,Egyptian Chemical Industries (Kima),0.0028
2016-07-26,2.76,2.89,2.74,2.82,538154,EGCH,Egyptian Chemical Industries (Kima),0.0028
2016-07-27,2.82,2.93,2.81,2.87,818855,EGCH,Egyptian Chemical Industries (Kima),0.0028
2016-07-28,2.87,2.94,2.78,2.85,292114,EGCH,Egyptian Chemical Industries (Kima),0.0028
2016-07-31,2.85,2.86,2.76,2.82,53211,EGCH,Egyptian Chemical Industries (Kima),0.0028
2016-08-01,2.82,2.82,2.74,2.78,96470,EGCH,Egyptian Chemical Industries (Kima),0.0028
2016-08-02,2.78,2.84,2.76,2.8,99108,EGCH,Egyptian Chemical Industries (Kima),0.0028
2016-08-03,2.8,2.88,2.8,2.84,266443,EGCH,Egyptian Chemical Industries (Kima),0.0028
2016-08-04,2.84,2.9,2.8,2.85,322709,EGCH,Egyptian Chemical Industries (Kima),0.0028
2016-08-07,2.85,3.06,2.82,3.0,1192975,EGCH,Egyptian Chemical Industries (Kima),0.0028
2016-08-08,3.0,3.11,2.96,3.02,584626,EGCH,Egyptian Chemical Industries (Kima),0.0028
2016-08-09,3.02,3.05,2.96,3.0,296435,EGCH,Egyptian Chemical Industries (Kima),0.0028
2016-08-10,3.0,3.05,2.96,3.01,344382,EGCH,Egyptian Chemical Industries (Kima),0.0028
2016-08-11,3.01,3.01,2.93,2.96,263986,EGCH,Egyptian Chemical Industries (Kima),0.0028
2016-08-14,2.96,3.0,2.94,2.96,72240,EGCH,Egyptian Chemical Industries (Kima),0.0028
2016-08-15,2.96,3.04,2.91,2.96,273868,EGCH,Egyptian Chemical Industries (Kima),0.0028
2016-08-16,2.96,2.96,2.85,2.89,239486,EGCH,Egyptian Chemical Industries (Kima),0.0028
2016-08-17,2.89,2.95,2.83,2.87,312422,EGCH,Egyptian Chemical Industries (Kima),0.0028
2016-08-18,2.87,2.87,2.81,2.84,158901,EGCH,Egyptian Chemical Industries (Kima),0.0028
2016-08-21,2.84,2.85,2.81,2.82,140235,EGCH,Egyptian Chemical Industries (Kima),0.0028
2016-08-22,2.82,2.97,2.81,2.9,795132,EGCH,Egyptian Chemical Industries (Kima),0.0028
2016-08-23,2.9,3.05,2.89,2.99,803661,EGCH,Egyptian Chemical Industries (Kima),0.0028
2016-08-24,2.99,3.11,2.91,3.02,1018245,EGCH,Egyptian Chemical Industries (Kima),0.0028
2016-08-25,3.02,3.02,2.85,2.9,198823,EGCH,Egyptian Chemical Industries (Kima),0.0028
2016-08-28,2.9,2.9,2.83,2.85,215420,EGCH,Egyptian Chemical Industries (Kima),0.0028
2016-08-29,2.85,2.95,2.81,2.86,373781,EGCH,Egyptian Chemical Industries (Kima),0.0028
2016-08-30,2.86,2.98,2.86,2.93,513084,EGCH,Egyptian Chemical Industries (Kima),0.0028
2016-08-31,2.93,3.0,2.88,2.93,288668,EGCH,Egyptian Chemical Industries (Kima),0.0028
2016-09-01,2.93,2.93,2.86,2.89,72884,EGCH,Egyptian Chemical Industries (Kima),0.0028
2016-09-04,2.89,2.97,2.89,2.95,189133,EGCH,Egyptian Chemical Industries (Kima),0.0028
2016-09-05,2.95,3.12,2.95,3.05,1387402,EGCH,Egyptian Chemical Industries (Kima),0.0028
2016-09-06,3.05,3.19,3.05,3.12,1584774,EGCH,Egyptian Chemical Industries (Kima),0.0028
2016-09-07,3.12,3.15,2.96,3.05,991541,EGCH,Egyptian Chemical Industries (Kima),0.0028
2016-09-08,3.05,3.07,3.0,3.04,136709,EGCH,Egyptian Chemical Industries (Kima),0.0028
2016-09-14,3.04,3.04,2.93,2.96,112056,EGCH,Egyptian Chemical Industries (Kima),0.0028
2016-09-15,2.96,2.96,2.84,2.87,228225,EGCH,Egyptian Chemical Industries (Kima),0.0028
2016-09-18,2.87,2.94,2.83,2.87,261002,EGCH,Egyptian Chemical Industries (Kima),0.0028
2016-09-19,2.87,2.93,2.85,2.88,227849,EGCH,Egyptian Chemical Industries (Kima),0.0028
2016-09-20,2.88,2.89,2.85,2.85,23146,EGCH,Egyptian Chemical Industries (Kima),0.0028
2016-09-21,2.85,2.87,2.71,2.77,350842,EGCH,Egyptian Chemical Industries (Kima),0.0028
2016-09-22,2.77,2.89,2.75,2.81,517050,EGCH,Egyptian Chemical Industries (Kima),0.0028
2016-09-25,2.81,2.88,2.8,2.83,305722,EGCH,Egyptian Chemical Industries (Kima),0.0028
2016-09-26,2.83,2.88,2.82,2.85,407058,EGCH,Egyptian Chemical Industries (Kima),0.0028
2016-09-27,2.85,2.87,2.76,2.81,339829,EGCH,Egyptian Chemical Industries (Kima),0.0028
2016-09-28,2.81,2.93,2.81,2.86,2194822,EGCH,Egyptian Chemical Industries (Kima),0.0028
2016-09-29,2.86,2.88,2.78,2.83,682745,EGCH,Egyptian Chemical Industries (Kima),0.0028
2016-10-03,2.83,2.88,2.83,2.85,1137137,EGCH,Egyptian Chemical Industries (Kima),0.0028
2016-10-04,2.85,2.88,2.8,2.83,262567,EGCH,Egyptian Chemical Industries (Kima),0.0028
2016-10-05,2.83,2.85,2.78,2.83,717605,EGCH,Egyptian Chemical Industries (Kima),0.0028
2016-10-09,2.83,2.85,2.74,2.78,276474,EGCH,Egyptian Chemical Industries (Kima),0.0028
2016-10-10,2.78,2.83,2.68,2.77,406666,EGCH,Egyptian Chemical Industries (Kima),0.0028
2016-10-11,2.77,2.77,2.65,2.71,272121,EGCH,Egyptian Chemical Industries (Kima),0.0028
2016-10-12,2.71,2.74,2.66,2.68,806793,EGCH,Egyptian Chemical Industries (Kima),0.0028
2016-10-13,2.68,2.78,2.68,2.74,881256,EGCH,Egyptian Chemical Industries (Kima),0.0028
2016-10-16,2.74,2.75,2.63,2.68,220773,EGCH,Egyptian Chemical Industries (Kima),0.0028
2016-10-17,2.68,2.68,2.55,2.61,246221,EGCH,Egyptian Chemical Industries (Kima),0.0028
2016-10-18,2.61,2.62,2.49,2.54,254654,EGCH,Egyptian Chemical Industries (Kima),0.0028
2016-10-19,2.54,2.55,2.34,2.43,559425,EGCH,Egyptian Chemical Industries (Kima),0.0028
2016-10-20,2.43,2.52,2.43,2.47,346673,EGCH,Egyptian Chemical Industries (Kima),0.0028
2016-10-23,2.47,2.53,2.43,2.49,490776,EGCH,Egyptian Chemical Industries (Kima),0.0028
2016-10-24,2.49,2.55,2.45,2.51,501123,EGCH,Egyptian Chemical Industries (Kima),0.0028
2016-10-25,2.75,2.81,2.59,2.71,2137365,EGCH,Egyptian Chemical Industries (Kima),0.0028
2016-10-26,2.71,2.73,2.6,2.63,591653,EGCH,Egyptian Chemical Industries (Kima),0.0028
2016-10-27,2.63,2.67,2.6,2.65,1111119,EGCH,Egyptian Chemical Industries (Kima),0.0028
2016-10-30,2.65,2.74,2.62,2.67,1056792,EGCH,Egyptian Chemical Industries (Kima),0.0028
2016-10-31,2.67,2.67,2.62,2.63,351162,EGCH,Egyptian Chemical Industries (Kima),0.0028
2016-11-01,2.63,2.66,2.6,2.63,618286,EGCH,Egyptian Chemical Industries (Kima),0.0028
2016-11-02,2.63,2.72,2.6,2.65,784879,EGCH,Egyptian Chemical Industries (Kima),0.0028
2016-11-03,2.65,2.75,2.54,2.67,1054914,EGCH,Egyptian Chemical Industries (Kima),0.0028
2016-11-06,2.67,2.71,2.55,2.68,1087624,EGCH,Egyptian Chemical Industries (Kima),0.0028
2016-11-07,2.68,2.78,2.67,2.74,1198797,EGCH,Egyptian Chemical Industries (Kima),0.0028
2016-11-08,2.74,2.81,2.66,2.74,1042387,EGCH,Egyptian Chemical Industries (Kima),0.0028
2016-11-09,2.74,2.76,2.6,2.74,617181,EGCH,Egyptian Chemical Industries (Kima),0.0028
2016-11-10,2.74,2.85,2.74,2.81,1764565,EGCH,Egyptian Chemical Industries (Kima),0.0028
2016-11-13,2.81,3.07,2.81,2.96,3621360,EGCH,Egyptian Chemical Industries (Kima),0.0028
2016-11-14,2.96,3.13,2.96,3.04,1624000,EGCH,Egyptian Chemical Industries (Kima),0.0028
2016-11-15,3.04,3.08,2.94,3.04,1080230,EGCH,Egyptian Chemical Industries (Kima),0.0028
2016-11-16,3.04,3.19,3.04,3.15,2067375,EGCH,Egyptian Chemical Industries (Kima),0.0028
2016-11-17,3.15,3.29,2.99,3.17,3143118,EGCH,Egyptian Chemical Industries (Kima),0.0028
2016-11-20,3.17,3.17,2.99,3.07,1209126,EGCH,Egyptian Chemical Industries (Kima),0.0028
2016-11-21,3.07,3.21,3.07,3.16,1630530,EGCH,Egyptian Chemical Industries (Kima),0.0028
2016-11-22,3.16,3.34,3.16,3.26,3183757,EGCH,Egyptian Chemical Industries (Kima),0.0028
2016-11-23,3.26,3.43,3.2,3.33,2914538,EGCH,Egyptian Chemical Industries (Kima),0.0028
2016-11-24,3.33,3.54,3.33,3.45,2948497,EGCH,Egyptian Chemical Industries (Kima),0.0028
2016-11-27,3.45,3.52,3.3,3.41,1597282,EGCH,Egyptian Chemical Industries (Kima),0.0028
2016-11-28,3.41,3.59,3.41,3.52,2276657,EGCH,Egyptian Chemical Industries (Kima),0.0028
2016-11-29,3.52,3.86,3.52,3.73,3481878,EGCH,Egyptian Chemical Industries (Kima),0.0028
2016-11-30,3.73,4.09,3.73,4.02,2363419,EGCH,Egyptian Chemical Industries (Kima),0.0028
2016-12-01,4.02,4.05,3.78,3.89,1994077,EGCH,Egyptian Chemical Industries (Kima),0.0028
2016-12-04,3.89,3.98,3.83,3.89,1570020,EGCH,Egyptian Chemical Industries (Kima),0.0028
2016-12-05,3.89,4.2,3.86,4.06,4466420,EGCH,Egyptian Chemical Industries (Kima),0.0028
2016-12-06,4.06,4.38,4.05,4.26,4192109,EGCH,Egyptian Chemical Industries (Kima),0.0028
2016-12-07,4.26,4.37,4.08,4.19,3007248,EGCH,Egyptian Chemical Industries (Kima),0.0028
2016-12-08,4.19,4.24,4.1,4.18,2208140,EGCH,Egyptian Chemical Industries (Kima),0.0028
2016-12-12,4.18,4.2,4.0,4.12,2624217,EGCH,Egyptian Chemical Industries (Kima),0.0028
2016-12-13,4.12,4.24,4.06,4.16,1651940,EGCH,Egyptian Chemical Industries (Kima),0.0028
2016-12-14,4.16,4.19,3.92,4.06,1653355,EGCH,Egyptian Chemical Industries (Kima),0.0028
2016-12-15,4.06,4.06,3.84,3.93,1149010,EGCH,Egyptian Chemical Industries (Kima),0.0028
2016-12-18,3.93,4.05,3.86,3.95,1351657,EGCH,Egyptian Chemical Industries (Kima),0.0028
2016-12-19,3.95,3.97,3.87,3.93,662020,EGCH,Egyptian Chemical Industries (Kima),0.0028
2016-12-20,3.93,4.04,3.88,3.93,999439,EGCH,Egyptian Chemical Industries (Kima),0.0028
2016-12-21,3.93,3.97,3.87,3.93,1858925,EGCH,Egyptian Chemical Industries (Kima),0.0028
2016-12-22,3.93,3.95,3.68,3.82,1531618,EGCH,Egyptian Chemical Industries (Kima),0.0028
2016-12-25,3.82,3.88,3.63,3.75,1820269,EGCH,Egyptian Chemical Industries (Kima),0.0028
2016-12-26,3.75,3.75,3.62,3.68,3593124,EGCH,Egyptian Chemical Industries (Kima),0.0028
2016-12-27,3.68,3.82,3.64,3.73,3390019,EGCH,Egyptian Chemical Industries (Kima),0.0028
2016-12-28,3.73,3.73,3.43,3.55,3264339,EGCH,Egyptian Chemical Industries (Kima),0.0028
2016-12-29,3.55,3.55,3.26,3.37,3151043,EGCH,Egyptian Chemical Industries (Kima),0.0028
2017-01-02,3.37,3.37,3.2,3.26,3473050,EGCH,Egyptian Chemical Industries (Kima),0.0028
2017-01-03,3.26,3.31,3.21,3.26,3744230,EGCH,Egyptian Chemical Industries (Kima),0.0028
2017-01-04,3.04,3.3,3.04,3.22,5694977,EGCH,Egyptian Chemical Industries (Kima),0.0028
2017-01-05,3.22,3.37,3.22,3.3,3646438,EGCH,Egyptian Chemical Industries (Kima),0.0028
2017-01-08,3.3,3.43,3.27,3.34,3100491,EGCH,Egyptian Chemical Industries (Kima),0.0028
2017-01-09,3.34,3.34,3.24,3.27,1479066,EGCH,Egyptian Chemical Industries (Kima),0.0028
2017-01-10,3.27,3.35,3.22,3.29,1425332,EGCH,Egyptian Chemical Industries (Kima),0.0028
2017-01-11,3.29,3.29,3.15,3.2,995102,EGCH,Egyptian Chemical Industries (Kima),0.0028
2017-01-12,3.2,3.3,3.2,3.27,1783880,EGCH,Egyptian Chemical Industries (Kima),0.0028
2017-01-15,3.27,3.45,3.27,3.39,4960368,EGCH,Egyptian Chemical Industries (Kima),0.0028
2017-01-16,3.48,3.54,3.41,3.46,4965938,EGCH,Egyptian Chemical Industries (Kima),0.0028
2017-01-17,3.46,3.48,3.41,3.43,1567103,EGCH,Egyptian Chemical Industries (Kima),0.0028
2017-01-18,3.43,3.47,3.13,3.29,2349326,EGCH,Egyptian Chemical Industries (Kima),0.0028
2017-01-19,3.29,3.29,3.01,3.06,1887763,EGCH,Egyptian Chemical Industries (Kima),0.0028
2017-01-22,3.06,3.13,3.0,3.06,1376973,EGCH,Egyptian Chemical Industries (Kima),0.0028
2017-01-23,3.06,3.18,3.05,3.12,2355962,EGCH,Egyptian Chemical Industries (Kima),0.0028
2017-01-24,3.12,3.22,3.05,3.16,2785259,EGCH,Egyptian Chemical Industries (Kima),0.0028
2017-01-30,3.16,3.47,3.16,3.46,5314842,EGCH,Egyptian Chemical Industries (Kima),0.0028
2017-01-31,3.46,3.52,3.31,3.41,2806336,EGCH,Egyptian Chemical Industries (Kima),0.0028
2017-02-01,3.41,3.45,3.23,3.32,1547027,EGCH,Egyptian Chemical Industries (Kima),0.0028
2017-02-02,3.32,3.65,3.29,3.55,6492037,EGCH,Egyptian Chemical Industries (Kima),0.0028
2017-02-05,3.55,3.76,3.55,3.69,3876673,EGCH,Egyptian Chemical Industries (Kima),0.0028
2017-02-06,3.69,4.01,3.66,3.85,7974448,EGCH,Egyptian Chemical Industries (Kima),0.0028
2017-02-07,3.85,4.05,3.85,3.96,5041821,EGCH,Egyptian Chemical Industries (Kima),0.0028
2017-02-08,3.96,4.0,3.65,3.78,3607560,EGCH,Egyptian Chemical Industries (Kima),0.0028
2017-02-09,3.78,3.9,3.64,3.77,3710733,EGCH,Egyptian Chemical Industries (Kima),0.0028
2017-02-12,3.77,3.94,3.75,3.86,1567525,EGCH,Egyptian Chemical Industries (Kima),0.0028
2017-02-13,3.86,3.86,3.64,3.73,1324543,EGCH,Egyptian Chemical Industries (Kima),0.0028
2017-02-14,3.73,4.06,3.73,3.97,5943146,EGCH,Egyptian Chemical Industries (Kima),0.0028
2017-02-15,3.97,4.27,3.88,4.12,4629604,EGCH,Egyptian Chemical Industries (Kima),0.0028
2017-02-16,4.12,4.53,4.12,4.44,5599175,EGCH,Egyptian Chemical Industries (Kima),0.0028
2017-02-19,4.44,4.87,4.44,4.68,5389236,EGCH,Egyptian Chemical Industries (Kima),0.0028
2017-02-20,4.68,5.15,4.64,4.91,5034271,EGCH,Egyptian Chemical Industries (Kima),0.0028
2017-02-21,4.91,5.37,4.91,5.21,2144207,EGCH,Egyptian Chemical Industries (Kima),0.0028
2017-02-22,5.21,5.46,5.07,5.26,3679336,EGCH,Egyptian Chemical Industries (Kima),0.0028
2017-02-23,5.26,5.26,4.75,4.9,3467743,EGCH,Egyptian Chemical Industries (Kima),0.0028
2017-02-26,4.9,4.98,4.66,4.81,1206671,EGCH,Egyptian Chemical Industries (Kima),0.0028
2017-02-27,4.81,4.81,4.41,4.6,917476,EGCH,Egyptian Chemical Industries (Kima),0.0028
2017-02-28,4.6,4.6,4.3,4.42,2913482,EGCH,Egyptian Chemical Industries (Kima),0.0028
2017-03-01,4.42,4.83,4.42,4.69,4342692,EGCH,Egyptian Chemical Industries (Kima),0.0028
2017-03-02,4.69,5.1,4.69,4.98,3567315,EGCH,Egyptian Chemical Industries (Kima),0.0028
2017-03-05,4.98,5.09,4.77,4.91,4210743,EGCH,Egyptian Chemical Industries (Kima),0.0028
2017-03-06,4.91,4.93,4.73,4.79,5416872,EGCH,Egyptian Chemical Industries (Kima),0.0028
2017-03-07,4.79,4.99,4.75,4.87,4907321,EGCH,Egyptian Chemical Industries (Kima),0.0028
2017-03-08,4.87,4.99,4.79,4.9,3454718,EGCH,Egyptian Chemical Industries (Kima),0.0028
2017-03-09,4.9,5.17,4.9,5.08,5564060,EGCH,Egyptian Chemical Industries (Kima),0.0028
2017-03-12,5.08,5.09,4.83,4.95,2582548,EGCH,Egyptian Chemical Industries (Kima),0.0028
2017-03-13,4.95,4.99,4.77,4.86,1843081,EGCH,Egyptian Chemical Industries (Kima),0.0028
2017-03-14,4.86,4.86,4.68,4.75,1224184,EGCH,Egyptian Chemical Industries (Kima),0.0028
2017-03-15,4.75,4.89,4.75,4.81,1538706,EGCH,Egyptian Chemical Industries (Kima),0.0028
2017-03-16,4.81,4.9,4.79,4.84,1432673,EGCH,Egyptian Chemical Industries (Kima),0.0028
2017-03-19,4.84,5.0,4.83,4.91,2387211,EGCH,Egyptian Chemical Industries (Kima),0.0028
2017-03-20,4.91,5.04,4.84,4.94,3304627,EGCH,Egyptian Chemical Industries (Kima),0.0028
2017-03-21,4.94,5.2,4.94,5.08,4689018,EGCH,Egyptian Chemical Industries (Kima),0.0028
2017-03-22,5.08,5.13,4.91,5.01,2145785,EGCH,Egyptian Chemical Industries (Kima),0.0028
2017-03-23,5.01,5.04,4.91,4.97,1484865,EGCH,Egyptian Chemical Industries (Kima),0.0028
2017-03-26,4.97,5.07,4.96,5.01,1431893,EGCH,Egyptian Chemical Industries (Kima),0.0028
2017-03-27,5.01,5.05,4.89,4.95,1355629,EGCH,Egyptian Chemical Industries (Kima),0.0028
2017-03-28,4.95,4.96,4.83,4.89,1247735,EGCH,Egyptian Chemical Industries (Kima),0.0028
2017-03-29,4.89,4.98,4.85,4.91,1509554,EGCH,Egyptian Chemical Industries (Kima),0.0028
2017-03-30,4.91,4.91,4.76,4.83,1040474,EGCH,Egyptian Chemical Industries (Kima),0.0028
2017-04-02,4.83,4.87,4.75,4.79,984294,EGCH,Egyptian Chemical Industries (Kima),0.0028
2017-04-03,4.79,4.91,4.79,4.85,2188162,EGCH,Egyptian Chemical Industries (Kima),0.0028
2017-04-04,4.85,4.91,4.8,4.87,1341392,EGCH,Egyptian Chemical Industries (Kima),0.0028
2017-04-05,4.87,4.89,4.75,4.79,896576,EGCH,Egyptian Chemical Industries (Kima),0.0028
2017-04-06,4.79,4.87,4.76,4.81,1414778,EGCH,Egyptian Chemical Industries (Kima),0.0028
2017-04-09,4.81,4.81,4.6,4.69,863396,EGCH,Egyptian Chemical Industries (Kima),0.0028
2017-04-10,4.69,4.69,4.55,4.61,649594,EGCH,Egyptian Chemical Industries (Kima),0.0028
2017-04-11,4.61,4.76,4.61,4.69,781216,EGCH,Egyptian Chemical Industries (Kima),0.0028
2017-04-12,4.69,4.79,4.61,4.7,1398387,EGCH,Egyptian Chemical Industries (Kima),0.0028
2017-04-13,4.7,4.7,4.28,4.42,3040446,EGCH,Egyptian Chemical Industries (Kima),0.0028
2017-04-18,4.42,4.42,4.13,4.2,1268583,EGCH,Egyptian Chemical Industries (Kima),0.0028
2017-04-19,4.2,4.37,4.13,4.27,2417772,EGCH,Egyptian Chemical Industries (Kima),0.0028
2017-04-20,4.27,4.34,4.17,4.22,1018552,EGCH,Egyptian Chemical Industries (Kima),0.0028
2017-04-23,4.22,4.22,3.9,4.07,606040,EGCH,Egyptian Chemical Industries (Kima),0.0028
2017-04-24,4.07,4.16,4.05,4.12,596068,EGCH,Egyptian Chemical Industries (Kima),0.0028
2017-04-26,4.12,4.3,4.12,4.24,959998,EGCH,Egyptian Chemical Industries (Kima),0.0028
2017-04-27,4.24,4.3,4.08,4.2,631702,EGCH,Egyptian Chemical Industries (Kima),0.0028
2017-04-30,4.2,4.2,4.05,4.12,844692,EGCH,Egyptian Chemical Industries (Kima),0.0028
2017-05-02,4.12,4.26,4.12,4.19,1059850,EGCH,Egyptian Chemical Industries (Kima),0.0028
2017-05-03,4.19,4.2,4.05,4.15,1216007,EGCH,Egyptian Chemical Industries (Kima),0.0028
2017-05-04,4.15,4.22,4.15,4.18,1232799,EGCH,Egyptian Chemical Industries (Kima),0.0028
2017-05-07,4.18,4.24,4.14,4.19,1085818,EGCH,Egyptian Chemical Industries (Kima),0.0028
2017-05-08,4.19,4.26,4.19,4.22,1426218,EGCH,Egyptian Chemical Industries (Kima),0.0028
2017-05-09,4.22,4.24,4.19,4.2,1087198,EGCH,Egyptian Chemical Industries (Kima),0.0028
2017-05-10,4.2,4.34,4.2,4.27,2095741,EGCH,Egyptian Chemical Industries (Kima),0.0028
2017-05-11,4.27,4.27,4.13,4.18,1362280,EGCH,Egyptian Chemical Industries (Kima),0.0028
2017-05-14,4.18,4.19,4.07,4.12,785113,EGCH,Egyptian Chemical Industries (Kima),0.0028
2017-05-15,4.12,4.19,4.1,4.16,881780,EGCH,Egyptian Chemical Industries (Kima),0.0028
2017-05-16,4.16,4.23,4.16,4.19,1058525,EGCH,Egyptian Chemical Industries (Kima),0.0028
2017-05-17,4.19,4.43,4.19,4.32,6395786,EGCH,Egyptian Chemical Industries (Kima),0.0028
2017-05-18,4.32,4.39,4.23,4.31,3773467,EGCH,Egyptian Chemical Industries (Kima),0.0028
2017-05-21,4.31,4.49,4.24,4.38,4381530,EGCH,Egyptian Chemical Industries (Kima),0.0028
2017-05-22,4.38,4.38,4.05,4.19,3284475,EGCH,Egyptian Chemical Industries (Kima),0.0028
2017-05-23,4.19,4.29,4.17,4.23,3433509,EGCH,Egyptian Chemical Industries (Kima),0.0028
2017-05-24,4.23,4.36,4.23,4.3,2898800,EGCH,Egyptian Chemical Industries (Kima),0.0028
2017-05-25,4.3,4.32,4.22,4.25,1139354,EGCH,Egyptian Chemical Industries (Kima),0.0028
2017-05-28,4.25,4.27,4.23,4.25,503234,EGCH,Egyptian Chemical Industries (Kima),0.0028
2017-05-29,4.25,4.34,4.19,4.24,747860,EGCH,Egyptian Chemical Industries (Kima),0.0028
2017-05-30,4.24,4.27,4.19,4.23,819683,EGCH,Egyptian Chemical Industries (Kima),0.0028
2017-05-31,4.23,4.23,4.05,4.13,782113,EGCH,Egyptian Chemical Industries (Kima),0.0028
2017-06-01,4.13,4.19,4.09,4.16,899734,EGCH,Egyptian Chemical Industries (Kima),0.0028
2017-06-04,4.16,4.18,4.12,4.13,444693,EGCH,Egyptian Chemical Industries (Kima),0.0028
2017-06-05,4.13,4.16,4.08,4.1,692736,EGCH,Egyptian Chemical Industries (Kima),0.0028
2017-06-06,4.1,4.19,4.1,4.14,951115,EGCH,Egyptian Chemical Industries (Kima),0.0028
2017-06-07,4.14,4.18,4.12,4.14,893933,EGCH,Egyptian Chemical Industries (Kima),0.0028
2017-06-08,4.14,4.2,4.14,4.19,1521222,EGCH,Egyptian Chemical Industries (Kima),0.0028
2017-06-11,4.19,4.3,4.19,4.25,3552855,EGCH,Egyptian Chemical Industries (Kima),0.0028
2017-06-12,4.25,4.34,4.2,4.27,2067016,EGCH,Egyptian Chemical Industries (Kima),0.0028
2017-06-13,4.27,4.3,4.2,4.25,1431691,EGCH,Egyptian Chemical Industries (Kima),0.0028
2017-06-14,4.25,4.27,4.19,4.23,1023562,EGCH,Egyptian Chemical Industries (Kima),0.0028
2017-06-15,4.23,4.25,4.2,4.22,496880,EGCH,Egyptian Chemical Industries (Kima),0.0028
2017-06-18,4.22,4.32,4.22,4.28,1278394,EGCH,Egyptian Chemical Industries (Kima),0.0028
2017-06-19,4.28,4.39,4.27,4.34,2292970,EGCH,Egyptian Chemical Industries (Kima),0.0028
2017-06-20,4.34,4.34,4.24,4.28,943388,EGCH,Egyptian Chemical Industries (Kima),0.0028
2017-06-21,4.28,4.28,4.23,4.24,364030,EGCH,Egyptian Chemical Industries (Kima),0.0028
2017-06-22,4.24,4.29,4.19,4.23,913791,EGCH,Egyptian Chemical Industries (Kima),0.0028
2017-06-28,4.23,4.23,4.13,4.18,1422229,EGCH,Egyptian Chemical Industries (Kima),0.0028
2017-07-02,4.18,4.26,4.13,4.18,1611699,EGCH,Egyptian Chemical Industries (Kima),0.0028
2017-07-03,4.18,4.29,4.18,4.24,2347428,EGCH,Egyptian Chemical Industries (Kima),0.0028
2017-07-04,4.24,4.54,4.24,4.46,6650130,EGCH,Egyptian Chemical Industries (Kima),0.0028
2017-07-05,4.46,4.6,4.46,4.53,3336997,EGCH,Egyptian Chemical Industries (Kima),0.0028
2017-07-06,4.53,4.54,4.43,4.48,1026727,EGCH,Egyptian Chemical Industries (Kima),0.0028
2017-07-09,4.48,4.57,4.34,4.45,2202736,EGCH,Egyptian Chemical Industries (Kima),0.0028
2017-07-10,4.45,4.79,4.45,4.72,5857912,EGCH,Egyptian Chemical Industries (Kima),0.0028
2017-07-11,4.72,4.96,4.69,4.83,3452193,EGCH,Egyptian Chemical Industries (Kima),0.0028
2017-07-12,4.83,4.83,4.65,4.69,1554253,EGCH,Egyptian Chemical Industries (Kima),0.0028
2017-07-13,4.69,4.75,4.56,4.65,2034453,EGCH,Egyptian Chemical Industries (Kima),0.0028
2017-07-16,4.65,4.75,4.64,4.68,1594714,EGCH,Egyptian Chemical Industries (Kima),0.0028
2017-07-17,4.68,4.73,4.56,4.61,993542,EGCH,Egyptian Chemical Industries (Kima),0.0028
2017-07-18,4.61,4.64,4.33,4.46,1217156,EGCH,Egyptian Chemical Industries (Kima),0.0028
2017-07-19,4.46,4.53,4.34,4.46,937383,EGCH,Egyptian Chemical Industries (Kima),0.0028
2017-07-20,4.46,4.57,4.45,4.49,720351,EGCH,Egyptian Chemical Industries (Kima),0.0028
2017-07-24,4.49,4.58,4.42,4.53,1582981,EGCH,Egyptian Chemical Industries (Kima),0.0028
2017-07-25,4.53,4.73,4.53,4.64,2548755,EGCH,Egyptian Chemical Industries (Kima),0.0028
2017-07-26,4.64,4.79,4.64,4.75,2702992,EGCH,Egyptian Chemical Industries (Kima),0.0028
2017-07-27,4.75,4.83,4.64,4.73,2049786,EGCH,Egyptian Chemical Industries (Kima),0.0028
2017-07-30,4.73,4.73,4.53,4.6,1334959,EGCH,Egyptian Chemical Industries (Kima),0.0028
2017-07-31,4.6,4.66,4.48,4.53,2328322,EGCH,Egyptian Chemical Industries (Kima),0.0028
2017-08-01,4.53,4.54,4.43,4.49,683242,EGCH,Egyptian Chemical Industries (Kima),0.0028
2017-08-02,4.49,4.59,4.46,4.53,1172988,EGCH,Egyptian Chemical Industries (Kima),0.0028
2017-08-03,4.53,4.64,4.5,4.56,1704187,EGCH,Egyptian Chemical Industries (Kima),0.0028
2017-08-06,4.56,4.64,4.56,4.6,954510,EGCH,Egyptian Chemical Industries (Kima),0.0028
2017-08-07,4.6,4.64,4.49,4.54,1155306,EGCH,Egyptian Chemical Industries (Kima),0.0028
2017-08-08,4.54,4.54,4.46,4.5,683753,EGCH,Egyptian Chemical Industries (Kima),0.0028
2017-08-09,4.5,4.57,4.5,4.54,1102477,EGCH,Egyptian Chemical Industries (Kima),0.0028
2017-08-10,4.54,4.67,4.46,4.54,2314231,EGCH,Egyptian Chemical Industries (Kima),0.0028
2017-08-13,4.54,4.54,4.36,4.43,677766,EGCH,Egyptian Chemical Industries (Kima),0.0028
2017-08-14,4.43,4.46,4.27,4.33,735828,EGCH,Egyptian Chemical Industries (Kima),0.0028
2017-08-15,4.33,4.4,4.22,4.29,1344483,EGCH,Egyptian Chemical Industries (Kima),0.0028
2017-08-16,4.29,4.31,4.17,4.24,1219294,EGCH,Egyptian Chemical Industries (Kima),0.0028
2017-08-17,4.24,4.24,4.12,4.17,633510,EGCH,Egyptian Chemical Industries (Kima),0.0028
2017-08-20,4.17,4.23,4.02,4.1,595165,EGCH,Egyptian Chemical Industries (Kima),0.0028
2017-08-21,4.1,4.12,4.01,4.05,568757,EGCH,Egyptian Chemical Industries (Kima),0.0028
2017-08-22,4.05,4.1,4.01,4.05,1449416,EGCH,Egyptian Chemical Industries (Kima),0.0028
2017-08-23,4.05,4.05,3.88,3.94,862391,EGCH,Egyptian Chemical Industries (Kima),0.0028
2017-08-24,3.94,3.94,3.74,3.82,851322,EGCH,Egyptian Chemical Industries (Kima),0.0028
2017-08-27,3.82,3.89,3.77,3.82,753478,EGCH,Egyptian Chemical Industries (Kima),0.0028
2017-08-28,3.82,3.9,3.82,3.86,908386,EGCH,Egyptian Chemical Industries (Kima),0.0028
2017-08-29,3.86,3.93,3.86,3.92,932776,EGCH,Egyptian Chemical Industries (Kima),0.0028
2017-08-30,3.92,4.0,3.92,3.97,792465,EGCH,Egyptian Chemical Industries (Kima),0.0028
2017-09-05,3.97,4.04,3.97,3.98,315342,EGCH,Egyptian Chemical Industries (Kima),0.0028
2017-09-06,3.98,4.14,3.98,4.08,1774810,EGCH,Egyptian Chemical Industries (Kima),0.0028
2017-09-07,4.08,4.13,4.04,4.08,1576967,EGCH,Egyptian Chemical Industries (Kima),0.0028
2017-09-10,4.08,4.2,4.08,4.18,1119335,EGCH,Egyptian Chemical Industries (Kima),0.0028
2017-09-11,4.18,4.23,4.12,4.17,1545354,EGCH,Egyptian Chemical Industries (Kima),0.0028
2017-09-12,4.17,4.19,4.09,4.16,723736,EGCH,Egyptian Chemical Industries (Kima),0.0028
2017-09-13,4.16,4.29,4.16,4.23,2221700,EGCH,Egyptian Chemical Industries (Kima),0.0028
2017-09-14,4.23,4.3,4.19,4.26,1469187,EGCH,Egyptian Chemical Industries (Kima),0.0028
2017-09-17,4.26,4.28,4.16,4.19,964543,EGCH,Egyptian Chemical Industries (Kima),0.0028
2017-09-18,4.19,4.23,4.14,4.18,1232008,EGCH,Egyptian Chemical Industries (Kima),0.0028
2017-09-19,4.18,4.27,4.18,4.23,1836812,EGCH,Egyptian Chemical Industries (Kima),0.0028
2017-09-20,4.23,4.25,4.17,4.19,782848,EGCH,Egyptian Chemical Industries (Kima),0.0028
2017-09-24,4.19,4.35,4.19,4.29,2236038,EGCH,Egyptian Chemical Industries (Kima),0.0028
2017-09-25,4.29,4.46,4.29,4.41,2426360,EGCH,Egyptian Chemical Industries (Kima),0.0028
2017-09-26,4.41,4.53,4.32,4.41,2058385,EGCH,Egyptian Chemical Industries (Kima),0.0028
2017-09-27,4.41,4.49,4.34,4.42,1726420,EGCH,Egyptian Chemical Industries (Kima),0.0028
2017-09-28,4.42,4.5,4.38,4.44,1917534,EGCH,Egyptian Chemical Industries (Kima),0.0028
2017-10-01,4.44,4.83,4.42,4.68,7352630,EGCH,Egyptian Chemical Industries (Kima),0.0028
2017-10-02,4.68,5.15,4.68,5.01,9373765,EGCH,Egyptian Chemical Industries (Kima),0.0028
2017-10-03,5.01,5.29,5.01,5.19,4852807,EGCH,Egyptian Chemical Industries (Kima),0.0028
2017-10-04,5.19,5.64,5.11,5.46,6135717,EGCH,Egyptian Chemical Industries (Kima),0.0028
2017-10-08,5.46,5.99,5.46,5.82,4789806,EGCH,Egyptian Chemical Industries (Kima),0.0028
2017-10-09,5.82,6.17,5.77,5.91,4577521,EGCH,Egyptian Chemical Industries (Kima),0.0028
2017-10-10,5.91,6.37,5.81,6.16,5661935,EGCH,Egyptian Chemical Industries (Kima),0.0028
2017-10-11,6.16,6.24,5.81,6.02,4260791,EGCH,Egyptian Chemical Industries (Kima),0.0028
2017-10-12,6.02,6.16,5.81,5.97,3886503,EGCH,Egyptian Chemical Industries (Kima),0.0028
2017-10-15,5.97,6.47,5.97,6.25,5812533,EGCH,Egyptian Chemical Industries (Kima),0.0028
2017-10-16,6.25,6.52,6.0,6.21,5791859,EGCH,Egyptian Chemical Industries (Kima),0.0028
2017-10-17,6.21,6.32,6.05,6.21,5398224,EGCH,Egyptian Chemical Industries (Kima),0.0028
2017-10-18,6.4,6.94,6.39,6.67,9451787,EGCH,Egyptian Chemical Industries (Kima),0.0028
2017-10-19,6.67,7.19,6.55,6.88,5949615,EGCH,Egyptian Chemical Industries (Kima),0.0028
2017-10-22,6.88,6.88,6.21,6.4,7732609,EGCH,Egyptian Chemical Industries (Kima),0.0028
2017-10-23,6.4,6.4,6.08,6.2,3552335,EGCH,Egyptian Chemical Industries (Kima),0.0028
2017-10-24,6.2,6.39,6.15,6.25,2989495,EGCH,Egyptian Chemical Industries (Kima),0.0028
2017-10-25,6.25,6.36,6.17,6.24,2505724,EGCH,Egyptian Chemical Industries (Kima),0.0028
2017-10-26,6.24,6.37,6.17,6.22,2861713,EGCH,Egyptian Chemical Industries (Kima),0.0028
2017-10-29,6.22,6.3,6.19,6.23,1942729,EGCH,Egyptian Chemical Industries (Kima),0.0028
2017-10-30,6.23,6.63,6.23,6.43,8740242,EGCH,Egyptian Chemical Industries (Kima),0.0028
2017-10-31,6.69,6.79,6.51,6.67,7083598,EGCH,Egyptian Chemical Industries (Kima),0.0028
2017-11-01,6.77,7.03,6.73,6.91,6565698,EGCH,Egyptian Chemical Industries (Kima),0.0028
2017-11-02,6.91,7.18,6.84,7.0,5434004,EGCH,Egyptian Chemical Industries (Kima),0.0028
2017-11-05,7.0,7.0,6.38,6.7,6303341,EGCH,Egyptian Chemical Industries (Kima),0.0028
2017-11-06,6.7,6.74,6.36,6.54,4049763,EGCH,Egyptian Chemical Industries (Kima),0.0028
2017-11-07,6.54,6.54,6.3,6.41,3453680,EGCH,Egyptian Chemical Industries (Kima),0.0028
2017-11-08,6.41,6.73,6.41,6.64,8360449,EGCH,Egyptian Chemical Industries (Kima),0.0028
2017-11-09,6.64,6.74,6.47,6.6,2877992,EGCH,Egyptian Chemical Industries (Kima),0.0028
2017-11-12,6.6,6.63,6.31,6.43,2561190,EGCH,Egyptian Chemical Industries (Kima),0.0028
2017-11-13,6.43,6.45,6.28,6.33,2154296,EGCH,Egyptian Chemical Industries (Kima),0.0028
2017-11-14,6.33,6.49,6.32,6.41,2120034,EGCH,Egyptian Chemical Industries (Kima),0.0028
2017-11-15,6.41,6.51,6.24,6.39,2148584,EGCH,Egyptian Chemical Industries (Kima),0.0028
2017-11-16,6.39,6.41,6.19,6.28,2785533,EGCH,Egyptian Chemical Industries (Kima),0.0028
2017-11-19,6.28,6.32,5.88,6.1,2052195,EGCH,Egyptian Chemical Industries (Kima),0.0028
2017-11-20,6.1,6.1,5.78,5.87,2192509,EGCH,Egyptian Chemical Industries (Kima),0.0028
2017-11-21,5.87,5.99,5.69,5.87,1855917,EGCH,Egyptian Chemical Industries (Kima),0.0028
2017-11-22,5.87,6.36,5.77,6.06,4953779,EGCH,Egyptian Chemical Industries (Kima),0.0028
2017-11-23,6.06,6.42,6.06,6.31,2310210,EGCH,Egyptian Chemical Industries (Kima),0.0028
2017-11-26,6.31,6.33,6.21,6.28,1563662,EGCH,Egyptian Chemical Industries (Kima),0.0028
2017-11-27,6.28,6.62,6.21,6.47,4291737,EGCH,Egyptian Chemical Industries (Kima),0.0028
2017-11-28,6.47,6.73,6.47,6.63,2545332,EGCH,Egyptian Chemical Industries (Kima),0.0028
2017-11-29,6.63,6.66,6.43,6.55,3389369,EGCH,Egyptian Chemical Industries (Kima),0.0028
2017-12-03,6.55,6.82,6.55,6.72,3576200,EGCH,Egyptian Chemical Industries (Kima),0.0028
2017-12-04,6.72,6.72,6.5,6.56,1939166,EGCH,Egyptian Chemical Industries (Kima),0.0028
2017-12-05,6.56,6.79,6.56,6.67,3126009,EGCH,Egyptian Chemical Industries (Kima),0.0028
2017-12-06,6.67,6.77,6.35,6.51,3989279,EGCH,Egyptian Chemical Industries (Kima),0.0028
2017-12-07,6.51,6.51,6.26,6.36,1647590,EGCH,Egyptian Chemical Industries (Kima),0.0028
2017-12-10,6.36,6.56,6.36,6.5,1668052,EGCH,Egyptian Chemical Industries (Kima),0.0028
2017-12-11,6.5,6.8,6.5,6.69,4194251,EGCH,Egyptian Chemical Industries (Kima),0.0028
2017-12-12,6.69,6.88,6.58,6.72,3338284,EGCH,Egyptian Chemical Industries (Kima),0.0028
2017-12-13,6.72,6.72,6.55,6.62,1621809,EGCH,Egyptian Chemical Industries (Kima),0.0028
2017-12-14,6.62,6.79,6.54,6.69,3415564,EGCH,Egyptian Chemical Industries (Kima),0.0028
2017-12-17,6.69,6.77,6.6,6.69,1949381,EGCH,Egyptian Chemical Industries (Kima),0.0028
2017-12-18,6.69,6.72,6.61,6.67,1565996,EGCH,Egyptian Chemical Industries (Kima),0.0028
2017-12-19,6.67,6.73,6.47,6.64,2919734,EGCH,Egyptian Chemical Industries (Kima),0.0028
2017-12-20,6.64,6.64,6.47,6.54,1119920,EGCH,Egyptian Chemical Industries (Kima),0.0028
2017-12-21,6.54,6.54,6.27,6.36,1407733,EGCH,Egyptian Chemical Industries (Kima),0.0028
2017-12-24,6.36,6.47,6.36,6.41,930157,EGCH,Egyptian Chemical Industries (Kima),0.0028
2017-12-25,6.41,6.53,6.39,6.47,618709,EGCH,Egyptian Chemical Industries (Kima),0.0028
2017-12-26,6.47,6.51,6.28,6.36,1752767,EGCH,Egyptian Chemical Industries (Kima),0.0028
2017-12-27,6.36,6.45,6.35,6.39,1578032,EGCH,Egyptian Chemical Industries (Kima),0.0028
2017-12-28,6.59,6.59,6.43,6.51,980229,EGCH,Egyptian Chemical Industries (Kima),0.0028
2017-12-31,6.51,6.53,6.4,6.47,612245,EGCH,Egyptian Chemical Industries (Kima),0.0028
2018-01-02,6.47,6.52,6.27,6.36,2065966,EGCH,Egyptian Chemical Industries (Kima),0.0028
2018-01-03,6.36,6.45,6.28,6.37,1769024,EGCH,Egyptian Chemical Industries (Kima),0.0028
2018-01-04,6.37,6.39,6.21,6.28,1060870,EGCH,Egyptian Chemical Industries (Kima),0.0028
2018-01-08,6.28,6.35,6.2,6.27,541399,EGCH,Egyptian Chemical Industries (Kima),0.0028
2018-01-09,6.27,6.43,6.27,6.39,2073352,EGCH,Egyptian Chemical Industries (Kima),0.0028
2018-01-10,6.39,6.58,6.39,6.52,3747488,EGCH,Egyptian Chemical Industries (Kima),0.0028
2018-01-11,6.52,6.68,6.52,6.62,2395015,EGCH,Egyptian Chemical Industries (Kima),0.0028
2018-01-14,6.62,6.77,6.62,6.71,3174969,EGCH,Egyptian Chemical Industries (Kima),0.0028
2018-01-15,6.71,6.73,6.54,6.59,1311192,EGCH,Egyptian Chemical Industries (Kima),0.0028
2018-01-16,6.59,6.68,6.51,6.58,789121,EGCH,Egyptian Chemical Industries (Kima),0.0028
2018-01-17,6.58,6.73,6.57,6.67,1404874,EGCH,Egyptian Chemical Industries (Kima),0.0028
2018-01-18,6.67,7.0,6.67,6.88,5780227,EGCH,Egyptian Chemical Industries (Kima),0.0028
2018-01-21,6.88,7.04,6.77,6.91,1600864,EGCH,Egyptian Chemical Industries (Kima),0.0028
2018-01-22,6.91,6.91,6.72,6.77,1254391,EGCH,Egyptian Chemical Industries (Kima),0.0028
2018-01-23,6.77,6.9,6.76,6.83,1020367,EGCH,Egyptian Chemical Industries (Kima),0.0028
2018-01-24,6.83,6.95,6.8,6.88,1226910,EGCH,Egyptian Chemical Industries (Kima),0.0028
2018-01-28,6.88,6.93,6.77,6.84,680916,EGCH,Egyptian Chemical Industries (Kima),0.0028
2018-01-29,6.84,6.93,6.78,6.86,1396355,EGCH,Egyptian Chemical Industries (Kima),0.0028
2018-01-30,6.86,7.04,6.86,6.96,2405610,EGCH,Egyptian Chemical Industries (Kima),0.0028
2018-01-31,6.96,6.96,6.69,6.79,1102709,EGCH,Egyptian Chemical Industries (Kima),0.0028
2018-02-01,6.79,6.83,6.66,6.72,544047,EGCH,Egyptian Chemical Industries (Kima),0.0028
2018-02-04,6.72,6.72,6.36,6.45,684248,EGCH,Egyptian Chemical Industries (Kima),0.0028
2018-02-05,6.45,6.48,6.37,6.42,556039,EGCH,Egyptian Chemical Industries (Kima),0.0028
2018-02-06,6.42,6.42,5.85,6.24,566734,EGCH,Egyptian Chemical Industries (Kima),0.0028
2018-02-07,6.24,6.49,6.24,6.38,834988,EGCH,Egyptian Chemical Industries (Kima),0.0028
2018-02-08,6.38,6.55,6.21,6.35,1966185,EGCH,Egyptian Chemical Industries (Kima),0.0028
2018-02-11,6.35,6.35,5.98,6.12,1052773,EGCH,Egyptian Chemical Industries (Kima),0.0028
2018-02-12,6.12,6.2,5.97,6.03,1528686,EGCH,Egyptian Chemical Industries (Kima),0.0028
2018-02-13,6.03,6.17,5.9,6.02,1428710,EGCH,Egyptian Chemical Industries (Kima),0.0028
2018-02-14,6.02,6.07,5.93,6.02,1171800,EGCH,Egyptian Chemical Industries (Kima),0.0028
2018-02-15,6.02,6.09,5.89,5.98,890420,EGCH,Egyptian Chemical Industries (Kima),0.0028
2018-02-18,5.98,6.1,5.91,5.98,1011375,EGCH,Egyptian Chemical Industries (Kima),0.0028
2018-02-19,5.98,6.16,5.93,6.06,2886005,EGCH,Egyptian Chemical Industries (Kima),0.0028
2018-02-20,6.06,6.13,5.98,6.05,1037500,EGCH,Egyptian Chemical Industries (Kima),0.0028
2018-02-21,6.05,6.06,5.82,5.9,1293481,EGCH,Egyptian Chemical Industries (Kima),0.0028
2018-02-22,5.9,5.96,5.77,5.83,1212071,EGCH,Egyptian Chemical Industries (Kima),0.0028
2018-02-25,5.83,5.93,5.81,5.87,1012210,EGCH,Egyptian Chemical Industries (Kima),0.0028
2018-02-26,5.87,6.01,5.87,5.95,1629474,EGCH,Egyptian Chemical Industries (Kima),0.0028
2018-02-27,5.95,6.06,5.91,5.98,1421821,EGCH,Egyptian Chemical Industries (Kima),0.0028
2018-02-28,5.98,6.02,5.87,5.95,1033187,EGCH,Egyptian Chemical Industries (Kima),0.0028
2018-03-01,5.95,5.97,5.82,5.88,675463,EGCH,Egyptian Chemical Industries (Kima),0.0028
2018-03-04,5.88,6.02,5.88,5.96,1253234,EGCH,Egyptian Chemical Industries (Kima),0.0028
2018-03-05,5.96,6.11,5.96,6.06,1639146,EGCH,Egyptian Chemical Industries (Kima),0.0028
2018-03-06,6.06,6.13,5.98,6.06,916319,EGCH,Egyptian Chemical Industries (Kima),0.0028
2018-03-07,6.06,6.07,5.93,5.99,829422,EGCH,Egyptian Chemical Industries (Kima),0.0028
2018-03-08,5.99,6.0,5.84,5.89,1191249,EGCH,Egyptian Chemical Industries (Kima),0.0028
2018-03-11,5.89,5.98,5.87,5.91,1492740,EGCH,Egyptian Chemical Industries (Kima),0.0028
2018-03-12,5.91,6.03,5.91,5.98,1217530,EGCH,Egyptian Chemical Industries (Kima),0.0028
2018-03-13,5.98,6.15,5.95,6.06,2998814,EGCH,Egyptian Chemical Industries (Kima),0.0028
2018-03-14,6.06,6.07,5.85,5.91,1520879,EGCH,Egyptian Chemical Industries (Kima),0.0028
2018-03-15,5.91,5.96,5.85,5.9,694118,EGCH,Egyptian Chemical Industries (Kima),0.0028
2018-03-18,5.9,5.98,5.89,5.93,1148329,EGCH,Egyptian Chemical Industries (Kima),0.0028
2018-03-19,5.93,6.03,5.75,5.89,1428767,EGCH,Egyptian Chemical Industries (Kima),0.0028
2018-03-20,5.89,5.9,5.74,5.8,1575890,EGCH,Egyptian Chemical Industries (Kima),0.0028
2018-03-21,5.8,5.87,5.7,5.78,1865394,EGCH,Egyptian Chemical Industries (Kima),0.0028
2018-03-22,5.78,5.78,5.58,5.68,1237975,EGCH,Egyptian Chemical Industries (Kima),0.0028
2018-03-25,5.68,5.7,5.5,5.59,1193895,EGCH,Egyptian Chemical Industries (Kima),0.0028
2018-03-26,5.59,5.78,5.57,5.67,1939133,EGCH,Egyptian Chemical Industries (Kima),0.0028
2018-03-27,5.67,5.69,5.56,5.61,1674638,EGCH,Egyptian Chemical Industries (Kima),0.0028
2018-03-28,5.61,5.69,5.51,5.57,1227727,EGCH,Egyptian Chemical Industries (Kima),0.0028
2018-03-29,5.57,6.01,5.57,5.86,6942283,EGCH,Egyptian Chemical Industries (Kima),0.0028
2018-04-01,5.86,6.24,5.85,6.07,8333120,EGCH,Egyptian Chemical Industries (Kima),0.0028
2018-04-02,6.31,6.94,6.31,6.69,14586877,EGCH,Egyptian Chemical Industries (Kima),0.0028
2018-04-03,7.18,7.35,6.73,6.91,4710321,EGCH,Egyptian Chemical Industries (Kima),0.0028
2018-04-04,6.91,7.38,6.59,7.02,5124395,EGCH,Egyptian Chemical Industries (Kima),0.0028
2018-04-05,7.02,7.02,6.74,6.87,2683276,EGCH,Egyptian Chemical Industries (Kima),0.0028
2018-04-10,6.87,7.18,6.8,6.93,2624916,EGCH,Egyptian Chemical Industries (Kima),0.0028
2018-04-11,6.93,6.93,6.42,6.6,4425148,EGCH,Egyptian Chemical Industries (Kima),0.0028
2018-04-12,6.6,6.6,6.27,6.35,1119679,EGCH,Egyptian Chemical Industries (Kima),0.0028
2018-04-15,6.35,6.47,6.22,6.32,870639,EGCH,Egyptian Chemical Industries (Kima),0.0028
2018-04-16,6.32,6.37,6.23,6.29,673913,EGCH,Egyptian Chemical Industries (Kima),0.0028
2018-04-17,6.29,6.84,6.29,6.64,3641978,EGCH,Egyptian Chemical Industries (Kima),0.0028
2018-04-18,6.64,6.72,6.47,6.54,1263675,EGCH,Egyptian Chemical Industries (Kima),0.0028
2018-04-19,6.54,6.76,6.49,6.62,1944762,EGCH,Egyptian Chemical Industries (Kima),0.0028
2018-04-22,6.62,7.04,6.62,6.88,4116851,EGCH,Egyptian Chemical Industries (Kima),0.0028
2018-04-23,6.88,7.02,6.71,6.84,2298312,EGCH,Egyptian Chemical Industries (Kima),0.0028
2018-04-24,6.84,6.88,6.66,6.73,1823264,EGCH,Egyptian Chemical Industries (Kima),0.0028
2018-04-26,6.73,6.77,6.49,6.6,2225043,EGCH,Egyptian Chemical Industries (Kima),0.0028
2018-04-29,6.6,6.62,6.39,6.46,1367085,EGCH,Egyptian Chemical Industries (Kima),0.0028
2018-04-30,6.46,6.64,6.37,6.54,1216763,EGCH,Egyptian Chemical Industries (Kima),0.0028
2018-05-02,6.54,6.7,5.88,6.58,2036575,EGCH,Egyptian Chemical Industries (Kima),0.0028
2018-05-03,6.58,6.58,6.31,6.4,1036652,EGCH,Egyptian Chemical Industries (Kima),0.0028
2018-05-06,6.4,6.52,6.17,6.29,1389352,EGCH,Egyptian Chemical Industries (Kima),0.0028
2018-05-07,6.29,6.29,6.16,6.21,488242,EGCH,Egyptian Chemical Industries (Kima),0.0028
2018-05-08,6.21,6.43,6.21,6.29,1160160,EGCH,Egyptian Chemical Industries (Kima),0.0028
2018-05-09,6.29,6.39,5.93,6.2,1947218,EGCH,Egyptian Chemical Industries (Kima),0.0028
2018-05-10,6.2,6.2,5.9,5.98,938840,EGCH,Egyptian Chemical Industries (Kima),0.0028
2018-05-13,5.98,6.1,5.8,5.9,1280055,EGCH,Egyptian Chemical Industries (Kima),0.0028
2018-05-14,5.9,5.95,5.8,5.87,592612,EGCH,Egyptian Chemical Industries (Kima),0.0028
2018-05-15,5.87,5.98,5.85,5.9,448579,EGCH,Egyptian Chemical Industries (Kima),0.0028
2018-05-16,5.9,5.93,5.8,5.85,666018,EGCH,Egyptian Chemical Industries (Kima),0.0028
2018-05-17,5.85,5.89,5.74,5.76,678678,EGCH,Egyptian Chemical Industries (Kima),0.0028
2018-05-20,5.76,5.81,5.67,5.74,233270,EGCH,Egyptian Chemical Industries (Kima),0.0028
2018-05-21,5.74,5.9,5.74,5.79,575411,EGCH,Egyptian Chemical Industries (Kima),0.0028
2018-05-22,5.79,5.86,5.72,5.76,426623,EGCH,Egyptian Chemical Industries (Kima),0.0028
2018-05-23,5.76,5.9,5.76,5.85,548272,EGCH,Egyptian Chemical Industries (Kima),0.0028
2018-05-24,5.85,5.87,5.78,5.82,222236,EGCH,Egyptian Chemical Industries (Kima),0.0028
2018-05-27,5.82,6.07,5.82,5.98,1197718,EGCH,Egyptian Chemical Industries (Kima),0.0028
2018-05-28,5.98,6.03,5.93,5.98,520039,EGCH,Egyptian Chemical Industries (Kima),0.0028
2018-05-29,5.98,6.07,5.87,5.93,1087035,EGCH,Egyptian Chemical Industries (Kima),0.0028
2018-05-30,5.93,5.93,5.72,5.76,680009,EGCH,Egyptian Chemical Industries (Kima),0.0028
2018-05-31,5.76,5.79,5.61,5.67,636007,EGCH,Egyptian Chemical Industries (Kima),0.0028
2018-06-03,5.67,5.77,5.67,5.74,262574,EGCH,Egyptian Chemical Industries (Kima),0.0028
2018-06-04,5.74,5.82,5.59,5.7,853392,EGCH,Egyptian Chemical Industries (Kima),0.0028
2018-06-05,5.7,5.7,5.32,5.51,309822,EGCH,Egyptian Chemical Industries (Kima),0.0028
2018-06-06,5.51,5.58,5.03,5.28,489050,EGCH,Egyptian Chemical Industries (Kima),0.0028
2018-06-07,5.28,5.28,5.0,5.09,582124,EGCH,Egyptian Chemical Industries (Kima),0.0028
2018-06-10,5.09,5.2,5.08,5.13,192362,EGCH,Egyptian Chemical Industries (Kima),0.0028
2018-06-11,5.13,5.18,4.94,5.0,524502,EGCH,Egyptian Chemical Industries (Kima),0.0028
2018-06-12,5.0,5.03,4.94,4.99,460746,EGCH,Egyptian Chemical Industries (Kima),0.0028
2018-06-13,4.99,5.2,4.99,5.13,425002,EGCH,Egyptian Chemical Industries (Kima),0.0028
2018-06-14,5.13,5.17,5.01,5.09,243410,EGCH,Egyptian Chemical Industries (Kima),0.0028
2018-06-19,5.09,5.11,5.04,5.06,336676,EGCH,Egyptian Chemical Industries (Kima),0.0028
2018-06-20,5.06,5.27,5.06,5.19,701179,EGCH,Egyptian Chemical Industries (Kima),0.0028
2018-06-21,5.19,5.46,5.19,5.37,1183211,EGCH,Egyptian Chemical Industries (Kima),0.0028
2018-06-24,5.37,5.57,5.37,5.5,1784395,EGCH,Egyptian Chemical Industries (Kima),0.0028
2018-06-25,5.5,5.54,5.28,5.41,777831,EGCH,Egyptian Chemical Industries (Kima),0.0028
2018-06-26,5.41,5.41,5.12,5.2,606004,EGCH,Egyptian Chemical Industries (Kima),0.0028
2018-06-27,5.2,5.28,5.14,5.2,406548,EGCH,Egyptian Chemical Industries (Kima),0.0028
2018-06-28,5.2,5.27,5.09,5.15,840536,EGCH,Egyptian Chemical Industries (Kima),0.0028
2018-07-02,5.15,5.24,5.1,5.17,319633,EGCH,Egyptian Chemical Industries (Kima),0.0028
2018-07-03,5.17,5.37,5.17,5.3,1697740,EGCH,Egyptian Chemical Industries (Kima),0.0028
2018-07-04,5.3,5.35,5.16,5.24,1007004,EGCH,Egyptian Chemical Industries (Kima),0.0028
2018-07-05,5.24,5.24,5.11,5.16,264515,EGCH,Egyptian Chemical Industries (Kima),0.0028
2018-07-08,5.16,5.3,4.74,4.97,783744,EGCH,Egyptian Chemical Industries (Kima),0.0028
2018-07-09,4.97,5.0,4.69,4.88,633358,EGCH,Egyptian Chemical Industries (Kima),0.0028
2018-07-10,4.88,5.2,4.88,5.06,1692163,EGCH,Egyptian Chemical Industries (Kima),0.0028
2018-07-11,5.06,5.49,5.06,5.34,4141979,EGCH,Egyptian Chemical Industries (Kima),0.0028
2018-07-12,5.34,5.49,5.2,5.31,1515671,EGCH,Egyptian Chemical Industries (Kima),0.0028
2018-07-15,5.31,5.32,5.13,5.24,1540590,EGCH,Egyptian Chemical Industries (Kima),0.0028
2018-07-16,5.24,5.24,5.01,5.11,529902,EGCH,Egyptian Chemical Industries (Kima),0.0028
2018-07-17,5.11,5.12,4.9,4.95,1090227,EGCH,Egyptian Chemical Industries (Kima),0.0028
2018-07-18,4.95,5.07,4.91,4.95,1365141,EGCH,Egyptian Chemical Industries (Kima),0.0028
2018-07-19,4.95,4.97,4.83,4.88,585449,EGCH,Egyptian Chemical Industries (Kima),0.0028
2018-07-22,4.88,4.9,4.75,4.79,551927,EGCH,Egyptian Chemical Industries (Kima),0.0028
2018-07-24,4.79,4.97,4.79,4.87,1048869,EGCH,Egyptian Chemical Industries (Kima),0.0028
2018-07-25,4.87,4.87,4.38,4.49,1621809,EGCH,Egyptian Chemical Industries (Kima),0.0028
2018-07-26,4.5,4.5,4.28,4.4,597933,EGCH,Egyptian Chemical Industries (Kima),0.0028
2018-07-29,4.4,4.53,4.37,4.45,747738,EGCH,Egyptian Chemical Industries (Kima),0.0028
2018-07-30,4.45,4.51,4.23,4.33,2095332,EGCH,Egyptian Chemical Industries (Kima),0.0028
2018-07-31,4.33,4.33,4.19,4.24,2507840,EGCH,Egyptian Chemical Industries (Kima),0.0028
2018-08-01,4.24,4.37,4.2,4.3,2067598,EGCH,Egyptian Chemical Industries (Kima),0.0028
2018-08-02,4.3,4.32,4.2,4.24,744895,EGCH,Egyptian Chemical Industries (Kima),0.0028
2018-08-05,4.24,4.29,4.2,4.25,663282,EGCH,Egyptian Chemical Industries (Kima),0.0028
2018-08-06,4.25,4.32,4.23,4.27,580204,EGCH,Egyptian Chemical Industries (Kima),0.0028
2018-08-07,4.27,4.67,4.27,4.51,4941899,EGCH,Egyptian Chemical Industries (Kima),0.0028
2018-08-08,4.51,4.77,4.51,4.67,1853675,EGCH,Egyptian Chemical Industries (Kima),0.0028
2018-08-09,4.67,4.75,4.55,4.64,1146551,EGCH,Egyptian Chemical Industries (Kima),0.0028
2018-08-12,4.64,4.79,4.57,4.68,1895056,EGCH,Egyptian Chemical Industries (Kima),0.0028
2018-08-13,4.68,4.68,4.39,4.51,1001332,EGCH,Egyptian Chemical Industries (Kima),0.0028
2018-08-14,4.51,4.59,4.38,4.49,1608534,EGCH,Egyptian Chemical Industries (Kima),0.0028
2018-08-15,4.49,4.63,4.46,4.55,695954,EGCH,Egyptian Chemical Industries (Kima),0.0028
2018-08-16,4.55,4.69,4.53,4.64,1098527,EGCH,Egyptian Chemical Industries (Kima),0.0028
2018-08-19,4.64,4.76,4.64,4.71,1014465,EGCH,Egyptian Chemical Industries (Kima),0.0028
2018-08-26,4.71,4.75,4.56,4.64,1068641,EGCH,Egyptian Chemical Industries (Kima),0.0028
2018-08-27,4.64,4.64,4.44,4.5,2284577,EGCH,Egyptian Chemical Industries (Kima),0.0028
2018-08-28,4.5,4.95,4.5,4.87,3490393,EGCH,Egyptian Chemical Industries (Kima),0.0028
2018-08-29,4.87,5.03,4.85,4.93,688378,EGCH,Egyptian Chemical Industries (Kima),0.0028
2018-08-30,4.93,4.98,4.8,4.89,1093877,EGCH,Egyptian Chemical Industries (Kima),0.0028
2018-09-02,4.89,4.98,4.89,4.94,64422,EGCH,Egyptian Chemical Industries (Kima),0.0028
2018-09-03,4.94,5.2,4.94,5.09,1839089,EGCH,Egyptian Chemical Industries (Kima),0.0028
2018-09-04,5.09,5.34,5.09,5.24,2047166,EGCH,Egyptian Chemical Industries (Kima),0.0028
2018-09-05,5.24,5.24,4.97,5.05,1119051,EGCH,Egyptian Chemical Industries (Kima),0.0028
2018-09-06,5.05,5.15,5.03,5.08,566928,EGCH,Egyptian Chemical Industries (Kima),0.0028
2018-09-09,5.08,5.24,5.08,5.16,1065809,EGCH,Egyptian Chemical Industries (Kima),0.0028
2018-09-10,5.16,5.17,4.98,5.06,968090,EGCH,Egyptian Chemical Industries (Kima),0.0028
2018-09-12,5.06,5.09,4.79,4.95,1414797,EGCH,Egyptian Chemical Industries (Kima),0.0028
2018-09-13,4.95,4.95,4.6,4.7,1020718,EGCH,Egyptian Chemical Industries (Kima),0.0028
2018-09-16,4.7,4.7,4.34,4.46,688989,EGCH,Egyptian Chemical Industries (Kima),0.0028
2018-09-17,4.46,4.51,4.3,4.43,906212,EGCH,Egyptian Chemical Industries (Kima),0.0028
2018-09-18,4.43,4.86,4.23,4.37,1200374,EGCH,Egyptian Chemical Industries (Kima),0.0028
2018-09-19,4.37,4.37,3.93,4.08,2739608,EGCH,Egyptian Chemical Industries (Kima),0.0028
2018-09-20,4.08,4.14,3.68,3.83,1745942,EGCH,Egyptian Chemical Industries (Kima),0.0028
2018-09-23,3.83,4.04,3.83,3.94,891550,EGCH,Egyptian Chemical Industries (Kima),0.0028
2018-09-24,3.94,4.05,3.86,3.95,698336,EGCH,Egyptian Chemical Industries (Kima),0.0028
2018-09-25,3.95,4.24,3.95,4.16,1165483,EGCH,Egyptian Chemical Industries (Kima),0.0028
2018-09-26,4.16,4.39,4.16,4.28,1643511,EGCH,Egyptian Chemical Industries (Kima),0.0028
2018-09-27,4.28,4.28,4.12,4.2,940645,EGCH,Egyptian Chemical Industries (Kima),0.0028
2018-09-30,4.2,4.34,4.16,4.23,605937,EGCH,Egyptian Chemical Industries (Kima),0.0028
2018-10-01,4.23,4.27,4.12,4.18,621606,EGCH,Egyptian Chemical Industries (Kima),0.0028
2018-10-02,4.18,4.27,4.15,4.23,1042273,EGCH,Egyptian Chemical Industries (Kima),0.0028
2018-10-03,4.23,4.34,4.14,4.23,860502,EGCH,Egyptian Chemical Industries (Kima),0.0028
2018-10-04,4.23,4.23,4.13,4.16,400542,EGCH,Egyptian Chemical Industries (Kima),0.0028
2018-10-08,4.16,4.2,3.9,3.97,682728,EGCH,Egyptian Chemical Industries (Kima),0.0028
2018-10-09,3.97,4.04,3.79,3.92,496672,EGCH,Egyptian Chemical Industries (Kima),0.0028
2018-10-10,3.92,4.06,3.9,4.0,353286,EGCH,Egyptian Chemical Industries (Kima),0.0028
2018-10-11,4.0,4.05,3.8,3.97,736590,EGCH,Egyptian Chemical Industries (Kima),0.0028
2018-10-14,3.97,4.18,3.97,4.08,284846,EGCH,Egyptian Chemical Industries (Kima),0.0028
2018-10-15,4.08,4.08,3.94,3.97,351258,EGCH,Egyptian Chemical Industries (Kima),0.0028
2018-10-16,3.97,4.12,3.97,4.08,359181,EGCH,Egyptian Chemical Industries (Kima),0.0028
2018-10-17,4.08,4.29,4.08,4.23,1007870,EGCH,Egyptian Chemical Industries (Kima),0.0028
2018-10-18,4.23,4.23,4.08,4.16,533525,EGCH,Egyptian Chemical Industries (Kima),0.0028
2018-10-21,4.16,4.18,3.99,4.09,569392,EGCH,Egyptian Chemical Industries (Kima),0.0028
2018-10-22,4.09,4.27,4.09,4.22,1470852,EGCH,Egyptian Chemical Industries (Kima),0.0028
2018-10-23,4.22,4.28,4.05,4.18,1371162,EGCH,Egyptian Chemical Industries (Kima),0.0028
2018-10-24,4.18,4.18,3.99,4.05,615791,EGCH,Egyptian Chemical Industries (Kima),0.0028
2018-10-25,4.05,4.05,3.92,3.98,676690,EGCH,Egyptian Chemical Industries (Kima),0.0028
2018-10-28,3.98,4.08,3.98,4.04,477820,EGCH,Egyptian Chemical Industries (Kima),0.0028
2018-10-29,4.04,4.16,3.99,4.09,957612,EGCH,Egyptian Chemical Industries (Kima),0.0028
2018-10-30,4.09,4.32,4.08,4.23,1959571,EGCH,Egyptian Chemical Industries (Kima),0.0028
2018-10-31,4.23,4.38,4.23,4.33,2322256,EGCH,Egyptian Chemical Industries (Kima),0.0028
2018-11-01,4.33,4.33,4.13,4.2,1117340,EGCH,Egyptian Chemical Industries (Kima),0.0028
2018-11-04,4.2,4.26,4.12,4.18,1124071,EGCH,Egyptian Chemical Industries (Kima),0.0028
2018-11-05,4.18,4.35,4.18,4.28,1402777,EGCH,Egyptian Chemical Industries (Kima),0.0028
2018-11-06,4.28,4.6,4.28,4.5,2907373,EGCH,Egyptian Chemical Industries (Kima),0.0028
2018-11-07,4.5,4.63,4.46,4.57,1955576,EGCH,Egyptian Chemical Industries (Kima),0.0028
2018-11-08,4.57,4.59,4.41,4.49,2020836,EGCH,Egyptian Chemical Industries (Kima),0.0028
2018-11-11,4.49,4.6,4.42,4.5,1655668,EGCH,Egyptian Chemical Industries (Kima),0.0028
2018-11-12,4.5,4.79,4.46,4.68,3049512,EGCH,Egyptian Chemical Industries (Kima),0.0028
2018-11-13,4.68,4.86,4.63,4.7,3668306,EGCH,Egyptian Chemical Industries (Kima),0.0028
2018-11-14,4.7,4.75,4.58,4.68,823840,EGCH,Egyptian Chemical Industries (Kima),0.0028
2018-11-15,4.68,4.79,4.68,4.74,1208686,EGCH,Egyptian Chemical Industries (Kima),0.0028
2018-11-18,4.74,4.8,4.68,4.74,1504512,EGCH,Egyptian Chemical Industries (Kima),0.0028
2018-11-19,4.74,4.94,4.74,4.88,3186676,EGCH,Egyptian Chemical Industries (Kima),0.0028
2018-11-21,4.88,4.98,4.79,4.9,1978393,EGCH,Egyptian Chemical Industries (Kima),0.0028
2018-11-22,4.9,5.38,4.9,5.2,6670974,EGCH,Egyptian Chemical Industries (Kima),0.0028
2018-11-25,5.2,5.25,5.01,5.12,2883429,EGCH,Egyptian Chemical Industries (Kima),0.0028
2018-11-26,5.12,5.21,5.07,5.16,1229886,EGCH,Egyptian Chemical Industries (Kima),0.0028
2018-11-27,5.16,5.57,5.16,5.4,4516699,EGCH,Egyptian Chemical Industries (Kima),0.0028
2018-11-28,5.4,5.64,5.39,5.51,2663884,EGCH,Egyptian Chemical Industries (Kima),0.0028
2018-11-29,5.51,5.55,5.35,5.46,1724634,EGCH,Egyptian Chemical Industries (Kima),0.0028
2018-12-02,5.46,5.76,5.44,5.62,3132922,EGCH,Egyptian Chemical Industries (Kima),0.0028
2018-12-03,5.62,5.7,5.38,5.51,2269525,EGCH,Egyptian Chemical Industries (Kima),0.0028
2018-12-04,5.51,5.51,5.2,5.31,4844811,EGCH,Egyptian Chemical Industries (Kima),0.0028
2018-12-05,5.31,5.34,5.05,5.16,3451823,EGCH,Egyptian Chemical Industries (Kima),0.0028
2018-12-06,5.16,5.34,4.98,5.15,2846263,EGCH,Egyptian Chemical Industries (Kima),0.0028
2018-12-09,5.15,5.15,4.77,4.88,2198783,EGCH,Egyptian Chemical Industries (Kima),0.0028
2018-12-10,4.88,5.37,4.88,5.19,3855708,EGCH,Egyptian Chemical Industries (Kima),0.0028
2018-12-11,5.19,5.66,5.19,5.54,3662905,EGCH,Egyptian Chemical Industries (Kima),0.0028
2018-12-12,5.54,5.88,5.54,5.74,4959821,EGCH,Egyptian Chemical Industries (Kima),0.0028
2018-12-13,5.74,5.97,5.64,5.79,3973445,EGCH,Egyptian Chemical Industries (Kima),0.0028
2018-12-16,5.79,5.8,5.64,5.74,1512969,EGCH,Egyptian Chemical Industries (Kima),0.0028
2018-12-17,5.74,5.82,5.69,5.74,1039332,EGCH,Egyptian Chemical Industries (Kima),0.0028
2018-12-18,5.74,5.76,5.56,5.64,1761589,EGCH,Egyptian Chemical Industries (Kima),0.0028
2018-12-19,5.64,5.79,5.58,5.69,2609594,EGCH,Egyptian Chemical Industries (Kima),0.0028
2018-12-20,5.69,5.69,5.46,5.54,2447475,EGCH,Egyptian Chemical Industries (Kima),0.0028
2018-12-23,5.54,5.54,5.13,5.3,3005414,EGCH,Egyptian Chemical Industries (Kima),0.0028
2018-12-24,5.3,5.38,5.11,5.26,2111960,EGCH,Egyptian Chemical Industries (Kima),0.0028
2018-12-25,5.26,5.41,5.21,5.31,2208079,EGCH,Egyptian Chemical Industries (Kima),0.0028
2018-12-26,5.31,5.49,5.31,5.39,2615621,EGCH,Egyptian Chemical Industries (Kima),0.0028
2018-12-27,5.39,5.52,5.36,5.44,3244826,EGCH,Egyptian Chemical Industries (Kima),0.0028
2018-12-30,5.44,5.5,5.37,5.44,2231134,EGCH,Egyptian Chemical Industries (Kima),0.0028
2018-12-31,5.44,5.71,5.44,5.64,4335122,EGCH,Egyptian Chemical Industries (Kima),0.0028
2019-01-02,5.64,5.86,5.64,5.75,2195630,EGCH,Egyptian Chemical Industries (Kima),0.0028
2019-01-03,5.75,5.8,5.61,5.69,2103699,EGCH,Egyptian Chemical Industries (Kima),0.0028
2019-01-06,5.69,5.76,5.64,5.71,1334833,EGCH,Egyptian Chemical Industries (Kima),0.0028
2019-01-08,5.71,6.02,5.71,5.9,5229455,EGCH,Egyptian Chemical Industries (Kima),0.0028
2019-01-09,5.9,6.05,5.74,5.86,3086881,EGCH,Egyptian Chemical Industries (Kima),0.0028
2019-01-10,5.86,6.08,5.74,5.98,4042536,EGCH,Egyptian Chemical Industries (Kima),0.0028
2019-01-13,5.98,6.22,5.98,6.12,3043966,EGCH,Egyptian Chemical Industries (Kima),0.0028
2019-01-14,6.12,6.17,5.97,6.06,2121587,EGCH,Egyptian Chemical Industries (Kima),0.0028
2019-01-15,6.06,6.25,6.06,6.18,2876256,EGCH,Egyptian Chemical Industries (Kima),0.0028
2019-01-16,6.18,6.25,6.01,6.1,1550841,EGCH,Egyptian Chemical Industries (Kima),0.0028
2019-01-17,6.1,6.13,5.87,5.95,3290511,EGCH,Egyptian Chemical Industries (Kima),0.0028
2019-01-20,5.95,6.02,5.86,5.91,1252189,EGCH,Egyptian Chemical Industries (Kima),0.0028
2019-01-21,5.91,6.11,5.91,6.05,1944897,EGCH,Egyptian Chemical Industries (Kima),0.0028
2019-01-22,6.05,6.13,5.88,5.96,2261429,EGCH,Egyptian Chemical Industries (Kima),0.0028
2019-01-23,5.96,6.05,5.88,5.97,1076594,EGCH,Egyptian Chemical Industries (Kima),0.0028
2019-01-27,5.97,6.25,5.97,6.18,2345087,EGCH,Egyptian Chemical Industries (Kima),0.0028
2019-01-28,6.18,6.22,6.06,6.13,1163584,EGCH,Egyptian Chemical Industries (Kima),0.0028
2019-01-29,6.13,6.17,6.06,6.1,894021,EGCH,Egyptian Chemical Industries (Kima),0.0028
2019-01-30,6.1,6.37,6.1,6.27,3029772,EGCH,Egyptian Chemical Industries (Kima),0.0028
2019-01-31,6.27,6.27,6.07,6.16,1819307,EGCH,Egyptian Chemical Industries (Kima),0.0028
2019-02-03,6.16,6.2,6.1,6.13,1398756,EGCH,Egyptian Chemical Industries (Kima),0.0028
2019-02-04,6.13,6.13,5.92,6.02,1940164,EGCH,Egyptian Chemical Industries (Kima),0.0028
2019-02-05,6.02,6.12,6.0,6.06,927714,EGCH,Egyptian Chemical Industries (Kima),0.0028
2019-02-06,6.06,6.11,5.97,6.06,1149632,EGCH,Egyptian Chemical Industries (Kima),0.0028
2019-02-07,6.06,6.26,6.06,6.17,2451647,EGCH,Egyptian Chemical Industries (Kima),0.0028
2019-02-10,6.17,6.21,6.02,6.1,1175134,EGCH,Egyptian Chemical Industries (Kima),0.0028
2019-02-11,6.1,6.3,6.1,6.22,3076601,EGCH,Egyptian Chemical Industries (Kima),0.0028
2019-02-12,6.22,6.22,6.11,6.16,1406888,EGCH,Egyptian Chemical Industries (Kima),0.0028
2019-02-13,6.16,6.21,6.02,6.1,1950767,EGCH,Egyptian Chemical Industries (Kima),0.0028
2019-02-14,6.1,6.19,6.03,6.11,1621421,EGCH,Egyptian Chemical Industries (Kima),0.0028
2019-02-17,6.11,6.24,6.11,6.18,1483354,EGCH,Egyptian Chemical Industries (Kima),0.0028
2019-02-18,6.18,6.2,6.06,6.12,1232470,EGCH,Egyptian Chemical Industries (Kima),0.0028
2019-02-19,6.12,6.12,6.03,6.06,1224300,EGCH,Egyptian Chemical Industries (Kima),0.0028
2019-02-20,6.06,6.17,6.02,6.06,2556704,EGCH,Egyptian Chemical Industries (Kima),0.0028
2019-02-21,6.06,6.1,5.98,6.02,576747,EGCH,Egyptian Chemical Industries (Kima),0.0028
2019-02-24,6.02,6.06,5.92,5.98,614047,EGCH,Egyptian Chemical Industries (Kima),0.0028
2019-02-25,5.98,6.07,5.96,6.02,472490,EGCH,Egyptian Chemical Industries (Kima),0.0028
2019-02-26,6.02,6.08,5.93,5.99,983560,EGCH,Egyptian Chemical Industries (Kima),0.0028
2019-02-27,5.99,5.99,5.93,5.96,400683,EGCH,Egyptian Chemical Industries (Kima),0.0028
2019-02-28,5.96,6.05,5.85,5.95,796334,EGCH,Egyptian Chemical Industries (Kima),0.0028
2019-03-03,5.95,6.17,5.9,6.07,2459553,EGCH,Egyptian Chemical Industries (Kima),0.0028
2019-03-04,6.07,6.08,5.9,5.99,748680,EGCH,Egyptian Chemical Industries (Kima),0.0028
2019-03-05,5.99,6.06,5.92,5.98,829502,EGCH,Egyptian Chemical Industries (Kima),0.0028
2019-03-06,5.98,6.0,5.81,5.87,1408667,EGCH,Egyptian Chemical Industries (Kima),0.0028
2019-03-07,5.87,5.97,5.81,5.91,1305082,EGCH,Egyptian Chemical Industries (Kima),0.0028
2019-03-10,5.91,6.03,5.91,5.98,782933,EGCH,Egyptian Chemical Industries (Kima),0.0028
2019-03-11,5.98,5.99,5.9,5.95,901973,EGCH,Egyptian Chemical Industries (Kima),0.0028
2019-03-12,5.95,6.09,5.91,6.02,2617290,EGCH,Egyptian Chemical Industries (Kima),0.0028
2019-03-13,6.02,6.08,5.92,5.98,1215169,EGCH,Egyptian Chemical Industries (Kima),0.0028
2019-03-14,5.98,5.99,5.85,5.89,631243,EGCH,Egyptian Chemical Industries (Kima),0.0028
2019-03-17,5.89,6.06,5.89,5.98,2346506,EGCH,Egyptian Chemical Industries (Kima),0.0028
2019-03-18,5.98,6.02,5.81,5.89,1622099,EGCH,Egyptian Chemical Industries (Kima),0.0028
2019-03-19,5.89,5.89,5.65,5.75,843415,EGCH,Egyptian Chemical Industries (Kima),0.0028
2019-03-20,5.75,5.81,5.69,5.75,897623,EGCH,Egyptian Chemical Industries (Kima),0.0028
2019-03-21,5.75,5.84,5.67,5.76,740314,EGCH,Egyptian Chemical Industries (Kima),0.0028
2019-03-24,5.76,5.81,5.65,5.69,726769,EGCH,Egyptian Chemical Industries (Kima),0.0028
2019-03-25,5.69,5.69,5.39,5.46,1525902,EGCH,Egyptian Chemical Industries (Kima),0.0028
2019-03-26,5.46,5.46,5.26,5.37,715231,EGCH,Egyptian Chemical Industries (Kima),0.0028
2019-03-27,5.37,5.47,5.22,5.31,858393,EGCH,Egyptian Chemical Industries (Kima),0.0028
2019-03-28,5.31,5.41,5.2,5.34,996556,EGCH,Egyptian Chemical Industries (Kima),0.0028
2019-03-31,5.34,5.44,5.31,5.37,365946,EGCH,Egyptian Chemical Industries (Kima),0.0028
2019-04-01,5.37,5.41,5.31,5.37,358879,EGCH,Egyptian Chemical Industries (Kima),0.0028
2019-04-02,5.37,5.42,5.35,5.38,365504,EGCH,Egyptian Chemical Industries (Kima),0.0028
2019-04-03,5.38,5.39,5.29,5.32,363399,EGCH,Egyptian Chemical Industries (Kima),0.0028
2019-04-04,5.32,5.38,5.28,5.31,340045,EGCH,Egyptian Chemical Industries (Kima),0.0028
2019-04-07,5.31,5.39,5.26,5.31,394437,EGCH,Egyptian Chemical Industries (Kima),0.0028
2019-04-08,5.31,5.31,5.16,5.24,548572,EGCH,Egyptian Chemical Industries (Kima),0.0028
2019-04-09,5.24,5.24,5.09,5.15,504179,EGCH,Egyptian Chemical Industries (Kima),0.0028
2019-04-10,5.15,5.26,5.15,5.2,398834,EGCH,Egyptian Chemical Industries (Kima),0.0028
2019-04-11,5.2,5.21,5.13,5.16,372911,EGCH,Egyptian Chemical Industries (Kima),0.0028
2019-04-14,5.16,5.22,5.14,5.18,322211,EGCH,Egyptian Chemical Industries (Kima),0.0028
2019-04-15,5.18,5.19,5.11,5.14,466495,EGCH,Egyptian Chemical Industries (Kima),0.0028
2019-04-16,5.14,5.15,4.91,5.05,610405,EGCH,Egyptian Chemical Industries (Kima),0.0028
2019-04-17,5.05,5.05,4.91,5.01,322163,EGCH,Egyptian Chemical Industries (Kima),0.0028
2019-04-18,5.01,5.06,4.94,4.98,407575,EGCH,Egyptian Chemical Industries (Kima),0.0028
2019-04-21,4.98,5.04,4.91,4.95,191224,EGCH,Egyptian Chemical Industries (Kima),0.0028
2019-04-22,4.95,5.35,4.95,5.22,2715196,EGCH,Egyptian Chemical Industries (Kima),0.0028
2019-04-23,5.22,5.3,5.14,5.21,728484,EGCH,Egyptian Chemical Industries (Kima),0.0028
2019-04-24,5.21,5.28,5.17,5.21,379056,EGCH,Egyptian Chemical Industries (Kima),0.0028
2019-04-30,5.21,5.24,5.13,5.16,315566,EGCH,Egyptian Chemical Industries (Kima),0.0028
2019-05-02,5.16,5.21,5.05,5.09,330581,EGCH,Egyptian Chemical Industries (Kima),0.0028
2019-05-05,5.09,5.16,4.96,5.0,257546,EGCH,Egyptian Chemical Industries (Kima),0.0028
2019-05-06,5.0,5.0,4.66,4.76,354303,EGCH,Egyptian Chemical Industries (Kima),0.0028
2019-05-07,4.76,4.83,4.54,4.67,746239,EGCH,Egyptian Chemical Industries (Kima),0.0028
2019-05-08,4.67,4.67,4.2,4.33,1839863,EGCH,Egyptian Chemical Industries (Kima),0.0028
2019-05-09,4.33,4.45,4.04,4.3,1897339,EGCH,Egyptian Chemical Industries (Kima),0.0028
2019-05-12,4.3,4.49,4.3,4.41,743352,EGCH,Egyptian Chemical Industries (Kima),0.0028
2019-05-13,4.41,4.42,4.19,4.29,1938505,EGCH,Egyptian Chemical Industries (Kima),0.0028
2019-05-14,4.29,4.4,4.23,4.31,719350,EGCH,Egyptian Chemical Industries (Kima),0.0028
2019-05-15,4.31,4.36,4.12,4.25,2465464,EGCH,Egyptian Chemical Industries (Kima),0.0028
2019-05-16,4.25,4.26,4.15,4.19,783551,EGCH,Egyptian Chemical Industries (Kima),0.0028
2019-05-19,4.19,4.22,4.06,4.12,452125,EGCH,Egyptian Chemical Industries (Kima),0.0028
2019-05-20,4.12,4.12,4.02,4.04,414033,EGCH,Egyptian Chemical Industries (Kima),0.0028
2019-05-21,4.04,4.23,3.96,4.16,727401,EGCH,Egyptian Chemical Industries (Kima),0.0028
2019-05-22,4.16,4.27,4.14,4.22,1236610,EGCH,Egyptian Chemical Industries (Kima),0.0028
2019-05-23,4.22,4.27,4.16,4.22,984668,EGCH,Egyptian Chemical Industries (Kima),0.0028
2019-05-26,4.22,4.53,4.22,4.37,3145948,EGCH,Egyptian Chemical Industries (Kima),0.0028
2019-05-27,4.37,4.8,4.37,4.66,4761702,EGCH,Egyptian Chemical Industries (Kima),0.0028
2019-05-28,4.66,5.01,4.66,4.9,3819054,EGCH,Egyptian Chemical Industries (Kima),0.0028
2019-05-29,4.9,4.9,4.68,4.77,1281334,EGCH,Egyptian Chemical Industries (Kima),0.0028
2019-05-30,4.77,4.77,4.56,4.65,1261557,EGCH,Egyptian Chemical Industries (Kima),0.0028
2019-06-02,4.65,4.7,4.49,4.63,596072,EGCH,Egyptian Chemical Industries (Kima),0.0028
2019-06-03,4.63,4.78,4.63,4.7,512276,EGCH,Egyptian Chemical Industries (Kima),0.0028
2019-06-09,4.7,4.94,4.7,4.89,1243820,EGCH,Egyptian Chemical Industries (Kima),0.0028
2019-06-10,4.89,5.01,4.89,4.95,1937544,EGCH,Egyptian Chemical Industries (Kima),0.0028
2019-06-11,4.95,5.04,4.86,4.93,1010491,EGCH,Egyptian Chemical Industries (Kima),0.0028
2019-06-12,4.93,4.93,4.84,4.88,495725,EGCH,Egyptian Chemical Industries (Kima),0.0028
2019-06-13,4.88,4.93,4.81,4.87,1064471,EGCH,Egyptian Chemical Industries (Kima),0.0028
2019-06-16,4.87,5.21,4.87,5.1,3305227,EGCH,Egyptian Chemical Industries (Kima),0.0028
2019-06-17,5.1,5.27,5.1,5.2,2298620,EGCH,Egyptian Chemical Industries (Kima),0.0028
2019-06-18,5.2,5.24,5.13,5.19,970354,EGCH,Egyptian Chemical Industries (Kima),0.0028
2019-06-19,5.19,5.28,5.1,5.18,860033,EGCH,Egyptian Chemical Industries (Kima),0.0028
2019-06-20,5.18,5.21,5.0,5.09,1036461,EGCH,Egyptian Chemical Industries (Kima),0.0028
2019-06-23,5.09,5.21,5.06,5.12,674424,EGCH,Egyptian Chemical Industries (Kima),0.0028
2019-06-24,5.12,5.18,4.98,5.05,715752,EGCH,Egyptian Chemical Industries (Kima),0.0028
2019-06-25,5.05,5.05,4.87,4.94,1747526,EGCH,Egyptian Chemical Industries (Kima),0.0028
2019-06-26,4.94,5.08,4.94,5.03,987334,EGCH,Egyptian Chemical Industries (Kima),0.0028
2019-06-27,5.03,5.17,5.03,5.12,1488753,EGCH,Egyptian Chemical Industries (Kima),0.0028
2019-07-02,5.12,5.42,5.12,5.3,3473129,EGCH,Egyptian Chemical Industries (Kima),0.0028
2019-07-03,5.3,5.5,5.3,5.42,2524532,EGCH,Egyptian Chemical Industries (Kima),0.0028
2019-07-04,5.42,5.42,5.27,5.31,1677929,EGCH,Egyptian Chemical Industries (Kima),0.0028
2019-07-07,5.31,5.31,5.24,5.27,1000993,EGCH,Egyptian Chemical Industries (Kima),0.0028
2019-07-08,5.27,5.35,5.25,5.3,598443,EGCH,Egyptian Chemical Industries (Kima),0.0028
2019-07-09,5.3,5.37,5.21,5.27,790301,EGCH,Egyptian Chemical Industries (Kima),0.0028
2019-07-10,5.27,5.28,5.08,5.15,1022249,EGCH,Egyptian Chemical Industries (Kima),0.0028
2019-07-11,5.15,5.15,4.98,5.09,822798,EGCH,Egyptian Chemical Industries (Kima),0.0028
2019-07-14,5.09,5.09,4.79,4.91,454294,EGCH,Egyptian Chemical Industries (Kima),0.0028
2019-07-15,4.91,5.04,4.79,4.95,552925,EGCH,Egyptian Chemical Industries (Kima),0.0028
2019-07-16,4.95,5.03,4.87,4.96,341308,EGCH,Egyptian Chemical Industries (Kima),0.0028
2019-07-17,4.96,5.05,4.87,4.97,1206186,EGCH,Egyptian Chemical Industries (Kima),0.0028
2019-07-18,4.97,4.97,4.9,4.91,136485,EGCH,Egyptian Chemical Industries (Kima),0.0028
2019-07-21,4.91,4.93,4.8,4.87,262087,EGCH,Egyptian Chemical Industries (Kima),0.0028
2019-07-22,4.87,4.94,4.81,4.87,428541,EGCH,Egyptian Chemical Industries (Kima),0.0028
2019-07-24,4.87,4.93,4.7,4.79,409272,EGCH,Egyptian Chemical Industries (Kima),0.0028
2019-07-25,4.79,4.79,4.57,4.67,338615,EGCH,Egyptian Chemical Industries (Kima),0.0028
2019-07-28,4.67,4.68,4.55,4.6,376121,EGCH,Egyptian Chemical Industries (Kima),0.0028
2019-07-29,4.6,4.66,4.53,4.61,355717,EGCH,Egyptian Chemical Industries (Kima),0.0028
2019-07-30,4.61,4.73,4.41,4.57,556268,EGCH,Egyptian Chemical Industries (Kima),0.0028
2019-07-31,4.57,4.57,4.31,4.4,671094,EGCH,Egyptian Chemical Industries (Kima),0.0028
2019-08-01,4.4,4.53,4.39,4.47,264610,EGCH,Egyptian Chemical Industries (Kima),0.0028
2019-08-04,4.47,4.53,4.42,4.46,276580,EGCH,Egyptian Chemical Industries (Kima),0.0028
2019-08-05,4.46,4.46,4.34,4.38,283772,EGCH,Egyptian Chemical Industries (Kima),0.0028
2019-08-06,4.38,4.49,4.35,4.44,644094,EGCH,Egyptian Chemical Industries (Kima),0.0028
2019-08-07,4.44,4.64,4.42,4.55,937258,EGCH,Egyptian Chemical Industries (Kima),0.0028
2019-08-08,4.55,4.76,4.55,4.71,936471,EGCH,Egyptian Chemical Industries (Kima),0.0028
2019-08-14,4.71,5.05,4.71,4.91,2228074,EGCH,Egyptian Chemical Industries (Kima),0.0028
2019-08-15,4.91,5.14,4.91,5.03,1499501,EGCH,Egyptian Chemical Industries (Kima),0.0028
2019-08-18,5.03,5.18,5.03,5.13,436059,EGCH,Egyptian Chemical Industries (Kima),0.0028
2019-08-19,5.13,5.16,5.05,5.09,541783,EGCH,Egyptian Chemical Industries (Kima),0.0028
2019-08-20,5.09,5.26,5.08,5.2,2806184,EGCH,Egyptian Chemical Industries (Kima),0.0028
2019-08-21,5.2,5.27,5.1,5.17,1325923,EGCH,Egyptian Chemical Industries (Kima),0.0028
2019-08-22,5.17,5.22,5.09,5.16,597323,EGCH,Egyptian Chemical Industries (Kima),0.0028
2019-08-25,5.16,5.34,5.11,5.24,3099509,EGCH,Egyptian Chemical Industries (Kima),0.0028
2019-08-26,5.24,5.3,5.13,5.21,1471997,EGCH,Egyptian Chemical Industries (Kima),0.0028
2019-08-27,5.21,5.21,5.04,5.09,1407250,EGCH,Egyptian Chemical Industries (Kima),0.0028
2019-08-28,5.09,5.16,5.05,5.1,1162922,EGCH,Egyptian Chemical Industries (Kima),0.0028
2019-08-29,5.1,5.24,5.05,5.15,2794692,EGCH,Egyptian Chemical Industries (Kima),0.0028
2019-09-01,5.15,5.26,5.09,5.2,1847254,EGCH,Egyptian Chemical Industries (Kima),0.0028
2019-09-02,5.2,5.22,5.08,5.14,1467652,EGCH,Egyptian Chemical Industries (Kima),0.0028
2019-09-03,5.14,5.24,5.05,5.12,1937115,EGCH,Egyptian Chemical Industries (Kima),0.0028
2019-09-04,5.12,5.16,4.98,5.07,1211009,EGCH,Egyptian Chemical Industries (Kima),0.0028
2019-09-05,5.07,5.12,5.01,5.06,1057831,EGCH,Egyptian Chemical Industries (Kima),0.0028
2019-09-08,5.06,5.18,5.03,5.12,1513289,EGCH,Egyptian Chemical Industries (Kima),0.0028
2019-09-09,5.12,5.24,5.09,5.17,2190918,EGCH,Egyptian Chemical Industries (Kima),0.0028
2019-09-10,5.17,5.19,5.08,5.14,1135429,EGCH,Egyptian Chemical Industries (Kima),0.0028
2019-09-11,5.14,5.16,5.08,5.11,758261,EGCH,Egyptian Chemical Industries (Kima),0.0028
2019-09-12,5.11,5.26,5.11,5.21,2830011,EGCH,Egyptian Chemical Industries (Kima),0.0028
2019-09-15,5.3,5.32,5.16,5.25,2510320,EGCH,Egyptian Chemical Industries (Kima),0.0028
2019-09-16,5.25,5.25,5.09,5.15,1951554,EGCH,Egyptian Chemical Industries (Kima),0.0028
2019-09-17,5.15,5.15,4.73,4.94,2663300,EGCH,Egyptian Chemical Industries (Kima),0.0028
2019-09-18,4.94,4.94,4.75,4.8,957783,EGCH,Egyptian Chemical Industries (Kima),0.0028
2019-09-19,4.8,4.89,4.79,4.85,591865,EGCH,Egyptian Chemical Industries (Kima),0.0028
2019-09-22,4.85,4.85,4.37,4.43,1093934,EGCH,Egyptian Chemical Industries (Kima),0.0028
2019-09-23,4.43,4.43,3.99,4.17,1615580,EGCH,Egyptian Chemical Industries (Kima),0.0028
2019-09-24,4.17,4.17,3.76,3.93,2168486,EGCH,Egyptian Chemical Industries (Kima),0.0028
2019-09-25,3.93,4.16,3.92,4.07,1071927,EGCH,Egyptian Chemical Industries (Kima),0.0028
2019-09-26,4.07,4.18,4.0,4.08,1439820,EGCH,Egyptian Chemical Industries (Kima),0.0028
2019-09-29,4.08,4.48,4.08,4.38,3098121,EGCH,Egyptian Chemical Industries (Kima),0.0028
2019-09-30,4.38,4.57,4.38,4.46,1419020,EGCH,Egyptian Chemical Industries (Kima),0.0028
2019-10-01,4.46,4.6,4.45,4.53,1457173,EGCH,Egyptian Chemical Industries (Kima),0.0028
2019-10-02,4.53,4.55,4.38,4.45,1285921,EGCH,Egyptian Chemical Industries (Kima),0.0028
2019-10-03,4.45,4.7,4.27,4.58,3428530,EGCH,Egyptian Chemical Industries (Kima),0.0028
2019-10-07,4.58,4.7,4.47,4.6,1434074,EGCH,Egyptian Chemical Industries (Kima),0.0028
2019-10-08,4.6,4.75,4.53,4.65,2602424,EGCH,Egyptian Chemical Industries (Kima),0.0028
2019-10-09,4.65,4.65,4.53,4.58,572297,EGCH,Egyptian Chemical Industries (Kima),0.0028
2019-10-10,4.58,4.66,4.53,4.58,573537,EGCH,Egyptian Chemical Industries (Kima),0.0028
2019-10-13,4.58,4.58,4.5,4.53,254235,EGCH,Egyptian Chemical Industries (Kima),0.0028
2019-10-14,4.53,4.6,4.42,4.47,603811,EGCH,Egyptian Chemical Industries (Kima),0.0028
2019-10-15,4.47,4.47,4.34,4.38,545219,EGCH,Egyptian Chemical Industries (Kima),0.0028
2019-10-16,4.38,4.54,4.38,4.48,931443,EGCH,Egyptian Chemical Industries (Kima),0.0028
2019-10-17,4.48,4.55,4.44,4.47,939540,EGCH,Egyptian Chemical Industries (Kima),0.0028
2019-10-20,4.47,4.51,4.42,4.46,196674,EGCH,Egyptian Chemical Industries (Kima),0.0028
2019-10-21,4.46,4.49,4.4,4.43,279160,EGCH,Egyptian Chemical Industries (Kima),0.0028
2019-10-22,4.43,4.49,4.38,4.44,307003,EGCH,Egyptian Chemical Industries (Kima),0.0028
2019-10-23,4.44,4.45,4.33,4.36,357747,EGCH,Egyptian Chemical Industries (Kima),0.0028
2019-10-24,4.36,4.43,4.36,4.39,539804,EGCH,Egyptian Chemical Industries (Kima),0.0028
2019-10-27,4.39,4.46,4.39,4.43,252550,EGCH,Egyptian Chemical Industries (Kima),0.0028
2019-10-28,4.43,4.57,4.43,4.5,1133666,EGCH,Egyptian Chemical Industries (Kima),0.0028
2019-10-29,4.5,4.73,4.5,4.64,3211028,EGCH,Egyptian Chemical Industries (Kima),0.0028
2019-10-30,4.64,4.75,4.6,4.68,2523206,EGCH,Egyptian Chemical Industries (Kima),0.0028
2019-10-31,4.68,4.79,4.59,4.72,1372254,EGCH,Egyptian Chemical Industries (Kima),0.0028
2019-11-03,4.85,5.12,4.83,4.97,6225220,EGCH,Egyptian Chemical Industries (Kima),0.0028
2019-11-04,4.97,5.21,4.97,5.1,4542839,EGCH,Egyptian Chemical Industries (Kima),0.0028
2019-11-05,5.1,5.1,4.91,5.03,2023408,EGCH,Egyptian Chemical Industries (Kima),0.0028
2019-11-06,5.03,5.12,4.98,5.05,2074421,EGCH,Egyptian Chemical Industries (Kima),0.0028
2019-11-07,5.05,5.09,4.89,4.98,1982838,EGCH,Egyptian Chemical Industries (Kima),0.0028
2019-11-11,4.98,4.98,4.83,4.9,795022,EGCH,Egyptian Chemical Industries (Kima),0.0028
2019-11-12,4.9,4.9,4.79,4.84,636354,EGCH,Egyptian Chemical Industries (Kima),0.0028
2019-11-13,4.84,4.87,4.77,4.79,958334,EGCH,Egyptian Chemical Industries (Kima),0.0028
2019-11-14,4.79,4.79,4.63,4.69,1553136,EGCH,Egyptian Chemical Industries (Kima),0.0028
2019-11-17,4.69,4.78,4.59,4.67,446385,EGCH,Egyptian Chemical Industries (Kima),0.0028
2019-11-18,4.67,4.67,4.57,4.6,496460,EGCH,Egyptian Chemical Industries (Kima),0.0028
2019-11-19,4.6,4.66,4.51,4.58,541544,EGCH,Egyptian Chemical Industries (Kima),0.0028
2019-11-20,4.58,4.83,4.58,4.73,1077770,EGCH,Egyptian Chemical Industries (Kima),0.0028
2019-11-21,4.73,4.73,4.6,4.65,427234,EGCH,Egyptian Chemical Industries (Kima),0.0028
2019-11-24,4.65,4.7,4.6,4.64,200987,EGCH,Egyptian Chemical Industries (Kima),0.0028
2019-11-25,4.64,4.7,4.58,4.64,617247,EGCH,Egyptian Chemical Industries (Kima),0.0028
2019-11-26,4.64,4.64,4.53,4.57,453292,EGCH,Egyptian Chemical Industries (Kima),0.0028
2019-11-27,4.57,4.66,4.46,4.59,609194,EGCH,Egyptian Chemical Industries (Kima),0.0028
2019-11-28,4.59,4.75,4.59,4.69,1441638,EGCH,Egyptian Chemical Industries (Kima),0.0028
2019-12-01,4.69,4.83,4.59,4.71,938830,EGCH,Egyptian Chemical Industries (Kima),0.0028
2019-12-02,4.71,4.71,4.39,4.49,691774,EGCH,Egyptian Chemical Industries (Kima),0.0028
2019-12-03,4.49,4.57,4.32,4.46,599285,EGCH,Egyptian Chemical Industries (Kima),0.0028
2019-12-04,4.46,4.73,4.46,4.66,670118,EGCH,Egyptian Chemical Industries (Kima),0.0028
2019-12-05,4.66,4.78,4.6,4.68,622383,EGCH,Egyptian Chemical Industries (Kima),0.0028
2019-12-08,4.68,4.69,4.54,4.6,181671,EGCH,Egyptian Chemical Industries (Kima),0.0028
2019-12-09,4.6,4.66,4.55,4.58,282824,EGCH,Egyptian Chemical Industries (Kima),0.0028
2019-12-10,4.58,4.66,4.58,4.63,153174,EGCH,Egyptian Chemical Industries (Kima),0.0028
2019-12-11,4.63,4.68,4.36,4.5,639537,EGCH,Egyptian Chemical Industries (Kima),0.0028
2019-12-12,4.5,4.5,4.36,4.44,277524,EGCH,Egyptian Chemical Industries (Kima),0.0028
2019-12-15,4.44,4.53,4.44,4.5,179203,EGCH,Egyptian Chemical Industries (Kima),0.0028
2019-12-16,4.5,4.57,4.41,4.5,399160,EGCH,Egyptian Chemical Industries (Kima),0.0028
2019-12-17,4.5,4.6,4.5,4.55,437331,EGCH,Egyptian Chemical Industries (Kima),0.0028
2019-12-18,4.55,4.66,4.55,4.61,413245,EGCH,Egyptian Chemical Industries (Kima),0.0028
2019-12-19,4.61,4.64,4.53,4.55,91151,EGCH,Egyptian Chemical Industries (Kima),0.0028
2019-12-22,4.55,4.61,4.55,4.57,251908,EGCH,Egyptian Chemical Industries (Kima),0.0028
2019-12-23,4.57,4.57,4.48,4.51,140576,EGCH,Egyptian Chemical Industries (Kima),0.0028
2019-12-24,4.51,4.51,4.45,4.46,174713,EGCH,Egyptian Chemical Industries (Kima),0.0028
2019-12-25,4.46,4.51,4.43,4.47,148756,EGCH,Egyptian Chemical Industries (Kima),0.0028
2019-12-26,4.47,4.55,4.45,4.49,306072,EGCH,Egyptian Chemical Industries (Kima),0.0028
2019-12-29,4.49,4.63,4.49,4.6,814215,EGCH,Egyptian Chemical Industries (Kima),0.0028
2019-12-30,4.6,4.68,4.57,4.64,511691,EGCH,Egyptian Chemical Industries (Kima),0.0028
2019-12-31,5.42,5.48,5.32,5.38,269042,EGCH,Egyptian Chemical Industries (Kima),0.0028
2020-01-02,4.6,4.79,4.6,4.74,1407946,EGCH,Egyptian Chemical Industries (Kima),0.0028
2020-01-05,4.74,4.74,4.32,4.43,958107,EGCH,Egyptian Chemical Industries (Kima),0.0028
2020-01-06,4.43,4.45,4.1,4.35,851995,EGCH,Egyptian Chemical Industries (Kima),0.0028
2020-01-08,4.35,4.61,4.19,4.5,891725,EGCH,Egyptian Chemical Industries (Kima),0.0028
2020-01-09,4.5,4.67,4.5,4.6,422836,EGCH,Egyptian Chemical Industries (Kima),0.0028
2020-01-12,4.6,4.72,4.6,4.68,427479,EGCH,Egyptian Chemical Industries (Kima),0.0028
2020-01-13,4.68,4.74,4.56,4.61,330255,EGCH,Egyptian Chemical Industries (Kima),0.0028
2020-01-14,4.61,4.7,4.6,4.67,402333,EGCH,Egyptian Chemical Industries (Kima),0.0028
2020-01-15,4.67,4.74,4.61,4.68,328042,EGCH,Egyptian Chemical Industries (Kima),0.0028
2020-01-16,4.68,4.73,4.66,4.69,524150,EGCH,Egyptian Chemical Industries (Kima),0.0028
2020-01-19,4.69,4.95,4.69,4.8,3157199,EGCH,Egyptian Chemical Industries (Kima),0.0028
2020-01-20,4.8,4.8,4.55,4.67,1361720,EGCH,Egyptian Chemical Industries (Kima),0.0028
2020-01-21,4.67,4.67,4.53,4.58,323678,EGCH,Egyptian Chemical Industries (Kima),0.0028
2020-01-22,4.58,4.76,4.58,4.73,1414317,EGCH,Egyptian Chemical Industries (Kima),0.0028
2020-01-23,4.73,4.83,4.72,4.79,1032428,EGCH,Egyptian Chemical Industries (Kima),0.0028
2020-01-26,4.79,4.99,4.79,4.9,2496596,EGCH,Egyptian Chemical Industries (Kima),0.0028
2020-01-27,4.9,4.91,4.64,4.75,1541151,EGCH,Egyptian Chemical Industries (Kima),0.0028
2020-01-28,4.75,4.86,4.65,4.79,1344684,EGCH,Egyptian Chemical Industries (Kima),0.0028
2020-01-29,4.79,5.05,4.79,4.93,3279543,EGCH,Egyptian Chemical Industries (Kima),0.0028
2020-01-30,4.93,5.16,4.93,5.09,2162921,EGCH,Egyptian Chemical Industries (Kima),0.0028
2020-02-02,5.09,5.09,4.9,4.97,672430,EGCH,Egyptian Chemical Industries (Kima),0.0028
2020-02-03,4.97,5.04,4.87,4.93,526538,EGCH,Egyptian Chemical Industries (Kima),0.0028
2020-02-04,4.93,5.2,4.87,4.98,1168471,EGCH,Egyptian Chemical Industries (Kima),0.0028
2020-02-05,4.98,4.99,4.71,4.83,4803456,EGCH,Egyptian Chemical Industries (Kima),0.0028
2020-02-06,4.83,4.87,4.7,4.76,2365347,EGCH,Egyptian Chemical Industries (Kima),0.0028
2020-02-09,4.76,4.76,4.64,4.68,868092,EGCH,Egyptian Chemical Industries (Kima),0.0028
2020-02-10,4.68,4.7,4.6,4.65,875160,EGCH,Egyptian Chemical Industries (Kima),0.0028
2020-02-11,4.65,4.79,4.65,4.73,549371,EGCH,Egyptian Chemical Industries (Kima),0.0028
2020-02-12,4.73,4.73,4.61,4.64,197398,EGCH,Egyptian Chemical Industries (Kima),0.0028
2020-02-13,4.64,4.73,4.53,4.63,1337232,EGCH,Egyptian Chemical Industries (Kima),0.0028
2020-02-16,4.63,4.64,4.45,4.5,588346,EGCH,Egyptian Chemical Industries (Kima),0.0028
2020-02-17,4.5,4.61,4.49,4.58,768502,EGCH,Egyptian Chemical Industries (Kima),0.0028
2020-02-18,4.58,4.61,4.43,4.5,300209,EGCH,Egyptian Chemical Industries (Kima),0.0028
2020-02-19,4.5,4.58,4.49,4.54,204742,EGCH,Egyptian Chemical Industries (Kima),0.0028
2020-02-20,4.54,4.6,4.49,4.55,117180,EGCH,Egyptian Chemical Industries (Kima),0.0028
2020-02-23,4.55,4.55,4.46,4.49,147731,EGCH,Egyptian Chemical Industries (Kima),0.0028
2020-02-24,4.49,4.49,4.34,4.38,300405,EGCH,Egyptian Chemical Industries (Kima),0.0028
2020-02-25,4.38,4.53,4.26,4.32,2378596,EGCH,Egyptian Chemical Industries (Kima),0.0028
2020-02-26,4.32,4.4,4.23,4.28,1322750,EGCH,Egyptian Chemical Industries (Kima),0.0028
2020-02-27,4.28,4.35,4.12,4.22,461581,EGCH,Egyptian Chemical Industries (Kima),0.0028
2020-03-01,3.93,4.09,3.56,3.76,726372,EGCH,Egyptian Chemical Industries (Kima),0.0028
2020-03-02,3.76,4.02,3.38,3.59,1735019,EGCH,Egyptian Chemical Industries (Kima),0.0028
2020-03-03,3.59,3.67,3.51,3.61,1274804,EGCH,Egyptian Chemical Industries (Kima),0.0028
2020-03-04,3.61,3.65,3.52,3.61,810707,EGCH,Egyptian Chemical Industries (Kima),0.0028
2020-03-05,3.61,3.74,3.6,3.67,600087,EGCH,Egyptian Chemical Industries (Kima),0.0028
2020-03-08,3.67,3.67,3.37,3.45,893752,EGCH,Egyptian Chemical Industries (Kima),0.0028
2020-03-09,3.45,3.45,3.18,3.3,737564,EGCH,Egyptian Chemical Industries (Kima),0.0028
2020-03-10,3.3,3.42,3.17,3.32,755991,EGCH,Egyptian Chemical Industries (Kima),0.0028
2020-03-11,3.32,3.45,3.28,3.36,424861,EGCH,Egyptian Chemical Industries (Kima),0.0028
2020-03-15,3.36,3.36,3.03,3.04,1125579,EGCH,Egyptian Chemical Industries (Kima),0.0028
2020-03-16,3.04,3.04,2.74,2.76,1554416,EGCH,Egyptian Chemical Industries (Kima),0.0028
2020-03-17,2.76,2.76,2.49,2.51,931362,EGCH,Egyptian Chemical Industries (Kima),0.0028
2020-03-18,2.51,2.53,2.26,2.3,1480426,EGCH,Egyptian Chemical Industries (Kima),0.0028
2020-03-19,2.3,2.43,2.07,2.25,1527804,EGCH,Egyptian Chemical Industries (Kima),0.0028
2020-03-22,2.25,2.47,2.25,2.43,1212351,EGCH,Egyptian Chemical Industries (Kima),0.0028
2020-03-23,2.67,2.9,2.52,2.67,1440939,EGCH,Egyptian Chemical Industries (Kima),0.0028
2020-03-24,2.67,2.74,2.54,2.63,718296,EGCH,Egyptian Chemical Industries (Kima),0.0028
2020-03-25,2.63,2.89,2.63,2.81,1860598,EGCH,Egyptian Chemical Industries (Kima),0.0028
2020-03-26,2.81,3.07,2.81,3.03,4595186,EGCH,Egyptian Chemical Industries (Kima),0.0028
2020-03-29,3.03,3.06,2.91,3.0,963610,EGCH,Egyptian Chemical Industries (Kima),0.0028
2020-03-30,3.0,3.08,2.91,3.01,845432,EGCH,Egyptian Chemical Industries (Kima),0.0028
2020-03-31,3.01,3.31,3.01,3.24,1265056,EGCH,Egyptian Chemical Industries (Kima),0.0028
2020-04-01,3.24,3.36,3.19,3.27,552086,EGCH,Egyptian Chemical Industries (Kima),0.0028
2020-04-02,3.27,3.31,3.15,3.22,522653,EGCH,Egyptian Chemical Industries (Kima),0.0028
2020-04-05,3.22,3.22,2.96,3.02,867776,EGCH,Egyptian Chemical Industries (Kima),0.0028
2020-04-06,3.02,3.16,2.96,3.07,936514,EGCH,Egyptian Chemical Industries (Kima),0.0028
2020-04-07,3.07,3.34,3.07,3.27,1128661,EGCH,Egyptian Chemical Industries (Kima),0.0028
2020-04-08,3.27,3.37,3.27,3.33,835266,EGCH,Egyptian Chemical Industries (Kima),0.0028
2020-04-09,3.33,3.34,3.17,3.23,459973,EGCH,Egyptian Chemical Industries (Kima),0.0028
2020-04-12,3.23,3.25,3.16,3.22,176505,EGCH,Egyptian Chemical Industries (Kima),0.0028
2020-04-13,3.22,3.34,3.21,3.29,727074,EGCH,Egyptian Chemical Industries (Kima),0.0028
2020-04-14,3.29,3.47,3.29,3.42,2218888,EGCH,Egyptian Chemical Industries (Kima),0.0028
2020-04-15,3.42,3.48,3.29,3.36,571324,EGCH,Egyptian Chemical Industries (Kima),0.0028
2020-04-16,3.36,3.42,3.3,3.34,650175,EGCH,Egyptian Chemical Industries (Kima),0.0028
2020-04-21,3.34,3.34,3.16,3.22,836525,EGCH,Egyptian Chemical Industries (Kima),0.0028
2020-04-22,3.22,3.31,3.22,3.28,494592,EGCH,Egyptian Chemical Industries (Kima),0.0028
2020-04-23,3.28,3.41,3.28,3.36,944115,EGCH,Egyptian Chemical Industries (Kima),0.0028
2020-04-26,3.36,3.53,3.36,3.46,1082101,EGCH,Egyptian Chemical Industries (Kima),0.0028
2020-04-27,3.46,3.55,3.37,3.45,936097,EGCH,Egyptian Chemical Industries (Kima),0.0028
2020-04-28,3.45,3.7,3.42,3.61,5744167,EGCH,Egyptian Chemical Industries (Kima),0.0028
2020-04-29,3.61,3.74,3.52,3.63,1597547,EGCH,Egyptian Chemical Industries (Kima),0.0028
2020-04-30,3.63,3.66,3.58,3.61,968213,EGCH,Egyptian Chemical Industries (Kima),0.0028
2020-05-03,3.61,3.61,3.26,3.42,1172036,EGCH,Egyptian Chemical Industries (Kima),0.0028
2020-05-04,3.42,3.42,3.21,3.27,1978171,EGCH,Egyptian Chemical Industries (Kima),0.0028
2020-05-05,3.27,3.37,3.25,3.28,943720,EGCH,Egyptian Chemical Industries (Kima),0.0028
2020-05-06,3.28,3.37,3.28,3.36,1106912,EGCH,Egyptian Chemical Industries (Kima),0.0028
2020-05-07,3.36,3.39,3.03,3.14,2225043,EGCH,Egyptian Chemical Industries (Kima),0.0028
2020-05-10,3.14,3.14,2.95,3.0,952976,EGCH,Egyptian Chemical Industries (Kima),0.0028
2020-05-11,3.0,3.07,2.86,2.96,1145663,EGCH,Egyptian Chemical Industries (Kima),0.0028
2020-05-12,2.96,3.22,2.96,3.16,1091576,EGCH,Egyptian Chemical Industries (Kima),0.0028
2020-05-13,3.16,3.16,2.99,3.05,520603,EGCH,Egyptian Chemical Industries (Kima),0.0028
2020-05-14,3.05,3.15,3.0,3.06,274497,EGCH,Egyptian Chemical Industries (Kima),0.0028
2020-05-17,3.06,3.18,3.04,3.08,416019,EGCH,Egyptian Chemical Industries (Kima),0.0028
2020-05-18,3.08,3.12,2.99,3.02,96512,EGCH,Egyptian Chemical Industries (Kima),0.0028
2020-05-19,3.02,3.15,3.02,3.05,183804,EGCH,Egyptian Chemical Industries (Kima),0.0028
2020-05-20,3.05,3.05,2.99,3.0,249539,EGCH,Egyptian Chemical Industries (Kima),0.0028
2020-05-21,3.0,3.05,2.96,3.01,235572,EGCH,Egyptian Chemical Industries (Kima),0.0028
2020-05-31,3.01,3.16,3.01,3.11,443511,EGCH,Egyptian Chemical Industries (Kima),0.0028
2020-06-01,3.11,3.21,3.04,3.15,724711,EGCH,Egyptian Chemical Industries (Kima),0.0028
2020-06-02,3.15,3.29,3.15,3.22,497210,EGCH,Egyptian Chemical Industries (Kima),0.0028
2020-06-03,3.22,3.34,3.22,3.27,1327080,EGCH,Egyptian Chemical Industries (Kima),0.0028
2020-06-04,3.27,3.37,3.26,3.34,1064494,EGCH,Egyptian Chemical Industries (Kima),0.0028
2020-06-07,3.34,3.46,3.34,3.41,1445924,EGCH,Egyptian Chemical Industries (Kima),0.0028
2020-06-08,3.41,3.47,3.32,3.37,1123669,EGCH,Egyptian Chemical Industries (Kima),0.0028
2020-06-09,3.37,3.37,3.25,3.29,604451,EGCH,Egyptian Chemical Industries (Kima),0.0028
2020-06-10,3.29,3.32,3.21,3.26,498279,EGCH,Egyptian Chemical Industries (Kima),0.0028
2020-06-11,3.26,3.34,3.22,3.28,655577,EGCH,Egyptian Chemical Industries (Kima),0.0028
2020-06-14,3.28,3.39,3.23,3.34,1255651,EGCH,Egyptian Chemical Industries (Kima),0.0028
2020-06-15,3.34,3.43,3.26,3.37,1285705,EGCH,Egyptian Chemical Industries (Kima),0.0028
2020-06-16,3.37,3.45,3.33,3.41,977675,EGCH,Egyptian Chemical Industries (Kima),0.0028
2020-06-17,3.41,3.42,3.31,3.35,330860,EGCH,Egyptian Chemical Industries (Kima),0.0028
2020-06-18,3.35,3.41,3.3,3.34,612774,EGCH,Egyptian Chemical Industries (Kima),0.0028
2020-06-21,3.34,3.48,3.26,3.41,1524398,EGCH,Egyptian Chemical Industries (Kima),0.0028
2020-06-22,3.41,3.52,3.34,3.45,1925855,EGCH,Egyptian Chemical Industries (Kima),0.0028
2020-06-23,3.45,3.47,3.29,3.41,828803,EGCH,Egyptian Chemical Industries (Kima),0.0028
2020-06-24,3.41,3.55,3.41,3.47,2399483,EGCH,Egyptian Chemical Industries (Kima),0.0028
2020-06-25,3.47,3.47,3.33,3.39,895370,EGCH,Egyptian Chemical Industries (Kima),0.0028
2020-06-28,3.39,3.45,3.34,3.37,520478,EGCH,Egyptian Chemical Industries (Kima),0.0028
2020-06-29,3.37,3.42,3.31,3.34,1008277,EGCH,Egyptian Chemical Industries (Kima),0.0028
2020-06-30,3.34,3.39,3.29,3.34,955057,EGCH,Egyptian Chemical Industries (Kima),0.0028
2020-07-05,3.34,3.59,3.34,3.52,2713768,EGCH,Egyptian Chemical Industries (Kima),0.0028
2020-07-06,3.52,3.59,3.45,3.52,1781460,EGCH,Egyptian Chemical Industries (Kima),0.0028
2020-07-07,3.52,3.67,3.46,3.58,3704681,EGCH,Egyptian Chemical Industries (Kima),0.0028
2020-07-08,3.58,3.62,3.47,3.55,1338903,EGCH,Egyptian Chemical Industries (Kima),0.0028
2020-07-09,3.55,3.55,3.3,3.41,1446390,EGCH,Egyptian Chemical Industries (Kima),0.0028
2020-07-12,3.41,3.6,3.41,3.56,1783640,EGCH,Egyptian Chemical Industries (Kima),0.0028
2020-07-13,3.67,3.67,3.52,3.61,1262040,EGCH,Egyptian Chemical Industries (Kima),0.0028
2020-07-14,3.61,3.61,3.41,3.45,827763,EGCH,Egyptian Chemical Industries (Kima),0.0028
2020-07-15,3.45,3.51,3.11,3.28,1347956,EGCH,Egyptian Chemical Industries (Kima),0.0028
2020-07-16,3.28,3.29,3.13,3.22,390675,EGCH,Egyptian Chemical Industries (Kima),0.0028
2020-07-19,3.22,3.34,3.08,3.24,532198,EGCH,Egyptian Chemical Industries (Kima),0.0028
2020-07-20,3.24,3.26,3.16,3.23,485570,EGCH,Egyptian Chemical Industries (Kima),0.0028
2020-07-21,3.23,3.34,3.21,3.27,461621,EGCH,Egyptian Chemical Industries (Kima),0.0028
2020-07-22,3.27,3.3,3.23,3.28,347957,EGCH,Egyptian Chemical Industries (Kima),0.0028
2020-07-26,3.28,3.37,3.25,3.33,969131,EGCH,Egyptian Chemical Industries (Kima),0.0028
2020-07-27,3.33,3.42,3.28,3.34,539948,EGCH,Egyptian Chemical Industries (Kima),0.0028
2020-07-28,3.34,3.34,3.24,3.26,1401859,EGCH,Egyptian Chemical Industries (Kima),0.0028
2020-07-29,3.26,3.47,3.26,3.39,3564822,EGCH,Egyptian Chemical Industries (Kima),0.0028
2020-08-04,3.39,3.64,3.39,3.55,4869743,EGCH,Egyptian Chemical Industries (Kima),0.0028
2020-08-05,3.55,3.6,3.52,3.56,1981835,EGCH,Egyptian Chemical Industries (Kima),0.0028
2020-08-06,3.56,3.67,3.48,3.58,3758571,EGCH,Egyptian Chemical Industries (Kima),0.0028
2020-08-09,3.58,3.61,3.52,3.57,1473760,EGCH,Egyptian Chemical Industries (Kima),0.0028
2020-08-10,3.57,3.72,3.51,3.65,5253533,EGCH,Egyptian Chemical Industries (Kima),0.0028
2020-08-11,3.65,3.74,3.62,3.66,1862745,EGCH,Egyptian Chemical Industries (Kima),0.0028
2020-08-12,3.66,3.8,3.66,3.74,4465504,EGCH,Egyptian Chemical Industries (Kima),0.0028
2020-08-13,3.74,3.74,3.68,3.71,713212,EGCH,Egyptian Chemical Industries (Kima),0.0028
2020-08-16,3.71,3.9,3.71,3.83,4487067,EGCH,Egyptian Chemical Industries (Kima),0.0028
2020-08-17,3.83,3.85,3.65,3.74,2336546,EGCH,Egyptian Chemical Industries (Kima),0.0028
2020-08-18,3.74,3.74,3.65,3.68,506613,EGCH,Egyptian Chemical Industries (Kima),0.0028
2020-08-19,3.68,3.77,3.68,3.73,1056243,EGCH,Egyptian Chemical Industries (Kima),0.0028
2020-08-23,3.73,3.9,3.73,3.86,4143264,EGCH,Egyptian Chemical Industries (Kima),0.0028
2020-08-24,3.86,3.93,3.77,3.85,1688848,EGCH,Egyptian Chemical Industries (Kima),0.0028
2020-08-25,3.85,3.85,3.76,3.78,972535,EGCH,Egyptian Chemical Industries (Kima),0.0028
2020-08-26,3.78,3.84,3.72,3.78,878288,EGCH,Egyptian Chemical Industries (Kima),0.0028
2020-08-27,3.78,3.8,3.68,3.75,1491803,EGCH,Egyptian Chemical Industries (Kima),0.0028
2020-08-30,3.75,3.9,3.75,3.86,1753944,EGCH,Egyptian Chemical Industries (Kima),0.0028
2020-08-31,3.86,3.93,3.71,3.84,2754503,EGCH,Egyptian Chemical Industries (Kima),0.0028
2020-09-01,3.84,3.84,3.52,3.65,3268799,EGCH,Egyptian Chemical Industries (Kima),0.0028
2020-09-02,3.65,3.65,3.49,3.54,2013815,EGCH,Egyptian Chemical Industries (Kima),0.0028
2020-09-03,3.54,3.64,3.52,3.57,1062100,EGCH,Egyptian Chemical Industries (Kima),0.0028
2020-09-06,3.57,3.59,3.44,3.51,1065155,EGCH,Egyptian Chemical Industries (Kima),0.0028
2020-09-07,3.51,3.56,3.46,3.51,682024,EGCH,Egyptian Chemical Industries (Kima),0.0028
2020-09-08,3.51,3.51,3.32,3.38,1289717,EGCH,Egyptian Chemical Industries (Kima),0.0028
2020-09-09,3.38,3.43,3.29,3.39,837516,EGCH,Egyptian Chemical Industries (Kima),0.0028
2020-09-10,3.39,3.56,3.39,3.51,1244034,EGCH,Egyptian Chemical Industries (Kima),0.0028
2020-09-13,3.51,3.58,3.46,3.53,500531,EGCH,Egyptian Chemical Industries (Kima),0.0028
2020-09-14,3.53,3.53,3.41,3.45,452220,EGCH,Egyptian Chemical Industries (Kima),0.0028
2020-09-15,3.45,3.46,3.37,3.42,385378,EGCH,Egyptian Chemical Industries (Kima),0.0028
2020-09-16,3.42,3.52,3.41,3.47,558176,EGCH,Egyptian Chemical Industries (Kima),0.0028
2020-09-17,3.47,3.49,3.41,3.43,719612,EGCH,Egyptian Chemical Industries (Kima),0.0028
2020-09-20,3.43,3.57,3.43,3.52,1189950,EGCH,Egyptian Chemical Industries (Kima),0.0028
2020-09-21,3.52,3.67,3.43,3.61,3425797,EGCH,Egyptian Chemical Industries (Kima),0.0028
2020-09-22,3.61,3.85,3.59,3.75,3797982,EGCH,Egyptian Chemical Industries (Kima),0.0028
2020-09-23,3.75,3.92,3.68,3.79,1872608,EGCH,Egyptian Chemical Industries (Kima),0.0028
2020-09-24,3.79,3.82,3.67,3.74,1133523,EGCH,Egyptian Chemical Industries (Kima),0.0028
2020-09-27,3.74,3.86,3.71,3.78,612912,EGCH,Egyptian Chemical Industries (Kima),0.0028
2020-09-28,3.78,3.8,3.66,3.71,564465,EGCH,Egyptian Chemical Industries (Kima),0.0028
2020-09-29,3.71,3.74,3.6,3.67,520978,EGCH,Egyptian Chemical Industries (Kima),0.0028
2020-09-30,3.67,3.78,3.59,3.7,510910,EGCH,Egyptian Chemical Industries (Kima),0.0028
2020-10-01,3.7,3.78,3.67,3.75,426942,EGCH,Egyptian Chemical Industries (Kima),0.0028
2020-10-04,3.75,3.82,3.68,3.73,488440,EGCH,Egyptian Chemical Industries (Kima),0.0028
2020-10-05,3.73,3.75,3.65,3.67,344507,EGCH,Egyptian Chemical Industries (Kima),0.0028
2020-10-06,3.67,3.76,3.67,3.71,775238,EGCH,Egyptian Chemical Industries (Kima),0.0028
2020-10-07,3.71,3.85,3.7,3.79,1694899,EGCH,Egyptian Chemical Industries (Kima),0.0028
2020-10-11,3.79,4.1,3.78,3.99,4133608,EGCH,Egyptian Chemical Industries (Kima),0.0028
2020-10-12,4.17,4.23,3.95,4.08,3988731,EGCH,Egyptian Chemical Industries (Kima),0.0028
2020-10-13,4.08,4.19,3.93,4.05,2765985,EGCH,Egyptian Chemical Industries (Kima),0.0028
2020-10-14,4.05,4.08,3.95,4.02,1210539,EGCH,Egyptian Chemical Industries (Kima),0.0028
2020-10-15,4.02,4.02,3.78,3.89,2023059,EGCH,Egyptian Chemical Industries (Kima),0.0028
2020-10-18,3.89,3.89,3.64,3.72,1556360,EGCH,Egyptian Chemical Industries (Kima),0.0028
2020-10-19,3.72,3.75,3.61,3.67,837311,EGCH,Egyptian Chemical Industries (Kima),0.0028
2020-10-20,3.67,3.67,3.56,3.62,806269,EGCH,Egyptian Chemical Industries (Kima),0.0028
2020-10-21,3.62,3.67,3.47,3.58,1196993,EGCH,Egyptian Chemical Industries (Kima),0.0028
2020-10-22,3.58,3.58,3.23,3.36,1632176,EGCH,Egyptian Chemical Industries (Kima),0.0028
2020-10-25,3.36,3.47,3.25,3.37,692809,EGCH,Egyptian Chemical Industries (Kima),0.0028
2020-10-26,3.37,3.51,3.36,3.44,653397,EGCH,Egyptian Chemical Industries (Kima),0.0028
2020-10-27,3.44,3.51,3.42,3.46,833338,EGCH,Egyptian Chemical Industries (Kima),0.0028
2020-10-28,3.46,3.47,3.37,3.42,658049,EGCH,Egyptian Chemical Industries (Kima),0.0028
2020-11-01,3.42,3.42,3.3,3.34,362262,EGCH,Egyptian Chemical Industries (Kima),0.0028
2020-11-02,3.34,3.57,3.25,3.43,1137718,EGCH,Egyptian Chemical Industries (Kima),0.0028
2020-11-03,3.43,3.43,3.29,3.37,294862,EGCH,Egyptian Chemical Industries (Kima),0.0028
2020-11-04,3.37,3.44,3.37,3.41,156246,EGCH,Egyptian Chemical Industries (Kima),0.0028
2020-11-05,3.41,3.48,3.34,3.39,214921,EGCH,Egyptian Chemical Industries (Kima),0.0028
2020-11-08,3.39,3.42,3.35,3.38,151856,EGCH,Egyptian Chemical Industries (Kima),0.0028
2020-11-09,3.38,3.53,3.38,3.45,603662,EGCH,Egyptian Chemical Industries (Kima),0.0028
2020-11-10,3.45,3.59,3.45,3.55,943869,EGCH,Egyptian Chemical Industries (Kima),0.0028
2020-11-11,3.55,3.63,3.52,3.58,554083,EGCH,Egyptian Chemical Industries (Kima),0.0028
2020-11-12,3.58,3.67,3.52,3.62,1484710,EGCH,Egyptian Chemical Industries (Kima),0.0028
2020-11-15,3.62,3.67,3.52,3.57,1142412,EGCH,Egyptian Chemical Industries (Kima),0.0028
2020-11-16,3.57,3.64,3.53,3.58,709257,EGCH,Egyptian Chemical Industries (Kima),0.0028
2020-11-17,3.58,3.64,3.56,3.6,675314,EGCH,Egyptian Chemical Industries (Kima),0.0028
2020-11-18,3.6,3.6,3.48,3.52,730593,EGCH,Egyptian Chemical Industries (Kima),0.0028
2020-11-19,3.52,3.54,3.39,3.45,1004948,EGCH,Egyptian Chemical Industries (Kima),0.0028
2020-11-22,3.45,3.49,3.42,3.43,307047,EGCH,Egyptian Chemical Industries (Kima),0.0028
2020-11-23,3.43,3.62,3.43,3.55,1263764,EGCH,Egyptian Chemical Industries (Kima),0.0028
2020-11-24,3.55,3.62,3.53,3.57,944481,EGCH,Egyptian Chemical Industries (Kima),0.0028
2020-11-25,3.57,3.61,3.46,3.56,1252908,EGCH,Egyptian Chemical Industries (Kima),0.0028
2020-11-26,3.56,3.92,3.56,3.82,9083350,EGCH,Egyptian Chemical Industries (Kima),0.0028
2020-11-29,3.82,4.02,3.78,3.93,3992580,EGCH,Egyptian Chemical Industries (Kima),0.0028
2020-11-30,3.93,3.93,3.75,3.8,1095138,EGCH,Egyptian Chemical Industries (Kima),0.0028
2020-12-01,3.8,3.97,3.8,3.89,1932917,EGCH,Egyptian Chemical Industries (Kima),0.0028
2020-12-02,3.89,3.95,3.71,3.79,1573166,EGCH,Egyptian Chemical Industries (Kima),0.0028
2020-12-03,3.79,4.08,3.79,3.93,4463944,EGCH,Egyptian Chemical Industries (Kima),0.0028
2020-12-06,3.93,4.02,3.85,3.93,4678053,EGCH,Egyptian Chemical Industries (Kima),0.0028
2020-12-07,3.93,3.97,3.84,3.87,1327950,EGCH,Egyptian Chemical Industries (Kima),0.0028
2020-12-08,3.87,4.02,3.85,3.93,3886875,EGCH,Egyptian Chemical Industries (Kima),0.0028
2020-12-09,3.93,4.01,3.82,3.9,1763435,EGCH,Egyptian Chemical Industries (Kima),0.0028
2020-12-10,3.9,3.9,3.64,3.76,1308239,EGCH,Egyptian Chemical Industries (Kima),0.0028
2020-12-13,3.76,3.82,3.67,3.75,711017,EGCH,Egyptian Chemical Industries (Kima),0.0028
2020-12-14,3.75,3.85,3.75,3.78,992712,EGCH,Egyptian Chemical Industries (Kima),0.0028
2020-12-15,3.78,3.82,3.67,3.75,983390,EGCH,Egyptian Chemical Industries (Kima),0.0028
2020-12-16,3.75,3.8,3.59,3.67,1288620,EGCH,Egyptian Chemical Industries (Kima),0.0028
2020-12-17,3.67,3.67,3.56,3.62,585109,EGCH,Egyptian Chemical Industries (Kima),0.0028
2020-12-20,3.62,3.74,3.62,3.67,820993,EGCH,Egyptian Chemical Industries (Kima),0.0028
2020-12-21,3.67,3.67,3.31,3.34,1545910,EGCH,Egyptian Chemical Industries (Kima),0.0028
2020-12-22,3.34,3.35,3.08,3.29,643385,EGCH,Egyptian Chemical Industries (Kima),0.0028
2020-12-23,3.29,3.48,3.29,3.42,1052098,EGCH,Egyptian Chemical Industries (Kima),0.0028
2020-12-24,3.42,3.49,3.36,3.39,443624,EGCH,Egyptian Chemical Industries (Kima),0.0028
2020-12-27,3.39,3.42,3.31,3.34,519803,EGCH,Egyptian Chemical Industries (Kima),0.0028
2020-12-28,3.34,3.52,3.34,3.45,1470794,EGCH,Egyptian Chemical Industries (Kima),0.0028
2020-12-29,3.45,3.54,3.45,3.49,570635,EGCH,Egyptian Chemical Industries (Kima),0.0028
2020-12-30,3.49,3.57,3.48,3.52,1124286,EGCH,Egyptian Chemical Industries (Kima),0.0028
2020-12-31,3.52,3.52,3.45,3.46,701018,EGCH,Egyptian Chemical Industries (Kima),0.0028
2021-01-03,3.46,3.56,3.46,3.52,302772,EGCH,Egyptian Chemical Industries (Kima),0.0028
2021-01-04,3.52,3.55,3.44,3.47,373431,EGCH,Egyptian Chemical Industries (Kima),0.0028
2021-01-05,3.47,3.52,3.45,3.49,579458,EGCH,Egyptian Chemical Industries (Kima),0.0028
2021-01-06,3.49,3.61,3.49,3.56,910364,EGCH,Egyptian Chemical Industries (Kima),0.0028
2021-01-10,3.56,3.64,3.56,3.6,779224,EGCH,Egyptian Chemical Industries (Kima),0.0028
2021-01-11,3.6,3.65,3.57,3.6,480684,EGCH,Egyptian Chemical Industries (Kima),0.0028
2021-01-12,3.6,3.82,3.59,3.74,4076981,EGCH,Egyptian Chemical Industries (Kima),0.0028
2021-01-13,3.74,3.8,3.6,3.68,1242814,EGCH,Egyptian Chemical Industries (Kima),0.0028
2021-01-14,3.68,3.68,3.59,3.64,2168429,EGCH,Egyptian Chemical Industries (Kima),0.0028
2021-01-17,3.64,3.65,3.57,3.6,2236705,EGCH,Egyptian Chemical Industries (Kima),0.0028
2021-01-18,3.6,3.64,3.47,3.53,1691946,EGCH,Egyptian Chemical Industries (Kima),0.0028
2021-01-19,3.53,3.58,3.49,3.54,1876422,EGCH,Egyptian Chemical Industries (Kima),0.0028
2021-01-20,3.54,3.64,3.54,3.59,1288509,EGCH,Egyptian Chemical Industries (Kima),0.0028
2021-01-21,3.59,3.61,3.55,3.56,900277,EGCH,Egyptian Chemical Industries (Kima),0.0028
2021-01-24,3.56,3.59,3.51,3.54,568072,EGCH,Egyptian Chemical Industries (Kima),0.0028
2021-01-25,3.54,3.63,3.52,3.58,869171,EGCH,Egyptian Chemical Industries (Kima),0.0028
2021-01-26,3.58,3.64,3.55,3.6,1177049,EGCH,Egyptian Chemical Industries (Kima),0.0028
2021-01-27,3.6,3.67,3.56,3.61,1459598,EGCH,Egyptian Chemical Industries (Kima),0.0028
2021-01-31,3.61,3.61,3.47,3.54,1400110,EGCH,Egyptian Chemical Industries (Kima),0.0028
2021-02-01,3.54,3.61,3.54,3.57,1475836,EGCH,Egyptian Chemical Industries (Kima),0.0028
2021-02-02,3.57,3.8,3.57,3.7,7153905,EGCH,Egyptian Chemical Industries (Kima),0.0028
2021-02-03,3.7,3.78,3.65,3.71,2564685,EGCH,Egyptian Chemical Industries (Kima),0.0028
2021-02-04,3.71,3.71,3.6,3.63,1080495,EGCH,Egyptian Chemical Industries (Kima),0.0028
2021-02-07,3.63,3.67,3.58,3.61,1207907,EGCH,Egyptian Chemical Industries (Kima),0.0028
2021-02-08,3.61,3.68,3.52,3.61,1878065,EGCH,Egyptian Chemical Industries (Kima),0.0028
2021-02-09,3.61,3.61,3.53,3.56,863874,EGCH,Egyptian Chemical Industries (Kima),0.0028
2021-02-10,3.56,3.64,3.52,3.59,1505332,EGCH,Egyptian Chemical Industries (Kima),0.0028
2021-02-11,3.59,3.75,3.59,3.67,3308461,EGCH,Egyptian Chemical Industries (Kima),0.0028
2021-02-14,3.67,3.7,3.56,3.63,1177204,EGCH,Egyptian Chemical Industries (Kima),0.0028
2021-02-15,3.63,3.63,3.49,3.53,928308,EGCH,Egyptian Chemical Industries (Kima),0.0028
2021-02-16,3.53,3.67,3.48,3.56,1237201,EGCH,Egyptian Chemical Industries (Kima),0.0028
2021-02-17,3.56,3.58,3.44,3.48,909957,EGCH,Egyptian Chemical Industries (Kima),0.0028
2021-02-18,3.48,3.55,3.42,3.47,1750855,EGCH,Egyptian Chemical Industries (Kima),0.0028
2021-02-21,3.47,3.54,3.45,3.48,698224,EGCH,Egyptian Chemical Industries (Kima),0.0028
2021-02-22,3.48,3.51,3.44,3.47,617896,EGCH,Egyptian Chemical Industries (Kima),0.0028
2021-02-23,3.47,3.48,3.37,3.42,746321,EGCH,Egyptian Chemical Industries (Kima),0.0028
2021-02-24,3.42,3.49,3.39,3.45,597462,EGCH,Egyptian Chemical Industries (Kima),0.0028
2021-02-25,3.45,3.49,3.41,3.44,829205,EGCH,Egyptian Chemical Industries (Kima),0.0028
2021-02-28,3.44,3.44,3.34,3.36,587367,EGCH,Egyptian Chemical Industries (Kima),0.0028
2021-03-01,3.36,3.41,3.34,3.37,523028,EGCH,Egyptian Chemical Industries (Kima),0.0028
2021-03-02,3.37,3.41,3.25,3.33,1201042,EGCH,Egyptian Chemical Industries (Kima),0.0028
2021-03-03,3.33,3.34,3.13,3.24,873316,EGCH,Egyptian Chemical Industries (Kima),0.0028
2021-03-04,3.24,3.3,3.17,3.24,683102,EGCH,Egyptian Chemical Industries (Kima),0.0028
2021-03-07,3.24,3.45,3.24,3.41,1095881,EGCH,Egyptian Chemical Industries (Kima),0.0028
2021-03-08,3.41,3.64,3.41,3.54,4099398,EGCH,Egyptian Chemical Industries (Kima),0.0028
2021-03-09,3.54,3.56,3.34,3.45,1319427,EGCH,Egyptian Chemical Industries (Kima),0.0028
2021-03-10,3.45,3.45,3.34,3.37,615892,EGCH,Egyptian Chemical Industries (Kima),0.0028
2021-03-11,3.37,3.48,3.37,3.41,780231,EGCH,Egyptian Chemical Industries (Kima),0.0028
2021-03-14,3.41,3.46,3.34,3.37,412112,EGCH,Egyptian Chemical Industries (Kima),0.0028
2021-03-15,3.37,3.39,3.15,3.26,670112,EGCH,Egyptian Chemical Industries (Kima),0.0028
2021-03-16,3.26,3.27,3.18,3.23,590664,EGCH,Egyptian Chemical Industries (Kima),0.0028
2021-03-17,3.23,3.29,3.19,3.23,267190,EGCH,Egyptian Chemical Industries (Kima),0.0028
2021-03-18,3.23,3.25,3.18,3.22,355816,EGCH,Egyptian Chemical Industries (Kima),0.0028
2021-03-21,3.22,3.25,2.94,3.08,429902,EGCH,Egyptian Chemical Industries (Kima),0.0028
2021-03-22,3.08,3.08,2.78,2.84,792981,EGCH,Egyptian Chemical Industries (Kima),0.0028
2021-03-23,2.84,2.84,2.57,2.68,651901,EGCH,Egyptian Chemical Industries (Kima),0.0028
2021-03-24,2.68,2.87,2.67,2.76,483177,EGCH,Egyptian Chemical Industries (Kima),0.0028
2021-03-25,2.76,2.83,2.7,2.78,313396,EGCH,Egyptian Chemical Industries (Kima),0.0028
2021-03-28,2.78,2.88,2.78,2.82,311958,EGCH,Egyptian Chemical Industries (Kima),0.0028
2021-03-29,2.82,2.96,2.82,2.89,294723,EGCH,Egyptian Chemical Industries (Kima),0.0028
2021-03-30,2.89,2.99,2.85,2.94,531276,EGCH,Egyptian Chemical Industries (Kima),0.0028
2021-03-31,2.94,2.98,2.82,2.87,376636,EGCH,Egyptian Chemical Industries (Kima),0.0028
2021-04-01,2.87,2.94,2.86,2.91,235467,EGCH,Egyptian Chemical Industries (Kima),0.0028
2021-04-04,2.91,2.96,2.8,2.84,538399,EGCH,Egyptian Chemical Industries (Kima),0.0028
2021-04-05,2.84,2.86,2.59,2.7,309482,EGCH,Egyptian Chemical Industries (Kima),0.0028
2021-04-06,2.7,2.75,2.58,2.7,536686,EGCH,Egyptian Chemical Industries (Kima),0.0028
2021-04-07,2.7,2.77,2.61,2.71,327120,EGCH,Egyptian Chemical Industries (Kima),0.0028
2021-04-08,2.71,2.81,2.71,2.78,221373,EGCH,Egyptian Chemical Industries (Kima),0.0028
2021-04-11,2.78,2.85,2.77,2.81,330746,EGCH,Egyptian Chemical Industries (Kima),0.0028
2021-04-12,2.81,2.96,2.81,2.92,736115,EGCH,Egyptian Chemical Industries (Kima),0.0028
2021-04-13,2.92,2.92,2.74,2.78,317431,EGCH,Egyptian Chemical Industries (Kima),0.0028
2021-04-14,2.78,2.81,2.64,2.67,300693,EGCH,Egyptian Chemical Industries (Kima),0.0028
2021-04-15,2.67,2.75,2.65,2.7,289471,EGCH,Egyptian Chemical Industries (Kima),0.0028
2021-04-18,2.7,2.81,2.65,2.73,299977,EGCH,Egyptian Chemical Industries (Kima),0.0028
2021-04-19,2.73,2.81,2.71,2.77,365650,EGCH,Egyptian Chemical Industries (Kima),0.0028
2021-04-20,2.77,2.85,2.76,2.81,482104,EGCH,Egyptian Chemical Industries (Kima),0.0028
2021-04-21,2.81,2.85,2.75,2.8,300332,EGCH,Egyptian Chemical Industries (Kima),0.0028
2021-04-22,2.8,2.86,2.78,2.83,403449,EGCH,Egyptian Chemical Industries (Kima),0.0028
2021-04-25,2.83,2.89,2.81,2.84,518152,EGCH,Egyptian Chemical Industries (Kima),0.0028
2021-04-26,2.84,3.04,2.81,2.96,1772872,EGCH,Egyptian Chemical Industries (Kima),0.0028
2021-04-27,2.96,3.16,2.96,3.11,1987888,EGCH,Egyptian Chemical Industries (Kima),0.0028
2021-04-28,3.11,3.11,2.94,2.98,457209,EGCH,Egyptian Chemical Industries (Kima),0.0028
2021-05-04,2.98,3.03,2.93,2.96,397676,EGCH,Egyptian Chemical Industries (Kima),0.0028
2021-05-05,2.96,2.97,2.87,2.93,298518,EGCH,Egyptian Chemical Industries (Kima),0.0028
2021-05-06,2.93,2.98,2.89,2.93,363249,EGCH,Egyptian Chemical Industries (Kima),0.0028
2021-05-09,2.93,2.94,2.84,2.87,541211,EGCH,Egyptian Chemical Industries (Kima),0.0028
2021-05-10,2.87,3.04,2.84,2.96,908784,EGCH,Egyptian Chemical Industries (Kima),0.0028
2021-05-11,2.96,3.05,2.93,2.99,828368,EGCH,Egyptian Chemical Industries (Kima),0.0028
2021-05-17,2.99,3.06,2.96,3.02,745725,EGCH,Egyptian Chemical Industries (Kima),0.0028
2021-05-18,3.02,3.16,3.02,3.11,1115178,EGCH,Egyptian Chemical Industries (Kima),0.0028
2021-05-19,3.11,3.15,3.01,3.06,833429,EGCH,Egyptian Chemical Industries (Kima),0.0028
2021-05-20,3.06,3.06,2.99,3.01,426214,EGCH,Egyptian Chemical Industries (Kima),0.0028
2021-05-23,3.01,3.07,2.99,3.02,339617,EGCH,Egyptian Chemical Industries (Kima),0.0028
2021-05-24,3.02,3.04,2.87,2.96,627953,EGCH,Egyptian Chemical Industries (Kima),0.0028
2021-05-25,2.96,2.96,2.78,2.86,525413,EGCH,Egyptian Chemical Industries (Kima),0.0028
2021-05-26,2.86,2.96,2.85,2.91,1084712,EGCH,Egyptian Chemical Industries (Kima),0.0028
2021-05-27,2.91,2.96,2.85,2.91,581124,EGCH,Egyptian Chemical Industries (Kima),0.0028
2021-05-30,2.91,2.98,2.91,2.94,450628,EGCH,Egyptian Chemical Industries (Kima),0.0028
2021-05-31,2.94,3.04,2.92,2.97,656304,EGCH,Egyptian Chemical Industries (Kima),0.0028
2021-06-01,2.97,3.06,2.96,3.02,768129,EGCH,Egyptian Chemical Industries (Kima),0.0028
2021-06-02,3.02,3.15,2.99,3.05,1226933,EGCH,Egyptian Chemical Industries (Kima),0.0028
2021-06-03,3.05,3.05,2.96,2.99,507761,EGCH,Egyptian Chemical Industries (Kima),0.0028
2021-06-06,2.99,3.05,2.97,3.01,739573,EGCH,Egyptian Chemical Industries (Kima),0.0028
2021-06-07,3.01,3.03,2.95,2.98,507762,EGCH,Egyptian Chemical Industries (Kima),0.0028
2021-06-08,2.98,3.27,2.93,3.16,2321861,EGCH,Egyptian Chemical Industries (Kima),0.0028
2021-06-09,3.16,3.48,3.16,3.48,3600078,EGCH,Egyptian Chemical Industries (Kima),0.0028
2021-06-10,3.56,3.62,3.35,3.49,4288718,EGCH,Egyptian Chemical Industries (Kima),0.0028
2021-06-13,3.49,3.49,3.34,3.41,1538985,EGCH,Egyptian Chemical Industries (Kima),0.0028
2021-06-14,3.41,3.48,3.29,3.39,1286507,EGCH,Egyptian Chemical Industries (Kima),0.0028
2021-06-15,3.39,3.53,3.26,3.39,1671069,EGCH,Egyptian Chemical Industries (Kima),0.0028
2021-06-16,3.39,3.39,3.28,3.32,502723,EGCH,Egyptian Chemical Industries (Kima),0.0028
2021-06-17,3.32,3.41,3.32,3.37,459814,EGCH,Egyptian Chemical Industries (Kima),0.0028
2021-06-20,3.37,3.41,3.29,3.34,949776,EGCH,Egyptian Chemical Industries (Kima),0.0028
2021-06-21,3.34,3.38,3.29,3.33,831334,EGCH,Egyptian Chemical Industries (Kima),0.0028
2021-06-22,3.33,3.39,3.27,3.33,885373,EGCH,Egyptian Chemical Industries (Kima),0.0028
2021-06-23,3.33,3.49,3.33,3.41,878451,EGCH,Egyptian Chemical Industries (Kima),0.0028
2021-06-24,3.41,3.41,3.25,3.28,912265,EGCH,Egyptian Chemical Industries (Kima),0.0028
2021-06-27,3.28,3.34,3.15,3.19,1242371,EGCH,Egyptian Chemical Industries (Kima),0.0028
2021-06-28,2.94,2.94,2.78,2.81,796641,EGCH,Egyptian Chemical Industries (Kima),0.0028
2021-06-29,2.81,2.85,2.7,2.76,828633,EGCH,Egyptian Chemical Industries (Kima),0.0028
2021-06-30,2.76,3.0,2.76,2.91,1000060,EGCH,Egyptian Chemical Industries (Kima),0.0028
2021-07-04,2.91,2.95,2.85,2.88,343234,EGCH,Egyptian Chemical Industries (Kima),0.0028
2021-07-05,2.88,2.92,2.77,2.84,840232,EGCH,Egyptian Chemical Industries (Kima),0.0028
2021-07-06,2.84,2.84,2.69,2.73,789017,EGCH,Egyptian Chemical Industries (Kima),0.0028
2021-07-07,2.73,2.8,2.7,2.77,376155,EGCH,Egyptian Chemical Industries (Kima),0.0028
2021-07-08,2.77,2.8,2.7,2.71,264676,EGCH,Egyptian Chemical Industries (Kima),0.0028
2021-07-11,2.71,2.76,2.7,2.72,216522,EGCH,Egyptian Chemical Industries (Kima),0.0028
2021-07-12,2.72,2.74,2.7,2.7,187426,EGCH,Egyptian Chemical Industries (Kima),0.0028
2021-07-13,2.7,2.75,2.7,2.72,340062,EGCH,Egyptian Chemical Industries (Kima),0.0028
2021-07-14,2.72,2.78,2.71,2.74,286515,EGCH,Egyptian Chemical Industries (Kima),0.0028
2021-07-15,2.74,2.74,2.69,2.71,357740,EGCH,Egyptian Chemical Industries (Kima),0.0028
2021-07-18,2.71,2.78,2.64,2.71,1762834,EGCH,Egyptian Chemical Industries (Kima),0.0028
2021-07-25,2.71,2.85,2.71,2.8,1164851,EGCH,Egyptian Chemical Industries (Kima),0.0028
2021-07-26,2.8,2.86,2.72,2.8,1077717,EGCH,Egyptian Chemical Industries (Kima),0.0028
2021-07-27,2.8,2.96,2.8,2.89,1008180,EGCH,Egyptian Chemical Industries (Kima),0.0028
2021-07-28,2.89,2.92,2.85,2.87,518348,EGCH,Egyptian Chemical Industries (Kima),0.0028
2021-07-29,2.87,3.05,2.87,3.0,2000320,EGCH,Egyptian Chemical Industries (Kima),0.0028
2021-08-01,3.0,3.15,3.0,3.11,1551632,EGCH,Egyptian Chemical Industries (Kima),0.0028
2021-08-02,3.11,3.27,3.1,3.23,3460012,EGCH,Egyptian Chemical Industries (Kima),0.0028
2021-08-03,3.23,3.54,3.22,3.46,5958489,EGCH,Egyptian Chemical Industries (Kima),0.0028
2021-08-04,3.46,3.71,3.45,3.57,6998148,EGCH,Egyptian Chemical Industries (Kima),0.0028
2021-08-05,3.57,3.7,3.52,3.6,4183598,EGCH,Egyptian Chemical Industries (Kima),0.0028
2021-08-08,3.6,3.62,3.39,3.5,2300575,EGCH,Egyptian Chemical Industries (Kima),0.0028
2021-08-09,3.5,3.5,3.36,3.41,1392695,EGCH,Egyptian Chemical Industries (Kima),0.0028
2021-08-10,3.41,3.44,3.34,3.39,1414296,EGCH,Egyptian Chemical Industries (Kima),0.0028
2021-08-11,3.39,3.63,3.39,3.56,3110585,EGCH,Egyptian Chemical Industries (Kima),0.0028
2021-08-15,3.56,3.83,3.56,3.76,5270011,EGCH,Egyptian Chemical Industries (Kima),0.0028
2021-08-16,3.76,3.85,3.51,3.58,3567528,EGCH,Egyptian Chemical Industries (Kima),0.0028
2021-08-17,3.58,3.59,3.49,3.52,457420,EGCH,Egyptian Chemical Industries (Kima),0.0028
2021-08-18,3.52,3.58,3.49,3.53,462499,EGCH,Egyptian Chemical Industries (Kima),0.0028
2021-08-19,3.53,3.59,3.49,3.54,1027085,EGCH,Egyptian Chemical Industries (Kima),0.0028
2021-08-22,3.54,3.59,3.49,3.52,175415,EGCH,Egyptian Chemical Industries (Kima),0.0028
2021-08-23,3.52,3.57,3.49,3.52,234896,EGCH,Egyptian Chemical Industries (Kima),0.0028
2021-08-24,3.52,3.63,3.47,3.55,670736,EGCH,Egyptian Chemical Industries (Kima),0.0028
2021-08-25,3.55,3.62,3.51,3.55,533285,EGCH,Egyptian Chemical Industries (Kima),0.0028
2021-08-26,3.55,3.71,3.53,3.64,3528233,EGCH,Egyptian Chemical Industries (Kima),0.0028
2021-08-29,3.64,3.83,3.64,3.78,2192649,EGCH,Egyptian Chemical Industries (Kima),0.0028
2021-08-30,3.78,3.83,3.71,3.78,1351289,EGCH,Egyptian Chemical Industries (Kima),0.0028
2021-08-31,3.78,3.78,3.72,3.77,791420,EGCH,Egyptian Chemical Industries (Kima),0.0028
2021-09-01,3.77,3.89,3.67,3.78,1126884,EGCH,Egyptian Chemical Industries (Kima),0.0028
2021-09-02,3.78,3.94,3.78,3.87,486323,EGCH,Egyptian Chemical Industries (Kima),0.0028
2021-09-05,3.87,3.94,3.64,3.67,524513,EGCH,Egyptian Chemical Industries (Kima),0.0028
2021-09-06,3.67,3.67,3.47,3.49,515628,EGCH,Egyptian Chemical Industries (Kima),0.0028
2021-09-07,3.49,3.59,3.45,3.55,269308,EGCH,Egyptian Chemical Industries (Kima),0.0028
2021-09-08,3.55,3.59,3.55,3.55,198771,EGCH,Egyptian Chemical Industries (Kima),0.0028
2021-09-09,3.55,3.58,3.45,3.46,132816,EGCH,Egyptian Chemical Industries (Kima),0.0028
2021-09-12,3.46,3.55,3.43,3.5,97141,EGCH,Egyptian Chemical Industries (Kima),0.0028
2021-09-13,3.5,3.55,3.46,3.52,245421,EGCH,Egyptian Chemical Industries (Kima),0.0028
2021-09-14,3.52,3.52,3.46,3.47,262122,EGCH,Egyptian Chemical Industries (Kima),0.0028
2021-09-15,3.47,3.54,3.43,3.44,234030,EGCH,Egyptian Chemical Industries (Kima),0.0028
2021-09-16,3.44,3.52,3.4,3.41,165485,EGCH,Egyptian Chemical Industries (Kima),0.0028
2021-09-19,3.41,3.45,3.26,3.27,291262,EGCH,Egyptian Chemical Industries (Kima),0.0028
2021-09-20,3.27,3.29,3.08,3.15,342934,EGCH,Egyptian Chemical Industries (Kima),0.0028
2021-09-21,3.15,3.15,3.0,3.15,510465,EGCH,Egyptian Chemical Industries (Kima),0.0028
2021-09-22,3.15,3.23,3.11,3.15,501206,EGCH,Egyptian Chemical Industries (Kima),0.0028
2021-09-23,3.15,3.23,3.1,3.11,716452,EGCH,Egyptian Chemical Industries (Kima),0.0028
2021-09-26,3.11,3.3,3.11,3.21,412854,EGCH,Egyptian Chemical Industries (Kima),0.0028
2021-09-27,3.21,3.25,3.08,3.13,238011,EGCH,Egyptian Chemical Industries (Kima),0.0028
2021-09-28,3.13,3.15,2.97,3.0,860044,EGCH,Egyptian Chemical Industries (Kima),0.0028
2021-09-29,3.0,3.03,2.92,2.99,457760,EGCH,Egyptian Chemical Industries (Kima),0.0028
2021-09-30,2.99,3.04,2.97,3.0,152964,EGCH,Egyptian Chemical Industries (Kima),0.0028
2021-10-03,3.0,3.14,2.99,3.0,192065,EGCH,Egyptian Chemical Industries (Kima),0.0028
2021-10-04,3.0,3.04,2.88,2.92,350380,EGCH,Egyptian Chemical Industries (Kima),0.0028
2021-10-05,2.92,3.03,2.92,2.96,169118,EGCH,Egyptian Chemical Industries (Kima),0.0028
2021-10-06,2.96,3.08,2.96,2.98,1406891,EGCH,Egyptian Chemical Industries (Kima),0.0028
2021-10-10,2.98,3.07,2.98,3.0,139212,EGCH,Egyptian Chemical Industries (Kima),0.0028
2021-10-11,3.0,3.0,2.97,3.0,219134,EGCH,Egyptian Chemical Industries (Kima),0.0028
2021-10-12,3.0,3.01,2.89,2.9,1868677,EGCH,Egyptian Chemical Industries (Kima),0.0028
2021-10-13,2.9,2.95,2.79,2.81,869590,EGCH,Egyptian Chemical Industries (Kima),0.0028
2021-10-14,2.81,2.91,2.81,2.85,547856,EGCH,Egyptian Chemical Industries (Kima),0.0028
2021-10-17,2.85,2.96,2.85,2.93,492323,EGCH,Egyptian Chemical Industries (Kima),0.0028
2021-10-18,2.93,3.1,2.93,3.02,991486,EGCH,Egyptian Chemical Industries (Kima),0.0028
2021-10-19,3.03,3.08,2.89,2.92,547030,EGCH,Egyptian Chemical Industries (Kima),0.0028
2021-10-20,2.92,2.94,2.79,2.88,272152,EGCH,Egyptian Chemical Industries (Kima),0.0028
2021-10-24,2.88,3.02,2.88,3.0,316338,EGCH,Egyptian Chemical Industries (Kima),0.0028
2021-10-25,3.0,3.08,2.92,3.0,405542,EGCH,Egyptian Chemical Industries (Kima),0.0028
2021-10-26,3.0,3.08,2.92,2.98,530169,EGCH,Egyptian Chemical Industries (Kima),0.0028
2021-10-27,2.98,3.04,2.88,2.92,934880,EGCH,Egyptian Chemical Industries (Kima),0.0028
2021-10-28,2.92,2.98,2.9,2.93,175117,EGCH,Egyptian Chemical Industries (Kima),0.0028
2021-10-31,2.93,2.93,2.7,2.71,1858172,EGCH,Egyptian Chemical Industries (Kima),0.0028
2021-11-01,2.71,2.74,2.61,2.62,1724126,EGCH,Egyptian Chemical Industries (Kima),0.0028
2021-11-02,2.62,2.72,2.6,2.62,662070,EGCH,Egyptian Chemical Industries (Kima),0.0028
2021-11-03,2.62,2.69,2.57,2.58,513632,EGCH,Egyptian Chemical Industries (Kima),0.0028
2021-11-04,2.58,2.63,2.53,2.59,290442,EGCH,Egyptian Chemical Industries (Kima),0.0028
2021-11-07,2.59,2.64,2.08,2.53,206200,EGCH,Egyptian Chemical Industries (Kima),0.0028
2021-11-08,2.53,2.84,2.52,2.74,772974,EGCH,Egyptian Chemical Industries (Kima),0.0028
2021-11-09,2.74,2.83,2.66,2.69,413016,EGCH,Egyptian Chemical Industries (Kima),0.0028
2021-11-10,2.69,2.69,2.37,2.6,156933,EGCH,Egyptian Chemical Industries (Kima),0.0028
2021-11-11,2.6,2.72,2.6,2.64,200944,EGCH,Egyptian Chemical Industries (Kima),0.0028
2021-11-14,2.64,2.72,2.6,2.64,102490,EGCH,Egyptian Chemical Industries (Kima),0.0028
2021-11-15,2.64,2.68,2.52,2.54,700434,EGCH,Egyptian Chemical Industries (Kima),0.0028
2021-11-16,2.54,2.61,2.5,2.52,148825,EGCH,Egyptian Chemical Industries (Kima),0.0028
2021-11-17,2.52,2.59,2.49,2.52,343598,EGCH,Egyptian Chemical Industries (Kima),0.0028
2021-11-18,2.52,2.62,2.51,2.52,94829,EGCH,Egyptian Chemical Industries (Kima),0.0028
2021-11-21,2.52,2.65,2.51,2.53,190596,EGCH,Egyptian Chemical Industries (Kima),0.0028
2021-11-22,2.53,2.54,2.42,2.52,168394,EGCH,Egyptian Chemical Industries (Kima),0.0028
2021-11-23,2.52,2.56,2.5,2.52,92247,EGCH,Egyptian Chemical Industries (Kima),0.0028
2021-11-24,2.52,2.53,2.46,2.52,84767,EGCH,Egyptian Chemical Industries (Kima),0.0028
2021-11-25,2.52,2.6,2.52,2.57,289656,EGCH,Egyptian Chemical Industries (Kima),0.0028
2021-11-28,2.57,2.57,2.44,2.49,223495,EGCH,Egyptian Chemical Industries (Kima),0.0028
2021-11-29,2.49,2.55,2.48,2.52,191592,EGCH,Egyptian Chemical Industries (Kima),0.0028
2021-11-30,2.52,2.56,2.51,2.56,145659,EGCH,Egyptian Chemical Industries (Kima),0.0028
2021-12-01,2.56,2.67,2.54,2.61,214117,EGCH,Egyptian Chemical Industries (Kima),0.0028
2021-12-02,2.61,2.82,2.61,2.7,1230340,EGCH,Egyptian Chemical Industries (Kima),0.0028
2021-12-05,2.7,2.77,2.65,2.72,312125,EGCH,Egyptian Chemical Industries (Kima),0.0028
2021-12-06,2.72,2.78,2.7,2.71,353207,EGCH,Egyptian Chemical Industries (Kima),0.0028
2021-12-07,2.71,2.77,2.68,2.69,440280,EGCH,Egyptian Chemical Industries (Kima),0.0028
2021-12-08,2.69,2.74,2.68,2.7,113436,EGCH,Egyptian Chemical Industries (Kima),0.0028
2021-12-09,2.7,2.89,2.7,2.81,1362535,EGCH,Egyptian Chemical Industries (Kima),0.0028
2021-12-12,2.81,2.92,2.8,2.82,784233,EGCH,Egyptian Chemical Industries (Kima),0.0028
2021-12-13,2.82,2.87,2.76,2.76,301586,EGCH,Egyptian Chemical Industries (Kima),0.0028
2021-12-14,2.76,2.8,2.73,2.74,379181,EGCH,Egyptian Chemical Industries (Kima),0.0028
2021-12-15,2.74,2.85,2.7,2.81,757310,EGCH,Egyptian Chemical Industries (Kima),0.0028
2021-12-16,2.81,2.92,2.81,2.86,831937,EGCH,Egyptian Chemical Industries (Kima),0.0028
2021-12-19,2.86,2.95,2.85,2.86,654615,EGCH,Egyptian Chemical Industries (Kima),0.0028
2021-12-20,2.86,2.86,2.8,2.8,210875,EGCH,Egyptian Chemical Industries (Kima),0.0028
2021-12-21,2.8,2.89,2.8,2.88,322637,EGCH,Egyptian Chemical Industries (Kima),0.0028
2021-12-22,2.88,3.01,2.88,2.96,1372946,EGCH,Egyptian Chemical Industries (Kima),0.0028
2021-12-23,2.96,3.04,2.93,2.97,769306,EGCH,Egyptian Chemical Industries (Kima),0.0028
2021-12-26,2.97,3.02,2.94,3.0,590807,EGCH,Egyptian Chemical Industries (Kima),0.0028
2021-12-27,3.0,3.04,2.95,2.96,447462,EGCH,Egyptian Chemical Industries (Kima),0.0028
2021-12-28,2.96,3.16,2.96,3.11,3507927,EGCH,Egyptian Chemical Industries (Kima),0.0028
2021-12-29,3.11,3.17,3.08,3.08,1028114,EGCH,Egyptian Chemical Industries (Kima),0.0028
2021-12-30,3.08,3.12,3.04,3.1,771054,EGCH,Egyptian Chemical Industries (Kima),0.0028
2022-01-02,3.1,3.15,3.06,3.11,246981,EGCH,Egyptian Chemical Industries (Kima),0.0028
2022-01-03,3.11,3.13,3.08,3.08,206171,EGCH,Egyptian Chemical Industries (Kima),0.0028
2022-01-04,3.08,3.12,3.06,3.1,616923,EGCH,Egyptian Chemical Industries (Kima),0.0028
2022-01-05,3.1,3.13,3.07,3.08,598715,EGCH,Egyptian Chemical Industries (Kima),0.0028
2022-01-09,3.08,3.11,3.06,3.07,143264,EGCH,Egyptian Chemical Industries (Kima),0.0028
2022-01-10,3.07,3.1,3.05,3.08,441250,EGCH,Egyptian Chemical Industries (Kima),0.0028
2022-01-11,3.08,3.09,3.0,3.02,423425,EGCH,Egyptian Chemical Industries (Kima),0.0028
2022-01-12,3.02,3.2,3.02,3.14,1242901,EGCH,Egyptian Chemical Industries (Kima),0.0028
2022-01-13,3.14,3.19,3.08,3.12,815026,EGCH,Egyptian Chemical Industries (Kima),0.0028
2022-01-16,3.12,3.15,3.05,3.06,244010,EGCH,Egyptian Chemical Industries (Kima),0.0028
2022-01-17,3.06,3.15,3.04,3.08,818995,EGCH,Egyptian Chemical Industries (Kima),0.0028
2022-01-18,3.08,3.13,3.08,3.09,226220,EGCH,Egyptian Chemical Industries (Kima),0.0028
2022-01-19,3.09,3.1,3.04,3.06,343188,EGCH,Egyptian Chemical Industries (Kima),0.0028
2022-01-20,3.06,3.11,3.04,3.09,708960,EGCH,Egyptian Chemical Industries (Kima),0.0028
2022-01-23,3.09,3.15,3.02,3.09,1520298,EGCH,Egyptian Chemical Industries (Kima),0.0028
2022-01-24,3.09,3.15,2.93,2.99,992617,EGCH,Egyptian Chemical Industries (Kima),0.0028
2022-01-25,2.99,3.01,2.95,2.98,464647,EGCH,Egyptian Chemical Industries (Kima),0.0028
2022-01-26,2.98,3.06,2.92,2.93,630002,EGCH,Egyptian Chemical Industries (Kima),0.0028
2022-01-30,2.93,3.0,2.89,2.91,163945,EGCH,Egyptian Chemical Industries (Kima),0.0028
2022-01-31,2.91,3.01,2.85,2.96,125532,EGCH,Egyptian Chemical Industries (Kima),0.0028
2022-02-01,2.96,3.04,2.95,3.01,146492,EGCH,Egyptian Chemical Industries (Kima),0.0028
2022-02-02,3.01,3.04,2.99,2.99,160695,EGCH,Egyptian Chemical Industries (Kima),0.0028
2022-02-03,2.99,3.06,2.97,3.0,226236,EGCH,Egyptian Chemical Industries (Kima),0.0028
2022-02-06,3.0,3.08,3.0,3.04,182865,EGCH,Egyptian Chemical Industries (Kima),0.0028
2022-02-07,3.04,3.11,2.99,3.0,304835,EGCH,Egyptian Chemical Industries (Kima),0.0028
2022-02-08,3.0,3.05,2.97,3.0,82307,EGCH,Egyptian Chemical Industries (Kima),0.0028
2022-02-09,3.0,3.04,2.96,3.0,58812,EGCH,Egyptian Chemical Industries (Kima),0.0028
2022-02-10,3.0,3.05,2.93,2.96,173550,EGCH,Egyptian Chemical Industries (Kima),0.0028
2022-02-13,2.96,2.96,2.8,2.81,298917,EGCH,Egyptian Chemical Industries (Kima),0.0028
2022-02-14,2.81,2.84,2.74,2.78,491869,EGCH,Egyptian Chemical Industries (Kima),0.0028
2022-02-15,2.78,2.86,2.78,2.79,215915,EGCH,Egyptian Chemical Industries (Kima),0.0028
2022-02-16,2.79,2.88,2.77,2.78,302435,EGCH,Egyptian Chemical Industries (Kima),0.0028
2022-02-17,2.78,2.84,2.76,2.81,169591,EGCH,Egyptian Chemical Industries (Kima),0.0028
2022-02-20,2.81,2.82,2.7,2.72,119116,EGCH,Egyptian Chemical Industries (Kima),0.0028
2022-02-21,2.72,2.78,2.68,2.75,295773,EGCH,Egyptian Chemical Industries (Kima),0.0028
2022-02-22,2.75,2.75,2.65,2.68,440326,EGCH,Egyptian Chemical Industries (Kima),0.0028
2022-02-23,2.68,2.73,2.64,2.68,142904,EGCH,Egyptian Chemical Industries (Kima),0.0028
2022-02-24,2.68,2.68,2.52,2.57,1077477,EGCH,Egyptian Chemical Industries (Kima),0.0028
2022-02-27,2.57,2.67,2.57,2.62,396323,EGCH,Egyptian Chemical Industries (Kima),0.0028
2022-02-28,2.62,2.67,2.61,2.62,250716,EGCH,Egyptian Chemical Industries (Kima),0.0028
2022-03-01,2.62,2.68,2.62,2.66,127962,EGCH,Egyptian Chemical Industries (Kima),0.0028
2022-03-02,2.66,2.68,2.63,2.67,170026,EGCH,Egyptian Chemical Industries (Kima),0.0028
2022-03-03,2.67,2.94,2.67,2.85,1800103,EGCH,Egyptian Chemical Industries (Kima),0.0028
2022-03-06,2.85,2.91,2.81,2.84,585292,EGCH,Egyptian Chemical Industries (Kima),0.0028
2022-03-07,2.84,2.96,2.78,2.79,622412,EGCH,Egyptian Chemical Industries (Kima),0.0028
2022-03-08,2.79,2.8,2.73,2.73,492004,EGCH,Egyptian Chemical Industries (Kima),0.0028
2022-03-09,2.73,2.84,2.73,2.78,243758,EGCH,Egyptian Chemical Industries (Kima),0.0028
2022-03-10,2.78,2.88,2.76,2.8,193808,EGCH,Egyptian Chemical Industries (Kima),0.0028
2022-03-13,2.8,3.0,2.8,2.9,779082,EGCH,Egyptian Chemical Industries (Kima),0.0028
2022-03-14,2.9,2.94,2.84,2.87,214341,EGCH,Egyptian Chemical Industries (Kima),0.0028
2022-03-15,2.87,2.87,2.74,2.81,943205,EGCH,Egyptian Chemical Industries (Kima),0.0028
2022-03-16,2.81,3.05,2.81,3.0,2698840,EGCH,Egyptian Chemical Industries (Kima),0.0028
2022-03-17,3.0,3.07,2.95,3.04,893166,EGCH,Egyptian Chemical Industries (Kima),0.0028
2022-03-20,3.04,3.41,3.04,3.38,6348068,EGCH,Egyptian Chemical Industries (Kima),0.0028
2022-03-21,3.38,3.47,3.27,3.36,3684324,EGCH,Egyptian Chemical Industries (Kima),0.0028
2022-03-22,3.36,3.51,3.3,3.34,3710555,EGCH,Egyptian Chemical Industries (Kima),0.0028
2022-03-23,3.34,3.39,3.3,3.32,1072786,EGCH,Egyptian Chemical Industries (Kima),0.0028
2022-03-24,3.32,3.59,3.32,3.44,5044031,EGCH,Egyptian Chemical Industries (Kima),0.0028
2022-03-27,3.44,3.49,3.38,3.41,1190236,EGCH,Egyptian Chemical Industries (Kima),0.0028
2022-03-28,3.41,3.45,3.08,3.12,2698083,EGCH,Egyptian Chemical Industries (Kima),0.0028
2022-03-29,3.12,3.21,3.07,3.19,3957248,EGCH,Egyptian Chemical Industries (Kima),0.0028
2022-03-30,3.19,3.26,3.01,3.07,4511527,EGCH,Egyptian Chemical Industries (Kima),0.0028
2022-03-31,3.07,3.07,2.9,2.93,6662461,EGCH,Egyptian Chemical Industries (Kima),0.0028
2022-04-03,2.93,3.06,2.93,3.0,2953846,EGCH,Egyptian Chemical Industries (Kima),0.0028
2022-04-04,3.0,3.05,2.94,2.96,792358,EGCH,Egyptian Chemical Industries (Kima),0.0028
2022-04-05,2.96,2.99,2.85,2.89,1944789,EGCH,Egyptian Chemical Industries (Kima),0.0028
2022-04-06,2.89,2.97,2.88,2.96,8846488,EGCH,Egyptian Chemical Industries (Kima),0.0028
2022-04-07,2.96,3.1,2.96,3.06,7688423,EGCH,Egyptian Chemical Industries (Kima),0.0028
2022-04-10,3.06,3.22,3.05,3.14,7438378,EGCH,Egyptian Chemical Industries (Kima),0.0028
2022-04-11,3.14,3.18,2.93,2.95,3162984,EGCH,Egyptian Chemical Industries (Kima),0.0028
2022-04-12,2.95,3.06,2.92,3.03,1726164,EGCH,Egyptian Chemical Industries (Kima),0.0028
2022-04-13,3.03,3.11,2.97,3.0,2056361,EGCH,Egyptian Chemical Industries (Kima),0.0028
2022-04-14,3.0,3.0,2.81,2.85,1690616,EGCH,Egyptian Chemical Industries (Kima),0.0028
2022-04-17,2.85,2.92,2.62,2.65,4783833,EGCH,Egyptian Chemical Industries (Kima),0.0028
2022-04-18,2.65,2.75,2.62,2.71,2661099,EGCH,Egyptian Chemical Industries (Kima),0.0028
2022-04-19,2.71,2.8,2.71,2.74,2765081,EGCH,Egyptian Chemical Industries (Kima),0.0028
2022-04-20,2.74,2.88,2.7,2.84,5890722,EGCH,Egyptian Chemical Industries (Kima),0.0028
2022-04-21,2.84,2.92,2.83,2.89,4322885,EGCH,Egyptian Chemical Industries (Kima),0.0028
2022-04-26,2.89,2.93,2.84,2.89,3681014,EGCH,Egyptian Chemical Industries (Kima),0.0028
2022-04-27,2.89,2.93,2.85,2.9,3549078,EGCH,Egyptian Chemical Industries (Kima),0.0028
2022-04-28,2.9,3.05,2.9,3.02,5782552,EGCH,Egyptian Chemical Industries (Kima),0.0028
2022-05-08,3.02,3.23,3.02,3.19,7105659,EGCH,Egyptian Chemical Industries (Kima),0.0028
2022-05-09,3.19,3.34,3.14,3.15,8564057,EGCH,Egyptian Chemical Industries (Kima),0.0028
2022-05-10,3.15,3.18,3.05,3.08,4091432,EGCH,Egyptian Chemical Industries (Kima),0.0028
2022-05-11,3.08,3.39,3.08,3.38,10513488,EGCH,Egyptian Chemical Industries (Kima),0.0028
2022-05-12,3.38,3.42,3.17,3.23,14044608,EGCH,Egyptian Chemical Industries (Kima),0.0028
2022-05-15,3.23,3.33,3.17,3.19,6512107,EGCH,Egyptian Chemical Industries (Kima),0.0028
2022-05-16,3.19,3.23,3.09,3.19,3349252,EGCH,Egyptian Chemical Industries (Kima),0.0028
2022-05-17,3.19,3.29,3.19,3.23,4510000,EGCH,Egyptian Chemical Industries (Kima),0.0028
2022-05-18,3.23,3.26,3.18,3.19,1796273,EGCH,Egyptian Chemical Industries (Kima),0.0028
2022-05-19,3.19,3.21,3.08,3.14,3152541,EGCH,Egyptian Chemical Industries (Kima),0.0028
2022-05-22,3.14,3.21,3.09,3.11,2011792,EGCH,Egyptian Chemical Industries (Kima),0.0028
2022-05-23,3.11,3.16,3.11,3.12,2127583,EGCH,Egyptian Chemical Industries (Kima),0.0028
2022-05-24,3.12,3.15,3.01,3.02,1706306,EGCH,Egyptian Chemical Industries (Kima),0.0028
2022-05-25,3.02,3.06,2.91,2.93,2041037,EGCH,Egyptian Chemical Industries (Kima),0.0028
2022-05-26,2.93,2.95,2.72,2.81,1542236,EGCH,Egyptian Chemical Industries (Kima),0.0028
2022-05-29,2.81,2.84,2.68,2.78,1061925,EGCH,Egyptian Chemical Industries (Kima),0.0028
2022-05-30,2.78,2.91,2.76,2.85,1696792,EGCH,Egyptian Chemical Industries (Kima),0.0028
2022-05-31,2.85,2.94,2.85,2.85,1055164,EGCH,Egyptian Chemical Industries (Kima),0.0028
2022-06-01,2.85,2.91,2.76,2.78,939695,EGCH,Egyptian Chemical Industries (Kima),0.0028
2022-06-02,2.78,2.85,2.72,2.81,1857460,EGCH,Egyptian Chemical Industries (Kima),0.0028
2022-06-05,2.81,2.87,2.81,2.85,401641,EGCH,Egyptian Chemical Industries (Kima),0.0028
2022-06-06,2.85,2.91,2.85,2.86,751493,EGCH,Egyptian Chemical Industries (Kima),0.0028
2022-06-07,2.86,2.98,2.86,2.95,1479160,EGCH,Egyptian Chemical Industries (Kima),0.0028
2022-06-08,2.95,3.03,2.95,3.0,2830963,EGCH,Egyptian Chemical Industries (Kima),0.0028
2022-06-09,3.0,3.04,2.96,3.0,1082934,EGCH,Egyptian Chemical Industries (Kima),0.0028
2022-06-12,3.0,3.0,2.89,2.93,1029436,EGCH,Egyptian Chemical Industries (Kima),0.0028
2022-06-13,2.93,2.96,2.85,2.86,853199,EGCH,Egyptian Chemical Industries (Kima),0.0028
2022-06-14,2.86,2.92,2.84,2.89,361018,EGCH,Egyptian Chemical Industries (Kima),0.0028
2022-06-15,2.89,2.95,2.88,2.89,856950,EGCH,Egyptian Chemical Industries (Kima),0.0028
2022-06-16,2.89,2.92,2.85,2.86,666201,EGCH,Egyptian Chemical Industries (Kima),0.0028
2022-06-19,2.86,2.88,2.78,2.8,806272,EGCH,Egyptian Chemical Industries (Kima),0.0028
2022-06-20,2.8,2.83,2.72,2.77,666385,EGCH,Egyptian Chemical Industries (Kima),0.0028
2022-06-21,2.77,2.91,2.77,2.86,903970,EGCH,Egyptian Chemical Industries (Kima),0.0028
2022-06-22,2.86,2.87,2.8,2.83,667673,EGCH,Egyptian Chemical Industries (Kima),0.0028
2022-06-23,2.83,2.99,2.76,2.91,1777464,EGCH,Egyptian Chemical Industries (Kima),0.0028
2022-06-26,2.91,2.97,2.86,2.87,1114450,EGCH,Egyptian Chemical Industries (Kima),0.0028
2022-06-27,2.87,2.89,2.78,2.79,787645,EGCH,Egyptian Chemical Industries (Kima),0.0028
2022-06-28,2.79,2.85,2.73,2.82,1316857,EGCH,Egyptian Chemical Industries (Kima),0.0028
2022-06-29,2.82,2.89,2.8,2.83,820558,EGCH,Egyptian Chemical Industries (Kima),0.0028
2022-07-03,2.83,2.89,2.76,2.78,283055,EGCH,Egyptian Chemical Industries (Kima),0.0028
2022-07-04,2.78,2.79,2.52,2.57,1834483,EGCH,Egyptian Chemical Industries (Kima),0.0028
2022-07-05,2.57,2.68,2.57,2.6,1292375,EGCH,Egyptian Chemical Industries (Kima),0.0028
2022-07-06,2.6,2.65,2.57,2.64,462911,EGCH,Egyptian Chemical Industries (Kima),0.0028
2022-07-07,2.64,2.7,2.63,2.65,722284,EGCH,Egyptian Chemical Industries (Kima),0.0028
2022-07-17,2.65,2.65,2.6,2.61,536860,EGCH,Egyptian Chemical Industries (Kima),0.0028
2022-07-18,2.61,2.68,2.6,2.66,524253,EGCH,Egyptian Chemical Industries (Kima),0.0028
2022-07-19,2.66,2.72,2.66,2.71,557474,EGCH,Egyptian Chemical Industries (Kima),0.0028
2022-07-20,2.71,2.77,2.7,2.72,1258654,EGCH,Egyptian Chemical Industries (Kima),0.0028
2022-07-21,2.72,2.85,2.72,2.81,2327961,EGCH,Egyptian Chemical Industries (Kima),0.0028
2022-07-24,2.81,2.85,2.78,2.79,833108,EGCH,Egyptian Chemical Industries (Kima),0.0028
2022-07-25,2.79,2.84,2.77,2.78,641981,EGCH,Egyptian Chemical Industries (Kima),0.0028
2022-07-26,2.78,2.91,2.77,2.86,2347105,EGCH,Egyptian Chemical Industries (Kima),0.0028
2022-07-27,2.86,2.89,2.8,2.81,919238,EGCH,Egyptian Chemical Industries (Kima),0.0028
2022-07-28,2.81,2.88,2.79,2.82,981209,EGCH,Egyptian Chemical Industries (Kima),0.0028
2022-07-31,2.82,2.9,2.82,2.85,882608,EGCH,Egyptian Chemical Industries (Kima),0.0028
2022-08-01,2.85,2.91,2.8,2.81,1652116,EGCH,Egyptian Chemical Industries (Kima),0.0028
2022-08-02,2.81,2.82,2.78,2.81,570271,EGCH,Egyptian Chemical Industries (Kima),0.0028
2022-08-03,2.81,2.89,2.81,2.84,2421068,EGCH,Egyptian Chemical Industries (Kima),0.0028
2022-08-04,2.84,2.93,2.84,2.9,1508640,EGCH,Egyptian Chemical Industries (Kima),0.0028
2022-08-07,2.9,2.96,2.88,2.94,1904158,EGCH,Egyptian Chemical Industries (Kima),0.0028
2022-08-08,2.94,3.01,2.92,2.93,1359829,EGCH,Egyptian Chemical Industries (Kima),0.0028
2022-08-09,2.93,3.0,2.89,2.9,2040366,EGCH,Egyptian Chemical Industries (Kima),0.0028
2022-08-10,2.9,2.99,2.9,2.92,852496,EGCH,Egyptian Chemical Industries (Kima),0.0028
2022-08-11,2.92,2.95,2.87,2.89,1162277,EGCH,Egyptian Chemical Industries (Kima),0.0028
2022-08-14,2.89,2.97,2.89,2.93,1113422,EGCH,Egyptian Chemical Industries (Kima),0.0028
2022-08-15,2.93,2.97,2.89,2.93,1143212,EGCH,Egyptian Chemical Industries (Kima),0.0028
2022-08-16,2.93,2.98,2.91,2.91,1184044,EGCH,Egyptian Chemical Industries (Kima),0.0028
2022-08-17,2.91,2.96,2.9,2.93,547835,EGCH,Egyptian Chemical Industries (Kima),0.0028
2022-08-18,2.93,3.02,2.93,2.95,1719281,EGCH,Egyptian Chemical Industries (Kima),0.0028
2022-08-21,2.95,3.14,2.95,3.08,4943177,EGCH,Egyptian Chemical Industries (Kima),0.0028
2022-08-22,3.08,3.15,3.01,3.04,2186107,EGCH,Egyptian Chemical Industries (Kima),0.0028
2022-08-23,3.04,3.26,3.04,3.11,7461082,EGCH,Egyptian Chemical Industries (Kima),0.0028
2022-08-24,3.11,3.17,3.02,3.03,1972998,EGCH,Egyptian Chemical Industries (Kima),0.0028
2022-08-25,3.03,3.15,3.03,3.08,2922359,EGCH,Egyptian Chemical Industries (Kima),0.0028
2022-08-28,3.08,3.15,3.04,3.06,2386427,EGCH,Egyptian Chemical Industries (Kima),0.0028
2022-08-29,3.06,3.1,2.96,3.0,1736165,EGCH,Egyptian Chemical Industries (Kima),0.0028
2022-08-30,3.0,3.04,2.96,3.01,1021355,EGCH,Egyptian Chemical Industries (Kima),0.0028
2022-08-31,3.01,3.06,2.97,2.98,1010680,EGCH,Egyptian Chemical Industries (Kima),0.0028
2022-09-01,2.98,3.02,2.93,2.93,757479,EGCH,Egyptian Chemical Industries (Kima),0.0028
2022-09-04,2.93,2.97,2.89,2.96,555387,EGCH,Egyptian Chemical Industries (Kima),0.0028
2022-09-05,2.96,3.12,2.96,3.04,1675838,EGCH,Egyptian Chemical Industries (Kima),0.0028
2022-09-06,3.04,3.11,3.04,3.07,1068464,EGCH,Egyptian Chemical Industries (Kima),0.0028
2022-09-07,3.07,3.09,3.0,3.02,1292716,EGCH,Egyptian Chemical Industries (Kima),0.0028
2022-09-08,3.02,3.11,3.0,3.07,2220767,EGCH,Egyptian Chemical Industries (Kima),0.0028
2022-09-11,3.07,3.29,3.07,3.18,7685934,EGCH,Egyptian Chemical Industries (Kima),0.0028
2022-09-12,3.18,3.23,3.14,3.16,1731989,EGCH,Egyptian Chemical Industries (Kima),0.0028
2022-09-13,3.16,3.2,3.1,3.11,1399618,EGCH,Egyptian Chemical Industries (Kima),0.0028
2022-09-14,3.11,3.11,2.97,3.0,2147884,EGCH,Egyptian Chemical Industries (Kima),0.0028
2022-09-15,3.0,3.04,2.92,2.93,2072622,EGCH,Egyptian Chemical Industries (Kima),0.0028
2022-09-18,2.93,2.96,2.7,2.74,1632639,EGCH,Egyptian Chemical Industries (Kima),0.0028
2022-09-19,2.74,2.83,2.7,2.81,502494,EGCH,Egyptian Chemical Industries (Kima),0.0028
2022-09-20,2.81,2.86,2.76,2.84,1475523,EGCH,Egyptian Chemical Industries (Kima),0.0028
2022-09-21,2.84,2.89,2.79,2.81,622198,EGCH,Egyptian Chemical Industries (Kima),0.0028
2022-09-22,2.81,2.84,2.73,2.81,523621,EGCH,Egyptian Chemical Industries (Kima),0.0028
2022-09-25,2.81,2.84,2.76,2.81,681069,EGCH,Egyptian Chemical Industries (Kima),0.0028
2022-09-26,2.81,3.14,2.8,3.09,4537191,EGCH,Egyptian Chemical Industries (Kima),0.0028
2022-09-27,3.09,3.21,3.02,3.09,4737039,EGCH,Egyptian Chemical Industries (Kima),0.0028
2022-09-28,3.09,3.11,2.94,2.96,3056655,EGCH,Egyptian Chemical Industries (Kima),0.0028
2022-09-29,2.96,3.01,2.94,2.95,1409548,EGCH,Egyptian Chemical Industries (Kima),0.0028
2022-10-02,2.95,2.99,2.88,2.94,1005046,EGCH,Egyptian Chemical Industries (Kima),0.0028
2022-10-03,2.94,2.98,2.89,2.92,759200,EGCH,Egyptian Chemical Industries (Kima),0.0028
2022-10-04,2.92,3.04,2.92,3.0,1146948,EGCH,Egyptian Chemical Industries (Kima),0.0028
2022-10-05,3.0,3.07,2.99,3.0,1171296,EGCH,Egyptian Chemical Industries (Kima),0.0028
2022-10-09,3.0,3.05,2.96,3.0,398912,EGCH,Egyptian Chemical Industries (Kima),0.0028
2022-10-10,3.0,3.06,2.96,3.03,1056415,EGCH,Egyptian Chemical Industries (Kima),0.0028
2022-10-11,3.03,3.18,3.02,3.11,4631122,EGCH,Egyptian Chemical Industries (Kima),0.0028
2022-10-12,3.11,3.15,3.01,3.03,1064282,EGCH,Egyptian Chemical Industries (Kima),0.0028
2022-10-13,3.03,3.08,3.0,3.03,836794,EGCH,Egyptian Chemical Industries (Kima),0.0028
2022-10-16,3.03,3.21,3.03,3.13,2931915,EGCH,Egyptian Chemical Industries (Kima),0.0028
2022-10-17,3.13,3.19,3.13,3.16,1230207,EGCH,Egyptian Chemical Industries (Kima),0.0028
2022-10-18,3.16,3.33,3.16,3.25,6481537,EGCH,Egyptian Chemical Industries (Kima),0.0028
2022-10-19,3.25,3.52,3.25,3.46,13752788,EGCH,Egyptian Chemical Industries (Kima),0.0028
2022-10-20,3.46,3.52,3.37,3.37,6338270,EGCH,Egyptian Chemical Industries (Kima),0.0028
2022-10-23,3.37,3.44,3.28,3.31,6088514,EGCH,Egyptian Chemical Industries (Kima),0.0028
2022-10-24,3.31,3.41,3.3,3.33,3093638,EGCH,Egyptian Chemical Industries (Kima),0.0028
2022-10-25,3.33,3.42,3.3,3.37,3025222,EGCH,Egyptian Chemical Industries (Kima),0.0028
2022-10-26,3.37,3.43,3.31,3.33,2630945,EGCH,Egyptian Chemical Industries (Kima),0.0028
2022-10-27,3.33,3.51,3.33,3.41,6517488,EGCH,Egyptian Chemical Industries (Kima),0.0028
2022-10-30,3.41,3.54,3.39,3.42,4195113,EGCH,Egyptian Chemical Industries (Kima),0.0028
2022-10-31,3.42,3.6,3.38,3.55,4791284,EGCH,Egyptian Chemical Industries (Kima),0.0028
2022-11-01,3.55,3.67,3.54,3.62,6722215,EGCH,Egyptian Chemical Industries (Kima),0.0028
2022-11-02,3.62,3.69,3.49,3.56,4248837,EGCH,Egyptian Chemical Industries (Kima),0.0028
2022-11-03,3.56,3.75,3.51,3.67,7798944,EGCH,Egyptian Chemical Industries (Kima),0.0028
2022-11-06,3.67,3.72,3.59,3.62,2464641,EGCH,Egyptian Chemical Industries (Kima),0.0028
2022-11-07,3.62,3.67,3.52,3.58,3855093,EGCH,Egyptian Chemical Industries (Kima),0.0028
2022-11-08,3.58,3.62,3.45,3.47,3176475,EGCH,Egyptian Chemical Industries (Kima),0.0028
2022-11-09,3.47,3.51,3.36,3.4,2299086,EGCH,Egyptian Chemical Industries (Kima),0.0028
2022-11-10,3.4,3.6,3.39,3.55,5631986,EGCH,Egyptian Chemical Industries (Kima),0.0028
2022-11-13,3.55,3.62,3.53,3.57,2700234,EGCH,Egyptian Chemical Industries (Kima),0.0028
2022-11-14,3.57,3.61,3.52,3.56,2111438,EGCH,Egyptian Chemical Industries (Kima),0.0028
2022-11-15,3.56,3.67,3.55,3.56,2490245,EGCH,Egyptian Chemical Industries (Kima),0.0028
2022-11-16,3.56,3.68,3.56,3.63,3918679,EGCH,Egyptian Chemical Industries (Kima),0.0028
2022-11-17,3.63,3.67,3.57,3.59,1984877,EGCH,Egyptian Chemical Industries (Kima),0.0028
2022-11-20,3.59,3.67,3.59,3.63,2647295,EGCH,Egyptian Chemical Industries (Kima),0.0028
2022-11-21,3.63,3.64,3.52,3.54,1525149,EGCH,Egyptian Chemical Industries (Kima),0.0028
2022-11-22,3.54,3.86,3.54,3.71,7552317,EGCH,Egyptian Chemical Industries (Kima),0.0028
2022-11-23,3.71,4.08,3.71,4.08,17928731,EGCH,Egyptian Chemical Industries (Kima),0.0028
2022-11-24,4.08,4.46,4.04,4.38,16624354,EGCH,Egyptian Chemical Industries (Kima),0.0028
2022-11-27,4.38,5.12,4.38,4.87,19901430,EGCH,Egyptian Chemical Industries (Kima),0.0028
2022-11-28,4.87,5.01,4.74,4.81,17430605,EGCH,Egyptian Chemical Industries (Kima),0.0028
2022-11-29,4.81,5.05,4.74,4.83,21548403,EGCH,Egyptian Chemical Industries (Kima),0.0028
2022-11-30,4.83,4.89,4.39,4.49,29831233,EGCH,Egyptian Chemical Industries (Kima),0.0028
2022-12-01,4.49,4.62,4.31,4.55,19693151,EGCH,Egyptian Chemical Industries (Kima),0.0028
2022-12-04,4.55,4.85,4.55,4.8,19063090,EGCH,Egyptian Chemical Industries (Kima),0.0028
2022-12-05,4.8,4.97,4.61,4.71,13147224,EGCH,Egyptian Chemical Industries (Kima),0.0028
2022-12-06,4.71,4.94,4.61,4.85,13200565,EGCH,Egyptian Chemical Industries (Kima),0.0028
2022-12-07,4.85,4.93,4.73,4.76,7531713,EGCH,Egyptian Chemical Industries (Kima),0.0028
2022-12-08,4.76,4.98,4.72,4.9,14552395,EGCH,Egyptian Chemical Industries (Kima),0.0028
2022-12-11,4.9,5.28,4.9,4.96,17613772,EGCH,Egyptian Chemical Industries (Kima),0.0028
2022-12-12,4.96,5.01,4.79,4.94,11142582,EGCH,Egyptian Chemical Industries (Kima),0.0028
2022-12-13,4.94,5.2,4.94,5.07,8522865,EGCH,Egyptian Chemical Industries (Kima),0.0028
2022-12-14,5.07,5.24,4.99,5.01,10792832,EGCH,Egyptian Chemical Industries (Kima),0.0028
2022-12-15,5.01,5.13,4.73,4.79,13163062,EGCH,Egyptian Chemical Industries (Kima),0.0028
2022-12-18,4.79,4.83,4.63,4.63,9329440,EGCH,Egyptian Chemical Industries (Kima),0.0028
2022-12-19,4.63,4.75,4.58,4.69,6129899,EGCH,Egyptian Chemical Industries (Kima),0.0028
2022-12-20,4.69,4.85,4.61,4.61,7767401,EGCH,Egyptian Chemical Industries (Kima),0.0028
2022-12-21,4.61,4.78,4.57,4.75,6386143,EGCH,Egyptian Chemical Industries (Kima),0.0028
2022-12-22,4.75,4.85,4.64,4.66,5112572,EGCH,Egyptian Chemical Industries (Kima),0.0028
2022-12-25,4.66,4.68,4.49,4.53,3144040,EGCH,Egyptian Chemical Industries (Kima),0.0028
2022-12-26,4.53,4.68,4.53,4.64,3508743,EGCH,Egyptian Chemical Industries (Kima),0.0028
2022-12-27,4.64,4.74,4.62,4.63,4219086,EGCH,Egyptian Chemical Industries (Kima),0.0028
2022-12-28,4.63,4.72,4.63,4.65,3535614,EGCH,Egyptian Chemical Industries (Kima),0.0028
2022-12-29,4.65,4.71,4.63,4.65,2577125,EGCH,Egyptian Chemical Industries (Kima),0.0028
2023-01-02,4.65,4.8,4.65,4.79,3976917,EGCH,Egyptian Chemical Industries (Kima),0.0028
2023-01-03,4.79,4.97,4.79,4.87,6878967,EGCH,Egyptian Chemical Industries (Kima),0.0028
2023-01-04,4.87,5.08,4.65,5.05,12056950,EGCH,Egyptian Chemical Industries (Kima),0.0028
2023-01-05,5.05,5.28,5.05,5.2,16746646,EGCH,Egyptian Chemical Industries (Kima),0.0028
2023-01-09,5.2,5.63,5.2,5.48,16952441,EGCH,Egyptian Chemical Industries (Kima),0.0028
2023-01-10,5.48,5.62,5.36,5.4,10484968,EGCH,Egyptian Chemical Industries (Kima),0.0028
2023-01-11,5.4,5.81,5.4,5.46,13658227,EGCH,Egyptian Chemical Industries (Kima),0.0028
2023-01-12,5.46,5.72,5.39,5.69,12591412,EGCH,Egyptian Chemical Industries (Kima),0.0028
2023-01-15,5.69,6.21,5.69,6.1,18261712,EGCH,Egyptian Chemical Industries (Kima),0.0028
2023-01-16,6.1,6.37,6.06,6.1,14073376,EGCH,Egyptian Chemical Industries (Kima),0.0028
2023-01-17,6.1,6.25,5.98,6.02,8828468,EGCH,Egyptian Chemical Industries (Kima),0.0028
2023-01-18,6.02,6.13,5.73,5.77,11413816,EGCH,Egyptian Chemical Industries (Kima),0.0028
2023-01-19,5.77,5.91,5.73,5.77,8499089,EGCH,Egyptian Chemical Industries (Kima),0.0028
2023-01-22,5.77,6.02,5.77,5.86,9669979,EGCH,Egyptian Chemical Industries (Kima),0.0028
2023-01-23,5.86,5.97,5.81,5.84,5888394,EGCH,Egyptian Chemical Industries (Kima),0.0028
2023-01-24,5.84,5.97,5.8,5.82,5455005,EGCH,Egyptian Chemical Industries (Kima),0.0028
2023-01-25,5.82,5.98,5.82,5.87,5737636,EGCH,Egyptian Chemical Industries (Kima),0.0028
2023-01-29,5.87,5.95,5.84,5.86,3304306,EGCH,Egyptian Chemical Industries (Kima),0.0028
2023-01-30,5.86,5.92,5.54,5.58,6347608,EGCH,Egyptian Chemical Industries (Kima),0.0028
2023-01-31,5.58,5.63,5.38,5.4,3326859,EGCH,Egyptian Chemical Industries (Kima),0.0028
2023-02-01,5.4,5.52,5.3,5.43,2399179,EGCH,Egyptian Chemical Industries (Kima),0.0028
2023-02-02,5.43,5.55,5.29,5.31,1555716,EGCH,Egyptian Chemical Industries (Kima),0.0028
2023-02-05,5.31,5.4,4.84,4.94,6528367,EGCH,Egyptian Chemical Industries (Kima),0.0028
2023-02-06,4.94,5.17,4.94,5.05,4659449,EGCH,Egyptian Chemical Industries (Kima),0.0028
2023-02-07,5.05,5.24,5.05,5.14,3817873,EGCH,Egyptian Chemical Industries (Kima),0.0028
2023-02-08,5.14,5.28,5.01,5.15,4126016,EGCH,Egyptian Chemical Industries (Kima),0.0028
2023-02-09,5.15,5.41,5.15,5.35,7035564,EGCH,Egyptian Chemical Industries (Kima),0.0028
2023-02-12,5.35,5.48,5.35,5.35,3950900,EGCH,Egyptian Chemical Industries (Kima),0.0028
2023-02-13,5.35,5.63,5.35,5.49,5792668,EGCH,Egyptian Chemical Industries (Kima),0.0028
2023-02-14,5.49,5.61,5.42,5.48,4028170,EGCH,Egyptian Chemical Industries (Kima),0.0028
2023-02-15,5.48,5.66,5.48,5.61,6772402,EGCH,Egyptian Chemical Industries (Kima),0.0028
2023-02-16,5.61,5.75,5.61,5.65,9783662,EGCH,Egyptian Chemical Industries (Kima),0.0028
2023-02-19,5.65,5.75,5.53,5.54,3894007,EGCH,Egyptian Chemical Industries (Kima),0.0028
2023-02-20,5.54,5.62,5.25,5.28,4329063,EGCH,Egyptian Chemical Industries (Kima),0.0028
2023-02-21,5.28,5.4,5.16,5.35,3698387,EGCH,Egyptian Chemical Industries (Kima),0.0028
2023-02-22,5.35,5.51,5.25,5.25,4449845,EGCH,Egyptian Chemical Industries (Kima),0.0028
2023-02-23,5.25,5.37,5.16,5.35,3330680,EGCH,Egyptian Chemical Industries (Kima),0.0028
2023-02-26,5.35,5.46,5.33,5.37,2850954,EGCH,Egyptian Chemical Industries (Kima),0.0028
2023-02-27,5.37,5.5,5.37,5.39,3383654,EGCH,Egyptian Chemical Industries (Kima),0.0028
2023-02-28,5.39,5.43,5.31,5.35,1904120,EGCH,Egyptian Chemical Industries (Kima),0.0028
2023-03-01,5.35,5.44,5.34,5.36,1706166,EGCH,Egyptian Chemical Industries (Kima),0.0028
2023-03-02,5.36,5.5,5.36,5.4,3757962,EGCH,Egyptian Chemical Industries (Kima),0.0028
2023-03-05,5.4,5.44,5.28,5.32,2063992,EGCH,Egyptian Chemical Industries (Kima),0.0028
2023-03-06,5.32,5.44,5.26,5.27,2522753,EGCH,Egyptian Chemical Industries (Kima),0.0028
2023-03-07,5.27,5.3,5.09,5.12,2370581,EGCH,Egyptian Chemical Industries (Kima),0.0028
2023-03-08,5.12,5.16,4.89,4.99,3316759,EGCH,Egyptian Chemical Industries (Kima),0.0028
2023-03-09,4.99,5.27,4.98,5.24,5553428,EGCH,Egyptian Chemical Industries (Kima),0.0028
2023-03-12,5.24,5.27,4.97,5.01,3618889,EGCH,Egyptian Chemical Industries (Kima),0.0028
2023-03-13,5.01,5.09,4.49,4.57,4312552,EGCH,Egyptian Chemical Industries (Kima),0.0028
2023-03-14,4.57,4.6,4.22,4.57,3349359,EGCH,Egyptian Chemical Industries (Kima),0.0028
2023-03-15,4.57,4.78,3.8,4.11,5455826,EGCH,Egyptian Chemical Industries (Kima),0.0028
2023-03-16,4.11,4.26,3.83,4.2,3042751,EGCH,Egyptian Chemical Industries (Kima),0.0028
2023-03-19,4.2,4.26,3.97,4.19,2683678,EGCH,Egyptian Chemical Industries (Kima),0.0028
2023-03-20,4.19,4.57,4.19,4.47,3903942,EGCH,Egyptian Chemical Industries (Kima),0.0028
2023-03-21,4.47,4.77,4.47,4.71,4207818,EGCH,Egyptian Chemical Industries (Kima),0.0028
2023-03-22,4.71,4.81,4.59,4.61,4008528,EGCH,Egyptian Chemical Industries (Kima),0.0028
2023-03-23,4.61,4.72,4.57,4.69,1405959,EGCH,Egyptian Chemical Industries (Kima),0.0028
2023-03-26,4.69,5.09,4.69,5.06,5894761,EGCH,Egyptian Chemical Industries (Kima),0.0028
2023-03-27,5.06,5.23,4.87,4.98,5723335,EGCH,Egyptian Chemical Industries (Kima),0.0028
2023-03-28,4.98,5.24,4.86,5.16,4250846,EGCH,Egyptian Chemical Industries (Kima),0.0028
2023-03-29,5.16,5.51,5.16,5.36,8209215,EGCH,Egyptian Chemical Industries (Kima),0.0028
2023-03-30,5.36,5.48,5.16,5.24,6191774,EGCH,Egyptian Chemical Industries (Kima),0.0028
2023-04-02,5.24,5.36,5.24,5.33,2085149,EGCH,Egyptian Chemical Industries (Kima),0.0028
2023-04-03,5.33,5.62,5.33,5.62,8722134,EGCH,Egyptian Chemical Industries (Kima),0.0028
2023-04-04,5.62,5.72,5.52,5.63,6325525,EGCH,Egyptian Chemical Industries (Kima),0.0028
2023-04-05,5.63,5.64,5.42,5.44,4865826,EGCH,Egyptian Chemical Industries (Kima),0.0028
2023-04-06,5.44,5.49,5.28,5.34,4172336,EGCH,Egyptian Chemical Industries (Kima),0.0028
2023-04-09,5.34,5.36,5.22,5.25,2441537,EGCH,Egyptian Chemical Industries (Kima),0.0028
2023-04-10,5.25,5.33,5.22,5.28,1704769,EGCH,Egyptian Chemical Industries (Kima),0.0028
2023-04-11,5.28,5.61,5.28,5.56,7785701,EGCH,Egyptian Chemical Industries (Kima),0.0028
2023-04-12,5.56,5.68,5.5,5.53,10066065,EGCH,Egyptian Chemical Industries (Kima),0.0028
2023-04-13,5.53,5.66,5.53,5.64,7167535,EGCH,Egyptian Chemical Industries (Kima),0.0028
2023-04-18,5.64,6.08,5.64,5.93,14620847,EGCH,Egyptian Chemical Industries (Kima),0.0028
2023-04-19,5.93,6.16,5.93,6.05,7920808,EGCH,Egyptian Chemical Industries (Kima),0.0028
2023-04-26,6.05,6.22,5.99,6.1,7906353,EGCH,Egyptian Chemical Industries (Kima),0.0028
2023-04-27,6.1,6.29,6.1,6.28,9571585,EGCH,Egyptian Chemical Industries (Kima),0.0028
2023-04-30,6.28,6.64,6.28,6.36,19846874,EGCH,Egyptian Chemical Industries (Kima),0.0028
2023-05-01,6.36,6.47,6.16,6.21,13322519,EGCH,Egyptian Chemical Industries (Kima),0.0028
2023-05-02,6.21,6.28,6.02,6.1,9316254,EGCH,Egyptian Chemical Industries (Kima),0.0028
2023-05-03,6.1,6.21,5.88,5.96,10221695,EGCH,Egyptian Chemical Industries (Kima),0.0028
2023-05-07,5.96,6.03,5.86,5.96,6295237,EGCH,Egyptian Chemical Industries (Kima),0.0028
2023-05-08,5.96,6.25,5.96,6.25,10189763,EGCH,Egyptian Chemical Industries (Kima),0.0028
2023-05-09,6.25,6.43,6.08,6.09,14971655,EGCH,Egyptian Chemical Industries (Kima),0.0028
2023-05-10,6.09,6.27,5.97,6.22,10464459,EGCH,Egyptian Chemical Industries (Kima),0.0028
2023-05-11,6.22,6.28,6.1,6.12,5119876,EGCH,Egyptian Chemical Industries (Kima),0.0028
2023-05-14,6.12,6.28,6.02,6.27,6509549,EGCH,Egyptian Chemical Industries (Kima),0.0028
2023-05-15,6.27,6.39,6.11,6.13,8248911,EGCH,Egyptian Chemical Industries (Kima),0.0028
2023-05-16,6.13,6.25,4.93,6.25,5166035,EGCH,Egyptian Chemical Industries (Kima),0.0028
2023-05-17,6.25,6.4,6.1,6.15,11868873,EGCH,Egyptian Chemical Industries (Kima),0.0028
2023-05-18,6.15,6.23,6.04,6.23,6494885,EGCH,Egyptian Chemical Industries (Kima),0.0028
2023-05-21,6.23,6.29,6.14,6.15,7259999,EGCH,Egyptian Chemical Industries (Kima),0.0028
2023-05-22,6.15,6.21,6.05,6.06,4914573,EGCH,Egyptian Chemical Industries (Kima),0.0028
2023-05-23,6.06,6.07,5.93,6.07,5056760,EGCH,Egyptian Chemical Industries (Kima),0.0028
2023-05-24,6.07,6.15,6.05,6.14,5031208,EGCH,Egyptian Chemical Industries (Kima),0.0028
2023-05-25,6.14,6.18,6.04,6.06,4155530,EGCH,Egyptian Chemical Industries (Kima),0.0028
2023-05-28,6.06,6.11,6.04,6.05,2777563,EGCH,Egyptian Chemical Industries (Kima),0.0028
2023-05-29,6.05,6.12,6.03,6.1,3297780,EGCH,Egyptian Chemical Industries (Kima),0.0028
2023-05-30,6.1,6.34,6.08,6.21,9358149,EGCH,Egyptian Chemical Industries (Kima),0.0028
2023-05-31,6.21,6.31,6.13,6.13,4883072,EGCH,Egyptian Chemical Industries (Kima),0.0028
2023-06-01,6.13,6.21,6.08,6.13,2761623,EGCH,Egyptian Chemical Industries (Kima),0.0028
2023-06-04,6.13,6.2,6.1,6.11,2799726,EGCH,Egyptian Chemical Industries (Kima),0.0028
2023-06-05,6.11,6.26,6.1,6.11,3140198,EGCH,Egyptian Chemical Industries (Kima),0.0028
2023-06-06,6.11,6.86,6.11,6.84,28920868,EGCH,Egyptian Chemical Industries (Kima),0.0028
2023-06-07,6.84,6.95,6.51,6.58,15143590,EGCH,Egyptian Chemical Industries (Kima),0.0028
2023-06-08,6.58,6.83,6.58,6.67,8978464,EGCH,Egyptian Chemical Industries (Kima),0.0028
2023-06-11,6.67,7.19,6.67,6.83,15046526,EGCH,Egyptian Chemical Industries (Kima),0.0028
2023-06-12,6.83,6.96,6.76,6.88,4863237,EGCH,Egyptian Chemical Industries (Kima),0.0028
2023-06-13,6.88,7.12,6.88,6.91,12405816,EGCH,Egyptian Chemical Industries (Kima),0.0028
2023-06-14,6.91,7.0,6.8,6.81,4145766,EGCH,Egyptian Chemical Industries (Kima),0.0028
2023-06-15,6.81,6.89,6.69,6.72,3320335,EGCH,Egyptian Chemical Industries (Kima),0.0028
2023-06-18,6.72,7.0,6.65,6.98,5329746,EGCH,Egyptian Chemical Industries (Kima),0.0028
2023-06-19,6.98,7.06,6.75,6.79,3774319,EGCH,Egyptian Chemical Industries (Kima),0.0028
2023-06-20,6.79,6.94,6.76,6.76,3264443,EGCH,Egyptian Chemical Industries (Kima),0.0028
2023-06-21,6.76,6.8,6.58,6.63,3026677,EGCH,Egyptian Chemical Industries (Kima),0.0028
2023-06-22,6.63,6.69,6.57,6.69,2102366,EGCH,Egyptian Chemical Industries (Kima),0.0028
2023-06-25,6.69,6.97,6.69,6.9,10363687,EGCH,Egyptian Chemical Industries (Kima),0.0028
2023-06-26,6.9,7.18,6.9,7.12,16390362,EGCH,Egyptian Chemical Industries (Kima),0.0028
2023-07-04,7.12,7.3,7.12,7.21,8310767,EGCH,Egyptian Chemical Industries (Kima),0.0028
2023-07-05,7.21,7.33,7.14,7.14,5831231,EGCH,Egyptian Chemical Industries (Kima),0.0028
2023-07-06,7.14,7.25,6.9,6.96,4890601,EGCH,Egyptian Chemical Industries (Kima),0.0028
2023-07-09,6.96,7.01,6.56,6.58,4001218,EGCH,Egyptian Chemical Industries (Kima),0.0028
2023-07-10,6.58,6.82,6.41,6.79,3324288,EGCH,Egyptian Chemical Industries (Kima),0.0028
2023-07-11,6.79,7.03,6.73,6.87,5280386,EGCH,Egyptian Chemical Industries (Kima),0.0028
2023-07-12,6.87,6.94,6.78,6.8,2805681,EGCH,Egyptian Chemical Industries (Kima),0.0028
2023-07-13,6.8,6.97,6.78,6.96,3727889,EGCH,Egyptian Chemical Industries (Kima),0.0028
2023-07-16,6.96,7.14,6.95,6.96,6141255,EGCH,Egyptian Chemical Industries (Kima),0.0028
2023-07-17,6.96,7.0,6.87,6.88,2115511,EGCH,Egyptian Chemical Industries (Kima),0.0028
2023-07-18,6.88,7.18,6.88,7.18,6647686,EGCH,Egyptian Chemical Industries (Kima),0.0028
2023-07-19,7.18,7.19,6.99,7.01,4118255,EGCH,Egyptian Chemical Industries (Kima),0.0028
2023-07-24,7.01,7.09,6.94,7.01,1380207,EGCH,Egyptian Chemical Industries (Kima),0.0028
2023-07-25,7.01,7.1,6.9,6.91,3883545,EGCH,Egyptian Chemical Industries (Kima),0.0028
2023-07-26,6.91,6.97,6.84,6.89,1344087,EGCH,Egyptian Chemical Industries (Kima),0.0028
2023-07-27,6.89,6.91,6.8,6.84,1412402,EGCH,Egyptian Chemical Industries (Kima),0.0028
2023-07-30,6.84,6.97,6.82,6.92,2059002,EGCH,Egyptian Chemical Industries (Kima),0.0028
2023-07-31,6.92,7.0,6.84,6.87,3345741,EGCH,Egyptian Chemical Industries (Kima),0.0028
2023-08-01,6.87,6.95,6.67,6.69,4194210,EGCH,Egyptian Chemical Industries (Kima),0.0028
2023-08-02,6.69,6.75,6.41,6.48,3818010,EGCH,Egyptian Chemical Industries (Kima),0.0028
2023-08-03,6.48,6.62,6.43,6.51,3214772,EGCH,Egyptian Chemical Industries (Kima),0.0028
2023-08-06,6.51,6.64,6.5,6.62,3347332,EGCH,Egyptian Chemical Industries (Kima),0.0028
2023-08-07,6.62,6.7,6.59,6.6,3310188,EGCH,Egyptian Chemical Industries (Kima),0.0028
2023-08-08,6.6,6.7,6.58,6.59,2251554,EGCH,Egyptian Chemical Industries (Kima),0.0028
2023-08-09,6.59,6.66,6.53,6.54,2283421,EGCH,Egyptian Chemical Industries (Kima),0.0028
2023-08-10,6.54,6.62,6.46,6.47,1717630,EGCH,Egyptian Chemical Industries (Kima),0.0028
2023-08-13,6.47,6.62,6.47,6.62,3714296,EGCH,Egyptian Chemical Industries (Kima),0.0028
2023-08-14,6.62,6.73,6.56,6.57,3739691,EGCH,Egyptian Chemical Industries (Kima),0.0028
2023-08-15,6.57,6.62,6.51,6.51,2404604,EGCH,Egyptian Chemical Industries (Kima),0.0028
2023-08-16,6.51,6.61,6.47,6.47,2439295,EGCH,Egyptian Chemical Industries (Kima),0.0028
2023-08-17,6.47,6.54,6.41,6.43,1583310,EGCH,Egyptian Chemical Industries (Kima),0.0028
2023-08-20,6.43,6.5,6.4,6.41,1118897,EGCH,Egyptian Chemical Industries (Kima),0.0028
2023-08-21,6.41,6.69,6.41,6.62,6156239,EGCH,Egyptian Chemical Industries (Kima),0.0028
2023-08-22,6.62,6.82,6.62,6.7,6124792,EGCH,Egyptian Chemical Industries (Kima),0.0028
2023-08-23,6.7,6.78,6.55,6.56,2357752,EGCH,Egyptian Chemical Industries (Kima),0.0028
2023-08-24,6.56,6.62,6.48,6.62,2016105,EGCH,Egyptian Chemical Industries (Kima),0.0028
2023-08-27,6.62,6.75,6.62,6.66,2684822,EGCH,Egyptian Chemical Industries (Kima),0.0028
2023-08-28,6.66,6.77,6.61,6.61,1948719,EGCH,Egyptian Chemical Industries (Kima),0.0028
2023-08-29,6.61,6.67,6.58,6.59,934684,EGCH,Egyptian Chemical Industries (Kima),0.0028
2023-08-30,6.59,6.69,6.58,6.59,1447622,EGCH,Egyptian Chemical Industries (Kima),0.0028
2023-08-31,6.59,6.64,6.54,6.55,1042907,EGCH,Egyptian Chemical Industries (Kima),0.0028
2023-09-03,6.55,6.62,6.43,6.43,1774606,EGCH,Egyptian Chemical Industries (Kima),0.0028
2023-09-04,6.43,6.61,6.41,6.53,1927567,EGCH,Egyptian Chemical Industries (Kima),0.0028
2023-09-05,6.53,6.61,6.44,6.46,2298706,EGCH,Egyptian Chemical Industries (Kima),0.0028
2023-09-06,6.46,6.52,6.25,6.26,4182644,EGCH,Egyptian Chemical Industries (Kima),0.0028
2023-09-07,6.26,6.36,6.26,6.31,1896285,EGCH,Egyptian Chemical Industries (Kima),0.0028
2023-09-10,6.31,6.47,6.31,6.46,2282882,EGCH,Egyptian Chemical Industries (Kima),0.0028
2023-09-11,6.46,6.54,6.36,6.36,1519900,EGCH,Egyptian Chemical Industries (Kima),0.0028
2023-09-12,6.36,6.41,6.28,6.3,1227370,EGCH,Egyptian Chemical Industries (Kima),0.0028
2023-09-13,6.3,6.47,6.3,6.43,1765206,EGCH,Egyptian Chemical Industries (Kima),0.0028
2023-09-14,6.43,6.55,6.42,6.49,2976503,EGCH,Egyptian Chemical Industries (Kima),0.0028
2023-09-17,6.49,6.54,6.45,6.51,1650706,EGCH,Egyptian Chemical Industries (Kima),0.0028
2023-09-18,6.51,6.63,6.51,6.6,3042892,EGCH,Egyptian Chemical Industries (Kima),0.0028
2023-09-19,6.6,6.67,6.53,6.54,3437316,EGCH,Egyptian Chemical Industries (Kima),0.0028
2023-09-20,6.54,6.88,6.46,6.52,14511055,EGCH,Egyptian Chemical Industries (Kima),0.0028
2023-09-21,6.52,6.62,6.43,6.61,3579070,EGCH,Egyptian Chemical Industries (Kima),0.0028
2023-09-24,6.61,7.47,6.61,7.47,28342380,EGCH,Egyptian Chemical Industries (Kima),0.0028
2023-09-25,7.47,7.47,7.12,7.18,14842331,EGCH,Egyptian Chemical Industries (Kima),0.0028
2023-09-26,7.18,7.8,7.14,7.59,34500719,EGCH,Egyptian Chemical Industries (Kima),0.0028
2023-09-27,7.59,7.98,7.59,7.91,28238638,EGCH,Egyptian Chemical Industries (Kima),0.0028
2023-10-01,7.91,8.32,7.91,8.14,15843364,EGCH,Egyptian Chemical Industries (Kima),0.0028
2023-10-02,8.14,8.22,7.58,7.81,12750383,EGCH,Egyptian Chemical Industries (Kima),0.0028
2023-10-03,7.81,7.96,7.61,7.69,6893419,EGCH,Egyptian Chemical Industries (Kima),0.0028
2023-10-04,7.69,7.79,7.61,7.73,5242198,EGCH,Egyptian Chemical Industries (Kima),0.0028
2023-10-08,7.73,7.86,6.95,7.41,11520190,EGCH,Egyptian Chemical Industries (Kima),0.0028
2023-10-09,7.41,7.49,7.33,7.44,3355687,EGCH,Egyptian Chemical Industries (Kima),0.0028
2023-10-10,7.44,7.67,7.4,7.59,6854384,EGCH,Egyptian Chemical Industries (Kima),0.0028
2023-10-11,7.59,7.71,7.51,7.54,6011727,EGCH,Egyptian Chemical Industries (Kima),0.0028
2023-10-12,7.54,7.73,7.53,7.73,6590424,EGCH,Egyptian Chemical Industries (Kima),0.0028
2023-10-15,7.73,8.12,7.73,8.05,14668367,EGCH,Egyptian Chemical Industries (Kima),0.0028
2023-10-16,8.05,9.42,8.04,9.19,28992222,EGCH,Egyptian Chemical Industries (Kima),0.0028
2023-10-17,9.19,9.62,8.8,9.54,30261740,EGCH,Egyptian Chemical Industries (Kima),0.0028
2023-10-18,9.54,10.79,9.37,10.38,38572409,EGCH,Egyptian Chemical Industries (Kima),0.0028
2023-10-19,10.38,11.19,10.38,10.64,29966122,EGCH,Egyptian Chemical Industries (Kima),0.0028
2023-10-22,10.64,11.2,10.64,10.88,12499412,EGCH,Egyptian Chemical Industries (Kima),0.0028
2023-10-23,10.88,11.64,10.88,11.47,16821325,EGCH,Egyptian Chemical Industries (Kima),0.0028
2023-10-24,11.47,12.1,10.93,11.35,21700753,EGCH,Egyptian Chemical Industries (Kima),0.0028
2023-10-25,11.35,11.82,11.18,11.28,14574564,EGCH,Egyptian Chemical Industries (Kima),0.0028
2023-10-26,11.28,11.47,10.77,10.84,12889484,EGCH,Egyptian Chemical Industries (Kima),0.0028
2023-10-29,10.84,10.92,10.36,10.4,10103845,EGCH,Egyptian Chemical Industries (Kima),0.0028
2023-10-30,10.4,11.03,10.25,11.01,12097482,EGCH,Egyptian Chemical Industries (Kima),0.0028
2023-10-31,11.01,11.19,9.71,9.71,17529873,EGCH,Egyptian Chemical Industries (Kima),0.0028
2023-11-01,9.71,10.18,9.31,9.62,6224919,EGCH,Egyptian Chemical Industries (Kima),0.0028
2023-11-02,9.62,9.91,9.62,9.79,3970015,EGCH,Egyptian Chemical Industries (Kima),0.0028
2023-11-05,9.79,10.26,9.79,10.02,5396267,EGCH,Egyptian Chemical Industries (Kima),0.0028
2023-11-06,10.02,10.18,9.82,9.88,3154189,EGCH,Egyptian Chemical Industries (Kima),0.0028
2023-11-07,9.88,10.23,9.74,10.23,4606245,EGCH,Egyptian Chemical Industries (Kima),0.0028
2023-11-08,10.23,10.72,10.23,10.57,13017356,EGCH,Egyptian Chemical Industries (Kima),0.0028
2023-11-09,10.57,10.86,10.47,10.79,7482828,EGCH,Egyptian Chemical Industries (Kima),0.0028
2023-11-12,10.79,10.81,10.49,10.53,3727005,EGCH,Egyptian Chemical Industries (Kima),0.0028
2023-11-13,10.53,10.64,10.25,10.27,2478631,EGCH,Egyptian Chemical Industries (Kima),0.0028
2023-11-14,10.27,10.55,10.26,10.28,3101004,EGCH,Egyptian Chemical Industries (Kima),0.0028
2023-11-15,10.28,10.49,10.2,10.25,2165560,EGCH,Egyptian Chemical Industries (Kima),0.0028
2023-11-16,10.25,10.46,10.25,10.35,2646277,EGCH,Egyptian Chemical Industries (Kima),0.0028
2023-11-19,10.35,10.64,10.35,10.56,4867208,EGCH,Egyptian Chemical Industries (Kima),0.0028
2023-11-20,10.56,10.72,10.29,10.35,4227176,EGCH,Egyptian Chemical Industries (Kima),0.0028
2023-11-21,10.35,10.54,10.29,10.5,2946989,EGCH,Egyptian Chemical Industries (Kima),0.0028
2023-11-22,10.5,10.61,10.43,10.43,2127574,EGCH,Egyptian Chemical Industries (Kima),0.0028
2023-11-23,10.43,10.57,10.4,10.42,2103099,EGCH,Egyptian Chemical Industries (Kima),0.0028
2023-11-26,10.42,10.49,10.27,10.31,2727600,EGCH,Egyptian Chemical Industries (Kima),0.0028
2023-11-27,10.31,10.38,10.05,10.12,3296993,EGCH,Egyptian Chemical Industries (Kima),0.0028
2023-11-28,10.12,10.37,9.86,10.13,3248165,EGCH,Egyptian Chemical Industries (Kima),0.0028
2023-11-29,10.13,10.25,9.86,9.86,2518037,EGCH,Egyptian Chemical Industries (Kima),0.0028
2023-11-30,9.86,10.2,9.86,9.94,2070613,EGCH,Egyptian Chemical Industries (Kima),0.0028
2023-12-03,9.94,10.19,9.92,9.94,1310852,EGCH,Egyptian Chemical Industries (Kima),0.0028
2023-12-04,9.94,10.15,9.94,10.01,1260739,EGCH,Egyptian Chemical Industries (Kima),0.0028
2023-12-05,10.01,10.19,9.94,9.94,1490919,EGCH,Egyptian Chemical Industries (Kima),0.0028
2023-12-06,9.94,10.05,9.7,9.71,2157873,EGCH,Egyptian Chemical Industries (Kima),0.0028
2023-12-07,9.71,9.72,9.38,9.59,1912018,EGCH,Egyptian Chemical Industries (Kima),0.0028
2023-12-10,9.59,9.68,9.23,9.24,1755823,EGCH,Egyptian Chemical Industries (Kima),0.0028
2023-12-11,9.24,9.24,8.89,8.91,1938045,EGCH,Egyptian Chemical Industries (Kima),0.0028
2023-12-12,8.91,9.15,8.7,8.97,1662656,EGCH,Egyptian Chemical Industries (Kima),0.0028
2023-12-13,8.97,9.68,8.91,9.62,3940504,EGCH,Egyptian Chemical Industries (Kima),0.0028
2023-12-14,9.62,9.83,9.48,9.5,2777342,EGCH,Egyptian Chemical Industries (Kima),0.0028
2023-12-17,9.5,9.82,9.5,9.56,1318218,EGCH,Egyptian Chemical Industries (Kima),0.0028
2023-12-18,9.56,9.96,9.56,9.86,3559906,EGCH,Egyptian Chemical Industries (Kima),0.0028
2023-12-19,9.86,10.64,9.86,10.42,14366960,EGCH,Egyptian Chemical Industries (Kima),0.0028
2023-12-20,10.42,10.5,10.01,10.06,5839672,EGCH,Egyptian Chemical Industries (Kima),0.0028
2023-12-21,10.06,10.44,9.96,10.21,5168624,EGCH,Egyptian Chemical Industries (Kima),0.0028
2023-12-24,10.21,10.54,10.05,10.12,4563927,EGCH,Egyptian Chemical Industries (Kima),0.0028
2023-12-25,10.12,10.26,9.85,10.04,2012131,EGCH,Egyptian Chemical Industries (Kima),0.0028
2023-12-26,10.04,10.26,9.94,10.05,1772651,EGCH,Egyptian Chemical Industries (Kima),0.0028
2023-12-27,10.05,10.72,10.05,10.7,11976009,EGCH,Egyptian Chemical Industries (Kima),0.0028
2023-12-28,10.7,10.95,10.45,10.49,7356292,EGCH,Egyptian Chemical Industries (Kima),0.0028
2023-12-31,10.49,10.71,10.49,10.68,3720569,EGCH,Egyptian Chemical Industries (Kima),0.0028
2024-01-02,10.68,10.82,10.62,10.71,2730669,EGCH,Egyptian Chemical Industries (Kima),0.0028
2024-01-03,10.71,10.8,10.61,10.61,2550575,EGCH,Egyptian Chemical Industries (Kima),0.0028
2024-01-04,10.61,10.68,10.45,10.46,2213991,EGCH,Egyptian Chemical Industries (Kima),0.0028
2024-01-08,10.46,10.6,10.43,10.45,1380268,EGCH,Egyptian Chemical Industries (Kima),0.0028
2024-01-09,10.45,10.69,10.42,10.52,1767818,EGCH,Egyptian Chemical Industries (Kima),0.0028
2024-01-10,10.52,10.74,10.51,10.57,3356238,EGCH,Egyptian Chemical Industries (Kima),0.0028
2024-01-11,10.57,10.64,10.49,10.61,1737341,EGCH,Egyptian Chemical Industries (Kima),0.0028
2024-01-14,10.61,10.86,10.58,10.8,4186463,EGCH,Egyptian Chemical Industries (Kima),0.0028
2024-01-15,10.8,11.0,10.72,10.72,3793184,EGCH,Egyptian Chemical Industries (Kima),0.0028
2024-01-16,10.72,10.84,10.62,10.72,4007563,EGCH,Egyptian Chemical Industries (Kima),0.0028
2024-01-17,10.72,10.93,10.57,10.57,3829546,EGCH,Egyptian Chemical Industries (Kima),0.0028
2024-01-18,10.57,10.68,10.43,10.51,3160616,EGCH,Egyptian Chemical Industries (Kima),0.0028
2024-01-21,10.51,12.61,10.5,12.61,36462577,EGCH,Egyptian Chemical Industries (Kima),0.0028
2024-01-22,12.61,13.58,12.32,12.74,27091381,EGCH,Egyptian Chemical Industries (Kima),0.0028
2024-01-23,12.74,12.89,12.28,12.31,7191060,EGCH,Egyptian Chemical Industries (Kima),0.0028
2024-01-24,12.31,12.75,12.14,12.39,6643912,EGCH,Egyptian Chemical Industries (Kima),0.0028
2024-01-28,12.39,13.56,12.39,13.13,11741296,EGCH,Egyptian Chemical Industries (Kima),0.0028
2024-01-29,13.13,13.72,12.88,12.94,10994787,EGCH,Egyptian Chemical Industries (Kima),0.0028
2024-01-30,12.94,13.35,12.24,12.37,17585354,EGCH,Egyptian Chemical Industries (Kima),0.0028
2024-01-31,12.37,12.47,10.65,10.91,9109223,EGCH,Egyptian Chemical Industries (Kima),0.0028
2024-02-01,10.91,11.32,10.26,11.28,4003213,EGCH,Egyptian Chemical Industries (Kima),0.0028
2024-02-04,11.28,11.34,10.8,10.88,4224153,EGCH,Egyptian Chemical Industries (Kima),0.0028
2024-02-05,10.88,11.32,10.88,10.99,3975660,EGCH,Egyptian Chemical Industries (Kima),0.0028
2024-02-06,10.99,11.2,10.61,10.72,2827539,EGCH,Egyptian Chemical Industries (Kima),0.0028
2024-02-07,10.72,10.88,10.54,10.64,2049564,EGCH,Egyptian Chemical Industries (Kima),0.0028
2024-02-08,10.64,11.03,10.62,10.77,1810717,EGCH,Egyptian Chemical Industries (Kima),0.0028
2024-02-11,10.77,10.87,10.49,10.57,1867801,EGCH,Egyptian Chemical Industries (Kima),0.0028
2024-02-12,10.57,10.64,10.35,10.5,1263805,EGCH,Egyptian Chemical Industries (Kima),0.0028
2024-02-13,10.5,10.63,10.37,10.53,1413628,EGCH,Egyptian Chemical Industries (Kima),0.0028
2024-02-14,10.53,10.76,10.53,10.72,2457358,EGCH,Egyptian Chemical Industries (Kima),0.0028
2024-02-15,10.72,11.17,10.72,10.96,4574248,EGCH,Egyptian Chemical Industries (Kima),0.0028
2024-02-18,10.96,11.13,10.9,10.96,1943384,EGCH,Egyptian Chemical Industries (Kima),0.0028
2024-02-19,10.96,11.03,10.83,10.87,1236785,EGCH,Egyptian Chemical Industries (Kima),0.0028
2024-02-20,10.87,10.99,10.72,10.78,1688378,EGCH,Egyptian Chemical Industries (Kima),0.0028
2024-02-21,10.78,10.95,10.72,10.73,1594766,EGCH,Egyptian Chemical Industries (Kima),0.0028
2024-02-22,10.73,10.93,10.72,10.8,1899461,EGCH,Egyptian Chemical Industries (Kima),0.0028
2024-02-25,10.8,10.8,10.05,10.06,2838919,EGCH,Egyptian Chemical Industries (Kima),0.0028
2024-02-26,10.06,10.23,9.78,9.79,2604258,EGCH,Egyptian Chemical Industries (Kima),0.0028
2024-02-27,9.79,10.05,9.68,9.72,2315905,EGCH,Egyptian Chemical Industries (Kima),0.0028
2024-02-28,9.72,9.93,9.46,9.46,1491613,EGCH,Egyptian Chemical Industries (Kima),0.0028
2024-02-29,9.46,9.67,9.08,9.45,1371474,EGCH,Egyptian Chemical Industries (Kima),0.0028
2024-03-03,9.45,9.46,9.09,9.11,1039473,EGCH,Egyptian Chemical Industries (Kima),0.0028
2024-03-04,9.11,9.74,9.11,9.7,1923248,EGCH,Egyptian Chemical Industries (Kima),0.0028
2024-03-05,9.7,9.9,9.47,9.55,1297482,EGCH,Egyptian Chemical Industries (Kima),0.0028
2024-03-06,9.55,10.53,9.46,9.7,4949097,EGCH,Egyptian Chemical Industries (Kima),0.0028
2024-03-07,9.7,9.97,9.34,9.45,1171597,EGCH,Egyptian Chemical Industries (Kima),0.0028
2024-03-10,9.45,9.85,9.39,9.56,2954343,EGCH,Egyptian Chemical Industries (Kima),0.0028
2024-03-11,9.56,9.76,9.27,9.31,2176219,EGCH,Egyptian Chemical Industries (Kima),0.0028
2024-03-12,9.31,9.5,9.07,9.1,791784,EGCH,Egyptian Chemical Industries (Kima),0.0028
2024-03-13,9.1,9.23,8.06,8.36,2430149,EGCH,Egyptian Chemical Industries (Kima),0.0028
2024-03-14,8.36,8.52,7.91,8.16,1045429,EGCH,Egyptian Chemical Industries (Kima),0.0028
2024-03-17,8.16,8.32,8.04,8.05,796587,EGCH,Egyptian Chemical Industries (Kima),0.0028
2024-03-18,8.05,8.05,7.28,7.34,1466119,EGCH,Egyptian Chemical Industries (Kima),0.0028
2024-03-19,7.34,7.48,7.1,7.44,1263523,EGCH,Egyptian Chemical Industries (Kima),0.0028
2024-03-20,7.44,7.73,7.42,7.52,764174,EGCH,Egyptian Chemical Industries (Kima),0.0028
2024-03-21,7.52,7.85,7.21,7.61,1059812,EGCH,Egyptian Chemical Industries (Kima),0.0028
2024-03-24,7.61,7.88,7.61,7.64,887189,EGCH,Egyptian Chemical Industries (Kima),0.0028
2024-03-25,7.64,7.72,7.54,7.6,716082,EGCH,Egyptian Chemical Industries (Kima),0.0028
2024-03-26,7.6,7.74,7.5,7.5,1193737,EGCH,Egyptian Chemical Industries (Kima),0.0028
2024-03-27,7.5,7.54,7.27,7.3,718674,EGCH,Egyptian Chemical Industries (Kima),0.0028
2024-03-28,7.3,7.4,7.1,7.21,699636,EGCH,Egyptian Chemical Industries (Kima),0.0028
2024-03-31,7.21,7.33,6.78,6.92,586432,EGCH,Egyptian Chemical Industries (Kima),0.0028
2024-04-01,6.92,7.15,6.92,7.11,1093946,EGCH,Egyptian Chemical Industries (Kima),0.0028
2024-04-02,7.11,7.51,7.11,7.28,1578181,EGCH,Egyptian Chemical Industries (Kima),0.0028
2024-04-03,7.28,7.36,7.02,7.03,1843496,EGCH,Egyptian Chemical Industries (Kima),0.0028
2024-04-04,7.03,7.76,7.03,7.52,2127342,EGCH,Egyptian Chemical Industries (Kima),0.0028
2024-04-07,7.52,8.55,7.52,8.14,4677423,EGCH,Egyptian Chemical Industries (Kima),0.0028
2024-04-08,8.14,8.67,8.12,8.51,5531715,EGCH,Egyptian Chemical Industries (Kima),0.0028
2024-04-15,8.51,8.67,8.33,8.44,4542430,EGCH,Egyptian Chemical Industries (Kima),0.0028
2024-04-16,8.44,8.48,8.3,8.3,2969169,EGCH,Egyptian Chemical Industries (Kima),0.0028
2024-04-17,8.32,9.1,8.32,8.8,2713448,EGCH,Egyptian Chemical Industries (Kima),0.0028
2024-04-18,8.8,8.93,8.33,8.43,1475404,EGCH,Egyptian Chemical Industries (Kima),0.0028
2024-04-21,8.43,8.95,8.25,8.34,1595445,EGCH,Egyptian Chemical Industries (Kima),0.0028
2024-04-22,8.34,8.41,8.02,8.1,830992,EGCH,Egyptian Chemical Industries (Kima),0.0028
2024-04-23,8.1,8.13,7.38,7.41,1447385,EGCH,Egyptian Chemical Industries (Kima),0.0028
2024-04-24,7.41,7.6,7.02,7.34,1486557,EGCH,Egyptian Chemical Industries (Kima),0.0028
2024-04-28,7.34,7.46,7.0,7.02,1266240,EGCH,Egyptian Chemical Industries (Kima),0.0028
2024-04-29,7.02,7.18,6.82,7.07,1059405,EGCH,Egyptian Chemical Industries (Kima),0.0028
2024-04-30,7.07,7.19,6.8,6.83,916844,EGCH,Egyptian Chemical Industries (Kima),0.0028
2024-05-01,6.83,7.03,6.66,7.0,1393233,EGCH,Egyptian Chemical Industries (Kima),0.0028
2024-05-02,7.0,7.11,6.91,7.03,977763,EGCH,Egyptian Chemical Industries (Kima),0.0028
2024-05-07,7.03,7.43,6.91,7.16,1537761,EGCH,Egyptian Chemical Industries (Kima),0.0028
2024-05-08,7.16,7.29,7.08,7.12,656088,EGCH,Egyptian Chemical Industries (Kima),0.0028
2024-05-09,7.12,7.26,7.07,7.17,725631,EGCH,Egyptian Chemical Industries (Kima),0.0028
2024-05-12,7.17,7.44,7.07,7.08,2931931,EGCH,Egyptian Chemical Industries (Kima),0.0028
2024-05-13,7.08,7.15,6.83,6.99,1379301,EGCH,Egyptian Chemical Industries (Kima),0.0028
2024-05-14,6.99,7.0,6.77,6.79,833059,EGCH,Egyptian Chemical Industries (Kima),0.0028
2024-05-15,6.79,6.79,6.55,6.66,984286,EGCH,Egyptian Chemical Industries (Kima),0.0028
2024-05-16,6.66,7.11,6.64,7.11,2959745,EGCH,Egyptian Chemical Industries (Kima),0.0028
2024-05-19,7.11,8.2,7.11,8.0,7047451,EGCH,Egyptian Chemical Industries (Kima),0.0028
2024-05-20,8.0,8.28,7.8,7.86,3905706,EGCH,Egyptian Chemical Industries (Kima),0.0028
2024-05-21,7.86,8.28,7.7,8.02,5856421,EGCH,Egyptian Chemical Industries (Kima),0.0028
2024-05-22,8.02,8.16,7.85,8.04,1586518,EGCH,Egyptian Chemical Industries (Kima),0.0028
2024-05-23,8.04,8.22,7.92,8.14,1273005,EGCH,Egyptian Chemical Industries (Kima),0.0028
2024-05-26,8.14,8.19,7.97,8.08,1345334,EGCH,Egyptian Chemical Industries (Kima),0.0028
2024-05-27,8.08,8.49,8.07,8.13,5254627,EGCH,Egyptian Chemical Industries (Kima),0.0028
2024-05-28,8.13,8.17,7.7,8.0,1926422,EGCH,Egyptian Chemical Industries (Kima),0.0028
2024-05-29,8.0,8.19,7.87,7.9,1763565,EGCH,Egyptian Chemical Industries (Kima),0.0028
2024-05-30,7.9,7.99,7.7,7.76,1073136,EGCH,Egyptian Chemical Industries (Kima),0.0028
2024-06-02,7.76,8.01,7.65,7.7,1217051,EGCH,Egyptian Chemical Industries (Kima),0.0028
2024-06-03,7.7,8.0,7.7,7.74,809120,EGCH,Egyptian Chemical Industries (Kima),0.0028
2024-06-04,7.74,7.97,7.74,7.78,1077596,EGCH,Egyptian Chemical Industries (Kima),0.0028
2024-06-05,7.78,7.78,7.11,7.51,1764719,EGCH,Egyptian Chemical Industries (Kima),0.0028
2024-06-06,7.51,7.55,7.26,7.3,831493,EGCH,Egyptian Chemical Industries (Kima),0.0028
2024-06-09,7.3,7.35,7.1,7.12,556954,EGCH,Egyptian Chemical Industries (Kima),0.0028
2024-06-10,7.12,7.24,7.06,7.18,705134,EGCH,Egyptian Chemical Industries (Kima),0.0028
2024-06-11,7.18,7.37,7.08,7.13,713514,EGCH,Egyptian Chemical Industries (Kima),0.0028
2024-06-12,7.13,7.25,7.09,7.16,336985,EGCH,Egyptian Chemical Industries (Kima),0.0028
2024-06-13,7.16,7.22,7.06,7.17,1298176,EGCH,Egyptian Chemical Industries (Kima),0.0028
2024-06-23,7.17,7.47,7.17,7.27,1288554,EGCH,Egyptian Chemical Industries (Kima),0.0028
2024-06-24,7.27,7.34,7.23,7.23,901899,EGCH,Egyptian Chemical Industries (Kima),0.0028
2024-06-25,7.23,7.29,7.18,7.26,602267,EGCH,Egyptian Chemical Industries (Kima),0.0028
2024-06-26,7.26,7.48,7.2,7.32,1623963,EGCH,Egyptian Chemical Industries (Kima),0.0028
2024-06-27,7.32,7.48,7.28,7.38,1403048,EGCH,Egyptian Chemical Industries (Kima),0.0028
2024-07-01,7.38,7.65,7.38,7.42,1637887,EGCH,Egyptian Chemical Industries (Kima),0.0028
2024-07-02,7.42,7.55,7.42,7.43,676001,EGCH,Egyptian Chemical Industries (Kima),0.0028
2024-07-03,7.43,7.61,7.37,7.47,1405155,EGCH,Egyptian Chemical Industries (Kima),0.0028
2024-07-04,7.47,7.76,7.47,7.54,1777171,EGCH,Egyptian Chemical Industries (Kima),0.0028
2024-07-07,7.54,7.7,7.51,7.54,1051005,EGCH,Egyptian Chemical Industries (Kima),0.0028
2024-07-08,7.54,7.59,7.46,7.46,631759,EGCH,Egyptian Chemical Industries (Kima),0.0028
2024-07-09,7.46,7.51,7.38,7.4,449561,EGCH,Egyptian Chemical Industries (Kima),0.0028
2024-07-10,7.4,7.49,7.36,7.37,514466,EGCH,Egyptian Chemical Industries (Kima),0.0028
2024-07-14,7.37,7.37,7.21,7.25,438481,EGCH,Egyptian Chemical Industries (Kima),0.0028
2024-07-15,7.25,7.33,7.18,7.23,361451,EGCH,Egyptian Chemical Industries (Kima),0.0028
2024-07-16,7.23,7.25,7.12,7.15,617812,EGCH,Egyptian Chemical Industries (Kima),0.0028
2024-07-17,7.15,7.44,7.15,7.39,889317,EGCH,Egyptian Chemical Industries (Kima),0.0028
2024-07-18,7.39,7.7,7.39,7.6,3841754,EGCH,Egyptian Chemical Industries (Kima),0.0028
2024-07-21,7.6,8.33,7.6,8.05,7409527,EGCH,Egyptian Chemical Industries (Kima),0.0028
2024-07-22,8.05,8.41,7.8,8.17,19749986,EGCH,Egyptian Chemical Industries (Kima),0.0028
2024-07-23,8.17,8.3,8.09,8.11,4757310,EGCH,Egyptian Chemical Industries (Kima),0.0028
2024-07-24,8.11,8.29,8.07,8.1,5092235,EGCH,Egyptian Chemical Industries (Kima),0.0028
2024-07-28,8.1,8.58,8.1,8.49,11724252,EGCH,Egyptian Chemical Industries (Kima),0.0028
2024-07-29,8.49,8.68,8.32,8.43,5959354,EGCH,Egyptian Chemical Industries (Kima),0.0028
2024-07-30,8.43,8.56,8.3,8.56,3318457,EGCH,Egyptian Chemical Industries (Kima),0.0028
2024-07-31,8.56,8.86,8.56,8.71,8195022,EGCH,Egyptian Chemical Industries (Kima),0.0028
2024-08-01,8.71,8.83,8.55,8.56,7830649,EGCH,Egyptian Chemical Industries (Kima),0.0028
2024-08-04,8.56,8.56,8.23,8.25,4390062,EGCH,Egyptian Chemical Industries (Kima),0.0028
2024-08-05,8.25,8.25,7.46,7.73,5593866,EGCH,Egyptian Chemical Industries (Kima),0.0028
2024-08-06,7.73,8.05,7.73,8.04,3093712,EGCH,Egyptian Chemical Industries (Kima),0.0028
2024-08-07,8.04,8.2,8.0,8.1,3311455,EGCH,Egyptian Chemical Industries (Kima),0.0028
2024-08-08,8.1,8.38,8.07,8.25,5019449,EGCH,Egyptian Chemical Industries (Kima),0.0028
2024-08-11,8.25,8.56,8.25,8.5,4052578,EGCH,Egyptian Chemical Industries (Kima),0.0028
2024-08-12,8.5,8.69,8.31,8.31,4496435,EGCH,Egyptian Chemical Industries (Kima),0.0028
2024-08-13,8.31,8.52,8.2,8.29,3047956,EGCH,Egyptian Chemical Industries (Kima),0.0028
2024-08-14,8.29,8.58,8.27,8.58,5266417,EGCH,Egyptian Chemical Industries (Kima),0.0028
2024-08-15,8.58,8.75,8.52,8.52,4956046,EGCH,Egyptian Chemical Industries (Kima),0.0028
2024-08-18,8.52,8.67,8.44,8.46,3829800,EGCH,Egyptian Chemical Industries (Kima),0.0028
2024-08-19,8.46,8.56,8.35,8.42,2431924,EGCH,Egyptian Chemical Industries (Kima),0.0028
2024-08-20,8.42,8.5,8.36,8.46,1996456,EGCH,Egyptian Chemical Industries (Kima),0.0028
2024-08-21,8.46,8.51,8.36,8.36,2246331,EGCH,Egyptian Chemical Industries (Kima),0.0028
2024-08-22,8.36,8.46,8.31,8.36,1853526,EGCH,Egyptian Chemical Industries (Kima),0.0028
2024-08-25,8.36,8.69,8.36,8.55,4854486,EGCH,Egyptian Chemical Industries (Kima),0.0028
2024-08-26,8.55,8.66,8.45,8.49,3024937,EGCH,Egyptian Chemical Industries (Kima),0.0028
2024-08-27,8.49,8.59,8.29,8.4,2506069,EGCH,Egyptian Chemical Industries (Kima),0.0028
2024-08-28,8.4,8.54,8.38,8.42,4309786,EGCH,Egyptian Chemical Industries (Kima),0.0028
2024-08-29,8.42,8.65,8.42,8.51,7411689,EGCH,Egyptian Chemical Industries (Kima),0.0028
2024-09-01,8.51,9.17,8.51,9.12,16744318,EGCH,Egyptian Chemical Industries (Kima),0.0028
2024-09-02,9.12,9.39,8.95,9.02,9055992,EGCH,Egyptian Chemical Industries (Kima),0.0028
2024-09-03,9.02,9.24,8.91,9.0,4816943,EGCH,Egyptian Chemical Industries (Kima),0.0028
2024-09-04,9.0,9.0,8.67,8.81,4028637,EGCH,Egyptian Chemical Industries (Kima),0.0028
2024-09-05,8.81,8.97,8.7,8.75,3857290,EGCH,Egyptian Chemical Industries (Kima),0.0028
2024-09-08,8.75,8.82,8.55,8.57,2102491,EGCH,Egyptian Chemical Industries (Kima),0.0028
2024-09-09,8.57,8.63,8.47,8.49,2060129,EGCH,Egyptian Chemical Industries (Kima),0.0028
2024-09-10,8.49,8.65,8.48,8.49,1482045,EGCH,Egyptian Chemical Industries (Kima),0.0028
2024-09-11,8.49,8.54,8.35,8.44,1888801,EGCH,Egyptian Chemical Industries (Kima),0.0028
2024-09-12,8.44,8.59,8.39,8.45,2721074,EGCH,Egyptian Chemical Industries (Kima),0.0028
2024-09-16,8.45,8.62,8.43,8.52,1713669,EGCH,Egyptian Chemical Industries (Kima),0.0028
2024-09-17,8.52,8.85,8.51,8.55,4214528,EGCH,Egyptian Chemical Industries (Kima),0.0028
2024-09-18,8.55,8.76,8.55,8.67,2026462,EGCH,Egyptian Chemical Industries (Kima),0.0028
2024-09-19,8.67,8.75,8.6,8.62,1660523,EGCH,Egyptian Chemical Industries (Kima),0.0028
2024-09-22,8.62,8.85,8.5,8.8,3287446,EGCH,Egyptian Chemical Industries (Kima),0.0028
2024-09-23,8.8,8.9,8.64,8.64,1732384,EGCH,Egyptian Chemical Industries (Kima),0.0028
2024-09-24,8.64,8.75,8.56,8.6,1590035,EGCH,Egyptian Chemical Industries (Kima),0.0028
2024-09-25,8.6,8.65,8.57,8.59,1878063,EGCH,Egyptian Chemical Industries (Kima),0.0028
2024-09-26,8.59,8.94,8.59,8.73,11538022,EGCH,Egyptian Chemical Industries (Kima),0.0028
2024-09-29,8.73,8.88,8.72,8.77,2692495,EGCH,Egyptian Chemical Industries (Kima),0.0028
2024-09-30,8.77,8.87,8.7,8.73,2006670,EGCH,Egyptian Chemical Industries (Kima),0.0028
2024-10-01,8.73,8.83,8.66,8.7,1448102,EGCH,Egyptian Chemical Industries (Kima),0.0028
2024-10-02,8.7,8.77,8.5,8.5,2023214,EGCH,Egyptian Chemical Industries (Kima),0.0028
2024-10-03,8.5,8.6,8.48,8.53,997768,EGCH,Egyptian Chemical Industries (Kima),0.0028
2024-10-07,8.53,8.6,8.42,8.43,1186348,EGCH,Egyptian Chemical Industries (Kima),0.0028
2024-10-08,8.43,8.48,8.13,8.24,1540110,EGCH,Egyptian Chemical Industries (Kima),0.0028
2024-10-09,8.24,8.33,8.16,8.19,702575,EGCH,Egyptian Chemical Industries (Kima),0.0028
2024-10-10,8.19,8.34,8.02,8.06,1873222,EGCH,Egyptian Chemical Industries (Kima),0.0028
2024-10-13,8.06,8.29,8.05,8.07,1685097,EGCH,Egyptian Chemical Industries (Kima),0.0028
2024-10-14,8.07,8.26,8.06,8.08,1110262,EGCH,Egyptian Chemical Industries (Kima),0.0028
2024-10-15,8.08,8.37,8.08,8.31,1891236,EGCH,Egyptian Chemical Industries (Kima),0.0028
2024-10-16,8.31,8.47,8.26,8.44,1663235,EGCH,Egyptian Chemical Industries (Kima),0.0028
2024-10-17,8.44,8.67,8.41,8.5,3443958,EGCH,Egyptian Chemical Industries (Kima),0.0028
2024-10-20,8.5,8.59,7.93,8.05,3546723,EGCH,Egyptian Chemical Industries (Kima),0.0028
2024-10-21,8.05,8.19,7.93,8.16,1539480,EGCH,Egyptian Chemical Industries (Kima),0.0028
2024-10-22,8.16,8.3,8.12,8.28,1515339,EGCH,Egyptian Chemical Industries (Kima),0.0028
2024-10-23,8.28,8.67,8.25,8.3,1754546,EGCH,Egyptian Chemical Industries (Kima),0.0028
2024-10-24,8.3,8.46,8.19,8.26,1109007,EGCH,Egyptian Chemical Industries (Kima),0.0028
2024-10-27,8.26,8.66,8.25,8.62,5268382,EGCH,Egyptian Chemical Industries (Kima),0.0028
2024-10-28,8.62,8.77,8.53,8.57,3641640,EGCH,Egyptian Chemical Industries (Kima),0.0028
2024-10-29,8.57,8.78,8.52,8.57,6005242,EGCH,Egyptian Chemical Industries (Kima),0.0028
2024-10-30,8.57,8.67,8.21,8.38,2236396,EGCH,Egyptian Chemical Industries (Kima),0.0028
2024-10-31,8.38,8.48,8.33,8.38,1056369,EGCH,Egyptian Chemical Industries (Kima),0.0028
2024-11-03,8.38,8.53,8.38,8.39,1092718,EGCH,Egyptian Chemical Industries (Kima),0.0028
2024-11-04,8.39,8.46,8.33,8.34,902788,EGCH,Egyptian Chemical Industries (Kima),0.0028
2024-11-05,8.34,8.48,8.26,8.28,990492,EGCH,Egyptian Chemical Industries (Kima),0.0028
2024-11-06,8.28,8.43,8.27,8.35,1071927,EGCH,Egyptian Chemical Industries (Kima),0.0028
2024-11-07,8.35,8.4,8.3,8.34,1695596,EGCH,Egyptian Chemical Industries (Kima),0.0028
2024-11-10,8.34,8.39,8.3,8.33,1072057,EGCH,Egyptian Chemical Industries (Kima),0.0028
2024-11-11,8.33,8.38,8.3,8.33,1508813,EGCH,Egyptian Chemical Industries (Kima),0.0028
2024-11-12,8.33,8.38,8.29,8.33,1357066,EGCH,Egyptian Chemical Industries (Kima),0.0028
2024-11-13,8.33,8.53,8.33,8.45,2420775,EGCH,Egyptian Chemical Industries (Kima),0.0028
2024-11-14,8.45,8.52,8.39,8.4,1120971,EGCH,Egyptian Chemical Industries (Kima),0.0028
2024-11-17,8.4,8.47,8.33,8.34,956721,EGCH,Egyptian Chemical Industries (Kima),0.0028
2024-11-18,8.34,8.39,8.21,8.21,1043446,EGCH,Egyptian Chemical Industries (Kima),0.0028
2024-11-19,8.21,8.24,8.08,8.1,1025632,EGCH,Egyptian Chemical Industries (Kima),0.0028
2024-11-20,8.1,8.18,8.04,8.06,860221,EGCH,Egyptian Chemical Industries (Kima),0.0028
2024-11-21,8.06,8.18,8.05,8.09,733530,EGCH,Egyptian Chemical Industries (Kima),0.0028
2024-11-24,8.09,8.14,7.96,7.96,1003768,EGCH,Egyptian Chemical Industries (Kima),0.0028
2024-11-25,7.96,7.99,7.8,7.84,1043061,EGCH,Egyptian Chemical Industries (Kima),0.0028
2024-11-26,7.84,7.95,7.84,7.89,531754,EGCH,Egyptian Chemical Industries (Kima),0.0028
2024-11-27,7.89,7.95,7.75,7.76,587276,EGCH,Egyptian Chemical Industries (Kima),0.0028
2024-11-28,7.76,7.84,7.7,7.79,892049,EGCH,Egyptian Chemical Industries (Kima),0.0028
2024-12-01,7.79,8.08,7.79,8.01,1130098,EGCH,Egyptian Chemical Industries (Kima),0.0028
2024-12-02,8.01,8.1,7.97,7.98,672899,EGCH,Egyptian Chemical Industries (Kima),0.0028
2024-12-03,7.98,8.05,7.91,7.92,641002,EGCH,Egyptian Chemical Industries (Kima),0.0028
2024-12-04,7.92,7.99,7.91,7.92,810233,EGCH,Egyptian Chemical Industries (Kima),0.0028
2024-12-05,7.92,8.09,7.92,8.02,1220945,EGCH,Egyptian Chemical Industries (Kima),0.0028
2024-12-08,8.02,8.18,8.02,8.08,743094,EGCH,Egyptian Chemical Industries (Kima),0.0028
2024-12-09,8.08,8.1,7.93,7.95,1016767,EGCH,Egyptian Chemical Industries (Kima),0.0028
2024-12-10,7.95,8.0,7.77,7.78,1566879,EGCH,Egyptian Chemical Industries (Kima),0.0028
2024-12-11,7.78,7.86,7.75,7.77,415417,EGCH,Egyptian Chemical Industries (Kima),0.0028
2024-12-12,7.77,7.85,7.77,7.8,437263,EGCH,Egyptian Chemical Industries (Kima),0.0028
2024-12-15,7.8,7.89,7.73,7.74,824226,EGCH,Egyptian Chemical Industries (Kima),0.0028
2024-12-16,7.74,7.8,7.69,7.7,516877,EGCH,Egyptian Chemical Industries (Kima),0.0028
2024-12-17,7.7,7.8,7.67,7.71,462189,EGCH,Egyptian Chemical Industries (Kima),0.0028
2024-12-18,7.71,7.76,7.47,7.53,639966,EGCH,Egyptian Chemical Industries (Kima),0.0028
2024-12-19,7.53,7.65,7.35,7.6,1351653,EGCH,Egyptian Chemical Industries (Kima),0.0028
2024-12-22,7.6,7.75,7.53,7.54,787581,EGCH,Egyptian Chemical Industries (Kima),0.0028
2024-12-23,7.54,7.59,7.3,7.3,866703,EGCH,Egyptian Chemical Industries (Kima),0.0028
2024-12-24,7.3,7.42,7.25,7.28,541867,EGCH,Egyptian Chemical Industries (Kima),0.0028
2024-12-25,7.28,7.4,7.28,7.32,838536,EGCH,Egyptian Chemical Industries (Kima),0.0028
2024-12-26,7.32,7.33,7.2,7.23,671911,EGCH,Egyptian Chemical Industries (Kima),0.0028
2024-12-29,7.23,7.29,7.11,7.11,822266,EGCH,Egyptian Chemical Industries (Kima),0.0028
2024-12-30,7.11,7.2,6.81,6.89,1113750,EGCH,Egyptian Chemical Industries (Kima),0.0028
2024-12-31,6.89,7.09,6.89,7.08,1157115,EGCH,Egyptian Chemical Industries (Kima),0.0028
2025-01-02,7.08,7.33,7.08,7.29,897664,EGCH,Egyptian Chemical Industries (Kima),0.0028
2025-01-05,7.29,7.71,7.29,7.7,2376742,EGCH,Egyptian Chemical Industries (Kima),0.0028
2025-01-06,7.7,7.74,7.55,7.7,1353747,EGCH,Egyptian Chemical Industries (Kima),0.0028
2025-01-08,7.7,8.05,7.63,7.86,3400908,EGCH,Egyptian Chemical Industries (Kima),0.0028
2025-01-09,7.86,8.05,7.83,7.87,2207023,EGCH,Egyptian Chemical Industries (Kima),0.0028
2025-01-12,7.87,8.42,7.62,8.35,5292143,EGCH,Egyptian Chemical Industries (Kima),0.0028
2025-01-13,8.35,8.47,7.91,7.91,4632537,EGCH,Egyptian Chemical Industries (Kima),0.0028
2025-01-14,7.91,8.07,7.71,8.01,2193571,EGCH,Egyptian Chemical Industries (Kima),0.0028
2025-01-15,8.01,8.09,7.92,8.06,929574,EGCH,Egyptian Chemical Industries (Kima),0.0028
2025-01-16,8.06,8.38,8.06,8.38,2891017,EGCH,Egyptian Chemical Industries (Kima),0.0028
2025-01-19,8.38,8.46,8.3,8.3,3582127,EGCH,Egyptian Chemical Industries (Kima),0.0028
2025-01-20,8.3,8.37,8.09,8.2,1642577,EGCH,Egyptian Chemical Industries (Kima),0.0028
2025-01-21,8.2,8.23,8.09,8.11,714256,EGCH,Egyptian Chemical Industries (Kima),0.0028
2025-01-22,8.11,8.35,8.1,8.24,1359932,EGCH,Egyptian Chemical Industries (Kima),0.0028
2025-01-23,8.24,8.33,8.13,8.13,1301823,EGCH,Egyptian Chemical Industries (Kima),0.0028
2025-01-26,8.13,8.32,8.13,8.16,1928364,EGCH,Egyptian Chemical Industries (Kima),0.0028
2025-01-27,8.16,8.27,7.93,7.93,1762838,EGCH,Egyptian Chemical Industries (Kima),0.0028
2025-01-28,7.93,8.05,7.93,8.01,560065,EGCH,Egyptian Chemical Industries (Kima),0.0028
2025-01-29,8.01,8.12,8.01,8.03,526455,EGCH,Egyptian Chemical Industries (Kima),0.0028
2025-01-30,8.03,8.18,8.02,8.03,724697,EGCH,Egyptian Chemical Industries (Kima),0.0028
2025-02-02,8.03,8.85,8.0,8.74,11298215,EGCH,Egyptian Chemical Industries (Kima),0.0028
2025-02-03,8.74,9.08,8.53,8.53,13628652,EGCH,Egyptian Chemical Industries (Kima),0.0028
2025-02-04,8.53,8.68,8.47,8.6,4081608,EGCH,Egyptian Chemical Industries (Kima),0.0028
2025-02-05,8.6,8.99,8.6,8.63,10122866,EGCH,Egyptian Chemical Industries (Kima),0.0028
2025-02-06,8.63,8.78,8.55,8.56,2354835,EGCH,Egyptian Chemical Industries (Kima),0.0028
2025-02-09,8.56,8.9,8.56,8.77,4594660,EGCH,Egyptian Chemical Industries (Kima),0.0028
2025-02-10,8.77,8.99,8.73,8.84,5200503,EGCH,Egyptian Chemical Industries (Kima),0.0028
2025-02-11,8.84,8.96,8.45,8.5,4222986,EGCH,Egyptian Chemical Industries (Kima),0.0028
2025-02-12,8.5,8.5,8.26,8.33,1685318,EGCH,Egyptian Chemical Industries (Kima),0.0028
2025-02-13,8.33,8.75,8.31,8.55,4238365,EGCH,Egyptian Chemical Industries (Kima),0.0028
2025-02-16,8.55,8.93,8.55,8.74,7289685,EGCH,Egyptian Chemical Industries (Kima),0.0028
2025-02-17,8.74,8.85,8.59,8.6,2441465,EGCH,Egyptian Chemical Industries (Kima),0.0028
2025-02-18,8.6,8.66,8.47,8.57,6084766,EGCH,Egyptian Chemical Industries (Kima),0.0028
2025-02-19,8.57,8.72,8.57,8.62,2329480,EGCH,Egyptian Chemical Industries (Kima),0.0028
2025-02-20,8.62,8.93,8.62,8.86,7476909,EGCH,Egyptian Chemical Industries (Kima),0.0028
2025-02-23,8.86,8.92,8.73,8.73,3153107,EGCH,Egyptian Chemical Industries (Kima),0.0028
2025-02-24,8.73,8.8,8.55,8.65,3699596,EGCH,Egyptian Chemical Industries (Kima),0.0028
2025-02-25,8.65,8.83,8.65,8.69,2842939,EGCH,Egyptian Chemical Industries (Kima),0.0028
2025-02-26,8.69,8.76,8.59,8.61,1419254,EGCH,Egyptian Chemical Industries (Kima),0.0028
2025-02-27,8.61,8.7,8.52,8.54,1279907,EGCH,Egyptian Chemical Industries (Kima),0.0028
2025-03-02,8.54,8.6,8.5,8.51,583705,EGCH,Egyptian Chemical Industries (Kima),0.0028
2025-03-03,8.51,8.69,8.51,8.58,1387564,EGCH,Egyptian Chemical Industries (Kima),0.0028
2025-03-04,8.58,8.65,8.52,8.65,1029984,EGCH,Egyptian Chemical Industries (Kima),0.0028
2025-03-05,8.65,8.66,8.5,8.53,718878,EGCH,Egyptian Chemical Industries (Kima),0.0028
2025-03-06,8.53,8.6,8.49,8.57,1163850,EGCH,Egyptian Chemical Industries (Kima),0.0028
2025-03-09,8.57,8.61,8.47,8.52,661929,EGCH,Egyptian Chemical Industries (Kima),0.0028
2025-03-10,8.52,8.69,8.52,8.55,1706607,EGCH,Egyptian Chemical Industries (Kima),0.0028
2025-03-11,8.55,8.6,8.48,8.54,964759,EGCH,Egyptian Chemical Industries (Kima),0.0028
2025-03-12,8.54,8.62,8.53,8.56,894404,EGCH,Egyptian Chemical Industries (Kima),0.0028
2025-03-13,8.56,8.61,8.45,8.55,1773806,EGCH,Egyptian Chemical Industries (Kima),0.0028
2025-03-16,8.55,8.57,8.47,8.5,1046425,EGCH,Egyptian Chemical Industries (Kima),0.0028
2025-03-17,8.5,8.5,8.36,8.37,1630818,EGCH,Egyptian Chemical Industries (Kima),0.0028
2025-03-18,8.37,8.44,8.24,8.3,1340486,EGCH,Egyptian Chemical Industries (Kima),0.0028
2025-03-19,8.3,8.34,8.03,8.07,2813758,EGCH,Egyptian Chemical Industries (Kima),0.0028
2025-03-20,8.07,8.22,8.07,8.13,1133413,EGCH,Egyptian Chemical Industries (Kima),0.0028
2025-03-23,8.13,8.33,8.13,8.2,876927,EGCH,Egyptian Chemical Industries (Kima),0.0028
2025-03-24,8.2,8.26,7.97,8.07,1478500,EGCH,Egyptian Chemical Industries (Kima),0.0028
2025-03-25,8.07,8.14,7.95,8.0,988638,EGCH,Egyptian Chemical Industries (Kima),0.0028
2025-03-26,8.0,8.1,7.93,8.05,1897361,EGCH,Egyptian Chemical Industries (Kima),0.0028
2025-03-27,8.05,8.15,8.03,8.05,1304792,EGCH,Egyptian Chemical Industries (Kima),0.0028
2025-04-03,8.05,8.09,7.98,8.07,1149147,EGCH,Egyptian Chemical Industries (Kima),0.0028
2025-04-06,8.07,8.07,7.71,7.72,1475991,EGCH,Egyptian Chemical Industries (Kima),0.0028
2025-04-07,7.72,7.78,7.52,7.77,1582668,EGCH,Egyptian Chemical Industries (Kima),0.0028
2025-04-08,7.77,7.85,7.77,7.84,1453782,EGCH,Egyptian Chemical Industries (Kima),0.0028
2025-04-09,7.84,7.84,7.36,7.36,1615096,EGCH,Egyptian Chemical Industries (Kima),0.0028
2025-04-10,7.36,7.75,7.36,7.66,1042409,EGCH,Egyptian Chemical Industries (Kima),0.0028
2025-04-13,7.66,7.8,7.66,7.75,1290569,EGCH,Egyptian Chemical Industries (Kima),0.0028
2025-04-14,7.75,8.07,7.75,8.05,3139376,EGCH,Egyptian Chemical Industries (Kima),0.0028
2025-04-15,8.05,8.18,8.01,8.02,2522960,EGCH,Egyptian Chemical Industries (Kima),0.0028
2025-04-16,8.02,8.07,7.95,7.96,688557,EGCH,Egyptian Chemical Industries (Kima),0.0028
2025-04-17,7.96,8.12,7.93,8.0,1334527,EGCH,Egyptian Chemical Industries (Kima),0.0028
2025-04-22,8.0,8.12,7.95,7.97,1448944,EGCH,Egyptian Chemical Industries (Kima),0.0028
2025-04-23,7.97,8.1,7.96,8.08,1747169,EGCH,Egyptian Chemical Industries (Kima),0.0028
2025-04-27,8.08,8.3,8.08,8.3,5483528,EGCH,Egyptian Chemical Industries (Kima),0.0028
2025-04-28,8.3,8.36,8.22,8.25,1952591,EGCH,Egyptian Chemical Industries (Kima),0.0028
2025-04-29,8.25,8.36,8.2,8.27,4072194,EGCH,Egyptian Chemical Industries (Kima),0.0028
2025-04-30,8.27,8.39,8.22,8.39,2001860,EGCH,Egyptian Chemical Industries (Kima),0.0028
2025-05-04,8.39,8.48,8.39,8.42,2576219,EGCH,Egyptian Chemical Industries (Kima),0.0028
2025-05-05,8.42,8.47,8.3,8.3,1631119,EGCH,Egyptian Chemical Industries (Kima),0.0028
2025-05-06,8.3,8.4,8.29,8.31,1554448,EGCH,Egyptian Chemical Industries (Kima),0.0028
2025-05-07,8.31,8.38,8.1,8.15,2552987,EGCH,Egyptian Chemical Industries (Kima),0.0028
2025-05-08,8.15,8.25,8.07,8.17,1328634,EGCH,Egyptian Chemical Industries (Kima),0.0028
2025-05-11,8.17,8.28,8.04,8.04,850351,EGCH,Egyptian Chemical Industries (Kima),0.0028
2025-05-12,8.04,8.19,7.97,8.0,1298636,EGCH,Egyptian Chemical Industries (Kima),0.0028
2025-05-13,8.0,8.11,7.98,8.0,944210,EGCH,Egyptian Chemical Industries (Kima),0.0028
2025-05-14,8.0,8.07,7.95,7.96,470221,EGCH,Egyptian Chemical Industries (Kima),0.0028
2025-05-15,7.96,8.02,7.88,7.92,1302116,EGCH,Egyptian Chemical Industries (Kima),0.0028
2025-05-19,8.03,8.1,7.85,7.85,3147201,EGCH,Egyptian Chemical Industries (Kima),0.0028
2025-05-20,7.85,7.98,7.78,7.78,1824259,EGCH,Egyptian Chemical Industries (Kima),0.0028
2025-05-21,7.78,7.81,7.6,7.63,4315217,EGCH,Egyptian Chemical Industries (Kima),0.0028
2025-05-22,7.63,7.74,7.6,7.7,2189272,EGCH,Egyptian Chemical Industries (Kima),0.0028
2025-05-25,7.7,7.77,7.63,7.67,1250730,EGCH,Egyptian Chemical Industries (Kima),0.0028
2025-05-26,7.67,7.71,7.62,7.63,1362926,EGCH,Egyptian Chemical Industries (Kima),0.0028
2025-05-27,7.63,7.7,7.59,7.65,1773895,EGCH,Egyptian Chemical Industries (Kima),0.0028
2025-05-28,7.65,7.72,7.6,7.6,1495545,EGCH,Egyptian Chemical Industries (Kima),0.0028
2025-06-01,7.58,7.63,7.55,7.57,687631,EGCH,Egyptian Chemical Industries (Kima),0.0028
2025-06-02,7.57,7.71,7.53,7.58,1421398,EGCH,Egyptian Chemical Industries (Kima),0.0028
2025-06-03,7.58,7.9,7.58,7.83,3629155,EGCH,Egyptian Chemical Industries (Kima),0.0028
2025-06-04,7.83,8.05,7.83,7.89,2892976,EGCH,Egyptian Chemical Industries (Kima),0.0028
2025-06-10,7.89,8.13,7.89,7.97,1409173,EGCH,Egyptian Chemical Industries (Kima),0.0028
2025-06-11,7.97,8.05,7.91,7.91,1448928,EGCH,Egyptian Chemical Industries (Kima),0.0028
2025-06-12,7.91,7.91,7.65,7.68,1763350,EGCH,Egyptian Chemical Industries (Kima),0.0028
2025-06-15,7.68,7.68,6.75,7.27,1552874,EGCH,Egyptian Chemical Industries (Kima),0.0028
2025-06-16,7.27,7.4,7.25,7.34,948692,EGCH,Egyptian Chemical Industries (Kima),0.0028
2025-06-17,7.34,7.39,7.05,7.08,1091145,EGCH,Egyptian Chemical Industries (Kima),0.0028
2025-06-18,7.08,7.1,6.99,7.04,1253255,EGCH,Egyptian Chemical Industries (Kima),0.0028
2025-06-19,7.04,7.13,6.92,6.92,1439592,EGCH,Egyptian Chemical Industries (Kima),0.0028
2025-06-22,6.92,7.1,6.77,7.09,1756793,EGCH,Egyptian Chemical Industries (Kima),0.0028
2025-06-23,7.09,7.3,7.05,7.23,2664964,EGCH,Egyptian Chemical Industries (Kima),0.0028
2025-06-24,7.23,7.45,7.23,7.45,2761287,EGCH,Egyptian Chemical Industries (Kima),0.0028
2025-06-25,7.45,7.59,7.35,7.59,1622689,EGCH,Egyptian Chemical Industries (Kima),0.0028
2025-06-29,7.59,7.77,7.59,7.62,1618768,EGCH,Egyptian Chemical Industries (Kima),0.0028
2025-06-30,7.62,7.71,7.55,7.55,1217029,EGCH,Egyptian Chemical Industries (Kima),0.0028
2025-07-01,7.55,7.61,7.5,7.5,669841,EGCH,Egyptian Chemical Industries (Kima),0.0028
2025-07-02,7.5,7.56,7.45,7.45,1135949,EGCH,Egyptian Chemical Industries (Kima),0.0028
2025-07-06,7.45,7.68,7.45,7.59,1259049,EGCH,Egyptian Chemical Industries (Kima),0.0028
2025-07-07,7.59,8.78,7.55,8.44,18447202,EGCH,Egyptian Chemical Industries (Kima),0.0028
2025-07-09,8.44,8.6,8.3,8.37,5084838,EGCH,Egyptian Chemical Industries (Kima),0.0028
2025-07-10,8.37,8.42,8.23,8.32,2964267,EGCH,Egyptian Chemical Industries (Kima),0.0028
2025-07-13,8.32,8.63,8.32,8.4,3900762,EGCH,Egyptian Chemical Industries (Kima),0.0028
2025-07-14,8.4,9.5,8.32,9.2,23509334,EGCH,Egyptian Chemical Industries (Kima),0.0028
2025-07-15,9.2,9.85,9.2,9.62,15098143,EGCH,Egyptian Chemical Industries (Kima),0.0028
2025-07-16,9.62,10.7,9.45,10.2,23272124,EGCH,Egyptian Chemical Industries (Kima),0.0028
2025-07-17,10.2,10.6,10.06,10.52,17376384,EGCH,Egyptian Chemical Industries (Kima),0.0028
2025-07-20,10.52,10.7,10.33,10.5,4607701,EGCH,Egyptian Chemical Industries (Kima),0.0028
2025-07-21,10.5,10.51,10.0,10.03,4290473,EGCH,Egyptian Chemical Industries (Kima),0.0028
2025-07-22,10.03,10.24,9.72,9.72,5183900,EGCH,Egyptian Chemical Industries (Kima),0.0028
2025-07-23,9.72,9.95,9.63,9.79,3845686,EGCH,Egyptian Chemical Industries (Kima),0.0028
2025-07-27,9.79,10.28,9.76,9.94,6939780,EGCH,Egyptian Chemical Industries (Kima),0.0028
2025-07-28,9.94,10.11,9.6,9.61,3387399,EGCH,Egyptian Chemical Industries (Kima),0.0028
2025-07-29,9.61,10.07,9.5,9.93,7822178,EGCH,Egyptian Chemical Industries (Kima),0.0028
2025-07-30,9.93,10.25,9.75,9.95,7456520,EGCH,Egyptian Chemical Industries (Kima),0.0028
2025-07-31,9.95,10.26,9.95,10.15,5832668,EGCH,Egyptian Chemical Industries (Kima),0.0028
2025-08-03,10.15,10.25,10.04,10.2,2207805,EGCH,Egyptian Chemical Industries (Kima),0.0028
2025-08-04,10.2,10.56,10.2,10.5,7312128,EGCH,Egyptian Chemical Industries (Kima),0.0028
2025-08-05,10.5,11.2,10.36,10.88,18079954,EGCH,Egyptian Chemical Industries (Kima),0.0028
2025-08-06,10.88,11.1,10.81,10.91,5814313,EGCH,Egyptian Chemical Industries (Kima),0.0028
2025-08-07,10.91,11.2,10.83,10.9,6152894,EGCH,Egyptian Chemical Industries (Kima),0.0028
2025-08-10,10.9,11.1,10.9,10.9,3152876,EGCH,Egyptian Chemical Industries (Kima),0.0028
2025-08-11,10.9,11.45,10.9,11.4,10096041,EGCH,Egyptian Chemical Industries (Kima),0.0028
2025-08-12,11.4,11.65,11.33,11.59,6236964,EGCH,Egyptian Chemical Industries (Kima),0.0028
2025-08-13,11.59,11.8,11.37,11.41,4502049,EGCH,Egyptian Chemical Industries (Kima),0.0028
2025-08-14,11.41,11.52,11.1,11.51,3406612,EGCH,Egyptian Chemical Industries (Kima),0.0028
2025-08-17,11.51,11.65,11.41,11.41,2611740,EGCH,Egyptian Chemical Industries (Kima),0.0028
2025-08-18,11.41,12.3,11.41,12.03,16125334,EGCH,Egyptian Chemical Industries (Kima),0.0028
2025-08-19,12.03,12.57,12.02,12.1,4486670,EGCH,Egyptian Chemical Industries (Kima),0.0028
2025-08-20,12.1,12.18,11.64,11.66,6019268,EGCH,Egyptian Chemical Industries (Kima),0.0028
2025-08-21,11.66,11.97,11.66,11.75,2625045,EGCH,Egyptian Chemical Industries (Kima),0.0028
2025-08-24,11.75,11.94,11.6,11.6,1763263,EGCH,Egyptian Chemical Industries (Kima),0.0028
2025-08-25,11.6,11.75,10.84,11.06,9993594,EGCH,Egyptian Chemical Industries (Kima),0.0028
2025-08-26,11.06,11.17,10.76,11.0,4063837,EGCH,Egyptian Chemical Industries (Kima),0.0028
2025-08-27,11.0,11.2,10.87,10.87,2103444,EGCH,Egyptian Chemical Industries (Kima),0.0028
2025-08-28,10.87,11.2,10.87,11.2,3457715,EGCH,Egyptian Chemical Industries (Kima),0.0028
2025-08-31,11.2,11.27,10.86,11.01,2592726,EGCH,Egyptian Chemical Industries (Kima),0.0028
2025-09-01,11.01,11.15,10.91,11.05,1107358,EGCH,Egyptian Chemical Industries (Kima),0.0028
2025-09-02,11.05,11.2,11.0,11.06,1230062,EGCH,Egyptian Chemical Industries (Kima),0.0028
2025-09-03,11.06,11.15,11.0,11.0,1236885,EGCH,Egyptian Chemical Industries (Kima),0.0028
2025-09-07,11.0,11.55,10.91,11.24,4434583,EGCH,Egyptian Chemical Industries (Kima),0.0028
2025-09-08,11.24,11.38,11.1,11.21,1828697,EGCH,Egyptian Chemical Industries (Kima),0.0028
2025-09-09,11.21,11.55,11.13,11.2,2457148,EGCH,Egyptian Chemical Industries (Kima),0.0028
2025-09-10,11.2,11.44,11.18,11.23,2009710,EGCH,Egyptian Chemical Industries (Kima),0.0028
2025-09-11,11.23,11.57,11.23,11.5,3616739,EGCH,Egyptian Chemical Industries (Kima),0.0028
2025-09-14,11.5,11.77,11.5,11.7,2941991,EGCH,Egyptian Chemical Industries (Kima),0.0028
2025-09-15,11.7,11.91,11.5,11.5,3988657,EGCH,Egyptian Chemical Industries (Kima),0.0028
2025-09-16,11.5,11.55,11.03,11.25,2339803,EGCH,Egyptian Chemical Industries (Kima),0.0028
2025-09-17,11.25,11.4,11.2,11.31,1094522,EGCH,Egyptian Chemical Industries (Kima),0.0028
2025-09-18,11.31,11.44,11.17,11.22,2474586,EGCH,Egyptian Chemical Industries (Kima),0.0028
2025-09-21,11.22,11.5,11.22,11.26,1118794,EGCH,Egyptian Chemical Industries (Kima),0.0028
2025-09-22,11.26,11.34,11.02,11.2,858396,EGCH,Egyptian Chemical Industries (Kima),0.0028
2025-09-23,11.2,11.22,10.98,11.03,1095753,EGCH,Egyptian Chemical Industries (Kima),0.0028
2025-09-24,11.03,11.33,11.0,11.19,1205868,EGCH,Egyptian Chemical Industries (Kima),0.0028
2025-09-25,11.19,11.3,11.05,11.22,1543810,EGCH,Egyptian Chemical Industries (Kima),0.0028
2025-09-28,11.22,11.5,11.22,11.46,3795714,EGCH,Egyptian Chemical Industries (Kima),0.0028
2025-09-29,11.46,11.75,11.46,11.75,3951019,EGCH,Egyptian Chemical Industries (Kima),0.0028
2025-09-30,11.75,12.35,11.75,12.26,14542822,EGCH,Egyptian Chemical Industries (Kima),0.0028
2025-10-01,12.26,12.3,11.81,11.85,4432487,EGCH,Egyptian Chemical Industries (Kima),0.0028
2025-10-02,11.85,12.16,11.75,11.87,6178441,EGCH,Egyptian Chemical Industries (Kima),0.0028
2025-10-05,11.87,12.17,11.87,12.17,2597516,EGCH,Egyptian Chemical Industries (Kima),0.0028
2025-10-06,12.17,12.2,11.97,12.05,2025316,EGCH,Egyptian Chemical Industries (Kima),0.0028
2025-10-07,12.05,12.19,11.93,11.95,1615470,EGCH,Egyptian Chemical Industries (Kima),0.0028
2025-10-08,11.95,12.1,11.83,11.91,1388440,EGCH,Egyptian Chemical Industries (Kima),0.0028
2025-10-12,11.91,11.91,11.54,11.6,2051693,EGCH,Egyptian Chemical Industries (Kima),0.0028
2025-10-13,11.6,11.68,11.33,11.41,3136018,EGCH,Egyptian Chemical Industries (Kima),0.0028
2025-10-14,11.41,11.7,11.35,11.5,2006873,EGCH,Egyptian Chemical Industries (Kima),0.0028
2025-10-15,11.5,11.61,11.37,11.38,929805,EGCH,Egyptian Chemical Industries (Kima),0.0028
2025-10-20,11.68,11.8,11.49,11.5,1043771,EGCH,Egyptian Chemical Industries (Kima),0.0028
2025-10-21,11.5,11.59,11.48,11.53,723522,EGCH,Egyptian Chemical Industries (Kima),0.0028
2025-10-22,11.53,11.72,11.43,11.44,601475,EGCH,Egyptian Chemical Industries (Kima),0.0028
2025-10-26,11.3,11.4,11.23,11.33,1287060,EGCH,Egyptian Chemical Industries (Kima),0.0028
2025-10-27,11.33,11.41,11.25,11.27,2038887,EGCH,Egyptian Chemical Industries (Kima),0.0028
2025-10-28,11.27,11.56,11.27,11.43,4036851,EGCH,Egyptian Chemical Industries (Kima),0.0028
2025-10-29,11.43,11.54,11.33,11.4,2222545,EGCH,Egyptian Chemical Industries (Kima),0.0028
2025-10-30,11.4,11.42,11.26,11.3,771811,EGCH,Egyptian Chemical Industries (Kima),0.0028
2025-11-02,11.3,11.4,11.23,11.3,906546,EGCH,Egyptian Chemical Industries (Kima),0.0028
2025-11-03,11.3,11.34,11.16,11.2,826852,EGCH,Egyptian Chemical Industries (Kima),0.0028
2025-11-04,11.2,11.2,11.06,11.06,1016345,EGCH,Egyptian Chemical Industries (Kima),0.0028
2025-11-05,11.06,11.17,10.66,10.81,2207775,EGCH,Egyptian Chemical Industries (Kima),0.0028
2025-11-06,10.81,10.88,10.59,10.65,1369587,EGCH,Egyptian Chemical Industries (Kima),0.0028
2025-11-09,10.65,10.83,10.55,10.56,1332995,EGCH,Egyptian Chemical Industries (Kima),0.0028
2025-11-10,10.56,10.7,10.44,10.6,885879,EGCH,Egyptian Chemical Industries (Kima),0.0028
2025-11-11,10.6,10.79,10.36,10.44,1848118,EGCH,Egyptian Chemical Industries (Kima),0.0028
2025-11-12,10.44,10.55,10.31,10.38,625974,EGCH,Egyptian Chemical Industries (Kima),0.0028
2025-11-13,10.38,10.53,10.37,10.42,1042976,EGCH,Egyptian Chemical Industries (Kima),0.0028
2025-11-16,10.42,10.51,10.3,10.3,748731,EGCH,Egyptian Chemical Industries (Kima),0.0028
2025-11-17,10.3,10.36,9.93,10.0,2130724,EGCH,Egyptian Chemical Industries (Kima),0.0028
2025-11-18,10.0,10.64,10.0,10.42,3756303,EGCH,Egyptian Chemical Industries (Kima),0.0028
2025-11-19,10.42,10.58,10.34,10.44,823273,EGCH,Egyptian Chemical Industries (Kima),0.0028
2025-11-20,10.44,10.61,10.3,10.37,1977491,EGCH,Egyptian Chemical Industries (Kima),0.0028
2025-11-23,10.37,10.54,10.31,10.31,868696,EGCH,Egyptian Chemical Industries (Kima),0.0028
2025-11-24,10.31,10.41,10.21,10.22,596289,EGCH,Egyptian Chemical Industries (Kima),0.0028
2025-11-26,10.01,10.18,9.88,9.96,1246263,EGCH,Egyptian Chemical Industries (Kima),0.0028
2025-11-27,9.96,10.23,9.8,10.06,1391092,EGCH,Egyptian Chemical Industries (Kima),0.0028
2025-11-30,10.06,10.8,10.06,10.8,6049508,EGCH,Egyptian Chemical Industries (Kima),0.0028
2025-12-01,10.8,10.93,10.6,10.66,2582929,EGCH,Egyptian Chemical Industries (Kima),0.0028
2025-12-03,10.5,11.04,10.5,10.75,9031417,EGCH,Egyptian Chemical Industries (Kima),0.0028
2025-12-07,10.61,11.24,10.61,10.93,6564426,EGCH,Egyptian Chemical Industries (Kima),0.0028
2025-12-09,10.86,11.0,10.73,10.84,2642585,EGCH,Egyptian Chemical Industries (Kima),0.0028
2025-12-10,10.84,10.98,10.79,10.88,1453695,EGCH,Egyptian Chemical Industries (Kima),0.0028
2025-12-11,10.88,10.9,10.7,10.7,1764688,EGCH,Egyptian Chemical Industries (Kima),0.0028
2025-12-14,10.7,11.79,10.7,11.63,18081942,EGCH,Egyptian Chemical Industries (Kima),0.0028
2025-12-15,11.63,11.85,11.53,11.54,4907312,EGCH,Egyptian Chemical Industries (Kima),0.0028
2025-12-16,11.54,12.0,11.45,11.75,6867901,EGCH,Egyptian Chemical Industries (Kima),0.0028
2025-12-17,11.75,11.95,11.61,11.77,3531916,EGCH,Egyptian Chemical Industries (Kima),0.0028
2025-12-18,11.77,12.03,11.74,11.76,7479536,EGCH,Egyptian Chemical Industries (Kima),0.0028
2025-12-21,11.76,12.24,11.75,12.21,12608641,EGCH,Egyptian Chemical Industries (Kima),0.0028
2025-12-22,12.21,12.95,12.21,12.5,20540565,EGCH,Egyptian Chemical Industries (Kima),0.0028
2025-12-23,12.5,12.66,12.2,12.4,8269344,EGCH,Egyptian Chemical Industries (Kima),0.0028
2025-12-24,12.4,12.66,12.33,12.41,3601977,EGCH,Egyptian Chemical Industries (Kima),0.0028
2025-12-25,12.41,12.52,12.13,12.15,2717779,EGCH,Egyptian Chemical Industries (Kima),0.0028
2025-12-28,12.15,12.49,12.03,12.49,3563763,EGCH,Egyptian Chemical Industries (Kima),0.0028
2025-12-29,12.49,12.59,12.34,12.34,3592151,EGCH,Egyptian Chemical Industries (Kima),0.0028
2025-12-30,12.34,12.5,12.22,12.37,2124644,EGCH,Egyptian Chemical Industries (Kima),0.0028
2025-12-31,12.37,12.6,12.07,12.49,2745586,EGCH,Egyptian Chemical Industries (Kima),0.0028
2026-01-04,12.49,12.49,12.0,12.0,1429887,EGCH,Egyptian Chemical Industries (Kima),0.0028
2026-01-06,11.7,11.89,11.57,11.62,1596601,EGCH,Egyptian Chemical Industries (Kima),0.0028
2026-01-08,11.62,11.89,11.51,11.52,1061820,EGCH,Egyptian Chemical Industries (Kima),0.0028
2026-01-11,11.52,11.87,11.52,11.71,915684,EGCH,Egyptian Chemical Industries (Kima),0.0028
2026-01-12,11.71,11.92,11.46,11.5,2606067,EGCH,Egyptian Chemical Industries (Kima),0.0028
2026-01-13,11.5,11.6,11.14,11.15,1343814,EGCH,Egyptian Chemical Industries (Kima),0.0028
2026-01-14,11.15,11.24,9.77,10.8,2135786,EGCH,Egyptian Chemical Industries (Kima),0.0028
2026-01-15,10.8,11.0,10.47,10.5,944525,EGCH,Egyptian Chemical Industries (Kima),0.0028
2026-01-18,10.5,10.9,10.5,10.68,485950,EGCH,Egyptian Chemical Industries (Kima),0.0028
2026-01-19,10.68,10.92,10.68,10.72,2408461,EGCH,Egyptian Chemical Industries (Kima),0.0028
2026-01-20,10.72,10.88,10.4,10.55,3392272,EGCH,Egyptian Chemical Industries (Kima),0.0028
2026-01-21,10.55,11.05,10.5,10.99,3604457,EGCH,Egyptian Chemical Industries (Kima),0.0028
2026-01-22,10.99,11.33,10.95,10.95,4627060,EGCH,Egyptian Chemical Industries (Kima),0.0028
2026-01-25,10.95,11.2,10.8,10.8,2730595,EGCH,Egyptian Chemical Industries (Kima),0.0028
2026-01-26,10.8,10.95,10.67,10.85,2476209,EGCH,Egyptian Chemical Industries (Kima),0.0028
2026-01-27,10.85,11.44,10.85,11.38,7700380,EGCH,Egyptian Chemical Industries (Kima),0.0028
2026-01-28,11.38,11.68,10.9,11.11,6605208,EGCH,Egyptian Chemical Industries (Kima),0.0028
2026-02-01,11.11,11.3,11.0,11.25,1279822,EGCH,Egyptian Chemical Industries (Kima),0.0028
2026-02-02,11.25,11.8,11.12,11.65,6097771,EGCH,Egyptian Chemical Industries (Kima),0.0028
2026-02-03,11.65,11.95,11.61,11.72,5304963,EGCH,Egyptian Chemical Industries (Kima),0.0028
2026-02-04,11.72,12.32,11.72,12.3,15879434,EGCH,Egyptian Chemical Industries (Kima),0.0028
2026-02-05,12.3,12.37,12.07,12.14,6040935,EGCH,Egyptian Chemical Industries (Kima),0.0028
2026-02-08,12.14,12.47,12.13,12.42,7673665,EGCH,Egyptian Chemical Industries (Kima),0.0028
2026-02-09,12.42,12.49,12.19,12.33,3191377,EGCH,Egyptian Chemical Industries (Kima),0.0028
2026-02-10,12.33,12.48,12.22,12.3,3811720,EGCH,Egyptian Chemical Industries (Kima),0.0028
2026-02-11,12.3,12.71,12.3,12.6,8748210,EGCH,Egyptian Chemical Industries (Kima),0.0028
2026-02-12,12.6,12.79,12.56,12.6,2614753,EGCH,Egyptian Chemical Industries (Kima),0.0028
2026-02-15,12.46,13.39,12.46,13.28,19691993,EGCH,Egyptian Chemical Industries (Kima),0.0028
2026-02-16,13.28,13.43,13.01,13.01,6335885,EGCH,Egyptian Chemical Industries (Kima),0.0028
2026-02-17,13.01,13.16,12.85,13.03,3961878,EGCH,Egyptian Chemical Industries (Kima),0.0028
2026-02-18,13.03,13.41,13.03,13.15,7201138,EGCH,Egyptian Chemical Industries (Kima),0.0028
2026-02-19,13.15,13.2,12.8,12.83,2929040,EGCH,Egyptian Chemical Industries (Kima),0.0028
2026-02-22,12.83,13.02,12.65,12.88,3036615,EGCH,Egyptian Chemical Industries (Kima),0.0028
2026-02-23,12.88,13.16,12.75,13.01,4107775,EGCH,Egyptian Chemical Industries (Kima),0.0028
2026-02-24,13.01,13.26,12.96,13.0,5771997,EGCH,Egyptian Chemical Industries (Kima),0.0028
2026-02-25,13.0,13.35,12.93,13.04,16019306,EGCH,Egyptian Chemical Industries (Kima),0.0028
2026-02-26,13.04,13.4,12.91,13.09,6268578,EGCH,Egyptian Chemical Industries (Kima),0.0028
2026-03-01,13.09,13.09,12.02,12.42,5455005,EGCH,Egyptian Chemical Industries (Kima),0.0028
2026-03-02,12.42,12.59,12.1,12.22,1623100,EGCH,Egyptian Chemical Industries (Kima),0.0028
2026-03-03,12.22,13.4,11.9,13.2,11886571,EGCH,Egyptian Chemical Industries (Kima),0.0028
2026-03-04,13.2,13.97,12.4,12.55,38283391,EGCH,Egyptian Chemical Industries (Kima),0.0028
2026-03-05,12.55,12.65,11.71,12.13,31200383,EGCH,Egyptian Chemical Industries (Kima),0.0028
2026-03-08,12.13,12.99,12.13,12.86,40234469,EGCH,Egyptian Chemical Industries (Kima),0.0028
2026-03-09,12.86,13.28,12.45,12.5,23836180,EGCH,Egyptian Chemical Industries (Kima),0.0028
2026-03-10,12.5,12.5,12.04,12.15,8467175,EGCH,Egyptian Chemical Industries (Kima),0.0028
2026-03-11,12.15,12.41,12.15,12.36,5265102,EGCH,Egyptian Chemical Industries (Kima),0.0028
2026-03-12,12.36,12.74,12.22,12.29,6874279,EGCH,Egyptian Chemical Industries (Kima),0.0028
2026-03-15,12.29,12.45,12.09,12.09,4439165,EGCH,Egyptian Chemical Industries (Kima),0.0028
2026-03-16,12.09,12.2,11.92,12.0,3115479,EGCH,Egyptian Chemical Industries (Kima),0.0028
2026-03-17,12.0,12.12,11.91,11.92,3735868,EGCH,Egyptian Chemical Industries (Kima),0.0028
2026-03-18,11.92,11.99,11.62,11.65,5113681,EGCH,Egyptian Chemical Industries (Kima),0.0028
2026-03-24,11.65,12.11,11.65,12.02,4872499,EGCH,Egyptian Chemical Industries (Kima),0.0028
2026-03-25,12.02,12.11,11.87,11.89,3195137,EGCH,Egyptian Chemical Industries (Kima),0.0028
2026-03-26,11.89,11.95,11.61,11.64,4518226,EGCH,Egyptian Chemical Industries (Kima),0.0028
2026-03-29,11.64,11.79,11.4,11.42,3742428,EGCH,Egyptian Chemical Industries (Kima),0.0028
2026-03-30,11.42,11.53,11.1,11.17,2703593,EGCH,Egyptian Chemical Industries (Kima),0.0028
2026-03-31,11.17,11.7,11.05,11.35,3715053,EGCH,Egyptian Chemical Industries (Kima),0.0028
2026-04-01,11.35,11.6,11.3,11.41,2002629,EGCH,Egyptian Chemical Industries (Kima),0.0028
2026-04-02,11.41,11.41,11.23,11.23,1567284,EGCH,Egyptian Chemical Industries (Kima),0.0028
2026-04-05,11.23,11.43,11.22,11.25,3362695,EGCH,Egyptian Chemical Industries (Kima),0.0028
2026-04-06,11.25,11.36,11.15,11.2,4023503,EGCH,Egyptian Chemical Industries (Kima),0.0028
2026-04-07,11.2,11.48,11.18,11.3,4367004,EGCH,Egyptian Chemical Industries (Kima),0.0028
2026-04-08,11.3,11.48,11.21,11.25,2963860,EGCH,Egyptian Chemical Industries (Kima),0.0028
2026-04-09,11.25,11.33,11.13,11.3,2016728,EGCH,Egyptian Chemical Industries (Kima),0.0028
2026-04-15,11.41,11.55,11.32,11.36,4584432,EGCH,Egyptian Chemical Industries (Kima),0.0028
2026-04-16,11.36,11.45,11.32,11.34,2901565,EGCH,Egyptian Chemical Industries (Kima),0.0028
2026-04-19,11.34,11.4,11.33,11.33,1398730,EGCH,Egyptian Chemical Industries (Kima),0.0028
2026-04-20,11.33,11.41,11.29,11.3,2043654,EGCH,Egyptian Chemical Industries (Kima),0.0028
2026-04-21,11.3,11.37,11.19,11.2,4391111,EGCH,Egyptian Chemical Industries (Kima),0.0028
2026-04-22,11.2,11.36,11.15,11.24,4124863,EGCH,Egyptian Chemical Industries (Kima),0.0028
2026-04-23,11.24,11.7,11.24,11.65,11414582,EGCH,Egyptian Chemical Industries (Kima),0.0028
2026-04-26,11.65,12.05,11.65,11.98,10257353,EGCH,Egyptian Chemical Industries (Kima),0.0028
2026-04-27,11.98,12.15,11.86,11.97,4254932,EGCH,Egyptian Chemical Industries (Kima),0.0028
2026-04-28,11.97,12.42,11.97,12.35,11785416,EGCH,Egyptian Chemical Industries (Kima),0.0028
2026-04-29,12.35,12.45,12.12,12.15,6417858,EGCH,Egyptian Chemical Industries (Kima),0.0028
