date,strategy_equity,etf_dca_equity,etf_buy_hold_norm
2015-02-01,110000.0,108893.59028,1.0
2015-02-02,110000.0,109205.59028,1.002865329512894
2015-02-03,110000.0,109829.59028,1.008595988538682
2015-02-04,110000.0,111077.59028,1.0200573065902578
2015-02-05,110000.0,110453.59027999999,1.0143266475644699
2015-02-08,110000.0,110349.59028,1.0133715377268384
2015-02-09,110000.0,111077.59028,1.0200573065902578
2015-02-10,110000.0,110661.59028,1.0162368672397326
2015-02-11,110000.0,108373.59028,0.9952244508118433
2015-02-12,110000.0,108477.59028,0.9961795606494745
2015-02-15,110000.0,108477.59028,0.9961795606494745
2015-02-16,110000.0,106605.59028,0.9789875835721107
2015-02-17,110000.0,105877.59028,0.9723018147086914
2015-02-18,110000.0,106293.59028,0.9761222540592168
2015-02-19,110000.0,105357.59028000002,0.9675262655205349
2015-02-22,110000.0,104213.59028,0.9570200573065901
2015-02-23,110000.0,107125.59028000002,0.9837631327602674
2015-02-24,110000.0,106085.59027999999,0.974212034383954
2015-02-25,110000.0,106189.59028000002,0.9751671442215855
2015-02-26,110000.0,104421.59027999999,0.9589302769818527
2015-03-01,120000.0,113767.9533012,0.9541547277936963
2015-03-02,120000.0,115248.3933012,0.9665711556829034
2015-03-03,120000.0,115362.27330120001,0.9675262655205349
2015-03-04,120000.0,115817.79330120001,0.9713467048710601
2015-03-05,120000.0,116501.07330120001,0.9770773638968481
2015-03-08,120000.0,116614.9533012,0.9780324737344794
2015-03-09,120000.0,117981.5133012,0.9894937917860552
2015-03-10,120000.0,117981.5133012,0.9894937917860552
2015-03-11,120000.0,115590.0333012,0.9694364851957975
2015-03-12,120000.0,117639.8733012,0.9866284622731614
2015-03-15,120000.0,118664.79330120001,0.9952244508118433
2015-03-16,120000.0,116273.31330120002,0.9751671442215855
2015-03-17,120000.0,116501.07330120001,0.9770773638968481
2015-03-18,120000.0,115476.15330120001,0.9684813753581661
2015-03-19,120000.0,115931.6733012,0.9723018147086914
2015-03-22,120000.0,113881.83330120001,0.9551098376313275
2015-03-23,120000.0,113881.83330120001,0.9551098376313275
2015-03-24,120000.0,114337.3533012,0.9589302769818527
2015-03-25,120000.0,112970.79330120001,0.9474689589302769
2015-03-26,120000.0,110920.9533012,0.9302769818529131
2015-03-30,120000.0,111604.23330120002,0.936007640878701
2015-03-31,120000.0,111831.99330120001,0.9379178605539636
2015-04-01,130000.0,121351.5243256,0.9340974212034383
2015-04-02,130000.0,120855.2043256,0.9302769818529131
2015-04-05,130000.0,117629.12432560002,0.9054441260744985
2015-04-06,130000.0,117629.12432560002,0.9054441260744985
2015-04-07,130000.0,117008.72432560001,0.9006685768863418
2015-04-08,130000.0,117008.72432560001,0.9006685768863418
2015-04-09,130000.0,118869.9243256,0.9149952244508118
2015-04-14,130000.0,119242.1643256,0.9178605539637057
2015-04-15,130000.0,118249.5243256,0.9102196752626551
2015-04-16,130000.0,117629.12432560002,0.9054441260744985
2015-04-19,130000.0,116264.2443256,0.8949379178605539
2015-04-20,130000.0,114651.2043256,0.8825214899713467
2015-04-22,130000.0,114651.2043256,0.8825214899713467
2015-04-23,130000.0,116636.48432560002,0.897803247373448
2015-04-26,130000.0,114899.3643256,0.8844317096466093
2015-04-27,130000.0,114775.2843256,0.883476599808978
2015-04-28,130000.0,111797.3643256,0.860553963705826
2015-04-29,130000.0,113658.5643256,0.874880611270296
2015-04-30,130000.0,116760.5643256,0.8987583572110792
2015-05-03,139718.5,126930.03335720001,0.8987583572110792
2015-05-04,139816.62,124097.5533572,0.8787010506208213
2015-05-05,140785.96,127469.5533572,0.9025787965616044
2015-05-07,141008.16,126660.27335720001,0.8968481375358166
2015-05-11,140239.14,126795.15335720002,0.897803247373448
2015-05-12,140763.86,125581.23335720002,0.889207258834766
2015-05-13,140370.18,125041.7133572,0.8853868194842406
2015-05-14,139457.05,125041.7133572,0.8853868194842406
2015-05-17,138622.83,120320.9133572,0.8519579751671441
2015-05-18,140668.9,129627.6333572,0.9178605539637057
2015-05-19,139900.14,131111.3133572,0.9283667621776505
2015-05-20,139817.04,127739.31335720002,0.9044890162368673
2015-05-21,139998.26,127739.31335720002,0.9044890162368673
2015-05-24,140133.44,134483.3133572,0.9522445081184336
2015-05-25,139929.36,132190.35335720005,0.936007640878701
2015-05-27,139372.96,132055.47335719998,0.9350525310410696
2015-05-28,139410.73,132055.47335719998,0.9350525310410696
2015-06-01,149290.56999999998,142227.93738279998,0.9350525310410696
2015-06-02,149290.56999999998,139467.80738279998,0.9169054441260744
2015-06-03,149290.56999999998,139031.99738280004,0.9140401146131805
2015-06-04,149290.56999999998,139031.99738280004,0.9140401146131805
2015-06-08,149290.56999999998,135981.3273828,0.8939828080229225
2015-06-09,149290.56999999998,136998.2173828,0.9006685768863418
2015-06-11,149290.56999999998,136998.2173828,0.9006685768863418
2015-06-15,149290.56999999998,133947.54738280002,0.8806112702960841
2015-06-16,149290.56999999998,133947.54738280002,0.8806112702960841
2015-06-17,149290.56999999998,134383.35738280002,0.883476599808978
2015-06-21,149290.56999999998,134383.35738280002,0.883476599808978
2015-06-23,149290.56999999998,132785.3873828,0.8729703915950334
2015-06-24,149290.56999999998,132785.3873828,0.8729703915950334
2015-06-25,149290.56999999998,132930.6573828,0.8739255014326648
2015-06-29,149290.56999999998,132930.6573828,0.8739255014326648
2015-07-02,159285.56999999998,140570.2849018,0.8586437440305634
2015-07-05,159285.56999999998,139475.7649018,0.8519579751671441
2015-07-06,159285.56999999998,134628.6049018,0.822349570200573
2015-07-07,159106.08999999997,129625.0849018,0.7917860553963705
2015-07-08,158926.61,128843.28490180001,0.7870105062082139
2015-07-09,158567.64999999997,129312.3649018,0.7898758357211079
2015-07-12,158567.64999999997,129312.3649018,0.7898758357211079
2015-07-14,158163.81999999998,129781.44490180003,0.792741165234002
2015-07-15,158163.81999999998,132439.5649018,0.8089780324737345
2015-07-16,158567.64999999997,132439.5649018,0.8089780324737345
2015-07-22,158567.64999999997,132439.5649018,0.8089780324737345
2015-07-28,158567.64999999997,133534.08490179997,0.8156638013371537
2015-07-30,159150.95999999996,136817.6449018,0.8357211079274116
2015-08-03,168445.82999999996,144603.66898142,0.822349570200573
2015-08-04,168630.92999999996,146618.94898142,0.833810888252149
2015-08-05,168502.49999999997,144435.72898142,0.8213944603629416
2015-08-10,166901.46999999997,144435.72898142,0.8213944603629416
2015-08-12,166350.26999999996,141076.92898142,0.8022922636103151
2015-08-17,161924.13999999996,133855.50898142,0.761222540592168
2015-08-19,157346.41999999998,133015.80898142,0.7564469914040114
2015-08-20,156082.19999999995,133015.80898142,0.7564469914040114
2015-08-24,147658.77999999997,119916.48898142,0.6819484240687679
2015-08-25,148722.17999999996,120588.24898142001,0.6857688634192931
2015-08-27,151488.01999999996,125290.56898142002,0.7125119388729704
2015-08-30,151064.20999999996,126802.02898142001,0.7211079274116523
2015-08-31,153131.93999999997,126802.02898142001,0.7211079274116523
2015-09-01,163131.93999999994,136557.25409946003,0.7211079274116523
2015-09-03,163131.93999999994,140174.65409946002,0.7402101241642789
2015-09-09,163131.93999999994,140174.65409946002,0.7402101241642789
2015-09-10,163131.93999999994,140174.65409946002,0.7402101241642789
2015-09-14,163131.93999999994,140174.65409946002,0.7402101241642789
2015-09-17,163131.93999999994,139451.17409946,0.7363896848137536
2015-09-21,163131.93999999994,139632.04409946,0.7373447946513848
2015-09-29,163131.93999999994,139632.04409946,0.7373447946513848
2015-09-30,163131.93999999994,142887.70409946004,0.7545367717287488
2015-10-04,173024.15999999992,152951.93557404,0.7545367717287488
2015-10-08,174684.83999999994,152951.93557404,0.7545367717287488
2015-10-12,174963.17999999993,157211.35557403998,0.7755491881566379
2015-10-18,174945.8299999999,157211.35557403998,0.7755491881566379
2015-10-19,174805.4199999999,157211.35557403998,0.7755491881566379
2015-10-20,174396.28999999992,157792.18557404,0.778414517669532
2015-10-29,174314.6199999999,157792.18557404,0.778414517669532
2015-11-01,182003.83999999997,167954.15560604003,0.778414517669532
2015-11-08,181354.90999999997,159505.28560604,0.7392550143266475
2015-11-09,179443.90999999995,159505.28560604,0.7392550143266475
2015-11-10,177561.89999999994,159505.28560604,0.7392550143266475
2015-11-11,177142.3099999999,159505.28560604,0.7392550143266475
2015-11-16,171515.90999999992,159505.28560604,0.7392550143266475
2015-11-17,170320.19999999992,143637.89560604002,0.6657115568290353
2015-11-18,169029.3299999999,143637.89560604002,0.6657115568290353
2015-11-22,170134.59999999992,143225.75560604,0.6638013371537727
2015-11-23,168847.62999999992,143225.75560604,0.6638013371537727
2015-11-29,165805.37999999992,143225.75560604,0.6638013371537727
2015-12-02,174588.72999999992,155055.43643036002,0.6723973256924546
2015-12-03,175802.82999999996,158138.79643036003,0.6857688634192931
2015-12-07,178334.12999999995,161662.63643036003,0.7010506208213944
2015-12-09,177255.22999999992,156376.87643036002,0.6781279847182425
2015-12-10,177378.42999999993,154614.95643036,0.6704871060171919
2015-12-17,178451.16999999995,155495.91643036003,0.6743075453677172
2015-12-20,179807.62999999995,155275.67643036,0.673352435530086
2015-12-21,179651.58999999994,157698.31643036002,0.6838586437440305
2015-12-24,179771.82999999993,161442.39643036004,0.7000955109837631
2015-12-30,179052.14999999994,161442.39643036004,0.7000955109837631
2015-12-31,178564.26999999993,166067.43643036002,0.7201528175740209
2016-01-03,188740.13999999996,176029.25369926,0.7201528175740209
2016-01-05,187611.65999999992,172293.89369926002,0.7048710601719197
2016-01-06,184472.8999999999,171593.51369926002,0.7020057306590257
2016-01-10,181423.6199999999,167624.69369926,0.6857688634192931
2016-01-11,178310.2399999999,167624.69369926,0.6857688634192931
2016-01-12,174702.3299999999,161087.81369926,0.6590257879656161
2016-01-13,167279.51999999993,155718.23369926002,0.6370582617000955
2016-01-17,155816.10999999993,155718.23369926002,0.6370582617000955
2016-01-19,165474.1399999999,155718.23369926002,0.6370582617000955
2016-01-21,156005.16999999993,155718.23369926002,0.6370582617000955
2016-01-26,161736.6199999999,145912.91369926,0.5969436485195797
2016-01-28,163797.29999999993,145912.91369926,0.5969436485195797
2016-01-31,161782.37999999992,151282.49369926003,0.6189111747851003
2016-02-01,171232.09999999992,157055.27147635998,0.6017191977077363
2016-02-02,171709.2199999999,158052.43147636,0.6055396370582616
2016-02-04,171777.37999999992,164035.39147636003,0.6284622731614136
2016-02-09,170618.65999999992,164035.39147636003,0.6284622731614136
2016-02-11,169800.7399999999,164035.39147636003,0.6284622731614136
2016-02-15,171163.93999999992,156307.40147635998,0.5988538681948423
2016-02-16,171095.7799999999,159548.17147636,0.6112702960840497
2016-02-21,171095.7799999999,163287.52147635998,0.6255969436485195
2016-02-22,171095.7799999999,163287.52147635998,0.6255969436485195
2016-02-23,171777.37999999992,164284.68147636,0.6294173829990448
2016-02-24,172254.4999999999,164284.68147636,0.6294173829990448
2016-02-28,173481.37999999992,164284.68147636,0.6294173829990448
2016-03-02,184444.35999999993,174509.03000376,0.6303724928366762
2016-03-03,184033.53999999992,174509.03000376,0.6303724928366762
2016-03-06,185726.31999999992,174773.43000376,0.6313276026743075
2016-03-10,187623.22999999992,185878.23000376002,0.6714422158548233
2016-03-13,186818.7099999999,187464.63000376002,0.6771728748806112
2016-03-14,192383.4999999999,205708.23000376002,0.7430754536771729
2016-03-15,194090.8399999999,203064.23000376,0.7335243553008596
2016-03-16,195163.28999999992,208616.63000376002,0.7535816618911174
2016-03-17,197980.91999999993,212582.63000376,0.7679083094555873
2016-03-20,197298.65999999992,213904.63000376002,0.772683858643744
2016-03-21,196749.35999999993,211525.03000376,0.7640878701050621
2016-03-22,196141.5999999999,209409.83000376,0.7564469914040114
2016-03-23,196968.2499999999,216284.23000376,0.7812798471824259
2016-03-27,198813.8299999999,216284.23000376,0.7812798471824259
2016-03-28,198837.74999999994,216284.23000376,0.7812798471824259
2016-03-29,199213.8399999999,219192.63000376,0.7917860553963705
2016-03-30,199365.6099999999,215491.03000376,0.778414517669532
2016-04-04,210526.56999999995,225502.94132428002,0.778414517669532
2016-04-05,211462.54999999993,227716.46132428004,0.7860553963705826
2016-04-06,207328.42999999988,227716.46132428004,0.7860553963705826
2016-04-12,204937.84999999995,227716.46132428004,0.7860553963705826
2016-04-14,207368.98999999987,227716.46132428004,0.7860553963705826
2016-04-17,210515.7999999999,227716.46132428004,0.7860553963705826
2016-04-18,212204.26999999993,229653.29132428003,0.792741165234002
2016-04-19,214724.35999999993,234633.71132428004,0.8099331423113658
2016-04-20,211262.2499999999,232696.88132428002,0.8032473734479465
2016-04-21,210839.43999999994,232696.88132428002,0.8032473734479465
2016-04-26,208042.8799999999,234633.71132428004,0.8099331423113658
2016-04-27,207001.4999999999,235463.78132428002,0.8127984718242597
2016-04-28,209204.78999999992,229653.29132428003,0.792741165234002
2016-05-03,209520.4899999999,234094.55360318001,0.7736389684813753
2016-05-05,213315.2499999999,234094.55360318001,0.7736389684813753
2016-05-09,215622.59999999992,236984.55360318,0.7831900668576885
2016-05-10,212483.90999999992,236984.55360318,0.7831900668576885
2016-05-12,205589.70999999988,236984.55360318,0.7831900668576885
2016-05-17,204629.30999999994,236984.55360318,0.7831900668576885
2016-05-19,201801.3699999999,233805.55360318001,0.772683858643744
2016-05-26,202708.5499999999,233805.55360318001,0.772683858643744
2016-05-29,201315.06999999992,232649.55360318004,0.7688634192932188
2016-06-01,210064.4999999999,242686.95362718005,0.7688634192932188
2016-06-02,211130.34999999992,246003.12362718003,0.7793696275071633
2016-06-05,211290.59999999992,246003.12362718003,0.7793696275071633
2016-06-06,211349.89999999994,248716.35362718,0.7879656160458453
2016-06-07,210937.03999999992,250223.70362718005,0.792741165234002
2016-06-08,211259.81999999992,252333.99362718,0.799426934097421
2016-06-13,211077.3399999999,248716.35362718,0.7879656160458453
2016-07-10,213272.90999999992,258813.80465158002,0.7879656160458453
2016-07-17,216371.8699999999,260068.64465158,0.7917860553963705
2016-07-18,216493.1099999999,263519.45465158,0.8022922636103151
2016-07-19,216235.40999999992,263519.45465158,0.8022922636103151
2016-07-24,214714.26999999993,253794.44465158,0.772683858643744
2016-07-26,215290.36999999994,255362.99465158005,0.7774594078319007
2016-07-27,218045.56999999992,266656.55465158,0.8118433619866284
2016-07-28,217848.92999999993,274499.30465158,0.8357211079274116
2016-08-02,228658.9699999999,270357.40317498,0.792741165234002
2016-08-03,228658.9699999999,282735.14317498,0.8290353390639923
2016-08-04,228658.9699999999,289901.20317498,0.8500477554918815
2016-08-07,228658.9699999999,289901.20317498,0.8500477554918815
2016-08-08,228658.9699999999,289901.20317498,0.8500477554918815
2016-08-10,228658.9699999999,291529.85317498,0.8548233046800381
2016-08-11,228658.9699999999,291529.85317498,0.8548233046800381
2016-08-14,228658.9699999999,293158.50317498,0.8595988538681948
2016-08-15,228658.9699999999,293158.50317498,0.8595988538681948
2016-08-16,228658.9699999999,294787.15317498,0.8643744030563515
2016-08-18,228658.9699999999,297392.99317498005,0.8720152817574022
2016-08-21,228658.9699999999,298695.91317497997,0.8758357211079274
2016-08-25,228658.9699999999,298695.91317497997,0.8758357211079274
2016-09-01,238658.9699999999,294990.30569998,0.8357211079274116
2016-09-04,238658.9699999999,294316.04569998,0.833810888252149
2016-09-05,238658.9699999999,305441.33569998003,0.8653295128939829
2016-09-07,238658.9699999999,293304.65569998,0.8309455587392549
2016-09-08,238658.9699999999,301395.77569998,0.8538681948424067
2016-09-18,238658.9699999999,290944.74569998,0.8242597898758357
2016-09-20,238658.9699999999,290270.48569998,0.822349570200573
2016-09-25,238658.9699999999,290270.48569998,0.822349570200573
2016-10-03,249928.14999999994,300142.41022978,0.822349570200573
2016-10-04,248604.19999999995,308159.98022978,0.8443170964660935
2016-10-05,252940.31999999995,314086.01022978,0.860553963705826
2016-10-09,251908.61999999997,314086.01022978,0.860553963705826
2016-10-11,250966.77999999994,314086.01022978,0.860553963705826
2016-10-12,253668.33999999994,314086.01022978,0.860553963705826
2016-10-13,253492.77999999994,321754.99022978,0.8815663801337154
2016-10-16,253465.71999999994,319314.86022978,0.874880611270296
2016-10-17,249083.53999999992,313737.42022978,0.8595988538681948
2016-10-18,248730.85999999993,307462.80022978,0.8424068767908309
2016-10-23,252476.35999999993,314086.01022978,0.860553963705826
2016-10-24,251824.81999999992,310948.70022978,0.8519579751671441
2016-10-26,251620.50999999995,311994.47022978,0.8548233046800381
2016-10-27,253126.93999999992,315828.96022978006,0.8653295128939829
2016-11-02,266141.2299999999,326098.84225058,0.8653295128939829
2016-11-03,266634.94999999995,350574.08225058,0.9302769818529131
2016-11-06,271225.9199999999,358852.47225058003,0.9522445081184336
2016-11-07,276747.7299999999,377208.90225058,1.0009551098376313
2016-11-08,276208.56999999995,391246.17225058,1.038204393505253
2016-11-09,279256.01999999996,395925.26225058,1.0506208213944603
2016-11-10,287682.11999999994,403843.72225058003,1.0716332378223496
2016-11-13,296407.8399999999,419680.64225058,1.1136580706781278
2016-11-14,294428.6699999999,404563.58225058,1.0735434574976122
2016-11-15,294360.98999999993,416441.27225058,1.105062082139446
2016-11-16,302334.30999999994,425439.52225058,1.1289398280802292
2016-11-17,303494.3499999999,425439.52225058,1.1289398280802292
2016-11-20,304064.74999999994,425079.59225058,1.127984718242598
2016-11-21,308937.01999999996,441636.37225058,1.1719197707736388
2016-11-22,312484.26999999996,438756.93225058,1.1642788920725882
2016-11-23,319550.80999999994,442356.23225058,1.1738299904489016
2016-11-28,320244.56999999995,428678.89225058,1.1375358166189111
2016-11-29,323843.48,428678.89225058,1.1375358166189111
2016-12-01,349175.94999999995,449091.93378318,1.1652340019102196
2016-12-05,343039.51,449091.93378318,1.1652340019102196
2016-12-06,344290.04,447619.53378318,1.1614135625596944
2016-12-07,340259.50999999995,453509.13378318003,1.1766953199617955
2016-12-13,341955.91,445410.93378318,1.1556829035339062
2016-12-15,343798.69,441729.93378318,1.146131805157593
2016-12-18,346478.58999999997,445042.83378318005,1.154727793696275
2016-12-19,352351.5,465288.33378318005,1.207258834765998
2016-12-20,357773.37000000005,477803.73378318,1.2397325692454633
2016-12-21,361717.83999999997,477803.73378318,1.2397325692454633
2016-12-22,365121.08,477803.73378318,1.2397325692454633
2016-12-28,367362.81999999995,492527.73378318007,1.2779369627507162
2016-12-29,367454.5,487374.33378318005,1.2645654250238776
2017-01-02,382210.80999999994,497494.71567493,1.2645654250238776
2017-01-03,386833.18,488476.71567493,1.2416427889207258
2017-01-04,389810.42000000004,499749.21567493,1.2702960840496658
2017-01-05,392331.0,518536.71567493,1.3180515759312321
2017-01-08,390488.12999999995,518536.71567493,1.3180515759312321
2017-01-09,390000.0,512900.46567493,1.3037249283667622
2017-01-10,395034.75,535445.46567493,1.3610315186246418
2017-01-15,410508.51,535445.46567493,1.3610315186246418
2017-01-18,410431.9300000001,535445.46567493,1.3610315186246418
2017-01-26,411264.91000000003,526803.21567493,1.3390639923591212
2017-01-29,410070.81,526051.71567493,1.3371537726838585
2017-01-31,390032.61,508767.21567492996,1.2932187201528174
2017-02-07,424217.4800000001,533382.22007568,1.3304680038204393
2017-02-09,418519.23,530319.02007568,1.3228271251193886
2017-02-21,407589.16000000003,530319.02007568,1.3228271251193886
2017-02-23,399995.00000000006,496623.82007568004,1.2387774594078318
2017-03-01,399451.12000000005,496260.58635618,1.212989493791786
2017-03-06,402192.17000000004,522831.5863561801,1.2779369627507162
2017-03-07,404643.29000000004,522831.5863561801,1.2779369627507162
2017-03-09,410831.52000000014,531428.08635618,1.2989493791786055
2017-03-12,407296.4800000001,534554.08635618,1.306590257879656
2017-03-19,410932.37000000005,543150.58635618,1.3276026743075453
2017-03-20,409888.37000000005,543150.58635618,1.3276026743075453
2017-03-21,412318.6100000001,535335.58635618,1.3085004775549187
2017-03-22,410492.00000000006,529865.08635618,1.2951289398280803
2017-03-23,410710.96,529083.58635618,1.2932187201528174
2017-03-26,411454.50000000006,539243.08635618,1.3180515759312321
2017-03-28,406894.7400000001,539243.08635618,1.3180515759312321
2017-04-05,420650.05000000005,545310.64238258,1.3085004775549187
2017-04-06,426069.82000000007,557251.54238258,1.3371537726838585
2017-04-09,426651.28,534165.80238258,1.2817574021012414
2017-04-10,425050.9,529787.47238258,1.271251193887297
2017-04-12,420031.42000000004,534165.80238258,1.2817574021012414
2017-04-13,421559.02,535359.89238258,1.2846227316141354
2017-05-02,421902.6399999999,545924.42690038,1.2846227316141354
2017-05-07,429829.16,532124.1669003799,1.2521489971346704
2017-05-08,429164.14,549983.3269003801,1.2941738299904488
2017-05-09,431014.66,549983.3269003801,1.2941738299904488
2017-05-11,432030.98,540647.85690038,1.2722063037249283
2017-05-16,432018.97,543894.97690038,1.279847182425979
2017-05-24,435451.02999999997,549171.5469003799,1.292263610315186
2017-05-31,437350.04000000004,566218.92690038,1.3323782234957018
2017-06-01,447995.11,578817.8350566301,1.33810888252149
2017-06-05,452586.28,589146.3350566301,1.361986628462273
2017-06-06,454095.1400000001,595756.5750566301,1.3772683858643744
2017-06-08,451721.45,597822.2750566301,1.382043935052531
2017-06-21,460997.26,570141.8950566301,1.3180515759312321
2017-06-22,462861.67000000004,590798.8950566301,1.3658070678127985
2017-07-09,497214.94,601173.22882413,1.3658070678127985
2017-07-10,502960.62000000005,601173.22882413,1.3658070678127985
2017-07-17,497947.75000000006,609581.22882413,1.3849092645654248
2017-07-19,494171.06,596969.22882413,1.356255969436485
2017-07-30,509443.01,588561.22882413,1.3371537726838585
2017-08-14,535536.97,592230.2888521301,1.3228271251193886
2017-08-15,532029.0599999999,577264.2888521301,1.2893982808022921
2017-08-21,525224.9400000001,592230.2888521301,1.3228271251193886
2017-08-23,527564.21,585816.2888521301,1.3085004775549187
2017-08-30,535135.8300000001,597361.4888521301,1.3342884431709647
2017-09-07,548788.23,607683.86762563,1.3342884431709647
2017-09-12,558926.06,608988.83762563,1.3371537726838585
2017-09-18,565621.12,624213.48762563,1.370582617000955
2017-09-19,568599.53,629433.36762563,1.382043935052531
2017-09-26,573537.5800000001,613338.73762563,1.346704871060172
2017-09-27,568835.14,617688.6376256299,1.356255969436485
2017-09-28,567169.2000000001,636828.19762563,1.3982808022922635
2017-10-02,575485.1300000001,640713.3876496301,1.3849092645654248
2017-10-09,593220.49,640271.5176496301,1.3839541547277936
2017-10-11,586432.8800000001,640271.5176496301,1.3839541547277936
2017-10-22,578197.53,640271.5176496301,1.3839541547277936
2017-10-23,588573.1900000001,640271.5176496301,1.3839541547277936
2017-11-09,593929.2000000002,680406.78017463,1.4489016236867238
2017-11-14,588740.9800000001,680406.78017463,1.4489016236867238
2017-11-22,583217.5500000002,680406.78017463,1.4489016236867238
2017-11-23,597822.9600000001,652598.54017463,1.3896848137535815
2017-11-28,624257.1900000001,683994.94017463,1.4565425023877745
2017-12-03,632352.9200000002,704605.15269963,1.478510028653295
2017-12-06,622135.8000000002,673653.59269963,1.4135625596943648
2017-12-11,648055.4100000001,682756.99269963,1.4326647564469912
2017-12-12,656415.3200000001,682756.99269963,1.4326647564469912
2017-12-13,658782.3400000001,694136.24269963,1.4565425023877745
2017-12-14,657944.7600000001,694136.24269963,1.4565425023877745
2017-12-17,658058.8100000002,700963.79269963,1.4708691499522444
2017-12-24,639683.1300000001,700963.79269963,1.4708691499522444
2017-12-25,645436.9100000001,700963.79269963,1.4708691499522444
2017-12-26,649017.3600000001,716894.74269963,1.5042979942693409
2018-01-02,681815.8400000001,727368.54522463,1.5042979942693409
2018-01-04,674136.6700000002,727368.54522463,1.5042979942693409
2018-01-08,680455.8800000001,723212.16522463,1.495702005730659
2018-01-09,686739.3500000001,723212.16522463,1.495702005730659
2018-01-14,714059.75,723212.16522463,1.495702005730659
2018-01-15,710884.7300000002,714437.5852246301,1.4775549188156638
2018-01-17,727070.75,725059.4452246301,1.4995224450811842
2018-01-21,729070.7300000002,727830.36522463,1.505253104106972
2018-01-22,727287.1100000001,725983.0852246301,1.5014326647564469
2018-01-23,721063.9,722750.3452246301,1.4947468958930277
2018-01-28,727712.3500000001,727368.54522463,1.5042979942693409
2018-02-06,739736.7700000001,714252.60150113,1.4565425023877745
2018-02-15,765910.0300000001,721278.00150113,1.4708691499522444
2018-02-18,773564.4900000002,726898.32150113,1.4823304680038203
2018-02-21,774957.4600000002,726898.32150113,1.4823304680038203
2018-02-22,790757.7200000001,735328.80150113,1.4995224450811842
2018-02-26,795779.3700000001,735328.80150113,1.4995224450811842
2018-03-04,799993.5600000002,745147.6196573799,1.4995224450811842
2018-03-05,802486.13,762708.18965738,1.5348615090735434
2018-03-06,813506.2500000001,771251.16965738,1.5520534861509072
2018-03-07,815952.6100000001,802100.8196573799,1.6141356255969435
2018-03-08,813995.55,802100.8196573799,1.6141356255969435
2018-03-12,810965.49,822034.43965738,1.6542502387774594
2018-03-13,819796.6600000001,826305.92965738,1.6628462273161413
2018-03-15,804742.4900000001,856680.96965738,1.7239732569245463
2018-03-27,800328.5400000002,863800.1196573799,1.7382999044890162
2018-04-11,826052.9000000001,889911.91338286,1.7707736389684812
2018-04-26,836138.36,923031.2233828601,1.8366762177650429
2018-04-29,840170.0600000002,923031.2233828601,1.8366762177650429
2018-05-02,846300.1100000001,912366.6864000601,1.795606494746896
2018-05-06,833220.6600000001,903145.98640006,1.7774594078319006
2018-05-13,835083.9300000002,903145.98640006,1.7774594078319006
2018-05-16,834809.6900000002,839571.6864000601,1.6523400191021966
2018-05-31,828282.4300000002,847821.78640006,1.668576886341929
2018-06-14,834828.3500000001,847120.25017956,1.64756446991404
2018-06-27,842366.0000000001,847120.25017956,1.64756446991404
2018-06-28,843430.3000000002,854486.45017956,1.6618911174785098
2018-07-09,862882.0800000002,843836.1620623,1.6217765042979941
2018-08-07,868335.4600000002,854227.3730867,1.6217765042979941
2018-08-29,867831.8000000002,854227.3730867,1.6217765042979941
2018-09-04,872744.8,836533.53949726,1.569245463228271
2018-09-23,858133.8400000001,754051.2394972601,1.414517669531996
2018-09-24,860482.0300000001,741322.4894972601,1.390639923591213
2018-09-25,863612.9500000002,740304.18949726,1.38872970391595
2018-09-27,865700.2300000001,753032.93949726,1.4126074498567334
2018-09-30,869352.9700000001,765761.68949726,1.4364851957975164
2018-10-03,884286.4000000001,763999.47865791,1.414517669531996
2018-10-14,876344.8800000001,722730.67865791,1.33810888252149
2018-10-15,874431.3400000002,736143.03865791,1.3629417382999043
2018-10-16,876821.5600000002,735111.31865791,1.3610315186246418
2018-10-17,878618.9900000002,735111.31865791,1.3610315186246418
2018-10-24,868771.7400000001,737690.61865791,1.3658070678127985
2018-10-31,881568.6000000002,718603.79865791,1.3304680038204393
2018-11-01,892064.3500000001,733758.82367591,1.3400191021967525
2018-11-22,903075.3700000001,759908.32367591,1.3877745940783188
2018-12-03,899935.77,729090.17183216,1.3132760267430754
2018-12-18,906517.71,740755.45183216,1.3342884431709647
2018-12-23,896671.24,708410.81183216,1.2760267430754535
2018-12-25,895635.01,716894.65183216,1.2913085004775549
2018-12-26,903185.53,707880.57183216,1.2750716332378222
2018-12-31,912193.2799999999,725378.4918321599,1.306590257879656
2019-01-06,934189.1799999999,753577.70559966,1.3390639923591212
2019-01-08,941574.7499999999,757877.70559966,1.346704871060172
2019-02-05,980070.4600000001,832552.25812466,1.4613180515759312
2019-02-14,983912.9500000001,854318.25812466,1.4995224450811842
2019-02-19,1002851.12,849420.90812466,1.4909264565425022
2019-02-21,1008796.23,869010.30812466,1.5253104106972302
2019-02-28,1018804.03,843979.40812466,1.481375358166189
2019-04-17,971795.17,865925.7661018401,1.5023877745940784
2019-05-21,896843.08,790898.23812264,1.356255969436485
2019-07-09,941235.4500000001,840664.59865884,1.4250238777459407
2019-07-11,938710.3500000001,838410.8386588402,1.4212034383954155
2019-08-21,945594.05,870275.80067964,1.4584527220630372
2019-08-22,948773.7,866286.36067964,1.4517669531996178
2019-08-28,950576.1999999998,854887.9606796401,1.4326647564469912
2019-09-02,963408.4799999997,910988.6132046401,1.5090735434574976
2019-09-04,950371.9199999998,915024.60320464,1.5157593123209168
2019-09-09,954604.1999999997,910412.0432046399,1.508118433619866
2019-09-17,914135.2499999998,912718.3232046401,1.5119388729703915
2019-09-23,827516.5699999997,851025.33320464,1.4097421203438394
2019-10-24,872232.5399999999,870822.15572164,1.425978987583572
2019-10-27,872731.44,876071.5857216399,1.434574976122254
2019-10-28,872189.88,877821.3957216401,1.4374403056351481
2019-10-30,877526.82,891819.87572164,1.4603629417382997
2019-10-31,876688.4399999998,892403.1457216401,1.4613180515759312
2019-11-03,895117.3499999997,907798.9790759701,1.4699140401146131
2019-11-04,897250.3299999998,911927.9990759701,1.4765998089780326
2019-11-20,861288.73,895411.9190759701,1.4498567335243553
2019-11-21,857980.0699999996,890693.0390759701,1.4422158548233046
2019-11-27,829713.6499999998,862379.75907597,1.3963705826170008
2019-12-03,828588.1799999997,856393.9310967701,1.370582617000955
2019-12-25,822609.9699999997,872507.2610967701,1.3963705826170008
2019-12-30,819394.0199999997,873104.0510967701,1.3973256924546322
2019-12-31,817534.0099999998,880862.3210967701,1.4097421203438394
2020-01-02,827965.5000000001,891884.65362177,1.4116523400191021
2020-01-12,804736.9099999999,876798.65362177,1.3877745940783188
2020-01-28,794072.3,870764.25362177,1.3782234957020056
2020-01-30,834221.1799999999,896108.73362177,1.4183381088825213
2020-02-05,825927.58,896931.5627824201,1.4040114613180514
2020-02-11,822345.74,900592.4627824201,1.4097421203438394
2020-02-12,809628.3199999998,876186.4627824201,1.3715377268385862
2020-02-16,794860.7299999999,871305.26278242,1.3638968481375358
2020-02-18,787012.84,862153.0127824201,1.3495702005730659
2020-02-23,782410.01,897541.7127824201,1.404966571155683
2020-02-24,766385.0899999999,881677.8127824201,1.3801337153772681
2020-03-03,716786.2,800616.25780042,1.2387774594078318
2020-03-08,714875.8,803702.65780042,1.2435530085959885
2020-03-10,713347.48,730246.33780042,1.1298949379178604
2020-03-17,703795.48,614814.97780042,0.9512893982808023
2020-03-19,703795.48,571605.37780042,0.8844317096466093
2020-04-02,730224.92,624651.7008216202,0.9512893982808023
2020-04-05,730224.92,626533.18082162,0.9541547277936963
2020-04-06,730224.92,613989.98082162,0.9350525310410696
2020-04-09,730224.92,675451.66082162,1.0286532951289398
2020-04-22,730224.92,660399.8208216201,1.0057306590257877
2020-04-23,730224.92,655382.54082162,0.9980897803247372
2020-04-29,730224.92,703046.7008216202,1.0706781279847182
2020-05-07,723305.4400000001,704986.99960712,1.058261700095511
2020-05-13,718280.0700000001,725347.31960712,1.0888252148997135
2020-06-04,746080.3700000001,723609.8888308001,1.0716332378223496
2020-06-07,744908.4800000001,737153.2088308,1.0916905444126073
2020-06-09,740966.1200000001,772623.8088308001,1.1442215854823303
2020-06-17,747812.8700000001,757790.6488308001,1.1222540592168098
2020-06-18,749532.5000000001,755855.8888308001,1.119388729703916
2020-06-21,752266.9100000001,752631.2888308001,1.1146131805157593
2020-06-22,756141.4400000001,750051.6088308002,1.110792741165234
2020-06-23,762597.5600000002,744892.2488308002,1.1031518624641834
2020-06-29,768093.8600000001,751341.4488308001,1.1127029608404966
2020-07-06,799627.33,768592.0508516,1.1232091690544412
2020-07-08,808632.53,775127.6508516,1.1327602674307544
2020-07-13,796919.4199999999,776434.7708516001,1.1346704871060171
2020-07-16,742326.1799999999,745063.8908516001,1.0888252148997135
2020-07-19,730598.49,732646.2508516001,1.0706781279847182
2020-07-21,751005.8400000001,744410.3308516002,1.087870105062082
2020-09-03,893379.1700000002,794129.39300145,1.146131805157593
2020-09-08,848234.3999999999,788835.23300145,1.1384909264565424
2020-10-04,850098.8899999999,792100.6293279701,1.1289398280802292
2020-10-20,861628.1699999999,799472.05932797,1.1394460362941736
2020-10-22,816219.99,794781.14932797,1.1327602674307544
2020-10-27,832847.61,752562.95932797,1.072588347659981
2020-11-16,907855.26,798950.4414238001,1.1241642788920725
2020-11-17,915251.5299999999,802344.4414238001,1.1289398280802292
2020-11-18,911035.7599999999,822708.4414238001,1.157593123209169
2020-11-19,912226.97,801665.6414238001,1.127984718242598
2020-11-22,911969.47,794877.6414238001,1.1184336198662845
2020-11-23,913149.0099999999,792162.4414238001,1.1146131805157593
2020-11-24,916872.33,794198.8414238001,1.117478510028653
2020-11-25,915653.98,814562.8414238001,1.146131805157593
2020-11-26,907768.4400000001,807774.8414238001,1.1365807067812799
2020-12-16,910592.99,815804.79379874,1.1327602674307544
2020-12-20,922228.7099999998,800671.8737987401,1.1117478510028653
2020-12-21,867723.7999999999,804111.17379874,1.1165234001910218
2020-12-27,865845.0099999998,788978.2537987401,1.0955109837631327
2020-12-30,907253.5499999999,793105.41379874,1.1012416427889207
2021-01-04,926910.0000000001,810291.7592789201,1.1117478510028653
2021-01-05,935927.9700000001,808203.39927892,1.1088825214899711
2021-01-06,936561.27,808899.51927892,1.1098376313276026
2021-01-10,949776.7,817949.0792789201,1.1222540592168098
2021-01-11,955352.0499999999,837440.4392789201,1.148997134670487
2021-01-17,970032.7600000001,854843.4392789201,1.17287488061127
2021-01-20,1004191.0800000001,835352.0792789201,1.146131805157593
2021-01-21,1010233.8,865981.35927892,1.1881566380133715
2021-01-27,1017847.3400000001,860412.39927892,1.1805157593123208
2021-01-31,1020851.6799999999,863892.9992789201,1.1852913085004775
2021-02-02,1055999.6600000001,845036.6130044,1.146131805157593
2021-02-03,1061799.52,871091.6430044,1.181470869149952
2021-02-07,1082172.77,868274.8830044001,1.1776504297994268
2021-02-08,1075136.67,868274.8830044001,1.1776504297994268
2021-02-09,1052229.4,899963.4330044,1.2206303724928365
2021-02-10,1076311.72,856303.6530044001,1.1614135625596944
2021-02-11,1078879.9100000001,864049.7430044,1.1719197707736388
2021-02-14,1056809.23,863345.5530044,1.1709646609360076
2021-02-15,1048230.8900000001,854895.2730044001,1.1595033428844317
2021-02-16,1046304.8,861937.1730044001,1.1690544412607449
2021-02-18,1024577.85,853486.8930044,1.157593123209169
2021-02-21,1044098.58,851374.3230044,1.154727793696275
2021-02-22,1047235.89,854895.2730044001,1.1595033428844317
2021-02-23,1037304.25,864049.7430044,1.1719197707736388
2021-02-24,1039282.2100000002,839403.0930044,1.1384909264565424
2021-02-25,1065535.95,854895.2730044001,1.1595033428844317
2021-02-28,1046948.02,868979.0730044,1.1786055396370583
2021-03-01,1049420.48,871783.4080224001,1.1690544412607449
2021-03-02,1051724.42,871783.4080224001,1.1690544412607449
2021-03-03,1038150.1900000001,867509.9680224,1.163323782234957
2021-03-04,1047706.87,861812.0480224001,1.1556829035339062
2021-03-07,1056904.25,857538.6080224001,1.1499522445081183
2021-03-08,1043401.9799999999,854689.6480224001,1.146131805157593
2021-03-15,1043778.54,853977.4080224001,1.1451766953199618
2021-03-17,1035555.5599999999,846142.7680224002,1.1346704871060171
2021-03-22,971746.4400000001,816940.9280224001,1.0955109837631327
2021-03-23,969819.33,796998.2080224,1.0687679083094554
2021-03-24,983999.9100000001,792012.5280224,1.0620821394460362
2021-03-25,995824.44,809106.2880224001,1.085004775549188
2021-03-28,994414.41,821926.6080224001,1.102196752626552
2021-03-30,990757.0,812667.4880224001,1.0897803247373448
2021-03-31,980283.18,812667.4880224001,1.0897803247373448
2021-04-01,993947.56,808867.2318019001,1.0716332378223496
2021-04-04,996370.1900000002,808867.2318019001,1.0716332378223496
2021-04-05,988730.2599999999,797332.6718019001,1.0563514804202483
2021-04-06,994372.4600000001,785077.2018019,1.0401146131805157
2021-04-07,990055.3,785798.1118019001,1.0410697230181472
2021-04-08,992309.09,782914.4718019001,1.0372492836676217
2021-04-11,1000554.46,788681.7518019,1.0448901623686724
2021-04-13,987645.21,800216.3118019,1.0601719197707735
2021-04-14,962784.76,788681.7518019,1.0448901623686724
2021-04-15,964354.2500000001,777147.1918019,1.029608404966571
2021-04-18,973507.4800000001,776426.2818019,1.0286532951289398
2021-04-19,985012.6999999998,792286.3018019,1.049665711556829
2021-04-21,988327.4600000002,810309.0518019,1.0735434574976122
2021-04-25,994213.1900000001,810309.0518019,1.0735434574976122
2021-04-26,979876.7100000001,810309.0518019,1.0735434574976122
2021-05-05,983682.9299999999,813646.1495289801,1.0649474689589302
2021-05-06,985138.66,817294.74952898,1.0697230181470867
2021-05-10,988919.58,827510.8295289801,1.0830945558739253
2021-05-17,1015462.6600000001,837726.9095289801,1.096466093600764
2021-05-19,1040383.64,838456.6295289801,1.0974212034383954
2021-05-20,1032814.12,839916.0695289801,1.099331423113658
2021-05-23,1049156.51,836267.4695289802,1.0945558739255015
2021-05-24,1042562.5900000001,842105.22952898,1.102196752626552
2021-05-25,1024419.9400000001,838456.6295289801,1.0974212034383954
2021-05-26,1025808.45,820213.6295289801,1.0735434574976122
2021-05-27,1027722.46,807808.3895289801,1.0573065902578795
2021-05-30,1019784.5399999999,797592.30952898,1.043935052531041
2021-05-31,1014347.71,801970.6295289801,1.049665711556829
2021-06-01,1034184.4500000001,812410.4948010801,1.0506208213944603
2021-06-02,1019592.3700000001,806502.0948010801,1.0429799426934097
2021-06-03,1000849.95,796900.94480108,1.0305635148042023
2021-06-07,1039535.82,797639.4948010801,1.0315186246418337
2021-06-08,1020872.5000000002,796900.94480108,1.0305635148042023
2021-06-10,1035553.99,790992.5448010801,1.0229226361031518
2021-06-13,1024049.1000000001,786561.2448010801,1.0171919770773639
2021-06-14,1011262.8500000001,779175.7448010801,1.0076408787010507
2021-06-16,987267.67,779175.7448010801,1.0076408787010507
2021-06-17,988990.5800000001,778437.19480108,1.0066857688634192
2021-06-20,979443.52,777698.64480108,1.0057306590257877
2021-06-21,992908.8000000002,772528.7948010801,0.9990448901623687
2021-06-22,997000.2299999999,793208.1948010802,1.0257879656160458
2021-06-23,1006226.1699999999,804286.4448010802,1.0401146131805157
2021-06-24,1013470.8,809456.2948010801,1.046800382043935
2021-06-27,1013833.1100000002,810194.8448010802,1.0477554918815664
2021-06-28,1003968.98,811671.9448010802,1.049665711556829
2021-06-29,997688.8600000001,809456.2948010801,1.046800382043935
2021-06-30,1018256.7600000002,797639.4948010801,1.0315186246418337
2021-07-04,1043092.1900000001,817766.2866968301,1.0448901623686724
2021-07-05,1047525.5500000002,825241.28669683,1.0544412607449856
2021-07-07,1031412.6,809543.7866968301,1.0343839541547277
2021-07-08,1018447.0800000002,819261.2866968302,1.046800382043935
2021-07-11,1005383.06,812533.78669683,1.038204393505253
2021-07-12,1004547.0100000002,809543.7866968301,1.0343839541547277
2021-07-13,1015376.7200000003,816271.2866968301,1.0429799426934097
2021-07-14,1028765.35,831968.7866968302,1.0630372492836677
2021-07-15,1050584.6600000001,845423.7866968301,1.0802292263610316
2021-07-18,1083141.27,822251.2866968301,1.0506208213944603
2021-07-25,1115558.41,849161.2866968301,1.085004775549188
2021-07-26,1110660.8399999999,856636.2866968302,1.0945558739255015
2021-07-28,1143389.2500000002,858131.2866968301,1.096466093600764
2021-07-29,1156987.69,858131.2866968301,1.096466093600764
2021-08-01,1186200.06,865996.16023023,1.09360076408787
2021-08-02,1197787.81,870534.08023023,1.099331423113658
2021-08-03,1173438.68,871290.4002302301,1.1002865329512892
2021-08-05,1193740.4200000002,862970.88023023,1.0897803247373448
2021-08-08,1207713.4000000001,863727.20023023,1.090735434574976
2021-08-09,1210097.4,864483.5202302301,1.0916905444126073
2021-08-10,1232296.44,869777.76023023,1.0983763132760267
2021-08-15,1220163.7600000002,875828.3202302301,1.1060171919770774
2021-08-16,1214157.0299999998,887929.4402302301,1.1212989493791785
2021-08-17,1218264.12,888685.76023023,1.1222540592168098
2021-08-18,1211132.41,880366.2402302301,1.1117478510028653
2021-08-19,1184636.4000000001,822885.9202302301,1.0391595033428844
2021-08-23,1193106.45,859945.60023023,1.0859598853868193
2021-08-24,1195958.92,875072.00023023,1.105062082139446
2021-08-25,1207780.98,881122.5602302301,1.1127029608404966
2021-08-26,1196297.77,890198.4002302301,1.1241642788920725
2021-08-29,1208666.0400000003,894736.3202302301,1.1298949379178604
2021-08-30,1218954.7699999998,893980.00023023,1.1289398280802292
2021-08-31,1207359.23,897761.60023023,1.1337153772683857
2021-09-01,1246784.71,906257.8016257801,1.1318051575931232
2021-09-02,1261073.49,917729.3516257801,1.146131805157593
2021-09-05,1213823.83,919258.89162578,1.1480420248328556
2021-09-06,1200024.05,902433.9516257802,1.1270296084049665
2021-09-07,1219729.3900000001,899374.8716257801,1.1232091690544412
2021-09-09,1227064.96,904728.2616257801,1.1298949379178604
2021-09-12,1239165.1500000001,898610.1016257801,1.1222540592168098
2021-09-14,1251657.44,905493.03162578,1.1308500477554917
2021-09-15,1249053.31,909316.8816257801,1.1356255969436484
2021-09-16,1242430.9400000002,906257.8016257801,1.1318051575931232
2021-09-19,1166002.51,894021.4816257801,1.1165234001910218
2021-09-20,1139708.4300000002,885609.0116257801,1.1060171919770774
2021-09-21,1102766.68,870313.6116257801,1.0869149952244508
2021-09-22,1127008.03,852723.9016257802,1.0649474689589302
2021-09-23,1144946.16,861136.3716257801,1.0754536771728749
2021-09-26,1149632.6400000001,864960.2216257801,1.0802292263610316
2021-09-27,1122670.43,864960.2216257801,1.0802292263610316
2021-09-28,1113154.27,852723.9016257802,1.0649474689589302
2021-10-03,1131761.44,863296.7100241301,1.0659025787965615
2021-10-04,1128732.9800000002,850919.7500241301,1.0506208213944603
2021-10-05,1126297.15,856334.6700241301,1.0573065902578795
2021-10-06,1125700.3900000001,857108.2300241301,1.058261700095511
2021-10-10,1115911.55,864843.8300241301,1.0678127984718242
2021-10-11,1138152.81,874900.1100241301,1.0802292263610316
2021-10-12,1142374.67,879541.4700241301,1.0859598853868193
2021-10-13,1147728.2500000002,884956.3900241301,1.0926456542502387
2021-10-17,1147102.87,901974.7100241301,1.1136580706781278
2021-10-18,1166255.3400000003,915125.2300241301,1.1298949379178604
2021-10-19,1165474.7000000002,927502.1900241302,1.1451766953199618
2021-10-20,1156791.2400000002,921313.7100241301,1.1375358166189111
2021-10-24,1155400.4300000002,915898.7900241301,1.1308500477554917
2021-10-25,1139905.47,919766.5900241302,1.1356255969436484
2021-10-26,1141428.91,919766.5900241302,1.1356255969436484
2021-10-27,1123564.1700000002,925955.0700241302,1.143266475644699
2021-10-28,1132631.48,934464.2300241301,1.1537726838586437
2021-10-31,1120960.75,946067.6300241301,1.1680993314231136
2021-11-01,1137798.52,949341.9783264402,1.1595033428844317
2021-11-02,1144735.5,961853.8183264402,1.174785100286533
2021-11-03,1143665.52,970455.7083264401,1.1852913085004775
2021-11-04,1140210.7100000002,971237.6983264401,1.1862464183381087
2021-11-07,1136020.82,964981.7783264401,1.1786055396370583
2021-11-08,1125295.3599999999,960289.8383264401,1.17287488061127
2021-11-09,1124158.4200000002,955597.8983264401,1.1671442215854824
2021-11-10,1119954.3,962635.8083264402,1.1757402101241643
2021-11-11,1127950.9200000002,954033.91832644,1.1652340019102196
2021-11-14,1121108.62,961853.8183264402,1.174785100286533
2021-11-15,1115578.3900000001,968891.7283264402,1.183381088825215
2021-11-16,1105114.4100000001,954815.9083264401,1.1661891117478511
2021-11-17,1106977.28,948559.9883264402,1.1585482330468004
2021-11-18,1105171.06,951687.9483264401,1.1623686723973257
2021-11-21,1095888.82,941522.0783264401,1.1499522445081183
2021-11-22,1107442.3,936048.1483264401,1.143266475644699
2021-11-23,1107213.8900000001,941522.0783264401,1.1499522445081183
2021-11-25,1109587.77,940740.0883264401,1.148997134670487
2021-11-28,1095380.35,946996.00832644,1.1566380133715377
2021-11-29,1092429.82,934484.16832644,1.1413562559694364
2021-11-30,1095284.1400000001,936048.1483264401,1.143266475644699
2021-12-01,1102043.35,961229.0989756901,1.1614135625596944
2021-12-02,1099353.21,963600.53897569,1.1642788920725882
2021-12-05,1106706.12,954905.25897569,1.1537726838586437
2021-12-06,1115005.52,962019.5789756901,1.1623686723973257
2021-12-08,1110739.58,973086.29897569,1.1757402101241643
2021-12-12,1128186.18,973086.29897569,1.1757402101241643
2021-12-13,1127650.41,987314.93897569,1.1929321872015282
2021-12-14,1129566.97,986524.4589756901,1.191977077363897
2021-12-15,1132791.56,980200.6189756901,1.1843361986628462
2021-12-16,1137202.2200000002,980200.6189756901,1.1843361986628462
2021-12-21,1128919.2799999998,968343.41897569,1.1700095510983763
2021-12-23,1135152.54,980991.0989756901,1.1852913085004775
2021-12-26,1142315.9,991267.33897569,1.1977077363896846
2021-12-27,1141607.42,999172.1389756901,1.207258834765998
2021-12-28,1137956.96,999172.1389756901,1.207258834765998
2021-12-29,1138477.86,1003915.01897569,1.212989493791786
2022-01-02,1145138.22,1017284.2878782401,1.2168099331423112
2022-01-03,1138918.39,1013291.83787824,1.2120343839541545
2022-01-04,1144637.51,1012493.34787824,1.2110792741165233
2022-01-05,1151109.9500000002,1019679.7578782401,1.2196752626552052
2022-01-09,1136592.47,1024470.6978782401,1.2254059216809932
2022-01-10,1138350.6700000004,1018881.2678782401,1.218720152817574
2022-01-11,1131481.86,1022075.2278782402,1.2225405921680994
2022-01-12,1130199.54,1020478.2478782401,1.2206303724928365
2022-01-13,1117024.7200000002,1025269.1878782401,1.2263610315186246
2022-01-16,1102015.82,1021276.7378782401,1.221585482330468
2022-01-18,1115143.6500000001,1008500.8978782402,1.2063037249283668
2022-01-19,1106215.2600000002,1010097.8778782401,1.2082139446036293
2022-01-20,1106954.75,996523.5478782401,1.191977077363897
2022-01-23,1091305.5799999998,997322.0378782401,1.1929321872015282
2022-01-24,1092854.84,990934.1178782401,1.1852913085004775
2022-01-25,1092464.76,987740.15787824,1.181470869149952
2022-01-26,1086122.93,981352.2378782401,1.1738299904489016
2022-01-30,1078393.58,978158.2778782401,1.1700095510983763
2022-01-31,1102222.09,974165.82787824,1.1652340019102196
2022-02-01,1116091.75,986846.5922789901,1.1690544412607449
2022-02-02,1130987.83,994908.9922789901,1.1786055396370583
2022-02-03,1134625.2200000002,1002165.15227899,1.1872015281757402
2022-02-06,1134603.6500000001,998133.9522789902,1.1824259789875835
2022-02-07,1134185.51,1002165.15227899,1.1872015281757402
2022-02-08,1137934.3800000001,990071.55227899,1.17287488061127
2022-02-09,1166799.85,988459.0722789901,1.1709646609360076
2022-02-10,1166018.95,994102.7522789901,1.1776504297994268
2022-02-13,1162623.2700000003,992490.2722789901,1.1757402101241643
2022-02-14,1160419.9200000002,980396.67227899,1.1614135625596944
2022-02-15,1165525.73,977977.9522789902,1.1585482330468004
2022-02-16,1170649.5000000002,990877.79227899,1.1738299904489016
2022-02-17,1171442.2100000002,990877.79227899,1.1738299904489016
2022-02-20,1150126.31,988459.0722789901,1.1709646609360076
2022-02-21,1153034.57,973946.7522789901,1.1537726838586437
2022-02-22,1144822.09,985234.1122789901,1.1671442215854824
2022-02-23,1152412.33,968303.0722789901,1.1470869149952243
2022-02-24,1132207.23,968303.0722789901,1.1470869149952243
2022-02-27,1151099.94,933634.7522789901,1.1060171919770774
2022-02-28,1146538.5799999998,957821.9522789902,1.1346704871060171
2022-03-01,1168641.2999999998,963759.34015213,1.1308500477554917
2022-03-03,1187920.6200000003,967829.2401521301,1.1356255969436484
2022-03-06,1174146.61,977597.00015213,1.1470869149952243
2022-03-07,1168854.2300000002,959689.44015213,1.126074498567335
2022-03-08,1150285.5200000003,925502.2801521299,1.0859598853868193
2022-03-09,1142347.9800000002,899454.9201521301,1.055396370582617
2022-03-10,1141076.3,901082.88015213,1.0573065902578795
2022-03-13,1134407.8900000001,904338.80015213,1.0611270296084048
2022-03-14,1133126.04,905966.7601521302,1.0630372492836677
2022-03-15,1121529.1700000002,901082.88015213,1.0573065902578795
2022-03-16,1142805.1800000002,901082.88015213,1.0573065902578795
2022-03-17,1130787.26,925502.2801521299,1.0859598853868193
2022-03-20,1145932.34,927130.2401521301,1.087870105062082
2022-03-21,1178065.6800000002,948293.7201521301,1.1127029608404966
2022-03-22,1165532.4600000002,1000388.44015213,1.1738299904489016
2022-03-23,1173361.86,1007714.2601521302,1.1824259789875835
2022-03-24,1163673.9300000002,1014226.1001521301,1.1900668576886342
2022-03-27,1138553.9100000001,1010970.1801521301,1.1862464183381087
2022-03-28,1108405.0000000002,997132.52015213,1.1700095510983763
2022-03-29,1108179.1500000001,971085.1601521301,1.1394460362941736
2022-03-30,1100709.9100000001,984108.84015213,1.154727793696275
2022-03-31,1108246.4700000002,971085.1601521301,1.1394460362941736
2022-04-03,1139999.9200000004,980847.54163071,1.1394460362941736
2022-04-04,1128181.1300000001,1008800.98163071,1.1719197707736388
2022-04-05,1115687.1400000001,1005512.34163071,1.1680993314231136
2022-04-06,1121831.07,1000579.38163071,1.1623686723973257
2022-04-07,1108975.8500000003,998112.90163071,1.1595033428844317
2022-04-10,1098923.48,978381.06163071,1.1365807067812799
2022-04-11,1081556.9300000002,961115.7016307099,1.1165234001910218
2022-04-12,1093139.31,946316.82163071,1.099331423113658
2022-04-13,1092199.1900000002,961115.7016307099,1.1165234001910218
2022-04-14,1040329.6500000003,956182.7416307101,1.110792741165234
2022-04-17,1044750.4200000003,942206.0216307101,1.0945558739255015
2022-04-18,1050077.5200000003,944672.50163071,1.0974212034383954
2022-04-19,1038570.7200000002,947138.98163071,1.1002865329512892
2022-04-20,1037008.7300000001,945494.66163071,1.0983763132760267
2022-04-27,1083728.7300000002,951249.78163071,1.105062082139446
2022-04-28,1103347.2900000003,954538.42163071,1.1088825214899711
2022-05-08,1124404.6000000003,993339.3913966101,1.1423113658070678
2022-05-09,1117158.2200000002,998322.69139661,1.1480420248328556
2022-05-10,1097992.5900000003,979220.04139661,1.126074498567335
2022-05-11,1131001.62,972575.6413966101,1.1184336198662845
2022-05-15,1106755.9300000002,961778.49139661,1.1060171919770774
2022-05-16,1102620.4900000002,949320.24139661,1.0916905444126073
2022-05-17,1113220.4300000002,942675.84139661,1.0840496657115568
2022-05-18,1107557.86,941014.74139661,1.082139446036294
2022-05-23,1098318.6300000001,942675.84139661,1.0840496657115568
2022-05-24,1085071.1300000001,947659.1413966101,1.0897803247373448
2022-05-26,1055236.1300000001,924403.74139661,1.0630372492836677
2022-05-29,1042415.1200000001,921081.54139661,1.0592168099331423
2022-05-30,1049357.1500000001,911114.9413966101,1.0477554918815664
2022-05-31,1055553.3500000003,912776.0413966101,1.049665711556829
2022-06-01,1063871.3200000003,925715.77222093,1.0534861509073543
2022-06-05,1062230.1400000001,913126.72222093,1.0391595033428844
2022-06-06,1062142.8200000003,910608.91222093,1.0362941738299905
2022-06-07,1063695.7500000002,911448.18222093,1.0372492836676217
2022-06-08,1063878.62,916483.80222093,1.0429799426934097
2022-06-09,1062222.8400000003,933269.20222093,1.0620821394460362
2022-06-12,1056018.2800000003,933269.20222093,1.0620821394460362
2022-06-13,1053926.7600000002,920680.1522209301,1.0477554918815664
2022-06-14,1057567.1500000001,913965.99222093,1.0401146131805157
2022-06-15,1055146.4600000002,910608.91222093,1.0362941738299905
2022-06-16,1049145.3900000001,909769.64222093,1.035339063992359
2022-06-19,1047021.9500000002,900537.6722209301,1.0248328557784145
2022-06-20,1043897.8300000002,887948.6222209301,1.0105062082139447
2022-06-21,1042278.4800000001,883752.27222093,1.0057306590257877
2022-06-22,1039660.5100000001,885430.8122209301,1.0076408787010507
2022-06-23,1038139.4300000002,877877.3822209301,0.9990448901623687
2022-06-26,1036952.1700000002,861931.25222093,0.9808978032473733
2022-06-29,1029058.5100000002,839270.96222093,0.9551098376313275
2022-07-03,1039765.1000000002,853014.8647459302,0.9598853868194842
2022-07-04,1036424.8700000001,832644.3847459301,0.9369627507163324
2022-07-05,1039291.2300000001,803786.2047459302,0.9044890162368673
2022-07-06,1043116.9000000001,802088.66474593,0.9025787965616044
2022-07-07,1043116.9000000001,802937.4347459301,0.9035339063992359
2022-07-17,1043116.9000000001,811425.1347459301,0.9130850047755492
2022-07-18,1042400.3100000002,811425.1347459301,0.9130850047755492
2022-07-19,1043833.4900000001,820761.6047459301,0.9235912129894938
2022-07-20,1046942.5700000002,835190.69474593,0.9398280802292263
2022-07-21,1052675.29,841980.8547459301,0.9474689589302769
2022-07-24,1052918.0100000002,858107.4847459301,0.965616045845272
2022-07-26,1058662.3,853014.8647459302,0.9598853868194842
2022-07-27,1057460.2700000003,863200.1047459301,0.9713467048710601
2022-07-28,1065111.61,857258.71474593,0.9646609360076408
2022-07-31,1060569.35,864048.8747459301,0.9723018147086914
2022-08-01,1067801.7400000002,882311.91479494,0.9818529130850047
2022-08-02,1076059.3100000003,876303.9547949402,0.9751671442215855
2022-08-03,1088084.3500000003,877162.2347949401,0.9761222540592168
2022-08-04,1127514.2500000002,886603.3147949401,0.9866284622731614
2022-08-07,1135127.9100000004,925225.91479494,1.029608404966571
2022-08-08,1137135.9700000002,940674.9547949402,1.046800382043935
2022-08-09,1150577.0800000003,932950.43479494,1.038204393505253
2022-08-10,1147713.0100000002,926084.19479494,1.0305635148042023
2022-08-11,1138046.2400000005,925225.91479494,1.029608404966571
2022-08-14,1142422.8000000003,927800.7547949401,1.0324737344794652
2022-08-15,1132730.7300000004,926942.4747949401,1.0315186246418337
2022-08-16,1141433.3300000005,920934.5147949401,1.0248328557784145
2022-08-17,1146427.8100000003,914068.2747949401,1.0171919770773639
2022-08-18,1161297.7600000005,933808.7147949401,1.0391595033428844
2022-08-21,1185218.06,938100.11479494,1.043935052531041
2022-08-22,1177922.8400000003,960415.39479494,1.0687679083094554
2022-08-23,1166383.2500000005,951832.5947949401,1.0592168099331423
2022-08-24,1159137.2800000003,941533.2347949401,1.0477554918815664
2022-08-25,1201310.6000000003,938100.11479494,1.043935052531041
2022-08-28,1246127.0200000003,955265.7147949401,1.0630372492836677
2022-08-29,1235816.1300000004,944966.3547949401,1.0515759312320916
2022-08-30,1233732.1700000004,939816.67479494,1.0458452722063036
2022-08-31,1256155.6200000003,940674.9547949402,1.046800382043935
2022-09-01,1260202.6300000004,938295.90482694,1.0334288443170965
2022-09-04,1280317.3200000003,932225.64482694,1.026743075453677
2022-09-05,1288555.9400000004,938295.90482694,1.0334288443170965
2022-09-06,1305822.4800000002,954772.32482694,1.0515759312320916
2022-09-07,1312545.0600000005,969514.38482694,1.0678127984718242
2022-09-08,1317079.4200000004,959975.40482694,1.0573065902578795
2022-09-11,1332070.3300000003,963444.12482694,1.0611270296084048
2022-09-12,1319893.2100000004,971248.74482694,1.0697230181470867
2022-09-13,1318047.8400000005,979053.36482694,1.0783190066857686
2022-09-14,1299871.8700000003,974717.4648269401,1.0735434574976122
2022-09-15,1288647.1600000004,956506.68482694,1.0534861509073543
2022-09-18,1204834.7700000003,945233.3448269401,1.0410697230181472
2022-09-19,1243306.7900000005,915749.2248269401,1.008595988538682
2022-09-20,1257698.9400000004,924421.02482694,1.0181470869149951
2022-09-21,1246526.1900000004,938295.90482694,1.0334288443170965
2022-09-22,1257016.0100000005,933960.00482694,1.0286532951289398
2022-09-25,1248424.5400000003,931358.4648269401,1.0257879656160458
2022-09-26,1281123.2000000004,927889.74482694,1.0219675262655203
2022-09-27,1295009.6800000002,921819.4848269401,1.0152817574021014
2022-09-28,1288300.0300000003,920952.30482694,1.0143266475644699
2022-09-29,1288637.5800000003,910546.14482694,1.002865329512894
2022-10-02,1272010.5400000005,931177.8205202102,1.0152817574021014
2022-10-03,1278614.7500000005,918037.9705202101,1.0009551098376313
2022-10-04,1288416.6100000003,918037.9705202101,1.0009551098376313
2022-10-05,1287256.8500000003,939937.7205202101,1.0248328557784145
2022-10-09,1284855.3700000003,947821.6305202101,1.0334288443170965
2022-10-10,1302367.58,941689.7005202101,1.026743075453677
2022-10-11,1288960.7300000002,941689.7005202101,1.026743075453677
2022-10-12,1271365.1600000004,934681.78052021,1.0191021967526266
2022-10-13,1285469.6500000004,927673.8605202101,1.011461318051576
2022-10-16,1295304.2600000005,932929.8005202101,1.0171919770773639
2022-10-17,1311399.08,951325.59052021,1.0372492836676217
2022-10-18,1317693.7500000005,960961.4805202101,1.0477554918815664
2022-10-19,1309335.5800000005,970597.3705202101,1.058261700095511
2022-10-20,1316222.4700000002,969721.3805202101,1.0573065902578795
2022-10-23,1313462.4500000002,980233.26052021,1.0687679083094554
2022-10-24,1279534.2300000004,978481.28052021,1.066857688634193
2022-10-25,1292435.9400000004,985489.2005202101,1.0744985673352434
2022-10-26,1305103.3100000005,999505.04052021,1.0897803247373448
2022-10-27,1335041.4600000002,1007388.9505202101,1.0983763132760267
2022-10-30,1320371.8100000003,1064328.30052021,1.160458452722063
2022-10-31,1329338.0500000003,1059072.36052021,1.154727793696275
2022-11-01,1345838.9500000004,1094516.0022949101,1.1824259789875835
2022-11-02,1338111.8600000003,1100704.70229491,1.1891117478510027
2022-11-03,1352181.6500000004,1082138.60229491,1.1690544412607449
2022-11-06,1363578.1200000003,1084790.90229491,1.1719197707736388
2022-11-07,1397761.0600000003,1075949.90229491,1.1623686723973257
2022-11-08,1372972.7000000007,1101588.8022949102,1.1900668576886342
2022-11-09,1397849.9700000002,1084790.90229491,1.1719197707736388
2022-11-10,1429133.6500000001,1133416.40229491,1.224450811843362
2022-11-13,1442090.9200000002,1130764.10229491,1.221585482330468
2022-11-14,1446075.1700000004,1152866.60229491,1.245463228271251
2022-11-15,1450031.4500000002,1167012.20229491,1.2607449856733524
2022-11-16,1474076.6500000004,1167012.20229491,1.2607449856733524
2022-11-17,1493988.9100000001,1233319.70229491,1.3323782234957018
2022-11-20,1493563.8000000003,1203260.30229491,1.2999044890162368
2022-11-21,1481045.0100000005,1204144.40229491,1.300859598853868
2022-11-22,1479005.62,1205028.5022949101,1.3018147086914995
2022-11-23,1489114.4600000004,1220942.3022949102,1.3190066857688634
2022-11-24,1524446.0300000005,1234203.8022949102,1.3333333333333333
2022-11-27,1561216.3600000003,1237740.20229491,1.3371537726838585
2022-11-28,1548889.7300000002,1189114.70229491,1.2846227316141354
2022-11-29,1578716.4600000002,1234203.8022949102,1.3333333333333333
2022-11-30,1562680.8300000003,1237740.20229491,1.3371537726838585
2022-12-01,1604860.4800000004,1294840.1083333099,1.3877745940783188
2022-12-04,1660976.3900000004,1332267.98833331,1.4278892072588345
2022-12-05,1656605.3600000003,1375042.70833331,1.4737344794651384
2022-12-06,1668087.7100000004,1398212.3483333099,1.498567335243553
2022-12-07,1671245.0100000005,1415144.00833331,1.5167144221585482
2022-12-08,1673138.6800000006,1442769.34833331,1.5463228271251195
2022-12-11,1659007.7400000002,1447225.0483333098,1.5510983763132757
2022-12-12,1664342.7900000003,1431184.5283333098,1.5339063992359119
2022-12-13,1709521.56,1435640.22833331,1.5386819484240686
2022-12-14,1720743.6100000003,1476632.66833331,1.5826170009551097
2022-12-15,1692582.2100000004,1498020.0283333098,1.6055396370582615
2022-12-18,1662200.5600000003,1474850.38833331,1.5807067812798472
2022-12-19,1673870.5200000003,1446333.90833331,1.5501432664756447
2022-12-20,1669571.3100000005,1435640.22833331,1.5386819484240686
2022-12-21,1669869.9700000002,1415144.00833331,1.5167144221585482
2022-12-22,1679123.2900000007,1416926.28833331,1.5186246418338107
2022-12-25,1662648.9700000002,1410688.30833331,1.5119388729703915
2022-12-26,1681901.5100000002,1400885.76833331,1.5014326647564469
2022-12-27,1672745.6500000004,1417817.42833331,1.5195797516714422
2022-12-28,1686876.7200000004,1410688.30833331,1.5119388729703915
2022-12-29,1689909.6200000003,1419599.70833331,1.5214899713467047
2023-01-02,1753114.0400000003,1431118.72899957,1.5234001910219674
2023-01-03,1771215.1600000004,1464316.97899957,1.5587392550143266
2023-01-04,1817105.7100000002,1476878.47899957,1.5721107927411653
2023-01-05,1850316.6200000003,1528021.72899957,1.6265520534861508
2023-01-09,1879257.8900000006,1559425.47899957,1.659980897803247
2023-01-10,1807533.5500000005,1577370.4789995698,1.6790830945558737
2023-01-11,1812406.8900000004,1467008.7289995702,1.5616045845272206
2023-01-12,1829215.8600000003,1527124.47899957,1.6255969436485194
2023-01-15,1858802.1900000002,1523535.47899957,1.6217765042979941
2023-01-16,1887101.8600000003,1524432.7289995698,1.6227316141356254
2023-01-17,1905290.6100000006,1551350.22899957,1.6513849092645652
2023-01-18,1872927.3300000003,1564808.97899957,1.6657115568290353
2023-01-19,1889314.1200000003,1565706.22899957,1.6666666666666665
2023-01-22,1902043.2000000002,1572884.22899957,1.6743075453677172
2023-01-23,1887954.1200000006,1553144.72899957,1.6532951289398279
2023-01-24,1900932.9500000007,1583651.2289995698,1.6857688634192929
2023-01-25,1924519.2400000002,1583651.2289995698,1.6857688634192929
2023-01-29,1946338.7600000002,1641075.22899957,1.746895893027698
2023-01-30,1888039.2900000003,1700293.72899957,1.8099331423113656
2023-01-31,1835692.12,1664403.72899957,1.7717287488061126
2023-02-01,1839521.460000001,1618247.69743093,1.7125119388729702
2023-02-02,1816003.8500000003,1611929.98743093,1.705826170009551
2023-02-05,1809019.4600000004,1597489.50743093,1.6905444126074496
2023-02-06,1821023.3700000003,1598392.0374309302,1.691499522445081
2023-02-07,1835564.2000000004,1629980.58743093,1.7249283667621773
2023-02-08,1820775.5100000002,1659764.0774309302,1.7564469914040115
2023-02-09,1852929.6600000001,1665179.25743093,1.7621776504297992
2023-02-12,1845024.6200000003,1730161.4174309303,1.8309455587392551
2023-02-13,1835684.7200000004,1697670.33743093,1.796561604584527
2023-02-14,1859797.0400000005,1690450.09743093,1.7889207258834765
2023-02-15,1871795.8600000003,1712110.81743093,1.8118433619866283
2023-02-16,1882112.1300000006,1720233.58743093,1.8204393505253103
2023-02-19,1862084.1500000004,1717525.9974309301,1.8175740210124165
2023-02-20,1834437.3500000008,1701280.45743093,1.8003820439350526
2023-02-21,1847506.3100000005,1651641.3074309302,1.7478510028653296
2023-02-22,1826966.7100000004,1673302.02743093,1.7707736389684812
2023-02-23,1823934.4500000007,1648031.18743093,1.7440305635148043
2023-02-26,1833245.4500000007,1669691.90743093,1.766953199617956
2023-02-27,1831559.5300000005,1689547.56743093,1.787965616045845
2023-02-28,1828120.4600000004,1678717.20743093,1.7765042979942693
2023-03-01,1845958.7600000002,1678476.2250539698,1.7659980897803245
2023-03-02,1826880.25,1690277.23505397,1.778414517669532
2023-03-05,1810689.26,1663044.1350539702,1.749761222540592
2023-03-06,1821629.7300000004,1661228.59505397,1.7478510028653296
2023-03-07,1789273.7600000005,1659413.05505397,1.7459407831900668
2023-03-08,1775574.2100000004,1622194.48505397,1.7067812798471824
2023-03-09,1787627.2300000002,1611301.24505397,1.6953199617956063
2023-03-12,1714776.3200000005,1625825.56505397,1.7106017191977076
2023-03-13,1651517.7100000004,1573174.90505397,1.6552053486150904
2023-03-14,1662267.9000000001,1524155.3250539699,1.6036294173829988
2023-03-15,1538863.6900000002,1516893.1650539702,1.5959885386819483
2023-03-16,1558213.8200000003,1456072.5750539699,1.5319961795606494
2023-03-19,1561775.0200000003,1452441.49505397,1.5281757402101241
2023-03-20,1598928.5500000003,1449718.18505397,1.5253104106972302
2023-03-21,1636696.9500000004,1473320.20505397,1.5501432664756447
2023-03-22,1615888.3400000003,1513262.08505397,1.5921680993314231
2023-03-23,1630750.3000000005,1505999.92505397,1.5845272206303724
2023-03-26,1682652.9500000007,1542310.7250539698,1.6227316141356254
2023-03-27,1690896.27,1577713.75505397,1.659980897803247
2023-03-28,1687768.6600000001,1574082.67505397,1.6561604584527219
2023-03-29,1746279.84,1569543.8250539699,1.6513849092645652
2023-03-30,1729344.4700000004,1619471.17505397,1.7039159503342882
2023-04-02,1762390.8900000004,1629254.4447858501,1.7039159503342882
2023-04-03,1794396.7400000005,1655738.6947858501,1.7316141356255967
2023-04-04,1782314.6700000002,1692268.6947858501,1.7698185291308501
2023-04-05,1774939.6400000004,1691355.4447858501,1.7688634192932187
2023-04-06,1757029.57,1693181.9447858501,1.7707736389684812
2023-04-09,1762281.1400000004,1662131.4447858501,1.7382999044890162
2023-04-10,1774914.3700000003,1658478.4447858501,1.734479465138491
2023-04-11,1808433.6400000004,1668524.1947858501,1.7449856733524354
2023-04-12,1786791.6,1692268.6947858501,1.7698185291308501
2023-04-13,1845286.8000000005,1676743.4447858501,1.7535816618911173
2023-04-18,1886931.15,1768068.4447858501,1.84909264565425
2023-04-19,1875592.6200000003,1757109.44478585,1.8376313276026741
2023-04-26,1885478.2700000005,1754369.6947858501,1.8347659980897804
2023-04-27,1929584.2400000002,1747976.9447858501,1.828080229226361
2023-04-30,1926783.2400000002,1781767.1947858504,1.8634192932187201
2023-05-01,1880072.5100000002,1778745.06941169,1.8500477554918815
2023-05-02,1865318.5600000003,1743850.04941169,1.8137535816618908
2023-05-03,1875385.3900000001,1742931.75941169,1.8127984718242598
2023-05-07,1882134.0700000003,1742013.46941169,1.8118433619866283
2023-05-08,1951438.51,1735585.43941169,1.805157593123209
2023-05-09,1911312.1300000001,1775990.1994116902,1.8471824259789875
2023-05-10,1941697.3500000003,1744768.3394116901,1.8147086914995223
2023-05-11,1929362.2700000003,1764970.71941169,1.8357211079274114
2023-05-14,1928855.5599999998,1742013.46941169,1.8118433619866283
2023-05-15,1890414.78,1752114.65941169,1.8223495702005728
2023-05-16,1860697.23,1731912.27941169,1.8013371537726837
2023-05-17,1820622.33,1721811.0894116901,1.7908309455587392
2023-05-18,1823525.9600000002,1704363.5794116901,1.772683858643744
2023-05-21,1844351.4600000002,1695180.6794116902,1.7631327602674307
2023-05-22,1854185.1100000003,1706200.15941169,1.7745940783190064
2023-05-23,1858610.4900000002,1697017.25941169,1.7650429799426934
2023-05-24,1862092.3,1698853.8394116901,1.766953199617956
2023-05-25,1900634.4500000002,1729157.40941169,1.7984718242597897
2023-05-28,1933945.24,1724565.9594116902,1.7936962750716332
2023-05-29,1954418.7100000004,1732830.56941169,1.8022922636103151
2023-05-30,2012947.2000000002,1742931.75941169,1.8127984718242598
2023-05-31,2011887.0000000002,1774153.6194116902,1.8452722063037248
2023-06-01,2026764.97,1777643.84502193,1.8385864374403056
2023-06-04,2079541.6600000001,1781337.6450219299,1.8424068767908308
2023-06-05,2099371.6100000003,1773026.59502193,1.8338108882521489
2023-06-06,2181393.8,1761945.19502193,1.8223495702005728
2023-06-07,2209965.43,1776720.3950219299,1.8376313276026741
2023-06-08,2225554.2100000004,1762868.64502193,1.8233046800382042
2023-06-11,2221171.64,1780414.1950219302,1.8414517669531996
2023-06-12,2194763.04,1801653.5450219302,1.8634192932187201
2023-06-13,2175864.0500000003,1797959.74502193,1.8595988538681947
2023-06-14,2152269.8400000003,1814581.8450219298,1.8767908309455585
2023-06-15,2109814.0500000003,1814581.8450219298,1.8767908309455585
2023-06-18,2163891.5300000003,1815505.29502193,1.87774594078319
2023-06-19,2168673.08,1830280.4950219302,1.8930276981852912
2023-06-20,2213865.66,1826586.6950219302,1.889207258834766
2023-06-21,2162762.73,1819199.09502193,1.8815663801337152
2023-06-22,2171309.8300000005,1797959.74502193,1.8595988538681947
2023-06-25,2168167.75,1798883.1950219302,1.8605539637058262
2023-06-26,2224865.56,1756404.49502193,1.816618911174785
2023-07-04,2204120.08,1803379.50806313,1.8548233046800382
2023-07-05,2206536.8300000005,1782950.08806313,1.8338108882521489
2023-07-06,2156315.2700000005,1774592.59806313,1.825214899713467
2023-07-09,1967645.4300000006,1746734.29806313,1.796561604584527
2023-07-10,2071550.9800000004,1691017.69806313,1.7392550143266476
2023-07-11,2068307.8700000003,1731876.5380631299,1.7812798471824258
2023-07-12,2052028.1700000004,1751377.34806313,1.8013371537726837
2023-07-13,2076718.4100000001,1750448.73806313,1.8003820439350526
2023-07-16,2080114.1000000003,1769949.54806313,1.8204393505253103
2023-07-17,2092649.4700000007,1769949.54806313,1.8204393505253103
2023-07-18,2147062.7100000004,1786664.5280631299,1.8376313276026741
2023-07-19,2149407.9000000004,1795950.62806313,1.8471824259789875
2023-07-24,2102351.96,1793164.79806313,1.8443170964660933
2023-07-25,2056772.4000000004,1790378.96806313,1.8414517669531996
2023-07-26,2008650.0700000003,1782950.08806313,1.8338108882521489
2023-07-27,2010409.5200000003,1774592.59806313,1.825214899713467
2023-07-30,2033221.4400000004,1769020.93806313,1.819484240687679
2023-07-31,2057269.1900000004,1790378.96806313,1.8414517669531996
2023-08-01,2056112.6400000004,1804236.4605881302,1.8452722063037248
2023-08-02,2019062.4400000009,1793964.0005881302,1.8347659980897804
2023-08-03,2023048.0300000005,1787426.9805881302,1.828080229226361
2023-08-06,2060449.3000000007,1787426.9805881302,1.828080229226361
2023-08-07,2066768.8600000003,1811707.34058813,1.8529130850047753
2023-08-08,2063334.7700000007,1826649.10058813,1.8681948424068766
2023-08-09,2058829.5400000005,1816376.64058813,1.857688634192932
2023-08-10,2049518.1000000006,1818244.36058813,1.8595988538681947
2023-08-13,2056389.5200000003,1812641.2005881302,1.8538681948424067
2023-08-14,2056784.5900000003,1827582.9605881302,1.869149952244508
2023-08-15,2053443.9900000002,1831318.40058813,1.8729703915950333
2023-08-16,2101167.04,1837855.4205881301,1.8796561604584525
2023-08-17,2069146.9700000004,1848127.88058813,1.8901623686723972
2023-08-20,2070983.1500000004,1837855.4205881301,1.8796561604584525
2023-08-21,2065697.3800000004,1844392.4405881301,1.886341929321872
2023-08-22,2087437.3900000004,1834119.9805881302,1.8758357211079273
2023-08-23,2059648.4100000006,1864003.5005881302,1.9063992359121298
2023-08-24,2061503.3100000005,1855598.7605881302,1.8978032473734479
2023-08-27,2086308.2700000003,1863069.64058813,1.9054441260744983
2023-08-28,2077971.0200000005,1893887.0205881302,1.9369627507163323
2023-08-29,2087105.5700000005,1900424.0405881302,1.9436485195797517
2023-08-30,2072961.9600000002,1905093.34058813,1.948424068767908
2023-08-31,2057660.9100000001,1924704.40058813,1.968481375358166
2023-09-03,2056469.4600000004,1940414.6416125302,1.9742120343839542
2023-09-04,2077810.1900000004,1925394.6416125302,1.9589302769818528
2023-09-05,2087547.7600000005,1944169.64161253,1.9780324737344794
2023-09-06,2082944.59,1957312.1416125302,1.991404011461318
2023-09-07,2112786.16,1976087.14161253,2.0105062082139447
2023-09-10,2157818.0900000003,1991107.14161253,2.025787965616046
2023-09-11,2137750.9400000004,2011759.64161253,2.046800382043935
2023-09-12,2131212.2300000004,1980780.8916125302,2.0152817574021014
2023-09-13,2146008.74,1967638.39161253,2.0019102196752625
2023-09-14,2197899.1500000004,2012698.3916125302,2.0477554918815666
2023-09-17,2205935.47,2008004.64161253,2.04297994269341
2023-09-18,2198058.2500000005,2020208.39161253,2.055396370582617
2023-09-19,2207767.64,2028657.14161253,2.0639923591212987
2023-09-20,2168672.72,2049309.6416125298,2.085004775549188
2023-09-21,2210031.9899999998,2033350.89161253,2.0687679083094554
2023-09-24,2222756.75,2062452.14161253,2.0983763132760265
2023-09-25,2247145.91,2076533.39161253,2.1127029608404966
2023-09-26,2248578.3200000003,2086859.64161253,2.1232091690544412
2023-09-27,2229845.6000000006,2090614.64161253,2.1270296084049662
2023-10-01,2306050.23,2080746.2754970798,2.1069723018147086
2023-10-02,2244578.2300000004,2068484.41549708,2.0945558739255015
2023-10-03,2202307.2,2052449.6754970802,2.078319006685769
2023-10-04,2226442.16,2032642.05549708,2.058261700095511
2023-10-08,2170838.1300000004,2049620.01549708,2.0754536771728747
2023-10-09,2176204.56,1996799.6954970802,2.0219675262655206
2023-10-10,2228012.45,2001515.7954970798,2.026743075453677
2023-10-11,2213843.68,2034528.49549708,2.0601719197707737
2023-10-12,2278251.0200000005,2026982.7354970798,2.052531041069723
2023-10-15,2363654.840000001,2061881.87549708,2.087870105062082
2023-10-16,2495111.4499999997,2094894.57549708,2.1212989493791787
2023-10-17,2614423.13,2167522.51549708,2.194842406876791
2023-10-18,2623220.2,2349563.97549708,2.379178605539637
2023-10-19,2591954.19,2333529.23549708,2.362941738299904
2023-10-22,2675468.45,2227888.59549708,2.255969436485196
2023-10-23,2721753.1300000004,2280708.91549708,2.30945558739255
2023-10-24,2743418.3000000003,2325983.47549708,2.3553008595988536
2023-10-25,2874691.97,2337302.11549708,2.36676217765043
2023-10-26,2868585.82,2415589.37549708,2.4460362941738296
2023-10-29,2807466.0100000007,2452374.95549708,2.4832855778414515
2023-10-30,2879245.1500000004,2410873.27549708,2.441260744985673
2023-10-31,2702563.0100000002,2446715.63549708,2.4775549188156636
2023-11-01,2687641.6399999997,2363930.92853828,2.383954154727794
2023-11-02,2708898.3200000003,2351618.8885382796,2.371537726838586
2023-11-05,2752981.31,2373401.72853828,2.393505253104107
2023-11-06,2767394.7,2419808.64853828,2.440305635148042
2023-11-07,2792701.87,2418861.5685382797,2.4393505253104104
2023-11-08,2847213.8100000005,2454850.6085382802,2.475644699140401
2023-11-09,2861264.1100000003,2515463.72853828,2.5367717287488056
2023-11-12,2826720.15,2549558.6085382802,2.571155682903534
2023-11-13,2836874.09,2506940.0085382797,2.528175740210124
2023-11-14,2833325.5300000003,2512622.48853828,2.533906399235912
2023-11-15,2835925.41,2505992.92853828,2.5272206303724927
2023-11-16,2856026.3600000003,2530617.0085382797,2.552053486150907
2023-11-19,2886964.94,2556188.16853828,2.577841451766953
2023-11-20,2856402.44,2631007.48853828,2.653295128939828
2023-11-21,2843432.68,2633848.72853828,2.656160458452722
2023-11-22,2864520.6100000003,2593124.28853828,2.615090735434575
2023-11-23,2872460.56,2622483.76853828,2.644699140401146
2023-11-26,2880759.6900000004,2723821.32853828,2.7468958930276983
2023-11-27,2871432.58,2649949.0885382798,2.6723973256924545
2023-11-28,2852266.0100000002,2727609.64853828,2.7507163323782233
2023-11-29,2814198.17,2631007.48853828,2.653295128939828
2023-11-30,2814213.66,2594071.36853828,2.616045845272206
2023-12-03,2822974.0599999996,2601047.20805808,2.613180515759312
2023-12-04,2903162.98,2583935.14805808,2.595988538681948
2023-12-05,2874903.1500000004,2656186.06805808,2.6685768863419295
2023-12-06,2838463.6000000006,2641926.0180580798,2.6542502387774594
2023-12-07,2803965.44,2597244.52805808,2.609360076408787
2023-12-10,2738968.5100000002,2595343.18805808,2.6074498567335245
2023-12-11,2713050.44,2544007.00805808,2.5558739255014324
2023-12-12,2709682.7,2543056.33805808,2.554918815663801
2023-12-13,2766453.88,2531648.29805808,2.5434574976122253
2023-12-14,2805486.83,2658087.4080580804,2.670487106017192
2023-12-17,2886823.340000001,2674248.79805808,2.686723973256924
2023-12-18,2955041.3800000004,2606751.22805808,2.6189111747851004
2023-12-19,2933652.1800000006,2662840.75805808,2.6752626552053487
2023-12-20,2884183.31,2636221.99805808,2.6485195797516714
2023-12-21,2845031.8400000003,2611504.57805808,2.6236867239732566
2023-12-24,2802928.68,2630517.97805808,2.6427889207258835
2023-12-25,2830329.17,2505029.5380580802,2.516714422158548
2023-12-26,2769749.3600000003,2546859.0180580798,2.558739255014326
2023-12-27,2802311.5600000005,2523092.2680580798,2.534861509073543
2023-12-28,2823133.4300000006,2559217.72805808,2.571155682903534
2023-12-31,2829946.99,2593441.8480580803,2.6055396370582615
2024-01-02,2878291.81,2623276.86553506,2.625596943648519
2024-01-03,2894578.37,2686258.02553506,2.688634192932187
2024-01-04,2887017.14,2676715.4255350605,2.6790830945558737
2024-01-08,2948006.3300000005,2701526.1855350602,2.703915950334288
2024-01-09,2981631.1599999997,2669081.34553506,2.671442215854823
2024-01-10,2973923.04,2672898.3855350604,2.6752626552053487
2024-01-11,2980115.5199999996,2698663.4055350604,2.7010506208213942
2024-01-14,3082204.7300000004,2702480.44553506,2.7048710601719197
2024-01-15,3079859.7199999997,2705343.2255350603,2.707736389684814
2024-01-16,3175901.1100000003,2763553.08553506,2.7659980897803247
2024-01-17,3132929.0,2858979.08553506,2.8615090735434574
2024-01-18,3146405.95,2816037.3855350604,2.8185291308500475
2024-01-21,3273684.5400000005,2897149.48553506,2.8997134670487106
2024-01-22,3289242.06,2965856.20553506,2.968481375358166
2024-01-23,3237270.61,2953450.82553506,2.956064947468959
2024-01-24,3320897.8200000003,2900966.52553506,2.9035339063992356
2024-01-28,3380388.95,2977307.32553506,2.979942693409742
2024-01-29,3426567.0400000005,3005935.12553506,3.0085959885386817
2024-01-30,3493671.500000001,3071779.06553506,3.074498567335243
2024-01-31,3138200.4600000004,2995438.2655350603,2.998089780324737
2024-02-01,3227740.93,3007328.18050304,3.0
2024-02-04,3264134.46,2948924.3405030402,2.9417382999044888
2024-02-05,3309181.12,2942222.26050304,2.9350525310410696
2024-02-06,3274430.97,2936477.62050304,2.9293218720152816
2024-02-07,3295963.9400000004,2869456.8205030398,2.8624641833810887
2024-02-08,3337752.040000001,3011157.94050304,3.003820439350525
2024-02-11,3363626.8,2988179.3805030403,2.980897803247373
2024-02-12,3390141.22,2966158.26050304,2.9589302769818526
2024-02-13,3442211.8899999997,2996796.3405030402,2.9894937917860553
2024-02-14,3477021.9600000004,3008285.62050304,3.0009551098376313
2024-02-15,3526881.22,3036051.3805030403,3.0286532951289398
2024-02-18,3511383.86,3088710.58050304,3.0811843361986626
2024-02-19,3526504.1000000006,3062859.70050304,3.0553963705826166
2024-02-20,3596514.0900000003,3097327.54050304,3.0897803247373448
2024-02-21,3625949.6900000004,3083923.3805030403,3.076408787010506
2024-02-22,3665015.4500000007,3080093.62050304,3.072588347659981
2024-02-25,3595082.1999999997,3016902.58050304,3.0095510983763134
2024-02-26,3671436.7600000002,3065732.0205030404,3.0582617000955112
2024-02-27,3667064.66,3041796.02050304,3.0343839541547277
2024-02-28,3596524.4099999997,3061902.26050304,3.0544412607449853
2024-02-29,3635512.55,3037008.8205030398,3.029608404966571
2024-03-03,3725093.6700000004,3055629.13034296,3.0382043935052527
2024-03-04,3792244.66,3129593.7903429596,3.111747851002865
2024-03-05,3766695.03,3108461.03034296,3.090735434574976
2024-03-06,3519483.08,3335157.9103429597,3.316141356255969
2024-03-07,3533996.06,3245823.9703429597,3.2273161413562557
2024-03-10,3578887.49,3368778.21034296,3.3495702005730656
2024-03-11,3455061.8500000006,3599317.4103429597,3.5787965616045843
2024-03-12,3338103.41,3427373.59034296,3.4078319006685764
2024-03-13,3206013.5600000005,3452348.6703429595,3.4326647564469908
2024-03-14,3267980.75,3224691.21034296,3.206303724928367
2024-03-17,3211350.78,3309222.25034296,3.2903533906399236
2024-03-18,2906570.59,3123830.31034296,3.1060171919770774
2024-03-19,2869741.74,2979743.31034296,2.962750716332378
2024-03-20,2941606.9899999998,3059471.45034296,3.042024832855778
2024-03-21,3039759.46,3023929.9903429598,3.006685768863419
2024-03-24,3021356.35,3015284.77034296,2.998089780324737
2024-03-25,3126265.8300000005,3072919.57034296,3.0553963705826166
2024-03-26,3107185.49,3104618.71034296,3.0869149952244506
2024-03-27,3038039.3,3073880.15034296,3.0563514804202483
2024-03-28,2990181.7300000004,2983585.63034296,2.966571155682903
2024-03-31,2868684.2300000004,2915384.45034296,2.8987583572110793
2024-04-01,2937650.7700000005,2854033.09748281,2.828080229226361
2024-04-02,2904393.34,3002469.07748281,2.9751671442215852
2024-04-03,2909850.83,2963914.27748281,2.936962750716332
2024-04-04,2935445.6599999997,2968733.62748281,2.9417382999044888
2024-04-07,2918161.98,3027529.69748281,3.0
2024-04-08,2923017.72,2990902.6374828103,2.9637058261700093
2024-04-15,2940257.12,3027529.69748281,3.0
2024-04-16,2927312.62,3137410.8774828096,3.1088825214899707
2024-04-17,2930490.7799999993,3121988.95748281,3.0936007640878698
2024-04-18,2861901.66,3112350.25748281,3.0840496657115564
2024-04-21,2871146.7,3008252.29748281,2.980897803247373
2024-04-22,2846772.12,3039096.1374828103,3.011461318051576
2024-04-23,2781238.8,2966805.8874828103,2.9398280802292263
2024-04-24,2734803.08,2724874.5174828097,2.700095510983763
2024-04-28,2682593.54,2765357.05748281,2.7402101241642787
2024-04-29,2746901.55,2643909.43748281,2.6198662846227316
2024-04-30,2704004.65,2787526.06748281,2.7621776504297992
2024-05-01,2728783.9299999997,2632753.1707911203,2.5988538681948423
2024-05-02,2758201.63,2719833.57079112,2.6848137535816616
2024-05-07,2746283.69,2809816.65079112,2.773638968481375
2024-05-08,2738438.9699999997,2841746.13079112,2.805157593123209
2024-05-09,2735874.3499999996,2795303.25079112,2.7593123209169055
2024-05-12,2714150.51,2796270.81079112,2.7602674307545363
2024-05-13,2720637.4899999998,2707255.29079112,2.6723973256924545
2024-05-14,2714301.3699999996,2730476.73079112,2.6953199617956063
2024-05-15,2717771.15,2725638.93079112,2.69054441260745
2024-05-16,2744171.65,2723703.81079112,2.688634192932187
2024-05-19,2751714.65,2864967.57079112,2.828080229226361
2024-05-20,2741456.17,2954950.65079112,2.9169054441260744
2024-05-21,2755335.29,2951080.41079112,2.913085004775549
2024-05-22,2752468.9499999997,2907540.2107911203,2.8701050620821396
2024-05-23,2750356.9099999997,2924956.29079112,2.8872970391595034
2024-05-26,2747641.4299999997,2923021.1707911203,2.8853868194842405
2024-05-27,2749904.3299999996,2957853.33079112,2.919770773638968
2024-05-28,2744322.51,2935599.45079112,2.8978032473734476
2024-05-29,2734667.4699999997,2930761.65079112,2.893027698185291
2024-05-30,2735120.05,2916248.25079112,2.8787010506208213
2024-06-02,2742371.1199999996,2908760.69779792,2.8615090735434574
2024-06-03,2742309.249999999,2903906.29779792,2.8567335243553007
2024-06-04,2739589.9199999995,2899051.8977979203,2.851957975167144
2024-06-05,2733642.6999999997,2914585.97779792,2.8672397325692454
2024-06-06,2707221.8999999994,2870896.3777979203,2.8242597898758355
2024-06-09,2660556.7,2870896.3777979203,2.8242597898758355
2024-06-10,2685361.1199999996,2774779.25779792,2.729703915950334
2024-06-11,2723809.3599999994,2800022.13779792,2.754536771728749
2024-06-12,2731720.01,2822352.3777979203,2.7765042979942693
2024-06-13,2748528.55,2828177.65779792,2.782234957020057
2024-06-23,2775390.3099999996,2875750.77779792,2.829035339063992
2024-06-24,2787246.1699999995,2927207.41779792,2.8796561604584525
2024-06-25,2836479.6399999997,2918469.49779792,2.8710601719197704
2024-06-26,2836197.0399999996,2948566.77779792,2.900668576886342
2024-06-27,2837212.1799999997,2972838.77779792,2.924546322827125
2024-07-01,2900423.6999999997,3010988.7564583705,2.9522445081184334
2024-07-02,2917012.6399999997,3033393.2864583703,2.974212034383954
2024-07-03,2904512.1499999994,3053849.5964583703,2.994269340974212
2024-07-04,2891688.1699999995,3075280.0164583703,3.015281757402101
2024-07-07,2949469.53,3107425.64645837,3.046800382043935
2024-07-08,2935119.32,3065538.91645837,3.0057306590257875
2024-07-09,2954822.1799999992,3080150.5664583705,3.0200573065902576
2024-07-10,2937264.2199999993,3078202.3464583703,3.018147086914995
2024-07-14,2892701.7899999996,3066513.0264583705,3.006685768863419
2024-07-15,2888749.98,3040212.0564583703,2.980897803247373
2024-07-16,2912813.09,3030470.95645837,2.97134670487106
2024-07-17,2997977.6799999997,3016833.41645837,2.9579751671442214
2024-07-18,3014560.5,3072357.68645837,3.012416427889207
2024-07-21,3012627.6899999995,3105477.42645837,3.044890162368672
2024-07-22,2994990.5899999994,3119114.9664583704,3.0582617000955112
2024-07-23,3021662.95,3141519.4964583702,3.0802292263610314
2024-07-24,2967722.0799999996,3162949.91645837,3.1012416427889202
2024-07-28,2946380.82,3151260.5964583703,3.0897803247373448
2024-07-29,2932824.4399999995,3148338.2664583703,3.0869149952244506
2024-07-30,2965035.0599999996,3124959.62645837,3.0639923591212987
2024-07-31,3011973.1199999996,3175613.3464583703,3.113658070678128
2024-08-01,2990489.6599999997,3192398.02273487,3.120343839541547
2024-08-04,2847007.5099999993,3189466.54273487,3.1174785100286533
2024-08-05,2771763.65,3099567.82273487,3.029608404966571
2024-08-06,2855707.5,3023349.34273487,2.9551098376313276
2024-08-07,2889342.9,3062435.74273487,2.9933142311365804
2024-08-08,2885224.07,3128882.6227348703,3.0582617000955112
2024-08-11,2966692.01,3195329.50273487,3.1232091690544412
2024-08-12,2939000.3699999996,3224644.30273487,3.151862464183381
2024-08-13,2916946.2999999993,3224644.30273487,3.151862464183381
2024-08-14,3010867.2099999995,3205101.10273487,3.132760267430754
2024-08-15,3035962.0599999996,3208032.58273487,3.135625596943648
2024-08-18,3044174.83,3216827.02273487,3.1442215854823305
2024-08-19,3076954.38,3189466.54273487,3.1174785100286533
2024-08-20,3112461.4399999995,3183603.58273487,3.111747851002865
2024-08-21,3145280.4099999997,3248096.1427348703,3.174785100286533
2024-08-22,3120297.4699999997,3230507.2627348704,3.157593123209169
2024-08-25,3165662.26,3269593.66273487,3.195797516714422
2024-08-26,3180975.1399999997,3264707.8627348696,3.191021967526265
2024-08-27,3238007.7699999996,3302817.10273487,3.228271251193887
2024-08-28,3271616.5199999996,3304771.42273487,3.23018147086915
2024-08-29,3267386.119999999,3341903.50273487,3.2664756446991405
2024-09-01,3317418.7899999996,3358709.9295035703,3.2731614135625597
2024-09-02,3275860.73,3392032.30950357,3.3056351480420245
2024-09-03,3312450.54,3353809.57950357,3.2683858643744026
2024-09-04,3296362.9,3385171.81950357,3.2989493791786053
2024-09-05,3293849.1199999996,3383211.6795035703,3.297039159503343
2024-09-08,3235995.9299999997,3308726.35950357,3.2244508118433615
2024-09-09,3235151.0499999993,3324407.47950357,3.2397325692454633
2024-09-10,3193547.89,3287164.81950357,3.2034383954154726
2024-09-11,3254201.9899999998,3315586.8495035702,3.231136580706781
2024-09-12,3243338.34,3321467.26950357,3.236867239732569
2024-09-16,3217373.2099999995,3322447.33950357,3.2378223495702003
2024-09-17,3164113.53,3295985.4495035703,3.2120343839541547
2024-09-18,3204844.4499999993,3286184.74950357,3.2024832855778413
2024-09-19,3272734.6599999997,3306766.2195035703,3.2225405921680994
2024-09-22,3333271.3799999994,3369490.6995035703,3.2836676217765044
2024-09-23,3309428.3599999994,3393012.37950357,3.3065902578796558
2024-09-24,3295904.04,3379291.39950357,3.293218720152817
2024-09-25,3363624.6799999992,3362630.2095035706,3.276981852913085
2024-09-26,3352630.3999999994,3422414.47950357,3.335243553008596
2024-09-29,3349868.7499999995,3405753.28950357,3.3190066857688634
2024-09-30,3393775.6499999994,3448876.36950357,3.3610315186246416
2024-10-01,3420907.6699999995,3448064.98853517,3.350525310410697
2024-10-02,3352630.6699999995,3438235.88853517,3.3409742120343835
2024-10-03,3443355.4499999993,3420543.50853517,3.3237822349570196
2024-10-07,3513132.8099999996,3477552.2885351703,3.379178605539637
2024-10-08,3418409.4899999993,3473620.6485351706,3.3753581661891117
2024-10-09,3456280.9199999995,3400885.3085351703,3.3046800382043933
2024-10-10,3453943.7299999995,3394004.93853517,3.297994269340974
2024-10-13,3353353.9399999995,3298662.6685351706,3.2053486150907355
2024-10-14,3393515.6899999995,3273107.00853517,3.1805157593123203
2024-10-15,3547327.4399999995,3341910.70853517,3.2473734479465137
2024-10-16,3597263.0899999994,3341910.70853517,3.2473734479465137
2024-10-17,3532485.3200000003,3336996.1585351704,3.2425978987583575
2024-10-20,3516025.29,3313406.31853517,3.219675262655205
2024-10-21,3635674.5399999996,3309474.6785351704,3.21585482330468
2024-10-22,3695464.09,3345842.3485351703,3.2511938872970387
2024-10-23,3680242.18,3357637.26853517,3.2626552053486146
2024-10-24,3687660.77,3355671.4485351704,3.260744985673352
2024-10-27,3659207.83,3368449.2785351705,3.2731614135625597
2024-10-28,3645257.639999999,3398919.48853517,3.3027698185291303
2024-10-29,3575820.7899999996,3394987.8485351703,3.2989493791786053
2024-10-30,3550873.84,3372380.9185351706,3.276981852913085
2024-10-31,3641862.1899999995,3351739.8085351703,3.256924546322827
2024-11-03,3664117.4299999992,3393226.22352715,3.2874880611270294
2024-11-04,3640573.6900000004,3408013.5235271505,3.3018147086914995
2024-11-05,3665612.9699999997,3392240.40352715,3.2865329512893977
2024-11-06,3727862.28,3408013.5235271505,3.3018147086914995
2024-11-07,3730152.21,3435616.4835271505,3.328557784145177
2024-11-10,3718974.76,3460261.9835271505,3.35243553008596
2024-11-11,3721116.94,3490822.40352715,3.3820439350525304
2024-11-12,3693492.1799999997,3498708.9635271505,3.3896848137535818
2024-11-13,3648011.8699999996,3476035.10352715,3.3677172874880608
2024-11-14,3669633.78,3490822.40352715,3.3820439350525304
2024-11-17,3675126.3199999994,3427729.9235271504,3.3209169054441263
2024-11-18,3633986.94,3388297.12352715,3.2827125119388727
2024-11-19,3600063.7399999993,3374495.64352715,3.269340974212034
2024-11-20,3572638.1499999994,3402098.60352715,3.296084049665711
2024-11-21,3576852.2299999995,3385339.6635271506,3.279847182425979
2024-11-24,3523357.1199999996,3389282.9435271504,3.2836676217765044
2024-11-25,3506830.229999999,3362665.8035271503,3.2578796561604584
2024-11-26,3528404.48,3348864.3235271503,3.2445081184336195
2024-11-27,3486686.919999999,3345906.86352715,3.2416427889207253
2024-11-28,3559796.52,3307459.88352715,3.204393505253104
2024-12-01,3682422.8,3375716.68594011,3.260744985673352
2024-12-02,3645342.94,3388570.8259401107,3.2731614135625597
2024-12-03,3611959.5499999993,3392525.9459401104,3.276981852913085
2024-12-04,3713962.3499999996,3402413.7459401097,3.2865329512893977
2024-12-05,3734640.9199999995,3426144.46594011,3.30945558739255
2024-12-08,3745507.03,3462729.3259401107,3.3447946513849094
2024-12-09,3701655.6699999995,3465695.66594011,3.3476599808978027
2024-12-10,3685065.2399999998,3443942.50594011,3.326647564469914
2024-12-11,3720774.2899999996,3400436.18594011,3.2846227316141356
2024-12-12,3725277.5499999993,3414279.1059401105,3.297994269340974
2024-12-15,3751947.2999999993,3413290.3259401107,3.297039159503343
2024-12-16,3731482.4699999997,3417245.4459401104,3.3008595988538683
2024-12-17,3797539.089999999,3412301.54594011,3.296084049665711
2024-12-18,3734805.1899999995,3397469.8459401103,3.2817574021012414
2024-12-19,3729107.7699999996,3387582.04594011,3.272206303724928
2024-12-22,3705801.07,3347042.0659401105,3.233046800382044
2024-12-23,3622064.4799999995,3371761.5659401105,3.256924546322827
2024-12-24,3625446.1799999992,3344075.72594011,3.23018147086915
2024-12-25,3600663.9299999997,3327266.46594011,3.2139446036294173
2024-12-26,3631384.9399999995,3332210.3659401103,3.218720152817574
2024-12-29,3632920.8000000003,3307490.8659401103,3.194842406876791
2024-12-30,3591744.339999999,3285737.7059401097,3.173829990448901
2024-12-31,3670616.8,3275849.9059401103,3.1642788920725886
2025-01-02,3734300.2999999993,3312545.96594411,3.1900668576886337
2025-01-05,3802324.1199999996,3347258.26594411,3.2234957020057307
2025-01-06,3786740.3000000003,3361143.18594411,3.236867239732569
2025-01-08,3714384.079999999,3307587.0659441105,3.1852913085004775
2025-01-09,3671628.7399999993,3316513.08594411,3.193887297039159
2025-01-12,3594458.429999999,3279817.22594411,3.1585482330468
2025-01-13,3478740.4099999997,3261965.18594411,3.1413562559694364
2025-01-14,3473738.1299999994,3180639.22594411,3.0630372492836675
2025-01-15,3511179.4699999993,3227252.8859441103,3.10792741165234
2025-01-16,3553552.9899999993,3273866.54594411,3.152817574021012
2025-01-19,3596527.3199999994,3297669.26594411,3.175740210124164
2025-01-20,3568902.3999999994,3311554.18594411,3.189111747851003
2025-01-21,3611347.11,3298661.04594411,3.1766953199617953
2025-01-22,3657558.6899999995,3302628.16594411,3.1805157593123203
2025-01-23,3693215.62,3296677.4859441104,3.174785100286533
2025-01-26,3709436.7399999998,3310562.4059441104,3.1881566380133717
2025-01-27,3683137.3499999996,3322463.76594411,3.199617956064947
2025-01-28,3730712.7399999998,3315521.3059441103,3.192932187201528
2025-01-29,3750559.2399999993,3287751.46594411,3.1661891117478507
2025-01-30,3751898.2999999993,3295685.7059441097,3.173829990448901
2025-02-02,3755607.4499999993,3359210.9958510604,3.2254059216809936
2025-02-03,3701257.41,3345284.77585106,3.2120343839541547
2025-02-04,3692432.67,3326384.9058510596,3.193887297039159
2025-02-05,3682212.7699999996,3316437.6058510602,3.1843361986628462
2025-02-06,3693605.7399999993,3324395.44585106,3.1919770773638967
2025-02-09,3719633.42,3355232.0758510595,3.2215854823304677
2025-02-10,3760104.63,3354237.34585106,3.2206303724928365
2025-02-11,3613353.3,3342300.58585106,3.2091690544412605
2025-02-12,3649192.8299999996,3305495.5758510595,3.173829990448901
2025-02-13,3656459.7599999993,3319421.7958510597,3.18720152817574
2025-02-16,3720588.7899999996,3427847.36585106,3.291308500477555
2025-02-17,3763035.94,3400989.6558510596,3.265520534861509
2025-02-18,3770548.5699999994,3392037.08585106,3.256924546322827
2025-02-19,3784116.4399999995,3427847.36585106,3.291308500477555
2025-02-20,3876203.04,3447741.9658510596,3.3104106972301808
2025-02-23,3910407.7399999998,3458683.9958510604,3.3209169054441263
2025-02-24,3912541.129999999,3462662.9158510603,3.3247373447946513
2025-02-25,3876603.8099999996,3452715.61585106,3.315186246418338
2025-02-26,3860997.8699999987,3421878.9858510597,3.2855778414517665
2025-02-27,3888914.8199999994,3419889.52585106,3.2836676217765044
2025-03-02,3921217.2199999997,3426851.53577001,3.28080229226361
2025-03-03,3918441.2699999996,3452789.65577001,3.3056351480420245
2025-03-04,3947335.7399999993,3467753.9557700097,3.319961795606494
2025-03-05,3941647.63,3442813.4557700097,3.296084049665711
2025-03-06,3935930.8399999994,3455782.51577001,3.3085004775549187
2025-03-09,3979887.89,3462765.85577001,3.315186246418338
2025-03-10,3957174.5,3490699.2157700104,3.341929321872015
2025-03-11,3946420.7099999995,3478727.77577001,3.330468003820439
2025-03-12,4019968.6799999997,3460770.61577001,3.313276026743075
2025-03-13,4080327.7199999997,3473739.67577001,3.3256924546322826
2025-03-16,4088904.5699999994,3472742.05577001,3.3247373447946513
2025-03-17,4060880.4299999997,3477730.15577001,3.3295128939828076
2025-03-18,4083765.4499999993,3517634.9557700097,3.3677172874880608
2025-03-19,4096931.92,3534594.49577001,3.3839541547277934
2025-03-20,4110234.4799999995,3506661.13577001,3.357211079274116
2025-03-23,4125054.869999999,3542575.4557700097,3.391595033428844
2025-03-24,4097235.05,3577492.15577001,3.4250238777459403
2025-03-25,4105431.1799999992,3585473.11577001,3.4326647564469908
2025-03-26,4082694.169999999,3552551.65577001,3.4011461318051572
2025-03-27,4131877.01,3550556.4157700106,3.399235912129895
2025-04-03,4203379.889999999,3591457.67528981,3.4288443170964658
2025-04-06,4001797.7599999993,3447400.07528981,3.291308500477555
2025-04-07,4041008.03,3435395.2752898107,3.279847182425979
2025-04-08,4074919.4399999995,3415387.2752898103,3.260744985673352
2025-04-09,3918973.459999999,3464406.8752898104,3.3075453677172875
2025-04-10,4057475.319999999,3402382.07528981,3.248328557784145
2025-04-13,4112346.4699999997,3482414.0752898105,3.3247373447946513
2025-04-14,4177560.6599999997,3522430.07528981,3.3629417382999045
2025-04-15,4190140.5599999996,3522430.07528981,3.3629417382999045
2025-04-16,4134494.5499999993,3532434.0752898105,3.372492836676218
2025-04-17,4121124.3299999996,3515427.2752898103,3.356255969436485
2025-04-22,4116819.0199999996,3518428.4752898104,3.359121298949379
2025-04-23,4192561.3199999994,3500421.2752898103,3.341929321872015
2025-04-27,4239960.39,3588456.47528981,3.4259789875835716
2025-04-28,4297921.39,3617468.0752898096,3.45367717287488
2025-04-29,4266869.399999999,3640477.2752898103,3.475644699140401
2025-04-30,4248906.619999999,3643478.4752898104,3.4785100286532953
2025-05-04,4288280.659999999,3702579.61041985,3.5253104106972297
2025-05-05,4287992.02,3712610.91041985,3.534861509073543
2025-05-06,4294947.74,3678504.49041985,3.5023877745940784
2025-05-07,4241782.9799999995,3686529.5304198503,3.510028653295129
2025-05-08,4267549.26,3636373.0304198503,3.4622731614135622
2025-05-11,4208084.859999999,3628347.99041985,3.4546322827125118
2025-05-12,4234746.499999999,3589225.9204198504,3.41738299904489
2025-05-13,4287407.35,3649413.7204198507,3.47468958930277
2025-05-14,4324409.289999999,3618316.6904198504,3.4450811843361984
2025-05-15,4317601.049999999,3633363.64041985,3.4594078319006685
2025-05-18,4317601.049999999,3645401.2004198506,3.470869149952245
2025-05-19,4274286.849999999,3618316.6904198504,3.4450811843361984
2025-05-20,4377622.72,3616310.43041985,3.4431709646609354
2025-05-21,4409000.54,3608285.39041985,3.435530085959885
2025-05-22,4422673.35,3530041.25041985,3.3610315186246416
2025-05-25,4444610.819999999,3645401.2004198506,3.470869149952245
2025-05-26,4414715.999999999,3649413.7204198507,3.47468958930277
2025-05-27,4483094.55,3638379.2904198505,3.464183381088825
2025-05-28,4505287.68,3696560.8304198505,3.519579751671442
2025-05-29,4505287.68,3708598.39041985,3.5310410697230177
2025-06-01,4556821.069999999,3740789.19845105,3.552053486150907
2025-06-02,4556821.069999999,3717654.6484510503,3.530085959885387
2025-06-03,4556821.069999999,3698543.4984510504,3.5119388729703918
2025-06-04,4556821.069999999,3702566.8984510503,3.5157593123209168
2025-06-10,4556821.069999999,3737771.64845105,3.549188156638013
2025-06-11,4556821.069999999,3761912.04845105,3.572110792741165
2025-06-12,4556821.069999999,3764929.59845105,3.574976122254059
2025-06-15,4556821.069999999,3572812.2484510504,3.3925501432664755
2025-06-16,4556821.069999999,3550683.5484510497,3.3715377268385858
2025-06-17,4556821.069999999,3522519.7484510504,3.3447946513849094
2025-06-18,4556821.069999999,3516484.6484510503,3.339063992359121
2025-06-19,4556821.069999999,3480274.04845105,3.3046800382043933
2025-06-22,4556821.069999999,3505420.29845105,3.328557784145177
2025-06-23,4556821.069999999,3544648.4484510506,3.3658070678127983
2025-06-24,4556821.069999999,3599970.19845105,3.418338108882521
2025-06-25,4556821.069999999,3728718.9984510504,3.540592168099331
2025-06-29,4556821.069999999,3706590.29845105,3.519579751671442
2025-06-30,4556821.069999999,3795105.09845105,3.6036294173829986
2025-07-01,4543070.0,3767773.56221055,3.5682903533906396
2025-07-02,4653930.499999999,3752646.06221055,3.55396370582617
2025-07-06,4707221.14,3764748.06221055,3.5654250238777454
2025-07-07,4705323.67,3774833.06221055,3.574976122254059
2025-07-09,4722197.319999999,3789960.56221055,3.589302769818529
2025-07-10,4709982.359999999,3803071.06221055,3.601719197707736
2025-07-13,4716933.0,3817190.06221055,3.615090735434575
2025-07-14,4759639.17,3791977.56221055,3.591212989493792
2025-07-15,4716496.26,3866606.5622105505,3.6618911174785103
2025-07-16,4702827.45,3889802.06221055,3.6838586437440304
2025-07-17,4711174.31,3838368.56221055,3.635148042024833
2025-07-20,4871208.409999999,3877700.0622105505,3.6723973256924545
2025-07-21,4816177.95,3959388.56221055,3.7497612225405916
2025-07-22,4832223.6,3910980.56221055,3.7039159503342884
2025-07-23,4932906.42,3876691.56221055,3.6714422158548228
2025-07-27,4963463.469999999,3909972.0622105505,3.702960840496657
2025-07-28,4886228.449999999,3902912.5622105505,3.696275071633238
2025-07-29,4914449.04,3907955.06221055,3.7010506208213942
2025-07-30,4916209.909999999,3904929.56221055,3.6981852913085
2025-07-31,5044483.299999999,3880725.5622105496,3.6752626552053482
2025-08-03,5036345.81,3926973.331434231,3.7096466093600764
2025-08-04,5034078.84,3933039.69143423,3.715377268385864
2025-08-05,5033865.67,4025046.1514342306,3.8022922636103154
2025-08-06,5018878.429999999,4043245.2314342307,3.819484240687679
2025-08-07,5035980.749999999,4069532.7914342303,3.8443170964660935
2025-08-10,5083874.159999999,4111997.3114342303,3.884431709646609
2025-08-11,5081038.199999999,4143340.17143423,3.91404011461318
2025-08-12,5090520.32,4120085.7914342303,3.8920725883476597
2025-08-13,5067460.619999999,4130196.3914342304,3.901623686723973
2025-08-14,5090334.9399999995,4079643.3914342304,3.853868194842407
2025-08-17,5132739.6,4081665.51143423,3.855778414517669
2025-08-18,5266318.2299999995,4126152.1514342306,3.897803247373448
2025-08-19,5325842.58,4108964.13143423,3.881566380133715
2025-08-20,5237318.81,4140306.9914342305,3.9111747851002865
2025-08-21,5187288.869999999,4098853.53143423,3.8720152817574016
2025-08-24,5225584.989999999,4085709.75143423,3.8595988538681945
2025-08-25,5185136.6899999995,4147384.4114342304,3.9178605539637057
2025-08-26,5100823.859999999,4106942.01143423,3.879656160458452
2025-08-27,5102917.67,4099864.59143423,3.872970391595033
2025-08-28,5141652.26,4091776.11143423,3.8653295128939824
2025-08-31,5017332.3,4088742.93143423,3.862464183381088
2025-09-01,5042717.37,4058211.41623013,3.8242597898758355
2025-09-02,5032948.579999999,4040981.40623013,3.808022922636103
2025-09-03,4954122.68,4040981.40623013,3.808022922636103
2025-09-07,4928802.289999999,3978142.54623013,3.748806112702961
2025-09-08,4963386.989999999,3959899.00623013,3.731614135625597
2025-09-09,4978655.419999999,3976115.4862301294,3.746895893027698
2025-09-10,4980390.38,3951790.76623013,3.7239732569245465
2025-09-11,5052431.209999999,3984223.72623013,3.754536771728749
2025-09-14,5138546.529999999,4014629.62623013,3.7831900668576885
2025-09-15,5108419.709999999,4033886.69623013,3.801337153772683
2025-09-16,5021642.989999999,4039967.87623013,3.8070678127984716
2025-09-17,5005150.449999999,4002467.26623013,3.7717287488061126
2025-09-18,5035444.219999999,4017670.21623013,3.7860553963705823
2025-09-21,5037153.609999999,4066319.65623013,3.831900668576886
2025-09-22,5038574.58,4049089.64623013,3.8156638013371538
2025-09-23,5023059.02,4045035.5262301294,3.811843361986628
2025-09-24,5057789.6,4120036.7462301296,3.8825214899713463
2025-09-25,5050966.74,4129158.51623013,3.8911174785100284
2025-09-28,5131968.649999999,4097739.08623013,3.8615090735434574
2025-09-29,5189861.789999999,4100779.67623013,3.864374403056351
2025-09-30,5198175.129999999,4178821.4862301294,3.9379178605539633
2025-10-01,5210635.89,4218225.11736859,3.9656160458452723
2025-10-02,5279192.659999999,4230416.5173685895,3.9770773638968477
2025-10-05,5320585.819999999,4222288.91736859,3.9694364851957973
2025-10-06,5318143.6899999995,4277150.21736859,4.021012416427889
2025-10-07,5322135.069999999,4283245.917368589,4.026743075453677
2025-10-08,5366130.679999999,4276134.26736859,4.020057306590258
2025-10-09,5366130.679999999,4276134.26736859,4.020057306590258
2025-10-12,5504809.1,4286293.7673685895,4.029608404966571
2025-10-13,5435332.369999999,4266990.71736859,4.011461318051576
2025-10-14,5395894.709999999,4306612.7673685895,4.048710601719198
2025-10-15,5415506.13,4314740.367368589,4.056351480420248
2025-10-16,5415506.13,4336075.317368589,4.076408787010506
2025-10-19,5415506.13,4358426.21736859,4.097421203438395
2025-10-20,5461528.299999999,4365537.867368589,4.104106972301814
2025-10-21,5451304.719999999,4372649.5173685895,4.110792741165234
2025-10-22,5459490.54,4341155.067368589,4.081184336198662
2025-10-23,5459490.54,4340139.117368589,4.080229226361031
2025-10-26,5535442.539999999,4377729.26736859,4.115568290353391
2025-10-27,5545351.419999999,4400080.16736859,4.13658070678128
2025-10-28,5553617.76,4404143.96736859,4.140401146131805
2025-10-29,5567658.18,4338107.21736859,4.078319006685769
2025-10-30,5553731.789999999,4413287.5173685895,4.148997134670487
2025-11-02,5525433.630000001,4428249.27415329,4.1537726838586435
2025-11-03,5585755.819999999,4406866.65415329,4.133715377268386
2025-11-04,5606065.89,4468978.07415329,4.191977077363896
2025-11-05,5563445.25,4562654.31415329,4.2798471824259785
2025-11-06,5603563.390000001,4563672.53415329,4.28080229226361
2025-11-09,5737817.09,4701132.23415329,4.409742120343839
2025-11-10,5727014.42,4668549.19415329,4.379178605539637
2025-11-11,5733795.88,4706223.33415329,4.414517669531996
2025-11-12,5903104.709999999,4656330.55415329,4.367717287488061
2025-11-13,6008193.35,4651239.45415329,4.362941738299904
2025-11-16,6130832.590000001,4697059.35415329,4.405921680993314
2025-11-17,6067424.470000001,4806008.89415329,4.508118433619866
2025-11-18,5988063.37,4746952.13415329,4.452722063037249
2025-11-19,6021167.649999999,4690950.03415329,4.400191021967526
2025-11-20,6069874.39,4682804.27415329,4.392550143266476
2025-11-23,6121047.740000001,4735751.71415329,4.442215854823305
2025-11-24,6036603.510000001,4687895.37415329,4.397325692454632
2025-11-25,6036603.510000001,4673640.29415329,4.383954154727793
2025-11-26,5845218.319999999,4673640.29415329,4.383954154727793
2025-11-27,5969196.89,4638002.59415329,4.3505253104106965
2025-11-30,6061346.43,4701132.23415329,4.409742120343839
2025-12-01,6129313.55,4720284.21617409,4.418338108882521
2025-12-02,6129313.55,4710080.4161740905,4.408787010506208
2025-12-03,6131920.47,4769262.4561740905,4.464183381088825
2025-12-04,6131920.47,4814159.17617409,4.506208213944603
2025-12-07,6133320.680000001,4850892.85617409,4.540592168099331
2025-12-08,6133320.680000001,4818240.696174091,4.510028653295128
2025-12-09,6154742.75,4841709.436174091,4.531996179560649
2025-12-10,6183443.079999999,4845790.9561740905,4.535816618911174
2025-12-11,6166263.04,4875381.97617409,4.563514804202483
2025-12-14,6119446.260000001,4909054.51617409,4.595033428844316
2025-12-15,6128441.33,4924360.21617409,4.6093600764087865
2025-12-16,6081721.619999999,4904972.996174091,4.591212989493791
2025-12-17,6073369.9,4846811.33617409,4.536771728748806
2025-12-18,6036724.100000001,4839668.67617409,4.530085959885387
2025-12-21,6086499.120000001,4745793.71617409,4.442215854823305
2025-12-22,6096160.0,4813138.79617409,4.5052531041069726
2025-12-23,6131537.260000001,4790690.436174091,4.484240687679083
2025-12-24,6116608.24,4809057.276174091,4.501432664756447
2025-12-25,6098805.399999999,4812118.4161740905,4.50429799426934
2025-12-28,6215056.710000001,4811098.036174091,4.503342884431709
2025-12-29,6267993.340000001,4832526.01617409,4.523400191021967
2025-12-30,6273784.69,4836607.536174091,4.527220630372493
2025-12-31,6395568.9,4864157.79617409,4.553008595988539
2026-01-04,6382661.51,4819874.78623809,4.502387774594078
2026-01-05,6382661.51,4761595.136238091,4.447946513849092
2026-01-06,6489509.15,4803515.58623809,4.4871060171919765
2026-01-08,6459546.9399999995,4837256.4362380905,4.518624641833811
2026-01-11,6596736.81,4897580.98623809,4.574976122254059
2026-01-12,6541207.069999999,4968130.036238091,4.640878701050621
2026-01-13,6451964.410000001,5076509.73623809,4.742120343839541
2026-01-14,6378482.66,4982444.33623809,4.6542502387774585
2026-01-15,6319404.550000001,5048903.586238091,4.716332378223496
2026-01-18,6467496.670000001,5126609.78623809,4.788920725883476
2026-01-19,6681851.699999999,5192046.586238091,4.8500477554918815
2026-01-20,6845857.440000001,5354616.13623809,5.0019102196752625
2026-01-21,6844724.039999999,5286111.98623809,4.937917860553964
2026-01-22,6843862.169999999,5429254.98623809,5.07163323782235
2026-01-25,6878311.930000001,5486512.18623809,5.125119388729703
2026-01-26,6974423.250000001,5523320.386238091,5.159503342884432
2026-01-27,6992718.34,5710428.73623809,5.334288443170965
2026-01-28,6883170.45,5534567.336238091,5.170009551098376
2026-02-01,6914461.23,5531018.78203241,5.1575931232091685
2026-02-02,6873726.08,5496193.942032409,5.125119388729703
2026-02-03,7058543.6899999995,5717434.10203241,5.3314231136580705
2026-02-04,7108706.99,5767622.84203241,5.378223495702006
2026-02-05,7038483.360000001,5763525.80203241,5.37440305635148
2026-02-08,7065000.860000001,5842393.82203241,5.447946513849092
2026-02-09,7151551.529999999,5884388.48203241,5.487106017191977
2026-02-10,7156593.640000001,5904873.682032409,5.506208213944603
2026-02-11,7065933.14,5824981.40203241,5.4317096466093595
2026-02-12,7071785.32,5874145.88203241,5.477554918815664
2026-02-15,7431212.56,5968377.80203241,5.565425023877746
2026-02-16,7260926.210000001,6064658.24203241,5.65520534861509
2026-02-17,7321628.220000001,5945844.0820324095,5.544412607449856
2026-02-18,7540785.840000002,6073876.5820324095,5.663801337153772
2026-02-19,7336610.53,5900776.64203241,5.502387774594078
2026-02-22,7179888.67,5793229.34203241,5.4021012416427885
2026-02-23,7374639.720000001,5838296.78203241,5.444126074498567
2026-02-24,7355460.690000001,5876194.40203241,5.479465138490926
2026-02-25,7158013.78,5608862.542032409,5.23018147086915
2026-02-26,7236412.990000001,5693876.12203241,5.30945558739255
2026-03-01,7126577.050000001,5582001.04005961,5.195797516714422
2026-03-02,7134660.01,5554296.34005961,5.170009551098376
2026-03-03,7191913.760000001,5455790.74005961,5.078319006685769
2026-03-04,7155712.8500000015,5436294.84005961,5.060171919770773
2026-03-05,7138710.470000001,5547113.640059611,5.163323782234957
2026-03-08,7227673.33,5456816.84005961,5.0792741165234
2026-03-09,7179674.680000001,5418851.140059611,5.043935052531041
2026-03-10,7281981.220000001,5556348.54005961,5.171919770773639
2026-03-11,7360632.710000001,5551218.04005961,5.167144221585482
2026-03-12,7287450.430000001,5495808.640059611,5.115568290353391
2026-03-15,7146462.42,5391146.440059611,5.018147086914995
2026-03-16,7064260.46,5256727.34005961,4.893027698185291
2026-03-17,7172411.460000001,5353180.74005961,4.982808022922636
2026-03-18,7294035.920000001,5474260.54005961,5.095510983763132
2026-03-24,7345023.470000001,5478364.940059611,5.099331423113658
2026-03-25,7286512.450000001,5520435.04005961,5.138490926456542
2026-03-26,7244104.840000001,5485547.64005961,5.106017191977077
2026-03-29,7136909.850000001,5379859.34005961,5.00764087870105
2026-03-30,6980988.700000001,5283405.940059611,4.917860553963706
2026-03-31,6988349.21,5299823.54005961,4.933142311365807
2026-04-01,7057697.930000001,5394077.72069686,5.011461318051576
2026-04-02,7098247.120000001,5422862.56069686,5.038204393505253
2026-04-05,7211704.2299999995,5488656.48069686,5.099331423113658
