family,number,value,param_kama_len,param_kama_fast,param_kama_slow,param_cci_len,param_cci_threshold,param_allocation_ladder,param_atr_len,param_atr_stop,param_atr_trail,wf_score,wf_cagr,wf_sharpe,wf_profit_factor,wf_max_drawdown,wf_return_dd,wf_closed_trades,wf_twr_total_return,wf_excess_return_vs_dca,wf_final_equity,holdout_score,holdout_cagr,holdout_sharpe,holdout_profit_factor,holdout_max_drawdown,holdout_return_dd,holdout_closed_trades,holdout_twr_total_return,holdout_excess_return_vs_dca,holdout_dca_twr_total_return,holdout_final_equity
kama_cci_atr_allocation,0,-0.36497737166347277,21,5,50,28,15.0,100_60_20,21,3.9000000000000004,0.5,1.827299446180156,0.3865932583450949,1.3393607043336542,2.805674408610031,0.22531970412011437,2.8898724400124824,62.0,0.3847456906234471,-0.27723448435408826,305946.35180526035,0.8569383280765221,0.1374055265762837,0.8812324194754155,1.8599630506698785,0.1208556612713989,1.1369390985145467,35.0,0.19702703409731703,-0.36497737166347277,0.5620044057607898,345726.0290222709
kama_cci_atr_allocation,1,-0.2448577793803315,40,5,28,15,15.0,100_25_0,13,3.5,1.0,2.8416618582404247,0.5640790930930973,1.8464940642754097,36.79051032559832,0.1985599534861835,5.633914426352301,29.0,0.5612173082831181,-0.10076286669441725,332408.61290480284,1.6694969212752446,0.21799963133933908,1.3936955978626224,3.2018919683557563,0.0907344457132152,2.4026115950316327,16.0,0.3171466263804583,-0.2448577793803315,0.5620044057607898,366341.5803505104
kama_cci_atr_allocation,2,-0.25437334317039073,19,3,38,34,20.0,100_25_0,21,1.6,0.7,3.2542956712391113,0.5480060976627759,1.7324781773970461,4.523930639407736,0.165832304468567,6.052786848263294,64.0,0.5452687970081392,-0.11671137796939612,329066.24928448536,1.898782636077699,0.21169365614814373,1.3326699209163957,3.1263703796757074,0.06980684562264061,3.032562985190734,27.0,0.3076310625903991,-0.25437334317039073,0.5620044057607898,370589.9997479704
kama_cci_atr_allocation,3,-0.20683271935593162,39,5,53,19,10.0,100_50_0,18,1.1,3.7,2.947544492277421,0.5409085471468099,1.8026592875202367,13.60559693201248,0.23752282307195138,4.824745560687402,41.0,0.5382302340742788,-0.12374994090325658,329811.7271669477,1.8228188944141999,0.24307099543909438,1.441650343687465,4.576160815966143,0.1089740222233615,2.2305407332848324,12.0,0.3551716864048582,-0.20683271935593162,0.5620044057607898,375305.36564225017
kama_cci_atr_allocation,4,-0.3092544778996895,18,4,32,26,55.0,100_25_0,29,4.6,2.6,2.853835422558416,0.5268183866970029,1.8874380676970344,11.771346266555938,0.18830387160346862,5.295794187060713,25.0,0.524235507281723,-0.1377446676958124,328736.66772209265,1.2630887110303333,0.17506530617517013,1.195857515503061,3.440524226081842,0.12426029343861644,1.4088595908688317,14.0,0.2527499278611003,-0.3092544778996895,0.5620044057607898,358211.4003140503
kama_cci_atr_allocation,5,-0.28035721092725274,38,2,28,11,30.0,100_60_20,15,2.1,2.4000000000000004,2.819734242876949,0.5878266309712814,2.034168881923055,1.1115974652323488,0.17238444276003306,5.595029302656261,5.0,0.5849026104463153,-0.07707756453122011,340105.8944022128,1.8706574706169146,0.19440728236827498,1.2879734143990522,8.466095660498814,0.08483698347039115,2.291539307690317,6.0,0.28164719483353706,-0.28035721092725274,0.5620044057607898,360372.39605368034
kama_cci_atr_allocation,6,-0.27075687210805777,14,5,23,40,80.0,100_60_20,23,3.9000000000000004,3.2,2.848867740296951,0.5742946126003212,2.0118607686066947,1.25,0.19218145764781236,5.793036783050608,1.0,0.5714331121564922,-0.09054706282104319,337124.6479056802,0.8863245357198752,0.2008056254986479,1.3005838392598137,0.0,0.11844292551234781,1.6953788048549483,2.0,0.29124753365273204,-0.27075687210805777,0.5620044057607898,361456.12232722016
kama_cci_atr_allocation,7,-0.27586241312802073,12,3,24,36,65.0,100_50_0,14,3.9000000000000004,2.7,3.8985837042855045,0.6089568791103424,2.1085645218266107,22.09787946295721,0.15931270828417565,6.790287616166593,37.0,0.6059062122056085,-0.05607396277192689,339927.8757791402,1.8574822519558671,0.19740462168417805,1.2884229647143342,4.600000900839249,0.08205328929565392,2.40580997274699,15.0,0.28614199263276907,-0.27586241312802073,0.5620044057607898,363122.54718305013
kama_cci_atr_allocation,8,-0.4285082400708218,37,3,24,32,75.0,100_25_0,19,2.7,0.5,2.0992533734133922,0.3822486815002689,1.4407820527949786,5.957049067368907,0.1944901711798267,3.306644017539254,72.0,0.3804150357023883,-0.28156513927514704,301908.6803742704,0.6100501948000356,0.09385514120749017,0.7200281743564183,1.6757018969645554,0.1366306034807786,0.6869261996686844,38.0,0.13349616568996803,-0.4285082400708218,0.5620044057607898,332943.4054385007
kama_cci_atr_allocation,9,-0.32565375884358905,13,2,46,19,50.0,100_50_0,25,1.9,0.7,3.631175379541985,0.6078328676388054,1.9442028030119085,11.105168440580066,0.20858734637438348,7.59785739661494,70.0,0.6047007743399764,-0.057279400637558986,336837.8594083479,1.0887180864082922,0.16403235601291044,1.1255789162370746,2.458190341610807,0.11909885745334114,1.3772790060322173,31.0,0.23635064691720076,-0.32565375884358905,0.5620044057607898,359547.39770854055
kama_cci_atr_allocation,10,-0.25491833632471805,30,4,59,20,0.0,100_50_0,7,1.0,3.9000000000000004,3.061830873020153,0.560964518946202,1.7807074626044228,10.020450849018772,0.24137572069065083,5.055142856468143,45.0,0.5581820394297174,-0.10379813554781786,333719.06532488775,1.3875800914005885,0.21133209459386326,1.2798675168309166,3.136778142099292,0.11934463453092403,1.7707716431868905,15.0,0.30708606943607175,-0.25491833632471805,0.5620044057607898,365134.8641664303
kama_cci_atr_allocation,11,-0.2874608933782046,31,5,58,12,0.0,100_25_0,12,3.0,1.5,3.2023049326740205,0.6942146831009508,2.0904490294583598,24.761748824230775,0.2033741378918169,6.962860970738096,24.0,0.6905997991937574,0.02861962421622194,353123.8769980279,1.6296277421656469,0.18966412025553803,1.1985854458902123,6.620255433402731,0.10984622837944413,1.7266329764220696,7.0,0.27454351238258523,-0.2874608933782046,0.5620044057607898,355374.1982250905
kama_cci_atr_allocation,12,-0.3543304603979234,39,4,37,18,100.0,100_50_0,9,2.6,1.6,2.1394161663667455,0.39861337671314323,1.658988164931671,4.218251316451235,0.2255567990195051,3.928010689381444,18.0,0.3967313645050144,-0.26524881047252097,307285.75885664264,1.270224469497486,0.14463898393921393,1.0852998287504843,3.5202894453445874,0.09874799446035043,1.4647283190879363,9.0,0.20767394536286643,-0.3543304603979234,0.5620044057607898,341418.8081512804
kama_cci_atr_allocation,13,-0.27903668136393067,32,5,47,16,35.0,100_25_0,16,3.5,4.0,3.053253086980162,0.6149333791786962,1.9958728752467438,22.423527294693574,0.19108869688667307,5.85883216961799,21.0,0.6117938077726743,-0.050186367204860916,340294.2711866577,0.9516162188427313,0.19528818198155462,1.301480528693079,0.0,0.10481892388942748,1.863100428197129,2.0,0.28296772439685913,-0.27903668136393067,0.5620044057607898,364923.7346330303
kama_cci_atr_allocation,14,-0.18274977659728386,26,5,53,22,15.0,100_50_0,11,4.800000000000001,1.6,2.8427946473419503,0.5868495482369838,1.849757602432647,9.597231706103573,0.27674197942148937,5.5445601068857915,26.0,0.5838988794552797,-0.07808129552225562,338601.8936131602,1.9979137915821241,0.2588463685997906,1.517629490387538,6.0088171883871695,0.10492618873505388,2.466937679909409,6.0,0.37925462916350594,-0.18274977659728386,0.5620044057607898,380945.5281935602
kama_cci_atr_allocation,15,-0.2669379394022482,26,4,52,22,35.0,100_50_0,10,5.0,1.6,2.7144815925755608,0.5221424232795822,1.7917846037133212,5.252452968160743,0.24190876092803837,5.272815792067472,22.0,0.5195626061295525,-0.14241756884798284,327556.3394090477,1.5184988048198287,0.20334707119213102,1.2530036714743014,4.100274957821335,0.11594467421065047,1.7538284753182043,9.0,0.2950664663585416,-0.2669379394022482,0.5620044057607898,362967.7988538202
kama_cci_atr_allocation,16,-0.1953345458375595,34,5,54,23,10.0,100_50_0,17,1.1,3.2,2.9437953209513714,0.5737083387301869,1.795787868798325,19.676713300233505,0.24663308092058422,4.779318253174306,42.0,0.5708245291865333,-0.09115564579100205,336014.92511005525,1.9298566850270302,0.25061264785825554,1.4770704471254816,4.472775757509853,0.09956891854485173,2.516976698359587,11.0,0.3666698599232303,-0.1953345458375595,0.5620044057607898,380870.4675043203
kama_cci_atr_allocation,17,-0.2972487137602826,24,4,42,24,25.0,100_50_0,11,4.6,3.2,2.88303603744574,0.5407601630648597,1.8312136977291118,6.766330617198227,0.24308869360697438,5.407703212725875,20.0,0.5380870810786924,-0.1238930938988429,332496.2311126951,1.1617463909815926,0.1831164226721893,1.1418775329065052,3.009544898840256,0.13764669177882638,1.3303365326529217,9.0,0.2647556920005072,-0.2972487137602826,0.5620044057607898,354435.4271560303
kama_cci_atr_allocation,18,-0.15236246299568967,34,5,56,28,5.0,100_50_0,7,2.2,2.0,3.245795515375612,0.7033586614105203,2.071060430958889,2.6621226174305392,0.18586893421416417,5.994284460958299,21.0,0.6997369653787808,0.03775679040124558,357988.1403470277,2.280588888154077,0.27864020185141847,1.5975846548728019,11.912210217861421,0.0891321070562131,3.126148489631104,9.0,0.40964194276510013,-0.15236246299568967,0.5620044057607898,388877.75273061026
kama_cci_atr_allocation,19,-0.22536257725408881,27,4,56,29,40.0,100_50_0,7,2.2,2.0,2.687601366741525,0.5405735877376432,1.8318378594121412,5.462822709680054,0.20119056235696176,5.003072093429732,22.0,0.5379113651226943,-0.12406880985484098,332069.0502102177,1.8053184725416989,0.23087887522267558,1.4070244261216376,4.083113170486293,0.09638443728224211,2.395395789328458,11.0,0.336641828506701,-0.22536257725408881,0.5620044057607898,373337.8890222402
kama_cci_atr_allocation,20,-0.09758943085830252,35,5,60,29,0.0,100_50_0,9,2.6,2.0,2.926681786800166,0.6522714549208084,1.9782445539586901,2.177471224655436,0.23673152693365473,5.435429011019102,19.0,0.6489654211399771,-0.01301475383755829,351106.0280063752,2.4749731926466376,0.31401547258456564,1.7516637429989732,19.599359897465266,0.08913427341044566,3.5229486994142714,7.0,0.4644149749024873,-0.09758943085830252,0.5620044057607898,398199.1011223104
kama_cci_atr_allocation,21,-0.10129437488326487,35,5,57,31,0.0,100_50_0,9,2.5,2.1,3.1946337529957662,0.6942612813902858,2.0391248941935083,3.4123162281984563,0.18916892139482722,5.808187578237867,19.0,0.6907015356612016,0.02872136068366632,357305.2953784402,2.4524574653345175,0.31163462244096807,1.739022794255127,17.92957107775989,0.08971733158398632,3.4735163979909527,6.0,0.46071003087752493,-0.10129437488326487,0.5620044057607898,398062.01531843015
kama_cci_atr_allocation,22,-0.11938846777989864,35,5,60,31,0.0,100_50_0,8,2.5,2.0,3.035333243669849,0.6435690732054071,1.958822371524383,2.9872092667210506,0.18916892139482722,5.512224588008444,20.0,0.6403203612305436,-0.021659813746991774,349149.3746011327,2.388501243158059,0.2999823369825836,1.685969981298368,13.762609387552764,0.08971111582404045,3.3438703133619416,8.0,0.44261593798089116,-0.11938846777989864,0.5620044057607898,395561.2252992003
kama_cci_atr_allocation,23,-0.10548981272350844,35,5,60,31,0.0,100_50_0,9,2.7,2.0,2.8639597728400834,0.6340511245665292,1.935145803947681,2.185051830978238,0.23672361950148046,5.30558029277786,19.0,0.630858030744993,-0.031122144232542337,348060.6125294877,2.437592016217177,0.30893650161136743,1.7262855442623055,17.772909260539823,0.08971513419649524,3.4435271638197715,7.0,0.45651459303728137,-0.10548981272350844,0.5620044057607898,397038.43591937027
kama_cci_atr_allocation,24,-0.23428624292737998,29,4,48,37,0.0,100_50_0,10,3.0,1.2000000000000002,2.8454084895306693,0.5350712137038474,1.7064382526107247,6.293015903732148,0.26022400269969004,4.626235378896012,37.0,0.5324462841166342,-0.12953389086090122,331762.35584078764,1.4809592767212476,0.2249902451198249,1.3259976353745788,2.9148166976420757,0.10931571568421394,2.058169255093806,15.0,0.3277181628334098,-0.23428624292737998,0.5620044057607898,369390.3658586603
kama_cci_atr_allocation,25,-0.1565892943245497,36,5,60,32,25.0,100_60_20,14,3.0,2.2,2.578944359971723,0.6575527600482206,2.062012312903449,0.7238503507472608,0.24065711093340403,5.075826394192419,3.0,0.6542186823525791,-0.00776149262495629,352815.18416528014,2.192216710525658,0.27589422095205784,1.5651766975234032,10.539965473203308,0.09449077066139511,2.9198007278479783,7.0,0.4054151114362401,-0.1565892943245497,0.5620044057607898,388781.2235854802
kama_cci_atr_allocation,26,-0.2329564681653069,33,4,56,26,10.0,100_50_0,9,1.6,2.9000000000000004,3.0627276958483596,0.5515700464338893,1.8298929250140006,17.549901138673402,0.2618913350795179,5.545619484859266,20.0,0.5488341495925625,-0.11314602538497287,335672.21115019516,1.707828709267941,0.22586846028932062,1.3382706906027326,5.1030408597359305,0.1228864905114675,1.8380251510904941,8.0,0.3290479375954829,-0.2329564681653069,0.5620044057607898,368521.11806655
kama_cci_atr_allocation,27,-0.14374467470370522,29,5,45,35,20.0,100_50_0,12,2.8,2.3,2.793084431781604,0.6082208548980437,1.9350922732922367,10.194802511769293,0.21190019831173357,4.9958279949355235,20.0,0.6051764507085827,-0.05680372426895264,344099.3871502327,2.31121623730852,0.284231555007737,1.620912248517931,11.292249437964971,0.08912821300233942,3.189018891249133,7.0,0.4182597310570846,-0.14374467470370522,0.5620044057607898,391342.97594520997
kama_cci_atr_allocation,28,-0.28595148518608493,36,3,51,30,45.0,100_50_0,9,3.3000000000000003,1.8,3.235634228220082,0.573702141983681,1.9472660564691853,6.625834476000727,0.23027562930003465,6.5195323744523455,25.0,0.5708523766831097,-0.09112779829442563,336885.7879725677,1.4959521990361242,0.19067258623189898,1.2045492421412922,4.055949289285367,0.10937168053249657,1.7433451264858844,17.0,0.2760529205747049,-0.28595148518608493,0.5620044057607898,361975.8934877003
kama_cci_atr_allocation,29,-0.17279919359303708,22,5,56,28,10.0,100_60_20,13,2.4000000000000004,1.3,2.606312103889562,0.591378895957947,1.8322573530942872,3.255598817567325,0.2858776794316299,4.450180438887151,20.0,0.5883967744353038,-0.07358340054223161,340657.8034793652,2.0054904172321457,0.2653415423029446,1.5108664427490364,5.194860137677833,0.10687705455886964,2.482680154296263,12.0,0.3892052121677527,-0.17279919359303708,0.5620044057607898,383026.6717807803
kama_cci_atr_allocation,30,-0.20076934724991724,28,5,49,40,95.0,100_50_0,20,1.6,2.5,2.8725405355179667,0.5495272450136514,1.9115957143851445,4.799763102998143,0.22741884348162755,5.4770932122636555,28.0,0.5468055537811484,-0.115174621196387,332348.7982846153,1.4433541597306245,0.24705021715627895,1.5672217493923828,0.0,0.0838212905013096,2.9473444715387567,5.0,0.36123505851087256,-0.20076934724991724,0.5620044057607898,379330.88304350025
kama_cci_atr_allocation,31,-0.12650857477749167,35,5,60,32,0.0,100_50_0,8,2.4000000000000004,2.0,3.128656858028732,0.6608470006722555,1.9979135616463053,2.9483506936604034,0.18916892139482722,5.717942341492616,20.0,0.6574928507661123,-0.004487324211423005,351933.9731656902,2.363208640779723,0.2953857431193849,1.6650189020416535,13.57763802745549,0.08971271787185386,3.292573785818367,8.0,0.43549583098329814,-0.12650857477749167,0.5620044057607898,393998.3134935504
kama_cci_atr_allocation,32,-0.09980488892978756,32,5,58,30,5.0,100_50_0,10,2.5,2.1,3.053523145278572,0.6944206116217531,2.0490344528932622,2.275882045831323,0.23362013178233698,5.688521848237981,19.0,0.6908501060085981,0.02886993103106278,357465.16203065263,2.467394238354785,0.3125919934402106,1.746406728044558,19.995426483595505,0.08912767449658787,3.5072382983825943,6.0,0.46219951683100224,-0.09980488892978756,0.5620044057607898,397392.2404695701
kama_cci_atr_allocation,33,-0.16521776459258608,32,5,57,34,20.0,100_50_0,12,3.4000000000000004,2.2,3.050561205644231,0.6836782393370731,2.042191029304188,2.25519396699928,0.245165571942768,5.668495454015511,18.0,0.680176442228456,0.018196267250920606,355920.31915574515,2.23526438457415,0.27028139845238597,1.5652938010829276,10.811789477741168,0.08913296019822647,3.0323395279512315,6.0,0.3967866411682037,-0.16521776459258608,0.5620044057607898,386667.19805320003
kama_cci_atr_allocation,34,-0.19940761122453088,40,5,54,27,5.0,100_50_0,10,1.9,2.9000000000000004,2.486981767565238,0.5436653512910481,1.742558939970715,4.95299693787778,0.221969496352743,3.9581227071443448,24.0,0.5409929347697034,-0.12098724020783191,334895.50302990264,1.2979485842619656,0.2479431934522207,1.4437969738697098,0.37148503089835166,0.09957473931500405,2.4900210149469135,6.0,0.3625967945362589,-0.19940761122453088,0.5620044057607898,380714.97813682025
kama_cci_atr_allocation,35,-0.17166371749604337,37,5,50,30,15.0,100_50_0,11,3.2,1.8,3.0634012367757797,0.6331862004253931,1.9487599054336209,5.391627881173008,0.23361764450326983,5.300923886604883,22.0,0.6299928663407453,-0.03198730863679006,347553.17634662765,2.212038431421079,0.2660818748258269,1.5462147078823634,9.70742821377626,0.0891354594258511,2.9851405550579093,8.0,0.39034068826474644,-0.17166371749604337,0.5620044057607898,385401.73243732017
kama_cci_atr_allocation,36,-0.18084690298932893,31,4,43,38,5.0,100_60_20,27,2.9000000000000004,1.8,2.780986420924102,0.5934862583445237,1.9136505136691577,1.8585827675472033,0.2596670707186861,5.258998231381242,5.0,0.5905290201800026,-0.07145115479753278,341841.9575379976,2.051230844962208,0.26008948281791433,1.4915207071805787,9.579869109018066,0.09969224845605162,2.6089238315511794,9.0,0.3811575027714609,-0.18084690298932893,0.5620044057607898,382728.3764101103
kama_cci_atr_allocation,37,-0.22722884469003835,38,5,35,34,10.0,100_25_0,14,2.0,2.7,3.3818019930819125,0.7070335456087193,2.1098082069544497,3.044658215192425,0.17994951433662099,7.050390464654932,19.0,0.7033938364997405,0.04141366152220516,358525.8101154676,1.2249078084265537,0.22964827156321532,1.3789212118353453,0.3678128588125001,0.097754810533491,2.3492273199643443,6.0,0.33477556107075146,-0.22722884469003835,0.5620044057607898,373488.9741106102
kama_cci_atr_allocation,38,-0.3027836299373514,33,2,58,26,20.0,100_50_0,8,3.7,1.2000000000000002,3.260632857966904,0.555988002399899,1.8604174759366003,19.736950504410544,0.23149788597659127,5.591467295684606,42.0,0.5532359836472319,-0.10874419133030344,335632.8595608076,1.3578272059692456,0.17940739427219698,1.1554766537325167,2.878608820583673,0.09605390882226683,1.8677781724027818,20.0,0.2592207758234384,-0.3027836299373514,0.5620044057607898,358723.88791907026
kama_cci_atr_allocation,39,-0.11666463894663659,40,5,54,33,5.0,100_60_20,16,2.3,2.4000000000000004,2.0277824047747943,0.5435094343068454,1.7712807605068293,0.7995830107369885,0.24742171960455972,3.8639121901097115,5.0,0.540840936807214,-0.12113923817032135,334827.3110701051,2.319927780609634,0.3017390791140566,1.6671748061917713,13.76296886772752,0.0949484427101217,3.1779255193818003,7.0,0.4453397668141532,-0.11666463894663659,0.5620044057607898,396748.0830468902
kama_cci_atr_allocation,40,-0.284434636354191,24,4,28,28,25.0,100_50_0,22,2.7,2.2,2.816145180959424,0.5371514233009711,1.8232908341577545,6.167438795810154,0.2574333937079427,5.353677062728966,23.0,0.5345029894594295,-0.12747718551810577,333364.0332633351,1.426651657293808,0.19168568210921633,1.194868945294433,3.2965355073271585,0.10318895059478761,1.857618291535363,18.0,0.27756976940659883,-0.284434636354191,0.5620044057607898,361707.84195613035
kama_cci_atr_allocation,41,-0.11666463894663659,40,5,54,33,5.0,100_60_20,17,2.3,2.4000000000000004,2.0277824047747943,0.5435094343068454,1.7712807605068293,0.7995830107369885,0.24742171960455972,3.8639121901097115,5.0,0.540840936807214,-0.12113923817032135,334827.3110701051,2.319927780609634,0.3017390791140566,1.6671748061917713,13.76296886772752,0.0949484427101217,3.1779255193818003,7.0,0.4453397668141532,-0.11666463894663659,0.5620044057607898,396748.0830468902
kama_cci_atr_allocation,42,-0.1382296924569819,38,5,58,30,15.0,100_60_20,13,2.5,2.6,2.672320598098961,0.6464288953510164,2.0725839238020445,1.25,0.1961685741806486,5.116322151131601,4.0,0.6431638750356403,-0.018816299941895043,350306.0150334501,1.4701363876197993,0.28780469481943105,1.6151146330690762,0.7175859845529237,0.10694156222487328,2.6912333131457777,5.0,0.4237747133038079,-0.1382296924569819,0.5620044057607898,389355.40913925023
kama_cci_atr_allocation,43,-0.2945843883380781,16,5,20,36,5.0,100_60_20,30,1.7000000000000002,2.8000000000000003,2.725978569282218,0.5578389018523655,1.811259649839271,2.7410211766287054,0.24490852019266662,4.8556470300315375,11.0,0.5550787042668706,-0.10690147071066486,337684.0292905826,0.7440542129112264,0.18490018147359155,1.1324433969646863,0.2705208318793089,0.14058498814487064,1.3152199528092914,6.0,0.2674200174227117,-0.2945843883380781,0.5620044057607898,357538.06639337004
kama_cci_atr_allocation,44,-0.1675174800215573,36,5,55,33,60.0,100_60_20,15,3.2,2.1,2.6534644080101,0.6344836951571704,2.119703921115451,0.7795994608429441,0.22602845539891248,5.236855300942392,3.0,0.6312805880570316,-0.03069958692050373,347490.2085116501,1.2839444257455996,0.26878377211364524,1.5480935828952147,0.31832884459924154,0.11118528557889229,2.4174401380021444,4.0,0.3944869257392325,-0.1675174800215573,0.5620044057607898,382609.30135139
kama_cci_atr_allocation,45,-0.22667730545790943,39,3,58,31,0.0,100_25_0,9,2.6,2.4000000000000004,2.7200900474228082,0.6045811927482618,1.9403931010258453,27.36023811854202,0.18759658159247483,4.788360019312319,20.0,0.6015663347903698,-0.06041384018716556,342109.4862271927,2.09384100141911,0.2300120035190727,1.3923640246382583,5.0570858136381815,0.08276405201935932,2.779129318913369,17.0,0.3353271003028804,-0.22667730545790943,0.5620044057607898,374304.49166146014
kama_cci_atr_allocation,46,-0.2228468291658161,37,5,51,29,10.0,100_60_20,19,1.3,1.4,2.8614643064170147,0.6104556625034661,1.8795755512046075,4.593737508504435,0.2549184966162533,5.008270833981086,28.0,0.6073665537360327,-0.05461362124150276,346154.6199386327,1.4434027140038725,0.23253696968438464,1.3569012646452783,2.6887773782990845,0.11450394941930842,2.030820516354807,15.0,0.3391575765949737,-0.2228468291658161,0.5620044057607898,370407.4919035202
kama_cci_atr_allocation,47,-0.13826899364311918,34,5,60,35,15.0,100_50_0,24,2.1,1.8,3.3696767068968327,0.7004688398064417,2.0611521430832815,5.610347638614114,0.23833137279178118,5.957910170757591,22.0,0.6968640766213838,0.034883901643848414,358608.39715903014,2.323328684550249,0.2877792456292845,1.643505316269417,11.305796224798199,0.08971556112316748,3.2076848433707283,9.0,0.42373541211767063,-0.13826899364311918,0.5620044057607898,391527.9125793702
kama_cci_atr_allocation,48,-0.24193443711252627,32,5,52,38,5.0,100_25_0,10,1.8,0.9,2.9059133738490637,0.5624297465651167,1.697487416202683,4.81998859204434,0.22168232249993425,4.803583441516823,54.0,0.5596215069236355,-0.10235866805389982,332585.15289731516,2.009839155010154,0.2199343319452931,1.34267824044046,4.119943267378798,0.07514931400670832,2.926631265398648,18.0,0.32006996864826354,-0.24193443711252627,0.5620044057607898,371498.21845330036
kama_cci_atr_allocation,49,-0.28357394871198416,30,4,58,25,80.0,100_50_0,7,2.8,3.4000000000000004,2.8284699836688794,0.5176412259312274,1.8662083180580298,14.195115911214257,0.23864859985698672,5.297720078137588,18.0,0.515092985513897,-0.14688718946363838,327249.41832711024,1.7082328068496986,0.19226037918806704,1.271309615291021,4.968184893602394,0.10089575469027223,1.9055348738731783,7.0,0.27843045704880565,-0.28357394871198416,0.5620044057607898,361084.1487752002
kama_cci_atr_allocation,50,-0.1679479349152797,35,5,53,32,30.0,100_60_20,15,4.2,2.5,2.864391293040044,0.7122571788378236,2.19542464386362,1.25,0.19615916706039715,5.5011634815129495,2.0,0.7085878558551014,0.04660768087756606,361601.1089294576,1.343039337627249,0.2685033722875041,1.5267646381167583,0.4857826880424201,0.10694668031814192,2.510628394343499,5.0,0.3940564708455101,-0.1679479349152797,0.5620044057607898,384955.6213122102
kama_cci_atr_allocation,51,-0.11666463894663659,40,5,54,33,5.0,100_60_20,17,2.3,2.4000000000000004,2.0277824047747943,0.5435094343068454,1.7712807605068293,0.7995830107369885,0.24742171960455972,3.8639121901097115,5.0,0.540840936807214,-0.12113923817032135,334827.3110701051,2.319927780609634,0.3017390791140566,1.6671748061917713,13.76296886772752,0.0949484427101217,3.1779255193818003,7.0,0.4453397668141532,-0.11666463894663659,0.5620044057607898,396748.0830468902
kama_cci_atr_allocation,52,-0.11253754322866283,40,5,55,31,0.0,100_60_20,18,2.3,2.3,2.0017504608176395,0.5374985017911271,1.7475974915954078,0.7857211991613976,0.24742171960455972,3.8174118539380606,5.0,0.534862327684227,-0.12711784729330827,333968.88222980255,2.3336445090759192,0.3043990717693623,1.6775860768162225,13.849112705491132,0.09494812588389778,3.2059513438061997,7.0,0.449466862532127,-0.11253754322866283,0.5620044057607898,397948.8877635001
kama_cci_atr_allocation,53,-0.07179680674707467,38,5,57,31,0.0,100_60_20,18,2.6,1.9000000000000001,2.4322375515926034,0.6176653967784126,1.9838349666870112,0.7000811687057094,0.24311644180017367,4.7771448282821165,5.0,0.6145713811291906,-0.04740879384834468,345723.0855886126,2.470761684362528,0.33054307890016976,1.7950899620072274,19.735538936549144,0.09494481591454806,3.4814231373902933,6.0,0.49020759901371513,-0.07179680674707467,0.5620044057607898,403254.57001948013
kama_cci_atr_allocation,54,-0.08895171075854647,37,5,59,29,0.0,100_60_20,21,2.6,1.7000000000000002,2.3872043819081865,0.6007811116761471,1.9484392822780694,0.7328768692372875,0.2813905850536106,4.678177875882604,6.0,0.5977760399036526,-0.06420413507388278,342568.4814398701,2.420694623733009,0.3195595618664593,1.7521532785961798,16.079673708803583,0.09448450504956452,3.3821372266153618,8.0,0.47305269500224334,-0.08895171075854647,0.5620044057607898,400425.0483544001
kama_cci_atr_allocation,55,-0.14055769237089577,38,5,59,27,0.0,100_50_0,20,2.6,1.7000000000000002,3.028121034008808,0.5997424297358288,1.929262116676872,8.480862279513644,0.26907871941928363,5.333276318045875,22.0,0.5967461117773015,-0.06523406320023384,341310.3428068702,2.3221385091483286,0.286296871371418,1.6273416276762471,11.717921031983625,0.08913118648538476,3.212084149899243,8.0,0.42144671338989403,-0.14055769237089577,0.5620044057607898,390759.8022560701
kama_cci_atr_allocation,56,-0.09555310940702211,33,5,57,29,10.0,100_60_20,22,3.1,1.9000000000000001,2.670076679258623,0.6942138694594937,2.1080213843759847,0.7071908395782373,0.24065711093340403,5.265213022198589,3.0,0.6906488039190892,0.028668628941553864,357988.0674777851,2.3994173320997363,0.315323313115766,1.740304433611124,14.739692640753473,0.09448864035899829,3.3371557884390417,6.0,0.4664512963537677,-0.09555310940702211,0.5620044057607898,397809.36281691026
kama_cci_atr_allocation,57,-0.24054073316119706,33,4,57,25,15.0,100_60_20,22,3.1,1.5,2.5889112786736375,0.5346542949018964,1.7958100443817888,1.8920991751268774,0.2575762840711012,4.854475359649708,10.0,0.5320191040482825,-0.12996107092925285,332088.06908392266,1.6283357349896936,0.22085627225748405,1.3081464505071945,9.864560002755088,0.133448586796584,1.6549914656955926,10.0,0.32146367259959274,-0.24054073316119706,0.5620044057607898,367318.9214732303
kama_cci_atr_allocation,58,-0.09841364985851464,37,5,57,29,10.0,100_60_20,27,2.8,1.9000000000000001,2.376368992210965,0.6104985650064745,1.9846638668622842,0.6444948514015472,0.2790515880429957,4.663374207399221,3.0,0.6074380600816083,-0.05454211489592703,344752.0844536951,2.389374618352236,0.3134859657808926,1.7289387622714494,17.728472222342745,0.09448196744892456,3.3179449396029788,6.0,0.46359075590227516,-0.09841364985851464,0.5620044057607898,397511.5233287801
kama_cci_atr_allocation,59,-0.15823774881708008,37,5,59,29,20.0,100_60_20,27,2.9000000000000004,1.7000000000000002,2.540336229140378,0.6161469763315697,2.000504839608235,1.9491391025141431,0.24065234710021188,4.573882479256722,5.0,0.613052683507725,-0.04892749146981029,346881.0008316776,2.187392942057737,0.2748226590138716,1.5652758825548894,9.774838061308511,0.09448454416804708,2.908652006883593,9.0,0.4037666569437097,-0.15823774881708008,0.5620044057607898,388323.76886593015
kama_cci_atr_allocation,60,-0.20366218934915126,31,4,40,23,10.0,100_60_20,26,3.7,1.9000000000000001,2.5034338765225193,0.5613138203938532,1.8821339085021571,0.6018813990815266,0.2627736219388026,5.072285443718363,2.0,0.5585265631660397,-0.10345361181149576,336563.29795624013,1.867522064682567,0.24515235518921918,1.4366248933743002,11.140830907734852,0.11227956871761346,2.1834101964337327,6.0,0.35834221641163855,-0.20366218934915126,0.5620044057607898,375862.23386585026
kama_cci_atr_allocation,61,-0.11839902947948922,34,5,57,27,10.0,100_60_20,24,2.5,1.9000000000000001,2.505388472529365,0.6638600826516884,2.027086436258557,0.7902106159522644,0.24496358247492345,4.875432983311499,5.0,0.6604672234055828,-0.0015129515719525255,353879.63074657513,2.3215484912575377,0.30062058727163676,1.670264401006601,13.07159555274017,0.09448095317734484,3.181811541500422,7.0,0.4436053762813006,-0.11839902947948922,0.5620044057607898,395154.1614723201
kama_cci_atr_allocation,62,-0.08550290783825587,36,5,56,29,0.0,100_60_20,22,2.8,2.1,2.537361255447907,0.6562740455246667,2.0378096780997885,0.6943390218364656,0.24311609240295295,4.992969443530608,3.0,0.6529438143804569,-0.009036360597078463,352438.81216152763,2.4315666520474473,0.32177058180552676,1.7568734824965373,18.278179751191182,0.0944833561624655,3.405579510239217,6.0,0.47650149792253393,-0.08550290783825587,0.5620044057607898,401314.9659406001
kama_cci_atr_allocation,63,-0.17462122647504286,36,5,55,29,10.0,100_60_20,21,2.8,1.5,2.652873681731402,0.6260417996556409,1.9538765173390065,2.001259342161592,0.24066769090671625,4.845761279236946,10.0,0.6228844867815894,-0.039095688195946,347032.8620757952,1.5928873522369276,0.2641532141179568,1.5056094874153851,3.317831669220105,0.12669178516639257,2.085006646413792,10.0,0.38738317928574695,-0.17462122647504286,0.5620044057607898,378395.3833566202
kama_cci_atr_allocation,64,-0.1595309315483071,39,5,52,28,70.0,100_60_20,23,3.1,2.1,2.554582103742097,0.5745175051823737,2.0008504858400604,0.6969150356179799,0.22604131226818835,5.110114924879355,3.0,0.5716582203292824,-0.09032195464825304,337874.9565518952,2.276225845149971,0.2739817878218489,1.6324931400489957,16.994391895107615,0.08820278126868064,3.1062715243327066,5.0,0.4024734742124827,-0.1595309315483071,0.5620044057607898,387794.30665746017
kama_cci_atr_allocation,65,-0.1371029988280048,37,5,56,30,15.0,100_60_20,22,3.5,1.7000000000000002,2.6631035331205872,0.6410742272164125,2.010251844968609,1.9018623387734164,0.25435531204939044,4.876215040112794,5.0,0.6378356156863696,-0.024144559291165768,349667.41031698015,2.2597139442162018,0.2885341920384661,1.6281226767748538,11.367413315778785,0.09448528113482102,3.0537475104377023,8.0,0.424901406932785,-0.1371029988280048,0.5620044057607898,391427.9232209001
kama_cci_atr_allocation,66,-0.10395694480319206,38,5,59,25,0.0,100_60_20,20,2.7,1.9000000000000001,2.4550734292684986,0.6410241159686426,2.0517598359583076,0.7029448714749582,0.2431182381429935,4.790207697480878,4.0,0.6377783846518252,-0.024201790325710182,350572.8592369277,2.3698518952433956,0.3099225573212028,1.7081572743982378,15.549771292115338,0.09448574082363514,3.2800987177493472,6.0,0.45804746095759774,-0.10395694480319206,0.5620044057607898,397279.5077818501
kama_cci_atr_allocation,67,-0.19482817921679918,33,5,57,29,5.0,100_60_20,29,2.9000000000000004,1.6,2.7402861877485303,0.6645933858887801,2.0231658716690233,1.9332825326876484,0.24066158016517636,5.034945116848937,5.0,0.6612022067545207,-0.000777968223014569,353416.48470178264,1.5024633339089812,0.25094435841488405,1.4380371773617753,3.091355015466063,0.1266838386709217,1.9808711280587712,11.0,0.3671762265439906,-0.19482817921679918,0.5620044057607898,376143.16824845015
kama_cci_atr_allocation,68,-0.21443053735164086,34,5,60,13,50.0,100_60_20,25,2.1,1.4,2.7568487094158205,0.6002134631908674,2.0481537889337034,2.8113375991529903,0.21438240726874025,4.998293427077671,13.0,0.5971923889755839,-0.06478778600195151,341299.4596353503,1.9546658899261389,0.23807761177589115,1.4626588765384985,5.920383819651986,0.09929265134077958,2.3977364745633745,8.0,0.34757386840914894,-0.21443053735164086,0.5620044057607898,373635.22277649026
kama_cci_atr_allocation,69,-0.17005263718754238,36,5,32,27,5.0,100_60_20,21,3.1,2.0,2.246699962076533,0.5945475432142091,1.9108535429030742,0.6062624615454776,0.2591302025981357,4.393159030930489,3.0,0.5915745789196633,-0.07040559605787211,342378.94234283763,2.0940715278232975,0.26713200750005295,1.5176415076579302,10.144190315436921,0.09893739910670629,2.7000104097333795,7.0,0.3919517685732474,-0.17005263718754238,0.5620044057607898,385155.20455127023
kama_cci_atr_allocation,70,-0.20361107142102708,20,2,50,30,0.0,100_60_20,24,2.7,2.2,2.8231187305344325,0.6221211494952565,2.030802509824607,0.8475931732160199,0.1856615672299078,6.264351651304362,5.0,0.6189852742572046,-0.04299490072033074,344612.2917396401,1.428268826201982,0.24518590129365325,1.4688175789132603,0.3771399451125827,0.08735587155887137,2.806747811203694,5.0,0.3583933343397627,-0.20361107142102708,0.5620044057607898,378733.57386928017
kama_cci_atr_allocation,71,-0.1722962816224456,35,5,56,31,0.0,100_25_0,23,2.5,2.1,2.7528344339252326,0.6374541515483224,1.9175479739421888,2.2375543371543674,0.255601976281175,5.01213365448346,20.0,0.6342281265545454,-0.02775204842298995,346920.6201800427,2.408419747306145,0.26566946304134453,1.5662151625961296,11.588949948374893,0.07658480195480233,3.468958021176752,6.0,0.3897081241383442,-0.1722962816224456,0.5620044057607898,386213.45864881016
kama_cci_atr_allocation,72,-0.07795913912393204,35,5,58,28,10.0,100_60_20,28,2.4000000000000004,1.9000000000000001,2.4921342214441347,0.6471808086440559,2.0123726555582224,0.7902106159522644,0.24496358247492345,4.860296462788055,5.0,0.6439000137128226,-0.018080161264712735,350847.22567903507,2.4584769353205664,0.32660176849263833,1.7889087862331725,22.183819681466282,0.09448805063447041,3.45654044399864,6.0,0.48404526663685776,-0.07795913912393204,0.5620044057607898,400681.8694820602
kama_cci_atr_allocation,73,-0.12380139683699443,37,5,59,26,10.0,100_60_20,28,3.3000000000000003,1.9000000000000001,2.4328827531750203,0.6297231202650222,2.0364389432320356,0.7129124274295217,0.24064987331229293,4.7451967511374695,3.0,0.6265474056554853,-0.035432769322050084,348837.0836920751,2.303042136515814,0.2971342026961201,1.6536545167080787,12.116107155478263,0.09448224502898073,3.1448681453851943,6.0,0.4382030089237954,-0.12380139683699443,0.5620044057607898,394327.7180751501
kama_cci_atr_allocation,74,-0.15823774881708008,32,5,58,28,20.0,100_60_20,28,2.9000000000000004,1.7000000000000002,2.5394624599954505,0.6335478787821897,2.0103236943347937,1.9487218397805277,0.24065234710021188,4.55514987399085,5.0,0.6303412202312757,-0.03163895474625972,349294.9566042026,2.187392942057737,0.2748226590138716,1.5652758825548894,9.774838061308511,0.09448454416804708,2.908652006883593,9.0,0.4037666569437097,-0.15823774881708008,0.5620044057607898,388323.76886593015
kama_cci_atr_allocation,75,-0.08551156904241175,39,5,55,29,5.0,100_60_20,26,2.4000000000000004,2.1,2.4670470623743963,0.6236448942196207,2.00154356956451,0.7820862063415817,0.24497341615064128,4.82230132264062,5.0,0.6205110558606329,-0.04146911911690243,346656.9032637251,2.43203177458544,0.32176503096558573,1.7606642423185745,18.813619766603242,0.09448876765346947,3.405325722371944,6.0,0.47649283671837805,-0.08551156904241175,0.5620044057607898,400116.63866284024
kama_cci_atr_allocation,76,-0.07795913912393204,39,5,55,28,10.0,100_60_20,26,2.4000000000000004,1.9000000000000001,2.4763045951097924,0.6297935631391349,2.0215681769024227,0.7902106159522644,0.24496358247492345,4.830287153957771,5.0,0.6266221946840737,-0.03535798029346171,347884.6547283225,2.4584769353205664,0.32660176849263833,1.7889087862331725,22.183819681466282,0.09448805063447041,3.45654044399864,6.0,0.48404526663685776,-0.07795913912393204,0.5620044057607898,400681.8694820602
kama_cci_atr_allocation,77,-0.1348208423185322,39,5,53,27,15.0,100_60_20,25,2.1,1.6,2.483558839703802,0.5862398974309501,1.9152787278156747,3.730616429550664,0.24623275807710632,4.407973930996621,11.0,0.5833116538195273,-0.07866852115800804,341344.46595589264,2.267046429732226,0.2900113117278742,1.6314598413000274,13.502220702132002,0.09448105334865109,3.069518188558751,10.0,0.4271835634422576,-0.1348208423185322,0.5620044057607898,390355.0334595301
kama_cci_atr_allocation,78,-0.15061380956080184,38,5,55,24,25.0,100_60_20,26,2.4000000000000004,2.3,2.536840658780197,0.6108035448842228,1.9926866382397463,0.9004799969101559,0.2304228632188725,4.965323304643205,5.0,0.6077365017133851,-0.054243673264150194,344484.90521719516,1.363842027490466,0.2797755385405214,1.5828465282169102,0.5271473130817759,0.11119310610721844,2.5161230613590972,5.0,0.41139059619998797,-0.15061380956080184,0.5620044057607898,387172.6884434301
kama_cci_atr_allocation,79,-0.14670007230470783,39,5,52,26,5.0,100_60_20,26,2.2,1.5,2.379003389134155,0.5701780800677585,1.8479713543500504,2.609593461995183,0.2449772964328255,4.223043876153792,15.0,0.5673396705773981,-0.09464050440013727,338965.3668923952,1.8408823931244382,0.2823151380542399,1.593099092474144,3.637566017295542,0.11131317119742201,2.5362240156965203,10.0,0.415304333456082,-0.14670007230470783,0.5620044057607898,385756.38223480014
kama_cci_atr_allocation,80,-0.16726640371699575,36,3,47,28,0.0,100_60_20,30,2.6,2.0,2.7309425411816832,0.6151642513056952,1.9703532380416584,0.6150197244883436,0.251992196339078,5.951334069924221,5.0,0.6120760655017803,-0.04990410947575502,345388.22298790514,2.17653957030532,0.2689473127439681,1.5705421219200777,9.139073553886515,0.09323108690402238,2.8847385746005347,7.0,0.39473800204379406,-0.16726640371699575,0.5620044057607898,388453.7487211602
kama_cci_atr_allocation,81,-0.11153132334874605,38,5,57,29,10.0,100_60_20,28,2.8,2.1,2.476818271127089,0.6176773898092078,2.0119363902648075,0.6444948514015472,0.2790515880429957,4.8988961798025,3.0,0.6145765249204791,-0.04740365005705627,345433.3219500625,2.3447119171724418,0.30504727344073124,1.690025287360658,15.508312950976851,0.09448928573471349,3.2283795042876795,6.0,0.45047308241204376,-0.11153132334874605,0.5620044057607898,395934.4050623602
kama_cci_atr_allocation,82,-0.07779408329893167,36,5,55,31,5.0,100_60_20,27,2.4000000000000004,1.8,2.636892610414969,0.6345399173934487,1.9757737648542573,3.642497929307327,0.24741736416394733,4.78134450589612,7.0,0.6313399309332254,-0.030640244044309983,348914.6299516751,2.458640767010221,0.3267073955779456,1.7862377231542448,19.55608319503409,0.09448260567730793,3.45785759437847,8.0,0.48421032246185813,-0.07779408329893167,0.5620044057607898,401262.09417494026
kama_cci_atr_allocation,83,-0.08644480893502515,35,5,55,32,0.0,100_60_20,29,2.4000000000000004,1.8,2.765052936503652,0.6722000025969801,2.02184500243358,3.6850566530791187,0.24741673436995093,5.05655251296141,7.0,0.6687665847656477,0.006786409788112235,354341.3464929951,2.42251717199028,0.3211668768620126,1.759175930025937,17.774231084465217,0.09494591588352597,3.3826297200187225,8.0,0.47555959682576465,-0.08644480893502515,0.5620044057607898,400125.04126679024
kama_cci_atr_allocation,84,-0.22448904862956165,11,5,51,32,5.0,100_60_20,29,1.9,1.8,2.346466598594901,0.5678769840668756,1.8159375142762042,3.0896671217820835,0.2762957910067273,4.275302370345694,11.0,0.5650637128085831,-0.09691646216895217,337479.3748944902,1.8929081474191694,0.2314547061443859,1.373772884574968,7.795544310295403,0.1014040135494243,2.282500445917507,10.0,0.33751535713122816,-0.22448904862956165,0.5620044057607898,375473.95805309026
kama_cci_atr_allocation,85,-0.10016761618847791,36,5,55,32,0.0,100_60_20,28,2.4000000000000004,1.6,2.5953826649662313,0.6218609979178753,1.9299103434183063,3.4284697483926623,0.24742139507509686,4.715153088377922,9.0,0.6187312900358138,-0.04324888494172152,346661.02662076266,2.3765461525052523,0.31235887507415105,1.721130562084018,17.29455161338749,0.09494756702953044,3.2898038869916664,9.0,0.4618367895723119,-0.10016761618847791,0.5620044057607898,396900.65672354004
kama_cci_atr_allocation,86,-0.10504957211808508,39,5,53,31,15.0,100_60_20,25,2.2,1.8,2.4328889128356326,0.6177229955550602,1.9969959507058828,0.8007857052959538,0.24497341615064128,4.7360312708385734,5.0,0.614625744866691,-0.04735443011084434,345859.135886835,2.36796631171236,0.30921972757877425,1.7167779887462293,16.499339646103426,0.09448238266524966,3.272776562741197,8.0,0.4569548336427047,-0.10504957211808508,0.5620044057607898,396077.7477470203
kama_cci_atr_allocation,87,-0.21015438387953345,35,5,49,30,45.0,100_60_20,29,2.0,1.3,2.5823420846098655,0.5889914465676604,1.906138471889298,3.1343387999651666,0.2060239063507635,4.744651186492602,18.0,0.586036381649056,-0.07594379332847934,339470.7351180577,1.5584300239378148,0.2408889358864863,1.409977326248933,3.5047229851687463,0.12134505630166748,1.9851565710895476,11.0,0.35185002188125636,-0.21015438387953345,0.5620044057607898,374438.82184073015
kama_cci_atr_allocation,88,-0.0847832436933853,37,5,54,34,5.0,100_60_20,27,2.4000000000000004,1.7000000000000002,2.6401858189673284,0.6381634966950731,1.9753540047876528,3.638970926906077,0.2474253699082929,4.770402873060032,7.0,0.6349438308644548,-0.02703634411308059,349524.05227361503,2.428195778203623,0.32223177179279916,1.7649710827944207,17.8867457685081,0.09494984137607376,3.393705214488097,8.0,0.4772211620674045,-0.0847832436933853,0.5620044057607898,400192.9926498102
kama_cci_atr_allocation,89,-0.1518883818231873,37,5,54,35,5.0,100_60_20,27,2.4000000000000004,1.1,2.815118640916548,0.5802681724422245,1.8125524636841845,8.548680655377694,0.20858494331576516,4.454209910750562,28.0,0.577374923591768,-0.08460525138576735,338916.38398063526,2.06353584020485,0.27894804492230785,1.5554294511546176,5.755347712074844,0.10732685791043084,2.599051629323787,13.0,0.4101160239376025,-0.1518883818231873,0.5620044057607898,387382.8292941402
kama_cci_atr_allocation,90,-0.13254028463476764,39,5,56,33,0.0,100_60_20,26,2.0,1.7000000000000002,2.491854678520667,0.5996776943524159,1.916764780771033,3.2812690096437698,0.2573328870701368,4.524142094902757,11.0,0.5966856415834307,-0.06529453339410463,343123.09236375755,2.267026410883382,0.2914867264133376,1.6262249408337004,10.89562485343996,0.09494300069153139,3.0701233823478398,10.0,0.42946412112602217,-0.13254028463476764,0.5620044057607898,393840.52446184034
kama_cci_atr_allocation,91,-0.08888282043172291,34,5,55,34,10.0,100_60_20,19,2.6,1.9000000000000001,2.608628230848598,0.686749360969066,2.087116506150201,0.7305724205085307,0.24065071561136542,5.11625008568063,5.0,0.683230028814765,0.021249853837229604,357094.88555914763,2.413532488588091,0.3196037416875135,1.7471414765046078,16.599580718773534,0.09494857551868385,3.3660720020451733,6.0,0.4731215853290669,-0.08888282043172291,0.5620044057607898,400328.7461580001
kama_cci_atr_allocation,92,-0.09460959930348967,38,5,55,34,5.0,100_60_20,19,2.6,2.2,2.362202377131497,0.616821944178509,1.9711821431512133,0.7337941723117081,0.24311119769628164,4.594791513267227,5.0,0.6137295316721958,-0.048250643305339624,346279.4940826625,2.394306765661908,0.3159291136118241,1.7308798792314233,17.481152938448187,0.09494846008269675,3.3273748024629466,6.0,0.46739480645730014,-0.09460959930348967,0.5620044057607898,399485.0926260601
kama_cci_atr_allocation,93,-0.09082811655181744,36,5,53,36,5.0,100_60_20,18,2.2,1.8,2.682654714360157,0.6443373484869241,1.9928277257898688,3.674245772672904,0.2474261258915973,4.865311830135626,7.0,0.6410821301225574,-0.020898044854977926,350239.88429044513,2.4073832746555657,0.31835598460369674,1.743897864551612,17.52908671988532,0.09494588761688039,3.353025524268166,8.0,0.47117628920897237,-0.09082811655181744,0.5620044057607898,398951.20523023023
kama_cci_atr_allocation,94,-0.09539060743787453,34,5,54,34,0.0,100_60_20,30,2.3,2.0,2.5496802714733517,0.6746815818872619,2.0483090149674,0.8256643418878653,0.24742039816323202,4.956805698780075,6.0,0.6712368955333292,0.009256720555793962,354995.94790358254,2.3911467690316224,0.3154276588125511,1.7246863231274037,16.44847244049371,0.09494417576220993,3.3222433738594725,6.0,0.4666137983229153,-0.09539060743787453,0.5620044057607898,399190.59168107004
kama_cci_atr_allocation,95,-0.15157495376628383,35,5,52,32,10.0,100_60_20,18,2.6,1.4,2.5803725917715767,0.6298228942611097,1.9293014977066822,2.4034642524122036,0.24067539255257797,4.715425904035324,15.0,0.6266337156696863,-0.035346459307849076,347408.14933633275,2.0703621609852685,0.2791515522687409,1.5663252787927329,5.526043256345438,0.10687880399630645,2.611851385223097,11.0,0.410429451994506,-0.15157495376628383,0.5620044057607898,387700.92250749026
kama_cci_atr_allocation,96,-0.07688704557438242,40,5,56,35,5.0,100_60_20,29,2.4000000000000004,1.9000000000000001,2.205424432913455,0.5438309025959714,1.7514884221955218,3.638970926906077,0.2474253699082929,3.8380618781382445,7.0,0.54115751209927,-0.12082266287826537,335318.3131507826,2.4538268097710976,0.3272877926835951,1.7816879751095875,19.435686780562044,0.09494826310180604,3.447011898813446,6.0,0.4851173601864074,-0.07688704557438242,0.5620044057607898,401924.0304210102
kama_cci_atr_allocation,97,-0.08979173748009872,40,5,56,35,15.0,100_60_20,29,2.4000000000000004,2.3,2.1057179507243657,0.5609816902067035,1.8182529710194784,0.8043878987058829,0.24497261180334706,4.026256268983688,5.0,0.5582099212849956,-0.10377025369253973,338150.28543998505,2.411944694086503,0.31902079996114563,1.7545517434437963,18.04669033292641,0.09495112128090222,3.359842365814285,5.0,0.4722126682806911,-0.08979173748009872,0.5620044057607898,399809.0221095901
kama_cci_atr_allocation,98,-0.22341190379298803,39,4,53,38,5.0,100_25_0,27,2.3,2.1,2.8345311289786808,0.5980154089068317,1.9398632659388868,19.44661069478014,0.24883384474785886,5.321434259258977,19.0,0.5950402333723825,-0.06693994160515288,341066.07754582015,2.117098590148639,0.23216461399755706,1.4052527626309081,5.277522060367845,0.0820211021426489,2.8305473583344756,9.0,0.3385925019678018,-0.22341190379298803,0.5620044057607898,375570.9802118602
kama_cci_atr_allocation,99,-0.11860476783554552,38,5,51,34,20.0,100_60_20,28,2.7,1.9000000000000001,2.347314099133521,0.6059379909023337,1.972641707972325,0.6716184303115968,0.279043235346074,4.588486874400356,4.0,0.6029074794807676,-0.059072695496767746,344506.07749215513,2.321849638322249,0.30048788325499043,1.6768237167853606,13.714612759163344,0.09448643538556734,3.180222452342503,6.0,0.4433996379252443,-0.11860476783554552,0.5620044057607898,394848.1626397102
kama_cci_atr_allocation,100,-0.13772581460319033,34,5,55,37,10.0,100_60_20,29,2.5,1.8,2.802081895621587,0.6847787631181231,2.07125107898898,3.7504816740076237,0.24497256342394624,5.104238088675222,7.0,0.6812726487717603,0.01929247379422494,356574.0022220926,2.2496438419090787,0.2881309594888277,1.612329332529275,10.589331084386531,0.09494069298613395,3.0348520789806024,9.0,0.42427859115759947,-0.13772581460319033,0.5620044057607898,392421.02580803016
kama_cci_atr_allocation,101,-0.0847829670784741,40,5,59,33,0.0,100_60_20,20,2.4000000000000004,1.7000000000000002,2.186722630382616,0.5351224564703089,1.7509321944158807,3.7638274218726435,0.2474253699082929,3.767969859277734,8.0,0.532506499512382,-0.12947367546515326,332732.40035980515,2.428245499684268,0.3222319490465857,1.7653004964218577,17.887769747658428,0.09494987637694419,3.3937058302987992,8.0,0.4772214386823157,-0.0847829670784741,0.5620044057607898,400192.8401746602
kama_cci_atr_allocation,102,-0.11729238028209221,40,5,56,31,5.0,100_60_20,20,2.1,2.0,2.0212124510489575,0.5417316912042456,1.7630773129698563,0.7833653347103827,0.24742093889267214,3.857976886183774,6.0,0.539069786803161,-0.12291038817437439,334979.5073156976,2.324305668431999,0.30133429879123175,1.6669136515246707,12.254412481432755,0.09448208095084398,3.1893274974331525,8.0,0.4447120254786976,-0.11729238028209221,0.5620044057607898,396687.3840760001
kama_cci_atr_allocation,103,-0.08295767398962917,39,5,58,33,10.0,100_60_20,19,2.4000000000000004,1.7000000000000002,2.5006690761752948,0.5917552584322858,1.9210567687731546,3.671021746852723,0.27904613725410254,4.498263694225373,8.0,0.5888044668303148,-0.07317570814722052,341481.9400483101,2.434476428454423,0.32340138472608815,1.7709499796125647,18.250172025639653,0.09494705036737616,3.406123554915709,8.0,0.47904673177116064,-0.08295767398962917,0.5620044057607898,400394.4746581802
kama_cci_atr_allocation,104,-0.0847829670784741,40,5,57,33,0.0,100_60_20,27,2.3,1.7000000000000002,2.267168575612554,0.5561165160270317,1.7683439315511236,3.655808827492769,0.2474253699082929,3.9873472637130467,7.0,0.5533785008240137,-0.10860167415352168,336679.0082636401,2.428245499684268,0.3222319490465857,1.7653004964218577,17.887769747658428,0.09494987637694419,3.3937058302987992,8.0,0.4772214386823157,-0.0847829670784741,0.5620044057607898,400192.8401746602
kama_cci_atr_allocation,105,-0.17519506881221236,40,5,58,33,85.0,100_60_20,27,2.2,1.6,2.315043858023893,0.4874392894449063,1.770528452601352,3.4915370201600924,0.23041118328235655,4.1370376313586465,9.0,0.48507666830666546,-0.1769035066708699,323095.1081323802,2.2205258111042117,0.26377886288155405,1.593096364149282,10.058865388875658,0.08819638237565919,2.9908127269668245,8.0,0.38680933694857744,-0.17519506881221236,0.5620044057607898,383691.0656899702
kama_cci_atr_allocation,106,-0.1557690506962921,40,5,59,33,5.0,100_60_20,16,2.0,1.5,2.08960472920589,0.5228778497076025,1.7283244804637914,3.339376668179493,0.24867252280915775,3.632624749568087,11.0,0.5203324440447983,-0.14164773093273703,330537.22389327764,2.187682033644272,0.27642727935984435,1.5559185805142164,9.794696126006063,0.09494441855678493,2.9114642394119996,11.0,0.4062353550644977,-0.1557690506962921,0.5620044057607898,389380.21678438026
kama_cci_atr_allocation,107,-0.09476349679190466,39,5,58,37,0.0,100_60_20,17,2.5,1.6,2.7240460808930056,0.604226929003354,1.9294365402051172,5.035890178717582,0.2813949086701305,4.572944317187089,10.0,0.6012010557261278,-0.0607791192514075,343611.09358986514,2.3938954587161865,0.3158303080487639,1.7309494599169437,15.744034719232355,0.09494634383811673,3.326408319495206,8.0,0.46724090896888515,-0.09476349679190466,0.5620044057607898,398949.2241540302
kama_cci_atr_allocation,108,-0.09074249096040377,38,5,60,36,15.0,100_60_20,26,2.4000000000000004,2.1,2.5054995781398612,0.6323149769163605,2.0341934575994483,0.8135898139918285,0.24497261180334706,4.887884936353723,5.0,0.6291313497416204,-0.03284882523591498,348344.0155482251,2.40867338057225,0.3184109166590823,1.7506071203925793,16.139840555480934,0.09494357009424581,3.3536859456939676,6.0,0.47126191480038604,-0.09074249096040377,0.5620044057607898,400011.9933696102
kama_cci_atr_allocation,109,-0.09256278283293162,39,5,57,35,10.0,100_60_20,24,2.3,1.7000000000000002,2.610204995220661,0.6098568049149122,1.9585641380187773,3.5815744156445013,0.24497256342394624,4.733133556236341,7.0,0.6068087447094169,-0.05517143026811844,344255.3106449876,2.4031911814121623,0.31724293489321065,1.7496518250865842,16.015499904449694,0.09494375041598635,3.341377747384563,8.0,0.4694416229278582,-0.09256278283293162,0.5620044057607898,399023.21907412016
kama_cci_atr_allocation,110,-0.15762714771834663,17,5,59,30,5.0,100_60_20,27,2.2,1.3,2.178609264302085,0.5161171061615681,1.707034050037815,3.053547575887312,0.22480549606304778,3.88363292115729,17.0,0.5135875496384628,-0.14839262533907255,328100.70182016265,2.0513924391022202,0.2752196160288385,1.5470193816674862,5.339690879846345,0.10687535250064084,2.57514580854541,12.0,0.4043772580424432,-0.15762714771834663,0.5620044057607898,386810.57351115043
kama_cci_atr_allocation,111,-0.12665351150548476,37,5,54,32,0.0,100_60_20,28,2.5,1.8,2.6734934238209025,0.6432871567178078,1.9870372209313891,3.6850566530791187,0.24741673436995093,4.862346348657289,7.0,0.6400334791662725,-0.021946695811262906,350065.4421076676,2.286577929535971,0.29529210779136905,1.6408866884746325,11.45741187942327,0.09494527302897249,3.110129639642627,9.0,0.43535089425530504,-0.12665351150548476,0.5620044057607898,394623.45815343014
kama_cci_atr_allocation,112,-0.0847829670784741,40,5,57,33,0.0,100_60_20,29,2.4000000000000004,1.7000000000000002,2.267168575612554,0.5561165160270317,1.7683439315511236,3.655808827492769,0.2474253699082929,3.9873472637130467,7.0,0.5533785008240137,-0.10860167415352168,336679.0082636401,2.428245499684268,0.3222319490465857,1.7653004964218577,17.887769747658428,0.09494987637694419,3.3937058302987992,8.0,0.4772214386823157,-0.0847829670784741,0.5620044057607898,400192.8401746602
kama_cci_atr_allocation,113,-0.0847829670784741,40,5,57,33,0.0,100_60_20,25,2.3,1.7000000000000002,2.267168575612554,0.5561165160270317,1.7683439315511236,3.655808827492769,0.2474253699082929,3.9873472637130467,7.0,0.5533785008240137,-0.10860167415352168,336679.0082636401,2.428245499684268,0.3222319490465857,1.7653004964218577,17.887769747658428,0.09494987637694419,3.3937058302987992,8.0,0.4772214386823157,-0.0847829670784741,0.5620044057607898,400192.8401746602
kama_cci_atr_allocation,114,-0.22299436945494988,40,3,57,33,0.0,100_60_20,30,2.1,1.5,2.9584398750746455,0.5824705111227406,1.882165559469077,4.183458070625796,0.26855899437790987,5.520182146885497,16.0,0.5795602182588807,-0.08241995671865465,339962.32366902265,1.7837899565641822,0.23243975237968795,1.374147380250788,5.2245888233344475,0.11571660500342229,2.008698339990303,11.0,0.3390100363058399,-0.22299436945494988,0.5620044057607898,371356.3510547903
kama_cci_atr_allocation,115,-0.10056158035343965,40,5,59,36,0.0,100_60_20,19,2.3,1.7000000000000002,2.231669058591986,0.5479875959993407,1.779913173497287,3.832525037078671,0.2474261258915973,3.841377102436579,8.0,0.5452977199710102,-0.11668245500652519,334899.12345785764,2.374401552760533,0.31210566268586715,1.7144380933435632,15.57710479318126,0.09494640764199758,3.287177160642923,8.0,0.46144282540735015,-0.10056158035343965,0.5620044057607898,397684.2617789501
kama_cci_atr_allocation,116,-0.22379974864202823,38,5,58,34,5.0,100_25_0,28,2.7,1.4,2.9799989592534106,0.547730804755345,1.7869774214221354,4.577925124423807,0.23778316750866157,5.284111794631331,32.0,0.5450386908498264,-0.11694148412770894,332866.6779022726,2.0126823568256027,0.2319090179549177,1.4066262905142375,4.920150003915055,0.08922459534325677,2.5991602098360698,10.0,0.3382046571187616,-0.22379974864202823,0.5620044057607898,373107.08176664053
kama_cci_atr_allocation,117,-0.10647009922966633,39,5,56,35,0.0,100_60_20,25,2.7,1.9000000000000001,2.436537008763913,0.616623555399074,1.9842922571362107,0.6927047952204063,0.281392546308078,4.791268268247768,4.0,0.6135345002925192,-0.048445674685016094,345728.3695281575,2.353477983163674,0.30830575319375075,1.6908796362828968,14.365127283016681,0.09494862388414405,3.2470797425136384,6.0,0.4555343065311235,-0.10647009922966633,0.5620044057607898,397611.4329623601
kama_cci_atr_allocation,118,-0.22871768603969422,40,5,58,10,5.0,100_60_20,27,1.9,1.7000000000000002,2.381135273900943,0.5677501514959375,1.8358379110636158,1.8576673407555715,0.24839821489948954,4.308161379510089,9.0,0.5649292152259453,-0.09705095975159,337422.28633223777,1.8081687655600274,0.22866618946638329,1.3733258449075854,7.452758412274082,0.11029247217565374,2.073271048836456,8.0,0.3332867197210956,-0.22871768603969422,0.5620044057607898,369192.84190633026
kama_cci_atr_allocation,119,-0.09689475252430779,38,5,44,31,10.0,100_60_20,25,2.2,1.8,2.346297184144653,0.6159620084392763,1.9444220560293222,0.6704689911196875,0.2656056626605914,4.589456563002156,6.0,0.6128651768133753,-0.04911499816416015,345692.98334805015,2.394328535718451,0.3144616922336336,1.7325140877869074,14.694204312610433,0.09448624451792187,3.3281213983902966,8.0,0.465109653236482,-0.09689475252430779,0.5620044057607898,398647.46590146015
kama_cci_atr_allocation,120,-0.1594710727603017,37,5,60,32,55.0,100_60_20,20,2.5,1.6,2.4560444227802227,0.5817940460233502,1.9858318051306263,0.8279003854335397,0.26516376570954836,4.814835204815498,5.0,0.5788972056248218,-0.08308296935271359,338643.57543754514,2.01153724166609,0.27402071489284974,1.5790928883038544,7.124212001851258,0.11118530804420723,2.4645406817949294,7.0,0.4025333330004881,-0.1594710727603017,0.5620044057607898,383482.89919088024
kama_cci_atr_allocation,121,-0.07605240531915713,39,5,57,33,0.0,100_60_20,26,2.4000000000000004,1.9000000000000001,2.4304295013650923,0.6173451938034233,1.9789785743891235,0.7998320850381858,0.24742039816323202,4.737279382269724,5.0,0.6142512828017492,-0.047728892175786186,345834.9463077151,2.4567134240361144,0.3278217749902801,1.7846719656206194,19.66360382434795,0.0949483192344246,3.4526337868172035,6.0,0.48595200044163267,-0.07605240531915713,0.5620044057607898,402032.6778568802
kama_cci_atr_allocation,122,-0.07605240531915713,39,5,57,33,0.0,100_60_20,26,2.3,2.0,2.4304295013650923,0.6173451938034233,1.9789785743891235,0.7998320850381858,0.24742039816323202,4.737279382269724,5.0,0.6142512828017492,-0.047728892175786186,345834.9463077151,2.4567134240361144,0.3278217749902801,1.7846719656206194,19.66360382434795,0.0949483192344246,3.4526337868172035,6.0,0.48595200044163267,-0.07605240531915713,0.5620044057607898,402032.6778568802
kama_cci_atr_allocation,123,-0.08214425927137081,39,5,57,34,0.0,100_60_20,26,2.3,2.0,2.489863242776791,0.6283167943404655,2.006703766861064,0.8256643418878653,0.24742039816323202,4.85756673163231,5.0,0.625159924411878,-0.036820250565657464,347506.77074218256,2.4357152368527015,0.32392239426215874,1.7632929572074123,19.251874813808723,0.0949465723359354,3.4116281008657383,6.0,0.479860146489419,-0.08214425927137081,0.5620044057607898,400780.55013258016
kama_cci_atr_allocation,124,-0.07605240531915713,39,5,57,33,0.0,100_60_20,26,2.3,2.0,2.4304295013650923,0.6173451938034233,1.9789785743891235,0.7998320850381858,0.24742039816323202,4.737279382269724,5.0,0.6142512828017492,-0.047728892175786186,345834.9463077151,2.4567134240361144,0.3278217749902801,1.7846719656206194,19.66360382434795,0.0949483192344246,3.4526337868172035,6.0,0.48595200044163267,-0.07605240531915713,0.5620044057607898,402032.6778568802
kama_cci_atr_allocation,125,-0.07605240531915713,39,5,58,33,0.0,100_60_20,26,2.2,2.0,2.368891931192621,0.6111651175631984,1.954198015423902,0.7998320850381858,0.24742039816323202,4.59735466613237,6.0,0.6081054365547394,-0.053874738422796,345040.33605192753,2.4567134240361144,0.3278217749902801,1.7846719656206194,19.66360382434795,0.0949483192344246,3.4526337868172035,6.0,0.48595200044163267,-0.07605240531915713,0.5620044057607898,402032.6778568802
kama_cci_atr_allocation,126,-0.15723974713870015,39,5,59,35,0.0,100_60_20,26,2.1,2.2,2.4566261991196874,0.6185196275812084,1.980209610455685,0.6660093005791774,0.2573222841984175,4.8516145816461105,7.0,0.6154162178752545,-0.04656395710228084,346651.0530747201,2.1173008144047705,0.2754714430478369,1.5422745108045197,9.815771859092562,0.10048299287505114,2.741473309720988,8.0,0.40476465862208966,-0.15723974713870015,0.5620044057607898,390730.1347445401
kama_cci_atr_allocation,127,-0.11142393577346432,38,5,60,34,35.0,100_60_20,26,2.2,2.0,2.5168048940977625,0.6371323193529967,2.065869387053932,0.8321403974645935,0.24496358247492345,4.893707392422553,5.0,0.6339202307811581,-0.02805994419637725,349382.0536052976,2.347302978333414,0.3051164444188079,1.7052608621915837,17.769902751119233,0.09449013933724282,3.229082384245652,6.0,0.4505804699873255,-0.11142393577346432,0.5620044057607898,394226.65051841026
kama_cci_atr_allocation,128,-0.11567314196579748,39,5,58,32,5.0,100_60_20,24,1.8,2.0,2.3793370519661465,0.5862979417243596,1.8962299165106897,1.4689147606768596,0.25732191155723017,4.41291296398859,9.0,0.5833859394545969,-0.07859423552293843,340853.53322949004,2.3234838707561405,0.3023783147176029,1.6712841477813376,11.584992234159655,0.09494697346360714,3.1847072496049966,8.0,0.44633126379499233,-0.11567314196579748,0.5620044057607898,396930.3290397502
kama_cci_atr_allocation,129,-0.07179680674707467,38,5,56,31,0.0,100_60_20,26,2.3,1.9000000000000001,2.397394090174816,0.6088987131406258,1.9628968075578672,0.7857211991613976,0.24742171960455972,4.672335413422967,5.0,0.6058549866736738,-0.056125188303861595,344179.78656818764,2.470761684362528,0.33054307890016976,1.7950899620072274,19.735538936549144,0.09494481591454806,3.4814231373902933,6.0,0.49020759901371513,-0.07179680674707467,0.5620044057607898,403254.57001948013
kama_cci_atr_allocation,130,-0.12066791039420188,38,5,58,31,10.0,100_60_20,26,2.0,1.9000000000000001,2.464227024502997,0.6005460136068239,1.9412306692760306,1.6075320163072209,0.25490263122885193,4.545616653458411,9.0,0.5975477505853359,-0.06443242439219943,343232.42061667255,2.312776401536703,0.2991568311544792,1.6571352201861007,11.733188164587366,0.09448737140156316,3.1661038582932797,8.0,0.4413364953665879,-0.12066791039420188,0.5620044057607898,396105.81750071014
kama_cci_atr_allocation,131,-0.07179680674707467,39,5,56,31,0.0,100_60_20,27,2.3,2.0,2.397394090174816,0.6088987131406258,1.9628968075578672,0.7857211991613976,0.24742171960455972,4.672335413422967,5.0,0.6058549866736738,-0.056125188303861595,344179.78656818764,2.470761684362528,0.33054307890016976,1.7950899620072274,19.735538936549144,0.09494481591454806,3.4814231373902933,6.0,0.49020759901371513,-0.07179680674707467,0.5620044057607898,403254.57001948013
kama_cci_atr_allocation,132,-0.10973594319520652,38,5,56,31,5.0,100_60_20,26,2.5,1.9000000000000001,2.4246565437526173,0.6148182120038237,1.9844506072182693,0.7833653347103827,0.24742093889267214,4.7288616240242085,5.0,0.6117387795062501,-0.0502413954712852,345404.0864687426,2.349660593508244,0.30620353088654784,1.6874232026257248,13.016212678022375,0.09448684870235391,3.2407000031414905,7.0,0.4522684625655833,-0.10973594319520652,0.5620044057607898,397538.88012020016
kama_cci_atr_allocation,133,-0.09475004785421759,39,5,56,30,0.0,100_60_20,28,2.1,2.0,2.470175947419065,0.6109750099019349,1.9760046304160368,0.6289813000919071,0.2573166982264662,4.906598316077596,7.0,0.6079174692920182,-0.05406270568551724,344645.4687694651,2.4003069382914832,0.3158389426791397,1.730051450615827,14.574234994444563,0.09448430848927447,3.3427660923717575,7.0,0.4672543579065722,-0.09475004785421759,0.5620044057607898,400153.0556239
kama_cci_atr_allocation,134,-0.11339052758271029,22,5,59,32,0.0,100_60_20,25,2.3,2.2,2.3646275523296043,0.6310606723253523,1.9289176810132194,0.7224406561735864,0.25453093064340493,4.610305512379676,5.0,0.6278747983239661,-0.03410537665356933,347908.0535864101,2.330837265061831,0.3038494835140495,1.6758531657131082,14.057506953101552,0.0949508534444723,3.200071115650815,6.0,0.4486138781780795,-0.11339052758271029,0.5620044057607898,397010.19738552
kama_cci_atr_allocation,135,-0.08933667915157484,37,5,57,34,5.0,100_60_20,27,2.2,2.1,2.3319096997794224,0.6091302382441003,1.95115697727826,0.8276567075117214,0.24742039816323202,4.497128440816172,6.0,0.6060824058338966,-0.055897769143638754,344981.57449140004,2.412029375574641,0.3193126682904559,1.7456858907351256,16.77331074375148,0.09494539505335486,3.363119065553597,6.0,0.47266772660921497,-0.08933667915157484,0.5620044057607898,400439.8411523901
kama_cci_atr_allocation,136,-0.09345172443465155,39,5,40,33,0.0,100_60_20,26,2.4000000000000004,1.9000000000000001,2.5123425531198857,0.6611719645792351,2.0169372969322863,0.748745727173895,0.2545250545043036,4.914183009519284,5.0,0.6578052027815091,-0.004174972196026194,352929.9354835452,2.398405698084858,0.3166724003075172,1.7358176685756919,15.562366164482505,0.0949511296427743,3.3351093504511633,6.0,0.46855268132613825,-0.09345172443465155,0.5620044057607898,399586.12808499014
kama_cci_atr_allocation,137,-0.10973594319520652,38,5,58,31,5.0,100_60_20,24,2.5,2.0,2.4246565437526173,0.6148182120038237,1.9844506072182693,0.7833653347103827,0.24742093889267214,4.7288616240242085,5.0,0.6117387795062501,-0.0502413954712852,345404.0864687426,2.349660593508244,0.30620353088654784,1.6874232026257248,13.016212678022375,0.09448684870235391,3.2407000031414905,7.0,0.4522684625655833,-0.10973594319520652,0.5620044057607898,397538.88012020016
kama_cci_atr_allocation,138,-0.1754405709718978,39,5,36,32,5.0,100_25_0,25,2.3,2.0,2.7218572529649627,0.6143490449933781,1.8823515522081178,2.1131391327674516,0.25527663151649704,5.011839589511955,18.0,0.6112602291292373,-0.05071994584829809,343088.7525963276,2.396348043298632,0.2636186938882088,1.562741813912202,10.787362047064962,0.0765911999706339,3.441892723828374,7.0,0.386563834788892,-0.1754405709718978,0.5620044057607898,384508.8757045802
kama_cci_atr_allocation,139,-0.14010256455286596,25,5,55,35,10.0,100_60_20,28,2.0,1.8,2.4707553164846137,0.6190461957428082,1.892522744335818,3.075238779960881,0.26575724707232584,4.509677531929264,10.0,0.6159292709194455,-0.04605090405808987,346066.3608070326,2.24219773909642,0.28659170847628945,1.6098497369119853,10.16440304180988,0.09494411603988728,3.018530483299128,10.0,0.42190184120792384,-0.14010256455286596,0.5620044057607898,392696.2127331802
kama_cci_atr_allocation,140,-0.12530925718070263,37,5,56,30,30.0,100_60_20,27,2.6,1.9000000000000001,2.2449762538216467,0.5985106880697472,1.9597897910112447,0.6704191556049826,0.2790436593705041,4.343473936624561,4.0,0.5955121706319215,-0.06646800434561384,343775.50457463757,2.299390909623615,0.29616045057576756,1.6589201655733303,13.641146007407112,0.09448021508748217,3.1346293009763304,6.0,0.4366951485800872,-0.12530925718070263,0.5620044057607898,393009.82489748014
kama_cci_atr_allocation,141,-0.0847829670784741,40,5,57,33,0.0,100_60_20,27,2.3,1.8,2.267168575612554,0.5561165160270317,1.7683439315511236,3.655808827492769,0.2474253699082929,3.9873472637130467,7.0,0.5533785008240137,-0.10860167415352168,336679.0082636401,2.428245499684268,0.3222319490465857,1.7653004964218577,17.887769747658428,0.09494987637694419,3.3937058302987992,8.0,0.4772214386823157,-0.0847829670784741,0.5620044057607898,400192.8401746602
kama_cci_atr_allocation,142,-0.08214425927137081,39,5,58,34,0.0,100_60_20,26,2.2,1.9000000000000001,2.3881884665316186,0.617562407349295,1.9714418259161905,0.8256643418878653,0.24742039816323202,4.62465385283711,6.0,0.6144653625406094,-0.04751481243692607,346163.51347249,2.4357152368527015,0.32392239426215874,1.7632929572074123,19.251874813808723,0.0949465723359354,3.4116281008657383,6.0,0.479860146489419,-0.08214425927137081,0.5620044057607898,400780.55013258016
kama_cci_atr_allocation,143,-0.22746988404005153,39,2,30,34,0.0,100_60_20,26,2.1,2.2,2.5759918164622815,0.5615948088145031,1.838764952814208,0.893232794982361,0.19074646876584822,5.160471627973555,7.0,0.5588255883822668,-0.1031545865952685,336133.4053264501,2.026750758320519,0.2294892962742714,1.3918548781329407,8.232085198485175,0.08785778702475211,2.6120541393743224,8.0,0.3345345217207383,-0.22746988404005153,0.5620044057607898,375056.93941685004
kama_cci_atr_allocation,144,-0.15329978544785394,39,5,59,17,0.0,100_60_20,26,2.2,2.1,2.467449721584301,0.608559649740394,1.9788508090083512,0.7468676655696607,0.22442977838610012,4.856319797362891,7.0,0.605501190021177,-0.05647898495635839,342904.8128782302,1.3481956797914083,0.27803146797893197,1.5691901484430775,0.8545610659568115,0.11776544736008854,2.3608917064510604,6.0,0.40870462031293586,-0.15329978544785394,0.5620044057607898,383942.98231875006
kama_cci_atr_allocation,145,-0.07605240531915713,38,5,58,32,5.0,100_60_20,18,2.4000000000000004,2.0,2.2653163806637955,0.5853978537302993,1.9150403712091184,0.5402383689249353,0.28138810161062056,4.46973487749996,6.0,0.5824906539539738,-0.0794895210235615,340259.0533318076,2.4567134240361144,0.3278217749902801,1.7846719656206194,19.66360382434795,0.0949483192344246,3.4526337868172035,6.0,0.48595200044163267,-0.07605240531915713,0.5620044057607898,402032.6778568802
kama_cci_atr_allocation,146,-0.24703253688932847,38,5,25,21,5.0,100_60_20,16,4.4,2.3,2.6697531574485818,0.5468937877350656,1.8495148431384831,0.47002094840213515,0.28405261888809796,5.563993940100399,3.0,0.5441820689332417,-0.11779810604429364,333830.9310877351,0.9974023608509561,0.21655956113131936,1.2835404031369981,0.24435256906140032,0.11555856057536817,1.8740243912096635,4.0,0.31497186887146134,-0.24703253688932847,0.5620044057607898,368427.9355364204
kama_cci_atr_allocation,147,-0.3640775070161548,36,5,58,32,10.0,100_60_20,18,2.2,0.5,1.5366472393197137,0.34721406973602054,1.17208819459429,2.29829544249894,0.3112262883030771,2.445717219521666,65.0,0.3455800949761201,-0.3164000800014153,302107.8743077553,0.8096243072375039,0.13801759514812173,0.8830119930673996,1.759684599586187,0.1308149098558481,1.0550601250286429,37.0,0.19792689874463498,-0.3640775070161548,0.5620044057607898,347055.81921491085
kama_cci_atr_allocation,148,-0.06904660653729788,38,5,54,31,5.0,100_60_20,17,2.5,2.0,2.249947053308741,0.587214534384396,1.9129001900204998,0.6450533063031109,0.2813831512607723,4.391450229507475,5.0,0.5842904767808403,-0.07768969819669508,341218.8934476651,2.487115623453391,0.33230055966583016,1.8054179332941667,21.6709212794526,0.0944876216592655,3.516868705449574,6.0,0.4929577992234919,-0.06904660653729788,0.5620044057607898,403101.63494816015
kama_cci_atr_allocation,149,-0.07430070363766772,37,5,54,31,5.0,100_60_20,17,2.6,2.1,2.4970419729332507,0.6478586939824396,2.0155303685464947,0.698203885647548,0.24311163519394563,4.90537488829155,5.0,0.6445815818878959,-0.01739859308963948,351246.46349465265,2.4694962048173132,0.3289421936626311,1.7908171939555033,22.951991111913273,0.09448864331652163,3.4812881433880696,6.0,0.4877037021231221,-0.07430070363766772,0.5620044057607898,402159.4309836701
kama_cci_atr_allocation,150,-0.06904660653729788,36,5,54,31,5.0,100_60_20,17,2.6,2.0,2.493899888035953,0.6469828894161336,2.01520996197158,0.698203885647548,0.24311163519394563,4.898295357259384,5.0,0.6437110760385674,-0.018269098938968054,351101.5568044876,2.487115623453391,0.33230055966583016,1.8054179332941667,21.6709212794526,0.0944876216592655,3.516868705449574,6.0,0.4929577992234919,-0.06904660653729788,0.5620044057607898,403101.63494816015
kama_cci_atr_allocation,151,-0.06904660653729788,36,5,54,31,5.0,100_60_20,17,2.6,2.0,2.493899888035953,0.6469828894161336,2.01520996197158,0.698203885647548,0.24311163519394563,4.898295357259384,5.0,0.6437110760385674,-0.018269098938968054,351101.5568044876,2.487115623453391,0.33230055966583016,1.8054179332941667,21.6709212794526,0.0944876216592655,3.516868705449574,6.0,0.4929577992234919,-0.06904660653729788,0.5620044057607898,403101.63494816015
kama_cci_atr_allocation,152,-0.07430070363766772,36,5,53,31,5.0,100_60_20,17,2.6,2.1,2.468365654898549,0.6412504590851291,1.9981220092393568,0.698203885647548,0.24311163519394563,4.845158977967308,5.0,0.6380110515931805,-0.023969123384354807,350034.8411712926,2.4694962048173132,0.3289421936626311,1.7908171939555033,22.951991111913273,0.09448864331652163,3.4812881433880696,6.0,0.4877037021231221,-0.07430070363766772,0.5620044057607898,402159.4309836701
kama_cci_atr_allocation,153,-0.07430070363766772,36,5,53,31,5.0,100_60_20,17,2.6,2.2,2.468365654898549,0.6412504590851291,1.9981220092393568,0.698203885647548,0.24311163519394563,4.845158977967308,5.0,0.6380110515931805,-0.023969123384354807,350034.8411712926,2.4694962048173132,0.3289421936626311,1.7908171939555033,22.951991111913273,0.09448864331652163,3.4812881433880696,6.0,0.4877037021231221,-0.07430070363766772,0.5620044057607898,402159.4309836701
kama_cci_atr_allocation,154,-0.10077705584744567,36,5,53,30,5.0,100_60_20,17,2.6,2.3,2.5246702481033076,0.6531271699045255,2.0208443389271946,0.7089103718765233,0.2406505324617324,4.964495602832811,5.0,0.6498138386647431,-0.012166336312792292,351829.6138213626,2.3809754201992064,0.3119671620272537,1.7200927769792624,19.82827965478026,0.09448927714006727,3.3016144420790265,6.0,0.46122734991334413,-0.10077705584744567,0.5620044057607898,398190.3510131302
kama_cci_atr_allocation,155,-0.08903649221235077,36,5,52,31,5.0,100_60_20,16,2.7,2.2,2.551253246606969,0.6723444017530421,2.0516575111063213,0.698203885647548,0.24311163519394563,5.009029622346475,4.0,0.668913253024435,0.006933078046899688,354876.28775455256,2.419696938867103,0.319505190155138,1.7475750003136434,18.469504477273265,0.09448879476552807,3.3814082500256597,6.0,0.47296791354843903,-0.08903649221235077,0.5620044057607898,400236.19351836015
kama_cci_atr_allocation,156,-0.11928091361153936,37,5,54,31,5.0,100_60_20,17,2.6,2.5,2.4970419729332507,0.6478586939824396,2.0155303685464947,0.698203885647548,0.24311163519394563,4.90537488829155,5.0,0.6445815818878959,-0.01739859308963948,351246.46349465265,2.065279424888667,0.3000517222474175,1.6467814890746242,19.030574661560248,0.11764658684244522,2.550449871097859,5.0,0.44272349214925044,-0.11928091361153936,0.5620044057607898,391543.85389805003
kama_cci_atr_allocation,157,-0.09071865245194055,36,5,54,30,5.0,100_60_20,17,2.9000000000000004,2.1,2.5502716291737584,0.6586245788902003,2.0448341338374023,0.7089103718765233,0.2406505324617324,5.015387580670571,3.0,0.6552802276815464,-0.0066999472959889395,352869.19945652515,2.4141124343211406,0.3184262098022437,1.7426354865333868,18.406083692765293,0.09448121880342164,3.3702593365646956,6.0,0.47128575330884925,-0.09071865245194055,0.5620044057607898,399826.86717053025
kama_cci_atr_allocation,158,-0.08903649221235077,37,5,52,31,5.0,100_60_20,18,2.8,2.1,2.497055398207976,0.647612915895097,2.022347983195015,0.698203885647548,0.24311163519394563,4.903035820200649,3.0,0.6443372412006587,-0.01764293377687659,351217.06245693506,2.419696938867103,0.319505190155138,1.7475750003136434,18.469504477273265,0.09448879476552807,3.3814082500256597,6.0,0.47296791354843903,-0.08903649221235077,0.5620044057607898,400236.19351836015
kama_cci_atr_allocation,159,-0.10077705584744567,35,5,53,30,5.0,100_60_20,15,2.5,2.4000000000000004,2.6051304076218744,0.6843220489919233,2.0667484445916924,0.7089103718765233,0.2406505324617324,5.125084297807959,5.0,0.6808147372782724,0.01883456230073699,356644.9392936201,2.3809754201992064,0.3119671620272537,1.7200927769792624,19.82827965478026,0.09448927714006727,3.3016144420790265,6.0,0.46122734991334413,-0.10077705584744567,0.5620044057607898,398190.3510131302
kama_cci_atr_allocation,160,-0.07772629149847021,37,5,54,32,0.0,100_60_20,18,2.5,2.0,2.4148905124726148,0.6290094013285847,1.9671183582515164,0.6443631994166871,0.28138810161062056,4.752451937730283,5.0,0.625836409623078,-0.0361437653544574,347671.9339636726,2.4508506217179695,0.3267507778137235,1.778520347796851,19.527316289608674,0.09495153053930705,3.4412376078388607,6.0,0.4842781142623196,-0.07772629149847021,0.5620044057607898,401962.8451698002
kama_cci_atr_allocation,161,-0.09235251746498019,37,5,54,32,0.0,100_60_20,18,2.7,2.0,2.5306207757992554,0.6554971510496228,2.0332148755854704,0.6975888398163562,0.24311644180017367,4.977203774953469,3.0,0.6521729579542228,-0.009807217023312609,352224.05560144264,2.4016304788483995,0.3173778716720088,1.7354624672103003,16.210179191211846,0.09494721594479039,3.342676965447378,6.0,0.4696518882958096,-0.09235251746498019,0.5620044057607898,400062.1383462601
kama_cci_atr_allocation,162,-0.16211245534279017,14,5,55,31,0.0,100_60_20,17,2.5,2.1,2.187368181339172,0.5832835598825985,1.87431210614062,0.4832520633025083,0.29380515820078557,4.313093998769708,5.0,0.5803726193605292,-0.08160755561700617,340008.8476573902,2.1164132461562444,0.2723025345637,1.5488736692823004,13.087976406265504,0.09939563815588803,2.7395823359635956,7.0,0.39989195041799963,-0.16211245534279017,0.5620044057607898,387330.9816666503
kama_cci_atr_allocation,163,-0.07605240531915713,38,5,53,32,5.0,100_60_20,16,2.6,2.0,2.3063500289577097,0.6016176682161674,1.9397085733742125,0.6975888398163562,0.24311644180017367,4.491920568280563,5.0,0.5986167352141911,-0.06336343976334424,343577.65511649003,2.4567134240361144,0.3278217749902801,1.7846719656206194,19.66360382434795,0.0949483192344246,3.4526337868172035,6.0,0.48595200044163267,-0.07605240531915713,0.5620044057607898,402032.6778568802
kama_cci_atr_allocation,164,-0.08132914803948421,38,5,53,32,5.0,100_60_20,16,2.6,2.2,2.3063500289577097,0.6016176682161674,1.9397085733742125,0.6975888398163562,0.24311644180017367,4.491920568280563,5.0,0.5986167352141911,-0.06336343976334424,343577.65511649003,2.439038617749391,0.3244444088463281,1.7699452557490105,20.687945991527695,0.09495071053415371,3.4169771560543047,6.0,0.4806752577213056,-0.08132914803948421,0.5620044057607898,401081.69088333007
kama_cci_atr_allocation,165,-0.09235251746498019,38,5,50,32,0.0,100_60_20,17,2.8,2.0,2.4922532416584087,0.6516324925248924,2.021511026925242,0.6975888398163562,0.24311644180017367,4.888567028664674,3.0,0.6483296917407403,-0.013650483236795075,351627.8355318201,2.4016304788483995,0.3173778716720088,1.7354624672103003,16.210179191211846,0.09494721594479039,3.342676965447378,6.0,0.4696518882958096,-0.09235251746498019,0.5620044057607898,400062.1383462601
kama_cci_atr_allocation,166,-0.19034275145756463,37,3,51,31,0.0,100_60_20,18,2.7,2.0,2.568401144954161,0.5900836470644995,1.9201872027838094,0.569253181892811,0.2695286434686013,5.211129104298491,4.0,0.5871473361812506,-0.07483283879628477,341268.2014429601,2.038846111263535,0.2538811497112292,1.4750651922263986,9.410915963959718,0.09803833672056028,2.589610944082715,7.0,0.3716616543032252,-0.19034275145756463,0.5620044057607898,381947.2286657302
kama_cci_atr_allocation,167,-0.16817487776884055,38,5,53,32,5.0,100_25_0,15,2.5,2.1,2.5638787854608704,0.5559845645149372,1.8194321086522947,5.613361767135885,0.23351075917596376,4.685367092551138,20.0,0.5532524936088195,-0.10872768136871597,334379.5423256851,2.425845225632196,0.26835553101521126,1.582902750873483,12.798812540636911,0.07658787626323693,3.5038904864375384,6.0,0.39382952799194926,-0.16817487776884055,0.5620044057607898,385430.77840556024
kama_cci_atr_allocation,168,-0.09715962093164854,37,5,54,30,10.0,100_60_20,16,2.6,2.2,2.5035151460127745,0.6478764129011032,2.0173385355577294,0.7063539931650452,0.2406505324617324,4.917810463471545,5.0,0.6445981623327277,-0.017382012644807654,351190.1051212176,2.3936900276515907,0.3142915637642847,1.733170284627692,22.066973121642125,0.09448313418352561,3.326430335744362,6.0,0.46484478482914127,-0.09715962093164854,0.5620044057607898,397188.0562779102
kama_cci_atr_allocation,169,-0.13217109916501224,38,5,56,40,95.0,100_60_20,17,2.9000000000000004,2.1,2.471900847895048,0.5766028737221773,2.033482362114672,0.5562097583473287,0.22604722359792684,4.942376193250063,2.0,0.5737399527904115,-0.0882402221871239,337776.6091963826,1.5979991919330698,0.2917255093196973,1.737157351518087,0.3780066134219245,0.09444037255571447,3.088991513111575,4.0,0.42983330659577756,-0.13217109916501224,0.5620044057607898,389791.8572494303
kama_cci_atr_allocation,170,-0.0907402015966925,36,5,51,32,5.0,100_60_20,18,2.6,1.9000000000000001,2.4614228896840262,0.6540711207793215,2.0015092400377084,0.6975888398163562,0.24311644180017367,4.817167053039297,5.0,0.6507514983208672,-0.011228676656668157,351605.6636067551,2.4072781961404552,0.3184123853600238,1.7414595700960347,16.30186760557718,0.09494567657003028,3.3536270092842866,6.0,0.4712642041640973,-0.0907402015966925,0.5620044057607898,400119.4118424101
kama_cci_atr_allocation,171,-0.07179680674707467,36,5,55,31,0.0,100_60_20,17,2.5,2.0,2.3460868947568474,0.6133015540705096,1.9270993734308937,0.6470188632796875,0.28138810161062056,4.6062109546283185,5.0,0.6102248408258414,-0.05175533415169398,345130.8921534876,2.470761684362528,0.33054307890016976,1.7950899620072274,19.735538936549144,0.09494481591454806,3.4814231373902933,6.0,0.49020759901371513,-0.07179680674707467,0.5620044057607898,403254.57001948013
kama_cci_atr_allocation,172,-0.07179680674707467,37,5,56,31,0.0,100_60_20,17,2.5,2.0,2.337631010914738,0.6132434826923476,1.9270630720665416,0.6470188632796875,0.28138810161062056,4.585128493166842,5.0,0.6101664430535092,-0.05181373192402611,345033.31031987263,2.470761684362528,0.33054307890016976,1.7950899620072274,19.735538936549144,0.09494481591454806,3.4814231373902933,6.0,0.49020759901371513,-0.07179680674707467,0.5620044057607898,403254.57001948013
kama_cci_atr_allocation,173,-0.06852478358840264,35,5,55,30,0.0,100_60_20,16,2.5,2.0,2.47318057824687,0.6505074560345283,1.9859062849278475,0.6477003486762869,0.2813831512607723,4.873789904949421,5.0,0.647201475173293,-0.014778699804242401,350747.8506750926,2.4885872902251664,0.3326339201907056,1.8048530739911146,20.559823485477768,0.0944858565180382,3.5204625586179956,6.0,0.49347962217238717,-0.06852478358840264,0.5620044057607898,403838.76744802005
kama_cci_atr_allocation,174,-0.0871779049409045,35,5,55,30,0.0,100_60_20,16,2.6,2.3,2.589756223158562,0.6773530586637623,2.04488550964297,0.7006888736656439,0.24311163519394563,5.103145353075045,5.0,0.6738933019725266,0.011913126994991252,355347.9468437451,2.4256751602070086,0.32069692831962393,1.750903589117941,18.215930657813228,0.09448811728181294,3.3940450666737076,6.0,0.4748265008198853,-0.0871779049409045,0.5620044057607898,401278.88590982003
kama_cci_atr_allocation,175,-0.09176184520834063,36,5,56,31,0.0,100_60_20,17,2.7,2.2,2.4693379552264143,0.6415801117476838,2.0011931999958192,0.7000811687057094,0.24311644180017367,4.8454866677370365,3.0,0.6383412797458703,-0.023638895231665125,349979.20574936015,2.4036433936502206,0.31775690338405305,1.7372325326398461,17.04539697065017,0.09494610090581868,3.3467082939956687,6.0,0.4702425605524492,-0.09176184520834063,0.5620044057607898,400389.07723538013
kama_cci_atr_allocation,176,-0.0654864319077395,35,5,55,29,0.0,100_60_20,16,2.5,2.0,2.514070985153118,0.6589054689734379,2.006449975748776,0.6405073391836745,0.2813905850536106,4.964724626666466,5.0,0.6555446094973001,-0.006435565480235272,352188.5131126301,2.498985294872103,0.33457427910143744,1.8146383573211897,21.37188714743658,0.0944842611203367,3.5410583216110267,6.0,0.4965179738530503,-0.0654864319077395,0.5620044057607898,404184.0927203401
kama_cci_atr_allocation,177,-0.07706572554910407,35,5,55,31,0.0,100_60_20,17,2.5,2.1,2.443835916652772,0.6436535588309071,1.9705288902094567,0.6470188632796875,0.28138810161062056,4.811580190817878,5.0,0.6403898303382136,-0.021590344639321635,349659.77877332765,2.4531364944125857,0.32717346655233515,1.780436544717137,20.75744605776843,0.09494690137360451,3.4458572298736465,6.0,0.48493868021168574,-0.07706572554910407,0.5620044057607898,402305.50077566016
kama_cci_atr_allocation,178,-0.08026965264784702,34,5,56,29,0.0,100_60_20,14,2.8,2.0,2.619308135357468,0.6840827144460884,2.072238628556297,0.6943390218364656,0.24311609240295295,5.164112823269637,3.0,0.6805783309923434,0.018598156014808187,356501.28598951007,2.4491936765084112,0.32512281024353173,1.7715147863383158,17.503395584106904,0.09448025139473848,3.4411721544343554,6.0,0.4817347531129428,-0.08026965264784702,0.5620044057607898,402259.08267622004
kama_cci_atr_allocation,179,-0.07381776268051876,36,5,55,30,0.0,100_60_20,15,2.4000000000000004,2.1,2.364551637032121,0.623365950281711,1.9508214656979732,0.5426093764403379,0.2813831512607723,4.675097187083091,6.0,0.6202296331954881,-0.04175054178204729,346736.9567257351,2.470865391183052,0.3292510251258032,1.790178468054738,21.68071426165968,0.09448541965071933,3.484675480544331,6.0,0.48818664308027104,-0.07381776268051876,0.5620044057607898,402884.5639499001
kama_cci_atr_allocation,180,-0.07381776268051876,35,5,55,30,0.0,100_60_20,15,2.5,2.1,2.563874049050471,0.6743145265437653,2.0379300750823375,0.7006888736656439,0.24311163519394563,5.043322720753895,5.0,0.6708723062571601,0.008892131279624738,354817.4655970126,2.470865391183052,0.3292510251258032,1.790178468054738,21.68071426165968,0.09448541965071933,3.484675480544331,6.0,0.48818664308027104,-0.07381776268051876,0.5620044057607898,402884.5639499001
kama_cci_atr_allocation,181,-0.07381776268051876,35,5,54,30,0.0,100_60_20,15,2.5,2.1,2.5854329026378102,0.676878756699608,2.0429666210678894,0.7006888736656439,0.24311163519394563,5.093411675603968,5.0,0.6734217434402505,0.011441568462715157,355294.7386510226,2.470865391183052,0.3292510251258032,1.790178468054738,21.68071426165968,0.09448541965071933,3.484675480544331,6.0,0.48818664308027104,-0.07381776268051876,0.5620044057607898,402884.5639499001
kama_cci_atr_allocation,182,-0.07381776268051876,33,5,54,30,0.0,100_60_20,15,2.5,2.2,2.513452093477784,0.6675953122376078,2.0243541469847908,0.7006888736656439,0.24311163519394563,4.927388603374165,5.0,0.664191540807853,0.0022113658303176686,353727.48522715765,2.470865391183052,0.3292510251258032,1.790178468054738,21.68071426165968,0.09448541965071933,3.484675480544331,6.0,0.48818664308027104,-0.07381776268051876,0.5620044057607898,402884.5639499001
kama_cci_atr_allocation,183,-0.07078969692058745,33,5,54,29,0.0,100_60_20,15,2.5,2.2,2.5536395014610465,0.6758474203152998,2.044826529855674,0.6943390218364656,0.24311609240295295,5.016385456021887,5.0,0.6723901973316422,0.010410022354106874,355147.42164204764,2.4812241168292664,0.33118676657943413,1.7999599206677257,22.596530673055415,0.09448496989847432,3.5051793627631973,6.0,0.49121470884020235,-0.07078969692058745,0.5620044057607898,403230.54187236016
kama_cci_atr_allocation,184,-0.08535643246922486,33,5,54,29,0.0,100_60_20,15,2.5,2.3,2.5536395014610465,0.6758474203152998,2.044826529855674,0.6943390218364656,0.24311609240295295,5.016385456021887,5.0,0.6723901973316422,0.010410022354106874,355147.42164204764,2.431999023736163,0.32186445434101896,1.7568434738257042,18.585492491495867,0.09448293757270454,3.406588137602565,6.0,0.47664797329156494,-0.08535643246922486,0.5620044057607898,401479.9415417401
kama_cci_atr_allocation,185,-0.07381776268051876,34,5,54,30,0.0,100_60_20,14,2.7,2.2,2.5353457978475116,0.6703831820225038,2.037930087589868,0.7006888736656439,0.24311163519394563,4.974944950791143,3.0,0.6669635443598001,0.004983369382264735,354268.58673878515,2.470865391183052,0.3292510251258032,1.790178468054738,21.68071426165968,0.09448541965071933,3.484675480544331,6.0,0.48818664308027104,-0.07381776268051876,0.5620044057607898,402884.5639499001
kama_cci_atr_allocation,186,-0.08550290783825587,33,5,54,29,0.0,100_60_20,14,2.7,2.2,2.5755308084840727,0.6786293762437094,2.058546838800176,0.6943390218364656,0.24311609240295295,5.06388609649999,3.0,0.6751563303759152,0.013176155398379852,355687.59592765506,2.4315666520474473,0.32177058180552676,1.7568734824965373,18.278179751191182,0.0944833561624655,3.405579510239217,6.0,0.47650149792253393,-0.08550290783825587,0.5620044057607898,401314.9659406001
kama_cci_atr_allocation,187,-0.07381776268051876,35,5,52,30,0.0,100_60_20,13,2.7,2.2,2.539076177998376,0.6708678089558173,2.039543759945434,0.7006888736656439,0.24311163519394563,4.983302997027871,3.0,0.6674453985215618,0.005465223544026454,354326.6333477526,2.470865391183052,0.3292510251258032,1.790178468054738,21.68071426165968,0.09448541965071933,3.484675480544331,6.0,0.48818664308027104,-0.07381776268051876,0.5620044057607898,402884.5639499001
kama_cci_atr_allocation,188,-0.10173270763112985,34,5,52,30,0.0,100_60_20,13,3.0,2.4000000000000004,2.7259527992320693,0.6902273059815442,2.0820775535565565,1.25,0.19877188559663417,5.214061846574038,2.0,0.6866898387041539,0.024709663726618536,357446.06261358014,2.3764288740696458,0.31135283010996884,1.7078451705638018,15.29435245365461,0.09448141579363223,3.295387008065486,6.0,0.46027169812965996,-0.10173270763112985,0.5620044057607898,399383.5523999601
kama_cci_atr_allocation,189,-0.08550290783825587,35,5,55,29,0.0,100_60_20,14,2.8,2.3,2.630079708440998,0.6853720648126802,2.0721448979471377,0.6943390218364656,0.24311609240295295,5.190111755388509,3.0,0.6818602285327136,0.019880053555178245,356741.1396422701,2.4315666520474473,0.32177058180552676,1.7568734824965373,18.278179751191182,0.0944833561624655,3.405579510239217,6.0,0.47650149792253393,-0.08550290783825587,0.5620044057607898,401314.9659406001
kama_cci_atr_allocation,190,-0.11153939915512745,34,5,54,28,0.0,100_60_20,15,2.7,2.1,2.572352786609452,0.6781091997679081,2.0510476545864993,0.6943390218364656,0.24311609240295295,5.059142557829709,4.0,0.6746393955829593,0.012659220605424015,355596.0256206751,2.3436115398138924,0.3050420715564257,1.6822189138954988,14.912256352155563,0.09448237530745207,3.228560570834487,6.0,0.45046500660566235,-0.11153939915512745,0.5620044057607898,396312.75685998006
kama_cci_atr_allocation,191,-0.07600931888991536,34,5,52,30,5.0,100_60_20,15,2.6,2.2,2.574316920970462,0.6800643810850512,2.059971609693745,0.7089103718765233,0.2406505324617324,5.053779062906324,5.0,0.676581398531357,0.014601223553821652,355922.3414968376,2.4637932582817657,0.3278493383147596,1.7858359085615922,22.87308390788758,0.09448455336023998,3.4698723405589154,6.0,0.48599508687087445,-0.07600931888991536,0.5620044057607898,401745.4511094702
kama_cci_atr_allocation,192,-0.07600931888991536,35,5,53,30,5.0,100_60_20,14,2.5,2.2,2.6051304076218744,0.6843220489919233,2.0667484445916924,0.7089103718765233,0.2406505324617324,5.125084297807959,5.0,0.6808147372782724,0.01883456230073699,356644.9392936201,2.4637932582817657,0.3278493383147596,1.7858359085615922,22.87308390788758,0.09448455336023998,3.4698723405589154,6.0,0.48599508687087445,-0.07600931888991536,0.5620044057607898,401745.4511094702
kama_cci_atr_allocation,193,-0.07078969692058745,33,5,55,29,0.0,100_60_20,13,2.6,2.1,2.567585623804879,0.6788099334666513,2.057036968368112,0.6943390218364656,0.24311609240295295,5.044454325751461,5.0,0.6753352577803073,0.013355082802771923,355543.03523819766,2.4812241168292664,0.33118676657943413,1.7999599206677257,22.596530673055415,0.09448496989847432,3.5051793627631973,6.0,0.49121470884020235,-0.07078969692058745,0.5620044057607898,403230.54187236016
kama_cci_atr_allocation,194,-0.11661984443710072,31,5,55,30,40.0,100_60_20,12,2.5,2.1,2.4658512456741812,0.6486739537937074,2.0571817570745496,0.8246674816566077,0.22601513809438534,4.763746680295254,4.0,0.6453841448541784,-0.01659603012335692,350853.85517242516,2.3327232929783657,0.3017679616114035,1.7098348519902218,16.78011544266025,0.09448285745394447,3.1938911432531545,6.0,0.4453845613236891,-0.11661984443710072,0.5620044057607898,394097.56390281016
kama_cci_atr_allocation,195,-0.08550290783825587,33,5,55,29,0.0,100_60_20,13,2.7,2.1,2.5755308084840727,0.6786293762437094,2.058546838800176,0.6943390218364656,0.24311609240295295,5.06388609649999,3.0,0.6751563303759152,0.013176155398379852,355687.59592765506,2.4315666520474473,0.32177058180552676,1.7568734824965373,18.278179751191182,0.0944833561624655,3.405579510239217,6.0,0.47650149792253393,-0.08550290783825587,0.5620044057607898,401314.9659406001
kama_cci_atr_allocation,196,-0.09705222396048518,32,5,54,28,0.0,100_60_20,14,2.6,2.3,2.5812424640753053,0.6830349475868853,2.0545879130020532,0.6943390218364656,0.24311609240295295,5.076352598169645,5.0,0.6795341256204575,0.017553950642922034,356231.1294866726,2.392785544694286,0.31436054730776775,1.725421711105141,17.76989641341185,0.0944873073344269,3.327013502407524,6.0,0.4649521818003046,-0.09705222396048518,0.5620044057607898,398199.91091586003
kama_cci_atr_allocation,197,-0.07078969692058745,34,5,55,29,0.0,100_60_20,13,2.5,2.1,2.557127023482414,0.6763364643502925,2.0464388047434885,0.6943390218364656,0.24311609240295295,5.024133570706542,5.0,0.6728764584049882,0.010896283427452857,355206.6981273351,2.4812241168292664,0.33118676657943413,1.7999599206677257,22.596530673055415,0.09448496989847432,3.5051793627631973,6.0,0.49121470884020235,-0.07078969692058745,0.5620044057607898,403230.54187236016
kama_cci_atr_allocation,198,-0.08535643246922486,35,5,55,29,0.0,100_60_20,15,2.5,2.4000000000000004,2.604061457033733,0.6825666346214574,2.0584024579532207,0.6943390218364656,0.24311609240295295,5.132319573401617,5.0,0.6790709627809492,0.017090787803413943,356237.4020119026,2.431999023736163,0.32186445434101896,1.7568434738257042,18.585492491495867,0.09448293757270454,3.406588137602565,6.0,0.47664797329156494,-0.08535643246922486,0.5620044057607898,401479.9415417401
kama_cci_atr_allocation,199,-0.14897263320701182,33,5,56,29,0.0,100_25_0,13,2.4000000000000004,2.2,3.022844897200073,0.672785052536969,2.0018029103437565,2.303075639762983,0.23648738263678193,6.459165639174974,19.0,0.6693430427782865,0.007362867800751072,352799.58760323765,2.5051961705570274,0.2808407308207348,1.6437650970865483,14.602323850741561,0.07655670883600874,3.668401307876499,6.0,0.413031772553778,-0.14897263320701182,0.5620044057607898,389322.5094938103
kama_cci_atr_allocation,200,-0.12002446841050074,34,5,55,27,0.0,100_60_20,12,2.4000000000000004,3.6,2.6399082429174037,0.6779342557108897,2.055594122066427,1.1883813314467646,0.24785069608718158,5.041191325835603,5.0,0.6744656091175909,0.012485434140055596,355190.8218828051,1.416166973225994,0.29957201068621453,1.6517655921153995,0.0,0.10694319906435845,2.801225447781228,2.0,0.44197993735028906,-0.12002446841050074,0.5620044057607898,392889.2465250201
kama_cci_atr_allocation,201,-0.08853494042165244,35,5,53,30,0.0,100_60_20,16,2.7,2.1,2.568480669162843,0.6746818337492886,2.0428292166346482,0.7006888736656439,0.24311163519394563,5.05272713620551,4.0,0.6712375188349111,0.009257343857375755,355038.07576928765,2.421134829032564,0.31982683046805715,1.7469517415122215,17.662599876983517,0.0944849360340565,3.384950489385711,6.0,0.47346946533913736,-0.08853494042165244,0.5620044057607898,400968.36274291016
kama_cci_atr_allocation,202,-0.12879417240960245,32,5,54,30,65.0,100_60_20,14,2.5,2.1,2.7800437341272577,0.6593144226449477,2.1492845171033412,0.7538437371210611,0.2260395911253048,5.554599784924072,5.0,0.6559464836869187,-0.006033691290616761,351116.10184341273,2.386711177769133,0.2939088362509974,1.7191501540130436,24.241060319339965,0.08819891399879642,3.3323407616448444,5.0,0.43321023335118736,-0.12879417240960245,0.5620044057607898,392027.27682187024
kama_cci_atr_allocation,203,-0.07430070363766772,35,5,54,31,5.0,100_60_20,16,2.6,2.1,2.6166202361947652,0.6801762335799296,2.063271637192356,0.698203885647548,0.24311163519394563,5.162229243708717,5.0,0.6766998106706044,0.014719635693069055,356147.13646851515,2.4694962048173132,0.3289421936626311,1.7908171939555033,22.951991111913273,0.09448864331652163,3.4812881433880696,6.0,0.4877037021231221,-0.07430070363766772,0.5620044057607898,402159.4309836701
kama_cci_atr_allocation,204,-0.07381776268051876,36,5,52,30,0.0,100_60_20,13,2.5,2.3,2.5256230003556728,0.6693469598275291,2.026532071223878,0.7006888736656439,0.24311163519394563,4.955687908092339,5.0,0.6659332091755649,0.003953034198029448,354022.1628561526,2.470865391183052,0.3292510251258032,1.790178468054738,21.68071426165968,0.09448541965071933,3.484675480544331,6.0,0.48818664308027104,-0.07381776268051876,0.5620044057607898,402884.5639499001
kama_cci_atr_allocation,205,-0.10758410724832301,34,5,56,29,0.0,100_60_20,13,2.4000000000000004,2.4000000000000004,2.784289874224929,0.7009682936310507,2.102463622678357,1.25,0.19877746549079411,5.344220823384048,4.0,0.6973636024109902,0.035383427433454795,359112.5839074401,2.356896302383424,0.3075888174603916,1.693159951143066,14.480653894154084,0.09448550684688228,3.255407392361795,7.0,0.4544202985124668,-0.10758410724832301,0.5620044057607898,398716.24638975016
kama_cci_atr_allocation,206,-0.09705222396048518,36,5,52,28,0.0,100_60_20,12,2.5,2.3,2.7533316287691223,0.6968098476295265,2.0853697515891505,1.25,0.19877746549079411,5.276348228650482,4.0,0.6932292254240467,0.031249050446511384,358512.06298133766,2.392785544694286,0.31436054730776775,1.725421711105141,17.76989641341185,0.0944873073344269,3.327013502407524,6.0,0.4649521818003046,-0.09705222396048518,0.5620044057607898,398199.91091586003
kama_cci_atr_allocation,207,-0.08853494042165244,33,5,55,30,0.0,100_60_20,15,2.8,2.2,2.5353457978475116,0.6703831820225038,2.037930087589868,0.7006888736656439,0.24311163519394563,4.974944950791143,3.0,0.6669635443598001,0.004983369382264735,354268.58673878515,2.421134829032564,0.31982683046805715,1.7469517415122215,17.662599876983517,0.0944849360340565,3.384950489385711,6.0,0.47346946533913736,-0.08853494042165244,0.5620044057607898,400968.36274291016
kama_cci_atr_allocation,208,-0.0970021393387619,35,5,54,30,0.0,100_50_0,13,2.5,1.9000000000000001,3.0706838370749376,0.6843929250227836,2.012932040022555,2.2965537315314495,0.23671123008636896,5.713728703964036,20.0,0.6808892224941929,0.018909047516657507,355770.6692736476,2.4770752725789005,0.3143927173204346,1.7527758070186292,17.57668898268416,0.08912744046523957,3.5274514299897386,7.0,0.4650022664220279,-0.0970021393387619,0.5620044057607898,398565.8012059302
kama_cci_atr_allocation,209,-0.08026965264784702,36,5,56,29,0.0,100_60_20,15,2.7,2.0,2.537361255447907,0.6562740455246667,2.0378096780997885,0.6943390218364656,0.24311609240295295,4.992969443530608,3.0,0.6529438143804569,-0.009036360597078463,352438.81216152763,2.4491936765084112,0.32512281024353173,1.7715147863383158,17.503395584106904,0.09448025139473848,3.4411721544343554,6.0,0.4817347531129428,-0.08026965264784702,0.5620044057607898,402259.08267622004
kama_cci_atr_allocation,210,-0.09445780736445308,32,5,49,31,0.0,100_60_20,14,2.4000000000000004,2.3,2.3448145271337433,0.6300695978675007,1.9318907190820163,0.537845761713701,0.28138810161062056,4.629623492975797,6.0,0.6268875574831998,-0.03509261749433551,347540.44196632516,2.3948036294711956,0.3160265644822813,1.7316348942638722,16.240469210016336,0.09495285340495196,3.32824715792901,6.0,0.4675465983963367,-0.09445780736445308,0.5620044057607898,399857.81715409004
kama_cci_atr_allocation,211,-0.07430070363766772,36,5,53,31,5.0,100_60_20,13,2.6,2.1,2.482417922119759,0.6441704419897145,2.0121806413651337,0.698203885647548,0.24311163519394563,4.872831946753004,4.0,0.6409139346646573,-0.021066240312878015,350385.13520634756,2.4694962048173132,0.3289421936626311,1.7908171939555033,22.951991111913273,0.09448864331652163,3.4812881433880696,6.0,0.4877037021231221,-0.07430070363766772,0.5620044057607898,402159.4309836701
kama_cci_atr_allocation,212,-0.07600931888991536,34,5,53,30,5.0,100_60_20,16,2.6,2.1,2.574316920970462,0.6800643810850512,2.059971609693745,0.7089103718765233,0.2406505324617324,5.053779062906324,5.0,0.676581398531357,0.014601223553821652,355922.3414968376,2.4637932582817657,0.3278493383147596,1.7858359085615922,22.87308390788758,0.09448455336023998,3.4698723405589154,6.0,0.48599508687087445,-0.07600931888991536,0.5620044057607898,401745.4511094702
kama_cci_atr_allocation,213,-0.07430070363766772,28,5,52,31,5.0,100_60_20,16,2.5,2.2,2.379148951729656,0.6329713900637033,1.9466904921197237,0.6351831720422609,0.2813831512607723,4.671236833853568,5.0,0.6297690804894314,-0.03221109448810394,348272.3614390901,2.4694962048173132,0.3289421936626311,1.7908171939555033,22.951991111913273,0.09448864331652163,3.4812881433880696,6.0,0.4877037021231221,-0.07430070363766772,0.5620044057607898,402159.4309836701
kama_cci_atr_allocation,214,-0.07381776268051876,35,5,55,30,0.0,100_60_20,11,2.6,2.0,2.589894697804437,0.6771258705914746,2.0515281467368296,0.7006888736656439,0.24311163519394563,5.101170609679661,3.0,0.6736674425165985,0.011687267539063129,355322.1304534001,2.470865391183052,0.3292510251258032,1.790178468054738,21.68071426165968,0.09448541965071933,3.484675480544331,6.0,0.48818664308027104,-0.07381776268051876,0.5620044057607898,402884.5639499001
kama_cci_atr_allocation,215,-0.09607349367537665,35,5,55,28,0.0,100_60_20,11,2.4000000000000004,1.9000000000000001,2.5935719895842078,0.6799955876996486,2.0481068213572415,0.6755610044661267,0.24311609240295295,5.1189230218612165,5.0,0.6765150692403962,0.014534894262860865,355700.6392322926,2.396039641224692,0.314989142080488,1.7275859096357222,16.87504020710929,0.09448413307427694,3.3337781893269334,7.0,0.46593091208541315,-0.09607349367537665,0.5620044057607898,398110.9583423502
kama_cci_atr_allocation,216,-0.07381776268051876,34,5,54,30,0.0,100_60_20,11,2.7,2.0,2.5353457978475116,0.6703831820225038,2.037930087589868,0.7006888736656439,0.24311163519394563,4.974944950791143,3.0,0.6669635443598001,0.004983369382264735,354268.58673878515,2.470865391183052,0.3292510251258032,1.790178468054738,21.68071426165968,0.09448541965071933,3.484675480544331,6.0,0.48818664308027104,-0.07381776268051876,0.5620044057607898,402884.5639499001
kama_cci_atr_allocation,217,-0.0728281586802193,34,5,55,30,0.0,100_60_20,11,2.7,1.9000000000000001,2.531584102440882,0.6688208181578554,2.0348989389766547,0.6819257801051125,0.24311163519394563,4.974883034748695,3.0,0.6654103454532156,0.0034301704756803386,353922.1732348226,2.474133501391272,0.3298837689412095,1.792301490945495,20.384533999349483,0.09448234452433679,3.4914858495730696,7.0,0.4891762470805705,-0.0728281586802193,0.5620044057607898,402795.34390976024
kama_cci_atr_allocation,218,-0.0697905464065387,34,5,56,29,0.0,100_60_20,12,2.5,1.9000000000000001,2.594196521611167,0.6812844226378245,2.0584095327805954,0.6943390218364656,0.24311609240295295,5.108614397691241,5.0,0.6777961231229979,0.015815948145462555,355998.6687567926,2.484523153640574,0.3318252450870356,1.802101235841774,21.189698149963156,0.09448179235658671,3.512054934718887,7.0,0.4922138593542511,-0.0697905464065387,0.5620044057607898,403141.7849851202
kama_cci_atr_allocation,219,-0.0697905464065387,33,5,56,29,0.0,100_60_20,12,2.5,1.8,2.579266447634836,0.6709339383549071,2.0351304799405723,0.7705846253659882,0.24311609240295295,5.059174697888585,6.0,0.6675053251018974,0.00552515012436211,353939.41805734014,2.484523153640574,0.3318252450870356,1.802101235841774,21.189698149963156,0.09448179235658671,3.512054934718887,7.0,0.4922138593542511,-0.0697905464065387,0.5620044057607898,403141.7849851202
kama_cci_atr_allocation,220,-0.08454655670248168,33,5,56,29,0.0,100_60_20,12,2.8,1.8,2.6040443618225657,0.6737317347990524,2.048945990063743,0.7705846253659882,0.24311609240295295,5.1138443362056325,4.0,0.6702870556379548,0.008306880660419458,354442.28890907514,2.4345874537584473,0.3223834364717264,1.758909501690922,17.354051156811643,0.09449009648320827,3.411822492201781,7.0,0.4774578490583081,-0.08454655670248168,0.5620044057607898,401218.3282343402
kama_cci_atr_allocation,221,-0.0697905464065387,34,5,56,29,0.0,100_60_20,12,2.5,1.9000000000000001,2.594196521611167,0.6812844226378245,2.0584095327805954,0.6943390218364656,0.24311609240295295,5.108614397691241,5.0,0.6777961231229979,0.015815948145462555,355998.6687567926,2.484523153640574,0.3318252450870356,1.802101235841774,21.189698149963156,0.09448179235658671,3.512054934718887,7.0,0.4922138593542511,-0.0697905464065387,0.5620044057607898,403141.7849851202
kama_cci_atr_allocation,222,-0.17313975363939904,34,5,56,28,0.0,100_60_20,12,1.3,1.9000000000000001,2.816636350543827,0.6440380986235011,1.9082125359869933,8.158186701599478,0.2611049550917609,4.848464230060458,24.0,0.64073932055651,-0.021240854421025412,351299.9612767851,1.8331265207093603,0.2651194630128837,1.5038448242037086,3.5631620707939407,0.10222797859464461,2.59341392305269,13.0,0.38886465212139076,-0.17313975363939904,0.5620044057607898,381899.9814808604
kama_cci_atr_allocation,223,-0.0922541428568624,33,5,56,29,0.0,100_60_20,12,2.3,1.8,2.4809903021626685,0.6511116071262584,1.9914045920563153,0.5956270711460812,0.2813905850536106,4.91032954097357,7.0,0.6477943236538253,-0.01418585132371003,350508.0145293476,2.408882425741747,0.3174410012157598,1.7384141080855051,16.02589504357424,0.09448650490034805,3.359643808928639,8.0,0.4697502629039274,-0.0922541428568624,0.5620044057607898,400349.2250440104
kama_cci_atr_allocation,224,-0.0654864319077395,31,5,55,29,0.0,100_60_20,15,2.4000000000000004,1.9000000000000001,2.4122148979725986,0.6456527089303364,1.9653115001009451,0.5375069973979549,0.2813905850536106,4.774055913669718,6.0,0.6423723359156196,-0.019607839061915766,350182.0614642551,2.498985294872103,0.33457427910143744,1.8146383573211897,21.37188714743658,0.0944842611203367,3.5410583216110267,6.0,0.4965179738530503,-0.0654864319077395,0.5620044057607898,404184.0927203401
kama_cci_atr_allocation,225,-0.09331935688207049,33,5,55,27,0.0,100_60_20,15,2.4000000000000004,1.9000000000000001,2.476192598934755,0.6596860792224266,2.016424972949382,0.5362558051374973,0.2813991320396556,4.904797852173009,6.0,0.6563214300578716,-0.005658744919663783,352125.1012810251,2.405410007343912,0.31675736178528857,1.7355284977225454,16.463168809770576,0.09447961442062303,3.3526529900416984,6.0,0.4686850488787193,-0.09331935688207049,0.5620044057607898,398846.1820093202
kama_cci_atr_allocation,226,-0.0654864319077395,30,5,56,29,0.0,100_60_20,15,2.4000000000000004,1.9000000000000001,2.4309862168699907,0.648961162418063,1.9745642927674494,0.5375069973979549,0.2813905850536106,4.81503742501442,6.0,0.6456633835355279,-0.016316791442007483,350669.71247244766,2.498985294872103,0.33457427910143744,1.8146383573211897,21.37188714743658,0.0944842611203367,3.5410583216110267,6.0,0.4965179738530503,-0.0654864319077395,0.5620044057607898,404184.0927203401
kama_cci_atr_allocation,227,-0.1084091823472062,31,5,56,28,5.0,100_60_20,10,2.3,1.8,2.6109489643364485,0.6345585598206653,1.9381858169621962,3.430509659010821,0.2790528101640507,4.828920884439876,10.0,0.631337463935155,-0.030642711042380366,347483.6808368351,2.355495498669381,0.3070577280634148,1.7002109260864926,16.284953477467035,0.09448706106472582,3.2497330809461116,8.0,0.4535952234135836,-0.1084091823472062,0.5620044057607898,396386.1898315202
kama_cci_atr_allocation,228,-0.0654864319077395,32,5,55,29,0.0,100_60_20,16,2.4000000000000004,1.9000000000000001,2.471736347840156,0.660293691962881,2.004214575387536,0.5375069973979549,0.2813905850536106,4.897312709455775,6.0,0.6569230724519922,-0.0050571025255432,352453.6009499127,2.498985294872103,0.33457427910143744,1.8146383573211897,21.37188714743658,0.0944842611203367,3.5410583216110267,6.0,0.4965179738530503,-0.0654864319077395,0.5620044057607898,404184.0927203401
kama_cci_atr_allocation,229,-0.08363569211252408,30,5,56,28,5.0,100_60_20,16,2.4000000000000004,1.9000000000000001,2.472741108508548,0.652321442814558,1.9881232070996788,0.6444948514015472,0.2790515880429957,4.871704394520928,5.0,0.6490037085983458,-0.012976466379189644,351028.2466574351,2.439322961412155,0.3229670373999065,1.77190232714591,22.05129354565154,0.09448261569907768,3.418269435178849,6.0,0.4783687136482657,-0.08363569211252408,0.5620044057607898,399767.14807882014
kama_cci_atr_allocation,230,-0.0697905464065387,32,5,57,29,0.0,100_60_20,11,2.4000000000000004,1.9000000000000001,2.582587940402683,0.678735156937194,2.0522057711547106,0.6755610044661267,0.24311609240295295,5.09086936883569,5.0,0.6752616263559627,0.01328145137842729,355493.6030493051,2.484523153640574,0.3318252450870356,1.802101235841774,21.189698149963156,0.09448179235658671,3.512054934718887,7.0,0.4922138593542511,-0.0697905464065387,0.5620044057607898,403141.7849851202
kama_cci_atr_allocation,231,-0.0697905464065387,30,5,57,29,0.0,100_60_20,11,2.4000000000000004,1.9000000000000001,2.5219585812437275,0.6672302343273869,2.013734505571518,0.6755610044661267,0.24311609240295295,4.96233350415684,5.0,0.6638282370762099,0.0018480620986744967,353741.3764000452,2.484523153640574,0.3318252450870356,1.802101235841774,21.189698149963156,0.09448179235658671,3.512054934718887,7.0,0.4922138593542511,-0.0697905464065387,0.5620044057607898,403141.7849851202
kama_cci_atr_allocation,232,-0.0922541428568624,31,5,57,29,0.0,100_60_20,11,2.3,1.8,2.491164697793871,0.6555927709755275,1.9923524913765416,0.5956270711460812,0.2813905850536106,4.932056191535695,7.0,0.6522475010384747,-0.009732673939060688,351237.44780332263,2.408882425741747,0.3174410012157598,1.7384141080855051,16.02589504357424,0.09448650490034805,3.359643808928639,8.0,0.4697502629039274,-0.0922541428568624,0.5620044057607898,400349.2250440104
kama_cci_atr_allocation,233,-0.0697905464065387,30,5,57,29,0.0,100_60_20,10,2.4000000000000004,1.9000000000000001,2.5184429694422383,0.6594064657792817,1.9967075224205533,0.7705846253659882,0.24311609240295295,4.930152300227576,6.0,0.6560495152512391,-0.005930659726296195,352144.2042970452,2.484523153640574,0.3318252450870356,1.802101235841774,21.189698149963156,0.09448179235658671,3.512054934718887,7.0,0.4922138593542511,-0.0697905464065387,0.5620044057607898,403141.7849851202
kama_cci_atr_allocation,234,-0.0697905464065387,30,5,57,29,0.0,100_60_20,11,2.4000000000000004,1.9000000000000001,2.5219585812437275,0.6672302343273869,2.013734505571518,0.6755610044661267,0.24311609240295295,4.96233350415684,5.0,0.6638282370762099,0.0018480620986744967,353741.3764000452,2.484523153640574,0.3318252450870356,1.802101235841774,21.189698149963156,0.09448179235658671,3.512054934718887,7.0,0.4922138593542511,-0.0697905464065387,0.5620044057607898,403141.7849851202
kama_cci_atr_allocation,235,-0.11793384769610271,30,5,57,27,0.0,100_60_20,11,2.3,1.9000000000000001,2.44738376902972,0.6511838725506558,1.9855623220731053,0.521944978922519,0.2813991320396556,4.856078957650345,6.0,0.6478733380786104,-0.014106836898925057,350737.85434722516,2.3219883449758285,0.300920615994694,1.6641765467395955,13.044685623691816,0.09448271164054767,3.184927811338901,8.0,0.4440705580646871,-0.11793384769610271,0.5620044057607898,395484.1986287602
kama_cci_atr_allocation,236,-0.07470751024601685,29,5,57,29,5.0,100_60_20,10,2.4000000000000004,1.8,2.517228382388569,0.6577980686044262,1.9939003775590742,0.7756363838145812,0.2406505324617324,4.927478055524238,7.0,0.6544504974969336,-0.0075296774806017375,351869.4641176127,2.4685616824501504,0.32868202655213596,1.791991876836844,22.23499122785381,0.09448298294404156,3.478743116596996,7.0,0.48729689551477295,-0.07470751024601685,0.5620044057607898,401102.95485374023
kama_cci_atr_allocation,237,-0.1181551157194145,30,5,57,28,0.0,100_60_20,10,2.3,1.9000000000000001,2.4176960776867915,0.6391102894479515,1.9475471317162003,0.5956270711460812,0.2813905850536106,4.777522861909601,7.0,0.6358676210177248,-0.026112553959810658,348667.99866500765,2.3212639200688727,0.30077790797855086,1.6637604196567428,13.3478687070946,0.09448324378590889,3.1833994677414803,8.0,0.4438492900413753,-0.1181551157194145,0.5620044057607898,395365.3863458801
kama_cci_atr_allocation,238,-0.07470751024601685,31,5,57,29,5.0,100_60_20,11,2.4000000000000004,1.9000000000000001,2.597104317995963,0.6835838880859777,2.054229374306916,0.687163376507736,0.2406505324617324,5.11842150876372,5.0,0.6800804174883561,0.018100242510820874,356277.7724265101,2.4685616824501504,0.32868202655213596,1.791991876836844,22.23499122785381,0.09448298294404156,3.478743116596996,7.0,0.48729689551477295,-0.07470751024601685,0.5620044057607898,401102.95485374023
kama_cci_atr_allocation,239,-0.07446718862671986,29,5,56,29,0.0,100_60_20,9,4.9,1.9000000000000001,2.453635191153442,0.643664791970465,1.9679415306566652,0.5981791474373997,0.25677556183292904,4.855356219036186,5.0,0.6403966092851863,-0.021583565692348983,349455.6230769776,2.468738386367127,0.3288357231096595,1.7881713988355383,19.807361708825255,0.09447997513987727,3.48048062695634,6.0,0.48753721713406994,-0.07446718862671986,0.5620044057607898,402533.16400620027
kama_cci_atr_allocation,240,-0.1968250204424835,30,5,56,28,0.0,100_25_0,11,2.4000000000000004,1.8,2.9875253098115038,0.6561069708365752,1.9518114454065896,21.303357331283824,0.23648738263678193,6.314286739900524,24.0,0.6527639585175631,-0.009216216459972337,349801.2883202177,2.308153682690485,0.24963606530332827,1.490349117792325,9.781203384098621,0.07655454483437552,3.260891510013047,7.0,0.3651793853183063,-0.1968250204424835,0.5620044057607898,379805.39116239036
kama_cci_atr_allocation,241,-0.0654864319077395,32,5,55,29,0.0,100_60_20,12,2.5,2.0,2.5701700470299147,0.6805942090918098,2.0480116703368023,0.6943390218364656,0.24311609240295295,5.052964653483675,5.0,0.6771075748984583,0.015127399920922935,355927.35625056014,2.498985294872103,0.33457427910143744,1.8146383573211897,21.37188714743658,0.0944842611203367,3.5410583216110267,6.0,0.4965179738530503,-0.0654864319077395,0.5620044057607898,404184.0927203401
kama_cci_atr_allocation,242,-0.0654864319077395,32,5,57,29,0.0,100_60_20,12,2.5,2.0,2.590243394252347,0.6807891521226173,2.0567843452367347,0.6943390218364656,0.24311609240295295,5.099711766703329,5.0,0.6773036958326524,0.015323520855116957,355938.68153339013,2.498985294872103,0.33457427910143744,1.8146383573211897,21.37188714743658,0.0944842611203367,3.5410583216110267,6.0,0.4965179738530503,-0.0654864319077395,0.5620044057607898,404184.0927203401
kama_cci_atr_allocation,243,-0.09185986968906845,32,5,57,28,0.0,100_60_20,12,2.5,2.0,2.5874392805068105,0.6802828999146993,2.0510660824816473,0.6943390218364656,0.24311609240295295,5.095224729009342,5.0,0.6768006077017035,0.014820432724168109,355849.47865721013,2.410320868043719,0.3176940045130412,1.7400937694638579,17.021935995633193,0.09448472057319224,3.3623849717260974,6.0,0.47014453607172135,-0.09185986968906845,0.5620044057607898,399135.4698427602
kama_cci_atr_allocation,244,-0.0654864319077395,32,5,56,29,0.0,100_60_20,12,2.4000000000000004,2.0,2.471736347840156,0.660293691962881,2.004214575387536,0.5375069973979549,0.2813905850536106,4.897312709455775,6.0,0.6569230724519922,-0.0050571025255432,352453.6009499127,2.498985294872103,0.33457427910143744,1.8146383573211897,21.37188714743658,0.0944842611203367,3.5410583216110267,6.0,0.4965179738530503,-0.0654864319077395,0.5620044057607898,404184.0927203401
kama_cci_atr_allocation,245,-0.0971005173844044,31,5,57,29,5.0,100_60_20,12,2.3,1.9000000000000001,2.5120816709849754,0.6619211734330637,2.006856308051494,0.6435957642018388,0.2790473269927427,4.956183840702032,5.0,0.6585410667730336,-0.003439108204501662,352625.43754432263,2.3930881034418827,0.3143295275091631,1.7281267226509573,16.521063925048125,0.09448452687120257,3.326783103202117,8.0,0.4649038883763854,-0.0971005173844044,0.5620044057607898,398318.7734223701
kama_cci_atr_allocation,246,-0.0654864319077395,32,5,56,29,0.0,100_60_20,12,2.4000000000000004,2.0,2.471736347840156,0.660293691962881,2.004214575387536,0.5375069973979549,0.2813905850536106,4.897312709455775,6.0,0.6569230724519922,-0.0050571025255432,352453.6009499127,2.498985294872103,0.33457427910143744,1.8146383573211897,21.37188714743658,0.0944842611203367,3.5410583216110267,6.0,0.4965179738530503,-0.0654864319077395,0.5620044057607898,404184.0927203401
kama_cci_atr_allocation,247,-0.15552624330466513,32,4,56,29,0.0,100_60_20,12,2.3,1.8,2.40360589132842,0.5687663945511392,1.856798743800296,0.547792809777499,0.2914100197388396,4.846920453254004,7.0,0.5659371557767463,-0.096043019200789,337424.9100272401,2.03656152060054,0.2765850576315414,1.5558654843623443,13.310060025422784,0.1091692650984043,2.5335432768758666,8.0,0.40647816245612467,-0.15552624330466513,0.5620044057607898,385472.5818641103
kama_cci_atr_allocation,248,-0.08619276995648195,32,5,57,28,5.0,100_60_20,12,2.4000000000000004,1.9000000000000001,2.5340759703916795,0.6638536046026223,2.0261841885026852,0.6444948514015472,0.2790515880429957,5.002137545807073,5.0,0.660463926604445,-0.0015162483730902787,352742.2801514126,2.430563881787525,0.32132843021404534,1.7642810467269723,21.93561025403843,0.09448923361262085,3.400688289328296,7.0,0.47581163580430785,-0.08619276995648195,0.5620044057607898,399147.5982956302
kama_cci_atr_allocation,249,-0.12305477234316453,31,5,56,27,0.0,100_50_0,12,2.4000000000000004,2.0,2.941347623462845,0.6623455857714666,1.9607103910041936,10.483284575890712,0.2690729464768341,5.506879155057598,23.0,0.6589657573187275,-0.0030144176588078886,351885.68273970013,2.3843699235063816,0.29761625349742715,1.6767740102762807,13.95575530444702,0.08913094366739183,3.339090121249426,6.0,0.4389496334176253,-0.12305477234316453,0.5620044057607898,393458.61643276014
kama_cci_atr_allocation,250,-0.09323811660905901,32,5,57,29,0.0,100_60_20,10,2.3,2.0,2.4916155760289462,0.6604660850278701,2.0130355583506416,0.5375069973979549,0.2813905850536106,4.943573289693271,6.0,0.6570967728152807,-0.004883402162254691,352421.9391217076,2.405760167284146,0.31680950561448284,1.73628222108641,16.806605959383607,0.09447977034648536,3.353199361647984,7.0,0.4687662891517308,-0.09323811660905901,0.5620044057607898,400439.8265999701
kama_cci_atr_allocation,251,-0.08619276995648195,31,5,58,28,5.0,100_60_20,11,2.4000000000000004,1.9000000000000001,2.6290392250041092,0.6900401898055619,2.075242502135645,0.6880013156205774,0.24065711093340403,5.185231883488701,5.0,0.6864987848183595,0.024518609840824046,357131.3033041701,2.430563881787525,0.32132843021404534,1.7642810467269723,21.93561025403843,0.09448923361262085,3.400688289328296,7.0,0.47581163580430785,-0.08619276995648195,0.5620044057607898,399147.5982956302
kama_cci_atr_allocation,252,-0.0697905464065387,32,5,56,29,0.0,100_60_20,11,2.5,1.8,2.5591931004124038,0.6707389953240996,2.0263578050406403,0.7705846253659882,0.24311609240295295,5.012427584668931,6.0,0.6673092041677036,0.005329029190168089,353928.09277451015,2.484523153640574,0.3318252450870356,1.802101235841774,21.189698149963156,0.09448179235658671,3.512054934718887,7.0,0.4922138593542511,-0.0697905464065387,0.5620044057607898,403141.7849851202
kama_cci_atr_allocation,253,-0.07470751024601685,32,5,55,29,5.0,100_60_20,11,2.5,1.9000000000000001,2.5670506941759696,0.6789303311717194,2.044460492023584,0.687163376507736,0.2406505324617324,5.050434277964099,5.0,0.6754535397404184,0.013473364762883022,355580.0009807401,2.4685616824501504,0.32868202655213596,1.791991876836844,22.23499122785381,0.09448298294404156,3.478743116596996,7.0,0.48729689551477295,-0.07470751024601685,0.5620044057607898,401102.95485374023
kama_cci_atr_allocation,254,-0.0697905464065387,31,5,56,29,0.0,100_60_20,12,2.5,1.8,2.5344840738078553,0.6609834620379043,1.9992053765084725,0.7705846253659882,0.24311609240295295,4.968138188179813,6.0,0.6576162334493347,-0.004363941528200688,352438.9116825701,2.484523153640574,0.3318252450870356,1.802101235841774,21.189698149963156,0.09448179235658671,3.512054934718887,7.0,0.4922138593542511,-0.0697905464065387,0.5620044057607898,403141.7849851202
kama_cci_atr_allocation,255,-0.15437374061873244,30,3,57,28,0.0,100_60_20,12,2.6,1.8,2.6530256438398556,0.6158092366961794,1.9666240136265696,0.6385238800154966,0.2628612715891908,5.3600469314588475,6.0,0.6127085736852466,-0.0492716012922888,345679.13204059267,2.3542323288748896,0.27733385800365085,1.6000877811162737,10.188884138815775,0.08377465692850394,3.31047441042148,8.0,0.40763066514205737,-0.15437374061873244,0.5620044057607898,389992.52055362036
kama_cci_atr_allocation,256,-0.0697905464065387,31,5,56,29,0.0,100_60_20,12,2.5,1.8,2.5344840738078553,0.6609834620379043,1.9992053765084725,0.7705846253659882,0.24311609240295295,4.968138188179813,6.0,0.6576162334493347,-0.004363941528200688,352438.9116825701,2.484523153640574,0.3318252450870356,1.802101235841774,21.189698149963156,0.09448179235658671,3.512054934718887,7.0,0.4922138593542511,-0.0697905464065387,0.5620044057607898,403141.7849851202
kama_cci_atr_allocation,257,-0.07470751024601685,31,5,55,29,5.0,100_60_20,12,2.5,1.8,2.5041763471527747,0.6564543145019501,1.9885129828094676,0.7842705747138115,0.2406505324617324,4.894636689621318,6.0,0.6531129227311951,-0.008867252246340274,351709.3456656827,2.4685616824501504,0.32868202655213596,1.791991876836844,22.23499122785381,0.09448298294404156,3.478743116596996,7.0,0.48729689551477295,-0.07470751024601685,0.5620044057607898,401102.95485374023
kama_cci_atr_allocation,258,-0.12878315694105225,31,5,33,29,0.0,100_60_20,12,2.5,1.8,2.2100438195192003,0.5800358329113419,1.8669196239180683,0.6670106596867085,0.2670747334422572,4.306076730718617,6.0,0.5771443560652203,-0.08483581891231506,339442.4588962151,2.229435165054313,0.2939159558274227,1.6347779495325216,16.39984006962811,0.09893548522261542,2.9707839928826383,7.0,0.43322124881973756,-0.12878315694105225,0.5620044057607898,390366.5278326603
kama_cci_atr_allocation,259,-0.10028346999690774,32,5,56,27,0.0,100_60_20,11,2.4000000000000004,1.7000000000000002,2.720175250123486,0.6644132191549028,2.0112294675842746,3.5481932245703627,0.2431183720060751,5.003752988039945,10.0,0.6610196340574604,-0.0009605409200749149,352452.2264413977,2.38260830131033,0.3122844144269987,1.7209075884427865,15.21085417409991,0.09448535827770499,3.3051090678955086,8.0,0.46172093576388207,-0.10028346999690774,0.5620044057607898,397430.03639003006
kama_cci_atr_allocation,260,-0.11326532610010509,30,5,41,28,0.0,100_60_20,13,2.6,1.8,2.257536225843203,0.5912575799687159,1.8916507082758096,0.697502424013475,0.25872999371190597,4.395698501593667,6.0,0.588303568663537,-0.07367660631399836,341187.1511463601,2.337947190435465,0.30393015811672774,1.6786049486482075,13.694626678469236,0.0944838357853992,3.2167423728122473,7.0,0.4487390796606847,-0.11326532610010509,0.5620044057607898,395693.4810182502
kama_cci_atr_allocation,261,-0.13456310407929695,29,5,56,29,80.0,100_60_20,12,2.5,2.0,2.5982545390051186,0.5860713375072006,2.03332326506396,0.713634136236422,0.22605745097359842,5.1921997734695635,4.0,0.5831476941854936,-0.07883248079204175,338690.5419765876,2.3699940699172184,0.2901780899261386,1.7292623945242078,13.71246353913544,0.08819832481321033,3.290063507903222,6.0,0.42744130168149286,-0.13456310407929695,0.5620044057607898,389939.60002974013
kama_cci_atr_allocation,262,-0.09061891867191263,32,5,55,28,5.0,100_60_20,10,2.5,1.7000000000000002,2.7326645115044466,0.6669745373322153,2.017401518787471,3.570822075272485,0.2406505748612373,5.026621663388141,10.0,0.6635656876685655,0.0015855126910301331,352892.4456027951,2.416450697003602,0.31849019135470513,1.757464094765312,19.88737219060203,0.09449381028197001,3.3704873409626384,8.0,0.4713854870888772,-0.09061891867191263,0.5620044057607898,398352.30474014033
kama_cci_atr_allocation,263,-0.0697905464065387,32,5,58,29,0.0,100_60_20,11,2.4000000000000004,1.9000000000000001,2.582587940402683,0.678735156937194,2.0522057711547106,0.6755610044661267,0.24311609240295295,5.09086936883569,5.0,0.6752616263559627,0.01328145137842729,355493.6030493051,2.484523153640574,0.3318252450870356,1.802101235841774,21.189698149963156,0.09448179235658671,3.512054934718887,7.0,0.4922138593542511,-0.0697905464065387,0.5620044057607898,403141.7849851202
kama_cci_atr_allocation,264,-0.0697905464065387,32,5,58,29,0.0,100_60_20,11,2.4000000000000004,1.9000000000000001,2.582587940402683,0.678735156937194,2.0522057711547106,0.6755610044661267,0.24311609240295295,5.09086936883569,5.0,0.6752616263559627,0.01328145137842729,355493.6030493051,2.484523153640574,0.3318252450870356,1.802101235841774,21.189698149963156,0.09448179235658671,3.512054934718887,7.0,0.4922138593542511,-0.0697905464065387,0.5620044057607898,403141.7849851202
kama_cci_atr_allocation,265,-0.22968380298845492,32,2,58,28,5.0,100_60_20,11,2.4000000000000004,1.8,3.1038197551985407,0.5878736687925809,1.9074612510087063,5.949177592159572,0.23794684789963327,6.060317820872203,8.0,0.5849459073472565,-0.07703426763027893,340140.7931118877,1.988783654066442,0.22802874457465183,1.3898503245431775,7.78313344876584,0.09051734414459767,2.519171841922201,8.0,0.3323206027723349,-0.22968380298845492,0.5620044057607898,374454.9883971803
kama_cci_atr_allocation,266,-0.0697905464065387,31,5,58,29,0.0,100_60_20,11,2.4000000000000004,1.9000000000000001,2.592762336033886,0.6832163207864631,2.053153670474937,0.6755610044661267,0.24311609240295295,5.112596019397815,5.0,0.679714803740612,0.017734628763076632,356223.03632328013,2.484523153640574,0.3318252450870356,1.802101235841774,21.189698149963156,0.09448179235658671,3.512054934718887,7.0,0.4922138593542511,-0.0697905464065387,0.5620044057607898,403141.7849851202
kama_cci_atr_allocation,267,-0.09664992498471459,31,5,58,29,0.0,100_60_20,10,2.2,1.7000000000000002,2.536776019102575,0.6628837805732666,2.0079720687437415,0.6353614614176686,0.2474271542654669,5.019868617942641,8.0,0.659498037844074,-0.002482137133461404,352323.1756547527,2.3949785130646557,0.314618940418643,1.73154352337901,14.931131015787141,0.09448100006392102,3.3299704724313663,9.0,0.4653544807760752,-0.09664992498471459,0.5620044057607898,399555.51021283027
kama_cci_atr_allocation,268,-0.07470751024601685,30,5,58,29,5.0,100_60_20,11,2.4000000000000004,1.8,2.5229584995599454,0.6597634043042835,1.9977657524151429,0.7842705747138115,0.2406505324617324,4.935644817840335,6.0,0.6564045999136452,-0.00557557506389017,352197.09888022766,2.4685616824501504,0.32868202655213596,1.791991876836844,22.23499122785381,0.09448298294404156,3.478743116596996,7.0,0.48729689551477295,-0.07470751024601685,0.5620044057607898,401102.95485374023
kama_cci_atr_allocation,269,-0.22152470478417685,31,5,38,28,0.0,100_25_0,11,2.3,1.9000000000000001,2.7167113398506215,0.5788304089008243,1.8563163447538449,19.28280842956884,0.26663482466878674,5.404731905667222,20.0,0.5759536902470522,-0.08602648473048313,337963.4852834476,2.1236762828390088,0.2334080086431436,1.4082856938065405,5.8987245517400915,0.0820483793416692,2.844760743794542,10.0,0.34047970097661295,-0.22152470478417685,0.5620044057607898,375599.7587740404
kama_cci_atr_allocation,270,-0.09749678868620637,32,5,58,27,5.0,100_60_20,10,2.4000000000000004,1.9000000000000001,2.5818375876513913,0.674248529007038,2.0449197145411553,0.7907590956648594,0.24064987331229293,5.051885197050329,6.0,0.6707999899670315,0.008819814989496133,354664.29536906263,2.392319990684379,0.31407498382759513,1.7306776287902241,16.984206951613487,0.09448329063387084,3.3241325711723673,7.0,0.46450761707458343,-0.09749678868620637,0.5620044057607898,397671.08458168025
kama_cci_atr_allocation,271,-0.21412586998020577,28,5,59,29,55.0,100_60_20,9,2.3,1.8,2.3525825615530946,0.5960941830884051,1.9430493168119152,0.6409020803655081,0.2651658102310911,4.631647787034917,7.0,0.5930991804258685,-0.0688809945516668,340552.49444894015,1.8205280944996902,0.23827799675632488,1.4029665287321236,6.194375199141058,0.11430392754952934,2.0846002570915685,7.0,0.34787853578058403,-0.21412586998020577,0.5620044057607898,376514.57348150027
kama_cci_atr_allocation,272,-0.13097485352330396,30,5,57,14,0.0,100_60_20,12,2.4000000000000004,1.9000000000000001,2.5638537104417036,0.6669493085031334,2.03378691199976,0.7230172454009444,0.2340869575318102,5.0419696870823945,5.0,0.6635336779576686,0.0015535029801332367,352341.62599172525,2.2772494819275337,0.29249910044102667,1.6640405778022112,10.215336940308672,0.09494866217727838,3.0806026513033165,8.0,0.43102955223748585,-0.13097485352330396,0.5620044057607898,392116.1420679702
kama_cci_atr_allocation,273,-0.12246209686811205,31,5,59,28,0.0,100_60_20,11,2.2,1.7000000000000002,2.5244015010688257,0.6610889490627654,2.0019364329035816,0.6353614614176686,0.2474271542654669,4.992538832256094,8.0,0.6577151170340105,-0.00426505794352483,352033.1216838652,2.3074093052274356,0.29799885803174164,1.6566084324480714,12.558456332677153,0.09448549420163532,3.1539111961017183,9.0,0.43954230889267776,-0.12246209686811205,0.5620044057607898,394586.3214995102
kama_cci_atr_allocation,274,-0.09334425171743121,29,5,57,29,0.0,100_50_0,11,2.4000000000000004,2.0,2.955377282050035,0.674632237322474,1.9843162758144266,10.518004308420618,0.23673152693365473,5.473664284991721,23.0,0.6711851961489828,0.009205021171447392,354339.7874712152,2.490182270655076,0.31674138294474896,1.7645225465188732,19.773451287239705,0.08912939933234476,3.5537250931500957,6.0,0.4686601540433586,-0.09334425171743121,0.5620044057607898,399232.5986742702
kama_cci_atr_allocation,275,-0.07335243123900859,32,5,59,30,5.0,100_60_20,12,2.4000000000000004,1.8,2.512450390195956,0.6524125965628353,2.0001667470827043,0.7127034332894786,0.2790473269927427,4.940816933329449,6.0,0.6490858799353532,-0.012894295042182091,350719.0812971751,2.47260149248812,0.32954856870965776,1.7928410147956606,21.48480984557923,0.09448738105715881,3.48775217412685,7.0,0.4886519745217812,-0.07335243123900859,0.5620044057607898,402059.32675550017
kama_cci_atr_allocation,276,-0.0697905464065387,31,5,58,29,0.0,100_60_20,11,2.5,1.9000000000000001,2.617146666455188,0.6862892029171865,2.0600567121052977,0.6755610044661267,0.24311609240295295,5.1686679773238495,5.0,0.6827699495425071,0.02078977456497172,356799.4120944101,2.484523153640574,0.3318252450870356,1.802101235841774,21.189698149963156,0.09448179235658671,3.512054934718887,7.0,0.4922138593542511,-0.0697905464065387,0.5620044057607898,403141.7849851202
kama_cci_atr_allocation,277,-0.11940880913295615,30,5,57,26,5.0,100_60_20,8,2.3,2.0,2.619509791548984,0.6686329047427597,2.025855218173765,1.8513077878970223,0.20307668858266248,4.985203448141501,6.0,0.6652156611552029,0.0032354861776675015,354467.7061866602,2.317823178239344,0.2999692142188266,1.6660542835421164,13.533331832403253,0.09448875446023364,3.1746551844438917,8.0,0.44259559662783365,-0.11940880913295615,0.5620044057607898,395054.0920442003
kama_cci_atr_allocation,278,-0.11326532610010509,32,5,45,28,0.0,100_60_20,10,2.5,1.9000000000000001,2.447780901243008,0.6415114633150696,1.954207255366472,0.697502424013475,0.25872999371190597,4.810236981428188,6.0,0.6382538159948046,-0.02372635898273079,348976.7379208626,2.337947190435465,0.30393015811672774,1.6786049486482075,13.694626678469236,0.0944838357853992,3.2167423728122473,7.0,0.4487390796606847,-0.11326532610010509,0.5620044057607898,395693.4810182502
kama_cci_atr_allocation,279,-0.09963554472184843,32,5,56,30,0.0,100_60_20,11,2.2,1.6,2.8873827291915473,0.6604383322832101,1.9845408205085215,4.85739222515571,0.24741736416394733,4.968905185311833,12.0,0.6570661615734519,-0.004914013404083539,352008.6910827476,2.3846909283061377,0.31270082232903196,1.7217302864704729,14.523958875099185,0.09448191090242897,3.309636938354863,9.0,0.46236886103894137,-0.09963554472184843,0.5620044057607898,399215.5718382102
kama_cci_atr_allocation,280,-0.07214092713145592,31,5,57,29,5.0,100_60_20,12,2.6,2.0,2.629190139950837,0.6884613749543915,2.0725168887663115,0.7063539931650452,0.2406505324617324,5.180930702498998,3.0,0.6849296916840948,0.022949516706559314,357230.54836453515,2.477153802137743,0.3303231082746436,1.7995179411025188,22.350746061918738,0.0944876648360754,3.4959389550764537,6.0,0.4898634786293339,-0.07214092713145592,0.5620044057607898,401723.29308281024
kama_cci_atr_allocation,281,-0.0728281586802193,33,5,58,30,0.0,100_60_20,12,2.4000000000000004,1.8,2.6175280166645525,0.6396383879463103,1.9542937312487092,3.4415628693967344,0.2813892702976064,4.804903514323308,9.0,0.6363935919453187,-0.025586583032216614,348505.0093321901,2.474133501391272,0.3298837689412095,1.792301490945495,20.384533999349483,0.09448234452433679,3.4914858495730696,7.0,0.4891762470805705,-0.0728281586802193,0.5620044057607898,402795.34390976024
kama_cci_atr_allocation,282,-0.0922541428568624,29,5,57,29,0.0,100_60_20,11,2.3,1.9000000000000001,2.424827579045671,0.6470325631039839,1.9699656072973843,0.5231749375192583,0.2813905850536106,4.808183608943383,6.0,0.6437455862277806,-0.018234588749754754,350285.1375000877,2.408882425741747,0.3174410012157598,1.7384141080855051,16.02589504357424,0.09448650490034805,3.359643808928639,8.0,0.4697502629039274,-0.0922541428568624,0.5620044057607898,400349.2250440104
kama_cci_atr_allocation,283,-0.0888693010105519,31,5,56,28,5.0,100_60_20,10,2.5,2.0,2.6067961259085246,0.6806434045242751,2.051904243303513,0.7071908395782373,0.24065711093340403,5.138212346258477,4.0,0.6771626156577023,0.015182440680166942,355870.8996408926,2.4216927540434035,0.31961241171260046,1.7571351751951316,23.418477345553487,0.09448392580961229,3.382717313806671,6.0,0.4731351047502379,-0.0888693010105519,0.5620044057607898,398827.4056705702
kama_cci_atr_allocation,284,-0.09585886452824921,32,5,56,27,0.0,100_60_20,11,2.6,1.8,2.7534593304897483,0.6710356002866222,2.0312888132585094,2.0142525670707307,0.2431183720060751,5.029646407973045,7.0,0.6676045769157288,0.0056244019381934685,353724.4773016626,2.3967624130408787,0.31512697285909064,1.727952609176475,16.377461763007496,0.09448163811910637,3.3353250338635343,7.0,0.4661455412325406,-0.09585886452824921,0.5620044057607898,398228.5797006801
kama_cci_atr_allocation,285,-0.0697905464065387,30,5,60,29,0.0,100_60_20,12,2.4000000000000004,1.9000000000000001,2.4013341156397536,0.6468599766065395,1.9697363448544063,0.5375069973979549,0.2813905850536106,4.744290190574459,6.0,0.6435756024856143,-0.018404572491921067,350563.7984276726,2.484523153640574,0.3318252450870356,1.802101235841774,21.189698149963156,0.09448179235658671,3.512054934718887,7.0,0.4922138593542511,-0.0697905464065387,0.5620044057607898,403141.7849851202
kama_cci_atr_allocation,286,-0.07729408256986647,33,5,57,30,0.0,100_60_20,12,2.6,1.7000000000000002,2.955091345106281,0.6695164681421779,2.021450203888474,9.721950173528493,0.24311898350010885,5.112178051714851,10.0,0.6660951153069818,0.0041149403294463704,353575.9188031902,2.459941506246288,0.32702734949968537,1.7855747548715792,18.651969370991132,0.09448727088070863,3.461073078431501,8.0,0.48471032319092333,-0.07729408256986647,0.5620044057607898,401991.3097977703
kama_cci_atr_allocation,287,-0.0888693010105519,31,5,58,28,5.0,100_60_20,10,2.5,2.0,2.6631387876129473,0.6952132557412998,2.088541283649496,0.7071908395782373,0.24065711093340403,5.254425401494135,4.0,0.6916417488062709,0.029661573828735577,358119.47081594006,2.4216927540434035,0.31961241171260046,1.7571351751951316,23.418477345553487,0.09448392580961229,3.382717313806671,6.0,0.4731351047502379,-0.0888693010105519,0.5620044057607898,398827.4056705702
kama_cci_atr_allocation,288,-0.0971005173844044,32,5,56,29,5.0,100_60_20,11,2.3,1.8,2.4719458238574616,0.6479742424444028,1.9754639458776617,0.7053673764449454,0.2790473269927427,4.854892674779447,6.0,0.6446722460616456,-0.01730792891588967,350024.2143475027,2.3930881034418827,0.3143295275091631,1.7281267226509573,16.521063925048125,0.09448452687120257,3.326783103202117,8.0,0.4649038883763854,-0.0971005173844044,0.5620044057607898,398318.7734223701
kama_cci_atr_allocation,289,-0.09185986968906845,33,5,55,28,0.0,100_60_20,16,2.4000000000000004,1.9000000000000001,2.452420775248901,0.6550413567542748,1.995365634148009,0.5375069973979549,0.2813905850536106,4.85627324026802,6.0,0.6517033055669671,-0.010276869410568268,351584.5731138601,2.410320868043719,0.3176940045130412,1.7400937694638579,17.021935995633193,0.09448472057319224,3.3623849717260974,6.0,0.47014453607172135,-0.09185986968906845,0.5620044057607898,399135.4698427602
kama_cci_atr_allocation,290,-0.18687609196105637,32,5,22,30,0.0,100_60_20,13,2.5,2.0,2.4984865524112663,0.5815531898688664,1.8840432089334387,0.5400624307993561,0.26248230049472854,5.0672311102410195,5.0,0.5786564187891945,-0.08332375618834081,340175.0467016401,2.0380367454465387,0.2561490432779334,1.487088812137082,9.355142106947103,0.09924110673220998,2.581078060416238,7.0,0.37512831379973344,-0.18687609196105637,0.5620044057607898,382411.83359097
kama_cci_atr_allocation,291,-0.1824552589492301,31,5,58,29,5.0,100_25_0,10,2.2,1.9000000000000001,3.016565680783579,0.6655709603643879,1.9801738038542847,2.4124818652416984,0.23349697036137018,6.434155994833354,22.0,0.6621674139087131,0.0001872389311777245,351228.7980340802,2.3685022949924086,0.25903880370885135,1.543498359203406,10.982625048079623,0.07655855597605354,3.3835382656626267,9.0,0.3795491468115597,-0.1824552589492301,0.5620044057607898,382001.9833160002
kama_cci_atr_allocation,292,-0.10028346999690774,30,5,59,27,0.0,100_60_20,12,2.4000000000000004,1.7000000000000002,2.5098739033062065,0.6173912737761019,1.8956956347410578,3.3073467245986836,0.2813886540223135,4.603245814848859,11.0,0.6142781777339199,-0.0477019972436154,345040.76608888264,2.38260830131033,0.3122844144269987,1.7209075884427865,15.21085417409991,0.09448535827770499,3.3051090678955086,8.0,0.46172093576388207,-0.10028346999690774,0.5620044057607898,397430.03639003006
kama_cci_atr_allocation,293,-0.0728281586802193,33,5,57,30,0.0,100_60_20,9,2.6,1.8,2.7072538840960445,0.6553820590756793,1.996263021033097,1.9012520411712588,0.24311898350010885,4.981358369034994,8.0,0.6520488283401096,-0.009931346637425897,351136.83154709515,2.474133501391272,0.3298837689412095,1.792301490945495,20.384533999349483,0.09448234452433679,3.4914858495730696,7.0,0.4891762470805705,-0.0728281586802193,0.5620044057607898,402795.34390976024
kama_cci_atr_allocation,294,-0.20013940169561817,33,5,56,28,40.0,100_60_20,11,2.3,2.0,2.5689215187429633,0.63657483217845,2.034971992311745,0.7344409534388272,0.2651546625204495,5.072644227965299,5.0,0.6333493675632151,-0.02863080741432028,348204.2112046627,1.190454823886735,0.24746334376265255,1.4366302044516785,0.368450513004276,0.11119274564807813,2.2255349692134323,7.0,0.36186500406517164,-0.20013940169561817,0.5620044057607898,379555.3509380402
kama_cci_atr_allocation,295,-0.07470751024601685,32,5,55,29,5.0,100_60_20,12,2.5,1.9000000000000001,2.5746179450782796,0.6809660153030483,2.0490971679521612,0.7063539931650452,0.2406505324617324,5.05889336637959,5.0,0.6774773879600635,0.015497212982528208,355982.7879544501,2.4685616824501504,0.32868202655213596,1.791991876836844,22.23499122785381,0.09448298294404156,3.478743116596996,7.0,0.48729689551477295,-0.07470751024601685,0.5620044057607898,401102.95485374023
kama_cci_atr_allocation,296,-0.09276711889213818,30,5,56,30,0.0,100_50_0,13,2.6,2.0,2.9242131370483864,0.6628326840565038,1.9575937935276924,10.526411630577192,0.23671123008636896,5.411453015996009,23.0,0.6594606688425373,-0.002519506134998184,352395.6197414751,2.4920948498408637,0.31711179796391575,1.7655550883930193,17.731285788467847,0.08913168331565569,3.5577898471958527,6.0,0.4692372868686516,-0.09276711889213818,0.5620044057607898,399597.31463302014
kama_cci_atr_allocation,297,-0.0697905464065387,31,5,57,29,0.0,100_60_20,11,2.4000000000000004,1.9000000000000001,2.592762336033886,0.6832163207864631,2.053153670474937,0.6755610044661267,0.24311609240295295,5.112596019397815,5.0,0.679714803740612,0.017734628763076632,356223.03632328013,2.484523153640574,0.3318252450870356,1.802101235841774,21.189698149963156,0.09448179235658671,3.512054934718887,7.0,0.4922138593542511,-0.0697905464065387,0.5620044057607898,403141.7849851202
kama_cci_atr_allocation,298,-0.11689771761678602,32,5,56,28,0.0,100_60_20,12,2.5,3.0,2.6315099470528733,0.6775611640716652,2.0357027549480735,1.1921373175039596,0.24783986752921028,5.026526210798124,5.0,0.6740923654923827,0.01211219051484741,355372.56113349006,1.567002153919565,0.3015887910989954,1.657822856073139,0.9441644649077404,0.10693916812979198,2.8201901732857815,3.0,0.4451066881440038,-0.11689771761678602,0.5620044057607898,393295.97425688
kama_cci_atr_allocation,299,-0.12115518745366471,31,5,57,29,10.0,100_60_20,16,3.9000000000000004,1.8,2.839477956166343,0.6838727539072147,2.0658341270494294,2.1238357963691197,0.25435531204939044,5.181036043838821,4.0,0.6803651683434271,0.018384993365891722,356195.7782164151,2.3130740198066766,0.29884238166135013,1.6682954277406734,13.331407091925005,0.09448241350306308,3.1629418701466787,8.0,0.4408492183071251,-0.12115518745366471,0.5620044057607898,393781.7738582203
kama_cci_atr_allocation,300,-0.09571727053835666,27,5,58,30,5.0,100_60_20,11,2.3,1.9000000000000001,2.3645437225172654,0.6313524837804756,1.9347862563275353,0.6141020050533184,0.2790473269927427,4.64830472995674,5.0,0.6281611206909976,-0.03381905428653775,348102.9525899451,2.3973927082878492,0.3152178987030083,1.7292516882919189,16.150854206895776,0.09448035365963214,3.3363327558932383,8.0,0.46628713522243315,-0.09571727053835666,0.5620044057607898,399285.0623088803
kama_cci_atr_allocation,301,-0.10499726437127199,29,5,55,29,25.0,100_60_20,12,2.5,2.0,2.399736769192055,0.6333974289256451,1.9977536007541958,0.7121521137047485,0.24064987331229293,4.674376145104542,4.0,0.6301898569402082,-0.03179031803732707,349229.60228222265,2.368707788673014,0.3092533778157942,1.7205867275749887,17.0391243812086,0.09448124651948753,3.2731720760268352,6.0,0.4570071413895178,-0.10499726437127199,0.5620044057607898,396144.9771662003
kama_cci_atr_allocation,302,-0.2123124129482432,32,4,59,29,70.0,100_60_20,13,2.3,1.8,2.292795438293548,0.5343096971438985,1.8829903039016305,0.469621391559601,0.27647960696068774,4.6151853721777085,6.0,0.5316561317225381,-0.1303240432549972,331018.5548327002,1.925734137868858,0.2394704725922545,1.4599836415289829,8.97096300869326,0.10298988680193222,2.32518434603971,8.0,0.3496919928125466,-0.2123124129482432,0.5620044057607898,374168.04885906016
kama_cci_atr_allocation,303,-0.07729408256986647,33,5,55,30,0.0,100_60_20,11,2.6,1.6,2.8891304846625503,0.6610266570886273,1.9989912475043452,9.721950173528493,0.24311898350010885,4.9620532034508384,11.0,0.657653960609021,-0.004326214368514381,352191.3229970202,2.459941506246288,0.32702734949968537,1.7855747548715792,18.651969370991132,0.09448727088070863,3.461073078431501,8.0,0.48471032319092333,-0.07729408256986647,0.5620044057607898,401991.3097977703
kama_cci_atr_allocation,304,-0.1005033999060363,32,5,56,28,0.0,100_60_20,12,2.4000000000000004,1.7000000000000002,2.4340500409718793,0.6438643384447618,1.9620214284061026,0.5242663712683769,0.2813905850536106,4.836183828582363,9.0,0.6405848939656305,-0.021395281011904965,349200.9702547001,2.381869423497794,0.31214305819567856,1.7205429414917983,15.636807788540606,0.09448789597525353,3.303524276563732,8.0,0.4615010058547535,-0.1005033999060363,0.5620044057607898,397310.42477942014
kama_cci_atr_allocation,305,-0.1745631087161046,30,3,58,30,5.0,100_60_20,10,2.5,3.9000000000000004,2.6600947112859914,0.6471325066167486,2.0439864245408863,0.0,0.22855341051646527,5.573598294857366,2.0,0.6438554424749565,-0.01812473250257879,351374.94582703756,1.3593953735367046,0.2641911253100553,1.522964140130188,0.0,0.09645806491303466,2.7389220958169394,3.0,0.3874412970446852,-0.1745631087161046,0.5620044057607898,384042.1450855301
kama_cci_atr_allocation,306,-0.09331935688207049,31,5,54,27,0.0,100_60_20,17,2.4000000000000004,2.0,2.432505087168077,0.6497472357918214,1.981165339908684,0.5362558051374973,0.2813991320396556,4.816240244106699,6.0,0.646443881078593,-0.015536293898942344,350629.32533882256,2.405410007343912,0.31675736178528857,1.7355284977225454,16.463168809770576,0.09447961442062303,3.3526529900416984,6.0,0.4686850488787193,-0.09331935688207049,0.5620044057607898,398846.1820093202
kama_cci_atr_allocation,307,-0.11335968178606448,19,5,57,29,5.0,100_60_20,11,2.2,1.9000000000000001,2.221176462024312,0.5882915166161007,1.883090601849464,0.6225362560764169,0.261324297289252,4.338341533573533,5.0,0.5853553408055052,-0.07662483417203014,341021.1251388801,2.3381917771596528,0.3038693594401156,1.6819473981292912,13.600199666955682,0.09448220475946989,3.2161544093271064,8.0,0.4486447239747253,-0.11335968178606448,0.5620044057607898,396034.33047879016
kama_cci_atr_allocation,308,-0.09185986968906845,33,5,56,28,0.0,100_60_20,12,2.6,2.0,2.612207770461957,0.683082123541765,2.0648090063728177,0.6943390218364656,0.24311609240295295,5.149896957985733,3.0,0.6795837582567212,0.017603583279185986,356352.6197834626,2.410320868043719,0.3176940045130412,1.7400937694638579,17.021935995633193,0.09448472057319224,3.3623849717260974,6.0,0.47014453607172135,-0.09185986968906845,0.5620044057607898,399135.4698427602
kama_cci_atr_allocation,309,-0.0697905464065387,31,5,55,29,0.0,100_60_20,13,2.4000000000000004,1.8,2.401589624106321,0.6362982310287247,1.9436805338066185,0.5956270711460812,0.2813905850536106,4.740812164950018,7.0,0.6330698867541642,-0.028910288223371106,348268.1368718951,2.484523153640574,0.3318252450870356,1.802101235841774,21.189698149963156,0.09448179235658671,3.512054934718887,7.0,0.4922138593542511,-0.0697905464065387,0.5620044057607898,403141.7849851202
kama_cci_atr_allocation,310,-0.06852478358840264,32,5,57,30,0.0,100_60_20,16,2.5,1.9000000000000001,2.459362515465484,0.6487299735356882,1.9842881722113614,0.6477003486762869,0.2813831512607723,4.841182098251133,5.0,0.645434208224996,-0.016545966752539387,350449.1301965801,2.4885872902251664,0.3326339201907056,1.8048530739911146,20.559823485477768,0.0944858565180382,3.5204625586179956,6.0,0.49347962217238717,-0.06852478358840264,0.5620044057607898,403838.76744802005
kama_cci_atr_allocation,311,-0.07779408329893167,32,5,54,30,5.0,100_60_20,16,2.5,1.7000000000000002,2.488504207232746,0.6517545477999088,1.9895289085339372,0.7127034332894786,0.2790473269927427,4.885433838329089,6.0,0.6484292856537024,-0.013550889323832915,350692.7413954826,2.458640767010221,0.3267073955779456,1.7862377231542448,19.55608319503409,0.09448260567730793,3.45785759437847,8.0,0.48421032246185813,-0.07779408329893167,0.5620044057607898,401262.09417494026
kama_cci_atr_allocation,312,-0.08601378683029126,23,5,56,30,0.0,100_60_20,16,2.6,1.9000000000000001,2.3898956995331435,0.6382173900311328,1.9493451546222214,0.6230277133665902,0.25872501876765863,4.697738960287339,5.0,0.6349872471141385,-0.02699292786339702,348814.6436406626,2.4299973021491232,0.3214431510584108,1.7560735990963798,16.153724249639925,0.09447964867866021,3.4022475268900325,6.0,0.47599061893049854,-0.08601378683029126,0.5620044057607898,401379.54461979005
kama_cci_atr_allocation,313,-0.09061891867191263,33,5,57,28,5.0,100_60_20,17,2.5,1.8,2.7099109111101787,0.6608366847016172,2.012074359394283,3.5544930354225976,0.2790528101640507,4.982453018939394,7.0,0.657464265646689,-0.0045159093308462794,352229.13339909504,2.416450697003602,0.31849019135470513,1.757464094765312,19.88737219060203,0.09449381028197001,3.3704873409626384,8.0,0.4713854870888772,-0.09061891867191263,0.5620044057607898,398352.30474014033
kama_cci_atr_allocation,314,-0.16548282423673588,32,5,55,19,0.0,100_60_20,16,2.3,2.0,2.568726895500175,0.6480028192845272,1.994610770376645,0.555467226309038,0.2697947434736605,5.145856851992374,6.0,0.6446990884122126,-0.017281086565322734,349682.04690181266,1.2614907699836655,0.270108821394502,1.528943631371001,0.7056133475464622,0.1215565111208462,2.222084353227048,6.0,0.3965215815240539,-0.16548282423673588,0.5620044057607898,382199.96829993016
kama_cci_atr_allocation,315,-0.30896033602242867,34,5,56,30,60.0,100_25_0,17,2.6,1.9000000000000001,3.1934611174991114,0.6244296089087762,2.050771607150912,2.595577759481549,0.18791266843472554,6.5308457525960675,19.0,0.621251854967903,-0.040728320009632335,342408.38691586273,0.8628065890398823,0.17526282016926809,1.1518015894534948,0.12345630530301152,0.10504822538056369,1.668403435986989,6.0,0.25304406973836113,-0.30896033602242867,0.5620044057607898,356307.3424410502
kama_cci_atr_allocation,316,-0.2396790225126908,32,5,57,31,100.0,100_60_20,16,2.7,2.0,2.261054402645412,0.547525770770765,2.0035002851434367,0.5110323246397817,0.22605754834587122,4.46521256927783,2.0,0.5448234681039714,-0.11715670687356394,331949.2012946176,1.1700920680516373,0.22142615883655914,1.4308940618379957,0.20347650017007246,0.09790911801948787,2.261547885585961,4.0,0.322325383248099,-0.2396790225126908,0.5620044057607898,366543.3073135204
kama_cci_atr_allocation,317,-0.15020239824870196,30,5,55,29,85.0,100_60_20,12,2.5,1.8,2.370863987151167,0.5523414539482294,1.9347095750513597,0.7419873792770932,0.22604535172573215,4.675321780277907,6.0,0.5496045859884376,-0.11237558898909772,333319.2250456726,2.2297185876752295,0.280042594768936,1.6843973392839457,7.0334961131564855,0.09444381113598699,2.9651767691343007,6.0,0.41180200751208784,-0.15020239824870196,0.5620044057607898,386375.07151137025
kama_cci_atr_allocation,318,-0.1904700971429436,33,5,54,30,35.0,100_50_0,12,2.4000000000000004,2.0,2.711704116404304,0.6233454601967625,1.976028125874857,2.0131225792066534,0.26609872348174723,4.982102895916844,19.0,0.6201927773374067,-0.041787397640128676,346984.95181742264,2.146278601717848,0.25379780899747906,1.5038354515551247,8.939341556474037,0.0891307723195417,2.847476829748445,7.0,0.3715343086178462,-0.1904700971429436,0.5620044057607898,381514.94134488015
kama_cci_atr_allocation,319,-0.1085714634241588,31,5,56,28,10.0,100_60_20,16,4.6,1.9000000000000001,2.5768274290369386,0.6697123477681188,2.037206298529208,0.8895917391093683,0.2543534465542262,5.008585015797948,2.0,0.6662926501610282,0.004312475183492925,354371.9547788427,2.354935142363285,0.3069532599076594,1.6996146358599693,14.4657803268421,0.09448644571466047,3.248648603362934,6.0,0.453432942336631,-0.1085714634241588,0.5620044057607898,396432.22140972014
kama_cci_atr_allocation,320,-0.09846401007074035,34,5,57,31,0.0,100_60_20,13,2.3,1.8,2.588316877995201,0.6328093582560073,1.9390459768844794,3.385557085902386,0.28138769271926867,4.742871966004697,9.0,0.6296065986039403,-0.032373576373595,347420.6001390526,2.381152780485812,0.3134536098923557,1.7188916980745617,15.077312875634496,0.09495179536636855,3.3011867620080766,8.0,0.46354039569004946,-0.09846401007074035,0.5620044057607898,399429.91136438015
kama_cci_atr_allocation,321,-0.07470751024601685,33,5,58,29,5.0,100_60_20,10,2.6,1.9000000000000001,2.6128359967648547,0.6745847031741712,2.0516180119202994,0.7842705747138115,0.2406505324617324,5.129050633996498,4.0,0.6711353203405792,0.009155145363043793,354555.19637019513,2.4685616824501504,0.32868202655213596,1.791991876836844,22.23499122785381,0.09448298294404156,3.478743116596996,7.0,0.48729689551477295,-0.07470751024601685,0.5620044057607898,401102.95485374023
kama_cci_atr_allocation,322,-0.07381776268051876,31,5,55,30,0.0,100_60_20,17,2.5,2.1,2.380142569262962,0.6339755599751689,1.9369539189203429,0.6477003486762869,0.2813831512607723,4.6719263327314335,5.0,0.6307680153361371,-0.031212159641398285,348175.70920877514,2.470865391183052,0.3292510251258032,1.790178468054738,21.68071426165968,0.09448541965071933,3.484675480544331,6.0,0.48818664308027104,-0.07381776268051876,0.5620044057607898,402884.5639499001
kama_cci_atr_allocation,323,-0.09323811660905901,32,5,56,29,0.0,100_60_20,11,2.2,2.0,2.565331133315258,0.6747622611727706,2.0346665465550693,0.7784460854256003,0.2474271542654669,5.018697163943431,5.0,0.6713093820398424,0.009329207062306943,354891.0088967626,2.405760167284146,0.31680950561448284,1.73628222108641,16.806605959383607,0.09447977034648536,3.353199361647984,7.0,0.4687662891517308,-0.09323811660905901,0.5620044057607898,400439.8265999701
kama_cci_atr_allocation,324,-0.10014685986325844,30,5,59,24,5.0,100_60_20,12,2.4000000000000004,1.7000000000000002,2.396062844535694,0.5962121370807985,1.8781039297128084,3.575623393468629,0.2813914917446092,4.344318185661444,11.0,0.593210256808625,-0.06876991816891026,342957.24831517006,2.3838929969958143,0.31237221523890835,1.726682390763775,15.946363410165494,0.09448424704878622,3.3060772032994805,8.0,0.46185754589753136,-0.10014685986325844,0.5620044057607898,397265.7848851603
kama_cci_atr_allocation,325,-0.09061891867191263,34,5,57,28,5.0,100_60_20,18,2.5,1.7000000000000002,2.708431545221279,0.6534557391612502,1.9949192495291488,3.647053719263876,0.2790528101640507,4.956003023556699,8.0,0.6501241184049869,-0.011856056572548401,350705.13378309505,2.416450697003602,0.31849019135470513,1.757464094765312,19.88737219060203,0.09449381028197001,3.3704873409626384,8.0,0.4713854870888772,-0.09061891867191263,0.5620044057607898,398352.30474014033
kama_cci_atr_allocation,326,-0.0728281586802193,33,5,55,30,0.0,100_60_20,11,2.7,1.9000000000000001,2.5278537222900175,0.668336191224542,2.033285266621089,0.6819257801051125,0.24311163519394563,4.966524988511967,3.0,0.6649284912914539,0.0029483163139186197,353864.1266258551,2.474133501391272,0.3298837689412095,1.792301490945495,20.384533999349483,0.09448234452433679,3.4914858495730696,7.0,0.4891762470805705,-0.0728281586802193,0.5620044057607898,402795.34390976024
kama_cci_atr_allocation,327,-0.09846401007074035,29,5,54,31,0.0,100_60_20,14,2.3,1.8,2.505523009793612,0.6176299694361693,1.8901599930493032,3.385557085902386,0.28138769271926867,4.565581460572717,9.0,0.6145176917084131,-0.04746248326912228,345136.6916887126,2.381152780485812,0.3134536098923557,1.7188916980745617,15.077312875634496,0.09495179536636855,3.3011867620080766,8.0,0.46354039569004946,-0.09846401007074035,0.5620044057607898,399429.91136438015
kama_cci_atr_allocation,328,-0.10028346999690774,32,5,57,27,0.0,100_60_20,13,2.5,1.6,2.7425608302211684,0.6646519858875188,2.019815105144602,3.5481932245703627,0.2431183720060751,5.056318054541861,10.0,0.6612591792209035,-0.0007209957566318703,352468.9609932352,2.38260830131033,0.3122844144269987,1.7209075884427865,15.21085417409991,0.09448535827770499,3.3051090678955086,8.0,0.46172093576388207,-0.10028346999690774,0.5620044057607898,397430.03639003006
kama_cci_atr_allocation,329,-0.20987292684607772,28,5,48,28,5.0,100_60_20,12,2.4000000000000004,0.8,2.8683259088306876,0.6003018163399095,1.7707723396788548,7.985525007113318,0.23090570386330855,4.634943364510021,38.0,0.597258861430918,-0.06472131354661725,340833.4786841027,1.9408745219445638,0.24107388895466486,1.3992589949102614,4.136946277608871,0.08902151896399269,2.708040614900922,19.0,0.3521314789147121,-0.20987292684607772,0.5620044057607898,380155.0126813603
kama_cci_atr_allocation,330,-0.0654864319077395,32,5,56,29,0.0,100_60_20,16,2.6,2.0,2.5703275767805374,0.6806180869730138,2.0479678363080542,0.6943390218364656,0.24311609240295295,5.0533570412937365,5.0,0.6771313164451536,0.015151141467618257,355971.08353584266,2.498985294872103,0.33457427910143744,1.8146383573211897,21.37188714743658,0.0944842611203367,3.5410583216110267,6.0,0.4965179738530503,-0.0654864319077395,0.5620044057607898,404184.0927203401
kama_cci_atr_allocation,331,-0.06852478358840264,31,5,56,30,0.0,100_60_20,16,2.6,2.0,2.529037804875195,0.665663659285869,2.007631669642816,0.7006888736656439,0.24311163519394563,4.9740687485726385,5.0,0.6622750959045086,0.0002949209269731967,353551.2414735751,2.4885872902251664,0.3326339201907056,1.8048530739911146,20.559823485477768,0.0944858565180382,3.5204625586179956,6.0,0.49347962217238717,-0.06852478358840264,0.5620044057607898,403838.76744802005
kama_cci_atr_allocation,332,-0.08853494042165244,30,5,56,30,0.0,100_60_20,16,2.7,2.1,2.5013158136909697,0.6625955005486012,2.0087605427103314,0.7006888736656439,0.24311163519394563,4.9066368419941995,3.0,0.6592258182492665,-0.0027543567282688475,353120.16927035764,2.421134829032564,0.31982683046805715,1.7469517415122215,17.662599876983517,0.0944849360340565,3.384950489385711,6.0,0.47346946533913736,-0.08853494042165244,0.5620044057607898,400968.36274291016
kama_cci_atr_allocation,333,-0.15219605128367197,31,5,54,31,50.0,100_60_20,15,2.6,2.0,2.5558228445866877,0.6330960821686806,2.0354696375167896,0.7833881307181834,0.22603185131845205,5.0239593469741,4.0,0.6298924162581991,-0.03208775871933617,347340.74037184764,1.3823456338251356,0.2787482641062351,1.5942628239668393,0.6658348128748262,0.11118787500848726,2.507002351515015,5.0,0.40980835447711783,-0.15219605128367197,0.5620044057607898,385362.8078686901
kama_cci_atr_allocation,334,-0.07381776268051876,31,5,55,30,0.0,100_60_20,16,2.6,2.1,2.4709870899500195,0.6578092625388972,1.9889448402159011,0.7006888736656439,0.24311163519394563,4.8418291625877234,5.0,0.6544653282267262,-0.0075148467508091565,352288.96612846263,2.470865391183052,0.3292510251258032,1.790178468054738,21.68071426165968,0.09448541965071933,3.484675480544331,6.0,0.48818664308027104,-0.07381776268051876,0.5620044057607898,402884.5639499001
kama_cci_atr_allocation,335,-0.08374391396453884,30,5,56,31,5.0,100_60_20,17,2.7,2.0,2.4863024576949395,0.6587659224058723,2.009637214289871,0.698203885647548,0.24311163519394563,4.872573249927139,4.0,0.6554182575004968,-0.006561917477038659,352949.2097704201,2.4375767348399924,0.32289770382145977,1.7623859023966015,17.670284829757776,0.09448265333254457,3.4175342502816606,6.0,0.47826049179625096,-0.08374391396453884,0.5620044057607898,401193.7826176202
kama_cci_atr_allocation,336,-0.16659986295583074,33,5,55,29,5.0,100_25_0,16,2.8,2.1,2.999789627370755,0.6701819691687261,1.9970827868121899,2.305407841564637,0.2288445742070152,6.398858260294252,19.0,0.6667561052414157,0.004775930263880401,352406.17465201265,2.433506952233804,0.2693814290215393,1.5921763652419172,14.447085375131172,0.0765579485193425,3.5186604948469795,6.0,0.39540454280495907,-0.16659986295583074,0.5620044057607898,384109.5779184702
kama_cci_atr_allocation,337,-0.21363210175368708,34,2,56,30,0.0,100_60_20,15,2.6,2.0,2.5508988785421565,0.5799959737631308,1.870861113636427,0.550647436479512,0.2450576440344876,5.200400115886881,5.0,0.5771137241514106,-0.0848664508261247,339652.6076394001,2.0312986632137027,0.2386027293042079,1.435025147632535,7.963315040252856,0.09179785910440419,2.599218888458374,6.0,0.34837230400710273,-0.21363210175368708,0.5620044057607898,378521.40498561005
kama_cci_atr_allocation,338,-0.19001352613215206,31,5,27,28,0.0,100_60_20,16,2.7,2.0,2.4432563933767417,0.5831216265799068,1.8924408901885805,0.5828528805210004,0.26330287549753073,4.908786205477048,4.0,0.5802153776125744,-0.081764797364961,340332.2932184951,2.0276446439151314,0.2540965993067581,1.4562279831717344,10.037007505462485,0.09892873637026556,2.568481197978088,7.0,0.37199087962863775,-0.19001352613215206,0.5620044057607898,380752.53023913025
kama_cci_atr_allocation,339,-0.07214092713145592,29,5,55,29,5.0,100_60_20,17,2.6,1.9000000000000001,2.515262064494531,0.6663550181287312,2.010169021307685,0.7063539931650452,0.2406505324617324,4.936037452582278,5.0,0.6629564516271733,0.0009762766496378972,353755.28736691014,2.477153802137743,0.3303231082746436,1.7995179411025188,22.350746061918738,0.0944876648360754,3.4959389550764537,6.0,0.4898634786293339,-0.07214092713145592,0.5620044057607898,401723.29308281024
kama_cci_atr_allocation,340,-0.07729408256986647,32,5,54,30,0.0,100_60_20,15,2.5,1.8,2.697956970931229,0.6607731613945447,1.9919314018879066,3.6270302649993704,0.24311898350010885,4.906490694149175,8.0,0.6574072690493968,-0.004572905928138582,352262.38319240516,2.459941506246288,0.32702734949968537,1.7855747548715792,18.651969370991132,0.09448727088070863,3.461073078431501,8.0,0.48471032319092333,-0.07729408256986647,0.5620044057607898,401991.3097977703
kama_cci_atr_allocation,341,-0.13701861595088505,25,5,53,29,10.0,100_50_0,16,2.5,2.1,2.881837045873339,0.6523187352497628,1.9477123427086,10.4313050869033,0.28285716357095636,5.40008426169322,25.0,0.6489919251014704,-0.012988249876065006,350172.1989092676,2.3359381801395602,0.28858882058996427,1.645366986320126,15.084359761384382,0.08913133544329466,3.2377930741715906,7.0,0.42498578980990476,-0.13701861595088505,0.5620044057607898,390374.66042556026
kama_cci_atr_allocation,342,-0.1482041751551053,30,4,56,27,0.0,100_60_20,17,2.6,2.0,2.2573371883720834,0.595200085511061,1.9045681376143204,0.5932398061167509,0.2655737296561055,4.426503380474062,5.0,0.5922264501833912,-0.06975372479414421,341982.67442888767,2.1061512412124532,0.2813393714968788,1.5802208540728933,13.570054245409509,0.10442499101096481,2.6941766407941343,6.0,0.4138002306056845,-0.1482041751551053,0.5620044057607898,386243.9122718602
kama_cci_atr_allocation,343,-0.11632661783437759,31,5,56,31,45.0,100_60_20,16,2.8,1.9000000000000001,2.5164132212919403,0.6585229803463875,2.080670394530955,0.8165923129940869,0.2260168010696253,4.876999262699417,3.0,0.6551753151189288,-0.006804859858606516,352430.9765434801,2.3336498790261753,0.30195702128296764,1.7103981276285656,14.603201931970695,0.09448473757925946,3.195828543521836,6.0,0.4456777879264122,-0.11632661783437759,0.5620044057607898,393842.64023677015
kama_cci_atr_allocation,344,-0.10875167119004225,33,5,55,26,0.0,100_60_20,15,2.7,2.0,2.615713184277482,0.6909420620830145,2.086265692459198,0.6982704054685128,0.243113692967582,5.143258052888892,4.0,0.6873915351391948,0.02541136016165957,357952.46083453763,2.3534906032252416,0.3068372475945771,1.6932952964687593,15.454163802579883,0.09448384804643206,3.2475100658875418,6.0,0.45325273457074755,-0.10875167119004225,0.5620044057607898,396460.7403299301
kama_cci_atr_allocation,345,-0.09061891867191263,32,5,57,28,5.0,100_60_20,18,2.5,1.8,2.7082603513552455,0.6603422030752768,2.010485851853786,3.5544930354225976,0.2790528101640507,4.979292455337815,7.0,0.6569726470671015,-0.0050075279104339065,352170.0709936826,2.416450697003602,0.31849019135470513,1.757464094765312,19.88737219060203,0.09449381028197001,3.3704873409626384,8.0,0.4713854870888772,-0.09061891867191263,0.5620044057607898,398352.30474014033
kama_cci_atr_allocation,346,-0.0728281586802193,34,5,54,30,0.0,100_60_20,14,2.5,1.9000000000000001,2.513452093477784,0.6675953122376078,2.0243541469847908,0.7006888736656439,0.24311163519394563,4.927388603374165,5.0,0.664191540807853,0.0022113658303176686,353727.48522715765,2.474133501391272,0.3298837689412095,1.792301490945495,20.384533999349483,0.09448234452433679,3.4914858495730696,7.0,0.4891762470805705,-0.0728281586802193,0.5620044057607898,402795.34390976024
kama_cci_atr_allocation,347,-0.1178855982331164,31,5,34,29,5.0,100_60_20,17,2.4000000000000004,2.1,2.136810704454323,0.5690764491817384,1.841877274627535,0.4669424632446113,0.3032666673783654,4.215615012759994,5.0,0.5662446633090963,-0.09573551166843913,337831.4382743051,2.264936638183907,0.30095173392348773,1.6653185283052905,25.53217280011764,0.09893731056769972,3.041842679941819,5.0,0.4441188075276734,-0.1178855982331164,0.5620044057607898,392589.13253253023
kama_cci_atr_allocation,348,-0.08026965264784702,32,5,55,29,0.0,100_60_20,19,2.6,2.0,2.5703275767805374,0.6806180869730138,2.0479678363080542,0.6943390218364656,0.24311609240295295,5.0533570412937365,5.0,0.6771313164451536,0.015151141467618257,355971.08353584266,2.4491936765084112,0.32512281024353173,1.7715147863383158,17.503395584106904,0.09448025139473848,3.4411721544343554,6.0,0.4817347531129428,-0.08026965264784702,0.5620044057607898,402259.08267622004
kama_cci_atr_allocation,349,-0.07335243123900859,33,5,57,30,5.0,100_60_20,13,2.3,1.8,2.512450390195956,0.6524125965628353,2.0001667470827043,0.7127034332894786,0.2790473269927427,4.940816933329449,6.0,0.6490858799353532,-0.012894295042182091,350719.0812971751,2.47260149248812,0.32954856870965776,1.7928410147956606,21.48480984557923,0.09448738105715881,3.48775217412685,7.0,0.4886519745217812,-0.07335243123900859,0.5620044057607898,402059.32675550017
kama_cci_atr_allocation,350,-0.09185986968906845,31,5,56,28,0.0,100_60_20,16,2.5,1.9000000000000001,2.4527980879356917,0.6466824322724505,1.9635202619823775,0.6405073391836745,0.2813905850536106,4.83678963424178,5.0,0.6433962510733492,-0.018583923904186173,350301.83436337515,2.410320868043719,0.3176940045130412,1.7400937694638579,17.021935995633193,0.09448472057319224,3.3623849717260974,6.0,0.47014453607172135,-0.09185986968906845,0.5620044057607898,399135.4698427602
kama_cci_atr_allocation,351,-0.10282761046014999,29,5,56,31,0.0,100_60_20,9,2.1,1.7000000000000002,2.8172860918219547,0.6422040868314394,1.9400629985337439,4.800478496547057,0.24741673436995093,4.824182017677287,12.0,0.6389474964795792,-0.023032678497956205,349127.61239824025,2.367400502130778,0.31064884153378247,1.7119932002301261,14.103533956181856,0.09494487713696997,3.271886287088795,9.0,0.4591767953006398,-0.10282761046014999,0.5620044057607898,398642.38493518037
kama_cci_atr_allocation,352,-0.0654864319077395,30,5,54,29,0.0,100_60_20,17,2.6,1.9000000000000001,2.5107996470458134,0.6659798581137566,2.009075726191279,0.6943390218364656,0.24311609240295295,4.930077871749434,5.0,0.6625833201688076,0.0006031451912723584,353699.4587626701,2.498985294872103,0.33457427910143744,1.8146383573211897,21.37188714743658,0.0944842611203367,3.5410583216110267,6.0,0.4965179738530503,-0.0654864319077395,0.5620044057607898,404184.0927203401
kama_cci_atr_allocation,353,-0.09597573648219271,30,5,55,39,10.0,100_60_20,17,2.9000000000000004,2.1,2.6286707596355416,0.6940375247719198,2.091162056055075,0.739521208609424,0.243111781434868,5.15602765423286,3.0,0.6904772078609247,0.02849703288338934,358539.36008101265,2.390459694676694,0.3150519206117717,1.731685636986878,16.937840100771247,0.09494562966052,3.318235096636318,6.0,0.4660286692785971,-0.09597573648219271,0.5620044057607898,399287.8931425601
kama_cci_atr_allocation,354,-0.08328654030370974,35,5,53,30,0.0,100_60_20,18,2.7,2.0,2.544253627172838,0.6716525412175355,2.0358746717178495,0.7006888736656439,0.24311163519394563,4.997035102565291,4.0,0.6682256359344395,0.0062454609569041475,354507.9285932451,2.438827628271898,0.3231907157063423,1.761664281924402,16.944573955756116,0.09448166538807512,3.420671242180849,6.0,0.47871786545708006,-0.08328654030370974,0.5620044057607898,401916.1809062001
kama_cci_atr_allocation,355,-0.13447409453798587,29,3,53,29,5.0,100_60_20,17,2.6,1.9000000000000001,2.5542178893670764,0.5991366037121828,1.915195041747384,0.5796530210665332,0.2643686184124314,5.166868642921211,5.0,0.5961391953182122,-0.06584097965932306,343471.2200670327,2.5607193418610152,0.2902356845567877,1.6640915351598022,11.724739225589351,0.07655379055080702,3.791264710323715,7.0,0.42753031122280394,-0.13447409453798587,0.5620044057607898,393036.41170769033
kama_cci_atr_allocation,356,-0.09985443041353093,28,5,53,31,5.0,100_60_20,16,3.3000000000000003,2.0,2.457706365443244,0.6534381179962234,1.9984831210580636,0.6475875834393809,0.25677320723824737,4.828235443310593,3.0,0.6501197634289915,-0.011860411548543948,351844.7208092626,2.3832445940998133,0.31256015497739087,1.7166299126279612,14.358465017324129,0.09448446174965097,3.3080587981287355,6.0,0.4621499753472589,-0.09985443041353093,0.5620044057607898,398825.0695377501
kama_cci_atr_allocation,357,-0.12219557512178403,34,5,54,28,0.0,100_60_20,16,4.4,1.9000000000000001,2.561511679882828,0.6673865049692076,2.028080989534156,0.8642757264404609,0.25677556183292904,4.984952597383274,2.0,0.6639785003723746,0.0019983253948391844,353761.33313246764,2.3074213427736225,0.29817089785341144,1.651240924695918,12.097143713290748,0.0944834147846848,3.1558014550268263,6.0,0.4398088306390058,-0.12219557512178403,0.5620044057607898,394922.10214515
kama_cci_atr_allocation,358,-0.07381776268051876,32,5,54,30,0.0,100_60_20,17,2.4000000000000004,2.1,2.430430210494656,0.6518755985380436,1.9838210376353282,0.5426093764403379,0.2813831512607723,4.806081345529757,6.0,0.6485600796154767,-0.01342009536205857,351010.5877092376,2.470865391183052,0.3292510251258032,1.790178468054738,21.68071426165968,0.09448541965071933,3.484675480544331,6.0,0.48818664308027104,-0.07381776268051876,0.5620044057607898,402884.5639499001
kama_cci_atr_allocation,359,-0.08716437134782917,30,5,55,22,5.0,100_60_20,15,2.6,1.9000000000000001,2.3259019340730567,0.6260780772510923,1.9666172154500596,0.6001074949079412,0.2635465487430517,4.548961131700763,4.0,0.6229117688658607,-0.039068406111674614,347017.0184448152,2.429793806483172,0.32070560458166875,1.7777944513316368,19.159887546467566,0.09448497170532077,3.3942498875046887,6.0,0.47484003441296063,-0.08716437134782917,0.5620044057607898,399906.45721431036
kama_cci_atr_allocation,360,-0.1078481040610686,33,5,57,27,0.0,100_60_20,16,2.8,2.0,2.6418718657333526,0.6883001580964765,2.088269339612403,0.6926003752200823,0.24313143995395103,5.212005599061573,3.0,0.6847715476230869,0.02279137264555159,356960.24520672753,2.35601286968734,0.3074188956878219,1.692279506374409,14.005443787473,0.09448344692566668,3.253679937499303,6.0,0.4541563016997212,-0.1078481040610686,0.5620044057607898,396954.0686417801
kama_cci_atr_allocation,361,-0.24315447697920534,10,5,39,29,0.0,100_25_0,18,2.4000000000000004,1.9000000000000001,2.970907458525175,0.6168054270752892,1.9359381711530266,13.348347990741004,0.24125066945023999,5.8997719611469055,25.0,0.6137114123900891,-0.048268762587446334,343573.49960288766,1.8923877119940737,0.2191270440589863,1.3499354277458442,4.7636940832044425,0.09170094346051638,2.389583310594135,15.0,0.31884992878158447,-0.24315447697920534,0.5620044057607898,371996.5103749502
kama_cci_atr_allocation,362,-0.08895171075854647,35,5,54,29,0.0,100_60_20,17,2.7,1.8,2.6536414192929683,0.6879584441123365,2.0771758630158534,0.6943390218364656,0.24311609240295295,5.245193386115295,3.0,0.6844316079428829,0.022451432965347518,357222.31564396265,2.420694623733009,0.3195595618664593,1.7521532785961798,16.079673708803583,0.09448450504956452,3.3821372266153618,8.0,0.47305269500224334,-0.08895171075854647,0.5620044057607898,400425.0483544001
kama_cci_atr_allocation,363,-0.09276711889213818,30,5,57,30,0.0,100_50_0,16,2.5,2.0,2.844657519997529,0.6447029471599595,1.9166635086346928,10.374844160009722,0.26907188290122563,5.298322136984732,23.0,0.6414341213628595,-0.020546053614675874,349213.3409127551,2.4920948498408637,0.31711179796391575,1.7655550883930193,17.731285788467847,0.08913168331565569,3.5577898471958527,6.0,0.4692372868686516,-0.09276711889213818,0.5620044057607898,399597.31463302014
kama_cci_atr_allocation,364,-0.11929396804457149,32,5,56,28,5.0,100_60_20,15,3.6,2.1,2.590889673549987,0.6829232366305585,2.067344034518525,0.6549832484945923,0.2543628656785517,5.110529123362972,3.0,0.6794230192447246,0.017442844267189117,356131.9387126351,2.318504202238481,0.3000433006596792,1.6677724121760422,14.87514336470947,0.09448255275555795,3.17564769271149,6.0,0.4427104377162183,-0.11929396804457149,0.5620044057607898,394599.98930150014
kama_cci_atr_allocation,365,-0.07470751024601685,33,5,55,29,5.0,100_60_20,10,2.6,1.9000000000000001,2.546875136321124,0.6660948921206205,2.0291590555361707,0.7842705747138115,0.2406505324617324,4.978925785732486,5.0,0.6626941656426184,0.0007139906650830419,353170.60056402517,2.4685616824501504,0.32868202655213596,1.791991876836844,22.23499122785381,0.09448298294404156,3.478743116596996,7.0,0.48729689551477295,-0.07470751024601685,0.5620044057607898,401102.95485374023
kama_cci_atr_allocation,366,-0.14123648452307158,31,4,57,30,0.0,100_60_20,17,2.3,1.8,2.3764759159914366,0.5806976611236836,1.8514962172231084,3.4974844837938197,0.26444707182462723,4.260486041658232,7.0,0.5778099701554245,-0.08417020482211085,339684.8180020851,2.080864808673568,0.28585709207153576,1.6027325123820444,15.074584862590726,0.10916751478593023,2.6185179046356537,8.0,0.4207679212377182,-0.14123648452307158,0.5620044057607898,387035.43307008024
kama_cci_atr_allocation,367,-0.12772012298273716,34,5,54,31,0.0,100_60_20,8,2.2,3.3000000000000003,2.593728208657037,0.6641368141569852,2.0157010684696965,1.25,0.23345375127833945,4.927920313120499,3.0,0.6607557780473927,-0.001224396930142646,353194.6167603001,1.4101350865452817,0.294602948495132,1.621174974679055,0.6818160258020031,0.11569641555138288,2.5463446476809257,4.0,0.43428428277805264,-0.12772012298273716,0.5620044057607898,392267.1110609401
kama_cci_atr_allocation,368,-0.09185986968906845,31,5,56,28,0.0,100_60_20,12,2.4000000000000004,2.0,2.444165003411537,0.6500166109463208,1.9717064086006426,0.5375069973979549,0.2813905850536106,4.848266273874806,6.0,0.646711782703143,-0.015268392274392362,350833.58343322016,2.410320868043719,0.3176940045130412,1.7400937694638579,17.021935995633193,0.09448472057319224,3.3623849717260974,6.0,0.47014453607172135,-0.09185986968906845,0.5620044057607898,399135.4698427602
kama_cci_atr_allocation,369,-0.2171822433441093,30,5,55,11,5.0,100_60_20,9,2.6,1.6,2.898143066076846,0.6654825100931803,2.0822461085894393,1.915249229844115,0.23408018752711612,5.697745775337581,8.0,0.6620622557963113,8.208081877592033e-05,351745.1067129927,1.83943281378022,0.23626718378054767,1.3800251747793288,6.941696724891753,0.11029006247839346,2.1422345628540556,9.0,0.3448221624166805,-0.2171822433441093,0.5620044057607898,374094.06622179045
kama_cci_atr_allocation,370,-0.06852478358840264,32,5,58,30,0.0,100_60_20,15,2.5,2.0,2.550055986269085,0.6725370440449253,2.0363119623658514,0.7006888736656439,0.24311163519394563,5.010714914055607,5.0,0.6691050393088631,0.0071248643313277515,354518.7451185001,2.4885872902251664,0.3326339201907056,1.8048530739911146,20.559823485477768,0.0944858565180382,3.5204625586179956,6.0,0.49347962217238717,-0.06852478358840264,0.5620044057607898,403838.76744802005
kama_cci_atr_allocation,371,-0.07706572554910407,33,5,58,31,0.0,100_60_20,15,2.3,2.1,2.5196531272575244,0.6602706174283284,2.0092348611072492,0.7857211991613976,0.24742171960455972,4.922155930077456,5.0,0.6569124019833275,-0.005067772994207909,352402.99685817014,2.4531364944125857,0.32717346655233515,1.780436544717137,20.75744605776843,0.09494690137360451,3.4458572298736465,6.0,0.48493868021168574,-0.07706572554910407,0.5620044057607898,402305.50077566016
kama_cci_atr_allocation,372,-0.09968429422256375,27,5,42,30,5.0,100_60_20,14,2.5,2.0,2.265230922988637,0.5998168724649222,1.9131253360940788,0.6293946127844707,0.25631400470647014,4.426015375230998,5.0,0.5968142356922446,-0.06516593928529085,343113.4639928926,2.328133512576181,0.31266949387730003,1.720485731183812,16.740767999802134,0.0986731935352082,3.168737958863513,6.0,0.46232011153822605,-0.09968429422256375,0.5620044057607898,397199.4206553402
kama_cci_atr_allocation,373,-0.09176184520834063,32,5,59,31,0.0,100_60_20,15,2.7,2.1,2.5496811841220466,0.6689649497447555,2.03614985088828,0.7000811687057094,0.24311644180017367,5.012739802807529,3.0,0.6655563760873859,0.0035762011098505186,353991.43829611014,2.4036433936502206,0.31775690338405305,1.7372325326398461,17.04539697065017,0.09494610090581868,3.3467082939956687,6.0,0.4702425605524492,-0.09176184520834063,0.5620044057607898,400389.07723538013
kama_cci_atr_allocation,374,-0.07605240531915713,33,5,58,32,5.0,100_60_20,15,2.4000000000000004,2.0,2.39054707334698,0.6373251474175199,1.9697228597630576,0.5402383689249353,0.28138810161062056,4.723439311194665,6.0,0.6341015258016416,-0.027878649175893833,348590.36122784764,2.4567134240361144,0.3278217749902801,1.7846719656206194,19.66360382434795,0.0949483192344246,3.4526337868172035,6.0,0.48595200044163267,-0.07605240531915713,0.5620044057607898,402032.6778568802
kama_cci_atr_allocation,375,-0.06852478358840264,32,5,57,30,0.0,100_60_20,16,2.6,1.9000000000000001,2.5747005681338533,0.6755676176143209,2.0433234968339615,0.7006888736656439,0.24311163519394563,5.067428472210214,5.0,0.672118176497162,0.010138001519626627,355048.3183677976,2.4885872902251664,0.3326339201907056,1.8048530739911146,20.559823485477768,0.0944858565180382,3.5204625586179956,6.0,0.49347962217238717,-0.06852478358840264,0.5620044057607898,403838.76744802005
kama_cci_atr_allocation,376,-0.11767487496486284,35,5,58,30,0.0,100_60_20,16,1.1,1.9000000000000001,2.807356246505254,0.5827616898619546,1.7522668977488176,5.191554714474807,0.28195918758152483,5.236887681171511,45.0,0.5798267871454328,-0.08215338783210258,337559.87430094514,2.227260065211501,0.3010876339776418,1.6710839654617686,5.179302360407473,0.10222409387194098,2.945368577732984,12.0,0.44432953079592696,-0.11767487496486284,0.5620044057607898,392949.12934787024
kama_cci_atr_allocation,377,-0.08374391396453884,34,5,57,31,5.0,100_60_20,16,2.7,2.0,2.582328204122865,0.6760519202796241,2.0651551368031775,0.698203885647548,0.24311163519394563,5.078880105893146,3.0,0.6725994183982649,0.010619243420729452,355396.2272071176,2.4375767348399924,0.32289770382145977,1.7623859023966015,17.670284829757776,0.09448265333254457,3.4175342502816606,6.0,0.47826049179625096,-0.08374391396453884,0.5620044057607898,401193.7826176202
kama_cci_atr_allocation,378,-0.11014918931917106,32,5,60,32,30.0,100_60_20,16,2.6,2.1,2.641629683398715,0.6887787786692565,2.1405966315370146,0.7468262020449986,0.24064987331229293,5.171083530701967,5.0,0.6852510784452819,0.023270903467746462,357646.3882324151,2.3510921853987785,0.30593742886806274,1.7053591613741559,17.806342726348422,0.09448960224674952,3.237789360877399,6.0,0.45185521644161875,-0.11014918931917106,0.5620044057607898,395217.5367463802
kama_cci_atr_allocation,379,-0.06852478358840264,33,5,58,30,0.0,100_60_20,15,2.4000000000000004,1.9000000000000001,2.4543771182002,0.6525715586527614,1.9941223004106032,0.5426093764403379,0.2813831512607723,4.861564142840866,6.0,0.6492541530341374,-0.012726021943398058,351041.52414097753,2.4885872902251664,0.3326339201907056,1.8048530739911146,20.559823485477768,0.0944858565180382,3.5204625586179956,6.0,0.49347962217238717,-0.06852478358840264,0.5620044057607898,403838.76744802005
kama_cci_atr_allocation,380,-0.10647898512040643,33,5,59,30,10.0,100_60_20,14,2.8,2.0,2.5891200248403785,0.6761515417058488,2.0669158549379802,0.7063539931650452,0.2406505324617324,5.092068878965449,3.0,0.6726970519532836,0.010716876975748135,355349.4312420826,2.3618742063265423,0.30830003516903925,1.7044856478837203,16.977120178429672,0.09448439297889244,3.262973126555543,6.0,0.45552542064038337,-0.10647898512040643,0.5620044057607898,396234.1248933302
kama_cci_atr_allocation,381,-0.07381776268051876,34,5,58,30,0.0,100_60_20,15,2.6,2.1,2.579412953921515,0.6760851232911583,2.0468131033689194,0.7006888736656439,0.24311163519394563,5.077513451638178,4.0,0.6726326955058138,0.01065252052827842,355112.0810333276,2.470865391183052,0.3292510251258032,1.790178468054738,21.68071426165968,0.09448541965071933,3.484675480544331,6.0,0.48818664308027104,-0.07381776268051876,0.5620044057607898,402884.5639499001
kama_cci_atr_allocation,382,-0.18874213822804586,15,5,58,31,0.0,100_25_0,15,2.5,1.9000000000000001,2.324521745741571,0.5521756210442441,1.7936654340798586,24.722552305684818,0.26160597137250163,4.185942285390906,20.0,0.549459981686823,-0.11252019329071239,333436.4319920751,2.2868647345372874,0.2549284752613523,1.5167447270364356,6.0241859678383065,0.07983720116482018,3.19310386063089,11.0,0.37326226753274394,-0.18874213822804586,0.5620044057607898,382555.6010304602
kama_cci_atr_allocation,383,-0.07073943009647188,33,5,57,30,5.0,100_60_20,17,2.4000000000000004,2.0,2.522036130151421,0.6617408857682547,2.0217126960811305,0.6462578663729655,0.2790473269927427,4.97463534323759,5.0,0.6583624883237351,-0.0036176866538001895,352667.86199019005,2.4814768891639667,0.3312188910558387,1.8005024434779748,21.597379729600735,0.0944833565016221,3.505579218601874,6.0,0.4912649756643179,-0.07073943009647188,0.5620044057607898,402692.1947774802
kama_cci_atr_allocation,384,-0.09100101369697589,32,5,60,30,0.0,100_60_20,16,2.2,1.9000000000000001,2.5332916122588074,0.6655840679053542,2.0220366500483427,0.7864556876411778,0.24742093889267214,4.947199013895524,5.0,0.662193599638525,0.000213424660989614,353241.7885929251,2.41304968122532,0.31824506177707246,1.7412388979870186,15.692574788955866,0.09448275332868761,3.368287338853877,7.0,0.4710033920638139,-0.09100101369697589,0.5620044057607898,401045.0035421401
kama_cci_atr_allocation,385,-0.086531076675749,33,5,53,31,0.0,100_60_20,15,2.7,2.0,2.5220726400233864,0.6682011966783448,2.0239851865531744,0.7000811687057094,0.24311644180017367,4.94885238971356,4.0,0.6647950901121404,0.0028149151346051338,353950.6298480502,2.4211929720724026,0.3211115786829739,1.7519264867643263,16.38163856398323,0.09494480207691469,3.382086977471834,6.0,0.4754733290850408,-0.086531076675749,0.5620044057607898,401333.8222764201
kama_cci_atr_allocation,386,-0.08033901910050667,35,5,59,32,5.0,100_60_20,14,2.6,1.9000000000000001,2.416166941596736,0.6289557345631869,1.9738969920955394,0.6975888398163562,0.24311644180017367,4.733179372671222,4.0,0.6257918832657885,-0.03618829171174681,347647.3809264651,2.4423053288664036,0.3250783986952688,1.7721044130637753,19.494677263402597,0.0949475067030573,3.4237697226945856,7.0,0.48166538666028313,-0.08033901910050667,0.5620044057607898,400993.1374860103
kama_cci_atr_allocation,387,-0.1950269081352185,21,5,54,29,10.0,100_50_0,16,1.4,2.1,3.340104015074083,0.6722527108592675,1.9645209524108427,16.01079047474991,0.2739718255507334,6.0765566217938005,37.0,0.6688005266025074,0.006820351624971965,352809.07717011514,2.014456335623575,0.250814179271752,1.4627719297855777,4.765594435373042,0.09559002379870563,2.623853089522384,12.0,0.3669774976255713,-0.1950269081352185,0.5620044057607898,378273.0071266001
kama_cci_atr_allocation,388,-0.09523945264713318,32,5,55,30,0.0,100_60_20,7,2.5,1.9000000000000001,2.6874389007601884,0.679415528117413,2.050855418378559,1.8044106247764926,0.19877188559663417,5.137578513844682,5.0,0.6759409433980295,0.013960768420494207,355218.6850879502,2.3986242029803386,0.3155247153153782,1.7286613125288652,15.558601676560679,0.09448658226551088,3.339360020756617,8.0,0.4667649531136566,-0.09523945264713318,0.5620044057607898,400009.7729728302
kama_cci_atr_allocation,389,-0.06904660653729788,34,5,57,31,5.0,100_60_20,17,2.3,2.0,2.5521744622325424,0.6673667402164658,2.037941847487418,0.7833653347103827,0.24742093889267214,4.988266503371044,5.0,0.6639645300891499,0.001984355111614544,353809.6861258276,2.487115623453391,0.33230055966583016,1.8054179332941667,21.6709212794526,0.0944876216592655,3.516868705449574,6.0,0.4929577992234919,-0.06904660653729788,0.5620044057607898,403101.63494816015
kama_cci_atr_allocation,390,-0.11666250531058542,34,5,56,32,5.0,100_60_20,18,2.3,2.2,2.4848182505521312,0.6518572817002297,2.0002385638838,0.7826307751516371,0.24742171960455972,4.845898329958987,5.0,0.6485507887092796,-0.01342938626825585,351036.3386370176,2.3199819825917447,0.3017404548406042,1.6674884840074724,13.763412139406805,0.09494837801653067,3.1779421738839044,7.0,0.4453419004502044,-0.11666250531058542,0.5620044057607898,396748.3623471701
kama_cci_atr_allocation,391,-0.09244598591805264,34,5,55,31,10.0,100_60_20,17,2.9000000000000004,2.1,2.5471086186994656,0.6709278767152165,2.054500340427101,0.7063539931650452,0.2406505324617324,4.995606418933771,3.0,0.6675034324184537,0.0055232574409183055,354558.1110930301,2.40829973963752,0.3173178894233244,1.7378709131854988,17.301248802994017,0.09448201884277363,3.3585003084170886,6.0,0.46955841984273716,-0.09244598591805264,0.5620044057607898,399653.7388988101
kama_cci_atr_allocation,392,-0.11729238028209221,33,5,57,31,5.0,100_60_20,17,2.1,2.0,2.5391883821742973,0.6657235160415313,2.0328588425962004,0.7833653347103827,0.24742093889267214,4.958937490639922,6.0,0.6623307361178794,0.0003505611403440412,353595.2951237826,2.324305668431999,0.30133429879123175,1.6669136515246707,12.254412481432755,0.09448208095084398,3.1893274974331525,8.0,0.4447120254786976,-0.11729238028209221,0.5620044057607898,396687.3840760001
kama_cci_atr_allocation,393,-0.06904660653729788,35,5,58,31,5.0,100_60_20,17,2.3,2.0,2.438254014214856,0.6324408165950495,1.977593250298519,0.7833653347103827,0.24742093889267214,4.752237205857585,5.0,0.6292519829923042,-0.03272819198523108,348441.6500128851,2.487115623453391,0.33230055966583016,1.8054179332941667,21.6709212794526,0.0944876216592655,3.516868705449574,6.0,0.4929577992234919,-0.06904660653729788,0.5620044057607898,403101.63494816015
kama_cci_atr_allocation,394,-0.0787139762215392,35,5,59,32,10.0,100_60_20,18,2.2,2.1,2.4701738999595877,0.6406391848119369,2.0008319313708425,0.8087773807696547,0.2449668191108294,4.807656321096965,5.0,0.63740155235094,-0.024578622626595437,349848.0777381626,2.4546532309823954,0.326118669735288,1.7783295222991724,21.177165329119664,0.09448939143321755,3.4513786657815397,6.0,0.4832904295392506,-0.0787139762215392,0.5620044057607898,401494.0070074001
kama_cci_atr_allocation,395,-0.16842377936455066,35,5,58,16,5.0,100_60_20,17,2.3,2.0,2.4895026489439185,0.622898512926944,1.9967036447424953,0.7357498520005197,0.2244143463365691,4.898195329496717,6.0,0.6197480754614361,-0.0422320995160993,345196.1259906002,1.2536845347002399,0.2681933769199476,1.5154603364151116,0.6798586814072485,0.12086357922728075,2.2189759614483786,6.0,0.39358062639623914,-0.16842377936455066,0.5620044057607898,381599.2532088803
kama_cci_atr_allocation,396,-0.09861916740810295,34,5,47,32,5.0,100_60_20,17,2.3,2.1,2.403820486956606,0.6361934694297339,1.9529541024292199,0.7756217650575691,0.24742171960455972,4.67548853449971,5.0,0.6329801664551092,-0.029000008522426124,348617.91764021013,2.3810646904407813,0.3133539210024032,1.7211950406616632,16.15887031955773,0.0949502260289562,3.3001914172046543,6.0,0.46338523835268686,-0.09861916740810295,0.5620044057607898,398654.7659123901
kama_cci_atr_allocation,397,-0.125796437420993,36,5,54,31,10.0,100_60_20,16,2.1,2.2,2.45159938673181,0.636312327580363,1.9910410396324079,0.7820862063415817,0.24497341615064128,4.778139464942517,6.0,0.633100658403853,-0.02887951657368243,349201.3189129026,2.295382117117515,0.2958457753123127,1.6422985263645202,12.033217572715905,0.09448562054937326,3.1311195671061833,8.0,0.4362079683397968,-0.125796437420993,0.5620044057607898,395174.06117943017
kama_cci_atr_allocation,398,-0.06904660653729788,35,5,53,31,5.0,100_60_20,18,2.5,2.0,2.4569542830919944,0.6483236837355033,1.9922764183056758,0.6450533063031109,0.2813831512607723,4.83346280194334,5.0,0.6450298437399277,-0.016950331237607752,350744.8737176351,2.487115623453391,0.33230055966583016,1.8054179332941667,21.6709212794526,0.0944876216592655,3.516868705449574,6.0,0.4929577992234919,-0.06904660653729788,0.5620044057607898,403101.63494816015
kama_cci_atr_allocation,399,-0.09244598591805264,35,5,53,31,10.0,100_60_20,18,2.6,2.1,2.5525222011943995,0.6719658810374824,2.0457842613110206,0.7063539931650452,0.2406505324617324,5.011631895063314,5.0,0.668535462879208,0.006555287901672591,354770.34408932505,2.40829973963752,0.3173178894233244,1.7378709131854988,17.301248802994017,0.09448201884277363,3.3585003084170886,6.0,0.46955841984273716,-0.09244598591805264,0.5620044057607898,399653.7388988101
kama_cci_atr_allocation,400,-0.07605240531915713,35,5,52,32,5.0,100_60_20,19,2.5,2.0,2.362161428233545,0.6290207156332335,1.9494366807598096,0.6443631994166871,0.28138810161062056,4.62725224216898,5.0,0.625844237105855,-0.0361359378716804,347263.8504440576,2.4567134240361144,0.3278217749902801,1.7846719656206194,19.66360382434795,0.0949483192344246,3.4526337868172035,6.0,0.48595200044163267,-0.07605240531915713,0.5620044057607898,402032.6778568802
kama_cci_atr_allocation,401,-0.08374391396453884,36,5,54,31,5.0,100_60_20,17,2.7,2.0,2.4939232792958963,0.6467398513058781,2.0220374779465002,0.698203885647548,0.24311163519394563,4.895975440033806,3.0,0.6434694597984457,-0.018510715179089643,351072.7991236476,2.4375767348399924,0.32289770382145977,1.7623859023966015,17.670284829757776,0.09448265333254457,3.4175342502816606,6.0,0.47826049179625096,-0.08374391396453884,0.5620044057607898,401193.7826176202
kama_cci_atr_allocation,402,-0.1523165916315199,36,5,30,31,5.0,100_60_20,18,2.6,2.0,2.1720193118418316,0.5770975573906136,1.869786339336164,0.5874364420376886,0.2615318253187521,4.241978583675525,5.0,0.574229671851745,-0.0877505031257903,339472.8047296651,2.151978641994236,0.2786699895580076,1.5653222533397702,12.668664989323707,0.09893509881413332,2.8166949131120527,7.0,0.4096878141292699,-0.1523165916315199,0.5620044057607898,387069.4658926701
kama_cci_atr_allocation,403,-0.1090907354136692,34,5,54,32,5.0,100_60_20,18,2.8,2.2,2.471101163665769,0.6550907668050825,2.0134021497126278,0.6975888398163562,0.24311644180017367,4.836139616220799,3.0,0.6517653288483842,-0.01021484612915119,351809.58403029013,2.3454322321701286,0.30661895721573496,1.6880895774784512,14.744981760846269,0.09494286711784838,3.2295101941164512,6.0,0.4529136703471206,-0.1090907354136692,0.5620044057607898,397600.51954631007
kama_cci_atr_allocation,404,-0.09193417627502631,34,5,53,30,10.0,100_60_20,17,2.5,2.0,2.4307039281142133,0.6442111615741228,1.9873534066441947,0.6435957642018388,0.2790473269927427,4.773308565016441,5.0,0.6409391166366054,-0.021041058340930008,349939.8669863651,2.411352485628005,0.3176463237892797,1.7479948436461747,20.849236080762005,0.09448013417033851,3.362043529876812,6.0,0.4700702294857635,-0.09193417627502631,0.5620044057607898,398128.58969024016
kama_cci_atr_allocation,405,-0.15519038458394285,35,5,55,31,5.0,100_25_0,16,2.7,2.1,3.0605390297679254,0.6554870224620768,1.9718374080961913,2.2935029966441864,0.24207644325835775,6.398167252827914,19.0,0.6521534906520439,-0.009826684325491608,350355.3140011751,2.4800579588544718,0.2768032886804621,1.6258713782359244,14.815197701101322,0.07655298877942207,3.6158390821034616,6.0,0.40681402117684695,-0.15519038458394285,0.5620044057607898,387401.5015880202
kama_cci_atr_allocation,406,-0.07600931888991536,36,5,56,30,5.0,100_60_20,17,2.5,2.1,2.4353725340697077,0.633035466443141,1.9790556539233728,0.6462578663729655,0.2790473269927427,4.795456888722986,5.0,0.6298367474518809,-0.03214342752565447,348461.3530221526,2.4637932582817657,0.3278493383147596,1.7858359085615922,22.87308390788758,0.09448455336023998,3.4698723405589154,6.0,0.48599508687087445,-0.07600931888991536,0.5620044057607898,401745.4511094702
kama_cci_atr_allocation,407,-0.09147637104826511,34,5,55,31,5.0,100_60_20,16,2.2,1.9000000000000001,2.5152127691647665,0.6624403962842531,2.0258497479681568,0.7833653347103827,0.24742093889267214,4.904084518543085,5.0,0.6590663758665443,-0.0029137991109911,353060.81991223514,2.4117019338842614,0.31794007535282853,1.7418121854843438,16.290968477510354,0.09448514166675204,3.364974320239677,7.0,0.4705280347125247,-0.09147637104826511,0.5620044057607898,400319.2466525001
kama_cci_atr_allocation,408,-0.07772629149847021,35,5,54,32,0.0,100_60_20,19,2.6,2.0,2.646371301476536,0.6873111610802747,2.0659947394380485,0.6975888398163562,0.24311644180017367,5.2304763530509835,5.0,0.6837900864968063,0.02180991151927092,357022.2828078451,2.4508506217179695,0.3267507778137235,1.778520347796851,19.527316289608674,0.09495153053930705,3.4412376078388607,6.0,0.4842781142623196,-0.07772629149847021,0.5620044057607898,401962.8451698002
kama_cci_atr_allocation,409,-0.17371062455769293,33,5,51,30,40.0,100_60_20,15,2.4000000000000004,2.6,2.609036851231453,0.6611839151852317,2.0790845407256424,1.25,0.1961677094964508,4.94463355451477,4.0,0.6578198277740583,-0.004160347203476966,352823.4810864601,1.3179447396459378,0.2647471632417535,1.5294555844282047,0.4181530121887517,0.10694423665869202,2.4755626999020324,5.0,0.3882937812030969,-0.17371062455769293,0.5620044057607898,383875.4864348002
kama_cci_atr_allocation,410,-0.09751539327383596,26,5,56,31,10.0,100_50_0,17,2.3,2.0,2.834823556456661,0.6518646458148594,1.9478318180927805,10.484778352578635,0.23727628525774735,5.2255198771501865,24.0,0.648553576281278,-0.013426598696257341,350787.1932680602,2.475602923131473,0.31406303274570746,1.7543831316305982,17.485232372546893,0.08913481256884348,3.5234609654128137,6.0,0.46448901248695385,-0.09751539327383596,0.5620044057607898,397972.1964696201
kama_cci_atr_allocation,411,-0.10010742598731381,34,5,53,30,15.0,100_60_20,16,2.5,1.9000000000000001,2.4550795772845406,0.649575680653639,2.006330725109763,0.6459327204502714,0.2790515880429957,4.822239121707861,5.0,0.6462729313441646,-0.01570724363337067,350619.075569035,2.3849669080750164,0.31239755938436375,1.7330870527863371,17.154473111089754,0.09448446817055378,3.306337702197311,6.0,0.461896979773476,-0.10010742598731381,0.5620044057607898,397012.43040889024
kama_cci_atr_allocation,412,-0.07430070363766772,35,5,55,31,5.0,100_60_20,17,2.4000000000000004,2.2,2.4678804820043396,0.6541349367371603,2.007330790884787,0.5407164396079862,0.2813831512607723,4.889909031654989,6.0,0.6508081491874944,-0.011172025790041007,351644.97743235255,2.4694962048173132,0.3289421936626311,1.7908171939555033,22.951991111913273,0.09448864331652163,3.4812881433880696,6.0,0.4877037021231221,-0.07430070363766772,0.5620044057607898,402159.4309836701
kama_cci_atr_allocation,413,-0.06852478358840264,33,5,56,30,0.0,100_60_20,15,2.6,1.9000000000000001,2.5751261270041237,0.6755893574118325,2.0451743301725274,0.7006888736656439,0.24311163519394563,5.067782033388918,4.0,0.6721397908821799,0.010159615904644537,355052.3474289426,2.4885872902251664,0.3326339201907056,1.8048530739911146,20.559823485477768,0.0944858565180382,3.5204625586179956,6.0,0.49347962217238717,-0.06852478358840264,0.5620044057607898,403838.76744802005
kama_cci_atr_allocation,414,-0.09201036532016027,33,5,55,30,0.0,100_60_20,15,2.7,1.8,2.70302929352582,0.6588382110572413,2.000107606803212,2.032490942015187,0.24311898350010885,4.917553333057609,7.0,0.655485532663215,-0.006494642314320398,352025.83951633266,2.410140058778169,0.3175974344264547,1.7421450986567255,15.599289027478866,0.09448790520341921,3.3612496090659643,8.0,0.46999404044062953,-0.09201036532016027,0.5620044057607898,400070.50594543025
kama_cci_atr_allocation,415,-0.07605240531915713,33,5,58,32,5.0,100_60_20,14,2.6,2.0,2.5286801384762807,0.6636460950836232,2.0344963765887365,0.6975888398163562,0.24311644180017367,4.965772549735224,4.0,0.6602713460245605,-0.0017088289529748613,352994.5685972976,2.4567134240361144,0.3278217749902801,1.7846719656206194,19.66360382434795,0.0949483192344246,3.4526337868172035,6.0,0.48595200044163267,-0.07605240531915713,0.5620044057607898,402032.6778568802
kama_cci_atr_allocation,416,-0.21640041543001187,32,2,59,31,0.0,100_60_20,15,2.8,2.1,2.525777507633397,0.5726623356098459,1.8560595101316388,0.5637316354410039,0.24603273874494713,5.1437288782079005,3.0,0.5698283489012426,-0.09215182607629274,338294.5343719701,2.0368451200620705,0.23678167820975582,1.4261547801743486,8.204167370024615,0.09044324292728567,2.6180140223424204,6.0,0.34560399033077793,-0.21640041543001187,0.5620044057607898,377893.5407966101
kama_cci_atr_allocation,417,-0.14729337408926302,36,5,54,30,0.0,100_60_20,16,3.0,1.0,2.865536590346274,0.58517594261288,1.823138738634532,11.441262836898836,0.20858623332746906,4.569121503977792,27.0,0.5822463246881525,-0.07973385028938285,339651.35183583514,2.0827682470104,0.28193027667743653,1.573137388709998,5.952053381730076,0.10687871965755402,2.637852301943347,12.0,0.4147110316715268,-0.14729337408926302,0.5620044057607898,387509.43024737027
kama_cci_atr_allocation,418,-0.07779408329893167,33,5,56,30,5.0,100_60_20,15,2.6,1.8,2.6311994607112466,0.6801466508734269,2.06392810893902,0.7973463272404245,0.2406505324617324,5.161276543477704,5.0,0.6766636521631666,0.014683477185631288,355594.13048699766,2.458640767010221,0.3267073955779456,1.7862377231542448,19.55608319503409,0.09448260567730793,3.45785759437847,8.0,0.48421032246185813,-0.07779408329893167,0.5620044057607898,401262.09417494026
kama_cci_atr_allocation,419,-0.12325074615245701,33,5,57,30,75.0,100_60_20,16,2.6,1.9000000000000001,2.68214466264467,0.6066333479806651,2.083699688623894,0.6992208550275797,0.2260656250806915,5.3730491299970815,4.0,0.6035827699973602,-0.058397404980175205,342524.7796842401,2.4099526876967325,0.29748973180355653,1.7577805032169609,13.206208071970517,0.08820307536350136,3.372781851171807,6.0,0.4387536596083328,-0.12325074615245701,0.5620044057607898,392556.5412724803
kama_cci_atr_allocation,420,-0.086531076675749,32,5,55,31,0.0,100_60_20,18,2.7,2.0,2.5002053593146343,0.6651882304512523,2.017013923872846,0.7000811687057094,0.24311644180017367,4.899053823782218,4.0,0.6617993732246659,-0.00018080175286949718,353423.1808127427,2.4211929720724026,0.3211115786829739,1.7519264867643263,16.38163856398323,0.09494480207691469,3.382086977471834,6.0,0.4754733290850408,-0.086531076675749,0.5620044057607898,401333.8222764201
kama_cci_atr_allocation,421,-0.07381776268051876,32,5,56,30,0.0,100_60_20,15,2.5,2.1,2.5298437067577857,0.6723024982936964,2.027668899829465,0.7006888736656439,0.24311163519394563,4.963601463564521,5.0,0.6688697314672539,0.006889556489718618,354502.3431357051,2.470865391183052,0.3292510251258032,1.790178468054738,21.68071426165968,0.09448541965071933,3.484675480544331,6.0,0.48818664308027104,-0.07381776268051876,0.5620044057607898,402884.5639499001
kama_cci_atr_allocation,422,-0.20306084535771585,37,5,20,31,0.0,100_60_20,17,2.4000000000000004,1.9000000000000001,2.464271647441216,0.5813925270509464,1.8849890811279169,0.5533409408801964,0.2605562052742042,4.976479115445711,6.0,0.5785001004927803,-0.08348007448475503,340192.9610477576,1.9803223693418766,0.2455469640593031,1.4421264058260534,8.538268288765572,0.09969425054320635,2.463000250479699,6.0,0.35894356040307396,-0.20306084535771585,0.5620044057607898,379800.84149480006
kama_cci_atr_allocation,423,-0.07605240531915713,35,5,53,32,5.0,100_60_20,14,2.3,2.0,2.381074895842576,0.6361967836625224,1.9627421172629154,0.5402383689249353,0.28138810161062056,4.703221299080021,6.0,0.6329796404763848,-0.029000534501150588,348549.6134870426,2.4567134240361144,0.3278217749902801,1.7846719656206194,19.66360382434795,0.0949483192344246,3.4526337868172035,6.0,0.48595200044163267,-0.07605240531915713,0.5620044057607898,402032.6778568802
kama_cci_atr_allocation,424,-0.10010742598731381,34,5,57,30,15.0,100_60_20,16,2.5,1.9000000000000001,2.495582466856907,0.6550759799277819,2.0197960677676035,0.6459327204502714,0.2790515880429957,4.914329547151766,5.0,0.6517415127571649,-0.010238662220370454,351476.51210723503,2.3849669080750164,0.31239755938436375,1.7330870527863371,17.154473111089754,0.09448446817055378,3.306337702197311,6.0,0.461896979773476,-0.10010742598731381,0.5620044057607898,397012.43040889024
kama_cci_atr_allocation,425,-0.07918275823161292,32,5,58,29,5.0,100_60_20,17,2.2,1.8,2.5881834108874653,0.6753044634330463,2.0445603298159156,0.7820862063415817,0.24497341615064128,5.070346151243396,5.0,0.6718509477762629,0.0098707727987275,354914.38523876516,2.454361097621239,0.32581861222072006,1.7852537044966772,20.154140908921786,0.09448621584164618,3.448318988314386,8.0,0.4828216475291769,-0.07918275823161292,0.5620044057607898,400297.63244129025
kama_cci_atr_allocation,426,-0.09176184520834063,33,5,55,31,0.0,100_60_20,16,2.7,2.1,2.5055113172776817,0.6634943960289771,2.02066414705424,0.7000811687057094,0.24311644180017367,4.912217330911215,4.0,0.6601172584116126,-0.0018629165659227453,353174.7366549476,2.4036433936502206,0.31775690338405305,1.7372325326398461,17.04539697065017,0.09494610090581868,3.3467082939956687,6.0,0.4702425605524492,-0.09176184520834063,0.5620044057607898,400389.07723538013
kama_cci_atr_allocation,427,-0.0654864319077395,24,5,60,29,0.0,100_60_20,18,2.4000000000000004,2.0,2.260088994993982,0.6107866918786897,1.8838747250513632,0.47902701294681643,0.299151365133524,4.4723082682897335,6.0,0.6077110610037763,-0.05426911397375911,344587.8901198001,2.498985294872103,0.33457427910143744,1.8146383573211897,21.37188714743658,0.0944842611203367,3.5410583216110267,6.0,0.4965179738530503,-0.0654864319077395,0.5620044057607898,404184.0927203401
kama_cci_atr_allocation,428,-0.18486134321577552,24,4,59,31,0.0,100_25_0,18,2.3,2.0,2.339367684150637,0.5565054372100886,1.8055550468288326,36.67773057476695,0.2553846611483098,4.207138535736906,18.0,0.5537652439904568,-0.10821493098707863,334198.7706633276,2.295755101433775,0.2574663484065254,1.530417944499606,6.298528513912331,0.08025851092379233,3.2079631859977664,9.0,0.3771430625450143,-0.18486134321577552,0.5620044057607898,382108.4425381202
kama_cci_atr_allocation,429,-0.13117021390605377,23,5,60,30,5.0,100_60_20,19,2.4000000000000004,3.7,2.540977824936767,0.6544383709077181,1.986689848295329,2.2164850330198655,0.25406953422629075,4.81418490881528,4.0,0.6511072748256586,-0.010872900151876752,351556.30957066506,1.2872345734954955,0.2923727768555415,1.6118873669228089,0.0,0.1169381262205389,2.5002348361914275,2.0,0.43083419185473604,-0.13117021390605377,0.5620044057607898,390078.50312475
kama_cci_atr_allocation,430,-0.07078969692058745,25,5,60,29,0.0,100_60_20,19,2.4000000000000004,2.1,2.309855210809715,0.6264907516933509,1.9182679784884602,0.5332125851908538,0.2813905850536106,4.5517503547089735,6.0,0.6233285153331192,-0.03865165964441619,347392.6815388451,2.4812241168292664,0.33118676657943413,1.7999599206677257,22.596530673055415,0.09448496989847432,3.5051793627631973,6.0,0.49121470884020235,-0.07078969692058745,0.5620044057607898,403230.54187236016
kama_cci_atr_allocation,431,-0.13957399507084656,36,5,60,32,10.0,100_60_20,18,2.1,2.2,2.468671072048486,0.6437834863398568,2.004833745184822,0.8087773807696547,0.2449668191108294,4.800044842013002,6.0,0.6405278657989603,-0.021452309178575102,350453.9452170601,2.2483331353871976,0.2869340883004665,1.60077005600137,10.862413865457516,0.09448036660674564,3.036970522084958,8.0,0.42243041068994325,-0.13957399507084656,0.5620044057607898,393563.71218800003
kama_cci_atr_allocation,432,-0.09535711156842441,25,5,59,30,5.0,100_50_0,17,2.5,2.0,2.675346676115397,0.6320463992137373,1.8942987022230597,9.801325844001758,0.2662724145898824,4.908295272012998,25.0,0.6288497754898521,-0.033130399487683315,347783.57909647527,2.483227165391011,0.31544916675799906,1.7604209894218887,18.728063951799587,0.08913449048937627,3.539024736957426,6.0,0.4666472941923654,-0.09535711156842441,0.5620044057607898,398190.9670159503
kama_cci_atr_allocation,433,-0.10908281737451109,23,5,60,28,0.0,100_60_20,18,2.3,2.0,2.44361717933319,0.6500347471952872,1.9681089111359502,0.7275828524752476,0.2560835522756366,4.7769536008298275,5.0,0.6467304251827531,-0.015249749794782164,350779.6523789476,2.3521736333863545,0.30662405503379087,1.6911585526096822,13.814099127344113,0.09448516902421622,3.245208303063989,6.0,0.4529215883862787,-0.10908281737451109,0.5620044057607898,396715.82390567014
kama_cci_atr_allocation,434,-0.14030866164151634,24,5,36,29,0.0,100_60_20,16,2.2,2.1,2.2330937767195147,0.5891936246313876,1.885471388048821,0.6263710033538249,0.26042823874685106,4.365128768495167,5.0,0.5862520318252684,-0.07572814315226689,341166.4822994226,2.191667666212281,0.2864581997022613,1.6014459638934528,13.837296775254746,0.09893305942325215,2.895474994629907,7.0,0.42169574411927346,-0.14030866164151634,0.5620044057607898,389877.3385951702
kama_cci_atr_allocation,435,-0.08546617700101344,35,5,54,30,5.0,100_60_20,18,2.6,1.9000000000000001,2.6742502407955127,0.6923992799627587,2.0856670687248715,0.7089103718765233,0.2406505324617324,5.2847431374138205,5.0,0.6888453124497738,0.026865137472238343,357982.9670342226,2.4317657960745027,0.3217941219628091,1.757371706111036,17.609124675231918,0.09448222078329749,3.405869583663466,6.0,0.47653822875977636,-0.08546617700101344,0.5620044057607898,400774.72941151017
kama_cci_atr_allocation,436,-0.10664064555854758,23,5,58,25,0.0,100_60_20,17,2.5,2.0,2.2784342650071694,0.6207719754589556,1.9108490912025586,0.5575865580552359,0.2881908881051283,4.471123831154237,5.0,0.6176300756276787,-0.044350099349856675,347300.97689038265,2.3611350697446483,0.3081960057821196,1.7024797819903943,14.858278720245329,0.09448155987012175,3.261969914613799,6.0,0.45536376020224223,-0.10664064555854758,0.5620044057607898,396751.66437707015
kama_cci_atr_allocation,437,-0.17564540752694868,24,5,44,18,0.0,100_60_20,14,2.4000000000000004,2.1,2.206238917860438,0.5516707966206987,1.8108359540892325,0.48425173833304735,0.27976298386755216,4.407367098423297,6.0,0.548927828013904,-0.11305234696363131,333840.8681471802,1.1774063352703665,0.2634850495305001,1.4985666831946087,0.6444233271587642,0.12840005238896124,2.052063411409888,6.0,0.3863589982338411,-0.17564540752694868,0.5620044057607898,379205.44525430026
kama_cci_atr_allocation,438,-0.07179680674707467,36,5,53,31,0.0,100_60_20,15,2.6,1.9000000000000001,2.4367690626902547,0.6343524503531371,1.9711493200113936,0.7000811687057094,0.24311644180017367,4.780741271553296,4.0,0.6311550818849598,-0.03082509309257553,348654.48699588515,2.470761684362528,0.33054307890016976,1.7950899620072274,19.735538936549144,0.09494481591454806,3.4814231373902933,6.0,0.49020759901371513,-0.07179680674707467,0.5620044057607898,403254.57001948013
kama_cci_atr_allocation,439,-0.29273365333639334,37,5,57,29,5.0,100_60_20,16,2.9000000000000004,0.6,2.0907615218996503,0.4437358277643933,1.4562049377678348,3.342685975596903,0.23209314028633377,3.2605501360322915,52.0,0.4415868242689802,-0.22039335070855515,316639.0420023129,1.2271740923734602,0.18613861666749654,1.1121598094140432,2.3576310698716276,0.10655503283309642,1.7468777562018745,28.0,0.26927075242439646,-0.29273365333639334,0.5620044057607898,362586.91438092093
kama_cci_atr_allocation,440,-0.07600931888991536,31,5,52,30,5.0,100_60_20,15,2.3,2.2,2.524702948438782,0.6642729678783095,2.0104759083595694,0.7851895553856794,0.24497341615064128,4.931520099855535,5.0,0.6608851285687234,-0.0010950464088119727,353344.5801424302,2.4637932582817657,0.3278493383147596,1.7858359085615922,22.87308390788758,0.09448455336023998,3.4698723405589154,6.0,0.48599508687087445,-0.07600931888991536,0.5620044057607898,401745.4511094702
kama_cci_atr_allocation,441,-0.07248202864226405,32,5,59,31,10.0,100_60_20,16,2.4000000000000004,2.0,2.4693640676893898,0.649393144523545,2.0007562702726687,0.6435957642018388,0.2790473269927427,4.861053761302757,5.0,0.6460914659015533,-0.015888709075982055,350754.8506810076,2.4756468085564496,0.3301050531459231,1.795842712661006,20.11109264012954,0.09448461438177003,3.493743984730851,6.0,0.48952237711852575,-0.07248202864226405,0.5620044057607898,402516.81947719015
kama_cci_atr_allocation,442,-0.07772629149847021,34,5,54,32,0.0,100_60_20,17,2.5,1.9000000000000001,2.4560280695826777,0.6512030329015994,1.9883502116561602,0.6443631994166871,0.28138810161062056,4.830723984654674,5.0,0.647888749773146,-0.01409142520438933,350857.85797914513,2.4508506217179695,0.3267507778137235,1.778520347796851,19.527316289608674,0.09495153053930705,3.4412376078388607,6.0,0.4842781142623196,-0.07772629149847021,0.5620044057607898,401962.8451698002
kama_cci_atr_allocation,443,-0.08026965264784702,32,5,55,29,0.0,100_60_20,18,2.6,2.0,2.5703275767805374,0.6806180869730138,2.0479678363080542,0.6943390218364656,0.24311609240295295,5.0533570412937365,5.0,0.6771313164451536,0.015151141467618257,355971.08353584266,2.4491936765084112,0.32512281024353173,1.7715147863383158,17.503395584106904,0.09448025139473848,3.4411721544343554,6.0,0.4817347531129428,-0.08026965264784702,0.5620044057607898,402259.08267622004
kama_cci_atr_allocation,444,-0.1989366018827674,13,5,56,28,5.0,100_60_20,17,2.8,2.1,2.4444633195026655,0.6318740683774444,2.01168835918009,0.5937791844522486,0.25913600351931576,4.8264952479150525,3.0,0.6286829261405824,-0.03329724883695301,347462.2718133576,1.9999693622350772,0.2482520049986474,1.4434850989400931,11.832123731248616,0.09893574329580346,2.5092246414565267,6.0,0.3630678038780224,-0.1989366018827674,0.5620044057607898,378668.18381514016
kama_cci_atr_allocation,445,-0.13222894138856733,31,3,57,30,0.0,100_60_20,15,2.4000000000000004,1.9000000000000001,2.7530914490548932,0.6398556166004317,2.0306190339314028,0.5420142970923344,0.26054514886152635,5.781119779121644,6.0,0.6366165930616599,-0.02536358191587551,349517.9006856176,2.528870593064466,0.29168809910682336,1.6654023394449786,11.196221020489457,0.07862501577595127,3.709863791163027,7.0,0.42977546437222247,-0.13222894138856733,0.5620044057607898,394946.0021000402
kama_cci_atr_allocation,446,-0.086531076675749,33,5,58,31,0.0,100_60_20,16,2.7,2.0,2.5496811841220466,0.6689649497447555,2.03614985088828,0.7000811687057094,0.24311644180017367,5.012739802807529,3.0,0.6655563760873859,0.0035762011098505186,353991.43829611014,2.4211929720724026,0.3211115786829739,1.7519264867643263,16.38163856398323,0.09494480207691469,3.382086977471834,6.0,0.4754733290850408,-0.086531076675749,0.5620044057607898,401333.8222764201
kama_cci_atr_allocation,447,-0.0774021804679701,35,5,55,29,5.0,100_60_20,17,2.5,2.1,2.5159237988719667,0.6592412820277636,2.007474140814016,0.6435957642018388,0.2790473269927427,4.967562984455888,5.0,0.6558788042943371,-0.006101370683198271,352237.87672876264,2.4594841067446755,0.326958179501589,1.784866676436439,23.752448385413793,0.09448957291158877,3.4602567185642226,6.0,0.4846022252928197,-0.0774021804679701,0.5620044057607898,400778.2118654202
kama_cci_atr_allocation,448,-0.08132914803948421,36,5,56,33,0.0,100_60_20,14,2.3,2.2,2.366799054339501,0.629855130017247,1.9659128977306848,0.45468654016074106,0.2813863531691696,4.703169891119464,5.0,0.6266817370230602,-0.03529843795447524,348203.3266071975,2.439038617749391,0.3244444088463281,1.7699452557490105,20.687945991527695,0.09495071053415371,3.4169771560543047,6.0,0.4806752577213056,-0.08132914803948421,0.5620044057607898,401081.69088333007
kama_cci_atr_allocation,449,-0.10014957530515045,34,5,52,30,5.0,100_60_20,16,2.2,1.8,2.567882170440187,0.6741926618518832,2.04666659196632,0.7851895553856794,0.24497341615064128,5.018472149314774,5.0,0.6707437373885429,0.008763562411007453,354839.5456156376,2.383206520249377,0.3123704700177121,1.7222147160975028,15.026540159416344,0.0944848412514796,3.306037940904309,9.0,0.46185483045563935,-0.10014957530515045,0.5620044057607898,398483.0057432502
kama_cci_atr_allocation,450,-0.09331935688207049,31,5,58,27,0.0,100_60_20,15,2.6,1.9000000000000001,2.6496271214935465,0.6925776010977369,2.082276395128006,0.6926003752200823,0.24313143995395103,5.230439749369967,4.0,0.6890220347155224,0.027041859737987006,357666.6567435351,2.405410007343912,0.31675736178528857,1.7355284977225454,16.463168809770576,0.09447961442062303,3.3526529900416984,6.0,0.4686850488787193,-0.09331935688207049,0.5620044057607898,398846.1820093202
kama_cci_atr_allocation,451,-0.1582835898405619,32,5,54,29,5.0,100_25_0,17,2.5,2.0,3.006568679605631,0.6732448291166708,2.000913490442753,2.315115597405411,0.2288445742070152,6.432153457729808,21.0,0.6697996849105757,0.00781950993304037,352906.3331979251,2.4682557890258443,0.2747928553917176,1.6227874217075873,14.315251412060054,0.07655956727793178,3.5892686591885474,6.0,0.4037208159202279,-0.1582835898405619,0.5620044057607898,385319.8699395404
kama_cci_atr_allocation,452,-0.09185986968906845,33,5,57,28,0.0,100_60_20,18,2.4000000000000004,1.9000000000000001,2.4929557741588457,0.6604775827595555,2.0088823606113984,0.5375069973979549,0.2813905850536106,4.948472562832526,6.0,0.657108462702743,-0.004871712274792328,352435.7025175651,2.410320868043719,0.3176940045130412,1.7400937694638579,17.021935995633193,0.09448472057319224,3.3623849717260974,6.0,0.47014453607172135,-0.09185986968906845,0.5620044057607898,399135.4698427602
kama_cci_atr_allocation,453,-0.11013074296361314,17,5,59,30,0.0,100_60_20,20,2.6,2.0,2.0661743488314332,0.5518433236412188,1.7949253309652957,0.49936390872669406,0.29840213968989815,4.057371216533002,5.0,0.5491182903394392,-0.11286188463809621,335038.26016368007,2.348343102240238,0.30594930750828975,1.6863940686702454,12.54558381925027,0.094486598403698,3.2380180118360107,7.0,0.45187366279717667,-0.11013074296361314,0.5620044057607898,398139.6733355201
kama_cci_atr_allocation,454,-0.07078969692058745,32,5,56,29,0.0,100_60_20,15,2.4000000000000004,2.1,2.471736347840156,0.660293691962881,2.004214575387536,0.5375069973979549,0.2813905850536106,4.897312709455775,6.0,0.6569230724519922,-0.0050571025255432,352453.6009499127,2.4812241168292664,0.33118676657943413,1.7999599206677257,22.596530673055415,0.09448496989847432,3.5051793627631973,6.0,0.49121470884020235,-0.07078969692058745,0.5620044057607898,403230.54187236016
kama_cci_atr_allocation,455,-0.10957973775109475,34,5,54,31,10.0,100_50_0,16,2.7,1.9000000000000001,2.9396965967205,0.6726034004363226,2.008479884002806,2.237660406628528,0.23362013178233698,5.418840658432955,19.0,0.6691662716310685,0.007186096653532981,354110.2942091952,2.4325564445973713,0.306304110822623,1.717702633038968,15.096664229500469,0.08913269653448197,3.4364955031302777,6.0,0.45242466800969505,-0.10957973775109475,0.5620044057607898,396401.33965822024
kama_cci_atr_allocation,456,-0.09480848398791264,31,5,55,26,5.0,100_60_20,17,2.3,2.0,2.4501214763295978,0.6529271416404762,1.9862584670003387,0.7902106159522644,0.24496358247492345,4.760759512890218,5.0,0.6495989790027814,-0.012381195974754011,352365.3358121101,2.401257743189647,0.3158014247260963,1.7377122940673333,17.282879129431667,0.09448615601629573,3.342303656332797,6.0,0.46719592177287717,-0.09480848398791264,0.5620044057607898,398414.4455307401
kama_cci_atr_allocation,457,-0.08644480893502515,36,5,56,32,0.0,100_60_20,16,2.5,1.8,2.5884231382041305,0.6254555413232198,1.9487111944592361,3.547367802897702,0.28138769271926867,4.72902466043733,7.0,0.6223029216479252,-0.03967725332961014,347052.97844361013,2.42251717199028,0.3211668768620126,1.759175930025937,17.774231084465217,0.09494591588352597,3.3826297200187225,8.0,0.47555959682576465,-0.08644480893502515,0.5620044057607898,400125.04126679024
kama_cci_atr_allocation,458,-0.11541480944700222,24,4,57,30,5.0,100_60_20,19,2.4000000000000004,2.0,2.1672258532528152,0.5761677676867657,1.8573830455587064,0.48543680700168684,0.2917449046530384,4.273594593287324,5.0,0.5732950201422684,-0.08868515483526701,338974.3355525251,2.2708599110426837,0.3025448458059379,1.682716524576169,16.934196651185225,0.09923692695340458,3.048712360349428,6.0,0.4465895963137876,-0.11541480944700222,0.5620044057607898,392896.14770430024
kama_cci_atr_allocation,459,-0.10354712244339459,35,5,50,28,0.0,100_60_20,15,3.2,1.9000000000000001,2.532537184975764,0.6695790874045723,2.033438483029998,0.6386077138695607,0.25677556183292904,4.993491503577125,3.0,0.66615854026819,0.004178365290654684,354127.2622088976,2.3710400005813277,0.310186135922625,1.708082079331967,14.122172133833217,0.09448647175509417,3.2828629343533673,6.0,0.4584572833173952,-0.10354712244339459,0.5620044057607898,397540.5176446602
kama_cci_atr_allocation,460,-0.08853494042165244,33,5,53,30,0.0,100_60_20,18,2.7,2.1,2.5297114073078,0.6720777731086246,2.0324338397777866,0.7006888736656439,0.24311163519394563,4.961652077297195,4.0,0.668646322484364,0.00666614750682859,354516.2661883001,2.421134829032564,0.31982683046805715,1.7469517415122215,17.662599876983517,0.0944849360340565,3.384950489385711,6.0,0.47346946533913736,-0.08853494042165244,0.5620044057607898,400968.36274291016
kama_cci_atr_allocation,461,-0.20337597993074774,34,5,55,31,90.0,100_60_20,16,2.5,1.8,2.362476592299566,0.5668311751963622,2.0117021562574315,0.5624498371063639,0.2260440644811299,4.68195988922674,4.0,0.5640162006278153,-0.0979639743497201,335801.78428786766,1.9794860781867207,0.2453401753020128,1.509410369863418,4.567665452210636,0.09443476851328214,2.5979856695207126,7.0,0.35862842583004206,-0.20337597993074774,0.5620044057607898,377887.90317641024
kama_cci_atr_allocation,462,-0.07918275823161292,37,5,58,29,5.0,100_60_20,17,2.3,1.7000000000000002,2.473351170012122,0.6186001740496829,1.9881215183059324,0.8897385939235917,0.24497341615064128,4.806501436455118,6.0,0.615495612834631,-0.04648456214290436,345534.2671142176,2.454361097621239,0.32581861222072006,1.7852537044966772,20.154140908921786,0.09448621584164618,3.448318988314386,8.0,0.4828216475291769,-0.07918275823161292,0.5620044057607898,400297.63244129025
kama_cci_atr_allocation,463,-0.07381776268051876,32,5,56,30,0.0,100_60_20,17,2.6,2.2,2.5300012365084084,0.6723263761749003,2.027625065800717,0.7006888736656439,0.24311163519394563,4.963993851374583,5.0,0.6688934730139493,0.00691329803641394,354546.0704209876,2.470865391183052,0.3292510251258032,1.790178468054738,21.68071426165968,0.09448541965071933,3.484675480544331,6.0,0.48818664308027104,-0.07381776268051876,0.5620044057607898,402884.5639499001
kama_cci_atr_allocation,464,-0.09668245324569091,32,5,55,31,5.0,100_60_20,14,2.2,2.1,2.5280568013829527,0.6666616296714185,2.0274053677718453,0.7833653347103827,0.24742093889267214,4.932451878002367,5.0,0.6632613637314154,0.0012811887538800582,353777.24161691015,2.394198987284499,0.31459804855027484,1.7271249762587877,16.954142959211495,0.094482480084495,3.329697191150487,7.0,0.4653219525150989,-0.09668245324569091,0.5620044057607898,399378.9063716001
kama_cci_atr_allocation,465,-0.13085453999286534,26,3,60,29,0.0,100_60_20,16,2.8,2.0,2.728739663076636,0.6278160300873856,1.9763757061530098,0.5691246819308151,0.2611909504811256,5.562710038529345,2.0,0.6246540093260036,-0.03732616565153185,347190.9760401276,2.4228119099259104,0.29257689492577565,1.6660838666137716,11.534716757668736,0.08496069498888814,3.4436735123699407,7.0,0.43114986576792447,-0.13085453999286534,0.5620044057607898,395231.83006911015
kama_cci_atr_allocation,466,-0.09185986968906845,35,5,54,28,0.0,100_60_20,18,2.4000000000000004,1.9000000000000001,2.5243728264212493,0.6643234841441958,2.0139310448572125,0.5375069973979549,0.2813905850536106,5.02224305083357,6.0,0.6609322041846052,-0.0010479707929301196,353151.61046540516,2.410320868043719,0.3176940045130412,1.7400937694638579,17.021935995633193,0.09448472057319224,3.3623849717260974,6.0,0.47014453607172135,-0.09185986968906845,0.5620044057607898,399135.4698427602
kama_cci_atr_allocation,467,-0.07073943009647188,31,5,56,30,5.0,100_60_20,15,2.5,2.0,2.565876390987943,0.6750105502792652,2.0356457134761383,0.7089103718765233,0.2406505324617324,5.045581949009804,5.0,0.6715610602302267,0.009580885252691351,355166.8871205002,2.4814768891639667,0.3312188910558387,1.8005024434779748,21.597379729600735,0.0944833565016221,3.505579218601874,6.0,0.4912649756643179,-0.07073943009647188,0.5620044057607898,402692.1947774802
kama_cci_atr_allocation,468,-0.07428514078488235,33,5,57,29,0.0,100_60_20,16,2.6,1.8,2.619185196522142,0.6843174993796586,2.0654272301292442,0.6943390218364656,0.24311609240295295,5.1661840073807035,5.0,0.6808117339682542,0.018831558990718922,356528.3989766001,2.4702403112638303,0.32895214625204483,1.7953855399261205,19.32720877471617,0.09448774934510162,3.4814264127574774,8.0,0.48771926497590745,-0.07428514078488235,0.5620044057607898,402331.68601757
kama_cci_atr_allocation,469,-0.10500046335040158,37,5,58,31,25.0,100_60_20,17,2.5,1.9000000000000001,2.4673888436417672,0.612791901996885,2.000909655014115,0.6522618557739351,0.2790436593705041,4.880201044244116,5.0,0.6097233642428972,-0.052256810734638115,344997.3535668676,2.368646525664601,0.30925131988179566,1.7202502093702658,17.03808232978347,0.09448134330806512,3.273146941544356,6.0,0.4570039424103882,-0.10500046335040158,0.5620044057607898,396144.5582157803
kama_cci_atr_allocation,470,-0.08319438345945018,34,5,55,27,10.0,100_60_20,16,2.3,2.1,2.481458285399583,0.659159184135408,2.015259453148776,0.7902106159522644,0.24496358247492345,4.823561817710489,5.0,0.6557922862090364,-0.006187888768498961,353116.2645039176,2.44092721001712,0.32324975195489203,1.774209397138087,23.56483104304907,0.09448533468686193,3.4211632210034337,6.0,0.4788100223013396,-0.08319438345945018,0.5620044057607898,399742.12072143005
kama_cci_atr_allocation,471,-0.07772629149847021,31,5,59,32,0.0,100_60_20,15,2.4000000000000004,1.9000000000000001,2.4845702037503257,0.6626867901466815,2.0091875393196386,0.5402383689249353,0.28138810161062056,4.924715874979603,6.0,0.6593062699021509,-0.002673905075384453,352711.88661221764,2.4508506217179695,0.3267507778137235,1.778520347796851,19.527316289608674,0.09495153053930705,3.4412376078388607,6.0,0.4842781142623196,-0.07772629149847021,0.5620044057607898,401962.8451698002
kama_cci_atr_allocation,472,-0.129098566510786,35,5,57,30,5.0,100_60_20,17,2.0,2.0,2.5856935722446233,0.6768361161432368,2.048211905546805,0.8455548746681097,0.24622951676049776,5.037805276198602,6.0,0.6733723900205063,0.011392215042970943,355356.9662577751,2.2837563922783444,0.2937120924802912,1.6301918370652413,11.186243115371845,0.09448713546963694,3.1084876371839463,8.0,0.4329058392500038,-0.129098566510786,0.5620044057607898,394955.5933211702
kama_cci_atr_allocation,473,-0.21583040004077336,32,5,53,29,20.0,100_25_0,14,2.6,2.0,3.0344720728406678,0.6418139390549563,1.9777761943791488,2.1534023437027274,0.23629726550360242,6.60861582588694,21.0,0.6385493607653612,-0.023430814212174134,350274.8963884951,2.233260089802487,0.2371567324728212,1.4545675587959466,9.6624314060894,0.07654991363199726,3.09806662373152,6.0,0.34617400572001644,-0.21583040004077336,0.5620044057607898,375506.96166140045
kama_cci_atr_allocation,474,-0.11877214923211876,33,5,54,28,60.0,100_60_20,16,2.5,1.9000000000000001,2.7987073607243813,0.6704877021888354,2.154412043631134,0.7602651714401624,0.22603372054405424,5.653341168255065,5.0,0.6670495880034295,0.005069413025894198,352992.0407456802,2.423205913426867,0.3003799160306193,1.751124115806178,12.436790294600218,0.08819538166380447,3.405846319432571,6.0,0.44323225652867104,-0.11877214923211876,0.5620044057607898,394312.73042999016
kama_cci_atr_allocation,475,-0.10627374706389592,22,5,56,31,5.0,100_60_20,13,2.7,2.1,2.4060362614900366,0.6403434686360328,1.9741728277216835,0.6206513524461745,0.25718960747706743,4.728079588071633,3.0,0.6371012300675125,-0.024878944910022904,349523.4675284951,2.36156016069881,0.30843210226582873,1.6986897667134715,14.76489701712125,0.09448806231023477,3.2642441248625325,6.0,0.4557306586968939,-0.10627374706389592,0.5620044057607898,397813.8401027601
kama_cci_atr_allocation,476,-0.10936075502075848,36,5,58,30,0.0,100_60_20,18,2.2,2.2,2.4509212486018237,0.6378767005241088,1.981296175254035,0.7864556876411778,0.24742093889267214,4.777288659004244,5.0,0.6346568295877613,-0.027323345389774045,349090.93191277265,2.350696672359531,0.3064451075785224,1.6872565301731823,14.254113408078029,0.09449030430356342,3.2431381170498117,7.0,0.4526436507400313,-0.10936075502075848,0.5620044057607898,398520.88011447014
kama_cci_atr_allocation,477,-0.07428514078488235,32,5,55,29,0.0,100_60_20,16,2.3,1.8,2.565331133315258,0.6747622611727706,2.0346665465550693,0.7784460854256003,0.2474271542654669,5.018697163943431,5.0,0.6713093820398424,0.009329207062306943,354891.0088967626,2.4702403112638303,0.32895214625204483,1.7953855399261205,19.32720877471617,0.09448774934510162,3.4814264127574774,8.0,0.48771926497590745,-0.07428514078488235,0.5620044057607898,402331.68601757
kama_cci_atr_allocation,478,-0.12140023883091189,33,5,57,30,10.0,100_50_0,17,2.4000000000000004,1.9000000000000001,2.9021019964328114,0.6602190273697817,1.979725774605197,2.118266259120688,0.2661018892428344,5.389680721933112,19.0,0.6568511462448008,-0.00512902873273452,351825.99200838525,2.3918466885459857,0.29868423375983966,1.692539574423532,18.089011125706993,0.08913493208716272,3.3509223237839474,6.0,0.4406041669298779,-0.12140023883091189,0.5620044057607898,392566.06196694024
kama_cci_atr_allocation,479,-0.07214092713145592,32,5,56,29,5.0,100_60_20,15,2.6,2.0,2.5747754748289027,0.6809898931842524,2.049053333923413,0.7063539931650452,0.2406505324617324,5.059285754189652,5.0,0.677501129506759,0.01552095452922353,356026.51523973263,2.477153802137743,0.3303231082746436,1.7995179411025188,22.350746061918738,0.0944876648360754,3.4959389550764537,6.0,0.4898634786293339,-0.07214092713145592,0.5620044057607898,401723.29308281024
kama_cci_atr_allocation,480,-0.10285329156141243,35,5,55,23,0.0,100_60_20,17,2.5,2.9000000000000004,2.6248659205900515,0.6721845484147317,2.07330972557144,3.5257425121319548,0.22038405031448105,4.978141621991368,4.0,0.6687392077259562,0.0067590327484207124,355530.6993774277,1.596739029096421,0.3106323275809555,1.7037664802329748,0.8495888039700759,0.106939933296063,2.904736500264784,3.0,0.4591511141993774,-0.10285329156141243,0.5620044057607898,396660.0209240902
kama_cci_atr_allocation,481,-0.086531076675749,34,5,54,31,0.0,100_60_20,16,2.7,2.0,2.5055113172776817,0.6634943960289771,2.02066414705424,0.7000811687057094,0.24311644180017367,4.912217330911215,4.0,0.6601172584116126,-0.0018629165659227453,353174.7366549476,2.4211929720724026,0.3211115786829739,1.7519264867643263,16.38163856398323,0.09494480207691469,3.382086977471834,6.0,0.4754733290850408,-0.086531076675749,0.5620044057607898,401333.8222764201
kama_cci_atr_allocation,482,-0.08133021099072191,31,5,58,33,5.0,100_60_20,19,2.4000000000000004,2.1,2.4347923214553946,0.6512155863786813,1.9921082388162166,0.5506244803037129,0.28138810161062056,4.811366387464861,6.0,0.6479075882347807,-0.014072586742754745,350997.7054861577,2.438986289708793,0.32444372816289824,1.7696153263793968,20.68654884293876,0.09495069168557257,3.4169706655459398,6.0,0.4806741947700679,-0.08133021099072191,0.5620044057607898,401081.7731834101
kama_cci_atr_allocation,483,-0.1394604062297864,33,5,53,28,0.0,100_60_20,18,1.7000000000000002,1.8,2.6766298508481365,0.6675704905009849,2.001833029288189,1.6303996593917294,0.2573282517599267,4.995157271801983,10.0,0.6641595822291193,0.0021794072515840535,353874.33084164513,2.2495573615832334,0.2870076605263614,1.6066458355272115,10.43256758523253,0.09447995416404276,3.037762486929645,10.0,0.4225439995310034,-0.1394604062297864,0.5620044057607898,392295.8672772302
kama_cci_atr_allocation,484,-0.08644480893502515,34,5,57,32,0.0,100_60_20,15,2.5,1.7000000000000002,2.9973987266122957,0.6811559024052599,2.038583887019384,5.054242136270533,0.24311034399246534,5.158578951427241,10.0,0.6776634897441955,0.01568331476666024,355599.42295276764,2.42251717199028,0.3211668768620126,1.759175930025937,17.774231084465217,0.09494591588352597,3.3826297200187225,8.0,0.47555959682576465,-0.08644480893502515,0.5620044057607898,400125.04126679024
kama_cci_atr_allocation,485,-0.06852478358840264,31,5,56,30,0.0,100_60_20,16,2.6,1.9000000000000001,2.529037804875195,0.665663659285869,2.007631669642816,0.7006888736656439,0.24311163519394563,4.9740687485726385,5.0,0.6622750959045086,0.0002949209269731967,353551.2414735751,2.4885872902251664,0.3326339201907056,1.8048530739911146,20.559823485477768,0.0944858565180382,3.5204625586179956,6.0,0.49347962217238717,-0.06852478358840264,0.5620044057607898,403838.76744802005
kama_cci_atr_allocation,486,-0.12304298193253871,32,5,55,31,65.0,100_60_20,16,2.7,2.0,2.739179714289513,0.6479793563006189,2.1160738973433895,0.7371915748467541,0.22604255696144482,5.474810947542236,4.0,0.6446770875835786,-0.017303087393956695,349110.92448734015,2.407846042803129,0.2976238652907244,1.739077772429207,13.25519780463376,0.08820027408747189,3.3744097551846424,6.0,0.4389614238282511,-0.12304298193253871,0.5620044057607898,392682.33665108023
kama_cci_atr_allocation,487,-0.12353112914072817,31,5,56,30,5.0,100_60_20,15,3.0,2.1,2.5894484494010412,0.6777764464349654,2.049309929173507,0.7089103718765233,0.2406505324617324,5.097317530307714,3.0,0.6743112033121139,0.012331028334578498,355664.2460960327,2.3029201453715764,0.29730870659834485,1.6474590716883444,12.377370528715613,0.09448174822689914,3.1467316405318213,7.0,0.43847327662006164,-0.12353112914072817,0.5620044057607898,395158.05602259
kama_cci_atr_allocation,488,-0.08546617700101344,31,5,51,30,5.0,100_60_20,16,2.8,1.9000000000000001,2.5518689384106796,0.672875614173632,2.037405468787801,0.7089103718765233,0.2406505324617324,5.011501564119901,3.0,0.6694383132609765,0.007458138283441107,354919.16537381767,2.4317657960745027,0.3217941219628091,1.757371706111036,17.609124675231918,0.09448222078329749,3.405869583663466,6.0,0.47653822875977636,-0.08546617700101344,0.5620044057607898,400774.72941151017
kama_cci_atr_allocation,489,-0.07772629149847021,31,5,59,32,0.0,100_60_20,17,2.6,2.0,2.608749272721988,0.6861454370766795,2.0600083124807895,0.6975888398163562,0.24311644180017367,5.139538995143459,5.0,0.6826303190245018,0.020650144046966357,356773.39337816014,2.4508506217179695,0.3267507778137235,1.778520347796851,19.527316289608674,0.09495153053930705,3.4412376078388607,6.0,0.4842781142623196,-0.07772629149847021,0.5620044057607898,401962.8451698002
kama_cci_atr_allocation,490,-0.07179680674707467,30,5,54,31,0.0,100_60_20,17,2.6,1.9000000000000001,2.4417373340967004,0.6509779210704639,1.9736863704004524,0.7000811687057094,0.24311644180017367,4.779767594652615,5.0,0.6476759865339017,-0.01430418844363368,351202.94424854266,2.470761684362528,0.33054307890016976,1.7950899620072274,19.735538936549144,0.09494481591454806,3.4814231373902933,6.0,0.49020759901371513,-0.07179680674707467,0.5620044057607898,403254.57001948013
kama_cci_atr_allocation,491,-0.20662921309040438,31,2,57,30,5.0,100_60_20,16,4.0,1.8,2.691861499874779,0.5908838353597186,1.9034429674857192,0.6264114505105877,0.24357353267869464,5.530532950181921,2.0,0.5879400618220594,-0.07404011315547604,341178.51361439016,2.1945299239239344,0.2432046328375217,1.4667950645400496,8.549117306587991,0.08130313235041575,2.9913316474611578,7.0,0.3553751926703854,-0.20662921309040438,0.5620044057607898,378614.6291587103
kama_cci_atr_allocation,492,-0.08295384211331447,32,5,57,32,0.0,100_60_20,15,2.4000000000000004,2.1,2.4838617953859945,0.6595003025951723,2.0085504145843815,0.5402383689249353,0.28138810161062056,4.925568846551681,6.0,0.6561389621764315,-0.0058412128011038345,352183.77532965015,2.433401002297936,0.32340383931568106,1.763908869951982,20.537040643309464,0.09494917413410264,3.4060732203833353,6.0,0.47905056364747534,-0.08295384211331447,0.5620044057607898,401023.0750600901
kama_cci_atr_allocation,493,-0.08903649221235077,26,5,56,31,5.0,100_60_20,16,2.7,2.2,2.4625287277615775,0.6565587314821411,2.0051701887275923,0.6925535008141717,0.24311163519394563,4.8185852663190545,4.0,0.6532233900401654,-0.008756784937369977,352448.8374371876,2.419696938867103,0.319505190155138,1.7475750003136434,18.469504477273265,0.09448879476552807,3.3814082500256597,6.0,0.47296791354843903,-0.08903649221235077,0.5620044057607898,400236.19351836015
kama_cci_atr_allocation,494,-0.1362207763377521,31,5,60,30,35.0,100_60_20,17,2.5,1.9000000000000001,2.301090595149848,0.6232921800926925,1.9947474901500677,0.6751621368389555,0.27903939333670646,4.450323673627216,5.0,0.6201426312982293,-0.04183754367930603,347605.25457043,2.2654474733755694,0.28910528781424416,1.6485486341913889,17.12785139898919,0.09448146140362013,3.059915495794468,6.0,0.4257836294230377,-0.1362207763377521,0.5620044057607898,390413.3555799603
kama_cci_atr_allocation,495,-0.18810516371156205,32,5,53,29,0.0,100_25_0,15,2.8,4.0,3.0918772351507577,0.6767310258330619,2.006916686677863,3.5939479335284084,0.2274697430365208,6.441924929204133,20.0,0.6732659260716929,0.011285751094157415,353452.2057569927,1.2765369284145103,0.2553451688442001,1.50245218558539,0.0,0.10024242482496115,2.5472764579475453,2.0,0.37389924204922775,-0.18810516371156205,0.5620044057607898,379462.23030986014
kama_cci_atr_allocation,496,-0.2164832019999694,36,5,23,31,10.0,100_60_20,16,2.2,2.0,2.4606375127250386,0.5781381060072577,1.8977335883841584,0.6328604851140898,0.25594295667152567,4.9352309973591995,5.0,0.5752639905292314,-0.08671618444830398,339647.6502828601,1.8512589278761336,0.23672720319726626,1.388066615447163,8.881280365157732,0.10917240228043934,2.1683795377990065,8.0,0.3455212037608204,-0.2164832019999694,0.5620044057607898,375509.47665897035
kama_cci_atr_allocation,497,-0.07729408256986647,30,5,52,30,0.0,100_60_20,18,2.3,1.8,2.639102551389053,0.6483005903507311,1.9569449334126734,3.6252710652489664,0.24741736416394733,4.7824693993808065,7.0,0.64501189712719,-0.016968277850345326,350576.6893215351,2.459941506246288,0.32702734949968537,1.7855747548715792,18.651969370991132,0.09448727088070863,3.461073078431501,8.0,0.48471032319092333,-0.07729408256986647,0.5620044057607898,401991.3097977703
kama_cci_atr_allocation,498,-0.0697905464065387,32,5,55,29,0.0,100_60_20,14,2.6,1.9000000000000001,2.5841170815711236,0.6835564875271516,2.0602220946049097,0.6943390218364656,0.24311609240295295,5.081035984879371,5.0,0.680052401454921,0.0180722264773856,356323.12302192015,2.484523153640574,0.3318252450870356,1.802101235841774,21.189698149963156,0.09448179235658671,3.512054934718887,7.0,0.4922138593542511,-0.0697905464065387,0.5620044057607898,403141.7849851202
kama_cci_atr_allocation,499,-0.09535711156842441,33,5,58,30,5.0,100_50_0,17,2.3,2.0,3.03877087714518,0.6902411135892976,2.0392011549988194,2.2647519245642034,0.23727628525774735,5.662631080282138,19.0,0.6866946213053013,0.024714446327765982,356685.5443804202,2.483227165391011,0.31544916675799906,1.7604209894218887,18.728063951799587,0.08913449048937627,3.539024736957426,6.0,0.4666472941923654,-0.09535711156842441,0.5620044057607898,398190.9670159503
