family,number,value,param_core_weight,param_kama_len,param_kama_fast,param_kama_slow,param_cci_len,param_cci_threshold,param_sleeve_ladder,param_atr_len,param_atr_stop,param_atr_trail,wf_score,wf_cagr,wf_sharpe,wf_profit_factor,wf_max_drawdown,wf_return_dd,wf_closed_trades,wf_twr_total_return,wf_excess_return_vs_dca,wf_final_equity,holdout_score,holdout_cagr,holdout_sharpe,holdout_profit_factor,holdout_max_drawdown,holdout_return_dd,holdout_closed_trades,holdout_twr_total_return,holdout_excess_return_vs_dca,holdout_dca_twr_total_return,holdout_final_equity
dca_tactical_overlay,0,-0.08464092845851967,0.75,28,2,26,11,45.0,100_50_0,30,4.4,1.2000000000000002,2.6881435109478153,0.6042367537693835,1.9909457224105211,5.0,0.2418672572581193,3.81182728650828,4.0,0.601214047268024,-0.0607661277095114,345117.47447591263,2.176054130315254,0.32232296561029283,1.7455925223371418,inf,0.11633953261105812,2.77053687922119,1.0,0.47736347730227013,-0.08464092845851967,0.5620044057607898,398123.8143334501
dca_tactical_overlay,1,-0.06384895999082518,0.8,26,3,31,28,5.0,100_25_0,25,1.8,2.3,2.6295688987375576,0.6318255938590536,1.9737966440676677,5.0,0.26213017812927064,3.6511732517820388,4.0,0.628630001405345,-0.033350173572190334,350699.21270191506,2.1761785236312803,0.3356195408975924,1.7443552153626911,inf,0.12162483351767395,2.7594655728661017,1.0,0.4981554457699646,-0.06384895999082518,0.5620044057607898,402855.80653416004
dca_tactical_overlay,2,-0.06239761918772446,0.8,15,2,58,39,40.0,100_25_0,17,1.5,2.2,2.664090336146003,0.6341346640134069,2.0078808375010193,5.0,0.25349770323074416,3.7229654735594164,4.0,0.6309310579215546,-0.031049117055980846,350004.53803695255,2.1829970010543094,0.3365457166961028,1.763951257584081,inf,0.1215696199137577,2.768337327490623,1.0,0.49960678657306534,-0.06239761918772446,0.5620044057607898,402249.80410485005
dca_tactical_overlay,3,-0.053734644453683034,0.75,30,3,41,26,10.0,100_60_20,28,3.4000000000000004,3.8000000000000003,2.6475714312033096,0.6399780002409277,1.984229621146632,5.0,0.2640193433357727,3.6861649219601555,4.0,0.6367343669682053,-0.025245808009330073,352228.124939095,2.182966818593997,0.3420687251615826,1.7608580938996936,inf,0.12373644359266955,2.7644945598052373,1.0,0.5082697613071068,-0.053734644453683034,0.5620044057607898,404638.74538798
dca_tactical_overlay,4,-0.06251915042194311,0.75,20,3,31,35,15.0,100_50_0,26,1.3,4.0,2.700402777075565,0.6318356833513623,1.9998158794291063,5.0,0.25695697256170946,3.818490669423865,4.0,0.6286500821913416,-0.03333009278619381,349559.71207867004,2.214163774057733,0.33646817108789717,1.7636185930005934,inf,0.11820632296949474,2.846448164830648,1.0,0.4994852553388467,-0.06251915042194311,0.5620044057607898,403105.1304767601
dca_tactical_overlay,5,-0.0750239687200922,0.7,35,4,49,33,0.0,100_25_0,21,2.3,0.7,2.716973612585688,0.6094525377725046,1.9427536593876396,5.0,0.24457108816981254,3.8980711273632314,4.0,0.6063962267550174,-0.055583948222518,345569.4975471676,2.189231827204673,0.3284796262657439,1.7483313055052851,inf,0.11744117713948765,2.796971507494351,1.0,0.4869804370406976,-0.0750239687200922,0.5620044057607898,400442.4699692101
dca_tactical_overlay,6,-0.08090144334387017,0.8,29,5,39,13,35.0,100_25_0,18,3.1,2.0,2.7089991805969413,0.6384045187695753,2.021146338865017,5.0,0.2592088635156832,3.827068399003819,4.0,0.6351698390949956,-0.026810335882539726,350833.1940943426,2.1291342323239473,0.32471828737925446,1.719634014537481,inf,0.12203605035560383,2.6608390425046524,1.0,0.48110296241691963,-0.08090144334387017,0.5620044057607898,398064.82186958013
dca_tactical_overlay,7,-0.054848618417854045,0.75,29,3,40,38,10.0,100_50_0,8,2.1,1.0,2.687707980067106,0.6223069537360421,1.965353520952779,5.0,0.24505511360245547,3.8068116632122795,4.0,0.6191691338982317,-0.042811041079303724,348168.8879298925,2.2771423340825416,0.341359026111022,1.8041178032145446,inf,0.11438325867699917,2.984344300549853,1.0,0.5071557873429358,-0.054848618417854045,0.5620044057607898,405088.78847119
dca_tactical_overlay,8,-0.08184267104072962,0.7,37,5,27,37,25.0,100_50_0,9,1.9,2.0,2.6671769424792284,0.6258129220229134,1.9738803025853056,5.0,0.25989925290633675,3.7496615555318784,4.0,0.6226570797185218,-0.03932309525901356,349283.97994377,2.119030058483089,0.3241155473028534,1.7005678952007521,inf,0.12261938834750363,2.643265079616196,1.0,0.4801617347200602,-0.08184267104072962,0.5620044057607898,398569.1239390902
dca_tactical_overlay,9,-0.06430390177485434,0.75,25,3,29,13,15.0,100_60_20,23,2.4000000000000004,3.9000000000000004,2.743544714482682,0.652352582901967,2.0349073332681895,5.0,0.26529991791369323,3.897830880483305,4.0,0.6490376321649143,-0.012942542812621138,353085.15451346507,2.189957460816136,0.335329166497238,1.7524849642856501,inf,0.12014129959734299,2.7911231826283163,1.0,0.49770050398593546,-0.06430390177485434,0.5620044057607898,403092.80892902
dca_tactical_overlay,10,-0.0900216378964982,0.75,10,4,47,21,25.0,100_60_20,30,3.8000000000000003,3.1,2.657205687477873,0.6366654209652767,1.9944435682356692,5.0,0.25907564304674335,3.708899005535014,4.0,0.633444833332158,-0.02853534164537741,350879.9891484451,2.017130233409138,0.318873335162297,1.6660178619729926,inf,0.13252497760760018,2.40613762717595,1.0,0.4719827678642916,-0.0900216378964982,0.5620044057607898,396506.7564455101
dca_tactical_overlay,11,-0.06264774489650993,0.75,33,3,40,23,10.0,100_60_20,7,3.2,3.2,2.654908978580827,0.6424029482825817,1.9967035655379406,5.0,0.2597678267368776,3.6980153112328966,4.0,0.6391474709821442,-0.022832703995391168,352341.55057115504,2.1598512952503786,0.3363861166836337,1.7422723731896803,inf,0.12372845546214517,2.7187449760621263,1.0,0.4993566608642799,-0.06264774489650993,0.5620044057607898,403449.29701198
dca_tactical_overlay,12,-0.10460040568613072,0.75,40,2,47,29,15.0,100_60_20,12,4.9,0.5,2.537233217561563,0.5748562944186676,1.8664699255300135,5.0,0.2530654628850313,3.5032244524209144,4.0,0.5719970637771516,-0.08998311120038377,340680.2257768326,2.0386092319597404,0.30950867086334855,1.661255206894643,inf,0.12530978502623957,2.4699481433037187,1.0,0.4574040000746591,-0.10460040568613072,0.5620044057607898,394315.5937218102
dca_tactical_overlay,13,-0.10055844113101098,0.75,22,4,39,19,0.0,100_50_0,14,3.7,1.3,2.6337862020629785,0.6202655266196877,1.958452113162716,5.0,0.25278747355518083,3.6761238107818386,4.0,0.6171377294965124,-0.04484244548102301,348123.9190483726,1.9578273049969004,0.31210768043334736,1.6446071559741244,inf,0.1373757915001853,2.2719263490680333,1.0,0.4614459646297788,-0.10055844113101098,0.5620044057607898,393209.9390014801
dca_tactical_overlay,14,-0.06452773537096634,0.75,30,3,54,31,20.0,100_50_0,14,2.5,2.9000000000000004,2.667913512684576,0.6429445522886366,2.0026901949055143,5.0,0.25316023538101895,3.7278756607420815,4.0,0.6396882619194277,-0.02229191305810757,352428.81936126505,2.1839248840330505,0.33518629166658376,1.7463911424511775,inf,0.1206376830791468,2.7784543196728837,1.0,0.49747667038982346,-0.06452773537096634,0.5620044057607898,402973.28123173007
dca_tactical_overlay,15,-0.11418095355645974,0.7,32,4,35,26,5.0,100_60_20,27,1.0,1.4,2.706095845211604,0.6058754686107689,1.9483227060651704,5.0,0.24195233569464636,3.8714683224214497,4.0,0.602830341088487,-0.059149833889048375,345256.59412253014,1.964799316001882,0.3033401203143531,1.6188478030955944,inf,0.13149791552927792,2.306805542075795,1.0,0.44782345220433006,-0.11418095355645974,0.5620044057607898,391725.1384444501
dca_tactical_overlay,16,-0.08038765629780542,0.75,21,2,22,18,30.0,100_50_0,22,3.6,3.5,2.799588292657387,0.6394914178683893,2.0552625047352917,5.0,0.24030924559741496,4.039932681746343,4.0,0.636255781726317,-0.025724393251218336,350692.2497078726,2.12773631041373,0.3250472586039308,1.7276106096567303,inf,0.12247170317872547,2.654060082185537,1.0,0.4816167494629844,-0.08038765629780542,0.5620044057607898,398971.89949993015
dca_tactical_overlay,17,-0.045107692170578195,0.75,24,3,42,40,10.0,100_60_20,11,4.2,2.6,2.6728103954874207,0.6475440442833378,2.0002518408001033,5.0,0.2549145822359047,3.737590113672224,4.0,0.6442578253960125,-0.017722349581522856,353233.50966965,2.223836675245444,0.3475598190995395,1.7825263923018857,inf,0.12179520199412586,2.853641304493277,1.0,0.5168967135902116,-0.045107692170578195,0.5620044057607898,406724.59715167
dca_tactical_overlay,18,-0.08995706731602615,0.7,16,4,44,40,20.0,100_60_20,11,4.300000000000001,2.7,2.6318657216769084,0.6366758563520283,1.9747450831294542,5.0,0.2605185791467095,3.652928893589672,4.0,0.6334524799896888,-0.028527694987846575,351687.1118904201,2.0058411508678153,0.31891475326720853,1.6675352557659653,inf,0.13414947195993576,2.3773090464527034,1.0,0.47204733844476365,-0.08995706731602615,0.5620044057607898,396345.02985371003
dca_tactical_overlay,19,-0.05563481607437715,0.8,24,2,52,34,5.0,100_60_20,15,5.0,3.6,2.6276724556724025,0.6445866971351459,1.9914091894691577,5.0,0.2605252689179679,3.6302742622554387,4.0,0.6413205042057751,-0.02065967077176023,352444.34736419504,2.15307416872105,0.3408580595955426,1.744687627609397,inf,0.12638849979238231,2.6969072356699244,1.0,0.5063695896864127,-0.05563481607437715,0.5620044057607898,403813.56262402004
dca_tactical_overlay,20,-0.06206534737719349,0.75,18,3,35,16,10.0,100_60_20,20,4.1,2.6,2.6958644180400815,0.6414737907581372,2.009676637470842,5.0,0.2672098700261827,3.7962335612057494,4.0,0.6382275728328106,-0.0237526021447248,351353.58220855,2.164960135396077,0.33675772073210397,1.753726570498355,inf,0.12349514552527274,2.726890351031555,1.0,0.4999390583835963,-0.06206534737719349,0.5620044057607898,402819.64964949
dca_tactical_overlay,21,-0.04288617385084126,0.75,27,3,44,36,10.0,100_60_20,7,2.8,1.7000000000000002,2.6477803715404233,0.6378120706513595,1.9819857597554538,5.0,0.2643488564772085,3.6891487885225223,4.0,0.6345859553557824,-0.02739421962175287,351205.92453687754,2.2411781539915197,0.34897238761046423,1.7946445844522578,inf,0.12070203149763103,2.8911890154666815,1.0,0.5191182319099485,-0.04288617385084126,0.5620044057607898,406969.45678616
dca_tactical_overlay,22,-0.043631599478684,0.75,27,3,43,36,20.0,100_60_20,10,2.8,1.8,2.668437530427598,0.6439075436029889,1.9994252231904546,5.0,0.26433989459884755,3.7296892148782423,4.0,0.6406456977488826,-0.021334477228652726,352263.68923778005,2.2386450235268356,0.34849846878848934,1.7893304659221996,inf,0.12070162860641409,2.8872722995716904,1.0,0.5183728062821058,-0.043631599478684,0.5620044057607898,407003.18057425006
dca_tactical_overlay,23,-0.04352874150707131,0.75,26,3,44,37,20.0,100_60_20,10,2.7,1.6,2.692451719489056,0.6489661240305313,2.010152063991899,5.0,0.24800089199827713,3.781916209511347,4.0,0.6456721877737936,-0.01630798720374177,353214.24602566264,2.239301802267048,0.34856386667220063,1.79192019028992,inf,0.12069867897419506,2.887884686349569,1.0,0.5184756642537185,-0.04352874150707131,0.5620044057607898,406987.70717329
dca_tactical_overlay,24,-0.07180778618697392,0.75,27,4,44,36,25.0,100_60_20,9,2.7,1.7000000000000002,2.558079542576758,0.6217381479151587,1.9394582885919376,5.0,0.2658441058753912,3.492876446643418,4.0,0.6186060854532208,-0.04337408952431454,348876.77139983757,2.098823200480207,0.3305360607818766,1.7057865300711912,inf,0.12786338825355426,2.5850719685796264,1.0,0.4901966195738159,-0.07180778618697392,0.5620044057607898,400408.4527497401
dca_tactical_overlay,25,-0.0480231458529603,0.75,33,3,53,32,20.0,100_60_20,7,2.8,1.7000000000000002,2.630694806174202,0.6333769408368055,1.9713661441668264,5.0,0.26780389074081656,3.6537371610491554,4.0,0.6301764945990795,-0.03180368037845588,350587.424453855,2.2196350704714334,0.34570511464991927,1.7789426579352285,inf,0.12146466070344941,2.846137408591154,1.0,0.5139812599078295,-0.0480231458529603,0.5620044057607898,405887.72910578
dca_tactical_overlay,26,-0.07258295595733899,0.75,23,2,36,30,30.0,100_60_20,10,2.9000000000000004,1.6,2.721925750105295,0.6503286366829195,2.046179321032255,5.0,0.23943151410481223,3.841070450383083,4.0,0.6470296195839245,-0.014950555393610843,352803.3034428576,2.1323407819357483,0.33004053086840335,1.7244906938102964,inf,0.12396850347532595,2.662293418215643,1.0,0.4894214498034508,-0.07258295595733899,0.5620044057607898,400497.20618957
dca_tactical_overlay,27,-0.04714615478062356,0.75,26,3,49,36,30.0,100_60_20,13,2.6,1.0,2.673407708603812,0.6313683015180875,1.9770770387597472,5.0,0.2613738942644903,3.7598816010636527,4.0,0.6281786955852469,-0.03380147939228845,350149.4431419451,2.2711598981439676,0.34626313074568693,1.8079190639987015,inf,0.1168392749335716,2.963585069682717,1.0,0.5148582509801662,-0.04714615478062356,0.5620044057607898,406394.54599072004
dca_tactical_overlay,28,-0.0528838972472776,0.8,19,4,60,33,20.0,100_60_20,16,3.3000000000000003,2.0,2.5316233752519266,0.6307999561305464,1.9459602615232678,5.0,0.270714992162855,3.417515176591481,4.0,0.6276129165848854,-0.034367258392649924,350483.45629062003,2.1534219712603546,0.34261062541169385,1.74114210449653,inf,0.12700843480349322,2.6975423005706607,1.0,0.5091205085135122,-0.0528838972472776,0.5620044057607898,404452.18230643007
dca_tactical_overlay,29,-0.0852813163913475,0.7,28,2,45,38,50.0,100_60_20,9,2.1,1.5,2.7110259170490973,0.6204916056572147,1.9913315052024885,5.0,0.23779648577578816,3.8567221855911593,4.0,0.617370133985709,-0.044610040991826416,347261.8835499951,2.1167428260760164,0.3219125933996658,1.718446139048516,inf,0.12226987592338756,2.6328037954448513,1.0,0.4767230893694423,-0.0852813163913475,0.5620044057607898,398018.3025455601
dca_tactical_overlay,30,-0.060440578598750294,0.75,32,2,37,35,15.0,100_25_0,12,3.1,1.0,2.650032295551214,0.6002591210211309,1.9304031486171984,5.0,0.25447324763112356,3.74223202412979,4.0,0.5972520690024559,-0.06472810597507944,344854.06600659003,2.265770233337652,0.3377942026536973,1.8002520479213313,inf,0.11409868937991552,2.9605441086964692,1.0,0.5015638271620395,-0.060440578598750294,0.5620044057607898,403325.46494015004
dca_tactical_overlay,31,-0.04754259100434166,0.75,23,3,43,40,15.0,100_60_20,11,4.0,2.4000000000000004,2.6767594240475097,0.6486248045430112,2.0027103900847445,5.0,0.2549145822359047,3.7457318043488113,4.0,0.6453320038442555,-0.016648171133279877,353424.9759090325,2.227624820821973,0.3460108957688981,1.7808237196973349,inf,0.12076607007464435,2.8651333570350688,1.0,0.5144618147564481,-0.04754259100434166,0.5620044057607898,406512.59966625
dca_tactical_overlay,32,-0.04164799422852239,0.75,25,3,42,40,5.0,100_60_20,7,4.5,1.8,2.6010937716631295,0.626190889744091,1.9491263581643794,5.0,0.26686470154735653,3.5934541542787697,4.0,0.6230299577589997,-0.03895021721853564,349746.02325777756,2.2437440558233464,0.34975943837885204,1.7927588874582827,inf,0.12070627157265013,2.8976078361292146,1.0,0.5203564115322674,-0.04164799422852239,0.5620044057607898,407318.89186269
dca_tactical_overlay,33,-0.04307618675479863,0.75,26,3,46,37,5.0,100_60_20,7,4.6,1.8,2.6266795076728418,0.6330858545617273,1.966682564162238,5.0,0.2649404119870147,3.645673088943449,4.0,0.6298873405653466,-0.0320928344121888,350565.6740644926,2.239800356879394,0.34885158949105066,1.7883378272366468,inf,0.12070081038831315,2.8902174589279164,1.0,0.5189282190059912,-0.04307618675479863,0.5620044057607898,406979.2110363
dca_tactical_overlay,34,-0.04195419158666658,0.75,25,3,47,38,5.0,100_60_20,7,4.6,2.3,2.6517527243085155,0.6418595020627821,1.9817356894574372,5.0,0.2646715088628352,3.6961449576254783,4.0,0.6386050492490545,-0.02337512572848094,352523.3850041576,2.2422380587340953,0.34956482051348114,1.791687367906452,inf,0.12077203691022742,2.8944185215102447,1.0,0.5200502141741232,-0.04195419158666658,0.5620044057607898,407289.82681036997
dca_tactical_overlay,35,-0.05880326159368843,0.8,21,3,51,28,5.0,100_25_0,7,4.6,2.3,2.708239121532041,0.6539840091676458,2.030858424700593,5.0,0.25043699253539875,3.809862362268402,4.0,0.650666285838156,-0.011313889139379307,353804.82908620004,2.189921377026591,0.3388383671474049,1.757583394258265,inf,0.12162219133978558,2.7859913015443474,1.0,0.5032011441671014,-0.05880326159368843,0.5620044057607898,403671.82207749004
dca_tactical_overlay,36,-0.051227283318451944,0.75,17,3,47,38,0.0,100_60_20,8,4.6,2.1,2.680509820661689,0.6497886230451193,2.012786622347584,5.0,0.2553307879414213,3.750455729756431,4.0,0.6464982829570858,-0.015481892020449639,353077.47665121505,2.2188669535153385,0.34366558944225334,1.7756497410723908,inf,0.12069991840367078,2.847272756994686,1.0,0.5107771224423379,-0.051227283318451944,0.5620044057607898,405565.54644457996
dca_tactical_overlay,37,-0.04866674201111554,0.75,30,3,50,39,0.0,100_60_20,7,4.6,2.4000000000000004,2.657540705488101,0.6442572514063605,1.9891405859032982,5.0,0.26461798361581035,3.7060426009440843,4.0,0.6409914444145416,-0.020988730562993774,352595.00845135504,2.2237565505980528,0.34529554576836285,1.7727218607258037,inf,0.12076904073310557,2.8591395913415534,1.0,0.5133376637496743,-0.04866674201111554,0.5620044057607898,406260.81213446
dca_tactical_overlay,38,-0.06693334872559253,0.8,12,2,32,34,5.0,100_25_0,8,4.7,1.9000000000000001,2.681959581431775,0.639927725079852,2.018102512495574,5.0,0.25440844131157403,3.7594688423039235,4.0,0.63669140117653,-0.02528877380100536,350990.21450242004,2.1382483734295277,0.33365038558233096,1.748027946849001,inf,0.1251962691163898,2.6650185978956764,1.0,0.49507105703519727,-0.06693334872559253,0.5620044057607898,401767.77146469
dca_tactical_overlay,39,-0.046499515658974255,0.75,25,4,55,32,0.0,100_60_20,9,3.9000000000000004,2.3,2.574169545307588,0.6351797770632254,1.9596984819794891,5.0,0.25597865682364496,3.5154504311334205,4.0,0.6319666264240462,-0.03001354855348909,351068.0918331101,2.194000072066702,0.34667451861327314,1.761611182434785,inf,0.12435934903879398,2.787683606361817,1.0,0.5155048901018155,-0.046499515658974255,0.5620044057607898,405629.9757213401
dca_tactical_overlay,40,-0.07551720478155177,0.7,28,3,56,38,5.0,100_60_20,18,4.4,1.1,2.512701038022748,0.5931651090962693,1.8949197789001597,5.0,0.2654247559192986,3.4175195554111615,4.0,0.5902024470175887,-0.07177772795994664,343503.82818703004,2.080154442105048,0.32816413829326674,1.7113326351135343,inf,0.12927820463925266,2.5384335991437994,1.0,0.48648720097923803,-0.07551720478155177,0.5620044057607898,399538.6465784001
dca_tactical_overlay,41,-0.050081427672328926,0.75,26,3,46,37,10.0,100_60_20,8,3.5,1.5,2.679651047926025,0.6458541731161531,2.0003504196453417,5.0,0.25336090480894047,3.755919475416072,4.0,0.6425787768731812,-0.019401398104354095,352679.7790587676,2.1931333318841264,0.3443951003767356,1.7753089430870894,inf,0.1237755925608437,2.782415282782372,1.0,0.5119229780884609,-0.050081427672328926,0.5620044057607898,404919.12306215
dca_tactical_overlay,42,-0.0428962206105612,0.75,25,3,49,35,5.0,100_60_20,10,4.800000000000001,1.8,2.5985808530243135,0.6250674571634538,1.9449877897786656,5.0,0.26923748758185395,3.5895651504388955,4.0,0.6219115044701822,-0.04006867050735313,349682.63521830505,2.240033314212422,0.34896600062709826,1.7869716328091882,inf,0.1206989472485307,2.8912099780667004,1.0,0.5191081851502286,-0.0428962206105612,0.5620044057607898,407137.23983175994
dca_tactical_overlay,43,-0.03952807234662603,0.75,24,3,49,34,10.0,100_60_20,8,4.800000000000001,2.1,2.6540998206850532,0.6415344026716681,1.9867813750576533,5.0,0.26364479175461053,3.700363951802065,4.0,0.6382817066899944,-0.023698468287540908,352452.01567241753,2.249412874455812,0.3511065473349473,1.7974554605576192,inf,0.12070431818435556,2.9088151328496057,1.0,0.5224763334141638,-0.03952807234662603,0.5620044057607898,407648.17273287
dca_tactical_overlay,44,-0.046707162077535225,0.75,20,3,49,34,10.0,100_60_20,9,4.800000000000001,2.1,2.6929089063933067,0.6515763013103131,2.0202656796438023,5.0,0.25493621006463885,3.777311414438202,4.0,0.6482724590714664,-0.013707715906068951,353348.95378946513,2.2306560162494113,0.3465424206640033,1.7838969449076758,inf,0.1207008880620607,2.871084266470532,1.0,0.5152972436832546,-0.046707162077535225,0.5620044057607898,406552.95090802
dca_tactical_overlay,45,-0.06836745353109874,0.75,23,3,49,25,0.0,100_25_0,12,5.0,2.2,2.729756533037581,0.6437370555181992,2.0169141337864143,5.0,0.26019802976825457,3.876556702342702,4.0,0.640473384266516,-0.021506790711019352,352662.1599613325,2.200167057301279,0.3327344221762494,1.7500580141670283,inf,0.11799634679274862,2.819870540235211,1.0,0.49363695222969106,-0.06836745353109874,0.5620044057607898,402160.66677777003
dca_tactical_overlay,46,-0.06291265686920888,0.75,29,5,41,35,15.0,100_50_0,24,4.4,1.2000000000000002,2.5521478596723224,0.6162911629274583,1.9390293044475775,5.0,0.2571607335055538,3.482285396760583,4.0,0.6131909021321436,-0.04878927284539181,347469.16364045255,2.0718735529090524,0.336217073615678,1.725023175399774,inf,0.13419590245052426,2.5054198189071792,1.0,0.4990917488915809,-0.06291265686920888,0.5620044057607898,401568.7354412001
dca_tactical_overlay,47,-0.041079632081720385,0.75,24,3,48,39,5.0,100_60_20,8,4.800000000000001,1.9000000000000001,2.608399166937128,0.6282202279328375,1.9543396848102152,5.0,0.2649370264375627,3.608243692445865,4.0,0.6250470914843567,-0.03693308349317864,350081.6936443876,2.245247658596591,0.3501206576631146,1.7940519452722923,inf,0.12070798351090872,2.900559246203241,1.0,0.5209247736790694,-0.041079632081720385,0.5620044057607898,407420.88525223
dca_tactical_overlay,48,-0.06961365526961338,0.75,21,4,57,39,40.0,100_60_20,8,1.6,2.8000000000000003,2.5740739405854693,0.6257649943627435,1.9527559728717452,5.0,0.2676326285036238,3.52486204372482,4.0,0.6226074578998422,-0.03937271707769324,349407.43593551253,2.0843497540071914,0.33193826964352335,1.7134256591645232,inf,0.13043919192339015,2.5447740418269236,1.0,0.4923907504911764,-0.06961365526961338,0.5620044057607898,400494.87361682
dca_tactical_overlay,49,-0.04304006874391475,0.75,24,3,39,40,10.0,100_60_20,7,4.1,2.1,2.6733903288958896,0.647712034637665,2.0007244872341325,5.0,0.2549145822359047,3.7387369632423777,4.0,0.6444248108403886,-0.017555364137146756,353262.6642067275,2.240300883011244,0.3488745513556879,1.7912821600128936,inf,0.1207034645613515,2.8903441390314106,1.0,0.518964337016875,-0.04304006874391475,0.5620044057607898,406997.66548401
dca_tactical_overlay,50,-0.06802858466978812,0.7,14,3,52,39,5.0,100_50_0,13,4.300000000000001,1.9000000000000001,2.621166698766798,0.6158425647087491,1.9507905134177297,5.0,0.26422719681513895,3.6507551668325013,4.0,0.6127555957714124,-0.04922457920612294,347502.9656132026,2.240575409413415,0.33295088041052656,1.7687054436256349,inf,0.11427059423545094,2.913705688136108,1.0,0.4939758210910017,-0.06802858466978812,0.5620044057607898,402691.0200808601
dca_tactical_overlay,51,-0.05513275763851255,0.75,22,3,46,36,0.0,100_60_20,10,4.800000000000001,2.5,2.679856381547048,0.6491822089653612,2.0076423323127597,5.0,0.2537762258370222,3.7512059128952506,4.0,0.6458924224671545,-0.016087752510380804,353060.37159088254,2.2065502172284504,0.3411779806739679,1.7589657974945272,inf,0.12077278063523278,2.8249575680833234,1.0,0.5068716481222773,-0.05513275763851255,0.5620044057607898,405338.82714258996
dca_tactical_overlay,52,-0.04334909371069284,0.75,27,3,48,32,5.0,100_60_20,8,4.800000000000001,1.9000000000000001,2.6259054087472613,0.633845210613583,1.9708114552014373,5.0,0.268391959769511,3.641620919542917,4.0,0.6306429802491555,-0.031337194728379814,350702.5779796351,2.238793182868596,0.34867808509438913,1.7859505896319174,inf,0.12070207503602548,2.888749716939999,1.0,0.518655312050097,-0.04334909371069284,0.5620044057607898,407071.70419605006
dca_tactical_overlay,53,-0.051389255223816654,0.75,25,3,50,38,10.0,100_60_20,9,5.0,1.4,2.673106624593832,0.6456175099197019,1.995846234086402,5.0,0.2683530177428398,3.7414257115284353,4.0,0.6423392038331067,-0.019640971144428643,353080.2931873576,2.1894445855074216,0.3435624570770204,1.7708551362044198,inf,0.12377922119450424,2.77560687295934,1.0,0.5106151505369732,-0.051389255223816654,0.5620044057607898,404775.34316423006
dca_tactical_overlay,54,-0.04544730458071333,0.75,31,3,42,30,5.0,100_60_20,11,4.4,2.2,2.672879359220837,0.6477444249538505,1.9992270708667395,5.0,0.25677826203092113,3.7379967693618403,4.0,0.6444572335307371,-0.017522941446798224,353231.7750556001,2.234741187088118,0.347343822315896,1.7887392531595983,inf,0.1206572062490674,2.8787656627726763,1.0,0.5165571011800765,-0.04544730458071333,0.5620044057607898,406551.58625815
dca_tactical_overlay,55,-0.040423104319332825,0.75,24,3,48,33,10.0,100_60_20,8,4.5,1.7000000000000002,2.6090910685004296,0.6278375594920034,1.9566276809991714,5.0,0.2656288445393582,3.609402041937451,4.0,0.6246660517492639,-0.03731412322827138,350082.3110767051,2.2471774492049987,0.35053786236691753,1.7967181303277762,inf,0.12070816603755885,2.9040111690359556,1.0,0.521581301441457,-0.040423104319332825,0.5620044057607898,407420.23462378
dca_tactical_overlay,56,-0.061555276276985094,0.8,22,4,38,33,15.0,100_60_20,7,4.5,1.6,2.535421058986925,0.6269325845370849,1.9404547013974875,5.0,0.2707221213481845,3.431968865583209,4.0,0.6237680813435456,-0.03821209363398975,349829.874441015,2.0600685449233693,0.33708314257956107,1.7174465670938601,inf,0.13603163328649326,2.4779761474276913,1.0,0.5004491294838047,-0.061555276276985094,0.5620044057607898,401289.2231509801
dca_tactical_overlay,57,-0.04866607947713342,0.75,19,3,41,40,10.0,100_60_20,20,3.8000000000000003,2.0,2.6948056570227403,0.6529978144652213,2.0234484165683675,5.0,0.24948127962977817,3.7797951933841007,4.0,0.6496877178855405,-0.01229245709199489,353611.65705498005,2.2258148778411377,0.34529596741425395,1.7821287388951665,inf,0.12070088883982721,2.8607574536793132,1.0,0.5133383262836564,-0.04866607947713342,0.5620044057607898,406052.83405401
dca_tactical_overlay,58,-0.08802998192547284,0.75,28,2,45,23,10.0,100_50_0,8,4.2,3.0,2.72833409550179,0.6353827414146426,2.0174142073345287,5.0,0.25587758688093876,3.8790637204818093,4.0,0.6321794542371204,-0.029800720740414954,350256.79320119,2.119225224720925,0.3201506240491818,1.7008619861583718,inf,0.12094062040350784,2.6471720004497015,1.0,0.47397442383531696,-0.08802998192547284,0.5620044057607898,398381.2719443801
dca_tactical_overlay,59,-0.04827151976863031,0.75,24,3,52,28,10.0,100_60_20,10,2.2,1.4,2.651558163783465,0.631550180844047,1.9726433202514517,5.0,0.26306338360148096,3.7067859075884657,4.0,0.6283528403930538,-0.03362733458448158,350545.81026621006,2.1994385094965323,0.34554706141614244,1.7829100247180836,inf,0.12366143223746662,2.794299363706136,1.0,0.5137328859921595,-0.04827151976863031,0.5620044057607898,405087.1712887501
dca_tactical_overlay,60,-0.055583086500211154,0.75,23,3,54,36,15.0,100_60_20,8,4.9,0.8,2.5493663050162563,0.5994162611399918,1.890903377714812,5.0,0.26544065768121095,3.5060115865187957,4.0,0.5964092902127112,-0.06557088476482414,344716.6871625451,2.215692960147483,0.34089102405277427,1.770116720304903,inf,0.1198679123045453,2.843888889853035,1.0,0.5064213192605787,-0.055583086500211154,0.5620044057607898,405010.40470245003
dca_tactical_overlay,61,-0.03902595949423371,0.75,25,3,47,35,5.0,100_60_20,9,4.800000000000001,1.8,2.6027934757863838,0.6263161107508559,1.9485294487574334,5.0,0.2666524606967985,3.5978337494042565,4.0,0.6231535405864851,-0.038826634391050274,349833.1234259151,2.250695439012676,0.35142553796079223,1.7979090630629697,inf,0.12069981834307608,2.9115664197762374,1.0,0.5229784462665561,-0.03902595949423371,0.5620044057607898,407665.93821579
dca_tactical_overlay,62,-0.04710340252033829,0.75,27,3,47,37,0.0,100_60_20,9,4.5,1.7000000000000002,2.6393344334901556,0.6377792282192876,1.9734952447776366,5.0,0.26839714554875727,3.671242933232075,4.0,0.6345514533457641,-0.02742872163177129,351365.3173100176,2.228622754763609,0.3462903310130139,1.7766107488679066,inf,0.1207024521404585,2.8689585412071352,1.0,0.5149010032404515,-0.04710340252033829,0.5620044057607898,406538.07115966006
dca_tactical_overlay,63,-0.05785819860559238,0.75,25,3,43,11,5.0,100_60_20,7,4.7,1.3,2.7224327442711056,0.6449350016768808,2.0160010002603137,5.0,0.2615733287321452,3.857693950669578,4.0,0.6416603112660442,-0.020319863711491193,352286.7527677751,2.1816988845596588,0.3394409141198027,1.7638471989224818,inf,0.12287237718815658,2.7625486043947127,1.0,0.5041462071551974,-0.05785819860559238,0.5620044057607898,403152.73219825
dca_tactical_overlay,64,-0.04672972141861109,0.75,22,3,48,34,10.0,100_60_20,29,5.0,1.9000000000000001,2.700994442880811,0.6531802134322734,2.0231641249589107,5.0,0.24594900486138138,3.795237997830851,4.0,0.6498659981593248,-0.012114176818210587,353690.24739225506,2.230535327507312,0.3465280688296688,1.7834469777062842,inf,0.1207009412144282,2.8709640980682423,1.0,0.5152746843421787,-0.04672972141861109,0.5620044057607898,406604.33885229996
dca_tactical_overlay,65,-0.05355595573255045,0.75,29,3,21,31,5.0,100_60_20,11,4.2,1.7000000000000002,2.62098285227656,0.6306745833890492,1.9667080624817532,5.0,0.2678452429118313,3.6332264446682783,4.0,0.627491658569294,-0.0344885164082413,350447.36104975257,2.2127782294012865,0.34218255167713885,1.7716809574158436,inf,0.12070514886264128,2.834862927566843,1.0,0.5084484500282394,-0.05355595573255045,0.5620044057607898,405111.84469134
dca_tactical_overlay,66,-0.08408455137916127,0.75,24,4,45,39,0.0,100_25_0,9,3.0,2.4000000000000004,2.7061688007697304,0.6420423843609727,2.0032620231168305,5.0,0.24909509855319378,3.823974144186127,4.0,0.6387938025331438,-0.02318637244439159,351866.01340773253,2.0793594520526977,0.3226794611173085,1.689735715638725,inf,0.12656929959005558,2.5494291440533585,1.0,0.47791985438162854,-0.08408455137916127,0.5620044057607898,398159.48402352014
dca_tactical_overlay,67,-0.05264067439176401,0.7,27,3,51,35,15.0,100_60_20,7,4.7,2.1,2.7396970652253465,0.651335318149871,2.024497129428386,5.0,0.25326983425555916,3.8928764668289233,4.0,0.6480286294729825,-0.013951545504552909,353468.3934324301,2.2457092950477073,0.34276553506328344,1.7781291264223769,inf,0.11761697671492233,2.9142522162771765,1.0,0.5093637313690258,-0.05264067439176401,0.5620044057607898,405667.2296660101
dca_tactical_overlay,68,-0.062077176612065355,0.75,36,2,44,37,10.0,100_60_20,8,2.4000000000000004,1.5,2.682013228397502,0.6367837382318864,1.9923414926185525,5.0,0.247123296020481,3.7716169063615332,4.0,0.633565118114816,-0.02841505686271939,351139.21570728003,2.1644754478181305,0.3367501733887919,1.7541382309540847,inf,0.12355396969448662,2.725530990396165,1.0,0.49992722914872445,-0.062077176612065355,0.5620044057607898,402214.51183135004
dca_tactical_overlay,69,-0.04069909809333194,0.8,20,3,48,38,5.0,100_60_20,10,4.5,1.8,2.605227372959786,0.6403253079268191,1.9780073053004648,5.0,0.26994117163104026,3.5823762714966136,4.0,0.6370872447846077,-0.02489293019292771,351565.65807305754,2.2155267658930584,0.3503624824119054,1.782285584117896,inf,0.12378316777983744,2.8304533540058148,1.0,0.5213053076674579,-0.04069909809333194,0.5620044057607898,407285.05067226005
dca_tactical_overlay,70,-0.04115776877399946,0.8,21,3,51,38,0.0,100_60_20,12,4.5,2.0,2.6102372379243386,0.6434212631510334,1.9836328700881956,5.0,0.268554634645195,3.5904743206748844,4.0,0.6401634400870244,-0.021816734890511003,352349.4495410875,2.2142517774799795,0.35007100061290974,1.7809357503611887,inf,0.12378606087004596,2.8280324792015477,1.0,0.5208466369867903,-0.04115776877399946,0.5620044057607898,407421.2281867401
dca_tactical_overlay,71,-0.041341160258984155,0.8,20,3,48,38,0.0,100_60_20,13,4.5,2.0,2.6214807295893725,0.6468592589428761,1.9924396051696311,5.0,0.26993810320559053,3.612706838108938,4.0,0.643582192795309,-0.018397982182226325,352805.81209819,2.2137333156773185,0.3499544497024021,1.7803974141785213,inf,0.12378818906259648,2.827042324089895,1.0,0.5206632455018056,-0.041341160258984155,0.5620044057607898,407295.33553685003
dca_tactical_overlay,72,-0.040172983867062806,0.8,20,3,53,40,0.0,100_60_20,13,4.300000000000001,1.8,2.592099847110845,0.6363647697647864,1.9662458480284353,5.0,0.26856039993417824,3.556932899956721,4.0,0.6331487346868793,-0.028831440290656096,351096.68181643257,2.216898670910385,0.3506967933405998,1.7837292353319034,inf,0.1237880206908174,2.8330430633229637,1.0,0.521831421893727,-0.040172983867062806,0.5620044057607898,407399.9903002301
dca_tactical_overlay,73,-0.04102732950938104,0.8,20,3,53,39,0.0,100_60_20,15,4.300000000000001,2.0,2.6085285043651067,0.6428010149746444,1.9822805969278352,5.0,0.26856087950513696,3.587173851659,4.0,0.6395468866515641,-0.0224332883259713,352244.57734419504,2.2145470773294003,0.35015389633428295,1.7811417482272032,inf,0.12378968114879108,2.8286194219485035,1.0,0.5209770762514088,-0.04102732950938104,0.5620044057607898,407340.1981549201
dca_tactical_overlay,74,-0.04631363237234565,0.8,18,3,54,39,0.0,100_60_20,14,4.0,1.6,2.6530279248945634,0.6539776575087355,2.0091406298840537,5.0,0.2535770676336907,3.679983627836294,4.0,0.6506586527344447,-0.011321522243090743,353874.97581375757,2.201002179895677,0.3467927671987785,1.7708757270191247,inf,0.12378342506640982,2.8016090766007173,1.0,0.5156907733884442,-0.04631363237234565,0.5620044057607898,406252.45905540005
dca_tactical_overlay,75,-0.03801103609506162,0.8,19,3,58,33,0.0,100_60_20,15,4.9,2.0,2.611587254123982,0.6447451939394392,1.9872134734595415,5.0,0.26855395854526265,3.591515366692628,4.0,0.6414806513786532,-0.020499523598882186,352639.20901908504,2.2227891935218174,0.35207022420921485,1.790357672533184,inf,0.12379157157145204,2.8440565035237575,1.0,0.5239933696657282,-0.03801103609506162,0.5620044057607898,407827.15507406
dca_tactical_overlay,76,-0.04201363379565204,0.8,15,3,60,33,0.0,100_60_20,16,4.9,1.8,2.5862528259860063,0.6429922346596365,1.9774249615758566,5.0,0.2535696046287209,3.533161662161611,4.0,0.6397398745080942,-0.022240300469441088,352347.37975296756,2.212918905444011,0.34952703798277795,1.7853379700732757,inf,0.12379056278656952,2.8235354142900735,1.0,0.5199907719651378,-0.04201363379565204,0.5620044057607898,406811.44193852006
dca_tactical_overlay,77,-0.05275189849213202,0.8,17,3,58,31,0.0,100_50_0,15,4.300000000000001,2.2,2.660815899408955,0.6449907260823314,2.0019909503122353,5.0,0.2660148621514733,3.7088606493880656,4.0,0.641728693881808,-0.020251481095727386,352280.3351619501,2.204050268921439,0.3426946968497018,1.7683690026670453,inf,0.12178950038459657,2.8138279225016376,1.0,0.5092525072686578,-0.05275189849213202,0.5620044057607898,405253.58033761
dca_tactical_overlay,78,-0.04203707503439791,0.8,19,3,53,34,5.0,100_60_20,17,4.9,1.8,2.641174107521823,0.6514722454664055,2.0020955610001105,5.0,0.252161024407039,3.6548664831410287,4.0,0.6481674851986756,-0.013812689778859744,353651.09705452755,2.2123181640531686,0.3495121381969566,1.7813321269815512,inf,0.12378468746271043,2.82354906217496,1.0,0.5199673307263919,-0.04203707503439791,0.5620044057607898,407061.8460676201
dca_tactical_overlay,79,-0.041449259219149326,0.8,20,3,58,36,0.0,100_60_20,15,4.7,1.9000000000000001,2.5640808422142154,0.6378846053910603,1.9670981192868993,5.0,0.268554634645195,3.4854278933798297,4.0,0.6346606338879032,-0.027319541089632193,351544.449690385,2.213474521096588,0.34988574762890856,1.7803717239341124,inf,0.12378910789740083,2.82646634725651,1.0,0.5205551465416405,-0.041449259219149326,0.5620044057607898,407292.13616642007
dca_tactical_overlay,80,-0.06599660993030754,0.8,16,2,53,29,5.0,100_25_0,14,4.1,2.5,2.6672930503507915,0.6376360579347959,2.0024675974289528,5.0,0.25106846902203983,3.7303814873451824,4.0,0.6344112170916949,-0.02756895788584046,350978.4483545476,2.1497157876769815,0.33424854631840106,1.7400620752338094,inf,0.12397294414598958,2.6961410703031508,1.0,0.49600779583048227,-0.06599660993030754,0.5620044057607898,401450.4326464601
dca_tactical_overlay,81,-0.04115776877399946,0.8,21,3,51,37,0.0,100_60_20,12,4.4,2.0,2.6045535253842127,0.6419286500845394,1.9789488037148324,5.0,0.268554634645195,3.579138839370128,4.0,0.6386795655978171,-0.02330060937971823,352118.2279043776,2.2142517774799795,0.35007100061290974,1.7809357503611887,inf,0.12378606087004596,2.8280324792015477,1.0,0.5208466369867903,-0.04115776877399946,0.5620044057607898,407421.2281867401
dca_tactical_overlay,82,-0.043146099981300035,0.8,18,3,50,40,0.0,100_60_20,12,4.7,2.1,2.602058081482012,0.64106904028818,1.978379031670555,5.0,0.2699387506931389,3.5737566489092876,4.0,0.6378277660783053,-0.024152408899230093,351910.7121226301,2.209042023588205,0.3488071420277974,1.7795366238159909,inf,0.12383707004716804,2.8166617790209423,1.0,0.5188583057794898,-0.043146099981300035,0.5620044057607898,406756.17490197
dca_tactical_overlay,83,-0.039530956050566335,0.8,22,3,56,39,5.0,100_60_20,13,4.300000000000001,1.7000000000000002,2.565127610362393,0.6355343874646424,1.959177150691699,5.0,0.26214872042045523,3.4927752847963625,4.0,0.6323206384491834,-0.02965953652835196,351319.69334436505,2.2188129025605194,0.35110471524111264,1.7865276476392737,inf,0.12378468726206215,2.836414769928656,1.0,0.5224734497102235,-0.039530956050566335,0.5620044057607898,407625.19643293
dca_tactical_overlay,84,-0.04130590358898156,0.8,20,3,59,35,5.0,100_60_20,17,4.300000000000001,1.7000000000000002,2.587380730527596,0.6423574907662314,1.9781839515580841,5.0,0.252161024407039,3.5361724437575837,4.0,0.6391067963535723,-0.022873378623963103,352200.12995254004,2.214295631910198,0.3499768567070036,1.7836513539558148,inf,0.12378886620681206,2.827207869585807,1.0,0.5206985021718082,-0.04130590358898156,0.5620044057607898,407292.97772520006
dca_tactical_overlay,85,-0.04126983389707961,0.8,22,3,56,39,5.0,100_60_20,16,3.9000000000000004,1.6,2.565127610362393,0.6355343874646424,1.959177150691699,5.0,0.26214872042045523,3.4927752847963625,4.0,0.6323206384491834,-0.02965953652835196,351319.69334436505,2.214212103430497,0.349999780266367,1.7823499566145986,inf,0.12378564652531587,2.827466593186854,1.0,0.5207345718637102,-0.04126983389707961,0.5620044057607898,407381.08932507003
dca_tactical_overlay,86,-0.03436302048552764,0.8,23,3,56,33,5.0,100_60_20,13,4.800000000000001,1.5,2.551730938696652,0.6310681301026967,1.947721511788958,5.0,0.2703277762649423,3.4669231908491103,4.0,0.6278782706587784,-0.034101904318756926,350766.42399901507,2.2324684912706316,0.3543864622759052,1.7990273652151945,inf,0.1237843853126378,2.8629334902043095,1.0,0.5276413852752622,-0.03436302048552764,0.5620044057607898,407919.9934488901
dca_tactical_overlay,87,-0.04880205297584417,0.8,23,3,56,32,35.0,100_60_20,13,4.2,1.4,2.54632671020017,0.6272139351368327,1.949257034701867,5.0,0.27035296483576565,3.4557220700870737,4.0,0.6240455743044714,-0.03793460067306398,350140.854922725,2.1743413585030646,0.345209430879166,1.7704185850914826,inf,0.12614803739159297,2.7365422246527333,1.0,0.5132023527849456,-0.04880205297584417,0.5620044057607898,404904.8924257901
dca_tactical_overlay,88,-0.04401662076623847,0.8,19,3,55,30,5.0,100_60_20,14,4.6,1.5,2.653779115125625,0.6537123552775446,2.0113672902527675,5.0,0.25047965309237874,3.6812255314469584,4.0,0.6503935545117132,-0.011586620465822206,353961.2532765976,2.2070816168686886,0.3482536581400306,1.7765807515040366,inf,0.1237855141844102,2.813363586479252,1.0,0.5179877849945513,-0.04401662076623847,0.5620044057607898,406508.94992249005
dca_tactical_overlay,89,-0.04976838528950078,0.8,17,3,57,34,0.0,100_60_20,15,4.9,1.3,2.6086803546630053,0.6386565622501112,1.9811453235300573,5.0,0.25320245405438524,3.5910807808518133,4.0,0.635429488405024,-0.026550686572511417,351343.5767237775,2.1709821242466423,0.3445943720188811,1.7675737533439155,inf,0.1262361394453292,2.7297600634255716,1.0,0.512236020471289,-0.04976838528950078,0.5620044057607898,404734.0088716801
dca_tactical_overlay,90,-0.03934678162886507,0.8,21,3,55,33,5.0,100_60_20,11,4.4,1.8,2.5880393895718243,0.6353794639201213,1.967107281943132,5.0,0.2685616470542196,3.547196140172182,4.0,0.6321696592521078,-0.029810515725427644,350915.8428514475,2.219269736379801,0.3512217241721496,1.7866886958039663,inf,0.12378329638579921,2.837391913344156,1.0,0.5226576241319247,-0.03934678162886507,0.5620044057607898,407601.2038832601
dca_tactical_overlay,91,-0.040267916702411366,0.8,21,3,55,33,5.0,100_60_20,11,4.4,1.7000000000000002,2.586145901689521,0.6344624905511764,1.9654194104131013,5.0,0.2685616470542196,3.5437817532744136,4.0,0.6312580820530869,-0.030722092924448496,350740.28243302007,2.2170416310023984,0.3506364722062929,1.785821224199943,inf,0.12378303485750664,2.832669861503473,1.0,0.5217364890583784,-0.040267916702411366,0.5620044057607898,407435.57001331006
dca_tactical_overlay,92,-0.034943338085736464,0.8,23,3,55,34,10.0,100_60_20,11,4.4,1.7000000000000002,2.530135113418153,0.6258882089282578,1.9375434804514073,5.0,0.26927564321623176,3.4206278331025315,4.0,0.6227283382153141,-0.039251836762221215,349937.7139088401,2.23059709024489,0.35401810585365645,1.795767906921714,inf,0.12379092803680014,2.859806542111189,1.0,0.5270610676750533,-0.034943338085736464,0.5620044057607898,408204.20671188005
dca_tactical_overlay,93,-0.034942267099792756,0.8,23,3,55,32,10.0,100_60_20,11,4.4,1.6,2.5611310799658042,0.6337786457212766,1.9556295580193603,5.0,0.27041633385729236,3.485429296553166,4.0,0.6305721599513219,-0.03140801502621354,351258.76955311256,2.230606994381905,0.3540187856982868,1.795815203988565,inf,0.12379088802304994,2.8598129583848553,1.0,0.527062138660997,-0.034942267099792756,0.5620044057607898,408204.3463620201
dca_tactical_overlay,94,-0.04097283254117179,0.8,22,3,55,31,10.0,100_60_20,11,4.0,1.6,2.5893191319950546,0.6417934489563633,1.9820184792491349,5.0,0.25272277483989647,3.5400027176688424,4.0,0.6385460074662832,-0.023434167511252102,352053.76817177003,2.215109072869002,0.3501885292148066,1.7840021790900855,inf,0.12378873532177048,2.8289208085416124,1.0,0.521031573219618,-0.04097283254117179,0.5620044057607898,407396.60354229005
dca_tactical_overlay,95,-0.03614891125046338,0.8,23,3,57,33,5.0,100_60_20,13,3.7,1.5,2.5507028645450296,0.6305533941617983,1.9459269282007143,5.0,0.27004078669125353,3.465411344543564,4.0,0.6273662616289037,-0.03461391334863162,350665.48903204506,2.227710819537709,0.35325274149832153,1.7947460208822514,inf,0.12378943908764373,2.853658148076883,1.0,0.5258554945103264,-0.03614891125046338,0.5620044057607898,407665.4110304301
dca_tactical_overlay,96,-0.04070798156452704,0.8,23,3,57,32,10.0,100_60_20,13,3.7,1.3,2.53626883010919,0.6242573509154465,1.93993604956135,5.0,0.2701291744542057,3.436285631007646,4.0,0.6211071758659321,-0.0408729991116033,349643.6157929326,2.194286003911292,0.35035683726928135,1.7821737353111582,inf,0.12614568826501238,2.777398435793036,1.0,0.5212964241962628,-0.04070798156452704,0.5620044057607898,406556.2648114601
dca_tactical_overlay,97,-0.06072779656608018,0.8,22,3,58,29,50.0,100_50_0,12,3.6,1.2000000000000002,2.5960242505550544,0.6241908461625876,1.9728234200661285,5.0,0.2489963851226269,3.5733902035133953,4.0,0.6210450440501276,-0.0409351309274078,348909.45081447007,2.1527563518490886,0.33761100209472383,1.7575060871754509,inf,0.12531017859737603,2.694202545026086,1.0,0.5012766091947096,-0.06072779656608018,0.5620044057607898,402979.16315466
dca_tactical_overlay,98,-0.03436302048552764,0.8,23,3,59,34,5.0,100_60_20,13,5.0,1.5,2.556909581012727,0.6327705180540132,1.949777641746605,5.0,0.2699464184372411,3.477824530864871,4.0,0.6295703629173821,-0.032409812060153254,351060.11369862006,2.2324684912706316,0.3543864622759052,1.7990273652151945,inf,0.1237843853126378,2.8629334902043095,1.0,0.5276413852752622,-0.03436302048552764,0.5620044057607898,407919.9934488901
dca_tactical_overlay,99,-0.053319588554687325,0.8,23,3,59,34,10.0,100_25_0,14,5.0,1.1,2.584319372518552,0.6185397151070537,1.951774690874725,5.0,0.25958728184097923,3.556251715628552,4.0,0.61542557112265,-0.04655460385488541,348261.3862812626,2.1701631354685134,0.34233311406603706,1.7682715755183542,inf,0.12542112465062638,2.7294693379575543,1.0,0.5086848172061025,-0.053319588554687325,0.5620044057607898,403922.21884137
dca_tactical_overlay,100,-0.04251426768150934,0.8,26,4,56,31,15.0,100_60_20,11,4.800000000000001,1.5,2.5478779022318276,0.6326517401830489,1.9491962517408612,5.0,0.2632200930959583,3.4555521357761325,4.0,0.6294527962138927,-0.0325273787636427,350790.52698612004,2.1802195882460023,0.3492088094775361,1.7656688565969274,inf,0.12701054790454525,2.749447311572767,1.0,0.5194901380792805,-0.04251426768150934,0.5620044057607898,405629.1708265501
dca_tactical_overlay,101,-0.037111790260652366,0.8,24,3,59,33,5.0,100_60_20,13,4.9,1.5,2.5710048852301206,0.6378665742822844,1.9618492283278075,5.0,0.2706525215480807,3.504721495100137,4.0,0.6346360558219123,-0.02734411915562307,351951.8429501576,2.22501158351893,0.3526413293774613,1.791081433266623,inf,0.12378458602602038,2.8488307041987735,1.0,0.5248926155001374,-0.037111790260652366,0.5620044057607898,407544.8491375301
dca_tactical_overlay,102,-0.03864435726020199,0.8,23,3,59,33,5.0,100_60_20,13,4.9,1.4,2.543263501009967,0.627766097690774,1.9435191233684206,5.0,0.2698442454895047,3.4498020606722575,4.0,0.6245960619539968,-0.03738411302353861,350170.0363412151,2.199018358999207,0.35166794860994854,1.7883103942105976,inf,0.1262378582381849,2.7857566146791193,1.0,0.5233600485005878,-0.03864435726020199,0.5620044057607898,406829.7933444501
dca_tactical_overlay,103,-0.0413819153282724,0.8,24,3,60,33,5.0,100_60_20,12,4.9,1.4,2.5599789938907405,0.6329120369368408,1.9555098341982604,5.0,0.2706525215480807,3.483242546790989,4.0,0.6297111015499097,-0.032269073427625694,351026.22278599755,2.191706098883432,0.3499285480642438,1.7803758882215703,inf,0.12623659975821688,2.772005493925438,1.0,0.5206224904325174,-0.0413819153282724,0.5620044057607898,406456.6015844701
dca_tactical_overlay,104,-0.03892062596343626,0.8,26,3,59,33,10.0,100_60_20,14,5.0,1.4,2.5879687101159274,0.6419294258057573,1.977492859255576,5.0,0.25646074218265835,3.5382226755292447,4.0,0.6386784335249504,-0.023301741452585012,352201.48342500255,2.1980610070977633,0.3514924522112097,1.7859262377583596,inf,0.1262356957174008,2.7844141089702785,1.0,0.5230837797973535,-0.03892062596343626,0.5620044057607898,406831.7031215901
dca_tactical_overlay,105,-0.04063647561135553,0.8,26,3,59,32,5.0,100_60_20,14,5.0,1.3,2.558326955617782,0.6318949409811506,1.9573203196064657,5.0,0.25592884042654973,3.4791935971132406,4.0,0.6287049813303909,-0.03327519364714454,350502.967765955,2.1936969415604004,0.35040227659531187,1.7823260011905109,inf,0.12623342151753025,2.7758280840597425,1.0,0.5213679301494343,-0.04063647561135553,0.5620044057607898,406518.20025901013
dca_tactical_overlay,106,-0.05145560959717255,0.8,25,3,59,35,10.0,100_60_20,13,3.3000000000000003,1.2000000000000002,2.5466557615443595,0.6271671913805136,1.9465533548768263,5.0,0.2598433157644997,3.4575923632453263,4.0,0.6240039223635572,-0.037976252613978245,349790.54975862004,2.1208831167542073,0.34352020635227265,1.750936929438822,inf,0.13153074975666323,2.6117102425691163,1.0,0.5105487961636173,-0.05145560959717255,0.5620044057607898,404070.5471477601
dca_tactical_overlay,107,-0.039160091257686824,0.8,23,3,57,30,5.0,100_60_20,10,4.9,1.5,2.5685041686902754,0.6360836182056189,1.960931252805062,5.0,0.2703277762649423,3.5001485443868914,4.0,0.6328635687138924,-0.02911660626364293,351629.9313367851,2.191251664639006,0.35134032742238475,1.786529489026319,inf,0.12696139512380888,2.7673004623158746,1.0,0.522844314503103,-0.039160091257686824,0.5620044057607898,406627.3414107101
dca_tactical_overlay,108,-0.046414379758631163,0.8,24,3,57,30,10.0,100_60_20,10,5.0,1.5,2.578294278021272,0.6393660647870556,1.969700987339921,5.0,0.2698442454895047,3.5188780854331934,4.0,0.6361270028734854,-0.025853172104049915,352175.65590851754,2.172125978959973,0.3467286778388361,1.7668924686830279,inf,0.1269617527132989,2.7309695276640364,1.0,0.5155900260021586,-0.046414379758631163,0.5620044057607898,405339.3708940501
dca_tactical_overlay,109,-0.06305375559365256,0.8,39,3,58,32,5.0,100_60_20,16,4.800000000000001,1.1,2.5044853766613344,0.6060491321084664,1.9076675834971502,5.0,0.26834017425067613,3.382556106029737,4.0,0.60300987800927,-0.05897029696826539,346042.2489639151,2.0558724410528035,0.33612703359740337,1.7135199462721187,inf,0.13609423048546565,2.469811044879676,1.0,0.49895065016713724,-0.06305375559365256,0.5620044057607898,401081.1363788501
dca_tactical_overlay,110,-0.04337431020919791,0.8,23,3,60,31,15.0,100_60_20,14,4.7,1.4,2.5573539825254032,0.6320007565753999,1.9549295308366286,5.0,0.270381992343006,3.4775798295728664,4.0,0.6288048725343651,-0.033175302443170185,350944.251157535,2.187646982984375,0.34866205290737784,1.7782011460519782,inf,0.12615293265778427,2.7638045787900567,1.0,0.5186300955515919,-0.04337431020919791,0.5620044057607898,405924.6949155001
dca_tactical_overlay,111,-0.034985532021410304,0.8,23,3,57,33,5.0,100_60_20,12,4.9,1.6,2.551730938696652,0.6310681301026967,1.947721511788958,5.0,0.2703277762649423,3.4669231908491103,4.0,0.6278782706587784,-0.034101904318756926,350766.42399901507,2.2304738656912364,0.35399132171497016,1.7953177962938789,inf,0.12378655434360941,2.8596912127657528,1.0,0.5270188737393795,-0.034985532021410304,0.5620044057607898,408160.74421653006
dca_tactical_overlay,112,-0.035097045522859416,0.8,25,3,58,34,5.0,100_60_20,12,4.9,1.6,2.5906558180257786,0.6428728015659838,1.9742530114815127,5.0,0.26086121426571085,3.5454495254203984,4.0,0.6396151331994907,-0.02236504177804466,352458.07738448004,2.2299094765375727,0.3539205334429847,1.793096851980367,inf,0.12378408607053759,2.8591763665105163,1.0,0.5269073602379304,-0.035097045522859416,0.5620044057607898,408184.0531482801
dca_tactical_overlay,113,-0.034389250360991275,0.8,25,3,59,34,10.0,100_60_20,12,5.0,1.6,2.6011377182966404,0.6456251159576591,1.9841296446232508,5.0,0.2597057927052643,3.565890489146429,4.0,0.6423507025080253,-0.019629472469510023,352911.258811725,2.2315805714561137,0.35436981372823495,1.7936442317605743,inf,0.12378662281244823,2.8627472474561992,1.0,0.5276151553997985,-0.034389250360991275,0.5620044057607898,408319.53393613006
dca_tactical_overlay,114,-0.034389250360991275,0.8,25,3,59,33,10.0,100_60_20,12,5.0,1.6,2.5964051221367805,0.6443924880681946,1.9811044494535202,5.0,0.26130371733718527,3.5561160893702644,4.0,0.6411253885476143,-0.020854786429921057,352740.6946177101,2.2315805714561137,0.35436981372823495,1.7936442317605743,inf,0.12378662281244823,2.8627472474561992,1.0,0.5276151553997985,-0.034389250360991275,0.5620044057607898,408319.53393613006
dca_tactical_overlay,115,-0.0292188420419901,0.8,25,5,60,34,10.0,100_60_20,12,4.7,1.6,2.5685976075915766,0.6494110857267441,1.982052674569057,5.0,0.2606837900674527,3.482485269980171,4.0,0.6461139876655461,-0.0158661873119893,353552.3054500076,2.2030633920510305,0.35764999226033023,1.791076558547421,inf,0.12821365172553845,2.789484485052625,1.0,0.5327855637187997,-0.0292188420419901,0.5620044057607898,408786.75667043007
dca_tactical_overlay,116,-0.030793801324226155,0.8,26,5,58,34,15.0,100_60_20,12,4.6,1.6,2.5663427595115835,0.6487912689138029,1.9807576587089126,5.0,0.2606837900674527,3.4777976718271084,4.0,0.645498056893961,-0.016482118083574304,353463.63947914005,2.1992108736718126,0.356651149703034,1.7886608552992134,inf,0.12821557803403483,2.7816522389218648,1.0,0.5312106044365636,-0.030793801324226155,0.5620044057607898,408552.14789911004
dca_tactical_overlay,117,-0.030793801324226155,0.8,25,5,60,34,15.0,100_60_20,12,4.6,1.6,2.5663427595115835,0.6487912689138029,1.9807576587089126,5.0,0.2606837900674527,3.4777976718271084,4.0,0.645498056893961,-0.016482118083574304,353463.63947914005,2.1992108736718126,0.356651149703034,1.7886608552992134,inf,0.12821557803403483,2.7816522389218648,1.0,0.5312106044365636,-0.030793801324226155,0.5620044057607898,408552.14789911004
dca_tactical_overlay,118,-0.04747997420809913,0.7,25,5,60,35,20.0,100_50_0,12,4.6,1.6,2.6773492262188303,0.6536905155439638,2.021038157675377,5.0,0.2371369696720299,3.7365408315304665,4.0,0.6503708434429787,-0.011609331534556677,353747.87744953256,2.2101483420576304,0.3460507373365147,1.779154600443576,inf,0.12262464615144397,2.8220325048615016,1.0,0.5145244315526907,-0.04747997420809913,0.5620044057607898,405754.11966787005
dca_tactical_overlay,119,-0.030793801324226155,0.8,28,5,57,36,15.0,100_60_20,12,4.7,1.6,2.591773365872391,0.6537181484809569,1.99257068392203,5.0,0.25967053076309543,3.5332566596155726,4.0,0.6503948723941937,-0.011585302583341728,354210.7195512775,2.1992108736718126,0.356651149703034,1.7886608552992134,inf,0.12821557803403483,2.7816522389218648,1.0,0.5312106044365636,-0.030793801324226155,0.5620044057607898,408552.14789911004
dca_tactical_overlay,120,-0.030793801324226155,0.8,27,5,58,36,15.0,100_60_20,11,4.7,1.6,2.5721229436766317,0.6505544535253504,1.9848371752395044,5.0,0.25967053076309543,3.489398551196076,4.0,0.6472507370495928,-0.014729437927942624,353757.0259276275,2.1992108736718126,0.356651149703034,1.7886608552992134,inf,0.12821557803403483,2.7816522389218648,1.0,0.5312106044365636,-0.030793801324226155,0.5620044057607898,408552.14789911004
dca_tactical_overlay,121,-0.030793801324226155,0.8,27,5,58,36,15.0,100_60_20,11,4.7,1.6,2.5721229436766317,0.6505544535253504,1.9848371752395044,5.0,0.25967053076309543,3.489398551196076,4.0,0.6472507370495928,-0.014729437927942624,353757.0259276275,2.1992108736718126,0.356651149703034,1.7886608552992134,inf,0.12821557803403483,2.7816522389218648,1.0,0.5312106044365636,-0.030793801324226155,0.5620044057607898,408552.14789911004
dca_tactical_overlay,122,-0.030793801324226155,0.8,27,5,60,36,15.0,100_60_20,11,4.7,1.6,2.5721229436766317,0.6505544535253504,1.9848371752395044,5.0,0.25967053076309543,3.489398551196076,4.0,0.6472507370495928,-0.014729437927942624,353757.0259276275,2.1992108736718126,0.356651149703034,1.7886608552992134,inf,0.12821557803403483,2.7816522389218648,1.0,0.5312106044365636,-0.030793801324226155,0.5620044057607898,408552.14789911004
dca_tactical_overlay,123,-0.030793801324226155,0.8,30,5,60,36,15.0,100_60_20,11,4.6,1.7000000000000002,2.547936098197143,0.6458803112776967,1.9747262435193265,5.0,0.268200340413422,3.436221669417693,4.0,0.6426044914438072,-0.019375683533728205,353033.875217745,2.1992108736718126,0.356651149703034,1.7886608552992134,inf,0.12821557803403483,2.7816522389218648,1.0,0.5312106044365636,-0.030793801324226155,0.5620044057607898,408552.14789911004
dca_tactical_overlay,124,-0.028843867051574046,0.8,29,5,60,36,20.0,100_60_20,10,4.6,1.6,2.5774284026029677,0.6521618148659164,1.9891313330268543,5.0,0.2593886666047418,3.4998488244318677,4.0,0.6488482740076253,-0.013131900969910015,354009.33189626754,2.2042989015991723,0.3578877592229428,1.793943711079016,inf,0.1282161089213314,2.7912854494947226,1.0,0.5331605387092158,-0.028843867051574046,0.5620044057607898,408830.32550553005
dca_tactical_overlay,125,-0.03374395734386293,0.8,31,5,60,36,20.0,100_60_20,10,4.6,1.3,2.5808953263558436,0.6494900566397845,1.9907227405890844,5.0,0.2592053535685712,3.5099190922011587,4.0,0.6461928455681352,-0.015787329409400253,353429.17311374005,2.1743734914188226,0.35477936859894976,1.7849979261820754,inf,0.13030875315515256,2.7226058112652685,1.0,0.5282604484169269,-0.03374395734386293,0.5620044057607898,407331.07417400007
dca_tactical_overlay,126,-0.04836321184834502,0.8,31,5,60,36,20.0,100_25_0,10,4.6,1.3,2.678660065297767,0.6552675995624659,2.028770924596636,5.0,0.24619676662714696,3.735737791499972,4.0,0.6519380759354296,-0.010042099042105734,354046.96534433257,2.1707912006837504,0.3454887111174634,1.7744920599555332,inf,0.1267434564185298,2.7258899266294048,1.0,0.5136411939124448,-0.04836321184834502,0.5620044057607898,404608.60971102
dca_tactical_overlay,127,-0.04520278433615332,0.8,30,5,60,37,15.0,100_60_20,11,4.7,1.2000000000000002,2.541551817760113,0.6396020014706757,1.9667379357549712,5.0,0.25967053076309543,3.4279557313458464,4.0,0.6363645206214716,-0.025615654356063666,351879.69458174007,2.1027642360866396,0.34749934094575363,1.7500885726227187,inf,0.13557360689267806,2.56317840109424,1.0,0.5168016214246365,-0.04520278433615332,0.5620044057607898,404485.2393011
dca_tactical_overlay,128,-0.0671323125884482,0.8,28,5,60,36,25.0,100_60_20,10,1.0,0.9,2.5222527505065333,0.5961910543463929,1.8916296820452172,5.0,0.26871016186411034,3.4403695056652746,4.0,0.5932030256211602,-0.06877714935637513,343777.5901716501,2.113322972089257,0.33352332218816017,1.7162964982178084,inf,0.12755615156225397,2.6147176604444953,1.0,0.4948720931723416,-0.0671323125884482,0.5620044057607898,401136.2160580901
dca_tactical_overlay,129,-0.028843867051574046,0.8,29,5,58,36,20.0,100_60_20,10,4.7,1.7000000000000002,2.565211462078592,0.647902045259502,1.9795683498448753,5.0,0.268200340413422,3.476081248083466,4.0,0.6446131881432738,-0.017366986834261522,353311.31024802505,2.2042989015991723,0.3578877592229428,1.793943711079016,inf,0.1282161089213314,2.7912854494947226,1.0,0.5331605387092158,-0.028843867051574046,0.5620044057607898,408830.32550553005
dca_tactical_overlay,130,-0.03206003718112971,0.8,29,5,58,36,20.0,100_60_20,9,4.7,1.4,2.5993833029856654,0.6562280549909771,2.000451700143832,5.0,0.2593886666047418,3.547447506622698,4.0,0.6528895181457002,-0.009090656831835131,354637.76408874756,2.1785750930305796,0.3558478885334997,1.7882542806471744,inf,0.13030265879555336,2.7309334423622915,1.0,0.5299443685796601,-0.03206003718112971,0.5620044057607898,407633.5140853301
dca_tactical_overlay,131,-0.03206003718112971,0.8,29,5,58,36,20.0,100_60_20,9,4.7,1.4,2.5993833029856654,0.6562280549909771,2.000451700143832,5.0,0.2593886666047418,3.547447506622698,4.0,0.6528895181457002,-0.009090656831835131,354637.76408874756,2.1785750930305796,0.3558478885334997,1.7882542806471744,inf,0.13030265879555336,2.7309334423622915,1.0,0.5299443685796601,-0.03206003718112971,0.5620044057607898,407633.5140853301
dca_tactical_overlay,132,-0.03206003718112971,0.8,29,5,58,36,20.0,100_60_20,9,4.6,1.4,2.5993833029856654,0.6562280549909771,2.000451700143832,5.0,0.2593886666047418,3.547447506622698,4.0,0.6528895181457002,-0.009090656831835131,354637.76408874756,2.1785750930305796,0.3558478885334997,1.7882542806471744,inf,0.13030265879555336,2.7309334423622915,1.0,0.5299443685796601,-0.03206003718112971,0.5620044057607898,407633.5140853301
dca_tactical_overlay,133,-0.03319472685009939,0.8,29,5,58,37,20.0,100_60_20,9,4.6,1.3,2.567244882316158,0.6452893728727769,1.9768111000828759,5.0,0.2593886666047418,3.484154032719964,4.0,0.6420174713893916,-0.019962703588143837,352761.87087093,2.1758271668507985,0.3551279157620699,1.7865206386035175,inf,0.13030508056262124,2.7253574014821673,1.0,0.5288096789106904,-0.03319472685009939,0.5620044057607898,407414.99072691007
dca_tactical_overlay,134,-0.03153748274251145,0.8,29,5,58,37,20.0,100_60_20,9,4.7,1.4,2.597184571976448,0.6557998222885109,1.998914690616241,5.0,0.2593886666047418,3.5428475134790514,4.0,0.6524641603244248,-0.009516014653110583,354582.26247137255,2.1798532698256947,0.35617940391275216,1.7896672771860735,inf,0.13031100253698846,2.7333026143487116,1.0,0.5304669230182784,-0.03153748274251145,0.5620044057607898,407710.0920567901
dca_tactical_overlay,135,-0.07739063783075317,0.8,29,5,58,35,25.0,100_60_20,9,4.7,0.5,2.512342905315435,0.6087569824935197,1.9090015661011994,5.0,0.260902422040558,3.399673978744126,4.0,0.6056969990165413,-0.056283175960994025,346521.8502700876,2.055390661773692,0.3269655655061652,1.6932771095095611,inf,0.13160943717412632,2.4843626150727496,1.0,0.48461376793003663,-0.07739063783075317,0.5620044057607898,399013.54518933024
dca_tactical_overlay,136,-0.04236839064203224,0.7,28,5,57,37,20.0,100_60_20,9,4.5,1.4,2.676109526016498,0.6626696049545182,2.033628095621077,5.0,0.2442490797043838,3.7219998944989974,4.0,0.6592945038058766,-0.0026856711716587434,355342.1417939851,2.1797804719406932,0.34930153946016085,1.7851306245813887,inf,0.12743726768739272,2.7409685235641397,1.0,0.5196360151187576,-0.04236839064203224,0.5620044057607898,405663.35184494004
dca_tactical_overlay,137,-0.04898914005571853,0.8,30,5,26,36,20.0,100_60_20,10,4.5,1.7000000000000002,2.547437478798238,0.6303387502230149,1.9478006083982016,5.0,0.2675453833512461,3.456705815985013,4.0,0.6271532859765339,-0.03482688900100156,350416.80404791003,2.153123637905062,0.34509036092221224,1.7497556978541697,inf,0.12822189617950897,2.691352812620165,1.0,0.5130152657050713,-0.04898914005571853,0.5620044057607898,404735.0611287401
dca_tactical_overlay,138,-0.033362180544243,0.8,27,5,58,35,15.0,100_60_20,11,4.7,3.7,2.558926330522663,0.6494656422984655,1.980890642639423,5.0,0.2637102885544418,3.4587018865480657,4.0,0.6461686854558445,-0.01581148952169087,353725.67224705254,2.159245025364604,0.3550216517434659,1.7717043283396543,inf,0.1320002359808602,2.689553159548468,1.0,0.5286422252165468,-0.033362180544243,0.5620044057607898,407593.99704523006
dca_tactical_overlay,139,-0.03584142388775913,0.8,28,5,58,36,25.0,100_60_20,9,4.7,1.7000000000000002,2.53173294830252,0.6401757154486076,1.9619491164639262,5.0,0.2682111140562643,3.4047750120488485,4.0,0.6369345042142371,-0.025045670763298278,352065.64673946006,2.18653943724693,0.3534479677553777,1.7786613678181395,inf,0.1282194154851769,2.756586952279773,1.0,0.5261629818730307,-0.03584142388775913,0.5620044057607898,407452.6483241701
dca_tactical_overlay,140,-0.03184288012369163,0.8,32,5,60,38,15.0,100_60_20,10,4.6,1.4,2.5925442800802045,0.65325523780706,1.9981359516972061,5.0,0.25711709094153656,3.5334432454100693,4.0,0.6499355909793743,-0.012044583998161107,354000.17460537003,2.1791422124397015,0.3559856597202944,1.7889231330315882,inf,0.13030330329126183,2.731977246383184,1.0,0.5301615256370982,-0.03184288012369163,0.5620044057607898,407681.9000796901
dca_tactical_overlay,141,-0.03184288012369163,0.8,32,5,60,38,15.0,100_60_20,10,4.6,1.4,2.5925442800802045,0.65325523780706,1.9981359516972061,5.0,0.25711709094153656,3.5334432454100693,4.0,0.6499355909793743,-0.012044583998161107,354000.17460537003,2.1791422124397015,0.3559856597202944,1.7889231330315882,inf,0.13030330329126183,2.731977246383184,1.0,0.5301615256370982,-0.03184288012369163,0.5620044057607898,407681.9000796901
dca_tactical_overlay,142,-0.04483056553219855,0.8,33,5,60,38,15.0,100_60_20,10,4.6,1.2000000000000002,2.575281680457918,0.6429739318150649,1.9779236753440153,5.0,0.25711709094153656,3.5055618073573322,4.0,0.6397163734812354,-0.022263801496299862,352300.37299583,2.103689719595623,0.34773606414778535,1.751382937267948,inf,0.13558043529741193,2.564795306822733,1.0,0.5171738402285913,-0.04483056553219855,0.5620044057607898,404543.40652525006
dca_tactical_overlay,143,-0.04274310910028811,0.8,32,5,60,37,15.0,100_60_20,26,4.800000000000001,1.5,2.5788880957778284,0.6491416015012363,1.9865671030578977,5.0,0.259485026856875,3.506720380705838,4.0,0.6458457523431478,-0.01613442263438758,353478.04487146507,2.1179349448936855,0.3490633362472464,1.7554737509677785,inf,0.13437457722501822,2.597688814772746,1.0,0.5192612966605017,-0.04274310910028811,0.5620044057607898,405397.40744771005
dca_tactical_overlay,144,-0.028627812611449643,0.8,32,5,59,38,15.0,100_60_20,10,4.5,1.6,2.6152738321852627,0.6572533412880652,2.002657788002458,5.0,0.25711709094153656,3.585578866137622,4.0,0.6539096676998555,-0.008070507277679828,354700.927902785,2.204838573737713,0.3580247491457733,1.7946300516819393,inf,0.12822066108890173,2.792254743543531,1.0,0.5333765931493402,-0.028627812611449643,0.5620044057607898,408877.1082968701
dca_tactical_overlay,145,-0.028627812611449643,0.8,34,5,59,38,15.0,100_60_20,11,4.5,1.6,2.61680406778453,0.6579608763971656,2.0041087112027824,5.0,0.25711709094153656,3.588330667297589,4.0,0.6546133640339722,-0.007366810943563229,354835.34449580754,2.204838573737713,0.3580247491457733,1.7946300516819393,inf,0.12822066108890173,2.792254743543531,1.0,0.5333765931493402,-0.028627812611449643,0.5620044057607898,408877.1082968701
dca_tactical_overlay,146,-0.02935612294613943,0.8,34,5,59,38,15.0,100_60_20,11,4.5,3.4000000000000004,2.597039663827612,0.6553337142007305,1.9968167597888078,5.0,0.2664542990519785,3.5436205788354367,4.0,0.6520019298272356,-0.00997824515029977,354574.04785845254,2.1695478223282567,0.3575629400197804,1.7825061254192962,inf,0.13199136719613347,2.7089873195150505,1.0,0.5326482828146504,-0.02935612294613943,0.5620044057607898,408269.19409185
dca_tactical_overlay,147,-0.027717023281591313,0.8,34,5,59,38,15.0,100_60_20,11,4.5,1.8,2.5834399542827335,0.6498404209065811,1.9855003121006525,5.0,0.26820933980182415,3.517976774089573,4.0,0.646541311482435,-0.01543886349510043,353530.77738282504,2.20697225711404,0.358602177402255,1.7954628880848709,inf,0.12822056533722204,2.796760226872544,1.0,0.5342873824791985,-0.027717023281591313,0.5620044057607898,409039.7474380301
dca_tactical_overlay,148,-0.03727205743881368,0.8,34,5,59,37,15.0,100_50_0,11,4.5,3.3000000000000003,2.6305452147729085,0.6580625860631752,2.0113701910105197,5.0,0.2633204262460911,3.619884290976173,4.0,0.6547147001597972,-0.0072654748177382045,354891.041333115,2.1590409503682237,0.3525395517452301,1.7709041442763813,inf,0.13097956106395414,2.691561560304005,1.0,0.5247323483219761,-0.03727205743881368,0.5620044057607898,406861.67556044
dca_tactical_overlay,149,-0.030924778106534045,0.8,33,5,57,15,15.0,100_60_20,11,4.5,1.8,2.6057765898899166,0.6472473968420654,1.9908774335276838,5.0,0.26565666815081046,3.573743934314625,4.0,0.6439593926425448,-0.018020782334990604,352747.23695740505,2.2110445713540647,0.3565680708044463,1.7980387179646475,inf,0.12699224449312396,2.807794068272829,1.0,0.5310796276542558,-0.030924778106534045,0.5620044057607898,408154.0793784301
dca_tactical_overlay,150,-0.04628643105454322,0.8,35,5,56,35,15.0,100_25_0,11,4.4,1.9000000000000001,2.676940909886686,0.654374794350522,2.0215869691376906,5.0,0.26220723440130256,3.7348021631452766,4.0,0.6510505788557097,-0.010929596121825702,354054.07346298755,2.19669177055824,0.346810070815355,1.7753191307126936,inf,0.12434250796643065,2.7891513247342976,1.0,0.5157179747062466,-0.04628643105454322,0.5620044057607898,405762.00922062004
dca_tactical_overlay,151,-0.04275163157462525,0.8,35,5,57,17,15.0,100_60_20,11,4.5,1.8,2.5729283631954782,0.641094463282148,1.9745559012860792,5.0,0.26566155704188554,3.5023495514526988,4.0,0.6378428226281105,-0.02413735234942488,351858.39413315756,2.139539439164937,0.3490579184369931,1.7594620887464048,inf,0.1317095684743591,2.6502092633075995,1.0,0.5192527741861646,-0.04275163157462525,0.5620044057607898,405288.46772048005
dca_tactical_overlay,152,-0.034426438692205075,0.8,34,5,59,37,15.0,100_60_20,11,4.2,1.7000000000000002,2.579388410019957,0.6485061685836786,1.9815281716050195,5.0,0.26820933980182415,3.5103363457682892,4.0,0.6452142975290598,-0.01676587744847552,353336.96615755255,2.189952982405374,0.354346209523295,1.7805997164687648,inf,0.12821947998117544,2.763591067249051,1.0,0.5275779670685847,-0.034426438692205075,0.5620044057607898,408049.54149589007
dca_tactical_overlay,153,-0.03217165088729623,0.8,33,5,57,14,15.0,100_60_20,12,4.5,1.8,2.603157174900864,0.6465539407137366,1.9917092365392968,5.0,0.26566908336949424,3.5674023786910403,4.0,0.6432706729855922,-0.018709501991943156,352622.6920423575,2.2073875746699754,0.3557770751677538,1.7922967342858516,inf,0.12699466236020962,2.8015120364556916,1.0,0.5298327548734936,-0.03217165088729623,0.5620044057607898,407803.30776478007
dca_tactical_overlay,154,-0.03777990657671837,0.8,27,5,59,20,15.0,100_60_20,11,4.4,4.0,2.5435502097156197,0.6395884416574504,1.9670231463453227,5.0,0.26452653536235227,3.432855810194988,4.0,0.6363474285208947,-0.02563274645664071,351844.10158896755,2.1563732918571477,0.35221702219861184,1.767331624022901,inf,0.13110528792778275,2.686520336179155,1.0,0.5242244991840714,-0.03777990657671837,0.5620044057607898,406834.79024232004
dca_tactical_overlay,155,-0.04226494618622256,0.8,34,5,56,24,15.0,100_60_20,22,1.9,1.7000000000000002,2.612102132721397,0.650770053411984,1.9953551987047737,5.0,0.2565882128089346,3.5852413692682745,4.0,0.6474631202372798,-0.014517054740255553,353681.2314231701,2.170726376670755,0.3493672946953541,1.7678206051270198,inf,0.12821920114693397,2.7247658039531335,1.0,0.5197394595745672,-0.04226494618622256,0.5620044057607898,406896.3426275301
dca_tactical_overlay,156,-0.028627812611449643,0.8,36,5,59,38,15.0,100_60_20,12,4.300000000000001,1.6,2.5986367478162045,0.6514883910835527,1.9928103519027616,5.0,0.2578247131808096,3.551993939293671,4.0,0.6481795859436513,-0.013800589033884036,353827.99242877006,2.204838573737713,0.3580247491457733,1.7946300516819393,inf,0.12822066108890173,2.792254743543531,1.0,0.5333765931493402,-0.028627812611449643,0.5620044057607898,408877.1082968701
dca_tactical_overlay,157,-0.027717023281591313,0.8,37,5,59,38,15.0,100_60_20,12,4.300000000000001,1.9000000000000001,2.5653888419913518,0.6432858686962852,1.9795254812246097,5.0,0.2682071376561568,3.479995417122436,4.0,0.6400269671718231,-0.02195320780571225,352590.6851379626,2.20697225711404,0.358602177402255,1.7954628880848709,inf,0.12822056533722204,2.796760226872544,1.0,0.5342873824791985,-0.027717023281591313,0.5620044057607898,409039.7474380301
dca_tactical_overlay,158,-0.042943509809645564,0.8,37,5,30,38,15.0,100_60_20,12,4.300000000000001,1.6,2.5668634596335096,0.6391242634326192,1.9619395464128275,5.0,0.2590821991082626,3.493392253919497,4.0,0.6358879091501635,-0.02609226582737184,351802.00414783007,2.1682150573472025,0.3489359375066827,1.7609371264935192,inf,0.12821672564948416,2.721454129632007,1.0,0.5190608959511442,-0.042943509809645564,0.5620044057607898,405968.8128758001
dca_tactical_overlay,159,-0.04869439687873589,0.7,38,5,59,39,15.0,100_60_20,12,4.2,1.7000000000000002,2.667425564496881,0.653073683471235,2.0257085169407407,5.0,0.24076250150531886,3.710441949281578,4.0,0.6497578804664499,-0.01222229451108553,353688.3220576325,2.1902269344540866,0.3452779457771118,1.7653833733944118,inf,0.12428639505643946,2.7780831974434395,1.0,0.5133100088820539,-0.04869439687873589,0.5620044057607898,405793.96396559005
dca_tactical_overlay,160,-0.036499032067531134,0.8,36,5,60,39,15.0,100_60_20,12,4.1,3.4000000000000004,2.584917621107321,0.6512079365626211,1.9891471765361939,5.0,0.26645133865479786,3.519279839428753,4.0,0.6479003904061987,-0.014079784571336629,353990.7506139875,2.1514834208782854,0.35303043330119155,1.764672600209166,inf,0.13199541557798844,2.6745658684835636,1.0,0.5255053736932587,-0.036499032067531134,0.5620044057607898,407190.0102467901
dca_tactical_overlay,161,-0.027717023281591313,0.8,36,5,59,38,15.0,100_60_20,11,4.5,1.9000000000000001,2.570826395756758,0.6457367282775428,1.9799817179313255,5.0,0.2682071376561568,3.4915839597323606,4.0,0.6424622601635981,-0.01951791481393733,352983.0222081875,2.20697225711404,0.358602177402255,1.7954628880848709,inf,0.12822056533722204,2.796760226872544,1.0,0.5342873824791985,-0.027717023281591313,0.5620044057607898,409039.7474380301
dca_tactical_overlay,162,-0.027717023281591313,0.8,36,5,59,38,15.0,100_60_20,11,4.4,1.9000000000000001,2.570826395756758,0.6457367282775428,1.9799817179313255,5.0,0.2682071376561568,3.4915839597323606,4.0,0.6424622601635981,-0.01951791481393733,352983.0222081875,2.20697225711404,0.358602177402255,1.7954628880848709,inf,0.12822056533722204,2.796760226872544,1.0,0.5342873824791985,-0.027717023281591313,0.5620044057607898,409039.7474380301
dca_tactical_overlay,163,-0.027717023281591313,0.8,36,5,59,38,15.0,100_60_20,11,4.4,1.9000000000000001,2.570826395756758,0.6457367282775428,1.9799817179313255,5.0,0.2682071376561568,3.4915839597323606,4.0,0.6424622601635981,-0.01951791481393733,352983.0222081875,2.20697225711404,0.358602177402255,1.7954628880848709,inf,0.12822056533722204,2.796760226872544,1.0,0.5342873824791985,-0.027717023281591313,0.5620044057607898,409039.7474380301
dca_tactical_overlay,164,-0.027717023281591313,0.8,36,5,59,38,15.0,100_60_20,10,4.300000000000001,1.9000000000000001,2.567468867111509,0.6441134045115975,1.9769784208697234,5.0,0.2682071376561568,3.4855314594889606,4.0,0.640848567809004,-0.021131607168531352,352652.5547911875,2.20697225711404,0.358602177402255,1.7954628880848709,inf,0.12822056533722204,2.796760226872544,1.0,0.5342873824791985,-0.027717023281591313,0.5620044057607898,409039.7474380301
dca_tactical_overlay,165,-0.027717023281591313,0.8,36,5,59,38,15.0,100_60_20,10,4.300000000000001,1.9000000000000001,2.567468867111509,0.6441134045115975,1.9769784208697234,5.0,0.2682071376561568,3.4855314594889606,4.0,0.640848567809004,-0.021131607168531352,352652.5547911875,2.20697225711404,0.358602177402255,1.7954628880848709,inf,0.12822056533722204,2.796760226872544,1.0,0.5342873824791985,-0.027717023281591313,0.5620044057607898,409039.7474380301
dca_tactical_overlay,166,-0.03406232577349799,0.8,37,5,34,40,15.0,100_60_20,10,4.300000000000001,1.9000000000000001,2.5456354229089895,0.6353978786104619,1.9515186877448323,5.0,0.2672484457351092,3.4470194122350124,4.0,0.6321829662892111,-0.02979720868832425,351251.9173684551,2.190666861383918,0.35457731251791547,1.7798901198221986,inf,0.12821754123355023,2.765435283710888,1.0,0.5279420799872918,-0.03406232577349799,0.5620044057607898,407883.03612284013
dca_tactical_overlay,167,-0.04677173259220546,0.8,36,5,59,38,20.0,100_60_20,10,1.2,1.9000000000000001,2.6178791728580326,0.6378377362143198,1.968485824018215,5.0,0.2668367081718559,3.6194411965276245,4.0,0.6346029089913996,-0.027377265986135768,351622.4685915575,2.1595483020114523,0.3465013419385241,1.7598671895611102,inf,0.12822162117914981,2.702362821122003,1.0,0.5152326731685843,-0.04677173259220546,0.5620044057607898,405844.9225201101
dca_tactical_overlay,168,-0.03216124569052514,0.8,35,5,59,38,15.0,100_60_20,12,4.1,2.0,2.572001576273215,0.6462050525822692,1.9800249183416714,5.0,0.2682071376561568,3.4941552650580094,4.0,0.6429273948006073,-0.019052780176927964,353096.537477785,2.1956688966268443,0.35578367681152945,1.7852794360830662,inf,0.128217683929589,2.7748409260528275,1.0,0.5298431600702647,-0.03216124569052514,0.5620044057607898,408505.58636094007
dca_tactical_overlay,169,-0.03279513797603739,0.8,38,5,59,40,15.0,100_60_20,19,4.4,1.9000000000000001,2.6073063990972254,0.6546472066214075,2.0032604256023605,5.0,0.25470918380231644,3.5673849425346797,4.0,0.6513193441647134,-0.010660830812821931,354464.31616053253,2.193880445589411,0.35538147650210017,1.7829112894035921,inf,0.12822169217145385,2.7716174266901397,1.0,0.5292092677847524,-0.03279513797603739,0.5620044057607898,408428.47971205006
dca_tactical_overlay,170,-0.027035528844673307,0.8,36,5,57,39,20.0,100_60_20,10,4.2,2.1,2.5740774299685376,0.6478343836243264,1.983260481390383,5.0,0.2682071376561568,3.496912000263329,4.0,0.6445469842753697,-0.017433190702165646,353441.80673759006,2.2114460867773293,0.3590341720721315,1.797607280069241,inf,0.12791792079374698,2.806754283092461,1.0,0.5349688769161165,-0.027035528844673307,0.5620044057607898,409232.22076034005
dca_tactical_overlay,171,-0.027035528844673307,0.8,36,5,59,39,20.0,100_60_20,10,4.2,2.1,2.5740774299685376,0.6478343836243264,1.983260481390383,5.0,0.2682071376561568,3.496912000263329,4.0,0.6445469842753697,-0.017433190702165646,353441.80673759006,2.2114460867773293,0.3590341720721315,1.797607280069241,inf,0.12791792079374698,2.806754283092461,1.0,0.5349688769161165,-0.027035528844673307,0.5620044057607898,409232.22076034005
dca_tactical_overlay,172,-0.027035528844673307,0.8,36,5,59,39,20.0,100_60_20,10,4.300000000000001,2.2,2.5908639766213346,0.6517261249588047,1.9917774609294268,5.0,0.25961156536914165,3.5327715152841495,4.0,0.6484154387425327,-0.01356473623500265,354041.70705611503,2.2114460867773293,0.3590341720721315,1.797607280069241,inf,0.12791792079374698,2.806754283092461,1.0,0.5349688769161165,-0.027035528844673307,0.5620044057607898,409232.22076034005
dca_tactical_overlay,173,-0.027035528844673307,0.8,36,5,59,39,20.0,100_60_20,10,4.2,2.2,2.5908639766213346,0.6517261249588047,1.9917774609294268,5.0,0.25961156536914165,3.5327715152841495,4.0,0.6484154387425327,-0.01356473623500265,354041.70705611503,2.2114460867773293,0.3590341720721315,1.797607280069241,inf,0.12791792079374698,2.806754283092461,1.0,0.5349688769161165,-0.027035528844673307,0.5620044057607898,409232.22076034005
dca_tactical_overlay,174,-0.027035528844673307,0.8,37,5,59,39,20.0,100_60_20,10,4.2,2.2,2.582549593820029,0.64791714066493,1.988858366315754,5.0,0.25938964351709237,3.515931045282461,4.0,0.6446301012444908,-0.01735007373304459,353381.35114769003,2.2114460867773293,0.3590341720721315,1.797607280069241,inf,0.12791792079374698,2.806754283092461,1.0,0.5349688769161165,-0.027035528844673307,0.5620044057607898,409232.22076034005
dca_tactical_overlay,175,-0.027035528844673307,0.8,36,5,59,39,20.0,100_60_20,10,4.2,2.2,2.5908639766213346,0.6517261249588047,1.9917774609294268,5.0,0.25961156536914165,3.5327715152841495,4.0,0.6484154387425327,-0.01356473623500265,354041.70705611503,2.2114460867773293,0.3590341720721315,1.797607280069241,inf,0.12791792079374698,2.806754283092461,1.0,0.5349688769161165,-0.027035528844673307,0.5620044057607898,409232.22076034005
dca_tactical_overlay,176,-0.02712737943439647,0.8,36,5,59,39,25.0,100_60_20,10,4.2,2.3,2.5975037279030513,0.6536684072847194,1.9974610150256447,5.0,0.25961156536914165,3.545785861907552,4.0,0.6503456692699324,-0.011634505707602938,354341.1783773326,2.211167297916333,0.35897595178799424,1.7973452680430333,inf,0.1279220920420654,2.8062076382392966,1.0,0.5348770263263933,-0.02712737943439647,0.5620044057607898,409217.47929578007
dca_tactical_overlay,177,-0.031080163821436857,0.8,36,5,59,39,30.0,100_60_20,10,4.2,2.3,2.605698255190969,0.6560056593821396,2.004599730305936,5.0,0.25938593948459776,3.5618455795925064,4.0,0.6526694942940174,-0.00931068068351798,354689.1212747851,2.2011738572638646,0.3564695066406869,1.7890514742148576,inf,0.12792385861105315,2.7865756279641056,1.0,0.530924241939353,-0.031080163821436857,0.5620044057607898,408345.66316865006
dca_tactical_overlay,178,-0.03247252079152174,0.8,38,5,57,39,25.0,100_60_20,10,4.0,2.2,2.5880098223597874,0.6493174185978423,1.993590994881966,5.0,0.25939042042569116,3.52675894375528,4.0,0.6460212940356566,-0.015958880941878806,353579.14874673507,2.1974766946318,0.35558618081130033,1.784800606048257,inf,0.12792174113075128,2.779716549103634,1.0,0.5295318849692681,-0.03247252079152174,0.5620044057607898,408467.16836468
dca_tactical_overlay,179,-0.03740576904282311,0.8,37,5,59,40,20.0,100_50_0,10,4.1,2.1,2.6014622449734928,0.6467837786134121,1.9991951986854009,5.0,0.2655279220528419,3.560184332134566,4.0,0.6435049409192768,-0.01847523405825857,353039.9132132726,2.1945036815668186,0.35245463589828674,1.778940200184334,inf,0.12690637613692035,2.7772807531594825,1.0,0.5245986367179667,-0.03740576904282311,0.5620044057607898,407447.23289969005
dca_tactical_overlay,180,-0.02712737943439647,0.8,36,5,57,39,25.0,100_60_20,9,4.2,2.4000000000000004,2.5975037279030513,0.6536684072847194,1.9974610150256447,5.0,0.25961156536914165,3.545785861907552,4.0,0.6503456692699324,-0.011634505707602938,354341.1783773326,2.211167297916333,0.35897595178799424,1.7973452680430333,inf,0.1279220920420654,2.8062076382392966,1.0,0.5348770263263933,-0.02712737943439647,0.5620044057607898,409217.47929578007
dca_tactical_overlay,181,-0.04711887675525639,0.8,36,5,24,39,20.0,100_60_20,9,4.2,2.4000000000000004,2.5677314226529657,0.6382098866883184,1.9630422362956952,5.0,0.261935364143277,3.495833163111864,4.0,0.6349786212395555,-0.027001553737979855,351843.8086486925,2.1602000176293368,0.3462804858668842,1.7524070186441791,inf,0.1279210059564042,2.706986888337146,1.0,0.5148855290055334,-0.04711887675525639,0.5620044057607898,405170.1678231701
dca_tactical_overlay,182,-0.03247252079152174,0.8,35,5,57,39,25.0,100_60_20,10,3.9000000000000004,2.2,2.6122959933734298,0.659062090262082,2.0051871211644605,5.0,0.2601494934195405,3.5758321990596644,4.0,0.6557064502023218,-0.0062737247752135405,355149.1505211876,2.1974766946318,0.35558618081130033,1.784800606048257,inf,0.12792174113075128,2.779716549103634,1.0,0.5295318849692681,-0.03247252079152174,0.5620044057607898,408467.16836468
dca_tactical_overlay,183,-0.02712737943439647,0.8,37,5,59,40,25.0,100_60_20,10,4.300000000000001,2.1,2.5738588949239087,0.645905193118644,1.9864997974975585,5.0,0.2682071376561568,3.4965946068137783,4.0,0.642630614477886,-0.01934956049964931,353020.7817117425,2.211167297916333,0.35897595178799424,1.7973452680430333,inf,0.1279220920420654,2.8062076382392966,1.0,0.5348770263263933,-0.02712737943439647,0.5620044057607898,409217.47929578007
dca_tactical_overlay,184,-0.02712737943439647,0.8,37,5,58,40,25.0,100_60_20,10,4.300000000000001,2.1,2.5738588949239087,0.645905193118644,1.9864997974975585,5.0,0.2682071376561568,3.4965946068137783,4.0,0.642630614477886,-0.01934956049964931,353020.7817117425,2.211167297916333,0.35897595178799424,1.7973452680430333,inf,0.1279220920420654,2.8062076382392966,1.0,0.5348770263263933,-0.02712737943439647,0.5620044057607898,409217.47929578007
dca_tactical_overlay,185,-0.02712737943439647,0.8,37,5,56,40,25.0,100_60_20,9,4.2,2.3,2.601186934364432,0.6547346540714001,1.9998197514717846,5.0,0.25938964351709237,3.553311049943651,4.0,0.6514063834967716,-0.010573791480763761,354503.6490447426,2.211167297916333,0.35897595178799424,1.7973452680430333,inf,0.1279220920420654,2.8062076382392966,1.0,0.5348770263263933,-0.02712737943439647,0.5620044057607898,409217.47929578007
dca_tactical_overlay,186,-0.02712737943439647,0.8,37,5,56,40,25.0,100_60_20,8,4.2,2.5,2.5907953163454955,0.6525636095236498,1.9944933774082645,5.0,0.2651746762846896,3.5309544263214026,4.0,0.6492483479871847,-0.012731826990350636,354185.4538436751,2.211167297916333,0.35897595178799424,1.7973452680430333,inf,0.1279220920420654,2.8062076382392966,1.0,0.5348770263263933,-0.02712737943439647,0.5620044057607898,409217.47929578007
dca_tactical_overlay,187,-0.041405983854508666,0.8,39,5,56,40,25.0,100_25_0,8,4.2,2.5,2.669330701452026,0.6499593722774933,2.021713940550365,5.0,0.25829547993353175,3.719033609512773,4.0,0.6466630960661683,-0.015317078911367021,353388.22223098006,2.209708136923489,0.34991325136512286,1.7883099150527249,inf,0.1243451169669959,2.814048994445017,1.0,0.5205984219062811,-0.041405983854508666,0.5620044057607898,406530.93098476005
dca_tactical_overlay,188,-0.03247252079152174,0.8,37,5,54,40,25.0,100_60_20,8,4.0,2.3,2.6001408735937908,0.6544719158775552,1.9984718073303467,5.0,0.25938964351709237,3.551398075624137,4.0,0.6511450656682629,-0.010835109309272395,354470.8354570925,2.1974766946318,0.35558618081130033,1.784800606048257,inf,0.12792174113075128,2.779716549103634,1.0,0.5295318849692681,-0.03247252079152174,0.5620044057607898,408467.16836468
dca_tactical_overlay,189,-0.027639432402813746,0.8,38,5,56,40,25.0,100_60_20,9,4.1,2.1,2.5917575259355674,0.6503743048027655,1.9959650208286523,5.0,0.25938964351709237,3.534446646860302,4.0,0.6470727060434892,-0.014907468934046153,353739.624962165,2.2072361304529835,0.3586513644799503,1.7958376930735809,inf,0.12821636988416307,2.797235367090594,1.0,0.5343649733579761,-0.027639432402813746,0.5620044057607898,409086.7380851701
dca_tactical_overlay,190,-0.044620812443787905,0.7,38,5,57,40,25.0,100_60_20,9,4.1,2.1,2.6617339989253317,0.6544378185290207,2.031449826001023,5.0,0.2518085639085925,3.6930388315498024,4.0,0.6511144619720708,-0.010865713005464517,354067.2889875726,2.2009442093916394,0.3478694553593371,1.7752402304558015,inf,0.12428943230435952,2.7988659124894517,1.0,0.5173835933170019,-0.044620812443787905,0.5620044057607898,406580.06360623
dca_tactical_overlay,191,-0.02712737943439647,0.8,37,5,58,39,25.0,100_60_20,9,4.300000000000001,2.4000000000000004,2.589171296913223,0.6498524641615363,1.994556904932316,5.0,0.25939042042569116,3.5288998525297144,4.0,0.6465534482693596,-0.015426726708175853,353680.0539804976,2.211167297916333,0.35897595178799424,1.7973452680430333,inf,0.1279220920420654,2.8062076382392966,1.0,0.5348770263263933,-0.02712737943439647,0.5620044057607898,409217.47929578007
dca_tactical_overlay,192,-0.02712737943439647,0.8,37,5,56,39,25.0,100_60_20,8,4.2,2.4000000000000004,2.5975037279030513,0.6536684072847194,1.9974610150256447,5.0,0.25961156536914165,3.545785861907552,4.0,0.6503456692699324,-0.011634505707602938,354341.1783773326,2.211167297916333,0.35897595178799424,1.7973452680430333,inf,0.1279220920420654,2.8062076382392966,1.0,0.5348770263263933,-0.02712737943439647,0.5620044057607898,409217.47929578007
dca_tactical_overlay,193,-0.03247252079152174,0.8,37,5,55,40,25.0,100_60_20,8,4.0,2.6,2.589042970233469,0.6520945639776838,1.9928061326250814,5.0,0.2651746762846896,3.5275574282109976,4.0,0.6487818375752452,-0.013198337402290206,354092.77555771254,2.1974766946318,0.35558618081130033,1.784800606048257,inf,0.12792174113075128,2.779716549103634,1.0,0.5295318849692681,-0.03247252079152174,0.5620044057607898,408467.16836468
dca_tactical_overlay,194,-0.031080163821436857,0.8,39,5,56,39,30.0,100_60_20,8,4.2,2.3,2.596258709067483,0.6516411760577641,2.0007580089658563,5.0,0.25938593948459776,3.542954042644782,4.0,0.6483317295089248,-0.013648445468610604,353924.6838855651,2.2011738572638646,0.3564695066406869,1.7890514742148576,inf,0.12792385861105315,2.7865756279641056,1.0,0.530924241939353,-0.031080163821436857,0.5620044057607898,408345.66316865006
dca_tactical_overlay,195,-0.02712737943439647,0.8,37,5,56,40,25.0,100_60_20,9,4.2,2.5,2.601186934364432,0.6547346540714001,1.9998197514717846,5.0,0.25938964351709237,3.553311049943651,4.0,0.6514063834967716,-0.010573791480763761,354503.6490447426,2.211167297916333,0.35897595178799424,1.7973452680430333,inf,0.1279220920420654,2.8062076382392966,1.0,0.5348770263263933,-0.02712737943439647,0.5620044057607898,409217.47929578007
dca_tactical_overlay,196,-0.02712737943439647,0.8,37,5,54,40,25.0,100_60_20,9,4.1,2.4000000000000004,2.6018700463701627,0.6549307638958042,2.000131709859809,5.0,0.25938964351709237,3.5547550283604465,4.0,0.6516014326560566,-0.010378742321478784,354561.2785737901,2.211167297916333,0.35897595178799424,1.7973452680430333,inf,0.1279220920420654,2.8062076382392966,1.0,0.5348770263263933,-0.02712737943439647,0.5620044057607898,409217.47929578007
dca_tactical_overlay,197,-0.041071232869214214,0.8,37,5,56,40,25.0,100_60_20,9,3.9000000000000004,2.6,2.589042970233469,0.6520945639776838,1.9928061326250814,5.0,0.2651746762846896,3.5275574282109976,4.0,0.6487818375752452,-0.013198337402290206,354092.77555771254,2.140744360475745,0.3501259954466076,1.758786666115125,inf,0.13199745957765108,2.65252071189019,1.0,0.5209331728915756,-0.041071232869214214,0.5620044057607898,406473.21125985007
dca_tactical_overlay,198,-0.02712737943439647,0.8,38,5,54,40,25.0,100_60_20,9,4.1,2.4000000000000004,2.584564441360574,0.6484517274390336,1.9894935056649856,5.0,0.25938964351709237,3.5203301008740278,4.0,0.645160471711625,-0.016819703265910313,353508.20402417006,2.211167297916333,0.35897595178799424,1.7973452680430333,inf,0.1279220920420654,2.8062076382392966,1.0,0.5348770263263933,-0.02712737943439647,0.5620044057607898,409217.47929578007
dca_tactical_overlay,199,-0.02712737943439647,0.8,38,5,54,40,25.0,100_60_20,8,4.1,2.5,2.5724463343604866,0.6458164641476949,1.982476124990466,5.0,0.2651746762846896,3.4946389229654264,4.0,0.6425407109396102,-0.019439464037925236,353098.3619693925,2.211167297916333,0.35897595178799424,1.7973452680430333,inf,0.1279220920420654,2.8062076382392966,1.0,0.5348770263263933,-0.02712737943439647,0.5620044057607898,409217.47929578007
dca_tactical_overlay,200,-0.02712737943439647,0.8,40,5,55,40,25.0,100_60_20,8,4.1,2.5,2.5378637625288634,0.6333158752442691,1.9510975462146474,5.0,0.2651746762846896,3.4293063542575193,4.0,0.630114313425582,-0.03186586155195337,351265.537188875,2.211167297916333,0.35897595178799424,1.7973452680430333,inf,0.1279220920420654,2.8062076382392966,1.0,0.5348770263263933,-0.02712737943439647,0.5620044057607898,409217.47929578007
dca_tactical_overlay,201,-0.02712737943439647,0.8,40,5,54,40,25.0,100_60_20,8,4.1,2.5,2.541399566892449,0.6343546985562265,1.9528979968864195,5.0,0.2651746762846896,3.436692995932963,4.0,0.6311474677280937,-0.030832707249441704,351394.86536837753,2.211167297916333,0.35897595178799424,1.7973452680430333,inf,0.1279220920420654,2.8062076382392966,1.0,0.5348770263263933,-0.02712737943439647,0.5620044057607898,409217.47929578007
dca_tactical_overlay,202,-0.02712737943439647,0.8,39,5,54,40,25.0,100_60_20,8,4.1,2.4000000000000004,2.589979687454892,0.649908152374808,1.994263465839551,5.0,0.25938964351709237,3.5309891196495276,4.0,0.6466090674194006,-0.015371107558134756,353647.78472072,2.211167297916333,0.35897595178799424,1.7973452680430333,inf,0.1279220920420654,2.8062076382392966,1.0,0.5348770263263933,-0.02712737943439647,0.5620044057607898,409217.47929578007
dca_tactical_overlay,203,-0.02712737943439647,0.8,40,5,54,40,25.0,100_60_20,7,4.1,2.5,2.541399566892449,0.6343546985562265,1.9528979968864195,5.0,0.2651746762846896,3.436692995932963,4.0,0.6311474677280937,-0.030832707249441704,351394.86536837753,2.211167297916333,0.35897595178799424,1.7973452680430333,inf,0.1279220920420654,2.8062076382392966,1.0,0.5348770263263933,-0.02712737943439647,0.5620044057607898,409217.47929578007
dca_tactical_overlay,204,-0.03247252079152174,0.8,40,5,54,39,25.0,100_60_20,8,4.0,2.4000000000000004,2.5498875950199187,0.6359415366760868,1.9575418597773249,5.0,0.25939042042569116,3.454984018317895,4.0,0.6327241888869872,-0.02925598609054808,351644.94291195006,2.1974766946318,0.35558618081130033,1.784800606048257,inf,0.12792174113075128,2.779716549103634,1.0,0.5295318849692681,-0.03247252079152174,0.5620044057607898,408467.16836468
dca_tactical_overlay,205,-0.030086304247265216,0.8,39,5,53,40,30.0,100_60_20,8,4.2,2.4000000000000004,2.5957770898520796,0.6514910664329276,2.0001288928573584,5.0,0.25939042042569116,3.5420982678680253,4.0,0.6481825298743396,-0.013797645103195755,353910.5518472976,2.203830235056054,0.3570998819573934,1.7918819644216941,inf,0.12791982055395312,2.791591486065119,1.0,0.5319181015135246,-0.030086304247265216,0.5620044057607898,408478.83106182003
dca_tactical_overlay,206,-0.033642062746270573,0.8,38,5,52,39,25.0,100_60_20,8,4.1,2.7,2.5723928180788547,0.6459467976834137,1.9834750854562824,5.0,0.26517896096523175,3.494033004115289,4.0,0.6426701157536772,-0.019310059223858145,353186.7385067925,2.158959305554392,0.3548440346176498,1.77324972236698,inf,0.13198989861590704,2.6884181163761043,1.0,0.5283623430145192,-0.033642062746270573,0.5620044057607898,407582.06660180003
dca_tactical_overlay,207,-0.03247252079152174,0.8,39,5,55,40,25.0,100_60_20,7,3.9000000000000004,2.5,2.579588069435956,0.6477371078270577,1.988937091776031,5.0,0.2651746762846896,3.5086324960272792,4.0,0.6444510319098138,-0.01752914306772163,353329.58951965254,2.1974766946318,0.35558618081130033,1.784800606048257,inf,0.12792174113075128,2.779716549103634,1.0,0.5295318849692681,-0.03247252079152174,0.5620044057607898,408467.16836468
dca_tactical_overlay,208,-0.02712737943439647,0.8,40,5,55,39,25.0,100_60_20,9,4.2,2.4000000000000004,2.546395602197703,0.6349050114772065,1.9557499246979342,5.0,0.25939042042569116,3.4477019939458717,4.0,0.6316933111697643,-0.030286863807771014,351516.21358735254,2.211167297916333,0.35897595178799424,1.7973452680430333,inf,0.1279220920420654,2.8062076382392966,1.0,0.5348770263263933,-0.02712737943439647,0.5620044057607898,409217.47929578007
dca_tactical_overlay,209,-0.03247252079152174,0.8,37,5,54,40,25.0,100_60_20,8,3.8000000000000003,2.3,2.6001408735937908,0.6544719158775552,1.9984718073303467,5.0,0.25938964351709237,3.551398075624137,4.0,0.6511450656682629,-0.010835109309272395,354470.8354570925,2.1974766946318,0.35558618081130033,1.784800606048257,inf,0.12792174113075128,2.779716549103634,1.0,0.5295318849692681,-0.03247252079152174,0.5620044057607898,408467.16836468
dca_tactical_overlay,210,-0.031080163821436857,0.8,38,5,54,39,30.0,100_60_20,9,4.1,2.2,2.5890647740358417,0.6497184003913321,1.9942844846580108,5.0,0.25938593948459776,3.5288362723730304,4.0,0.6464192980741503,-0.015560876903385035,353693.21977865754,2.2011738572638646,0.3564695066406869,1.7890514742148576,inf,0.12792385861105315,2.7865756279641056,1.0,0.530924241939353,-0.031080163821436857,0.5620044057607898,408345.66316865006
dca_tactical_overlay,211,-0.02712737943439647,0.8,40,5,54,40,25.0,100_60_20,8,4.1,2.6,2.541399566892449,0.6343546985562265,1.9528979968864195,5.0,0.2651746762846896,3.436692995932963,4.0,0.6311474677280937,-0.030832707249441704,351394.86536837753,2.211167297916333,0.35897595178799424,1.7973452680430333,inf,0.1279220920420654,2.8062076382392966,1.0,0.5348770263263933,-0.02712737943439647,0.5620044057607898,409217.47929578007
dca_tactical_overlay,212,-0.02712737943439647,0.8,39,5,54,40,25.0,100_60_20,7,4.2,2.5,2.581365907916631,0.6482032602550152,1.9906386467651322,5.0,0.2651746762846896,3.512090023238054,4.0,0.6449146705339024,-0.01706550444363303,353421.42976109753,2.211167297916333,0.35897595178799424,1.7973452680430333,inf,0.1279220920420654,2.8062076382392966,1.0,0.5348770263263933,-0.02712737943439647,0.5620044057607898,409217.47929578007
dca_tactical_overlay,213,-0.02712737943439647,0.8,40,5,55,39,25.0,100_60_20,7,4.0,2.5,2.5343528190890057,0.6322851932644206,1.9487626107541733,5.0,0.26517896096523175,3.422176296023842,4.0,0.6290888791121241,-0.032891295865411285,351109.383410435,2.211167297916333,0.35897595178799424,1.7973452680430333,inf,0.1279220920420654,2.8062076382392966,1.0,0.5348770263263933,-0.02712737943439647,0.5620044057607898,409217.47929578007
dca_tactical_overlay,214,-0.032233013354491025,0.8,37,5,53,40,25.0,100_60_20,7,4.1,2.7,2.5847391009257064,0.6504652022095011,1.9898111894628159,5.0,0.2664542990519785,3.5191404174928635,4.0,0.6471623256499153,-0.014817849327620036,353814.62584519247,2.162522942551914,0.3557381430977542,1.7772535654904515,inf,0.13199801543734602,2.6950264511106106,1.0,0.5297713924062988,-0.032233013354491025,0.5620044057607898,407749.46436392004
dca_tactical_overlay,215,-0.02712737943439647,0.8,38,5,55,39,25.0,100_60_20,8,4.2,2.4000000000000004,2.5809531058747104,0.6473991847468594,1.98712378764397,5.0,0.25961156536914165,3.512978457936383,4.0,0.6441133510194342,-0.01786682395810113,353348.07984659006,2.211167297916333,0.35897595178799424,1.7973452680430333,inf,0.1279220920420654,2.8062076382392966,1.0,0.5348770263263933,-0.02712737943439647,0.5620044057607898,409217.47929578007
dca_tactical_overlay,216,-0.02712737943439647,0.8,37,5,52,40,25.0,100_60_20,9,4.300000000000001,2.3,2.6018700463701627,0.6549307638958042,2.000131709859809,5.0,0.25938964351709237,3.5547550283604465,4.0,0.6516014326560566,-0.010378742321478784,354561.2785737901,2.211167297916333,0.35897595178799424,1.7973452680430333,inf,0.1279220920420654,2.8062076382392966,1.0,0.5348770263263933,-0.02712737943439647,0.5620044057607898,409217.47929578007
dca_tactical_overlay,217,-0.03247252079152174,0.8,35,5,53,39,25.0,100_60_20,9,4.0,2.5,2.610005169711976,0.658605902939807,2.0035864083435957,5.0,0.26203248507741017,3.5710469309105073,4.0,0.6552527300602602,-0.006727444917275172,355096.8316949276,2.1974766946318,0.35558618081130033,1.784800606048257,inf,0.12792174113075128,2.779716549103634,1.0,0.5295318849692681,-0.03247252079152174,0.5620044057607898,408467.16836468
dca_tactical_overlay,218,-0.0348768759320508,0.8,39,5,56,40,30.0,100_50_0,7,4.2,2.2,2.6307782977164673,0.6539714853040733,2.019128043306432,5.0,0.25622499855220127,3.6206196893377074,4.0,0.6506493592235816,-0.011330815753953838,354159.77862073004,2.2015910552351663,0.3540602947019249,1.788174753573059,inf,0.12689872955292447,2.7901011771300697,1.0,0.527127529828739,-0.0348768759320508,0.5620044057607898,407533.71910710004
dca_tactical_overlay,219,-0.02712737943439647,0.8,38,5,52,39,25.0,100_60_20,8,4.300000000000001,2.4000000000000004,2.582785131821191,0.6481174089133193,1.9888148877132155,5.0,0.25939042042569116,3.516386655233285,4.0,0.6448277228598478,-0.01715245211768751,353504.81669532007,2.211167297916333,0.35897595178799424,1.7973452680430333,inf,0.1279220920420654,2.8062076382392966,1.0,0.5348770263263933,-0.02712737943439647,0.5620044057607898,409217.47929578007
dca_tactical_overlay,220,-0.02712737943439647,0.8,40,5,54,40,25.0,100_60_20,9,4.1,2.3,2.553523799523867,0.6369878742208928,1.95991122330076,5.0,0.25938964351709237,3.462402603518104,4.0,0.633765172750858,-0.028215002226677333,351804.13822267007,2.211167297916333,0.35897595178799424,1.7973452680430333,inf,0.1279220920420654,2.8062076382392966,1.0,0.5348770263263933,-0.02712737943439647,0.5620044057607898,409217.47929578007
dca_tactical_overlay,221,-0.02712737943439647,0.8,40,5,55,39,25.0,100_60_20,9,4.2,2.4000000000000004,2.546395602197703,0.6349050114772065,1.9557499246979342,5.0,0.25939042042569116,3.4477019939458717,4.0,0.6316933111697643,-0.030286863807771014,351516.21358735254,2.211167297916333,0.35897595178799424,1.7973452680430333,inf,0.1279220920420654,2.8062076382392966,1.0,0.5348770263263933,-0.02712737943439647,0.5620044057607898,409217.47929578007
dca_tactical_overlay,222,-0.02712737943439647,0.8,37,5,55,39,25.0,100_60_20,9,4.1,2.4000000000000004,2.5975037279030513,0.6536684072847194,1.9974610150256447,5.0,0.25961156536914165,3.545785861907552,4.0,0.6503456692699324,-0.011634505707602938,354341.1783773326,2.211167297916333,0.35897595178799424,1.7973452680430333,inf,0.1279220920420654,2.8062076382392966,1.0,0.5348770263263933,-0.02712737943439647,0.5620044057607898,409217.47929578007
dca_tactical_overlay,223,-0.02712737943439647,0.8,39,5,56,40,25.0,100_60_20,8,4.2,2.6,2.581365907916631,0.6482032602550152,1.9906386467651322,5.0,0.2651746762846896,3.512090023238054,4.0,0.6449146705339024,-0.01706550444363303,353421.42976109753,2.211167297916333,0.35897595178799424,1.7973452680430333,inf,0.1279220920420654,2.8062076382392966,1.0,0.5348770263263933,-0.02712737943439647,0.5620044057607898,409217.47929578007
dca_tactical_overlay,224,-0.03239213269483554,0.8,40,5,55,39,20.0,100_60_20,9,4.0,2.2,2.5398289386877693,0.6329884326261032,1.9500536419881005,5.0,0.25938964351709237,3.4348559290864555,4.0,0.6297885172750513,-0.032191657702484056,351219.562981975,2.197715032949809,0.3556371860729026,1.785071804242838,inf,0.12791944859487747,2.780165095920716,1.0,0.5296122730659543,-0.03239213269483554,0.5620044057607898,408479.87722716003
dca_tactical_overlay,225,-0.02712737943439647,0.8,35,5,57,40,25.0,100_60_20,8,4.300000000000001,2.5,2.6073494957097294,0.6584237028610971,2.003851537943486,5.0,0.2651746762846896,3.5644443562152017,4.0,0.6550729945766003,-0.00690718040093502,355085.65064985,2.211167297916333,0.35897595178799424,1.7973452680430333,inf,0.1279220920420654,2.8062076382392966,1.0,0.5348770263263933,-0.02712737943439647,0.5620044057607898,409217.47929578007
dca_tactical_overlay,226,-0.02712737943439647,0.8,37,5,56,39,25.0,100_60_20,9,4.2,2.3,2.5975037279030513,0.6536684072847194,1.9974610150256447,5.0,0.25961156536914165,3.545785861907552,4.0,0.6503456692699324,-0.011634505707602938,354341.1783773326,2.211167297916333,0.35897595178799424,1.7973452680430333,inf,0.1279220920420654,2.8062076382392966,1.0,0.5348770263263933,-0.02712737943439647,0.5620044057607898,409217.47929578007
dca_tactical_overlay,227,-0.041405983854508666,0.8,38,5,54,40,25.0,100_25_0,8,4.1,2.2,2.67931497600898,0.6524616005780081,2.0256485205401,5.0,0.25168423361591985,3.7406460720897434,4.0,0.6491496647421953,-0.012830510235340042,353850.5990421126,2.209708136923489,0.34991325136512286,1.7883099150527249,inf,0.1243451169669959,2.814048994445017,1.0,0.5205984219062811,-0.041405983854508666,0.5620044057607898,406530.93098476005
dca_tactical_overlay,228,-0.027035528844673307,0.8,36,5,53,39,20.0,100_60_20,7,4.300000000000001,2.5,2.575970679839817,0.647408455032914,1.9814183415659967,5.0,0.2651746762846896,3.502654866076,4.0,0.6441230866568872,-0.017857088320648085,353331.7365656351,2.2114460867773293,0.3590341720721315,1.797607280069241,inf,0.12791792079374698,2.806754283092461,1.0,0.5349688769161165,-0.027035528844673307,0.5620044057607898,409232.22076034005
dca_tactical_overlay,229,-0.03792616523587644,0.7,36,5,57,40,20.0,100_60_20,7,4.300000000000001,2.5,2.649370667221453,0.6546709043256196,2.0192108706742493,5.0,0.2605412414904579,3.6665459876402124,4.0,0.6513447819685985,-0.010635393008936955,354209.98835793004,2.222543489574702,0.35212412922925074,1.7902547141024021,inf,0.12383768793049732,2.8434326828426975,1.0,0.5240782405249134,-0.03792616523587644,0.5620044057607898,407455.39951211
dca_tactical_overlay,230,-0.027035528844673307,0.8,37,5,54,39,20.0,100_60_20,7,4.300000000000001,2.6,2.578870918530817,0.6486493395257796,1.984889444406061,5.0,0.2651746762846896,3.507674830298818,4.0,0.6453571934297806,-0.016622981547754767,353563.64295583754,2.2114460867773293,0.3590341720721315,1.797607280069241,inf,0.12791792079374698,2.806754283092461,1.0,0.5349688769161165,-0.027035528844673307,0.5620044057607898,409232.22076034005
dca_tactical_overlay,231,-0.03210496858420786,0.8,37,5,53,39,20.0,100_60_20,7,4.300000000000001,2.7,2.5761523856474517,0.6479237992983534,1.98345183045017,5.0,0.2664542990519785,3.5019606760670725,4.0,0.6446359829117987,-0.01734419206573673,353444.787484995,2.1628643862011905,0.3558193819612334,1.7776214729446944,inf,0.13199666601252358,2.6956694643141517,1.0,0.5298994371765819,-0.03210496858420786,0.5620044057607898,407771.34185663005
dca_tactical_overlay,232,-0.027035528844673307,0.8,36,5,53,39,20.0,100_60_20,7,4.2,2.6,2.575970679839817,0.647408455032914,1.9814183415659967,5.0,0.2651746762846896,3.502654866076,4.0,0.6441230866568872,-0.017857088320648085,353331.7365656351,2.2114460867773293,0.3590341720721315,1.797607280069241,inf,0.12791792079374698,2.806754283092461,1.0,0.5349688769161165,-0.027035528844673307,0.5620044057607898,409232.22076034005
dca_tactical_overlay,233,-0.027035528844673307,0.8,35,5,53,39,20.0,100_60_20,7,4.2,2.6,2.5923727909897902,0.653842642759545,1.9923564906877604,5.0,0.2651746762846896,3.5347423357002183,4.0,0.6505187205238327,-0.011461454453702558,354351.68244640506,2.2114460867773293,0.3590341720721315,1.797607280069241,inf,0.12791792079374698,2.806754283092461,1.0,0.5349688769161165,-0.027035528844673307,0.5620044057607898,409232.22076034005
dca_tactical_overlay,234,-0.027035528844673307,0.8,35,5,53,39,20.0,100_60_20,7,4.300000000000001,2.6,2.5923727909897902,0.653842642759545,1.9923564906877604,5.0,0.2651746762846896,3.5347423357002183,4.0,0.6505187205238327,-0.011461454453702558,354351.68244640506,2.2114460867773293,0.3590341720721315,1.797607280069241,inf,0.12791792079374698,2.806754283092461,1.0,0.5349688769161165,-0.027035528844673307,0.5620044057607898,409232.22076034005
dca_tactical_overlay,235,-0.027035528844673307,0.8,35,5,52,39,20.0,100_60_20,7,4.300000000000001,2.6,2.59086177210021,0.653137158830127,1.990896980693148,5.0,0.2651746762846896,3.532040264028163,4.0,0.6498170511670054,-0.01216312381053003,354217.4251537225,2.2114460867773293,0.3590341720721315,1.797607280069241,inf,0.12791792079374698,2.806754283092461,1.0,0.5349688769161165,-0.027035528844673307,0.5620044057607898,409232.22076034005
dca_tactical_overlay,236,-0.03210496858420786,0.8,35,5,51,39,20.0,100_60_20,7,4.300000000000001,2.7,2.5881432392168446,0.6524116186027008,1.989459366737257,5.0,0.2664542990519785,3.5263261097964183,4.0,0.6490958406490234,-0.012884334328511993,354098.5696828801,2.1628643862011905,0.3558193819612334,1.7776214729446944,inf,0.13199666601252358,2.6956694643141517,1.0,0.5298994371765819,-0.03210496858420786,0.5620044057607898,407771.34185663005
dca_tactical_overlay,237,-0.03357698252502894,0.8,36,5,52,39,20.0,100_60_20,7,4.4,2.8000000000000003,2.588622802194766,0.652649594716268,1.9897507677108939,5.0,0.2664542990519785,3.5272375813243757,4.0,0.6493325306288196,-0.012647644348715847,354143.96417559753,2.1590471214331117,0.35488533625280594,1.7734599286149189,inf,0.1320001653011179,2.688521907857038,1.0,0.5284274232357609,-0.03357698252502894,0.5620044057607898,407590.14155974006
dca_tactical_overlay,238,-0.027035528844673307,0.8,35,5,53,39,20.0,100_60_20,7,4.300000000000001,2.6,2.5923727909897902,0.653842642759545,1.9923564906877604,5.0,0.2651746762846896,3.5347423357002183,4.0,0.6505187205238327,-0.011461454453702558,354351.68244640506,2.2114460867773293,0.3590341720721315,1.797607280069241,inf,0.12791792079374698,2.806754283092461,1.0,0.5349688769161165,-0.027035528844673307,0.5620044057607898,409232.22076034005
dca_tactical_overlay,239,-0.027035528844673307,0.8,35,5,51,39,20.0,100_60_20,7,4.300000000000001,2.6,2.59086177210021,0.653137158830127,1.990896980693148,5.0,0.2651746762846896,3.532040264028163,4.0,0.6498170511670054,-0.01216312381053003,354217.4251537225,2.2114460867773293,0.3590341720721315,1.797607280069241,inf,0.12791792079374698,2.806754283092461,1.0,0.5349688769161165,-0.027035528844673307,0.5620044057607898,409232.22076034005
dca_tactical_overlay,240,-0.03357698252502894,0.8,35,5,50,39,20.0,100_60_20,7,4.300000000000001,2.8000000000000003,2.5872169897940136,0.6520546612147271,1.988362100898497,5.0,0.2664542990519785,3.5246891588239397,4.0,0.6487409638447141,-0.013239211132821282,354040.3696283925,2.1590471214331117,0.35488533625280594,1.7734599286149189,inf,0.1320001653011179,2.688521907857038,1.0,0.5284274232357609,-0.03357698252502894,0.5620044057607898,407590.14155974006
dca_tactical_overlay,241,-0.027035528844673307,0.8,35,5,53,39,20.0,100_60_20,7,4.300000000000001,2.6,2.5923727909897902,0.653842642759545,1.9923564906877604,5.0,0.2651746762846896,3.5347423357002183,4.0,0.6505187205238327,-0.011461454453702558,354351.68244640506,2.2114460867773293,0.3590341720721315,1.797607280069241,inf,0.12791792079374698,2.806754283092461,1.0,0.5349688769161165,-0.027035528844673307,0.5620044057607898,409232.22076034005
dca_tactical_overlay,242,-0.027035528844673307,0.8,35,5,51,39,20.0,100_60_20,7,4.300000000000001,2.6,2.59086177210021,0.653137158830127,1.990896980693148,5.0,0.2651746762846896,3.532040264028163,4.0,0.6498170511670054,-0.01216312381053003,354217.4251537225,2.2114460867773293,0.3590341720721315,1.797607280069241,inf,0.12791792079374698,2.806754283092461,1.0,0.5349688769161165,-0.027035528844673307,0.5620044057607898,409232.22076034005
dca_tactical_overlay,243,-0.027035528844673307,0.8,35,5,51,39,20.0,100_60_20,7,4.4,2.6,2.59086177210021,0.653137158830127,1.990896980693148,5.0,0.2651746762846896,3.532040264028163,4.0,0.6498170511670054,-0.01216312381053003,354217.4251537225,2.2114460867773293,0.3590341720721315,1.797607280069241,inf,0.12791792079374698,2.806754283092461,1.0,0.5349688769161165,-0.027035528844673307,0.5620044057607898,409232.22076034005
dca_tactical_overlay,244,-0.027035528844673307,0.8,35,5,51,38,20.0,100_60_20,7,4.4,2.6,2.5918131340539916,0.653423796997455,1.9913181361379497,5.0,0.2651746762846896,3.534046203723195,4.0,0.6501019024228367,-0.011878272554698699,354262.1508948175,2.2114460867773293,0.3590341720721315,1.797607280069241,inf,0.12791792079374698,2.806754283092461,1.0,0.5349688769161165,-0.027035528844673307,0.5620044057607898,409232.22076034005
dca_tactical_overlay,245,-0.027035528844673307,0.8,35,5,51,38,20.0,100_60_20,7,4.4,2.6,2.5918131340539916,0.653423796997455,1.9913181361379497,5.0,0.2651746762846896,3.534046203723195,4.0,0.6501019024228367,-0.011878272554698699,354262.1508948175,2.2114460867773293,0.3590341720721315,1.797607280069241,inf,0.12791792079374698,2.806754283092461,1.0,0.5349688769161165,-0.027035528844673307,0.5620044057607898,409232.22076034005
dca_tactical_overlay,246,-0.027035528844673307,0.8,35,5,50,38,20.0,100_60_20,7,4.4,2.6,2.5908817437279104,0.6530652669399437,1.9902186606422383,5.0,0.2651746762846896,3.532398405828521,4.0,0.6497454640993072,-0.012234710878228083,354203.6587588226,2.2114460867773293,0.3590341720721315,1.797607280069241,inf,0.12791792079374698,2.806754283092461,1.0,0.5349688769161165,-0.027035528844673307,0.5620044057607898,409232.22076034005
dca_tactical_overlay,247,-0.027035528844673307,0.8,35,5,51,38,20.0,100_60_20,7,4.4,2.6,2.5918131340539916,0.653423796997455,1.9913181361379497,5.0,0.2651746762846896,3.534046203723195,4.0,0.6501019024228367,-0.011878272554698699,354262.1508948175,2.2114460867773293,0.3590341720721315,1.797607280069241,inf,0.12791792079374698,2.806754283092461,1.0,0.5349688769161165,-0.027035528844673307,0.5620044057607898,409232.22076034005
dca_tactical_overlay,248,-0.027035528844673307,0.8,35,5,51,38,20.0,100_60_20,7,4.4,2.6,2.5918131340539916,0.653423796997455,1.9913181361379497,5.0,0.2651746762846896,3.534046203723195,4.0,0.6501019024228367,-0.011878272554698699,354262.1508948175,2.2114460867773293,0.3590341720721315,1.797607280069241,inf,0.12791792079374698,2.806754283092461,1.0,0.5349688769161165,-0.027035528844673307,0.5620044057607898,409232.22076034005
dca_tactical_overlay,249,-0.027035528844673307,0.8,35,5,51,38,20.0,100_60_20,7,4.4,2.6,2.5918131340539916,0.653423796997455,1.9913181361379497,5.0,0.2651746762846896,3.534046203723195,4.0,0.6501019024228367,-0.011878272554698699,354262.1508948175,2.2114460867773293,0.3590341720721315,1.797607280069241,inf,0.12791792079374698,2.806754283092461,1.0,0.5349688769161165,-0.027035528844673307,0.5620044057607898,409232.22076034005
dca_tactical_overlay,250,-0.027035528844673307,0.8,35,5,51,38,20.0,100_60_20,7,4.4,2.6,2.5918131340539916,0.653423796997455,1.9913181361379497,5.0,0.2651746762846896,3.534046203723195,4.0,0.6501019024228367,-0.011878272554698699,354262.1508948175,2.2114460867773293,0.3590341720721315,1.797607280069241,inf,0.12791792079374698,2.806754283092461,1.0,0.5349688769161165,-0.027035528844673307,0.5620044057607898,409232.22076034005
dca_tactical_overlay,251,-0.027035528844673307,0.8,35,5,51,37,20.0,100_60_20,7,4.4,2.6,2.592010525594805,0.6533250275864741,1.9927101653890753,5.0,0.26517896096523175,3.534091616146673,4.0,0.650003663082338,-0.011976511895197328,354244.8833530301,2.2114460867773293,0.3590341720721315,1.797607280069241,inf,0.12791792079374698,2.806754283092461,1.0,0.5349688769161165,-0.027035528844673307,0.5620044057607898,409232.22076034005
dca_tactical_overlay,252,-0.027035528844673307,0.8,35,5,51,37,20.0,100_60_20,7,4.4,2.6,2.592010525594805,0.6533250275864741,1.9927101653890753,5.0,0.26517896096523175,3.534091616146673,4.0,0.650003663082338,-0.011976511895197328,354244.8833530301,2.2114460867773293,0.3590341720721315,1.797607280069241,inf,0.12791792079374698,2.806754283092461,1.0,0.5349688769161165,-0.027035528844673307,0.5620044057607898,409232.22076034005
dca_tactical_overlay,253,-0.03357698252502894,0.8,34,5,50,38,20.0,100_60_20,7,4.4,2.8000000000000003,2.590509729496492,0.6532106408616383,1.9903122823664763,5.0,0.2664542990519785,3.5313244479901913,4.0,0.6498899727087004,-0.012090202268835004,354230.0819935925,2.1590471214331117,0.35488533625280594,1.7734599286149189,inf,0.1320001653011179,2.688521907857038,1.0,0.5284274232357609,-0.03357698252502894,0.5620044057607898,407590.14155974006
dca_tactical_overlay,254,-0.03210496858420786,0.8,34,5,51,38,20.0,100_60_20,7,4.300000000000001,2.7,2.5887327407198004,0.6526125062703749,1.9892882438293573,5.0,0.2664542990519785,3.5277136998379683,4.0,0.6492954045388805,-0.012684770438654902,354133.3678109201,2.1628643862011905,0.3558193819612334,1.7776214729446944,inf,0.13199666601252358,2.6956694643141517,1.0,0.5298994371765819,-0.03210496858420786,0.5620044057607898,407771.34185663005
dca_tactical_overlay,255,-0.03210496858420786,0.8,35,5,51,37,20.0,100_60_20,7,4.4,2.7,2.589298059569396,0.652600779002128,1.9912740278770316,5.0,0.26645715702492156,3.52839110909684,4.0,0.6492837344643353,-0.012696440513200069,354126.26929489255,2.1628643862011905,0.3558193819612334,1.7776214729446944,inf,0.13199666601252358,2.6956694643141517,1.0,0.5298994371765819,-0.03210496858420786,0.5620044057607898,407771.34185663005
dca_tactical_overlay,256,-0.03114984763088824,0.8,35,5,50,38,20.0,100_50_0,7,4.4,2.6,2.6268010512119893,0.6566912455961313,2.007687952182998,5.0,0.26226071491071135,3.61293144352516,4.0,0.6533504935300269,-0.008629681447508364,354647.7928097975,2.2109358350632196,0.356425303929778,1.7952276110858263,inf,0.12690027087822753,2.8087040434436963,1.0,0.5308545581299016,-0.03114984763088824,0.5620044057607898,408457.73859269003
dca_tactical_overlay,257,-0.027035528844673307,0.8,35,5,52,38,20.0,100_60_20,7,4.4,2.6,2.5918131340539916,0.653423796997455,1.9913181361379497,5.0,0.2651746762846896,3.534046203723195,4.0,0.6501019024228367,-0.011878272554698699,354262.1508948175,2.2114460867773293,0.3590341720721315,1.797607280069241,inf,0.12791792079374698,2.806754283092461,1.0,0.5349688769161165,-0.027035528844673307,0.5620044057607898,409232.22076034005
dca_tactical_overlay,258,-0.027035528844673307,0.8,34,5,50,38,20.0,100_60_20,7,4.4,2.6,2.5932250096477394,0.6539356538503145,1.9917497646047404,5.0,0.2651746762846896,3.5370309138850726,4.0,0.6506106613068959,-0.01136951367063943,354348.8525330975,2.2114460867773293,0.3590341720721315,1.797607280069241,inf,0.12791792079374698,2.806754283092461,1.0,0.5349688769161165,-0.027035528844673307,0.5620044057607898,409232.22076034005
dca_tactical_overlay,259,-0.027035528844673307,0.8,35,5,51,37,20.0,100_60_20,7,4.4,2.6,2.592010525594805,0.6533250275864741,1.9927101653890753,5.0,0.26517896096523175,3.534091616146673,4.0,0.650003663082338,-0.011976511895197328,354244.8833530301,2.2114460867773293,0.3590341720721315,1.797607280069241,inf,0.12791792079374698,2.806754283092461,1.0,0.5349688769161165,-0.027035528844673307,0.5620044057607898,409232.22076034005
dca_tactical_overlay,260,-0.04282487183477901,0.8,35,5,49,26,20.0,100_60_20,7,4.4,2.8000000000000003,2.5664783217361062,0.6445266769887872,1.9788047773666235,5.0,0.2664678950146987,3.4820614541735933,4.0,0.6412570556167149,-0.020723119360820497,352775.77473676007,2.150412765562506,0.34901135861760735,1.7553269994404996,inf,0.13027746741987012,2.678984827765969,1.0,0.5191795339260108,-0.04282487183477901,0.5620044057607898,406080.70349546004
dca_tactical_overlay,261,-0.03210496858420786,0.8,34,5,52,38,20.0,100_60_20,7,4.4,2.7,2.5887327407198004,0.6526125062703749,1.9892882438293573,5.0,0.2664542990519785,3.5277136998379683,4.0,0.6492954045388805,-0.012684770438654902,354133.3678109201,2.1628643862011905,0.3558193819612334,1.7776214729446944,inf,0.13199666601252358,2.6956694643141517,1.0,0.5298994371765819,-0.03210496858420786,0.5620044057607898,407771.34185663005
dca_tactical_overlay,262,-0.0661499557860541,0.7,35,5,51,38,20.0,100_25_0,7,4.300000000000001,2.7,2.8167202177266972,0.6655280376808121,2.0683780082321874,5.0,0.25101686318278327,4.05835510473739,4.0,0.6621388455850399,0.00015867060750457407,355437.603775965,2.1450823137156645,0.3341506335960074,1.749015435713133,inf,0.12462321737794879,2.681287168045246,1.0,0.4958544499747357,-0.0661499557860541,0.5620044057607898,401461.7079661001
dca_tactical_overlay,263,-0.027035528844673307,0.8,34,5,52,38,20.0,100_60_20,7,4.4,2.6,2.5914515098848576,0.6533382990575128,1.990726440822779,5.0,0.2651746762846896,3.533428037018778,4.0,0.6500168664018025,-0.011963308575732856,354252.2756005651,2.2114460867773293,0.3590341720721315,1.797607280069241,inf,0.12791792079374698,2.806754283092461,1.0,0.5349688769161165,-0.027035528844673307,0.5620044057607898,409232.22076034005
dca_tactical_overlay,264,-0.027035528844673307,0.8,36,5,50,37,20.0,100_60_20,7,4.5,2.6,2.5924894294919048,0.6535630921794948,1.992996092157555,5.0,0.26517896096523175,3.535003426559493,4.0,0.6502404410632879,-0.01173973391424743,354290.2928519851,2.2114460867773293,0.3590341720721315,1.797607280069241,inf,0.12791792079374698,2.806754283092461,1.0,0.5349688769161165,-0.027035528844673307,0.5620044057607898,409232.22076034005
dca_tactical_overlay,265,-0.03210496858420786,0.8,35,5,51,38,20.0,100_60_20,7,4.300000000000001,2.7,2.5890943648889344,0.6526980042103172,1.989879939144528,5.0,0.2664542990519785,3.5283318665423846,4.0,0.6493804405599146,-0.012599734417620745,354143.2431051725,2.1628643862011905,0.3558193819612334,1.7776214729446944,inf,0.13199666601252358,2.6956694643141517,1.0,0.5298994371765819,-0.03210496858420786,0.5620044057607898,407771.34185663005
dca_tactical_overlay,266,-0.03357698252502894,0.8,36,5,52,38,20.0,100_60_20,7,4.4,2.9000000000000004,2.5905441648130543,0.6534072309858283,1.990982696858726,5.0,0.2664542990519785,3.531011936526515,4.0,0.6500855697422698,-0.011894605235265476,354281.7015034526,2.1590471214331117,0.35488533625280594,1.7734599286149189,inf,0.1320001653011179,2.688521907857038,1.0,0.5284274232357609,-0.03357698252502894,0.5620044057607898,407590.14155974006
dca_tactical_overlay,267,-0.03570784615690514,0.8,35,5,49,37,20.0,100_60_20,7,4.300000000000001,2.7,2.58837544427622,0.6522456700473104,1.9901787725490259,5.0,0.26645715702492156,3.526761106126189,4.0,0.6489306943168136,-0.013049480660721813,354068.4378845176,2.153896832034825,0.3535327738743461,1.7692066844281715,inf,0.13199154523542678,2.6784501480285514,1.0,0.5262965596038847,-0.03570784615690514,0.5620044057607898,407262.78440462
dca_tactical_overlay,268,-0.027035528844673307,0.8,34,5,52,39,20.0,100_60_20,7,4.5,2.6,2.590500147931076,0.6530516608901848,1.9903052853779772,5.0,0.2651746762846896,3.5314220973237465,4.0,0.6497320151459711,-0.012248159831564187,354207.54985947,2.2114460867773293,0.3590341720721315,1.797607280069241,inf,0.12791792079374698,2.806754283092461,1.0,0.5349688769161165,-0.027035528844673307,0.5620044057607898,409232.22076034005
dca_tactical_overlay,269,-0.04035280692925358,0.8,33,4,53,38,20.0,100_60_20,7,4.300000000000001,2.6,2.5640531616897446,0.6371257350329185,1.960504501283991,5.0,0.2645161646719817,3.4884006796827562,4.0,0.6339008511521297,-0.028079323825405678,351656.01463311503,2.177277436743739,0.3505825313257822,1.76619860377236,inf,0.12791873389028774,2.740666051514135,1.0,0.5216515988315362,-0.04035280692925358,0.5620044057607898,406165.5637977901
dca_tactical_overlay,270,-0.03357698252502894,0.8,36,5,51,39,20.0,100_60_20,7,4.4,2.8000000000000003,2.5886221431139442,0.6526496831957216,1.9897452935057367,5.0,0.2664542990519785,3.5272379202092385,4.0,0.6493326186299733,-0.012647556347562094,354143.9791818351,2.1590471214331117,0.35488533625280594,1.7734599286149189,inf,0.1320001653011179,2.688521907857038,1.0,0.5284274232357609,-0.03357698252502894,0.5620044057607898,407590.14155974006
dca_tactical_overlay,271,-0.027035528844673307,0.8,35,5,50,37,20.0,100_60_20,7,4.300000000000001,2.6,2.591086548577014,0.6529701651313546,1.9916158656219678,5.0,0.26517896096523175,3.532457665557302,4.0,0.649650869822801,-0.012329305154734349,354187.11658642755,2.2114460867773293,0.3590341720721315,1.797607280069241,inf,0.12791792079374698,2.806754283092461,1.0,0.5349688769161165,-0.027035528844673307,0.5620044057607898,409232.22076034005
dca_tactical_overlay,272,-0.03404799633716271,0.8,36,5,52,27,20.0,100_60_20,7,4.5,2.7,2.553273547466576,0.6405135207441335,1.9677531683995468,5.0,0.26931885663987554,3.456198232990908,4.0,0.6372659235920757,-0.02471425138545974,352262.58373579005,2.172428036589867,0.35458640711182565,1.7745121992282706,inf,0.13027419673672935,2.721846812292445,1.0,0.5279564094236271,-0.03404799633716271,0.5620044057607898,407495.18763523
dca_tactical_overlay,273,-0.027035528844673307,0.8,34,5,51,38,20.0,100_60_20,7,4.300000000000001,2.6,2.5914515098848576,0.6533382990575128,1.990726440822779,5.0,0.2651746762846896,3.533428037018778,4.0,0.6500168664018025,-0.011963308575732856,354252.2756005651,2.2114460867773293,0.3590341720721315,1.797607280069241,inf,0.12791792079374698,2.806754283092461,1.0,0.5349688769161165,-0.027035528844673307,0.5620044057607898,409232.22076034005
dca_tactical_overlay,274,-0.03210496858420786,0.8,35,5,53,39,20.0,100_60_20,7,4.4,2.7,2.589654258106425,0.6531171025321187,1.9909188767318695,5.0,0.2664542990519785,3.5290281814684734,4.0,0.6497975100058508,-0.01218266497168452,354232.8269755625,2.1628643862011905,0.3558193819612334,1.7776214729446944,inf,0.13199666601252358,2.6956694643141517,1.0,0.5298994371765819,-0.03210496858420786,0.5620044057607898,407771.34185663005
dca_tactical_overlay,275,-0.03357698252502894,0.8,36,5,52,39,20.0,100_60_20,8,4.5,2.8000000000000003,2.588622802194766,0.652649594716268,1.9897507677108939,5.0,0.2664542990519785,3.5272375813243757,4.0,0.6493325306288196,-0.012647644348715847,354143.96417559753,2.1590471214331117,0.35488533625280594,1.7734599286149189,inf,0.1320001653011179,2.688521907857038,1.0,0.5284274232357609,-0.03357698252502894,0.5620044057607898,407590.14155974006
dca_tactical_overlay,276,-0.027035528844673307,0.8,34,5,50,38,20.0,100_60_20,7,4.300000000000001,2.6,2.5932250096477394,0.6539356538503145,1.9917497646047404,5.0,0.2651746762846896,3.5370309138850726,4.0,0.6506106613068959,-0.01136951367063943,354348.8525330975,2.2114460867773293,0.3590341720721315,1.797607280069241,inf,0.12791792079374698,2.806754283092461,1.0,0.5349688769161165,-0.027035528844673307,0.5620044057607898,409232.22076034005
dca_tactical_overlay,277,-0.03066237131837246,0.8,36,5,49,39,20.0,100_60_20,8,4.4,2.6,2.591805335183164,0.6535707194240657,1.9918507494113327,5.0,0.2651746762846896,3.533716885837173,4.0,0.6502484204953508,-0.011731754482184553,354303.28277984256,2.2021126345544744,0.3567345140531115,1.7891663422131636,inf,0.12792407361017155,2.7886425438592872,1.0,0.5313420344424173,-0.03066237131837246,0.5620044057607898,408718.29975141
dca_tactical_overlay,278,-0.036569424776991655,0.8,35,5,53,37,20.0,100_50_0,7,4.300000000000001,2.7,2.62787000648132,0.6572918902991427,2.011360541142028,5.0,0.2633206193611364,3.613776909532966,4.0,0.6539480093475498,-0.008032165629985488,354767.0821224275,2.1611169931377803,0.35298573590451876,1.7747544923637244,inf,0.13098243062389248,2.6949090364500434,1.0,0.5254349809837981,-0.036569424776991655,0.5620044057607898,406937.29605639004
dca_tactical_overlay,279,-0.03357698252502894,0.8,33,5,51,39,20.0,100_60_20,7,4.2,2.9000000000000004,2.5833534297510177,0.6509311587595994,1.9840466725153814,5.0,0.2664542990519785,3.517489497561985,4.0,0.6476241559475072,-0.014356019030028144,353900.98605223256,2.1590471214331117,0.35488533625280594,1.7734599286149189,inf,0.1320001653011179,2.688521907857038,1.0,0.5284274232357609,-0.03357698252502894,0.5620044057607898,407590.14155974006
dca_tactical_overlay,280,-0.027035528844673307,0.8,35,5,52,38,20.0,100_60_20,8,4.4,2.5,2.5918131340539916,0.653423796997455,1.9913181361379497,5.0,0.2651746762846896,3.534046203723195,4.0,0.6501019024228367,-0.011878272554698699,354262.1508948175,2.2114460867773293,0.3590341720721315,1.797607280069241,inf,0.12791792079374698,2.806754283092461,1.0,0.5349688769161165,-0.027035528844673307,0.5620044057607898,409232.22076034005
dca_tactical_overlay,281,-0.027035528844673307,0.8,36,5,53,39,20.0,100_60_20,7,4.5,2.6,2.575970679839817,0.647408455032914,1.9814183415659967,5.0,0.2651746762846896,3.502654866076,4.0,0.6441230866568872,-0.017857088320648085,353331.7365656351,2.2114460867773293,0.3590341720721315,1.797607280069241,inf,0.12791792079374698,2.806754283092461,1.0,0.5349688769161165,-0.027035528844673307,0.5620044057607898,409232.22076034005
dca_tactical_overlay,282,-0.04104020724203883,0.7,35,5,49,38,20.0,100_60_20,8,4.2,2.5,2.6592598954126556,0.6586419784818407,2.0214787651426334,5.0,0.26053661978013676,3.6874467137757243,4.0,0.6552901693235604,-0.006690005653974984,354785.52690039756,2.2145826084393776,0.35014571247016235,1.7845197179239822,inf,0.12383803720502518,2.827448822452379,1.0,0.520964198518751,-0.04104020724203883,0.5620044057607898,407177.03504978
dca_tactical_overlay,283,-0.05258251431707839,0.8,36,5,51,39,20.0,100_25_0,7,2.6,2.7,2.6839036074297464,0.6575571264755499,2.0239858310567946,5.0,0.2588117547563652,3.748927382999313,4.0,0.654213717741454,-0.0077664572360814366,354635.59723615507,2.1442991106286318,0.34280257640687517,1.7561819410058621,inf,0.12844224513509794,2.6689238890702125,1.0,0.5094218914437114,-0.05258251431707839,0.5620044057607898,404161.73529888
dca_tactical_overlay,284,-0.027035528844673307,0.8,34,5,50,37,20.0,100_60_20,7,4.300000000000001,2.6,2.593430729849117,0.6538408563542603,1.9931471858319627,5.0,0.26517896096523175,3.5370921532964332,4.0,0.650516368826505,-0.011463806151030376,354332.35942332254,2.2114460867773293,0.3590341720721315,1.797607280069241,inf,0.12791792079374698,2.806754283092461,1.0,0.5349688769161165,-0.027035528844673307,0.5620044057607898,409232.22076034005
dca_tactical_overlay,285,-0.042817674474554535,0.8,35,5,52,38,20.0,100_60_20,30,1.7000000000000002,2.7,2.600796751424696,0.6509164998872015,1.9907984938456902,5.0,0.270915880493688,3.5585768108291838,4.0,0.6476097053648209,-0.014370469612714432,353836.0560498525,2.136814290015935,0.34901593410465104,1.7577693869065587,inf,0.13199957317466648,2.644068656516191,1.0,0.5191867312862353,-0.042817674474554535,0.5620044057607898,406204.5271174001
dca_tactical_overlay,286,-0.02756483527406739,0.8,36,5,53,39,20.0,100_60_20,8,4.5,2.1,2.588651952760129,0.6506891496124004,1.9886412472562796,5.0,0.25938964351709237,3.529193847826447,4.0,0.6473841411638234,-0.014596033813711995,353869.01945905003,2.20743135639021,0.3586986530676062,1.7960593308582995,inf,0.1282166522732192,2.7975980241883764,1.0,0.5344395704867224,-0.02756483527406739,0.5620044057607898,409096.99864445004
dca_tactical_overlay,287,-0.027035528844673307,0.8,34,5,52,39,20.0,100_60_20,7,4.300000000000001,2.5,2.590500147931076,0.6530516608901848,1.9903052853779772,5.0,0.2651746762846896,3.5314220973237465,4.0,0.6497320151459711,-0.012248159831564187,354207.54985947,2.2114460867773293,0.3590341720721315,1.797607280069241,inf,0.12791792079374698,2.806754283092461,1.0,0.5349688769161165,-0.027035528844673307,0.5620044057607898,409232.22076034005
dca_tactical_overlay,288,-0.027035528844673307,0.8,35,5,51,38,20.0,100_60_20,8,4.4,2.6,2.5918131340539916,0.653423796997455,1.9913181361379497,5.0,0.2651746762846896,3.534046203723195,4.0,0.6501019024228367,-0.011878272554698699,354262.1508948175,2.2114460867773293,0.3590341720721315,1.797607280069241,inf,0.12791792079374698,2.806754283092461,1.0,0.5349688769161165,-0.027035528844673307,0.5620044057607898,409232.22076034005
dca_tactical_overlay,289,-0.03210496858420786,0.8,36,5,50,38,20.0,100_60_20,7,4.2,2.7,2.589573268786034,0.6529360688033379,1.9901658659130077,5.0,0.2664542990519785,3.529243676955205,4.0,0.6496172185408645,-0.012362956436670847,354188.65260412754,2.1628643862011905,0.3558193819612334,1.7776214729446944,inf,0.13199666601252358,2.6956694643141517,1.0,0.5298994371765819,-0.03210496858420786,0.5620044057607898,407771.34185663005
dca_tactical_overlay,290,-0.03357698252502894,0.8,35,5,51,39,20.0,100_60_20,7,4.2,2.8000000000000003,2.5881432392168446,0.6524116186027008,1.989459366737257,5.0,0.2664542990519785,3.5263261097964183,4.0,0.6490958406490234,-0.012884334328511993,354098.5696828801,2.1590471214331117,0.35488533625280594,1.7734599286149189,inf,0.1320001653011179,2.688521907857038,1.0,0.5284274232357609,-0.03357698252502894,0.5620044057607898,407590.14155974006
dca_tactical_overlay,291,-0.04507184646860707,0.8,36,5,53,12,20.0,100_60_20,8,3.4000000000000004,2.2,2.6127482921997207,0.646421863894086,1.9943953674296102,5.0,0.26397528482266597,3.590471949450395,4.0,0.643138520240571,-0.018841654736964253,352717.255848515,2.178022097254143,0.34758261651173417,1.7658466855092345,inf,0.12660825027677725,2.7453393894306783,1.0,0.5169325592921827,-0.04507184646860707,0.5620044057607898,405240.8217418801
dca_tactical_overlay,292,-0.03259529817452411,0.8,34,5,52,37,20.0,100_60_20,28,4.300000000000001,2.5,2.58759299637307,0.6526412647702136,1.990847030404569,5.0,0.26819179342653254,3.524258283128262,4.0,0.6493239310479049,-0.01265624392963055,354174.5439336501,2.1971152749819045,0.3555082785974859,1.78426794492052,inf,0.12792289982031602,2.779082393354454,1.0,0.5294091075862657,-0.03259529817452411,0.5620044057607898,408450.26269923
dca_tactical_overlay,293,-0.027035528844673307,0.8,35,5,51,39,20.0,100_60_20,8,4.4,2.6,2.59086177210021,0.653137158830127,1.990896980693148,5.0,0.2651746762846896,3.532040264028163,4.0,0.6498170511670054,-0.01216312381053003,354217.4251537225,2.2114460867773293,0.3590341720721315,1.797607280069241,inf,0.12791792079374698,2.806754283092461,1.0,0.5349688769161165,-0.027035528844673307,0.5620044057607898,409232.22076034005
dca_tactical_overlay,294,-0.027035528844673307,0.8,33,5,53,38,20.0,100_60_20,7,4.300000000000001,2.5,2.5937947758046866,0.6542086859678835,1.992257544785281,5.0,0.2651746762846896,3.5380605450753295,4.0,0.6508820636093912,-0.011098111368144203,354397.46937484,2.2114460867773293,0.3590341720721315,1.797607280069241,inf,0.12791792079374698,2.806754283092461,1.0,0.5349688769161165,-0.027035528844673307,0.5620044057607898,409232.22076034005
dca_tactical_overlay,295,-0.027035528844673307,0.8,35,5,50,39,20.0,100_60_20,7,4.2,2.6,2.5899326921244494,0.6527797375547055,1.9897995441015495,5.0,0.2651746762846896,3.530396647460701,4.0,0.6494617151174892,-0.012518459860046183,354159.15019290755,2.2114460867773293,0.3590341720721315,1.797607280069241,inf,0.12791792079374698,2.806754283092461,1.0,0.5349688769161165,-0.027035528844673307,0.5620044057607898,409232.22076034005
dca_tactical_overlay,296,-0.03357698252502894,0.8,36,5,52,37,20.0,100_60_20,7,4.4,2.9000000000000004,2.5907483744466413,0.6533101553623739,1.9923784728456635,5.0,0.26645715702492156,3.531071721495105,4.0,0.6499890134702828,-0.011991161507252546,354264.76738067257,2.1590471214331117,0.35488533625280594,1.7734599286149189,inf,0.1320001653011179,2.688521907857038,1.0,0.5284274232357609,-0.03357698252502894,0.5620044057607898,407590.14155974006
dca_tactical_overlay,297,-0.037089656389451164,0.8,34,5,49,38,20.0,100_60_20,8,4.5,2.7,2.5932250096477394,0.6539356538503145,1.9917497646047404,5.0,0.2651746762846896,3.5370309138850726,4.0,0.6506106613068959,-0.01136951367063943,354348.8525330975,2.150340798894034,0.35265538524811446,1.7652335961364607,inf,0.1319899998984081,2.671834120157218,1.0,0.5249147493713386,-0.037089656389451164,0.5620044057607898,407099.5982743701
dca_tactical_overlay,298,-0.028447152092152983,0.8,36,5,53,39,20.0,100_60_20,7,4.300000000000001,2.1,2.588651952760129,0.6506891496124004,1.9886412472562796,5.0,0.25938964351709237,3.529193847826447,4.0,0.6473841411638234,-0.014596033813711995,353869.01945905003,2.205151086588792,0.3581392932443759,1.7937492322806827,inf,0.12821534470374885,2.793263895767574,1.0,0.5335572536686368,-0.028447152092152983,0.5620044057607898,408885.5887708901
dca_tactical_overlay,299,-0.027035528844673307,0.8,35,5,51,38,20.0,100_60_20,8,4.2,2.6,2.5918131340539916,0.653423796997455,1.9913181361379497,5.0,0.2651746762846896,3.534046203723195,4.0,0.6501019024228367,-0.011878272554698699,354262.1508948175,2.2114460867773293,0.3590341720721315,1.797607280069241,inf,0.12791792079374698,2.806754283092461,1.0,0.5349688769161165,-0.027035528844673307,0.5620044057607898,409232.22076034005
dca_tactical_overlay,300,-0.040544329070938634,0.8,36,4,50,39,20.0,100_60_20,24,4.5,2.5,2.5558395805211145,0.6350046449230549,1.9554158676700846,5.0,0.2675519105480135,3.4713626143513157,4.0,0.6317924314321803,-0.030187743545354973,351313.72283362254,2.17671502399064,0.3504608313383826,1.7654595205701296,inf,0.1279219444106361,2.739645906361344,1.0,0.5214600766898512,-0.040544329070938634,0.5620044057607898,406138.0066224201
dca_tactical_overlay,301,-0.03114984763088824,0.8,35,5,52,38,20.0,100_50_0,7,4.4,2.2,2.6414678814927894,0.6605673979087391,2.016661672626153,5.0,0.2562171910898907,3.6433320456281333,4.0,0.6572035026361861,-0.004776672341349264,355282.51973145,2.2109358350632196,0.356425303929778,1.7952276110858263,inf,0.12690027087822753,2.8087040434436963,1.0,0.5308545581299016,-0.03114984763088824,0.5620044057607898,408457.73859269003
dca_tactical_overlay,302,-0.03357698252502894,0.8,34,5,53,37,20.0,100_60_20,8,4.300000000000001,2.7,2.5916489014256716,0.6532395296465319,1.9921184700739045,5.0,0.26517896096523175,3.533473449442256,4.0,0.6499186270613039,-0.012061547916231485,354235.00805877754,2.1590471214331117,0.35488533625280594,1.7734599286149189,inf,0.1320001653011179,2.688521907857038,1.0,0.5284274232357609,-0.03357698252502894,0.5620044057607898,407590.14155974006
dca_tactical_overlay,303,-0.05067818157640125,0.7,36,5,48,39,20.0,100_60_20,7,4.2,2.8000000000000003,2.6572706598150195,0.6586099919672402,2.0204765437384924,5.0,0.2624659806755487,3.682873237978805,4.0,0.6552590216702925,-0.006721153307242822,354800.10207992006,2.1348729713278676,0.34401519560191773,1.7487817359494902,inf,0.12996166918182228,2.6470512249317517,1.0,0.5113262241843886,-0.05067818157640125,0.5620044057607898,404746.21102929005
dca_tactical_overlay,304,-0.04832938229031347,0.8,35,5,52,22,20.0,100_60_20,7,3.1,2.0,2.5641658178835356,0.6371539808896235,1.9662900210830336,5.0,0.2636508032803694,3.4864921721354616,4.0,0.6339266718672467,-0.028053503110288647,351210.0272973151,2.1302855028877206,0.34551023942764947,1.7457860874034778,inf,0.1311049613762526,2.6353712003017504,1.0,0.5136750234704763,-0.04832938229031347,0.5620044057607898,405312.41613937
dca_tactical_overlay,305,-0.027035528844673307,0.8,33,5,51,38,20.0,100_60_20,8,4.4,2.6,2.5860508132765765,0.6514712783127505,1.9850945817850405,5.0,0.2651746762846896,3.5234357252964132,4.0,0.6481609772545881,-0.013819197722947263,353971.3835834625,2.2114460867773293,0.3590341720721315,1.797607280069241,inf,0.12791792079374698,2.806754283092461,1.0,0.5349688769161165,-0.027035528844673307,0.5620044057607898,409232.22076034005
dca_tactical_overlay,306,-0.027035528844673307,0.8,36,5,50,39,20.0,100_60_20,7,4.5,2.5,2.5913406759973094,0.6533752234231478,1.9911829074616276,5.0,0.2651746762846896,3.532952074440984,4.0,0.6500538291479552,-0.011926345829580132,354262.8346526775,2.2114460867773293,0.3590341720721315,1.797607280069241,inf,0.12791792079374698,2.806754283092461,1.0,0.5349688769161165,-0.027035528844673307,0.5620044057607898,409232.22076034005
dca_tactical_overlay,307,-0.04749933679807361,0.8,34,5,52,39,20.0,100_25_0,7,4.2,2.7,2.682996594496626,0.6571923924058509,2.0232728168006915,5.0,0.2588117547563652,3.747200282898103,4.0,0.6538509783386401,-0.008129196638895164,354570.9676408201,2.1572620029043055,0.34603841743427743,1.7672880983519414,inf,0.1284345822293319,2.694277595861165,1.0,0.5145050689627162,-0.04749933679807361,0.5620044057607898,404893.98841121007
dca_tactical_overlay,308,-0.027035528844673307,0.8,35,5,53,37,20.0,100_60_20,8,4.300000000000001,2.6,2.5935215444843855,0.6540305115158921,1.9941696753836877,5.0,0.26517896096523175,3.536793687818728,4.0,0.6507053324391655,-0.011274842538369856,354379.1406457126,2.2114460867773293,0.3590341720721315,1.797607280069241,inf,0.12791792079374698,2.806754283092461,1.0,0.5349688769161165,-0.027035528844673307,0.5620044057607898,409232.22076034005
dca_tactical_overlay,309,-0.04899877979346501,0.8,12,5,51,38,20.0,100_60_20,7,4.4,2.1,2.5752136097905622,0.6444134920613968,1.9715933372113523,5.0,0.25872642795270484,3.5066883925126064,4.0,0.6411457128929121,-0.020834462084623306,352720.57506102504,2.1535465762824866,0.3450842256810316,1.7525084437696252,inf,0.12821816143745435,2.6913833564004577,1.0,0.5130056259673248,-0.04899877979346501,0.5620044057607898,404938.1074955401
dca_tactical_overlay,310,-0.027035528844673307,0.8,36,5,50,39,20.0,100_60_20,8,4.300000000000001,2.5,2.5913406759973094,0.6533752234231478,1.9911829074616276,5.0,0.2651746762846896,3.532952074440984,4.0,0.6500538291479552,-0.011926345829580132,354262.8346526775,2.2114460867773293,0.3590341720721315,1.797607280069241,inf,0.12791792079374698,2.806754283092461,1.0,0.5349688769161165,-0.027035528844673307,0.5620044057607898,409232.22076034005
dca_tactical_overlay,311,-0.03066237131837246,0.8,35,5,49,38,20.0,100_60_20,7,4.5,2.6,2.5908817437279104,0.6530652669399437,1.9902186606422383,5.0,0.2651746762846896,3.532398405828521,4.0,0.6497454640993072,-0.012234710878228083,354203.6587588226,2.2021126345544744,0.3567345140531115,1.7891663422131636,inf,0.12792407361017155,2.7886425438592872,1.0,0.5313420344424173,-0.03066237131837246,0.5620044057607898,408718.29975141
dca_tactical_overlay,312,-0.03210496858420786,0.8,34,5,51,39,20.0,100_60_20,7,4.2,2.7,2.5877816150477106,0.6523261206627586,1.9888676714220863,5.0,0.2664542990519785,3.5257079430920015,4.0,0.6490108046279892,-0.01296937034954615,354088.69438862754,2.1628643862011905,0.3558193819612334,1.7776214729446944,inf,0.13199666601252358,2.6956694643141517,1.0,0.5298994371765819,-0.03210496858420786,0.5620044057607898,407771.34185663005
dca_tactical_overlay,313,-0.027035528844673307,0.8,36,5,53,38,20.0,100_60_20,7,4.4,2.2,2.589596382085835,0.6509744184430983,1.9890646724185965,5.0,0.25938964351709237,3.5311826277001197,4.0,0.6476676395213145,-0.01431253545622091,353913.62176250503,2.2114460867773293,0.3590341720721315,1.797607280069241,inf,0.12791792079374698,2.806754283092461,1.0,0.5349688769161165,-0.027035528844673307,0.5620044057607898,409232.22076034005
dca_tactical_overlay,314,-0.027035528844673307,0.8,35,5,52,39,20.0,100_60_20,8,4.300000000000001,2.6,2.59086177210021,0.653137158830127,1.990896980693148,5.0,0.2651746762846896,3.532040264028163,4.0,0.6498170511670054,-0.01216312381053003,354217.4251537225,2.2114460867773293,0.3590341720721315,1.797607280069241,inf,0.12791792079374698,2.806754283092461,1.0,0.5349688769161165,-0.027035528844673307,0.5620044057607898,409232.22076034005
dca_tactical_overlay,315,-0.03357698252502894,0.8,34,5,51,37,20.0,100_60_20,8,4.4,2.8000000000000003,2.5889364354002624,0.6525152810621857,1.9906823325618608,5.0,0.26645715702492156,3.5277729423924233,4.0,0.6491986984433011,-0.012781476534234226,354116.3940006401,2.1590471214331117,0.35488533625280594,1.7734599286149189,inf,0.1320001653011179,2.688521907857038,1.0,0.5284274232357609,-0.03357698252502894,0.5620044057607898,407590.14155974006
dca_tactical_overlay,316,-0.027035528844673307,0.8,36,5,52,38,20.0,100_60_20,7,4.2,2.5,2.592292697031913,0.6536617731110224,1.9916095371115865,5.0,0.2651746762846896,3.5349576752511522,4.0,0.6503385924026328,-0.011641582574902554,354307.54538753506,2.2114460867773293,0.3590341720721315,1.797607280069241,inf,0.12791792079374698,2.806754283092461,1.0,0.5349688769161165,-0.027035528844673307,0.5620044057607898,409232.22076034005
dca_tactical_overlay,317,-0.03066237131837246,0.8,35,5,40,39,20.0,100_60_20,7,4.300000000000001,2.5,2.551285352472139,0.6376021618238915,1.9546510350631658,5.0,0.26242423589027086,3.458319720909369,4.0,0.6343739398189183,-0.027606235158617043,351755.3631677475,2.2021126345544744,0.3567345140531115,1.7891663422131636,inf,0.12792407361017155,2.7886425438592872,1.0,0.5313420344424173,-0.03066237131837246,0.5620044057607898,408718.29975141
dca_tactical_overlay,318,-0.032311302331443414,0.8,36,5,50,39,20.0,100_60_20,21,4.5,2.7,2.605026103080635,0.6571346299362782,1.999223247456913,5.0,0.26109001353074546,3.561336588369019,4.0,0.6537907212498819,-0.008189453727653506,354894.4972342176,2.162364956868073,0.3556884711794943,1.7768302117965975,inf,0.13198897780904706,2.6948346527395715,1.0,0.5296931034293464,-0.032311302331443414,0.5620044057607898,407743.53615959
dca_tactical_overlay,319,-0.03219551978004698,0.8,37,5,48,38,20.0,100_60_20,7,2.9000000000000004,2.6,2.575654807645783,0.6474580947278283,1.9797510916037155,5.0,0.2651746762846896,3.5024532957211596,4.0,0.644172241689493,-0.017807933288042366,353351.9853040076,2.198169838061544,0.3557619313475855,1.7853875197953164,inf,0.12792258061136919,2.781072189501835,1.0,0.5298088859807428,-0.03219551978004698,0.5620044057607898,408503.40260252
dca_tactical_overlay,320,-0.027045931436774806,0.8,35,5,53,38,20.0,100_60_20,8,4.1,2.0,2.60079516431486,0.6549460690294331,1.9955232194518573,5.0,0.26109001353074546,3.5537848427252827,4.0,0.6516154799883539,-0.010364694989181467,354438.22917316004,2.208702095265993,0.3590275783496,1.7968820252198272,inf,0.12821625108963008,2.8001721723919406,1.0,0.534958474324015,-0.027045931436774806,0.5620044057607898,409140.2515622001
dca_tactical_overlay,321,-0.028528075956492316,0.8,34,5,52,40,20.0,100_60_20,7,4.300000000000001,2.3,2.610096412738922,0.6585378883641857,2.002319152518741,5.0,0.2600656692175487,3.5718010619999068,4.0,0.6551855488606464,-0.006794626116888969,355088.5065632601,2.207452441471046,0.3580879856011987,1.7929741519518363,inf,0.1279180869077341,2.7993538228841994,1.0,0.5334763298042975,-0.028528075956492316,0.5620044057607898,408915.13735846005
dca_tactical_overlay,322,-0.03142727775920218,0.8,36,5,51,39,45.0,100_60_20,8,4.4,2.1,2.600064147115599,0.6546785911523433,2.0028258339450558,5.0,0.2593911562224467,3.54941881317479,4.0,0.651350460212099,-0.010629714765436338,354451.11304832756,2.1984754303291543,0.35624931529117143,1.7931170686583442,inf,0.1282163324723442,2.7785018368702215,1.0,0.5305771280015876,-0.03142727775920218,0.5620044057607898,408077.7410845301
dca_tactical_overlay,323,-0.04283206067654155,0.8,35,5,53,37,20.0,100_50_0,18,4.2,2.6,2.6443949553551223,0.6616943778432549,2.0208044841448998,5.0,0.25622499855220127,3.6482525246121504,4.0,0.6583241481762987,-0.003656026801236667,355501.3608365525,2.145746999058717,0.349006788539751,1.7622186674679785,inf,0.1309721672856915,2.664740118245561,1.0,0.5191723450842483,-0.04283206067654155,0.5620044057607898,406009.11018175003
dca_tactical_overlay,324,-0.03210496858420786,0.8,37,5,49,39,20.0,100_60_20,7,4.4,2.7,2.57222869525857,0.6467551327941646,1.9788870363608773,5.0,0.2664542990519785,3.4947381472510854,4.0,0.6434737184292497,-0.018506456548285644,353255.76098098,2.1628643862011905,0.3558193819612334,1.7776214729446944,inf,0.13199666601252358,2.6956694643141517,1.0,0.5298994371765819,-0.03210496858420786,0.5620044057607898,407771.34185663005
dca_tactical_overlay,325,-0.028528075956492316,0.8,33,5,51,40,20.0,100_60_20,7,4.0,2.5,2.5902472705437853,0.6529120072409533,1.987779703089378,5.0,0.26518834625935694,3.5318415665745277,4.0,0.6495930450012959,-0.01238712997623953,354176.3041548375,2.207452441471046,0.3580879856011987,1.7929741519518363,inf,0.1279180869077341,2.7993538228841994,1.0,0.5334763298042975,-0.028528075956492316,0.5620044057607898,408915.13735846005
dca_tactical_overlay,326,-0.035716364354266616,0.7,35,5,50,38,20.0,100_60_20,8,4.300000000000001,2.2,2.6788658918555583,0.6635449428743974,2.032442553381525,5.0,0.2518085639085925,3.728680389979425,4.0,0.6601638177943367,-0.001816357183198558,355588.59781649255,2.2286351611838344,0.3535273658857072,1.7972953765160773,inf,0.12383753154116561,2.8547675449117698,1.0,0.5262880414065232,-0.035716364354266616,0.5620044057607898,407925.92170793004
dca_tactical_overlay,327,-0.027035528844673307,0.8,36,5,52,39,20.0,100_60_20,7,4.2,2.4000000000000004,2.5913413350781314,0.6533751349436943,1.9911883816667848,5.0,0.2651746762846896,3.5329517355561206,4.0,0.6500537411468015,-0.011926433830733885,354262.81964644,2.2114460867773293,0.3590341720721315,1.797607280069241,inf,0.12791792079374698,2.806754283092461,1.0,0.5349688769161165,-0.027035528844673307,0.5620044057607898,409232.22076034005
dca_tactical_overlay,328,-0.043327168401831484,0.8,34,5,37,37,20.0,100_25_0,8,4.5,2.6,2.637821914996497,0.6404246570264467,1.988421081432692,5.0,0.2576769596882377,3.659883924100636,4.0,0.6371826923380278,-0.02479748263950754,351920.45070002,2.2046512978035695,0.3486920247419554,1.783737639111421,inf,0.12434579618568287,2.8042124095716208,1.0,0.5186772373589583,-0.043327168401831484,0.5620044057607898,406263.98193775
dca_tactical_overlay,329,-0.03357698252502894,0.8,35,5,53,39,20.0,100_60_20,7,4.6,2.8000000000000003,2.589654258106425,0.6531171025321187,1.9909188767318695,5.0,0.2664542990519785,3.5290281814684734,4.0,0.6497975100058508,-0.01218266497168452,354232.8269755625,2.1590471214331117,0.35488533625280594,1.7734599286149189,inf,0.1320001653011179,2.688521907857038,1.0,0.5284274232357609,-0.03357698252502894,0.5620044057607898,407590.14155974006
dca_tactical_overlay,330,-0.03210496858420786,0.8,36,5,51,38,20.0,100_60_20,7,4.300000000000001,2.7,2.589573268786034,0.6529360688033379,1.9901658659130077,5.0,0.2664542990519785,3.529243676955205,4.0,0.6496172185408645,-0.012362956436670847,354188.65260412754,2.1628643862011905,0.3558193819612334,1.7776214729446944,inf,0.13199666601252358,2.6956694643141517,1.0,0.5298994371765819,-0.03210496858420786,0.5620044057607898,407771.34185663005
dca_tactical_overlay,331,-0.0672790562768899,0.8,37,5,54,40,20.0,100_60_20,7,4.1,0.6,2.5109947089308107,0.6144052280381084,1.9037881779576455,5.0,0.27040357117391933,3.3940308552451834,4.0,0.6113111202922257,-0.05066905468530969,347962.9853959301,2.0983497141316736,0.33342960484989703,1.7089544625801023,inf,0.1292302039490245,2.5801213235059195,1.0,0.4947253494838999,-0.0672790562768899,0.5620044057607898,401284.7814781902
dca_tactical_overlay,332,-0.027035528844673307,0.8,35,5,52,38,20.0,100_60_20,8,4.4,2.5,2.5918131340539916,0.653423796997455,1.9913181361379497,5.0,0.2651746762846896,3.534046203723195,4.0,0.6501019024228367,-0.011878272554698699,354262.1508948175,2.2114460867773293,0.3590341720721315,1.797607280069241,inf,0.12791792079374698,2.806754283092461,1.0,0.5349688769161165,-0.027035528844673307,0.5620044057607898,409232.22076034005
dca_tactical_overlay,333,-0.03210496858420786,0.8,36,5,53,39,20.0,100_60_20,7,4.2,2.7,2.573252146956452,0.6466829148054878,1.9799807276101058,5.0,0.2664542990519785,3.496940711844255,4.0,0.6434018761389053,-0.018578298838630047,353212.8810947925,2.1628643862011905,0.3558193819612334,1.7776214729446944,inf,0.13199666601252358,2.6956694643141517,1.0,0.5298994371765819,-0.03210496858420786,0.5620044057607898,407771.34185663005
dca_tactical_overlay,334,-0.028528075956492316,0.8,34,5,50,40,20.0,100_60_20,8,4.4,2.6,2.5991647786582472,0.6558518687043777,1.9961166866339362,5.0,0.26518834625935694,3.5488083894601314,4.0,0.6525156363598225,-0.009464538617712903,354647.6249270875,2.207452441471046,0.3580879856011987,1.7929741519518363,inf,0.1279180869077341,2.7993538228841994,1.0,0.5334763298042975,-0.028528075956492316,0.5620044057607898,408915.13735846005
dca_tactical_overlay,335,-0.056907244426987136,0.75,35,2,51,39,20.0,100_60_20,7,4.300000000000001,2.4000000000000004,2.6302990258453773,0.6278988620498533,1.9640814362362078,5.0,0.2595693058787323,3.6595802894623386,4.0,0.6247293971279366,-0.03725077784959868,349844.9681864601,2.2051522714595766,0.3400471086082473,1.763109241947603,inf,0.12054484116808739,2.8209179697212137,1.0,0.5050971613338027,-0.056907244426987136,0.5620044057607898,403829.45392674
dca_tactical_overlay,336,-0.03381450488704907,0.8,36,5,52,38,20.0,100_60_20,17,4.2,2.3,2.5859145337071596,0.6519408698192408,1.98840818732184,5.0,0.2682071376561568,3.5215008853895,4.0,0.648627949869891,-0.013352225107644278,354025.63765740755,2.1939345286592906,0.3547345958438286,1.7809781491420775,inf,0.1279219084638442,2.773055844019796,1.0,0.5281899008737407,-0.03381450488704907,0.5620044057607898,408308.82628955005
dca_tactical_overlay,337,-0.027035528844673307,0.8,33,5,50,37,20.0,100_60_20,8,4.5,2.5,2.5854676168216373,0.6510474766041793,1.985210738360923,5.0,0.26517896096523175,3.522251416945917,4.0,0.6477396146604955,-0.014240560317039963,353895.59368042,2.2114460867773293,0.3590341720721315,1.797607280069241,inf,0.12791792079374698,2.806754283092461,1.0,0.5349688769161165,-0.027035528844673307,0.5620044057607898,409232.22076034005
dca_tactical_overlay,338,-0.04629711181658758,0.8,37,4,54,39,20.0,100_60_20,7,1.3,2.6,2.582917431370581,0.6278607765132287,1.9418121319861634,5.0,0.2664944144317074,3.5495074058946043,4.0,0.624685114099222,-0.03729506087831336,350157.60445611505,2.163257060319986,0.3468032764561124,1.760407734057901,inf,0.12791682184097342,2.711162390254343,1.0,0.5157072939442022,-0.04629711181658758,0.5620044057607898,405721.04272220004
dca_tactical_overlay,339,-0.03570784615690514,0.8,34,5,49,38,20.0,100_60_20,7,4.1,2.7,2.590509729496492,0.6532106408616383,1.9903122823664763,5.0,0.2664542990519785,3.5313244479901913,4.0,0.6498899727087004,-0.012090202268835004,354230.0819935925,2.153896832034825,0.3535327738743461,1.7692066844281715,inf,0.13199154523542678,2.6784501480285514,1.0,0.5262965596038847,-0.03570784615690514,0.5620044057607898,407262.78440462
dca_tactical_overlay,340,-0.027035528844673307,0.8,35,5,53,39,20.0,100_60_20,8,4.4,2.2,2.605054063910102,0.6571233373390315,1.9995793963780433,5.0,0.26109001353074546,3.5612813174506655,4.0,0.6537797750307689,-0.008200399946766468,354888.96533982,2.2114460867773293,0.3590341720721315,1.797607280069241,inf,0.12791792079374698,2.806754283092461,1.0,0.5349688769161165,-0.027035528844673307,0.5620044057607898,409232.22076034005
dca_tactical_overlay,341,-0.02993655833878006,0.8,36,5,52,40,20.0,100_60_20,7,4.6,2.1,2.6109603069179004,0.6588670128242353,2.0032199073796164,5.0,0.259875792547129,3.573376616207069,4.0,0.6555128926103672,-0.006467282367168203,355144.6732214701,2.2011701422757843,0.35719485122244343,1.789123809443703,inf,0.1282156757878492,2.7858906411215454,1.0,0.5320678474220097,-0.02993655833878006,0.5620044057607898,408569.2262695301
dca_tactical_overlay,342,-0.04696008830724252,0.8,37,5,51,37,20.0,100_60_20,7,2.1,2.8000000000000003,2.562308963647121,0.6402559512425208,1.963265080446612,5.0,0.26645715702492156,3.4806627424320484,4.0,0.6370093185655854,-0.02497085641194996,351942.67626558256,2.1263538910740127,0.3463815102132244,1.7475313799304917,inf,0.13199962891235206,2.6241097271812954,1.0,0.5150443174535473,-0.04696008830724252,0.5620044057607898,405715.49482508004
dca_tactical_overlay,343,-0.0397351429358741,0.8,35,5,52,39,20.0,100_60_20,19,4.300000000000001,2.6,2.586756498367725,0.6525261120751353,1.989602906844387,5.0,0.2682071376561568,3.5227197307577898,4.0,0.6492096512067784,-0.012770523770756936,354154.80772861256,2.144171820386106,0.35097498737409016,1.762407496690247,inf,0.13199644493673357,2.6589730317533466,1.0,0.5222692628249157,-0.0397351429358741,0.5620044057607898,406636.81884219
dca_tactical_overlay,344,-0.027035528844673307,0.8,34,5,53,38,20.0,100_60_20,8,4.300000000000001,2.5,2.5914515098848576,0.6533382990575128,1.990726440822779,5.0,0.2651746762846896,3.533428037018778,4.0,0.6500168664018025,-0.011963308575732856,354252.2756005651,2.2114460867773293,0.3590341720721315,1.797607280069241,inf,0.12791792079374698,2.806754283092461,1.0,0.5349688769161165,-0.027035528844673307,0.5620044057607898,409232.22076034005
dca_tactical_overlay,345,-0.037201244181755744,0.8,36,5,51,40,20.0,100_50_0,7,2.4000000000000004,2.5,2.636323896767893,0.6598538741565744,2.0150091277218842,5.0,0.2622471425054893,3.631625751643746,4.0,0.6564946961855025,-0.005485478792032927,355153.23604402004,2.1955321461123196,0.35258452206152113,1.7822493517978275,inf,0.1268976671503783,2.778494908371292,1.0,0.5248031615790341,-0.037201244181755744,0.5620044057607898,407479.66576986003
dca_tactical_overlay,346,-0.027045931436774806,0.8,35,5,54,38,20.0,100_60_20,7,4.0,2.0,2.600427254383908,0.6544619763966127,1.9949570322605183,5.0,0.2601494934195405,3.5534396706927813,4.0,0.6511345348614868,-0.01084564011604855,354307.31674260006,2.208702095265993,0.3590275783496,1.7968820252198272,inf,0.12821625108963008,2.8001721723919406,1.0,0.534958474324015,-0.027045931436774806,0.5620044057607898,409140.2515622001
dca_tactical_overlay,347,-0.027035528844673307,0.8,36,5,50,39,20.0,100_60_20,8,4.5,2.6,2.5913406759973094,0.6533752234231478,1.9911829074616276,5.0,0.2651746762846896,3.532952074440984,4.0,0.6500538291479552,-0.011926345829580132,354262.8346526775,2.2114460867773293,0.3590341720721315,1.797607280069241,inf,0.12791792079374698,2.806754283092461,1.0,0.5349688769161165,-0.027035528844673307,0.5620044057607898,409232.22076034005
dca_tactical_overlay,348,-0.028528075956492316,0.8,35,5,51,40,20.0,100_60_20,7,4.2,2.3,2.6104820516584555,0.6586303075793458,2.002933002046767,5.0,0.259875792547129,3.5724657762917023,4.0,0.6552774681664393,-0.006702706811096026,355099.6404462425,2.207452441471046,0.3580879856011987,1.7929741519518363,inf,0.1279180869077341,2.7993538228841994,1.0,0.5334763298042975,-0.028528075956492316,0.5620044057607898,408915.13735846005
dca_tactical_overlay,349,-0.04538118486625664,0.7,34,5,52,37,20.0,100_60_20,8,4.4,2.7,2.660337775321917,0.6588685416413784,2.0242113317693273,5.0,0.2605580403953861,3.688947140676397,4.0,0.6555152845543666,-0.006464890423168834,354825.97460971505,2.14834959504109,0.3473858761721238,1.7615338914378174,inf,0.12996342186571652,2.672951136444045,1.0,0.5166232208945332,-0.04538118486625664,0.5620044057607898,405491.41495559004
dca_tactical_overlay,350,-0.04403138089149139,0.8,37,5,58,20,20.0,100_60_20,7,4.2,2.9000000000000004,2.5669767788273186,0.6377397671418583,1.9765951161433768,5.0,0.2631298638224725,3.4892162610971584,4.0,0.6345107103633076,-0.02746946461422778,351399.0193885601,2.1357386933115974,0.34824427276026393,1.7530251109411235,inf,0.1317187180953514,2.6438480255188126,1.0,0.5179730248692984,-0.04403138089149139,0.5620044057607898,405738.3316608001
dca_tactical_overlay,351,-0.04896627059280978,0.8,36,5,53,38,20.0,100_25_0,10,4.300000000000001,2.6,2.679623208463721,0.6540302097547994,2.0198748537033118,5.0,0.25168423361591985,3.7424078902540243,4.0,0.6507079985340785,-0.01127217644345685,354118.84897903755,2.1536001969781027,0.34510491621884753,1.7646805799288594,inf,0.1284381629146819,2.686934384510713,1.0,0.51303813516798,-0.04896627059280978,0.5620044057607898,404672.88384777005
dca_tactical_overlay,352,-0.0366896876830578,0.8,35,5,32,39,20.0,100_60_20,7,4.4,2.4000000000000004,2.5482935732435212,0.6367416167655868,1.9544120104741685,5.0,0.2645161646719817,3.4515739694336767,4.0,0.6335187804356119,-0.02846139454192348,351588.8952433475,2.1867392203779685,0.3529093709756319,1.7752172629837155,inf,0.12791858186301963,2.758859313758977,1.0,0.525314718077732,-0.0366896876830578,0.5620044057607898,407338.1104525401
dca_tactical_overlay,353,-0.041402535614149416,0.8,36,5,60,18,20.0,100_60_20,8,4.1,2.2,2.547433278850126,0.6366838696685241,1.9710906735662412,5.0,0.26440383482278884,3.4432122338266753,4.0,0.6334602784856876,-0.028519896491847718,351329.15018987504,2.1429427205998333,0.3499154428909501,1.762757295308358,inf,0.13170977955017682,2.6567157282170117,1.0,0.5206018701466404,-0.041402535614149416,0.5620044057607898,405852.36390221
dca_tactical_overlay,354,-0.03570784615690514,0.8,35,5,47,39,20.0,100_60_20,7,4.2,2.7,2.5876171724433568,0.6522362966053484,1.9874783438753147,5.0,0.2664542990519785,3.525885079257798,4.0,0.6489214733562415,-0.013058701621293856,354066.67052173254,2.153896832034825,0.3535327738743461,1.7692066844281715,inf,0.13199154523542678,2.6784501480285514,1.0,0.5262965596038847,-0.03570784615690514,0.5620044057607898,407262.78440462
dca_tactical_overlay,355,-0.028528075956492316,0.8,34,5,50,40,20.0,100_60_20,7,4.5,2.5,2.5991647786582472,0.6558518687043777,1.9961166866339362,5.0,0.26518834625935694,3.5488083894601314,4.0,0.6525156363598225,-0.009464538617712903,354647.6249270875,2.207452441471046,0.3580879856011987,1.7929741519518363,inf,0.1279180869077341,2.7993538228841994,1.0,0.5334763298042975,-0.028528075956492316,0.5620044057607898,408915.13735846005
dca_tactical_overlay,356,-0.02756483527406739,0.8,37,5,54,38,20.0,100_60_20,8,4.300000000000001,2.1,2.5925012775303315,0.6522167944423598,1.992537962172238,5.0,0.25938964351709237,3.5362122974933174,4.0,0.6489032281645071,-0.01307694681302829,354145.8017030526,2.20743135639021,0.3586986530676062,1.7960593308582995,inf,0.1282166522732192,2.7975980241883764,1.0,0.5344395704867224,-0.02756483527406739,0.5620044057607898,409096.99864445004
dca_tactical_overlay,357,-0.04233353086785052,0.75,36,5,49,38,20.0,100_60_20,10,4.6,2.8000000000000003,2.6281982321262096,0.6574732878032454,2.009929661223066,5.0,0.2628739314830708,3.6149982565530774,4.0,0.6541284025862328,-0.00785177239130247,354798.04444765,2.1466630323032634,0.3493236984760959,1.7614071696796596,inf,0.1309774888935883,2.6670514256072004,1.0,0.5196708748929393,-0.04233353086785052,0.5620044057607898,406106.81806199
dca_tactical_overlay,358,-0.027035528844673307,0.8,33,5,51,39,20.0,100_60_20,7,4.4,2.6,2.585101736137471,0.6511854450117538,1.9846730390387919,5.0,0.2651746762846896,3.5214350409026745,4.0,0.647876924159852,-0.014103250817683377,353926.7776175125,2.2114460867773293,0.3590341720721315,1.797607280069241,inf,0.12791792079374698,2.806754283092461,1.0,0.5349688769161165,-0.027035528844673307,0.5620044057607898,409232.22076034005
dca_tactical_overlay,359,-0.027035528844673307,0.8,35,5,52,39,20.0,100_60_20,8,4.300000000000001,2.4000000000000004,2.6035430450205217,0.6564178534096134,1.9981198863834309,5.0,0.26109001353074546,3.5585792457786103,4.0,0.6530781056739414,-0.00890206930359394,354754.70804713754,2.2114460867773293,0.3590341720721315,1.797607280069241,inf,0.12791792079374698,2.806754283092461,1.0,0.5349688769161165,-0.027035528844673307,0.5620044057607898,409232.22076034005
dca_tactical_overlay,360,-0.027035528844673307,0.8,35,5,53,37,20.0,100_60_20,7,4.1,2.6,2.5935215444843855,0.6540305115158921,1.9941696753836877,5.0,0.26517896096523175,3.536793687818728,4.0,0.6507053324391655,-0.011274842538369856,354379.1406457126,2.2114460867773293,0.3590341720721315,1.797607280069241,inf,0.12791792079374698,2.806754283092461,1.0,0.5349688769161165,-0.027035528844673307,0.5620044057607898,409232.22076034005
dca_tactical_overlay,361,-0.035056677247375045,0.8,34,5,58,40,20.0,100_60_20,8,4.2,2.7,2.6011452508500037,0.6562736427509568,1.9984932002361107,5.0,0.26518834625935694,3.5525525353237573,4.0,0.6529354563264635,-0.00904471865107176,354703.9601876625,2.155199213619875,0.3539461592133166,1.7688362153407458,inf,0.1319967881627777,2.6814755430020933,1.0,0.5269477285134148,-0.035056677247375045,0.5620044057607898,407276.332766
dca_tactical_overlay,362,-0.04156799869255834,0.8,37,5,52,24,20.0,100_60_20,7,4.5,2.5,2.5736088484791564,0.64071172383389,1.9725426961921544,5.0,0.2629954511755017,3.505091632787861,4.0,0.6374646366616434,-0.024515538315891983,352100.78381083003,2.1472707832318716,0.349810281399785,1.7613539707903392,inf,0.1311056291958519,2.668156078006548,1.0,0.5204364070682315,-0.04156799869255834,0.5620044057607898,406398.1828896401
dca_tactical_overlay,363,-0.027035528844673307,0.8,36,5,60,38,20.0,100_60_20,7,4.4,2.3,2.5918130627005374,0.6520128852958983,1.9922030730053206,5.0,0.25961156536914165,3.5347700007282024,4.0,0.6487004189703232,-0.013279756007212262,354086.582909915,2.2114460867773293,0.3590341720721315,1.797607280069241,inf,0.12791792079374698,2.806754283092461,1.0,0.5349688769161165,-0.027035528844673307,0.5620044057607898,409232.22076034005
dca_tactical_overlay,364,-0.027035528844673307,0.8,35,5,51,38,20.0,100_60_20,7,4.300000000000001,2.6,2.5918131340539916,0.653423796997455,1.9913181361379497,5.0,0.2651746762846896,3.534046203723195,4.0,0.6501019024228367,-0.011878272554698699,354262.1508948175,2.2114460867773293,0.3590341720721315,1.797607280069241,inf,0.12791792079374698,2.806754283092461,1.0,0.5349688769161165,-0.027035528844673307,0.5620044057607898,409232.22076034005
dca_tactical_overlay,365,-0.04937079534708877,0.8,36,5,20,39,20.0,100_60_20,10,4.300000000000001,2.5,2.5779840770578915,0.6413905153317567,1.9687540225593811,5.0,0.26146560750266135,3.5169422685345415,4.0,0.6381398069157006,-0.02384036806183476,352402.95389754506,2.165799138279859,0.3448474467360416,1.7540298895415858,inf,0.12670502658043392,2.721655612590304,1.0,0.512633610413701,-0.04937079534708877,0.5620044057607898,405157.4613152901
dca_tactical_overlay,366,-0.03357698252502894,0.8,34,5,50,39,20.0,100_60_20,8,4.4,2.7,2.5922844484002514,0.653652801643882,1.9913353908264264,5.0,0.2651746762846896,3.5350465990944264,4.0,0.6503295730749421,-0.011650601902593205,354304.8442802525,2.1590471214331117,0.35488533625280594,1.7734599286149189,inf,0.1320001653011179,2.688521907857038,1.0,0.5284274232357609,-0.03357698252502894,0.5620044057607898,407590.14155974006
dca_tactical_overlay,367,-0.05602943724957754,0.8,36,5,53,10,20.0,100_50_0,7,4.1,2.2,2.6789258136855123,0.6565757971915922,2.042668262706667,5.0,0.25462164139130383,3.7302127842118336,4.0,0.6532331865421409,-0.008746988435394454,354242.1516568151,2.1306055700283775,0.3406065782981158,1.7461283837679678,inf,0.12899712828915177,2.640419851321292,1.0,0.5059749685112123,-0.05602943724957754,0.5620044057607898,401975.23064828006
dca_tactical_overlay,368,-0.032311302331443414,0.8,35,5,54,37,20.0,100_60_20,10,4.5,2.8000000000000003,2.5978449555301215,0.6554278396873061,1.997751621261437,5.0,0.26517896096523175,3.5452129470403904,4.0,0.6520948308504215,-0.009885344127113782,354613.9197233351,2.162364956868073,0.3556884711794943,1.7768302117965975,inf,0.13198897780904706,2.6948346527395715,1.0,0.5296931034293464,-0.032311302331443414,0.5620044057607898,407743.53615959
dca_tactical_overlay,369,-0.03792616523587644,0.7,37,5,52,40,20.0,100_60_20,8,4.2,2.6,2.6518777924201213,0.6552919919073494,2.0212796298785123,5.0,0.2605412414904579,3.671573046760487,4.0,0.6519624835043314,-0.010017691473204027,354336.49675468757,2.222543489574702,0.35212412922925074,1.7902547141024021,inf,0.12383768793049732,2.8434326828426975,1.0,0.5240782405249134,-0.03792616523587644,0.5620044057607898,407455.39951211
dca_tactical_overlay,370,-0.038830412093097566,0.8,35,5,29,39,20.0,100_60_20,7,4.2,2.4000000000000004,2.546990044472246,0.6363321169376144,1.953794887095489,5.0,0.2645161646719817,3.4488530148968564,4.0,0.633111995594106,-0.028868179383429338,351530.0179741075,2.18142621628457,0.35154976049069075,1.7714891125165133,inf,0.12792047862506717,2.748189846295661,1.0,0.5231739936676922,-0.038830412093097566,0.5620044057607898,406678.96915133006
dca_tactical_overlay,371,-0.037629072394737006,0.8,36,5,51,38,20.0,100_60_20,26,3.9000000000000004,3.0,2.6073279312938666,0.6580664627852568,2.000736225920892,5.0,0.26109001353074546,3.565826332971518,4.0,0.6547168915782755,-0.007263283399259801,355066.4389419075,2.149047163781738,0.35231281855830776,1.764336074306623,inf,0.1319898011614853,2.669242740408892,1.0,0.5243753333660528,-0.037629072394737006,0.5620044057607898,406996.60520770005
dca_tactical_overlay,372,-0.05023783443590757,0.8,34,5,50,40,20.0,100_25_0,7,4.300000000000001,2.7,2.6981226761173414,0.6617288033886659,2.033538293758948,5.0,0.2588281608181372,3.777770349574377,4.0,0.6583604904376931,-0.003619684539842294,355278.53542960505,2.149904430584168,0.34429553300520777,1.7585514829916191,inf,0.12843417125445633,2.680715962444937,1.0,0.5117665713248822,-0.05023783443590757,0.5620044057607898,404312.3338836401
dca_tactical_overlay,373,-0.02756483527406739,0.8,37,5,53,38,20.0,100_60_20,8,4.5,2.1,2.5925012775303315,0.6522167944423598,1.992537962172238,5.0,0.25938964351709237,3.5362122974933174,4.0,0.6489032281645071,-0.01307694681302829,354145.8017030526,2.20743135639021,0.3586986530676062,1.7960593308582995,inf,0.1282166522732192,2.7975980241883764,1.0,0.5344395704867224,-0.02756483527406739,0.5620044057607898,409096.99864445004
dca_tactical_overlay,374,-0.027035528844673307,0.8,35,5,52,39,20.0,100_60_20,7,4.4,2.5,2.59086177210021,0.653137158830127,1.990896980693148,5.0,0.2651746762846896,3.532040264028163,4.0,0.6498170511670054,-0.01216312381053003,354217.4251537225,2.2114460867773293,0.3590341720721315,1.797607280069241,inf,0.12791792079374698,2.806754283092461,1.0,0.5349688769161165,-0.027035528844673307,0.5620044057607898,409232.22076034005
dca_tactical_overlay,375,-0.03066237131837246,0.8,36,5,49,39,20.0,100_60_20,8,4.300000000000001,2.6,2.591805335183164,0.6535707194240657,1.9918507494113327,5.0,0.2651746762846896,3.533716885837173,4.0,0.6502484204953508,-0.011731754482184553,354303.28277984256,2.2021126345544744,0.3567345140531115,1.7891663422131636,inf,0.12792407361017155,2.7886425438592872,1.0,0.5313420344424173,-0.03066237131837246,0.5620044057607898,408718.29975141
dca_tactical_overlay,376,-0.03210496858420786,0.8,34,5,58,38,20.0,100_60_20,7,4.0,2.7,2.59072112459382,0.6531617791962199,1.991001273409093,5.0,0.2664542990519785,3.531631060973584,4.0,0.6498417085153207,-0.01213846646221467,354193.782564525,2.1628643862011905,0.3558193819612334,1.7776214729446944,inf,0.13199666601252358,2.6956694643141517,1.0,0.5298994371765819,-0.03210496858420786,0.5620044057607898,407771.34185663005
dca_tactical_overlay,377,-0.027035528844673307,0.8,36,5,54,37,20.0,100_60_20,7,4.2,2.6,2.579560817853868,0.6486733576128145,1.9863056930087877,5.0,0.26517896096523175,3.5088505389914215,4.0,0.6453809428117161,-0.016599232165819267,353564.1425867375,2.2114460867773293,0.3590341720721315,1.797607280069241,inf,0.12791792079374698,2.806754283092461,1.0,0.5349688769161165,-0.027035528844673307,0.5620044057607898,409232.22076034005
dca_tactical_overlay,378,-0.031672833031128,0.8,33,5,51,40,40.0,100_60_20,8,4.4,2.5,2.587177511127413,0.6511986374866992,1.9918455280955176,5.0,0.2651775935554982,3.5239246886644517,4.0,0.6478909644771782,-0.014089210500357163,353897.63124361256,2.200713690390285,0.3560935390033688,1.7893581536173733,inf,0.127831567023047,2.785646357125295,1.0,0.5303315727296618,-0.031672833031128,0.5620044057607898,408189.73055457004
dca_tactical_overlay,379,-0.027045931436774806,0.8,35,5,52,39,20.0,100_60_20,7,4.6,2.0,2.5963529411936137,0.6530138666387036,1.9919750863727304,5.0,0.26109001353074546,3.545456182248568,4.0,0.6496944950828986,-0.012285679894636803,354079.66604352504,2.208702095265993,0.3590275783496,1.7968820252198272,inf,0.12821625108963008,2.8001721723919406,1.0,0.534958474324015,-0.027045931436774806,0.5620044057607898,409140.2515622001
dca_tactical_overlay,380,-0.03239213269483554,0.8,34,5,60,38,20.0,100_60_20,9,3.6,2.3,2.6076251480676884,0.6578649232945886,2.001166447276794,5.0,0.2601494934195405,3.5665587566499477,4.0,0.6545171115502608,-0.007463063427274597,354982.28895969,2.197715032949809,0.3556371860729026,1.785071804242838,inf,0.12791944859487747,2.780165095920716,1.0,0.5296122730659543,-0.03239213269483554,0.5620044057607898,408479.87722716003
dca_tactical_overlay,381,-0.03584129367535582,0.75,36,5,48,38,20.0,100_60_20,8,4.1,2.4000000000000004,2.64358772026962,0.6612064614886577,2.0169540153687495,5.0,0.25560872341961616,3.6480435613980102,4.0,0.6578391860512582,-0.004140988926277178,355384.87317444256,2.2083283977163255,0.35344805042593697,1.7870917116655378,inf,0.12587638971759918,2.807897900622107,1.0,0.526163112085434,-0.03584129367535582,0.5620044057607898,407950.34876612003
dca_tactical_overlay,382,-0.03152343489582665,0.8,35,5,45,40,15.0,100_60_20,7,4.4,2.2,2.6083596128632105,0.657219387149963,1.998869525990334,5.0,0.2600656692175487,3.5697396024117864,4.0,0.6538748306770701,-0.008105344300465278,354828.52853033756,2.1997880031293784,0.3561883156067669,1.786177607821303,inf,0.12792098305990285,2.78444010581103,1.0,0.5304809708649632,-0.03152343489582665,0.5620044057607898,408628.57093432004
dca_tactical_overlay,383,-0.035628262916670206,0.8,38,5,53,39,20.0,100_60_20,10,4.300000000000001,2.6,2.575491152352666,0.64598317074434,1.9827859299692154,5.0,0.25961156536914165,3.5020099833528473,4.0,0.642706528650304,-0.019273646327231386,353147.9958970675,2.1544018489039893,0.3535832988518759,1.7716826064846893,inf,0.13199617087844662,2.678739061131445,1.0,0.5263761428441196,-0.035628262916670206,0.5620044057607898,407243.50183174
dca_tactical_overlay,384,-0.027035528844673307,0.8,37,5,50,37,20.0,100_60_20,7,4.300000000000001,2.5,2.577062397455806,0.6480862892252606,1.9830133104566887,5.0,0.26517896096523175,3.504278698552382,4.0,0.6447968111905085,-0.017183363787026895,353474.33684549504,2.2114460867773293,0.3590341720721315,1.797607280069241,inf,0.12791792079374698,2.806754283092461,1.0,0.5349688769161165,-0.027035528844673307,0.5620044057607898,409232.22076034005
dca_tactical_overlay,385,-0.03357698252502894,0.8,35,5,51,38,20.0,100_60_20,9,4.2,2.8000000000000003,2.59278885150445,0.6538961532230094,1.9921299484548487,5.0,0.2651746762846896,3.535827505890402,4.0,0.6505714373321372,-0.011408737645398181,354355.40486303,2.1590471214331117,0.35488533625280594,1.7734599286149189,inf,0.1320001653011179,2.688521907857038,1.0,0.5284274232357609,-0.03357698252502894,0.5620044057607898,407590.14155974006
dca_tactical_overlay,386,-0.03357698252502894,0.8,36,5,55,39,20.0,100_60_20,8,4.4,2.7,2.5784237841002002,0.6484895431656472,1.9844920013392973,5.0,0.2651746762846896,3.506825644641526,4.0,0.6451983490731943,-0.01678182590434113,353537.26271928754,2.1590471214331117,0.35488533625280594,1.7734599286149189,inf,0.1320001653011179,2.688521907857038,1.0,0.5284274232357609,-0.03357698252502894,0.5620044057607898,407590.14155974006
dca_tactical_overlay,387,-0.034302722327613555,0.8,38,5,34,40,20.0,100_60_20,7,4.5,2.6,2.5966956818075584,0.6540375265137286,1.9937369830064018,5.0,0.2642237812392625,3.5448860924583414,4.0,0.6507120956826933,-0.011268079294842137,354312.272898945,2.192687741737621,0.3544247342334321,1.779623335109266,inf,0.12791773732507394,2.770723917143265,1.0,0.5277016834331762,-0.034302722327613555,0.5620044057607898,407821.0938809201
dca_tactical_overlay,388,-0.05380126408799435,0.8,10,5,43,39,35.0,100_60_20,7,4.0,2.5,2.5793761184665946,0.6420974518978657,1.9730657335863582,5.0,0.2677006962194405,3.5182756713794623,4.0,0.6388451699503657,-0.023135005027169753,352233.82300936,2.1449195598039785,0.34202628680296976,1.744419111244238,inf,0.12783262945858198,2.6755789054138712,1.0,0.5082031416727955,-0.05380126408799435,0.5620044057607898,403691.99892800004
dca_tactical_overlay,389,-0.032462375688427025,0.8,34,5,58,38,15.0,100_60_20,7,4.300000000000001,2.7,2.5938941822602186,0.6538415041525565,1.9940167619324127,5.0,0.2664542990519785,3.5379239014176442,4.0,0.6505182407054111,-0.011461934272124275,354284.6491698426,2.1619905682940814,0.3555926177968012,1.7767290776406108,inf,0.13199319752469996,2.694022301643681,1.0,0.5295420300723628,-0.032462375688427025,0.5620044057607898,407731.95856823
dca_tactical_overlay,390,-0.04894070754867519,0.8,37,5,52,37,45.0,100_50_0,8,3.3000000000000003,3.8000000000000003,2.5981288080778473,0.6462959033145776,2.002279647300327,5.0,0.26103813553599153,3.551060197702832,4.0,0.643016187365034,-0.018963987612501454,353294.7872416901,2.148429319712528,0.3451211857744545,1.7517761278513815,inf,0.1288327177622326,2.678831835336994,1.0,0.5130636982121146,-0.04894070754867519,0.5620044057607898,404718.30985877005
dca_tactical_overlay,391,-0.05554439886091411,0.7,35,4,54,39,20.0,100_60_20,7,4.2,2.6,2.631379839145941,0.6344200942244773,1.9770125506810459,5.0,0.2595661003077303,3.6525516451280726,4.0,0.6312129714541355,-0.030767203523399955,350916.96262326755,2.1669831299764235,0.3409156773807507,1.7491381512041289,inf,0.12487940020578492,2.729959279264364,1.0,0.5064600068998757,-0.05554439886091411,0.5620044057607898,403346.37530779006
dca_tactical_overlay,392,-0.029048174196004695,0.8,33,5,60,40,20.0,100_60_20,8,4.4,2.1,2.613864764873204,0.659562376701871,2.005728307399313,5.0,0.25939343042499075,3.579176529712006,4.0,0.6562044903588411,-0.005775684618694266,355242.5042302951,2.2034835570097733,0.3577582126606389,1.7914458962114985,inf,0.12821498102485474,2.790299618663803,1.0,0.5329562315647851,-0.029048174196004695,0.5620044057607898,408782.26012452005
dca_tactical_overlay,393,-0.03239213269483554,0.8,36,5,49,38,20.0,100_60_20,10,4.1,2.4000000000000004,2.6054298956094817,0.6571390742890115,1.9994988858728868,5.0,0.26109001353074546,3.5622393254480436,4.0,0.6537953518928223,-0.008184823084713022,354885.5451939425,2.197715032949809,0.3556371860729026,1.785071804242838,inf,0.12791944859487747,2.780165095920716,1.0,0.5296122730659543,-0.03239213269483554,0.5620044057607898,408479.87722716003
dca_tactical_overlay,394,-0.027035528844673307,0.8,35,5,53,39,20.0,100_60_20,9,4.5,2.2,2.605054063910102,0.6571233373390315,1.9995793963780433,5.0,0.26109001353074546,3.5612813174506655,4.0,0.6537797750307689,-0.008200399946766468,354888.96533982,2.2114460867773293,0.3590341720721315,1.797607280069241,inf,0.12791792079374698,2.806754283092461,1.0,0.5349688769161165,-0.027035528844673307,0.5620044057607898,409232.22076034005
dca_tactical_overlay,395,-0.027035528844673307,0.8,34,5,51,38,20.0,100_60_20,7,4.6,2.5,2.5914515098848576,0.6533382990575128,1.990726440822779,5.0,0.2651746762846896,3.533428037018778,4.0,0.6500168664018025,-0.011963308575732856,354252.2756005651,2.2114460867773293,0.3590341720721315,1.797607280069241,inf,0.12791792079374698,2.806754283092461,1.0,0.5349688769161165,-0.027035528844673307,0.5620044057607898,409232.22076034005
dca_tactical_overlay,396,-0.04404029986561819,0.8,36,5,50,40,20.0,100_25_0,7,4.2,2.6,2.6989365787435307,0.6619993473894901,2.034110951504225,5.0,0.2583071675487544,3.7793878073895297,4.0,0.658629610819403,-0.0033505641581323964,355328.98099806753,2.202404221949224,0.3482386015248675,1.7798826165818937,inf,0.12435115071648362,2.80044534785882,1.0,0.5179641058951716,-0.04404029986561819,0.5620044057607898,405961.09351741005
dca_tactical_overlay,397,-0.050288153964249016,0.8,35,5,52,39,20.0,100_60_20,7,1.9,2.7,2.5665442860456236,0.6421027669935164,1.963718889855915,5.0,0.2664461589165944,3.4896988589457285,4.0,0.638843730879946,-0.023136444097589415,352191.17187718756,2.118177320216447,0.34426349934902145,1.7408706261014708,inf,0.1319999852556265,2.6080571045696175,1.0,0.5117162517965408,-0.050288153964249016,0.5620044057607898,405182.44281483005
dca_tactical_overlay,398,-0.03442884293833015,0.8,37,5,51,39,15.0,100_60_20,23,4.4,2.8000000000000003,2.5996967944796254,0.6553099728361129,1.9970525456154218,5.0,0.259875792547129,3.5501929765043663,4.0,0.6519774496609649,-0.010002725316570427,354713.61611753504,2.156810016459239,0.3543446834928081,1.7707084759170488,inf,0.1319992716975591,2.6844442316673827,1.0,0.5275755628224597,-0.03442884293833015,0.5620044057607898,407380.76078694
dca_tactical_overlay,399,-0.02756483527406739,0.8,36,5,53,38,20.0,100_60_20,8,4.300000000000001,2.1,2.589596382085835,0.6509744184430983,1.9890646724185965,5.0,0.25938964351709237,3.5311826277001197,4.0,0.6476676395213145,-0.01431253545622091,353913.62176250503,2.20743135639021,0.3586986530676062,1.7960593308582995,inf,0.1282166522732192,2.7975980241883764,1.0,0.5344395704867224,-0.02756483527406739,0.5620044057607898,409096.99864445004
dca_tactical_overlay,400,-0.028528075956492316,0.8,34,5,58,40,20.0,100_60_20,7,4.300000000000001,2.3,2.613864764873204,0.659562376701871,2.005728307399313,5.0,0.25939343042499075,3.579176529712006,4.0,0.6562044903588411,-0.005775684618694266,355242.5042302951,2.207452441471046,0.3580879856011987,1.7929741519518363,inf,0.1279180869077341,2.7993538228841994,1.0,0.5334763298042975,-0.028528075956492316,0.5620044057607898,408915.13735846005
dca_tactical_overlay,401,-0.027035528844673307,0.8,35,5,52,37,20.0,100_60_20,8,4.1,2.6,2.592010525594805,0.6533250275864741,1.9927101653890753,5.0,0.26517896096523175,3.534091616146673,4.0,0.650003663082338,-0.011976511895197328,354244.8833530301,2.2114460867773293,0.3590341720721315,1.797607280069241,inf,0.12791792079374698,2.806754283092461,1.0,0.5349688769161165,-0.027035528844673307,0.5620044057607898,409232.22076034005
dca_tactical_overlay,402,-0.03138833521732565,0.75,37,5,55,39,20.0,100_60_20,7,4.4,2.5,2.608305215028393,0.6500490716686185,1.9991981617225374,5.0,0.2628739314830708,3.5748468606821446,4.0,0.6467494966118442,-0.015230678365691142,353618.64808097255,2.2198436940797204,0.35627401915678014,1.7975997273581847,inf,0.12588211984139785,2.8302194116659223,1.0,0.5306160705434642,-0.03138833521732565,0.5620044057607898,408577.39042193
dca_tactical_overlay,403,-0.035628262916670206,0.8,36,5,50,38,20.0,100_60_20,9,4.5,2.7,2.592292037951091,0.6536618615904758,1.9916040629064293,5.0,0.2651746762846896,3.5349580141360146,4.0,0.6503386804037865,-0.0116414945737488,354307.5603937725,2.1544018489039893,0.3535832988518759,1.7716826064846893,inf,0.13199617087844662,2.678739061131445,1.0,0.5263761428441196,-0.035628262916670206,0.5620044057607898,407243.50183174
dca_tactical_overlay,404,-0.027035528844673307,0.8,35,5,51,37,20.0,100_60_20,8,4.2,2.4000000000000004,2.604695397477037,0.6566093898241823,1.999956814840723,5.0,0.26109001353074546,3.5606279438499864,4.0,0.6532683724385141,-0.008711802539021263,354782.91510154505,2.2114460867773293,0.3590341720721315,1.797607280069241,inf,0.12791792079374698,2.806754283092461,1.0,0.5349688769161165,-0.027035528844673307,0.5620044057607898,409232.22076034005
dca_tactical_overlay,405,-0.03288590687794679,0.8,34,5,53,40,50.0,100_60_20,7,4.300000000000001,2.6,2.577408408518731,0.6485934731328955,1.9878241757548047,5.0,0.2663456305644597,3.5029604967294836,4.0,0.6452990633489113,-0.016681111628624012,353622.0367599725,2.1980901853928487,0.3553238803798018,1.7896931142097754,inf,0.12783043544126338,2.779650082183042,1.0,0.529118498882843,-0.03288590687794679,0.5620044057607898,407828.23339907004
dca_tactical_overlay,406,-0.03442884293833015,0.8,33,5,54,39,15.0,100_60_20,11,4.6,2.9000000000000004,2.600523776738433,0.6566806018120287,1.9970274620824122,5.0,0.2651762291471771,3.5512440506648413,4.0,0.6533393429548239,-0.008640832022711487,354829.4326398651,2.156810016459239,0.3543446834928081,1.7707084759170488,inf,0.1319992716975591,2.6844442316673827,1.0,0.5275755628224597,-0.03442884293833015,0.5620044057607898,407380.76078694
dca_tactical_overlay,407,-0.037630796216569395,0.8,36,5,59,38,20.0,100_60_20,16,4.2,2.8000000000000003,2.5928116545635302,0.6524889358044953,1.9930160982794305,5.0,0.25961156536914165,3.536605272569214,4.0,0.6491736113078449,-0.012806563669690463,354180.4383787275,2.149043731508351,0.35231172375632336,1.764340871202469,inf,0.13198985587968592,2.669233339245932,1.0,0.5243736095442204,-0.037630796216569395,0.5620044057607898,406996.42550732003
dca_tactical_overlay,408,-0.050734148031372106,0.8,35,5,23,39,20.0,100_60_20,7,4.4,2.7,2.5528090611485528,0.6342477560176736,1.9543051303524197,5.0,0.2689656719001653,3.46476939044281,4.0,0.6310400171278445,-0.030940157849690897,351194.7343139025,2.117265187830319,0.3439795641170367,1.741090481797298,inf,0.1319978723014612,2.605947793851135,1.0,0.5112702577294177,-0.050734148031372106,0.5620044057607898,404003.6625483701
dca_tactical_overlay,409,-0.027035528844673307,0.8,37,5,52,37,20.0,100_60_20,8,4.5,2.5,2.580012442997941,0.6488345997104175,1.9867051245839786,5.0,0.26517896096523175,3.5097091238021405,4.0,0.6455412234515805,-0.016438951525954815,353590.78666732507,2.2114460867773293,0.3590341720721315,1.797607280069241,inf,0.12791792079374698,2.806754283092461,1.0,0.5349688769161165,-0.027035528844673307,0.5620044057607898,409232.22076034005
dca_tactical_overlay,410,-0.03436169660959054,0.8,35,5,50,28,20.0,100_60_20,10,4.300000000000001,2.3,2.566597124439549,0.6442307550906454,1.9755166250581593,5.0,0.26950752078663687,3.483813506345097,4.0,0.6409609462241104,-0.021019228753425045,352890.8791953451,2.1934810205690587,0.3543873025603057,1.780913185701357,inf,0.1278335009864482,2.772256879656881,1.0,0.5276427091511993,-0.03436169660959054,0.5620044057607898,407848.7269576901
dca_tactical_overlay,411,-0.03114984763088824,0.8,36,5,57,38,20.0,100_50_0,7,4.2,2.6,2.61179193195093,0.6512213850250417,2.0010885373732865,5.0,0.26226071491071135,3.581977298380544,4.0,0.6479147248546469,-0.014065450122888568,353823.5838629451,2.2109358350632196,0.356425303929778,1.7952276110858263,inf,0.12690027087822753,2.8087040434436963,1.0,0.5308545581299016,-0.03114984763088824,0.5620044057607898,408457.73859269003
dca_tactical_overlay,412,-0.028528075956492316,0.8,34,5,51,40,20.0,100_60_20,8,4.1,2.2,2.610096412738922,0.6585378883641857,2.002319152518741,5.0,0.2600656692175487,3.5718010619999068,4.0,0.6551855488606464,-0.006794626116888969,355088.5065632601,2.207452441471046,0.3580879856011987,1.7929741519518363,inf,0.1279180869077341,2.7993538228841994,1.0,0.5334763298042975,-0.028528075956492316,0.5620044057607898,408915.13735846005
dca_tactical_overlay,413,-0.04104020724203883,0.7,35,5,49,39,20.0,100_60_20,7,4.4,2.5,2.657787120529515,0.6582130517153826,2.0208187435956653,5.0,0.26053661978013676,3.684333309882956,4.0,0.6548639219166044,-0.007116253060930944,354718.89537473756,2.2145826084393776,0.35014571247016235,1.7845197179239822,inf,0.12383803720502518,2.827448822452379,1.0,0.520964198518751,-0.04104020724203883,0.5620044057607898,407177.03504978
dca_tactical_overlay,414,-0.027412792321800605,0.8,38,5,54,38,15.0,100_60_20,7,4.0,2.6,2.5617437627170894,0.6420868083853344,1.9736060776612079,5.0,0.2651746762846896,3.4740004298885383,4.0,0.638833349331795,-0.023146825645740332,352448.88348052255,2.2104791123891387,0.3587950340644863,1.7966909315124422,inf,0.1279174855336127,2.8048943627038874,1.0,0.5345916134389892,-0.027412792321800605,0.5620044057607898,409186.91726608
dca_tactical_overlay,415,-0.05699196102994719,0.8,14,2,52,39,20.0,100_60_20,8,4.300000000000001,2.7,2.6416178507357206,0.6469671307729622,2.0088040285456037,5.0,0.25595364366526574,3.656832545081831,4.0,0.6436881976430906,-0.018291977334444764,352470.66330414254,2.1510127283201093,0.3399931096462332,1.75164102958669,inf,0.1263953496203154,2.689917870139634,1.0,0.5050124447308426,-0.05699196102994719,0.5620044057607898,403276.70407279005
dca_tactical_overlay,416,-0.02756483527406739,0.8,36,5,53,39,20.0,100_60_20,9,4.4,2.1,2.588651952760129,0.6506891496124004,1.9886412472562796,5.0,0.25938964351709237,3.529193847826447,4.0,0.6473841411638234,-0.014596033813711995,353869.01945905003,2.20743135639021,0.3586986530676062,1.7960593308582995,inf,0.1282166522732192,2.7975980241883764,1.0,0.5344395704867224,-0.02756483527406739,0.5620044057607898,409096.99864445004
dca_tactical_overlay,417,-0.03436169660959054,0.8,37,5,58,29,20.0,100_60_20,7,4.2,2.4000000000000004,2.553537002969703,0.6390126899430533,1.9707095885430894,5.0,0.26517941509365817,3.4568710490682375,4.0,0.6357762457008751,-0.02620392927666021,352110.0642755375,2.1934810205690587,0.3543873025603057,1.780913185701357,inf,0.1278335009864482,2.772256879656881,1.0,0.5276427091511993,-0.03436169660959054,0.5620044057607898,407848.7269576901
dca_tactical_overlay,418,-0.03871713928952736,0.8,36,4,60,40,20.0,100_60_20,7,4.300000000000001,2.0,2.566639005363508,0.635689655406506,1.9579039978154502,5.0,0.25995806820224066,3.4969153825837807,4.0,0.6324733907413043,-0.029506784236231043,351311.7431118301,2.178661098515038,0.35162171557118294,1.7683680808868356,inf,0.12821757472866424,2.7423831429918213,1.0,0.5232872664712624,-0.03871713928952736,0.5620044057607898,406595.9166871701
dca_tactical_overlay,419,-0.04125041343044322,0.8,34,5,51,38,20.0,100_25_0,8,4.5,2.5,2.686032335926603,0.6580214741676945,2.024717812609283,5.0,0.25829547993353175,3.7536272234948225,4.0,0.6546749730149646,-0.007305201962570729,354702.2815490751,2.210043597631293,0.35001212259281544,1.7887573323433288,inf,0.12435450894816846,2.8146315365106878,1.0,0.5207539923303466,-0.04125041343044322,0.5620044057607898,406553.53340258007
dca_tactical_overlay,420,-0.03700435480735287,0.8,35,5,52,25,20.0,100_60_20,10,4.2,2.7,2.570252112089437,0.6449659623916283,1.9792219013730374,5.0,0.2623447143268278,3.4910107191393913,4.0,0.6416936424715269,-0.02028653250600848,352765.16868148756,2.1657684042597927,0.35270955453440167,1.77335400689556,inf,0.1302804668177513,2.7073095694982836,1.0,0.5250000509534369,-0.03700435480735287,0.5620044057607898,407240.77784536
dca_tactical_overlay,421,-0.04345566819209434,0.8,35,5,59,36,15.0,100_60_20,11,4.1,2.6,2.586711509028814,0.6497167890236443,1.9877396771579967,5.0,0.259485026856875,3.5254086966872533,4.0,0.6464173847323751,-0.015562790245160274,353703.25581927755,2.1346912440983825,0.348610326479184,1.7522945577886486,inf,0.1319905500573869,2.6411764048836455,1.0,0.5185487375686955,-0.04345566819209434,0.5620044057607898,406133.02544175
dca_tactical_overlay,422,-0.028462090269048,0.8,36,5,53,39,20.0,100_60_20,29,4.6,2.2,2.6065163521789048,0.6553166794944838,1.9994174316919961,5.0,0.2592053535685712,3.566350098618623,4.0,0.6519837957651318,-0.00999637921240365,354642.9095776025,2.207655203757385,0.35812982214494693,1.793554869227317,inf,0.12792152908604004,2.7996055449280064,1.0,0.5335423154917418,-0.028462090269048,0.5620044057607898,409061.61334806005
dca_tactical_overlay,423,-0.027035528844673307,0.8,32,5,55,37,20.0,100_60_20,7,4.4,2.4000000000000004,2.5939930826977746,0.6541102208694376,1.9936497902838994,5.0,0.26517896096523175,3.5381079371813873,4.0,0.6507841260650078,-0.011196048912527512,354380.2508956726,2.2114460867773293,0.3590341720721315,1.797607280069241,inf,0.12791792079374698,2.806754283092461,1.0,0.5349688769161165,-0.027035528844673307,0.5620044057607898,409232.22076034005
dca_tactical_overlay,424,-0.028528075956492316,0.8,37,5,50,40,20.0,100_60_20,8,4.300000000000001,2.6,2.5827983017121943,0.650097886140695,1.9860152402231281,5.0,0.26518834625935694,3.5159869714608805,4.0,0.646796673639872,-0.015183501337663274,353789.6732889175,2.207452441471046,0.3580879856011987,1.7929741519518363,inf,0.1279180869077341,2.7993538228841994,1.0,0.5334763298042975,-0.028528075956492316,0.5620044057607898,408915.13735846005
dca_tactical_overlay,425,-0.03357698252502894,0.8,34,5,51,39,20.0,100_60_20,7,4.300000000000001,2.8000000000000003,2.5877816150477106,0.6523261206627586,1.9888676714220863,5.0,0.2664542990519785,3.5257079430920015,4.0,0.6490108046279892,-0.01296937034954615,354088.69438862754,2.1590471214331117,0.35488533625280594,1.7734599286149189,inf,0.1320001653011179,2.688521907857038,1.0,0.5284274232357609,-0.03357698252502894,0.5620044057607898,407590.14155974006
dca_tactical_overlay,426,-0.027035528844673307,0.8,35,5,52,38,20.0,100_60_20,9,4.4,2.5,2.6044967320756856,0.6567062445124368,1.998544494260017,5.0,0.26109001353074546,3.560588391165848,4.0,0.6533647006561014,-0.008615474321433891,354799.7927386275,2.2114460867773293,0.3590341720721315,1.797607280069241,inf,0.12791792079374698,2.806754283092461,1.0,0.5349688769161165,-0.027035528844673307,0.5620044057607898,409232.22076034005
dca_tactical_overlay,427,-0.04213567956794528,0.75,36,5,48,38,20.0,100_60_20,7,4.1,2.7,2.6240832186965086,0.6562101081577971,2.006065122173045,5.0,0.26446271407312016,3.6071054413887285,4.0,0.6528726968125453,-0.00910747816499008,354566.55107796006,2.1471679436048925,0.3494494621923283,1.7621972363357563,inf,0.13098271908704473,2.667905084182145,1.0,0.5198687261928445,-0.04213567956794528,0.5620044057607898,406131.69977625
dca_tactical_overlay,428,-0.028528075956492316,0.8,35,5,57,40,20.0,100_60_20,7,4.2,2.6,2.601617400210242,0.6565067228997441,1.9987663491163534,5.0,0.26518834625935694,3.5534559836722392,4.0,0.6531672729169783,-0.00881290206055707,354748.19336841255,2.207452441471046,0.3580879856011987,1.7929741519518363,inf,0.1279180869077341,2.7993538228841994,1.0,0.5334763298042975,-0.028528075956492316,0.5620044057607898,408915.13735846005
dca_tactical_overlay,429,-0.04570846572762721,0.8,38,5,27,39,20.0,100_60_20,20,3.9000000000000004,2.3,2.5551893118886597,0.6344643266999694,1.9533801577524765,5.0,0.2675519105480135,3.4709048246154057,4.0,0.6312551053738581,-0.03072506960367727,351236.4467419925,2.1634953847414473,0.34717771194919544,1.7535258552504869,inf,0.12792083010456523,2.714004526591994,1.0,0.5162959400331626,-0.04570846572762721,0.5620044057607898,405669.0496715901
dca_tactical_overlay,430,-0.027717023281591313,0.8,36,5,60,38,15.0,100_60_20,8,4.5,2.0,2.5863055857450177,0.6490791522642296,1.9873864602984792,5.0,0.25938964351709237,3.525003315930923,4.0,0.6457847737278406,-0.01619540124969482,353465.91766625247,2.20697225711404,0.358602177402255,1.7954628880848709,inf,0.12822056533722204,2.796760226872544,1.0,0.5342873824791985,-0.027717023281591313,0.5620044057607898,409039.7474380301
dca_tactical_overlay,431,-0.028447152092152983,0.8,34,5,53,37,20.0,100_60_20,7,4.300000000000001,2.1,2.6043337733079035,0.65652389188424,1.9993651195255522,5.0,0.2612712264671627,3.5600097771455697,4.0,0.6531833364174799,-0.00879683856005542,354773.0398072926,2.205151086588792,0.3581392932443759,1.7937492322806827,inf,0.12821534470374885,2.793263895767574,1.0,0.5335572536686368,-0.028447152092152983,0.5620044057607898,408885.5887708901
dca_tactical_overlay,432,-0.027035528844673307,0.8,33,5,50,39,20.0,100_60_20,8,4.5,2.5,2.5843171015665067,0.6508581747856492,1.9833948325653552,5.0,0.2651746762846896,3.520197754124506,4.0,0.647551575725247,-0.014428599252288399,353867.78446833254,2.2114460867773293,0.3590341720721315,1.797607280069241,inf,0.12791792079374698,2.806754283092461,1.0,0.5349688769161165,-0.027035528844673307,0.5620044057607898,409232.22076034005
dca_tactical_overlay,433,-0.03210496858420786,0.8,37,5,58,38,20.0,100_60_20,7,4.4,2.7,2.568091105006345,0.6441936670440231,1.980623397920119,5.0,0.2664542990519785,3.4856599872294893,4.0,0.6409288451548016,-0.021051329822733722,352769.401317755,2.1628643862011905,0.3558193819612334,1.7776214729446944,inf,0.13199666601252358,2.6956694643141517,1.0,0.5298994371765819,-0.03210496858420786,0.5620044057607898,407771.34185663005
dca_tactical_overlay,434,-0.041301367065598615,0.8,35,5,54,40,20.0,100_50_0,10,4.2,2.6,2.655536404936179,0.6650230783901683,2.0275202607146907,5.0,0.25622583608732385,3.6710959510112224,4.0,0.6616338724420627,-0.00034630253547268675,356002.394097405,2.149332398913399,0.34997973983585484,1.7640810696448803,inf,0.13097377189172088,2.6721360680151394,1.0,0.5207030386951912,-0.041301367065598615,0.5620044057607898,406114.96642781
dca_tactical_overlay,435,-0.032311302331443414,0.8,36,5,51,39,20.0,100_60_20,11,4.300000000000001,2.8000000000000003,2.5923159679325343,0.6538473819983981,1.9919942652735634,5.0,0.2651746762846896,3.534732631249294,4.0,0.650523167398558,-0.011457007578977385,354356.04893339006,2.162364956868073,0.3556884711794943,1.7768302117965975,inf,0.13198897780904706,2.6948346527395715,1.0,0.5296931034293464,-0.032311302331443414,0.5620044057607898,407743.53615959
dca_tactical_overlay,436,-0.04852058714032892,0.7,35,5,52,15,20.0,100_60_20,9,4.4,2.5,2.706562765448748,0.6568815366388963,2.0396142664578587,5.0,0.25226035533085167,3.8002220201998407,4.0,0.65353527570107,-0.008444899276465412,353867.45496483013,2.2147091143102884,0.3453885595017345,1.7785349593120936,inf,0.12186207263184612,2.8342580430679005,1.0,0.5134838186204609,-0.04852058714032892,0.5620044057607898,405307.90998071
dca_tactical_overlay,437,-0.027412792321800605,0.8,37,5,49,38,15.0,100_60_20,8,4.1,2.4000000000000004,2.589945864040379,0.651261890244347,1.9893111813021649,5.0,0.25938964351709237,3.5317485499048766,4.0,0.6479540633198795,-0.014026111657655826,353955.064450845,2.2104791123891387,0.3587950340644863,1.7966909315124422,inf,0.1279174855336127,2.8048943627038874,1.0,0.5345916134389892,-0.027412792321800605,0.5620044057607898,409186.91726608
dca_tactical_overlay,438,-0.03210496858420786,0.8,36,5,59,37,20.0,100_60_20,7,4.2,2.7,2.5766117621427376,0.6479064419796099,1.9849340979050178,5.0,0.26645715702492156,3.502566319987192,4.0,0.6446184856393938,-0.017361689338141528,353412.95381605,2.1628643862011905,0.3558193819612334,1.7776214729446944,inf,0.13199666601252358,2.6956694643141517,1.0,0.5298994371765819,-0.03210496858420786,0.5620044057607898,407771.34185663005
dca_tactical_overlay,439,-0.04125041343044322,0.8,34,5,51,39,20.0,100_25_0,7,4.5,2.2,2.6991238531988437,0.6612008541475956,2.0321647186398426,5.0,0.25168423361591985,3.781183621464728,4.0,0.6578354348521043,-0.00414474012543109,355227.56346193503,2.210043597631293,0.35001212259281544,1.7887573323433288,inf,0.12435450894816846,2.8146315365106878,1.0,0.5207539923303466,-0.04125041343044322,0.5620044057607898,406553.53340258007
dca_tactical_overlay,440,-0.028528075956492316,0.8,35,5,54,40,20.0,100_60_20,7,4.300000000000001,2.6,2.602662685311704,0.656976881515581,1.999936580458428,5.0,0.26518834625935694,3.5552783783601303,4.0,0.6536348809352498,-0.008345294042285567,354837.45156256505,2.207452441471046,0.3580879856011987,1.7929741519518363,inf,0.1279180869077341,2.7993538228841994,1.0,0.5334763298042975,-0.028528075956492316,0.5620044057607898,408915.13735846005
dca_tactical_overlay,441,-0.03239213269483554,0.8,36,5,52,39,20.0,100_60_20,8,4.0,2.6,2.5896294294740922,0.6529059380629236,1.9895192612077592,5.0,0.2651746762846896,3.5296491555879825,4.0,0.6495870794290408,-0.012393095548494493,354170.048591495,2.197715032949809,0.3556371860729026,1.785071804242838,inf,0.12791944859487747,2.780165095920716,1.0,0.5296122730659543,-0.03239213269483554,0.5620044057607898,408479.87722716003
dca_tactical_overlay,442,-0.02943076843686865,0.8,34,5,50,38,25.0,100_60_20,7,4.4,2.3,2.6164603741146277,0.6603554718242227,2.007719669662016,5.0,0.2612712264671627,3.584325536958206,4.0,0.6569913201495197,-0.004988854828015699,355376.4380745025,2.2053194384017996,0.3575156050689743,1.7925263611878757,inf,0.12792624050273604,2.794701100133775,1.0,0.5325736373239212,-0.02943076843686865,0.5620044057607898,408822.14549102006
dca_tactical_overlay,443,-0.028462090269048,0.8,37,5,53,39,20.0,100_60_20,10,4.300000000000001,2.5,2.591552191451129,0.6519300341052661,1.9921123500963438,5.0,0.25938964351709237,3.5342138120492645,4.0,0.6486182479367166,-0.013361927040818677,354100.9258492525,2.207655203757385,0.35812982214494693,1.793554869227317,inf,0.12792152908604004,2.7996055449280064,1.0,0.5335423154917418,-0.028462090269048,0.5620044057607898,409061.61334806005
dca_tactical_overlay,444,-0.030956913940078046,0.8,35,5,41,38,20.0,100_60_20,8,4.1,2.0,2.5896500845760184,0.6497074199547874,1.9815116417656702,5.0,0.26303637830193316,3.535097913150446,4.0,0.6464070655778549,-0.01557310939968043,353544.6475496851,2.1986658027512727,0.35654768665689107,1.7879353952687773,inf,0.12822439304662991,2.780654118808965,1.0,0.5310474918207118,-0.030956913940078046,0.5620044057607898,408573.7936013901
dca_tactical_overlay,445,-0.03316020294264055,0.8,36,5,58,37,15.0,100_60_20,7,3.8000000000000003,2.6,2.5756356103421534,0.6475433568988944,1.9813911087182963,5.0,0.2651746762846896,3.501726406096229,4.0,0.6442572771389228,-0.017722897838612528,353335.29261283507,2.1956694524578717,0.3551498237905255,1.7827952902003672,inf,0.12792012332959224,2.776340536159938,1.0,0.5288442028181493,-0.03316020294264055,0.5620044057607898,408371.57335293
dca_tactical_overlay,446,-0.03711545248507675,0.8,35,5,53,40,20.0,100_60_20,9,4.6,2.7,2.5992783330230536,0.656047150447916,1.9971544461694348,5.0,0.26518834625935694,3.548556835939725,4.0,0.6527101912991846,-0.009269983678350802,354695.1938415326,2.150540754154923,0.3526390037166658,1.7670349577272668,inf,0.13199182144201704,2.671673137502518,1.0,0.524888953275713,-0.03711545248507675,0.5620044057607898,406928.00488634006
dca_tactical_overlay,447,-0.037348167194591,0.75,33,5,51,27,20.0,100_60_20,7,4.2,2.5,2.5720557535427613,0.6383638748146536,1.9717999353681153,5.0,0.264580423918264,3.5032452816238235,4.0,0.6351289312283758,-0.026851243749159592,351803.50858314504,2.205214986653469,0.35249121719912146,1.7826768851364645,inf,0.1257718063095803,2.802625067906586,1.0,0.5246562385661988,-0.037348167194591,0.5620044057607898,407332.4711164001
dca_tactical_overlay,448,-0.030718643473437002,0.8,35,5,39,39,25.0,100_60_20,8,4.5,2.4000000000000004,2.5706580610581202,0.6427977095906001,1.9675587569718624,5.0,0.2620957717297079,3.4980222922386432,4.0,0.6395380619651744,-0.022442113012360987,352587.57487237756,2.2019341772611005,0.35669882160298605,1.7889424901756987,inf,0.12792642588720127,2.7883122594037304,1.0,0.5312857622873528,-0.030718643473437002,0.5620044057607898,408711.00739525
dca_tactical_overlay,449,-0.03357698252502894,0.8,36,5,55,38,20.0,100_60_20,7,4.4,2.8000000000000003,2.5766471191594666,0.6480472662737119,1.9834737770764082,5.0,0.2664542990519785,3.5030968816421817,4.0,0.6447586418414346,-0.01722153313610081,353462.5982827026,2.1590471214331117,0.35488533625280594,1.7734599286149189,inf,0.1320001653011179,2.688521907857038,1.0,0.5284274232357609,-0.03357698252502894,0.5620044057607898,407590.14155974006
dca_tactical_overlay,450,-0.03360737425394289,0.8,34,5,60,40,20.0,100_60_20,7,4.300000000000001,2.7,2.5999504084777034,0.6562523335504976,1.9985050408153455,5.0,0.26646142245649274,3.54957684302562,4.0,0.6529146593280752,-0.009065515649460176,354718.7552169225,2.1589561026587556,0.35486604891744133,1.7729464086548803,inf,0.13199386206890462,2.6885041725060743,1.0,0.5283970315068469,-0.03360737425394289,0.5620044057607898,407453.72305875004
dca_tactical_overlay,451,-0.029203781416335062,0.8,37,5,52,39,15.0,100_60_20,8,4.2,2.2,2.6000303819712176,0.654795317727453,1.9974223071150474,5.0,0.25939071643506784,3.551273356410602,4.0,0.6514664729198215,-0.010513702057713847,354571.6467894126,2.2057261681946154,0.3576595423336335,1.7913650229781963,inf,0.1279171607172339,2.7960247110569822,1.0,0.5328006243444547,-0.029203781416335062,0.5620044057607898,408861.4186550401
dca_tactical_overlay,452,-0.04908585503176144,0.8,38,5,46,36,20.0,100_60_20,10,1.5,2.6,2.622862088814794,0.6480930258948816,1.9882377474903121,5.0,0.25940269950985373,3.6168140892657403,4.0,0.6448020330372851,-0.017178141940250247,353310.82087043254,2.1218804991168523,0.3450288058705866,1.7478625023286052,inf,0.13199215878963144,2.61400987024155,1.0,0.5129185507290284,-0.04908585503176144,0.5620044057607898,405333.91761517
dca_tactical_overlay,453,-0.03066237131837246,0.8,36,5,49,38,20.0,100_60_20,8,4.4,2.5,2.5927543867866247,0.6538562488093039,1.9922698659520215,5.0,0.2651746762846896,3.535718644204993,4.0,0.6505321694771689,-0.011448005500366454,354347.79134575755,2.2021126345544744,0.3567345140531115,1.7891663422131636,inf,0.12792407361017155,2.7886425438592872,1.0,0.5313420344424173,-0.03066237131837246,0.5620044057607898,408718.29975141
dca_tactical_overlay,454,-0.032311302331443414,0.8,35,5,51,39,20.0,100_60_20,9,4.300000000000001,2.9000000000000004,2.5918370640354347,0.6536093174053772,1.9917083385050838,5.0,0.2651746762846896,3.533820820836474,4.0,0.6502863894176081,-0.011693785559927283,354310.63943443506,2.162364956868073,0.3556884711794943,1.7768302117965975,inf,0.13198897780904706,2.6948346527395715,1.0,0.5296931034293464,-0.032311302331443414,0.5620044057607898,407743.53615959
dca_tactical_overlay,455,-0.028528075956492316,0.8,34,5,57,40,20.0,100_60_20,7,4.2,2.6,2.6011452508500037,0.6562736427509568,1.9984932002361107,5.0,0.26518834625935694,3.5525525353237573,4.0,0.6529354563264635,-0.00904471865107176,354703.9601876625,2.207452441471046,0.3580879856011987,1.7929741519518363,inf,0.1279180869077341,2.7993538228841994,1.0,0.5334763298042975,-0.028528075956492316,0.5620044057607898,408915.13735846005
dca_tactical_overlay,456,-0.036569424776991655,0.8,36,5,59,37,20.0,100_50_0,7,4.4,2.7,2.609705215719833,0.6504773076974112,2.001572902289174,5.0,0.2633206193611364,3.5771358359917653,4.0,0.6471750193802215,-0.014805155597313935,353699.92199401505,2.1611169931377803,0.35298573590451876,1.7747544923637244,inf,0.13098243062389248,2.6949090364500434,1.0,0.5254349809837981,-0.036569424776991655,0.5620044057607898,406937.29605639004
dca_tactical_overlay,457,-0.02712737943439647,0.8,35,5,54,39,25.0,100_60_20,8,4.5,2.3,2.6150657203607603,0.6599994901527665,2.0080218429629375,5.0,0.25939042042569116,3.5809917151498167,4.0,0.6566387732359327,-0.005341401741602747,355330.99262787006,2.211167297916333,0.35897595178799424,1.7973452680430333,inf,0.1279220920420654,2.8062076382392966,1.0,0.5348770263263933,-0.02712737943439647,0.5620044057607898,409217.47929578007
dca_tactical_overlay,458,-0.04370404165303765,0.7,37,5,52,38,20.0,100_60_20,7,4.0,2.5,2.6423407063199233,0.6523977896497307,2.014378267128931,5.0,0.26053661978013676,3.652484750675002,4.0,0.6490852554839013,-0.012894919493634027,353885.58774149005,2.2075364895889282,0.3484524087455605,1.777983214785938,inf,0.12383706733797284,2.8137973244680725,1.0,0.5183003641077522,-0.04370404165303765,0.5620044057607898,406802.74063366005
dca_tactical_overlay,459,-0.03528520610309993,0.8,36,5,53,40,20.0,100_60_20,15,4.1,2.4000000000000004,2.5765043961228686,0.6478934730910033,1.9830592894592707,5.0,0.26820957186070593,3.503010723387437,4.0,0.6446053622855641,-0.017374812691971275,353394.17454741255,2.190010764820309,0.3538010866182111,1.7763684371330914,inf,0.12791954247278314,2.765809506342533,1.0,0.5267191996576899,-0.03528520610309993,0.5620044057607898,407995.89181724004
dca_tactical_overlay,460,-0.027035528844673307,0.8,34,5,50,39,20.0,100_60_20,7,4.6,2.6,2.5922844484002514,0.653652801643882,1.9913353908264264,5.0,0.2651746762846896,3.5350465990944264,4.0,0.6503295730749421,-0.011650601902593205,354304.8442802525,2.2114460867773293,0.3590341720721315,1.797607280069241,inf,0.12791792079374698,2.806754283092461,1.0,0.5349688769161165,-0.027035528844673307,0.5620044057607898,409232.22076034005
dca_tactical_overlay,461,-0.04404824337201019,0.8,35,5,50,38,20.0,100_25_0,25,4.300000000000001,2.1,2.71545126271526,0.6651337090901706,2.0419786131920077,5.0,0.24752365400640852,3.815378241760309,4.0,0.6617444971205473,-0.0002356778569880258,355871.5810357651,2.202780108397758,0.34823355054422045,1.7816571795140257,inf,0.1243369701330902,2.8007241142475285,1.0,0.5179561623887796,-0.04404824337201019,0.5620044057607898,406174.11439629004
dca_tactical_overlay,462,-0.0329295011292301,0.8,37,5,51,37,15.0,100_60_20,7,4.2,2.7,2.571994126609475,0.6465583643033419,1.9791562518510157,5.0,0.2664542990519785,3.4941980820358545,4.0,0.6432780065456623,-0.018702168431873112,353225.08137246757,2.160710584383502,0.3552962179192596,1.7752448089035868,inf,0.13199971019897727,2.691643923942588,1.0,0.5290749046315597,-0.0329295011292301,0.5620044057607898,407650.9259468301
dca_tactical_overlay,463,-0.035753109078528134,0.8,36,5,55,39,25.0,100_60_20,10,4.4,2.6,2.5977458775126214,0.6537129210949728,1.9973976405621015,5.0,0.25939042042569116,3.5463816534023365,4.0,0.6503900334613053,-0.011590141516230001,354374.0949839501,2.154069448308789,0.35350403748886583,1.7713277852662497,inf,0.13199748285068635,2.6781119598223286,1.0,0.5262512966822617,-0.035753109078528134,0.5620044057607898,407221.0162132201
dca_tactical_overlay,464,-0.03528520610309993,0.8,34,5,52,40,20.0,100_60_20,21,4.300000000000001,2.4000000000000004,2.5919757856068513,0.6540025531666096,1.9927100468952266,5.0,0.26820957186070593,3.533497625071253,4.0,0.6506773540849766,-0.011302820892558796,354361.6531779651,2.190010764820309,0.3538010866182111,1.7763684371330914,inf,0.12791954247278314,2.765809506342533,1.0,0.5267191996576899,-0.03528520610309993,0.5620044057607898,407995.89181724004
dca_tactical_overlay,465,-0.027035528844673307,0.8,35,5,53,39,20.0,100_60_20,8,4.300000000000001,2.2,2.605054063910102,0.6571233373390315,1.9995793963780433,5.0,0.26109001353074546,3.5612813174506655,4.0,0.6537797750307689,-0.008200399946766468,354888.96533982,2.2114460867773293,0.3590341720721315,1.797607280069241,inf,0.12791792079374698,2.806754283092461,1.0,0.5349688769161165,-0.027035528844673307,0.5620044057607898,409232.22076034005
dca_tactical_overlay,466,-0.028462090269048,0.8,38,5,59,38,20.0,100_60_20,11,4.5,2.5,2.5823364661009016,0.6476684751779515,1.9883203548288109,5.0,0.25938964351709237,3.5157861998241717,4.0,0.6443825540907443,-0.017597620886791066,353325.3236614751,2.207655203757385,0.35812982214494693,1.793554869227317,inf,0.12792152908604004,2.7996055449280064,1.0,0.5335423154917418,-0.028462090269048,0.5620044057607898,409061.61334806005
dca_tactical_overlay,467,-0.04086389305337135,0.8,36,4,51,37,20.0,100_60_20,9,4.2,2.1,2.5756016460242677,0.6400135356277284,1.967516176249915,5.0,0.26116989259303924,3.5124809693343777,4.0,0.636771422252373,-0.025208752725162265,352122.0684668351,2.173398649361848,0.35025775931705083,1.7646823727212655,inf,0.12821370213182637,2.731827827238963,1.0,0.5211405127074185,-0.04086389305337135,0.5620044057607898,406034.92183728004
dca_tactical_overlay,468,-0.03950227252830052,0.75,33,5,54,38,20.0,100_60_20,7,4.4,2.8000000000000003,2.6218519334764516,0.655322379714241,2.0052000836791044,5.0,0.26446271407312016,3.602516208597279,4.0,0.6519897904057973,-0.009990384571738065,354412.83866782254,2.153758803302777,0.3511229386020711,1.7676260752224289,inf,0.130974416529401,2.680851328879571,1.0,0.5225021332324893,-0.03950227252830052,0.5620044057607898,406537.02064471005
dca_tactical_overlay,469,-0.027035528844673307,0.8,35,5,58,39,20.0,100_60_20,8,4.1,2.6,2.575970679839817,0.647408455032914,1.9814183415659967,5.0,0.2651746762846896,3.502654866076,4.0,0.6441230866568872,-0.017857088320648085,353331.7365656351,2.2114460867773293,0.3590341720721315,1.797607280069241,inf,0.12791792079374698,2.806754283092461,1.0,0.5349688769161165,-0.027035528844673307,0.5620044057607898,409232.22076034005
dca_tactical_overlay,470,-0.03357698252502894,0.8,36,5,52,38,20.0,100_60_20,8,4.300000000000001,2.7,2.592292697031913,0.6536617731110224,1.9916095371115865,5.0,0.2651746762846896,3.5349576752511522,4.0,0.6503385924026328,-0.011641582574902554,354307.54538753506,2.1590471214331117,0.35488533625280594,1.7734599286149189,inf,0.1320001653011179,2.688521907857038,1.0,0.5284274232357609,-0.03357698252502894,0.5620044057607898,407590.14155974006
dca_tactical_overlay,471,-0.027982646414532075,0.8,35,5,60,40,15.0,100_60_20,7,4.4,2.5,2.5878906812151947,0.651728814622726,1.990608530210952,5.0,0.2651762291471771,3.5257745627376593,4.0,0.6484183116169651,-0.013561863360570248,354055.5597371376,2.2088689905231913,0.35843378594882846,1.7944698180111256,inf,0.12791955027756152,2.802025063183025,1.0,0.5340217593462577,-0.027982646414532075,0.5620044057607898,409125.02920384007
dca_tactical_overlay,472,-0.027472548631804816,0.8,34,5,50,39,25.0,100_60_20,7,4.2,2.0,2.604434646648527,0.6554828705137292,1.9980739469839284,5.0,0.2612712264671627,3.5615254421983753,4.0,0.6521482111659513,-0.009831963811583966,354467.90845887753,2.2075772443028234,0.3587571544821586,1.796027713615958,inf,0.12822270200081887,2.7979222780679467,1.0,0.534531857128985,-0.027472548631804816,0.5620044057607898,409061.4474127901
dca_tactical_overlay,473,-0.032708917242205926,0.8,35,5,49,38,20.0,100_60_20,10,2.8,2.3,2.609084195836185,0.6576275941040037,2.0015956476887213,5.0,0.25938964351709237,3.5702230616319346,4.0,0.6542812270705558,-0.0076989479069795586,354956.29981853755,2.1969986110076367,0.35543618574926095,1.7848754911684457,inf,0.12791790347111354,2.778627354766846,1.0,0.5292954885185839,-0.032708917242205926,0.5620044057607898,408433.9730110501
dca_tactical_overlay,474,-0.027035528844673307,0.8,37,5,52,39,20.0,100_60_20,7,4.5,2.6,2.578870918530817,0.6486493395257796,1.984889444406061,5.0,0.2651746762846896,3.507674830298818,4.0,0.6453571934297806,-0.016622981547754767,353563.64295583754,2.2114460867773293,0.3590341720721315,1.797607280069241,inf,0.12791792079374698,2.806754283092461,1.0,0.5349688769161165,-0.027035528844673307,0.5620044057607898,409232.22076034005
dca_tactical_overlay,475,-0.03360737425394289,0.8,36,5,53,40,20.0,100_60_20,7,4.300000000000001,2.7,2.5801522066723495,0.6488834505605061,1.9848085970747533,5.0,0.26646142245649274,3.510733252102094,4.0,0.6455894365595116,-0.016390738418023743,353556.21235560754,2.1589561026587556,0.35486604891744133,1.7729464086548803,inf,0.13199386206890462,2.6885041725060743,1.0,0.5283970315068469,-0.03360737425394289,0.5620044057607898,407453.72305875004
dca_tactical_overlay,476,-0.041786258253635244,0.8,31,5,51,39,15.0,100_60_20,17,4.1,2.5,2.5885340969468293,0.6530462035119742,1.987443286438564,5.0,0.26820159992046677,3.527584298703279,4.0,0.6497266129509145,-0.012253562026620812,354257.7063021826,2.138893985655249,0.3496715596742328,1.7563939742637327,inf,0.1319914776284209,2.649198008515515,1.0,0.5202181475071546,-0.041786258253635244,0.5620044057607898,406288.46490911
dca_tactical_overlay,477,-0.027035528844673307,0.8,34,5,56,38,20.0,100_60_20,8,4.4,2.6,2.5951520297860244,0.6543480089123177,1.9940912755927875,5.0,0.2651746762846896,3.540661606408878,4.0,0.6510211159884471,-0.010959058989088222,354403.69864632253,2.2114460867773293,0.3590341720721315,1.797607280069241,inf,0.12791792079374698,2.806754283092461,1.0,0.5349688769161165,-0.027035528844673307,0.5620044057607898,409232.22076034005
dca_tactical_overlay,478,-0.03114984763088824,0.8,35,5,57,37,20.0,100_50_0,8,4.6,2.2,2.64662973228347,0.6618751347756484,2.022163534966448,5.0,0.25622499855220127,3.653194445586649,4.0,0.6585041434646708,-0.00347603151286463,355489.9803995475,2.2109358350632196,0.356425303929778,1.7952276110858263,inf,0.12690027087822753,2.8087040434436963,1.0,0.5308545581299016,-0.03114984763088824,0.5620044057607898,408457.73859269003
dca_tactical_overlay,479,-0.03873461365359243,0.8,36,5,52,40,20.0,100_60_20,7,3.0,2.7,2.595331011972338,0.6545557719477277,1.993582634791637,5.0,0.26646142245649274,3.5411443771164395,4.0,0.6512272901522451,-0.010752884825290188,354422.1998902175,2.1460173652072663,0.35161061530703597,1.7607354003996318,inf,0.13200350852484644,2.663645983628184,1.0,0.5232697921071974,-0.03873461365359243,0.5620044057607898,406729.67470417003
dca_tactical_overlay,480,-0.035716364354266616,0.7,37,5,58,39,20.0,100_60_20,7,4.2,2.4000000000000004,2.6271926239170087,0.645828165619923,2.009410632997711,5.0,0.26053661978013676,3.6213944974395833,4.0,0.6425561436528735,-0.019424031324661806,352724.10996179003,2.2286351611838344,0.3535273658857072,1.7972953765160773,inf,0.12383753154116561,2.8547675449117698,1.0,0.5262880414065232,-0.035716364354266616,0.5620044057607898,407925.92170793004
dca_tactical_overlay,481,-0.03589851674127442,0.8,35,5,54,38,25.0,100_60_20,7,4.300000000000001,2.8000000000000003,2.6044961694081934,0.6574611152132692,2.0028337809414696,5.0,0.26645715702492156,3.558413430460711,4.0,0.6541152453778856,-0.00786492959964974,354908.21579240006,2.153347838962876,0.3534117198776765,1.76852592155963,inf,0.13199607408610203,2.6774411460688095,1.0,0.5261058890195154,-0.03589851674127442,0.5620044057607898,407197.6900087201
dca_tactical_overlay,482,-0.035628262916670206,0.8,36,5,51,39,20.0,100_60_20,11,4.4,2.6,2.6040219489176213,0.6566559180026343,1.9984058131519105,5.0,0.26109001353074546,3.5594910561914306,4.0,0.6533148836548913,-0.008665291322644042,354800.11754609254,2.1544018489039893,0.3535832988518759,1.7716826064846893,inf,0.13199617087844662,2.678739061131445,1.0,0.5263761428441196,-0.035628262916670206,0.5620044057607898,407243.50183174
dca_tactical_overlay,483,-0.06616541123628661,0.8,34,5,59,22,20.0,100_25_0,9,4.5,2.5,2.6379934096962834,0.631667919248891,1.9847573383930877,5.0,0.2597217681320345,3.668241875355271,4.0,0.6284749244318718,-0.033505250545663556,349881.43128754257,2.1240089877698116,0.3341407649924055,1.7294717158883655,inf,0.12676334399905753,2.6359415462792604,1.0,0.4958389945245032,-0.06616541123628661,0.5620044057607898,402048.94709970005
dca_tactical_overlay,484,-0.03066237131837246,0.8,36,5,48,38,20.0,100_60_20,8,4.2,2.6,2.593139350665139,0.6540329748910407,1.9913807798771357,5.0,0.2651746762846896,3.5368821905813808,4.0,0.6507077997056121,-0.011272375271923318,354372.94854416006,2.2021126345544744,0.3567345140531115,1.7891663422131636,inf,0.12792407361017155,2.7886425438592872,1.0,0.5313420344424173,-0.03066237131837246,0.5620044057607898,408718.29975141
dca_tactical_overlay,485,-0.03750297050937568,0.8,38,5,53,37,20.0,100_60_20,7,3.5,2.7,2.558837827566182,0.6414943993862323,1.9738701025425298,5.0,0.26645715702492156,3.467080102990992,4.0,0.638244086089127,-0.02373608888840839,352394.0626635926,2.1493384007712164,0.35239290511214416,1.7649611883096155,inf,0.13199893072329172,2.669664846383207,1.0,0.5245014352514141,-0.03750297050937568,0.5620044057607898,407008.77331453003
dca_tactical_overlay,486,-0.0336966112535344,0.8,35,5,50,40,20.0,100_60_20,7,2.3,2.2,2.594618765317618,0.6506886560592415,1.9811946232689017,5.0,0.25939343042499075,3.546905002852788,4.0,0.6473785697207282,-0.01460160525680726,353586.4570412701,2.1946750567819864,0.3548094163027271,1.7842193686589058,inf,0.12792264235349649,2.773624823369896,1.0,0.5283077945072554,-0.0336966112535344,0.5620044057607898,408187.64965411
dca_tactical_overlay,487,-0.029203781416335062,0.8,33,5,52,39,15.0,100_60_20,8,4.300000000000001,2.5,2.601304209722796,0.6567814994875145,1.9972345280776604,5.0,0.2651762291471771,3.5530419582242434,4.0,0.6534396482169986,-0.008540526760536737,354821.88825956505,2.2057261681946154,0.3576595423336335,1.7913650229781963,inf,0.1279171607172339,2.7960247110569822,1.0,0.5328006243444547,-0.029203781416335062,0.5620044057607898,408861.4186550401
dca_tactical_overlay,488,-0.038240123889527355,0.8,37,5,60,38,20.0,100_60_20,8,4.4,0.8,2.5218762650299684,0.6172373559741394,1.9250696463607535,5.0,0.26122568733889584,3.411133440598792,4.0,0.6141298813926421,-0.04785029358489318,347615.02033380256,2.1871877794666386,0.3519247167446602,1.7800939355214913,inf,0.12755369639819258,2.7590318954460886,1.0,0.5237642818712624,-0.038240123889527355,0.5620044057607898,407269.7321085901
dca_tactical_overlay,489,-0.035628262916670206,0.8,35,5,53,39,20.0,100_60_20,9,4.1,2.6,2.5923727909897902,0.653842642759545,1.9923564906877604,5.0,0.2651746762846896,3.5347423357002183,4.0,0.6505187205238327,-0.011461454453702558,354351.68244640506,2.1544018489039893,0.3535832988518759,1.7716826064846893,inf,0.13199617087844662,2.678739061131445,1.0,0.5263761428441196,-0.035628262916670206,0.5620044057607898,407243.50183174
dca_tactical_overlay,490,-0.048232610240207974,0.75,36,5,51,37,25.0,100_60_20,10,4.0,3.0,2.6284623282053783,0.6573496300992476,2.011849131946589,5.0,0.2628691510350305,3.615031348784127,4.0,0.6540051037764296,-0.007975071201105743,354771.08097524504,2.1317153909701583,0.34557182205836345,1.7468816692808564,inf,0.13097382200393737,2.638480092975944,1.0,0.5137717955205818,-0.048232610240207974,0.5620044057607898,404935.76313803
dca_tactical_overlay,491,-0.027619937159112373,0.8,34,5,50,36,20.0,100_60_20,7,4.2,2.4000000000000004,2.5957551927566525,0.6542817778271173,1.9947023125611028,5.0,0.26517896096523175,3.541990193300066,4.0,0.6509543048479063,-0.011025870129629078,354389.43021489505,2.209879798126251,0.3586637229615537,1.7960244258380864,inf,0.12792224746438052,2.8037634584353457,1.0,0.5343844686016774,-0.027619937159112373,0.5620044057607898,409141.6927007501
dca_tactical_overlay,492,-0.02993655833878006,0.8,37,5,54,40,20.0,100_60_20,7,4.300000000000001,2.1,2.59850175654187,0.6541407972889217,1.9969495180346342,5.0,0.25939343042499075,3.5481189792786063,4.0,0.650815951652016,-0.011164223325519418,354445.7775795051,2.2011701422757843,0.35719485122244343,1.789123809443703,inf,0.1282156757878492,2.7858906411215454,1.0,0.5320678474220097,-0.02993655833878006,0.5620044057607898,408569.2262695301
dca_tactical_overlay,493,-0.03066237131837246,0.8,35,5,47,38,20.0,100_60_20,7,4.6,2.3,2.6039422164292816,0.6565248185013881,1.9965585944882174,5.0,0.2612712264671627,3.5600826334479594,4.0,0.6531842767434038,-0.008795898234131516,354766.56980541,2.2021126345544744,0.3567345140531115,1.7891663422131636,inf,0.12792407361017155,2.7886425438592872,1.0,0.5313420344424173,-0.03066237131837246,0.5620044057607898,408718.29975141
dca_tactical_overlay,494,-0.03357698252502894,0.8,36,5,51,39,20.0,100_60_20,8,4.5,2.7,2.5913406759973094,0.6533752234231478,1.9911829074616276,5.0,0.2651746762846896,3.532952074440984,4.0,0.6500538291479552,-0.011926345829580132,354262.8346526775,2.1590471214331117,0.35488533625280594,1.7734599286149189,inf,0.1320001653011179,2.688521907857038,1.0,0.5284274232357609,-0.03357698252502894,0.5620044057607898,407590.14155974006
dca_tactical_overlay,495,-0.053232467876034084,0.8,35,2,55,39,15.0,100_60_20,14,4.4,2.8000000000000003,2.6063357728024776,0.6359852161274168,1.9673105334941732,5.0,0.2607839717287277,3.5924086391626817,4.0,0.63276711385549,-0.029213061122045303,351360.2872684351,2.1762516173365514,0.34238860695681783,1.7522077972058383,inf,0.1244748507403105,2.750664932879788,1.0,0.5087719378847557,-0.053232467876034084,0.5620044057607898,404445.8623401201
dca_tactical_overlay,496,-0.02996367803523836,0.8,34,5,52,40,20.0,100_60_20,11,4.300000000000001,2.5,2.610096412738922,0.6585378883641857,2.002319152518741,5.0,0.2600656692175487,3.5718010619999068,4.0,0.6551855488606464,-0.006794626116888969,355088.5065632601,2.2036621279517883,0.35717765203226826,1.788869184597684,inf,0.12791835346704006,2.7922314691480143,1.0,0.5320407277255514,-0.02996367803523836,0.5620044057607898,408742.72386993
dca_tactical_overlay,497,-0.027035528844673307,0.8,36,5,59,38,20.0,100_60_20,7,4.1,2.6,2.5791294646788434,0.6487304377809165,1.9849767148832533,5.0,0.2651746762846896,3.508227813285549,4.0,0.6454376207370582,-0.01654255424047707,353548.941066105,2.2114460867773293,0.3590341720721315,1.797607280069241,inf,0.12791792079374698,2.806754283092461,1.0,0.5349688769161165,-0.027035528844673307,0.5620044057607898,409232.22076034005
dca_tactical_overlay,498,-0.030834340998920018,0.8,35,5,53,38,25.0,100_60_20,7,4.4,2.1,2.6165541821391036,0.6605447623461034,2.00874609009181,5.0,0.26109001353074546,3.584033353790119,4.0,0.6571799213781779,-0.004800253599357429,355423.2703141226,2.199084165428475,0.3566254355023464,1.7886798893637859,inf,0.12822020454946248,2.7813513225583244,1.0,0.5311700647618698,-0.030834340998920018,0.5620044057607898,408477.40777826007
dca_tactical_overlay,499,-0.037275928809104686,0.8,37,5,52,39,35.0,100_60_20,9,4.2,2.7,2.5856514586721744,0.6504554001669336,1.9922506123337083,5.0,0.265174440290579,3.520513742651672,4.0,0.6471530722581648,-0.0148271027193706,353822.78227529005,2.1596665691942127,0.35253709319488236,1.7714813398499545,inf,0.1309129958512032,2.6929113561466345,1.0,0.5247284769516851,-0.037275928809104686,0.5620044057607898,406869.86398530006
